datetime,open,high,low,close,volume
2026-04-01 09:30:00,253.8458,255.9439,253.5861,254.5203,1537291.0
2026-04-01 09:35:00,254.5552,255.0847,254.4353,254.8249,621634.0
2026-04-01 09:40:00,254.8149,255.3544,254.4553,255.3065,672305.0
2026-04-01 09:45:00,255.3145,255.5842,254.9348,255.2345,574793.0
2026-04-01 09:50:00,255.2246,255.2246,254.3104,254.3104,359585.0
2026-04-01 09:55:00,254.2854,254.765,254.2554,254.3853,325687.0
2026-04-01 10:00:00,254.3653,254.735,254.1001,254.4253,409495.0
2026-04-01 10:05:00,254.4453,254.9198,254.3054,254.6151,543573.0
2026-04-01 10:10:00,254.5951,254.6601,253.7359,254.0406,619863.0
2026-04-01 10:15:00,254.0257,254.695,253.646,254.69,432218.0
2026-04-01 10:20:00,254.7005,254.8449,254.0956,254.1955,412475.0
2026-04-01 10:25:00,254.2155,254.3054,253.7959,253.8859,250697.0
2026-04-01 10:30:00,253.9357,254.0655,253.2164,253.2244,489677.0
2026-04-01 10:35:00,253.2164,254.1356,253.0965,253.9357,527171.0
2026-04-01 10:40:00,253.9258,254.1455,253.4463,253.9158,355647.0
2026-04-01 10:45:00,253.9407,254.0956,253.636,253.9557,287736.0
2026-04-01 10:50:00,253.9357,254.1655,253.7159,253.9957,293061.0
2026-04-01 10:55:00,254.0057,254.1356,253.7759,253.8958,304482.0
2026-04-01 11:00:00,253.9058,254.0906,253.8258,253.9637,236654.0
2026-04-01 11:05:00,253.9557,254.0756,253.7959,253.9158,251031.0
2026-04-01 11:10:00,253.9158,253.9857,253.5634,253.9208,301863.0
2026-04-01 11:15:00,253.9357,254.2455,253.9058,254.2155,267268.0
2026-04-01 11:20:00,254.2055,254.5102,253.9058,253.9457,390073.0
2026-04-01 11:25:00,253.9357,254.0856,253.7359,253.9158,260668.0
2026-04-01 11:30:00,253.9258,253.9857,253.5261,253.651,248853.0
2026-04-01 11:35:00,253.676,253.9757,253.676,253.8758,213696.0
2026-04-01 11:40:00,253.8958,253.8958,253.636,253.7159,197857.0
2026-04-01 11:45:00,253.696,254.2854,253.616,254.2055,309794.0
2026-04-01 11:50:00,254.2055,254.4653,254.1755,254.3154,184159.0
2026-04-01 11:55:00,254.3154,254.5851,254.2754,254.3853,200417.0
2026-04-01 12:00:00,254.3892,254.5752,254.3154,254.4852,187703.0
2026-04-01 12:05:00,254.5052,254.5652,254.2255,254.4253,246490.0
2026-04-01 12:10:00,254.4053,254.4253,254.0756,254.1655,258797.0
2026-04-01 12:15:00,254.1406,254.2754,253.8558,254.1156,221590.0
2026-04-01 12:20:00,254.1256,254.3434,254.1056,254.2105,166705.0
2026-04-01 12:25:00,254.2155,254.3484,254.1056,254.1956,136087.0
2026-04-01 12:30:00,254.2055,254.3753,253.9857,254.3753,148263.0
2026-04-01 12:35:00,254.3653,254.595,254.3653,254.5152,161854.0
2026-04-01 12:40:00,254.5102,254.5951,254.4952,254.5445,140972.0
2026-04-01 12:45:00,254.5352,254.675,254.5052,254.6551,244141.0
2026-04-01 12:50:00,254.665,254.725,254.5052,254.5152,163549.0
2026-04-01 12:55:00,254.5052,254.5052,254.2055,254.3653,179106.0
2026-04-01 13:00:00,254.3554,254.6151,254.2654,254.5502,1638903.0
2026-04-01 13:05:00,254.5652,254.8948,254.4752,254.8299,393762.0
2026-04-01 13:10:00,254.8549,254.9348,254.695,254.745,168610.0
2026-04-01 13:15:00,254.7264,254.9148,254.7264,254.8249,711488.0
2026-04-01 13:20:00,254.8249,255.1646,254.8049,255.0447,224650.0
2026-04-01 13:25:00,255.0397,255.0797,254.8349,254.907,177572.0
2026-04-01 13:30:00,254.8899,255.0145,254.5252,254.5352,216218.0
2026-04-01 13:35:00,254.5452,255.0247,254.5252,254.9548,250879.0
2026-04-01 13:40:00,254.9648,255.0048,254.6851,254.728,204612.0
2026-04-01 13:45:00,254.755,255.0347,254.725,254.74,178805.0
2026-04-01 13:50:00,254.74,255.0447,254.74,254.9148,195719.0
2026-04-01 13:55:00,254.9048,254.9948,254.5252,254.5502,191081.0
2026-04-01 14:00:00,254.5197,254.5752,254.2754,254.5302,273755.0
2026-04-01 14:05:00,254.5252,254.6351,254.4153,254.614,165463.0
2026-04-01 14:10:00,254.5851,254.6751,254.4653,254.5553,136653.0
2026-04-01 14:15:00,254.5452,254.6751,254.3154,254.4852,246515.0
2026-04-01 14:20:00,254.4802,254.5552,253.9907,253.9957,264713.0
2026-04-01 14:25:00,253.9957,254.2754,253.8658,254.0756,290324.0
2026-04-01 14:30:00,254.0856,254.1855,253.9108,253.9357,225330.0
2026-04-01 14:35:00,253.9357,254.2654,253.7359,254.1655,345762.0
2026-04-01 14:40:00,254.1555,254.4633,254.1056,254.4353,232178.0
2026-04-01 14:45:00,254.4353,254.4752,254.2055,254.2754,228996.0
2026-04-01 14:50:00,254.2854,254.3653,253.9957,254.1454,191113.0
2026-04-01 14:55:00,254.1356,254.2155,253.9957,254.1855,189180.0
2026-04-01 15:00:00,254.1755,254.4952,254.1455,254.2355,205977.0
2026-04-01 15:05:00,254.2604,254.5552,254.2604,254.4653,189411.0
2026-04-01 15:10:00,254.4553,254.755,254.3653,254.735,323127.0
2026-04-01 15:15:00,254.735,254.9248,254.6051,254.8049,339982.0
2026-04-01 15:20:00,254.8184,255.0547,254.785,255.0247,352419.0
2026-04-01 15:25:00,255.0247,255.4344,255.0098,255.4144,412001.0
2026-04-01 15:30:00,255.4044,255.5193,255.1246,255.4444,384889.0
2026-04-01 15:35:00,255.4444,255.7641,255.3644,255.7091,427068.0
2026-04-01 15:40:00,255.7041,255.874,255.5143,255.6142,459461.0
2026-04-01 15:45:00,255.6042,255.8939,255.5093,255.804,598129.0
2026-04-01 15:50:00,255.814,255.864,255.0747,255.1646,895270.0
2026-04-01 15:55:00,255.1546,255.5243,254.9149,255.4543,2016958.0
2026-04-02 09:30:00,253.9657,254.5652,251.8676,251.9306,1390716.0
2026-04-02 09:35:00,251.9226,251.9576,250.5589,250.6288,658976.0
2026-04-02 09:40:00,250.6488,251.3574,250.419,250.6088,687011.0
2026-04-02 09:45:00,250.6088,251.6078,250.4589,251.448,462306.0
2026-04-02 09:50:00,251.458,252.3072,251.458,252.0125,437232.0
2026-04-02 09:55:00,251.9775,252.4271,251.8177,252.2973,331788.0
2026-04-02 10:00:00,252.2873,252.577,251.0584,251.1883,525250.0
2026-04-02 10:05:00,251.1883,251.7148,250.9585,251.443,341573.0
2026-04-02 10:10:00,251.443,251.9775,251.3781,251.8077,300836.0
2026-04-02 10:15:00,251.8377,252.3072,251.7977,251.9076,253022.0
2026-04-02 10:20:00,251.9076,252.1474,251.6179,251.7877,323047.0
2026-04-02 10:25:00,251.7578,252.0825,251.7578,251.8926,251768.0
2026-04-02 10:30:00,251.8776,252.7069,251.7578,252.4221,313238.0
2026-04-02 10:35:00,252.4171,254.3454,252.4171,253.7959,733746.0
2026-04-02 10:40:00,253.7859,253.8608,253.0665,253.736,335788.0
2026-04-02 10:45:00,253.7459,254.1056,253.5561,253.9556,289550.0
2026-04-02 10:50:00,253.9557,254.4852,253.736,254.3903,271884.0
2026-04-02 10:55:00,254.4053,255.1645,254.3554,255.1396,302228.0
2026-04-02 11:00:00,255.1646,255.4643,254.8399,255.4344,327841.0
2026-04-02 11:05:00,255.4194,255.4943,254.8849,255.1896,209579.0
2026-04-02 11:10:00,255.1346,255.3944,254.6351,254.75,221456.0
2026-04-02 11:15:00,254.765,254.8949,254.4952,254.69,224597.0
2026-04-02 11:20:00,254.6851,254.6851,254.1755,254.5102,221390.0
2026-04-02 11:25:00,254.5052,255.0047,254.2405,254.8849,182132.0
2026-04-02 11:30:00,254.9298,254.9298,254.4153,254.6151,157768.0
2026-04-02 11:35:00,254.5851,254.9548,254.4702,254.7658,108729.0
2026-04-02 11:40:00,254.78,254.8849,254.3753,254.6151,118569.0
2026-04-02 11:45:00,254.6051,254.6051,254.2754,254.4353,111042.0
2026-04-02 11:50:00,254.4503,254.5752,254.1257,254.5352,118020.0
2026-04-02 11:55:00,254.5352,254.5951,254.2255,254.3354,93630.0
2026-04-02 12:00:00,254.3354,254.5152,254.0556,254.1356,155310.0
2026-04-02 12:05:00,254.1555,254.4353,253.8858,254.4153,176946.0
2026-04-02 12:10:00,254.4253,254.4553,254.1256,254.2455,78513.0
2026-04-02 12:15:00,254.2155,254.2754,253.7659,253.7959,148434.0
2026-04-02 12:20:00,253.7909,254.1555,253.7709,254.0257,132166.0
2026-04-02 12:25:00,254.0167,254.3154,253.7959,253.8758,183964.0
2026-04-02 12:30:00,253.8958,254.3604,253.8358,254.2155,107669.0
2026-04-02 12:35:00,254.2405,254.3703,254.0157,254.2055,140516.0
2026-04-02 12:40:00,254.2305,254.765,254.2305,254.4952,188719.0
2026-04-02 12:45:00,254.5452,254.6551,254.2954,254.3753,108935.0
2026-04-02 12:50:00,254.3953,254.4751,254.1655,254.3653,102700.0
2026-04-02 12:55:00,254.3254,254.4053,254.1855,254.1855,89225.0
2026-04-02 13:00:00,254.1855,254.4553,253.9357,254.4253,106661.0
2026-04-02 13:05:00,254.4003,254.4453,254.2155,254.3903,94074.0
2026-04-02 13:10:00,254.4203,254.9548,254.4203,254.7949,116380.0
2026-04-02 13:15:00,254.7949,255.1646,254.7949,254.9848,115606.0
2026-04-02 13:20:00,254.9848,255.2196,254.9338,255.1706,165712.0
2026-04-02 13:25:00,255.1496,255.2498,255.0447,255.0997,85628.0
2026-04-02 13:30:00,255.0997,255.1546,254.8999,254.9248,102602.0
2026-04-02 13:35:00,254.9298,254.9398,254.6851,254.8456,93153.0
2026-04-02 13:40:00,254.8599,254.8899,254.6601,254.755,175280.0
2026-04-02 13:45:00,254.765,254.765,254.1755,254.2215,145019.0
2026-04-02 13:50:00,254.2105,254.3604,254.0756,254.3054,191977.0
2026-04-02 13:55:00,254.3154,254.4053,254.1855,254.3753,115576.0
2026-04-02 14:00:00,254.3454,254.765,254.3454,254.745,173252.0
2026-04-02 14:05:00,254.73,254.9948,254.715,254.8649,169472.0
2026-04-02 14:10:00,254.8049,254.9638,254.755,254.8949,152274.0
2026-04-02 14:15:00,254.9148,254.9798,254.7151,254.7949,140942.0
2026-04-02 14:20:00,254.8349,254.9348,254.745,254.8749,130596.0
2026-04-02 14:25:00,254.8849,255.0597,254.8249,254.9098,168594.0
2026-04-02 14:30:00,254.9248,254.9648,254.6751,254.775,224409.0
2026-04-02 14:35:00,254.77,254.8849,254.5653,254.75,955724.0
2026-04-02 14:40:00,254.7353,255.0647,254.6451,254.8849,291463.0
2026-04-02 14:45:00,254.8549,255.0297,254.6701,254.9949,203679.0
2026-04-02 14:50:00,255.0247,255.2046,254.8649,255.1996,333522.0
2026-04-02 14:55:00,255.2046,255.2196,255.0247,255.0447,128861.0
2026-04-02 15:00:00,255.0547,255.3594,254.9948,255.0547,250038.0
2026-04-02 15:05:00,255.0547,255.4643,255.0547,255.3794,219123.0
2026-04-02 15:10:00,255.4094,255.4244,255.1047,255.2804,227197.0
2026-04-02 15:15:00,255.2945,255.3544,254.9948,255.1047,170810.0
2026-04-02 15:20:00,255.1047,255.1546,254.8449,255.0147,166069.0
2026-04-02 15:25:00,255.0105,255.0347,254.775,254.8749,138558.0
2026-04-02 15:30:00,254.8749,254.8749,254.5851,254.6951,158228.0
2026-04-02 15:35:00,254.705,254.8849,254.6051,254.8799,216765.0
2026-04-02 15:40:00,254.8939,255.1646,254.7451,254.755,219179.0
2026-04-02 15:45:00,254.745,254.9148,254.5652,254.8749,284583.0
2026-04-02 15:50:00,254.8749,255.6741,254.8749,255.3345,942313.0
2026-04-02 15:55:00,255.3444,255.8939,255.3245,255.6542,1478617.0
2026-04-06 09:30:00,256.2736,257.9121,256.2236,257.8172,1140183.0
2026-04-06 09:35:00,257.8021,257.8022,256.8231,257.2527,371247.0
2026-04-06 09:40:00,257.2627,257.982,256.8231,257.4225,437376.0
2026-04-06 09:45:00,257.4225,258.6014,257.4225,258.2518,475222.0
2026-04-06 09:50:00,258.2518,259.0211,258.2518,258.6914,387315.0
2026-04-06 09:55:00,258.7213,259.7704,258.6514,259.7204,563831.0
2026-04-06 10:00:00,259.6904,259.7604,258.7314,258.8013,458791.0
2026-04-06 10:05:00,258.8262,259.5705,258.6914,259.5606,438145.0
2026-04-06 10:10:00,259.5406,259.8803,259.1709,259.8603,391481.0
2026-04-06 10:15:00,259.8403,260.7994,259.7704,260.7245,548610.0
2026-04-06 10:20:00,260.7095,261.4788,260.5197,261.3489,620349.0
2026-04-06 10:25:00,261.3589,261.7785,261.2191,261.5187,616932.0
2026-04-06 10:30:00,261.5187,261.9184,261.229,261.3789,581023.0
2026-04-06 10:35:00,261.3889,261.4588,260.3599,260.4397,567581.0
2026-04-06 10:40:00,260.4298,260.8693,260.3598,260.3898,367965.0
2026-04-06 10:45:00,260.3798,260.3798,259.6705,259.7104,304444.0
2026-04-06 10:50:00,259.7404,259.9272,259.5306,259.7004,261945.0
2026-04-06 10:55:00,259.6954,259.8703,259.4706,259.6705,284037.0
2026-04-06 11:00:00,259.6605,259.8703,259.5606,259.8499,261855.0
2026-04-06 11:05:00,259.8663,259.8803,259.3208,259.5056,264395.0
2026-04-06 11:10:00,259.5306,259.5306,259.0811,259.2808,199424.0
2026-04-06 11:15:00,259.3108,259.7404,259.1609,259.5156,262288.0
2026-04-06 11:20:00,259.5206,259.5306,258.9411,259.0709,328335.0
2026-04-06 11:25:00,259.071,259.1709,258.7313,259.0111,269332.0
2026-04-06 11:30:00,258.9912,259.101,258.7713,258.8812,256331.0
2026-04-06 11:35:00,258.8662,259.2908,258.8312,259.2808,216587.0
2026-04-06 11:40:00,259.2758,259.3807,258.8192,258.8912,214460.0
2026-04-06 11:45:00,258.8912,259.2109,258.8112,259.076,172659.0
2026-04-06 11:50:00,259.051,259.3108,258.9361,259.1609,160923.0
2026-04-06 11:55:00,259.1809,259.3008,258.8612,259.2709,133414.0
2026-04-06 12:00:00,259.2807,259.3907,258.8212,258.8512,164171.0
2026-04-06 12:05:00,258.8612,259.051,258.6814,258.7013,161866.0
2026-04-06 12:10:00,258.7163,258.8412,258.667,258.7114,99424.0
2026-04-06 12:15:00,258.7313,258.8512,258.4716,258.6514,183966.0
2026-04-06 12:20:00,258.6514,258.7913,258.5715,258.7113,143282.0
2026-04-06 12:25:00,258.7263,258.8262,258.6753,258.8013,116014.0
2026-04-06 12:30:00,258.7913,258.9811,258.5914,258.9511,314655.0
2026-04-06 12:35:00,258.9411,259.1609,258.9012,259.0011,125809.0
2026-04-06 12:40:00,259.0309,259.2109,258.9511,259.1759,118955.0
2026-04-06 12:45:00,259.1809,259.3308,259.0611,259.091,168130.0
2026-04-06 12:50:00,259.096,259.111,258.7213,258.9411,134530.0
2026-04-06 12:55:00,258.9611,258.9761,258.6614,258.7613,128664.0
2026-04-06 13:00:00,258.7563,258.8312,258.2328,258.3317,185341.0
2026-04-06 13:05:00,258.3217,258.4016,258.2118,258.3416,125457.0
2026-04-06 13:10:00,258.3617,258.3816,257.6623,257.982,267838.0
2026-04-06 13:15:00,258.002,258.3117,257.982,258.1019,191939.0
2026-04-06 13:20:00,258.0919,258.3916,258.022,258.3716,133845.0
2026-04-06 13:25:00,258.3816,258.6213,258.3017,258.5415,111031.0
2026-04-06 13:30:00,258.5515,258.7713,258.4216,258.5914,146999.0
2026-04-06 13:35:00,258.6014,258.7062,258.4316,258.4815,158096.0
2026-04-06 13:40:00,258.4766,258.5115,258.2717,258.4066,166554.0
2026-04-06 13:45:00,258.4066,258.4066,258.1319,258.2418,172437.0
2026-04-06 13:50:00,258.2418,258.3017,257.992,258.0619,186650.0
2026-04-06 13:55:00,258.0825,258.2618,257.8822,257.942,188177.0
2026-04-06 14:00:00,257.952,257.98,257.7222,257.7922,186191.0
2026-04-06 14:05:00,257.7819,257.9321,257.6124,257.6824,193816.0
2026-04-06 14:10:00,257.6923,258.2717,257.6624,258.1469,184125.0
2026-04-06 14:15:00,258.1519,258.8812,258.1519,258.8413,169280.0
2026-04-06 14:20:00,258.8112,259.0111,258.6814,258.9561,132228.0
2026-04-06 14:25:00,258.9012,259.1509,258.7613,259.041,186510.0
2026-04-06 14:30:00,259.051,259.1308,258.6014,258.7213,169202.0
2026-04-06 14:35:00,258.7213,258.9311,258.7213,258.7913,113290.0
2026-04-06 14:40:00,258.8045,258.8512,258.6414,258.7763,118874.0
2026-04-06 14:45:00,258.7763,258.9012,258.7313,258.8212,121415.0
2026-04-06 14:50:00,258.8412,259.0211,258.7713,258.9661,119311.0
2026-04-06 14:55:00,258.9611,259.0208,258.8612,258.9311,112523.0
2026-04-06 15:00:00,258.9511,259.0211,258.7713,258.9062,240881.0
2026-04-06 15:05:00,258.9062,258.9062,258.5215,258.5315,274116.0
2026-04-06 15:10:00,258.5215,258.5215,258.3117,258.3966,206771.0
2026-04-06 15:15:00,258.3966,258.4915,258.1019,258.1419,203501.0
2026-04-06 15:20:00,258.1519,258.1843,257.8321,258.1346,284302.0
2026-04-06 15:25:00,258.1419,258.1618,257.7822,258.0119,256978.0
2026-04-06 15:30:00,257.992,258.1019,257.8921,258.0469,219991.0
2026-04-06 15:35:00,258.032,258.3217,258.032,258.2817,294569.0
2026-04-06 15:40:00,258.2717,258.6214,258.2318,258.5415,248107.0
2026-04-06 15:45:00,258.5415,258.8013,258.3828,258.7414,298758.0
2026-04-06 15:50:00,258.7613,258.8362,258.4216,258.4815,527144.0
2026-04-06 15:55:00,258.4815,258.7613,258.2618,258.6484,1169003.0
2026-04-07 09:30:00,255.9189,255.9639,252.3722,252.6955,1868430.0
2026-04-07 09:35:00,252.6869,252.6869,251.0469,251.1183,1125524.0
2026-04-07 09:40:00,251.1383,251.1383,249.9394,250.0293,1135191.0
2026-04-07 09:45:00,250.0693,250.0893,249.2301,249.3581,1647110.0
2026-04-07 09:50:00,249.349,249.5598,248.7705,249.5398,1230526.0
2026-04-07 09:55:00,249.5198,249.7496,249.0203,249.0902,1143705.0
2026-04-07 10:00:00,249.0852,249.4699,248.8404,249.2501,770342.0
2026-04-07 10:05:00,249.2201,249.3899,248.4108,248.8404,1046608.0
2026-04-07 10:10:00,248.8454,248.9703,248.241,248.3059,818114.0
2026-04-07 10:15:00,248.3109,248.4407,247.9113,247.9662,762607.0
2026-04-07 10:20:00,247.9812,248.4008,247.9113,248.1661,867634.0
2026-04-07 10:25:00,248.1511,248.271,247.3418,247.4517,1024280.0
2026-04-07 10:30:00,247.4367,247.9613,247.0421,247.7215,1132660.0
2026-04-07 10:35:00,247.7365,247.7814,247.2719,247.5916,589035.0
2026-04-07 10:40:00,247.5916,247.6808,246.9921,247.102,544893.0
2026-04-07 10:45:00,247.0871,247.4917,246.8922,247.0739,562471.0
2026-04-07 10:50:00,247.0622,247.2179,246.2528,246.3328,936249.0
2026-04-07 10:55:00,246.3028,246.5426,245.7633,245.963,769617.0
2026-04-07 11:00:00,245.9531,246.033,245.4735,245.6983,741827.0
2026-04-07 11:05:00,245.7033,246.073,245.6634,246.053,615420.0
2026-04-07 11:10:00,246.043,246.6724,245.9932,246.6075,756661.0
2026-04-07 11:15:00,246.6025,247.3918,246.5925,247.117,804052.0
2026-04-07 11:20:00,247.112,247.192,246.6325,247.0421,473991.0
2026-04-07 11:25:00,247.0371,247.6216,247.0122,247.5716,598999.0
2026-04-07 11:30:00,247.5816,247.6615,247.172,247.3368,485032.0
2026-04-07 11:35:00,247.3318,247.6615,247.192,247.4018,498865.0
2026-04-07 11:40:00,247.4018,247.6316,247.2819,247.5566,339180.0
2026-04-07 11:45:00,247.571,247.7814,247.5416,247.7614,393995.0
2026-04-07 11:50:00,247.7614,247.9812,247.6916,247.8214,470619.0
2026-04-07 11:55:00,247.8114,248.281,247.7915,248.231,583636.0
2026-04-07 12:00:00,248.241,249.2001,248.241,249.0602,895194.0
2026-04-07 12:05:00,249.0702,249.0702,248.4408,248.7555,607392.0
2026-04-07 12:10:00,248.7705,249.0203,248.7305,248.9304,319106.0
2026-04-07 12:15:00,248.9364,249.0303,248.5707,248.8305,324473.0
2026-04-07 12:20:00,248.8205,250.0094,248.7305,249.7846,1262926.0
2026-04-07 12:25:00,249.7936,250.0592,249.5598,249.9394,682832.0
2026-04-07 12:30:00,249.9394,250.1093,249.6996,249.9444,482826.0
2026-04-07 12:35:00,249.9444,249.9894,249.4299,249.5898,389689.0
2026-04-07 12:40:00,249.6147,249.7796,249.5698,249.7196,213552.0
2026-04-07 12:45:00,249.7346,250.1592,249.7296,249.9394,398222.0
2026-04-07 12:50:00,249.9394,249.9594,249.7046,249.7946,295950.0
2026-04-07 12:55:00,249.7896,249.8395,249.5398,249.7996,296792.0
2026-04-07 13:00:00,249.7796,253.2863,249.4898,251.498,3318881.0
2026-04-07 13:05:00,251.518,251.8376,250.9885,251.3681,927675.0
2026-04-07 13:10:00,251.3232,251.518,251.1103,251.2382,458101.0
2026-04-07 13:15:00,251.2232,251.6279,251.0984,251.4979,687779.0
2026-04-07 13:20:00,251.518,251.8527,251.3681,251.6778,385356.0
2026-04-07 13:25:00,251.6778,251.6778,251.0513,251.3531,384624.0
2026-04-07 13:30:00,251.3831,251.9576,251.3381,251.9326,426994.0
2026-04-07 13:35:00,251.9375,252.567,251.6879,251.7777,552383.0
2026-04-07 13:40:00,251.7578,251.8077,251.3481,251.4081,335147.0
2026-04-07 13:45:00,251.3882,251.478,251.0884,251.3182,237309.0
2026-04-07 13:50:00,251.3281,251.7078,251.3281,251.4081,200278.0
2026-04-07 13:55:00,251.4235,251.4879,251.1783,251.468,247840.0
2026-04-07 14:00:00,251.468,251.7478,251.468,251.6928,250577.0
2026-04-07 14:05:00,251.6978,251.7028,251.3182,251.488,205385.0
2026-04-07 14:10:00,251.498,251.6978,251.438,251.438,212598.0
2026-04-07 14:15:00,251.458,251.6577,251.4181,251.498,189566.0
2026-04-07 14:20:00,251.5012,251.5679,251.0584,251.1233,248494.0
2026-04-07 14:25:00,251.1233,251.2482,251.0584,251.0984,319347.0
2026-04-07 14:30:00,251.0984,251.3581,250.8586,251.1283,354207.0
2026-04-07 14:35:00,251.1233,251.1933,250.8886,250.9485,217232.0
2026-04-07 14:40:00,250.9585,251.1183,250.7487,250.9035,315197.0
2026-04-07 14:45:00,250.8935,250.8985,250.429,250.4839,337816.0
2026-04-07 14:50:00,250.4698,250.5289,250.0693,250.1043,297137.0
2026-04-07 14:55:00,250.0893,250.1992,249.8895,250.1691,327852.0
2026-04-07 15:00:00,250.1492,250.3491,249.9744,250.1792,229123.0
2026-04-07 15:05:00,250.1792,250.7687,250.0393,250.5439,394549.0
2026-04-07 15:10:00,250.5439,251.0284,250.5289,250.9035,350589.0
2026-04-07 15:15:00,250.8896,252.0974,250.8786,251.9775,509092.0
2026-04-07 15:20:00,251.9576,252.2673,251.3481,251.6279,527268.0
2026-04-07 15:25:00,251.6429,252.0572,251.518,251.7228,396804.0
2026-04-07 15:30:00,251.6888,251.6888,251.3082,251.488,342373.0
2026-04-07 15:35:00,251.488,251.493,251.2083,251.3581,364145.0
2026-04-07 15:40:00,251.3481,252.1874,251.2632,251.8976,488637.0
2026-04-07 15:45:00,251.8966,252.9766,251.7378,252.1374,1096505.0
2026-04-07 15:50:00,252.1674,252.9666,252.1674,252.8069,1204841.0
2026-04-07 15:55:00,252.8268,253.3762,252.7169,253.2564,2402614.0
2026-04-08 09:30:00,258.2118,258.3217,256.3735,257.6823,2067511.0
2026-04-08 09:35:00,257.6773,257.8022,256.4834,256.5533,989648.0
2026-04-08 09:40:00,256.5533,257.3126,256.2936,256.938,830603.0
2026-04-08 09:45:00,256.9929,258.5215,256.883,258.3802,784004.0
2026-04-08 09:50:00,258.3817,258.4416,257.6531,258.032,639684.0
2026-04-08 09:55:00,257.982,258.5115,257.8421,258.2817,684383.0
2026-04-08 10:00:00,258.2618,258.8912,258.032,258.6164,790220.0
2026-04-08 10:05:00,258.6564,259.5105,258.2797,259.111,660166.0
2026-04-08 10:10:00,259.1409,259.2259,258.5715,258.6114,503699.0
2026-04-08 10:15:00,258.6074,258.8912,258.0769,258.1618,411225.0
2026-04-08 10:20:00,258.1818,258.6914,258.1219,258.1618,372429.0
2026-04-08 10:25:00,258.1618,258.3766,257.7969,257.8921,489660.0
2026-04-08 10:30:00,257.9021,257.942,257.4025,257.8072,575221.0
2026-04-08 10:35:00,257.8222,258.1419,257.6923,258.1069,424910.0
2026-04-08 10:40:00,258.1069,258.3417,257.9121,258.0569,302706.0
2026-04-08 10:45:00,258.0569,258.5265,257.8522,258.3517,304659.0
2026-04-08 10:50:00,258.3417,258.5115,258.1119,258.4566,299203.0
2026-04-08 10:55:00,258.4316,258.6614,258.1419,258.6614,358820.0
2026-04-08 11:00:00,258.6814,259.2608,258.6264,259.161,456485.0
2026-04-08 11:05:00,259.1709,259.2708,258.5317,258.5515,408322.0
2026-04-08 11:10:00,258.5815,258.5914,258.032,258.1219,375734.0
2026-04-08 11:15:00,258.1319,258.2318,257.8222,258.0519,307069.0
2026-04-08 11:20:00,258.0519,258.0519,257.5824,257.6673,335777.0
2026-04-08 11:25:00,257.6523,257.7317,257.2727,257.2727,311120.0
2026-04-08 11:30:00,257.2827,257.8122,257.1228,257.7572,439532.0
2026-04-08 11:35:00,257.7622,257.8122,257.5025,257.6873,235614.0
2026-04-08 11:40:00,257.6823,257.972,257.5124,257.8454,278713.0
2026-04-08 11:45:00,257.8621,258.1618,257.7422,257.7522,222455.0
2026-04-08 11:50:00,257.7444,257.8611,257.2427,257.3726,230610.0
2026-04-08 11:55:00,257.3826,257.5124,257.1728,257.3826,264572.0
2026-04-08 12:00:00,257.3826,257.972,257.3026,257.7822,257804.0
2026-04-08 12:05:00,257.7822,257.8421,257.5674,257.5824,156282.0
2026-04-08 12:10:00,257.5724,257.7123,257.2727,257.2827,190673.0
2026-04-08 12:15:00,257.3026,257.3226,256.863,256.933,284247.0
2026-04-08 12:20:00,256.913,257.2777,256.913,257.2327,712263.0
2026-04-08 12:25:00,257.2427,257.3226,257.1028,257.1907,179384.0
2026-04-08 12:30:00,257.1877,257.6623,257.1877,257.6623,206830.0
2026-04-08 12:35:00,257.6524,257.7822,257.4925,257.6223,274704.0
2026-04-08 12:40:00,257.6024,258.1019,257.5524,258.0819,322386.0
2026-04-08 12:45:00,258.0619,258.2118,257.972,258.0769,170129.0
2026-04-08 12:50:00,258.0719,258.3217,257.982,258.2468,203366.0
2026-04-08 12:55:00,258.2568,258.4516,258.1119,258.1858,199195.0
2026-04-08 13:00:00,258.1744,258.3916,258.1129,258.1768,196162.0
2026-04-08 13:05:00,258.1818,258.2117,257.8921,258.012,240366.0
2026-04-08 13:10:00,258.031,258.3317,258.002,258.1885,201996.0
2026-04-08 13:15:00,258.1968,258.3916,257.9121,257.972,193263.0
2026-04-08 13:20:00,257.957,257.962,257.5624,257.5874,189364.0
2026-04-08 13:25:00,257.6124,257.6124,257.2627,257.2727,267006.0
2026-04-08 13:30:00,257.2627,257.6322,257.2177,257.4675,361919.0
2026-04-08 13:35:00,257.4725,257.4825,257.1628,257.3226,196095.0
2026-04-08 13:40:00,257.3326,257.8721,257.2727,257.8022,250629.0
2026-04-08 13:45:00,257.7722,257.9121,257.6024,257.6124,175230.0
2026-04-08 13:50:00,257.6223,257.7272,257.5624,257.6124,178020.0
2026-04-08 13:55:00,257.6024,257.6223,257.4325,257.4625,162233.0
2026-04-08 14:00:00,257.4625,257.4625,257.1728,257.3126,301561.0
2026-04-08 14:05:00,257.3026,257.7073,257.2827,257.6223,228160.0
2026-04-08 14:10:00,257.6323,257.6623,257.2527,257.3723,287559.0
2026-04-08 14:15:00,257.3676,257.5524,256.6632,256.7531,357319.0
2026-04-08 14:20:00,256.7332,257.1228,256.6832,257.0279,218279.0
2026-04-08 14:25:00,257.0379,257.1478,256.893,256.9829,223219.0
2026-04-08 14:30:00,256.9929,257.3326,256.9829,257.1228,165694.0
2026-04-08 14:35:00,257.1328,257.257,257.0729,257.1029,147378.0
2026-04-08 14:40:00,257.0978,257.1028,256.8931,256.9729,181911.0
2026-04-08 14:45:00,256.9729,257.1428,256.913,256.9829,208300.0
2026-04-08 14:50:00,256.9729,257.4825,256.924,257.4125,224372.0
2026-04-08 14:55:00,257.4025,257.4225,257.1028,257.1528,222641.0
2026-04-08 15:00:00,257.1328,257.5524,256.9629,257.213,398534.0
2026-04-08 15:05:00,257.2127,257.5624,257.2127,257.2727,273357.0
2026-04-08 15:10:00,257.2827,257.6024,257.2727,257.4825,274583.0
2026-04-08 15:15:00,257.4825,257.5624,257.1428,257.3226,286883.0
2026-04-08 15:20:00,257.3126,257.3975,257.033,257.3726,383143.0
2026-04-08 15:25:00,257.3926,257.5324,256.8531,256.9629,321704.0
2026-04-08 15:30:00,256.943,257.6321,256.943,257.6321,275488.0
2026-04-08 15:35:00,257.6323,257.8421,257.5124,257.8421,432627.0
2026-04-08 15:40:00,257.8321,258.0419,257.4425,257.8022,334199.0
2026-04-08 15:45:00,257.8122,257.982,257.7422,257.982,390762.0
2026-04-08 15:50:00,257.972,258.3017,257.9221,258.1269,894268.0
2026-04-08 15:55:00,258.1319,258.8013,257.9322,258.6714,1566368.0
2026-04-09 09:30:00,258.7613,259.7903,258.1718,258.6464,997091.0
2026-04-09 09:35:00,258.6714,258.7413,258.1718,258.6414,422614.0
2026-04-09 09:40:00,258.6514,258.7313,257.7222,257.7372,345368.0
2026-04-09 09:45:00,257.7522,258.1169,257.5624,257.6373,472863.0
2026-04-09 09:50:00,257.6323,257.6823,256.6632,256.6732,410028.0
2026-04-09 09:55:00,256.6832,256.7831,255.874,255.9938,553230.0
2026-04-09 10:00:00,255.9938,256.7931,255.834,256.7817,457744.0
2026-04-09 10:05:00,256.7332,257.3965,256.6233,257.2026,368534.0
2026-04-09 10:10:00,257.2027,257.942,257.1528,257.4875,446126.0
2026-04-09 10:15:00,257.4825,257.9021,257.4525,257.7123,443519.0
2026-04-09 10:20:00,257.7024,257.8821,257.5724,257.7222,379010.0
2026-04-09 10:25:00,257.7222,257.7422,257.2127,257.6024,357900.0
2026-04-09 10:30:00,257.5724,257.8022,257.4625,257.6673,207639.0
2026-04-09 10:35:00,257.6723,257.942,257.4625,257.8321,318446.0
2026-04-09 10:40:00,257.8321,258.022,257.7023,257.7572,199594.0
2026-04-09 10:45:00,257.7422,257.9121,257.3776,257.3776,197628.0
2026-04-09 10:50:00,257.3626,257.5025,257.3026,257.3926,211198.0
2026-04-09 10:55:00,257.4124,257.5524,257.1128,257.4125,195283.0
2026-04-09 11:00:00,257.4076,257.6124,257.2628,257.3326,229383.0
2026-04-09 11:05:00,257.3326,257.5425,257.2677,257.2976,136577.0
2026-04-09 11:10:00,257.2926,257.4925,257.1228,257.4525,154532.0
2026-04-09 11:15:00,257.4575,257.5913,257.3026,257.4675,188396.0
2026-04-09 11:20:00,257.4525,257.6923,257.4425,257.5924,204693.0
2026-04-09 11:25:00,257.5924,257.6024,257.1428,257.2926,236117.0
2026-04-09 11:30:00,257.2777,258.0818,257.2387,257.7822,349432.0
2026-04-09 11:35:00,257.7873,257.962,257.3576,257.5074,193821.0
2026-04-09 11:40:00,257.5025,257.7222,257.4025,257.5524,154933.0
2026-04-09 11:45:00,257.5524,258.2318,257.4671,258.0305,281109.0
2026-04-09 11:50:00,258.002,258.1578,257.8671,258.152,172317.0
2026-04-09 11:55:00,258.1518,258.4716,258.1419,258.4466,287869.0
2026-04-09 12:00:00,258.4416,259.2309,258.4016,258.9211,321699.0
2026-04-09 12:05:00,258.9211,259.1351,258.8412,258.9561,205336.0
2026-04-09 12:10:00,258.9561,259.031,258.6915,258.7213,229009.0
2026-04-09 12:15:00,258.7313,259.0011,258.5815,258.9661,168445.0
2026-04-09 12:20:00,258.9811,258.9911,258.8013,258.8312,124771.0
2026-04-09 12:25:00,258.8115,258.9311,258.7213,258.8812,126159.0
2026-04-09 12:30:00,258.8812,258.9112,258.6914,258.8312,104350.0
2026-04-09 12:35:00,258.8212,258.9399,258.5914,258.7013,137642.0
2026-04-09 12:40:00,258.7013,258.7814,258.6215,258.7213,134772.0
2026-04-09 12:45:00,258.7113,258.7713,258.5615,258.7313,137386.0
2026-04-09 12:50:00,258.7413,259.2388,258.7413,259.1202,249432.0
2026-04-09 12:55:00,259.111,259.4107,259.111,259.2009,232464.0
2026-04-09 13:00:00,259.2109,259.5506,259.2009,259.5106,246077.0
2026-04-09 13:05:00,259.5106,259.7181,259.3308,259.6505,184168.0
2026-04-09 13:10:00,259.6455,259.8103,259.6205,259.7013,226483.0
2026-04-09 13:15:00,259.7004,260.2899,259.6854,260.19,302541.0
2026-04-09 13:20:00,260.205,260.205,259.8303,259.8803,180019.0
2026-04-09 13:25:00,259.8803,259.9602,259.7604,259.8153,157393.0
2026-04-09 13:30:00,259.8103,260.0101,259.5406,259.9702,176275.0
2026-04-09 13:35:00,259.9602,260.21,259.8803,260.16,200255.0
2026-04-09 13:40:00,260.17,260.2,259.6904,259.7604,146528.0
2026-04-09 13:45:00,259.7704,259.9302,259.7604,259.8609,96996.0
2026-04-09 13:50:00,259.8603,259.8603,259.5965,259.6405,124966.0
2026-04-09 13:55:00,259.6305,259.7104,259.6005,259.7054,145346.0
2026-04-09 14:00:00,259.7104,259.7604,259.061,259.3358,306242.0
2026-04-09 14:05:00,259.3707,259.7704,259.3707,259.7504,144938.0
2026-04-09 14:10:00,259.7504,259.8103,259.5705,259.6804,121343.0
2026-04-09 14:15:00,259.6904,259.8103,259.6305,259.7604,102667.0
2026-04-09 14:20:00,259.7704,259.8003,259.3807,259.4157,121637.0
2026-04-09 14:25:00,259.4107,259.5356,259.3208,259.3857,165378.0
2026-04-09 14:30:00,259.3707,259.4307,259.1809,259.2808,135569.0
2026-04-09 14:35:00,259.2808,259.5705,259.2608,259.5206,129930.0
2026-04-09 14:40:00,259.5506,259.6105,259.3458,259.5606,162202.0
2026-04-09 14:45:00,259.5406,259.6405,259.4606,259.5305,91909.0
2026-04-09 14:50:00,259.5206,259.5705,259.3807,259.4807,124431.0
2026-04-09 14:55:00,259.5106,259.7204,259.5106,259.6305,132870.0
2026-04-09 15:00:00,259.6305,259.9702,259.6005,259.9702,232476.0
2026-04-09 15:05:00,259.9502,259.9502,259.5905,259.7504,137491.0
2026-04-09 15:10:00,259.7504,260.1001,259.7504,259.8503,334045.0
2026-04-09 15:15:00,259.8603,259.9202,259.6705,259.6804,193079.0
2026-04-09 15:20:00,259.6904,259.8902,259.6105,259.8897,219848.0
2026-04-09 15:25:00,259.8902,260.0201,259.7604,259.8203,193792.0
2026-04-09 15:30:00,259.8103,260.0801,259.7853,260.0501,232946.0
2026-04-09 15:35:00,260.0551,260.3199,260.0101,260.2899,277992.0
2026-04-09 15:40:00,260.2849,260.5596,260.2199,260.5596,285922.0
2026-04-09 15:45:00,260.5396,260.6096,260.4098,260.4397,378331.0
2026-04-09 15:50:00,260.4298,260.8793,260.3698,260.4697,575958.0
2026-04-09 15:55:00,260.4797,260.4897,260.12,260.15,1144914.0
2026-04-10 09:30:00,259.7404,260.3099,258.8312,259.6655,1171601.0
2026-04-10 09:35:00,259.6405,260.3998,259.5337,260.0451,486657.0
2026-04-10 09:40:00,260.0574,260.0901,259.3807,259.4606,281854.0
2026-04-10 09:45:00,259.4606,259.8403,259.2608,259.3158,399846.0
2026-04-10 09:50:00,259.3158,260.19,259.3008,260.145,352728.0
2026-04-10 09:55:00,260.14,260.4897,260.0201,260.119,323598.0
2026-04-10 10:00:00,260.125,261.0692,259.9402,260.9543,456223.0
2026-04-10 10:05:00,260.9543,261.0442,260.5896,260.8648,299294.0
2026-04-10 10:10:00,260.8843,261.3989,260.7829,261.3289,417003.0
2026-04-10 10:15:00,261.3489,261.6087,261.279,261.4288,354200.0
2026-04-10 10:20:00,261.4288,261.4388,260.9802,261.1891,256334.0
2026-04-10 10:25:00,261.199,261.5088,261.194,261.3239,283093.0
2026-04-10 10:30:00,261.3239,261.5387,261.1791,261.5088,318776.0
2026-04-10 10:35:00,261.5187,261.8584,261.4788,261.7335,373778.0
2026-04-10 10:40:00,261.7136,261.7485,261.1891,261.3889,282912.0
2026-04-10 10:45:00,261.3989,261.7086,261.2989,261.5437,235974.0
2026-04-10 10:50:00,261.5587,261.9484,261.5088,261.5777,230816.0
2026-04-10 10:55:00,261.5687,261.6586,261.3939,261.4988,196970.0
2026-04-10 11:00:00,261.5088,261.5187,260.9694,261.1191,299393.0
2026-04-10 11:05:00,261.1191,261.289,260.899,260.9643,180083.0
2026-04-10 11:10:00,260.9693,261.4288,260.9493,261.4138,268366.0
2026-04-10 11:15:00,261.4288,261.5787,261.1291,261.1391,246816.0
2026-04-10 11:20:00,261.1191,261.3589,261.0092,261.3039,225406.0
2026-04-10 11:25:00,261.289,261.2989,260.9993,261.0492,162596.0
2026-04-10 11:30:00,261.0791,261.1791,260.9493,261.1191,174976.0
2026-04-10 11:35:00,261.1091,261.3339,260.9593,260.9792,187132.0
2026-04-10 11:40:00,260.9992,261.3589,260.9243,261.2599,178842.0
2026-04-10 11:45:00,261.279,261.5088,261.249,261.3789,164743.0
2026-04-10 11:50:00,261.3789,261.3889,260.5796,260.6296,310187.0
2026-04-10 11:55:00,260.6296,261.7258,260.5022,260.6396,241372.0
2026-04-10 12:00:00,260.6495,260.7095,260.4198,260.4198,174771.0
2026-04-10 12:05:00,260.4298,260.5796,260.2999,260.5047,304718.0
2026-04-10 12:10:00,260.5047,260.8094,260.4997,260.6495,171120.0
2026-04-10 12:15:00,260.6595,260.7395,260.3998,260.4547,209599.0
2026-04-10 12:20:00,260.4647,260.4997,260.2899,260.4797,188916.0
2026-04-10 12:25:00,260.4597,260.4797,260.19,260.295,170054.0
2026-04-10 12:30:00,260.3049,260.3298,260.0101,260.0702,189996.0
2026-04-10 12:35:00,260.0901,260.11,259.8603,259.9502,147145.0
2026-04-10 12:40:00,259.9502,260.0001,259.6005,259.6604,253544.0
2026-04-10 12:45:00,259.6605,260.1001,259.5506,260.0601,248002.0
2026-04-10 12:50:00,260.0651,260.17,259.9902,260.0701,194535.0
2026-04-10 12:55:00,260.0901,260.1001,259.9602,260.0201,140408.0
2026-04-10 13:00:00,260.0251,260.0266,259.3109,259.3627,274849.0
2026-04-10 13:05:00,259.3673,259.5606,259.3258,259.3408,189300.0
2026-04-10 13:10:00,259.3258,259.4706,259.3208,259.4257,107527.0
2026-04-10 13:15:00,259.4307,259.5006,259.3208,259.3687,131773.0
2026-04-10 13:20:00,259.3607,259.3607,259.041,259.2009,196108.0
2026-04-10 13:25:00,259.2059,259.3557,258.9611,259.0011,176097.0
2026-04-10 13:30:00,259.0111,259.061,258.9211,258.9811,180722.0
2026-04-10 13:35:00,258.9811,259.081,258.7844,259.071,163770.0
2026-04-10 13:40:00,259.071,259.2708,258.8912,259.121,187172.0
2026-04-10 13:45:00,259.111,259.1659,258.9311,259.066,125300.0
2026-04-10 13:50:00,259.071,259.2309,259.0111,259.2259,127765.0
2026-04-10 13:55:00,259.2259,259.5905,259.2209,259.4556,173416.0
2026-04-10 14:00:00,259.4457,259.4706,259.2259,259.2405,159673.0
2026-04-10 14:05:00,259.2372,259.4507,259.1709,259.3358,177064.0
2026-04-10 14:10:00,259.3308,259.5406,259.2309,259.3208,156714.0
2026-04-10 14:15:00,259.3208,259.5506,259.3008,259.4906,133803.0
2026-04-10 14:20:00,259.4906,259.7304,259.4507,259.7204,155216.0
2026-04-10 14:25:00,259.7104,259.9102,259.6505,259.8803,184679.0
2026-04-10 14:30:00,259.8703,259.9602,259.7604,259.8653,214923.0
2026-04-10 14:35:00,259.8603,259.8603,259.6804,259.7604,167423.0
2026-04-10 14:40:00,259.7504,259.8803,259.6205,259.8503,157996.0
2026-04-10 14:45:00,259.8403,259.8803,259.6804,259.7504,115207.0
2026-04-10 14:50:00,259.7304,259.7304,259.5456,259.5805,139036.0
2026-04-10 14:55:00,259.5805,259.5805,259.4507,259.4906,199278.0
2026-04-10 15:00:00,259.4906,259.5905,259.4407,259.5306,219697.0
2026-04-10 15:05:00,259.5306,259.7354,259.3907,259.4457,216256.0
2026-04-10 15:10:00,259.4507,259.7804,259.4407,259.6405,196172.0
2026-04-10 15:15:00,259.6455,259.6455,259.3408,259.3907,218420.0
2026-04-10 15:20:00,259.3807,259.4357,259.2109,259.2808,242551.0
2026-04-10 15:25:00,259.2558,259.4956,259.111,259.4806,299265.0
2026-04-10 15:30:00,259.4806,259.5306,259.221,259.2608,350093.0
2026-04-10 15:35:00,259.2658,259.309,259.051,259.2608,330432.0
2026-04-10 15:40:00,259.2608,259.4457,259.091,259.4007,368185.0
2026-04-10 15:45:00,259.3807,259.5805,259.3358,259.4207,342248.0
2026-04-10 15:50:00,259.4207,259.8403,259.2908,259.7704,655163.0
2026-04-10 15:55:00,259.7903,260.2999,259.7903,260.14,1609080.0
2026-04-13 09:30:00,259.4906,259.9402,257.7622,258.3617,1380638.0
2026-04-13 09:35:00,258.3517,258.3517,257.2827,257.5774,635091.0
2026-04-13 09:40:00,257.5884,257.8821,257.3826,257.6573,359043.0
2026-04-13 09:45:00,257.6823,258.022,257.2627,257.947,493678.0
2026-04-13 09:50:00,257.9321,258.2917,257.0629,257.3426,438501.0
2026-04-13 09:55:00,257.3326,257.5324,256.9629,257.3426,424595.0
2026-04-13 10:00:00,257.3076,257.4075,256.4634,256.7831,707990.0
2026-04-13 10:05:00,256.7731,257.3226,256.4234,257.3226,543765.0
2026-04-13 10:10:00,257.3076,257.7622,257.2627,257.6773,378705.0
2026-04-13 10:15:00,257.6623,257.6623,256.9629,257.2647,242317.0
2026-04-13 10:20:00,257.2627,257.6823,256.863,257.3526,233387.0
2026-04-13 10:25:00,257.3626,257.3926,256.9629,257.0828,204803.0
2026-04-13 10:30:00,257.0728,257.5524,257.0329,257.4726,226766.0
2026-04-13 10:35:00,257.4675,257.4675,256.943,256.9829,248758.0
2026-04-13 10:40:00,256.9729,257.2627,256.8931,257.2527,222892.0
2026-04-13 10:45:00,257.2327,257.2427,256.873,256.903,293637.0
2026-04-13 10:50:00,256.933,257.2427,256.863,257.2027,348627.0
2026-04-13 10:55:00,257.1927,257.5923,257.0329,257.5674,302921.0
2026-04-13 11:00:00,257.5824,257.6423,257.2127,257.3026,420201.0
2026-04-13 11:05:00,257.3026,257.4725,257.1728,257.3626,341271.0
2026-04-13 11:10:00,257.3676,257.5524,257.2527,257.4475,230838.0
2026-04-13 11:15:00,257.4625,257.4825,256.9829,257.0579,289415.0
2026-04-13 11:20:00,257.0679,257.3626,257.0329,257.1728,216905.0
2026-04-13 11:25:00,257.1638,257.5824,257.1228,257.4725,355018.0
2026-04-13 11:30:00,257.4925,257.5224,257.2427,257.3026,236769.0
2026-04-13 11:35:00,257.2976,257.3126,257.1078,257.1278,196289.0
2026-04-13 11:40:00,257.1423,257.2627,256.7931,256.878,392489.0
2026-04-13 11:45:00,256.878,256.9729,256.7931,256.8431,260194.0
2026-04-13 11:50:00,256.8531,256.933,256.6233,256.863,316870.0
2026-04-13 11:55:00,256.863,256.9929,256.6632,256.7831,230240.0
2026-04-13 12:00:00,256.7831,256.8531,256.6439,256.6932,145435.0
2026-04-13 12:05:00,256.6932,257.0529,256.5433,256.7531,318009.0
2026-04-13 12:10:00,256.7531,256.8081,256.6732,256.7531,207939.0
2026-04-13 12:15:00,256.7531,256.91,256.5633,256.8431,237625.0
2026-04-13 12:20:00,256.8531,257.2427,256.7749,257.1528,287888.0
2026-04-13 12:25:00,257.1618,257.6373,257.1128,257.5424,306211.0
2026-04-13 12:30:00,257.5674,258.1019,257.5074,257.7023,271313.0
2026-04-13 12:35:00,257.6923,258.1219,257.5724,257.5824,237779.0
2026-04-13 12:40:00,257.5974,257.8122,257.2778,257.7522,323970.0
2026-04-13 12:45:00,257.7422,258.002,257.6004,257.6423,248704.0
2026-04-13 12:50:00,257.6523,258.0119,257.5524,257.6523,243942.0
2026-04-13 12:55:00,257.6423,257.7221,257.4892,257.6074,213286.0
2026-04-13 13:00:00,257.6124,257.7422,257.4225,257.7422,148411.0
2026-04-13 13:05:00,257.7422,257.7521,257.5224,257.6074,138892.0
2026-04-13 13:10:00,257.6024,257.6923,257.5924,257.6523,116341.0
2026-04-13 13:15:00,257.6573,257.962,257.6573,257.8621,163310.0
2026-04-13 13:20:00,257.8422,257.8521,257.6723,257.7023,116087.0
2026-04-13 13:25:00,257.6923,257.7422,257.5824,257.6273,138388.0
2026-04-13 13:30:00,257.6273,257.6923,257.4526,257.4635,169764.0
2026-04-13 13:35:00,257.4675,257.5624,257.3726,257.5124,184329.0
2026-04-13 13:40:00,257.4925,257.5323,257.3726,257.4325,185582.0
2026-04-13 13:45:00,257.4225,257.4575,257.3126,257.3926,151961.0
2026-04-13 13:50:00,257.3826,257.4725,257.2827,257.4425,134274.0
2026-04-13 13:55:00,257.4325,257.6124,257.3426,257.3476,217682.0
2026-04-13 14:00:00,257.3526,257.5324,257.3434,257.4225,176686.0
2026-04-13 14:05:00,257.4275,257.5824,257.4025,257.5424,157251.0
2026-04-13 14:10:00,257.5372,257.6723,257.5224,257.6524,129695.0
2026-04-13 14:15:00,257.6673,257.8122,257.6173,257.7873,188913.0
2026-04-13 14:20:00,257.7912,257.962,257.7223,257.8172,237540.0
2026-04-13 14:25:00,257.8122,257.8371,257.6223,257.6423,179908.0
2026-04-13 14:30:00,257.6323,257.8921,257.6223,257.8072,199108.0
2026-04-13 14:35:00,257.8072,257.982,257.7522,257.942,195077.0
2026-04-13 14:40:00,257.952,258.1469,257.8728,258.1269,300890.0
2026-04-13 14:45:00,258.1269,258.2018,258.017,258.042,202184.0
2026-04-13 14:50:00,258.0321,258.2218,257.992,258.1768,171357.0
2026-04-13 14:55:00,258.1718,258.2418,258.122,258.1419,170346.0
2026-04-13 15:00:00,258.1319,258.1618,257.8821,257.8821,171309.0
2026-04-13 15:05:00,257.8721,257.8921,257.5624,257.6323,244678.0
2026-04-13 15:10:00,257.6423,257.8122,257.6124,257.7722,181515.0
2026-04-13 15:15:00,257.7722,257.8521,257.7222,257.7622,172595.0
2026-04-13 15:20:00,257.7422,257.8631,257.6723,257.8321,198900.0
2026-04-13 15:25:00,257.8321,257.8421,257.6024,257.6124,304766.0
2026-04-13 15:30:00,257.6074,257.6723,257.4325,257.4775,308982.0
2026-04-13 15:35:00,257.4725,257.5975,257.3926,257.5474,290160.0
2026-04-13 15:40:00,257.5474,257.5923,257.4275,257.5624,306453.0
2026-04-13 15:45:00,257.5674,257.6923,257.3526,257.5124,476415.0
2026-04-13 15:50:00,257.5124,259.2508,257.5124,258.8612,1105593.0
2026-04-13 15:55:00,258.8662,259.3408,258.8013,258.9711,2535105.0
2026-04-14 09:30:00,259.0061,260.0901,258.8612,259.8053,1635904.0
2026-04-14 09:35:00,259.7903,260.9193,259.7804,260.6546,969246.0
2026-04-14 09:40:00,260.6296,261.5387,260.3599,261.279,722838.0
2026-04-14 09:45:00,261.269,261.6886,260.4797,260.6396,733301.0
2026-04-14 09:50:00,260.6695,260.7145,259.5705,259.711,383135.0
2026-04-14 09:55:00,259.7204,259.8503,259.1111,259.1909,459399.0
2026-04-14 10:00:00,259.1809,259.7004,259.1609,259.5207,564411.0
2026-04-14 10:05:00,259.5905,260.13,259.5705,260.0151,477416.0
2026-04-14 10:10:00,259.9803,260.14,259.3108,260.0301,498975.0
2026-04-14 10:15:00,260.0451,260.0601,259.2608,259.3008,439151.0
2026-04-14 10:20:00,259.3208,259.4007,258.7913,258.8512,391096.0
2026-04-14 10:25:00,258.8091,259.3208,258.8091,259.091,341318.0
2026-04-14 10:30:00,259.091,259.1309,258.933,258.9811,261598.0
2026-04-14 10:35:00,258.9761,259.2009,258.5815,258.6014,371348.0
2026-04-14 10:40:00,258.6014,258.6014,257.962,258.002,562341.0
2026-04-14 10:45:00,258.022,258.032,257.5824,257.6124,606859.0
2026-04-14 10:50:00,257.6124,257.8621,257.4325,257.862,604686.0
2026-04-14 10:55:00,257.8422,257.9719,257.5724,257.5974,394250.0
2026-04-14 11:00:00,257.5924,257.8421,257.4925,257.7822,300400.0
2026-04-14 11:05:00,257.7872,257.9121,257.6024,257.7422,299633.0
2026-04-14 11:10:00,257.7222,257.7822,257.3726,257.4025,517179.0
2026-04-14 11:15:00,257.3926,257.6024,257.3926,257.5424,302449.0
2026-04-14 11:20:00,257.5524,257.6623,257.3917,257.5025,229663.0
2026-04-14 11:25:00,257.5121,257.952,257.5025,257.8176,370372.0
2026-04-14 11:30:00,257.8022,257.9221,257.6923,257.7023,388090.0
2026-04-14 11:35:00,257.7023,257.8821,257.5025,257.6773,526023.0
2026-04-14 11:40:00,257.6723,258.1519,257.5724,257.9995,457472.0
2026-04-14 11:45:00,257.992,258.0619,257.5124,257.5624,415916.0
2026-04-14 11:50:00,257.5624,257.8172,257.4625,257.6223,384744.0
2026-04-14 11:55:00,257.6273,257.6623,257.4025,257.4925,259369.0
2026-04-14 12:00:00,257.4825,257.6323,257.4325,257.4875,244501.0
2026-04-14 12:05:00,257.4828,257.5624,257.0828,257.0928,370209.0
2026-04-14 12:10:00,257.0828,257.2827,257.0179,257.1578,248692.0
2026-04-14 12:15:00,257.1628,257.2127,256.953,257.1283,286421.0
2026-04-14 12:20:00,257.1278,257.2027,257.0329,257.1728,251486.0
2026-04-14 12:25:00,257.1827,257.5154,257.0728,257.4625,328399.0
2026-04-14 12:30:00,257.4525,257.6423,257.3826,257.5974,303441.0
2026-04-14 12:35:00,257.6024,258.1119,257.6024,258.062,472240.0
2026-04-14 12:40:00,258.0719,258.4815,258.0519,258.4815,372441.0
2026-04-14 12:45:00,258.5015,259.3707,258.5015,259.3458,503130.0
2026-04-14 12:50:00,259.3408,259.4906,259.071,259.1709,565639.0
2026-04-14 12:55:00,259.1659,259.2508,258.9213,259.071,269893.0
2026-04-14 13:00:00,259.081,259.5006,259.081,259.3757,304141.0
2026-04-14 13:05:00,259.3707,259.5257,259.2458,259.2808,230506.0
2026-04-14 13:10:00,259.2908,259.4207,259.116,259.121,171179.0
2026-04-14 13:15:00,259.121,259.3158,259.061,259.2309,257211.0
2026-04-14 13:20:00,259.2209,259.3408,258.9511,258.9811,274377.0
2026-04-14 13:25:00,258.9611,258.9811,257.6582,258.4216,373148.0
2026-04-14 13:30:00,258.4216,258.4216,258.0819,258.1819,237510.0
2026-04-14 13:35:00,258.1818,258.1918,257.6623,257.7372,396452.0
2026-04-14 13:40:00,257.7422,258.0415,257.5124,258.0298,393343.0
2026-04-14 13:45:00,258.022,258.1868,257.9021,258.0719,262829.0
2026-04-14 13:50:00,258.0619,258.0918,257.8621,257.952,135327.0
2026-04-14 13:55:00,257.942,258.1768,257.942,258.1618,123959.0
2026-04-14 14:00:00,258.1668,258.6214,258.1568,258.6114,246380.0
2026-04-14 14:05:00,258.6014,258.6414,258.4716,258.5315,149995.0
2026-04-14 14:10:00,258.5415,258.6814,258.5015,258.5465,188702.0
2026-04-14 14:15:00,258.5514,258.5514,258.3377,258.3824,183499.0
2026-04-14 14:20:00,258.4216,258.6114,258.2817,258.5215,211393.0
2026-04-14 14:25:00,258.5115,258.7313,258.4815,258.5415,183338.0
2026-04-14 14:30:00,258.5415,258.5715,258.2618,258.2867,155778.0
2026-04-14 14:35:00,258.2818,258.3217,258.1319,258.1918,190333.0
2026-04-14 14:40:00,258.1968,258.3017,257.8721,257.9619,235149.0
2026-04-14 14:45:00,257.942,258.0614,257.8022,257.8122,200432.0
2026-04-14 14:50:00,257.8072,258.2759,257.7222,257.8421,266943.0
2026-04-14 14:55:00,257.8471,257.8671,257.6923,257.7672,220098.0
2026-04-14 15:00:00,257.7622,257.7722,257.5124,257.6323,349260.0
2026-04-14 15:05:00,257.6323,257.9021,257.6173,257.7622,318565.0
2026-04-14 15:10:00,257.7622,258.2517,257.7322,257.992,331998.0
2026-04-14 15:15:00,258.007,258.3417,257.982,258.012,258548.0
2026-04-14 15:20:00,258.035,258.3716,258.032,258.3514,182114.0
2026-04-14 15:25:00,258.3518,258.4316,258.002,258.0869,366189.0
2026-04-14 15:30:00,258.0869,258.2917,257.982,257.992,285093.0
2026-04-14 15:35:00,257.992,258.4415,257.9121,258.3966,363633.0
2026-04-14 15:40:00,258.3966,258.4315,258.1519,258.2867,1758719.0
2026-04-14 15:45:00,258.2618,258.2917,257.972,258.017,322147.0
2026-04-14 15:50:00,258.032,258.4616,257.967,257.967,723696.0
2026-04-14 15:55:00,257.972,258.6314,257.972,258.6164,1868973.0
2026-04-15 09:30:00,257.9221,259.7404,257.5724,259.3907,1667889.0
2026-04-15 09:35:00,259.3907,260.0601,259.1509,259.8753,853388.0
2026-04-15 09:40:00,259.889,259.9602,258.2318,258.3067,769440.0
2026-04-15 09:45:00,258.3067,258.6514,257.5924,257.7882,670781.0
2026-04-15 09:50:00,257.7822,258.3117,257.7822,258.1119,385935.0
2026-04-15 09:55:00,258.1219,258.7213,258.1219,258.4216,551975.0
2026-04-15 10:00:00,258.4016,259.0211,258.3615,258.8612,429632.0
2026-04-15 10:05:00,258.8412,259.3308,258.8112,259.2109,329411.0
2026-04-15 10:10:00,259.2009,259.9202,259.106,259.9201,621135.0
2026-04-15 10:15:00,259.9302,260.7994,259.9302,260.6096,897478.0
2026-04-15 10:20:00,260.6096,260.7095,260.0601,260.3099,436890.0
2026-04-15 10:25:00,260.3248,260.4595,260.135,260.4397,311589.0
2026-04-15 10:30:00,260.4597,260.8893,260.3599,260.4797,508238.0
2026-04-15 10:35:00,260.4997,260.6995,260.21,260.2399,466891.0
2026-04-15 10:40:00,260.2199,261.099,260.18,261.0492,500310.0
2026-04-15 10:45:00,261.0592,261.7985,260.9493,261.7785,866824.0
2026-04-15 10:50:00,261.776,262.5328,261.4338,262.4879,594011.0
2026-04-15 10:55:00,262.4879,263.0773,262.4029,262.7027,875194.0
2026-04-15 11:00:00,262.7176,263.7067,262.7126,263.6476,771836.0
2026-04-15 11:05:00,263.6468,263.8766,262.5378,262.6377,1040450.0
2026-04-15 11:10:00,262.6477,263.375,262.6373,263.2372,610874.0
2026-04-15 11:15:00,263.2271,263.2871,262.6277,262.8275,350200.0
2026-04-15 11:20:00,262.8175,262.8225,262.2081,262.5578,466002.0
2026-04-15 11:25:00,262.5478,262.9574,262.4879,262.9274,397074.0
2026-04-15 11:30:00,262.9175,263.3371,262.7426,263.3021,418304.0
2026-04-15 11:35:00,263.3171,263.5266,263.0373,263.1522,362797.0
2026-04-15 11:40:00,263.1472,263.5968,263.1075,263.427,424123.0
2026-04-15 11:45:00,263.417,263.5768,263.2971,263.4719,351237.0
2026-04-15 11:50:00,263.4869,264.496,263.4869,264.3212,624899.0
2026-04-15 11:55:00,264.3212,264.526,264.0464,264.1513,449891.0
2026-04-15 12:00:00,264.1363,264.7857,264.0664,264.7308,622320.0
2026-04-15 12:05:00,264.7308,265.1554,264.2862,265.1254,609702.0
2026-04-15 12:10:00,265.1154,265.1754,264.8856,265.0555,439841.0
2026-04-15 12:15:00,265.0555,265.2653,264.7756,264.8257,564789.0
2026-04-15 12:20:00,264.8257,264.8457,264.5659,264.7857,290022.0
2026-04-15 12:25:00,264.7857,264.8856,264.2862,264.3351,398455.0
2026-04-15 12:30:00,264.3361,264.7857,263.9965,264.7458,390684.0
2026-04-15 12:35:00,264.7558,265.1054,264.5759,265.0205,412904.0
2026-04-15 12:40:00,265.0355,265.1454,264.486,264.541,479072.0
2026-04-15 12:45:00,264.516,264.6658,264.2862,264.5859,492484.0
2026-04-15 12:50:00,264.5859,264.6459,264.0964,264.3361,401628.0
2026-04-15 12:55:00,264.3461,265.2153,264.3262,265.2103,451161.0
2026-04-15 13:00:00,265.2153,265.3352,265.0155,265.3352,425392.0
2026-04-15 13:05:00,265.3452,265.545,265.1154,265.2703,358375.0
2026-04-15 13:10:00,265.2653,265.4052,265.236,265.3402,212720.0
2026-04-15 13:15:00,265.3352,265.4601,264.9156,264.9206,301232.0
2026-04-15 13:20:00,264.9156,265.0055,264.6658,264.7558,275392.0
2026-04-15 13:25:00,264.7608,264.8756,264.6159,264.7008,173788.0
2026-04-15 13:30:00,264.6858,264.7158,264.506,264.6858,178177.0
2026-04-15 13:35:00,264.6758,264.7458,264.4561,264.521,663612.0
2026-04-15 13:40:00,264.516,264.5759,264.3761,264.5759,186115.0
2026-04-15 13:45:00,264.5508,264.6658,264.4361,264.4361,162309.0
2026-04-15 13:50:00,264.4411,264.6159,264.4311,264.516,176457.0
2026-04-15 13:55:00,264.511,264.5609,264.1563,264.1563,218382.0
2026-04-15 14:00:00,264.1463,264.7058,264.0564,264.506,253327.0
2026-04-15 14:05:00,264.536,264.8157,264.501,264.7857,209161.0
2026-04-15 14:10:00,264.7857,264.8657,264.6559,264.7857,166875.0
2026-04-15 14:15:00,264.7857,264.9706,264.7857,264.8257,188040.0
2026-04-15 14:20:00,264.8257,265.0555,264.7458,264.985,200799.0
2026-04-15 14:25:00,264.9756,265.0155,264.8657,264.9366,147264.0
2026-04-15 14:30:00,264.9356,265.3552,264.9356,265.3552,268075.0
2026-04-15 14:35:00,265.3352,265.4451,265.2953,265.4002,181907.0
2026-04-15 14:40:00,265.4052,265.4451,265.1554,265.3452,170801.0
2026-04-15 14:45:00,265.3452,265.4851,265.3419,265.3994,195048.0
2026-04-15 14:50:00,265.3952,265.4751,265.3752,265.4052,185854.0
2026-04-15 14:55:00,265.4002,265.62,265.3902,265.3953,249622.0
2026-04-15 15:00:00,265.4052,265.545,265.1554,265.2953,357814.0
2026-04-15 15:05:00,265.2953,265.3602,265.2253,265.2753,314431.0
2026-04-15 15:10:00,265.2736,265.3652,265.0954,265.2004,246762.0
2026-04-15 15:15:00,265.2053,265.4152,265.2053,265.2853,265587.0
2026-04-15 15:20:00,265.2903,265.2903,265.1154,265.2753,277147.0
2026-04-15 15:25:00,265.2853,265.4451,265.0255,265.1154,257449.0
2026-04-15 15:30:00,265.0655,265.5051,265.0055,265.4751,408601.0
2026-04-15 15:35:00,265.4701,265.6849,265.4551,265.6,433181.0
2026-04-15 15:40:00,265.6,265.6,265.2753,265.4951,489592.0
2026-04-15 15:45:00,265.4951,265.7748,265.4501,265.555,601489.0
2026-04-15 15:50:00,265.565,265.9746,265.4452,265.7498,1344502.0
2026-04-15 15:55:00,265.7448,266.3143,265.7349,266.1245,3220738.0
2026-04-16 09:30:00,266.5541,266.9138,263.5369,263.8566,2699925.0
2026-04-16 09:35:00,263.8666,263.8866,262.7276,262.7576,1178367.0
2026-04-16 09:40:00,262.7576,262.9175,261.9583,262.7266,1148102.0
2026-04-16 09:45:00,262.6977,262.7476,261.7785,262.7276,841678.0
2026-04-16 09:50:00,262.7276,262.7876,262.2081,262.4179,717579.0
2026-04-16 09:55:00,262.4079,262.5778,262.0383,262.0982,636729.0
2026-04-16 10:00:00,262.1132,262.318,261.8185,262.2481,655834.0
2026-04-16 10:05:00,262.2481,262.328,261.0692,261.7785,999222.0
2026-04-16 10:10:00,261.7685,262.358,261.7286,262.0932,632154.0
2026-04-16 10:15:00,262.0982,262.348,261.6886,261.9883,512308.0
2026-04-16 10:20:00,261.9983,262.0483,261.6187,261.8984,453324.0
2026-04-16 10:25:00,261.9034,262.0183,261.6236,261.8185,354603.0
2026-04-16 10:30:00,261.8484,262.0984,261.7286,261.9384,353983.0
2026-04-16 10:35:00,261.9334,262.0133,261.7316,261.8285,322852.0
2026-04-16 10:40:00,261.8484,261.9456,261.6786,261.9285,356699.0
2026-04-16 10:45:00,261.9484,261.9484,261.3589,261.5187,412855.0
2026-04-16 10:50:00,261.5237,261.5387,261.0292,261.4288,541247.0
2026-04-16 10:55:00,261.4388,261.6886,261.249,261.6286,414351.0
2026-04-16 11:00:00,261.6087,262.323,261.6087,262.318,491805.0
2026-04-16 11:05:00,262.313,262.4029,262.0982,262.368,458001.0
2026-04-16 11:10:00,262.3879,262.4879,262.1781,262.2281,354488.0
2026-04-16 11:15:00,262.2281,262.4579,262.1482,262.1582,308281.0
2026-04-16 11:20:00,262.1781,262.3929,261.8884,262.0103,383928.0
2026-04-16 11:25:00,262.0083,262.313,261.9284,261.9983,399970.0
2026-04-16 11:30:00,262.0083,262.358,261.9484,262.358,280223.0
2026-04-16 11:35:00,262.363,262.7176,262.338,262.4479,406971.0
2026-04-16 11:40:00,262.4579,262.7375,262.2481,262.7276,359321.0
2026-04-16 11:45:00,262.7326,262.9574,262.7276,262.9574,336601.0
2026-04-16 11:50:00,262.9474,263.2122,262.9025,263.0573,351334.0
2026-04-16 11:55:00,263.0373,263.392,263.0373,263.2672,457646.0
2026-04-16 12:00:00,263.2821,263.447,263.2174,263.442,309637.0
2026-04-16 12:05:00,263.4445,263.7117,263.2172,263.7067,309634.0
2026-04-16 12:10:00,263.7017,263.9865,263.6447,263.9565,309181.0
2026-04-16 12:15:00,263.9865,264.1563,263.9065,263.9865,384741.0
2026-04-16 12:20:00,263.9865,264.1213,263.437,263.5868,377742.0
2026-04-16 12:25:00,263.5968,263.8716,263.5169,263.8367,242475.0
2026-04-16 12:30:00,263.8466,263.8816,263.1173,263.4869,402889.0
2026-04-16 12:35:00,263.4969,263.8366,263.4669,263.7967,211020.0
2026-04-16 12:40:00,263.8266,263.9251,263.6269,263.7567,220598.0
2026-04-16 12:45:00,263.7717,263.8466,263.5469,263.7167,204782.0
2026-04-16 12:50:00,263.6967,263.8216,263.2272,263.2772,217341.0
2026-04-16 12:55:00,263.2871,263.3421,262.9424,262.9624,213207.0
2026-04-16 13:00:00,262.9674,263.1273,262.9025,263.0473,321550.0
2026-04-16 13:05:00,263.0373,263.2072,262.8475,263.1672,177820.0
2026-04-16 13:10:00,263.1772,263.397,263.1273,263.1572,191419.0
2026-04-16 13:15:00,263.148,263.2771,262.9875,263.0974,193181.0
2026-04-16 13:20:00,263.1073,263.427,262.9575,263.367,167734.0
2026-04-16 13:25:00,263.367,263.457,263.1772,263.2771,170154.0
2026-04-16 13:30:00,263.2871,263.457,263.2372,263.2821,155193.0
2026-04-16 13:35:00,263.2871,263.2871,263.0473,263.1772,208025.0
2026-04-16 13:40:00,263.1672,263.4969,263.1572,263.392,162378.0
2026-04-16 13:45:00,263.407,263.5268,263.3572,263.4669,148287.0
2026-04-16 13:50:00,263.4669,263.4868,263.3571,263.427,112671.0
2026-04-16 13:55:00,263.427,263.5768,263.1802,263.5669,219834.0
2026-04-16 14:00:00,263.5569,263.9265,263.4969,263.6967,268980.0
2026-04-16 14:05:00,263.7067,263.8865,263.5569,263.6967,230917.0
2026-04-16 14:10:00,263.6818,263.7467,263.4969,263.6068,245229.0
2026-04-16 14:15:00,263.5968,263.704,263.412,263.442,255638.0
2026-04-16 14:20:00,263.4385,263.5669,263.0573,263.1172,225948.0
2026-04-16 14:25:00,263.1173,263.377,263.1173,263.3371,203207.0
2026-04-16 14:30:00,263.3471,263.6368,263.2971,263.6168,242603.0
2026-04-16 14:35:00,263.6068,263.8416,263.5569,263.8166,241743.0
2026-04-16 14:40:00,263.8366,263.9365,263.7567,263.8266,220639.0
2026-04-16 14:45:00,263.8216,263.9765,263.7966,263.8866,221725.0
2026-04-16 14:50:00,263.8866,264.0065,263.7267,263.9315,180107.0
2026-04-16 14:55:00,263.9315,264.1263,263.8466,264.1262,198163.0
2026-04-16 15:00:00,264.1263,264.3062,264.0564,264.2362,244973.0
2026-04-16 15:05:00,264.2462,264.3061,263.9966,263.9966,297015.0
2026-04-16 15:10:00,264.0065,264.0664,263.8766,263.9865,287995.0
2026-04-16 15:15:00,263.9766,264.0664,263.443,263.6867,509143.0
2026-04-16 15:20:00,263.6917,263.7067,263.2871,263.3571,320094.0
2026-04-16 15:25:00,263.3571,263.4869,263.2372,263.387,295246.0
2026-04-16 15:30:00,263.387,263.457,263.2671,263.3472,254855.0
2026-04-16 15:35:00,263.3571,263.6768,263.3071,263.6668,367978.0
2026-04-16 15:40:00,263.6668,263.7267,263.4769,263.5269,340546.0
2026-04-16 15:45:00,263.5279,263.7867,263.487,263.6268,399455.0
2026-04-16 15:50:00,263.6168,264.0065,263.3071,263.422,710525.0
2026-04-16 15:55:00,263.427,263.5169,263.0174,263.1173,1594335.0
2026-04-17 09:30:00,266.714,268.1625,266.4742,268.1625,6495879.0
2026-04-17 09:35:00,268.1466,269.5513,267.9828,268.0427,1448989.0
2026-04-17 09:40:00,268.0293,268.0293,267.1036,267.6931,674228.0
2026-04-17 09:45:00,267.723,268.2425,267.1835,267.8129,954459.0
2026-04-17 09:50:00,267.8129,268.5423,267.6831,268.1121,555313.0
2026-04-17 09:55:00,268.1127,269.2716,268.0627,268.7371,662447.0
2026-04-17 10:00:00,268.7321,268.9819,268.2925,268.5523,1032926.0
2026-04-17 10:05:00,268.5423,268.822,268.3225,268.6622,1751077.0
2026-04-17 10:10:00,268.6821,268.822,268.3524,268.812,387024.0
2026-04-17 10:15:00,268.842,269.1617,268.5622,268.6871,366932.0
2026-04-17 10:20:00,268.7221,269.0818,268.5922,268.9812,331347.0
2026-04-17 10:25:00,268.9819,269.1217,268.2549,268.3375,470169.0
2026-04-17 10:30:00,268.3524,269.1817,268.1926,269.0318,486187.0
2026-04-17 10:35:00,269.0318,269.4314,268.9669,269.2866,479790.0
2026-04-17 10:40:00,269.2816,269.6313,269.1617,269.5014,617400.0
2026-04-17 10:45:00,269.5314,270.1508,269.4514,270.1208,1046681.0
2026-04-17 10:50:00,270.1158,270.2107,269.8111,269.9909,542305.0
2026-04-17 10:55:00,269.9859,270.0908,269.2516,270.0009,439201.0
2026-04-17 11:00:00,270.0211,271.2198,269.9709,271.1589,941498.0
2026-04-17 11:05:00,271.1599,271.4796,271.05,271.1798,690842.0
2026-04-17 11:10:00,271.1599,271.4196,271.0799,271.3347,533194.0
2026-04-17 11:15:00,271.3397,271.7193,271.1199,271.1599,648088.0
2026-04-17 11:20:00,271.1698,271.3253,270.96,271.2149,509371.0
2026-04-17 11:25:00,271.2248,271.8492,271.2248,271.6894,546860.0
2026-04-17 11:30:00,271.6994,272.049,271.6844,271.8542,560325.0
2026-04-17 11:35:00,271.8492,272.049,271.6694,271.6794,386658.0
2026-04-17 11:40:00,271.6994,271.7592,271.1099,271.1798,482504.0
2026-04-17 11:45:00,271.1798,271.5695,271.1798,271.2897,401013.0
2026-04-17 11:50:00,271.2897,271.6194,271.1099,271.1499,270923.0
2026-04-17 11:55:00,271.1399,271.2166,270.6303,270.7203,332078.0
2026-04-17 12:00:00,270.7203,271.1698,270.5204,271.1099,319163.0
2026-04-17 12:05:00,271.0999,271.1499,270.9001,270.9401,245239.0
2026-04-17 12:10:00,270.9401,271.2298,270.9001,271.0599,273814.0
2026-04-17 12:15:00,271.0599,271.3696,270.9251,271.3347,310542.0
2026-04-17 12:20:00,271.3396,271.3396,271.1698,271.2598,201327.0
2026-04-17 12:25:00,271.2648,271.3747,271.1998,271.2997,251069.0
2026-04-17 12:30:00,271.3097,271.4894,271.2498,271.3297,314875.0
2026-04-17 12:35:00,271.3447,271.4395,271.1299,271.3422,767370.0
2026-04-17 12:40:00,271.3397,271.4796,271.1698,271.3297,215529.0
2026-04-17 12:45:00,271.3297,271.3497,270.8002,270.8501,332269.0
2026-04-17 12:50:00,270.8501,270.9401,270.6353,270.6703,268477.0
2026-04-17 12:55:00,270.6703,270.8401,270.5804,270.7203,1727400.0
2026-04-17 13:00:00,270.7203,271.2098,270.6303,271.1698,316247.0
2026-04-17 13:05:00,271.1698,271.2398,270.8501,270.96,763093.0
2026-04-17 13:10:00,270.95,270.98,270.7003,270.8002,214308.0
2026-04-17 13:15:00,270.8002,270.8601,270.3806,270.4205,241605.0
2026-04-17 13:20:00,270.4006,270.5105,269.921,270.0908,453801.0
2026-04-17 13:25:00,270.1108,270.4805,270.0109,270.3306,262168.0
2026-04-17 13:30:00,270.3306,270.4605,270.1308,270.3006,524131.0
2026-04-17 13:35:00,270.3006,270.4805,270.2057,270.3006,201384.0
2026-04-17 13:40:00,270.3106,270.3806,270.1509,270.1907,182055.0
2026-04-17 13:45:00,270.1808,270.3806,270.0559,270.0709,255846.0
2026-04-17 13:50:00,270.0609,270.0908,269.911,269.9909,296118.0
2026-04-17 13:55:00,269.9909,270.1209,269.931,270.0009,194860.0
2026-04-17 14:00:00,270.0109,270.2007,269.901,270.0808,223938.0
2026-04-17 14:05:00,270.0838,270.2107,269.891,269.891,248601.0
2026-04-17 14:10:00,269.871,269.951,269.6712,269.7711,298211.0
2026-04-17 14:15:00,269.7711,270.0709,269.7711,269.926,231935.0
2026-04-17 14:20:00,269.9183,270.0593,269.6912,270.0409,245092.0
2026-04-17 14:25:00,269.9959,270.2807,269.911,269.941,272364.0
2026-04-17 14:30:00,269.941,270.3105,269.941,270.2907,1012444.0
2026-04-17 14:35:00,270.2907,270.5504,270.2707,270.4905,293981.0
2026-04-17 14:40:00,270.5005,270.5404,270.2207,270.3656,182371.0
2026-04-17 14:45:00,270.3507,270.4105,270.0808,270.1108,224325.0
2026-04-17 14:50:00,270.1408,271.9391,269.5513,269.6812,352881.0
2026-04-17 14:55:00,269.6712,270.0109,269.6712,269.871,254780.0
2026-04-17 15:00:00,269.871,269.881,269.7112,269.8311,262257.0
2026-04-17 15:05:00,269.8211,269.8211,269.5314,269.6163,232564.0
2026-04-17 15:10:00,269.6163,269.6163,269.3516,269.3765,336841.0
2026-04-17 15:15:00,269.3715,269.5214,269.3116,269.4564,307566.0
2026-04-17 15:20:00,269.4614,269.5413,269.2816,269.4964,387787.0
2026-04-17 15:25:00,269.4964,269.5613,269.3416,269.4564,237833.0
2026-04-17 15:30:00,269.4614,270.0109,269.4116,269.932,366044.0
2026-04-17 15:35:00,269.931,270.1008,269.8011,270.0009,308942.0
2026-04-17 15:40:00,269.9909,270.2657,269.931,270.2307,486971.0
2026-04-17 15:45:00,270.2307,270.2807,270.0309,270.1108,456983.0
2026-04-17 15:50:00,270.1208,270.2407,269.4614,269.8311,1177001.0
2026-04-17 15:55:00,269.8221,270.1708,269.6912,269.936,1986484.0
2026-04-20 09:30:00,270.0808,272.2388,270.0409,272.183,1903231.0
2026-04-20 09:35:00,272.1489,272.9982,271.8292,272.2389,1132202.0
2026-04-20 09:40:00,272.2289,272.5486,271.6284,272.1989,837156.0
2026-04-20 09:45:00,272.1789,272.5686,271.8892,272.1939,842641.0
2026-04-20 09:50:00,272.1989,273.4133,272.059,273.3928,731096.0
2026-04-20 09:55:00,273.3928,273.8473,273.2729,273.6695,835422.0
2026-04-20 10:00:00,273.6775,273.9073,273.4577,273.6725,567011.0
2026-04-20 10:05:00,273.6575,274.0222,273.158,273.4977,670357.0
2026-04-20 10:10:00,273.4634,273.7075,272.9582,273.228,493467.0
2026-04-20 10:15:00,273.2479,273.8024,273.0581,273.3485,491837.0
2026-04-20 10:20:00,273.3428,273.9473,273.2779,273.9223,429833.0
2026-04-20 10:25:00,273.9223,273.9872,273.0581,273.128,425706.0
2026-04-20 10:30:00,273.1379,273.2579,272.6485,272.8383,399179.0
2026-04-20 10:35:00,272.8383,273.3179,272.7584,272.7983,307462.0
2026-04-20 10:40:00,272.8083,273.5976,272.3288,272.4137,355179.0
2026-04-20 10:45:00,272.4087,272.9082,272.3488,272.9032,252053.0
2026-04-20 10:50:00,272.889,272.9182,271.8442,272.3887,568088.0
2026-04-20 10:55:00,272.3687,272.3787,271.9491,272.1489,275506.0
2026-04-20 11:00:00,272.129,272.2239,271.6194,271.7293,375467.0
2026-04-20 11:05:00,271.7393,271.8292,271.5695,271.6294,306221.0
2026-04-20 11:10:00,271.6194,271.7393,271.4696,271.7193,208511.0
2026-04-20 11:15:00,271.7143,272.074,271.6894,271.7493,308884.0
2026-04-20 11:20:00,271.7693,272.3488,271.5395,272.2389,376039.0
2026-04-20 11:25:00,272.2389,272.7084,272.2389,272.6285,421013.0
2026-04-20 11:30:00,272.631,272.6585,271.9791,272.059,381544.0
2026-04-20 11:35:00,272.079,272.3987,271.8292,272.2888,224592.0
2026-04-20 11:40:00,272.2988,272.4287,272.0141,272.114,188317.0
2026-04-20 11:45:00,272.119,272.2687,271.9092,272.059,169865.0
2026-04-20 11:50:00,272.059,272.2488,271.9991,272.2139,168579.0
2026-04-20 11:55:00,272.2189,272.6185,272.2189,272.5277,244990.0
2026-04-20 12:00:00,272.5186,272.5985,272.2089,272.2988,179098.0
2026-04-20 12:05:00,272.3188,272.5386,272.079,272.1789,251082.0
2026-04-20 12:10:00,272.1839,272.1989,271.9142,272.0191,211667.0
2026-04-20 12:15:00,272.0091,272.3088,271.9791,272.3088,153145.0
2026-04-20 12:20:00,272.3288,272.3587,272.109,272.1484,169602.0
2026-04-20 12:25:00,272.1589,272.4327,272.1489,272.3188,157765.0
2026-04-20 12:30:00,272.3388,272.9082,272.3188,272.8583,318353.0
2026-04-20 12:35:00,272.8583,272.8833,272.5187,272.5586,214893.0
2026-04-20 12:40:00,272.5686,272.7884,272.4686,272.5735,189836.0
2026-04-20 12:45:00,272.5735,272.6235,272.2588,272.3887,186473.0
2026-04-20 12:50:00,272.4087,272.5086,272.3188,272.3791,138203.0
2026-04-20 12:55:00,272.3587,272.3687,272.099,272.099,136924.0
2026-04-20 13:00:00,272.124,272.129,271.5895,271.5994,276961.0
2026-04-20 13:05:00,271.5994,271.7893,271.5895,271.7296,155431.0
2026-04-20 13:10:00,271.7343,272.099,271.7293,272.06,242087.0
2026-04-20 13:15:00,272.069,272.3887,272.0191,272.3187,240931.0
2026-04-20 13:20:00,272.3088,272.3987,272.149,272.1689,150853.0
2026-04-20 13:25:00,272.1689,272.1689,271.9092,271.9391,151268.0
2026-04-20 13:30:00,271.9291,272.0291,271.7293,271.9461,287869.0
2026-04-20 13:35:00,271.9192,272.3388,271.8742,272.2638,156934.0
2026-04-20 13:40:00,272.2607,272.4287,272.2089,272.3038,163202.0
2026-04-20 13:45:00,272.3038,272.4187,272.2738,272.3787,153348.0
2026-04-20 13:50:00,272.3687,272.6883,272.3637,272.6685,186136.0
2026-04-20 13:55:00,272.6685,272.7184,272.3787,272.7084,220041.0
2026-04-20 14:00:00,272.7084,272.7384,272.5486,272.6485,151823.0
2026-04-20 14:05:00,272.6585,273.0981,272.6085,273.0881,349832.0
2026-04-20 14:10:00,273.0974,273.2479,272.9682,273.2429,340891.0
2026-04-20 14:15:00,273.2479,273.3578,273.168,273.2829,215742.0
2026-04-20 14:20:00,273.2879,273.3978,273.1107,273.3269,194156.0
2026-04-20 14:25:00,273.3279,273.3978,272.9782,273.218,292532.0
2026-04-20 14:30:00,273.208,273.208,272.8283,273.0481,223128.0
2026-04-20 14:35:00,273.0751,273.168,272.9483,273.0881,179425.0
2026-04-20 14:40:00,273.0781,273.168,272.7983,272.8233,159316.0
2026-04-20 14:45:00,272.8283,272.8883,272.7184,272.8583,130709.0
2026-04-20 14:50:00,272.8683,272.9482,272.8183,272.8982,127585.0
2026-04-20 14:55:00,272.8982,272.9282,272.7184,272.7384,131807.0
2026-04-20 15:00:00,272.7384,272.8483,272.6486,272.7884,162144.0
2026-04-20 15:05:00,272.7884,272.8982,272.7184,272.7484,175919.0
2026-04-20 15:10:00,272.7484,272.9382,272.7284,272.8833,184956.0
2026-04-20 15:15:00,272.8833,272.9582,272.8583,272.9532,158700.0
2026-04-20 15:20:00,272.9582,273.0081,272.8583,272.8836,202550.0
2026-04-20 15:25:00,272.8833,272.8982,272.4187,272.4387,340069.0
2026-04-20 15:30:00,272.3987,272.4587,272.1989,272.2289,302741.0
2026-04-20 15:35:00,272.2289,272.3687,272.069,272.1689,326079.0
2026-04-20 15:40:00,272.1589,272.2988,272.0191,272.2938,382455.0
2026-04-20 15:45:00,272.2988,272.3987,272.099,272.134,269387.0
2026-04-20 15:50:00,272.1489,272.5486,272.109,272.5086,677782.0
2026-04-20 15:55:00,272.5086,272.9082,272.1389,272.6785,1734112.0
2026-04-21 09:30:00,271.2498,272.5486,270.3506,270.7253,1965398.0
2026-04-21 09:35:00,270.7352,271.4096,270.2807,270.6503,954111.0
2026-04-21 09:40:00,270.6403,271.3597,270.4018,271.1599,472750.0
2026-04-21 09:45:00,271.1898,271.2198,270.4605,271.02,618674.0
2026-04-21 09:50:00,271.02,271.4396,270.9201,271.1998,456619.0
2026-04-21 09:55:00,271.2098,271.6594,271.1998,271.6194,418483.0
2026-04-21 10:00:00,271.6194,271.8093,271.1199,271.5445,418818.0
2026-04-21 10:05:00,271.5445,271.5795,270.5204,270.5304,532165.0
2026-04-21 10:10:00,270.5254,270.6204,270.0808,270.1448,527045.0
2026-04-21 10:15:00,270.17,270.3006,269.896,269.896,452234.0
2026-04-21 10:20:00,269.891,269.891,269.4015,269.5314,619637.0
2026-04-21 10:25:00,269.5314,269.5513,269.1217,269.3316,419756.0
2026-04-21 10:30:00,269.3315,269.6013,269.0618,269.1117,403906.0
2026-04-21 10:35:00,269.1167,269.2716,268.9519,269.0718,399366.0
2026-04-21 10:40:00,269.0318,269.2716,268.852,269.0668,371404.0
2026-04-21 10:45:00,269.0519,269.2216,268.882,269.0919,325290.0
2026-04-21 10:50:00,269.0918,269.3315,268.9719,269.2166,351556.0
2026-04-21 10:55:00,269.2116,269.2616,268.5023,268.5722,500231.0
2026-04-21 11:00:00,268.5922,268.7132,268.1826,268.2625,484082.0
2026-04-21 11:05:00,268.2657,268.6222,268.0827,268.5573,788211.0
2026-04-21 11:10:00,268.5822,268.8319,268.3924,268.6572,336817.0
2026-04-21 11:15:00,268.6422,268.6672,268.0977,268.1826,443525.0
2026-04-21 11:20:00,268.1627,268.1726,267.703,267.778,586384.0
2026-04-21 11:25:00,267.793,267.8329,267.5032,267.6831,411196.0
2026-04-21 11:30:00,267.6731,267.773,267.4233,267.5633,371395.0
2026-04-21 11:35:00,267.5732,267.6681,267.1935,267.3284,546148.0
2026-04-21 11:40:00,267.3338,267.4533,267.0041,267.0244,394171.0
2026-04-21 11:45:00,267.0237,267.2834,266.7639,267.0037,468760.0
2026-04-21 11:50:00,266.9937,267.0236,266.3743,266.4742,572420.0
2026-04-21 11:55:00,266.4792,266.714,266.3143,266.4742,377095.0
2026-04-21 12:00:00,266.4843,266.9993,266.4442,266.4442,524756.0
2026-04-21 12:05:00,266.5341,266.5341,265.565,266.1445,750794.0
2026-04-21 12:10:00,266.1345,266.3843,265.8298,265.9347,365583.0
2026-04-21 12:15:00,265.9347,266.3043,265.8049,266.1944,438486.0
2026-04-21 12:20:00,266.1745,266.2634,266.0046,266.1545,300060.0
2026-04-21 12:25:00,266.1495,266.3343,265.605,265.615,526559.0
2026-04-21 12:30:00,265.615,265.8947,265.2153,265.5251,940144.0
2026-04-21 12:35:00,265.5251,265.7049,265.1554,265.4452,797126.0
2026-04-21 12:40:00,265.4551,265.6549,265.1654,265.2053,317471.0
2026-04-21 12:45:00,265.2253,265.6348,265.2253,265.565,344262.0
2026-04-21 12:50:00,265.56,265.9447,265.4851,265.9361,510322.0
2026-04-21 12:55:00,265.9546,266.1444,265.8847,266.0945,457435.0
2026-04-21 13:00:00,266.1045,266.634,266.0945,266.2094,591600.0
2026-04-21 13:05:00,266.1944,266.1994,265.6499,266.1994,1200131.0
2026-04-21 13:10:00,266.1844,266.4236,265.9013,266.2444,306708.0
2026-04-21 13:15:00,266.3043,266.4341,265.605,265.7149,406175.0
2026-04-21 13:20:00,265.7049,266.0046,265.545,265.7249,274338.0
2026-04-21 13:25:00,265.7249,266.0446,265.6949,265.9247,236375.0
2026-04-21 13:30:00,265.9347,266.1644,265.8148,266.1045,299576.0
2026-04-21 13:35:00,266.0945,266.654,265.9547,266.3043,349998.0
2026-04-21 13:40:00,266.2544,266.7539,266.2544,266.3893,363499.0
2026-04-21 13:45:00,266.3942,266.4042,265.8348,266.0845,258745.0
2026-04-21 13:50:00,266.0845,266.4142,266.0396,266.2544,584835.0
2026-04-21 13:55:00,266.2345,266.2345,266.0346,266.1346,147196.0
2026-04-21 14:00:00,266.1645,266.3243,266.0745,266.0945,212371.0
2026-04-21 14:05:00,266.0945,266.4942,266.0646,266.4554,222922.0
2026-04-21 14:10:00,266.4642,266.624,266.3643,266.624,185667.0
2026-04-21 14:15:00,266.614,266.614,265.9846,266.1595,394449.0
2026-04-21 14:20:00,266.1445,266.3143,266.0845,266.1345,158168.0
2026-04-21 14:25:00,266.1245,266.2644,266.0845,266.1295,150233.0
2026-04-21 14:30:00,266.1345,266.4442,266.1345,266.4442,215991.0
2026-04-21 14:35:00,266.4542,267.2435,266.3893,266.9887,701701.0
2026-04-21 14:40:00,267.0037,267.1835,266.9038,266.9787,835069.0
2026-04-21 14:45:00,266.9787,267.0436,266.7269,266.7489,242286.0
2026-04-21 14:50:00,266.7539,267.5732,266.7439,267.4832,374106.0
2026-04-21 14:55:00,267.4733,267.6331,267.1535,267.5931,394904.0
2026-04-21 15:00:00,267.5876,267.773,267.5532,267.6681,444768.0
2026-04-21 15:05:00,267.6681,267.9428,267.5931,267.8685,393791.0
2026-04-21 15:10:00,267.8629,267.9428,267.4233,267.4483,451592.0
2026-04-21 15:15:00,267.4483,267.713,267.3534,267.5434,312169.0
2026-04-21 15:20:00,267.5832,267.8929,267.5632,267.743,385031.0
2026-04-21 15:25:00,267.733,267.8529,267.6731,267.713,354981.0
2026-04-21 15:30:00,267.713,267.723,267.4483,267.6331,440193.0
2026-04-21 15:35:00,267.6331,267.6331,266.9637,267.0836,473451.0
2026-04-21 15:40:00,267.0886,267.1036,265.8148,266.0546,1542050.0
2026-04-21 15:45:00,266.0845,266.624,266.0449,266.3643,656505.0
2026-04-21 15:50:00,266.3743,266.8239,266.2745,266.619,866256.0
2026-04-21 15:55:00,266.624,266.634,265.625,265.9746,2261199.0
2026-04-22 09:30:00,267.5732,267.9029,266.7839,267.0736,1917041.0
2026-04-22 09:35:00,267.1036,267.6031,266.624,267.5931,555876.0
2026-04-22 09:40:00,267.5782,268.3524,267.3534,267.9928,696626.0
2026-04-22 09:45:00,268.0527,268.872,268.0428,268.2975,839567.0
2026-04-22 09:50:00,268.2625,268.7221,268.0977,268.3125,403882.0
2026-04-22 09:55:00,268.3125,268.5722,267.9228,268.2525,375715.0
2026-04-22 10:00:00,268.1926,268.852,268.1826,268.837,486985.0
2026-04-22 10:05:00,268.837,269.5413,268.6623,269.4314,659183.0
2026-04-22 10:10:00,269.4265,270.5304,269.4265,270.4155,2179492.0
2026-04-22 10:15:00,270.4106,271.2498,270.0908,271.1099,1007946.0
2026-04-22 10:20:00,271.0999,271.5295,270.9401,271.3297,899236.0
2026-04-22 10:25:00,271.3297,271.6894,271.0798,271.6894,554216.0
2026-04-22 10:30:00,271.6894,272.3088,271.5995,272.099,933046.0
2026-04-22 10:35:00,272.059,272.129,271.5695,271.5994,564124.0
2026-04-22 10:40:00,271.5994,271.8392,271.3447,271.3794,456139.0
2026-04-22 10:45:00,271.3647,271.5988,270.7302,270.7602,573408.0
2026-04-22 10:50:00,270.7602,271.4196,270.7502,271.4196,347830.0
2026-04-22 10:55:00,271.3896,271.5395,270.8102,271.03,265308.0
2026-04-22 11:00:00,271.02,271.5395,270.96,271.4096,296420.0
2026-04-22 11:05:00,271.3996,271.6694,271.1846,271.4497,226702.0
2026-04-22 11:10:00,271.4796,271.9991,271.4796,271.9591,320410.0
2026-04-22 11:15:00,271.9791,272.0682,271.6494,271.9541,305322.0
2026-04-22 11:20:00,271.9591,272.099,271.8492,271.9491,284317.0
2026-04-22 11:25:00,271.9491,272.5136,271.9391,272.149,501419.0
2026-04-22 11:30:00,272.1489,272.6685,272.0091,272.4387,470481.0
2026-04-22 11:35:00,272.4786,272.5985,272.2189,272.2289,377222.0
2026-04-22 11:40:00,272.2389,272.9991,272.2289,272.5885,640822.0
2026-04-22 11:45:00,272.5985,272.7384,272.4287,272.5985,302637.0
2026-04-22 11:50:00,272.6185,272.8483,272.5186,272.7866,224195.0
2026-04-22 11:55:00,272.7784,272.8982,272.6285,272.7584,214794.0
2026-04-22 12:00:00,272.7684,272.9382,272.5586,272.8083,257996.0
2026-04-22 12:05:00,272.8083,273.2529,272.8083,273.0381,379129.0
2026-04-22 12:10:00,273.0279,273.0881,272.6385,272.9482,363600.0
2026-04-22 12:15:00,272.9682,273.128,272.5618,272.5618,300917.0
2026-04-22 12:20:00,272.6085,272.7384,272.4886,272.4886,288444.0
2026-04-22 12:25:00,272.4886,272.6435,272.2988,272.4387,278904.0
2026-04-22 12:30:00,272.4487,272.6585,272.3687,272.6435,267822.0
2026-04-22 12:35:00,272.6685,272.6785,272.1489,272.4936,295717.0
2026-04-22 12:40:00,272.5286,272.5486,272.2389,272.5136,207124.0
2026-04-22 12:45:00,272.4986,272.5285,272.2089,272.5086,161001.0
2026-04-22 12:50:00,272.4886,272.5385,272.109,272.2588,203098.0
2026-04-22 12:55:00,272.2888,272.3687,272.1789,272.2439,179184.0
2026-04-22 13:00:00,272.2289,272.4986,272.219,272.3088,212949.0
2026-04-22 13:05:00,272.2988,273.0081,272.2289,272.9982,360464.0
2026-04-22 13:10:00,272.9782,273.168,272.7384,272.9282,375835.0
2026-04-22 13:15:00,272.9282,273.1285,272.2488,272.6686,393162.0
2026-04-22 13:20:00,272.6685,273.0981,272.6585,272.9782,169553.0
2026-04-22 13:25:00,272.9682,273.0481,272.8283,272.9782,129733.0
2026-04-22 13:30:00,272.9882,273.2778,272.9382,273.188,229665.0
2026-04-22 13:35:00,273.188,273.3978,273.128,273.3229,198996.0
2026-04-22 13:40:00,273.3229,273.3778,273.2081,273.3279,163566.0
2026-04-22 13:45:00,273.3328,273.4649,273.2729,273.3528,225533.0
2026-04-22 13:50:00,273.3378,273.3578,272.9199,273.188,213879.0
2026-04-22 13:55:00,273.178,273.3678,273.163,273.218,233140.0
2026-04-22 14:00:00,273.218,273.4877,273.168,273.198,218975.0
2026-04-22 14:05:00,273.2082,273.2879,273.0581,273.1031,244085.0
2026-04-22 14:10:00,273.1031,273.208,272.9882,273.0081,151543.0
2026-04-22 14:15:00,273.0081,273.0081,272.7185,272.7884,698099.0
2026-04-22 14:20:00,272.7884,272.8783,272.5136,272.5386,249960.0
2026-04-22 14:25:00,272.5436,272.5879,272.3687,272.4337,206728.0
2026-04-22 14:30:00,272.4587,272.5286,272.3088,272.3288,153118.0
2026-04-22 14:35:00,272.3338,272.5236,272.2788,272.3687,162441.0
2026-04-22 14:40:00,272.3637,272.3697,272.0291,272.1689,258602.0
2026-04-22 14:45:00,272.1789,272.2688,272.1092,272.1789,177689.0
2026-04-22 14:50:00,272.1689,272.1889,272.0292,272.064,164602.0
2026-04-22 14:55:00,272.049,272.2089,271.8497,272.1689,217945.0
2026-04-22 15:00:00,272.1789,272.4038,272.0091,272.3637,256779.0
2026-04-22 15:05:00,272.3787,272.4137,272.0191,272.2189,240473.0
2026-04-22 15:10:00,272.2239,272.2488,272.0191,272.099,173583.0
2026-04-22 15:15:00,272.094,272.2488,272.0191,272.2289,211497.0
2026-04-22 15:20:00,272.2289,272.4986,272.134,272.4986,231043.0
2026-04-22 15:25:00,272.4986,272.5686,272.3887,272.4587,334492.0
2026-04-22 15:30:00,272.4786,272.6585,272.3188,272.6385,339690.0
2026-04-22 15:35:00,272.6385,272.7484,272.5336,272.6085,346839.0
2026-04-22 15:40:00,272.6385,272.7484,272.5486,272.5985,308764.0
2026-04-22 15:45:00,272.5985,272.7184,272.5421,272.6285,330470.0
2026-04-22 15:50:00,272.6386,272.7983,272.2988,272.4636,831565.0
2026-04-22 15:55:00,272.4487,273.0081,272.4087,272.9382,2121358.0
2026-04-23 09:30:00,274.7915,275.4259,273.8973,274.8365,1740712.0
2026-04-23 09:35:00,274.8365,275.5158,274.1271,274.207,753784.0
2026-04-23 09:40:00,274.1904,274.3669,272.8838,273.2779,599809.0
2026-04-23 09:45:00,273.2479,273.7924,272.8783,273.3179,391159.0
2026-04-23 09:50:00,273.2479,273.5776,273.0481,273.4278,297478.0
2026-04-23 09:55:00,273.4777,273.8961,273.3878,273.4577,377367.0
2026-04-23 10:00:00,273.4427,274.02,273.178,273.7175,438980.0
2026-04-23 10:05:00,273.7475,274.3469,273.6476,274.3169,312417.0
2026-04-23 10:10:00,274.277,274.277,273.6076,273.6476,248649.0
2026-04-23 10:15:00,273.6276,274.2855,273.6076,274.0072,239473.0
2026-04-23 10:20:00,274.0222,274.1571,273.6575,273.9773,217303.0
2026-04-23 10:25:00,273.9573,274.0172,273.3878,273.6875,223188.0
2026-04-23 10:30:00,273.7175,273.9573,273.6575,273.7874,169134.0
2026-04-23 10:35:00,273.8024,273.9373,273.3878,273.5077,221603.0
2026-04-23 10:40:00,273.5376,273.5376,273.0861,273.3378,233581.0
2026-04-23 10:45:00,273.3778,273.7475,273.3378,273.6675,171074.0
2026-04-23 10:50:00,273.6575,274.0372,273.6276,273.9473,215280.0
2026-04-23 10:55:00,273.9223,274.0572,273.6775,273.6775,226591.0
2026-04-23 11:00:00,273.6825,273.8773,273.4477,273.4927,198639.0
2026-04-23 11:05:00,273.4777,273.5277,273.168,273.3878,248407.0
2026-04-23 11:10:00,273.3778,273.4577,273.0181,273.118,198611.0
2026-04-23 11:15:00,273.128,273.3678,273.0582,273.2279,168369.0
2026-04-23 11:20:00,273.208,273.5476,273.198,273.4378,165104.0
2026-04-23 11:25:00,273.4278,273.5876,273.3428,273.4278,186963.0
2026-04-23 11:30:00,273.3928,274.1571,273.3478,273.8074,404578.0
2026-04-23 11:35:00,273.8174,273.8174,273.4078,273.5576,242554.0
2026-04-23 11:40:00,273.5476,273.5476,273.0281,273.0681,187198.0
2026-04-23 11:45:00,273.0481,273.2279,272.7789,273.178,220633.0
2026-04-23 11:50:00,273.168,273.3179,272.9585,272.9982,163879.0
2026-04-23 11:55:00,273.028,273.3179,272.9582,273.158,189337.0
2026-04-23 12:00:00,273.168,273.183,272.8283,272.9682,169536.0
2026-04-23 12:05:00,272.9582,273.1031,272.9183,273.0731,139759.0
2026-04-23 12:10:00,273.0831,273.2079,272.9682,273.1031,103027.0
2026-04-23 12:15:00,273.0981,273.3478,273.0682,273.208,169296.0
2026-04-23 12:20:00,273.218,273.3478,273.0181,273.2379,140751.0
2026-04-23 12:25:00,273.247,273.4278,273.2379,273.3478,118364.0
2026-04-23 12:30:00,273.3478,273.7402,273.188,273.2629,121908.0
2026-04-23 12:35:00,273.2629,273.4178,273.0881,273.1081,150213.0
2026-04-23 12:40:00,273.0981,273.148,272.7084,272.8083,254019.0
2026-04-23 12:45:00,272.8083,272.9782,272.7734,272.8883,132240.0
2026-04-23 12:50:00,272.8933,272.9482,272.7384,272.8982,131216.0
2026-04-23 12:55:00,272.8933,272.9882,272.7484,272.7484,148540.0
2026-04-23 13:00:00,272.7684,272.7834,272.2688,272.4187,1945589.0
2026-04-23 13:05:00,272.409,272.5167,272.1789,272.2588,321614.0
2026-04-23 13:10:00,272.2488,272.4387,272.049,272.2289,209721.0
2026-04-23 13:15:00,272.2439,272.2688,271.8492,272.1389,263925.0
2026-04-23 13:20:00,272.1539,272.3388,271.8393,272.1489,227747.0
2026-04-23 13:25:00,272.1789,272.7284,271.9192,271.9891,255772.0
2026-04-23 13:30:00,271.9991,272.4786,271.9092,272.4387,184195.0
2026-04-23 13:35:00,272.4786,272.6085,271.8892,272.059,188255.0
2026-04-23 13:40:00,272.089,272.099,271.5295,271.8592,377500.0
2026-04-23 13:45:00,271.8992,272.079,271.3996,271.6694,481741.0
2026-04-23 13:50:00,271.6394,272.8783,271.4796,272.1989,621994.0
2026-04-23 13:55:00,272.1839,272.7484,272.049,272.7384,281274.0
2026-04-23 14:00:00,272.7484,273.3478,272.6486,273.0181,338953.0
2026-04-23 14:05:00,273.0081,273.178,272.8633,272.9032,232852.0
2026-04-23 14:10:00,272.9182,273.3279,272.8583,273.0131,208079.0
2026-04-23 14:15:00,273.0381,273.3378,272.9482,273.3279,212883.0
2026-04-23 14:20:00,273.3378,273.5476,273.178,273.2629,700871.0
2026-04-23 14:25:00,273.2479,273.4477,273.2479,273.4178,140960.0
2026-04-23 14:30:00,273.4078,273.6476,273.3991,273.5476,142447.0
2026-04-23 14:35:00,273.5377,273.8674,273.5377,273.6775,255848.0
2026-04-23 14:40:00,273.6825,273.8073,273.2779,273.6076,167671.0
2026-04-23 14:45:00,273.6176,273.8674,273.4977,273.6975,262206.0
2026-04-23 14:50:00,273.7025,273.9142,273.6675,273.8324,187765.0
2026-04-23 14:55:00,273.8174,273.9773,273.4278,273.6625,379702.0
2026-04-23 15:00:00,273.6526,273.8274,273.5976,273.6925,244387.0
2026-04-23 15:05:00,273.7075,274.1371,273.7075,274.0422,219147.0
2026-04-23 15:10:00,274.0372,274.297,274.0372,274.222,264441.0
2026-04-23 15:15:00,274.227,274.2869,273.148,274.1371,240764.0
2026-04-23 15:20:00,274.1371,274.207,273.8674,273.9023,222613.0
2026-04-23 15:25:00,273.9073,274.0472,273.8674,273.9173,212238.0
2026-04-23 15:30:00,273.8973,274.0072,273.5776,273.5926,178686.0
2026-04-23 15:35:00,273.5676,273.5676,273.2279,273.3079,298913.0
2026-04-23 15:40:00,273.3176,273.6275,273.3079,273.3978,179899.0
2026-04-23 15:45:00,273.3978,273.6076,273.3778,273.5476,207183.0
2026-04-23 15:50:00,273.5277,273.5277,272.8083,273.2329,599681.0
2026-04-23 15:55:00,273.218,273.4128,273.0181,273.188,1289510.0
2026-04-24 09:30:00,272.5036,272.8083,269.8411,270.1907,1605245.0
2026-04-24 09:35:00,270.1708,271.2897,270.1508,270.9301,618411.0
2026-04-24 09:40:00,270.9301,271.5495,270.5404,271.0475,624823.0
2026-04-24 09:45:00,271.0699,271.4995,270.8302,271.4696,440883.0
2026-04-24 09:50:00,271.4696,271.8192,271.3297,271.7171,393409.0
2026-04-24 09:55:00,271.7093,271.7093,271.0599,271.4196,397516.0
2026-04-24 10:00:00,271.3896,271.4396,270.9101,271.4096,580745.0
2026-04-24 10:05:00,271.3896,271.5495,270.6603,270.9301,370080.0
2026-04-24 10:10:00,270.9001,271.3796,270.7952,271.2997,272134.0
2026-04-24 10:15:00,271.2897,272.0191,271.24,272.0191,335375.0
2026-04-24 10:20:00,272.0141,272.1489,271.7193,272.039,345323.0
2026-04-24 10:25:00,272.0241,272.1389,271.7393,271.8192,330527.0
2026-04-24 10:30:00,271.8642,272.119,271.8392,271.9741,223773.0
2026-04-24 10:35:00,271.9791,272.3488,271.7493,271.9991,219574.0
2026-04-24 10:40:00,271.9991,272.079,271.6094,271.6294,207744.0
2026-04-24 10:45:00,271.6494,271.8692,271.3597,271.7593,223692.0
2026-04-24 10:50:00,271.7593,271.8792,271.4796,271.6094,166131.0
2026-04-24 10:55:00,271.5945,271.6494,271.03,271.2048,235944.0
2026-04-24 11:00:00,271.2198,271.3796,270.8501,270.8701,213375.0
2026-04-24 11:05:00,270.8401,270.99,270.4505,270.4905,249240.0
2026-04-24 11:10:00,270.4805,270.9101,270.4365,270.7802,266344.0
2026-04-24 11:15:00,270.8002,270.9201,270.6803,270.7302,270287.0
2026-04-24 11:20:00,270.7302,270.9799,270.6803,270.6803,217711.0
2026-04-24 11:25:00,270.6603,270.7652,270.3207,270.4305,263547.0
2026-04-24 11:30:00,270.4405,270.4405,270.1508,270.2207,285428.0
2026-04-24 11:35:00,270.2107,270.2107,269.6536,269.7112,390950.0
2026-04-24 11:40:00,269.7015,270.3806,269.5513,270.1808,558015.0
2026-04-24 11:45:00,270.2007,270.4505,269.6712,270.2607,479293.0
2026-04-24 11:50:00,270.2807,270.89,270.1758,270.7253,399220.0
2026-04-24 11:55:00,270.7053,270.9301,270.3906,270.7823,285181.0
2026-04-24 12:00:00,270.7802,270.9001,270.4805,270.6303,164834.0
2026-04-24 12:05:00,270.6403,270.8901,270.615,270.8701,187739.0
2026-04-24 12:10:00,270.8701,271.4396,270.8501,271.3497,285472.0
2026-04-24 12:15:00,271.3297,271.3497,270.8801,270.96,221583.0
2026-04-24 12:20:00,270.95,271.01,270.7702,270.7702,149603.0
2026-04-24 12:25:00,270.7902,270.8901,270.7302,270.7502,135694.0
2026-04-24 12:30:00,270.7502,270.9021,270.6205,270.6703,152515.0
2026-04-24 12:35:00,270.6503,270.6803,270.2407,270.2907,207953.0
2026-04-24 12:40:00,270.3006,270.3206,270.1008,270.1658,147272.0
2026-04-24 12:45:00,270.1508,270.2107,269.8121,270.0609,215050.0
2026-04-24 12:50:00,270.0409,270.3206,269.9809,270.2807,227256.0
2026-04-24 12:55:00,270.2708,270.3306,270.1608,270.2257,652711.0
2026-04-24 13:00:00,270.2208,270.3506,269.9709,270.0159,175612.0
2026-04-24 13:05:00,270.0109,270.0259,269.5314,269.5314,369598.0
2026-04-24 13:10:00,269.5364,269.7312,269.5314,269.7062,198566.0
2026-04-24 13:15:00,269.7012,269.8311,269.4814,269.5606,303324.0
2026-04-24 13:20:00,269.5413,269.8211,269.4015,269.7312,262916.0
2026-04-24 13:25:00,269.7412,270.0009,269.5516,269.8111,463120.0
2026-04-24 13:30:00,269.8061,269.891,269.6213,269.8561,381198.0
2026-04-24 13:35:00,269.8411,269.921,269.6013,269.891,242344.0
2026-04-24 13:40:00,269.911,269.921,269.7162,269.7811,190048.0
2026-04-24 13:45:00,269.7811,269.866,269.7162,269.7212,153343.0
2026-04-24 13:50:00,269.7262,270.0609,269.6562,269.6913,322833.0
2026-04-24 13:55:00,269.6912,269.7212,269.5114,269.5568,283574.0
2026-04-24 14:00:00,269.5543,269.7362,269.4614,269.6912,253390.0
2026-04-24 14:05:00,269.6812,269.8311,269.5613,269.6612,364331.0
2026-04-24 14:10:00,269.6662,269.921,269.6612,269.921,278100.0
2026-04-24 14:15:00,269.921,269.9709,269.7711,269.8311,194544.0
2026-04-24 14:20:00,269.8212,269.861,269.7362,269.7811,156175.0
2026-04-24 14:25:00,269.7611,269.8011,269.6512,269.7112,186279.0
2026-04-24 14:30:00,269.7212,269.8111,269.6113,269.6962,185540.0
2026-04-24 14:35:00,269.6912,269.9909,269.6612,269.9709,215857.0
2026-04-24 14:40:00,269.961,270.1308,269.956,270.0808,220565.0
2026-04-24 14:45:00,270.0709,270.0709,269.7412,269.751,192480.0
2026-04-24 14:50:00,269.7512,269.881,269.7212,269.7512,172440.0
2026-04-24 14:55:00,269.7711,269.9909,269.7661,269.8611,193425.0
2026-04-24 15:00:00,269.871,269.956,269.6512,269.8461,1218231.0
2026-04-24 15:05:00,269.8311,270.1408,269.7911,269.9909,380386.0
2026-04-24 15:10:00,270.0009,270.0808,269.931,269.961,188867.0
2026-04-24 15:15:00,269.961,270.0609,269.891,269.961,203476.0
2026-04-24 15:20:00,269.9411,269.9909,269.7312,269.811,210583.0
2026-04-24 15:25:00,269.7911,269.911,269.6712,269.8411,240663.0
2026-04-24 15:30:00,269.8511,269.9509,269.7512,269.8586,268797.0
2026-04-24 15:35:00,269.8611,270.1208,269.7711,269.931,326037.0
2026-04-24 15:40:00,269.935,270.2807,269.911,270.2507,331387.0
2026-04-24 15:45:00,270.2507,270.5504,270.2207,270.5504,394785.0
2026-04-24 15:50:00,270.5504,271.05,270.5504,270.9351,753120.0
2026-04-24 15:55:00,270.9201,271.2298,270.6403,270.8102,2672587.0
2026-04-27 09:30:00,265.8448,267.6331,264.8257,265.9047,2868486.0
2026-04-27 09:35:00,265.9347,267.0037,265.8567,266.9536,1185110.0
2026-04-27 09:40:00,266.9238,267.4932,266.7839,267.2385,719528.0
2026-04-27 09:45:00,267.2435,267.8829,267.0636,267.723,746232.0
2026-04-27 09:50:00,267.7329,267.9928,267.1735,267.6731,634295.0
2026-04-27 09:55:00,267.6731,268.1127,267.3833,267.8829,500776.0
2026-04-27 10:00:00,267.8829,267.9528,266.9987,267.0118,466214.0
2026-04-27 10:05:00,267.0137,267.2834,266.8638,267.2435,388692.0
2026-04-27 10:10:00,267.2385,267.753,266.8838,267.1436,378241.0
2026-04-27 10:15:00,267.1386,267.4931,267.0686,267.4283,295155.0
2026-04-27 10:20:00,267.3933,267.4024,265.0855,267.1835,363553.0
2026-04-27 10:25:00,267.1835,267.2235,266.9338,267.1136,223878.0
2026-04-27 10:30:00,267.1436,267.5532,267.1336,267.3134,325786.0
2026-04-27 10:35:00,267.2535,267.4533,266.8938,267.1236,396094.0
2026-04-27 10:40:00,267.1336,267.1935,266.8039,266.9387,270144.0
2026-04-27 10:45:00,266.9387,267.0636,266.7539,266.8388,268124.0
2026-04-27 10:50:00,266.8338,266.8888,266.4242,266.5441,350701.0
2026-04-27 10:55:00,266.5541,266.9487,266.5341,266.9138,208554.0
2026-04-27 11:00:00,266.9338,267.0936,266.7539,266.9687,244197.0
2026-04-27 11:05:00,266.9687,267.309,266.7739,266.8338,300975.0
2026-04-27 11:10:00,266.8239,266.8472,266.5041,266.644,241846.0
2026-04-27 11:15:00,266.644,266.8239,266.3743,266.5441,257248.0
2026-04-27 11:20:00,266.5341,266.7639,266.4942,266.7489,190235.0
2026-04-27 11:25:00,266.7639,266.9537,266.654,266.8638,198044.0
2026-04-27 11:30:00,266.8938,267.0037,266.6091,266.7539,228764.0
2026-04-27 11:35:00,266.7639,267.1036,266.734,267.0137,203441.0
2026-04-27 11:40:00,267.0137,267.3933,266.9637,267.3933,213267.0
2026-04-27 11:45:00,267.3933,267.3933,266.7545,266.7939,257732.0
2026-04-27 11:50:00,266.7939,266.8139,266.634,266.7839,181679.0
2026-04-27 11:55:00,266.7939,266.8039,266.4242,266.5441,241808.0
2026-04-27 12:00:00,266.5491,266.7739,266.4042,266.634,342695.0
2026-04-27 12:05:00,266.614,266.644,266.4242,266.5691,228284.0
2026-04-27 12:10:00,266.5691,266.8039,266.5541,266.5991,155822.0
2026-04-27 12:15:00,266.5941,266.614,266.3843,266.4642,168066.0
2026-04-27 12:20:00,266.4642,266.4642,266.1245,266.1445,273435.0
2026-04-27 12:25:00,266.1445,266.2344,266.0146,266.0496,184484.0
2026-04-27 12:30:00,266.0446,266.2644,266.0446,266.1944,216677.0
2026-04-27 12:35:00,266.2044,266.2444,266.0745,266.1742,157524.0
2026-04-27 12:40:00,266.1645,266.3942,266.1195,266.3394,143207.0
2026-04-27 12:45:00,266.3443,266.4292,266.2294,266.2744,181320.0
2026-04-27 12:50:00,266.2694,266.3143,266.1844,266.2244,229784.0
2026-04-27 12:55:00,266.2244,266.3043,266.0945,266.1745,253765.0
2026-04-27 13:00:00,266.1745,266.4042,266.1245,266.3043,743074.0
2026-04-27 13:05:00,266.3043,266.4242,266.2144,266.3543,150057.0
2026-04-27 13:10:00,266.3443,266.3543,266.1445,266.204,179270.0
2026-04-27 13:15:00,266.1844,266.5441,266.1545,266.4942,216599.0
2026-04-27 13:20:00,266.4892,266.8039,266.4792,266.544,319920.0
2026-04-27 13:25:00,266.5241,266.674,266.4642,266.5941,159712.0
2026-04-27 13:30:00,266.5841,266.8039,266.5541,266.7239,200438.0
2026-04-27 13:35:00,266.714,266.7439,266.5041,266.644,171726.0
2026-04-27 13:40:00,266.644,266.704,266.5441,266.614,144870.0
2026-04-27 13:45:00,266.6139,266.6299,266.1545,266.2545,259039.0
2026-04-27 13:50:00,266.2744,266.2943,266.1045,266.1645,180185.0
2026-04-27 13:55:00,266.1545,266.2644,266.1346,266.2344,120047.0
2026-04-27 14:00:00,266.2244,266.2744,265.9547,266.0146,246699.0
2026-04-27 14:05:00,266.0196,266.1844,265.9347,266.1745,180274.0
2026-04-27 14:10:00,266.1844,266.3942,266.1145,266.2845,203813.0
2026-04-27 14:15:00,266.2943,266.3443,266.0146,266.0446,236730.0
2026-04-27 14:20:00,266.0246,266.0611,265.8647,265.8697,262095.0
2026-04-27 14:25:00,265.8647,266.1595,265.8448,266.1044,352227.0
2026-04-27 14:30:00,266.1045,266.1045,265.8847,266.0446,281641.0
2026-04-27 14:35:00,266.0446,266.1545,265.9247,266.1246,212167.0
2026-04-27 14:40:00,266.1345,266.2044,265.9047,265.9347,194476.0
2026-04-27 14:45:00,265.9347,266.0845,265.9047,265.9197,140797.0
2026-04-27 14:50:00,265.9347,266.2494,265.9147,266.2494,170472.0
2026-04-27 14:55:00,266.2444,266.2694,266.1095,266.1745,234017.0
2026-04-27 15:00:00,266.1944,266.3443,266.1195,266.1195,238765.0
2026-04-27 15:05:00,266.1145,266.2314,266.0646,266.2144,249859.0
2026-04-27 15:10:00,266.2044,266.4842,266.1844,266.3844,189073.0
2026-04-27 15:15:00,266.3893,266.635,266.3893,266.4342,256369.0
2026-04-27 15:20:00,266.4342,266.5791,266.4042,266.5003,179512.0
2026-04-27 15:25:00,266.4958,266.9687,266.4942,266.9038,366361.0
2026-04-27 15:30:00,266.9138,267.3534,266.8039,267.1935,508849.0
2026-04-27 15:35:00,267.1837,267.2435,267.0936,267.1486,331590.0
2026-04-27 15:40:00,267.1436,267.4832,267.0936,267.4533,558541.0
2026-04-27 15:45:00,267.4633,267.5732,267.3034,267.3404,401764.0
2026-04-27 15:50:00,267.3334,267.723,267.2834,267.2934,794164.0
2026-04-27 15:55:00,267.2934,267.6431,267.1835,267.3933,1485560.0
2026-04-28 09:30:00,272.084,272.9782,268.7721,268.8739,2352531.0
2026-04-28 09:35:00,268.8725,269.8011,268.4124,269.6013,872537.0
2026-04-28 09:40:00,269.5753,269.6912,269.1517,269.5114,594005.0
2026-04-28 09:45:00,269.5114,270.1907,269.2816,270.183,653330.0
2026-04-28 09:50:00,270.1907,270.3506,269.7946,269.8461,455647.0
2026-04-28 09:55:00,269.8311,269.8311,269.3516,269.6562,362716.0
2026-04-28 10:00:00,269.6013,270.0109,269.4115,269.5015,372969.0
2026-04-28 10:05:00,269.5164,270.0609,269.4514,269.9759,347680.0
2026-04-28 10:10:00,269.9709,270.1907,269.7312,270.0459,321986.0
2026-04-28 10:15:00,270.0709,270.5204,270.0009,270.4705,508453.0
2026-04-28 10:20:00,270.4605,270.6603,270.2507,270.5404,375814.0
2026-04-28 10:25:00,270.5204,271.1499,270.3906,271.0299,693488.0
2026-04-28 10:30:00,271.03,271.4036,270.95,271.1948,559778.0
2026-04-28 10:35:00,271.1798,271.2797,270.3926,270.8102,606949.0
2026-04-28 10:40:00,270.7902,271.0799,270.5604,271.005,434042.0
2026-04-28 10:45:00,271.005,271.499,270.99,271.1399,455355.0
2026-04-28 10:50:00,271.1199,271.2997,270.8901,271.2348,483973.0
2026-04-28 10:55:00,271.2348,271.2348,270.6703,270.8801,434924.0
2026-04-28 11:00:00,270.9201,271.4396,270.8352,271.2897,404232.0
2026-04-28 11:05:00,271.2698,271.5795,271.1199,271.3998,536311.0
2026-04-28 11:10:00,271.4296,271.4995,270.9607,271.3047,485606.0
2026-04-28 11:15:00,271.2897,271.3497,270.6753,270.7253,320743.0
2026-04-28 11:20:00,270.7402,271.01,270.5106,270.97,313251.0
2026-04-28 11:25:00,270.9451,270.99,270.0409,270.0759,305783.0
2026-04-28 11:30:00,270.0759,270.3156,269.941,269.941,229157.0
2026-04-28 11:35:00,269.9513,270.1306,269.7112,269.941,237456.0
2026-04-28 11:40:00,269.911,270.1408,269.6413,269.6812,693044.0
2026-04-28 11:45:00,269.6812,269.9009,269.5014,269.5414,215429.0
2026-04-28 11:50:00,269.5413,269.6462,269.2316,269.4364,232396.0
2026-04-28 11:55:00,269.4215,269.5013,269.2916,269.3915,158567.0
2026-04-28 12:00:00,269.4165,269.8011,269.4165,269.7462,228066.0
2026-04-28 12:05:00,269.7512,269.921,269.6014,269.6912,160908.0
2026-04-28 12:10:00,269.6962,269.7162,269.5663,269.6213,115789.0
2026-04-28 12:15:00,269.6213,269.6213,269.3815,269.4215,132037.0
2026-04-28 12:20:00,269.4021,269.4514,269.1262,269.1417,190009.0
2026-04-28 12:25:00,269.1367,269.3614,269.0831,269.2676,125700.0
2026-04-28 12:30:00,269.2416,269.4514,269.2316,269.3215,184751.0
2026-04-28 12:35:00,269.3116,269.5923,269.2416,269.5513,136091.0
2026-04-28 12:40:00,269.5513,269.6263,269.1919,269.4065,166610.0
2026-04-28 12:45:00,269.4165,269.6113,269.2816,269.5663,185221.0
2026-04-28 12:50:00,269.5713,269.8611,269.5463,269.6702,158175.0
2026-04-28 12:55:00,269.6912,269.8311,269.6013,269.6912,138984.0
2026-04-28 13:00:00,269.6862,269.881,269.6712,269.7013,197759.0
2026-04-28 13:05:00,269.7162,269.761,269.4714,269.5881,171140.0
2026-04-28 13:10:00,269.5863,269.6313,269.3915,269.4514,135137.0
2026-04-28 13:15:00,269.4714,269.5013,269.2616,269.3465,128661.0
2026-04-28 13:20:00,269.3715,269.5663,269.3516,269.4414,120194.0
2026-04-28 13:25:00,269.4464,269.7012,269.4065,269.6213,133104.0
2026-04-28 13:30:00,269.6213,269.7332,269.5413,269.7062,118107.0
2026-04-28 13:35:00,269.7112,269.8411,269.6214,269.7522,133241.0
2026-04-28 13:40:00,269.7512,269.871,269.7213,269.8211,109584.0
2026-04-28 13:45:00,269.8211,270.2007,269.8013,270.0709,191960.0
2026-04-28 13:50:00,270.0659,270.3006,269.9809,270.2807,180104.0
2026-04-28 13:55:00,270.2907,270.4005,270.2507,270.2657,127566.0
2026-04-28 14:00:00,270.2807,270.3206,270.0209,270.1458,247221.0
2026-04-28 14:05:00,270.1309,270.6803,269.8711,270.1208,860874.0
2026-04-28 14:10:00,270.1258,270.3506,270.0509,270.2707,231885.0
2026-04-28 14:15:00,270.2707,270.4405,270.2007,270.3706,171883.0
2026-04-28 14:20:00,270.3806,270.4905,270.2007,270.3407,224464.0
2026-04-28 14:25:00,270.3606,270.4405,270.2307,270.2507,168046.0
2026-04-28 14:30:00,270.2557,270.2907,269.941,270.2507,256626.0
2026-04-28 14:35:00,270.2357,270.2557,270.0509,270.1208,157283.0
2026-04-28 14:40:00,270.1008,270.1458,269.931,269.9809,179550.0
2026-04-28 14:45:00,269.9759,270.0409,269.931,269.9611,144462.0
2026-04-28 14:50:00,269.961,270.0109,269.7811,269.8161,145902.0
2026-04-28 14:55:00,269.8111,269.921,269.6413,269.8112,222103.0
2026-04-28 15:00:00,269.8161,269.906,269.7711,269.881,170552.0
2026-04-28 15:05:00,269.881,270.1108,269.8311,269.9759,168187.0
2026-04-28 15:10:00,269.961,270.2007,269.9111,270.2007,181169.0
2026-04-28 15:15:00,270.1907,270.3306,270.1218,270.2107,274804.0
2026-04-28 15:20:00,270.1908,270.3806,270.0459,270.1258,198948.0
2026-04-28 15:25:00,270.1258,270.1278,269.876,269.9759,200091.0
2026-04-28 15:30:00,269.9759,270.1608,269.7611,269.7811,230249.0
2026-04-28 15:35:00,269.7911,270.1907,269.7462,270.1709,273066.0
2026-04-28 15:40:00,270.1907,270.3406,270.1408,270.3006,246703.0
2026-04-28 15:45:00,270.3006,270.4905,270.2757,270.3606,343258.0
2026-04-28 15:50:00,270.3806,270.6953,270.2307,270.3806,602312.0
2026-04-28 15:55:00,270.3506,270.6004,270.3106,270.5105,1420713.0
2026-04-29 09:30:00,267.3034,268.4023,266.7939,267.9478,1201415.0
2026-04-29 09:35:00,267.9128,268.5223,267.4573,268.3774,487351.0
2026-04-29 09:40:00,268.3719,268.7521,268.1926,268.2526,451947.0
2026-04-29 09:45:00,268.2625,269.2116,268.2625,269.0968,450845.0
2026-04-29 09:50:00,269.1117,269.3116,268.5323,268.832,385984.0
2026-04-29 09:55:00,268.872,269.0918,268.5622,269.0218,257126.0
2026-04-29 10:00:00,269.0718,269.7212,268.9719,269.5913,407305.0
2026-04-29 10:05:00,269.5663,270.0627,269.4314,269.5014,607164.0
2026-04-29 10:10:00,269.5114,269.5114,268.9519,269.2566,282602.0
2026-04-29 10:15:00,269.2716,269.4304,268.802,269.3915,233247.0
2026-04-29 10:20:00,269.3815,269.3915,268.787,268.9069,228135.0
2026-04-29 10:25:00,268.9119,269.1717,268.812,269.1467,212408.0
2026-04-29 10:30:00,269.1617,269.1667,268.7824,268.9319,198927.0
2026-04-29 10:35:00,268.9369,269.1217,268.862,269.0118,192476.0
2026-04-29 10:40:00,269.0168,269.2216,268.9619,269.1417,193545.0
2026-04-29 10:45:00,269.1817,269.4613,269.1317,269.4165,204481.0
2026-04-29 10:50:00,269.4116,269.6812,269.3515,269.6612,178987.0
2026-04-29 10:55:00,269.6662,269.6812,269.0318,269.0618,180366.0
2026-04-29 11:00:00,269.0568,269.1717,268.5922,268.792,234132.0
2026-04-29 11:05:00,268.7771,269.0518,268.6522,268.9519,223738.0
2026-04-29 11:10:00,268.9519,269.0518,268.6622,268.6672,254730.0
2026-04-29 11:15:00,268.6721,268.8919,268.6022,268.6272,202514.0
2026-04-29 11:20:00,268.6022,268.817,268.4823,268.7121,191284.0
2026-04-29 11:25:00,268.7021,268.782,268.5822,268.5822,189734.0
2026-04-29 11:30:00,268.6022,268.6672,268.3527,268.5323,242198.0
2026-04-29 11:35:00,268.5423,268.9019,268.5123,268.822,252585.0
2026-04-29 11:40:00,268.832,269.0219,268.7621,268.802,182599.0
2026-04-29 11:45:00,268.832,269.0118,268.5343,268.5473,280460.0
2026-04-29 11:50:00,268.5622,268.6322,267.9528,268.1726,364998.0
2026-04-29 11:55:00,268.2126,268.4623,268.1376,268.3824,170181.0
2026-04-29 12:00:00,268.4024,268.8518,268.3724,268.787,147348.0
2026-04-29 12:05:00,268.787,268.787,268.4723,268.4723,143381.0
2026-04-29 12:10:00,268.4755,268.842,268.4524,268.7521,160149.0
2026-04-29 12:15:00,268.7421,268.842,268.4723,268.5123,131429.0
2026-04-29 12:20:00,268.4923,269.901,268.4873,269.5064,424276.0
2026-04-29 12:25:00,269.5014,269.6812,269.2316,269.5763,364805.0
2026-04-29 12:30:00,269.5813,269.911,269.5014,269.7112,248136.0
2026-04-29 12:35:00,269.7062,269.8611,269.5164,269.6997,167893.0
2026-04-29 12:40:00,269.7012,269.9808,269.6214,269.951,168954.0
2026-04-29 12:45:00,269.9512,270.2507,269.8411,270.2407,173225.0
2026-04-29 12:50:00,270.2407,270.6004,270.1008,270.5504,264924.0
2026-04-29 12:55:00,270.5354,270.7902,270.3756,270.7003,302467.0
2026-04-29 13:00:00,270.7203,270.7302,270.0459,270.0808,195456.0
2026-04-29 13:05:00,270.1108,270.4405,270.0409,270.1208,110108.0
2026-04-29 13:10:00,270.1358,270.1508,269.8611,269.886,105644.0
2026-04-29 13:15:00,269.886,269.901,269.7312,269.7561,144677.0
2026-04-29 13:20:00,269.7711,269.9909,269.6612,269.8144,166261.0
2026-04-29 13:25:00,269.8461,269.9609,269.8011,269.95,116860.0
2026-04-29 13:30:00,269.951,270.2207,269.891,270.1308,122243.0
2026-04-29 13:35:00,270.1358,270.2907,270.0908,270.1498,119956.0
2026-04-29 13:40:00,270.1508,270.2257,270.0409,270.1008,111997.0
2026-04-29 13:45:00,270.0908,270.2007,270.0009,270.1508,119247.0
2026-04-29 13:50:00,270.1408,270.3406,270.0459,270.0709,146533.0
2026-04-29 13:55:00,270.1008,270.1708,269.866,269.921,127360.0
2026-04-29 14:00:00,269.941,269.9809,269.5114,269.5613,158774.0
2026-04-29 14:05:00,269.5813,269.7112,269.3915,269.5212,159762.0
2026-04-29 14:10:00,269.5014,269.8611,269.4314,269.7911,191029.0
2026-04-29 14:15:00,269.7711,270.0209,269.6712,269.7911,121860.0
2026-04-29 14:20:00,269.7911,269.9809,269.6113,269.6413,118466.0
2026-04-29 14:25:00,269.6463,269.6463,269.4814,269.4914,145260.0
2026-04-29 14:30:00,269.4764,269.6612,269.3887,269.5913,136802.0
2026-04-29 14:35:00,269.5613,269.951,269.3915,269.4964,196945.0
2026-04-29 14:40:00,269.4914,269.5613,269.2386,269.2614,143556.0
2026-04-29 14:45:00,269.2716,269.6462,269.1217,269.5813,183430.0
2026-04-29 14:50:00,269.5813,269.7112,269.4514,269.5863,126525.0
2026-04-29 14:55:00,269.5913,269.8361,269.5064,269.8261,163540.0
2026-04-29 15:00:00,269.8211,270.0609,269.8211,269.9789,130564.0
2026-04-29 15:05:00,269.961,270.0908,269.901,269.9909,165645.0
2026-04-29 15:10:00,270.0009,270.2507,269.951,270.0109,212808.0
2026-04-29 15:15:00,270.0109,270.1208,269.9511,270.0009,135059.0
2026-04-29 15:20:00,270.0109,270.1208,269.8561,269.956,150938.0
2026-04-29 15:25:00,269.961,270.0609,269.901,270.0309,141114.0
2026-04-29 15:30:00,270.0209,270.1108,269.5264,269.6263,207061.0
2026-04-29 15:35:00,269.6313,269.8511,269.6013,269.7012,219331.0
2026-04-29 15:40:00,269.6912,269.7412,269.4614,269.6113,290648.0
2026-04-29 15:45:00,269.6113,269.6512,269.4964,269.5513,276299.0
2026-04-29 15:50:00,269.4614,269.8511,269.3615,269.7212,514041.0
2026-04-29 15:55:00,269.7372,270.0808,269.5014,269.941,1551519.0
2026-04-30 09:30:00,270.2507,270.7103,268.5023,268.787,1619118.0
2026-04-30 09:35:00,268.812,269.0168,267.8929,268.5822,988611.0
2026-04-30 09:40:00,268.5772,269.1617,268.3724,268.822,559334.0
2026-04-30 09:45:00,268.822,269.8111,268.782,269.22,569336.0
2026-04-30 09:50:00,269.1917,270.4605,269.1717,270.3386,601961.0
2026-04-30 09:55:00,270.3006,270.3706,269.5938,270.3506,677077.0
2026-04-30 10:00:00,270.3506,271.9491,270.3001,271.3796,1139709.0
2026-04-30 10:05:00,271.3497,271.5495,270.6104,271.1798,737781.0
2026-04-30 10:10:00,271.1698,271.4396,270.7603,270.9401,586763.0
2026-04-30 10:15:00,270.95,271.2997,270.7902,270.7902,434505.0
2026-04-30 10:20:00,270.7802,271.6194,270.7502,271.4895,410569.0
2026-04-30 10:25:00,271.4846,271.8292,271.3414,271.6684,704746.0
2026-04-30 10:30:00,271.6294,271.9691,271.2997,271.3697,434102.0
2026-04-30 10:35:00,271.3697,271.4894,270.6703,270.8302,388128.0
2026-04-30 10:40:00,270.8601,271.2698,270.8601,271.2198,363381.0
2026-04-30 10:45:00,271.2348,271.3896,270.7203,270.7302,362176.0
2026-04-30 10:50:00,270.7103,271.05,270.4805,270.97,353854.0
2026-04-30 10:55:00,270.98,271.04,270.5904,270.6109,261521.0
2026-04-30 11:00:00,270.6104,270.9401,270.5105,270.8701,260407.0
2026-04-30 11:05:00,270.8851,271.2198,270.8102,271.015,346167.0
2026-04-30 11:10:00,271.025,271.1499,270.9151,271.04,231732.0
2026-04-30 11:15:00,271.03,271.3297,270.7003,270.8951,396796.0
2026-04-30 11:20:00,270.8751,271.3397,270.7952,271.1648,378630.0
2026-04-30 11:25:00,271.1698,271.3896,271.01,271.2698,345673.0
2026-04-30 11:30:00,271.2747,271.3795,270.98,271.0599,217876.0
2026-04-30 11:35:00,271.05,271.3897,270.9775,271.3896,267983.0
2026-04-30 11:40:00,271.3796,271.6894,271.2797,271.3796,345064.0
2026-04-30 11:45:00,271.3896,271.3946,270.9301,271.1998,225844.0
2026-04-30 11:50:00,271.2098,271.3896,271.1199,271.3297,226766.0
2026-04-30 11:55:00,271.3397,271.7293,271.3397,271.6694,250376.0
2026-04-30 12:00:00,271.6993,271.7493,271.5104,271.6244,250914.0
2026-04-30 12:05:00,271.6294,272.099,271.6094,271.8892,250074.0
2026-04-30 12:10:00,271.8642,272.3687,271.8642,272.3488,292201.0
2026-04-30 12:15:00,272.3488,272.5486,272.0552,272.0552,1320459.0
2026-04-30 12:20:00,272.059,272.3687,272.059,272.2938,175936.0
2026-04-30 12:25:00,272.2938,272.8482,272.239,272.8083,399903.0
2026-04-30 12:30:00,272.8283,273.5077,272.8283,273.168,963821.0
2026-04-30 12:35:00,273.187,273.3078,272.7384,272.9082,543225.0
2026-04-30 12:40:00,272.9082,272.9882,272.6685,272.7186,268228.0
2026-04-30 12:45:00,272.7184,272.7384,272.5286,272.6495,270692.0
2026-04-30 12:50:00,272.6485,272.8633,271.7793,271.8392,349539.0
2026-04-30 12:55:00,271.8292,271.8492,271.4596,271.7044,305483.0
2026-04-30 13:00:00,271.7093,271.8992,271.4496,271.5195,291849.0
2026-04-30 13:05:00,271.5095,271.9891,271.4296,271.9391,302737.0
2026-04-30 13:10:00,271.9291,272.3288,271.8192,272.059,287466.0
2026-04-30 13:15:00,272.049,272.1789,271.9391,271.9991,302773.0
2026-04-30 13:20:00,271.9991,272.2688,271.7693,272.2289,339694.0
2026-04-30 13:25:00,272.2339,272.5785,272.1889,272.5336,227841.0
2026-04-30 13:30:00,272.5586,273.1865,272.5486,273.148,396137.0
2026-04-30 13:35:00,273.158,273.4178,272.9532,273.163,385900.0
2026-04-30 13:40:00,273.158,273.5077,273.0581,273.4577,378393.0
2026-04-30 13:45:00,273.4777,273.6076,273.2479,273.4877,393268.0
2026-04-30 13:50:00,273.4854,273.5276,273.3378,273.4777,296624.0
2026-04-30 13:55:00,273.4877,273.5177,273.3279,273.3578,239461.0
2026-04-30 14:00:00,273.3628,273.9473,273.3179,273.8424,473787.0
2026-04-30 14:05:00,273.8374,273.9373,273.7575,273.8773,296187.0
2026-04-30 14:10:00,273.8674,273.9273,273.6875,273.7275,314691.0
2026-04-30 14:15:00,273.7375,273.7673,273.5476,273.7375,331311.0
2026-04-30 14:20:00,273.7375,273.8264,273.3678,273.3978,274949.0
2026-04-30 14:25:00,273.3878,273.4477,273.1978,273.3478,267520.0
2026-04-30 14:30:00,273.3279,273.4477,273.2479,273.3678,261114.0
2026-04-30 14:35:00,273.368,273.6775,273.3679,273.6176,228141.0
2026-04-30 14:40:00,273.6076,273.6875,273.3578,273.3778,259659.0
2026-04-30 14:45:00,273.3702,273.4747,273.2479,273.4477,270309.0
2026-04-30 14:50:00,273.4378,273.6574,273.198,273.208,304913.0
2026-04-30 14:55:00,273.208,273.208,272.7884,272.8433,432325.0
2026-04-30 15:00:00,272.8284,273.5277,272.5686,273.5077,453283.0
2026-04-30 15:05:00,273.5077,273.9173,273.4278,273.6975,484653.0
2026-04-30 15:10:00,273.6975,273.9972,273.6575,273.9673,360785.0
2026-04-30 15:15:00,273.9673,274.1271,273.8374,273.9273,528403.0
2026-04-30 15:20:00,273.8973,274.0572,273.7375,274.0272,434970.0
2026-04-30 15:25:00,274.0372,274.242,274.0016,274.237,515120.0
2026-04-30 15:30:00,274.217,274.277,273.6575,273.6925,649146.0
2026-04-30 15:35:00,273.6975,274.0172,273.6476,273.9032,562452.0
2026-04-30 15:40:00,273.8873,274.237,273.8424,274.237,596369.0
2026-04-30 15:45:00,274.227,274.297,273.9073,274.0123,710459.0
2026-04-30 15:50:00,274.0172,275.7456,271.3397,272.134,4791729.0
2026-04-30 15:55:00,272.1689,272.1689,270.0908,270.955,6932233.0
