datetime,open,high,low,close,volume
2026-03-02 09:30:00,262.1681,262.8775,259.9602,261.9134,1758208.0
2026-03-02 09:35:00,261.9184,262.5478,261.219,261.7286,712940.0
2026-03-02 09:40:00,261.724,263.0773,261.6386,262.5728,606198.0
2026-03-02 09:45:00,262.6277,263.1472,262.368,262.8325,550342.0
2026-03-02 09:50:00,262.8275,262.8275,261.9883,262.4679,528779.0
2026-03-02 09:55:00,262.4429,263.0473,262.0582,262.9075,416859.0
2026-03-02 10:00:00,262.8775,263.7267,262.4179,263.442,524930.0
2026-03-02 10:05:00,263.442,263.8266,263.2472,263.3471,461997.0
2026-03-02 10:10:00,263.3471,263.9365,263.1972,263.5569,450401.0
2026-03-02 10:15:00,263.5768,264.2961,263.4575,263.8766,409490.0
2026-03-02 10:20:00,263.8766,264.0964,263.2372,263.7467,384406.0
2026-03-02 10:25:00,263.7667,263.8316,262.6477,263.5669,336005.0
2026-03-02 10:30:00,263.5768,264.0864,263.437,263.9165,288691.0
2026-03-02 10:35:00,263.9015,264.3461,263.8166,263.9465,361968.0
2026-03-02 10:40:00,263.9765,264.0065,263.5069,263.5868,217284.0
2026-03-02 10:45:00,263.5669,263.7247,262.5028,262.5478,316619.0
2026-03-02 10:50:00,262.5278,262.6177,261.9084,261.9084,298773.0
2026-03-02 10:55:00,261.8984,262.5478,261.7585,262.4679,282585.0
2026-03-02 11:00:00,262.4679,263.5569,262.358,263.5319,442869.0
2026-03-02 11:05:00,263.5401,264.7158,263.517,264.6908,327074.0
2026-03-02 11:10:00,264.691,264.7358,264.3361,264.536,370516.0
2026-03-02 11:15:00,264.5759,264.7458,264.1114,264.3312,276721.0
2026-03-02 11:20:00,264.3277,264.7907,264.2163,264.5959,273921.0
2026-03-02 11:25:00,264.6409,264.6958,263.8066,264.1164,221490.0
2026-03-02 11:30:00,264.1164,264.481,263.7567,264.446,248662.0
2026-03-02 11:35:00,264.456,265.1171,264.2262,264.9855,320350.0
2026-03-02 11:40:00,264.9656,265.4431,264.9656,265.3852,247997.0
2026-03-02 11:45:00,265.4061,265.7033,265.3053,265.3552,296636.0
2026-03-02 11:50:00,265.3852,265.5051,265.0805,265.2253,306855.0
2026-03-02 11:55:00,265.2253,265.6649,265.1454,265.6549,248316.0
2026-03-02 12:00:00,265.6349,265.7448,265.3452,265.7049,186420.0
2026-03-02 12:05:00,265.7049,265.9094,265.2703,265.595,283079.0
2026-03-02 12:10:00,265.58,265.7149,265.3852,265.615,170886.0
2026-03-02 12:15:00,265.6899,265.9547,265.6149,265.8048,231672.0
2026-03-02 12:20:00,265.8248,265.9247,265.54,265.9147,168968.0
2026-03-02 12:25:00,265.9247,265.9447,265.615,265.7548,211850.0
2026-03-02 12:30:00,265.7498,265.7799,265.3852,265.4301,194201.0
2026-03-02 12:35:00,265.4152,265.7349,265.2553,265.4501,143028.0
2026-03-02 12:40:00,265.4451,265.9247,265.4251,265.6949,204472.0
2026-03-02 12:45:00,265.7249,265.8348,265.2654,265.3552,249794.0
2026-03-02 12:50:00,265.4152,265.7249,265.3252,265.4301,194857.0
2026-03-02 12:55:00,265.4301,265.8747,265.1954,265.8547,245809.0
2026-03-02 13:00:00,265.8747,266.0446,265.5251,265.585,326178.0
2026-03-02 13:05:00,265.605,265.8547,265.3865,265.4102,120997.0
2026-03-02 13:10:00,265.4102,265.605,265.2953,265.565,178086.0
2026-03-02 13:15:00,265.5651,265.585,265.1554,265.2253,160472.0
2026-03-02 13:20:00,265.2253,265.4261,265.0255,265.0255,136304.0
2026-03-02 13:25:00,265.0454,265.3752,265.0055,265.2553,126637.0
2026-03-02 13:30:00,265.2833,265.3054,264.9456,264.9855,167189.0
2026-03-02 13:35:00,264.9855,265.0455,264.6459,264.8557,181664.0
2026-03-02 13:40:00,264.8457,264.9955,264.5859,264.7658,188328.0
2026-03-02 13:45:00,264.7757,264.7757,264.1164,264.486,198559.0
2026-03-02 13:50:00,264.476,264.5559,264.3561,264.446,130303.0
2026-03-02 13:55:00,264.4361,264.516,264.2562,264.3961,149295.0
2026-03-02 14:00:00,264.3761,264.6258,264.1624,264.546,175300.0
2026-03-02 14:05:00,264.5659,265.0555,264.4061,265.0355,210479.0
2026-03-02 14:10:00,265.0505,265.585,265.0125,265.4951,228166.0
2026-03-02 14:15:00,265.4951,265.8048,265.4951,265.7249,203220.0
2026-03-02 14:20:00,265.7249,265.9547,265.4951,265.575,304346.0
2026-03-02 14:25:00,265.5566,265.8897,265.4551,265.8148,262801.0
2026-03-02 14:30:00,265.7998,266.2444,265.585,266.2144,329783.0
2026-03-02 14:35:00,266.2044,266.2844,265.7349,265.7848,205458.0
2026-03-02 14:40:00,265.7948,265.9946,265.7948,265.8847,164431.0
2026-03-02 14:45:00,265.8747,266.1944,265.7948,266.0146,296762.0
2026-03-02 14:50:00,266.0147,266.2443,265.8997,265.9247,213614.0
2026-03-02 14:55:00,265.9497,265.9846,265.4951,265.5251,243089.0
2026-03-02 15:00:00,265.545,265.5755,265.177,265.5101,195172.0
2026-03-02 15:05:00,265.5201,265.7149,264.2063,264.2462,490501.0
2026-03-02 15:10:00,264.2862,264.5759,264.0464,264.2063,415473.0
2026-03-02 15:15:00,264.1863,264.7558,263.8966,264.526,319462.0
2026-03-02 15:20:00,264.5559,264.6059,264.0664,264.0664,303717.0
2026-03-02 15:25:00,264.1064,264.3761,263.9565,264.0664,244703.0
2026-03-02 15:30:00,264.0714,264.4061,263.9365,264.3761,230277.0
2026-03-02 15:35:00,264.3811,264.3811,263.9865,264.0364,297823.0
2026-03-02 15:40:00,264.0065,264.1713,263.5269,263.9589,525288.0
2026-03-02 15:45:00,263.9365,264.1863,263.367,263.457,654914.0
2026-03-02 15:50:00,263.457,264.5759,263.377,264.4061,1026078.0
2026-03-02 15:55:00,264.4061,265.3053,264.2862,264.3561,3004322.0
2026-03-03 09:30:00,263.2372,263.5868,261.0592,261.1291,1540510.0
2026-03-03 09:35:00,261.1134,265.3152,260.9693,264.486,1065786.0
2026-03-03 09:40:00,264.476,264.7458,262.6427,262.7226,682637.0
2026-03-03 09:45:00,262.8076,263.4876,261.7835,262.0533,518240.0
2026-03-03 09:50:00,262.0283,262.9273,261.9284,262.5378,461454.0
2026-03-03 09:55:00,262.5378,262.6977,261.8085,262.0682,375330.0
2026-03-03 10:00:00,262.0483,262.8175,261.7885,262.6477,520940.0
2026-03-03 10:05:00,262.6877,263.7966,262.2981,263.6967,595267.0
2026-03-03 10:10:00,263.6568,264.526,263.417,263.8866,427049.0
2026-03-03 10:15:00,263.8566,264.2462,263.0379,263.5269,327721.0
2026-03-03 10:20:00,263.5069,263.7367,263.0973,263.1422,436021.0
2026-03-03 10:25:00,263.1173,263.1351,261.9184,262.0283,492259.0
2026-03-03 10:30:00,262.0383,263.0423,262.0383,263.0423,508359.0
2026-03-03 10:35:00,263.0473,263.6967,262.7076,262.8425,345084.0
2026-03-03 10:40:00,262.8275,263.1756,262.368,262.6677,349132.0
2026-03-03 10:45:00,262.6927,263.0473,262.3781,262.6277,258928.0
2026-03-03 10:50:00,262.5778,262.6427,261.8285,261.9134,256460.0
2026-03-03 10:55:00,261.9034,262.308,261.6686,262.1781,380092.0
2026-03-03 11:00:00,262.1582,262.9075,261.9584,262.6177,370257.0
2026-03-03 11:05:00,262.6377,262.9274,262.0083,262.4279,334849.0
2026-03-03 11:10:00,262.4429,262.8374,262.358,262.5828,258492.0
2026-03-03 11:15:00,262.5608,263.0373,262.1981,262.3979,296937.0
2026-03-03 11:20:00,262.3979,262.5578,261.9034,262.1881,350631.0
2026-03-03 11:25:00,262.1582,262.328,261.8684,262.298,307537.0
2026-03-03 11:30:00,262.2381,262.8575,261.9384,262.7376,259193.0
2026-03-03 11:35:00,262.7426,263.1472,262.5878,262.6377,194075.0
2026-03-03 11:40:00,262.6377,262.9374,262.0083,262.7376,334014.0
2026-03-03 11:45:00,262.7276,263.5469,262.5918,262.7676,276608.0
2026-03-03 11:50:00,262.8126,262.8675,262.0582,262.4079,275887.0
2026-03-03 11:55:00,262.3889,262.5478,262.2281,262.348,198677.0
2026-03-03 12:00:00,262.3879,262.6377,261.9084,262.2681,342612.0
2026-03-03 12:05:00,262.2764,262.6927,262.2081,262.308,222957.0
2026-03-03 12:10:00,262.358,262.5677,262.0083,262.298,178168.0
2026-03-03 12:15:00,262.298,262.4479,261.8784,261.9384,194508.0
2026-03-03 12:20:00,261.9533,262.0782,261.5537,261.7385,225426.0
2026-03-03 12:25:00,261.7785,261.9134,261.3389,261.5587,237998.0
2026-03-03 12:30:00,261.5587,261.5637,260.0163,260.0301,383229.0
2026-03-03 12:35:00,260.0201,260.7195,259.8902,260.7195,331723.0
2026-03-03 12:40:00,260.7395,261.249,260.7015,261.1741,271996.0
2026-03-03 12:45:00,261.1391,261.209,260.7195,261.0841,192865.0
2026-03-03 12:50:00,261.0841,261.219,260.5297,260.5896,241115.0
2026-03-03 12:55:00,260.5796,260.7694,260.3798,260.4897,247270.0
2026-03-03 13:00:00,260.5197,260.9693,260.4897,260.7495,172666.0
2026-03-03 13:05:00,260.7694,261.0292,260.5896,260.8444,194789.0
2026-03-03 13:10:00,260.8494,260.8494,260.2599,260.3998,213336.0
2026-03-03 13:15:00,260.4098,260.9792,260.3598,260.8394,176161.0
2026-03-03 13:20:00,260.8594,261.6286,260.8394,261.5387,235227.0
2026-03-03 13:25:00,261.5387,261.5587,261.194,261.239,240980.0
2026-03-03 13:30:00,261.199,261.6886,261.1291,261.5187,230178.0
2026-03-03 13:35:00,261.4988,261.9434,261.2435,261.7466,288406.0
2026-03-03 13:40:00,261.8085,262.308,261.7286,262.0383,225985.0
2026-03-03 13:45:00,262.0383,262.6627,261.8484,262.6077,272794.0
2026-03-03 13:50:00,262.6077,262.8575,262.3481,262.6077,196689.0
2026-03-03 13:55:00,262.5678,262.5678,262.1182,262.1582,158973.0
2026-03-03 14:00:00,262.1884,262.5178,261.9883,262.4679,165306.0
2026-03-03 14:05:00,262.4879,262.8575,262.4429,262.7291,309617.0
2026-03-03 14:10:00,262.7076,263.2322,262.6077,263.1772,445975.0
2026-03-03 14:15:00,263.2172,263.462,263.1002,263.2671,214368.0
2026-03-03 14:20:00,263.3021,263.6668,263.2871,263.4769,228027.0
2026-03-03 14:25:00,263.4769,263.6168,263.3221,263.412,181406.0
2026-03-03 14:30:00,263.427,263.5069,263.1073,263.2921,228018.0
2026-03-03 14:35:00,263.3071,264.3961,263.1422,263.9215,405857.0
2026-03-03 14:40:00,263.9665,264.2562,263.6967,264.0464,258675.0
2026-03-03 14:45:00,264.0664,264.2462,263.5469,263.6068,163745.0
2026-03-03 14:50:00,263.6018,263.6768,262.8575,263.1572,206496.0
2026-03-03 14:55:00,263.1273,263.1572,262.8076,263.0473,174493.0
2026-03-03 15:00:00,263.0673,263.2565,262.6377,262.7376,179268.0
2026-03-03 15:05:00,262.7575,263.1172,262.4779,263.1172,231351.0
2026-03-03 15:10:00,263.0673,263.0923,262.6877,262.6877,157621.0
2026-03-03 15:15:00,262.6977,262.9274,262.4479,262.5178,182730.0
2026-03-03 15:20:00,262.5278,262.6647,262.2681,262.4779,171038.0
2026-03-03 15:25:00,262.4879,263.1273,262.398,263.0274,211466.0
2026-03-03 15:30:00,263.0174,263.2871,262.8425,262.9974,272649.0
2026-03-03 15:35:00,263.0074,263.5367,263.0024,263.1872,325995.0
2026-03-03 15:40:00,263.2172,263.3071,262.9075,263.0324,265454.0
2026-03-03 15:45:00,263.0174,263.1672,262.6477,263.0174,295436.0
2026-03-03 15:50:00,263.0074,263.4969,262.0982,263.1073,805909.0
2026-03-03 15:55:00,263.0673,263.7167,263.0573,263.446,2173561.0
2026-03-04 09:30:00,264.4061,265.9047,263.6768,264.436,1814309.0
2026-03-04 09:35:00,264.3911,264.5095,262.4829,262.9824,603613.0
2026-03-04 09:40:00,262.9885,262.9885,261.8984,262.0582,541876.0
2026-03-04 09:45:00,261.9184,262.7176,261.1791,262.1781,576485.0
2026-03-04 09:50:00,262.1981,262.6277,261.7585,262.338,373657.0
2026-03-04 09:55:00,262.368,262.5878,261.8684,262.2581,481856.0
2026-03-04 10:00:00,262.278,262.7576,261.4688,261.8684,623129.0
2026-03-04 10:05:00,261.8684,262.6987,261.8385,262.6327,355693.0
2026-03-04 10:10:00,262.6277,262.9474,262.288,262.6577,351461.0
2026-03-04 10:15:00,262.6178,263.5469,262.5678,263.5068,362030.0
2026-03-04 10:20:00,263.5069,264.0864,263.3484,263.9365,438031.0
2026-03-04 10:25:00,263.9065,263.9565,263.5069,263.8866,343853.0
2026-03-04 10:30:00,263.8816,264.1563,263.6768,263.9265,373189.0
2026-03-04 10:35:00,263.9265,264.3321,263.6258,263.7267,332860.0
2026-03-04 10:40:00,263.7367,264.1114,263.4769,263.4869,250966.0
2026-03-04 10:45:00,263.4769,263.5169,262.8575,263.0079,256870.0
2026-03-04 10:50:00,263.0274,263.2871,262.5728,262.9674,320349.0
2026-03-04 10:55:00,262.9774,263.8366,262.9574,263.8128,276254.0
2026-03-04 11:00:00,263.8216,264.1963,263.6468,263.9064,356079.0
2026-03-04 11:05:00,263.9065,264.0764,263.2971,263.5069,279916.0
2026-03-04 11:10:00,263.5269,263.5738,263.1771,263.2671,245053.0
2026-03-04 11:15:00,263.2871,263.5269,263.1273,263.3171,259292.0
2026-03-04 11:20:00,263.3221,264.0214,263.1972,263.9065,294104.0
2026-03-04 11:25:00,263.8928,264.476,263.8267,264.2862,333444.0
2026-03-04 11:30:00,264.2862,264.3761,264.0564,264.3561,204311.0
2026-03-04 11:35:00,264.3761,264.6059,264.2255,264.506,325255.0
2026-03-04 11:40:00,264.526,265.2453,264.466,265.0855,310963.0
2026-03-04 11:45:00,265.0755,265.2653,264.7558,264.9955,304483.0
2026-03-04 11:50:00,265.0005,265.1324,264.7458,264.9865,193754.0
2026-03-04 11:55:00,264.9955,265.0255,264.486,264.486,235834.0
2026-03-04 12:00:00,264.506,264.6926,264.4261,264.6509,177389.0
2026-03-04 12:05:00,264.6658,265.0655,264.6658,264.8956,321318.0
2026-03-04 12:10:00,264.9056,265.1654,264.8557,265.0255,284414.0
2026-03-04 12:15:00,265.0255,265.0954,264.7757,264.8557,231065.0
2026-03-04 12:20:00,264.8507,265.0255,264.7458,264.9556,195796.0
2026-03-04 12:25:00,264.9706,265.1654,264.6459,264.6559,266986.0
2026-03-04 12:30:00,264.6658,264.6658,263.9265,264.2652,258438.0
2026-03-04 12:35:00,264.2762,264.6059,264.1963,264.5709,126674.0
2026-03-04 12:40:00,264.5656,264.5656,264.2163,264.4361,142415.0
2026-03-04 12:45:00,264.4258,265.0155,264.4111,264.8657,146487.0
2026-03-04 12:50:00,264.8856,265.1254,264.5859,264.7558,249639.0
2026-03-04 12:55:00,264.7458,264.7458,264.3561,264.3761,138857.0
2026-03-04 13:00:00,264.3661,264.546,264.1164,264.1664,196417.0
2026-03-04 13:05:00,264.1563,264.2261,263.6668,263.8266,396676.0
2026-03-04 13:10:00,263.8166,264.4261,263.5768,263.7717,386400.0
2026-03-04 13:15:00,263.7567,263.8066,263.2372,263.5868,343168.0
2026-03-04 13:20:00,263.5669,263.6867,263.3071,263.3271,194385.0
2026-03-04 13:25:00,263.3271,263.5768,263.0973,263.5369,247562.0
2026-03-04 13:30:00,263.5569,263.9565,263.4969,263.7317,250262.0
2026-03-04 13:35:00,263.7267,263.9165,263.6268,263.6668,208681.0
2026-03-04 13:40:00,263.6967,263.7717,263.367,263.417,192211.0
2026-03-04 13:45:00,263.427,263.5968,263.3571,263.4669,137680.0
2026-03-04 13:50:00,263.4769,263.4769,263.1573,263.1622,192308.0
2026-03-04 13:55:00,263.1672,263.2072,262.8175,263.0174,216734.0
2026-03-04 14:00:00,263.0174,263.3171,262.9874,263.1173,185680.0
2026-03-04 14:05:00,263.1273,263.1672,262.9974,263.0423,209620.0
2026-03-04 14:10:00,263.0373,263.3869,263.0373,263.2172,225503.0
2026-03-04 14:15:00,263.2272,263.2771,262.9924,263.2272,223788.0
2026-03-04 14:20:00,263.257,263.387,262.8675,263.1872,269513.0
2026-03-04 14:25:00,263.1922,263.2601,262.9674,263.1073,576399.0
2026-03-04 14:30:00,263.0973,263.2621,263.0204,263.0973,164544.0
2026-03-04 14:35:00,263.1223,263.3371,263.0423,263.3171,233286.0
2026-03-04 14:40:00,263.3456,263.437,262.9076,262.9674,317633.0
2026-03-04 14:45:00,262.9874,263.1073,262.8475,262.9424,188323.0
2026-03-04 14:50:00,262.9474,263.1772,262.9075,263.0274,317896.0
2026-03-04 14:55:00,263.0174,263.1323,262.7776,262.9774,318725.0
2026-03-04 15:00:00,262.9874,263.2172,262.8875,263.0423,441308.0
2026-03-04 15:05:00,263.0423,263.0923,262.6177,262.7176,274350.0
2026-03-04 15:10:00,262.7276,262.7276,262.5578,262.6327,197969.0
2026-03-04 15:15:00,262.6177,262.6577,262.0682,262.1082,326417.0
2026-03-04 15:20:00,262.1182,262.2381,261.8184,262.1981,329394.0
2026-03-04 15:25:00,262.2081,262.5278,262.1681,262.4779,277246.0
2026-03-04 15:30:00,262.4679,262.5478,262.318,262.363,244175.0
2026-03-04 15:35:00,262.363,262.6077,262.318,262.3979,275434.0
2026-03-04 15:40:00,262.4077,262.4579,262.0982,262.1039,326508.0
2026-03-04 15:45:00,262.0982,262.2081,261.9384,261.9957,309084.0
2026-03-04 15:50:00,261.9883,262.9175,261.923,262.6177,1044868.0
2026-03-04 15:55:00,262.6077,262.8775,262.2031,262.2081,2638122.0
2026-03-05 09:30:00,260.5496,260.8594,259.6405,260.5297,1518055.0
2026-03-05 09:35:00,260.5596,261.219,260.0101,260.2,585226.0
2026-03-05 09:40:00,260.2163,260.4897,258.8912,259.1009,623918.0
2026-03-05 09:45:00,259.101,259.7104,258.8212,258.9161,675413.0
2026-03-05 09:50:00,258.9411,259.3408,258.6214,259.111,661633.0
2026-03-05 09:55:00,259.081,259.7903,258.9311,259.6705,623366.0
2026-03-05 10:00:00,259.6904,260.0446,259.2159,259.3907,731060.0
2026-03-05 10:05:00,259.3807,259.3807,258.6014,258.7213,483404.0
2026-03-05 10:10:00,258.7163,259.4606,258.3417,259.3807,717607.0
2026-03-05 10:15:00,259.3807,259.4307,258.4216,258.6414,470248.0
2026-03-05 10:20:00,258.6314,259.031,258.3716,258.4716,534840.0
2026-03-05 10:25:00,258.4316,258.6614,258.3017,258.6314,463325.0
2026-03-05 10:30:00,258.6564,258.7013,257.8371,258.2112,519046.0
2026-03-05 10:35:00,258.1868,259.7704,258.1818,259.7704,533444.0
2026-03-05 10:40:00,259.7804,260.11,259.7304,259.9115,436255.0
2026-03-05 10:45:00,259.9202,260.16,259.5805,260.0401,314793.0
2026-03-05 10:50:00,260.0401,260.7694,260.0301,260.4897,523049.0
2026-03-05 10:55:00,260.5096,260.9842,260.3898,260.7594,439218.0
2026-03-05 11:00:00,260.7744,260.7994,260.19,260.3598,441378.0
2026-03-05 11:05:00,260.3498,260.4697,259.9302,260.2,397180.0
2026-03-05 11:10:00,260.2,260.2219,259.3308,259.4107,414468.0
2026-03-05 11:15:00,259.4007,259.8853,259.2608,259.6405,296204.0
2026-03-05 11:20:00,259.6605,260.4697,259.6605,260.3898,315371.0
2026-03-05 11:25:00,260.3598,260.6495,260.3199,260.5147,220919.0
2026-03-05 11:30:00,260.5197,261.259,260.2599,260.3798,531272.0
2026-03-05 11:35:00,260.3698,260.6196,260.175,260.3898,313697.0
2026-03-05 11:40:00,260.3798,260.6995,260.3298,260.5197,284114.0
2026-03-05 11:45:00,260.5396,261.0592,260.3722,260.3948,388887.0
2026-03-05 11:50:00,260.3998,260.7095,260.0801,260.3698,307827.0
2026-03-05 11:55:00,260.3898,260.5796,260.2299,260.4497,277797.0
2026-03-05 12:00:00,260.4597,261.3139,260.4198,261.199,256718.0
2026-03-05 12:05:00,261.199,261.2989,260.19,260.2349,238356.0
2026-03-05 12:10:00,260.19,260.3748,259.8103,260.0701,305351.0
2026-03-05 12:15:00,260.1001,260.1001,258.8862,258.9611,454280.0
2026-03-05 12:20:00,258.9611,259.1909,258.8512,259.036,245577.0
2026-03-05 12:25:00,259.0111,259.2009,258.7313,258.7813,329626.0
2026-03-05 12:30:00,258.8013,258.8712,258.3117,258.4016,368149.0
2026-03-05 12:35:00,258.4216,258.9112,258.3317,258.7163,334754.0
2026-03-05 12:40:00,258.7313,259.1309,258.3916,258.5914,302211.0
2026-03-05 12:45:00,258.5715,259.121,258.4663,258.6014,404374.0
2026-03-05 12:50:00,258.6314,258.8812,258.2568,258.3317,332164.0
2026-03-05 12:55:00,258.3417,258.6014,258.273,258.4815,245752.0
2026-03-05 13:00:00,258.4815,258.9112,258.4516,258.6164,231483.0
2026-03-05 13:05:00,258.5815,259.051,258.5465,258.8712,281722.0
2026-03-05 13:10:00,258.8703,259.1909,258.6414,259.086,223185.0
2026-03-05 13:15:00,259.091,259.2508,258.5715,258.6514,220298.0
2026-03-05 13:20:00,258.6514,259.2199,258.5115,259.2059,269472.0
2026-03-05 13:25:00,259.2208,259.2208,258.4814,258.6705,212454.0
2026-03-05 13:30:00,258.6814,258.8812,258.5215,258.6664,254387.0
2026-03-05 13:35:00,258.6714,258.8712,258.4266,258.5716,261060.0
2026-03-05 13:40:00,258.6014,258.9411,258.5215,258.9062,299272.0
2026-03-05 13:45:00,258.9211,258.9411,258.0619,258.1419,322048.0
2026-03-05 13:50:00,258.1369,258.1618,257.6923,257.7522,350131.0
2026-03-05 13:55:00,257.7622,258.1269,257.6124,257.982,378626.0
2026-03-05 14:00:00,257.962,258.2318,257.8821,258.042,343506.0
2026-03-05 14:05:00,258.032,258.3017,258.012,258.2817,237991.0
2026-03-05 14:10:00,258.2767,258.3216,257.9321,258.022,190027.0
2026-03-05 14:15:00,258.032,258.1019,257.9021,258.022,191789.0
2026-03-05 14:20:00,258.032,258.1718,257.9121,257.992,228865.0
2026-03-05 14:25:00,257.992,258.037,257.5124,257.6223,297936.0
2026-03-05 14:30:00,257.6074,257.6074,257.1028,257.1827,386851.0
2026-03-05 14:35:00,257.1927,257.3026,257.0129,257.3026,258037.0
2026-03-05 14:40:00,257.3126,258.0919,257.3076,258.0819,273686.0
2026-03-05 14:45:00,258.0919,258.1718,257.8921,258.032,224313.0
2026-03-05 14:50:00,258.042,258.1718,257.4125,257.4325,226162.0
2026-03-05 14:55:00,257.4325,257.6124,257.3226,257.5374,235404.0
2026-03-05 15:00:00,257.5324,257.9221,257.1628,257.8831,353581.0
2026-03-05 15:05:00,257.8821,257.8821,257.1827,257.6623,365262.0
2026-03-05 15:10:00,257.6723,258.5315,257.6623,258.484,396926.0
2026-03-05 15:15:00,258.4815,258.9411,258.1119,258.6414,456116.0
2026-03-05 15:20:00,258.6214,259.061,258.6114,258.9461,427439.0
2026-03-05 15:25:00,258.9611,259.2508,258.4317,258.4516,435523.0
2026-03-05 15:30:00,258.4416,258.9311,258.3617,258.5515,317644.0
2026-03-05 15:35:00,258.5415,258.9411,258.4915,258.6614,299179.0
2026-03-05 15:40:00,258.6714,258.7413,258.1618,258.3716,481859.0
2026-03-05 15:45:00,258.3716,258.7613,258.2568,258.7313,548009.0
2026-03-05 15:50:00,258.7613,260.0901,258.7513,259.9502,1569529.0
2026-03-05 15:55:00,259.9602,260.3498,259.7204,260.0101,3806671.0
2026-03-06 09:30:00,258.3916,258.5315,254.9248,255.1056,1725502.0
2026-03-06 09:35:00,255.1246,255.2146,254.1356,254.8249,862621.0
2026-03-06 09:40:00,254.8449,255.6542,254.76,255.2745,444024.0
2026-03-06 09:45:00,255.2445,255.3644,254.4852,254.9648,582698.0
2026-03-06 09:50:00,254.9148,256.0038,254.755,255.489,547754.0
2026-03-06 09:55:00,255.4943,255.804,255.0347,255.6542,571821.0
2026-03-06 10:00:00,255.6542,256.3735,255.6142,255.864,838101.0
2026-03-06 10:05:00,255.874,255.9639,255.0147,255.0397,505151.0
2026-03-06 10:10:00,255.0647,256.4534,254.9548,256.3252,398864.0
2026-03-06 10:15:00,256.3535,256.5332,255.964,256.2636,307315.0
2026-03-06 10:20:00,256.2736,256.8329,256.1537,256.4534,307546.0
2026-03-06 10:25:00,256.4135,256.5833,256.0838,256.4634,231173.0
2026-03-06 10:30:00,256.4584,256.8231,256.3735,256.7133,344922.0
2026-03-06 10:35:00,256.7332,257.0229,256.5633,256.923,549601.0
2026-03-06 10:40:00,256.923,256.9729,256.4834,256.6183,316843.0
2026-03-06 10:45:00,256.6331,256.8248,256.5633,256.6537,203123.0
2026-03-06 10:50:00,256.6732,256.6732,255.844,256.3735,247349.0
2026-03-06 10:55:00,256.3836,257.3326,256.3835,257.2727,308500.0
2026-03-06 11:00:00,257.2827,257.7123,257.1628,257.6387,275443.0
2026-03-06 11:05:00,257.6423,257.6823,257.2627,257.3426,212465.0
2026-03-06 11:10:00,257.3126,257.3226,256.8031,256.943,207206.0
2026-03-06 11:15:00,256.9408,257.3426,256.8131,257.3426,195666.0
2026-03-06 11:20:00,257.3826,257.4075,256.6432,257.0399,209640.0
2026-03-06 11:25:00,257.0429,257.1977,256.7747,257.0329,199588.0
2026-03-06 11:30:00,257.0529,257.162,256.2036,256.354,224536.0
2026-03-06 11:35:00,256.3535,256.7631,256.2836,256.6233,809941.0
2026-03-06 11:40:00,256.6532,256.888,256.4434,256.4734,229582.0
2026-03-06 11:45:00,256.4834,256.9929,256.4734,256.7471,206913.0
2026-03-06 11:50:00,256.7232,257.2527,256.4734,256.5413,232643.0
2026-03-06 11:55:00,256.5633,257.0129,256.3635,256.5334,247503.0
2026-03-06 12:00:00,256.5633,257.0129,256.3735,256.5833,249483.0
2026-03-06 12:05:00,256.5833,256.7194,256.1537,256.4135,253268.0
2026-03-06 12:10:00,256.4035,256.5934,256.2836,256.4785,155528.0
2026-03-06 12:15:00,256.4634,256.7232,256.2236,256.7132,211801.0
2026-03-06 12:20:00,256.7182,256.8829,256.5433,256.6832,277071.0
2026-03-06 12:25:00,256.6832,256.6932,256.3036,256.5333,199522.0
2026-03-06 12:30:00,256.5333,256.8431,256.4634,256.8031,314695.0
2026-03-06 12:35:00,256.7931,256.843,256.0338,256.1237,212619.0
2026-03-06 12:40:00,256.1237,256.1937,255.824,256.0388,184949.0
2026-03-06 12:45:00,256.0438,256.6532,256.0438,256.5833,164535.0
2026-03-06 12:50:00,256.5833,256.9729,256.4334,256.4984,185209.0
2026-03-06 12:55:00,256.5034,256.5433,256.0938,256.1237,136878.0
2026-03-06 13:00:00,256.122,256.6932,256.0738,256.4514,199655.0
2026-03-06 13:05:00,256.4993,256.8131,256.4534,256.5145,143251.0
2026-03-06 13:10:00,256.5284,257.3526,256.4834,257.3326,242748.0
2026-03-06 13:15:00,257.2926,257.3126,256.7032,256.9629,231484.0
2026-03-06 13:20:00,256.9629,257.0429,256.4634,256.5868,195209.0
2026-03-06 13:25:00,256.5933,256.6233,256.1087,256.2386,176286.0
2026-03-06 13:30:00,256.2386,256.4378,255.9539,256.1762,348563.0
2026-03-06 13:35:00,256.1437,256.2036,255.834,255.9689,144865.0
2026-03-06 13:40:00,255.9639,256.1137,255.854,255.9982,115881.0
2026-03-06 13:45:00,255.9988,256.1437,255.8939,256.1237,144810.0
2026-03-06 13:50:00,256.0939,256.0939,255.6741,255.814,169207.0
2026-03-06 13:55:00,255.814,256.2736,255.794,256.0987,169472.0
2026-03-06 14:00:00,256.1137,256.3635,256.0738,256.1837,159771.0
2026-03-06 14:05:00,256.1387,256.4735,256.1037,256.4384,129291.0
2026-03-06 14:10:00,256.4634,256.7631,256.4535,256.6532,138493.0
2026-03-06 14:15:00,256.6432,256.7881,256.5134,256.6832,184768.0
2026-03-06 14:20:00,256.6832,256.7831,256.2036,256.5533,204276.0
2026-03-06 14:25:00,256.5733,256.9929,256.4035,256.943,180608.0
2026-03-06 14:30:00,256.933,257.1728,256.893,257.1163,153747.0
2026-03-06 14:35:00,257.1178,257.1228,256.5638,256.858,138572.0
2026-03-06 14:40:00,256.863,257.2227,256.7432,256.7531,165820.0
2026-03-06 14:45:00,256.7531,256.893,256.6134,256.7222,146227.0
2026-03-06 14:50:00,256.7232,257.2527,256.6832,257.1877,161609.0
2026-03-06 14:55:00,257.2177,257.4475,257.1468,257.3326,269709.0
2026-03-06 15:00:00,257.3576,257.6024,257.2527,257.3476,238704.0
2026-03-06 15:05:00,257.3476,257.3726,257.0429,257.2127,198629.0
2026-03-06 15:10:00,257.2227,257.4625,256.903,257.4625,298860.0
2026-03-06 15:15:00,257.4525,257.7321,257.3026,257.5424,378326.0
2026-03-06 15:20:00,257.5324,257.5874,256.923,256.9892,302642.0
2026-03-06 15:25:00,256.9929,256.9929,256.5744,256.6732,343121.0
2026-03-06 15:30:00,256.6832,256.7382,256.2336,256.6982,419750.0
2026-03-06 15:35:00,256.6832,256.7232,256.2036,256.6432,399108.0
2026-03-06 15:40:00,256.6432,257.0529,256.2936,256.3335,454103.0
2026-03-06 15:45:00,256.3335,256.7232,256.3036,256.5533,314410.0
2026-03-06 15:50:00,256.5833,257.4825,256.3135,257.1728,756354.0
2026-03-06 15:55:00,257.1628,257.7722,257.0728,257.2027,2784461.0
2026-03-09 09:30:00,255.4543,256.7831,253.4467,254.2255,1967526.0
2026-03-09 09:35:00,254.2155,255.2475,253.9158,254.5851,763277.0
2026-03-09 09:40:00,254.5951,255.4036,254.5052,254.735,588142.0
2026-03-09 09:45:00,254.715,255.6042,254.3853,255.0048,430846.0
2026-03-09 09:50:00,254.9748,255.5343,254.5951,255.0747,375271.0
2026-03-09 09:55:00,255.0847,256.1337,255.0847,255.4743,511020.0
2026-03-09 10:00:00,255.4344,256.1702,255.3494,256.0938,340171.0
2026-03-09 10:05:00,256.1435,256.3634,255.3444,255.6941,527501.0
2026-03-09 10:10:00,255.6991,256.1537,255.3444,255.8839,313374.0
2026-03-09 10:15:00,255.9039,256.2336,255.3444,255.6991,387277.0
2026-03-09 10:20:00,255.6991,256.6832,255.5043,256.4035,312098.0
2026-03-09 10:25:00,256.3635,256.5134,255.2645,255.4444,288191.0
2026-03-09 10:30:00,255.4244,256.0038,255.3944,255.9144,410514.0
2026-03-09 10:35:00,255.8995,256.6432,255.794,256.3835,330466.0
2026-03-09 10:40:00,256.3635,256.8331,256.1887,256.8131,353962.0
2026-03-09 10:45:00,256.8231,257.5624,256.7432,257.3826,475661.0
2026-03-09 10:50:00,257.3926,257.6423,257.1228,257.5623,281226.0
2026-03-09 10:55:00,257.5324,257.5358,256.923,257.1028,337908.0
2026-03-09 11:00:00,257.0828,257.2827,256.863,257.2027,260462.0
2026-03-09 11:05:00,257.1528,257.2777,256.6932,256.8831,214077.0
2026-03-09 11:10:00,256.893,257.2527,256.8531,257.0229,342243.0
2026-03-09 11:15:00,257.0229,257.2627,256.9529,257.2377,204860.0
2026-03-09 11:20:00,257.2227,257.4025,257.0629,257.1827,244431.0
2026-03-09 11:25:00,257.2127,257.5524,257.1111,257.4925,271467.0
2026-03-09 11:30:00,257.4825,257.5725,257.0828,257.2027,232641.0
2026-03-09 11:35:00,257.2127,257.6923,257.0429,257.3626,289533.0
2026-03-09 11:40:00,257.3526,257.3726,256.913,257.1728,298109.0
2026-03-09 11:45:00,257.1778,257.6623,257.1078,257.5524,357068.0
2026-03-09 11:50:00,257.5724,257.942,257.4525,257.7822,250526.0
2026-03-09 11:55:00,257.7822,257.7972,257.0728,257.2077,287614.0
2026-03-09 12:00:00,257.2227,257.5324,256.913,257.1328,238404.0
2026-03-09 12:05:00,257.1378,257.7422,257.1228,257.5624,212473.0
2026-03-09 12:10:00,257.5641,257.8621,257.4825,257.5224,259069.0
2026-03-09 12:15:00,257.5224,257.6906,257.3062,257.4975,152021.0
2026-03-09 12:20:00,257.5074,257.6124,257.0728,257.4025,237845.0
2026-03-09 12:25:00,257.4125,258.032,257.2926,257.3326,234729.0
2026-03-09 12:30:00,257.3426,257.5824,256.943,257.5824,246908.0
2026-03-09 12:35:00,257.5724,257.7522,257.3604,257.3604,168415.0
2026-03-09 12:40:00,257.3626,257.6223,257.2727,257.5025,149815.0
2026-03-09 12:45:00,257.4925,257.7622,257.4075,257.6773,218274.0
2026-03-09 12:50:00,257.7023,257.7023,257.3126,257.431,172706.0
2026-03-09 12:55:00,257.4025,257.8521,257.3026,257.4875,246143.0
2026-03-09 13:00:00,257.5324,257.5324,257.0429,257.1927,205382.0
2026-03-09 13:05:00,257.1827,257.2627,256.9929,257.2537,145370.0
2026-03-09 13:10:00,257.2527,257.3426,256.9629,256.9929,210567.0
2026-03-09 13:15:00,257.0129,257.1128,256.6033,256.6531,202746.0
2026-03-09 13:20:00,256.6382,256.7432,256.4035,256.4934,232539.0
2026-03-09 13:25:00,256.4834,256.5533,256.3036,256.3935,202213.0
2026-03-09 13:30:00,256.4035,256.5034,256.1237,256.1887,260523.0
2026-03-09 13:35:00,256.2036,256.2135,255.8541,255.8541,179563.0
2026-03-09 13:40:00,255.869,256.2102,255.7141,256.0738,208592.0
2026-03-09 13:45:00,256.0838,256.2036,255.839,255.9239,244806.0
2026-03-09 13:50:00,255.9239,256.1247,255.9139,256.0938,174252.0
2026-03-09 13:55:00,256.1137,256.2435,255.829,255.8939,151327.0
2026-03-09 14:00:00,255.8939,256.2236,255.864,256.0738,213062.0
2026-03-09 14:05:00,256.0738,256.4233,256.0738,256.304,588026.0
2026-03-09 14:10:00,256.3185,256.6382,256.2836,256.5833,164107.0
2026-03-09 14:15:00,256.6133,256.893,256.5134,256.863,190000.0
2026-03-09 14:20:00,256.858,257.1278,256.6432,256.7232,177887.0
2026-03-09 14:25:00,256.7132,256.9879,256.6932,256.913,136689.0
2026-03-09 14:30:00,256.903,257.6124,256.883,257.4925,248353.0
2026-03-09 14:35:00,257.4903,257.5324,257.2327,257.3326,152089.0
2026-03-09 14:40:00,257.3426,257.5074,256.2736,257.2661,541725.0
2026-03-09 14:45:00,257.2777,257.4625,257.2527,257.2876,203840.0
2026-03-09 14:50:00,257.2827,257.5474,257.1728,257.4225,169947.0
2026-03-09 14:55:00,257.4125,257.5174,257.1628,257.2137,150058.0
2026-03-09 15:00:00,257.2127,257.3676,257.0029,257.0029,181872.0
2026-03-09 15:05:00,256.9679,257.1328,256.8031,256.9434,321164.0
2026-03-09 15:10:00,256.9729,257.1228,256.923,256.973,293158.0
2026-03-09 15:15:00,256.9829,258.5015,256.913,258.4416,521048.0
2026-03-09 15:20:00,258.4416,259.1909,258.2118,258.7413,790138.0
2026-03-09 15:25:00,258.7313,259.3308,258.4216,259.2408,532288.0
2026-03-09 15:30:00,259.2209,260.12,258.7713,260.0701,636187.0
2026-03-09 15:35:00,260.1099,260.9093,259.618,260.7894,669574.0
2026-03-09 15:40:00,260.7994,260.7994,259.3608,259.7804,644115.0
2026-03-09 15:45:00,259.7604,259.9802,259.4407,259.7853,407639.0
2026-03-09 15:50:00,259.7704,259.9202,259.2958,259.4537,648307.0
2026-03-09 15:55:00,259.4507,260.0701,259.2309,259.6505,1815920.0
2026-03-10 09:30:00,257.4075,259.6788,256.7132,259.1809,1468224.0
2026-03-10 09:35:00,259.1709,259.3857,258.4416,258.5015,436166.0
2026-03-10 09:40:00,258.4815,258.7313,257.8721,258.6814,403208.0
2026-03-10 09:45:00,258.7013,258.8013,257.6723,258.4915,382846.0
2026-03-10 09:50:00,258.5415,258.7413,258.0519,258.0519,283028.0
2026-03-10 09:55:00,258.0519,258.1817,257.4625,257.7272,230864.0
2026-03-10 10:00:00,257.7023,258.3517,257.3126,258.2717,294437.0
2026-03-10 10:05:00,258.2418,258.8462,258.0919,258.2368,271877.0
2026-03-10 10:10:00,258.2018,259.041,258.1768,258.8912,259420.0
2026-03-10 10:15:00,258.8712,259.1809,258.3716,259.1509,254151.0
2026-03-10 10:20:00,259.101,259.6904,259.041,259.4007,309016.0
2026-03-10 10:25:00,259.3907,260.0101,259.3907,259.7204,326968.0
2026-03-10 10:30:00,259.7005,260.3497,259.6754,259.9302,312593.0
2026-03-10 10:35:00,259.9102,260.3798,259.8902,260.3698,224539.0
2026-03-10 10:40:00,260.3598,261.0192,260.2249,260.8394,337150.0
2026-03-10 10:45:00,260.8693,260.9942,260.5846,260.8644,213496.0
2026-03-10 10:50:00,260.8494,261.259,260.8295,261.1241,193579.0
2026-03-10 10:55:00,261.1191,261.289,260.8594,261.0891,268450.0
2026-03-10 11:00:00,261.0642,261.5387,260.9593,261.1491,577359.0
2026-03-10 11:05:00,261.1491,261.1791,260.8094,260.9193,212929.0
2026-03-10 11:10:00,260.9393,261.1191,260.8094,260.9792,168275.0
2026-03-10 11:15:00,261.0042,261.3489,260.9992,261.249,200490.0
2026-03-10 11:20:00,261.249,261.3889,260.8993,260.9193,161206.0
2026-03-10 11:25:00,260.9493,261.1391,260.8394,261.0692,161355.0
2026-03-10 11:30:00,261.0592,261.1291,260.8294,260.9393,185619.0
2026-03-10 11:35:00,260.9393,261.1691,260.8994,261.0392,146490.0
2026-03-10 11:40:00,261.0642,261.3689,260.9393,261.1191,231301.0
2026-03-10 11:45:00,261.1241,261.129,260.7594,260.8194,146776.0
2026-03-10 11:50:00,260.8144,261.1391,260.8144,260.9393,126357.0
2026-03-10 11:55:00,260.9293,261.3089,260.8094,261.269,138377.0
2026-03-10 12:00:00,261.259,261.3089,260.9693,261.229,174896.0
2026-03-10 12:05:00,261.234,261.4288,260.9293,261.1091,306386.0
2026-03-10 12:10:00,261.1091,261.3389,260.9443,261.1391,166151.0
2026-03-10 12:15:00,261.1291,261.3539,260.9893,261.1591,228890.0
2026-03-10 12:20:00,261.1691,261.3789,260.8693,261.289,208273.0
2026-03-10 12:25:00,261.279,261.7385,261.1891,261.6286,320719.0
2026-03-10 12:30:00,261.6486,261.7186,261.1591,261.219,344867.0
2026-03-10 12:35:00,261.209,261.3289,261.0092,261.0742,143167.0
2026-03-10 12:40:00,261.0891,261.2252,260.9543,261.1491,210223.0
2026-03-10 12:45:00,261.1291,261.1391,260.5796,260.8494,196916.0
2026-03-10 12:50:00,260.8594,261.0692,260.6296,260.9593,176741.0
2026-03-10 12:55:00,260.9892,261.0292,260.8294,260.9143,120752.0
2026-03-10 13:00:00,260.9293,261.214,260.8693,261.0442,189655.0
2026-03-10 13:05:00,261.0392,261.3389,261.0142,261.3189,156554.0
2026-03-10 13:10:00,261.3089,261.7186,261.289,261.6187,229860.0
2026-03-10 13:15:00,261.6286,262.2381,261.5887,261.8784,349901.0
2026-03-10 13:20:00,261.8185,262.0483,261.4488,262.0133,285025.0
2026-03-10 13:25:00,262.0083,262.0582,261.8285,261.9583,199545.0
2026-03-10 13:30:00,261.9484,261.9683,261.4088,261.4488,304070.0
2026-03-10 13:35:00,261.4588,261.5287,261.0392,261.3089,257472.0
2026-03-10 13:40:00,261.2989,261.9583,261.229,261.6686,207959.0
2026-03-10 13:45:00,261.7086,261.9184,261.5687,261.7286,215697.0
2026-03-10 13:50:00,261.7236,262.1082,261.7086,262.0982,161225.0
2026-03-10 13:55:00,262.1082,262.2381,261.9583,262.0183,185116.0
2026-03-10 14:00:00,262.0383,262.1314,261.7785,262.0632,194495.0
2026-03-10 14:05:00,262.0582,262.0582,261.6414,261.6686,110798.0
2026-03-10 14:10:00,261.6486,261.9484,260.7594,260.7794,299489.0
2026-03-10 14:15:00,260.7994,261.1291,260.2299,260.4997,369876.0
2026-03-10 14:20:00,260.4497,261.1891,260.3099,260.9493,405610.0
2026-03-10 14:25:00,261.0192,261.6786,260.9593,261.4288,288995.0
2026-03-10 14:30:00,261.4288,261.7585,261.3089,261.5287,176253.0
2026-03-10 14:35:00,261.5587,261.7286,261.0192,261.1291,233210.0
2026-03-10 14:40:00,261.1391,261.4456,260.9293,261.0492,191936.0
2026-03-10 14:45:00,261.0292,261.2789,260.9143,261.0732,197861.0
2026-03-10 14:50:00,261.0891,261.5187,260.9143,261.0692,166929.0
2026-03-10 14:55:00,261.0792,261.2889,261.0492,261.0841,156716.0
2026-03-10 15:00:00,261.0991,261.2989,260.8594,260.8594,165104.0
2026-03-10 15:05:00,260.8693,261.289,260.7195,261.1391,198633.0
2026-03-10 15:10:00,261.1441,261.1891,260.7994,261.1491,164159.0
2026-03-10 15:15:00,261.1641,261.3589,260.9493,261.1241,208231.0
2026-03-10 15:20:00,261.1291,261.249,260.4198,260.7594,303212.0
2026-03-10 15:25:00,260.7644,260.8277,260.19,260.2649,214425.0
2026-03-10 15:30:00,260.2299,260.6146,260.1101,260.4498,295362.0
2026-03-10 15:35:00,260.4547,260.7171,260.2599,260.6096,299166.0
2026-03-10 15:40:00,260.6146,260.9593,260.3348,260.7395,470196.0
2026-03-10 15:45:00,260.7295,260.9693,260.28,260.6096,369702.0
2026-03-10 15:50:00,260.6196,260.8194,260.2716,260.4847,622479.0
2026-03-10 15:55:00,260.4897,260.6895,260.2599,260.4797,1174776.0
2026-03-11 09:30:00,260.8494,261.5687,259.9702,261.4688,771235.0
2026-03-11 09:35:00,261.4288,261.7785,260.9593,261.6079,310103.0
2026-03-11 09:40:00,261.6586,261.6678,261.0692,261.1141,270073.0
2026-03-11 09:45:00,261.0792,261.4888,260.5047,260.6396,361579.0
2026-03-11 09:50:00,260.6146,260.8793,260.3298,260.4847,254745.0
2026-03-11 09:55:00,260.4997,261.259,260.3498,261.0392,294363.0
2026-03-11 10:00:00,261.0392,261.8884,260.6296,260.9193,439680.0
2026-03-11 10:05:00,260.88,261.259,260.5796,260.6297,266434.0
2026-03-11 10:10:00,260.6795,260.9593,260.4851,260.6277,272659.0
2026-03-11 10:15:00,260.6196,260.8494,260.18,260.5396,298313.0
2026-03-11 10:20:00,260.5596,260.6179,259.9402,260.0101,250242.0
2026-03-11 10:25:00,260.0001,260.1001,259.3108,259.7554,346683.0
2026-03-11 10:30:00,259.7754,260.12,259.6205,259.8303,205618.0
2026-03-11 10:35:00,259.8403,260.2599,259.6904,259.9102,263308.0
2026-03-11 10:40:00,259.9202,260.2694,259.7903,260.17,220477.0
2026-03-11 10:45:00,260.1722,260.3948,260.0401,260.3199,212503.0
2026-03-11 10:50:00,260.3398,260.5596,260.3298,260.4697,200759.0
2026-03-11 10:55:00,260.4697,260.5896,260.2399,260.4797,202953.0
2026-03-11 11:00:00,260.5097,260.7195,260.0501,260.6246,250093.0
2026-03-11 11:05:00,260.6246,260.6246,260.19,260.3798,185919.0
2026-03-11 11:10:00,260.3598,260.5896,259.7104,260.15,245809.0
2026-03-11 11:15:00,260.16,260.2798,259.8503,260.21,211060.0
2026-03-11 11:20:00,260.19,260.6795,260.0901,260.6096,199386.0
2026-03-11 11:25:00,260.6096,260.6895,259.8503,259.8603,206539.0
2026-03-11 11:30:00,259.8803,260.2299,259.6105,260.0251,256242.0
2026-03-11 11:35:00,260.0401,260.3216,259.9352,260.18,154943.0
2026-03-11 11:40:00,260.19,260.3398,260.0101,260.0101,161626.0
2026-03-11 11:45:00,259.9802,260.18,259.8303,260.0651,169699.0
2026-03-11 11:50:00,260.0801,260.6096,260.0801,260.5796,217218.0
2026-03-11 11:55:00,260.5796,260.6296,260.377,260.3898,173637.0
2026-03-11 12:00:00,260.4098,260.4497,259.9502,260.0001,148591.0
2026-03-11 12:05:00,260.0001,260.18,259.8902,260.0201,112121.0
2026-03-11 12:10:00,260.0001,260.2399,259.9502,260.1701,136737.0
2026-03-11 12:15:00,260.19,260.3199,260.0201,260.0401,142669.0
2026-03-11 12:20:00,260.0651,260.2599,259.9602,260.2599,149577.0
2026-03-11 12:25:00,260.2699,260.4897,260.2699,260.4048,131206.0
2026-03-11 12:30:00,260.4098,260.9593,260.3798,260.7794,185157.0
2026-03-11 12:35:00,260.7894,260.8993,260.4397,260.498,126564.0
2026-03-11 12:40:00,260.4947,260.8194,260.4497,260.4797,111687.0
2026-03-11 12:45:00,260.4397,260.5396,260.2999,260.3548,102450.0
2026-03-11 12:50:00,260.3398,260.4844,260.2699,260.4298,127787.0
2026-03-11 12:55:00,260.4497,260.5297,260.3298,260.4547,88731.0
2026-03-11 13:00:00,260.4397,260.6096,260.2599,260.2949,173628.0
2026-03-11 13:05:00,260.3049,260.5396,260.2749,260.4597,134789.0
2026-03-11 13:10:00,260.4397,260.5696,260.2999,260.3598,109540.0
2026-03-11 13:15:00,260.3598,260.6995,260.3199,260.3948,114611.0
2026-03-11 13:20:00,260.4198,260.6995,260.3999,260.6745,127007.0
2026-03-11 13:25:00,260.6645,260.8993,260.5996,260.7845,116354.0
2026-03-11 13:30:00,260.7994,260.8893,260.6196,260.6396,103675.0
2026-03-11 13:35:00,260.6246,260.6895,259.3907,259.7504,315701.0
2026-03-11 13:40:00,259.7903,260.0701,259.5256,259.9302,264458.0
2026-03-11 13:45:00,259.9502,260.14,259.7704,260.0902,112089.0
2026-03-11 13:50:00,260.115,260.5097,260.115,260.2599,118362.0
2026-03-11 13:55:00,260.2699,260.3836,260.0001,260.2649,150694.0
2026-03-11 14:00:00,260.2399,260.3598,260.0251,260.1001,120008.0
2026-03-11 14:05:00,260.125,260.1499,259.8403,259.8647,125822.0
2026-03-11 14:10:00,259.8603,259.8753,259.5805,259.7504,160969.0
2026-03-11 14:15:00,259.7604,259.9852,259.6705,259.8902,129656.0
2026-03-11 14:20:00,259.9102,260.0501,259.5206,259.7504,131503.0
2026-03-11 14:25:00,259.7404,259.9902,259.6742,259.8703,113053.0
2026-03-11 14:30:00,259.8603,260.0801,259.8404,260.0601,145151.0
2026-03-11 14:35:00,260.0501,260.0601,259.7704,259.7903,164614.0
2026-03-11 14:40:00,259.7903,259.8003,259.6105,259.7404,128352.0
2026-03-11 14:45:00,259.7426,259.9102,259.7154,259.7704,107350.0
2026-03-11 14:50:00,259.7804,260.15,259.7504,260.0401,119914.0
2026-03-11 14:55:00,260.0351,260.16,259.8883,259.9602,134939.0
2026-03-11 15:00:00,259.9502,260.0701,259.6405,259.7704,146423.0
2026-03-11 15:05:00,259.7404,259.9753,259.6982,259.8542,151136.0
2026-03-11 15:10:00,259.8403,259.8703,259.5705,259.7604,137758.0
2026-03-11 15:15:00,259.7504,259.9301,259.6555,259.8803,125251.0
2026-03-11 15:20:00,259.8703,259.9385,259.7104,259.9252,127520.0
2026-03-11 15:25:00,259.9402,260.0351,259.7903,259.8919,118222.0
2026-03-11 15:30:00,259.9002,260.2999,259.8003,260.19,241172.0
2026-03-11 15:35:00,260.21,260.2199,259.9902,260.0501,190174.0
2026-03-11 15:40:00,260.0501,260.2399,259.8803,260.0001,195013.0
2026-03-11 15:45:00,260.0101,260.1001,259.8303,260.0101,198537.0
2026-03-11 15:50:00,260.0101,260.6595,260.0101,260.6196,605687.0
2026-03-11 15:55:00,260.6296,260.8594,260.4597,260.5696,1804743.0
2026-03-12 09:30:00,258.4216,258.7113,257.2177,258.027,1375423.0
2026-03-12 09:35:00,258.012,258.1519,257.5824,257.6423,501569.0
2026-03-12 09:40:00,257.6473,257.7222,256.5333,256.7132,660212.0
2026-03-12 09:45:00,256.7231,256.7931,256.0338,256.4834,651236.0
2026-03-12 09:50:00,256.4729,256.7432,255.5243,255.5892,610271.0
2026-03-12 09:55:00,255.6042,255.6442,255.1047,255.2345,552879.0
2026-03-12 10:00:00,255.2046,255.9938,255.1846,255.7451,552745.0
2026-03-12 10:05:00,255.784,256.1537,255.6542,255.7541,369053.0
2026-03-12 10:10:00,255.774,255.839,255.3444,255.7442,297314.0
2026-03-12 10:15:00,255.7641,255.834,255.1646,255.1846,391636.0
2026-03-12 10:20:00,255.1746,255.3744,254.9048,255.1946,379644.0
2026-03-12 10:25:00,255.1846,255.3669,254.4353,254.4353,601368.0
2026-03-12 10:30:00,254.4253,254.675,254.2654,254.5552,374273.0
2026-03-12 10:35:00,254.5752,254.8049,254.1156,254.6851,412105.0
2026-03-12 10:40:00,254.6851,255.1946,254.4952,255.1147,337392.0
2026-03-12 10:45:00,255.0947,255.5542,254.6651,254.8249,363463.0
2026-03-12 10:50:00,254.8749,255.0747,254.735,254.9148,227499.0
2026-03-12 10:55:00,254.9348,255.2046,254.5951,254.6651,354043.0
2026-03-12 11:00:00,254.6651,254.8036,254.2554,254.5052,328320.0
2026-03-12 11:05:00,254.4952,254.705,254.396,254.69,214008.0
2026-03-12 11:10:00,254.6801,255.0747,254.5851,255.0448,274506.0
2026-03-12 11:15:00,255.0697,255.1846,254.5052,254.5901,452059.0
2026-03-12 11:20:00,254.6251,255.0247,254.6051,255.0247,319350.0
2026-03-12 11:25:00,255.0247,255.4094,254.9148,255.1196,317320.0
2026-03-12 11:30:00,255.0947,255.2146,254.4453,254.5851,364629.0
2026-03-12 11:35:00,254.5851,255.0647,253.9457,255.0447,518890.0
2026-03-12 11:40:00,255.0347,255.4144,254.735,255.3444,338764.0
2026-03-12 11:45:00,255.3345,255.4074,254.6451,255.0347,314209.0
2026-03-12 11:50:00,255.0548,255.2345,254.8249,255.0197,171906.0
2026-03-12 11:55:00,255.0247,255.0647,254.6651,254.8549,186088.0
2026-03-12 12:00:00,254.9098,255.3145,254.745,255.2246,201874.0
2026-03-12 12:05:00,255.2344,255.3144,254.8399,254.9848,381885.0
2026-03-12 12:10:00,254.9848,255.4943,254.9848,255.4244,297187.0
2026-03-12 12:15:00,255.4643,255.804,255.2845,255.4643,270498.0
2026-03-12 12:20:00,255.4843,256.0138,255.4044,255.5742,316487.0
2026-03-12 12:25:00,255.5542,255.6542,255.1496,255.4222,317230.0
2026-03-12 12:30:00,255.3944,255.7291,255.2046,255.5843,355657.0
2026-03-12 12:35:00,255.5842,255.7441,255.2545,255.5892,302040.0
2026-03-12 12:40:00,255.6092,255.7041,255.3794,255.4743,216873.0
2026-03-12 12:45:00,255.4743,255.4743,254.6051,254.9348,273630.0
2026-03-12 12:50:00,254.9248,255.3045,254.6251,254.8349,271202.0
2026-03-12 12:55:00,254.8349,255.0382,254.715,255.0098,209824.0
2026-03-12 13:00:00,255.0147,255.3245,254.8949,255.3146,294844.0
2026-03-12 13:05:00,255.3145,255.4743,254.8949,254.9548,272799.0
2026-03-12 13:10:00,254.9648,255.3145,254.8349,254.8349,215717.0
2026-03-12 13:15:00,254.8049,254.9548,254.6351,254.6651,239408.0
2026-03-12 13:20:00,254.6551,255.2104,254.5352,255.1246,262302.0
2026-03-12 13:25:00,255.1246,255.2345,254.765,254.8149,187815.0
2026-03-12 13:30:00,254.8249,255.0747,254.745,254.9298,165198.0
2026-03-12 13:35:00,254.9248,255.1746,254.8749,255.0547,182194.0
2026-03-12 13:40:00,255.0647,255.1346,254.695,254.745,205416.0
2026-03-12 13:45:00,254.725,255.0547,254.5752,254.775,239343.0
2026-03-12 13:50:00,254.765,255.0497,254.765,254.9848,181985.0
2026-03-12 13:55:00,254.9848,255.1246,254.6451,255.0947,227216.0
2026-03-12 14:00:00,255.0987,255.3594,255.0447,255.1946,260725.0
2026-03-12 14:05:00,255.1946,255.2845,254.8849,255.1446,229618.0
2026-03-12 14:10:00,255.1196,255.2745,255.0447,255.2345,206540.0
2026-03-12 14:15:00,255.2445,255.4444,255.1646,255.3145,333587.0
2026-03-12 14:20:00,255.2945,255.3944,255.0147,255.3065,288235.0
2026-03-12 14:25:00,255.3045,255.3443,254.9948,255.1596,228823.0
2026-03-12 14:30:00,255.1346,255.2347,254.8449,254.8449,209166.0
2026-03-12 14:35:00,254.8649,254.9448,254.6551,254.8749,241332.0
2026-03-12 14:40:00,254.8749,255.0547,254.725,254.9138,158777.0
2026-03-12 14:45:00,254.8949,254.9748,254.6651,254.6751,161270.0
2026-03-12 14:50:00,254.6851,255.0646,254.6751,255.0635,166553.0
2026-03-12 14:55:00,255.0497,255.1746,254.8549,254.9348,182927.0
2026-03-12 15:00:00,254.9348,255.2745,254.8449,255.1646,241616.0
2026-03-12 15:05:00,255.1546,255.4044,255.1147,255.3045,242311.0
2026-03-12 15:10:00,255.2955,255.4643,255.1546,255.4444,246749.0
2026-03-12 15:15:00,255.4543,255.6741,255.4044,255.6242,308949.0
2026-03-12 15:20:00,255.6332,256.0138,255.5842,255.6941,610868.0
2026-03-12 15:25:00,255.6841,255.9439,255.5942,255.854,391709.0
2026-03-12 15:30:00,255.8639,255.969,255.7041,255.7441,277838.0
2026-03-12 15:35:00,255.7441,255.844,255.4643,255.6991,276472.0
2026-03-12 15:40:00,255.6941,255.6941,255.0049,255.0747,364296.0
2026-03-12 15:45:00,255.0947,255.0947,254.775,254.8449,423376.0
2026-03-12 15:50:00,254.8449,255.6242,254.735,255.3145,836135.0
2026-03-12 15:55:00,255.3145,255.6442,255.2845,255.5143,2357906.0
2026-03-13 09:30:00,255.2445,255.6542,254.5951,255.3794,1173821.0
2026-03-13 09:35:00,255.3794,255.9938,254.9248,255.0147,477834.0
2026-03-13 09:40:00,254.9939,255.5842,254.6751,255.5542,458781.0
2026-03-13 09:45:00,255.5343,255.9739,255.4044,255.7541,393309.0
2026-03-13 09:50:00,255.7441,255.9639,255.3045,255.8839,336129.0
2026-03-13 09:55:00,255.8939,256.0938,255.2645,255.5742,252527.0
2026-03-13 10:00:00,255.5942,255.7141,255.0947,255.2545,323410.0
2026-03-13 10:05:00,255.2645,255.4543,254.9348,254.9948,277750.0
2026-03-13 10:10:00,254.9748,255.2745,254.745,254.9648,618521.0
2026-03-13 10:15:00,254.9648,255.0647,254.406,254.705,348039.0
2026-03-13 10:20:00,254.695,255.1047,254.6051,254.9048,284888.0
2026-03-13 10:25:00,254.8849,255.3145,254.6851,255.1746,264911.0
2026-03-13 10:30:00,255.1946,255.5742,254.9948,255.0547,237841.0
2026-03-13 10:35:00,255.0848,255.0947,254.5851,254.6657,253091.0
2026-03-13 10:40:00,254.6751,254.695,253.7659,254.0956,424543.0
2026-03-13 10:45:00,254.0956,254.2055,253.7859,254.1458,277358.0
2026-03-13 10:50:00,254.1655,254.3454,253.8859,253.9957,221240.0
2026-03-13 10:55:00,253.9657,254.0756,253.4562,253.5961,331867.0
2026-03-13 11:00:00,253.606,253.8059,253.4812,253.5561,256616.0
2026-03-13 11:05:00,253.5461,253.7309,253.2863,253.681,337958.0
2026-03-13 11:10:00,253.696,254.1655,253.5661,254.0157,213211.0
2026-03-13 11:15:00,254.0207,254.0556,253.656,253.676,230388.0
2026-03-13 11:20:00,253.691,253.9158,253.1764,253.2164,264350.0
2026-03-13 11:25:00,253.2164,253.3163,253.0366,253.0672,231267.0
2026-03-13 11:30:00,253.0965,253.2863,252.9866,253.1764,220876.0
2026-03-13 11:35:00,253.1814,253.2364,252.7169,252.9966,310824.0
2026-03-13 11:40:00,252.9966,253.0466,252.0175,252.1274,416915.0
2026-03-13 11:45:00,252.1373,252.6769,251.9975,252.1924,541570.0
2026-03-13 11:50:00,252.1924,252.2073,251.6678,251.7877,335324.0
2026-03-13 11:55:00,251.8028,251.9376,251.6179,251.8676,289948.0
2026-03-13 12:00:00,251.8776,252.7169,251.8317,252.587,263628.0
2026-03-13 12:05:00,252.597,252.6669,252.3572,252.4783,221450.0
2026-03-13 12:10:00,252.507,252.557,251.9226,252.1874,238748.0
2026-03-13 12:15:00,252.1973,252.2873,252.0175,252.0275,151160.0
2026-03-13 12:20:00,252.0325,252.4371,252.0276,252.2872,152040.0
2026-03-13 12:25:00,252.2873,252.547,252.058,252.4221,253419.0
2026-03-13 12:30:00,252.4072,252.7368,252.1574,252.2573,266266.0
2026-03-13 12:35:00,252.2573,252.4771,251.9526,251.9676,328916.0
2026-03-13 12:40:00,251.9526,252.0075,251.4279,251.4879,384817.0
2026-03-13 12:45:00,251.478,251.6079,251.3781,251.5779,216702.0
2026-03-13 12:50:00,251.5979,252.0174,251.528,251.8427,324196.0
2026-03-13 12:55:00,251.8676,251.9176,251.1483,251.1883,504637.0
2026-03-13 13:00:00,251.1983,251.5629,251.1683,251.473,249584.0
2026-03-13 13:05:00,251.468,251.473,250.9385,251.0784,466520.0
2026-03-13 13:10:00,251.0684,251.4081,250.7287,251.3981,454593.0
2026-03-13 13:15:00,251.3981,251.6828,251.2482,251.6379,374225.0
2026-03-13 13:20:00,251.6978,251.6978,250.7986,251.0459,327869.0
2026-03-13 13:25:00,251.0284,251.0584,250.7287,250.9485,443131.0
2026-03-13 13:30:00,250.9535,251.0684,250.7287,250.7787,268442.0
2026-03-13 13:35:00,250.7687,251.1683,250.6688,251.1085,224764.0
2026-03-13 13:40:00,251.1383,251.3681,251.0484,251.2632,248917.0
2026-03-13 13:45:00,251.2632,251.3431,250.8786,250.9035,197999.0
2026-03-13 13:50:00,250.8886,251.4256,250.8286,251.3281,197232.0
2026-03-13 13:55:00,251.3182,251.4081,251.0184,251.0485,132766.0
2026-03-13 14:00:00,251.0584,251.2083,250.5988,250.8086,275772.0
2026-03-13 14:05:00,250.8087,250.8736,250.6289,250.7787,208623.0
2026-03-13 14:10:00,250.7836,250.8786,250.6188,250.7087,173256.0
2026-03-13 14:15:00,250.6987,250.9935,250.5788,250.6138,190997.0
2026-03-13 14:20:00,250.6188,250.7387,250.5482,250.5688,162626.0
2026-03-13 14:25:00,250.5639,251.0584,250.5539,251.0324,214092.0
2026-03-13 14:30:00,251.0284,251.3331,250.9785,251.2482,191202.0
2026-03-13 14:35:00,251.2283,251.3681,251.1583,251.3082,152813.0
2026-03-13 14:40:00,251.3182,251.6179,251.2682,251.538,277022.0
2026-03-13 14:45:00,251.538,251.5779,251.1183,251.1483,200899.0
2026-03-13 14:50:00,251.1383,251.2133,250.9286,251.1533,225299.0
2026-03-13 14:55:00,251.1533,251.1533,250.8689,250.8786,156204.0
2026-03-13 15:00:00,250.8686,250.8686,250.449,250.4889,284857.0
2026-03-13 15:05:00,250.4889,250.8486,250.3191,250.8336,458797.0
2026-03-13 15:10:00,250.8386,250.9485,250.6438,250.6937,268502.0
2026-03-13 15:15:00,250.6987,250.7985,250.4889,250.5988,260363.0
2026-03-13 15:20:00,250.5691,250.6188,250.1892,250.419,440989.0
2026-03-13 15:25:00,250.399,250.424,249.9794,250.0643,377865.0
2026-03-13 15:30:00,250.0493,250.2791,249.8995,250.0693,460505.0
2026-03-13 15:35:00,250.0943,250.1092,249.8095,249.8695,409782.0
2026-03-13 15:40:00,249.8595,249.9493,249.6297,249.8095,634094.0
2026-03-13 15:45:00,249.7996,250.0992,249.7097,250.0793,455475.0
2026-03-13 15:50:00,250.0793,250.389,249.8695,250.3091,1206285.0
2026-03-13 15:55:00,250.2991,250.2991,249.29,249.8845,3202642.0
2026-03-16 09:30:00,251.8726,251.9676,249.6497,251.2882,1494053.0
2026-03-16 09:35:00,251.2583,252.0874,251.1483,251.7677,634439.0
2026-03-16 09:40:00,251.7278,252.0675,251.1713,251.3581,444840.0
2026-03-16 09:45:00,251.3581,252.3472,251.3581,252.1474,711555.0
2026-03-16 09:50:00,252.1574,252.552,251.7877,252.547,349325.0
2026-03-16 09:55:00,252.547,252.9766,252.4871,252.8467,524623.0
2026-03-16 10:00:00,252.8567,252.8667,252.3172,252.4436,587547.0
2026-03-16 10:05:00,252.4471,252.8967,252.3372,252.6419,369328.0
2026-03-16 10:10:00,252.6669,252.8967,252.2373,252.4771,290626.0
2026-03-16 10:15:00,252.4771,252.8567,252.3772,252.6269,260690.0
2026-03-16 10:20:00,252.6469,252.9666,252.537,252.9367,232384.0
2026-03-16 10:25:00,252.9167,253.3563,252.8568,252.9866,417848.0
2026-03-16 10:30:00,252.9866,253.1764,252.7668,253.0765,357663.0
2026-03-16 10:35:00,253.0965,253.5661,252.9666,252.9916,593640.0
2026-03-16 10:40:00,252.9923,253.3663,252.8967,252.8967,370635.0
2026-03-16 10:45:00,252.8867,253.2564,252.8368,253.0266,311728.0
2026-03-16 10:50:00,253.0416,253.3663,252.8467,253.159,356381.0
2026-03-16 10:55:00,253.1165,253.5171,253.0266,253.3962,329801.0
2026-03-16 11:00:00,253.3862,253.651,253.1964,253.3663,314784.0
2026-03-16 11:05:00,253.3563,253.5661,253.1366,253.5261,268768.0
2026-03-16 11:10:00,253.5261,253.5861,253.1065,253.4662,457199.0
2026-03-16 11:15:00,253.4662,253.4662,253.1115,253.2164,425701.0
2026-03-16 11:20:00,253.2064,253.3681,252.9467,253.3563,246644.0
2026-03-16 11:25:00,253.3563,253.5061,252.6869,252.7818,328898.0
2026-03-16 11:30:00,252.7768,253.2464,252.7518,253.1065,223079.0
2026-03-16 11:35:00,253.1065,253.1964,252.8867,252.9017,132927.0
2026-03-16 11:40:00,252.8773,253.1265,252.8767,252.9716,145545.0
2026-03-16 11:45:00,252.9566,253.3063,252.9367,253.2813,193602.0
2026-03-16 11:50:00,253.2664,253.2863,252.9167,253.0566,202079.0
2026-03-16 11:55:00,253.0366,253.1495,252.6919,252.7219,253342.0
2026-03-16 12:00:00,252.7194,253.0266,252.6869,252.7418,172756.0
2026-03-16 12:05:00,252.7269,253.0566,252.567,252.6669,217510.0
2026-03-16 12:10:00,252.6369,252.8667,252.587,252.8218,377596.0
2026-03-16 12:15:00,252.8118,252.9766,252.7069,252.7518,173145.0
2026-03-16 12:20:00,252.7568,252.7968,252.2873,252.4171,271730.0
2026-03-16 12:25:00,252.4271,252.5171,251.9677,252.1324,263410.0
2026-03-16 12:30:00,252.1174,252.2673,251.9875,252.0455,174485.0
2026-03-16 12:35:00,252.0775,252.3672,251.9676,252.2773,192365.0
2026-03-16 12:40:00,252.2823,252.6469,252.1474,252.4771,249246.0
2026-03-16 12:45:00,252.4671,252.617,252.3373,252.4771,215701.0
2026-03-16 12:50:00,252.4571,252.587,252.3172,252.3472,155039.0
2026-03-16 12:55:00,252.3871,252.4171,252.2473,252.3372,129269.0
2026-03-16 13:00:00,252.3472,252.7069,252.2873,252.3722,289850.0
2026-03-16 13:05:00,252.3772,252.6519,252.3382,252.5091,162654.0
2026-03-16 13:10:00,252.5171,253.0965,252.5171,252.9417,173196.0
2026-03-16 13:15:00,252.9417,252.9666,252.8168,252.8567,120294.0
2026-03-16 13:20:00,252.8617,252.9566,252.587,252.6869,297878.0
2026-03-16 13:25:00,252.6969,252.8967,252.6569,252.6969,133330.0
2026-03-16 13:30:00,252.7069,252.8268,252.4471,252.5471,129279.0
2026-03-16 13:35:00,252.547,252.601,252.2873,252.3222,145328.0
2026-03-16 13:40:00,252.3072,252.4271,252.1274,252.1575,118521.0
2026-03-16 13:45:00,252.1674,252.4871,252.0976,252.1074,167437.0
2026-03-16 13:50:00,252.1074,252.3271,252.0475,252.1624,131573.0
2026-03-16 13:55:00,252.1274,252.2173,251.9276,251.9676,149143.0
2026-03-16 14:00:00,251.9775,252.2073,251.9276,252.2073,176878.0
2026-03-16 14:05:00,252.1974,252.2773,252.0874,252.1774,261806.0
2026-03-16 14:10:00,252.1874,252.2273,251.9376,251.9875,165128.0
2026-03-16 14:15:00,252.0075,252.1973,251.9476,251.9875,223493.0
2026-03-16 14:20:00,251.9975,252.1074,251.9276,251.9276,168419.0
2026-03-16 14:25:00,251.9376,252.6869,251.8976,252.6869,354995.0
2026-03-16 14:30:00,252.6889,252.8368,252.587,252.8268,178059.0
2026-03-16 14:35:00,252.8367,252.8987,252.7568,252.8567,170399.0
2026-03-16 14:40:00,252.8567,252.8767,252.6969,252.7368,166166.0
2026-03-16 14:45:00,252.7468,252.7684,252.597,252.597,147654.0
2026-03-16 14:50:00,252.577,252.587,252.4271,252.4371,155349.0
2026-03-16 14:55:00,252.4471,252.5669,252.3772,252.5071,169862.0
2026-03-16 15:00:00,252.5071,252.587,252.2873,252.4671,154080.0
2026-03-16 15:05:00,252.4671,252.9666,252.3222,252.9516,434919.0
2026-03-16 15:10:00,252.9566,253.2064,252.3372,252.4321,390355.0
2026-03-16 15:15:00,252.4471,252.6669,252.3572,252.3572,231923.0
2026-03-16 15:20:00,252.3772,252.3872,252.0375,252.1374,297915.0
2026-03-16 15:25:00,252.1474,252.7468,252.0575,252.6289,354773.0
2026-03-16 15:30:00,252.607,252.8268,252.3472,252.3872,358958.0
2026-03-16 15:35:00,252.3972,252.4271,252.1574,252.1874,220961.0
2026-03-16 15:40:00,252.1674,252.1972,251.9476,252.1424,334444.0
2026-03-16 15:45:00,252.1374,252.3472,252.1024,252.2873,337127.0
2026-03-16 15:50:00,252.2973,252.557,251.8776,252.2173,738301.0
2026-03-16 15:55:00,252.2273,252.7368,252.2073,252.547,1528647.0
2026-03-17 09:30:00,252.7219,253.356,251.9476,253.3263,1180810.0
2026-03-17 09:35:00,253.3663,253.744,253.2264,253.5211,547447.0
2026-03-17 09:40:00,253.5261,254.1855,253.1764,253.9857,378739.0
2026-03-17 09:45:00,253.9807,254.725,253.9507,254.6251,527958.0
2026-03-17 09:50:00,254.6101,254.8149,254.2964,254.5552,384357.0
2026-03-17 09:55:00,254.5552,254.8399,254.3753,254.4653,258956.0
2026-03-17 10:00:00,254.4553,254.5452,254.0606,254.3953,316961.0
2026-03-17 10:05:00,254.3903,254.4852,254.1855,254.2305,214189.0
2026-03-17 10:10:00,254.2205,254.2355,253.8458,253.9158,233687.0
2026-03-17 10:15:00,253.9058,254.0057,253.5561,254.0007,278982.0
2026-03-17 10:20:00,253.9857,254.1449,253.7859,254.0157,202278.0
2026-03-17 10:25:00,254.0057,254.2355,253.8109,254.2155,211061.0
2026-03-17 10:30:00,254.2205,254.715,254.0356,254.5352,225582.0
2026-03-17 10:35:00,254.5352,254.6052,254.0656,254.0855,196458.0
2026-03-17 10:40:00,254.0956,254.3354,254.0556,254.3254,153851.0
2026-03-17 10:45:00,254.3104,254.4553,254.2155,254.4153,240368.0
2026-03-17 10:50:00,254.4353,254.4553,254.0157,254.1106,215113.0
2026-03-17 10:55:00,254.1156,254.2954,254.0856,254.1643,128661.0
2026-03-17 11:00:00,254.1455,254.3554,253.9757,254.0107,146335.0
2026-03-17 11:05:00,254.0157,254.1555,253.651,253.656,181011.0
2026-03-17 11:10:00,253.666,254.0157,253.5669,253.9457,171990.0
2026-03-17 11:15:00,253.9557,254.0956,253.7759,254.0856,196465.0
2026-03-17 11:20:00,254.0756,254.2355,253.8458,254.0102,140799.0
2026-03-17 11:25:00,254.0057,254.2155,253.9158,253.9357,140021.0
2026-03-17 11:30:00,253.9158,254.0656,253.8258,253.8558,223538.0
2026-03-17 11:35:00,253.8558,253.9557,253.4162,253.681,183674.0
2026-03-17 11:40:00,253.6659,254.0956,253.621,254.0157,177484.0
2026-03-17 11:45:00,253.9957,254.1955,253.9857,254.0756,150356.0
2026-03-17 11:50:00,254.0656,254.4503,254.0157,254.3054,201116.0
2026-03-17 11:55:00,254.2854,254.4253,254.0356,254.1755,122462.0
2026-03-17 12:00:00,254.1955,254.2255,253.9757,254.1555,182828.0
2026-03-17 12:05:00,254.1306,254.5252,254.0456,254.4653,187961.0
2026-03-17 12:10:00,254.4553,254.6551,254.2754,254.3454,210159.0
2026-03-17 12:15:00,254.3753,254.8749,254.2854,254.8549,473688.0
2026-03-17 12:20:00,254.8449,254.8949,254.6851,254.8352,231753.0
2026-03-17 12:25:00,254.8349,254.8899,254.5452,254.6251,143149.0
2026-03-17 12:30:00,254.6351,254.7949,254.5052,254.695,244906.0
2026-03-17 12:35:00,254.6751,254.76,254.2954,254.3454,131640.0
2026-03-17 12:40:00,254.3554,254.4952,254.1256,254.3154,129939.0
2026-03-17 12:45:00,254.3054,254.3554,254.19,254.2256,106653.0
2026-03-17 12:50:00,254.2255,254.4653,254.0278,254.1077,252670.0
2026-03-17 12:55:00,254.0806,254.1256,253.8258,253.8538,659408.0
2026-03-17 13:00:00,253.8558,254.0756,253.8258,253.9357,186165.0
2026-03-17 13:05:00,253.9457,253.9657,253.5865,253.7359,159548.0
2026-03-17 13:10:00,253.7359,253.7409,253.5661,253.6959,154746.0
2026-03-17 13:15:00,253.676,253.676,253.4063,253.4762,341324.0
2026-03-17 13:20:00,253.4562,253.5061,253.3263,253.4062,621280.0
2026-03-17 13:25:00,253.3984,253.706,253.3563,253.686,126384.0
2026-03-17 13:30:00,253.681,253.9258,253.651,253.8458,177183.0
2026-03-17 13:35:00,253.8658,254.0257,253.8458,253.9657,151939.0
2026-03-17 13:40:00,253.9557,254.0856,253.8159,253.9857,149433.0
2026-03-17 13:45:00,254.0183,254.0456,253.8458,253.9457,110680.0
2026-03-17 13:50:00,253.9258,254.3753,253.8658,254.1755,214951.0
2026-03-17 13:55:00,254.1855,254.2954,254.0656,254.2694,129371.0
2026-03-17 14:00:00,254.2754,254.3953,253.9857,254.0456,178122.0
2026-03-17 14:05:00,254.0546,254.2554,254.0356,254.2255,124280.0
2026-03-17 14:10:00,254.2305,254.2554,254.0057,254.0356,108307.0
2026-03-17 14:15:00,254.0456,254.1356,254.0157,254.1189,85785.0
2026-03-17 14:20:00,254.1056,254.1396,253.7309,253.7559,155733.0
2026-03-17 14:25:00,253.7459,253.9258,253.7159,253.8658,96158.0
2026-03-17 14:30:00,253.8608,253.9807,253.7359,253.8958,122114.0
2026-03-17 14:35:00,253.9158,254.0956,253.786,253.8708,161458.0
2026-03-17 14:40:00,253.8908,253.9457,253.696,253.7159,705628.0
2026-03-17 14:45:00,253.7159,253.8258,253.666,253.7559,108048.0
2026-03-17 14:50:00,253.7459,253.8159,253.616,253.7999,120860.0
2026-03-17 14:55:00,253.7959,253.7959,253.5611,253.636,131514.0
2026-03-17 15:00:00,253.646,253.676,253.3563,253.3657,207039.0
2026-03-17 15:05:00,253.3563,253.3763,252.8968,253.0366,309921.0
2026-03-17 15:10:00,253.0366,253.5061,252.9467,253.5061,250411.0
2026-03-17 15:15:00,253.5113,253.8658,253.4362,253.8009,171366.0
2026-03-17 15:20:00,253.8059,253.8159,253.616,253.651,149547.0
2026-03-17 15:25:00,253.646,253.7459,253.5061,253.5361,188569.0
2026-03-17 15:30:00,253.5461,253.636,253.4462,253.5911,195829.0
2026-03-17 15:35:00,253.5861,253.706,253.4662,253.4762,187599.0
2026-03-17 15:40:00,253.4862,253.686,253.4762,253.616,304388.0
2026-03-17 15:45:00,253.621,254.0257,253.5761,254.0257,301033.0
2026-03-17 15:50:00,254.0307,254.3554,253.8159,254.2754,561393.0
2026-03-17 15:55:00,254.2754,254.2754,253.7359,253.9957,1302453.0
2026-03-18 09:30:00,252.3922,253.676,251.1483,253.626,1084933.0
2026-03-18 09:35:00,253.666,254.0674,253.5161,253.8658,383220.0
2026-03-18 09:40:00,253.8644,254.705,253.696,254.0656,358350.0
2026-03-18 09:45:00,254.0506,254.4503,253.666,253.676,340223.0
2026-03-18 09:50:00,253.696,253.7759,253.2264,253.2664,289786.0
2026-03-18 09:55:00,253.2963,253.4462,252.9467,253.2014,246866.0
2026-03-18 10:00:00,253.2164,253.2639,252.6369,252.9966,306202.0
2026-03-18 10:05:00,252.9693,253.5761,252.8967,253.5192,266941.0
2026-03-18 10:10:00,253.5061,253.5361,252.8068,252.8517,238856.0
2026-03-18 10:15:00,252.8068,253.2863,252.7768,253.0702,209278.0
2026-03-18 10:20:00,253.0865,253.1465,252.7269,252.7768,181352.0
2026-03-18 10:25:00,252.7968,252.8067,252.0874,252.1224,265259.0
2026-03-18 10:30:00,252.1274,252.4571,252.0325,252.0775,305020.0
2026-03-18 10:35:00,252.0775,252.597,252.0475,252.3472,243903.0
2026-03-18 10:40:00,252.3572,252.4072,251.8477,251.9276,240661.0
2026-03-18 10:45:00,251.9376,252.2173,251.9176,252.0175,195801.0
2026-03-18 10:50:00,252.0206,252.2073,251.8577,252.0924,217299.0
2026-03-18 10:55:00,252.0825,252.3272,252.0175,252.2873,258263.0
2026-03-18 11:00:00,252.2823,252.4471,251.9875,252.2373,314392.0
2026-03-18 11:05:00,252.2423,252.6369,252.1174,252.6269,278175.0
2026-03-18 11:10:00,252.625,252.8268,252.2573,252.2873,362154.0
2026-03-18 11:15:00,252.2873,252.3672,251.9376,252.0075,258390.0
2026-03-18 11:20:00,252.0175,252.5071,252.0075,252.4671,280110.0
2026-03-18 11:25:00,252.4771,252.5021,252.0275,252.0873,243205.0
2026-03-18 11:30:00,252.0775,252.0974,251.6878,251.8976,273212.0
2026-03-18 11:35:00,251.9026,251.9276,251.6379,251.6778,201311.0
2026-03-18 11:40:00,251.6578,251.7178,251.4331,251.579,305988.0
2026-03-18 11:45:00,251.5679,251.7977,251.4181,251.488,226607.0
2026-03-18 11:50:00,251.473,251.5879,251.2682,251.5829,280010.0
2026-03-18 11:55:00,251.5879,251.7378,251.473,251.538,214110.0
2026-03-18 12:00:00,251.528,251.6187,251.3731,251.6079,208410.0
2026-03-18 12:05:00,251.6129,251.6129,251.2882,251.3281,239871.0
2026-03-18 12:10:00,251.3281,251.6578,251.2282,251.6379,223955.0
2026-03-18 12:15:00,251.6179,251.7677,251.448,251.6778,174514.0
2026-03-18 12:20:00,251.6978,251.7578,251.3182,251.508,249475.0
2026-03-18 12:25:00,251.528,251.5879,251.2782,251.3382,150506.0
2026-03-18 12:30:00,251.3431,251.3581,250.5389,250.6588,483872.0
2026-03-18 12:35:00,250.6388,250.9885,250.4689,250.9585,292110.0
2026-03-18 12:40:00,250.9435,250.9435,250.6787,250.6987,164794.0
2026-03-18 12:45:00,250.7287,250.7687,250.4689,250.7287,188158.0
2026-03-18 12:50:00,250.7187,251.0284,250.6588,250.8136,174497.0
2026-03-18 12:55:00,250.8186,250.9285,250.6987,250.7387,129667.0
2026-03-18 13:00:00,250.7187,250.7687,250.2791,250.5788,185953.0
2026-03-18 13:05:00,250.5688,250.6388,250.2991,250.3391,118685.0
2026-03-18 13:10:00,250.3391,250.409,250.1592,250.2491,169607.0
2026-03-18 13:15:00,250.2591,250.5049,250.1992,250.439,162264.0
2026-03-18 13:20:00,250.449,250.6986,250.389,250.6538,143919.0
2026-03-18 13:25:00,250.6588,250.6588,250.5289,250.5738,114401.0
2026-03-18 13:30:00,250.5688,250.6308,250.2991,250.5788,136003.0
2026-03-18 13:35:00,250.5988,250.7557,250.5688,250.7387,162999.0
2026-03-18 13:40:00,250.7387,250.7587,250.5289,250.6138,128218.0
2026-03-18 13:45:00,250.6288,250.9885,250.5589,250.6588,188447.0
2026-03-18 13:50:00,250.6488,251.0384,250.6188,251.0184,183544.0
2026-03-18 13:55:00,251.0484,251.1783,250.9985,251.1034,240218.0
2026-03-18 14:00:00,251.1034,251.448,250.9185,251.1384,338605.0
2026-03-18 14:05:00,251.1383,251.2782,250.8686,250.9185,213282.0
2026-03-18 14:10:00,250.9185,251.1396,250.9185,251.0684,152769.0
2026-03-18 14:15:00,251.0684,251.0684,250.4989,250.5489,268252.0
2026-03-18 14:20:00,250.5389,250.7087,250.5389,250.6787,129824.0
2026-03-18 14:25:00,250.6987,250.7687,250.5688,250.7287,157595.0
2026-03-18 14:30:00,250.7087,250.7137,249.8895,249.9194,285822.0
2026-03-18 14:35:00,249.9294,250.5589,249.8425,249.8895,300713.0
2026-03-18 14:40:00,249.9095,250.2991,249.7396,250.1592,326838.0
2026-03-18 14:45:00,250.1592,250.2191,249.9594,250.1193,165794.0
2026-03-18 14:50:00,250.1093,250.1392,249.6897,249.7796,225356.0
2026-03-18 14:55:00,249.7696,250.0094,249.6397,249.6497,213566.0
2026-03-18 15:00:00,249.6497,250.1492,249.5448,250.1392,291329.0
2026-03-18 15:05:00,250.1592,250.2991,249.9694,250.2392,292194.0
2026-03-18 15:10:00,250.1992,250.1992,249.8895,249.9494,160004.0
2026-03-18 15:15:00,249.9393,250.0144,249.6497,249.6697,227566.0
2026-03-18 15:20:00,249.6697,249.7596,249.3799,249.4948,237476.0
2026-03-18 15:25:00,249.5198,249.6397,249.4099,249.4599,252327.0
2026-03-18 15:30:00,249.4639,249.6296,249.365,249.5548,255962.0
2026-03-18 15:35:00,249.5598,249.5698,249.1402,249.1407,281884.0
2026-03-18 15:40:00,249.1621,249.2301,248.7705,248.9503,502353.0
2026-03-18 15:45:00,248.9503,249.1801,248.8404,249.0902,400118.0
2026-03-18 15:50:00,249.1002,249.9494,248.9703,249.8996,1205108.0
2026-03-18 15:55:00,249.9095,250.1193,249.4799,249.6797,2525609.0
2026-03-19 09:30:00,249.1701,249.2401,247.0721,248.5607,1807888.0
2026-03-19 09:35:00,248.5107,249.4998,248.1711,248.8404,643217.0
2026-03-19 09:40:00,248.8804,250.4689,248.7605,250.2573,708722.0
2026-03-19 09:45:00,250.2392,251.2732,250.1143,251.2332,675357.0
2026-03-19 09:50:00,251.2182,251.5979,250.8786,251.1683,853407.0
2026-03-19 09:55:00,251.1783,251.1783,250.359,250.549,412746.0
2026-03-19 10:00:00,250.5688,250.9476,249.9694,250.0393,403150.0
2026-03-19 10:05:00,250.0493,250.5089,250.0393,250.3311,391792.0
2026-03-19 10:10:00,250.3391,250.9085,250.2392,250.4839,365133.0
2026-03-19 10:15:00,250.4789,250.5888,250.0094,250.1293,277734.0
2026-03-19 10:20:00,250.1293,250.379,249.8595,250.1992,306804.0
2026-03-19 10:25:00,250.1492,250.1792,249.4349,249.5698,288792.0
2026-03-19 10:30:00,249.5898,250.3391,249.5648,250.2591,355492.0
2026-03-19 10:35:00,250.2711,250.4789,249.4499,249.6148,289810.0
2026-03-19 10:40:00,249.6247,249.9494,249.335,249.4049,217394.0
2026-03-19 10:45:00,249.4049,249.5898,249.116,249.5398,254878.0
2026-03-19 10:50:00,249.5298,249.9095,249.36,249.7596,260904.0
2026-03-19 10:55:00,249.7496,249.9694,249.5448,249.6347,218648.0
2026-03-19 11:00:00,249.6297,249.8095,249.4179,249.6947,211996.0
2026-03-19 11:05:00,249.7096,250.0393,249.3749,249.5097,244325.0
2026-03-19 11:10:00,249.5198,249.8695,249.5098,249.8695,171081.0
2026-03-19 11:15:00,249.8695,249.9394,249.1502,249.1901,207374.0
2026-03-19 11:20:00,249.2101,249.3,248.9105,249.0203,247975.0
2026-03-19 11:25:00,249.0053,249.2101,248.9304,249.1791,197701.0
2026-03-19 11:30:00,249.1801,249.29,248.8954,248.9453,188863.0
2026-03-19 11:35:00,248.9503,249.2301,248.9404,249.1402,212547.0
2026-03-19 11:40:00,249.1502,249.2401,248.9054,248.9204,201561.0
2026-03-19 11:45:00,248.9236,249.1402,248.8404,248.9803,164652.0
2026-03-19 11:50:00,249.0203,249.1502,248.8105,248.9853,218149.0
2026-03-19 11:55:00,249.0303,249.5188,248.9803,249.3899,365409.0
2026-03-19 12:00:00,249.3899,249.6996,249.1352,249.2501,232299.0
2026-03-19 12:05:00,249.2501,249.7222,249.2002,249.4749,219129.0
2026-03-19 12:10:00,249.4998,249.6847,249.2501,249.4299,214648.0
2026-03-19 12:15:00,249.4099,249.4699,248.8504,248.8803,159842.0
2026-03-19 12:20:00,248.8804,249.0103,248.6706,248.7206,208532.0
2026-03-19 12:25:00,248.7305,249.1402,248.6506,249.0303,214534.0
2026-03-19 12:30:00,249.0403,249.1901,248.4208,248.4358,309889.0
2026-03-19 12:35:00,248.4208,248.6906,248.251,248.5707,259543.0
2026-03-19 12:40:00,248.5407,248.6606,248.191,248.3059,202234.0
2026-03-19 12:45:00,248.3209,248.3409,248.1311,248.201,152842.0
2026-03-19 12:50:00,248.191,248.211,247.6415,247.9123,282431.0
2026-03-19 12:55:00,247.9113,247.9213,247.7265,247.8064,168185.0
2026-03-19 13:00:00,247.8014,247.9962,247.5316,247.5616,218582.0
2026-03-19 13:05:00,247.5616,247.6415,247.4817,247.5616,217091.0
2026-03-19 13:10:00,247.5866,247.8913,247.5816,247.7614,198180.0
2026-03-19 13:15:00,247.7714,248.0712,247.6815,248.0062,174923.0
2026-03-19 13:20:00,248.0012,248.281,247.9213,248.1211,223863.0
2026-03-19 13:25:00,248.1361,248.3108,248.0222,248.0513,136810.0
2026-03-19 13:30:00,248.0612,248.221,247.8414,247.9363,147458.0
2026-03-19 13:35:00,247.9313,247.9811,247.6515,247.68,171841.0
2026-03-19 13:40:00,247.6665,247.8414,247.5516,247.7614,167461.0
2026-03-19 13:45:00,247.7814,247.7814,247.5016,247.6715,131707.0
2026-03-19 13:50:00,247.6715,248.0612,247.6715,248.0312,186263.0
2026-03-19 13:55:00,248.0212,248.0811,247.6815,247.7258,219675.0
2026-03-19 14:00:00,247.7315,247.7315,247.4417,247.4517,199018.0
2026-03-19 14:05:00,247.4617,247.9163,247.4567,247.8613,204639.0
2026-03-19 14:10:00,247.8763,248.3008,247.7614,248.1711,279555.0
2026-03-19 14:15:00,248.1661,248.271,247.8713,248.0512,203921.0
2026-03-19 14:20:00,248.0612,248.1811,248.0212,248.1011,167972.0
2026-03-19 14:25:00,248.0862,248.231,247.7894,247.7934,142606.0
2026-03-19 14:30:00,247.7814,247.9613,247.6515,247.9213,187590.0
2026-03-19 14:35:00,247.9213,247.9912,247.6565,247.7115,190560.0
2026-03-19 14:40:00,247.7215,247.7514,247.4417,247.4918,165810.0
2026-03-19 14:45:00,247.5117,247.7115,247.4817,247.6414,166708.0
2026-03-19 14:50:00,247.6216,247.7914,247.5325,247.7764,199889.0
2026-03-19 14:55:00,247.7714,248.3509,247.7365,248.201,309052.0
2026-03-19 15:00:00,248.201,248.9204,248.1711,248.4808,518409.0
2026-03-19 15:05:00,248.4408,249.2201,248.4408,248.8404,754730.0
2026-03-19 15:10:00,248.8504,249.36,248.281,248.8305,567098.0
2026-03-19 15:15:00,248.8205,249.1402,248.5508,248.7505,396949.0
2026-03-19 15:20:00,248.7255,248.7705,248.231,248.231,279024.0
2026-03-19 15:25:00,248.251,248.3209,247.9413,248.241,285804.0
2026-03-19 15:30:00,248.211,248.5507,248.0911,248.3409,316323.0
2026-03-19 15:35:00,248.3409,248.6206,248.0312,248.5657,284555.0
2026-03-19 15:40:00,248.5857,248.5857,248.1661,248.286,322924.0
2026-03-19 15:45:00,248.281,248.4708,248.0712,248.3009,395581.0
2026-03-19 15:50:00,248.3009,248.6606,248.0712,248.4858,676405.0
2026-03-19 15:55:00,248.4908,249.1002,248.4908,248.6776,1735495.0
2026-03-20 09:30:00,247.7465,248.5008,246.6924,246.9172,10302616.0
2026-03-20 09:35:00,246.9322,247.0366,246.4676,246.6425,530820.0
2026-03-20 09:40:00,246.6749,247.4218,246.3827,247.102,578052.0
2026-03-20 09:45:00,247.102,247.8214,247.0721,247.5866,613803.0
2026-03-20 09:50:00,247.5816,248.5307,247.3518,248.3909,485827.0
2026-03-20 09:55:00,248.3909,248.4608,247.3019,247.4517,600436.0
2026-03-20 10:00:00,247.4317,247.5267,246.5925,246.9322,981609.0
2026-03-20 10:05:00,246.9431,247.4118,246.8922,247.2219,373515.0
2026-03-20 10:10:00,247.2219,247.4759,246.9921,247.4127,330336.0
2026-03-20 10:15:00,247.4018,248.1011,247.3618,247.7116,527003.0
2026-03-20 10:20:00,247.7265,248.0312,247.6316,247.8613,232909.0
2026-03-20 10:25:00,247.8564,248.241,247.5117,247.5416,330306.0
2026-03-20 10:30:00,247.5616,247.8514,247.4522,247.6216,288409.0
2026-03-20 10:35:00,247.6266,247.6316,246.9322,246.9778,300604.0
2026-03-20 10:40:00,246.9522,247.8014,246.9522,247.7855,354196.0
2026-03-20 10:45:00,247.7714,248.0312,247.6216,247.8118,259744.0
2026-03-20 10:50:00,247.8014,248.0712,247.7115,247.9013,548890.0
2026-03-20 10:55:00,247.9013,248.6206,247.8913,247.9563,416565.0
2026-03-20 11:00:00,247.9712,248.4108,247.8015,247.9912,225564.0
2026-03-20 11:05:00,248.0162,248.3003,247.7814,247.9513,591371.0
2026-03-20 11:10:00,247.9413,248.0864,247.6216,247.9812,2230774.0
2026-03-20 11:15:00,248.0012,248.1611,247.6915,247.9613,262011.0
2026-03-20 11:20:00,247.9513,248.4208,247.5516,247.9413,871810.0
2026-03-20 11:25:00,247.9712,248.1561,247.6216,247.7564,190876.0
2026-03-20 11:30:00,247.7415,248.0911,247.6316,247.9987,154199.0
2026-03-20 11:35:00,247.9912,248.0212,247.6816,247.7564,146463.0
2026-03-20 11:40:00,247.7115,248.0911,247.6515,248.0811,186847.0
2026-03-20 11:45:00,248.0712,248.241,247.8963,248.0512,189235.0
2026-03-20 11:50:00,248.0512,248.6398,247.9812,248.6306,204890.0
2026-03-20 11:55:00,248.6007,248.7006,248.4508,248.6107,163292.0
2026-03-20 12:00:00,248.6206,248.8305,248.5207,248.7187,182145.0
2026-03-20 12:05:00,248.7006,248.7006,248.3309,248.4608,187319.0
2026-03-20 12:10:00,248.4708,248.7505,248.4109,248.6107,411474.0
2026-03-20 12:15:00,248.6107,248.6306,248.3281,248.5008,704777.0
2026-03-20 12:20:00,248.5207,248.6706,248.3509,248.5058,180928.0
2026-03-20 12:25:00,248.5407,248.6256,248.331,248.3909,200238.0
2026-03-20 12:30:00,248.4208,248.4308,247.9013,248.0211,199366.0
2026-03-20 12:35:00,248.0212,248.231,247.9114,247.9812,177752.0
2026-03-20 12:40:00,247.9712,248.221,247.9113,248.1811,133802.0
2026-03-20 12:45:00,248.1711,248.3209,248.0162,248.0312,160888.0
2026-03-20 12:50:00,248.0412,248.231,247.8514,248.0911,350792.0
2026-03-20 12:55:00,248.0911,248.4458,248.0612,248.211,143237.0
2026-03-20 13:00:00,248.231,248.5207,248.1811,248.4408,179316.0
2026-03-20 13:05:00,248.4408,248.5607,247.9812,248.3759,240600.0
2026-03-20 13:10:00,248.3709,248.4808,248.1812,248.261,114251.0
2026-03-20 13:15:00,248.241,248.3909,247.9313,248.0612,575136.0
2026-03-20 13:20:00,248.0512,248.241,248.0212,248.1511,124204.0
2026-03-20 13:25:00,248.0712,248.226,247.9712,248.0412,170959.0
2026-03-20 13:30:00,248.0612,248.1511,247.5716,247.6715,198162.0
2026-03-20 13:35:00,247.6515,247.7714,247.3019,247.6515,216693.0
2026-03-20 13:40:00,247.6415,247.8284,247.5516,247.6316,451095.0
2026-03-20 13:45:00,247.6515,247.6815,247.4118,247.5666,185402.0
2026-03-20 13:50:00,247.5516,247.9613,247.5117,247.8763,194799.0
2026-03-20 13:55:00,247.9013,248.0412,247.8014,247.9413,237995.0
2026-03-20 14:00:00,247.9513,248.3109,247.9413,248.1211,218270.0
2026-03-20 14:05:00,248.1611,248.5306,248.1511,248.3959,257049.0
2026-03-20 14:10:00,248.3909,248.4208,248.0861,248.1811,203184.0
2026-03-20 14:15:00,248.191,248.231,247.9797,248.1811,141311.0
2026-03-20 14:20:00,248.211,248.271,247.5316,247.6206,387586.0
2026-03-20 14:25:00,247.6514,248.0412,247.5716,247.8514,203181.0
2026-03-20 14:30:00,247.8414,247.9513,247.5816,247.9213,215720.0
2026-03-20 14:35:00,247.9213,248.0412,247.6915,247.7415,515671.0
2026-03-20 14:40:00,247.7315,247.829,247.5816,247.7165,212125.0
2026-03-20 14:45:00,247.7215,247.8314,247.3818,247.4817,243009.0
2026-03-20 14:50:00,247.4717,247.7415,247.3618,247.6915,167405.0
2026-03-20 14:55:00,247.6864,248.221,247.6515,248.221,329316.0
2026-03-20 15:00:00,248.221,248.9702,248.221,248.4808,586675.0
2026-03-20 15:05:00,248.4708,248.5306,248.1611,248.2947,307203.0
2026-03-20 15:10:00,248.2959,248.3059,247.8913,247.9812,333703.0
2026-03-20 15:15:00,247.9862,248.1111,247.8014,248.0412,319903.0
2026-03-20 15:20:00,248.0512,248.1411,247.6515,247.6915,372993.0
2026-03-20 15:25:00,247.6815,247.9812,247.6415,247.8613,391908.0
2026-03-20 15:30:00,247.8613,247.9213,247.142,247.1721,496002.0
2026-03-20 15:35:00,247.182,247.192,246.5925,246.8822,524918.0
2026-03-20 15:40:00,246.8872,247.5616,246.8523,247.4917,586550.0
2026-03-20 15:45:00,247.4817,247.7714,247.2819,247.6685,627305.0
2026-03-20 15:50:00,247.7015,247.7115,245.7733,246.9622,1480459.0
2026-03-20 15:55:00,247.0821,247.9812,247.0071,247.9613,2650555.0
2026-03-23 09:30:00,253.7359,254.3653,251.1283,251.2882,2077499.0
2026-03-23 09:35:00,251.3082,253.2664,251.2084,252.9666,686786.0
2026-03-23 09:40:00,252.9566,254.0157,252.4171,253.0865,723451.0
2026-03-23 09:45:00,253.1565,253.3563,252.0275,252.6519,658317.0
2026-03-23 09:50:00,252.6369,252.8467,252.3572,252.4771,467925.0
2026-03-23 09:55:00,252.4571,252.5355,251.5779,251.8127,435672.0
2026-03-23 10:00:00,251.8377,251.8776,251.0484,251.1583,568124.0
2026-03-23 10:05:00,251.1383,251.5978,250.7886,251.398,391615.0
2026-03-23 10:10:00,251.3881,251.9925,251.2582,251.9076,644816.0
2026-03-23 10:15:00,251.9176,252.4671,251.8185,252.3272,401728.0
2026-03-23 10:20:00,252.3472,252.7718,252.2054,252.4271,390077.0
2026-03-23 10:25:00,252.4171,252.5021,252.0675,252.2072,295225.0
2026-03-23 10:30:00,252.1874,252.3272,251.6987,252.2273,306876.0
2026-03-23 10:35:00,252.2573,252.4671,251.7578,251.8976,304746.0
2026-03-23 10:40:00,251.8876,251.9276,251.438,251.7078,261160.0
2026-03-23 10:45:00,251.6978,252.3772,251.2982,252.2073,289036.0
2026-03-23 10:50:00,252.2073,252.2473,251.8676,252.0675,216547.0
2026-03-23 10:55:00,252.0775,252.1574,251.8177,251.8726,162129.0
2026-03-23 11:00:00,251.8876,252.6268,251.6878,252.557,398196.0
2026-03-23 11:05:00,252.567,252.617,252.1774,252.4671,235373.0
2026-03-23 11:10:00,252.4671,252.6969,252.3872,252.4771,222748.0
2026-03-23 11:15:00,252.4671,252.527,251.9676,251.9775,259547.0
2026-03-23 11:20:00,251.9676,252.5369,251.8077,252.4371,486054.0
2026-03-23 11:25:00,252.4371,252.4671,252.0275,252.3472,253270.0
2026-03-23 11:30:00,252.3572,252.617,252.3572,252.552,409473.0
2026-03-23 11:35:00,252.527,252.567,252.0924,252.1973,743381.0
2026-03-23 11:40:00,252.1973,252.6719,252.1973,252.4871,314020.0
2026-03-23 11:45:00,252.4871,252.4921,251.9975,252.2923,308037.0
2026-03-23 11:50:00,252.3272,252.5171,251.6179,251.6678,361896.0
2026-03-23 11:55:00,251.6678,251.7278,251.3281,251.3481,396282.0
2026-03-23 12:00:00,251.3182,252.1274,251.2982,251.7554,406720.0
2026-03-23 12:05:00,251.7677,252.1374,251.6379,251.9975,337588.0
2026-03-23 12:10:00,251.9775,252.1774,251.8577,251.9575,213072.0
2026-03-23 12:15:00,251.9376,252.1174,251.3881,251.4181,234578.0
2026-03-23 12:20:00,251.4281,251.6578,250.9685,251.0784,375634.0
2026-03-23 12:25:00,251.0884,251.0934,250.429,250.5738,330404.0
2026-03-23 12:30:00,250.5788,250.9485,250.4589,250.9335,249468.0
2026-03-23 12:35:00,250.9485,251.518,250.7986,251.1982,368925.0
2026-03-23 12:40:00,251.1583,251.3931,250.9585,251.1883,256068.0
2026-03-23 12:45:00,251.1683,251.458,250.9785,251.2432,164211.0
2026-03-23 12:50:00,251.2182,251.3481,250.7287,250.9885,206709.0
2026-03-23 12:55:00,250.9885,251.2481,250.6388,250.8136,160620.0
2026-03-23 13:00:00,250.8136,251.0484,250.3491,250.369,228979.0
2026-03-23 13:05:00,250.369,250.8186,250.3291,250.7437,218421.0
2026-03-23 13:10:00,250.7187,250.9385,250.2691,250.2991,191399.0
2026-03-23 13:15:00,250.3091,250.5089,250.1392,250.424,197994.0
2026-03-23 13:20:00,250.409,250.5289,250.0493,250.4588,175591.0
2026-03-23 13:25:00,250.419,250.8686,250.419,250.6787,149687.0
2026-03-23 13:30:00,250.7087,251.2982,250.6688,251.1583,238562.0
2026-03-23 13:35:00,251.2083,251.438,251.0484,251.3232,252612.0
2026-03-23 13:40:00,251.3281,251.3281,250.7287,250.8586,171368.0
2026-03-23 13:45:00,250.8686,251.0034,250.7487,250.9785,206537.0
2026-03-23 13:50:00,250.9485,251.4181,250.9185,251.2982,232533.0
2026-03-23 13:55:00,251.2882,251.7178,251.2582,251.6379,188826.0
2026-03-23 14:00:00,251.6429,251.7528,251.3731,251.5479,175274.0
2026-03-23 14:05:00,251.5479,251.6179,250.9885,251.2082,251261.0
2026-03-23 14:10:00,251.1983,251.4181,251.1683,251.1983,200739.0
2026-03-23 14:15:00,251.1983,251.2932,250.9585,251.1383,216602.0
2026-03-23 14:20:00,251.1283,251.1983,250.9685,251.1383,169890.0
2026-03-23 14:25:00,251.1283,251.3182,251.0484,251.1084,219638.0
2026-03-23 14:30:00,251.1183,251.6179,251.1183,251.5729,259989.0
2026-03-23 14:35:00,251.6079,251.8876,251.3481,251.448,379322.0
2026-03-23 14:40:00,251.448,251.6578,251.3581,251.5729,247114.0
2026-03-23 14:45:00,251.5679,252.0175,251.528,251.9376,248769.0
2026-03-23 14:50:00,251.9326,251.9975,251.5779,251.9576,230758.0
2026-03-23 14:55:00,251.9576,252.1973,251.9576,252.0874,211457.0
2026-03-23 15:00:00,252.0924,252.1374,251.9576,251.9776,199346.0
2026-03-23 15:05:00,251.9775,252.1074,251.6578,251.7897,241303.0
2026-03-23 15:10:00,251.8177,251.8377,251.6179,251.7078,257911.0
2026-03-23 15:15:00,251.7078,251.7528,251.5779,251.7377,204793.0
2026-03-23 15:20:00,251.7478,251.7677,251.5829,251.6479,217702.0
2026-03-23 15:25:00,251.6578,251.7478,251.3881,251.533,281083.0
2026-03-23 15:30:00,251.533,251.7178,251.483,251.6279,230861.0
2026-03-23 15:35:00,251.6479,251.8776,251.5779,251.8277,216077.0
2026-03-23 15:40:00,251.8317,252.1874,251.7677,252.1774,310425.0
2026-03-23 15:45:00,252.1774,252.2923,252.1074,252.2423,384175.0
2026-03-23 15:50:00,252.2073,252.2573,251.2882,251.3681,940639.0
2026-03-23 15:55:00,251.3681,251.6479,250.7387,251.2083,2291043.0
2026-03-24 09:30:00,250.1193,251.2181,249.32,250.9785,1023843.0
2026-03-24 09:35:00,251.0684,251.7578,250.5788,251.1483,421696.0
2026-03-24 09:40:00,251.1387,251.8577,250.8386,251.448,480031.0
2026-03-24 09:45:00,251.458,251.9376,251.1084,251.4281,420045.0
2026-03-24 09:50:00,251.4231,251.8676,250.9385,250.9985,255129.0
2026-03-24 09:55:00,251.0284,251.7077,250.9635,251.4181,266890.0
2026-03-24 10:00:00,251.4081,252.0175,251.3581,251.9084,270815.0
2026-03-24 10:05:00,251.9376,252.8168,251.8077,252.7868,351420.0
2026-03-24 10:10:00,252.7918,252.8867,252.2473,252.4971,338433.0
2026-03-24 10:15:00,252.5171,252.6869,252.0525,252.4072,288373.0
2026-03-24 10:20:00,252.3872,252.7668,252.2493,252.3272,314767.0
2026-03-24 10:25:00,252.3222,252.8824,252.1274,252.2373,329642.0
2026-03-24 10:30:00,252.2073,252.6269,252.1574,252.4171,205138.0
2026-03-24 10:35:00,252.4072,252.517,251.9376,252.1574,327860.0
2026-03-24 10:40:00,252.1474,252.3335,251.9875,252.2373,200085.0
2026-03-24 10:45:00,252.2273,252.5071,252.0575,252.1624,244090.0
2026-03-24 10:50:00,252.1774,253.0765,251.9925,252.6668,581116.0
2026-03-24 10:55:00,252.6669,252.9267,251.508,251.8776,555154.0
2026-03-24 11:00:00,251.8676,252.6669,251.8177,252.4871,288731.0
2026-03-24 11:05:00,252.4671,253.1764,252.3873,253.1065,433880.0
2026-03-24 11:10:00,253.0965,253.5761,252.9317,253.5161,443063.0
2026-03-24 11:15:00,253.5261,253.9357,253.4912,253.7209,614584.0
2026-03-24 11:20:00,253.7459,253.7459,253.3862,253.5762,294185.0
2026-03-24 11:25:00,253.616,253.7909,253.4662,253.7509,237171.0
2026-03-24 11:30:00,253.7459,254.0856,253.5901,253.8459,246653.0
2026-03-24 11:35:00,253.8658,254.0057,253.7249,253.8775,144177.0
2026-03-24 11:40:00,253.8658,254.0756,253.7959,254.0207,153964.0
2026-03-24 11:45:00,254.0162,254.2455,253.9557,254.2454,269776.0
2026-03-24 11:50:00,254.2455,254.4553,253.8658,253.8668,294165.0
2026-03-24 11:55:00,253.8458,253.8751,253.4262,253.646,249319.0
2026-03-24 12:00:00,253.646,253.7459,253.2414,253.2863,243395.0
2026-03-24 12:05:00,253.3163,253.4362,253.1565,253.4062,161252.0
2026-03-24 12:10:00,253.4062,253.4462,253.1514,253.3013,223610.0
2026-03-24 12:15:00,253.3163,253.9657,253.2863,253.9657,324399.0
2026-03-24 12:20:00,253.9557,254.4453,253.8059,254.3054,255184.0
2026-03-24 12:25:00,254.3254,254.5901,254.1862,254.3554,333815.0
2026-03-24 12:30:00,254.3554,254.4752,254.0656,254.0656,203095.0
2026-03-24 12:35:00,254.0656,254.0756,253.4262,253.4362,216350.0
2026-03-24 12:40:00,253.4412,253.5561,253.2875,253.4212,230433.0
2026-03-24 12:45:00,253.4262,253.676,253.2664,253.4362,219879.0
2026-03-24 12:50:00,253.4162,253.5961,253.3263,253.3563,120468.0
2026-03-24 12:55:00,253.3463,253.5161,253.1365,253.4162,127901.0
2026-03-24 13:00:00,253.3963,253.606,252.9766,253.0006,223731.0
2026-03-24 13:05:00,252.9866,253.0166,252.6319,252.8068,291709.0
2026-03-24 13:10:00,252.8168,252.9766,252.6469,252.7568,177938.0
2026-03-24 13:15:00,252.7568,252.7968,252.535,252.617,161934.0
2026-03-24 13:20:00,252.617,252.8368,252.532,252.7269,146753.0
2026-03-24 13:25:00,252.7119,252.8368,252.557,252.8068,134703.0
2026-03-24 13:30:00,252.8168,253.3063,252.707,252.7668,205551.0
2026-03-24 13:35:00,252.7468,252.8418,252.537,252.6469,129805.0
2026-03-24 13:40:00,252.6369,252.6969,252.0625,252.1774,330847.0
2026-03-24 13:45:00,252.1874,252.3272,252.0924,252.1994,144698.0
2026-03-24 13:50:00,252.1774,252.9766,252.1274,252.552,181549.0
2026-03-24 13:55:00,252.537,253.0366,252.4571,252.9766,368798.0
2026-03-24 14:00:00,252.9766,253.2664,252.6569,252.7219,196680.0
2026-03-24 14:05:00,252.7069,252.7968,252.4771,252.5171,124501.0
2026-03-24 14:10:00,252.5121,252.6619,252.4171,252.5171,113478.0
2026-03-24 14:15:00,252.4721,252.562,252.1374,252.4671,237097.0
2026-03-24 14:20:00,252.4721,252.547,252.1973,252.2873,151241.0
2026-03-24 14:25:00,252.2773,252.6319,252.2173,252.3372,277493.0
2026-03-24 14:30:00,252.3472,252.6269,252.1474,252.2473,198148.0
2026-03-24 14:35:00,252.2373,252.8268,252.2273,252.7867,207973.0
2026-03-24 14:40:00,252.7368,252.7468,251.9875,252.2473,238738.0
2026-03-24 14:45:00,252.2873,252.4971,252.0025,252.2274,266064.0
2026-03-24 14:50:00,252.2423,252.557,252.1875,252.2823,185262.0
2026-03-24 14:55:00,252.2573,252.3172,252.0175,252.1924,138238.0
2026-03-24 15:00:00,252.1874,252.6769,252.1734,252.4671,157024.0
2026-03-24 15:05:00,252.4371,252.7568,252.3272,252.7269,143557.0
2026-03-24 15:10:00,252.7269,252.9267,252.6769,252.8467,175809.0
2026-03-24 15:15:00,252.8068,252.8418,252.4171,252.5071,179597.0
2026-03-24 15:20:00,252.5071,252.537,252.2523,252.3272,185676.0
2026-03-24 15:25:00,252.3372,252.3522,251.8477,251.8573,174719.0
2026-03-24 15:30:00,251.8576,251.8976,251.4331,251.513,254079.0
2026-03-24 15:35:00,251.523,251.5679,251.1487,251.2033,298191.0
2026-03-24 15:40:00,251.2033,251.438,251.0684,251.2482,892227.0
2026-03-24 15:45:00,251.2282,251.3182,250.9885,251.2982,399652.0
2026-03-24 15:50:00,251.3082,251.418,251.0584,251.4081,393763.0
2026-03-24 15:55:00,251.3781,251.538,251.1183,251.518,1341996.0
2026-03-25 09:30:00,253.8608,254.765,253.7159,253.7959,1010923.0
2026-03-25 09:35:00,253.8059,254.67,253.7759,253.8059,496585.0
2026-03-25 09:40:00,253.7959,253.9158,253.2664,253.2863,366129.0
2026-03-25 09:45:00,253.2664,253.3763,252.1574,252.2023,329758.0
2026-03-25 09:50:00,252.1774,252.617,252.0075,252.1074,486020.0
2026-03-25 09:55:00,252.1524,252.3072,251.5879,251.6479,484193.0
2026-03-25 10:00:00,251.6578,251.9875,251.3681,251.7977,378162.0
2026-03-25 10:05:00,251.7977,252.0625,251.6978,252.0075,302395.0
2026-03-25 10:10:00,252.0475,252.612,251.8976,252.607,312046.0
2026-03-25 10:15:00,252.597,252.6469,252.2373,252.3372,226548.0
2026-03-25 10:20:00,252.3172,252.4971,251.9975,252.0275,223671.0
2026-03-25 10:25:00,252.0325,252.7269,251.9476,252.6269,271020.0
2026-03-25 10:30:00,252.6369,252.8567,252.3472,252.8468,223242.0
2026-03-25 10:35:00,252.8667,252.9367,252.547,252.6669,250584.0
2026-03-25 10:40:00,252.6619,253.1292,252.557,253.0166,270263.0
2026-03-25 10:45:00,253.0266,253.3363,253.0266,253.2863,271104.0
2026-03-25 10:50:00,253.2714,253.4362,253.1964,253.2264,251161.0
2026-03-25 10:55:00,253.2364,253.3563,253.0865,253.1864,236626.0
2026-03-25 11:00:00,253.1889,253.415,253.1315,253.2963,194570.0
2026-03-25 11:05:00,253.2963,253.3463,252.8767,253.2114,225003.0
2026-03-25 11:10:00,253.2164,253.7159,253.2164,253.5161,301465.0
2026-03-25 11:15:00,253.5061,253.696,252.7468,253.5711,578454.0
2026-03-25 11:20:00,253.5761,254.0157,253.3862,253.8858,410749.0
2026-03-25 11:25:00,253.9057,254.0556,253.6061,254.0107,198442.0
2026-03-25 11:30:00,254.0157,254.2255,253.8758,254.0149,247410.0
2026-03-25 11:35:00,254.0456,254.0456,253.7259,253.7859,263379.0
2026-03-25 11:40:00,253.7659,253.8458,253.4162,253.4762,195045.0
2026-03-25 11:45:00,253.4512,253.621,253.3663,253.4562,167917.0
2026-03-25 11:50:00,253.4912,253.7159,253.1465,253.2714,225801.0
2026-03-25 11:55:00,253.2863,253.5261,253.2364,253.2664,186455.0
2026-03-25 12:00:00,253.2764,253.2764,252.9666,253.0016,196589.0
2026-03-25 12:05:00,252.9866,253.3313,252.8567,253.2464,135848.0
2026-03-25 12:10:00,253.2364,253.3063,253.0865,253.2714,124435.0
2026-03-25 12:15:00,253.2664,253.3663,253.2064,253.2414,118248.0
2026-03-25 12:20:00,253.2564,253.9357,253.1964,253.8658,177299.0
2026-03-25 12:25:00,253.8958,253.9158,253.5661,253.691,245756.0
2026-03-25 12:30:00,253.7159,254.4153,253.626,254.2365,283193.0
2026-03-25 12:35:00,254.2355,254.3454,254.0356,254.1505,320766.0
2026-03-25 12:40:00,254.1755,254.1755,253.9258,254.0257,127619.0
2026-03-25 12:45:00,254.0456,254.1156,253.9258,253.9657,125701.0
2026-03-25 12:50:00,253.9757,254.0556,253.7859,254.0406,153980.0
2026-03-25 12:55:00,254.0356,254.1655,253.8858,254.0056,119520.0
2026-03-25 13:00:00,253.9857,254.2155,253.7659,254.0257,230840.0
2026-03-25 13:05:00,254.0406,254.0456,253.621,253.621,195026.0
2026-03-25 13:10:00,253.631,253.9756,253.5561,253.7859,133926.0
2026-03-25 13:15:00,253.7659,253.7859,253.5061,253.686,137611.0
2026-03-25 13:20:00,253.686,253.7759,253.626,253.696,138876.0
2026-03-25 13:25:00,253.706,254.0966,253.6761,253.9108,156344.0
2026-03-25 13:30:00,253.8958,254.0656,253.7459,253.9258,182889.0
2026-03-25 13:35:00,253.9357,254.0656,253.8159,253.9457,133533.0
2026-03-25 13:40:00,253.9357,254.2754,253.8258,254.1455,213169.0
2026-03-25 13:45:00,254.1455,254.1605,253.7559,253.7959,150397.0
2026-03-25 13:50:00,253.8059,254.1955,253.606,253.666,153878.0
2026-03-25 13:55:00,253.656,254.1455,253.606,253.7359,199023.0
2026-03-25 14:00:00,253.7259,253.8159,253.616,253.691,110783.0
2026-03-25 14:05:00,253.691,253.8958,253.5011,253.686,149762.0
2026-03-25 14:10:00,253.696,253.8758,253.676,253.8558,107588.0
2026-03-25 14:15:00,253.8658,254.0157,253.7459,253.8059,154895.0
2026-03-25 14:20:00,253.7959,253.9857,253.7859,253.9757,101567.0
2026-03-25 14:25:00,253.9557,253.9957,253.701,253.7259,106734.0
2026-03-25 14:30:00,253.7259,253.8208,253.686,253.7259,122988.0
2026-03-25 14:35:00,253.7209,253.7209,253.3763,253.4512,204173.0
2026-03-25 14:40:00,253.4462,253.4512,253.2264,253.2264,206662.0
2026-03-25 14:45:00,253.2264,253.2963,252.8817,252.9467,245884.0
2026-03-25 14:50:00,252.9368,253.1665,252.8168,253.0865,229372.0
2026-03-25 14:55:00,253.0865,253.1165,252.4671,252.567,318475.0
2026-03-25 15:00:00,252.5471,252.5471,252.0275,252.3172,306076.0
2026-03-25 15:05:00,252.3062,252.547,252.3062,252.4471,179351.0
2026-03-25 15:10:00,252.4321,252.6519,252.3772,252.577,182596.0
2026-03-25 15:15:00,252.567,252.7968,252.547,252.6995,188546.0
2026-03-25 15:20:00,252.6869,252.8268,252.4671,252.547,192749.0
2026-03-25 15:25:00,252.542,252.577,252.3372,252.3972,171534.0
2026-03-25 15:30:00,252.4022,252.4271,252.0974,252.1174,231080.0
2026-03-25 15:35:00,252.1074,252.1474,251.8277,251.8876,255795.0
2026-03-25 15:40:00,251.8776,252.0375,251.8477,251.9476,271371.0
2026-03-25 15:45:00,251.9476,251.9875,251.7777,251.9476,295372.0
2026-03-25 15:50:00,251.9676,252.4871,251.9576,252.3672,653433.0
2026-03-25 15:55:00,252.3672,252.4771,252.0175,252.3772,1351988.0
2026-03-26 09:30:00,251.8826,252.2373,250.5389,251.5206,1091992.0
2026-03-26 09:35:00,251.538,251.6079,250.9986,251.0484,374877.0
2026-03-26 09:40:00,251.0634,251.6978,250.9985,251.6279,453043.0
2026-03-26 09:45:00,251.6279,252.2173,251.5779,252.1174,332897.0
2026-03-26 09:50:00,252.1646,252.7169,251.9775,252.612,487312.0
2026-03-26 09:55:00,252.597,253.616,252.4977,253.5361,474987.0
2026-03-26 10:00:00,253.5661,254.3753,253.2164,254.3054,698712.0
2026-03-26 10:05:00,254.2954,254.5948,253.646,254.0456,601584.0
2026-03-26 10:10:00,254.0257,254.8949,253.9957,254.8149,590404.0
2026-03-26 10:15:00,254.8149,255.3245,254.6251,254.8649,790140.0
2026-03-26 10:20:00,254.8549,255.9739,254.705,255.779,716702.0
2026-03-26 10:25:00,255.7641,256.0038,255.4843,255.6741,503530.0
2026-03-26 10:30:00,255.6641,255.9639,255.5642,255.774,493730.0
2026-03-26 10:35:00,255.784,256.0238,255.5942,255.9938,403223.0
2026-03-26 10:40:00,255.9938,256.4934,255.6142,256.1737,819662.0
2026-03-26 10:45:00,256.1537,256.6233,255.7141,255.9938,717973.0
2026-03-26 10:50:00,255.9938,256.3135,255.6841,255.6841,378672.0
2026-03-26 10:55:00,255.6941,256.3535,255.2745,256.2336,501449.0
2026-03-26 11:00:00,256.2036,256.7631,256.0338,256.0338,507095.0
2026-03-26 11:05:00,256.0138,256.4634,255.824,256.2056,413816.0
2026-03-26 11:10:00,256.2186,256.3635,255.9139,255.9239,300869.0
2026-03-26 11:15:00,255.9639,256.0438,255.5542,255.5942,401802.0
2026-03-26 11:20:00,255.6141,255.9439,255.5942,255.7591,266716.0
2026-03-26 11:25:00,255.784,255.809,255.3146,255.4543,241761.0
2026-03-26 11:30:00,255.4543,255.6542,255.3245,255.5943,280833.0
2026-03-26 11:35:00,255.6092,256.3735,255.6092,256.3335,375413.0
2026-03-26 11:40:00,256.3535,256.4634,255.9239,255.9839,280749.0
2026-03-26 11:45:00,256.0138,256.3135,255.804,256.1537,299980.0
2026-03-26 11:50:00,256.2036,256.5333,256.0688,256.2686,297298.0
2026-03-26 11:55:00,256.2736,256.3735,256.0638,256.2786,227483.0
2026-03-26 12:00:00,256.2836,256.4684,256.1537,256.1537,232263.0
2026-03-26 12:05:00,256.1787,256.2536,255.8939,255.9089,252538.0
2026-03-26 12:10:00,255.9039,255.9609,255.5143,255.8942,236980.0
2026-03-26 12:15:00,255.9039,256.0288,255.3245,255.9629,382614.0
2026-03-26 12:20:00,255.9539,256.0838,255.5642,256.0838,276504.0
2026-03-26 12:25:00,256.0838,256.1237,255.6442,255.854,240046.0
2026-03-26 12:30:00,255.864,255.874,255.3794,255.7091,284975.0
2026-03-26 12:35:00,255.7341,255.8745,255.4743,255.6241,263393.0
2026-03-26 12:40:00,255.6042,256.1633,255.5592,255.984,328351.0
2026-03-26 12:45:00,255.9938,256.0763,255.6242,255.6342,289827.0
2026-03-26 12:50:00,255.6741,255.9739,255.6542,255.8839,193244.0
2026-03-26 12:55:00,255.864,256.1137,255.814,256.0288,261680.0
2026-03-26 13:00:00,256.0138,256.2236,255.9439,256.0128,286671.0
2026-03-26 13:05:00,256.0138,256.1137,255.6841,255.7341,305634.0
2026-03-26 13:10:00,255.7341,255.7341,254.9148,255.0338,447162.0
2026-03-26 13:15:00,255.0247,255.0647,254.8649,254.9748,257704.0
2026-03-26 13:20:00,255.0147,255.0147,254.3555,254.4453,319440.0
2026-03-26 13:25:00,254.4653,254.9148,254.3953,254.755,282804.0
2026-03-26 13:30:00,254.745,254.8249,254.2455,254.3104,214892.0
2026-03-26 13:35:00,254.2954,254.4353,254.0457,254.1785,240300.0
2026-03-26 13:40:00,254.1754,254.2255,253.8958,254.0556,221692.0
2026-03-26 13:45:00,254.0756,254.1855,253.9757,254.0656,201053.0
2026-03-26 13:50:00,254.0756,254.0756,253.706,253.7659,400921.0
2026-03-26 13:55:00,253.7559,254.0057,253.4272,253.5711,476906.0
2026-03-26 14:00:00,253.5561,254.4653,253.5161,254.0956,568740.0
2026-03-26 14:05:00,254.1056,254.695,253.9772,254.5252,631991.0
2026-03-26 14:10:00,254.5252,254.8799,253.4276,253.4362,517270.0
2026-03-26 14:15:00,253.4262,253.5961,253.1465,253.4112,311702.0
2026-03-26 14:20:00,253.4062,253.5461,253.1764,253.2614,229258.0
2026-03-26 14:25:00,253.2614,253.706,253.2614,253.5911,244299.0
2026-03-26 14:30:00,253.606,253.9357,253.5861,253.8758,264920.0
2026-03-26 14:35:00,253.8658,254.1855,253.8159,254.1654,276036.0
2026-03-26 14:40:00,254.1855,254.2804,253.716,253.8858,268523.0
2026-03-26 14:45:00,253.8658,254.1655,253.8458,253.9857,274673.0
2026-03-26 14:50:00,253.9757,254.1555,253.8658,254.0456,245331.0
2026-03-26 14:55:00,254.0157,254.1356,253.8558,254.1356,204338.0
2026-03-26 15:00:00,254.1356,254.2455,253.7259,253.7859,207909.0
2026-03-26 15:05:00,253.7959,253.8458,253.4961,253.621,247698.0
2026-03-26 15:10:00,253.606,253.7459,253.5461,253.5561,307078.0
2026-03-26 15:15:00,253.5661,253.8159,253.5061,253.5905,246451.0
2026-03-26 15:20:00,253.5861,253.5961,253.0166,253.0215,326501.0
2026-03-26 15:25:00,253.0066,253.4662,252.9067,253.4362,374957.0
2026-03-26 15:30:00,253.4462,253.4912,252.8068,252.8218,336158.0
2026-03-26 15:35:00,252.8368,252.8467,252.1674,252.1973,421018.0
2026-03-26 15:40:00,252.2173,252.3872,252.1074,252.3472,495186.0
2026-03-26 15:45:00,252.3272,252.7568,252.3272,252.607,488051.0
2026-03-26 15:50:00,252.6369,252.6969,251.7877,252.0275,789582.0
2026-03-26 15:55:00,252.0575,252.9866,252.0475,252.6469,1890175.0
2026-03-27 09:30:00,253.666,254.8649,252.6769,252.8568,1334612.0
2026-03-27 09:35:00,252.9067,254.0356,252.5471,253.7959,692706.0
2026-03-27 09:40:00,253.8023,254.1356,253.3264,253.7659,511307.0
2026-03-27 09:45:00,253.8258,255.1346,253.7859,254.4902,674565.0
2026-03-27 09:50:00,254.5052,254.9648,254.0656,254.6401,1174121.0
2026-03-27 09:55:00,254.6401,254.9948,254.0556,254.6651,1022173.0
2026-03-27 10:00:00,254.6251,254.8549,254.1755,254.2305,851869.0
2026-03-27 10:05:00,254.2455,254.6351,253.7909,254.3556,603952.0
2026-03-27 10:10:00,254.3853,255.2575,254.1256,254.5352,766173.0
2026-03-27 10:15:00,254.4852,254.8699,254.1655,254.6251,580976.0
2026-03-27 10:20:00,254.655,255.0547,253.706,254.2754,752959.0
2026-03-27 10:25:00,254.2754,254.5851,254.0656,254.2255,482925.0
2026-03-27 10:30:00,254.2255,254.4553,253.8658,253.8958,365966.0
2026-03-27 10:35:00,253.8958,254.045,252.9267,253.0665,496299.0
2026-03-27 10:40:00,253.0665,253.1465,252.1086,252.3072,604237.0
2026-03-27 10:45:00,252.2973,252.4671,251.5679,252.3972,720037.0
2026-03-27 10:50:00,252.3972,253.0366,252.3472,252.6669,658256.0
2026-03-27 10:55:00,252.6679,253.2264,252.6679,253.0466,376313.0
2026-03-27 11:00:00,253.0366,253.1964,252.8967,252.9467,472589.0
2026-03-27 11:05:00,252.9616,253.1665,252.5071,252.557,342023.0
2026-03-27 11:10:00,252.557,252.6269,251.8776,251.9576,295719.0
2026-03-27 11:15:00,251.9576,252.2073,251.7378,252.0125,306582.0
2026-03-27 11:20:00,252.0225,252.567,251.8527,252.1424,372998.0
2026-03-27 11:25:00,252.1474,252.4471,252.0475,252.3872,215692.0
2026-03-27 11:30:00,252.3972,252.8567,252.1074,252.8068,390864.0
2026-03-27 11:35:00,252.7968,253.0166,252.1774,252.2373,457996.0
2026-03-27 11:40:00,252.2273,252.4671,251.9076,252.3372,260821.0
2026-03-27 11:45:00,252.3822,252.4371,252.0775,252.1374,170092.0
2026-03-27 11:50:00,252.1375,252.577,252.0974,252.3418,276311.0
2026-03-27 11:55:00,252.3572,252.6969,252.3072,252.4921,237647.0
2026-03-27 12:00:00,252.4971,252.6669,252.3572,252.557,240288.0
2026-03-27 12:05:00,252.5669,252.577,252.0375,252.2173,302531.0
2026-03-27 12:10:00,252.2273,252.597,252.0075,252.4871,209737.0
2026-03-27 12:15:00,252.5171,252.5171,251.9875,252.0275,182306.0
2026-03-27 12:20:00,252.0325,252.1474,251.8377,251.8477,174646.0
2026-03-27 12:25:00,251.8676,251.8776,251.458,251.5479,424799.0
2026-03-27 12:30:00,251.538,251.6678,251.508,251.5778,192956.0
2026-03-27 12:35:00,251.5779,251.8876,251.518,251.5879,342319.0
2026-03-27 12:40:00,251.5629,252.0475,251.463,251.9875,199581.0
2026-03-27 12:45:00,251.9875,252.527,251.8976,252.3622,268418.0
2026-03-27 12:50:00,252.3472,252.4671,252.0376,252.2173,239192.0
2026-03-27 12:55:00,252.1973,252.3472,252.1274,252.1874,186890.0
2026-03-27 13:00:00,252.1874,252.2673,251.7478,251.8876,198073.0
2026-03-27 13:05:00,251.8876,252.4171,251.7178,252.0775,278225.0
2026-03-27 13:10:00,252.0675,252.0874,251.3681,251.5929,363304.0
2026-03-27 13:15:00,251.5979,251.6229,251.0534,251.1583,201536.0
2026-03-27 13:20:00,251.1433,251.1883,250.449,250.5629,482981.0
2026-03-27 13:25:00,250.5589,250.5888,250.1342,250.1792,329047.0
2026-03-27 13:30:00,250.1792,250.3491,250.1213,250.2142,322568.0
2026-03-27 13:35:00,250.2192,250.2891,249.7996,249.8095,486033.0
2026-03-27 13:40:00,249.8195,249.8195,249.33,249.4099,414333.0
2026-03-27 13:45:00,249.3999,249.4898,249.1202,249.2001,463871.0
2026-03-27 13:50:00,249.2001,249.6747,249.1801,249.5997,230227.0
2026-03-27 13:55:00,249.6197,249.8695,249.5298,249.5798,397054.0
2026-03-27 14:00:00,249.5798,249.7096,249.4299,249.5748,589880.0
2026-03-27 14:05:00,249.5698,249.6497,248.4808,248.5307,477012.0
2026-03-27 14:10:00,248.5357,248.9903,248.4008,248.8654,425279.0
2026-03-27 14:15:00,248.8704,249.2899,248.8205,249.1701,270068.0
2026-03-27 14:20:00,249.1601,249.2501,248.7406,248.8804,254712.0
2026-03-27 14:25:00,248.8754,249.3051,248.7505,249.1552,248324.0
2026-03-27 14:30:00,249.1801,249.2001,249.0003,249.1502,208716.0
2026-03-27 14:35:00,249.1402,249.29,248.7106,248.7855,330360.0
2026-03-27 14:40:00,248.7905,249.0902,248.3809,248.6731,438460.0
2026-03-27 14:45:00,248.6606,248.8604,248.5607,248.7705,397371.0
2026-03-27 14:50:00,248.7655,248.9603,248.4408,248.4608,287460.0
2026-03-27 14:55:00,248.4558,248.6107,248.4108,248.4308,294220.0
2026-03-27 15:00:00,248.4308,248.7405,248.3309,248.4058,301559.0
2026-03-27 15:05:00,248.4208,248.5207,248.1311,248.201,384123.0
2026-03-27 15:10:00,248.201,248.8904,248.1011,248.7905,457923.0
2026-03-27 15:15:00,248.7705,248.9703,248.5657,248.7405,307383.0
2026-03-27 15:20:00,248.7255,248.9104,248.4508,248.5257,360693.0
2026-03-27 15:25:00,248.5107,248.5107,248.0212,248.181,345721.0
2026-03-27 15:30:00,248.1811,248.4108,248.1111,248.3809,386967.0
2026-03-27 15:35:00,248.3909,248.5207,248.191,248.351,333690.0
2026-03-27 15:40:00,248.3609,248.4008,247.9213,248.0811,418010.0
2026-03-27 15:45:00,248.0911,248.271,247.9513,248.0861,514288.0
2026-03-27 15:50:00,248.0712,248.6007,247.8414,248.5197,987993.0
2026-03-27 15:55:00,248.5107,249.1402,248.3809,248.3809,2612089.0
2026-03-30 09:30:00,249.8395,250.6388,247.4218,247.6915,1520151.0
2026-03-30 09:35:00,247.6815,247.7514,246.8323,247.2919,612603.0
2026-03-30 09:40:00,247.2619,247.4218,246.8023,247.2119,568208.0
2026-03-30 09:45:00,247.2319,247.3918,246.7424,247.2789,499068.0
2026-03-30 09:50:00,247.2719,247.9862,247.0421,247.7215,516545.0
2026-03-30 09:55:00,247.7065,248.1111,247.3418,247.3918,512168.0
2026-03-30 10:00:00,247.3718,247.8514,247.182,247.8514,361042.0
2026-03-30 10:05:00,247.8314,248.0512,247.4597,247.5167,291244.0
2026-03-30 10:10:00,247.5167,247.7415,247.302,247.5916,297179.0
2026-03-30 10:15:00,247.6216,247.7215,246.9522,247.0921,276398.0
2026-03-30 10:20:00,247.112,247.6615,247.0885,247.6465,256306.0
2026-03-30 10:25:00,247.6415,247.9113,247.4267,247.6016,283647.0
2026-03-30 10:30:00,247.5916,247.7714,247.137,247.2469,280725.0
2026-03-30 10:35:00,247.2419,247.2919,246.9322,247.2069,262688.0
2026-03-30 10:40:00,247.2069,247.2519,246.6325,246.6475,335872.0
2026-03-30 10:45:00,246.6625,247.102,246.2029,246.2328,600883.0
2026-03-30 10:50:00,246.2428,246.5325,245.8132,246.4377,350365.0
2026-03-30 10:55:00,246.4526,246.4626,246.1679,246.3028,262927.0
2026-03-30 11:00:00,246.2828,246.6605,246.0031,246.6525,333885.0
2026-03-30 11:05:00,246.6425,246.8273,245.9431,246.2328,342184.0
2026-03-30 11:10:00,246.2179,246.4227,246.108,246.3827,238377.0
2026-03-30 11:15:00,246.3727,246.4327,245.9931,246.3927,487144.0
2026-03-30 11:20:00,246.4027,246.6724,246.2229,246.5575,286271.0
2026-03-30 11:25:00,246.5625,246.7274,246.2628,246.3028,227202.0
2026-03-30 11:30:00,246.3028,246.6724,246.113,246.6325,305428.0
2026-03-30 11:35:00,246.6325,246.7923,246.163,246.2229,284439.0
2026-03-30 11:40:00,246.2179,246.7724,246.1829,246.6575,174996.0
2026-03-30 11:45:00,246.6724,246.8123,246.5226,246.7624,216483.0
2026-03-30 11:50:00,246.7624,246.9822,246.5725,246.6125,315958.0
2026-03-30 11:55:00,246.5625,246.7923,246.2528,246.6525,265650.0
2026-03-30 12:00:00,246.6125,246.6924,245.9331,246.083,231085.0
2026-03-30 12:05:00,246.098,246.3328,246.0405,246.2029,194479.0
2026-03-30 12:10:00,246.1829,246.7823,246.1629,246.6739,192577.0
2026-03-30 12:15:00,246.6654,246.7024,246.2179,246.2628,219826.0
2026-03-30 12:20:00,246.2528,246.2728,245.9581,246.063,196272.0
2026-03-30 12:25:00,246.063,246.093,245.7333,245.7933,220333.0
2026-03-30 12:30:00,245.7833,246.1029,245.7333,246.088,184187.0
2026-03-30 12:35:00,246.113,246.5326,246.098,246.4876,336978.0
2026-03-30 12:40:00,246.5026,246.8423,246.4526,246.7724,244927.0
2026-03-30 12:45:00,246.7724,246.8822,246.704,246.8022,179949.0
2026-03-30 12:50:00,246.7973,247.202,246.7923,247.0121,233206.0
2026-03-30 12:55:00,247.0121,247.132,246.9122,247.0921,168156.0
2026-03-30 13:00:00,247.0921,247.2219,246.7424,246.7625,169909.0
2026-03-30 13:05:00,246.7724,247.1019,246.7124,246.7424,138698.0
2026-03-30 13:10:00,246.7424,246.8223,246.5326,246.6325,147836.0
2026-03-30 13:15:00,246.6375,246.6724,246.213,246.3527,244971.0
2026-03-30 13:20:00,246.3527,246.4526,245.7333,245.8732,396598.0
2026-03-30 13:25:00,245.8632,246.1429,245.7683,246.023,268011.0
2026-03-30 13:30:00,246.028,246.1529,245.7683,245.8632,272421.0
2026-03-30 13:35:00,245.8532,246.1529,245.8132,246.043,267925.0
2026-03-30 13:40:00,246.083,246.8423,246.053,246.7524,308736.0
2026-03-30 13:45:00,246.7524,247.0121,246.6724,246.7524,317294.0
2026-03-30 13:50:00,246.7773,247.0921,246.7074,246.7424,238371.0
2026-03-30 13:55:00,246.7424,246.8423,246.4177,246.6924,202048.0
2026-03-30 14:00:00,246.7024,246.8922,246.6325,246.8123,249741.0
2026-03-30 14:05:00,246.8223,246.9222,246.6125,246.7024,197228.0
2026-03-30 14:10:00,246.7124,246.8323,246.3128,246.5126,228749.0
2026-03-30 14:15:00,246.5226,246.6025,246.4427,246.4826,195134.0
2026-03-30 14:20:00,246.4526,246.5226,246.1729,246.2528,153627.0
2026-03-30 14:25:00,246.2628,246.3527,246.1529,246.253,245557.0
2026-03-30 14:30:00,246.2628,246.3727,246.083,246.1929,238120.0
2026-03-30 14:35:00,246.2114,246.5725,246.0032,246.043,231642.0
2026-03-30 14:40:00,246.033,246.2478,245.9331,246.2129,234570.0
2026-03-30 14:45:00,246.2328,246.4028,246.083,246.3128,231288.0
2026-03-30 14:50:00,246.3427,246.4626,246.083,246.4626,178818.0
2026-03-30 14:55:00,246.4427,246.6025,246.2928,246.4976,221262.0
2026-03-30 15:00:00,246.5126,246.5825,246.3527,246.5376,197003.0
2026-03-30 15:05:00,246.5426,246.5725,246.2328,246.3128,275001.0
2026-03-30 15:10:00,246.3228,246.3827,245.6933,245.9681,378011.0
2026-03-30 15:15:00,245.9681,246.1729,245.8832,246.023,276476.0
2026-03-30 15:20:00,246.048,246.1428,245.8082,245.8082,204709.0
2026-03-30 15:25:00,245.8082,245.8982,245.6034,245.6534,302676.0
2026-03-30 15:30:00,245.6634,245.8532,245.2837,245.3037,314099.0
2026-03-30 15:35:00,245.2837,245.8082,245.2837,245.5635,342918.0
2026-03-30 15:40:00,245.5635,245.7233,245.4336,245.6434,393167.0
2026-03-30 15:45:00,245.6534,246.043,245.6484,245.8432,421831.0
2026-03-30 15:50:00,245.8532,246.4127,245.7933,246.3228,772665.0
2026-03-30 15:55:00,246.3427,246.8223,246.2328,246.3128,2308812.0
2026-03-31 09:30:00,247.6815,248.9703,247.5716,248.4658,1258839.0
2026-03-31 09:35:00,248.4508,248.4658,247.4118,248.3209,590624.0
2026-03-31 09:40:00,248.3009,248.3209,247.4617,247.5916,479247.0
2026-03-31 09:45:00,247.6016,248.8304,247.6016,248.8105,458174.0
2026-03-31 09:50:00,248.8404,249.0403,248.5307,248.8704,378852.0
2026-03-31 09:55:00,248.8745,248.9703,248.2909,248.5634,343902.0
2026-03-31 10:00:00,248.5907,248.6606,248.0911,248.4408,363494.0
2026-03-31 10:05:00,248.4408,248.4408,247.6929,248.1311,322705.0
2026-03-31 10:10:00,248.1161,248.4808,248.0712,248.281,296038.0
2026-03-31 10:15:00,248.282,248.8904,248.0861,248.8185,322660.0
2026-03-31 10:20:00,248.8205,248.8205,248.3709,248.5107,278273.0
2026-03-31 10:25:00,248.4808,248.8305,248.3718,248.7106,247770.0
2026-03-31 10:30:00,248.7305,248.7805,248.221,248.3109,378673.0
2026-03-31 10:35:00,248.3209,248.3459,247.9413,248.1797,303409.0
2026-03-31 10:40:00,248.206,248.2909,247.3318,247.3818,321031.0
2026-03-31 10:45:00,247.3918,247.6815,247.2121,247.5916,294304.0
2026-03-31 10:50:00,247.5017,247.5715,247.0571,247.142,243165.0
2026-03-31 10:55:00,247.112,247.2719,246.8733,247.0921,341000.0
2026-03-31 11:00:00,247.0621,247.5716,247.0421,247.3218,268517.0
2026-03-31 11:05:00,247.3218,247.5916,247.202,247.4517,274850.0
2026-03-31 11:10:00,247.4417,248.201,247.4317,248.1511,299109.0
2026-03-31 11:15:00,248.1611,248.6506,248.1011,248.4508,303469.0
2026-03-31 11:20:00,248.4508,248.5008,248.191,248.4408,203830.0
2026-03-31 11:25:00,248.4008,248.5639,248.0911,248.201,230722.0
2026-03-31 11:30:00,248.191,248.226,247.4317,247.7914,238801.0
2026-03-31 11:35:00,247.7864,248.2909,247.7864,248.276,205305.0
2026-03-31 11:40:00,248.261,248.5107,248.251,248.4058,178636.0
2026-03-31 11:45:00,248.3909,248.5307,248.191,248.3809,230354.0
2026-03-31 11:50:00,248.3909,248.8544,248.3459,248.6806,257714.0
2026-03-31 11:55:00,248.6906,248.7705,248.3609,248.3809,175912.0
2026-03-31 12:00:00,248.3809,249.0702,248.261,248.8105,442751.0
2026-03-31 12:05:00,248.8205,249.4299,248.8205,249.36,307784.0
2026-03-31 12:10:00,249.355,249.4599,248.9503,249.2101,206357.0
2026-03-31 12:15:00,249.2051,249.5698,249.2051,249.4799,218550.0
2026-03-31 12:20:00,249.4799,250.3491,249.4049,250.3491,619920.0
2026-03-31 12:25:00,250.3391,250.4589,249.8945,250.1093,354719.0
2026-03-31 12:30:00,250.1192,250.2691,249.9494,250.1792,212467.0
2026-03-31 12:35:00,250.1592,251.508,250.0693,251.508,446217.0
2026-03-31 12:40:00,251.468,252.0775,251.2682,251.538,1167320.0
2026-03-31 12:45:00,251.518,252.6969,251.4081,252.6369,724950.0
2026-03-31 12:50:00,252.617,253.1165,252.1674,252.607,710933.0
2026-03-31 12:55:00,252.617,252.991,252.2673,252.8967,521286.0
2026-03-31 13:00:00,252.9067,253.6959,252.8967,253.4262,500700.0
2026-03-31 13:05:00,253.4462,253.4862,252.3272,252.4371,401433.0
2026-03-31 13:10:00,252.4621,253.1764,252.3572,253.0166,280740.0
2026-03-31 13:15:00,253.0965,253.3763,252.9566,253.2863,287545.0
2026-03-31 13:20:00,253.2963,253.2963,252.9866,253.2764,258079.0
2026-03-31 13:25:00,253.2963,253.3263,252.8368,252.9916,240065.0
2026-03-31 13:30:00,252.9467,253.5161,252.9167,253.4612,235961.0
2026-03-31 13:35:00,253.4662,253.7259,252.4271,252.7518,439415.0
2026-03-31 13:40:00,252.7668,252.9666,252.1574,252.3473,255551.0
2026-03-31 13:45:00,252.3672,252.8767,252.1874,252.8767,228944.0
2026-03-31 13:50:00,252.8867,252.9566,252.577,252.6669,171361.0
2026-03-31 13:55:00,252.6569,252.6569,252.2273,252.3072,238782.0
2026-03-31 14:00:00,252.2973,252.9266,252.2973,252.597,201669.0
2026-03-31 14:05:00,252.607,252.9467,252.547,252.8767,328278.0
2026-03-31 14:10:00,252.8767,252.9666,252.537,252.567,229446.0
2026-03-31 14:15:00,252.587,252.9467,252.532,252.9067,281401.0
2026-03-31 14:20:00,252.9367,252.9766,252.4971,252.6669,260032.0
2026-03-31 14:25:00,252.6669,253.1565,252.5171,252.8967,271409.0
2026-03-31 14:30:00,252.8867,253.0915,252.7868,253.0705,237526.0
2026-03-31 14:35:00,253.0965,253.5461,252.9666,253.4412,235811.0
2026-03-31 14:40:00,253.4312,253.4662,253.1065,253.1665,314120.0
2026-03-31 14:45:00,253.1365,253.5761,253.1315,253.4163,206429.0
2026-03-31 14:50:00,253.4362,253.656,253.4162,253.5561,178599.0
2026-03-31 14:55:00,253.5411,253.706,253.4162,253.5061,241863.0
2026-03-31 15:00:00,253.4961,253.7259,253.4662,253.5661,268539.0
2026-03-31 15:05:00,253.5761,253.586,253.1964,253.3463,264512.0
2026-03-31 15:10:00,253.3363,253.7759,253.2863,253.656,329518.0
2026-03-31 15:15:00,253.6406,253.8958,253.4762,253.5661,440218.0
2026-03-31 15:20:00,253.5761,253.8109,253.4762,253.5061,343250.0
2026-03-31 15:25:00,253.4961,253.5761,253.1864,253.4362,454089.0
2026-03-31 15:30:00,253.4462,253.7459,253.4012,253.4463,692618.0
2026-03-31 15:35:00,253.4362,253.696,253.4062,253.616,378661.0
2026-03-31 15:40:00,253.646,253.8568,253.5961,253.7159,529090.0
2026-03-31 15:45:00,253.706,254.3454,253.656,254.2654,661230.0
2026-03-31 15:50:00,254.2654,255.2445,253.8958,253.9457,1758820.0
2026-03-31 15:55:00,253.9258,253.9757,253.0466,253.5561,2981822.0
