datetime,open,high,low,close,volume
2026-03-02 09:30:00,231.7365,233.1349,230.9926,231.4191,286285.0
2026-03-02 09:35:00,231.4191,232.5596,231.0819,232.391,98778.0
2026-03-02 09:40:00,232.3811,233.72,231.5679,232.9811,213171.0
2026-03-02 09:45:00,233.1448,233.601,232.7381,233.1547,145133.0
2026-03-02 09:50:00,233.2539,233.353,232.52,232.9115,105468.0
2026-03-02 09:55:00,232.9365,233.1745,232.5695,232.9464,78079.0
2026-03-02 10:00:00,232.7877,232.8274,231.8852,232.0538,109351.0
2026-03-02 10:05:00,231.9844,232.8274,231.9051,231.9546,156478.0
2026-03-02 10:10:00,231.9794,231.9794,231.0521,231.2802,54055.0
2026-03-02 10:15:00,231.2307,232.0637,231.1067,231.5827,73646.0
2026-03-02 10:20:00,231.4935,231.548,230.8801,231.0521,39560.0
2026-03-02 10:25:00,231.0422,231.2802,230.4422,230.5364,68565.0
2026-03-02 10:30:00,230.4422,230.6852,230.0604,230.2686,58404.0
2026-03-02 10:35:00,230.2686,230.8835,229.991,230.6703,47741.0
2026-03-02 10:40:00,230.6406,230.8141,229.9909,230.4868,43441.0
2026-03-02 10:45:00,230.4224,230.834,230.4224,230.8042,28009.0
2026-03-02 10:50:00,230.8538,231.5282,230.7546,231.015,58355.0
2026-03-02 10:55:00,231.0819,231.4092,230.9629,231.2802,43504.0
2026-03-02 11:00:00,231.3298,232.391,231.3298,232.2522,43929.0
2026-03-02 11:05:00,232.1065,232.5001,231.9745,232.0637,41310.0
2026-03-02 11:10:00,232.153,232.2125,231.667,231.6918,38481.0
2026-03-02 11:15:00,231.6819,231.8257,231.1514,231.7563,60260.0
2026-03-02 11:20:00,231.7563,231.7563,231.429,231.5728,45762.0
2026-03-02 11:25:00,231.5728,231.6274,230.9877,231.5084,66505.0
2026-03-02 11:30:00,231.4191,231.4786,230.6753,230.9827,31290.0
2026-03-02 11:35:00,231.0422,231.5381,230.9926,231.2158,42488.0
2026-03-02 11:40:00,231.2108,231.3893,230.9926,231.1101,24668.0
2026-03-02 11:45:00,231.0958,231.5479,231.0769,231.3398,37762.0
2026-03-02 11:50:00,231.3943,231.5579,231.0422,231.3348,41135.0
2026-03-02 11:55:00,231.5183,231.9646,231.5183,231.9109,50354.0
2026-03-02 12:00:00,231.7761,231.915,231.4588,231.796,54234.0
2026-03-02 12:05:00,231.8555,231.9199,231.3199,231.3596,61344.0
2026-03-02 12:10:00,231.3199,231.3199,230.9728,231.1464,22364.0
2026-03-02 12:15:00,231.2802,231.548,231.0819,231.2852,26434.0
2026-03-02 12:20:00,231.191,231.3199,230.9728,231.1539,35296.0
2026-03-02 12:25:00,231.0012,231.5673,231.0012,231.4241,21417.0
2026-03-02 12:30:00,231.4241,231.6075,231.0125,231.0819,40027.0
2026-03-02 12:35:00,231.072,231.2505,231.0622,231.0968,18885.0
2026-03-02 12:40:00,231.1017,231.3794,231.0968,231.2505,23471.0
2026-03-02 12:45:00,231.2307,231.2455,230.9926,231.2059,59149.0
2026-03-02 12:50:00,231.2059,231.5852,231.2059,231.4588,29219.0
2026-03-02 12:55:00,231.3893,231.5976,231.3001,231.4786,33889.0
2026-03-02 13:00:00,231.548,231.5877,231.2555,231.3199,25689.0
2026-03-02 13:05:00,231.2505,231.3099,231.1513,231.2307,19397.0
2026-03-02 13:10:00,231.2257,231.3001,230.7268,230.943,29012.0
2026-03-02 13:15:00,230.8539,231.0621,230.5416,230.953,57664.0
2026-03-02 13:20:00,230.9475,230.9475,230.6979,230.9331,17675.0
2026-03-02 13:25:00,230.9232,230.9629,230.829,230.9026,16907.0
2026-03-02 13:30:00,230.8835,231.0521,230.6852,230.9331,62859.0
2026-03-02 13:35:00,230.9827,231.0918,230.8439,231.0621,39291.0
2026-03-02 13:40:00,231.0918,231.2406,230.8042,231.1017,43145.0
2026-03-02 13:45:00,231.0968,231.4191,230.8885,231.3497,32770.0
2026-03-02 13:50:00,231.3794,231.5232,231.2406,231.3993,37518.0
2026-03-02 13:55:00,231.3943,231.4937,231.2505,231.31,28628.0
2026-03-02 14:00:00,231.3001,231.5031,231.2406,231.4107,40045.0
2026-03-02 14:05:00,231.429,231.5431,231.4241,231.5381,27455.0
2026-03-02 14:10:00,231.5381,231.7761,231.3199,231.5282,62086.0
2026-03-02 14:15:00,231.5381,232.0737,231.5381,231.8456,34696.0
2026-03-02 14:20:00,231.8456,232.0637,231.7365,231.8951,23734.0
2026-03-02 14:25:00,231.9596,232.4307,231.9596,232.4208,28217.0
2026-03-02 14:30:00,232.4406,232.5497,232.3117,232.5497,36001.0
2026-03-02 14:35:00,232.5497,232.5497,232.2026,232.2423,53775.0
2026-03-02 14:40:00,232.2423,232.2621,232.0142,232.2423,37990.0
2026-03-02 14:45:00,232.2224,232.3613,232.1927,232.3314,25604.0
2026-03-02 14:50:00,232.2819,232.3426,232.0717,232.2224,29865.0
2026-03-02 14:55:00,232.2224,232.3811,232.0092,232.0637,105436.0
2026-03-02 15:00:00,232.0687,232.3365,232.0637,232.1332,36508.0
2026-03-02 15:05:00,232.034,232.1828,231.5827,231.6968,63349.0
2026-03-02 15:10:00,231.667,231.667,231.1216,231.1761,73170.0
2026-03-02 15:15:00,231.1513,231.6373,231.1414,231.3001,66970.0
2026-03-02 15:20:00,231.2703,231.4191,231.1315,231.3596,38642.0
2026-03-02 15:25:00,231.3794,231.5084,231.1612,231.3993,68194.0
2026-03-02 15:30:00,231.4588,231.5282,231.3001,231.5084,90936.0
2026-03-02 15:35:00,231.4488,231.667,231.439,231.6174,69583.0
2026-03-02 15:40:00,231.6174,231.6869,231.4787,231.6075,125895.0
2026-03-02 15:45:00,231.6075,232.2323,231.5382,232.1233,76800.0
2026-03-02 15:50:00,232.153,232.3216,231.5887,231.9943,203496.0
2026-03-02 15:55:00,231.9894,232.4307,231.9447,232.272,639995.0
2026-03-03 09:30:00,231.4389,233.115,230.0901,232.9464,182207.0
2026-03-03 09:35:00,232.758,232.8076,231.5579,231.7761,99560.0
2026-03-03 09:40:00,231.7761,232.3166,231.191,231.7563,75142.0
2026-03-03 09:45:00,231.7216,231.8654,230.847,231.1116,83227.0
2026-03-03 09:50:00,231.2307,231.2307,229.3562,229.7033,82302.0
2026-03-03 09:55:00,229.7033,230.2191,229.2719,229.4306,98959.0
2026-03-03 10:00:00,229.2174,229.8918,229.1777,229.25,88856.0
2026-03-03 10:05:00,229.2174,229.5546,228.3446,228.6223,55614.0
2026-03-03 10:10:00,228.6223,229.4455,228.3446,229.3612,91492.0
2026-03-03 10:15:00,229.4752,229.978,229.4504,229.5942,65598.0
2026-03-03 10:20:00,229.5942,229.9761,229.257,229.9761,62021.0
2026-03-03 10:25:00,229.8918,230.2389,229.5447,230.1943,72483.0
2026-03-03 10:30:00,230.1992,230.5711,230.0473,230.4224,51278.0
2026-03-03 10:35:00,230.3381,230.8503,229.7232,229.862,80161.0
2026-03-03 10:40:00,229.862,230.1149,229.6934,230.0207,53444.0
2026-03-03 10:45:00,229.9662,230.3083,229.7827,230.0257,56575.0
2026-03-03 10:50:00,229.9513,231.1712,229.7827,231.0869,89267.0
2026-03-03 10:55:00,231.1017,231.3497,230.8042,231.2505,63374.0
2026-03-03 11:00:00,231.2406,231.2505,230.9034,231.1315,72270.0
2026-03-03 11:05:00,231.191,231.31,230.6406,230.7943,67542.0
2026-03-03 11:10:00,230.7844,231.2406,230.6455,231.1811,42653.0
2026-03-03 11:15:00,231.2604,231.3497,230.7348,230.7348,65513.0
2026-03-03 11:20:00,230.6703,230.953,230.5761,230.839,54500.0
2026-03-03 11:25:00,230.8389,230.8488,230.2984,230.5215,67617.0
2026-03-03 11:30:00,230.5215,230.705,229.738,229.9215,50207.0
2026-03-03 11:35:00,229.9364,230.3381,229.8223,230.0554,60536.0
2026-03-03 11:40:00,230.0653,230.2191,229.6835,229.8919,47916.0
2026-03-03 11:45:00,229.9116,230.3381,229.8124,230.1744,39017.0
2026-03-03 11:50:00,230.1695,230.4174,230.0108,230.1496,44704.0
2026-03-03 11:55:00,230.1,230.5261,230.0108,230.0108,34589.0
2026-03-03 12:00:00,229.9314,230.09,229.6439,229.9662,60161.0
2026-03-03 12:05:00,230.0009,230.3083,229.8124,230.1496,40103.0
2026-03-03 12:10:00,230.1496,230.8141,230.1496,230.8141,35626.0
2026-03-03 12:15:00,230.8141,231.3298,230.6951,231.2505,35151.0
2026-03-03 12:20:00,231.2505,231.3398,231.0323,231.305,31507.0
2026-03-03 12:25:00,231.2654,231.3794,231.1612,231.3546,37445.0
2026-03-03 12:30:00,231.3298,231.5416,230.9164,231.1612,43467.0
2026-03-03 12:35:00,231.0968,231.2307,230.9728,231.0224,27737.0
2026-03-03 12:40:00,231.1116,231.677,231.0422,231.5976,36557.0
2026-03-03 12:45:00,231.5976,231.5976,231.2108,231.315,34490.0
2026-03-03 12:50:00,231.2703,231.3596,230.8191,231.0918,34400.0
2026-03-03 12:55:00,231.0521,231.6571,230.9827,231.6075,37000.0
2026-03-03 13:00:00,231.5579,231.7166,231.3993,231.5084,52317.0
2026-03-03 13:05:00,231.548,231.7563,231.4885,231.6323,44697.0
2026-03-03 13:10:00,231.6789,231.6789,231.1315,231.1761,33714.0
2026-03-03 13:15:00,231.1216,231.5876,231.0224,231.4984,38434.0
2026-03-03 13:20:00,231.4687,231.6224,231.186,231.3596,31025.0
2026-03-03 13:25:00,231.4588,231.5877,231.2703,231.5753,36210.0
2026-03-03 13:30:00,231.5728,231.9546,231.5382,231.5778,52111.0
2026-03-03 13:35:00,231.667,231.9001,231.4984,231.7662,36349.0
2026-03-03 13:40:00,231.7365,231.9844,231.4637,231.5232,64377.0
2026-03-03 13:45:00,231.5679,231.6819,231.3993,231.6819,42331.0
2026-03-03 13:50:00,231.7166,232.2323,231.5778,231.786,102279.0
2026-03-03 13:55:00,231.8555,232.0142,231.6472,231.6472,21089.0
2026-03-03 14:00:00,231.6968,231.796,231.3001,231.4042,38061.0
2026-03-03 14:05:00,231.4191,231.5084,231.2703,231.3298,39213.0
2026-03-03 14:10:00,231.3695,231.8059,231.3298,231.7365,28971.0
2026-03-03 14:15:00,231.7365,231.8555,231.6373,231.7414,22408.0
2026-03-03 14:20:00,231.7414,232.2621,231.725,232.1778,46578.0
2026-03-03 14:25:00,232.1778,232.1927,231.9497,231.9745,36438.0
2026-03-03 14:30:00,231.9051,231.9051,231.5878,231.6621,43316.0
2026-03-03 14:35:00,231.6075,232.2026,231.4787,232.0191,47479.0
2026-03-03 14:40:00,232.0935,232.6489,232.0885,232.6291,57788.0
2026-03-03 14:45:00,232.5993,232.6588,232.4158,232.6489,52792.0
2026-03-03 14:50:00,232.634,233.0258,232.634,233.0258,99261.0
2026-03-03 14:55:00,233.0258,233.3165,233.0158,233.2737,100446.0
2026-03-03 15:00:00,233.2787,233.4125,233.1052,233.1894,76012.0
2026-03-03 15:05:00,233.1844,233.6506,233.1448,233.6407,76503.0
2026-03-03 15:10:00,233.6506,233.7696,233.3431,233.3778,75070.0
2026-03-03 15:15:00,233.3679,233.5018,233.1646,233.2539,74350.0
2026-03-03 15:20:00,233.3233,233.4473,233.2124,233.2935,59592.0
2026-03-03 15:25:00,233.2737,233.3382,233.1745,233.2241,71188.0
2026-03-03 15:30:00,233.1944,233.2043,233.0853,233.1349,79042.0
2026-03-03 15:35:00,233.1646,233.2439,232.7927,232.7927,94624.0
2026-03-03 15:40:00,232.8472,232.8671,231.8406,231.8852,108312.0
2026-03-03 15:45:00,231.7613,232.4307,231.6968,232.1828,110111.0
2026-03-03 15:50:00,232.2125,232.4406,231.7662,231.8257,114187.0
2026-03-03 15:55:00,231.8753,231.9745,231.2108,231.9348,399560.0
2026-03-04 09:30:00,231.6373,232.0737,230.1665,231.667,192455.0
2026-03-04 09:35:00,231.6571,232.1233,230.705,231.8257,89685.0
2026-03-04 09:40:00,231.8646,231.8753,231.072,231.2406,62161.0
2026-03-04 09:45:00,231.3497,231.3794,230.4422,231.067,51167.0
2026-03-04 09:50:00,231.0026,231.8951,230.7844,231.4191,101917.0
2026-03-04 09:55:00,231.2009,231.4389,230.829,231.2604,41372.0
2026-03-04 10:00:00,231.2505,231.6472,230.4472,230.5463,96188.0
2026-03-04 10:05:00,230.3481,231.3695,230.2786,231.2654,79171.0
2026-03-04 10:10:00,231.2654,231.6174,230.9133,230.9133,77689.0
2026-03-04 10:15:00,231.0621,231.672,230.8935,231.4885,57644.0
2026-03-04 10:20:00,231.5976,231.796,231.4786,231.6621,54731.0
2026-03-04 10:25:00,231.6174,231.9051,231.3546,231.9051,47649.0
2026-03-04 10:30:00,231.8803,232.3712,231.8257,232.2423,64317.0
2026-03-04 10:35:00,232.2076,232.4505,231.9348,232.0092,61575.0
2026-03-04 10:40:00,231.9348,232.2423,231.4191,232.2224,59750.0
2026-03-04 10:45:00,232.1976,232.6191,231.9943,232.51,55595.0
2026-03-04 10:50:00,232.5596,233.1596,232.4803,233.0952,86909.0
2026-03-04 10:55:00,233.115,233.9456,233.0456,233.8876,65226.0
2026-03-04 11:00:00,233.8688,234.1365,233.6605,233.7894,112703.0
2026-03-04 11:05:00,233.7465,233.8402,233.3778,233.5415,31626.0
2026-03-04 11:10:00,233.5514,233.682,233.2291,233.682,40685.0
2026-03-04 11:15:00,233.5068,233.6901,232.8026,232.8274,51265.0
2026-03-04 11:20:00,232.7828,233.1596,232.5993,232.5993,69001.0
2026-03-04 11:25:00,232.6588,232.8621,232.4307,232.5993,38824.0
2026-03-04 11:30:00,232.6092,233.3035,232.5646,232.9415,70179.0
2026-03-04 11:35:00,232.9365,232.9365,232.3414,232.3861,51334.0
2026-03-04 11:40:00,232.3018,233.2142,232.3018,233.2043,38090.0
2026-03-04 11:45:00,233.2192,233.363,232.7877,232.8373,57289.0
2026-03-04 11:50:00,232.9786,233.1448,232.7877,232.9018,36631.0
2026-03-04 11:55:00,232.8572,232.877,232.5398,232.6538,52200.0
2026-03-04 12:00:00,232.6538,233.1646,232.5894,232.9464,62409.0
2026-03-04 12:05:00,232.8869,232.9365,232.4505,232.4952,20365.0
2026-03-04 12:10:00,232.4605,232.7778,232.4605,232.5894,48630.0
2026-03-04 12:15:00,232.6986,232.7978,232.4605,232.7282,27732.0
2026-03-04 12:20:00,232.7282,232.8274,232.5547,232.7877,33718.0
2026-03-04 12:25:00,232.7481,233.0704,232.6588,232.6588,34577.0
2026-03-04 12:30:00,232.5795,232.9266,232.4307,232.6886,45116.0
2026-03-04 12:35:00,232.7629,233.1374,232.6422,233.0753,38569.0
2026-03-04 12:40:00,233.0506,233.1646,232.9167,232.9955,38130.0
2026-03-04 12:45:00,233.0654,233.0952,232.6786,232.7977,32995.0
2026-03-04 12:50:00,232.7481,233.1591,232.7481,233.1001,21501.0
2026-03-04 12:55:00,233.0358,233.0358,232.8671,233.0158,22830.0
2026-03-04 13:00:00,233.0208,233.1844,232.8572,232.8919,33035.0
2026-03-04 13:05:00,232.9018,233.2043,232.7977,233.2043,19738.0
2026-03-04 13:10:00,233.2142,233.2142,232.9861,233.0258,22676.0
2026-03-04 13:15:00,232.9663,233.2985,232.9563,233.2836,29617.0
2026-03-04 13:20:00,233.1844,233.4076,233.1249,233.4076,22713.0
2026-03-04 13:25:00,233.3828,233.8554,233.3035,233.8554,36775.0
2026-03-04 13:30:00,233.849,233.9878,233.7398,233.9283,39427.0
2026-03-04 13:35:00,233.9366,233.9878,233.8192,233.958,35945.0
2026-03-04 13:40:00,233.9283,234.196,233.8886,234.1068,39330.0
2026-03-04 13:45:00,234.1762,234.3845,234.0969,234.2952,37361.0
2026-03-04 13:50:00,234.2754,234.3646,233.9283,234.0572,30816.0
2026-03-04 13:55:00,234.0423,234.1167,233.7299,234.0572,58464.0
2026-03-04 14:00:00,234.0374,234.0622,233.5226,233.5226,33156.0
2026-03-04 14:05:00,233.5216,233.6109,233.2886,233.3035,38754.0
2026-03-04 14:10:00,233.3035,233.6902,233.1844,233.5911,29752.0
2026-03-04 14:15:00,233.596,233.6605,233.3035,233.4557,28502.0
2026-03-04 14:20:00,233.3234,233.601,233.3035,233.3233,33884.0
2026-03-04 14:25:00,233.3828,233.4621,233.1844,233.4125,53476.0
2026-03-04 14:30:00,233.3729,233.7497,233.3729,233.7299,37595.0
2026-03-04 14:35:00,233.7398,233.9183,233.6456,233.7225,42492.0
2026-03-04 14:40:00,233.6803,233.9283,233.6803,233.7795,34250.0
2026-03-04 14:45:00,233.7849,234.0274,233.7002,233.7002,38108.0
2026-03-04 14:50:00,233.7894,233.8985,233.6654,233.8192,27730.0
2026-03-04 14:55:00,233.8489,234.2456,233.7795,234.2208,58519.0
2026-03-04 15:00:00,234.2208,234.5928,234.2208,234.4167,56192.0
2026-03-04 15:05:00,234.444,234.444,234.077,234.2655,45452.0
2026-03-04 15:10:00,234.2903,234.5034,234.0572,234.0572,65237.0
2026-03-04 15:15:00,234.0572,234.3646,233.9284,234.0225,54028.0
2026-03-04 15:20:00,233.9382,234.0225,233.839,233.9779,50971.0
2026-03-04 15:25:00,233.958,234.0671,233.6506,234.0374,59362.0
2026-03-04 15:30:00,234.0473,234.3994,233.9382,234.2456,70105.0
2026-03-04 15:35:00,234.206,234.3746,234.0375,234.3746,83078.0
2026-03-04 15:40:00,234.3349,234.6523,234.3349,234.5432,60043.0
2026-03-04 15:45:00,234.5035,235.1581,234.3696,235.1184,95385.0
2026-03-04 15:50:00,235.0886,235.0886,234.2407,234.4638,137884.0
2026-03-04 15:55:00,234.4242,234.6919,233.839,234.1663,371910.0
2026-03-05 09:30:00,231.4984,232.8671,231.0075,231.7464,159404.0
2026-03-05 09:35:00,231.7464,231.9348,229.9414,230.1199,109921.0
2026-03-05 09:40:00,230.222,230.4447,229.0934,229.629,82744.0
2026-03-05 09:45:00,229.9612,230.5166,229.0835,229.0835,94889.0
2026-03-05 09:50:00,229.138,229.3562,228.4735,228.6025,56362.0
2026-03-05 09:55:00,228.6025,230.1992,228.5727,230.0802,55783.0
2026-03-05 10:00:00,230.2587,231.124,230.0703,230.4174,110130.0
2026-03-05 10:05:00,230.3579,230.8835,229.9017,230.8587,98898.0
2026-03-05 10:10:00,230.8587,231.6968,230.8538,231.4786,161512.0
2026-03-05 10:15:00,231.4637,231.4637,230.348,230.5166,76464.0
2026-03-05 10:20:00,230.5116,230.5116,228.6223,228.9664,106065.0
2026-03-05 10:25:00,229.0934,229.6785,228.8405,229.6537,69599.0
2026-03-05 10:30:00,229.6537,230.953,229.6537,230.705,78739.0
2026-03-05 10:35:00,230.7695,231.1216,230.472,230.9006,73875.0
2026-03-05 10:40:00,231.0026,231.0125,230.2538,230.586,59319.0
2026-03-05 10:45:00,230.5364,231.1017,230.5266,230.7695,69251.0
2026-03-05 10:50:00,230.953,230.9976,230.1298,230.1943,65191.0
2026-03-05 10:55:00,230.1298,230.4372,229.3364,230.0009,99041.0
2026-03-05 11:00:00,230.0405,230.3877,229.2422,229.4256,46352.0
2026-03-05 11:05:00,229.3711,229.4703,228.9099,229.3017,91698.0
2026-03-05 11:10:00,229.3017,229.6835,228.8455,229.1876,195597.0
2026-03-05 11:15:00,229.1975,229.6537,229.138,229.5744,42459.0
2026-03-05 11:20:00,229.5496,229.7133,229.1975,229.3513,67349.0
2026-03-05 11:25:00,229.386,229.4951,228.6322,228.6322,100878.0
2026-03-05 11:30:00,228.6223,228.6223,227.3281,227.4719,74332.0
2026-03-05 11:35:00,227.3826,227.9677,227.2834,227.4322,61280.0
2026-03-05 11:40:00,227.4223,227.581,226.6388,226.6884,101565.0
2026-03-05 11:45:00,226.6189,227.0752,226.5098,227.0752,68494.0
2026-03-05 11:50:00,227.0454,227.1545,226.5098,226.9611,68888.0
2026-03-05 11:55:00,226.9859,227.6504,226.9859,227.457,53099.0
2026-03-05 12:00:00,227.457,227.5512,226.7776,227.09,48289.0
2026-03-05 12:05:00,227.09,227.6206,227.0057,227.576,66072.0
2026-03-05 12:10:00,227.5413,227.5413,226.9165,227.0355,64434.0
2026-03-05 12:15:00,227.0851,227.9975,227.0851,227.2338,74323.0
2026-03-05 12:20:00,227.209,227.4564,226.3611,226.6437,49403.0
2026-03-05 12:25:00,226.5495,227.1049,226.1231,227.0801,111179.0
2026-03-05 12:30:00,227.0752,227.1942,226.5694,226.976,67971.0
2026-03-05 12:35:00,227.0107,227.9677,226.9561,227.576,208768.0
2026-03-05 12:40:00,227.576,227.819,227.2239,227.7719,31914.0
2026-03-05 12:45:00,227.7892,227.8586,227.3776,227.3776,55388.0
2026-03-05 12:50:00,227.3776,227.7991,227.3776,227.5214,43913.0
2026-03-05 12:55:00,227.4619,227.819,227.2685,227.3925,47949.0
2026-03-05 13:00:00,227.457,227.6107,227.214,227.214,42021.0
2026-03-05 13:05:00,227.2685,227.5413,226.9859,227.4917,66792.0
2026-03-05 13:10:00,227.581,227.6355,227.219,227.5512,33008.0
2026-03-05 13:15:00,227.5413,227.5413,227.09,227.2438,39917.0
2026-03-05 13:20:00,227.3132,227.9677,227.2685,227.7694,44103.0
2026-03-05 13:25:00,227.8388,227.9876,227.5512,227.6305,39566.0
2026-03-05 13:30:00,227.69,227.8611,227.3925,227.8091,34576.0
2026-03-05 13:35:00,227.8091,228.4835,227.7694,228.4835,30185.0
2026-03-05 13:40:00,228.4835,228.7711,228.4835,228.6025,37886.0
2026-03-05 13:45:00,228.5727,228.5926,228.1859,228.2653,30299.0
2026-03-05 13:50:00,228.2653,228.4834,227.8547,228.4834,44906.0
2026-03-05 13:55:00,228.4537,228.4636,227.9529,227.9677,73355.0
2026-03-05 14:00:00,227.9677,227.9777,226.4007,226.7578,105214.0
2026-03-05 14:05:00,226.8074,227.3776,226.7429,227.1396,78084.0
2026-03-05 14:10:00,227.1396,227.7297,226.9958,227.7297,42209.0
2026-03-05 14:15:00,227.6305,228.1066,227.6107,228.1066,42751.0
2026-03-05 14:20:00,228.062,228.1958,227.5611,227.5611,68024.0
2026-03-05 14:25:00,227.5611,227.6702,227.2735,227.2735,49245.0
2026-03-05 14:30:00,227.2735,227.3628,227.0256,227.2685,57848.0
2026-03-05 14:35:00,227.2041,227.6504,227.1247,227.6504,35717.0
2026-03-05 14:40:00,227.5909,227.7547,227.5165,227.69,46466.0
2026-03-05 14:45:00,227.7037,227.7037,227.3925,227.6008,44376.0
2026-03-05 14:50:00,227.5958,228.0967,227.5016,228.0372,54848.0
2026-03-05 14:55:00,228.0669,228.1314,227.8091,228.1314,58944.0
2026-03-05 15:00:00,228.1066,228.3446,227.9578,228.2702,98461.0
2026-03-05 15:05:00,228.2355,228.8675,228.2157,228.7438,110054.0
2026-03-05 15:10:00,228.7116,229.1182,228.7018,229.1033,78886.0
2026-03-05 15:15:00,229.1083,229.4752,229.019,229.4356,157408.0
2026-03-05 15:20:00,229.4356,229.5942,229.1727,229.4951,74841.0
2026-03-05 15:25:00,229.4951,230.0505,229.4256,229.4752,97484.0
2026-03-05 15:30:00,229.4356,229.8819,229.4157,229.8025,85570.0
2026-03-05 15:35:00,229.8025,230.229,229.6488,229.6488,119434.0
2026-03-05 15:40:00,229.7331,229.9909,229.5645,229.9066,85648.0
2026-03-05 15:45:00,229.9711,230.0604,229.4554,229.7133,132546.0
2026-03-05 15:50:00,229.6637,230.0455,229.2273,229.7628,218271.0
2026-03-05 15:55:00,229.7083,230.467,229.6141,230.2488,672937.0
2026-03-06 09:30:00,228.4636,229.6934,226.8322,227.3033,165706.0
2026-03-06 09:35:00,227.3082,227.7198,226.1231,226.9313,106741.0
2026-03-06 09:40:00,227.0057,227.8091,226.309,226.4206,75880.0
2026-03-06 09:45:00,226.4206,227.2239,225.6768,227.1842,95135.0
2026-03-06 09:50:00,227.095,227.3528,225.2801,225.7065,117027.0
2026-03-06 09:55:00,225.7759,225.9049,224.9329,225.6867,79478.0
2026-03-06 10:00:00,225.766,226.366,225.5528,226.2421,91888.0
2026-03-06 10:05:00,226.2222,226.6685,225.9049,226.3214,60601.0
2026-03-06 10:10:00,226.2371,226.3908,225.7462,225.8503,47064.0
2026-03-06 10:15:00,226.0338,226.9736,225.528,226.6437,78102.0
2026-03-06 10:20:00,226.6338,227.3013,226.619,227.214,48637.0
2026-03-06 10:25:00,227.214,227.2834,226.8669,227.1446,48386.0
2026-03-06 10:30:00,227.1446,227.1446,226.5297,226.9016,66504.0
2026-03-06 10:35:00,226.9016,227.3231,226.9016,227.1743,54682.0
2026-03-06 10:40:00,227.1842,227.3231,226.852,227.0355,33141.0
2026-03-06 10:45:00,227.0454,227.2537,226.8074,226.9512,38314.0
2026-03-06 10:50:00,226.8867,226.9413,226.5495,226.7975,37895.0
2026-03-06 10:55:00,226.9363,227.1545,226.7181,226.852,40979.0
2026-03-06 11:00:00,226.847,227.3132,226.8074,227.2289,30996.0
2026-03-06 11:05:00,227.2388,227.5165,227.0107,227.0851,43470.0
2026-03-06 11:10:00,227.1892,227.2338,226.6784,226.8371,26239.0
2026-03-06 11:15:00,226.8272,227.1247,226.6289,227.0652,35637.0
2026-03-06 11:20:00,226.9859,227.0652,226.6784,227.0008,29744.0
2026-03-06 11:25:00,227.0454,227.1347,226.3512,226.5644,29622.0
2026-03-06 11:30:00,226.4751,226.5495,226.0834,226.3016,44906.0
2026-03-06 11:35:00,226.3016,226.7677,226.2024,226.7677,53892.0
2026-03-06 11:40:00,226.8074,226.9363,226.5198,226.8421,63330.0
2026-03-06 11:45:00,226.816,227.1148,226.738,226.7975,40144.0
2026-03-06 11:50:00,226.7975,227.1347,226.376,226.4355,54637.0
2026-03-06 11:55:00,226.4057,226.7875,226.3016,226.4603,40783.0
2026-03-06 12:00:00,226.4652,226.6338,226.1925,226.5346,39459.0
2026-03-06 12:05:00,226.5396,226.7181,226.2421,226.6586,46282.0
2026-03-06 12:10:00,226.7181,227.0801,226.609,226.6437,78056.0
2026-03-06 12:15:00,226.6091,226.7975,226.4603,226.5793,41980.0
2026-03-06 12:20:00,226.609,226.6983,226.3313,226.5594,76306.0
2026-03-06 12:25:00,226.5694,226.5694,226.1925,226.2619,40708.0
2026-03-06 12:30:00,226.2619,226.6784,226.2371,226.6189,27520.0
2026-03-06 12:35:00,226.6487,226.8589,226.3313,226.7826,64788.0
2026-03-06 12:40:00,226.7776,226.8272,226.6983,226.7627,29997.0
2026-03-06 12:45:00,226.6983,226.847,226.5793,226.8322,17752.0
2026-03-06 12:50:00,226.8173,226.9661,226.4007,226.4702,22843.0
2026-03-06 12:55:00,226.3958,226.6289,226.3859,226.5297,16840.0
2026-03-06 13:00:00,226.4702,227.1545,226.4404,227.0851,37617.0
2026-03-06 13:05:00,227.0504,227.3082,226.9958,227.1446,40163.0
2026-03-06 13:10:00,227.1148,227.4719,227.0504,227.4719,30751.0
2026-03-06 13:15:00,227.4223,227.5709,227.1148,227.1148,46942.0
2026-03-06 13:20:00,227.095,227.1446,226.8768,227.1446,47113.0
2026-03-06 13:25:00,227.0355,227.6801,226.9958,227.6057,32658.0
2026-03-06 13:30:00,227.5909,227.6405,226.9958,227.095,65250.0
2026-03-06 13:35:00,227.0355,227.1842,226.9165,227.1049,37290.0
2026-03-06 13:40:00,227.1049,227.1743,226.8669,227.0156,21366.0
2026-03-06 13:45:00,227.0156,227.3528,226.976,227.2685,25618.0
2026-03-06 13:50:00,227.2685,227.3727,227.0355,227.2041,38240.0
2026-03-06 13:55:00,227.3132,227.4024,227.2537,227.4024,35166.0
2026-03-06 14:00:00,227.3628,227.576,227.2834,227.3231,35273.0
2026-03-06 14:05:00,227.3132,227.7297,227.214,227.7297,37746.0
2026-03-06 14:10:00,227.7297,227.9281,227.6305,227.6305,35105.0
2026-03-06 14:15:00,227.6801,227.9975,227.6057,227.9182,26116.0
2026-03-06 14:20:00,227.9182,228.295,227.8884,228.0272,27819.0
2026-03-06 14:25:00,227.9281,228.3843,227.8289,228.2306,26639.0
2026-03-06 14:30:00,228.3248,228.5628,228.267,228.4094,28287.0
2026-03-06 14:35:00,228.2851,228.7511,228.2851,228.7413,31114.0
2026-03-06 14:40:00,228.7512,229.0289,228.6719,228.8207,45874.0
2026-03-06 14:45:00,228.8207,228.9099,228.6372,228.8306,28508.0
2026-03-06 14:50:00,228.7512,228.9793,228.7017,228.962,32067.0
2026-03-06 14:55:00,228.9694,228.9893,228.7216,228.9099,20935.0
2026-03-06 15:00:00,228.9496,229.257,228.9496,229.0289,47399.0
2026-03-06 15:05:00,229.0686,229.1678,228.8306,228.9595,59260.0
2026-03-06 15:10:00,228.9595,229.0587,228.8653,228.9149,63930.0
2026-03-06 15:15:00,228.9149,229.2868,228.8207,229.1182,49511.0
2026-03-06 15:20:00,229.1727,229.4851,229.1083,229.4306,89645.0
2026-03-06 15:25:00,229.4256,229.4554,228.7165,228.8479,59701.0
2026-03-06 15:30:00,228.8157,229.2075,228.5727,228.6917,77383.0
2026-03-06 15:35:00,228.6421,228.8256,228.4041,228.8132,85023.0
2026-03-06 15:40:00,228.8207,228.9932,228.6421,228.6521,70096.0
2026-03-06 15:45:00,228.6521,229.0984,228.6521,228.9446,94269.0
2026-03-06 15:50:00,228.9992,229.0884,228.3149,228.3347,174839.0
2026-03-06 15:55:00,228.3347,228.5926,228.0868,228.1463,488239.0
2026-03-09 09:30:00,228.0768,228.776,225.4139,225.5577,477329.0
2026-03-09 09:35:00,225.5478,227.4322,224.8338,227.0652,138502.0
2026-03-09 09:40:00,227.1115,228.4636,226.9462,228.0868,86646.0
2026-03-09 09:45:00,228.0173,228.0173,226.8669,227.4719,86613.0
2026-03-09 09:50:00,227.5512,227.9281,227.2338,227.2438,54774.0
2026-03-09 09:55:00,227.2685,227.8091,226.9363,227.219,61361.0
2026-03-09 10:00:00,227.214,227.214,225.6668,225.8007,51351.0
2026-03-09 10:05:00,225.7958,225.9644,224.5858,225.0569,73594.0
2026-03-09 10:10:00,225.1907,225.8156,225.0792,225.5478,52966.0
2026-03-09 10:15:00,225.5379,225.7263,224.1395,224.1395,77092.0
2026-03-09 10:20:00,224.08,224.3974,223.594,223.7676,84120.0
2026-03-09 10:25:00,223.7726,223.9511,222.8403,222.9692,92317.0
2026-03-09 10:30:00,223.0238,223.2172,222.5428,222.9742,83677.0
2026-03-09 10:35:00,222.9742,222.9742,221.9775,222.1014,80378.0
2026-03-09 10:40:00,222.1014,222.3841,221.3923,221.794,91003.0
2026-03-09 10:45:00,221.794,222.2155,221.5435,221.8287,95538.0
2026-03-09 10:50:00,221.8287,222.1361,221.4419,222.1262,80708.0
2026-03-09 10:55:00,222.0668,222.5527,221.7097,222.513,141573.0
2026-03-09 11:00:00,222.5031,222.9891,221.9874,222.88,89665.0
2026-03-09 11:05:00,222.9395,224.1792,222.88,224.1296,98772.0
2026-03-09 11:10:00,224.1098,224.318,223.5995,223.7874,136434.0
2026-03-09 11:15:00,223.7478,223.8023,223.0388,223.4899,104939.0
2026-03-09 11:20:00,223.4899,224.1295,223.1081,224.0007,39857.0
2026-03-09 11:25:00,223.9511,224.3875,223.8916,223.9015,74448.0
2026-03-09 11:30:00,223.9015,223.9759,223.1775,223.2469,76797.0
2026-03-09 11:35:00,223.1478,223.3659,222.8502,222.875,52131.0
2026-03-09 11:40:00,222.875,224.2486,222.875,223.8073,82571.0
2026-03-09 11:45:00,223.7031,224.5858,223.1676,224.4618,70313.0
2026-03-09 11:50:00,224.5362,224.7693,224.2486,224.7247,52784.0
2026-03-09 11:55:00,224.7594,225.1114,224.6572,224.8139,37521.0
2026-03-09 12:00:00,224.8933,224.8933,224.2337,224.3379,39403.0
2026-03-09 12:05:00,224.3577,224.4569,223.4254,223.4403,86388.0
2026-03-09 12:10:00,223.4354,223.6337,223.1577,223.1634,34194.0
2026-03-09 12:15:00,223.118,223.6833,223.1081,223.6734,66969.0
2026-03-09 12:20:00,223.6734,225.0123,223.3659,224.8536,105675.0
2026-03-09 12:25:00,224.9081,225.0024,224.2585,224.3875,32514.0
2026-03-09 12:30:00,224.4668,224.7842,224.0731,224.7842,34474.0
2026-03-09 12:35:00,224.7346,224.7941,224.1395,224.2189,28427.0
2026-03-09 12:40:00,224.199,224.9528,224.0403,224.9528,40346.0
2026-03-09 12:45:00,224.9032,225.2998,224.7495,225.2518,32358.0
2026-03-09 12:50:00,225.171,225.3098,224.7643,224.9329,86601.0
2026-03-09 12:55:00,224.8982,225.0916,224.7346,224.7346,42789.0
2026-03-09 13:00:00,224.7867,224.981,224.5213,224.9528,38779.0
2026-03-09 13:05:00,224.8486,224.8486,224.2486,224.2784,38010.0
2026-03-09 13:10:00,224.1792,224.3081,223.8916,224.0701,34629.0
2026-03-09 13:15:00,224.0701,224.0701,223.3992,223.6931,31837.0
2026-03-09 13:20:00,223.6139,223.7031,223.2811,223.4106,28031.0
2026-03-09 13:25:00,223.2965,223.356,222.7015,223.237,118997.0
2026-03-09 13:30:00,223.2668,224.3825,223.1279,224.2883,86407.0
2026-03-09 13:35:00,224.2883,224.442,223.5643,223.718,65395.0
2026-03-09 13:40:00,223.6932,223.8023,223.5742,223.6337,20417.0
2026-03-09 13:45:00,223.6536,223.6536,223.2668,223.2668,24746.0
2026-03-09 13:50:00,223.2717,223.4056,223.1527,223.2668,26850.0
2026-03-09 13:55:00,223.2965,223.3362,223.0188,223.1279,35349.0
2026-03-09 14:00:00,223.1279,223.3164,223.0586,223.294,30089.0
2026-03-09 14:05:00,223.3089,223.594,223.1478,223.5345,53531.0
2026-03-09 14:10:00,223.5245,223.718,223.3071,223.6139,30456.0
2026-03-09 14:15:00,223.6139,223.9114,223.5345,223.8618,28397.0
2026-03-09 14:20:00,223.7428,224.2288,223.7428,223.7825,65613.0
2026-03-09 14:25:00,223.8618,224.4966,223.7726,224.4494,58495.0
2026-03-09 14:30:00,224.3478,224.5263,224.0812,224.4966,49197.0
2026-03-09 14:35:00,224.4271,224.5263,224.2784,224.3379,24868.0
2026-03-09 14:40:00,224.2883,224.5164,224.1793,224.5164,26767.0
2026-03-09 14:45:00,224.5065,224.8338,224.3091,224.7197,48381.0
2026-03-09 14:50:00,224.7147,224.9329,224.6255,224.8536,28468.0
2026-03-09 14:55:00,224.7941,224.8536,224.318,224.5362,46232.0
2026-03-09 15:00:00,224.4718,224.5174,224.2784,224.4073,30739.0
2026-03-09 15:05:00,224.3974,224.5065,223.9511,224.0007,38036.0
2026-03-09 15:10:00,224.0732,224.2089,223.6636,223.8122,63076.0
2026-03-09 15:15:00,223.7726,224.3825,223.6635,224.3825,57926.0
2026-03-09 15:20:00,224.2387,224.6552,224.1693,224.4172,65277.0
2026-03-09 15:25:00,224.4866,225.5577,224.3379,225.4834,68813.0
2026-03-09 15:30:00,225.5131,225.9148,225.2801,225.9148,83857.0
2026-03-09 15:35:00,225.9545,226.1726,225.647,226.1627,94278.0
2026-03-09 15:40:00,226.1231,226.4206,225.9941,226.3065,133925.0
2026-03-09 15:45:00,226.2817,226.5098,225.9843,226.0784,126389.0
2026-03-09 15:50:00,226.0784,226.1627,225.4586,225.4982,164674.0
2026-03-09 15:55:00,225.4883,226.1131,225.4387,225.6073,447881.0
2026-03-10 09:30:00,225.7859,228.1562,225.7759,227.8934,203779.0
2026-03-10 09:35:00,227.7793,228.7116,227.6008,228.7116,68951.0
2026-03-10 09:40:00,228.7215,229.3612,228.1363,229.0389,94542.0
2026-03-10 09:45:00,229.0884,229.0884,228.1066,228.3942,94227.0
2026-03-10 09:50:00,228.2653,228.5926,227.0851,227.1148,58831.0
2026-03-10 09:55:00,227.214,227.3826,226.5594,226.7479,76918.0
2026-03-10 10:00:00,226.7082,226.9066,226.2272,226.2272,98681.0
2026-03-10 10:05:00,226.2321,226.9157,225.528,225.5776,93051.0
2026-03-10 10:10:00,225.5974,225.6966,224.6453,225.1214,106280.0
2026-03-10 10:15:00,225.2503,225.9941,224.9825,225.8455,52241.0
2026-03-10 10:20:00,225.8454,226.3908,225.8454,226.2569,36509.0
2026-03-10 10:25:00,226.252,226.371,226.0288,226.1776,53870.0
2026-03-10 10:30:00,226.1999,227.0514,226.0735,226.9909,90284.0
2026-03-10 10:35:00,226.9909,227.3231,226.9165,227.2735,96280.0
2026-03-10 10:40:00,227.1446,227.2438,226.4702,226.4702,66482.0
2026-03-10 10:45:00,226.5297,226.609,225.8255,225.9842,84327.0
2026-03-10 10:50:00,225.9049,226.1726,225.5726,226.0983,47251.0
2026-03-10 10:55:00,226.1181,226.2222,225.7065,225.7065,44094.0
2026-03-10 11:00:00,225.7065,225.7363,225.1313,225.3296,61867.0
2026-03-10 11:05:00,225.3396,225.8552,225.3396,225.7261,40244.0
2026-03-10 11:10:00,225.7363,226.0493,225.5776,225.652,43156.0
2026-03-10 11:15:00,225.642,225.8057,225.4189,225.4189,56110.0
2026-03-10 11:20:00,225.4685,225.7859,225.3891,225.6108,65705.0
2026-03-10 11:25:00,225.4685,225.4685,225.042,225.4288,62750.0
2026-03-10 11:30:00,225.3891,225.6271,224.9131,225.3594,58436.0
2026-03-10 11:35:00,225.4239,225.6371,225.3197,225.5974,25967.0
2026-03-10 11:40:00,225.6966,225.9644,225.6569,225.8853,40166.0
2026-03-10 11:45:00,225.766,226.0933,225.7462,226.0487,44565.0
2026-03-10 11:50:00,226.1131,226.2321,225.6768,225.6768,40385.0
2026-03-10 11:55:00,225.6668,225.6668,225.2503,225.432,33876.0
2026-03-10 12:00:00,225.5032,225.7164,225.2255,225.2801,51640.0
2026-03-10 12:05:00,225.2701,225.285,224.9528,225.1511,44697.0
2026-03-10 12:10:00,225.1561,225.5379,225.0718,225.1015,49993.0
2026-03-10 12:15:00,225.0916,225.3594,224.8338,225.2602,43157.0
2026-03-10 12:20:00,225.2553,225.409,225.161,225.29,32054.0
2026-03-10 12:25:00,225.2701,225.6371,225.2205,225.3048,30613.0
2026-03-10 12:30:00,225.3296,225.3693,225.0321,225.2701,28874.0
2026-03-10 12:35:00,225.3693,226.2024,225.3296,226.004,78425.0
2026-03-10 12:40:00,225.9892,226.1032,225.7462,225.9049,36924.0
2026-03-10 12:45:00,225.885,226.0039,225.5875,225.7958,59524.0
2026-03-10 12:50:00,225.8751,226.6537,225.8137,226.2024,116741.0
2026-03-10 12:55:00,226.2817,226.4998,226.0983,226.1974,30514.0
2026-03-10 13:00:00,226.1974,226.6289,226.1231,226.6289,37370.0
2026-03-10 13:05:00,226.6264,226.9164,226.5297,226.7677,31413.0
2026-03-10 13:10:00,226.728,226.7578,226.4999,226.5991,38958.0
2026-03-10 13:15:00,226.5991,226.7181,226.4702,226.6189,44582.0
2026-03-10 13:20:00,226.6725,226.7704,226.1231,226.2514,49624.0
2026-03-10 13:25:00,226.2321,226.4206,226.1231,226.247,54554.0
2026-03-10 13:30:00,226.2024,226.252,225.9941,226.0437,31198.0
2026-03-10 13:35:00,226.0536,226.3016,226.004,226.2024,39811.0
2026-03-10 13:40:00,226.1925,226.4206,226.1726,226.2768,44476.0
2026-03-10 13:45:00,226.3214,226.4454,226.0735,226.2123,48930.0
2026-03-10 13:50:00,226.2411,226.2917,225.8553,226.2917,45627.0
2026-03-10 13:55:00,226.252,226.3512,226.133,226.2208,31268.0
2026-03-10 14:00:00,226.1627,226.1726,225.5528,225.8998,76491.0
2026-03-10 14:05:00,225.9346,226.3809,225.8454,226.2222,38264.0
2026-03-10 14:10:00,226.2024,226.2619,225.1809,225.1809,53080.0
2026-03-10 14:15:00,225.1511,225.3286,224.685,224.685,61217.0
2026-03-10 14:20:00,224.7048,225.0222,224.2982,224.328,66394.0
2026-03-10 14:25:00,224.4073,225.0619,224.3478,224.9726,66599.0
2026-03-10 14:30:00,225.0024,225.1015,224.6751,224.7048,53875.0
2026-03-10 14:35:00,224.7247,224.7829,224.318,224.3974,62705.0
2026-03-10 14:40:00,224.3974,224.5015,224.3379,224.4767,59752.0
2026-03-10 14:45:00,224.4767,224.8733,224.4073,224.7941,34842.0
2026-03-10 14:50:00,224.7941,224.9825,224.7346,224.8982,44169.0
2026-03-10 14:55:00,224.8635,225.2602,224.804,225.0767,48956.0
2026-03-10 15:00:00,225.0916,225.1462,224.8238,224.9776,45210.0
2026-03-10 15:05:00,224.9726,225.042,224.5561,224.9032,78166.0
2026-03-10 15:10:00,224.8338,225.2305,224.8338,225.1511,75497.0
2026-03-10 15:15:00,225.0916,225.2503,224.8635,225.1412,51437.0
2026-03-10 15:20:00,225.161,225.3098,224.9875,225.2701,94381.0
2026-03-10 15:25:00,225.2701,225.3544,225.042,225.2354,75351.0
2026-03-10 15:30:00,225.2007,225.2999,224.8449,224.9081,77453.0
2026-03-10 15:35:00,224.8982,224.8982,224.5164,224.7891,67143.0
2026-03-10 15:40:00,224.7891,225.4189,224.6552,225.2701,122770.0
2026-03-10 15:45:00,225.3148,225.9743,225.3098,225.6173,141637.0
2026-03-10 15:50:00,225.5974,225.9941,225.3991,225.3991,192855.0
2026-03-10 15:55:00,225.3991,225.4288,224.7643,225.1313,351655.0
2026-03-11 09:30:00,224.1891,225.5677,224.1296,225.042,75006.0
2026-03-11 09:35:00,224.8536,225.0024,224.3875,224.8933,34099.0
2026-03-11 09:40:00,224.8883,224.8883,223.9412,223.9412,38608.0
2026-03-11 09:45:00,223.9412,224.4668,223.4403,224.3577,54724.0
2026-03-11 09:50:00,224.3577,224.4238,223.8023,224.0453,56770.0
2026-03-11 09:55:00,224.0403,224.3991,223.8916,224.328,36160.0
2026-03-11 10:00:00,224.3379,225.1015,223.9213,225.0817,96842.0
2026-03-11 10:05:00,225.1015,225.5181,224.6057,224.8734,53985.0
2026-03-11 10:10:00,224.9032,226.0536,224.7643,225.7859,44013.0
2026-03-11 10:15:00,225.7462,226.5198,225.5875,226.5198,60086.0
2026-03-11 10:20:00,226.5198,227.0256,226.371,226.9264,77959.0
2026-03-11 10:25:00,226.9165,226.976,226.133,226.2817,78960.0
2026-03-11 10:30:00,226.2817,226.4652,226.014,226.3164,36110.0
2026-03-11 10:35:00,226.3164,226.8718,226.0933,226.6189,47132.0
2026-03-11 10:40:00,226.6189,226.9363,226.2322,226.852,43211.0
2026-03-11 10:45:00,226.9561,227.3018,226.8966,227.1297,42776.0
2026-03-11 10:50:00,227.1297,227.4023,227.0355,227.2438,30686.0
2026-03-11 10:55:00,227.2338,227.338,226.733,227.0156,56974.0
2026-03-11 11:00:00,227.0553,227.0652,226.5198,226.9859,43441.0
2026-03-11 11:05:00,226.8768,227.2041,226.7875,226.8173,37213.0
2026-03-11 11:10:00,226.8173,226.9165,226.4206,226.6784,44603.0
2026-03-11 11:15:00,226.6784,226.6784,226.1627,226.1627,31973.0
2026-03-11 11:20:00,226.1627,226.3809,225.8652,225.9941,46342.0
2026-03-11 11:25:00,226.0536,226.0536,225.2503,225.2999,41203.0
2026-03-11 11:30:00,225.2999,225.4536,225.1115,225.1809,42824.0
2026-03-11 11:35:00,225.2204,225.528,225.1214,225.3544,44338.0
2026-03-11 11:40:00,225.3495,225.4888,224.8933,224.923,45124.0
2026-03-11 11:45:00,224.9032,225.171,224.6949,225.047,32172.0
2026-03-11 11:50:00,225.0222,225.3296,224.8635,225.171,36759.0
2026-03-11 11:55:00,225.2106,225.3197,224.4767,224.4767,73278.0
2026-03-11 12:00:00,224.5709,224.6255,224.0701,224.5164,46483.0
2026-03-11 12:05:00,224.6255,224.7395,224.1494,224.4271,39906.0
2026-03-11 12:10:00,224.5065,224.7891,224.4966,224.7643,29464.0
2026-03-11 12:15:00,224.7643,225.0916,224.4271,224.8189,68896.0
2026-03-11 12:20:00,224.7941,225.1809,224.6949,224.9379,32937.0
2026-03-11 12:25:00,224.9924,225.0718,224.8536,224.9627,36405.0
2026-03-11 12:30:00,224.9924,225.0619,224.8933,225.0222,19372.0
2026-03-11 12:35:00,225.042,225.3594,224.9924,225.3594,94669.0
2026-03-11 12:40:00,225.4784,226.1726,225.4487,225.766,44728.0
2026-03-11 12:45:00,225.7462,225.8057,225.2503,225.4387,32851.0
2026-03-11 12:50:00,225.4288,225.528,225.2205,225.4821,25817.0
2026-03-11 12:55:00,225.4883,225.8751,225.4387,225.8652,41840.0
2026-03-11 13:00:00,225.8553,226.1231,225.8553,226.0834,36528.0
2026-03-11 13:05:00,225.9943,226.8074,225.9943,226.8074,71537.0
2026-03-11 13:10:00,226.9413,226.976,226.6884,226.8421,35966.0
2026-03-11 13:15:00,226.9462,227.1743,226.5198,226.7082,68833.0
2026-03-11 13:20:00,226.6487,226.6933,226.5694,226.6289,11253.0
2026-03-11 13:25:00,226.5594,226.7974,226.4999,226.6784,25452.0
2026-03-11 13:30:00,226.7776,226.8818,226.4405,226.4405,37335.0
2026-03-11 13:35:00,226.5198,226.5198,225.8305,225.885,27093.0
2026-03-11 13:40:00,225.9863,225.9863,225.4288,225.4586,28045.0
2026-03-11 13:45:00,225.4387,226.252,225.4288,226.1032,38332.0
2026-03-11 13:50:00,226.1875,226.4503,226.1231,226.2917,29758.0
2026-03-11 13:55:00,226.2917,226.4454,226.2718,226.4355,21949.0
2026-03-11 14:00:00,226.4702,226.6636,226.3512,226.5594,31280.0
2026-03-11 14:05:00,226.5594,226.7727,226.3512,226.4176,31387.0
2026-03-11 14:10:00,226.4107,226.5694,226.3214,226.5644,25465.0
2026-03-11 14:15:00,226.6388,226.8173,226.5594,226.7695,26395.0
2026-03-11 14:20:00,226.7975,226.857,226.728,226.8024,28733.0
2026-03-11 14:25:00,226.8024,226.8074,226.5991,226.7528,30070.0
2026-03-11 14:30:00,226.6884,226.7479,226.609,226.6537,28633.0
2026-03-11 14:35:00,226.6983,226.6983,226.5495,226.5793,38442.0
2026-03-11 14:40:00,226.5396,226.5396,226.3215,226.376,25213.0
2026-03-11 14:45:00,226.3859,226.7181,226.3859,226.6289,38298.0
2026-03-11 14:50:00,226.6388,226.6983,226.4603,226.5892,95495.0
2026-03-11 14:55:00,226.6437,226.6437,226.2123,226.3611,42316.0
2026-03-11 15:00:00,226.4305,226.5446,226.014,226.0239,32342.0
2026-03-11 15:05:00,226.014,226.0834,225.9049,226.0635,28551.0
2026-03-11 15:10:00,226.0635,226.1826,225.8354,225.885,52404.0
2026-03-11 15:15:00,225.8751,225.9644,225.8354,225.8652,27790.0
2026-03-11 15:20:00,225.8801,225.9495,225.6073,225.652,61720.0
2026-03-11 15:25:00,225.6957,225.9197,225.6272,225.8652,50517.0
2026-03-11 15:30:00,225.8454,226.3065,225.766,226.3065,43501.0
2026-03-11 15:35:00,226.252,226.3561,226.1032,226.2966,44459.0
2026-03-11 15:40:00,226.2966,226.371,226.133,226.2569,72390.0
2026-03-11 15:45:00,226.247,226.4107,226.0685,226.0685,86166.0
2026-03-11 15:50:00,226.1131,226.3016,225.766,226.2074,99588.0
2026-03-11 15:55:00,226.1627,226.1627,225.528,225.8156,312361.0
2026-03-12 09:30:00,223.2668,223.6684,221.7692,222.4138,207788.0
2026-03-12 09:35:00,222.5477,223.7329,221.7295,223.4453,59771.0
2026-03-12 09:40:00,223.4751,223.5792,222.3742,222.4634,38665.0
2026-03-12 09:45:00,222.4634,223.7279,222.4634,223.475,65067.0
2026-03-12 09:50:00,223.4949,224.9478,223.4254,224.5511,54167.0
2026-03-12 09:55:00,224.5461,225.8652,224.2486,225.5875,75301.0
2026-03-12 10:00:00,225.5379,225.9297,225.3396,225.7313,87543.0
2026-03-12 10:05:00,225.7313,225.7958,225.0817,225.4387,44084.0
2026-03-12 10:10:00,225.4387,225.8391,225.3296,225.7065,29316.0
2026-03-12 10:15:00,225.7065,225.7462,225.3396,225.5577,38141.0
2026-03-12 10:20:00,225.5577,225.7016,224.7346,224.8536,48731.0
2026-03-12 10:25:00,224.6552,224.8139,223.9312,223.9312,44713.0
2026-03-12 10:30:00,223.9908,224.2407,223.7379,224.1494,59786.0
2026-03-12 10:35:00,224.1197,224.328,223.6238,223.9412,59399.0
2026-03-12 10:40:00,223.956,224.1792,223.6635,224.0403,35532.0
2026-03-12 10:45:00,224.0403,224.4569,223.8519,224.286,139681.0
2026-03-12 10:50:00,224.1445,224.3379,223.9709,223.9908,26866.0
2026-03-12 10:55:00,223.9908,224.1346,223.8023,223.837,69211.0
2026-03-12 11:00:00,223.8122,223.8321,223.3759,223.7825,52879.0
2026-03-12 11:05:00,223.8618,224.199,223.8222,224.08,34706.0
2026-03-12 11:10:00,224.085,224.2089,223.8073,223.961,33323.0
2026-03-12 11:15:00,223.961,223.9709,223.604,223.6833,27396.0
2026-03-12 11:20:00,223.7031,223.9709,223.604,223.8817,39397.0
2026-03-12 11:25:00,223.8519,224.0403,223.5048,223.8717,46805.0
2026-03-12 11:30:00,223.842,224.0998,223.7726,224.0106,33706.0
2026-03-12 11:35:00,223.9213,224.2387,223.8519,224.1792,27436.0
2026-03-12 11:40:00,224.2387,225.1362,223.9412,225.0222,33478.0
2026-03-12 11:45:00,225.0222,225.1214,224.6959,224.6959,45433.0
2026-03-12 11:50:00,224.6949,224.9131,224.1693,224.2684,44908.0
2026-03-12 11:55:00,224.2883,224.4966,224.1693,224.2883,39065.0
2026-03-12 12:00:00,224.2883,224.4866,224.2189,224.4023,26092.0
2026-03-12 12:05:00,224.437,224.4767,223.7825,223.8122,62587.0
2026-03-12 12:10:00,223.8122,223.8916,223.6436,223.8717,39927.0
2026-03-12 12:15:00,223.8717,224.8318,223.8122,224.7851,47666.0
2026-03-12 12:20:00,224.7842,225.3098,224.7197,224.7197,46328.0
2026-03-12 12:25:00,224.7147,224.9825,224.5957,224.7643,51291.0
2026-03-12 12:30:00,224.7544,225.0659,224.5362,225.0659,69983.0
2026-03-12 12:35:00,225.0718,225.5677,224.8437,225.4139,57812.0
2026-03-12 12:40:00,225.409,225.528,225.2801,225.3396,38107.0
2026-03-12 12:45:00,225.3296,225.3296,224.7842,224.8833,55724.0
2026-03-12 12:50:00,224.8833,225.161,224.5015,224.5263,51928.0
2026-03-12 12:55:00,224.5263,224.8437,224.4271,224.8189,68143.0
2026-03-12 13:00:00,224.8139,225.3098,224.6751,225.3098,57811.0
2026-03-12 13:05:00,225.2999,225.3098,224.7445,224.8982,40362.0
2026-03-12 13:10:00,224.9429,225.0619,224.5685,224.6453,25258.0
2026-03-12 13:15:00,224.6453,224.6453,224.0701,224.0701,32512.0
2026-03-12 13:20:00,224.1098,224.1098,223.6982,224.0304,62148.0
2026-03-12 13:25:00,224.0503,224.3973,223.9808,224.2561,42150.0
2026-03-12 13:30:00,224.2757,224.6701,224.147,224.561,37892.0
2026-03-12 13:35:00,224.5635,224.6898,224.4668,224.6751,47799.0
2026-03-12 13:40:00,224.6751,224.9924,224.3974,224.7495,86160.0
2026-03-12 13:45:00,224.7594,224.8238,224.5412,224.6601,60938.0
2026-03-12 13:50:00,224.5561,224.6651,224.4569,224.5759,48110.0
2026-03-12 13:55:00,224.5759,224.9081,224.4172,224.7891,41025.0
2026-03-12 14:00:00,224.7842,224.804,224.5759,224.5759,39058.0
2026-03-12 14:05:00,224.5759,224.9329,224.4668,224.6751,70930.0
2026-03-12 14:10:00,224.6751,225.0817,224.6652,224.9329,34657.0
2026-03-12 14:15:00,224.8635,225.0539,224.6106,224.6453,35686.0
2026-03-12 14:20:00,224.6453,224.6453,223.8122,224.2089,41480.0
2026-03-12 14:25:00,224.1594,224.2131,223.9412,224.1544,33016.0
2026-03-12 14:30:00,224.1296,224.317,223.9908,224.1346,38291.0
2026-03-12 14:35:00,224.1296,224.1792,223.9114,224.0577,40753.0
2026-03-12 14:40:00,224.0503,224.199,223.9808,224.1098,31806.0
2026-03-12 14:45:00,224.1246,224.1346,223.7131,223.9015,49653.0
2026-03-12 14:50:00,223.9709,224.2189,223.966,224.1296,31380.0
2026-03-12 14:55:00,224.1296,224.1594,223.7676,224.1296,42856.0
2026-03-12 15:00:00,224.0602,224.6868,224.0205,224.6057,76361.0
2026-03-12 15:05:00,224.6057,225.1214,224.5015,224.5263,72861.0
2026-03-12 15:10:00,224.5362,224.5957,224.1098,224.2982,62655.0
2026-03-12 15:15:00,224.2982,224.4271,224.0701,224.1693,51537.0
2026-03-12 15:20:00,224.2486,224.4866,224.0701,224.2437,63335.0
2026-03-12 15:25:00,224.2387,224.5362,224.1494,224.3081,60127.0
2026-03-12 15:30:00,224.209,224.6652,224.1792,224.6354,114586.0
2026-03-12 15:35:00,224.6702,225.171,224.566,224.9682,145676.0
2026-03-12 15:40:00,225.0272,225.2701,224.9429,225.1412,81245.0
2026-03-12 15:45:00,225.1115,225.1214,224.6057,224.7743,106083.0
2026-03-12 15:50:00,224.685,224.685,223.5841,223.6684,132674.0
2026-03-12 15:55:00,223.6932,223.7131,223.0486,223.5048,560632.0
2026-03-13 09:30:00,225.0222,226.2768,223.1478,225.9545,92102.0
2026-03-13 09:35:00,226.1528,226.738,225.7933,225.9445,24925.0
2026-03-13 09:40:00,226.3022,226.3022,225.2602,225.5032,32353.0
2026-03-13 09:45:00,225.3743,225.6073,224.8338,224.8933,20147.0
2026-03-13 09:50:00,224.923,225.1115,224.685,224.9032,20373.0
2026-03-13 09:55:00,224.9676,225.2106,224.7842,224.7842,25713.0
2026-03-13 10:00:00,224.685,224.9528,223.2767,223.2767,29455.0
2026-03-13 10:05:00,223.1478,223.6436,222.6866,223.3858,53901.0
2026-03-13 10:10:00,223.3808,223.6138,222.9593,223.2221,50791.0
2026-03-13 10:15:00,223.2271,223.2866,222.4039,222.518,70472.0
2026-03-13 10:20:00,222.518,222.9295,222.3345,222.3543,48910.0
2026-03-13 10:25:00,222.4535,222.6667,222.1609,222.513,28922.0
2026-03-13 10:30:00,222.5378,222.8601,222.4853,222.5477,44319.0
2026-03-13 10:35:00,222.5874,222.7015,221.9675,222.0667,38589.0
2026-03-13 10:40:00,222.0667,222.2056,221.313,221.5064,49341.0
2026-03-13 10:45:00,221.5708,221.918,221.5163,221.8832,31521.0
2026-03-13 10:50:00,221.9973,222.2552,221.7692,221.9923,23798.0
2026-03-13 10:55:00,221.9378,221.9378,220.9163,221.2931,40932.0
2026-03-13 11:00:00,221.2138,221.3725,220.4204,220.6386,25099.0
2026-03-13 11:05:00,220.6138,220.7973,220.1923,220.5592,30592.0
2026-03-13 11:10:00,220.6138,220.9262,220.31,220.9113,25092.0
2026-03-13 11:15:00,220.8915,221.0155,220.3708,220.589,26732.0
2026-03-13 11:20:00,220.589,221.1047,220.3807,221.0849,23114.0
2026-03-13 11:25:00,221.1047,221.1047,220.8072,220.8072,18672.0
2026-03-13 11:30:00,220.8915,221.3725,220.8766,221.2783,26353.0
2026-03-13 11:35:00,221.3725,221.8244,221.1841,221.6006,28826.0
2026-03-13 11:40:00,221.5808,221.8089,221.5113,221.6204,22044.0
2026-03-13 11:45:00,221.6601,222.3543,221.6501,221.7692,33234.0
2026-03-13 11:50:00,221.8589,221.8684,221.551,221.8188,17416.0
2026-03-13 11:55:00,221.9477,222.1461,221.5808,221.6403,28293.0
2026-03-13 12:00:00,221.6353,222.0426,221.6204,222.0171,21837.0
2026-03-13 12:05:00,221.908,222.3246,221.908,222.1857,12963.0
2026-03-13 12:10:00,222.2056,222.6419,222.1064,222.3543,30041.0
2026-03-13 12:15:00,222.3543,222.4832,222.2452,222.3643,25243.0
2026-03-13 12:20:00,222.3345,222.7114,222.3345,222.518,28740.0
2026-03-13 12:25:00,222.518,222.518,222.156,222.3444,26978.0
2026-03-13 12:30:00,222.2849,222.4337,222.1262,222.2452,121252.0
2026-03-13 12:35:00,222.2452,222.5527,222.1163,222.4833,24359.0
2026-03-13 12:40:00,222.394,222.5428,222.1659,222.1758,31136.0
2026-03-13 12:45:00,222.1659,222.632,222.1163,222.4733,33102.0
2026-03-13 12:50:00,222.513,222.7808,222.3246,222.3543,43897.0
2026-03-13 12:55:00,222.4137,222.5527,222.0183,222.1361,28159.0
2026-03-13 13:00:00,222.151,222.2452,221.9576,222.1163,23131.0
2026-03-13 13:05:00,222.0965,222.1857,221.6799,221.7841,22462.0
2026-03-13 13:10:00,221.8039,222.1857,221.8039,222.0428,18621.0
2026-03-13 13:15:00,222.0271,222.265,221.9824,222.1064,17973.0
2026-03-13 13:20:00,222.1064,222.1857,221.6502,221.7543,39862.0
2026-03-13 13:25:00,221.7593,221.8253,221.2138,221.4676,19465.0
2026-03-13 13:30:00,221.3427,221.3427,220.4898,220.5592,30958.0
2026-03-13 13:35:00,220.4898,221.313,220.4898,221.313,53384.0
2026-03-13 13:40:00,221.313,221.3923,221.194,221.2237,19373.0
2026-03-13 13:45:00,221.3403,221.432,221.1146,221.3378,18649.0
2026-03-13 13:50:00,221.2733,221.5907,221.0155,221.0155,29114.0
2026-03-13 13:55:00,221.065,221.2436,220.946,221.0947,15057.0
2026-03-13 14:00:00,221.0204,221.4221,221.0204,221.3675,21158.0
2026-03-13 14:05:00,221.3725,221.5312,221.075,221.1493,25986.0
2026-03-13 14:10:00,221.2138,221.4518,221.1841,221.3031,25297.0
2026-03-13 14:15:00,221.3527,221.5807,221.1146,221.1642,20662.0
2026-03-13 14:20:00,221.1642,221.2832,220.6981,220.6981,64847.0
2026-03-13 14:25:00,220.7725,220.8766,220.6287,220.708,17260.0
2026-03-13 14:30:00,220.708,221.0849,220.708,221.065,17897.0
2026-03-13 14:35:00,221.0849,221.2039,220.7788,221.0551,30002.0
2026-03-13 14:40:00,221.0502,221.1924,220.8667,221.0551,26358.0
2026-03-13 14:45:00,221.1146,221.313,221.0551,221.2981,34002.0
2026-03-13 14:50:00,221.2931,221.4865,221.194,221.2882,27261.0
2026-03-13 14:55:00,221.2436,221.2732,220.8964,221.0055,25022.0
2026-03-13 15:00:00,221.0254,221.1345,220.4997,220.5741,18668.0
2026-03-13 15:05:00,220.4998,220.6386,220.1923,220.4749,26171.0
2026-03-13 15:10:00,220.4799,220.5138,220.3212,220.4105,24193.0
2026-03-13 15:15:00,220.3609,220.6782,220.3609,220.5791,27034.0
2026-03-13 15:20:00,220.4799,220.5692,220.1427,220.2071,57523.0
2026-03-13 15:25:00,220.1427,220.1427,219.4683,219.7361,88568.0
2026-03-13 15:30:00,219.6567,220.2915,219.6567,219.8948,102993.0
2026-03-13 15:35:00,219.9686,219.9741,219.1608,219.1658,58668.0
2026-03-13 15:40:00,219.1013,219.1113,218.6253,218.6352,59737.0
2026-03-13 15:45:00,218.6947,218.7542,217.9608,218.0897,143072.0
2026-03-13 15:50:00,218.0302,218.2732,217.6335,218.2286,201658.0
2026-03-13 15:55:00,218.2286,218.4418,217.7625,217.8715,380733.0
2026-03-16 09:30:00,219.2699,220.6692,218.8336,220.1427,139267.0
2026-03-16 09:35:00,220.2171,220.6485,219.6965,220.232,37355.0
2026-03-16 09:40:00,220.4904,222.5228,220.2617,222.5228,40413.0
2026-03-16 09:45:00,222.1957,222.1957,221.6006,221.9477,31765.0
2026-03-16 09:50:00,221.9576,222.2552,221.2634,221.4518,56348.0
2026-03-16 09:55:00,221.3824,221.541,220.6584,221.1245,36269.0
2026-03-16 10:00:00,221.1444,221.3725,220.6386,220.6435,78069.0
2026-03-16 10:05:00,220.5394,220.7378,219.8948,219.9047,45036.0
2026-03-16 10:10:00,220.0833,220.4006,220.0386,220.1724,27188.0
2026-03-16 10:15:00,220.1724,220.2418,219.8402,219.9741,24598.0
2026-03-16 10:20:00,219.9741,220.1526,219.8749,219.9543,17274.0
2026-03-16 10:25:00,219.8551,220.0807,219.6964,219.7857,35199.0
2026-03-16 10:30:00,219.7658,219.7658,218.5707,218.7145,40709.0
2026-03-16 10:35:00,218.7145,219.1212,218.5013,218.9823,33879.0
2026-03-16 10:40:00,219.022,219.627,218.9823,219.5228,21591.0
2026-03-16 10:45:00,219.5278,220.1526,219.5278,220.0683,23845.0
2026-03-16 10:50:00,219.9642,220.3758,219.6567,220.3758,18091.0
2026-03-16 10:55:00,220.4353,220.4402,220.1824,220.351,18225.0
2026-03-16 11:00:00,220.4006,220.4898,219.8352,219.9047,22509.0
2026-03-16 11:05:00,219.8848,219.8848,219.26,219.26,23554.0
2026-03-16 11:10:00,219.2997,219.3394,219.1212,219.2501,18907.0
2026-03-16 11:15:00,219.2501,219.4088,219.1113,219.3344,28538.0
2026-03-16 11:20:00,219.2402,219.6566,219.1509,219.6171,16357.0
2026-03-16 11:25:00,219.5179,219.741,219.389,219.6171,16289.0
2026-03-16 11:30:00,219.6171,220.0038,219.4882,219.8749,21489.0
2026-03-16 11:35:00,219.7956,220.5692,219.7956,220.3262,34703.0
2026-03-16 11:40:00,220.3262,220.5592,220.1129,220.5394,28899.0
2026-03-16 11:45:00,220.5096,220.6683,220.3708,220.5692,22081.0
2026-03-16 11:50:00,220.5295,220.5493,219.9344,220.1724,42488.0
2026-03-16 11:55:00,220.1724,220.1724,219.1013,219.1113,39436.0
2026-03-16 12:00:00,219.2055,219.5576,219.1608,219.5576,16725.0
2026-03-16 12:05:00,219.4286,219.7322,219.3896,219.6369,14628.0
2026-03-16 12:10:00,219.6914,219.9642,219.6,219.7857,16321.0
2026-03-16 12:15:00,219.865,220.0336,219.6964,219.8799,15571.0
2026-03-16 12:20:00,219.7659,219.9046,219.508,219.6121,33361.0
2026-03-16 12:25:00,219.5278,219.9543,219.4782,219.8204,49688.0
2026-03-16 12:30:00,219.9344,220.1526,219.8749,219.9989,37332.0
2026-03-16 12:35:00,220.0063,220.1129,219.9047,219.9939,27233.0
2026-03-16 12:40:00,220.0634,220.0634,219.7658,220.0187,29066.0
2026-03-16 12:45:00,219.9592,220.0634,219.7857,219.9146,14359.0
2026-03-16 12:50:00,219.9592,220.0336,219.7956,219.7956,17500.0
2026-03-16 12:55:00,219.9195,220.3063,219.865,219.865,33040.0
2026-03-16 13:00:00,219.9146,220.1477,219.8452,220.1427,28910.0
2026-03-16 13:05:00,220.1625,220.4105,219.994,219.994,32842.0
2026-03-16 13:10:00,220.0782,220.222,220.067,220.1179,11505.0
2026-03-16 13:15:00,220.1625,220.1625,219.7262,219.9791,17479.0
2026-03-16 13:20:00,219.87,220.341,219.87,220.1824,26743.0
2026-03-16 13:25:00,220.232,220.4291,220.1625,220.2766,21559.0
2026-03-16 13:30:00,220.2766,220.5295,220.2518,220.2518,23392.0
2026-03-16 13:35:00,220.3807,220.6386,220.3708,220.4749,25222.0
2026-03-16 13:40:00,220.4997,220.4997,220.1743,220.2171,21837.0
2026-03-16 13:45:00,220.2171,220.5295,219.9939,220.0981,28467.0
2026-03-16 13:50:00,220.0931,220.341,219.9939,220.3299,17500.0
2026-03-16 13:55:00,220.3296,220.4303,220.2716,220.3857,34078.0
2026-03-16 14:00:00,220.3906,220.3906,220.0832,220.1724,25262.0
2026-03-16 14:05:00,220.1129,220.3906,220.103,220.3633,18192.0
2026-03-16 14:10:00,220.3212,220.3906,219.7162,219.8204,20065.0
2026-03-16 14:15:00,219.8204,220.1427,219.7262,219.9166,13808.0
2026-03-16 14:20:00,219.8997,219.9741,219.6964,219.7857,24164.0
2026-03-16 14:25:00,219.8119,219.8995,219.6666,219.8005,26601.0
2026-03-16 14:30:00,219.8055,219.9543,219.6766,219.8352,21466.0
2026-03-16 14:35:00,219.8452,219.8551,219.627,219.7906,27431.0
2026-03-16 14:40:00,219.865,220.1229,219.7162,220.0634,28026.0
2026-03-16 14:45:00,220.1229,220.1526,219.9047,220.0733,48299.0
2026-03-16 14:50:00,219.9939,220.1129,219.9443,220.0795,27909.0
2026-03-16 14:55:00,219.9642,220.1724,219.9146,220.1724,22036.0
2026-03-16 15:00:00,220.1724,220.2369,219.7559,219.7857,32568.0
2026-03-16 15:05:00,219.805,219.8948,219.5476,219.6121,32024.0
2026-03-16 15:10:00,219.6766,219.8153,219.389,219.4881,27194.0
2026-03-16 15:15:00,219.5278,219.7161,219.4832,219.6171,28273.0
2026-03-16 15:20:00,219.6121,219.9443,219.5823,219.8204,23328.0
2026-03-16 15:25:00,219.7757,220.0961,219.5675,220.0961,38073.0
2026-03-16 15:30:00,220.0038,220.1625,219.9047,219.9146,37216.0
2026-03-16 15:35:00,219.8848,219.9443,219.7361,219.7658,46502.0
2026-03-16 15:40:00,219.7361,219.9106,219.2501,219.2501,53717.0
2026-03-16 15:45:00,219.3096,219.6419,219.1708,219.5675,52058.0
2026-03-16 15:50:00,219.6171,220.0138,219.6171,219.9642,90723.0
2026-03-16 15:55:00,219.8948,220.1724,219.4683,219.6369,354625.0
2026-03-17 09:30:00,220.2121,220.5444,218.9129,219.984,80272.0
2026-03-17 09:35:00,220.1377,220.351,219.2005,219.4832,44434.0
2026-03-17 09:40:00,219.3493,220.2617,219.3493,220.1724,37243.0
2026-03-17 09:45:00,220.1724,220.5295,219.9083,220.0584,52089.0
2026-03-17 09:50:00,219.9741,220.1724,219.7757,219.9592,21027.0
2026-03-17 09:55:00,219.9642,220.1229,219.7063,220.0931,27003.0
2026-03-17 10:00:00,219.9195,220.3708,219.4733,220.1972,47196.0
2026-03-17 10:05:00,220.2022,221.0452,220.1526,220.9411,26589.0
2026-03-17 10:10:00,220.9559,221.0055,220.4799,220.7079,40781.0
2026-03-17 10:15:00,220.5096,221.1543,220.5096,221.0452,31991.0
2026-03-17 10:20:00,220.9758,221.1841,220.8072,220.8766,29976.0
2026-03-17 10:25:00,220.8766,220.9758,220.589,220.8568,56550.0
2026-03-17 10:30:00,220.8518,221.065,220.7576,221.0303,24286.0
2026-03-17 10:35:00,221.1543,221.1741,220.5989,220.6485,24465.0
2026-03-17 10:40:00,220.6535,221.0384,220.1774,220.9113,31207.0
2026-03-17 10:45:00,220.9262,221.437,220.9064,221.2386,38453.0
2026-03-17 10:50:00,221.1543,221.2832,220.5989,220.7179,21800.0
2026-03-17 10:55:00,220.6882,221.0055,220.6187,220.832,13519.0
2026-03-17 11:00:00,220.825,220.8964,220.6584,220.708,15041.0
2026-03-17 11:05:00,220.6187,221.0303,220.6187,221.0155,22390.0
2026-03-17 11:10:00,220.9857,221.1692,220.7774,220.7973,14883.0
2026-03-17 11:15:00,220.827,220.9064,220.5196,220.703,24629.0
2026-03-17 11:20:00,220.703,221.0055,220.4402,220.4402,22586.0
2026-03-17 11:25:00,220.4402,220.6756,220.3906,220.6756,11876.0
2026-03-17 11:30:00,220.5592,220.5592,220.1328,220.2072,22811.0
2026-03-17 11:35:00,220.1972,220.3113,220.1229,220.2419,16970.0
2026-03-17 11:40:00,220.2072,220.2905,220.0832,220.2121,22859.0
2026-03-17 11:45:00,220.1427,220.341,219.8848,219.9195,43367.0
2026-03-17 11:50:00,219.8987,219.9791,219.6766,219.9642,17205.0
2026-03-17 11:55:00,219.8749,220.5692,219.865,220.5692,76727.0
2026-03-17 12:00:00,220.4204,220.7179,220.2121,220.703,45027.0
2026-03-17 12:05:00,220.708,220.9262,220.4898,220.6187,24667.0
2026-03-17 12:10:00,220.6782,220.8072,220.4997,220.4997,13953.0
2026-03-17 12:15:00,220.5791,220.7973,220.4997,220.7378,15827.0
2026-03-17 12:20:00,220.7328,221.0452,220.5692,221.0452,19231.0
2026-03-17 12:25:00,220.9361,221.1642,220.827,221.1155,19458.0
2026-03-17 12:30:00,221.0254,221.0948,220.6262,220.708,39033.0
2026-03-17 12:35:00,220.7774,220.8816,220.4303,220.5344,53157.0
2026-03-17 12:40:00,220.5493,220.6187,220.4106,220.6187,11615.0
2026-03-17 12:45:00,220.6683,220.6683,220.103,220.276,46740.0
2026-03-17 12:50:00,220.2567,220.4105,220.103,220.3609,17963.0
2026-03-17 12:55:00,220.2518,220.331,219.8749,219.8802,16304.0
2026-03-17 13:00:00,219.8452,220.1427,219.7857,220.0931,18405.0
2026-03-17 13:05:00,220.0931,220.1625,219.9741,220.103,15164.0
2026-03-17 13:10:00,220.1625,220.4006,220.108,220.2022,26955.0
2026-03-17 13:15:00,220.2715,220.331,220.0733,220.1823,23743.0
2026-03-17 13:20:00,220.1377,220.5741,220.0138,220.4303,23151.0
2026-03-17 13:25:00,220.4006,220.6485,220.351,220.5692,21919.0
2026-03-17 13:30:00,220.5394,220.5394,220.341,220.351,18183.0
2026-03-17 13:35:00,220.3212,220.4402,220.2419,220.3807,26778.0
2026-03-17 13:40:00,220.351,220.3956,219.9344,219.9741,17823.0
2026-03-17 13:45:00,219.9394,220.1576,219.9394,220.1576,15024.0
2026-03-17 13:50:00,220.1576,220.1774,219.8948,220.0931,34445.0
2026-03-17 13:55:00,220.0237,220.2121,219.9146,219.9146,31006.0
2026-03-17 14:00:00,219.9543,220.2617,219.8154,220.1972,63536.0
2026-03-17 14:05:00,220.2022,220.5161,220.1972,220.3708,53594.0
2026-03-17 14:10:00,220.3906,220.4849,220.232,220.4105,33818.0
2026-03-17 14:15:00,220.465,220.5096,220.2121,220.3311,34011.0
2026-03-17 14:20:00,220.2915,220.7576,220.2815,220.3758,64560.0
2026-03-17 14:25:00,220.4402,220.47,219.9047,219.984,21338.0
2026-03-17 14:30:00,219.9741,220.3311,219.9741,220.1129,25613.0
2026-03-17 14:35:00,220.1526,220.2264,220.0336,220.1377,23587.0
2026-03-17 14:40:00,220.0634,220.1278,219.8452,219.8452,12269.0
2026-03-17 14:45:00,219.8749,220.0346,219.627,219.8898,51035.0
2026-03-17 14:50:00,219.8491,220.103,219.7956,220.0435,13608.0
2026-03-17 14:55:00,220.0237,220.0435,219.8452,219.995,18303.0
2026-03-17 15:00:00,220.0386,220.1625,219.9146,220.1625,22490.0
2026-03-17 15:05:00,220.1576,220.2518,220.109,220.1675,22503.0
2026-03-17 15:10:00,220.1229,220.1229,219.9394,219.9791,20248.0
2026-03-17 15:15:00,219.989,220.0756,219.9344,220.0386,20760.0
2026-03-17 15:20:00,220.0038,220.093,219.7857,220.0534,32900.0
2026-03-17 15:25:00,219.9939,220.0038,219.3642,219.389,37132.0
2026-03-17 15:30:00,219.3195,219.5576,219.2005,219.4485,66936.0
2026-03-17 15:35:00,219.4485,219.627,219.41,219.5278,41185.0
2026-03-17 15:40:00,219.5179,219.5526,219.0022,219.027,89306.0
2026-03-17 15:45:00,219.0022,219.0617,218.5162,218.536,94121.0
2026-03-17 15:50:00,218.5559,218.7245,218.3773,218.3972,104800.0
2026-03-17 15:55:00,218.4071,218.4864,217.9608,217.9806,427131.0
2026-03-18 09:30:00,216.7013,217.1971,214.44,215.1293,132406.0
2026-03-18 09:35:00,215.2483,215.2483,213.0868,213.1458,117863.0
2026-03-18 09:40:00,213.2202,213.2697,210.5622,210.5622,125835.0
2026-03-18 09:45:00,210.473,211.0631,209.2438,209.2784,251741.0
2026-03-18 09:50:00,209.2631,209.5109,208.5291,208.9166,155030.0
2026-03-18 09:55:00,208.9655,209.0051,207.6663,207.9291,138535.0
2026-03-18 10:00:00,208.053,209.5903,208.0134,209.2928,204035.0
2026-03-18 10:05:00,209.2729,210.0267,209.144,209.8829,89272.0
2026-03-18 10:10:00,209.8829,210.463,209.7391,210.0859,144067.0
2026-03-18 10:15:00,210.2101,211.0482,209.7192,210.949,131597.0
2026-03-18 10:20:00,210.949,211.0879,210.4978,210.7556,68970.0
2026-03-18 10:25:00,210.7556,210.9985,210.2548,210.7804,94820.0
2026-03-18 10:30:00,210.7606,211.1027,209.8481,210.9292,80748.0
2026-03-18 10:35:00,210.9292,211.0631,210.4628,210.6515,36410.0
2026-03-18 10:40:00,210.6515,211.0769,210.4531,210.592,80280.0
2026-03-18 10:45:00,210.5523,210.9589,210.0961,210.0961,67782.0
2026-03-18 10:50:00,210.1358,210.2746,209.9077,210.0167,37243.0
2026-03-18 10:55:00,210.0314,210.0564,209.263,209.5605,51751.0
2026-03-18 11:00:00,209.5308,209.987,209.382,209.5705,79400.0
2026-03-18 11:05:00,209.5754,209.9176,209.4622,209.8779,52990.0
2026-03-18 11:10:00,209.8184,210.1159,209.5903,209.8581,64135.0
2026-03-18 11:15:00,209.8531,209.8531,209.1341,209.1539,69107.0
2026-03-18 11:20:00,209.0349,209.0349,208.1423,208.42,64505.0
2026-03-18 11:25:00,208.4051,209.1539,208.3407,208.8465,78187.0
2026-03-18 11:30:00,208.8465,209.3969,208.8465,209.3671,51595.0
2026-03-18 11:35:00,209.4068,209.4614,209.144,209.2035,32569.0
2026-03-18 11:40:00,209.2729,209.2928,208.8266,209.1142,38362.0
2026-03-18 11:45:00,209.1142,209.6052,209.1142,209.509,31994.0
2026-03-18 11:50:00,209.506,209.6794,209.1936,209.3027,34257.0
2026-03-18 11:55:00,209.3126,209.4911,209.1737,209.2928,31614.0
2026-03-18 12:00:00,209.2432,209.2432,208.7293,208.9704,46485.0
2026-03-18 12:05:00,209.0547,209.3225,208.6679,208.7721,27024.0
2026-03-18 12:10:00,208.7721,209.3721,208.301,209.263,62046.0
2026-03-18 12:15:00,209.2114,209.4266,209.1242,209.2407,25789.0
2026-03-18 12:20:00,209.2531,209.6101,209.0151,209.4416,48957.0
2026-03-18 12:25:00,209.5457,209.9076,209.2531,209.6597,57531.0
2026-03-18 12:30:00,209.6597,210.1754,209.6002,209.8531,66115.0
2026-03-18 12:35:00,209.9275,210.4928,209.5605,209.6647,133249.0
2026-03-18 12:40:00,209.4812,209.6101,208.7671,208.7919,57117.0
2026-03-18 12:45:00,208.8147,208.9655,208.1621,208.4398,143997.0
2026-03-18 12:50:00,208.4448,208.5687,208.0431,208.182,36186.0
2026-03-18 12:55:00,208.2316,208.3407,207.8746,208.3407,23879.0
2026-03-18 13:00:00,208.3159,208.4795,208.063,208.1373,38152.0
2026-03-18 13:05:00,208.0927,208.2117,207.7258,207.8101,86285.0
2026-03-18 13:10:00,207.8101,208.0233,207.2266,207.3886,61069.0
2026-03-18 13:15:00,207.3786,208.2514,207.2596,208.2365,80255.0
2026-03-18 13:20:00,208.2365,208.2613,207.8944,207.9697,35405.0
2026-03-18 13:25:00,207.8944,207.8944,207.5373,207.6266,50614.0
2026-03-18 13:30:00,207.6663,207.7258,207.0315,207.458,68664.0
2026-03-18 13:35:00,207.4282,208.1324,207.4282,207.8001,67552.0
2026-03-18 13:40:00,207.8448,207.8448,207.334,207.6117,38050.0
2026-03-18 13:45:00,207.5274,208.1522,207.5274,207.7853,86709.0
2026-03-18 13:50:00,207.6563,207.9836,207.5671,207.8249,61847.0
2026-03-18 13:55:00,207.6762,207.8064,207.3985,207.5175,44319.0
2026-03-18 14:00:00,207.5869,207.6365,207.2796,207.5076,41712.0
2026-03-18 14:05:00,207.4337,207.8101,207.349,207.5076,37494.0
2026-03-18 14:10:00,207.5076,207.6068,207.2497,207.4877,39699.0
2026-03-18 14:15:00,207.4183,207.5175,206.6943,206.7538,65902.0
2026-03-18 14:20:00,206.7538,207.2001,206.643,207.1307,60757.0
2026-03-18 14:25:00,207.1386,207.2497,207.0166,207.1059,57565.0
2026-03-18 14:30:00,207.1059,207.1605,206.7069,206.7439,39259.0
2026-03-18 14:35:00,206.7439,206.8034,206.4662,206.5654,51708.0
2026-03-18 14:40:00,206.5257,207.0613,206.3608,207.0613,62629.0
2026-03-18 14:45:00,206.9532,207.1009,206.6943,206.7985,49491.0
2026-03-18 14:50:00,206.7985,207.7258,206.2381,207.6315,286411.0
2026-03-18 14:55:00,207.6464,207.6464,206.9125,206.9423,79595.0
2026-03-18 15:00:00,206.9423,207.4778,206.8927,207.1406,79378.0
2026-03-18 15:05:00,207.1109,207.1357,206.1389,206.4315,122996.0
2026-03-18 15:10:00,206.4761,206.5257,205.9307,206.2381,68811.0
2026-03-18 15:15:00,206.2183,206.615,206.1885,206.4861,107725.0
2026-03-18 15:20:00,206.4662,206.5168,206.0199,206.2877,67262.0
2026-03-18 15:25:00,206.3075,206.3075,205.891,206.1389,66589.0
2026-03-18 15:30:00,206.129,206.9621,205.9902,206.6294,182433.0
2026-03-18 15:35:00,206.6447,207.1406,206.615,207.096,93690.0
2026-03-18 15:40:00,207.096,207.6068,207.0117,207.3588,152575.0
2026-03-18 15:45:00,207.3538,207.4679,206.6547,206.7439,137433.0
2026-03-18 15:50:00,206.8034,207.577,206.7786,207.1406,238909.0
2026-03-18 15:55:00,207.1208,207.1208,206.4365,206.615,664459.0
2026-03-19 09:30:00,206.6497,208.6927,206.6497,208.0183,162866.0
2026-03-19 09:35:00,208.0084,208.0084,207.0514,207.5572,80243.0
2026-03-19 09:40:00,207.5572,208.2712,207.1307,207.1307,56511.0
2026-03-19 09:45:00,207.1307,207.2695,206.6844,207.2695,34126.0
2026-03-19 09:50:00,207.1109,207.21,206.9522,207.1158,25381.0
2026-03-19 09:55:00,207.1109,207.1288,206.2778,206.3968,54700.0
2026-03-19 10:00:00,206.5654,206.8332,206.0596,206.1563,99954.0
2026-03-19 10:05:00,206.129,206.7836,205.8513,206.2976,111939.0
2026-03-19 10:10:00,206.248,206.7538,206.0596,206.0993,71906.0
2026-03-19 10:15:00,206.2629,206.2778,205.6133,205.9009,63304.0
2026-03-19 10:20:00,205.9455,206.1885,205.405,205.4695,41402.0
2026-03-19 10:25:00,205.5439,205.6133,205.2959,205.3951,97726.0
2026-03-19 10:30:00,205.4943,206.0596,205.4943,206.0497,54805.0
2026-03-19 10:35:00,206.0546,206.1786,205.8712,205.9902,25545.0
2026-03-19 10:40:00,205.9852,206.1687,205.8414,205.9951,54312.0
2026-03-19 10:45:00,205.9951,206.2679,205.7622,206.1191,71761.0
2026-03-19 10:50:00,206.1389,206.1977,205.5637,205.6827,60483.0
2026-03-19 10:55:00,205.6827,205.6827,205.167,205.4943,42793.0
2026-03-19 11:00:00,205.4794,205.5116,204.9587,205.4596,80481.0
2026-03-19 11:05:00,205.4744,205.7819,205.3257,205.6331,35062.0
2026-03-19 11:10:00,205.6034,205.8414,205.4149,205.8414,39053.0
2026-03-19 11:15:00,205.8017,206.0817,205.7323,205.891,36147.0
2026-03-19 11:20:00,205.9604,206.0893,205.7026,205.896,40890.0
2026-03-19 11:25:00,205.896,206.1785,205.8414,206.0844,30071.0
2026-03-19 11:30:00,206.0893,206.0993,205.8513,205.9009,33734.0
2026-03-19 11:35:00,205.9455,205.9455,205.6232,205.767,58763.0
2026-03-19 11:40:00,205.767,206.0497,205.6839,205.767,43140.0
2026-03-19 11:45:00,205.7224,206.0893,205.6431,206.0298,24605.0
2026-03-19 11:50:00,206.0298,206.187,205.9108,206.0001,30523.0
2026-03-19 11:55:00,206.0001,206.0993,205.653,205.9257,56385.0
2026-03-19 12:00:00,205.9455,205.9901,205.4645,205.4893,69792.0
2026-03-19 12:05:00,205.4695,206.0298,205.4645,206.0298,51237.0
2026-03-19 12:10:00,206.0001,206.0596,205.7422,205.7769,45571.0
2026-03-19 12:15:00,205.8216,206.2877,205.6728,206.2232,74092.0
2026-03-19 12:20:00,206.1588,206.6249,206.1588,206.5852,46114.0
2026-03-19 12:25:00,206.6943,206.7042,206.1588,206.5951,67480.0
2026-03-19 12:30:00,206.5356,207.2795,206.5158,207.22,58162.0
2026-03-19 12:35:00,207.1555,207.1555,206.5951,206.7538,33884.0
2026-03-19 12:40:00,206.6705,206.9423,206.6646,206.7836,44836.0
2026-03-19 12:45:00,206.8828,206.8828,206.5356,206.6943,42750.0
2026-03-19 12:50:00,206.6943,206.7836,206.4634,206.6745,28717.0
2026-03-19 12:55:00,206.7241,206.7241,206.3968,206.4464,34119.0
2026-03-19 13:00:00,206.4464,206.5257,205.9604,205.9604,39963.0
2026-03-19 13:05:00,206.01,206.0943,204.9786,205.0083,63610.0
2026-03-19 13:10:00,205.0579,205.1273,204.8,204.8596,48502.0
2026-03-19 13:15:00,204.8,205.1769,204.7604,205.1125,37237.0
2026-03-19 13:20:00,205.0678,205.2265,204.8397,204.9389,45344.0
2026-03-19 13:25:00,204.9439,205.0282,204.562,204.6959,65101.0
2026-03-19 13:30:00,204.6562,204.7405,204.443,204.7157,48025.0
2026-03-19 13:35:00,204.7157,204.8695,204.4728,204.6562,79384.0
2026-03-19 13:40:00,204.5521,204.7901,204.3934,204.7405,75695.0
2026-03-19 13:45:00,204.7505,204.8645,204.443,204.8397,90519.0
2026-03-19 13:50:00,204.8273,205.3108,204.8273,205.1174,56318.0
2026-03-19 13:55:00,205.1472,205.2563,205.048,205.048,23382.0
2026-03-19 14:00:00,205.1174,205.1868,204.9587,205.0282,54772.0
2026-03-19 14:05:00,205.0331,205.0813,204.8199,204.9786,36946.0
2026-03-19 14:10:00,204.9191,204.9786,204.3538,204.6612,94601.0
2026-03-19 14:15:00,204.6612,204.7405,203.9323,204.0761,78139.0
2026-03-19 14:20:00,204.086,204.1554,203.6496,203.6496,60799.0
2026-03-19 14:25:00,203.6942,203.8678,203.3719,203.4453,90331.0
2026-03-19 14:30:00,203.3917,203.3917,202.6975,202.7669,72507.0
2026-03-19 14:35:00,202.7768,202.995,202.6182,202.8413,51082.0
2026-03-19 14:40:00,202.8413,203.1933,202.7669,203.1289,55555.0
2026-03-19 14:45:00,203.1289,203.3124,202.9182,203.2231,69630.0
2026-03-19 14:50:00,203.243,203.243,202.7768,203.1289,52718.0
2026-03-19 14:55:00,203.1289,203.4116,203.0149,203.3893,77336.0
2026-03-19 15:00:00,203.3967,203.957,203.2628,203.8975,81082.0
2026-03-19 15:05:00,203.9372,204.681,203.9372,204.324,159654.0
2026-03-19 15:10:00,204.3835,204.443,203.8778,204.1108,87393.0
2026-03-19 15:15:00,204.1108,204.2645,203.9671,204.1554,87207.0
2026-03-19 15:20:00,204.1752,204.3042,203.9571,204.1951,85818.0
2026-03-19 15:25:00,204.205,204.2248,203.5802,203.8182,93451.0
2026-03-19 15:30:00,203.8281,204.2843,203.8182,204.1951,75109.0
2026-03-19 15:35:00,204.2576,204.3042,204.0166,204.1058,74309.0
2026-03-19 15:40:00,204.0661,204.3141,204.0265,204.205,141629.0
2026-03-19 15:45:00,204.205,204.2149,203.6496,203.7736,127674.0
2026-03-19 15:50:00,203.7884,204.0761,203.5703,204.0661,204458.0
2026-03-19 15:55:00,204.086,204.7108,203.8974,204.5372,630563.0
2026-03-20 09:30:00,204.567,205.5439,204.0364,204.7009,1334709.0
2026-03-20 09:35:00,204.5323,204.8199,204.0175,204.8199,44930.0
2026-03-20 09:40:00,205.0579,205.705,204.6216,205.6133,44925.0
2026-03-20 09:45:00,205.6232,206.0695,205.406,205.4546,51650.0
2026-03-20 09:50:00,205.4943,205.5538,205.1075,205.2563,51701.0
2026-03-20 09:55:00,205.4249,205.6034,204.6256,205.1769,56590.0
2026-03-20 10:00:00,205.0976,205.2761,203.4116,203.5654,47709.0
2026-03-20 10:05:00,203.5355,203.6496,203.1493,203.1493,41208.0
2026-03-20 10:10:00,203.0645,203.357,202.7471,203.3074,91719.0
2026-03-20 10:15:00,203.3174,203.3223,202.8611,203.0347,55552.0
2026-03-20 10:20:00,203.2826,203.5504,202.5884,203.5504,39435.0
2026-03-20 10:25:00,203.4215,203.7389,203.0942,203.1081,25156.0
2026-03-20 10:30:00,203.0645,203.7984,203.0149,203.7241,40478.0
2026-03-20 10:35:00,203.7637,203.967,203.4116,203.5752,28075.0
2026-03-20 10:40:00,203.4413,203.5115,203.1041,203.3521,42203.0
2026-03-20 10:45:00,203.2727,203.5901,203.2727,203.4215,28084.0
2026-03-20 10:50:00,203.3421,203.8281,203.0198,203.7884,42174.0
2026-03-20 10:55:00,203.8331,204.0364,203.5306,203.5306,34782.0
2026-03-20 11:00:00,203.5306,204.0413,203.4612,204.0413,60047.0
2026-03-20 11:05:00,204.0364,204.7604,203.957,204.7604,36033.0
2026-03-20 11:10:00,204.6959,204.7404,204.4133,204.562,34440.0
2026-03-20 11:15:00,204.6711,204.8893,204.5124,204.6612,38344.0
2026-03-20 11:20:00,204.7703,205.2611,204.6215,204.924,35340.0
2026-03-20 11:25:00,204.8397,204.9736,204.6215,204.7405,283552.0
2026-03-20 11:30:00,204.5422,205.0083,204.4628,204.7108,47387.0
2026-03-20 11:35:00,204.7108,204.7405,204.5422,204.5422,41117.0
2026-03-20 11:40:00,204.5819,204.8585,204.4182,204.4232,56896.0
2026-03-20 11:45:00,204.4133,204.4133,203.9893,204.1653,48769.0
2026-03-20 11:50:00,204.2149,204.2893,203.957,204.1058,28157.0
2026-03-20 11:55:00,204.0761,204.4329,203.957,204.2843,34274.0
2026-03-20 12:00:00,204.2645,204.6017,204.1356,204.5224,29404.0
2026-03-20 12:05:00,204.4728,204.5124,203.838,204.0413,33512.0
2026-03-20 12:10:00,204.0959,204.1802,203.9124,204.0562,29536.0
2026-03-20 12:15:00,204.1554,204.6414,204.1207,204.6116,29059.0
2026-03-20 12:20:00,204.681,204.9786,204.5819,204.7405,35096.0
2026-03-20 12:25:00,204.7703,204.8596,204.4232,204.6513,38711.0
2026-03-20 12:30:00,204.6463,204.8486,204.5323,204.8199,24402.0
2026-03-20 12:35:00,204.8199,204.9091,204.5323,204.5621,56198.0
2026-03-20 12:40:00,204.6761,205.526,204.562,205.1868,101733.0
2026-03-20 12:45:00,205.1472,205.1868,204.7257,204.9339,33931.0
2026-03-20 12:50:00,204.939,205.2801,204.8993,205.2711,25609.0
2026-03-20 12:55:00,205.2364,205.4149,204.9091,205.1075,45640.0
2026-03-20 13:00:00,205.1174,205.2017,204.7554,204.9786,40101.0
2026-03-20 13:05:00,205.0546,205.0546,204.5422,204.7703,39790.0
2026-03-20 13:10:00,204.7802,204.815,204.6663,204.81,29300.0
2026-03-20 13:15:00,204.8199,204.8496,204.6414,204.6414,22168.0
2026-03-20 13:20:00,204.6314,205.2761,204.5521,205.2265,25985.0
2026-03-20 13:25:00,205.1968,205.2842,205.0084,205.0678,25677.0
2026-03-20 13:30:00,205.1025,205.1372,204.4331,204.4976,33244.0
2026-03-20 13:35:00,204.4976,204.7604,204.4976,204.7604,21237.0
2026-03-20 13:40:00,204.7505,204.8596,204.5471,204.5471,56576.0
2026-03-20 13:45:00,204.5422,204.562,204.0661,204.2347,38544.0
2026-03-20 13:50:00,204.0959,204.3776,203.9273,204.2199,30496.0
2026-03-20 13:55:00,204.2347,204.4529,204.1356,204.205,50435.0
2026-03-20 14:00:00,204.1357,204.2645,203.9769,204.0899,45332.0
2026-03-20 14:05:00,203.962,204.1653,203.8976,203.9174,34779.0
2026-03-20 14:10:00,203.9372,203.9521,203.6112,203.8182,240222.0
2026-03-20 14:15:00,203.7289,203.8579,203.5008,203.848,39793.0
2026-03-20 14:20:00,203.7835,203.8579,203.3322,203.3322,34482.0
2026-03-20 14:25:00,203.3818,203.4711,203.2529,203.3917,41878.0
2026-03-20 14:30:00,203.3719,203.5306,203.2628,203.4413,30101.0
2026-03-20 14:35:00,203.4909,203.5703,202.9256,202.9355,42007.0
2026-03-20 14:40:00,202.8661,203.0049,202.8165,202.9454,65214.0
2026-03-20 14:45:00,202.9454,202.9454,202.6578,202.757,62753.0
2026-03-20 14:50:00,202.7273,202.881,202.5785,202.8264,54765.0
2026-03-20 14:55:00,202.7768,203.0248,202.5686,202.9653,126053.0
2026-03-20 15:00:00,202.9256,203.2827,202.8363,202.8777,57703.0
2026-03-20 15:05:00,202.8859,203.1339,202.8363,203.0347,59683.0
2026-03-20 15:10:00,203.0347,203.124,202.7471,202.8264,58912.0
2026-03-20 15:15:00,202.8165,203.114,202.7273,202.7669,55607.0
2026-03-20 15:20:00,202.752,202.9157,202.519,202.7719,110314.0
2026-03-20 15:25:00,202.7719,203.0645,202.7074,203.0645,165614.0
2026-03-20 15:30:00,203.0099,203.0099,202.4,202.4347,238794.0
2026-03-20 15:35:00,202.4099,202.4297,201.547,202.3727,320805.0
2026-03-20 15:40:00,202.3504,202.4297,201.7156,201.9933,269534.0
2026-03-20 15:45:00,202.0479,202.3206,201.3884,201.6809,331740.0
2026-03-20 15:50:00,201.7454,202.8066,201.676,202.6479,491501.0
2026-03-20 15:55:00,202.6281,203.4116,202.4496,203.3818,1038915.0
2026-03-23 09:30:00,205.653,206.8976,204.3538,205.3058,151632.0
2026-03-23 09:35:00,205.0083,205.5835,204.0987,204.8893,61606.0
2026-03-23 09:40:00,205.1571,205.9307,204.7659,205.4348,37877.0
2026-03-23 09:45:00,205.4249,205.4645,204.8,205.0529,65597.0
2026-03-23 09:50:00,205.0182,205.0182,203.6198,204.2546,74904.0
2026-03-23 09:55:00,204.3768,204.929,203.7736,203.8281,39645.0
2026-03-23 10:00:00,203.8281,204.4182,203.6843,203.6992,47397.0
2026-03-23 10:05:00,203.5107,203.7984,203.0992,203.5802,35527.0
2026-03-23 10:10:00,203.5008,203.5008,202.4991,202.8116,37819.0
2026-03-23 10:15:00,202.8215,203.3025,202.7273,202.8363,35303.0
2026-03-23 10:20:00,202.8165,203.3521,202.8165,203.1636,59088.0
2026-03-23 10:25:00,203.2727,203.5603,203.0719,203.2578,53127.0
2026-03-23 10:30:00,203.114,203.114,202.1025,202.6281,67603.0
2026-03-23 10:35:00,202.7223,203.4215,202.5834,202.9157,43906.0
2026-03-23 10:40:00,202.9107,203.2926,202.9107,203.1686,23447.0
2026-03-23 10:45:00,203.1339,203.7785,203.1102,203.5703,28163.0
2026-03-23 10:50:00,203.3818,203.6595,203.2033,203.2628,32604.0
2026-03-23 10:55:00,203.2529,203.6198,203.0049,203.3843,42990.0
2026-03-23 11:00:00,203.3967,203.8678,203.2231,203.8678,54981.0
2026-03-23 11:05:00,203.7389,203.9372,203.4711,203.5504,44954.0
2026-03-23 11:10:00,203.481,203.719,203.1438,203.1934,46315.0
2026-03-23 11:15:00,203.1339,203.481,203.0843,203.3421,37176.0
2026-03-23 11:20:00,203.3719,204.0562,203.1934,203.843,47447.0
2026-03-23 11:25:00,203.8876,203.9372,203.362,203.5008,74340.0
2026-03-23 11:30:00,203.5603,203.6099,203.1735,203.3099,38731.0
2026-03-23 11:35:00,203.3074,203.6198,202.9058,203.1339,67700.0
2026-03-23 11:40:00,203.0545,203.4215,203.0347,203.2182,89610.0
2026-03-23 11:45:00,203.1537,203.5703,203.1339,203.5703,73362.0
2026-03-23 11:50:00,203.4052,203.5256,202.995,203.1785,60646.0
2026-03-23 11:55:00,203.1785,203.2331,202.9653,203.0397,50724.0
2026-03-23 12:00:00,203.0397,203.2331,202.8463,202.9901,77820.0
2026-03-23 12:05:00,202.9901,203.0645,202.3603,202.4744,52784.0
2026-03-23 12:10:00,202.4099,202.638,202.3008,202.5735,35311.0
2026-03-23 12:15:00,202.5785,202.6826,202.2315,202.3305,46990.0
2026-03-23 12:20:00,202.4198,202.4297,202.0529,202.0826,40692.0
2026-03-23 12:25:00,202.0429,202.3008,201.5867,201.7553,66899.0
2026-03-23 12:30:00,201.7553,202.1619,201.547,201.909,51505.0
2026-03-23 12:35:00,201.909,202.0826,201.8644,201.9686,24691.0
2026-03-23 12:40:00,201.9686,202.1818,201.7752,202.142,50589.0
2026-03-23 12:45:00,201.8347,202.3702,201.8347,202.3702,24403.0
2026-03-23 12:50:00,202.2859,202.5487,202.2611,202.2611,20358.0
2026-03-23 12:55:00,202.3901,202.4099,201.8247,202.2611,23870.0
2026-03-23 13:00:00,202.3603,202.4496,202.0529,202.0529,49616.0
2026-03-23 13:05:00,202.033,202.4099,202.0033,202.3206,55596.0
2026-03-23 13:10:00,202.3206,202.5686,202.2512,202.3702,91645.0
2026-03-23 13:15:00,202.3653,202.3702,202.033,202.276,58709.0
2026-03-23 13:20:00,202.281,202.3702,202.1124,202.1124,80271.0
2026-03-23 13:25:00,202.152,202.3206,201.8247,202.1867,137807.0
2026-03-23 13:30:00,202.1024,203.1041,202.1024,203.1041,72640.0
2026-03-23 13:35:00,203.0198,203.5107,202.9355,203.3967,53546.0
2026-03-23 13:40:00,203.5008,203.5107,203.0645,203.2132,43790.0
2026-03-23 13:45:00,203.124,203.2132,202.9256,203.0446,45021.0
2026-03-23 13:50:00,203.1091,203.243,202.7669,202.876,64723.0
2026-03-23 13:55:00,202.8562,203.124,202.8363,202.9107,34703.0
2026-03-23 14:00:00,202.9008,203.0248,202.7074,202.7471,45591.0
2026-03-23 14:05:00,202.7421,202.9058,202.3727,202.8959,63434.0
2026-03-23 14:10:00,202.9454,203.0149,202.7273,202.8661,59713.0
2026-03-23 14:15:00,202.8661,203.481,202.757,203.3868,93096.0
2026-03-23 14:20:00,203.3868,203.5504,203.1636,203.3322,62803.0
2026-03-23 14:25:00,203.4413,203.5306,203.243,203.4512,117700.0
2026-03-23 14:30:00,203.481,203.838,203.4512,203.7587,60946.0
2026-03-23 14:35:00,203.7587,204.2942,203.7587,204.1009,88274.0
2026-03-23 14:40:00,204.1256,204.3042,203.5306,203.5405,115370.0
2026-03-23 14:45:00,203.5901,203.7389,203.3471,203.6248,141415.0
2026-03-23 14:50:00,203.6198,203.6198,203.2826,203.3868,97458.0
2026-03-23 14:55:00,203.3521,203.5008,203.1835,203.1835,85099.0
2026-03-23 15:00:00,203.2182,203.2182,202.7768,202.8859,67781.0
2026-03-23 15:05:00,202.9405,203.1835,202.8264,203.1339,92360.0
2026-03-23 15:10:00,203.1339,203.2231,202.8016,203.1636,149533.0
2026-03-23 15:15:00,203.1636,203.2033,202.7768,202.9256,94749.0
2026-03-23 15:20:00,202.9256,203.1735,202.9256,202.995,144537.0
2026-03-23 15:25:00,203.0397,203.0446,202.8661,202.995,106478.0
2026-03-23 15:30:00,203.0248,203.3619,202.876,203.1488,131011.0
2026-03-23 15:35:00,203.1488,203.6298,202.9653,203.5752,129968.0
2026-03-23 15:40:00,203.6198,203.6198,203.124,203.5901,89908.0
2026-03-23 15:45:00,203.6298,203.9471,203.5107,203.5504,99704.0
2026-03-23 15:50:00,203.5455,203.6298,203.362,203.4711,125785.0
2026-03-23 15:55:00,203.5455,203.5802,203.1438,203.243,332992.0
2026-03-24 09:30:00,201.3685,201.8148,200.3371,200.9123,143311.0
2026-03-24 09:35:00,201.1008,201.4975,200.8925,201.3735,61368.0
2026-03-24 09:40:00,201.3784,202.2264,201.2495,201.8892,39525.0
2026-03-24 09:45:00,201.8247,202.0033,200.7883,200.7883,43871.0
2026-03-24 09:50:00,200.709,201.1107,200.1387,200.6149,39869.0
2026-03-24 09:55:00,200.6247,201.19,200.4561,200.8231,30368.0
2026-03-24 10:00:00,200.9222,202.0132,200.9222,201.9834,50386.0
2026-03-24 10:05:00,202.1818,203.0049,201.8942,202.6182,44198.0
2026-03-24 10:10:00,202.7372,202.9157,202.4991,202.8859,34022.0
2026-03-24 10:15:00,202.9752,202.9851,202.302,202.5041,32929.0
2026-03-24 10:20:00,202.4297,202.5289,202.1322,202.5289,35281.0
2026-03-24 10:25:00,202.5487,203.0545,202.4446,202.8463,40888.0
2026-03-24 10:30:00,202.757,203.0347,202.6479,202.8066,43653.0
2026-03-24 10:35:00,202.8264,202.8264,202.4198,202.5438,33145.0
2026-03-24 10:40:00,202.5512,202.8661,202.4892,202.6925,34403.0
2026-03-24 10:45:00,202.6677,202.6975,202.2958,202.5388,33073.0
2026-03-24 10:50:00,202.5487,203.2724,202.3107,202.8016,52511.0
2026-03-24 10:55:00,202.8016,202.876,202.0132,202.3157,43114.0
2026-03-24 11:00:00,202.4496,203.0149,202.4396,203.0149,42720.0
2026-03-24 11:05:00,202.9256,203.0843,202.7124,202.762,21917.0
2026-03-24 11:10:00,202.6876,203.1636,202.6876,203.124,27189.0
2026-03-24 11:15:00,203.1537,203.838,203.1488,203.7389,78518.0
2026-03-24 11:20:00,203.7389,203.9868,203.6496,203.6546,54802.0
2026-03-24 11:25:00,203.7091,204.0166,203.7091,203.9323,38413.0
2026-03-24 11:30:00,203.9967,204.2248,203.7785,203.8926,36226.0
2026-03-24 11:35:00,203.9372,204.1554,203.9175,204.0166,28299.0
2026-03-24 11:40:00,204.0562,204.1653,203.8876,204.081,198245.0
2026-03-24 11:45:00,204.0761,204.3042,204.0378,204.2595,20734.0
2026-03-24 11:50:00,204.2447,204.3091,204.0562,204.0562,113341.0
2026-03-24 11:55:00,204.0463,204.086,203.7289,203.9471,41199.0
2026-03-24 12:00:00,203.8281,203.9025,203.3917,203.7587,51275.0
2026-03-24 12:05:00,203.719,203.8579,203.605,203.7141,66873.0
2026-03-24 12:10:00,203.7685,203.8083,203.4761,203.6099,28931.0
2026-03-24 12:15:00,203.5752,203.8281,203.5008,203.7488,42001.0
2026-03-24 12:20:00,203.719,204.0959,203.6496,203.8628,76535.0
2026-03-24 12:25:00,203.838,204.2744,203.7736,203.7736,78704.0
2026-03-24 12:30:00,203.7785,203.8579,203.3124,203.3917,38307.0
2026-03-24 12:35:00,203.4215,203.7488,203.1835,203.2281,36656.0
2026-03-24 12:40:00,203.2281,203.6595,203.1835,203.2331,40699.0
2026-03-24 12:45:00,203.2331,203.4313,202.995,203.0248,10744.0
2026-03-24 12:50:00,203.0149,203.2331,202.9851,203.1339,26226.0
2026-03-24 12:55:00,203.1686,203.2045,202.9901,203.1438,21685.0
2026-03-24 13:00:00,203.2033,203.3124,202.995,202.995,28975.0
2026-03-24 13:05:00,202.9355,202.9554,202.5785,202.6281,39703.0
2026-03-24 13:10:00,202.5487,202.7372,202.5487,202.7273,23880.0
2026-03-24 13:15:00,202.7372,202.876,202.7273,202.8116,24498.0
2026-03-24 13:20:00,202.8066,203.0843,202.7868,203.0496,32188.0
2026-03-24 13:25:00,203.0149,203.1735,202.8066,202.8611,35995.0
2026-03-24 13:30:00,202.8611,203.0892,202.8059,202.8059,37100.0
2026-03-24 13:35:00,202.8314,203.1587,202.8161,203.1091,31496.0
2026-03-24 13:40:00,203.124,203.1934,202.5587,202.6578,32194.0
2026-03-24 13:45:00,202.5884,202.757,202.5884,202.6826,22825.0
2026-03-24 13:50:00,202.6578,202.8959,202.5289,202.876,30232.0
2026-03-24 13:55:00,202.8987,203.3322,202.7967,203.2132,38812.0
2026-03-24 14:00:00,203.2529,203.3124,202.8562,202.9058,36586.0
2026-03-24 14:05:00,202.9554,203.0545,202.8562,202.9454,24823.0
2026-03-24 14:10:00,202.9851,203.0049,202.7917,202.8463,20477.0
2026-03-24 14:15:00,202.8859,203.2519,202.7273,203.1289,35524.0
2026-03-24 14:20:00,203.1835,203.1835,202.8463,203.0049,30653.0
2026-03-24 14:25:00,202.9752,203.2033,202.9273,203.1636,26225.0
2026-03-24 14:30:00,203.1636,203.4364,203.0843,203.2231,21456.0
2026-03-24 14:35:00,203.2628,203.5603,203.1835,203.5405,40240.0
2026-03-24 14:40:00,203.5603,203.5802,203.0446,203.2216,34749.0
2026-03-24 14:45:00,203.243,203.3907,203.1934,203.3521,19817.0
2026-03-24 14:50:00,203.3471,203.4463,203.0369,203.119,62888.0
2026-03-24 14:55:00,203.1438,203.1785,202.9554,203.0347,28155.0
2026-03-24 15:00:00,202.9901,203.4711,202.9901,203.4661,55712.0
2026-03-24 15:05:00,203.4314,203.4314,202.9752,203.2231,43259.0
2026-03-24 15:10:00,203.243,203.2628,203.1041,203.1041,51628.0
2026-03-24 15:15:00,203.1339,203.3967,203.0645,203.0744,47495.0
2026-03-24 15:20:00,203.0942,203.2727,203.0645,203.1785,81156.0
2026-03-24 15:25:00,203.1735,203.1735,202.8165,203.0446,92722.0
2026-03-24 15:30:00,203.0248,203.2033,202.876,202.9603,89978.0
2026-03-24 15:35:00,202.9851,203.0198,202.8165,202.9851,64692.0
2026-03-24 15:40:00,203.0049,203.0595,202.8859,202.995,74478.0
2026-03-24 15:45:00,202.9653,203.0297,202.7011,202.8413,85682.0
2026-03-24 15:50:00,202.8463,203.0446,202.5487,202.6628,151510.0
2026-03-24 15:55:00,202.6479,203.5306,202.3603,203.5008,561109.0
2026-03-25 09:30:00,205.1571,205.7918,204.7703,205.2067,219527.0
2026-03-25 09:35:00,205.0777,205.4645,204.562,205.3654,48717.0
2026-03-25 09:40:00,205.3654,206.7538,205.048,206.6993,119445.0
2026-03-25 09:45:00,206.6993,207.458,206.0398,206.8728,62328.0
2026-03-25 09:50:00,206.8728,207.2497,206.5356,207.1307,36644.0
2026-03-25 09:55:00,207.1009,207.2586,206.4861,206.8034,23605.0
2026-03-25 10:00:00,206.8233,207.7952,206.6051,207.7952,37249.0
2026-03-25 10:05:00,207.7952,207.7952,207.2497,207.5373,28087.0
2026-03-25 10:10:00,207.5373,207.9539,207.5077,207.6365,27480.0
2026-03-25 10:15:00,207.5274,207.7506,206.5555,206.7637,37073.0
2026-03-25 10:20:00,206.7935,207.1505,206.5555,206.8431,29219.0
2026-03-25 10:25:00,206.9125,207.0216,206.4265,206.4265,84849.0
2026-03-25 10:30:00,206.6943,206.6943,206.01,206.4414,80076.0
2026-03-25 10:35:00,206.4414,206.6244,206.2084,206.3522,29259.0
2026-03-25 10:40:00,206.2084,206.377,205.9604,206.0151,47758.0
2026-03-25 10:45:00,206.1389,206.7439,206.129,206.7439,26745.0
2026-03-25 10:50:00,206.6646,206.9423,206.496,206.5059,23991.0
2026-03-25 10:55:00,206.6051,206.7141,206.129,206.2976,32137.0
2026-03-25 11:00:00,206.2679,206.3629,205.8414,205.9009,60702.0
2026-03-25 11:05:00,206.0249,206.2877,205.8017,206.2877,87191.0
2026-03-25 11:10:00,206.2877,206.9472,206.2084,206.8728,24962.0
2026-03-25 11:15:00,206.6993,206.8629,205.9604,206.134,50655.0
2026-03-25 11:20:00,206.134,206.8629,206.0298,206.7439,63502.0
2026-03-25 11:25:00,206.7885,206.9026,206.6348,206.7439,24415.0
2026-03-25 11:30:00,206.7439,206.9224,206.5753,206.5753,30494.0
2026-03-25 11:35:00,206.5456,206.5456,206.2976,206.4861,43213.0
2026-03-25 11:40:00,206.442,207.0117,206.4166,206.9819,17366.0
2026-03-25 11:45:00,206.9323,207.0811,206.7935,207.0514,25132.0
2026-03-25 11:50:00,207.0811,207.096,206.7142,206.7439,16698.0
2026-03-25 11:55:00,206.6596,206.854,206.5753,206.8034,60550.0
2026-03-25 12:00:00,206.734,206.8332,206.3075,206.5158,29941.0
2026-03-25 12:05:00,206.4761,206.6423,206.3075,206.5753,16277.0
2026-03-25 12:10:00,206.5307,206.5849,206.2877,206.5257,15235.0
2026-03-25 12:15:00,206.5059,206.5951,206.2382,206.3075,25838.0
2026-03-25 12:20:00,206.3571,206.4861,206.2084,206.4861,43638.0
2026-03-25 12:25:00,206.4464,206.4761,205.9505,206.0596,21033.0
2026-03-25 12:30:00,206.0497,206.0497,205.7918,205.9996,52756.0
2026-03-25 12:35:00,205.9703,206.2579,205.9406,206.1489,30535.0
2026-03-25 12:40:00,206.2084,206.2877,206.0199,206.1786,22622.0
2026-03-25 12:45:00,206.1687,206.2034,205.8811,205.9406,21251.0
2026-03-25 12:50:00,205.9753,206.2679,205.9753,206.2183,16826.0
2026-03-25 12:55:00,206.2183,206.2183,206.0199,206.1489,20572.0
2026-03-25 13:00:00,206.1885,206.2778,205.9307,206.129,28503.0
2026-03-25 13:05:00,206.01,206.1786,205.8662,205.8662,36552.0
2026-03-25 13:10:00,205.8464,206.129,205.8464,206.0993,15399.0
2026-03-25 13:15:00,206.0745,206.1191,205.9108,205.9505,25848.0
2026-03-25 13:20:00,205.8811,206.0596,205.7521,205.8117,21265.0
2026-03-25 13:25:00,205.8166,205.8315,205.5538,205.772,28543.0
2026-03-25 13:30:00,205.7323,205.8711,205.6331,205.8513,26782.0
2026-03-25 13:35:00,205.8216,205.9158,205.4844,205.5884,22636.0
2026-03-25 13:40:00,205.5538,205.6827,205.405,205.6331,25730.0
2026-03-25 13:45:00,205.653,205.6727,205.534,205.5439,23784.0
2026-03-25 13:50:00,205.5141,205.5736,205.3158,205.3802,20366.0
2026-03-25 13:55:00,205.405,205.6133,205.2463,205.3058,26506.0
2026-03-25 14:00:00,205.3654,205.4249,205.1472,205.1472,18266.0
2026-03-25 14:05:00,205.2315,205.3356,205.1473,205.3346,19987.0
2026-03-25 14:10:00,205.286,205.3356,205.1472,205.2512,21868.0
2026-03-25 14:15:00,205.2563,205.3247,205.048,205.2463,22342.0
2026-03-25 14:20:00,205.2612,205.3539,205.2265,205.2761,22692.0
2026-03-25 14:25:00,205.2761,205.3058,204.9885,205.0381,23720.0
2026-03-25 14:30:00,205.0381,205.1174,204.8298,204.8843,24566.0
2026-03-25 14:35:00,204.8794,205.0282,204.8496,204.9786,23139.0
2026-03-25 14:40:00,204.9786,205.0381,204.8596,204.9686,17768.0
2026-03-25 14:45:00,205.0083,205.2959,204.81,205.286,62178.0
2026-03-25 14:50:00,205.2662,205.286,205.0182,205.1125,15444.0
2026-03-25 14:55:00,205.0678,205.2067,204.7108,204.9686,60310.0
2026-03-25 15:00:00,204.9686,205.0083,204.7802,204.9141,23338.0
2026-03-25 15:05:00,204.9091,205.0777,204.8496,204.9091,30281.0
2026-03-25 15:10:00,204.9042,204.9042,204.4331,204.5719,53855.0
2026-03-25 15:15:00,204.6265,204.8695,204.452,204.8695,29197.0
2026-03-25 15:20:00,204.8793,205.0182,204.6514,204.7703,36419.0
2026-03-25 15:25:00,204.8348,204.8348,204.3339,204.3736,41635.0
2026-03-25 15:30:00,204.3885,205.1075,204.3696,205.0381,71551.0
2026-03-25 15:35:00,205.048,205.0877,204.5422,204.6017,77455.0
2026-03-25 15:40:00,204.6116,204.7405,204.4331,204.5224,80765.0
2026-03-25 15:45:00,204.5917,204.5918,204.3646,204.4182,59630.0
2026-03-25 15:50:00,204.4529,204.8893,204.1604,204.686,276145.0
2026-03-25 15:55:00,204.7306,205.4744,204.3637,205.4744,545882.0
2026-03-26 09:30:00,205.4844,205.891,204.6116,204.691,90343.0
2026-03-26 09:35:00,204.9439,205.167,204.0661,205.167,25100.0
2026-03-26 09:40:00,205.1027,205.5809,204.8893,205.5439,29813.0
2026-03-26 09:45:00,205.5042,206.3621,205.5042,205.9902,22697.0
2026-03-26 09:50:00,205.9902,206.1092,205.6183,205.9753,20767.0
2026-03-26 09:55:00,205.9703,206.1786,205.6232,205.9604,31217.0
2026-03-26 10:00:00,206.1786,206.1786,205.8315,205.886,25352.0
2026-03-26 10:05:00,205.7918,206.972,205.6827,206.9224,34998.0
2026-03-26 10:10:00,206.9224,207.0202,206.5852,206.848,25845.0
2026-03-26 10:15:00,206.8505,207.1208,206.6348,206.7092,50090.0
2026-03-26 10:20:00,206.7439,207.1009,206.6646,206.7637,31046.0
2026-03-26 10:25:00,206.8679,207.0117,206.6348,206.6646,21507.0
2026-03-26 10:30:00,206.6844,206.843,206.5356,206.734,35312.0
2026-03-26 10:35:00,206.6894,206.9819,206.5257,206.9819,28432.0
2026-03-26 10:40:00,207.0117,207.22,206.7935,207.0662,43578.0
2026-03-26 10:45:00,207.1704,207.6167,207.1308,207.4778,21593.0
2026-03-26 10:50:00,207.3687,207.5654,207.3687,207.4233,13332.0
2026-03-26 10:55:00,207.3588,207.6464,207.2795,207.5274,28205.0
2026-03-26 11:00:00,207.6068,207.6068,207.1505,207.2596,29473.0
2026-03-26 11:05:00,207.3191,207.5324,207.1605,207.3489,37570.0
2026-03-26 11:10:00,207.334,207.6266,207.2398,207.6266,26873.0
2026-03-26 11:15:00,207.6762,207.9685,207.5671,207.6514,45692.0
2026-03-26 11:20:00,207.6315,207.9538,207.6167,207.934,25112.0
2026-03-26 11:25:00,207.8745,207.944,207.6365,207.6613,41110.0
2026-03-26 11:30:00,207.6167,207.9539,207.2993,207.6911,55947.0
2026-03-26 11:35:00,207.6861,207.7803,207.6117,207.6613,20599.0
2026-03-26 11:40:00,207.5968,207.6563,207.3886,207.3985,28932.0
2026-03-26 11:45:00,207.4381,207.7555,207.4282,207.5274,26525.0
2026-03-26 11:50:00,207.5373,207.7943,207.458,207.4977,41214.0
2026-03-26 11:55:00,207.6761,207.6761,207.4084,207.5671,28935.0
2026-03-26 12:00:00,207.5795,207.6464,207.5175,207.5572,24949.0
2026-03-26 12:05:00,207.5175,207.7456,207.4183,207.7159,22395.0
2026-03-26 12:10:00,207.7258,207.9241,207.7258,207.8746,18452.0
2026-03-26 12:15:00,207.8993,208.053,207.5969,208.053,56415.0
2026-03-26 12:20:00,208.1522,208.1721,207.8646,208.053,52428.0
2026-03-26 12:25:00,208.053,208.2415,207.7654,208.0382,35533.0
2026-03-26 12:30:00,208.053,208.2216,207.9192,208.1026,14770.0
2026-03-26 12:35:00,208.063,208.063,207.8646,207.9836,15636.0
2026-03-26 12:40:00,207.939,208.3307,207.9142,208.2117,48470.0
2026-03-26 12:45:00,208.2018,208.3307,208.2018,208.3031,12654.0
2026-03-26 12:50:00,208.2663,208.8068,208.2663,208.7225,43038.0
2026-03-26 12:55:00,208.6814,208.782,208.539,208.782,29746.0
2026-03-26 13:00:00,208.7969,208.901,208.6184,208.6283,43918.0
2026-03-26 13:05:00,208.6084,208.787,208.4993,208.6084,33700.0
2026-03-26 13:10:00,208.6084,208.9357,208.6084,208.8762,22455.0
2026-03-26 13:15:00,208.8415,208.8713,208.7076,208.7572,27587.0
2026-03-26 13:20:00,208.7175,208.8068,208.4498,208.5142,38089.0
2026-03-26 13:25:00,208.5142,208.8316,208.4299,208.7894,19763.0
2026-03-26 13:30:00,208.787,209.0151,208.7126,209.0051,23937.0
2026-03-26 13:35:00,209.0547,209.3225,208.8564,208.9952,72640.0
2026-03-26 13:40:00,209.0349,209.1439,208.9357,209.0299,37696.0
2026-03-26 13:45:00,209.0696,209.2134,208.9754,209.1043,32800.0
2026-03-26 13:50:00,209.0746,209.4911,209.0448,209.382,45266.0
2026-03-26 13:55:00,209.4118,209.4614,209.0746,209.2233,40387.0
2026-03-26 14:00:00,209.2332,209.3919,209.1142,209.3671,29696.0
2026-03-26 14:05:00,209.4118,209.6597,209.3671,209.6281,26391.0
2026-03-26 14:10:00,209.6002,209.7093,209.3423,209.4911,33431.0
2026-03-26 14:15:00,209.4713,209.5605,209.4514,209.4961,25274.0
2026-03-26 14:20:00,209.4614,209.4911,209.1589,209.4018,36278.0
2026-03-26 14:25:00,209.3721,209.4217,209.1837,209.2134,19729.0
2026-03-26 14:30:00,209.2134,209.3572,209.1539,209.2779,37145.0
2026-03-26 14:35:00,209.3027,209.6399,209.263,209.382,96371.0
2026-03-26 14:40:00,209.3771,209.382,209.2233,209.2729,27468.0
2026-03-26 14:45:00,209.263,209.5109,209.258,209.4118,38552.0
2026-03-26 14:50:00,209.3919,209.4316,209.2432,209.3027,27656.0
2026-03-26 14:55:00,209.3027,209.382,209.1291,209.3622,34799.0
2026-03-26 15:00:00,209.3622,209.3622,209.0845,209.1589,46429.0
2026-03-26 15:05:00,209.1589,209.4316,209.1043,209.2432,73053.0
2026-03-26 15:10:00,209.1936,209.2928,208.8465,208.9258,71592.0
2026-03-26 15:15:00,208.9357,209.1539,208.9308,209.1341,61235.0
2026-03-26 15:20:00,209.1242,209.1539,208.8365,208.9258,108203.0
2026-03-26 15:25:00,208.906,209.1737,208.8812,209.1737,61330.0
2026-03-26 15:30:00,209.1737,209.3027,208.9655,209.2729,98261.0
2026-03-26 15:35:00,209.2332,209.4316,209.1737,209.3622,53208.0
2026-03-26 15:40:00,209.3622,209.4316,208.896,208.906,83142.0
2026-03-26 15:45:00,208.8663,209.4415,208.5886,209.4415,102912.0
2026-03-26 15:50:00,209.4514,209.4812,208.9556,209.2184,135592.0
2026-03-26 15:55:00,209.1936,209.6597,209.0944,209.3473,442633.0
2026-03-27 09:30:00,209.6795,210.0366,208.9456,209.7787,77735.0
2026-03-27 09:35:00,209.8481,210.0763,209.4911,209.7373,43033.0
2026-03-27 09:40:00,209.604,210.2548,209.5209,210.106,84005.0
2026-03-27 09:45:00,210.0167,210.711,209.7886,210.592,33079.0
2026-03-27 09:50:00,210.711,210.7606,210.106,210.5225,33897.0
2026-03-27 09:55:00,210.3837,210.5225,209.8085,209.8531,30288.0
2026-03-27 10:00:00,209.8085,210.3539,209.7093,209.9324,37567.0
2026-03-27 10:05:00,209.9721,211.7325,209.9374,211.7325,58525.0
2026-03-27 10:10:00,211.7127,211.7127,210.4878,210.5176,44899.0
2026-03-27 10:15:00,210.5176,210.6812,210.0961,210.5573,48707.0
2026-03-27 10:20:00,210.5473,210.8201,210.2151,210.2151,39697.0
2026-03-27 10:25:00,210.3639,210.7903,210.0763,210.106,36900.0
2026-03-27 10:30:00,210.1754,210.3192,209.982,210.1506,31700.0
2026-03-27 10:35:00,210.1506,210.2746,209.5705,209.5705,28842.0
2026-03-27 10:40:00,209.6597,209.8283,209.0547,209.7291,43229.0
2026-03-27 10:45:00,209.8184,210.1556,209.7391,210.0961,41669.0
2026-03-27 10:50:00,210.1953,210.2449,209.7291,209.7986,21107.0
2026-03-27 10:55:00,209.8779,210.225,209.868,210.1457,26278.0
2026-03-27 11:00:00,210.1457,210.473,210.0763,210.3341,31459.0
2026-03-27 11:05:00,210.3391,210.6217,210.2994,210.5622,42452.0
2026-03-27 11:10:00,210.5126,210.8697,210.4779,210.6267,49548.0
2026-03-27 11:15:00,210.6812,210.8994,210.1655,210.1853,67678.0
2026-03-27 11:20:00,210.23,210.9887,210.1705,210.6118,30308.0
2026-03-27 11:25:00,210.6713,210.7209,210.3837,210.5374,44175.0
2026-03-27 11:30:00,210.5374,210.8597,210.5325,210.6316,23668.0
2026-03-27 11:35:00,210.6316,210.6316,209.9424,209.9424,19686.0
2026-03-27 11:40:00,209.8581,210.1556,209.7192,209.7192,24319.0
2026-03-27 11:45:00,209.9374,209.9852,209.6597,209.9473,26584.0
2026-03-27 11:50:00,209.9513,209.9513,209.449,209.63,35869.0
2026-03-27 11:55:00,209.6002,209.6002,209.0647,209.1787,25113.0
2026-03-27 12:00:00,209.1539,209.2432,208.5787,208.719,28692.0
2026-03-27 12:05:00,208.5985,209.0101,208.5886,208.9952,25479.0
2026-03-27 12:10:00,209.025,209.1341,208.7076,208.7969,42364.0
2026-03-27 12:15:00,208.8613,208.9754,208.7076,208.7572,13830.0
2026-03-27 12:20:00,208.8068,208.896,208.539,208.6332,20593.0
2026-03-27 12:25:00,208.6878,209.1142,208.42,208.9357,51082.0
2026-03-27 12:30:00,208.9357,209.4514,208.9258,209.0547,102732.0
2026-03-27 12:35:00,209.0547,209.1291,208.6977,209.1043,45866.0
2026-03-27 12:40:00,209.1043,209.3721,209.0944,209.2382,20116.0
2026-03-27 12:45:00,209.2432,209.3721,209.1192,209.3126,27978.0
2026-03-27 12:50:00,209.3572,209.4614,209.1638,209.263,55609.0
2026-03-27 12:55:00,209.2531,209.749,209.1838,209.6498,116894.0
2026-03-27 13:00:00,209.63,209.7886,209.5407,209.6151,32998.0
2026-03-27 13:05:00,209.6498,209.7093,209.1729,209.2828,17153.0
2026-03-27 13:10:00,209.2779,209.6597,209.2283,209.63,21658.0
2026-03-27 13:15:00,209.6696,210.1556,209.6101,209.868,43769.0
2026-03-27 13:20:00,209.8531,210.0738,209.8283,210.0167,20009.0
2026-03-27 13:25:00,209.9771,210.1159,209.7638,209.8283,19861.0
2026-03-27 13:30:00,209.8184,210.106,209.7936,210.106,19842.0
2026-03-27 13:35:00,210.0564,210.2151,209.8779,210.1382,38550.0
2026-03-27 13:40:00,210.106,210.4928,210.0961,210.3738,61281.0
2026-03-27 13:45:00,210.3242,210.5523,210.2548,210.4938,31025.0
2026-03-27 13:50:00,210.4234,210.7407,210.4135,210.7308,43796.0
2026-03-27 13:55:00,210.6812,210.7308,210.4531,210.5027,48784.0
2026-03-27 14:00:00,210.5027,210.6416,210.0862,210.2548,39893.0
2026-03-27 14:05:00,210.2944,210.3242,210.1655,210.2696,19731.0
2026-03-27 14:10:00,210.2696,210.3242,209.9027,210.3143,40230.0
2026-03-27 14:15:00,210.2647,210.4531,210.2424,210.2944,25613.0
2026-03-27 14:20:00,210.2449,210.473,210.235,210.3936,36293.0
2026-03-27 14:25:00,210.3192,210.3681,210.0069,210.0802,49728.0
2026-03-27 14:30:00,210.0663,210.0763,209.7539,209.7539,29645.0
2026-03-27 14:35:00,209.6895,209.987,209.6597,209.9225,30763.0
2026-03-27 14:40:00,209.9225,210.1953,209.8978,210.0911,35719.0
2026-03-27 14:45:00,210.0168,210.2151,209.987,210.1506,32706.0
2026-03-27 14:50:00,210.1953,210.4382,210.1457,210.4234,38018.0
2026-03-27 14:55:00,210.4432,210.4432,210.2349,210.3044,44438.0
2026-03-27 15:00:00,210.3044,210.344,209.5407,209.5407,164194.0
2026-03-27 15:05:00,209.5705,209.6052,209.1539,209.501,54722.0
2026-03-27 15:10:00,209.501,209.9176,209.4614,209.8085,74029.0
2026-03-27 15:15:00,209.7688,209.8581,209.3721,209.4941,78284.0
2026-03-27 15:20:00,209.501,209.8581,209.3969,209.4762,38710.0
2026-03-27 15:25:00,209.4812,209.501,209.0448,209.1837,61405.0
2026-03-27 15:30:00,209.1837,209.2828,208.6184,208.7919,55520.0
2026-03-27 15:35:00,208.7374,208.7473,208.177,208.4696,65817.0
2026-03-27 15:40:00,208.5093,208.5093,207.8051,207.8448,81070.0
2026-03-27 15:45:00,207.8497,208.1919,207.3985,208.0828,136320.0
2026-03-27 15:50:00,208.1423,208.3208,207.7357,208.1026,157024.0
2026-03-27 15:55:00,208.0828,208.6184,207.5968,207.5968,546191.0
2026-03-30 09:30:00,210.5126,210.5523,209.0448,209.2779,111221.0
2026-03-30 09:35:00,209.0547,211.1275,209.0547,211.0085,51504.0
2026-03-30 09:40:00,210.9683,211.2366,210.463,210.8498,35729.0
2026-03-30 09:45:00,210.7804,211.4945,210.7308,211.187,45083.0
2026-03-30 09:50:00,211.187,211.3656,209.9523,210.1606,24737.0
2026-03-30 09:55:00,210.2002,210.8597,210.1754,210.7705,30175.0
2026-03-30 10:00:00,210.7308,211.1176,210.3418,210.7507,42896.0
2026-03-30 10:05:00,210.7507,210.9688,210.4135,210.8052,46268.0
2026-03-30 10:10:00,210.8151,210.8796,209.8977,210.3044,32576.0
2026-03-30 10:15:00,210.1953,210.3639,210.0366,210.2473,133539.0
2026-03-30 10:20:00,210.2944,210.3738,209.9177,210.0465,56455.0
2026-03-30 10:25:00,210.1457,210.6316,210.1308,210.5225,48538.0
2026-03-30 10:30:00,210.6118,210.9738,210.3837,210.473,114807.0
2026-03-30 10:35:00,210.4333,210.8895,210.1159,210.7457,30441.0
2026-03-30 10:40:00,210.7457,211.6406,210.7358,211.5044,45037.0
2026-03-30 10:45:00,211.5044,211.8466,211.1672,211.1672,46203.0
2026-03-30 10:50:00,211.1573,211.2069,210.6614,211.0879,45536.0
2026-03-30 10:55:00,210.9639,211.3885,210.8102,211.1275,67119.0
2026-03-30 11:00:00,211.1969,211.3532,210.2289,210.4531,71677.0
2026-03-30 11:05:00,210.5126,210.6514,210.2449,210.587,57697.0
2026-03-30 11:10:00,210.5622,211.0184,210.5622,210.6416,36846.0
2026-03-30 11:15:00,210.6019,210.8597,209.9672,210.7804,129918.0
2026-03-30 11:20:00,210.7804,210.9986,210.5622,210.5624,35639.0
2026-03-30 11:25:00,210.6267,210.8201,210.344,210.4432,35061.0
2026-03-30 11:30:00,210.4283,210.7507,210.3341,210.6465,35336.0
2026-03-30 11:35:00,210.6465,210.6656,210.3044,210.5275,42929.0
2026-03-30 11:40:00,210.5275,210.83,210.4333,210.7308,23447.0
2026-03-30 11:45:00,210.7507,211.2465,210.6416,210.7903,45802.0
2026-03-30 11:50:00,210.8002,211.0085,210.5325,210.8994,28660.0
2026-03-30 11:55:00,210.9589,211.0085,210.7209,210.8796,25928.0
2026-03-30 12:00:00,210.8102,210.8722,210.4928,210.592,46700.0
2026-03-30 12:05:00,210.6068,211.2069,210.6068,211.2069,24843.0
2026-03-30 12:10:00,211.1722,211.3755,211.1474,211.1474,22953.0
2026-03-30 12:15:00,211.1474,211.6333,210.9788,211.549,81391.0
2026-03-30 12:20:00,211.549,211.6631,211.4052,211.4548,21731.0
2026-03-30 12:25:00,211.4548,211.4746,211.1969,211.2961,31244.0
2026-03-30 12:30:00,211.3209,211.4746,211.2763,211.4003,16403.0
2026-03-30 12:35:00,211.3556,211.4746,211.2465,211.2763,15512.0
2026-03-30 12:40:00,211.2813,211.4945,211.2366,211.2614,82987.0
2026-03-30 12:45:00,211.2961,211.2961,210.8151,210.83,20895.0
2026-03-30 12:50:00,210.8399,210.8796,210.6515,210.8102,23652.0
2026-03-30 12:55:00,210.8002,210.8498,210.6515,210.7903,15036.0
2026-03-30 13:00:00,210.8002,211.0978,210.7507,211.0667,30398.0
2026-03-30 13:05:00,210.9589,211.1969,210.8697,211.1969,17832.0
2026-03-30 13:10:00,211.1722,211.2168,210.8697,210.8701,13613.0
2026-03-30 13:15:00,210.8597,210.9887,210.7507,210.835,16307.0
2026-03-30 13:20:00,210.7606,211.2664,210.711,211.2118,24015.0
2026-03-30 13:25:00,211.1771,211.1771,210.9391,211.0135,15470.0
2026-03-30 13:30:00,211.0234,211.3755,211.0234,211.3507,41046.0
2026-03-30 13:35:00,211.4052,211.6234,211.306,211.6234,18890.0
2026-03-30 13:40:00,211.6036,211.6234,211.4548,211.4994,19736.0
2026-03-30 13:45:00,211.4995,211.5738,211.2268,211.3854,38382.0
2026-03-30 13:50:00,211.3656,211.3656,211.1226,211.2763,28065.0
2026-03-30 13:55:00,211.2565,211.3358,211.1276,211.2019,15339.0
2026-03-30 14:00:00,211.2565,211.5143,211.2465,211.5143,19476.0
2026-03-30 14:05:00,211.4895,211.9904,211.4399,211.9904,62121.0
2026-03-30 14:10:00,212.04,212.159,211.9011,212.159,45815.0
2026-03-30 14:15:00,212.1292,212.1788,211.554,211.6829,83421.0
2026-03-30 14:20:00,211.6829,211.6829,211.3556,211.4846,32486.0
2026-03-30 14:25:00,211.4846,211.5639,211.3755,211.5639,29826.0
2026-03-30 14:30:00,211.5639,211.6036,211.3457,211.5292,34004.0
2026-03-30 14:35:00,211.5242,211.7424,211.5242,211.5342,40011.0
2026-03-30 14:40:00,211.5887,211.6234,211.3854,211.4003,24153.0
2026-03-30 14:45:00,211.4449,211.4647,211.1993,211.2565,34692.0
2026-03-30 14:50:00,211.2664,211.415,211.0482,211.1771,41149.0
2026-03-30 14:55:00,211.1722,211.4449,211.0531,211.4251,92457.0
2026-03-30 15:00:00,211.454,212.03,211.3953,211.6978,54261.0
2026-03-30 15:05:00,211.6978,211.8317,211.5738,211.5738,72850.0
2026-03-30 15:10:00,211.5887,211.7623,211.4746,211.7523,56505.0
2026-03-30 15:15:00,211.7176,211.7325,211.4945,211.5738,52347.0
2026-03-30 15:20:00,211.5738,211.6532,210.9688,210.9688,52383.0
2026-03-30 15:25:00,210.9672,210.9788,210.6734,210.8102,81989.0
2026-03-30 15:30:00,210.7705,210.9887,210.3639,210.6763,103463.0
2026-03-30 15:35:00,210.711,211.2763,210.6515,211.1821,62307.0
2026-03-30 15:40:00,211.2069,211.2515,210.8796,211.1771,69681.0
2026-03-30 15:45:00,211.2267,211.4151,210.9936,211.0531,83028.0
2026-03-30 15:50:00,211.0085,211.4449,210.8994,211.4003,150702.0
2026-03-30 15:55:00,211.4003,211.7523,211.2713,211.4647,445813.0
2026-03-31 09:30:00,213.2896,214.7624,213.0813,213.8251,163151.0
2026-03-31 09:35:00,213.8351,214.7971,213.726,214.7177,83757.0
2026-03-31 09:40:00,214.807,214.8169,213.9441,214.4093,66693.0
2026-03-31 09:45:00,214.2218,214.9855,214.0597,214.683,77512.0
2026-03-31 09:50:00,214.7574,215.6004,214.5293,215.5905,46974.0
2026-03-31 09:55:00,215.5706,216.6814,215.5706,216.4632,86109.0
2026-03-31 10:00:00,216.5029,217.3657,216.2847,217.0533,84075.0
2026-03-31 10:05:00,217.1971,217.3162,216.5227,216.6616,73854.0
2026-03-31 10:10:00,216.5525,216.8302,215.4863,216.0566,76378.0
2026-03-31 10:15:00,216.0715,216.2054,214.7673,215.0698,319641.0
2026-03-31 10:20:00,215.1541,215.2235,214.688,215.0847,36470.0
2026-03-31 10:25:00,214.9657,215.3425,214.7971,215.0549,40991.0
2026-03-31 10:30:00,215.0549,215.1144,214.6185,214.9161,81345.0
2026-03-31 10:35:00,214.9954,214.9954,214.4797,214.5739,114627.0
2026-03-31 10:40:00,214.6781,214.7475,214.1127,214.1276,82186.0
2026-03-31 10:45:00,214.1921,214.4698,213.5822,214.2218,75543.0
2026-03-31 10:50:00,214.2218,214.6185,214.1623,214.4797,67474.0
2026-03-31 10:55:00,214.3805,214.5293,213.964,214.3904,62105.0
2026-03-31 11:00:00,214.4201,214.7574,214.3309,214.3309,73536.0
2026-03-31 11:05:00,214.3309,215.3029,214.3309,214.7971,74329.0
2026-03-31 11:10:00,214.7971,215.2136,214.569,215.0996,36794.0
2026-03-31 11:15:00,215.0996,215.156,214.6533,214.6533,37646.0
2026-03-31 11:20:00,214.6582,214.7376,214.202,214.6384,154648.0
2026-03-31 11:25:00,214.6334,214.7177,213.8053,214.1475,58959.0
2026-03-31 11:30:00,214.1475,214.2417,213.9243,214.083,34477.0
2026-03-31 11:35:00,214.1425,214.5987,214.1028,214.5491,27927.0
2026-03-31 11:40:00,214.5888,214.6582,214.4202,214.5888,19122.0
2026-03-31 11:45:00,214.5789,214.6384,214.4698,214.4847,23645.0
2026-03-31 11:50:00,214.5293,214.5888,214.2615,214.5095,89662.0
2026-03-31 11:55:00,214.5789,214.7177,214.4301,214.4747,21170.0
2026-03-31 12:00:00,214.5095,214.7276,214.3905,214.6334,42039.0
2026-03-31 12:05:00,214.5492,215.1541,214.5492,215.1144,33860.0
2026-03-31 12:10:00,215.0996,215.2731,214.9409,215.0946,37724.0
2026-03-31 12:15:00,215.1937,215.2136,214.9757,215.1541,34287.0
2026-03-31 12:20:00,215.0847,215.3872,215.0153,215.3822,54059.0
2026-03-31 12:25:00,215.3822,215.5409,215.2434,215.3921,68622.0
2026-03-31 12:30:00,215.3475,215.3723,214.5789,214.6632,52311.0
2026-03-31 12:35:00,214.6632,215.0847,214.6185,215.0153,57674.0
2026-03-31 12:40:00,215.0847,215.3742,214.3508,214.6781,65450.0
2026-03-31 12:45:00,214.559,214.7376,214.2615,214.6136,71541.0
2026-03-31 12:50:00,214.6285,215.0648,214.6285,214.802,30914.0
2026-03-31 12:55:00,214.6979,214.7574,214.3904,214.7574,54778.0
2026-03-31 13:00:00,214.7227,215.0053,214.6681,214.6681,39110.0
2026-03-31 13:05:00,214.807,214.807,214.3805,214.3805,43956.0
2026-03-31 13:10:00,214.3954,214.564,214.321,214.559,33903.0
2026-03-31 13:15:00,214.5888,214.8863,214.5293,214.807,59964.0
2026-03-31 13:20:00,214.807,214.9458,214.44,214.7128,55585.0
2026-03-31 13:25:00,214.7128,214.8367,214.5888,214.6185,39545.0
2026-03-31 13:30:00,214.5888,215.0053,214.5293,214.9409,76111.0
2026-03-31 13:35:00,214.9657,215.0351,214.3855,214.559,44936.0
2026-03-31 13:40:00,214.559,214.8467,214.559,214.6979,56749.0
2026-03-31 13:45:00,214.6582,215.4318,214.5392,215.3326,92539.0
2026-03-31 13:50:00,215.3921,215.5507,215.0153,215.2334,58118.0
2026-03-31 13:55:00,215.2434,215.2533,214.9955,215.0749,63103.0
2026-03-31 14:00:00,215.1244,215.3822,214.9657,214.9657,69083.0
2026-03-31 14:05:00,215.0351,215.1343,214.9657,215.0153,43435.0
2026-03-31 14:10:00,215.0202,215.0548,214.6582,214.6979,43613.0
2026-03-31 14:15:00,214.6681,215.0847,214.6037,215.0153,48418.0
2026-03-31 14:20:00,215.0153,215.05,214.5116,214.5491,50159.0
2026-03-31 14:25:00,214.559,214.7971,214.5243,214.688,34136.0
2026-03-31 14:30:00,214.6582,214.6681,214.3607,214.4499,35274.0
2026-03-31 14:35:00,214.4004,214.8467,214.1127,214.1127,68067.0
2026-03-31 14:40:00,214.0915,214.807,214.083,214.6185,48477.0
2026-03-31 14:45:00,214.6979,214.8665,214.6185,214.8665,31645.0
2026-03-31 14:50:00,214.8764,215.1541,214.807,215.0847,57783.0
2026-03-31 14:55:00,215.1541,215.1938,214.4896,215.1839,56271.0
2026-03-31 15:00:00,215.1144,215.2533,214.9954,215.1442,66978.0
2026-03-31 15:05:00,215.1343,215.3822,214.8863,215.3326,53630.0
2026-03-31 15:10:00,215.3425,215.5211,215.0946,215.1442,70661.0
2026-03-31 15:15:00,215.164,215.3624,215.164,215.283,39917.0
2026-03-31 15:20:00,215.2781,215.531,215.2781,215.4913,52791.0
2026-03-31 15:25:00,215.484,215.6599,215.4616,215.5062,51233.0
2026-03-31 15:30:00,215.5211,215.8384,215.5111,215.6847,62680.0
2026-03-31 15:35:00,215.7194,216.2252,215.6897,216.0566,116836.0
2026-03-31 15:40:00,216.0417,216.0417,215.6599,215.7442,129876.0
2026-03-31 15:45:00,215.769,215.9971,215.6599,215.6797,96055.0
2026-03-31 15:50:00,215.6921,215.9674,215.3723,215.4814,148491.0
2026-03-31 15:55:00,215.4814,215.9078,215.4417,215.65,407604.0
