datetime,open,high,low,close,volume
2026-03-02 09:30:00,308.7378,310.624,306.5821,309.8256,1168599.0
2026-03-02 09:35:00,309.8256,312.3505,309.3366,311.0032,618322.0
2026-03-02 09:40:00,311.0032,313.059,310.0551,312.7796,492267.0
2026-03-02 09:45:00,312.7397,316.4622,312.4004,315.9732,397384.0
2026-03-02 09:50:00,315.8734,316.0429,312.3704,312.8096,385441.0
2026-03-02 09:55:00,313.0091,313.7776,311.7118,312.1609,193693.0
2026-03-02 10:00:00,312.1808,314.7756,312.0411,313.9672,298552.0
2026-03-02 10:05:00,313.9672,314.9652,313.2387,314.4962,230373.0
2026-03-02 10:10:00,314.4463,315.4642,313.8674,314.4145,245530.0
2026-03-02 10:15:00,314.3814,314.7257,313.6479,314.4723,175411.0
2026-03-02 10:20:00,314.4563,315.075,313.2686,314.2966,195335.0
2026-03-02 10:25:00,314.2267,314.5161,311.6219,311.8665,189761.0
2026-03-02 10:30:00,311.9712,313.2087,311.0431,313.1015,208982.0
2026-03-02 10:35:00,313.0191,313.9971,312.7098,313.9971,159372.0
2026-03-02 10:40:00,313.9706,314.8654,313.3485,314.6458,167317.0
2026-03-02 10:45:00,314.6259,315.1748,314.0471,314.7506,190337.0
2026-03-02 10:50:00,314.7736,315.6139,313.3884,313.9123,184051.0
2026-03-02 10:55:00,313.9173,315.0351,313.6756,314.0021,154865.0
2026-03-02 11:00:00,314.0321,314.1968,313.2986,314.0096,121247.0
2026-03-02 11:05:00,314.0371,315.2645,313.9672,315.0151,143626.0
2026-03-02 11:10:00,315.0001,315.3444,314.6159,314.9003,145604.0
2026-03-02 11:15:00,314.9452,315.1349,314.2666,314.4562,135488.0
2026-03-02 11:20:00,314.4414,314.9652,314.3165,314.6159,109291.0
2026-03-02 11:25:00,314.596,314.6758,313.1189,313.6778,166238.0
2026-03-02 11:30:00,313.6379,314.2467,313.2686,314.087,102132.0
2026-03-02 11:35:00,314.1618,315.5939,313.9173,315.5939,148271.0
2026-03-02 11:40:00,315.5241,316.3524,315.4143,316.1927,189605.0
2026-03-02 11:45:00,316.2227,316.7316,316.0231,316.4058,189328.0
2026-03-02 11:50:00,316.4422,316.5221,315.6039,316.058,155493.0
2026-03-02 11:55:00,316.058,316.058,315.065,315.2846,114982.0
2026-03-02 12:00:00,315.3544,315.3544,314.1269,314.8154,136948.0
2026-03-02 12:05:00,314.689,315.2397,314.4962,315.1349,175138.0
2026-03-02 12:10:00,315.1947,315.2846,314.6658,315.1648,109855.0
2026-03-02 12:15:00,315.0949,315.7536,315.0051,315.7037,84524.0
2026-03-02 12:20:00,315.6438,316.7316,315.6039,316.6318,193581.0
2026-03-02 12:25:00,316.6318,316.6318,315.3444,316.068,137983.0
2026-03-02 12:30:00,316.0605,316.3923,315.3943,315.574,127897.0
2026-03-02 12:35:00,315.6239,315.8135,314.8654,315.1798,178236.0
2026-03-02 12:40:00,315.1149,315.7514,314.9353,315.1748,82162.0
2026-03-02 12:45:00,315.1748,315.6838,315.1498,315.554,95668.0
2026-03-02 12:50:00,315.564,316.2227,315.3345,315.9133,99981.0
2026-03-02 12:55:00,315.9233,316.1329,315.574,316.0231,88219.0
2026-03-02 13:00:00,315.9383,316.0331,315.085,315.4043,136757.0
2026-03-02 13:05:00,315.5041,315.8734,315.2446,315.3844,89830.0
2026-03-02 13:10:00,315.3894,315.6838,315.0051,315.4792,159506.0
2026-03-02 13:15:00,315.5022,316.2826,314.7756,314.8405,136240.0
2026-03-02 13:20:00,314.8405,315.07,314.4762,314.8823,94089.0
2026-03-02 13:25:00,314.8554,314.9652,313.8624,313.9223,198007.0
2026-03-02 13:30:00,313.9772,314.7955,313.7976,314.6858,130286.0
2026-03-02 13:35:00,314.6739,314.7307,313.8175,313.8175,97801.0
2026-03-02 13:40:00,313.9223,314.7057,313.7976,314.6658,111746.0
2026-03-02 13:45:00,314.6359,314.7157,313.7776,314.2267,145092.0
2026-03-02 13:50:00,314.3564,314.536,313.8039,314.3215,101397.0
2026-03-02 13:55:00,314.2167,314.4962,313.7576,314.0421,136515.0
2026-03-02 14:00:00,314.097,314.6943,313.9572,314.6404,84728.0
2026-03-02 14:05:00,314.6209,315.6788,314.4263,315.6588,118189.0
2026-03-02 14:10:00,315.6638,316.4322,315.4941,316.3125,155746.0
2026-03-02 14:15:00,316.3175,316.7616,316.0929,316.2975,114214.0
2026-03-02 14:20:00,316.2626,316.6119,315.7636,316.2277,179806.0
2026-03-02 14:25:00,316.1927,316.8913,315.8584,316.4291,214783.0
2026-03-02 14:30:00,316.4422,316.8813,316.043,316.7516,108661.0
2026-03-02 14:35:00,316.7616,316.9312,316.1927,316.7766,110045.0
2026-03-02 14:40:00,316.7766,317.041,316.4023,316.4522,116440.0
2026-03-02 14:45:00,316.4522,316.9911,316.4322,316.655,95671.0
2026-03-02 14:50:00,316.6718,317.0011,316.3524,316.532,118965.0
2026-03-02 14:55:00,316.542,316.9921,316.3025,316.5919,113029.0
2026-03-02 15:00:00,316.6219,316.6618,315.9732,316.1378,106169.0
2026-03-02 15:05:00,316.1129,316.542,315.1149,315.4742,191337.0
2026-03-02 15:10:00,315.4842,315.8784,314.7656,315.3245,142668.0
2026-03-02 15:15:00,315.3145,316.7616,314.9852,316.4023,131003.0
2026-03-02 15:20:00,316.4921,316.7316,315.9033,316.3125,120844.0
2026-03-02 15:25:00,316.3025,316.6219,315.8933,316.1229,121097.0
2026-03-02 15:30:00,316.083,317.1508,315.9432,316.8564,183765.0
2026-03-02 15:35:00,316.8464,316.9512,316.0031,316.6917,186779.0
2026-03-02 15:40:00,316.6917,317.0909,316.3325,316.9113,166088.0
2026-03-02 15:45:00,316.9013,317.4901,316.8414,317.051,207490.0
2026-03-02 15:50:00,317.1009,318.1687,317.0809,317.57,431495.0
2026-03-02 15:55:00,317.5201,319.3963,317.4801,318.0091,1421901.0
2026-03-03 09:30:00,312.3704,312.3704,306.7817,309.4464,1168386.0
2026-03-03 09:35:00,309.606,311.1229,308.9473,309.7158,487249.0
2026-03-03 09:40:00,309.7147,310.125,308.5431,309.5531,351137.0
2026-03-03 09:45:00,309.6958,312.9193,309.4763,311.8215,524978.0
2026-03-03 09:50:00,311.9014,313.5181,311.083,312.1808,371627.0
2026-03-03 09:55:00,312.2407,312.5601,311.4124,312.0668,257978.0
2026-03-03 10:00:00,312.0735,313.3684,310.4543,311.0381,311116.0
2026-03-03 10:05:00,311.103,313.6179,310.3545,312.4902,227219.0
2026-03-03 10:10:00,312.5301,313.7576,311.7317,312.58,209211.0
2026-03-03 10:15:00,312.6,312.7597,309.9055,310.7038,178846.0
2026-03-03 10:20:00,310.594,310.9234,309.606,309.6659,235504.0
2026-03-03 10:25:00,309.626,309.7407,308.5282,308.6779,229404.0
2026-03-03 10:30:00,308.6978,310.5641,308.5781,308.9274,294547.0
2026-03-03 10:35:00,308.9274,309.9652,308.6779,309.4763,182824.0
2026-03-03 10:40:00,309.4264,310.1892,308.2787,308.6579,250430.0
2026-03-03 10:45:00,308.6579,309.3166,307.8196,308.2338,246163.0
2026-03-03 10:50:00,308.2088,309.0171,307.4853,307.8296,286250.0
2026-03-03 10:55:00,307.8795,308.7777,307.5701,308.5282,231673.0
2026-03-03 11:00:00,308.5731,310.0451,308.2587,309.7158,312937.0
2026-03-03 11:05:00,309.7158,310.5741,309.596,309.6929,276843.0
2026-03-03 11:10:00,309.7507,310.0901,308.9972,309.8306,225112.0
2026-03-03 11:15:00,309.8116,311.7916,309.6958,311.0182,248410.0
2026-03-03 11:20:00,311.113,311.7916,310.7936,311.587,199712.0
2026-03-03 11:25:00,311.592,312.1858,310.8435,311.1728,214042.0
2026-03-03 11:30:00,311.0531,311.1329,309.7357,310.726,213005.0
2026-03-03 11:35:00,310.7188,312.0112,310.7188,311.7716,174667.0
2026-03-03 11:40:00,311.7716,312.54,311.2128,312.54,455929.0
2026-03-03 11:45:00,312.4802,314.7856,312.4403,313.2786,471515.0
2026-03-03 11:50:00,313.3085,314.9951,312.9193,314.7955,317755.0
2026-03-03 11:55:00,314.8055,315.2446,313.4783,313.568,172543.0
2026-03-03 12:00:00,313.7077,314.5111,313.1489,314.1469,232915.0
2026-03-03 12:05:00,314.097,314.3365,312.6998,312.8994,122575.0
2026-03-03 12:10:00,312.8838,313.3984,312.5402,313.1289,125401.0
2026-03-03 12:15:00,313.1339,313.8674,312.6998,313.558,90679.0
2026-03-03 12:20:00,313.578,313.9672,312.9143,313.8774,75881.0
2026-03-03 12:25:00,313.8874,315.075,313.6129,314.8854,139452.0
2026-03-03 12:30:00,314.8854,314.9951,312.5701,312.8894,192494.0
2026-03-03 12:35:00,312.8395,312.8395,311.572,311.6419,225645.0
2026-03-03 12:40:00,311.6619,313.1389,311.6579,313.0141,108100.0
2026-03-03 12:45:00,313.0191,313.7427,312.7796,313.5381,83592.0
2026-03-03 12:50:00,313.4982,313.6278,312.4553,312.57,101897.0
2026-03-03 12:55:00,312.6349,313.099,312.2706,312.3704,119026.0
2026-03-03 13:00:00,312.3804,313.7666,312.3205,313.4333,109160.0
2026-03-03 13:05:00,313.5381,313.6743,312.9293,313.2668,109894.0
2026-03-03 13:10:00,313.2537,313.2985,312.5102,312.8994,71618.0
2026-03-03 13:15:00,312.8994,313.1688,312.5901,312.8994,61602.0
2026-03-03 13:20:00,312.8495,314.3664,312.8495,314.1668,169717.0
2026-03-03 13:25:00,314.1369,314.3165,313.3235,313.3684,145824.0
2026-03-03 13:30:00,313.3185,314.1069,313.0791,313.9972,177044.0
2026-03-03 13:35:00,313.9373,314.3664,313.4782,314.2367,111822.0
2026-03-03 13:40:00,314.2666,314.8953,313.9173,314.2866,96779.0
2026-03-03 13:45:00,314.0871,314.3065,313.3684,314.1019,81029.0
2026-03-03 13:50:00,314.1369,314.4962,313.9772,314.1019,76835.0
2026-03-03 13:55:00,314.1069,314.1069,313.568,313.7227,125269.0
2026-03-03 14:00:00,313.7876,314.3664,313.6179,313.7377,116876.0
2026-03-03 14:05:00,313.7028,313.8974,312.5201,312.585,106436.0
2026-03-03 14:10:00,312.585,313.4247,312.1708,313.2487,163668.0
2026-03-03 14:15:00,313.2538,313.7952,312.4603,312.7896,154983.0
2026-03-03 14:20:00,312.8794,313.4283,312.8195,312.8702,86037.0
2026-03-03 14:25:00,312.8495,312.9592,312.121,312.3405,111556.0
2026-03-03 14:30:00,312.3505,312.5501,311.7317,311.8714,89620.0
2026-03-03 14:35:00,311.8714,313.8774,311.572,313.2087,185780.0
2026-03-03 14:40:00,313.3185,313.568,312.7696,313.4782,108827.0
2026-03-03 14:45:00,313.4782,314.2866,313.4782,313.8275,98071.0
2026-03-03 14:50:00,313.85,314.1768,312.6299,313.3085,84307.0
2026-03-03 14:55:00,313.3634,313.6778,312.8295,313.5181,67537.0
2026-03-03 15:00:00,313.5081,314.097,313.2187,313.4283,161138.0
2026-03-03 15:05:00,313.4533,314.3165,313.1894,314.1568,90356.0
2026-03-03 15:10:00,314.2367,314.2506,313.2986,313.3734,93986.0
2026-03-03 15:15:00,313.3734,313.7277,312.7796,313.2986,100981.0
2026-03-03 15:20:00,313.2986,313.8574,312.9157,313.3784,102420.0
2026-03-03 15:25:00,313.3584,313.8315,312.8595,313.6678,133899.0
2026-03-03 15:30:00,313.6379,313.8674,313.3784,313.3984,168912.0
2026-03-03 15:35:00,313.3984,314.0471,313.0291,313.4682,203624.0
2026-03-03 15:40:00,313.4682,313.6878,313.2886,313.5181,142425.0
2026-03-03 15:45:00,313.5381,313.7776,313.0091,313.3584,180504.0
2026-03-03 15:50:00,313.3884,313.6578,312.3704,313.4582,443204.0
2026-03-03 15:55:00,313.3884,313.4582,312.9193,313.1089,674656.0
2026-03-04 09:30:00,315.045,316.8614,311.113,315.0351,1032415.0
2026-03-04 09:35:00,315.0201,315.8634,312.8994,313.8774,406958.0
2026-03-04 09:40:00,313.7658,314.8155,313.069,314.7955,385805.0
2026-03-04 09:45:00,314.6558,315.8634,313.8489,314.6758,327689.0
2026-03-04 09:50:00,314.7656,315.7985,313.6242,314.7556,292218.0
2026-03-04 09:55:00,314.8554,317.051,314.5161,316.9712,318248.0
2026-03-04 10:00:00,316.9712,318.8574,316.7616,317.8594,445265.0
2026-03-04 10:05:00,317.9492,318.3184,317.1938,317.6099,303188.0
2026-03-04 10:10:00,317.6149,319.1368,317.061,318.6528,451127.0
2026-03-04 10:15:00,318.6373,319.7506,318.1588,319.6757,308321.0
2026-03-04 10:20:00,319.6158,321.1527,319.536,321.1527,444838.0
2026-03-04 10:25:00,321.0479,321.9811,320.4342,321.3358,371360.0
2026-03-04 10:30:00,321.4422,321.8413,321.013,321.502,303331.0
2026-03-04 10:35:00,321.3823,321.991,319.8354,319.9233,294323.0
2026-03-04 10:40:00,320.0035,320.5839,319.7057,320.3543,187802.0
2026-03-04 10:45:00,320.4042,320.474,319.4562,320.3344,187569.0
2026-03-04 10:50:00,320.3344,320.8633,319.7257,320.2845,177144.0
2026-03-04 10:55:00,320.3593,321.4422,320.2646,321.1228,214505.0
2026-03-04 11:00:00,321.0729,321.6417,320.7136,320.8883,305395.0
2026-03-04 11:05:00,320.9744,321.0629,319.4262,319.4761,188362.0
2026-03-04 11:10:00,319.4162,319.975,318.3584,319.7356,259866.0
2026-03-04 11:15:00,319.7655,320.1547,318.5779,319.017,203135.0
2026-03-04 11:20:00,318.9472,319.6657,318.6026,319.0021,227456.0
2026-03-04 11:25:00,319.027,320.5539,318.7476,319.8903,274785.0
2026-03-04 11:30:00,319.8554,320.2046,319.3663,319.6358,168606.0
2026-03-04 11:35:00,319.7057,319.9452,318.3102,318.3102,235007.0
2026-03-04 11:40:00,318.3384,319.4063,318.1588,319.2116,169862.0
2026-03-04 11:45:00,319.2715,319.3963,318.7576,319.0819,173795.0
2026-03-04 11:50:00,319.0819,319.4562,318.6578,319.3564,145023.0
2026-03-04 11:55:00,319.3564,319.4562,318.7576,318.7883,167060.0
2026-03-04 12:00:00,318.8574,319.7156,318.558,319.3314,202545.0
2026-03-04 12:05:00,319.3963,319.9052,319.2566,319.4661,164195.0
2026-03-04 12:10:00,319.4362,319.8952,319.2566,319.5759,224740.0
2026-03-04 12:15:00,319.6857,320.0949,319.3564,319.7256,281124.0
2026-03-04 12:20:00,319.6308,319.8454,319.3065,319.7356,149692.0
2026-03-04 12:25:00,319.7057,319.9152,319.4861,319.6009,115482.0
2026-03-04 12:30:00,319.5637,319.6757,318.7576,319.3164,299704.0
2026-03-04 12:35:00,319.2766,320.6837,319.2766,320.6787,235480.0
2026-03-04 12:40:00,320.6987,321.043,319.5744,319.6458,336433.0
2026-03-04 12:45:00,319.5759,320.0749,319.3763,319.6857,123849.0
2026-03-04 12:50:00,319.7456,320.6537,319.3863,320.2845,129651.0
2026-03-04 12:55:00,320.2446,320.4142,319.8154,320.0949,115331.0
2026-03-04 13:00:00,320.045,320.3743,319.9951,320.3444,106922.0
2026-03-04 13:05:00,320.3215,320.953,320.2046,320.756,205972.0
2026-03-04 13:10:00,320.7935,321.003,319.8953,320.045,217869.0
2026-03-04 13:15:00,320.1298,320.2146,319.3564,319.4063,136680.0
2026-03-04 13:20:00,319.3763,319.6957,319.2666,319.4761,125851.0
2026-03-04 13:25:00,319.4162,320.0749,319.3564,319.7093,119251.0
2026-03-04 13:30:00,319.6907,320.2246,319.4861,319.5485,154498.0
2026-03-04 13:35:00,319.4861,319.5659,319.1569,319.4562,212329.0
2026-03-04 13:40:00,319.4562,319.9452,319.3864,319.8678,196166.0
2026-03-04 13:45:00,319.8603,320.0549,319.2467,319.6476,149258.0
2026-03-04 13:50:00,319.6757,319.9951,319.5061,319.6957,130636.0
2026-03-04 13:55:00,319.7356,320.4941,319.556,320.4541,161740.0
2026-03-04 14:00:00,320.4143,320.9531,320.4143,320.7935,244271.0
2026-03-04 14:05:00,320.7935,321.0829,320.3873,321.013,164190.0
2026-03-04 14:10:00,320.9831,321.2026,320.7735,321.0608,177946.0
2026-03-04 14:15:00,321.013,321.2026,320.7036,321.0429,169842.0
2026-03-04 14:20:00,321.0429,321.1228,320.4541,321.1028,221821.0
2026-03-04 14:25:00,321.0629,321.1527,320.7087,320.9831,166040.0
2026-03-04 14:30:00,320.9831,321.2026,319.9352,319.9951,180840.0
2026-03-04 14:35:00,319.9951,320.5939,319.8554,320.5539,229051.0
2026-03-04 14:40:00,320.5739,320.6737,320.005,320.1048,169546.0
2026-03-04 14:45:00,320.0949,320.4641,320.005,320.2739,178135.0
2026-03-04 14:50:00,320.2645,320.3943,319.8154,319.9152,276190.0
2026-03-04 14:55:00,319.9252,320.0549,319.5061,319.5909,197135.0
2026-03-04 15:00:00,319.5909,320.005,319.3065,319.9152,242904.0
2026-03-04 15:05:00,319.8754,320.035,319.3663,319.6059,234895.0
2026-03-04 15:10:00,319.6059,320.5839,319.1867,319.6208,392831.0
2026-03-04 15:15:00,319.5974,319.6857,318.9971,319.027,279957.0
2026-03-04 15:20:00,318.9971,319.1268,318.1388,318.3484,276997.0
2026-03-04 15:25:00,318.3334,318.9971,318.2885,318.9073,357207.0
2026-03-04 15:30:00,318.8574,318.8574,318.0591,318.3983,467874.0
2026-03-04 15:35:00,318.4332,319.047,317.7795,318.528,552765.0
2026-03-04 15:40:00,318.4083,318.8274,318.2785,318.5176,391973.0
2026-03-04 15:45:00,318.5081,318.9073,316.8813,317.0011,459554.0
2026-03-04 15:50:00,316.9911,318.049,315.9632,317.7496,995061.0
2026-03-04 15:55:00,317.7296,317.8394,316.2925,316.8015,1808764.0
2026-03-05 09:30:00,329.5109,330.2145,322.6797,325.2046,4306750.0
2026-03-05 09:35:00,325.1646,326.003,322.8892,325.2694,1835895.0
2026-03-05 09:40:00,325.4241,327.1706,322.3803,324.7205,1711214.0
2026-03-05 09:45:00,324.7156,330.434,324.5958,328.463,1845976.0
2026-03-05 09:50:00,328.4371,332.0907,327.7595,329.6955,1764072.0
2026-03-05 09:55:00,329.6356,332.3202,328.9171,331.6018,908731.0
2026-03-05 10:00:00,331.6715,335.4439,331.4919,334.7004,1527099.0
2026-03-05 10:05:00,334.7154,335.2044,331.2324,332.0875,1025092.0
2026-03-05 10:10:00,332.0874,333.2084,331.3921,332.8691,1009483.0
2026-03-05 10:15:00,332.7292,333.1286,330.7234,330.7773,702099.0
2026-03-05 10:20:00,330.7833,330.7833,328.4281,328.6526,647543.0
2026-03-05 10:25:00,328.5379,328.8971,326.5918,327.0309,563946.0
2026-03-05 10:30:00,327.0059,327.6377,325.6437,327.3453,607365.0
2026-03-05 10:35:00,327.2504,329.7454,326.8912,329.5508,543033.0
2026-03-05 10:40:00,329.5259,331.3322,328.9071,330.504,541580.0
2026-03-05 10:45:00,330.6436,332.0109,330.3742,331.0378,643401.0
2026-03-05 10:50:00,330.9929,332.7094,330.4041,332.4319,471734.0
2026-03-05 10:55:00,332.4999,333.1785,332.2305,332.929,447770.0
2026-03-05 11:00:00,332.9052,333.2983,331.5418,332.2877,470667.0
2026-03-05 11:05:00,332.3302,333.0787,331.3821,331.8961,437172.0
2026-03-05 11:10:00,331.931,332.8691,330.7334,332.45,561531.0
2026-03-05 11:15:00,332.45,332.8092,330.9032,332.4125,437010.0
2026-03-05 11:20:00,332.4899,334.8252,332.3302,332.9989,702467.0
2026-03-05 11:25:00,332.909,333.5178,331.3322,331.5418,413331.0
2026-03-05 11:30:00,331.5618,333.7474,331.5418,333.2883,397877.0
2026-03-05 11:35:00,333.3382,333.9869,332.7793,333.4031,361205.0
2026-03-05 11:40:00,333.413,334.0666,332.7394,333.1186,337272.0
2026-03-05 11:45:00,333.1087,335.1645,333.1087,334.4659,562739.0
2026-03-05 11:50:00,334.4659,334.6356,333.1486,334.3561,378714.0
2026-03-05 11:55:00,334.3911,334.895,334.0068,334.4759,325433.0
2026-03-05 12:00:00,334.4759,334.7154,333.2584,334.5557,330571.0
2026-03-05 12:05:00,334.5757,334.7553,333.6076,333.912,251644.0
2026-03-05 12:10:00,333.912,335.1645,333.3282,334.3162,420777.0
2026-03-05 12:15:00,334.3312,334.396,331.8711,332.0719,471568.0
2026-03-05 12:20:00,332.1206,333.1985,331.6117,332.6547,350287.0
2026-03-05 12:25:00,332.6196,333.9855,332.4001,332.7693,948810.0
2026-03-05 12:30:00,332.798,333.423,329.8352,330.444,603900.0
2026-03-05 12:35:00,330.4041,332.2304,330.2145,331.2125,460342.0
2026-03-05 12:40:00,331.2224,331.3023,329.1366,329.6706,503748.0
2026-03-05 12:45:00,329.7055,329.955,327.7395,328.1985,415764.0
2026-03-05 12:50:00,328.2484,330.464,327.7494,329.9849,464430.0
2026-03-05 12:55:00,329.975,330.8332,329.0069,329.2165,357240.0
2026-03-05 13:00:00,329.1691,329.935,328.7275,329.6107,387170.0
2026-03-05 13:05:00,329.5907,331.1626,329.0468,331.1326,412512.0
2026-03-05 13:10:00,331.0329,331.4718,330.2544,330.4739,333334.0
2026-03-05 13:15:00,330.4939,331.1725,326.8313,326.8612,406926.0
2026-03-05 13:20:00,326.8612,328.0289,326.5918,327.3253,447444.0
2026-03-05 13:25:00,327.3253,327.4001,326.2325,326.7714,283635.0
2026-03-05 13:30:00,326.7764,327.8392,326.1427,327.0558,300403.0
2026-03-05 13:35:00,327.0908,328.3632,326.986,327.1949,407383.0
2026-03-05 13:40:00,327.2305,328.7474,326.2526,328.2784,335588.0
2026-03-05 13:45:00,328.2285,328.3282,326.9012,327.0309,243167.0
2026-03-05 13:50:00,327.0259,327.0908,325.5139,325.6936,375490.0
2026-03-05 13:55:00,325.6686,327.7993,325.6437,327.2904,242333.0
2026-03-05 14:00:00,327.2904,328.4381,326.6936,328.2784,238256.0
2026-03-05 14:05:00,328.2484,329.0867,326.9311,327.1007,335255.0
2026-03-05 14:10:00,327.1506,327.2005,325.1447,327.1258,412849.0
2026-03-05 14:15:00,327.1057,327.5997,326.4121,327.587,277633.0
2026-03-05 14:20:00,327.6097,327.8991,326.4221,326.8513,228780.0
2026-03-05 14:25:00,326.8812,327.1606,325.9032,326.2824,206692.0
2026-03-05 14:30:00,326.2824,326.9311,325.6537,326.7864,199207.0
2026-03-05 14:35:00,326.7864,326.8812,325.5939,326.0129,247461.0
2026-03-05 14:40:00,326.0229,326.5219,325.3742,325.7964,330246.0
2026-03-05 14:45:00,325.7335,327.4101,325.2445,326.472,347891.0
2026-03-05 14:50:00,326.482,327.1407,325.2495,325.3044,253093.0
2026-03-05 14:55:00,325.2245,326.0429,324.7255,325.0249,309423.0
2026-03-05 15:00:00,324.9651,325.6237,323.6477,324.9361,402526.0
2026-03-05 15:05:00,324.9052,325.0948,323.8872,324.7954,287664.0
2026-03-05 15:10:00,324.8054,326.8313,324.7754,326.6916,489440.0
2026-03-05 15:15:00,326.7016,327.4401,326.2924,326.9161,418041.0
2026-03-05 15:20:00,326.9161,327.6995,326.5319,327.2504,355374.0
2026-03-05 15:25:00,327.2704,328.9969,327.0908,327.46,506753.0
2026-03-05 15:30:00,327.46,329.2265,327.1007,328.8273,348956.0
2026-03-05 15:35:00,328.9122,328.957,328.019,328.1486,917262.0
2026-03-05 15:40:00,328.2185,328.4381,327.5339,328.3183,319381.0
2026-03-05 15:45:00,328.2584,328.7973,327.7395,328.7474,402866.0
2026-03-05 15:50:00,328.8073,330.1446,328.7275,329.975,768465.0
2026-03-05 15:55:00,329.965,332.5697,329.965,331.956,2233297.0
2026-03-06 09:30:00,327.6197,333.0088,326.7455,331.2624,1222351.0
2026-03-06 09:35:00,331.4121,331.7813,326.991,330.0149,662050.0
2026-03-06 09:40:00,329.9849,335.3142,329.6955,334.1615,948347.0
2026-03-06 09:45:00,334.1615,336.3222,331.8512,332.3601,781265.0
2026-03-06 09:50:00,332.3801,334.8751,331.9809,334.0917,529507.0
2026-03-06 09:55:00,334.1565,334.4859,331.8811,333.7614,532275.0
2026-03-06 10:00:00,333.8172,336.3222,333.6076,336.0228,709686.0
2026-03-06 10:05:00,335.9928,336.5916,334.0467,334.1865,578814.0
2026-03-06 10:10:00,334.2164,336.9409,333.3681,336.9243,558678.0
2026-03-06 10:15:00,336.8711,338.9369,336.5517,338.1984,860357.0
2026-03-06 10:20:00,338.2183,338.5078,336.5816,336.881,465842.0
2026-03-06 10:25:00,336.881,336.9609,335.404,336.2822,578234.0
2026-03-06 10:30:00,336.4419,336.8311,335.1845,336.5018,645980.0
2026-03-06 10:35:00,336.5018,338.907,336.2822,338.4678,528562.0
2026-03-06 10:40:00,338.4928,338.6575,337.6694,338.2583,399778.0
2026-03-06 10:45:00,338.2233,338.4579,335.6236,336.1126,363176.0
2026-03-06 10:50:00,336.0627,336.0677,334.5258,335.0913,305197.0
2026-03-06 10:55:00,335.0647,336.9309,334.9649,335.923,394836.0
2026-03-06 11:00:00,335.923,336.5018,335.1246,336.2923,298524.0
2026-03-06 11:05:00,336.2922,337.0407,335.4739,335.9828,202236.0
2026-03-06 11:10:00,336.0377,336.2224,335.2643,335.3791,144835.0
2026-03-06 11:15:00,335.3791,336.3222,334.8752,335.7733,212483.0
2026-03-06 11:20:00,335.8531,336.0562,334.4958,336.0427,300728.0
2026-03-06 11:25:00,336.0028,336.5717,334.3262,336.3945,292505.0
2026-03-06 11:30:00,336.392,337.7193,336.3122,337.3202,286771.0
2026-03-06 11:35:00,337.2653,339.9748,337.0607,339.7053,664792.0
2026-03-06 11:40:00,339.7752,340.7532,339.3261,340.1045,551727.0
2026-03-06 11:45:00,340.0928,341.5217,339.8151,341.1624,551901.0
2026-03-06 11:50:00,341.1816,341.7612,340.2642,340.3805,386368.0
2026-03-06 11:55:00,340.3241,341.7113,339.8151,341.4917,345749.0
2026-03-06 12:00:00,341.4141,342.8191,341.2223,342.4598,641321.0
2026-03-06 12:05:00,342.3899,342.5197,340.1844,340.2443,411973.0
2026-03-06 12:10:00,340.2043,340.364,339.7353,340.2143,257975.0
2026-03-06 12:15:00,340.2542,340.6634,339.5556,340.2642,258562.0
2026-03-06 12:20:00,340.2742,340.2742,338.6874,338.8072,214099.0
2026-03-06 12:25:00,338.867,339.0566,337.9988,338.1512,224441.0
2026-03-06 12:30:00,338.1285,338.3581,337.7094,337.9489,159726.0
2026-03-06 12:35:00,337.9589,338.0686,336.0727,336.6814,323411.0
2026-03-06 12:40:00,336.7313,338.3181,335.9729,337.8441,316005.0
2026-03-06 12:45:00,337.8541,338.9169,337.6096,338.6076,303895.0
2026-03-06 12:50:00,338.5876,339.3161,338.5177,338.8421,337240.0
2026-03-06 12:55:00,338.7672,339.7053,338.6674,338.6674,261149.0
2026-03-06 13:00:00,338.7074,339.514,337.7593,338.0506,206989.0
2026-03-06 13:05:00,338.1684,338.8371,337.3202,338.378,186035.0
2026-03-06 13:10:00,338.3579,340.5337,338.1086,340.4588,270815.0
2026-03-06 13:15:00,340.4588,340.863,340.1245,340.2842,229743.0
2026-03-06 13:20:00,340.2892,340.7932,339.0467,339.4608,263123.0
2026-03-06 13:25:00,339.5357,339.6455,338.8171,339.4259,175589.0
2026-03-06 13:30:00,339.4558,339.855,339.1764,339.7652,182720.0
2026-03-06 13:35:00,339.7652,339.7752,338.6375,338.8702,203413.0
2026-03-06 13:40:00,338.9169,339.3161,338.4183,338.9469,172076.0
2026-03-06 13:45:00,338.9569,339.8051,338.6974,339.8051,224937.0
2026-03-06 13:50:00,339.7572,340.0745,338.8471,339.5856,375592.0
2026-03-06 13:55:00,339.5856,339.6255,338.5277,339.4658,217085.0
2026-03-06 14:00:00,339.4159,339.5956,338.1285,338.8421,237098.0
2026-03-06 14:05:00,338.8072,340.1045,338.7173,339.7103,328209.0
2026-03-06 14:10:00,339.7053,340.1594,339.2762,339.885,275691.0
2026-03-06 14:15:00,339.8401,340.6135,339.38,339.5207,326662.0
2026-03-06 14:20:00,339.5656,339.6854,338.1485,338.5377,263695.0
2026-03-06 14:25:00,338.4279,339.2263,337.8191,338.7473,248979.0
2026-03-06 14:30:00,338.6974,339.0267,337.8092,338.6624,259285.0
2026-03-06 14:35:00,338.6624,339.0666,337.4698,338.0686,230904.0
2026-03-06 14:40:00,338.0886,338.4179,337.2802,337.3226,231242.0
2026-03-06 14:45:00,337.3152,337.4599,335.9828,336.7862,312060.0
2026-03-06 14:50:00,336.7413,337.0707,336.2224,336.3621,185272.0
2026-03-06 14:55:00,336.3122,336.5717,335.9878,336.2023,271802.0
2026-03-06 15:00:00,336.1325,337.0721,335.9529,336.4619,1393603.0
2026-03-06 15:05:00,336.5317,336.8212,333.5777,333.5877,459118.0
2026-03-06 15:10:00,333.6476,333.8472,329.9949,331.5767,679811.0
2026-03-06 15:15:00,331.5518,331.8932,330.5937,330.6236,401806.0
2026-03-06 15:20:00,330.6236,330.6636,328.9869,329.3362,484374.0
2026-03-06 15:25:00,329.3462,329.3462,328.448,328.5678,435045.0
2026-03-06 15:30:00,328.6077,329.1067,328.1886,328.3832,446664.0
2026-03-06 15:35:00,328.3482,329.945,327.7594,329.7255,752225.0
2026-03-06 15:40:00,329.6357,331.3222,328.8871,329.8003,540415.0
2026-03-06 15:45:00,329.8003,330.8731,329.6956,330.7733,430675.0
2026-03-06 15:50:00,330.7234,330.9929,329.4161,330.3342,671441.0
2026-03-06 15:55:00,330.3243,330.7085,329.6855,329.7554,1686851.0
2026-03-09 09:30:00,326.5918,330.6155,322.9592,328.0339,1562264.0
2026-03-09 09:35:00,328.0339,330.5937,327.8074,330.0298,692684.0
2026-03-09 09:40:00,330.0298,330.953,327.8991,329.8652,679917.0
2026-03-09 09:45:00,329.8053,331.9011,329.1366,329.94,741847.0
2026-03-09 09:50:00,330.0847,332.1705,329.0269,329.95,540065.0
2026-03-09 09:55:00,329.95,331.8512,328.957,331.1027,509017.0
2026-03-09 10:00:00,331.0977,335.8232,329.9999,335.4888,705721.0
2026-03-09 10:05:00,335.4988,336.02,334.1665,335.2094,524563.0
2026-03-09 10:10:00,335.2094,335.4937,333.3282,334.9649,727850.0
2026-03-09 10:15:00,334.935,337.39,334.5358,337.1305,594779.0
2026-03-09 10:20:00,337.1655,338.1684,336.3322,337.4449,612691.0
2026-03-09 10:25:00,337.4449,337.7293,335.3641,336.6216,371777.0
2026-03-09 10:30:00,336.6116,336.9509,335.0448,335.7234,401138.0
2026-03-09 10:35:00,335.7184,338.5237,335.5338,337.9689,449449.0
2026-03-09 10:40:00,337.9688,338.8171,337.4698,338.7476,408557.0
2026-03-09 10:45:00,338.7622,339.9606,338.7573,339.6055,482604.0
2026-03-09 10:50:00,339.5806,340.1744,339.1265,339.7909,412997.0
2026-03-09 10:55:00,339.8101,340.0147,338.1286,338.2283,423054.0
2026-03-09 11:00:00,338.2283,339.1066,337.7493,338.6375,352445.0
2026-03-09 11:05:00,338.5377,339.356,338.1485,338.5477,331192.0
2026-03-09 11:10:00,338.5327,339.6854,338.408,338.7398,337122.0
2026-03-09 11:15:00,338.8121,339.5956,337.4898,338.393,289992.0
2026-03-09 11:20:00,338.4777,340.2443,338.1086,339.895,329523.0
2026-03-09 11:25:00,339.895,341.2123,339.3161,341.1325,848244.0
2026-03-09 11:30:00,341.1325,341.2023,339.9648,340.4139,371216.0
2026-03-09 11:35:00,340.384,340.9628,340.2043,340.5037,287841.0
2026-03-09 11:40:00,340.5087,342.0506,339.855,341.9259,463768.0
2026-03-09 11:45:00,341.9309,342.2402,341.1326,341.7213,310437.0
2026-03-09 11:50:00,341.7113,341.861,340.9528,341.7213,266177.0
2026-03-09 11:55:00,341.7213,342.4448,341.2522,342.2502,350350.0
2026-03-09 12:00:00,342.2752,342.9089,342.1404,342.6145,340348.0
2026-03-09 12:05:00,342.6494,342.7692,341.3321,341.3919,290966.0
2026-03-09 12:10:00,341.3919,342.0106,340.893,341.9109,241688.0
2026-03-09 12:15:00,341.9109,342.7991,341.6115,342.6494,316557.0
2026-03-09 12:20:00,342.6195,342.9787,342.0207,342.8091,334623.0
2026-03-09 12:25:00,342.7791,345.1344,342.7093,344.2811,624638.0
2026-03-09 12:30:00,344.4059,344.5256,342.9089,343.4229,330248.0
2026-03-09 12:35:00,343.4229,344.7053,343.2981,344.5256,279394.0
2026-03-09 12:40:00,344.5057,345.9626,344.3161,345.7482,377252.0
2026-03-09 12:45:00,345.7931,345.9128,344.8649,345.0588,269197.0
2026-03-09 12:50:00,344.9947,345.5935,344.8051,345.4338,287641.0
2026-03-09 12:55:00,345.4538,345.7033,345.1544,345.5985,291247.0
2026-03-09 13:00:00,345.5985,345.6933,344.1863,344.5655,333886.0
2026-03-09 13:05:00,344.5057,344.6055,343.0387,344.0017,302739.0
2026-03-09 13:10:00,344.0266,344.7152,343.7971,344.4308,283768.0
2026-03-09 13:15:00,344.4308,344.6752,342.6295,342.8692,296476.0
2026-03-09 13:20:00,342.9545,342.9545,341.7313,341.871,317556.0
2026-03-09 13:25:00,341.8112,342.0107,340.9129,341.0906,285636.0
2026-03-09 13:30:00,341.0774,341.7712,340.8131,341.342,263606.0
2026-03-09 13:35:00,341.342,341.3803,340.2143,340.6534,224105.0
2026-03-09 13:40:00,340.5736,341.114,340.2043,340.5137,212542.0
2026-03-09 13:45:00,340.6035,342.4598,340.4688,342.3899,286812.0
2026-03-09 13:50:00,342.3101,342.7592,341.9109,342.2004,186214.0
2026-03-09 13:55:00,342.1592,342.6165,341.7213,342.3001,168352.0
2026-03-09 14:00:00,342.3101,343.0375,342.273,342.8789,224394.0
2026-03-09 14:05:00,342.9089,343.2083,342.5396,343.0437,196999.0
2026-03-09 14:10:00,343.0087,343.9468,342.9588,343.5476,204169.0
2026-03-09 14:15:00,343.6075,343.8071,343.3081,343.6773,157938.0
2026-03-09 14:20:00,343.6674,344.3559,343.1984,343.9169,241959.0
2026-03-09 14:25:00,343.9467,344.6254,343.089,343.1833,416728.0
2026-03-09 14:30:00,343.1883,343.3081,342.4199,342.9438,517246.0
2026-03-09 14:35:00,342.9438,343.5077,342.0905,342.345,234522.0
2026-03-09 14:40:00,342.35,342.6294,341.6414,341.866,179195.0
2026-03-09 14:45:00,341.866,342.3999,341.5816,341.6814,195417.0
2026-03-09 14:50:00,341.6714,342.1354,341.1923,341.4917,248540.0
2026-03-09 14:55:00,341.4917,341.6015,340.9129,341.0327,201683.0
2026-03-09 15:00:00,341.0377,341.8709,340.7433,341.1923,342607.0
2026-03-09 15:05:00,341.1674,341.7612,340.7033,341.6015,302431.0
2026-03-09 15:10:00,341.6015,341.8909,341.2422,341.5566,398839.0
2026-03-09 15:15:00,341.6115,343.7073,340.6634,343.4229,378771.0
2026-03-09 15:20:00,343.3779,345.1045,342.9987,344.356,668812.0
2026-03-09 15:25:00,344.326,346.5515,343.7073,346.1723,597655.0
2026-03-09 15:30:00,346.1524,346.9907,344.9205,346.4817,635383.0
2026-03-09 15:35:00,346.4517,347.7891,345.833,347.0006,1000411.0
2026-03-09 15:40:00,346.9657,347.0106,345.0745,346.0526,731821.0
2026-03-09 15:45:00,346.0399,346.5016,345.3639,345.833,548619.0
2026-03-09 15:50:00,345.853,345.853,343.6574,344.0965,804151.0
2026-03-09 15:55:00,344.1664,345.4538,344.0865,345.0546,1747422.0
2026-03-10 09:30:00,348.0286,351.5415,347.6793,348.323,1403831.0
2026-03-10 09:35:00,348.323,349.7351,347.4996,348.9767,388666.0
2026-03-10 09:40:00,348.9367,350.8728,346.8909,350.6832,466075.0
2026-03-10 09:45:00,350.6832,352.1802,349.5655,351.8958,635447.0
2026-03-10 09:50:00,351.9207,352.4297,348.797,348.9268,557206.0
2026-03-10 09:55:00,348.817,350.0844,348.4377,349.8848,293341.0
2026-03-10 10:00:00,349.815,350.294,348.6972,348.9966,330045.0
2026-03-10 10:05:00,349.0964,349.6054,346.9707,347.5146,387060.0
2026-03-10 10:10:00,347.4198,349.286,347.3998,348.2082,487121.0
2026-03-10 10:15:00,348.2082,348.6373,347.0505,348.4078,709344.0
2026-03-10 10:20:00,348.4677,349.4557,347.7791,347.9787,360280.0
2026-03-10 10:25:00,347.9687,349.1862,347.8489,348.1334,269838.0
2026-03-10 10:30:00,348.1084,349.6054,348.0485,349.3558,357668.0
2026-03-10 10:35:00,349.306,350.3239,348.9667,350.2591,311829.0
2026-03-10 10:40:00,350.2092,350.5534,348.5675,348.6623,349052.0
2026-03-10 10:45:00,348.695,349.0066,347.0605,348.1184,287599.0
2026-03-10 10:50:00,348.1184,348.7072,347.5896,347.7691,304303.0
2026-03-10 10:55:00,347.829,348.4777,346.9408,348.318,645561.0
2026-03-10 11:00:00,348.2332,349.9546,348.1284,349.4258,405744.0
2026-03-10 11:05:00,349.4407,349.6054,348.5525,349.1215,352268.0
2026-03-10 11:10:00,349.1064,349.3359,346.302,346.6114,450367.0
2026-03-10 11:15:00,346.5815,347.3499,346.2521,346.4468,253846.0
2026-03-10 11:20:00,346.4468,347.4797,346.1025,347.4596,206230.0
2026-03-10 11:25:00,347.34,347.4597,346.0027,346.312,239542.0
2026-03-10 11:30:00,346.302,346.6603,345.6658,346.2122,231851.0
2026-03-10 11:35:00,346.1524,346.6695,345.7232,346.332,183234.0
2026-03-10 11:40:00,346.3769,347.1104,346.0625,346.6314,187712.0
2026-03-10 11:45:00,346.5915,346.7711,345.9927,346.4867,187987.0
2026-03-10 11:50:00,346.5815,347.0056,345.8729,346.322,144820.0
2026-03-10 11:55:00,346.3819,346.8909,346.0027,346.4368,138873.0
2026-03-10 12:00:00,346.4368,346.4368,345.2043,345.5635,202717.0
2026-03-10 12:05:00,345.5735,345.5935,344.8857,345.2034,201081.0
2026-03-10 12:10:00,345.2142,345.6233,344.5357,345.3839,176229.0
2026-03-10 12:15:00,345.4515,345.5486,344.4757,345.2941,141829.0
2026-03-10 12:20:00,345.2757,345.9927,344.9348,345.5552,195416.0
2026-03-10 12:25:00,345.5735,346.6713,345.4737,346.0226,236233.0
2026-03-10 12:30:00,346.0625,346.5315,345.344,345.833,126174.0
2026-03-10 12:35:00,345.8729,346.8509,345.5236,346.821,227137.0
2026-03-10 12:40:00,346.821,346.821,345.9128,346.2971,114246.0
2026-03-10 12:45:00,346.2821,346.3818,345.5037,345.848,114775.0
2026-03-10 12:50:00,345.8604,347.1404,345.7282,346.826,938600.0
2026-03-10 12:55:00,346.89,347.0206,346.2036,346.3919,105911.0
2026-03-10 13:00:00,346.322,347.2551,346.2621,347.0156,148237.0
2026-03-10 13:05:00,346.9933,347.0505,346.2022,346.3719,117179.0
2026-03-10 13:10:00,346.4018,346.7012,345.9728,346.3677,101472.0
2026-03-10 13:15:00,346.312,346.7412,346.2821,346.559,190726.0
2026-03-10 13:20:00,346.5515,346.7791,346.2521,346.3619,154277.0
2026-03-10 13:25:00,346.3891,347.6992,346.3519,346.9707,305855.0
2026-03-10 13:30:00,346.9807,347.1154,345.9428,346.0226,302106.0
2026-03-10 13:35:00,346.0925,346.302,345.0546,345.8579,165497.0
2026-03-10 13:40:00,345.8983,346.3609,345.0346,345.2641,190271.0
2026-03-10 13:45:00,345.2741,345.3739,344.6853,344.855,188155.0
2026-03-10 13:50:00,344.7851,345.1643,344.7252,344.9647,174683.0
2026-03-10 13:55:00,344.9248,345.264,344.6454,345.0296,177841.0
2026-03-10 14:00:00,345.0296,345.4438,344.9049,345.0363,224533.0
2026-03-10 14:05:00,345.0296,345.1843,344.2063,344.4757,236942.0
2026-03-10 14:10:00,344.5256,344.7452,342.2074,342.2502,248714.0
2026-03-10 14:15:00,342.2003,343.2083,341.4418,342.0007,331098.0
2026-03-10 14:20:00,342.0007,343.1384,341.4319,342.6045,339326.0
2026-03-10 14:25:00,342.6644,343.8868,342.5197,343.1484,208830.0
2026-03-10 14:30:00,343.0686,343.5975,342.5596,343.0686,220976.0
2026-03-10 14:35:00,343.1384,343.3081,342.2502,342.2901,200090.0
2026-03-10 14:40:00,342.2901,342.4524,341.6913,341.841,164876.0
2026-03-10 14:45:00,341.7712,342.1604,341.3221,342.0157,156590.0
2026-03-10 14:50:00,342.1005,342.3648,341.2323,341.6614,304785.0
2026-03-10 14:55:00,341.6414,342.0506,341.342,341.6115,276555.0
2026-03-10 15:00:00,341.6714,341.7509,341.0127,341.4319,213496.0
2026-03-10 15:05:00,341.3919,341.5816,340.5536,341.0526,222778.0
2026-03-10 15:10:00,341.0127,341.1125,340.1145,340.9428,204902.0
2026-03-10 15:15:00,340.9478,341.4818,340.6634,341.2472,248134.0
2026-03-10 15:20:00,341.2472,341.7412,340.2642,341.7213,256815.0
2026-03-10 15:25:00,341.6414,342.7692,341.1424,341.8111,357251.0
2026-03-10 15:30:00,341.8111,341.884,340.9029,341.382,236632.0
2026-03-10 15:35:00,341.372,341.7612,340.9611,341.5367,213058.0
2026-03-10 15:40:00,341.5367,342.2801,340.9628,341.871,285005.0
2026-03-10 15:45:00,341.8909,341.9708,340.4539,341.0127,342325.0
2026-03-10 15:50:00,341.1025,341.7113,340.1451,341.7113,608620.0
2026-03-10 15:55:00,341.7068,342.1205,340.9728,341.9109,1505206.0
2026-03-11 09:30:00,341.9009,343.6256,340.0646,340.9528,544773.0
2026-03-11 09:35:00,340.9528,342.4498,340.863,342.37,246539.0
2026-03-11 09:40:00,342.3899,343.1783,341.5716,342.1255,287025.0
2026-03-11 09:45:00,342.2402,344.0965,341.9658,342.8565,299244.0
2026-03-11 09:50:00,342.7891,343.6873,342.1604,342.7292,191011.0
2026-03-11 09:55:00,342.8191,343.5676,342.1305,343.1584,167909.0
2026-03-11 10:00:00,343.1584,345.1144,342.849,344.8051,668814.0
2026-03-11 10:05:00,344.9,345.1045,341.1923,341.861,392300.0
2026-03-11 10:10:00,341.7013,342.3924,340.8231,342.0706,248604.0
2026-03-11 10:15:00,342.1305,343.9368,341.382,343.7721,212430.0
2026-03-11 10:20:00,343.7821,344.4059,342.8091,342.9338,315584.0
2026-03-11 10:25:00,342.9688,343.3181,342.0107,342.5697,161475.0
2026-03-11 10:30:00,342.5696,342.8191,340.364,340.5137,170493.0
2026-03-11 10:35:00,340.4538,341.6714,340.2443,340.7832,213412.0
2026-03-11 10:40:00,340.883,341.5616,340.0946,341.1325,189312.0
2026-03-11 10:45:00,341.1025,341.9795,340.9628,341.9109,131438.0
2026-03-11 10:50:00,341.9009,342.3,341.5816,341.8211,170777.0
2026-03-11 10:55:00,341.7961,342.3201,341.5217,342.0905,216399.0
2026-03-11 11:00:00,342.1504,343.1683,341.7656,343.1683,156340.0
2026-03-11 11:05:00,343.1584,343.1684,341.6115,341.7662,119950.0
2026-03-11 11:10:00,341.8111,342.7592,341.0726,342.7292,172729.0
2026-03-11 11:15:00,342.6179,342.859,341.342,341.7749,168760.0
2026-03-11 11:20:00,341.7213,342.5696,341.2422,341.5017,113480.0
2026-03-11 11:25:00,341.4718,342.5097,340.6135,340.7033,139992.0
2026-03-11 11:30:00,340.7033,341.2522,339.895,340.9828,197387.0
2026-03-11 11:35:00,340.9828,341.0825,340.2742,340.868,159409.0
2026-03-11 11:40:00,340.868,341.3419,340.0447,340.0546,96248.0
2026-03-11 11:45:00,340.0347,340.1445,339.3061,339.8351,220273.0
2026-03-11 11:50:00,339.875,340.6435,339.875,340.5237,102955.0
2026-03-11 11:55:00,340.5237,340.6125,340.0042,340.2978,69902.0
2026-03-11 12:00:00,340.3041,340.384,339.1964,339.4858,148704.0
2026-03-11 12:05:00,339.4858,339.5257,338.6175,338.877,166535.0
2026-03-11 12:10:00,338.8372,339.2263,338.5876,339.0068,131062.0
2026-03-11 12:15:00,339.0567,339.6355,338.907,338.9768,167639.0
2026-03-11 12:20:00,338.9668,339.4758,338.7173,338.8198,124743.0
2026-03-11 12:25:00,338.7673,339.5956,338.5377,339.4359,144592.0
2026-03-11 12:30:00,339.5057,341.6015,339.4359,341.4917,175422.0
2026-03-11 12:35:00,341.4518,341.6514,340.1744,340.2293,126205.0
2026-03-11 12:40:00,340.2742,340.9878,340.2193,340.4987,99091.0
2026-03-11 12:45:00,340.4987,341.2224,340.1145,340.7632,99479.0
2026-03-11 12:50:00,340.7632,341.6115,340.7632,341.4917,122749.0
2026-03-11 12:55:00,341.4618,342.0107,341.3321,341.6564,114769.0
2026-03-11 13:00:00,341.6714,342.2203,341.6614,341.8551,148354.0
2026-03-11 13:05:00,341.861,342.0606,340.7433,340.7632,163867.0
2026-03-11 13:10:00,340.7981,341.2122,340.5137,340.9229,154363.0
2026-03-11 13:15:00,340.9628,341.2323,340.1645,340.4638,128452.0
2026-03-11 13:20:00,340.5037,340.9029,340.1245,340.4742,121979.0
2026-03-11 13:25:00,340.4289,340.7033,339.7652,340.1145,142136.0
2026-03-11 13:30:00,340.1245,340.4139,339.865,340.0047,151537.0
2026-03-11 13:35:00,340.0047,340.126,337.5397,338.378,226068.0
2026-03-11 13:40:00,338.3381,339.1565,338.1884,338.9668,147149.0
2026-03-11 13:45:00,339.0068,339.5157,338.4678,339.4558,142993.0
2026-03-11 13:50:00,339.4609,340.0147,339.4159,339.8002,137146.0
2026-03-11 13:55:00,339.7952,339.895,339.2363,339.5457,154002.0
2026-03-11 14:00:00,339.5756,339.7353,338.4778,338.5626,129467.0
2026-03-11 14:05:00,338.6475,338.9868,338.2283,338.5148,149711.0
2026-03-11 14:10:00,338.5028,338.7473,337.9788,338.4379,179539.0
2026-03-11 14:15:00,338.4978,338.6175,337.9489,338.1884,152971.0
2026-03-11 14:20:00,338.1884,338.5675,337.7393,337.9389,144778.0
2026-03-11 14:25:00,337.9289,338.3581,337.8291,338.1734,134655.0
2026-03-11 14:30:00,338.1485,339.1265,338.0986,339.0567,203253.0
2026-03-11 14:35:00,339.0966,339.1365,338.403,338.5975,138967.0
2026-03-11 14:40:00,338.5976,338.7372,338.1485,338.6125,128412.0
2026-03-11 14:45:00,338.6125,338.7859,338.2983,338.3681,103686.0
2026-03-11 14:50:00,338.4279,339.8151,338.4179,339.7183,146254.0
2026-03-11 14:55:00,339.7203,339.9548,339.4459,339.8151,179926.0
2026-03-11 15:00:00,339.8451,340.1744,339.6554,340.1045,156585.0
2026-03-11 15:05:00,340.1245,340.1744,339.4758,340.0746,200080.0
2026-03-11 15:10:00,340.0995,340.2542,339.4658,339.6205,144196.0
2026-03-11 15:15:00,339.5856,339.9449,339.3161,339.4409,156208.0
2026-03-11 15:20:00,339.5057,339.6904,338.9968,339.6155,151161.0
2026-03-11 15:25:00,339.5956,339.9334,339.5257,339.6754,123128.0
2026-03-11 15:30:00,339.6754,340.3141,339.1764,340.2842,185630.0
2026-03-11 15:35:00,340.2443,340.4339,339.9948,340.2443,147104.0
2026-03-11 15:40:00,340.2243,340.5586,339.8451,340.0796,143479.0
2026-03-11 15:45:00,340.0746,340.2742,339.6754,340.1993,184814.0
2026-03-11 15:50:00,340.2243,341.0726,340.1145,340.9728,271452.0
2026-03-11 15:55:00,340.9279,341.3121,340.384,340.7932,823001.0
2026-03-12 09:30:00,337.0607,338.3181,335.5437,337.7293,653314.0
2026-03-12 09:35:00,337.6295,338.3181,336.7313,336.8612,195511.0
2026-03-12 09:40:00,336.9118,337.4898,335.404,335.6036,282974.0
2026-03-12 09:45:00,335.5936,335.7832,333.3182,334.8152,691785.0
2026-03-12 09:50:00,334.8451,335.354,332.5298,332.7094,484126.0
2026-03-12 09:55:00,332.7194,333.1086,331.5917,332.2005,364007.0
2026-03-12 10:00:00,332.2504,334.4659,332.1806,334.1166,349427.0
2026-03-12 10:05:00,334.1565,335.2344,334.0068,334.3262,184674.0
2026-03-12 10:10:00,334.3237,334.9649,334.0767,334.93,137189.0
2026-03-12 10:15:00,334.93,335.3342,333.6077,333.912,166587.0
2026-03-12 10:20:00,333.8472,334.6056,333.6276,334.5557,135045.0
2026-03-12 10:25:00,334.6156,335.1645,334.0018,334.0018,170686.0
2026-03-12 10:30:00,333.9869,334.426,332.8292,333.0438,186835.0
2026-03-12 10:35:00,333.1186,333.3182,331.6416,332.2304,279959.0
2026-03-12 10:40:00,332.2803,332.7993,331.5318,332.7394,184486.0
2026-03-12 10:45:00,332.7394,334.426,332.1805,332.2504,204855.0
2026-03-12 10:50:00,332.2703,333.3071,331.8312,333.0687,180404.0
2026-03-12 10:55:00,333.0438,333.6758,332.4699,332.6795,167575.0
2026-03-12 11:00:00,332.6645,333.4879,332.2204,333.3232,144545.0
2026-03-12 11:05:00,333.3232,333.6666,332.8392,333.2284,107340.0
2026-03-12 11:10:00,333.1585,333.2184,332.0807,332.8791,161406.0
2026-03-12 11:15:00,332.8941,333.3282,332.4899,333.0687,134736.0
2026-03-12 11:20:00,333.0737,334.0067,332.8192,333.8721,197926.0
2026-03-12 11:25:00,333.8721,335.3042,333.8721,334.8451,206008.0
2026-03-12 11:30:00,334.8451,335.2344,334.1765,334.8052,135793.0
2026-03-12 11:35:00,334.915,335.923,333.8872,335.7433,270907.0
2026-03-12 11:40:00,335.7134,336.6914,334.9849,336.3622,345941.0
2026-03-12 11:45:00,336.5916,336.6715,335.1944,335.883,186591.0
2026-03-12 11:50:00,335.7832,336.7613,335.7433,336.6743,191599.0
2026-03-12 11:55:00,336.6764,336.6764,334.7853,335.424,230979.0
2026-03-12 12:00:00,335.424,335.8731,334.7054,335.3741,256021.0
2026-03-12 12:05:00,335.3841,336.0028,334.0068,334.4859,282686.0
2026-03-12 12:10:00,334.4759,336.6216,334.3661,336.4719,159950.0
2026-03-12 12:15:00,336.4818,337.4599,336.2423,336.3621,200503.0
2026-03-12 12:20:00,336.392,337.2004,336.2723,336.446,148912.0
2026-03-12 12:25:00,336.5717,336.8611,335.6535,335.7932,167768.0
2026-03-12 12:30:00,335.7733,337.3127,335.6834,336.7463,148055.0
2026-03-12 12:35:00,336.7463,337.6146,336.5517,337.5098,169585.0
2026-03-12 12:40:00,337.5048,338.1684,337.2204,337.8776,185937.0
2026-03-12 12:45:00,337.8591,338.0886,336.6016,337.3009,142603.0
2026-03-12 12:50:00,337.2503,338.0088,336.6615,336.8561,174321.0
2026-03-12 12:55:00,336.881,337.3202,336.6615,337.2902,131673.0
2026-03-12 13:00:00,337.3202,338.3181,337.1705,338.3082,153294.0
2026-03-12 13:05:00,338.2583,339.1465,337.7892,338.0088,174686.0
2026-03-12 13:10:00,337.9639,338.4579,337.3301,337.41,201422.0
2026-03-12 13:15:00,337.41,337.8291,336.653,336.7263,120290.0
2026-03-12 13:20:00,336.7428,337.5297,336.402,337.39,117227.0
2026-03-12 13:25:00,337.38,337.5696,336.6914,336.8711,75142.0
2026-03-12 13:30:00,336.881,337.5297,336.3721,336.3721,103176.0
2026-03-12 13:35:00,336.3721,337.5297,336.3721,337.5098,133617.0
2026-03-12 13:40:00,337.5696,338.0088,337.1505,337.3052,108452.0
2026-03-12 13:45:00,337.3202,337.36,336.4419,336.6415,113197.0
2026-03-12 13:50:00,336.6615,337.0607,336.412,336.6515,84684.0
2026-03-12 13:55:00,336.6315,336.921,335.893,336.6046,141158.0
2026-03-12 14:00:00,336.6016,336.8711,336.1126,336.1325,125767.0
2026-03-12 14:05:00,336.1525,337.2902,335.8232,336.7563,111203.0
2026-03-12 14:10:00,336.7114,337.4998,336.6016,337.1106,178766.0
2026-03-12 14:15:00,337.1056,337.4199,336.8112,337.0806,96685.0
2026-03-12 14:20:00,337.0507,337.1206,336.5317,336.896,91965.0
2026-03-12 14:25:00,336.881,337.4798,336.6914,337.1705,116890.0
2026-03-12 14:30:00,337.1804,337.4,336.416,336.5517,93344.0
2026-03-12 14:35:00,336.5517,336.6414,335.8232,336.3371,100301.0
2026-03-12 14:40:00,336.3621,336.422,335.923,336.0427,84327.0
2026-03-12 14:45:00,336.0826,336.2124,335.7034,335.7932,85017.0
2026-03-12 14:50:00,335.8381,336.4319,335.7234,336.1226,126710.0
2026-03-12 14:55:00,336.0826,336.1924,335.1346,335.3292,166002.0
2026-03-12 15:00:00,335.3381,336.1226,335.1445,335.883,132687.0
2026-03-12 15:05:00,335.8232,336.3022,335.3242,335.419,118154.0
2026-03-12 15:10:00,335.4739,335.5338,334.5058,335.414,173905.0
2026-03-12 15:15:00,335.4439,336.0727,335.3741,335.4439,128090.0
2026-03-12 15:20:00,335.4539,336.1625,334.9953,335.8731,187151.0
2026-03-12 15:25:00,335.8731,336.2623,335.6036,336.0327,180078.0
2026-03-12 15:30:00,335.9928,336.6415,335.9429,336.0377,180330.0
2026-03-12 15:35:00,336.1026,336.1924,335.1746,335.4589,263586.0
2026-03-12 15:40:00,335.4938,335.5936,334.0268,334.7004,297421.0
2026-03-12 15:45:00,334.7354,335.2843,334.5557,335.1818,299139.0
2026-03-12 15:50:00,335.1894,335.512,334.6256,335.3192,404549.0
2026-03-12 15:55:00,335.3242,335.6036,334.8651,335.2843,708439.0
2026-03-13 09:30:00,337.0008,337.3201,333.6276,333.9196,599909.0
2026-03-13 09:35:00,333.9968,334.3861,330.8432,332.8891,741093.0
2026-03-13 09:40:00,332.7564,336.2723,332.3003,336.1026,285053.0
2026-03-13 09:45:00,336.1325,337.0008,335.3641,336.0976,295553.0
2026-03-13 09:50:00,336.0826,337.6294,334.7902,337.41,356017.0
2026-03-13 09:55:00,337.3601,337.6395,335.0348,335.2643,241789.0
2026-03-13 10:00:00,335.2743,335.7832,334.4261,334.6705,429638.0
2026-03-13 10:05:00,334.6705,334.925,333.8472,334.0667,260151.0
2026-03-13 10:10:00,334.0742,334.2463,332.929,333.1685,282354.0
2026-03-13 10:15:00,333.1486,333.4579,332.0308,332.2703,285867.0
2026-03-13 10:20:00,332.3152,332.9989,331.6616,332.1406,265266.0
2026-03-13 10:25:00,332.1406,333.5077,332.1406,332.8841,290765.0
2026-03-13 10:30:00,332.8841,334.4759,332.6297,333.0787,247469.0
2026-03-13 10:35:00,333.0787,333.1585,331.7264,332.6595,274624.0
2026-03-13 10:40:00,332.5997,332.8591,330.953,330.9929,247426.0
2026-03-13 10:45:00,331.0029,331.0029,329.1865,329.5259,434561.0
2026-03-13 10:50:00,329.5558,329.6556,328.7574,328.9221,344081.0
2026-03-13 10:55:00,328.8572,329.0269,326.1527,326.4221,510193.0
2026-03-13 11:00:00,326.3323,327.2004,326.2425,326.6615,260557.0
2026-03-13 11:05:00,326.6018,327.46,326.3423,327.2205,259259.0
2026-03-13 11:10:00,327.25,328.477,327.1706,328.1586,253343.0
2026-03-13 11:15:00,328.1586,328.2185,326.8413,326.9411,190956.0
2026-03-13 11:20:00,326.9311,327.3403,325.3443,325.4591,300597.0
2026-03-13 11:25:00,325.484,325.8483,324.7854,325.6137,409900.0
2026-03-13 11:30:00,325.6337,325.7036,324.1068,324.4561,387076.0
2026-03-13 11:35:00,324.496,324.8154,323.8174,324.2565,394319.0
2026-03-13 11:40:00,324.1966,324.4661,322.5349,323.0439,365372.0
2026-03-13 11:45:00,323.0439,324.017,322.6597,323.3783,396634.0
2026-03-13 11:50:00,323.4082,323.4681,322.2805,323.1886,311968.0
2026-03-13 11:55:00,323.1936,323.2684,322.4501,322.5248,227324.0
2026-03-13 12:00:00,322.5449,323.2186,322.4501,322.6996,225689.0
2026-03-13 12:05:00,322.6497,324.8453,322.58,324.6307,268292.0
2026-03-13 12:10:00,324.6158,325.1347,323.1687,323.5479,271096.0
2026-03-13 12:15:00,323.5679,323.7675,322.53,322.8438,199227.0
2026-03-13 12:20:00,322.8892,323.4779,322.6647,323.3383,298457.0
2026-03-13 12:25:00,323.3684,323.8872,322.7995,323.5359,149534.0
2026-03-13 12:30:00,323.5479,324.2965,323.2884,323.508,198107.0
2026-03-13 12:35:00,323.4481,324.9151,323.4481,324.4112,259078.0
2026-03-13 12:40:00,324.367,325.0349,324.1367,324.7954,225482.0
2026-03-13 12:45:00,324.8353,324.8453,323.1886,323.6477,262111.0
2026-03-13 12:50:00,323.6627,325.1347,323.6125,325.005,206082.0
2026-03-13 12:55:00,325.015,325.2744,322.6198,323.0339,341649.0
2026-03-13 13:00:00,323.0504,323.4581,322.5998,322.7994,233236.0
2026-03-13 13:05:00,322.7994,323.8972,322.4102,323.8024,263739.0
2026-03-13 13:10:00,323.8024,324.3263,323.1088,324.2415,163736.0
2026-03-13 13:15:00,324.2665,324.516,323.6776,324.2365,221992.0
2026-03-13 13:20:00,324.2864,324.3463,323.4481,323.982,186380.0
2026-03-13 13:25:00,323.9172,324.3563,323.6179,324.1018,149352.0
2026-03-13 13:30:00,324.1018,324.5758,323.5579,324.476,180298.0
2026-03-13 13:35:00,324.5559,324.6058,323.4981,323.5729,174250.0
2026-03-13 13:40:00,323.5729,323.6078,322.4901,323.009,307838.0
2026-03-13 13:45:00,322.9192,323.0489,321.4621,321.6401,322836.0
2026-03-13 13:50:00,321.6218,322.1108,321.3024,321.9062,190074.0
2026-03-13 13:55:00,321.9062,322.4302,321.4521,321.7515,221097.0
2026-03-13 14:00:00,321.8314,322.2306,321.6218,322.1507,141605.0
2026-03-13 14:05:00,322.1906,322.2805,321.6717,321.9611,158329.0
2026-03-13 14:10:00,321.9711,322.2505,321.6517,322.0609,218499.0
2026-03-13 14:15:00,322.1108,322.5499,321.9012,322.5049,169365.0
2026-03-13 14:20:00,322.5399,322.5399,321.7415,322.2356,131581.0
2026-03-13 14:25:00,322.2356,323.4681,322.1507,323.3882,190596.0
2026-03-13 14:30:00,323.3882,323.9671,323.0589,323.6876,214278.0
2026-03-13 14:35:00,323.6527,324.0569,323.2286,323.4731,203504.0
2026-03-13 14:40:00,323.4681,324.007,323.3346,323.9122,167962.0
2026-03-13 14:45:00,323.8872,324.3961,323.4681,324.3812,163068.0
2026-03-13 14:50:00,324.3213,324.5059,323.483,323.8074,168603.0
2026-03-13 14:55:00,323.7725,324.2166,323.483,323.977,200805.0
2026-03-13 15:00:00,324.007,324.0768,322.8693,323.069,276892.0
2026-03-13 15:05:00,323.019,324.0669,322.6497,323.9763,220935.0
2026-03-13 15:10:00,324.002,324.2864,323.508,323.7275,222181.0
2026-03-13 15:15:00,323.7325,323.8972,322.5898,322.8877,245695.0
2026-03-13 15:20:00,322.9092,322.9092,321.7316,321.8014,381339.0
2026-03-13 15:25:00,321.7515,322.011,321.4022,321.6218,471171.0
2026-03-13 15:30:00,321.7016,322.2605,321.502,321.7316,280610.0
2026-03-13 15:35:00,321.6966,322.1407,321.0929,321.1976,389067.0
2026-03-13 15:40:00,321.2525,321.3823,320.7835,321.2629,345172.0
2026-03-13 15:45:00,321.2725,321.503,321.0729,321.2226,360849.0
2026-03-13 15:50:00,321.2426,321.8912,321.1178,321.8014,425711.0
2026-03-13 15:55:00,321.7615,321.8114,321.2076,321.522,1001894.0
2026-03-16 09:30:00,325.3642,325.5738,319.4162,323.5828,1362449.0
2026-03-16 09:35:00,323.518,325.2744,322.4302,323.019,527334.0
2026-03-16 09:40:00,323.0689,323.4381,321.7216,322.1208,589208.0
2026-03-16 09:45:00,322.1507,324.8353,322.0908,322.5898,552367.0
2026-03-16 09:50:00,322.5549,323.8972,321.8912,323.2485,355999.0
2026-03-16 09:55:00,323.1986,324.481,323.0689,323.4281,274110.0
2026-03-16 10:00:00,323.4082,323.4381,321.9312,322.1757,314356.0
2026-03-16 10:05:00,322.1956,322.8094,321.8314,322.1358,283624.0
2026-03-16 10:10:00,322.1358,323.2186,322.1108,323.1289,301586.0
2026-03-16 10:15:00,323.1886,324.4261,323.029,323.9223,341144.0
2026-03-16 10:20:00,323.9306,325.1447,323.7774,324.7455,251322.0
2026-03-16 10:25:00,324.8252,324.8252,323.8972,323.9521,243527.0
2026-03-16 10:30:00,323.9721,324.3962,323.518,323.5778,225949.0
2026-03-16 10:35:00,323.6277,324.5958,322.9492,323.0439,207110.0
2026-03-16 10:40:00,323.0439,323.8972,322.4975,322.7795,376515.0
2026-03-16 10:45:00,322.7795,324.0968,322.6996,323.1587,205325.0
2026-03-16 10:50:00,323.1587,324.2565,322.52,323.9521,222428.0
2026-03-16 10:55:00,323.9521,324.9451,323.7076,324.9052,230468.0
2026-03-16 11:00:00,324.9052,325.2644,324.3962,325.0549,264414.0
2026-03-16 11:05:00,325.0549,326.7315,324.6657,326.7115,356145.0
2026-03-16 11:10:00,326.7413,328.0888,325.9531,328.0538,294119.0
2026-03-16 11:15:00,328.0538,328.5379,327.49,327.6896,372175.0
2026-03-16 11:20:00,327.6896,328.1536,327.2701,328.0588,190189.0
2026-03-16 11:25:00,328.0588,328.2784,327.5997,327.954,158107.0
2026-03-16 11:30:00,327.9191,328.448,327.3702,327.7794,220853.0
2026-03-16 11:35:00,327.7894,328.1387,327.5997,327.7494,191200.0
2026-03-16 11:40:00,327.7395,328.1287,327.6297,328.0488,144380.0
2026-03-16 11:45:00,328.0289,328.5079,327.8892,328.1187,181499.0
2026-03-16 11:50:00,328.0987,328.2684,326.981,327.0608,247738.0
2026-03-16 11:55:00,327.0908,327.4401,326.6317,326.8113,199815.0
2026-03-16 12:00:00,326.8063,326.951,326.3523,326.477,192665.0
2026-03-16 12:05:00,326.5319,327.1906,326.4022,326.6217,184155.0
2026-03-16 12:10:00,326.6217,326.7315,325.5963,326.0329,177172.0
2026-03-16 12:15:00,326.0229,326.1926,325.5938,325.6537,146364.0
2026-03-16 12:20:00,325.5938,325.8133,324.995,325.0798,198615.0
2026-03-16 12:25:00,325.0798,325.5838,324.995,325.4042,141513.0
2026-03-16 12:30:00,325.4042,326.3223,325.3443,325.8383,195004.0
2026-03-16 12:35:00,325.8133,326.4321,325.7734,326.1876,177370.0
2026-03-16 12:40:00,326.1527,326.7515,325.9431,326.4521,180792.0
2026-03-16 12:45:00,326.4221,326.9111,326.3224,326.7634,206823.0
2026-03-16 12:50:00,326.7564,327.4401,326.6517,326.6816,215688.0
2026-03-16 12:55:00,326.6816,327.0608,326.4121,326.6517,150263.0
2026-03-16 13:00:00,326.6966,327.5399,326.6117,327.001,226956.0
2026-03-16 13:05:00,327.0259,327.989,326.8413,327.6995,189232.0
2026-03-16 13:10:00,327.7045,328.1287,327.6995,328.1087,204210.0
2026-03-16 13:15:00,328.1087,328.2584,327.5399,327.7494,191343.0
2026-03-16 13:20:00,327.7744,328.1486,327.6596,327.9391,207422.0
2026-03-16 13:25:00,327.9391,328.2385,327.4101,327.4101,152093.0
2026-03-16 13:30:00,327.4201,328.0289,327.3802,327.4999,158033.0
2026-03-16 13:35:00,327.5149,328.1786,327.3702,327.6455,183402.0
2026-03-16 13:40:00,327.6197,327.8592,327.2804,327.3602,127989.0
2026-03-16 13:45:00,327.3802,327.7894,326.9453,327.2704,113256.0
2026-03-16 13:50:00,327.2405,327.6397,326.7415,327.5997,157278.0
2026-03-16 13:55:00,327.5598,327.8842,327.2504,327.5349,148081.0
2026-03-16 14:00:00,327.5598,327.7195,326.9311,327.2803,174989.0
2026-03-16 14:05:00,327.2256,327.9391,327.0109,327.5798,175738.0
2026-03-16 14:10:00,327.5399,327.6447,327.021,327.1906,182019.0
2026-03-16 14:15:00,327.1506,327.3702,326.9411,327.0309,174982.0
2026-03-16 14:20:00,327.0109,327.47,326.9311,327.1806,157671.0
2026-03-16 14:25:00,327.2416,327.4301,326.6417,326.8213,156255.0
2026-03-16 14:30:00,326.8612,327.2604,326.7115,326.8413,100427.0
2026-03-16 14:35:00,326.8513,327.0055,326.6916,326.7914,145726.0
2026-03-16 14:40:00,326.7914,326.8313,326.2724,326.492,154447.0
2026-03-16 14:45:00,326.477,326.7315,326.3622,326.477,172074.0
2026-03-16 14:50:00,326.4745,326.477,325.963,326.0978,193680.0
2026-03-16 14:55:00,326.0978,326.5519,325.8932,325.9501,210370.0
2026-03-16 15:00:00,326.0129,326.0828,325.3343,325.484,187183.0
2026-03-16 15:05:00,325.509,327.48,325.1547,327.46,283925.0
2026-03-16 15:10:00,327.49,328.468,325.7734,325.7734,429210.0
2026-03-16 15:15:00,325.7435,326.7215,325.5139,325.7834,245575.0
2026-03-16 15:20:00,325.7834,325.993,325.1247,325.3303,197468.0
2026-03-16 15:25:00,325.3642,325.6237,324.7456,325.3942,248413.0
2026-03-16 15:30:00,325.3443,325.5439,324.8653,325.5139,273751.0
2026-03-16 15:35:00,325.489,325.8233,324.9451,325.5339,412333.0
2026-03-16 15:40:00,325.5189,325.8133,324.9351,325.1247,326655.0
2026-03-16 15:45:00,325.1447,325.3323,324.0768,324.0968,410327.0
2026-03-16 15:50:00,324.1467,324.2964,323.0619,324.012,721376.0
2026-03-16 15:55:00,324.0269,324.4561,323.8174,324.2565,1168075.0
2026-03-17 09:30:00,325.1048,326.7814,323.9471,325.5583,727155.0
2026-03-17 09:35:00,325.469,326.0328,324.0669,324.2814,384575.0
2026-03-17 09:40:00,324.2814,324.6756,323.4481,323.7774,318988.0
2026-03-17 09:45:00,323.8473,324.9251,323.3483,324.556,382483.0
2026-03-17 09:50:00,324.5758,324.7954,323.483,324.3663,336617.0
2026-03-17 09:55:00,324.3663,324.3862,323.1487,323.7176,340882.0
2026-03-17 10:00:00,323.7456,323.8872,320.8833,321.3923,425253.0
2026-03-17 10:05:00,321.3573,322.5499,321.3126,321.6268,348258.0
2026-03-17 10:10:00,321.6717,322.4701,321.517,321.6268,356985.0
2026-03-17 10:15:00,321.6018,322.6697,321.2226,322.5749,360026.0
2026-03-17 10:20:00,322.5499,322.994,322.2605,322.7395,249062.0
2026-03-17 10:25:00,322.7246,323.4032,322.4102,322.7795,206197.0
2026-03-17 10:30:00,322.8144,322.9591,322.0609,322.7196,189259.0
2026-03-17 10:35:00,322.6597,323.2485,322.2505,322.2805,202543.0
2026-03-17 10:40:00,322.2705,322.7795,321.8014,322.2306,175645.0
2026-03-17 10:45:00,322.1607,322.7296,322.0709,322.4152,129317.0
2026-03-17 10:50:00,322.47,322.47,321.5519,322.0509,275142.0
2026-03-17 10:55:00,322.0509,322.5998,321.4521,321.4921,235337.0
2026-03-17 11:00:00,321.4921,321.9411,321.1028,321.2226,267582.0
2026-03-17 11:05:00,321.2725,321.512,319.7506,319.8883,295292.0
2026-03-17 11:10:00,319.8753,319.9651,318.6578,318.8129,492954.0
2026-03-17 11:15:00,318.7925,319.2566,318.0191,318.7376,514096.0
2026-03-17 11:20:00,318.7376,319.1567,317.9891,318.1887,336050.0
2026-03-17 11:25:00,318.1887,318.8574,317.7795,317.8793,325640.0
2026-03-17 11:30:00,317.8095,318.3883,317.7895,318.0789,222416.0
2026-03-17 11:35:00,318.1089,318.2586,317.061,317.6797,330916.0
2026-03-17 11:40:00,317.6508,318.0191,317.3604,317.9093,229363.0
2026-03-17 11:45:00,317.8793,318.4581,317.56,317.6049,257644.0
2026-03-17 11:50:00,317.6049,318.2758,317.6049,318.029,282418.0
2026-03-17 11:55:00,318.029,318.4582,317.4851,318.3035,1303444.0
2026-03-17 12:00:00,318.3035,318.558,317.5999,317.6897,316100.0
2026-03-17 12:05:00,317.6897,317.8095,316.8115,317.4302,285409.0
2026-03-17 12:10:00,317.4302,317.9492,317.071,317.1907,326306.0
2026-03-17 12:15:00,317.2007,317.5092,316.7617,317.2805,250604.0
2026-03-17 12:20:00,317.2706,317.9093,316.6119,317.7496,556135.0
2026-03-17 12:25:00,317.7795,317.8494,316.8614,317.2606,397367.0
2026-03-17 12:30:00,317.2456,317.6997,316.8914,317.4951,427874.0
2026-03-17 12:35:00,317.6847,317.8843,316.9712,317.1624,367967.0
2026-03-17 12:40:00,317.1758,317.878,317.1109,317.8195,192435.0
2026-03-17 12:45:00,317.8394,318.4282,317.7696,318.0889,229924.0
2026-03-17 12:50:00,318.0889,318.9073,317.8595,318.8873,301731.0
2026-03-17 12:55:00,318.8823,320.035,318.7776,319.7216,720612.0
2026-03-17 13:00:00,319.6857,320.2447,319.2366,320.1048,375119.0
2026-03-17 13:05:00,320.1048,320.7984,319.9951,320.4142,282065.0
2026-03-17 13:10:00,320.4292,320.5939,319.3164,319.516,322712.0
2026-03-17 13:15:00,319.516,319.7057,319.2666,319.4861,175138.0
2026-03-17 13:20:00,319.516,320.2446,318.9971,320.1997,189893.0
2026-03-17 13:25:00,320.1997,320.7136,319.9651,320.1448,240080.0
2026-03-17 13:30:00,320.1448,320.7935,319.9651,320.2246,273481.0
2026-03-17 13:35:00,320.2146,320.9032,320.1547,320.7396,253321.0
2026-03-17 13:40:00,320.7735,320.8833,320.1647,320.3843,219802.0
2026-03-17 13:45:00,320.3843,320.6338,320.2346,320.5839,157254.0
2026-03-17 13:50:00,320.5839,321.1627,320.1747,320.9631,189809.0
2026-03-17 13:55:00,320.9631,321.1927,320.7436,321.1428,243058.0
2026-03-17 14:00:00,321.1103,321.5819,321.0529,321.1428,258209.0
2026-03-17 14:05:00,321.1587,321.7914,320.6138,321.7316,218326.0
2026-03-17 14:10:00,321.7116,322.1906,321.0789,321.1527,297042.0
2026-03-17 14:15:00,321.1228,321.8513,320.6837,321.4471,278756.0
2026-03-17 14:20:00,321.4471,321.6068,321.0629,321.2844,198503.0
2026-03-17 14:25:00,321.3424,321.5719,320.9531,321.0978,161892.0
2026-03-17 14:30:00,321.1128,321.3024,320.7835,321.1328,183301.0
2026-03-17 14:35:00,321.1228,321.2675,320.6837,320.7536,255354.0
2026-03-17 14:40:00,320.7885,321.013,320.1248,320.1647,254706.0
2026-03-17 14:45:00,320.1647,320.1847,319.5959,319.6059,187414.0
2026-03-17 14:50:00,319.5959,320.0749,319.4412,319.9551,158468.0
2026-03-17 14:55:00,319.9252,319.9252,319.0071,319.4761,225041.0
2026-03-17 15:00:00,319.4262,319.8454,318.9771,319.0769,181551.0
2026-03-17 15:05:00,319.0919,319.4262,318.9272,319.2067,174594.0
2026-03-17 15:10:00,319.2166,319.6757,318.9472,319.0054,203506.0
2026-03-17 15:15:00,318.9572,319.6058,318.8973,319.3963,197905.0
2026-03-17 15:20:00,319.3564,319.3863,318.6877,318.8873,256473.0
2026-03-17 15:25:00,318.9073,319.8953,318.7576,319.5061,270124.0
2026-03-17 15:30:00,319.4961,319.8374,319.4563,319.7156,209796.0
2026-03-17 15:35:00,319.6957,320.0549,319.5859,319.9352,219467.0
2026-03-17 15:40:00,319.9651,320.2246,319.6857,320.2146,251180.0
2026-03-17 15:45:00,320.2146,320.534,320.035,320.3494,312649.0
2026-03-17 15:50:00,320.3344,321.0829,319.6258,320.7237,484580.0
2026-03-17 15:55:00,320.7236,320.9531,320.1248,320.6438,1054615.0
2026-03-18 09:30:00,319.7805,323.8673,319.4961,323.0988,789916.0
2026-03-18 09:35:00,323.2086,324.7355,322.9092,323.6078,357619.0
2026-03-18 09:40:00,323.5474,324.7854,322.6897,323.5159,358862.0
2026-03-18 09:45:00,323.508,324.5958,322.8496,323.271,366447.0
2026-03-18 09:50:00,323.3382,323.518,322.4802,322.7422,238599.0
2026-03-18 09:55:00,322.8294,323.0988,321.6018,321.9325,250229.0
2026-03-18 10:00:00,321.9212,321.9212,320.1448,320.7336,244352.0
2026-03-18 10:05:00,320.7236,320.8234,319.7256,320.0849,240063.0
2026-03-18 10:10:00,320.1967,320.4192,318.8973,318.9671,278382.0
2026-03-18 10:15:00,318.9771,319.4063,318.558,319.042,251817.0
2026-03-18 10:20:00,319.047,319.4611,318.7077,318.9073,180340.0
2026-03-18 10:25:00,318.9172,318.9771,317.1109,317.55,484370.0
2026-03-18 10:30:00,317.55,318.2286,317.3604,317.8594,257683.0
2026-03-18 10:35:00,317.8644,317.9891,317.1608,317.3292,237573.0
2026-03-18 10:40:00,317.3803,317.5999,317.071,317.3654,158814.0
2026-03-18 10:45:00,317.3654,317.7895,317.0894,317.1758,147493.0
2026-03-18 10:50:00,317.1109,318.1259,317.061,318.044,280665.0
2026-03-18 10:55:00,318.059,318.5679,317.8594,318.5131,191229.0
2026-03-18 11:00:00,318.518,319.027,317.7596,318.4881,172517.0
2026-03-18 11:05:00,318.4831,319.4562,318.3983,319.2665,182393.0
2026-03-18 11:10:00,319.2665,319.7156,318.9573,319.1468,220297.0
2026-03-18 11:15:00,319.087,319.9352,319.0072,319.2865,356439.0
2026-03-18 11:20:00,319.2366,319.8154,319.057,319.4761,214469.0
2026-03-18 11:25:00,319.4661,319.7057,319.0769,319.3663,238892.0
2026-03-18 11:30:00,319.3663,319.9551,319.2067,319.6158,241983.0
2026-03-18 11:35:00,319.6358,319.9951,319.3464,319.6957,188646.0
2026-03-18 11:40:00,319.7106,320.0948,319.536,319.9901,167204.0
2026-03-18 11:45:00,319.9901,320.1048,319.516,319.7506,136364.0
2026-03-18 11:50:00,319.7156,319.9352,319.2166,319.6857,175068.0
2026-03-18 11:55:00,319.6409,319.8154,319.1368,319.1368,160302.0
2026-03-18 12:00:00,319.1767,319.2665,318.7576,319.2017,163618.0
2026-03-18 12:05:00,319.2017,319.2166,318.2186,318.3184,192533.0
2026-03-18 12:10:00,318.3634,318.9771,318.2186,318.8075,175594.0
2026-03-18 12:15:00,318.8574,318.8873,318.3085,318.7675,139519.0
2026-03-18 12:20:00,318.7875,319.0071,318.4582,318.6827,155448.0
2026-03-18 12:25:00,318.6777,318.7476,318.2586,318.3534,164653.0
2026-03-18 12:30:00,318.3184,318.3883,317.2606,317.3005,276022.0
2026-03-18 12:35:00,317.2955,317.7696,317.031,317.7346,176793.0
2026-03-18 12:40:00,317.7696,318.2486,317.6598,318.039,153730.0
2026-03-18 12:45:00,318.0041,318.0041,317.2207,317.2805,127511.0
2026-03-18 12:50:00,317.3005,317.5999,316.3923,317.55,273746.0
2026-03-18 12:55:00,317.55,317.6896,317.1009,317.1857,179751.0
2026-03-18 13:00:00,317.1857,317.2207,316.4322,317.071,181313.0
2026-03-18 13:05:00,317.071,317.4003,316.7616,316.8614,166562.0
2026-03-18 13:10:00,316.9013,317.1009,316.5333,316.7137,150043.0
2026-03-18 13:15:00,316.7017,318.0562,316.6418,317.031,129583.0
2026-03-18 13:20:00,317.0211,317.3205,316.8115,317.2805,124859.0
2026-03-18 13:25:00,317.3005,317.6099,317.061,317.54,117942.0
2026-03-18 13:30:00,317.5516,317.8294,317.1508,317.6797,131114.0
2026-03-18 13:35:00,317.6797,317.9991,317.5739,317.8694,121562.0
2026-03-18 13:40:00,317.8893,317.9991,317.6099,317.8294,117480.0
2026-03-18 13:45:00,317.7995,318.3683,317.7197,317.9392,143401.0
2026-03-18 13:50:00,317.9442,318.2186,317.7895,318.069,133652.0
2026-03-18 13:55:00,318.0989,318.528,317.8294,317.9442,213576.0
2026-03-18 14:00:00,317.9442,319.0071,317.8793,318.7078,243215.0
2026-03-18 14:05:00,318.7176,318.7675,318.3284,318.3384,137996.0
2026-03-18 14:10:00,318.3484,318.6677,318.039,318.1328,138880.0
2026-03-18 14:15:00,318.1338,318.1588,317.2706,317.56,196088.0
2026-03-18 14:20:00,317.6099,317.6996,316.9612,317.4602,130084.0
2026-03-18 14:25:00,317.4801,317.7396,317.2805,317.56,154328.0
2026-03-18 14:30:00,317.57,317.6897,316.3823,316.4123,190232.0
2026-03-18 14:35:00,316.4123,317.3303,316.3823,317.0011,216161.0
2026-03-18 14:40:00,317.051,317.4702,316.7616,317.051,170938.0
2026-03-18 14:45:00,317.0011,317.2107,316.7017,316.7616,152432.0
2026-03-18 14:50:00,316.7516,316.7516,315.3844,315.8035,241292.0
2026-03-18 14:55:00,315.7636,316.0331,315.2846,315.3744,216035.0
2026-03-18 15:00:00,315.3594,316.3724,315.1748,316.3474,220862.0
2026-03-18 15:05:00,316.3724,316.9113,316.0231,316.3873,239747.0
2026-03-18 15:10:00,316.3225,316.5121,315.9532,316.1628,129468.0
2026-03-18 15:15:00,316.1528,316.1578,315.4343,315.4742,223022.0
2026-03-18 15:20:00,315.4517,315.5695,314.9153,315.1049,280802.0
2026-03-18 15:25:00,315.0949,316.043,314.9353,315.9582,233635.0
2026-03-18 15:30:00,315.9582,316.5021,315.9433,316.2327,215389.0
2026-03-18 15:35:00,316.2027,316.2426,315.8135,316.0281,152801.0
2026-03-18 15:40:00,316.0331,316.1428,315.3045,315.7536,182163.0
2026-03-18 15:45:00,315.7636,315.9732,315.6039,315.8584,196822.0
2026-03-18 15:50:00,315.9033,317.4602,315.8235,315.8933,377281.0
2026-03-18 15:55:00,315.8834,315.8834,315.1548,315.2047,815037.0
2026-03-19 09:30:00,311.8415,312.3505,308.2587,308.6429,983596.0
2026-03-19 09:35:00,308.6654,310.1848,307.8895,309.2118,451061.0
2026-03-19 09:40:00,309.2049,310.9333,308.6779,310.6739,487734.0
2026-03-19 09:45:00,310.6739,311.5122,309.7457,311.2028,331259.0
2026-03-19 09:50:00,311.1728,312.1309,310.8188,311.9213,319745.0
2026-03-19 09:55:00,311.9164,311.9812,310.8635,311.6219,220070.0
2026-03-19 10:00:00,311.6579,312.3405,311.3725,311.5022,218910.0
2026-03-19 10:05:00,311.5421,312.5001,311.4822,311.7716,240540.0
2026-03-19 10:10:00,311.7766,313.4283,311.6719,312.9044,296537.0
2026-03-19 10:15:00,312.9393,313.2487,312.2607,312.7347,208935.0
2026-03-19 10:20:00,312.7197,313.2686,311.3724,311.7966,239767.0
2026-03-19 10:25:00,311.8665,312.3405,311.572,311.9862,177292.0
2026-03-19 10:30:00,311.9313,313.9373,311.9014,313.8775,245439.0
2026-03-19 10:35:00,313.9572,314.1668,312.3205,312.7297,185845.0
2026-03-19 10:40:00,312.7098,313.5481,312.4803,312.8445,128993.0
2026-03-19 10:45:00,312.8096,313.5481,312.4702,313.5081,143137.0
2026-03-19 10:50:00,313.4283,315.0351,313.2437,314.7954,207614.0
2026-03-19 10:55:00,314.7357,315.7337,314.1568,315.4991,201755.0
2026-03-19 11:00:00,315.4542,315.7536,314.7956,315.3444,242192.0
2026-03-19 11:05:00,315.3444,316.3325,314.9552,315.544,166268.0
2026-03-19 11:10:00,315.5739,316.7316,315.5141,316.7117,228910.0
2026-03-19 11:15:00,316.7067,317.5101,316.2243,316.3025,393373.0
2026-03-19 11:20:00,316.3514,316.562,315.9632,316.2077,196899.0
2026-03-19 11:25:00,316.2077,316.5121,315.6638,316.3923,159787.0
2026-03-19 11:30:00,316.3125,316.6318,315.7636,315.9432,177094.0
2026-03-19 11:35:00,315.9133,316.4422,315.7636,316.3624,152016.0
2026-03-19 11:40:00,316.4522,316.7017,315.9133,316.1428,122672.0
2026-03-19 11:45:00,316.1428,316.8714,315.8434,316.8275,152158.0
2026-03-19 11:50:00,316.8065,317.5202,316.6618,316.9762,210973.0
2026-03-19 11:55:00,317.0111,318.1089,317.0111,317.9392,215915.0
2026-03-19 12:00:00,317.8594,318.6776,317.2926,318.049,233242.0
2026-03-19 12:05:00,318.1039,318.6677,317.9692,318.2586,189726.0
2026-03-19 12:10:00,318.2586,318.5081,317.5999,318.0191,140503.0
2026-03-19 12:15:00,317.9492,318.3783,317.5999,317.6648,225133.0
2026-03-19 12:20:00,317.6648,317.9392,317.1807,317.7945,149975.0
2026-03-19 12:25:00,317.7995,318.4382,317.57,318.3085,150766.0
2026-03-19 12:30:00,318.3085,318.6777,317.6498,317.8694,174482.0
2026-03-19 12:35:00,317.8993,318.9372,317.7197,318.8673,185593.0
2026-03-19 12:40:00,318.9123,319.3065,318.6278,318.8224,179684.0
2026-03-19 12:45:00,318.8224,318.9871,318.4881,318.5679,118330.0
2026-03-19 12:50:00,318.548,318.6278,317.8714,318.6278,136651.0
2026-03-19 12:55:00,318.5879,318.6478,318.0091,318.4831,87906.0
2026-03-19 13:00:00,318.538,318.6079,317.54,317.6014,94796.0
2026-03-19 13:05:00,317.5727,317.8394,316.8414,317.1708,103814.0
2026-03-19 13:10:00,317.1189,317.3404,316.8015,317.1308,77764.0
2026-03-19 13:15:00,317.1708,317.6398,317.0311,317.4901,70124.0
2026-03-19 13:20:00,317.4602,318.1987,317.3604,317.7845,86006.0
2026-03-19 13:25:00,317.8293,318.2486,317.57,318.0141,88494.0
2026-03-19 13:30:00,317.9592,318.4382,317.8793,318.059,89922.0
2026-03-19 13:35:00,318.0191,318.054,317.55,317.5799,91220.0
2026-03-19 13:40:00,317.5999,317.7895,317.3803,317.4801,80709.0
2026-03-19 13:45:00,317.4502,317.7246,317.3803,317.7246,60898.0
2026-03-19 13:50:00,317.6897,318.5679,317.6099,318.4881,96852.0
2026-03-19 13:55:00,318.4482,318.538,318.1787,318.4741,81118.0
2026-03-19 14:00:00,318.4781,318.5081,317.54,317.7845,104175.0
2026-03-19 14:05:00,317.7895,318.3708,317.56,318.1588,96441.0
2026-03-19 14:10:00,318.1588,319.2565,317.9103,319.0869,140346.0
2026-03-19 14:15:00,319.027,319.3564,318.538,319.0819,194545.0
2026-03-19 14:20:00,319.0869,319.2266,318.7251,318.8674,161992.0
2026-03-19 14:25:00,318.8397,318.9372,318.1488,318.1987,175424.0
2026-03-19 14:30:00,318.1687,318.2536,317.9692,318.0141,83694.0
2026-03-19 14:35:00,318.0141,318.1488,317.4801,318.049,203871.0
2026-03-19 14:40:00,318.059,318.6977,317.8095,318.4582,261097.0
2026-03-19 14:45:00,318.4981,318.9871,318.2885,318.553,272969.0
2026-03-19 14:50:00,318.553,318.7476,318.0191,318.7226,164436.0
2026-03-19 14:55:00,318.7226,320.2945,318.6378,320.1597,287205.0
2026-03-19 15:00:00,320.1597,321.4322,320.1048,320.7336,288335.0
2026-03-19 15:05:00,320.8034,322.6198,320.7436,321.9431,401893.0
2026-03-19 15:10:00,321.9362,322.4102,320.514,321.4122,241464.0
2026-03-19 15:15:00,321.4122,321.6118,320.4841,321.1615,219919.0
2026-03-19 15:20:00,321.0929,321.1677,320.0949,320.3444,221851.0
2026-03-19 15:25:00,320.2046,320.2745,319.3764,320.1148,239236.0
2026-03-19 15:30:00,320.0699,320.1348,318.8174,318.9172,374561.0
2026-03-19 15:35:00,318.9821,319.1767,318.3184,318.6777,276359.0
2026-03-19 15:40:00,318.7027,319.1867,318.564,318.8274,247477.0
2026-03-19 15:45:00,318.8673,319.3464,318.5679,318.8274,274850.0
2026-03-19 15:50:00,318.8773,319.536,318.2386,318.8474,559423.0
2026-03-19 15:55:00,318.8324,319.8454,318.798,319.1268,1120799.0
2026-03-20 09:30:00,319.4761,320.1547,318.039,319.576,3312257.0
2026-03-20 09:35:00,319.6957,320.6238,318.8075,319.3065,274142.0
2026-03-20 09:40:00,319.2566,320.8032,318.8973,320.4541,243859.0
2026-03-20 09:45:00,320.6438,320.8633,318.5979,319.0969,248344.0
2026-03-20 09:50:00,319.0869,319.1967,317.56,318.029,199406.0
2026-03-20 09:55:00,318.034,318.1438,315.8634,316.2925,190162.0
2026-03-20 10:00:00,316.2826,316.8215,315.8634,316.2826,173682.0
2026-03-20 10:05:00,316.2626,316.674,314.9652,315.9183,191200.0
2026-03-20 10:10:00,315.9432,316.2626,313.8675,314.2367,298510.0
2026-03-20 10:15:00,314.3215,314.9752,313.8574,314.9423,308562.0
2026-03-20 10:20:00,314.8804,315.7435,314.4263,314.9253,204454.0
2026-03-20 10:25:00,314.9951,315.3644,314.4562,315.06,166670.0
2026-03-20 10:30:00,315.1648,316.022,315.1249,315.8634,196440.0
2026-03-20 10:35:00,315.8734,316.0031,314.5361,315.564,148932.0
2026-03-20 10:40:00,315.5141,315.6039,315.0351,315.1748,112507.0
2026-03-20 10:45:00,315.1448,315.3544,314.057,314.7307,189554.0
2026-03-20 10:50:00,314.7257,314.9752,313.7676,313.9972,152792.0
2026-03-20 10:55:00,313.9972,315.3644,313.9972,315.2047,180328.0
2026-03-20 11:00:00,315.2277,316.3144,314.1269,314.6858,232090.0
2026-03-20 11:05:00,314.596,315.2745,314.2966,315.1498,108373.0
2026-03-20 11:10:00,315.1598,315.6638,314.8155,315.5191,108187.0
2026-03-20 11:15:00,315.5041,315.584,314.4363,314.5061,127292.0
2026-03-20 11:20:00,314.4816,315.9033,314.3864,314.7357,177905.0
2026-03-20 11:25:00,314.7357,315.2047,314.566,315.0202,120108.0
2026-03-20 11:30:00,314.9552,315.8035,314.9353,315.544,142964.0
2026-03-20 11:35:00,315.5141,315.5141,314.7257,314.9852,368254.0
2026-03-20 11:40:00,315.0051,315.6838,314.7756,315.554,146754.0
2026-03-20 11:45:00,315.584,315.7237,314.8055,315.584,152116.0
2026-03-20 11:50:00,315.5241,315.8634,315.3444,315.6438,130473.0
2026-03-20 11:55:00,315.6937,316.562,315.6342,316.3125,155534.0
2026-03-20 12:00:00,316.2801,317.1109,316.0131,317.051,169033.0
2026-03-20 12:05:00,317.051,317.3205,316.4522,316.9213,187361.0
2026-03-20 12:10:00,316.9911,317.7995,316.8913,317.5799,169978.0
2026-03-20 12:15:00,317.57,317.9093,316.7717,317.8943,156504.0
2026-03-20 12:20:00,317.8943,318.1388,317.6248,317.9292,630194.0
2026-03-20 12:25:00,317.9292,318.039,317.1009,317.2805,165883.0
2026-03-20 12:30:00,317.2706,317.3704,316.1478,316.7017,142343.0
2026-03-20 12:35:00,316.7067,317.1407,316.3923,316.6619,109877.0
2026-03-20 12:40:00,316.7217,317.2505,316.552,316.8215,124109.0
2026-03-20 12:45:00,316.7666,316.9312,315.8634,316.4722,278789.0
2026-03-20 12:50:00,316.5221,317.0211,316.2426,316.8514,156448.0
2026-03-20 12:55:00,316.8514,317.56,316.6618,316.8015,112800.0
2026-03-20 13:00:00,316.7915,317.2107,316.7616,316.8513,94577.0
2026-03-20 13:05:00,316.7915,316.8863,315.8159,316.0031,122025.0
2026-03-20 13:10:00,316.0231,316.2227,315.3644,315.8634,92113.0
2026-03-20 13:15:00,315.8634,315.8834,315.045,315.1848,110047.0
2026-03-20 13:20:00,315.1848,315.5041,315.055,315.1947,101547.0
2026-03-20 13:25:00,315.2496,315.3743,314.8155,314.9752,114816.0
2026-03-20 13:30:00,315.0351,315.1947,314.566,314.8854,146609.0
2026-03-20 13:35:00,314.8854,315.1448,314.1668,314.7358,170737.0
2026-03-20 13:40:00,314.8454,314.9003,314.2586,314.3465,102389.0
2026-03-20 13:45:00,314.3764,314.5161,313.7676,313.8475,142971.0
2026-03-20 13:50:00,313.8624,314.4762,313.7576,314.3165,119699.0
2026-03-20 13:55:00,314.3365,314.566,314.1369,314.3315,134262.0
2026-03-20 14:00:00,314.3065,314.556,313.4682,313.4682,118466.0
2026-03-20 14:05:00,313.5381,313.8974,313.2586,313.6279,145617.0
2026-03-20 14:10:00,313.6254,313.7256,313.2586,313.2786,121993.0
2026-03-20 14:15:00,313.3135,313.6978,313.1788,313.588,123402.0
2026-03-20 14:20:00,313.5481,313.6778,312.4802,312.6399,143158.0
2026-03-20 14:25:00,312.6199,313.4782,312.6199,313.1339,126062.0
2026-03-20 14:30:00,313.1339,313.4183,312.4204,312.4702,160379.0
2026-03-20 14:35:00,312.4503,312.6399,311.8814,312.1609,153367.0
2026-03-20 14:40:00,312.106,312.3105,311.7217,311.9831,232203.0
2026-03-20 14:45:00,311.9812,312.1708,311.7618,312.0611,228307.0
2026-03-20 14:50:00,312.0611,312.5401,311.7817,312.0361,131871.0
2026-03-20 14:55:00,312.0012,312.5251,311.9014,312.2307,223321.0
2026-03-20 15:00:00,312.2307,312.6,311.8914,312.071,151546.0
2026-03-20 15:05:00,312.0361,312.1509,311.2527,311.7317,194552.0
2026-03-20 15:10:00,311.7217,312.0112,311.3724,311.8914,165453.0
2026-03-20 15:15:00,311.8964,312.2507,311.5321,312.2307,128647.0
2026-03-20 15:20:00,312.2457,312.2706,311.2427,311.4623,162463.0
2026-03-20 15:25:00,311.4573,311.8714,311.0731,311.3325,186357.0
2026-03-20 15:30:00,311.3325,311.5321,310.9533,311.2926,201370.0
2026-03-20 15:35:00,311.2677,311.2826,310.1549,310.9832,278874.0
2026-03-20 15:40:00,310.9533,311.9613,310.8635,311.8615,253916.0
2026-03-20 15:45:00,311.8714,312.0611,311.2827,311.6619,294957.0
2026-03-20 15:50:00,311.6519,311.7716,310.4842,310.594,602232.0
2026-03-20 15:55:00,310.599,310.7936,309.2966,310.1649,2503763.0
2026-03-23 09:30:00,318.0,322.8,314.93,322.05,1423393.0
2026-03-23 09:35:00,322.19,323.2,320.6,321.55,740034.0
2026-03-23 09:40:00,321.56,321.64,319.34,319.895,372002.0
2026-03-23 09:45:00,319.8001,322.99,319.8001,322.31,530352.0
2026-03-23 09:50:00,322.31,323.36,321.8951,323.16,349024.0
2026-03-23 09:55:00,323.03,324.14,322.83,324.135,497233.0
2026-03-23 10:00:00,324.14,324.4599,322.46,322.59,356867.0
2026-03-23 10:05:00,322.59,324.0,322.2401,322.555,342976.0
2026-03-23 10:10:00,322.45,323.77,322.36,323.35,322428.0
2026-03-23 10:15:00,323.31,325.25,323.15,325.05,420132.0
2026-03-23 10:20:00,325.15,326.48,324.92,326.2,458784.0
2026-03-23 10:25:00,326.2151,326.25,324.88,325.79,371793.0
2026-03-23 10:30:00,325.79,325.9,325.02,325.345,248427.0
2026-03-23 10:35:00,325.26,325.84,325.0501,325.3026,208281.0
2026-03-23 10:40:00,325.38,325.5,324.2,324.43,192948.0
2026-03-23 10:45:00,324.5,325.2399,324.05,324.93,184741.0
2026-03-23 10:50:00,324.92,324.92,323.7,324.2148,139921.0
2026-03-23 10:55:00,324.25,324.53,323.84,324.045,206217.0
2026-03-23 11:00:00,324.045,325.7885,323.82,325.725,280610.0
2026-03-23 11:05:00,325.7,325.81,324.17,324.68,180802.0
2026-03-23 11:10:00,324.72,325.01,324.31,324.625,166631.0
2026-03-23 11:15:00,324.615,324.7,323.88,324.0875,213407.0
2026-03-23 11:20:00,324.075,324.26,323.54,324.115,222163.0
2026-03-23 11:25:00,324.105,324.105,322.72,323.36,297157.0
2026-03-23 11:30:00,323.37,323.83,323.14,323.26,242892.0
2026-03-23 11:35:00,323.26,323.28,321.24,321.74,362267.0
2026-03-23 11:40:00,321.685,322.4225,321.62,322.22,266186.0
2026-03-23 11:45:00,322.18,322.28,321.24,321.9587,208069.0
2026-03-23 11:50:00,321.9,322.17,320.63,321.02,246106.0
2026-03-23 11:55:00,321.02,321.14,319.49,319.8,303531.0
2026-03-23 12:00:00,319.745,320.36,319.45,319.69,208818.0
2026-03-23 12:05:00,319.685,321.37,319.5,321.14,206059.0
2026-03-23 12:10:00,321.12,321.9,320.8,321.83,168866.0
2026-03-23 12:15:00,321.78,321.83,320.05,320.57,194710.0
2026-03-23 12:20:00,320.57,320.88,320.23,320.36,149978.0
2026-03-23 12:25:00,320.28,320.75,319.671,319.885,229023.0
2026-03-23 12:30:00,319.88,321.18,319.87,321.175,182187.0
2026-03-23 12:35:00,321.175,322.1,321.175,321.515,219898.0
2026-03-23 12:40:00,321.5,321.8766,321.0,321.6,177148.0
2026-03-23 12:45:00,321.6,322.2,321.04,321.39,195560.0
2026-03-23 12:50:00,321.44,321.78,320.42,320.8783,137667.0
2026-03-23 12:55:00,320.74,321.19,320.16,320.66,143312.0
2026-03-23 13:00:00,320.66,320.96,319.92,320.1901,148538.0
2026-03-23 13:05:00,320.34,320.76,320.01,320.64,112092.0
2026-03-23 13:10:00,320.7151,320.7799,320.07,320.14,122516.0
2026-03-23 13:15:00,320.135,320.56,319.63,320.26,138339.0
2026-03-23 13:20:00,320.25,320.2525,319.26,319.55,136885.0
2026-03-23 13:25:00,319.5,320.44,319.45,320.07,115573.0
2026-03-23 13:30:00,320.07,321.3899,320.01,320.97,147499.0
2026-03-23 13:35:00,320.93,321.8,320.86,321.44,299766.0
2026-03-23 13:40:00,321.39,321.68,320.6,320.825,161853.0
2026-03-23 13:45:00,320.825,320.8599,319.86,320.365,176453.0
2026-03-23 13:50:00,320.36,320.875,320.25,320.69,120375.0
2026-03-23 13:55:00,320.69,321.86,320.42,321.82,121598.0
2026-03-23 14:00:00,321.74,322.2,321.56,322.065,211483.0
2026-03-23 14:05:00,322.11,322.36,321.25,321.95,283923.0
2026-03-23 14:10:00,321.95,322.51,321.95,322.17,163303.0
2026-03-23 14:15:00,322.17,322.55,321.75,322.32,150006.0
2026-03-23 14:20:00,322.27,322.62,322.06,322.29,152043.0
2026-03-23 14:25:00,322.29,322.6,322.01,322.17,144886.0
2026-03-23 14:30:00,322.17,323.5,322.13,323.49,185588.0
2026-03-23 14:35:00,323.49,324.05,322.95,323.26,227756.0
2026-03-23 14:40:00,323.255,323.63,322.98,323.53,126683.0
2026-03-23 14:45:00,323.515,324.01,323.36,323.815,168960.0
2026-03-23 14:50:00,323.84,324.16,323.51,323.98,137613.0
2026-03-23 14:55:00,323.965,324.33,323.82,324.2,150315.0
2026-03-23 15:00:00,324.18,324.34,323.4,324.14,190799.0
2026-03-23 15:05:00,324.12,325.54,324.0801,325.33,262840.0
2026-03-23 15:10:00,325.32,325.42,324.85,325.06,172447.0
2026-03-23 15:15:00,325.07,325.18,322.01,325.005,190914.0
2026-03-23 15:20:00,325.005,325.2,324.41,325.175,272824.0
2026-03-23 15:25:00,325.175,325.56,325.02,325.27,246860.0
2026-03-23 15:30:00,325.235,325.31,324.4001,324.69,338520.0
2026-03-23 15:35:00,324.69,324.97,323.9705,323.9705,239057.0
2026-03-23 15:40:00,324.1587,324.5,323.64,324.405,338098.0
2026-03-23 15:45:00,324.44,324.93,324.02,324.175,237267.0
2026-03-23 15:50:00,324.19,324.44,323.22,323.33,498549.0
2026-03-23 15:55:00,323.33,323.4,322.39,322.43,1406155.0
2026-03-24 09:30:00,320.0,324.3999,319.58,321.365,587917.0
2026-03-24 09:35:00,321.37,321.55,319.1801,319.38,291610.0
2026-03-24 09:40:00,319.33,319.55,315.69,316.16,356777.0
2026-03-24 09:45:00,316.38,317.705,315.835,316.37,235333.0
2026-03-24 09:50:00,316.41,317.4,315.78,316.74,187854.0
2026-03-24 09:55:00,316.73,317.84,316.27,316.945,160874.0
2026-03-24 10:00:00,317.01,317.32,315.9,316.645,206533.0
2026-03-24 10:05:00,316.645,317.07,316.02,316.9899,175552.0
2026-03-24 10:10:00,316.9636,317.09,314.84,315.27,238515.0
2026-03-24 10:15:00,315.33,315.74,314.95,315.66,142922.0
2026-03-24 10:20:00,315.5901,316.495,315.15,315.99,155814.0
2026-03-24 10:25:00,315.86,316.48,315.2,315.565,194439.0
2026-03-24 10:30:00,315.48,316.27,315.4,316.06,155290.0
2026-03-24 10:35:00,316.06,316.88,315.26,315.4999,232396.0
2026-03-24 10:40:00,315.25,316.8251,315.14,316.8251,166142.0
2026-03-24 10:45:00,316.825,318.27,316.58,317.46,300641.0
2026-03-24 10:50:00,317.42,320.37,316.74,319.35,395815.0
2026-03-24 10:55:00,319.395,319.665,315.95,317.3,308746.0
2026-03-24 11:00:00,317.32,318.5299,317.23,318.055,175275.0
2026-03-24 11:05:00,317.98,319.3699,317.79,318.59,171187.0
2026-03-24 11:10:00,318.55,319.08,318.01,318.95,119712.0
2026-03-24 11:15:00,318.945,319.81,318.88,319.53,144079.0
2026-03-24 11:20:00,319.47,320.15,319.09,320.07,216517.0
2026-03-24 11:25:00,320.06,320.57,318.89,319.39,233153.0
2026-03-24 11:30:00,319.405,319.8877,318.73,319.41,137423.0
2026-03-24 11:35:00,319.355,319.77,319.16,319.485,97797.0
2026-03-24 11:40:00,319.48,319.75,318.7304,319.07,139003.0
2026-03-24 11:45:00,319.07,319.18,318.73,319.0,78056.0
2026-03-24 11:50:00,319.13,319.56,319.015,319.5,89113.0
2026-03-24 11:55:00,319.49,319.49,318.44,318.62,98823.0
2026-03-24 12:00:00,318.61,319.15,318.27,318.3,117063.0
2026-03-24 12:05:00,318.39,318.39,317.25,317.875,139156.0
2026-03-24 12:10:00,317.85,318.13,317.71,317.765,96052.0
2026-03-24 12:15:00,317.765,318.79,317.75,318.69,87509.0
2026-03-24 12:20:00,318.69,319.19,318.65,319.135,144158.0
2026-03-24 12:25:00,319.21,319.22,318.29,318.93,180272.0
2026-03-24 12:30:00,318.95,319.04,318.29,318.355,113209.0
2026-03-24 12:35:00,318.4,318.4,316.95,317.15,220635.0
2026-03-24 12:40:00,317.12,317.32,316.5,316.93,156566.0
2026-03-24 12:45:00,316.885,317.735,316.885,317.51,168280.0
2026-03-24 12:50:00,317.49,318.43,317.46,317.94,173679.0
2026-03-24 12:55:00,318.0,318.05,317.25,317.72,121851.0
2026-03-24 13:00:00,317.72,317.97,316.155,316.2175,236713.0
2026-03-24 13:05:00,316.215,317.0647,315.5601,316.47,178809.0
2026-03-24 13:10:00,316.45,316.5399,315.78,316.367,140582.0
2026-03-24 13:15:00,316.32,316.56,315.8,316.05,161014.0
2026-03-24 13:20:00,316.02,316.86,316.02,316.57,157267.0
2026-03-24 13:25:00,316.62,317.53,316.48,317.5,161135.0
2026-03-24 13:30:00,317.49,317.57,316.93,317.23,176304.0
2026-03-24 13:35:00,317.275,317.85,317.25,317.8,144471.0
2026-03-24 13:40:00,317.7975,318.05,317.1,317.235,128903.0
2026-03-24 13:45:00,317.18,317.66,317.18,317.5,123303.0
2026-03-24 13:50:00,317.49,318.5,317.41,318.24,170045.0
2026-03-24 13:55:00,318.23,319.36,317.95,319.09,234679.0
2026-03-24 14:00:00,319.09,319.76,318.9013,319.3,137759.0
2026-03-24 14:05:00,319.27,319.76,318.92,319.465,179309.0
2026-03-24 14:10:00,319.47,319.53,318.23,318.75,187997.0
2026-03-24 14:15:00,318.78,319.0,318.0,318.935,157889.0
2026-03-24 14:20:00,319.08,319.48,318.77,319.38,124008.0
2026-03-24 14:25:00,319.38,319.89,319.29,319.54,175851.0
2026-03-24 14:30:00,319.4301,320.4,319.36,319.82,177899.0
2026-03-24 14:35:00,319.81,320.86,319.66,320.795,180102.0
2026-03-24 14:40:00,320.73,320.88,319.69,319.94,206606.0
2026-03-24 14:45:00,319.945,320.05,318.97,319.1255,159019.0
2026-03-24 14:50:00,319.14,319.815,319.09,319.48,155753.0
2026-03-24 14:55:00,319.47,319.47,318.41,318.41,177955.0
2026-03-24 15:00:00,318.36,318.99,318.36,318.72,152393.0
2026-03-24 15:05:00,318.69,318.77,318.32,318.6,148045.0
2026-03-24 15:10:00,318.57,319.58,318.57,319.16,172524.0
2026-03-24 15:15:00,319.16,319.4799,319.0301,319.38,154574.0
2026-03-24 15:20:00,319.34,319.43,318.75,319.13,152407.0
2026-03-24 15:25:00,319.095,319.39,318.61,318.775,170469.0
2026-03-24 15:30:00,318.77,319.22,318.1501,318.94,170920.0
2026-03-24 15:35:00,318.92,318.92,318.06,318.135,167604.0
2026-03-24 15:40:00,318.14,318.45,317.93,318.06,203960.0
2026-03-24 15:45:00,318.01,318.1,317.395,317.48,228849.0
2026-03-24 15:50:00,317.48,318.62,317.48,318.02,414120.0
2026-03-24 15:55:00,318.03,318.47,317.83,318.303,875833.0
2026-03-25 09:30:00,322.59,323.84,318.065,318.825,670567.0
2026-03-25 09:35:00,318.825,320.12,318.21,319.61,305201.0
2026-03-25 09:40:00,319.5671,322.4999,319.46,321.98,355741.0
2026-03-25 09:45:00,322.0,322.98,321.5701,322.43,322047.0
2026-03-25 09:50:00,322.43,322.8,321.09,321.191,228194.0
2026-03-25 09:55:00,321.15,321.62,320.3,320.5787,170563.0
2026-03-25 10:00:00,320.53,322.33,319.09,321.92,249397.0
2026-03-25 10:05:00,321.95,322.59,321.0,322.38,229613.0
2026-03-25 10:10:00,322.35,323.28,321.4,323.11,207031.0
2026-03-25 10:15:00,323.08,323.35,322.47,322.56,165655.0
2026-03-25 10:20:00,322.61,324.3,322.5,323.205,230904.0
2026-03-25 10:25:00,323.205,323.845,321.79,322.375,222657.0
2026-03-25 10:30:00,322.36,322.5999,320.745,320.745,158374.0
2026-03-25 10:35:00,320.72,321.35,320.59,320.8199,168191.0
2026-03-25 10:40:00,320.82,321.49,320.51,320.95,139574.0
2026-03-25 10:45:00,320.95,321.5799,320.8,321.165,151403.0
2026-03-25 10:50:00,321.11,321.68,320.55,320.675,165074.0
2026-03-25 10:55:00,320.675,321.13,320.2,320.61,197413.0
2026-03-25 11:00:00,320.57,320.68,319.75,320.2899,147697.0
2026-03-25 11:05:00,320.25,320.45,319.49,319.57,126915.0
2026-03-25 11:10:00,319.56,321.21,319.5,321.02,188133.0
2026-03-25 11:15:00,320.99,320.99,318.63,319.62,398112.0
2026-03-25 11:20:00,319.53,320.85,319.47,320.68,168412.0
2026-03-25 11:25:00,320.65,320.685,320.07,320.2801,189317.0
2026-03-25 11:30:00,320.35,321.35,320.19,321.07,189778.0
2026-03-25 11:35:00,321.065,321.15,319.98,320.1501,146078.0
2026-03-25 11:40:00,320.1501,320.3799,319.295,320.02,200070.0
2026-03-25 11:45:00,319.98,320.1499,319.0,319.12,187489.0
2026-03-25 11:50:00,319.095,319.88,319.095,319.8,142219.0
2026-03-25 11:55:00,319.83,320.7,319.75,320.5251,179966.0
2026-03-25 12:00:00,320.52,320.52,319.64,319.79,122046.0
2026-03-25 12:05:00,319.79,319.91,318.3,318.59,161192.0
2026-03-25 12:10:00,318.54,319.17,318.5,319.065,215723.0
2026-03-25 12:15:00,318.99,319.13,318.48,318.73,140670.0
2026-03-25 12:20:00,318.73,320.19,318.6033,320.1,152945.0
2026-03-25 12:25:00,320.1,320.5,319.4301,319.6,152772.0
2026-03-25 12:30:00,319.66,319.85,319.04,319.65,119449.0
2026-03-25 12:35:00,319.72,319.79,319.22,319.605,125595.0
2026-03-25 12:40:00,319.615,320.79,319.32,320.37,182038.0
2026-03-25 12:45:00,320.435,321.28,320.35,321.175,189038.0
2026-03-25 12:50:00,321.15,321.92,320.66,321.735,241503.0
2026-03-25 12:55:00,321.74,321.87,320.65,320.65,182731.0
2026-03-25 13:00:00,320.7,321.13,319.52,319.7251,198872.0
2026-03-25 13:05:00,319.705,319.72,319.0,319.0924,153085.0
2026-03-25 13:10:00,319.09,319.85,318.73,319.73,315451.0
2026-03-25 13:15:00,319.71,319.82,319.1801,319.52,181920.0
2026-03-25 13:20:00,319.55,320.38,319.46,320.09,124897.0
2026-03-25 13:25:00,320.01,320.8,319.8,319.955,152557.0
2026-03-25 13:30:00,319.92,320.1692,318.81,319.0,152445.0
2026-03-25 13:35:00,319.03,319.46,318.95,319.43,129902.0
2026-03-25 13:40:00,319.48,320.28,319.2,319.825,129170.0
2026-03-25 13:45:00,319.77,319.89,319.17,319.17,104688.0
2026-03-25 13:50:00,319.205,319.86,319.01,319.05,122952.0
2026-03-25 13:55:00,319.0,320.04,318.96,319.57,134207.0
2026-03-25 14:00:00,319.53,319.8,319.13,319.28,103915.0
2026-03-25 14:05:00,319.32,319.51,318.92,319.33,134544.0
2026-03-25 14:10:00,319.32,319.78,319.2404,319.47,106580.0
2026-03-25 14:15:00,319.45,319.9,319.38,319.545,77433.0
2026-03-25 14:20:00,319.54,319.94,319.52,319.67,115472.0
2026-03-25 14:25:00,319.67,319.88,318.78,318.85,150919.0
2026-03-25 14:30:00,318.83,319.06,318.73,318.87,160594.0
2026-03-25 14:35:00,318.895,319.17,318.71,318.88,203533.0
2026-03-25 14:40:00,318.885,318.935,318.1,318.31,156491.0
2026-03-25 14:45:00,318.26,318.72,318.08,318.5,163770.0
2026-03-25 14:50:00,318.47,318.61,318.24,318.295,123628.0
2026-03-25 14:55:00,318.295,318.36,317.3319,317.67,236722.0
2026-03-25 15:00:00,317.65,317.6792,316.719,317.005,166938.0
2026-03-25 15:05:00,316.965,317.11,316.76,316.99,150718.0
2026-03-25 15:10:00,317.01,317.43,316.72,317.385,188494.0
2026-03-25 15:15:00,317.34,317.99,317.3,317.91,332401.0
2026-03-25 15:20:00,317.87,318.265,317.76,317.93,156729.0
2026-03-25 15:25:00,317.955,317.98,317.01,317.02,167938.0
2026-03-25 15:30:00,317.0,317.36,316.895,317.31,169851.0
2026-03-25 15:35:00,317.31,317.44,317.05,317.22,150961.0
2026-03-25 15:40:00,317.22,318.05,317.06,317.5701,228526.0
2026-03-25 15:45:00,317.57,317.84,317.47,317.615,163669.0
2026-03-25 15:50:00,317.615,319.22,317.615,318.685,404343.0
2026-03-25 15:55:00,318.74,318.97,318.38,318.79,740770.0
2026-03-26 09:30:00,314.02,314.3443,312.2,313.8,498580.0
2026-03-26 09:35:00,313.735,314.45,312.81,313.66,238455.0
2026-03-26 09:40:00,313.66,314.42,311.9001,314.4199,502516.0
2026-03-26 09:45:00,314.42,315.45,313.83,313.95,232547.0
2026-03-26 09:50:00,313.98,315.06,313.69,315.05,176251.0
2026-03-26 09:55:00,315.06,315.06,313.19,314.72,166526.0
2026-03-26 10:00:00,314.79,315.88,314.6111,315.685,178924.0
2026-03-26 10:05:00,315.7,316.92,314.83,315.49,224040.0
2026-03-26 10:10:00,315.45,315.7299,314.2,315.285,177880.0
2026-03-26 10:15:00,315.28,315.69,314.2,314.38,113735.0
2026-03-26 10:20:00,314.34,315.02,314.12,314.46,78098.0
2026-03-26 10:25:00,314.5,314.7,313.8401,313.965,92011.0
2026-03-26 10:30:00,313.99,314.57,313.61,314.255,135938.0
2026-03-26 10:35:00,314.27,315.08,313.8901,314.91,151090.0
2026-03-26 10:40:00,314.935,315.5,313.4,313.68,209730.0
2026-03-26 10:45:00,313.59,313.92,312.65,313.05,208722.0
2026-03-26 10:50:00,313.11,313.52,312.67,312.71,153133.0
2026-03-26 10:55:00,312.725,313.75,312.19,313.385,240186.0
2026-03-26 11:00:00,313.38,313.77,312.91,313.38,136636.0
2026-03-26 11:05:00,313.32,313.77,312.99,313.31,156658.0
2026-03-26 11:10:00,313.4425,313.85,312.94,312.98,137620.0
2026-03-26 11:15:00,312.97,313.16,312.25,312.745,169711.0
2026-03-26 11:20:00,312.745,313.5,312.5,313.37,168187.0
2026-03-26 11:25:00,313.37,313.3951,312.64,312.81,131178.0
2026-03-26 11:30:00,312.81,312.96,312.32,312.83,145475.0
2026-03-26 11:35:00,312.89,313.49,312.8,313.27,114800.0
2026-03-26 11:40:00,313.285,313.664,312.85,313.617,151856.0
2026-03-26 11:45:00,313.63,314.93,313.6,314.68,222665.0
2026-03-26 11:50:00,314.68,315.12,314.56,314.89,146207.0
2026-03-26 11:55:00,314.84,315.08,314.66,314.995,101326.0
2026-03-26 12:00:00,314.95,315.135,314.27,314.35,97738.0
2026-03-26 12:05:00,314.385,314.51,313.72,313.73,106035.0
2026-03-26 12:10:00,313.78,314.06,313.28,313.9,93560.0
2026-03-26 12:15:00,313.86,313.895,312.76,313.325,139033.0
2026-03-26 12:20:00,313.32,313.38,312.725,313.15,96096.0
2026-03-26 12:25:00,313.16,313.25,312.0,312.065,146134.0
2026-03-26 12:30:00,312.06,312.4799,311.81,312.415,124485.0
2026-03-26 12:35:00,312.43,312.92,312.2601,312.2953,157074.0
2026-03-26 12:40:00,312.27,313.0,312.25,312.5,133861.0
2026-03-26 12:45:00,312.5,312.71,311.04,311.545,188309.0
2026-03-26 12:50:00,311.595,311.9,311.12,311.6,169962.0
2026-03-26 12:55:00,311.64,311.73,311.24,311.605,157373.0
2026-03-26 13:00:00,311.605,312.22,311.4,312.05,144798.0
2026-03-26 13:05:00,312.05,312.4999,311.83,311.995,157496.0
2026-03-26 13:10:00,311.995,312.64,311.84,312.38,128806.0
2026-03-26 13:15:00,312.38,313.24,312.36,312.725,120358.0
2026-03-26 13:20:00,312.76,312.76,311.85,312.02,119134.0
2026-03-26 13:25:00,312.05,312.55,311.83,312.55,102946.0
2026-03-26 13:30:00,312.54,313.07,311.91,312.47,208892.0
2026-03-26 13:35:00,312.47,312.55,311.87,312.0,128753.0
2026-03-26 13:40:00,312.01,312.02,310.82,310.8325,141432.0
2026-03-26 13:45:00,310.83,311.26,310.76,310.8199,127648.0
2026-03-26 13:50:00,310.8131,310.82,310.23,310.51,167638.0
2026-03-26 13:55:00,310.5,310.79,310.175,310.56,167598.0
2026-03-26 14:00:00,310.51,311.15,310.35,310.52,136733.0
2026-03-26 14:05:00,310.51,310.679,310.05,310.575,221512.0
2026-03-26 14:10:00,310.58,311.045,310.23,310.91,168628.0
2026-03-26 14:15:00,310.9499,311.0,310.2,310.43,167788.0
2026-03-26 14:20:00,310.4,311.1,310.3701,310.97,187784.0
2026-03-26 14:25:00,310.94,311.07,309.92,310.15,248419.0
2026-03-26 14:30:00,310.15,310.67,310.09,310.62,126257.0
2026-03-26 14:35:00,310.59,310.86,310.17,310.72,454743.0
2026-03-26 14:40:00,310.665,310.963,310.36,310.75,131775.0
2026-03-26 14:45:00,310.81,311.32,310.72,311.32,141440.0
2026-03-26 14:50:00,311.32,312.0,311.08,311.85,144381.0
2026-03-26 14:55:00,311.83,311.91,311.34,311.645,142848.0
2026-03-26 15:00:00,311.645,312.17,311.5,311.865,396146.0
2026-03-26 15:05:00,311.83,311.879,310.63,310.8955,170110.0
2026-03-26 15:10:00,310.945,311.04,310.24,310.8,165616.0
2026-03-26 15:15:00,310.86,311.32,310.75,310.84,213224.0
2026-03-26 15:20:00,310.83,311.01,310.61,310.975,147562.0
2026-03-26 15:25:00,310.97,311.06,310.6,310.87,170999.0
2026-03-26 15:30:00,310.87,311.22,310.35,310.62,164270.0
2026-03-26 15:35:00,310.63,311.0,310.55,310.825,161767.0
2026-03-26 15:40:00,310.85,311.12,310.47,310.625,184855.0
2026-03-26 15:45:00,310.65,310.66,310.08,310.6,225395.0
2026-03-26 15:50:00,310.62,310.85,309.5,309.96,373440.0
2026-03-26 15:55:00,309.96,310.05,309.17,309.42,1232261.0
2026-03-27 09:30:00,307.06,307.5,304.58,304.81,608339.0
2026-03-27 09:35:00,304.97,305.4,303.33,305.11,440730.0
2026-03-27 09:40:00,305.06,306.6,304.62,305.895,410152.0
2026-03-27 09:45:00,305.99,307.47,305.3288,305.51,213079.0
2026-03-27 09:50:00,305.5791,305.77,302.51,303.31,370723.0
2026-03-27 09:55:00,303.3,303.3,301.83,302.4,328623.0
2026-03-27 10:00:00,302.31,303.77,301.9701,302.73,283513.0
2026-03-27 10:05:00,302.73,303.65,302.575,303.31,222231.0
2026-03-27 10:10:00,303.31,304.45,303.075,303.695,221301.0
2026-03-27 10:15:00,303.68,304.87,303.52,304.16,210161.0
2026-03-27 10:20:00,304.145,304.5,303.4001,304.1688,217526.0
2026-03-27 10:25:00,304.19,304.535,302.88,303.18,186220.0
2026-03-27 10:30:00,303.16,303.86,303.16,303.48,159373.0
2026-03-27 10:35:00,303.48,303.72,302.5,302.65,255681.0
2026-03-27 10:40:00,302.62,303.48,302.47,303.08,198065.0
2026-03-27 10:45:00,303.07,304.2,302.975,304.11,190649.0
2026-03-27 10:50:00,304.11,304.44,303.5,303.62,156515.0
2026-03-27 10:55:00,303.63,303.8799,303.17,303.485,98439.0
2026-03-27 11:00:00,303.53,304.35,303.4501,304.08,97248.0
2026-03-27 11:05:00,304.06,304.4,303.24,303.79,162870.0
2026-03-27 11:10:00,303.86,304.25,303.63,303.94,110213.0
2026-03-27 11:15:00,303.94,304.09,303.33,304.05,108724.0
2026-03-27 11:20:00,304.05,304.89,303.25,303.915,323799.0
2026-03-27 11:25:00,303.99,304.585,303.73,304.32,138799.0
2026-03-27 11:30:00,304.345,305.7,304.25,305.08,330545.0
2026-03-27 11:35:00,305.03,305.2,303.95,304.035,152430.0
2026-03-27 11:40:00,304.02,304.05,303.32,303.63,148871.0
2026-03-27 11:45:00,303.635,304.19,303.6,303.94,118457.0
2026-03-27 11:50:00,303.89,304.38,303.75,304.195,110407.0
2026-03-27 11:55:00,304.2699,304.3699,303.76,303.91,112187.0
2026-03-27 12:00:00,303.87,304.35,303.67,304.0,126886.0
2026-03-27 12:05:00,304.01,304.01,302.69,302.71,226324.0
2026-03-27 12:10:00,302.71,303.26,302.49,303.18,171084.0
2026-03-27 12:15:00,303.19,303.195,302.4019,302.735,171208.0
2026-03-27 12:20:00,302.78,303.0,302.47,302.5851,135689.0
2026-03-27 12:25:00,302.61,302.65,302.23,302.39,160813.0
2026-03-27 12:30:00,302.39,302.52,301.01,301.19,322551.0
2026-03-27 12:35:00,301.19,301.37,300.47,300.55,267999.0
2026-03-27 12:40:00,300.57,301.98,300.48,301.9,246678.0
2026-03-27 12:45:00,301.875,302.9399,301.71,302.79,177532.0
2026-03-27 12:50:00,302.795,303.05,302.02,302.1001,195183.0
2026-03-27 12:55:00,302.145,302.765,301.97,302.545,151878.0
2026-03-27 13:00:00,302.6,302.81,302.0101,302.0101,160641.0
2026-03-27 13:05:00,302.01,302.7,301.12,301.77,195840.0
2026-03-27 13:10:00,301.76,301.87,301.43,301.63,122052.0
2026-03-27 13:15:00,301.64,301.75,300.87,301.128,138543.0
2026-03-27 13:20:00,301.11,301.17,300.27,300.41,221689.0
2026-03-27 13:25:00,300.44,300.48,299.6,299.66,360100.0
2026-03-27 13:30:00,299.62,300.0,299.22,299.44,292645.0
2026-03-27 13:35:00,299.46,300.46,299.3801,300.09,284999.0
2026-03-27 13:40:00,300.05,300.82,299.86,300.66,272302.0
2026-03-27 13:45:00,300.645,301.05,300.38,300.85,169266.0
2026-03-27 13:50:00,300.9089,301.05,300.75,300.75,160108.0
2026-03-27 13:55:00,300.805,301.14,300.51,301.0201,169126.0
2026-03-27 14:00:00,301.11,301.57,300.96,301.495,176156.0
2026-03-27 14:05:00,301.52,301.73,301.1,301.64,230640.0
2026-03-27 14:10:00,301.675,302.02,301.52,301.965,179903.0
2026-03-27 14:15:00,301.95,302.92,301.9,302.8299,175161.0
2026-03-27 14:20:00,302.81,303.11,302.6001,302.76,203086.0
2026-03-27 14:25:00,302.79,303.3299,302.711,303.06,227439.0
2026-03-27 14:30:00,303.1,303.28,301.86,302.46,212027.0
2026-03-27 14:35:00,302.435,303.19,302.0501,302.49,225601.0
2026-03-27 14:40:00,302.5,303.33,302.41,302.755,204651.0
2026-03-27 14:45:00,302.755,302.78,302.0,302.09,224711.0
2026-03-27 14:50:00,302.115,302.55,301.93,302.285,259279.0
2026-03-27 14:55:00,302.23,302.56,302.07,302.5,177268.0
2026-03-27 15:00:00,302.48,302.73,301.71,301.82,167648.0
2026-03-27 15:05:00,301.84,302.18,301.595,301.96,181793.0
2026-03-27 15:10:00,301.98,302.34,301.705,302.22,189839.0
2026-03-27 15:15:00,302.2,302.95,302.0,302.625,228638.0
2026-03-27 15:20:00,302.6175,302.905,302.23,302.6401,231289.0
2026-03-27 15:25:00,302.67,302.7,301.71,301.74,175223.0
2026-03-27 15:30:00,301.75,302.148,301.59,302.148,285479.0
2026-03-27 15:35:00,302.16,302.17,301.52,301.545,233852.0
2026-03-27 15:40:00,301.52,301.53,301.06,301.27,259655.0
2026-03-27 15:45:00,301.28,301.46,300.74,300.765,280846.0
2026-03-27 15:50:00,300.75,301.12,298.87,301.0699,814144.0
2026-03-27 15:55:00,301.08,301.62,300.59,300.73,1147179.0
2026-03-30 09:30:00,300.87,304.77,300.0601,302.415,736884.0
2026-03-30 09:35:00,302.33,303.1,300.13,300.43,284435.0
2026-03-30 09:40:00,300.33,300.38,299.06,299.805,279784.0
2026-03-30 09:45:00,299.88,300.05,298.13,298.47,388107.0
2026-03-30 09:50:00,298.35,298.5,297.0,297.07,329629.0
2026-03-30 09:55:00,297.07,297.2099,293.93,294.55,613560.0
2026-03-30 10:00:00,294.55,295.86,294.36,295.68,411879.0
2026-03-30 10:05:00,295.7,296.36,294.5001,296.175,269217.0
2026-03-30 10:10:00,296.13,297.88,295.5,296.98,310466.0
2026-03-30 10:15:00,297.0,297.39,296.29,296.6673,178765.0
2026-03-30 10:20:00,296.78,297.11,296.25,296.395,167647.0
2026-03-30 10:25:00,296.45,296.7799,295.28,295.38,225194.0
2026-03-30 10:30:00,295.41,296.6,294.77,294.915,448920.0
2026-03-30 10:35:00,294.98,295.19,293.899,294.28,247836.0
2026-03-30 10:40:00,294.35,294.6,292.42,292.795,363720.0
2026-03-30 10:45:00,292.82,294.25,292.53,293.19,407168.0
2026-03-30 10:50:00,293.19,293.57,292.57,293.465,443897.0
2026-03-30 10:55:00,293.465,296.0,293.32,295.94,420345.0
2026-03-30 11:00:00,295.95,297.14,295.945,296.59,392709.0
2026-03-30 11:05:00,296.65,297.08,295.5892,296.04,226201.0
2026-03-30 11:10:00,296.06,296.7,295.14,295.235,206942.0
2026-03-30 11:15:00,295.18,295.185,294.3101,294.71,268285.0
2026-03-30 11:20:00,294.86,295.97,294.625,295.71,188367.0
2026-03-30 11:25:00,295.62,296.18,295.4001,295.48,134132.0
2026-03-30 11:30:00,295.47,296.4,295.27,296.26,290708.0
2026-03-30 11:35:00,296.26,297.02,296.11,296.23,178332.0
2026-03-30 11:40:00,296.165,296.94,295.9,296.72,188033.0
2026-03-30 11:45:00,296.745,296.84,296.07,296.5,158360.0
2026-03-30 11:50:00,296.505,297.33,296.47,296.755,191997.0
2026-03-30 11:55:00,296.72,296.8099,296.27,296.5,160023.0
2026-03-30 12:00:00,296.46,296.65,295.57,295.74,161295.0
2026-03-30 12:05:00,295.81,296.05,294.7962,295.0,176148.0
2026-03-30 12:10:00,294.94,295.45,294.73,294.925,155461.0
2026-03-30 12:15:00,294.925,294.925,294.17,294.525,153475.0
2026-03-30 12:20:00,294.525,294.8884,293.96,294.105,153595.0
2026-03-30 12:25:00,294.06,294.17,293.615,293.7274,155565.0
2026-03-30 12:30:00,293.7,294.04,293.37,293.67,262098.0
2026-03-30 12:35:00,293.67,294.0699,293.34,293.92,369890.0
2026-03-30 12:40:00,293.89,294.1059,293.61,293.82,219981.0
2026-03-30 12:45:00,293.8,294.55,293.76,294.3,128778.0
2026-03-30 12:50:00,294.27,294.44,293.97,293.97,143065.0
2026-03-30 12:55:00,293.98,294.0299,293.55,293.84,124709.0
2026-03-30 13:00:00,293.81,294.33,293.6401,293.76,113251.0
2026-03-30 13:05:00,293.79,294.345,293.69,294.33,104159.0
2026-03-30 13:10:00,294.36,294.4025,293.4201,293.4932,114913.0
2026-03-30 13:15:00,293.49,293.81,293.19,293.665,149437.0
2026-03-30 13:20:00,293.665,293.89,292.125,292.565,343312.0
2026-03-30 13:25:00,292.59,293.0699,292.38,293.045,145871.0
2026-03-30 13:30:00,293.04,293.15,292.475,292.65,157007.0
2026-03-30 13:35:00,292.665,293.64,292.63,293.525,157930.0
2026-03-30 13:40:00,293.4614,293.4614,293.03,293.28,171548.0
2026-03-30 13:45:00,293.29,293.76,292.82,292.82,280022.0
2026-03-30 13:50:00,292.855,293.18,292.6201,292.6975,157280.0
2026-03-30 13:55:00,292.7,292.93,292.06,292.47,189934.0
2026-03-30 14:00:00,292.44,292.465,292.02,292.15,200935.0
2026-03-30 14:05:00,292.19,292.4,291.66,291.89,205247.0
2026-03-30 14:10:00,291.91,292.14,291.7801,292.04,177516.0
2026-03-30 14:15:00,292.065,292.3,291.75,292.26,158766.0
2026-03-30 14:20:00,292.27,292.83,292.02,292.23,171251.0
2026-03-30 14:25:00,292.2,292.25,291.5,291.74,208096.0
2026-03-30 14:30:00,291.73,292.09,291.53,291.86,151614.0
2026-03-30 14:35:00,291.86,292.4199,291.6001,291.83,219328.0
2026-03-30 14:40:00,291.85,292.65,291.71,292.345,227114.0
2026-03-30 14:45:00,292.345,292.7729,292.15,292.2301,145377.0
2026-03-30 14:50:00,292.26,292.28,291.31,291.55,222628.0
2026-03-30 14:55:00,291.52,292.2,291.52,291.77,308022.0
2026-03-30 15:00:00,291.785,291.88,291.27,291.71,199638.0
2026-03-30 15:05:00,291.64,291.69,290.51,290.8,314048.0
2026-03-30 15:10:00,290.81,291.11,290.28,290.55,442014.0
2026-03-30 15:15:00,290.545,290.94,290.3001,290.64,294703.0
2026-03-30 15:20:00,290.6485,290.9618,290.27,290.53,273498.0
2026-03-30 15:25:00,290.51,290.85,289.96,290.195,338092.0
2026-03-30 15:30:00,290.195,291.055,290.195,290.685,315681.0
2026-03-30 15:35:00,290.71,291.56,290.66,290.86,265486.0
2026-03-30 15:40:00,290.88,291.58,290.79,291.34,327497.0
2026-03-30 15:45:00,291.33,292.1,291.1281,291.885,354621.0
2026-03-30 15:50:00,291.91,293.14,291.68,293.095,832203.0
2026-03-30 15:55:00,293.14,293.92,293.11,293.38,1533286.0
2026-03-31 09:30:00,299.39,299.85,296.335,299.75,839664.0
2026-03-31 09:35:00,299.66,300.29,298.01,299.215,368002.0
2026-03-31 09:40:00,299.12,300.4,297.93,298.1,270900.0
2026-03-31 09:45:00,298.19,300.13,298.109,300.05,291705.0
2026-03-31 09:50:00,300.1,301.38,299.69,301.25,298061.0
2026-03-31 09:55:00,301.14,302.21,300.28,301.83,353942.0
2026-03-31 10:00:00,301.86,302.98,301.64,302.75,622812.0
2026-03-31 10:05:00,302.65,302.65,300.64,300.75,225950.0
2026-03-31 10:10:00,300.74,302.14,300.52,301.85,185979.0
2026-03-31 10:15:00,301.82,303.42,301.67,302.58,317980.0
2026-03-31 10:20:00,302.65,303.45,301.69,303.1,208245.0
2026-03-31 10:25:00,303.1,303.5,302.52,303.14,242026.0
2026-03-31 10:30:00,303.15,303.52,302.5865,302.85,231270.0
2026-03-31 10:35:00,302.87,303.0873,302.22,303.005,154961.0
2026-03-31 10:40:00,303.005,303.51,302.29,302.75,202169.0
2026-03-31 10:45:00,302.75,303.67,301.76,301.86,260285.0
2026-03-31 10:50:00,301.86,302.175,300.86,301.26,193514.0
2026-03-31 10:55:00,301.26,301.28,300.11,300.695,204544.0
2026-03-31 11:00:00,300.73,301.37,300.62,301.0,183665.0
2026-03-31 11:05:00,300.98,302.06,300.82,300.915,175213.0
2026-03-31 11:10:00,300.88,302.83,300.85,302.35,243054.0
2026-03-31 11:15:00,302.47,302.66,301.595,301.64,212764.0
2026-03-31 11:20:00,301.63,302.37,301.05,302.26,233521.0
2026-03-31 11:25:00,302.295,302.73,301.5417,301.765,208607.0
2026-03-31 11:30:00,301.67,301.71,301.1,301.5402,176114.0
2026-03-31 11:35:00,301.66,302.2,301.495,301.625,174370.0
2026-03-31 11:40:00,301.62,301.72,300.7,300.9327,156926.0
2026-03-31 11:45:00,300.91,301.1,300.4501,300.82,170494.0
2026-03-31 11:50:00,300.73,301.65,300.59,301.29,152771.0
2026-03-31 11:55:00,301.295,301.5499,300.27,300.505,151662.0
2026-03-31 12:00:00,300.43,301.52,300.21,301.08,180709.0
2026-03-31 12:05:00,301.13,301.91,301.0401,301.565,141257.0
2026-03-31 12:10:00,301.565,301.7,300.67,301.425,289261.0
2026-03-31 12:15:00,301.42,302.84,301.38,302.73,197247.0
2026-03-31 12:20:00,302.725,303.31,302.26,303.31,184392.0
2026-03-31 12:25:00,303.31,303.3301,302.82,303.03,143387.0
2026-03-31 12:30:00,303.055,303.35,302.78,303.19,151996.0
2026-03-31 12:35:00,303.18,305.5,303.08,305.47,235313.0
2026-03-31 12:40:00,305.4375,308.65,305.4,307.495,537525.0
2026-03-31 12:45:00,307.38,308.79,305.5,306.83,249942.0
2026-03-31 12:50:00,306.79,307.84,305.8601,307.28,207230.0
2026-03-31 12:55:00,307.15,307.3199,306.31,306.6501,212201.0
2026-03-31 13:00:00,306.77,307.88,306.6,307.38,250765.0
2026-03-31 13:05:00,307.42,307.6999,306.295,306.91,182995.0
2026-03-31 13:10:00,306.91,307.9,306.77,307.7001,166982.0
2026-03-31 13:15:00,307.73,308.6999,307.63,308.565,164615.0
2026-03-31 13:20:00,308.555,308.59,308.04,308.28,177238.0
2026-03-31 13:25:00,308.32,308.475,307.04,307.34,182988.0
2026-03-31 13:30:00,307.31,308.12,307.275,307.94,186732.0
2026-03-31 13:35:00,307.95,308.27,306.0,306.86,262377.0
2026-03-31 13:40:00,306.83,307.39,306.4001,307.015,180164.0
2026-03-31 13:45:00,306.96,307.48,306.82,307.12,158372.0
2026-03-31 13:50:00,307.095,307.47,306.78,307.08,153427.0
2026-03-31 13:55:00,307.11,307.14,306.36,306.91,208362.0
2026-03-31 14:00:00,306.9,307.58,306.9,307.07,193583.0
2026-03-31 14:05:00,307.08,307.86,306.92,307.64,161133.0
2026-03-31 14:10:00,307.64,307.77,307.16,307.51,143863.0
2026-03-31 14:15:00,307.47,307.98,307.4,307.65,158854.0
2026-03-31 14:20:00,307.7,307.75,307.38,307.47,131759.0
2026-03-31 14:25:00,307.44,308.3,307.13,308.12,179989.0
2026-03-31 14:30:00,308.085,308.34,307.8738,308.24,940490.0
2026-03-31 14:35:00,308.22,309.05,308.13,308.89,165576.0
2026-03-31 14:40:00,308.85,308.94,308.33,308.615,173921.0
2026-03-31 14:45:00,308.6,309.5,308.5901,309.0,159151.0
2026-03-31 14:50:00,309.04,309.4199,308.63,309.065,224236.0
2026-03-31 14:55:00,309.065,309.36,308.8,308.82,168246.0
2026-03-31 15:00:00,308.81,309.49,308.72,309.11,134754.0
2026-03-31 15:05:00,309.16,309.3,308.7,309.1705,127286.0
2026-03-31 15:10:00,309.14,309.82,309.13,309.61,172579.0
2026-03-31 15:15:00,309.605,310.3099,309.605,309.71,276778.0
2026-03-31 15:20:00,309.76,310.31,309.66,310.025,170076.0
2026-03-31 15:25:00,310.02,310.07,309.53,309.605,187139.0
2026-03-31 15:30:00,309.64,310.0,309.25,309.58,222731.0
2026-03-31 15:35:00,309.58,310.11,309.48,309.95,270914.0
2026-03-31 15:40:00,309.87,310.1099,309.355,309.61,299634.0
2026-03-31 15:45:00,309.56,309.95,309.22,309.36,503580.0
2026-03-31 15:50:00,309.35,309.86,308.88,309.285,637574.0
2026-03-31 15:55:00,309.35,309.945,309.03,309.42,1461722.0
