datetime,open,high,low,close,volume
2026-03-02 09:30:00,732.1054,733.3829,726.1362,730.4186,89809.0
2026-03-02 09:35:00,730.4186,734.6206,729.6202,731.2071,46895.0
2026-03-02 09:40:00,731.2499,732.0954,723.6863,726.9252,74029.0
2026-03-02 09:45:00,726.6158,735.479,726.6158,734.6406,43758.0
2026-03-02 09:50:00,734.4609,737.3754,733.4229,736.527,39134.0
2026-03-02 09:55:00,736.2475,738.3734,732.3949,737.2956,43108.0
2026-03-02 10:00:00,737.2956,742.2062,735.6886,742.2062,39780.0
2026-03-02 10:05:00,742.1863,746.2237,742.1464,744.8014,31485.0
2026-03-02 10:10:00,744.7515,747.0571,743.943,746.593,57042.0
2026-03-02 10:15:00,746.593,746.593,740.5309,741.6997,42287.0
2026-03-02 10:20:00,741.6573,743.0871,739.0224,741.2181,27801.0
2026-03-02 10:25:00,740.8289,743.2443,740.8289,742.9099,28898.0
2026-03-02 10:30:00,743.1445,744.0029,738.6031,740.1302,28069.0
2026-03-02 10:35:00,740.1302,743.3341,739.2759,742.5656,21406.0
2026-03-02 10:40:00,742.5906,743.4639,741.4977,741.4977,17227.0
2026-03-02 10:45:00,742.2063,743.0945,740.9287,743.0945,21459.0
2026-03-02 10:50:00,742.9349,744.9311,740.6991,741.1108,33686.0
2026-03-02 10:55:00,740.9383,743.5737,740.9383,742.5257,14374.0
2026-03-02 11:00:00,743.1445,745.0309,741.9468,744.9261,19988.0
2026-03-02 11:05:00,745.2049,745.9791,744.0328,745.9791,28238.0
2026-03-02 11:10:00,745.0908,747.0771,743.6935,744.2225,29001.0
2026-03-02 11:15:00,744.1244,744.7515,743.6835,743.9879,23521.0
2026-03-02 11:20:00,743.9879,744.5918,742.6155,743.2343,19079.0
2026-03-02 11:25:00,743.1046,743.5937,740.7391,741.5276,25833.0
2026-03-02 11:30:00,741.7521,743.6336,741.4577,742.1364,23239.0
2026-03-02 11:35:00,742.3111,744.1526,742.1763,742.9149,14967.0
2026-03-02 11:40:00,743.2144,748.2148,743.0846,747.7258,47261.0
2026-03-02 11:45:00,747.7258,749.3428,747.3367,747.9105,27066.0
2026-03-02 11:50:00,747.686,748.4844,745.1707,746.2387,12224.0
2026-03-02 11:55:00,746.4682,746.9273,745.0307,745.7995,13785.0
2026-03-02 12:00:00,746.2686,747.7957,745.7296,747.2917,14406.0
2026-03-02 12:05:00,747.2667,748.5842,747.087,747.7159,17306.0
2026-03-02 12:10:00,747.7159,749.0833,746.2887,748.7259,28437.0
2026-03-02 12:15:00,748.9435,750.6902,748.9435,750.6902,19945.0
2026-03-02 12:20:00,750.6154,751.4588,749.6322,750.8849,20638.0
2026-03-02 12:25:00,750.3011,751.0146,750.1113,750.4607,15621.0
2026-03-02 12:30:00,750.4657,751.4288,749.2929,749.2929,14180.0
2026-03-02 12:35:00,749.2629,751.0995,749.1032,749.9466,11333.0
2026-03-02 12:40:00,750.1113,751.2492,749.8819,751.0895,10280.0
2026-03-02 12:45:00,751.0795,751.5286,750.0115,750.3808,16019.0
2026-03-02 12:50:00,750.4407,750.9197,749.772,750.5705,10321.0
2026-03-02 12:55:00,750.5705,751.0296,750.289,750.8899,8782.0
2026-03-02 13:00:00,751.0296,751.6784,750.9897,751.6784,14803.0
2026-03-02 13:05:00,751.9079,752.387,751.334,751.8774,10600.0
2026-03-02 13:10:00,751.9628,752.5767,750.7002,751.2142,16506.0
2026-03-02 13:15:00,751.0296,751.6364,750.5605,750.5605,11901.0
2026-03-02 13:20:00,749.9516,750.8799,749.6722,750.8799,12425.0
2026-03-02 13:25:00,750.5804,751.6584,750.5804,751.2891,6259.0
2026-03-02 13:30:00,751.5486,752.0926,750.5904,750.7239,13542.0
2026-03-02 13:35:00,751.0296,751.2292,750.4507,750.9098,11221.0
2026-03-02 13:40:00,750.9597,750.9897,749.8319,750.7801,12846.0
2026-03-02 13:45:00,750.7851,751.0096,749.3029,750.1013,11864.0
2026-03-02 13:50:00,750.0415,750.281,749.4725,750.271,9435.0
2026-03-02 13:55:00,750.0714,750.271,748.7877,749.0933,13238.0
2026-03-02 14:00:00,749.0833,749.732,748.9635,749.6322,11114.0
2026-03-02 14:05:00,749.8618,750.4158,749.3627,750.1612,9377.0
2026-03-02 14:10:00,750.4357,750.9032,749.6023,750.5505,14279.0
2026-03-02 14:15:00,750.5854,751.9578,750.5854,751.3091,16471.0
2026-03-02 14:20:00,751.5985,752.1674,751.3091,751.3091,12084.0
2026-03-02 14:25:00,751.319,752.936,750.8599,752.7739,26542.0
2026-03-02 14:30:00,752.6565,754.0937,752.6565,753.6047,13777.0
2026-03-02 14:35:00,753.5848,754.3034,753.5548,753.6946,15885.0
2026-03-02 14:40:00,753.6446,754.0938,752.906,752.946,11200.0
2026-03-02 14:45:00,753.0558,753.5798,752.6465,752.6865,10898.0
2026-03-02 14:50:00,752.6465,753.5748,752.2074,753.2604,16833.0
2026-03-02 14:55:00,753.2604,753.5748,752.956,753.1206,7659.0
2026-03-02 15:00:00,753.2753,753.6546,751.2492,751.3789,23627.0
2026-03-02 15:05:00,751.4787,751.5247,749.0104,749.1032,43869.0
2026-03-02 15:10:00,748.7838,748.9535,745.6797,746.2723,43547.0
2026-03-02 15:15:00,745.5699,750.2311,745.4002,749.0683,38171.0
2026-03-02 15:20:00,749.1132,750.0914,748.185,749.9117,17080.0
2026-03-02 15:25:00,749.6023,750.5206,749.0533,749.5823,14877.0
2026-03-02 15:30:00,749.782,751.3789,749.0833,749.213,29755.0
2026-03-02 15:35:00,749.213,749.6713,748.5343,749.3128,41044.0
2026-03-02 15:40:00,749.2729,750.6503,748.9236,749.9616,35545.0
2026-03-02 15:45:00,749.9217,751.3689,749.732,751.2841,31355.0
2026-03-02 15:50:00,751.4488,752.5168,750.291,751.2741,94706.0
2026-03-02 15:55:00,751.1094,752.7962,750.5705,750.7601,169803.0
2026-03-03 09:30:00,726.8952,730.2838,717.1636,719.7488,171464.0
2026-03-03 09:35:00,719.9184,726.1067,718.3215,722.274,81064.0
2026-03-03 09:40:00,721.9097,722.6133,713.7501,714.329,97725.0
2026-03-03 09:45:00,713.9139,719.6889,713.4348,718.3714,69753.0
2026-03-03 09:50:00,718.541,724.37,717.1736,719.1698,68172.0
2026-03-03 09:55:00,719.1698,719.7088,714.6684,714.6983,46571.0
2026-03-03 10:00:00,714.6484,717.8623,713.5605,715.9559,61898.0
2026-03-03 10:05:00,715.2673,720.1979,715.2673,717.8823,45111.0
2026-03-03 10:10:00,717.8823,718.7206,714.8191,717.2934,79361.0
2026-03-03 10:15:00,717.493,717.493,710.1669,711.6291,82081.0
2026-03-03 10:20:00,711.6067,712.7645,710.2263,710.9254,51392.0
2026-03-03 10:25:00,710.8456,711.3409,706.6635,707.6616,88464.0
2026-03-03 10:30:00,707.6616,710.2866,706.384,707.1725,102482.0
2026-03-03 10:35:00,707.8611,710.6558,705.2661,710.1918,88673.0
2026-03-03 10:40:00,709.8674,713.4008,707.971,713.1263,62401.0
2026-03-03 10:45:00,713.5105,716.2753,711.694,712.4925,63042.0
2026-03-03 10:50:00,711.9335,714.3889,710.6559,712.8618,31204.0
2026-03-03 10:55:00,712.767,714.9004,710.4164,714.2691,84627.0
2026-03-03 11:00:00,714.2691,717.0788,712.3428,716.5598,32720.0
2026-03-03 11:05:00,716.6147,717.1087,714.6484,715.8682,39987.0
2026-03-03 11:10:00,715.936,716.984,714.2991,716.6446,20913.0
2026-03-03 11:15:00,716.6496,719.4144,716.6496,718.1218,26713.0
2026-03-03 11:20:00,717.8124,719.8511,716.9391,719.6589,22388.0
2026-03-03 11:25:00,719.9983,720.2827,717.6627,718.6407,21311.0
2026-03-03 11:30:00,718.074,720.7818,716.6646,720.4175,25016.0
2026-03-03 11:35:00,720.5772,721.8847,718.7606,718.9902,23486.0
2026-03-03 11:40:00,718.8904,721.186,718.7706,720.5472,14847.0
2026-03-03 11:45:00,720.5472,723.866,719.6988,720.4175,31179.0
2026-03-03 11:50:00,720.4175,721.705,718.7906,720.9914,30626.0
2026-03-03 11:55:00,721.0164,721.71,720.2428,720.9165,24885.0
2026-03-03 12:00:00,720.4774,721.4953,719.639,720.2977,21772.0
2026-03-03 12:05:00,720.5472,721.0363,719.4493,719.5391,20063.0
2026-03-03 12:10:00,719.3894,720.667,718.8487,720.667,24609.0
2026-03-03 12:15:00,720.657,722.6133,720.1181,722.6133,13070.0
2026-03-03 12:20:00,722.3339,724.6794,721.8448,724.4922,19231.0
2026-03-03 12:25:00,724.5397,724.7393,722.7331,723.8809,17493.0
2026-03-03 12:30:00,723.6214,723.6964,721.5255,722.3438,23543.0
2026-03-03 12:35:00,722.274,724.0406,722.0744,723.4932,19986.0
2026-03-03 12:40:00,723.7113,726.2964,723.5715,726.2964,14995.0
2026-03-03 12:45:00,726.0468,726.516,725.4322,725.5927,17354.0
2026-03-03 12:50:00,725.5977,725.5977,720.8467,720.9864,28262.0
2026-03-03 12:55:00,720.9764,722.9128,720.3077,721.8049,13502.0
2026-03-03 13:00:00,721.9346,723.2022,720.3177,720.7768,19390.0
2026-03-03 13:05:00,720.657,721.6452,719.9883,721.6352,10011.0
2026-03-03 13:10:00,721.8548,722.1941,719.6988,720.4574,11183.0
2026-03-03 13:15:00,720.4624,721.1561,720.4624,720.9066,6379.0
2026-03-03 13:20:00,720.9864,721.6551,719.6489,720.3776,15928.0
2026-03-03 13:25:00,720.3476,720.7231,718.8505,719.0202,12547.0
2026-03-03 13:30:00,718.9203,720.3676,718.4612,719.5591,18117.0
2026-03-03 13:35:00,719.2996,721.191,718.5311,721.191,14542.0
2026-03-03 13:40:00,721.0606,721.7999,720.3376,721.5514,35652.0
2026-03-03 13:45:00,720.7668,721.4805,719.8835,721.0762,13762.0
2026-03-03 13:50:00,721.3457,722.5733,720.687,720.9814,15297.0
2026-03-03 13:55:00,720.7918,722.3339,720.4275,721.613,21328.0
2026-03-03 14:00:00,721.9945,722.5834,720.2878,721.4056,17408.0
2026-03-03 14:05:00,721.2659,721.5054,717.8424,717.8473,24391.0
2026-03-03 14:10:00,717.7475,718.0618,716.2753,717.3683,24869.0
2026-03-03 14:15:00,717.1038,718.1418,716.7544,717.1587,20416.0
2026-03-03 14:20:00,717.0305,718.9503,716.8542,716.8617,27685.0
2026-03-03 14:25:00,716.8792,717.5629,716.0557,716.6845,26559.0
2026-03-03 14:30:00,716.5947,717.7725,716.2853,716.8043,17152.0
2026-03-03 14:35:00,716.8942,720.5472,716.3751,719.14,24054.0
2026-03-03 14:40:00,719.5292,722.0544,719.5292,721.5603,14609.0
2026-03-03 14:45:00,721.5603,722.9727,720.4973,722.783,21793.0
2026-03-03 14:50:00,722.3738,723.6913,720.6071,721.1561,33911.0
2026-03-03 14:55:00,721.0263,721.7051,720.3975,720.5323,18637.0
2026-03-03 15:00:00,720.4474,721.2908,719.7987,719.8486,17645.0
2026-03-03 15:05:00,719.8086,721.1361,719.5391,720.672,18217.0
2026-03-03 15:10:00,720.677,722.2341,720.5772,721.2354,28125.0
2026-03-03 15:15:00,721.4156,723.1224,721.4156,722.0195,25551.0
2026-03-03 15:20:00,722.0419,723.1922,722.0419,722.6133,19902.0
2026-03-03 15:25:00,722.7281,723.3969,721.5953,722.778,18854.0
2026-03-03 15:30:00,722.6333,723.5316,721.6252,722.0793,24739.0
2026-03-03 15:35:00,722.2341,723.5416,722.1093,722.9327,21182.0
2026-03-03 15:40:00,722.9876,723.5615,722.793,722.793,26352.0
2026-03-03 15:45:00,723.0251,723.2621,721.9446,721.9446,33669.0
2026-03-03 15:50:00,721.9246,722.1143,719.7687,721.4056,64454.0
2026-03-03 15:55:00,721.5154,721.9346,720.0831,721.186,154696.0
2026-03-04 09:30:00,735.6986,741.3802,733.8621,735.7385,181274.0
2026-03-04 09:35:00,735.1197,737.4852,731.6163,733.9519,61102.0
2026-03-04 09:40:00,733.9219,734.1216,729.5681,731.227,60176.0
2026-03-04 09:45:00,730.8777,737.1958,730.3886,734.8602,61938.0
2026-03-04 09:50:00,734.5807,734.5807,730.0642,730.5783,25944.0
2026-03-04 09:55:00,730.8178,733.6125,730.1191,733.6125,23964.0
2026-03-04 10:00:00,734.3611,737.4852,733.7223,736.8863,30422.0
2026-03-04 10:05:00,736.2273,739.6012,734.3711,738.5931,28089.0
2026-03-04 10:10:00,738.7201,739.721,737.1859,739.3517,30044.0
2026-03-04 10:15:00,739.6012,743.7933,739.5912,743.1645,39057.0
2026-03-04 10:20:00,742.6444,744.6017,741.8519,742.5057,33758.0
2026-03-04 10:25:00,742.6904,743.6835,741.7813,742.8451,34609.0
2026-03-04 10:30:00,743.0247,744.4221,740.9886,741.3229,38361.0
2026-03-04 10:35:00,740.9886,741.1982,739.6012,739.6595,34577.0
2026-03-04 10:40:00,740.1003,740.9087,738.104,739.3317,29556.0
2026-03-04 10:45:00,739.0622,739.0622,736.6069,736.9787,16124.0
2026-03-04 10:50:00,737.3055,739.9206,736.9562,739.3966,22362.0
2026-03-04 10:55:00,739.202,740.9087,738.8327,740.7291,30692.0
2026-03-04 11:00:00,741.0485,743.863,741.0485,743.2743,19686.0
2026-03-04 11:05:00,743.3142,743.5837,741.2581,741.9767,23170.0
2026-03-04 11:10:00,741.0834,741.0884,737.4952,738.1939,19132.0
2026-03-04 11:15:00,738.0292,740.2749,737.7946,738.2038,28039.0
2026-03-04 11:20:00,738.124,739.3517,737.7946,738.5382,19514.0
2026-03-04 11:25:00,738.7229,740.1402,738.5432,739.8108,18198.0
2026-03-04 11:30:00,739.6661,741.4976,739.2319,739.9306,14716.0
2026-03-04 11:35:00,739.8507,740.7091,737.7447,737.9643,51361.0
2026-03-04 11:40:00,737.7547,740.7141,737.7547,740.0603,17593.0
2026-03-04 11:45:00,740.24,740.5993,739.1221,739.3417,20251.0
2026-03-04 11:50:00,739.3417,739.3417,737.605,738.7628,20010.0
2026-03-04 11:55:00,739.1021,740.5394,738.9924,740.0753,19053.0
2026-03-04 12:00:00,739.8707,741.1183,739.6012,740.4097,15475.0
2026-03-04 12:05:00,740.3223,740.3223,739.3617,739.6012,18267.0
2026-03-04 12:10:00,739.6212,740.9187,739.6212,740.6193,11291.0
2026-03-04 12:15:00,740.6193,741.0385,740.0005,740.1751,11082.0
2026-03-04 12:20:00,740.2101,740.2101,738.097,739.6012,22080.0
2026-03-04 12:25:00,739.686,740.1102,737.9244,738.4634,11523.0
2026-03-04 12:30:00,738.2837,738.5432,736.4156,737.1533,53975.0
2026-03-04 12:35:00,737.8645,738.2138,737.2057,738.1539,22288.0
2026-03-04 12:40:00,738.2937,738.5831,737.6798,738.2538,13600.0
2026-03-04 12:45:00,738.2038,740.2899,738.0042,740.0304,21494.0
2026-03-04 12:50:00,740.0304,741.8669,739.6012,741.5725,15269.0
2026-03-04 12:55:00,741.4976,742.0815,740.4795,740.6043,16662.0
2026-03-04 13:00:00,740.6392,740.9786,739.0922,739.0922,36984.0
2026-03-04 13:05:00,739.2119,739.8707,736.3274,736.4122,45717.0
2026-03-04 13:10:00,736.0878,736.3024,732.4497,732.4497,25786.0
2026-03-04 13:15:00,732.8739,732.8739,730.3138,730.5184,38796.0
2026-03-04 13:20:00,730.7779,732.5645,730.6082,732.0754,20330.0
2026-03-04 13:25:00,731.9157,733.0636,731.1272,731.4866,28022.0
2026-03-04 13:30:00,731.5963,732.3836,731.2867,731.4866,20451.0
2026-03-04 13:35:00,731.7111,732.0854,729.6301,729.8596,52822.0
2026-03-04 13:40:00,729.7948,732.6344,729.4616,732.1665,31605.0
2026-03-04 13:45:00,732.4298,732.7392,731.247,731.5664,15322.0
2026-03-04 13:50:00,731.5664,731.8857,730.4984,731.2121,20477.0
2026-03-04 13:55:00,730.8777,731.9157,730.2489,730.2489,25788.0
2026-03-04 14:00:00,730.3487,732.844,729.9694,732.5096,26459.0
2026-03-04 14:05:00,732.7741,733.4304,730.9775,731.4566,27586.0
2026-03-04 14:10:00,731.5414,733.1334,730.4984,731.2869,33870.0
2026-03-04 14:15:00,731.272,732.1054,730.3188,730.8977,29555.0
2026-03-04 14:20:00,730.8977,731.9157,730.5483,730.5483,8993.0
2026-03-04 14:25:00,730.5982,731.5464,730.3637,731.2121,22122.0
2026-03-04 14:30:00,731.0873,731.9407,730.5383,730.5583,11848.0
2026-03-04 14:35:00,730.5184,731.0025,729.9295,730.723,18437.0
2026-03-04 14:40:00,730.7729,731.5165,729.9245,730.0243,65680.0
2026-03-04 14:45:00,730.0293,731.0673,729.8696,730.743,15648.0
2026-03-04 14:50:00,730.7629,732.1453,730.5084,731.5165,15132.0
2026-03-04 14:55:00,731.776,732.6044,731.0374,731.9465,17840.0
2026-03-04 15:00:00,732.0655,733.4828,731.9367,733.1035,13656.0
2026-03-04 15:05:00,733.2442,734.5308,732.5146,734.2488,28747.0
2026-03-04 15:10:00,734.2064,734.2214,732.4348,732.6194,21990.0
2026-03-04 15:15:00,732.6194,732.7841,731.756,732.3499,17140.0
2026-03-04 15:20:00,732.2451,732.4597,731.766,731.9557,12129.0
2026-03-04 15:25:00,732.1802,732.1802,731.0574,731.6562,21243.0
2026-03-04 15:30:00,731.4666,731.9507,730.3786,730.5783,24613.0
2026-03-04 15:35:00,730.3786,731.237,730.0393,730.5683,35608.0
2026-03-04 15:40:00,730.8296,731.3368,730.5784,731.0574,23376.0
2026-03-04 15:45:00,731.0374,731.5464,730.8577,731.4516,28513.0
2026-03-04 15:50:00,731.3368,732.305,730.4984,731.9956,76435.0
2026-03-04 15:55:00,732.0655,732.4847,730.6182,730.9076,146681.0
2026-03-05 09:30:00,718.6408,722.4137,715.6465,720.1784,78637.0
2026-03-05 09:35:00,719.5292,721.0808,716.1555,719.1988,45580.0
2026-03-05 09:40:00,718.551,719.11,714.6933,715.0576,45803.0
2026-03-05 09:45:00,715.1425,718.1418,714.4188,716.8243,23582.0
2026-03-05 09:50:00,716.8842,722.4337,716.5248,722.0893,25173.0
2026-03-05 09:55:00,721.5553,726.2215,721.5255,724.5696,36052.0
2026-03-05 10:00:00,724.9539,726.6956,722.6632,722.813,34830.0
2026-03-05 10:05:00,723.322,723.332,716.1655,717.3508,40981.0
2026-03-05 10:10:00,717.7326,719.9084,713.7002,715.4268,50408.0
2026-03-05 10:15:00,714.7282,718.9053,714.2591,716.984,37439.0
2026-03-05 10:20:00,716.974,717.7176,714.8879,716.9241,28400.0
2026-03-05 10:25:00,716.7195,718.0719,715.8162,718.0719,32923.0
2026-03-05 10:30:00,718.1218,718.1717,714.9977,717.0738,34184.0
2026-03-05 10:35:00,717.0738,717.6427,712.9416,714.4388,89768.0
2026-03-05 10:40:00,714.4388,715.0377,712.253,712.6921,56616.0
2026-03-05 10:45:00,712.5723,716.0058,712.5723,714.6484,55900.0
2026-03-05 10:50:00,714.4887,718.4512,714.4887,716.2653,26628.0
2026-03-05 10:55:00,716.1456,717.483,714.6484,717.4132,13466.0
2026-03-05 11:00:00,717.1337,717.9721,716.1655,716.6746,44069.0
2026-03-05 11:05:00,716.3951,716.6297,714.1985,714.6983,17829.0
2026-03-05 11:10:00,714.4737,715.4269,713.8,713.9099,21941.0
2026-03-05 11:15:00,714.339,715.1025,710.888,711.4494,34353.0
2026-03-05 11:20:00,712.0733,712.4724,709.558,709.6578,18123.0
2026-03-05 11:25:00,709.6528,710.4019,708.6597,709.7776,21671.0
2026-03-05 11:30:00,709.8425,711.9435,709.578,711.14,38191.0
2026-03-05 11:35:00,710.8456,711.6541,709.9173,710.9903,19895.0
2026-03-05 11:40:00,711.0778,711.175,707.9012,708.8593,34048.0
2026-03-05 11:45:00,708.8394,710.6559,708.8394,709.573,38438.0
2026-03-05 11:50:00,709.6379,710.8905,709.1787,710.4863,23112.0
2026-03-05 11:55:00,710.4963,710.8855,707.5518,707.8113,42320.0
2026-03-05 12:00:00,708.1607,709.1488,707.5518,708.7845,29542.0
2026-03-05 12:05:00,708.9991,709.9223,707.4321,707.9012,25966.0
2026-03-05 12:10:00,707.7215,707.7814,706.6635,706.943,31710.0
2026-03-05 12:15:00,706.6635,706.903,704.9168,705.2262,34339.0
2026-03-05 12:20:00,705.3385,705.855,704.0285,704.6673,30112.0
2026-03-05 12:25:00,704.3778,704.5475,701.8426,701.8426,38681.0
2026-03-05 12:30:00,701.7927,702.4315,699.4471,699.8264,34435.0
2026-03-05 12:35:00,700.1458,701.1739,699.1278,700.2256,29350.0
2026-03-05 12:40:00,700.2357,700.2357,697.0018,698.3492,48940.0
2026-03-05 12:45:00,698.3941,699.2375,695.2152,695.315,34229.0
2026-03-05 12:50:00,695.3349,697.3112,695.2152,695.4048,31917.0
2026-03-05 12:55:00,695.3051,696.0037,694.5664,694.6098,27885.0
2026-03-05 13:00:00,694.4167,695.9637,693.8877,695.0105,58500.0
2026-03-05 13:05:00,694.6063,697.5907,694.6063,696.6125,44841.0
2026-03-05 13:10:00,696.6191,698.3941,695.3249,696.0136,37352.0
2026-03-05 13:15:00,696.0087,696.6025,693.4199,694.2243,71912.0
2026-03-05 13:20:00,694.0773,694.9357,693.3886,694.0474,34851.0
2026-03-05 13:25:00,694.0598,694.0598,692.2671,693.6681,34832.0
2026-03-05 13:30:00,693.2888,696.5426,693.2888,696.494,27950.0
2026-03-05 13:35:00,696.5127,697.421,694.746,694.746,20045.0
2026-03-05 13:40:00,694.3268,696.8121,693.9076,696.8121,20259.0
2026-03-05 13:45:00,696.8171,696.8221,695.0954,696.2931,20196.0
2026-03-05 13:50:00,696.0237,696.4229,694.8359,695.1952,16596.0
2026-03-05 13:55:00,695.2451,696.6025,695.0954,695.6843,16336.0
2026-03-05 14:00:00,695.5845,697.6605,695.5845,696.7023,18644.0
2026-03-05 14:05:00,696.5127,697.7154,696.4728,697.5657,20427.0
2026-03-05 14:10:00,697.5657,697.8502,696.2432,697.6106,16389.0
2026-03-05 14:15:00,697.3411,697.7504,696.7822,697.1315,27684.0
2026-03-05 14:20:00,697.6505,698.4889,697.4409,697.96,22132.0
2026-03-05 14:25:00,698.2195,698.2195,696.1534,696.7822,17099.0
2026-03-05 14:30:00,696.3531,696.5526,695.1752,695.8739,35050.0
2026-03-05 14:35:00,695.7941,696.6025,694.9058,696.5127,26798.0
2026-03-05 14:40:00,696.4628,697.5408,695.7242,696.1933,27650.0
2026-03-05 14:45:00,696.0536,696.6774,694.5564,694.786,24521.0
2026-03-05 14:50:00,694.7959,695.9936,694.2869,694.2869,20160.0
2026-03-05 14:55:00,694.1871,694.6661,692.9095,693.6781,31698.0
2026-03-05 15:00:00,693.9426,696.6824,693.5283,696.1833,42479.0
2026-03-05 15:05:00,696.0835,696.9918,694.3767,696.7922,28173.0
2026-03-05 15:10:00,696.4927,699.5769,696.4927,698.3308,43677.0
2026-03-05 15:15:00,698.5289,699.986,697.3511,699.0878,30977.0
2026-03-05 15:20:00,698.8084,699.1078,698.1546,698.5189,35286.0
2026-03-05 15:25:00,698.6686,699.9063,697.3311,698.0996,58970.0
2026-03-05 15:30:00,697.6805,698.3891,697.0816,697.2812,58436.0
2026-03-05 15:35:00,697.2463,699.5569,697.2463,699.3573,52422.0
2026-03-05 15:40:00,699.4571,700.0061,697.96,698.7634,83115.0
2026-03-05 15:45:00,698.7634,699.1777,698.0698,698.8034,132160.0
2026-03-05 15:50:00,698.8304,702.4215,698.8084,702.1683,140980.0
2026-03-05 15:55:00,702.2918,705.346,702.1021,704.7172,264185.0
2026-03-06 09:30:00,681.1817,683.5472,673.7957,683.5073,194794.0
2026-03-06 09:35:00,683.7069,683.7069,677.7556,678.5966,95892.0
2026-03-06 09:40:00,678.5247,686.4517,678.357,684.3956,82071.0
2026-03-06 09:45:00,685.041,688.6975,684.0762,687.3383,57036.0
2026-03-06 09:50:00,687.6245,688.1984,683.9465,685.7031,56435.0
2026-03-06 09:55:00,685.7031,687.2007,684.0762,685.7041,30665.0
2026-03-06 10:00:00,686.7013,692.3904,686.3669,691.5122,62665.0
2026-03-06 10:05:00,691.7916,692.5801,688.7873,689.496,38213.0
2026-03-06 10:10:00,689.1067,691.4323,686.7912,691.1678,31536.0
2026-03-06 10:15:00,691.1928,695.0055,691.1928,694.2869,46562.0
2026-03-06 10:20:00,694.4965,694.9157,690.7835,692.6101,40661.0
2026-03-06 10:25:00,691.8914,693.5283,691.4822,692.66,19798.0
2026-03-06 10:30:00,692.2508,693.3786,688.976,690.5839,24548.0
2026-03-06 10:35:00,690.3344,693.1291,689.8753,691.8116,37245.0
2026-03-06 10:40:00,692.0262,693.4883,689.5409,692.9494,28559.0
2026-03-06 10:45:00,692.8396,692.8396,690.5639,691.2027,17121.0
2026-03-06 10:50:00,690.8235,691.043,688.1585,690.3843,26728.0
2026-03-06 10:55:00,690.1098,693.1191,690.1098,692.1509,18030.0
2026-03-06 11:00:00,692.0312,693.189,691.3125,692.4105,17261.0
2026-03-06 11:05:00,692.131,692.9195,690.005,690.1647,22188.0
2026-03-06 11:10:00,689.9052,690.6837,688.8472,688.9869,20263.0
2026-03-06 11:15:00,688.8572,690.7635,688.5378,690.3444,14186.0
2026-03-06 11:20:00,690.4242,690.8734,688.8971,690.8185,12687.0
2026-03-06 11:25:00,690.8185,691.053,689.4011,690.2146,14159.0
2026-03-06 11:30:00,689.9751,691.7417,689.456,691.0929,14745.0
2026-03-06 11:35:00,691.058,692.6899,690.554,692.5846,14247.0
2026-03-06 11:40:00,692.1509,692.63,691.1728,691.3471,21415.0
2026-03-06 11:45:00,691.7717,693.0591,691.2826,692.146,12465.0
2026-03-06 11:50:00,692.0461,692.5153,689.6956,689.6956,12459.0
2026-03-06 11:55:00,689.6957,690.6737,688.6976,689.7754,13375.0
2026-03-06 12:00:00,689.6607,691.3303,689.5758,690.3943,11717.0
2026-03-06 12:05:00,690.3943,690.5041,688.4679,689.7853,22776.0
2026-03-06 12:10:00,689.5658,690.8833,689.3063,690.7536,9787.0
2026-03-06 12:15:00,690.5091,690.7835,689.2265,690.1048,20703.0
2026-03-06 12:20:00,689.8714,692.5102,689.8714,691.048,9238.0
2026-03-06 12:25:00,691.1204,691.3923,689.496,690.0439,10853.0
2026-03-06 12:30:00,690.0948,690.7037,689.8553,690.4991,10923.0
2026-03-06 12:35:00,690.4741,690.4741,686.6014,687.0805,23598.0
2026-03-06 12:40:00,687.2901,688.1635,686.2022,688.1635,24534.0
2026-03-06 12:45:00,687.6994,689.2065,687.6195,689.2065,10929.0
2026-03-06 12:50:00,689.2115,690.7436,689.1965,690.2046,12470.0
2026-03-06 12:55:00,690.3294,690.4641,689.6307,690.2945,9216.0
2026-03-06 13:00:00,690.1897,692.0354,689.8753,690.3943,16516.0
2026-03-06 13:05:00,690.6438,692.6899,690.3843,692.2408,13421.0
2026-03-06 13:10:00,692.2607,695.0155,692.101,694.8459,46979.0
2026-03-06 13:15:00,694.4167,694.776,693.4185,694.0474,18802.0
2026-03-06 13:20:00,694.1372,694.4428,691.6719,692.3007,17783.0
2026-03-06 13:25:00,692.2957,692.2957,690.5789,691.088,18402.0
2026-03-06 13:30:00,691.083,692.0362,690.7835,691.3026,16238.0
2026-03-06 13:35:00,691.1728,691.1878,688.5178,689.8054,43477.0
2026-03-06 13:40:00,689.7854,690.6937,689.6956,690.348,14160.0
2026-03-06 13:45:00,690.4791,691.3724,690.0649,691.1329,21768.0
2026-03-06 13:50:00,690.9881,690.9881,689.0269,689.1366,17224.0
2026-03-06 13:55:00,688.9769,690.3043,688.957,689.6607,6447.0
2026-03-06 14:00:00,689.6756,690.0349,689.0568,689.0568,7377.0
2026-03-06 14:05:00,688.957,690.025,688.512,689.7854,17425.0
2026-03-06 14:10:00,689.496,691.612,689.496,691.2888,14335.0
2026-03-06 14:15:00,691.0979,691.3923,690.2628,691.1628,15331.0
2026-03-06 14:20:00,691.104,691.104,688.3481,689.6357,21636.0
2026-03-06 14:25:00,689.4161,691.4223,688.5528,691.1004,12355.0
2026-03-06 14:30:00,691.063,691.9413,690.554,691.1229,9923.0
2026-03-06 14:35:00,691.3325,691.3325,689.0868,689.8553,10627.0
2026-03-06 14:40:00,689.8753,690.7137,689.3662,689.4061,11736.0
2026-03-06 14:45:00,689.0468,689.5059,688.8572,689.0718,14874.0
2026-03-06 14:50:00,689.2514,689.3662,688.0936,688.6426,30875.0
2026-03-06 14:55:00,688.6426,688.8272,687.7792,688.2234,16918.0
2026-03-06 15:00:00,688.2383,689.995,688.2383,689.9651,17354.0
2026-03-06 15:05:00,690.0849,690.0849,688.3531,688.5478,17758.0
2026-03-06 15:10:00,688.6675,688.6675,682.1,682.1199,84915.0
2026-03-06 15:15:00,682.4293,685.6033,681.7606,683.9065,57978.0
2026-03-06 15:20:00,683.8267,683.8267,681.5111,683.0232,49292.0
2026-03-06 15:25:00,683.0332,683.0681,678.4169,678.8661,66039.0
2026-03-06 15:30:00,678.7263,680.7425,678.7263,680.1437,74229.0
2026-03-06 15:35:00,680.0139,681.2815,679.0259,681.0259,48891.0
2026-03-06 15:40:00,681.3214,684.4345,680.7725,683.7059,71922.0
2026-03-06 15:45:00,683.5073,683.9265,680.7226,681.2066,75652.0
2026-03-06 15:50:00,681.2066,683.2029,679.435,682.4393,126718.0
2026-03-06 15:55:00,682.0201,682.4593,678.4169,679.3152,346329.0
2026-03-09 09:30:00,663.9643,672.6878,661.5964,668.7352,186683.0
2026-03-09 09:35:00,668.7352,670.5318,665.4015,669.8431,90323.0
2026-03-09 09:40:00,669.7299,671.8019,666.739,670.4719,73130.0
2026-03-09 09:45:00,670.7564,673.2068,669.0347,669.7633,81961.0
2026-03-09 09:50:00,670.1226,670.8213,666.0303,668.0865,69768.0
2026-03-09 09:55:00,667.4576,670.8512,666.3996,668.346,50146.0
2026-03-09 10:00:00,668.1663,672.2087,667.0883,671.2106,49598.0
2026-03-09 10:05:00,671.0708,671.2704,665.6012,668.2162,50669.0
2026-03-09 10:10:00,668.7752,669.5237,664.5631,668.7352,41502.0
2026-03-09 10:15:00,669.0846,673.7258,668.0367,672.7677,48319.0
2026-03-09 10:20:00,672.4382,674.7339,669.0646,674.694,40634.0
2026-03-09 10:25:00,674.2997,675.2529,672.6179,674.8337,33014.0
2026-03-09 10:30:00,675.213,678.3371,675.0732,677.9478,56944.0
2026-03-09 10:35:00,677.6683,680.1218,677.319,679.2204,48806.0
2026-03-09 10:40:00,678.7164,680.3832,677.9778,679.7943,56044.0
2026-03-09 10:45:00,679.8492,680.0738,678.0975,678.8461,38424.0
2026-03-09 10:50:00,678.7663,679.1954,677.0595,678.911,28824.0
2026-03-09 10:55:00,678.916,680.8124,678.7164,680.3483,37580.0
2026-03-09 11:00:00,680.2984,684.3956,680.2984,684.3707,50325.0
2026-03-09 11:05:00,684.3607,685.8379,683.8767,685.224,39771.0
2026-03-09 11:10:00,685.264,685.7331,684.4505,684.5853,25838.0
2026-03-09 11:15:00,684.725,686.7013,683.3027,683.8367,46966.0
2026-03-09 11:20:00,683.8367,685.803,683.3965,684.6901,24407.0
2026-03-09 11:25:00,684.6901,687.7443,684.2758,685.8878,25049.0
2026-03-09 11:30:00,685.7331,686.0525,684.0862,684.5054,29588.0
2026-03-09 11:35:00,684.2858,684.4854,683.0931,683.4274,17503.0
2026-03-09 11:40:00,683.4324,683.647,681.8205,682.3345,25254.0
2026-03-09 11:45:00,682.5092,684.5354,682.1598,684.2359,28643.0
2026-03-09 11:50:00,684.3956,685.9227,683.673,684.9845,25146.0
2026-03-09 11:55:00,684.8647,687.3001,684.6551,686.4517,43513.0
2026-03-09 12:00:00,686.302,687.5596,685.7031,686.2022,25245.0
2026-03-09 12:05:00,686.2022,687.1504,685.9227,686.4467,21474.0
2026-03-09 12:10:00,686.0724,687.0606,685.9227,686.7407,18161.0
2026-03-09 12:15:00,686.3619,687.2003,685.3738,685.7031,17630.0
2026-03-09 12:20:00,685.7031,687.4997,684.9845,687.4249,26638.0
2026-03-09 12:25:00,687.4698,689.0169,687.0706,687.2901,21707.0
2026-03-09 12:30:00,687.6694,688.2883,686.5716,687.9389,17211.0
2026-03-09 12:35:00,688.2982,689.3263,688.1485,689.2864,12841.0
2026-03-09 12:40:00,689.2464,690.6876,688.927,690.2446,36632.0
2026-03-09 12:45:00,690.3843,692.101,690.0424,690.3643,53760.0
2026-03-09 12:50:00,690.0949,691.1727,689.8852,690.4841,17210.0
2026-03-09 12:55:00,690.4043,690.8832,689.3962,690.1447,15635.0
2026-03-09 13:00:00,689.9751,690.7835,688.8672,689.501,19433.0
2026-03-09 13:05:00,689.501,690.554,689.2365,690.554,14356.0
2026-03-09 13:10:00,690.6937,691.6719,690.5305,691.2826,17021.0
2026-03-09 13:15:00,690.9033,691.4323,688.6975,689.1167,9563.0
2026-03-09 13:20:00,688.6975,689.2464,687.0706,687.8092,24408.0
2026-03-09 13:25:00,687.9988,687.9988,686.9808,687.7593,16454.0
2026-03-09 13:30:00,687.9988,688.4779,687.3999,687.5263,41890.0
2026-03-09 13:35:00,687.6994,688.0188,687.2003,687.6545,40522.0
2026-03-09 13:40:00,687.4997,687.6894,686.7013,687.6794,13962.0
2026-03-09 13:45:00,687.4997,688.6476,687.4598,687.4598,10482.0
2026-03-09 13:50:00,687.4399,689.3363,687.2003,689.3363,12412.0
2026-03-09 13:55:00,689.0119,689.7406,688.3781,688.8821,13589.0
2026-03-09 14:00:00,688.8272,689.4161,688.4979,689.0318,15167.0
2026-03-09 14:05:00,689.0368,690.5939,689.0368,690.0948,23594.0
2026-03-09 14:10:00,689.8253,691.6171,689.8253,691.3874,21494.0
2026-03-09 14:15:00,691.36,691.5845,690.9234,691.4622,11298.0
2026-03-09 14:20:00,691.5576,693.3886,691.2052,691.3325,43597.0
2026-03-09 14:25:00,690.7037,691.612,690.6937,691.3624,13030.0
2026-03-09 14:30:00,691.3175,692.3007,690.4941,692.3007,22491.0
2026-03-09 14:35:00,692.0312,692.8796,691.1129,691.6219,17446.0
2026-03-09 14:40:00,691.2227,691.8116,691.073,691.605,18624.0
2026-03-09 14:45:00,691.4622,691.4622,690.544,690.7187,19469.0
2026-03-09 14:50:00,690.544,691.592,690.0449,690.7137,15679.0
2026-03-09 14:55:00,690.7137,690.8534,689.9801,690.0549,13268.0
2026-03-09 15:00:00,690.02,692.1534,689.8453,691.6419,13645.0
2026-03-09 15:05:00,691.6469,692.2907,691.0132,692.2907,30063.0
2026-03-09 15:10:00,692.4005,693.0353,691.2776,691.2776,17673.0
2026-03-09 15:15:00,691.3574,695.8839,691.0031,695.7142,73622.0
2026-03-09 15:20:00,695.1852,699.1377,695.0455,697.8851,74456.0
2026-03-09 15:25:00,698.479,703.0104,697.5708,703.0104,55059.0
2026-03-09 15:30:00,702.7609,705.0861,700.245,704.4876,45052.0
2026-03-09 15:35:00,704.6024,707.2923,702.7559,706.943,53452.0
2026-03-09 15:40:00,706.943,707.0045,702.3517,703.1951,97828.0
2026-03-09 15:45:00,702.9405,706.3241,702.8507,706.1095,85945.0
2026-03-09 15:50:00,705.9548,706.1145,700.1408,700.7647,123408.0
2026-03-09 15:55:00,700.9643,703.8388,700.4852,703.6592,204659.0
2026-03-10 09:30:00,711.4345,713.6004,708.9392,711.4845,150519.0
2026-03-10 09:35:00,711.5043,715.0476,710.2168,714.6484,67783.0
2026-03-10 09:40:00,714.9678,715.9559,710.7811,714.0495,41054.0
2026-03-10 09:45:00,713.9497,716.2653,712.8318,715.7363,44465.0
2026-03-10 09:50:00,715.367,717.0838,714.0645,715.0776,35164.0
2026-03-10 09:55:00,714.8879,716.0158,712.7719,714.6434,47535.0
2026-03-10 10:00:00,714.7732,715.6365,711.6541,711.6541,41006.0
2026-03-10 10:05:00,712.3028,714.7482,711.5445,711.8038,34923.0
2026-03-10 10:10:00,711.3047,715.0826,711.3047,713.286,38145.0
2026-03-10 10:15:00,713.261,714.6783,711.9435,714.4089,25533.0
2026-03-10 10:20:00,714.7881,716.964,714.0196,715.6465,38085.0
2026-03-10 10:25:00,716.1855,717.3932,713.6503,714.0346,31848.0
2026-03-10 10:30:00,714.9279,717.7126,714.8879,717.5729,44984.0
2026-03-10 10:35:00,716.9241,717.8424,715.6365,717.5918,34379.0
2026-03-10 10:40:00,717.7625,719.2297,717.1795,718.9602,73075.0
2026-03-10 10:45:00,719.2023,720.617,717.8523,720.3346,38426.0
2026-03-10 10:50:00,720.3376,721.7649,719.7488,721.6723,40105.0
2026-03-10 10:55:00,721.5354,723.7212,720.9565,723.4767,34705.0
2026-03-10 11:00:00,723.5715,725.1286,723.0725,724.6345,53029.0
2026-03-10 11:05:00,724.7786,724.8789,722.3339,724.0506,37875.0
2026-03-10 11:10:00,723.5915,724.6295,722.4237,723.5466,26434.0
2026-03-10 11:15:00,723.5466,724.6495,722.6433,723.312,34271.0
2026-03-10 11:20:00,723.312,725.0887,722.9153,724.7094,31104.0
2026-03-10 11:25:00,724.2802,724.8192,723.3121,723.6215,36542.0
2026-03-10 11:30:00,723.9608,724.4449,723.6314,723.9857,22139.0
2026-03-10 11:35:00,723.9807,725.3382,723.7412,724.8492,17132.0
2026-03-10 11:40:00,725.0188,725.3881,723.0375,723.322,20405.0
2026-03-10 11:45:00,723.327,724.2302,721.9346,723.5466,40373.0
2026-03-10 11:50:00,723.8809,724.5896,722.6233,722.7331,13572.0
2026-03-10 11:55:00,722.7431,723.2322,722.3838,722.4537,16445.0
2026-03-10 12:00:00,723.3618,723.3618,720.7568,721.0613,14700.0
2026-03-10 12:05:00,720.8068,721.0762,718.6408,719.1798,31241.0
2026-03-10 12:10:00,719.2796,721.4454,719.0002,720.657,18380.0
2026-03-10 12:15:00,720.657,721.5903,719.0501,721.5903,25650.0
2026-03-10 12:20:00,721.0263,721.8348,720.3476,721.3407,16271.0
2026-03-10 12:25:00,721.4156,721.9047,719.2796,719.4094,25228.0
2026-03-10 12:30:00,719.4094,721.6252,718.7906,721.6252,24512.0
2026-03-10 12:35:00,721.6352,722.5734,721.196,721.5503,32723.0
2026-03-10 12:40:00,721.2759,722.7231,721.0513,722.6333,15842.0
2026-03-10 12:45:00,722.264,722.4536,720.4973,721.5803,13770.0
2026-03-10 12:50:00,721.5803,722.7531,721.2459,722.3838,22962.0
2026-03-10 12:55:00,722.6233,722.6433,721.5354,721.6052,8980.0
2026-03-10 13:00:00,721.735,724.0605,721.735,724.0605,22650.0
2026-03-10 13:05:00,724.0606,725.4212,724.0606,725.0787,23655.0
2026-03-10 13:10:00,724.8291,725.1785,724.36,724.6445,10374.0
2026-03-10 13:15:00,724.6445,725.6676,724.6445,725.6676,25189.0
2026-03-10 13:20:00,725.6326,726.6257,725.4679,726.516,30686.0
2026-03-10 13:25:00,726.516,727.6538,725.937,727.5789,20021.0
2026-03-10 13:30:00,727.5789,728.1129,725.1685,725.6725,36131.0
2026-03-10 13:35:00,725.6177,725.8372,724.3301,725.7474,28404.0
2026-03-10 13:40:00,725.5503,727.0326,725.2184,726.6157,28270.0
2026-03-10 13:45:00,726.2664,728.3425,725.9171,727.9333,23888.0
2026-03-10 13:50:00,727.9333,729.4114,727.9133,728.3874,37204.0
2026-03-10 13:55:00,728.2826,728.8416,727.1947,727.2845,35625.0
2026-03-10 14:00:00,726.9751,728.1628,726.8453,727.2146,38582.0
2026-03-10 14:05:00,727.0307,727.3544,725.982,726.3463,19718.0
2026-03-10 14:10:00,726.2315,727.035,721.8348,721.8348,53709.0
2026-03-10 14:15:00,721.8248,723.4317,719.0601,719.08,46517.0
2026-03-10 14:20:00,719.2247,721.6651,718.4213,720.9265,27864.0
2026-03-10 14:25:00,720.9265,724.0905,720.5173,722.3239,22663.0
2026-03-10 14:30:00,722.3239,724.5096,721.8448,723.0874,16050.0
2026-03-10 14:35:00,722.6333,723.2175,720.148,721.1261,24029.0
2026-03-10 14:40:00,721.1261,721.4455,719.1798,720.2129,18078.0
2026-03-10 14:45:00,720.1081,721.5405,719.4493,721.2908,16635.0
2026-03-10 14:50:00,721.2908,722.0344,719.1499,720.3875,17048.0
2026-03-10 14:55:00,720.1779,720.5073,718.4013,719.5891,23494.0
2026-03-10 15:00:00,719.8186,720.6171,719.3894,719.4892,16374.0
2026-03-10 15:05:00,719.2896,720.6071,718.7806,719.4094,16303.0
2026-03-10 15:10:00,719.629,719.8086,718.6608,719.7238,16655.0
2026-03-10 15:15:00,719.3994,720.0781,718.9103,719.5391,25778.0
2026-03-10 15:20:00,719.7587,720.148,717.8924,719.2247,22821.0
2026-03-10 15:25:00,719.0401,719.0401,716.2354,716.2653,20587.0
2026-03-10 15:30:00,716.2454,716.7744,715.5267,716.43,24193.0
2026-03-10 15:35:00,716.43,717.5629,715.6665,717.488,20432.0
2026-03-10 15:40:00,717.5928,719.5591,716.7345,716.7345,65193.0
2026-03-10 15:45:00,716.7345,717.1038,714.9079,715.1524,22683.0
2026-03-10 15:50:00,715.3072,716.0757,714.1593,715.3271,53651.0
2026-03-10 15:55:00,715.4569,715.926,714.4588,715.5567,165804.0
2026-03-11 09:30:00,712.1531,713.8498,707.5917,708.7496,62293.0
2026-03-11 09:35:00,708.4302,709.6479,703.9288,709.6479,30515.0
2026-03-11 09:40:00,709.6978,709.7277,704.1333,706.0247,21695.0
2026-03-11 09:45:00,706.0247,706.404,702.3017,702.9505,33414.0
2026-03-11 09:50:00,702.8108,706.953,702.761,706.3939,23296.0
2026-03-11 09:55:00,705.89,707.2025,703.6692,706.7633,28105.0
2026-03-11 10:00:00,706.5038,713.2411,705.9149,709.1589,37416.0
2026-03-11 10:05:00,709.1588,714.0246,709.1588,712.9766,38975.0
2026-03-11 10:10:00,712.7919,714.0096,711.0452,713.6353,21536.0
2026-03-11 10:15:00,713.6353,714.2991,712.233,712.8119,19479.0
2026-03-11 10:20:00,712.4725,714.2691,710.9155,711.674,22978.0
2026-03-11 10:25:00,711.3247,712.7869,710.6011,712.7869,17672.0
2026-03-11 10:30:00,712.7869,713.4906,712.0234,713.0115,16613.0
2026-03-11 10:35:00,713.3409,717.1537,713.3409,717.0938,30175.0
2026-03-11 10:40:00,717.1537,719.0601,717.0549,718.1618,40591.0
2026-03-11 10:45:00,718.1618,718.1618,715.3072,715.7713,22069.0
2026-03-11 10:50:00,716.1206,716.1256,714.7382,714.9379,9313.0
2026-03-11 10:55:00,714.9977,715.5567,714.0495,715.2073,12502.0
2026-03-11 11:00:00,715.1874,716.6047,713.5505,715.2972,24132.0
2026-03-11 11:05:00,715.3171,716.2204,714.0196,716.2204,23644.0
2026-03-11 11:10:00,716.3053,717.2071,714.2092,714.2092,10885.0
2026-03-11 11:15:00,714.2192,714.2192,711.5642,711.6491,13864.0
2026-03-11 11:20:00,711.8936,713.1013,710.9618,712.4625,13956.0
2026-03-11 11:25:00,712.7719,713.3334,709.6578,709.8575,10934.0
2026-03-11 11:30:00,709.7676,710.0856,708.2605,708.54,17105.0
2026-03-11 11:35:00,708.6747,709.4582,708.2705,708.7645,42230.0
2026-03-11 11:40:00,708.7346,709.2786,708.0708,708.0708,11165.0
2026-03-11 11:45:00,707.9211,709.3484,707.4221,709.3484,12559.0
2026-03-11 11:50:00,709.3484,710.9654,709.3484,710.0571,9038.0
2026-03-11 11:55:00,710.1369,710.4364,708.52,708.52,10914.0
2026-03-11 12:00:00,708.4302,709.0889,707.3722,708.1108,12917.0
2026-03-11 12:05:00,708.4651,708.4801,707.3023,707.6616,10049.0
2026-03-11 12:10:00,707.961,708.7695,706.8531,707.7365,14452.0
2026-03-11 12:15:00,707.7365,708.0309,706.1545,706.4739,21499.0
2026-03-11 12:20:00,706.4739,707.996,706.0846,706.6885,14193.0
2026-03-11 12:25:00,706.8631,707.452,705.865,706.5687,12380.0
2026-03-11 12:30:00,706.484,708.5,706.484,708.1806,21521.0
2026-03-11 12:35:00,707.9012,708.4148,706.6934,706.7434,16781.0
2026-03-11 12:40:00,707.2175,708.4799,706.7135,708.0209,9078.0
2026-03-11 12:45:00,708.0309,709.4582,707.8313,708.5799,16710.0
2026-03-11 12:50:00,708.53,709.9173,708.2904,709.7227,14758.0
2026-03-11 12:55:00,709.5281,711.2448,709.029,711.135,14766.0
2026-03-11 13:00:00,711.1051,711.1201,709.568,709.568,19433.0
2026-03-11 13:05:00,709.5131,710.0271,708.53,708.5899,10049.0
2026-03-11 13:10:00,708.5,709.5181,708.4302,709.0041,12926.0
2026-03-11 13:15:00,709.0091,709.4482,708.2904,708.4601,14027.0
2026-03-11 13:20:00,708.6198,709.6379,708.6198,709.2137,11663.0
2026-03-11 13:25:00,709.2137,710.3465,709.1438,710.1868,6070.0
2026-03-11 13:30:00,710.1868,710.8356,709.4083,709.4832,15269.0
2026-03-11 13:35:00,709.4782,709.6878,704.5375,706.0646,18218.0
2026-03-11 13:40:00,706.3541,707.1625,705.0066,706.4938,9547.0
2026-03-11 13:45:00,706.157,707.0228,706.157,706.8232,4931.0
2026-03-11 13:50:00,707.1576,709.064,706.8531,708.1607,10577.0
2026-03-11 13:55:00,708.2206,708.6198,706.9629,707.8513,10792.0
2026-03-11 14:00:00,707.8721,708.2255,707.3123,707.3472,7772.0
2026-03-11 14:05:00,707.0927,708.49,706.6485,707.9061,11060.0
2026-03-11 14:10:00,707.991,707.991,706.5437,707.2026,14066.0
2026-03-11 14:15:00,707.2224,708.525,707.2025,708.2471,20846.0
2026-03-11 14:20:00,708.1956,709.0091,706.5936,707.2424,14737.0
2026-03-11 14:25:00,707.5418,708.6647,707.0328,708.3952,7019.0
2026-03-11 14:30:00,708.3952,708.6298,707.7215,707.8413,9176.0
2026-03-11 14:35:00,708.1407,708.6098,707.9311,708.5699,8644.0
2026-03-11 14:40:00,708.49,709.069,708.0609,708.4501,6571.0
2026-03-11 14:45:00,708.4102,708.515,706.6351,706.6635,10385.0
2026-03-11 14:50:00,706.8531,707.9311,706.4938,707.2624,12173.0
2026-03-11 14:55:00,707.2574,707.472,706.5437,707.0078,12564.0
2026-03-11 15:00:00,707.0078,707.0078,705.2661,706.0248,12801.0
2026-03-11 15:05:00,706.0347,706.424,705.356,706.2393,22588.0
2026-03-11 15:10:00,706.404,707.2224,706.1844,706.374,14389.0
2026-03-11 15:15:00,706.374,707.0389,705.4757,706.7234,47383.0
2026-03-11 15:20:00,706.7234,707.2524,706.2543,707.2374,14990.0
2026-03-11 15:25:00,707.442,708.0758,707.1027,707.2873,14086.0
2026-03-11 15:30:00,707.2823,708.3104,706.6635,708.1008,25586.0
2026-03-11 15:35:00,708.0209,708.3753,707.7614,708.0958,15924.0
2026-03-11 15:40:00,708.1207,708.9342,707.971,708.6597,21241.0
2026-03-11 15:45:00,708.6448,708.7296,707.1626,707.5917,40318.0
2026-03-11 15:50:00,707.4869,708.3703,706.1644,708.1207,57148.0
2026-03-11 15:55:00,708.1207,708.1207,706.1046,706.2942,137383.0
2026-03-12 09:30:00,691.6918,693.5383,688.957,689.8503,138921.0
2026-03-12 09:35:00,689.8503,691.6917,687.6496,689.6956,73082.0
2026-03-12 09:40:00,689.3562,690.3943,683.8067,684.191,46043.0
2026-03-12 09:45:00,683.9365,685.6932,683.0182,684.8997,66670.0
2026-03-12 09:50:00,685.0294,686.2022,683.5073,683.9564,53153.0
2026-03-12 09:55:00,683.8467,684.2559,680.0139,680.7226,54776.0
2026-03-12 10:00:00,682.4293,691.6719,682.0321,690.1747,51411.0
2026-03-12 10:05:00,690.6737,692.4504,688.9869,691.602,50110.0
2026-03-12 10:10:00,691.5521,692.2107,688.3032,691.8515,34231.0
2026-03-12 10:15:00,691.4123,691.8515,688.448,688.9819,29015.0
2026-03-12 10:20:00,689.2564,689.7355,685.1342,685.3139,22341.0
2026-03-12 10:25:00,685.7031,685.7231,681.7406,682.0201,37928.0
2026-03-12 10:30:00,681.9802,682.2796,679.2553,679.954,30251.0
2026-03-12 10:35:00,680.2534,681.3464,678.8163,680.2331,31891.0
2026-03-12 10:40:00,680.1536,682.4493,678.4721,682.4493,28741.0
2026-03-12 10:45:00,682.7088,685.6582,679.8043,680.8324,36709.0
2026-03-12 10:50:00,680.7425,681.3413,678.8762,681.2915,23996.0
2026-03-12 10:55:00,681.7007,683.5472,680.8723,683.0382,25723.0
2026-03-12 11:00:00,683.1929,684.9246,682.4593,684.745,35716.0
2026-03-12 11:05:00,684.6751,685.1143,682.6339,682.8535,41162.0
2026-03-12 11:10:00,682.8485,683.7069,681.6608,683.4025,43383.0
2026-03-12 11:15:00,683.5772,684.3656,682.9983,683.5522,18551.0
2026-03-12 11:20:00,683.9365,687.6195,683.667,687.1354,24864.0
2026-03-12 11:25:00,687.5125,688.9351,686.8709,687.6994,20691.0
2026-03-12 11:30:00,688.1484,688.6276,686.7212,687.38,16100.0
2026-03-12 11:35:00,687.5496,693.2788,686.4118,693.2788,27695.0
2026-03-12 11:40:00,692.4803,694.3019,690.534,693.1179,27022.0
2026-03-12 11:45:00,692.9594,693.7679,691.6369,692.2208,23312.0
2026-03-12 11:50:00,692.5402,693.688,691.9713,693.0293,20689.0
2026-03-12 11:55:00,693.3986,694.0787,692.5901,693.8278,12728.0
2026-03-12 12:00:00,693.8577,697.1215,693.0593,696.6375,29901.0
2026-03-12 12:05:00,696.6375,697.1314,694.8159,695.6543,41970.0
2026-03-12 12:10:00,695.3898,697.0716,695.0556,696.907,26623.0
2026-03-12 12:15:00,697.1715,699.2375,696.9419,697.9949,23032.0
2026-03-12 12:20:00,698.2794,702.0622,698.0897,700.575,37512.0
2026-03-12 12:25:00,700.2955,700.545,698.1646,698.6786,30893.0
2026-03-12 12:30:00,698.5339,700.5251,697.8502,699.9019,19454.0
2026-03-12 12:35:00,699.7166,700.3754,698.494,700.1358,15898.0
2026-03-12 12:40:00,699.9163,701.4733,699.8365,700.9793,18955.0
2026-03-12 12:45:00,700.4153,700.4153,698.0398,698.8633,21301.0
2026-03-12 12:50:00,698.6786,699.3074,697.6805,698.6686,31227.0
2026-03-12 12:55:00,698.988,700.1458,698.1995,699.1178,17961.0
2026-03-12 13:00:00,699.1128,700.6748,698.4091,700.3554,15078.0
2026-03-12 13:05:00,700.3554,702.3217,699.1577,699.4471,17273.0
2026-03-12 13:10:00,699.8664,700.7845,697.8733,698.5139,19316.0
2026-03-12 13:15:00,698.2794,698.5189,695.6443,696.6674,23366.0
2026-03-12 13:20:00,696.6325,698.9481,696.6325,697.6306,13560.0
2026-03-12 13:25:00,697.6306,698.1396,696.9918,697.3811,10579.0
2026-03-12 13:30:00,697.3811,698.2843,696.7223,697.2613,12406.0
2026-03-12 13:35:00,697.1665,699.1777,697.1665,698.489,26923.0
2026-03-12 13:40:00,698.6986,699.3873,698.1596,698.3542,51505.0
2026-03-12 13:45:00,698.2694,699.3144,696.6325,699.018,35068.0
2026-03-12 13:50:00,698.988,701.084,698.826,699.8913,28407.0
2026-03-12 13:55:00,699.8963,700.1658,698.2342,699.8264,15441.0
2026-03-12 14:00:00,699.8115,701.6729,699.7266,701.0741,17788.0
2026-03-12 14:05:00,700.8944,702.3616,700.4453,700.9842,20049.0
2026-03-12 14:10:00,700.9842,701.8825,700.5051,701.0541,10265.0
2026-03-12 14:15:00,701.1789,702.4415,699.507,700.0111,12926.0
2026-03-12 14:20:00,699.9312,699.9312,697.446,699.0579,34379.0
2026-03-12 14:25:00,699.0878,699.8164,698.5788,699.8164,12988.0
2026-03-12 14:30:00,699.4571,700.2182,699.3174,699.3723,12741.0
2026-03-12 14:35:00,699.3673,699.9368,698.5289,699.4821,21159.0
2026-03-12 14:40:00,699.6967,699.7366,698.2694,698.7285,29154.0
2026-03-12 14:45:00,698.9481,699.3672,698.4891,698.8433,22475.0
2026-03-12 14:50:00,698.8433,700.1608,698.6037,699.9163,17392.0
2026-03-12 14:55:00,699.8913,699.892,698.5888,699.1477,16813.0
2026-03-12 15:00:00,698.9381,699.4072,697.925,698.4989,57480.0
2026-03-12 15:05:00,698.4989,699.4971,698.2095,698.983,30002.0
2026-03-12 15:10:00,698.983,699.3573,698.2195,698.9681,24363.0
2026-03-12 15:15:00,699.0978,699.7366,698.5588,699.4671,18394.0
2026-03-12 15:20:00,699.4771,700.1159,699.2276,699.5569,23445.0
2026-03-12 15:25:00,699.6967,700.3105,699.3473,699.6867,55701.0
2026-03-12 15:30:00,699.8065,701.1639,699.6368,700.6748,25176.0
2026-03-12 15:35:00,700.6549,701.0741,700.2157,700.4752,26437.0
2026-03-12 15:40:00,700.3355,701.2512,700.3355,701.104,50239.0
2026-03-12 15:45:00,701.114,701.3436,699.7466,700.8196,49938.0
2026-03-12 15:50:00,700.7148,700.9743,698.9681,699.4721,59033.0
2026-03-12 15:55:00,699.4721,699.8963,697.9999,699.2425,196734.0
2026-03-13 09:30:00,703.0104,705.5942,699.9861,701.7378,54789.0
2026-03-13 09:35:00,701.9574,705.356,701.0841,703.24,27279.0
2026-03-13 09:40:00,703.6043,703.6043,698.9681,700.0161,19827.0
2026-03-13 09:45:00,700.0161,701.5631,698.4989,699.6667,18920.0
2026-03-13 09:50:00,699.517,702.0622,697.4509,700.8695,15171.0
2026-03-13 09:55:00,700.4453,700.815,698.7285,698.8383,17788.0
2026-03-13 10:00:00,699.8963,701.8077,698.2594,699.2575,20183.0
2026-03-13 10:05:00,699.1976,700.5351,697.9799,699.1876,22718.0
2026-03-13 10:10:00,699.1876,699.6268,698.2394,698.484,15313.0
2026-03-13 10:15:00,698.484,698.489,693.0093,693.683,50766.0
2026-03-13 10:20:00,693.683,695.2551,692.6201,692.655,33337.0
2026-03-13 10:25:00,692.9494,693.3785,691.3824,692.6101,23689.0
2026-03-13 10:30:00,693.2888,695.2352,691.6319,694.756,19145.0
2026-03-13 10:35:00,694.756,694.756,692.7598,694.1272,10463.0
2026-03-13 10:40:00,693.5683,693.5683,688.1485,689.2863,39797.0
2026-03-13 10:45:00,688.6975,692.2707,688.2883,692.0012,10700.0
2026-03-13 10:50:00,691.9613,692.3904,690.0449,690.8883,24031.0
2026-03-13 10:55:00,690.9033,690.9033,685.8828,687.884,23824.0
2026-03-13 11:00:00,688.2883,689.8653,686.9784,689.8653,29932.0
2026-03-13 11:05:00,690.5041,694.3966,689.9451,694.0474,12210.0
2026-03-13 11:10:00,693.9076,696.1135,693.6381,694.9357,15924.0
2026-03-13 11:15:00,694.8758,696.1493,693.8677,694.6812,26523.0
2026-03-13 11:20:00,694.6712,695.6843,693.5483,693.688,10328.0
2026-03-13 11:25:00,694.0573,694.0573,692.5003,692.5602,8837.0
2026-03-13 11:30:00,692.7997,694.0074,692.2807,693.7679,11910.0
2026-03-13 11:35:00,693.7629,693.7629,691.3325,693.2589,14408.0
2026-03-13 11:40:00,693.0492,693.4235,690.6937,691.2776,9602.0
2026-03-13 11:45:00,691.3824,695.0105,691.1528,693.5084,12677.0
2026-03-13 11:50:00,693.6282,693.8777,692.5203,693.4285,14854.0
2026-03-13 11:55:00,693.5782,693.5782,692.5502,692.9694,10014.0
2026-03-13 12:00:00,693.169,694.4889,693.169,693.8927,10196.0
2026-03-13 12:05:00,694.1272,694.8159,693.4385,694.781,8249.0
2026-03-13 12:10:00,694.9194,695.305,691.9763,693.2489,14600.0
2026-03-13 12:15:00,692.68,693.8378,691.8316,693.2688,11734.0
2026-03-13 12:20:00,693.3387,694.7608,692.6799,693.4734,17598.0
2026-03-13 12:25:00,693.564,694.0174,693.0792,694.0174,7100.0
2026-03-13 12:30:00,693.8877,694.5265,692.8696,693.0992,20226.0
2026-03-13 12:35:00,693.2888,695.2351,692.7699,693.6681,27411.0
2026-03-13 12:40:00,693.7379,694.0973,691.6918,691.6918,18362.0
2026-03-13 12:45:00,691.5122,692.4816,691.2327,692.3206,15134.0
2026-03-13 12:50:00,692.2009,694.8658,692.2009,694.8658,12461.0
2026-03-13 12:55:00,694.5814,694.8808,691.9014,692.3206,20347.0
2026-03-13 13:00:00,691.8616,693.1291,691.7118,692.041,11866.0
2026-03-13 13:05:00,692.0212,692.5751,691.2626,692.2308,10878.0
2026-03-13 13:10:00,691.8815,694.1871,691.2427,694.1871,8035.0
2026-03-13 13:15:00,694.1023,694.8833,693.4685,694.1172,11589.0
2026-03-13 13:20:00,694.1871,694.3568,692.8197,693.5832,10287.0
2026-03-13 13:25:00,693.3786,693.8078,692.2707,693.0343,12882.0
2026-03-13 13:30:00,693.1391,693.1491,692.0811,692.3705,6650.0
2026-03-13 13:35:00,692.3705,692.8796,692.1909,692.3306,9713.0
2026-03-13 13:40:00,692.1609,692.7997,691.2327,692.3506,11877.0
2026-03-13 13:45:00,692.3506,692.8846,691.4523,691.8016,9551.0
2026-03-13 13:50:00,691.4622,692.66,691.2526,692.66,9582.0
2026-03-13 13:55:00,692.2208,692.4953,691.1029,691.3125,11427.0
2026-03-13 14:00:00,691.1828,691.5221,690.5241,691.4024,9566.0
2026-03-13 14:05:00,691.3125,691.5221,690.0849,690.519,24209.0
2026-03-13 14:10:00,690.8833,691.2127,690.3943,691.1728,6807.0
2026-03-13 14:15:00,691.2227,691.5221,690.3643,690.8384,11637.0
2026-03-13 14:20:00,690.8434,690.8434,688.6675,689.456,17752.0
2026-03-13 14:25:00,689.486,689.9052,688.6576,689.5758,9765.0
2026-03-13 14:30:00,689.9019,691.043,689.3163,691.0331,17582.0
2026-03-13 14:35:00,690.9881,691.7218,690.2046,690.5739,11508.0
2026-03-13 14:40:00,690.7536,691.5587,690.6039,691.0231,11615.0
2026-03-13 14:45:00,690.9732,692.0412,690.8534,691.3125,25725.0
2026-03-13 14:50:00,691.4473,691.7957,690.544,691.3574,13591.0
2026-03-13 14:55:00,691.4323,691.6219,689.7655,690.4991,16491.0
2026-03-13 15:00:00,690.5041,690.8634,689.8852,689.9115,20142.0
2026-03-13 15:05:00,689.8952,690.2744,689.1167,689.9301,22850.0
2026-03-13 15:10:00,690.2246,690.6638,689.8104,690.524,21038.0
2026-03-13 15:15:00,690.6837,691.8415,690.4142,691.3325,31591.0
2026-03-13 15:20:00,691.4922,691.4922,688.7574,689.2706,47279.0
2026-03-13 15:25:00,689.0768,689.2883,688.2982,688.937,60344.0
2026-03-13 15:30:00,689.0219,689.7255,688.408,688.448,52118.0
2026-03-13 15:35:00,688.2783,688.9969,688.0188,688.3881,24563.0
2026-03-13 15:40:00,688.3881,689.2664,687.869,688.9769,33012.0
2026-03-13 15:45:00,689.0468,689.6097,688.408,689.3463,45740.0
2026-03-13 15:50:00,689.3762,690.9732,689.3762,690.4691,70987.0
2026-03-13 15:55:00,690.2645,693.199,690.1148,692.7199,149203.0
2026-03-16 09:30:00,704.0385,706.6635,700.1758,701.8526,91105.0
2026-03-16 09:35:00,702.2718,704.0883,699.1777,700.2257,41138.0
2026-03-16 09:40:00,699.9325,706.1145,699.1876,705.7752,43618.0
2026-03-16 09:45:00,705.6853,708.6507,703.9087,704.8669,36419.0
2026-03-16 09:50:00,704.822,708.6597,704.4177,707.7814,30096.0
2026-03-16 09:55:00,707.7015,707.7814,704.8968,707.2773,66969.0
2026-03-16 10:00:00,706.8931,707.5331,702.4115,704.3978,27772.0
2026-03-16 10:05:00,703.9486,704.5613,700.6748,701.2737,16323.0
2026-03-16 10:10:00,701.2138,702.7609,701.2138,701.2538,16540.0
2026-03-16 10:15:00,702.5126,703.2001,701.1639,701.1639,16270.0
2026-03-16 10:20:00,701.4534,703.6691,701.4534,702.65,13203.0
2026-03-16 10:25:00,702.3367,703.6093,702.0323,702.7709,18723.0
2026-03-16 10:30:00,702.7509,702.7759,699.8763,700.4353,19933.0
2026-03-16 10:35:00,700.5451,702.172,699.4072,699.7166,17288.0
2026-03-16 10:40:00,699.9562,700.1159,698.3593,698.9681,19292.0
2026-03-16 10:45:00,698.9681,699.6767,694.9207,696.0935,38626.0
2026-03-16 10:50:00,695.7791,698.2968,694.6862,698.2968,39538.0
2026-03-16 10:55:00,698.1047,700.2207,697.8402,700.2207,20785.0
2026-03-16 11:00:00,700.3355,700.5251,699.3773,700.1808,12026.0
2026-03-16 11:05:00,700.046,700.2257,698.7135,699.7765,11903.0
2026-03-16 11:10:00,699.4671,699.9961,698.7385,699.1577,14116.0
2026-03-16 11:15:00,699.2775,699.2775,697.6805,697.6805,27993.0
2026-03-16 11:20:00,698.0149,700.6549,697.9674,700.4053,32629.0
2026-03-16 11:25:00,700.3454,700.595,699.557,700.1858,18821.0
2026-03-16 11:30:00,700.1957,700.4353,699.5969,699.9362,8591.0
2026-03-16 11:35:00,700.1758,700.7746,699.8664,700.5151,11240.0
2026-03-16 11:40:00,700.4253,700.4253,699.4971,699.9262,6064.0
2026-03-16 11:45:00,700.1858,700.7647,699.7166,700.3155,12752.0
2026-03-16 11:50:00,700.0211,700.5151,698.7784,699.4821,14257.0
2026-03-16 11:55:00,699.5245,700.5351,697.1515,697.6106,14205.0
2026-03-16 12:00:00,697.6555,698.0997,696.4229,697.2014,15441.0
2026-03-16 12:05:00,696.9968,698.8433,696.9968,697.6406,16139.0
2026-03-16 12:10:00,697.6256,698.3492,697.3711,697.6156,9691.0
2026-03-16 12:15:00,697.6156,697.8601,696.7622,697.0018,13823.0
2026-03-16 12:20:00,697.0018,697.3361,695.5345,696.4428,15782.0
2026-03-16 12:25:00,695.7841,696.5526,695.5745,696.3031,11721.0
2026-03-16 12:30:00,696.1234,696.5476,695.0555,695.1952,15042.0
2026-03-16 12:35:00,695.2527,695.3948,693.9176,694.746,24598.0
2026-03-16 12:40:00,694.4966,695.7442,694.4067,694.5863,18990.0
2026-03-16 12:45:00,694.4865,695.5395,693.2838,695.3449,20596.0
2026-03-16 12:50:00,695.3249,696.5925,695.1852,695.7142,10632.0
2026-03-16 12:55:00,695.9937,696.363,695.2153,696.0985,7897.0
2026-03-16 13:00:00,696.0835,698.3592,696.0835,697.0417,18979.0
2026-03-16 13:05:00,696.8121,698.2095,696.6225,697.421,7318.0
2026-03-16 13:10:00,697.436,698.5439,697.436,697.7903,8769.0
2026-03-16 13:15:00,697.7803,698.0298,696.7223,697.2812,11650.0
2026-03-16 13:20:00,697.2912,698.3492,697.2363,697.8285,12409.0
2026-03-16 13:25:00,697.8651,698.5089,697.6505,698.0099,9252.0
2026-03-16 13:30:00,697.9001,699.0329,697.7603,698.2494,10673.0
2026-03-16 13:35:00,698.439,698.439,696.2133,696.6824,27816.0
2026-03-16 13:40:00,696.363,697.4709,696.2232,696.3131,12867.0
2026-03-16 13:45:00,696.363,696.902,695.8041,696.1883,10939.0
2026-03-16 13:50:00,696.2083,697.1215,695.6843,696.5377,10401.0
2026-03-16 13:55:00,696.5127,697.3411,696.4877,696.9219,8904.0
2026-03-16 14:00:00,697.2613,698.4391,697.0617,698.3093,14787.0
2026-03-16 14:05:00,698.2993,699.0679,697.8851,698.2544,11619.0
2026-03-16 14:10:00,698.5289,698.8084,697.9799,698.484,7157.0
2026-03-16 14:15:00,698.6686,699.6368,698.4989,699.2226,17363.0
2026-03-16 14:20:00,698.989,700.4253,698.988,700.0261,24664.0
2026-03-16 14:25:00,700.0161,700.1159,698.2494,698.2594,27764.0
2026-03-16 14:30:00,698.6786,698.8583,698.0398,698.5289,23758.0
2026-03-16 14:35:00,698.5189,700.1557,698.0798,699.8164,13072.0
2026-03-16 14:40:00,700.1558,700.2756,698.9681,699.1278,18287.0
2026-03-16 14:45:00,699.0878,699.3273,698.489,698.9541,11250.0
2026-03-16 14:50:00,698.9281,699.2575,698.7085,699.0479,7202.0
2026-03-16 14:55:00,699.1976,699.4197,698.449,698.449,17766.0
2026-03-16 15:00:00,698.6886,699.2924,698.2594,698.6736,11026.0
2026-03-16 15:05:00,698.7085,700.3854,698.0548,700.2856,27872.0
2026-03-16 15:10:00,700.3554,701.7528,699.3174,699.9452,44298.0
2026-03-16 15:15:00,699.5769,700.1858,698.8682,698.8682,27851.0
2026-03-16 15:20:00,698.9503,699.5245,698.6487,698.8183,16343.0
2026-03-16 15:25:00,698.7934,698.978,697.7005,698.6387,21089.0
2026-03-16 15:30:00,698.5314,698.8383,698.1596,698.5089,15672.0
2026-03-16 15:35:00,698.489,699.3274,698.1296,698.9681,25562.0
2026-03-16 15:40:00,698.9082,699.523,698.3891,698.6187,23643.0
2026-03-16 15:45:00,698.6886,698.9082,697.9101,697.96,23278.0
2026-03-16 15:50:00,697.8801,698.988,697.3661,698.4989,38947.0
2026-03-16 15:55:00,698.3592,699.0379,697.6805,698.469,110965.0
2026-03-17 09:30:00,706.0247,707.6616,703.9087,704.3778,54482.0
2026-03-17 09:35:00,704.7172,705.5007,702.0921,704.6373,26784.0
2026-03-17 09:40:00,704.4876,705.356,702.5313,703.6692,14341.0
2026-03-17 09:45:00,702.9505,703.3198,702.0023,702.0422,15398.0
2026-03-17 09:50:00,701.9724,702.9306,698.9082,702.6164,21460.0
2026-03-17 09:55:00,703.1302,704.9167,702.3916,704.308,9873.0
2026-03-17 10:00:00,704.0684,704.7571,702.0472,704.4776,20014.0
2026-03-17 10:05:00,703.749,705.0366,703.0004,703.7241,18026.0
2026-03-17 10:10:00,703.3897,703.5993,698.8782,700.036,13555.0
2026-03-17 10:15:00,699.8164,701.2837,699.3474,700.3155,14300.0
2026-03-17 10:20:00,699.6767,701.4534,696.0336,696.0336,16708.0
2026-03-17 10:25:00,696.1933,696.3231,693.5982,696.3231,33052.0
2026-03-17 10:30:00,696.373,698.9381,696.246,698.2893,11999.0
2026-03-17 10:35:00,698.6966,700.6748,698.2893,699.8963,17548.0
2026-03-17 10:40:00,699.8963,703.0104,699.3473,702.5962,14390.0
2026-03-17 10:45:00,702.4315,704.1383,702.2019,703.4496,15545.0
2026-03-17 10:50:00,703.24,703.5145,701.6131,701.633,9719.0
2026-03-17 10:55:00,701.9923,702.7109,701.8726,702.182,5553.0
2026-03-17 11:00:00,702.172,702.4016,700.9293,701.7727,9166.0
2026-03-17 11:05:00,701.134,702.2186,700.4602,701.0242,7986.0
2026-03-17 11:10:00,700.4253,700.9343,699.5569,700.5101,9756.0
2026-03-17 11:15:00,700.9543,701.7029,699.8164,700.5351,7691.0
2026-03-17 11:20:00,700.9343,701.2837,698.8882,700.7597,11748.0
2026-03-17 11:25:00,700.8046,701.4583,700.4453,700.4453,6976.0
2026-03-17 11:30:00,700.6848,701.5631,700.1558,700.1558,8277.0
2026-03-17 11:35:00,699.8164,700.1758,698.3263,699.1377,8162.0
2026-03-17 11:40:00,698.7185,699.9462,698.4491,699.8564,5663.0
2026-03-17 11:45:00,699.9302,700.3554,699.3423,699.3972,17480.0
2026-03-17 11:50:00,699.7665,701.7029,699.4946,700.559,7277.0
2026-03-17 11:55:00,700.6349,702.2618,700.046,701.5432,36852.0
2026-03-17 12:00:00,701.653,701.653,700.2406,700.7148,10662.0
2026-03-17 12:05:00,700.6998,702.0323,700.4259,701.4752,11991.0
2026-03-17 12:10:00,701.5132,702.1121,701.2084,701.9324,6340.0
2026-03-17 12:15:00,702.2219,703.6292,701.4034,703.6292,28233.0
2026-03-17 12:20:00,703.2599,704.2281,702.9306,703.8886,9969.0
2026-03-17 12:25:00,703.4496,703.8688,703.0952,703.5194,6716.0
2026-03-17 12:30:00,703.6891,703.6891,702.0422,702.4415,8583.0
2026-03-17 12:35:00,702.6361,703.6691,702.5095,702.5095,12199.0
2026-03-17 12:40:00,703.0104,704.1183,702.8008,704.0984,7576.0
2026-03-17 12:45:00,704.3129,704.6573,703.5594,704.308,6835.0
2026-03-17 12:50:00,704.278,704.278,702.9006,703.5294,5158.0
2026-03-17 12:55:00,703.7989,704.4776,703.4196,703.4596,8434.0
2026-03-17 13:00:00,703.779,704.9467,703.5993,704.5675,7942.0
2026-03-17 13:05:00,704.2281,704.4976,703.6791,704.4502,3609.0
2026-03-17 13:10:00,704.3828,705.0965,704.0285,704.308,11642.0
2026-03-17 13:15:00,704.5774,705.5656,704.3579,705.5656,13734.0
2026-03-17 13:20:00,705.5756,705.6754,704.3479,704.6473,13227.0
2026-03-17 13:25:00,704.6473,704.6473,703.1801,703.3448,12965.0
2026-03-17 13:30:00,703.3997,704.5974,703.3448,704.0035,7756.0
2026-03-17 13:35:00,703.8887,704.7022,703.8887,704.1133,11775.0
2026-03-17 13:40:00,704.278,704.288,703.1901,703.1901,9256.0
2026-03-17 13:45:00,703.3897,704.4177,703.3897,704.3579,5983.0
2026-03-17 13:50:00,704.1383,705.2761,703.9636,705.0416,16045.0
2026-03-17 13:55:00,704.837,705.326,704.5306,705.316,10280.0
2026-03-17 14:00:00,705.4458,706.6635,704.9467,706.1046,20617.0
2026-03-17 14:05:00,706.0347,707.2823,705.8351,707.1775,13821.0
2026-03-17 14:10:00,707.2823,707.6616,707.0727,707.3123,15092.0
2026-03-17 14:15:00,707.2723,707.6017,705.9648,706.3241,13929.0
2026-03-17 14:20:00,706.3441,706.5936,704.4177,704.4177,19002.0
2026-03-17 14:25:00,704.293,705.1214,704.1883,704.4177,7541.0
2026-03-17 14:30:00,704.3878,705.2512,704.3579,704.7471,9561.0
2026-03-17 14:35:00,704.7471,705.336,704.7471,705.0066,5631.0
2026-03-17 14:40:00,705.1663,705.351,704.7571,704.7571,7979.0
2026-03-17 14:45:00,704.837,705.2262,704.5475,704.807,8754.0
2026-03-17 14:50:00,704.787,705.5656,704.7776,705.3061,5658.0
2026-03-17 14:55:00,705.1364,705.2262,703.0104,703.1501,25748.0
2026-03-17 15:00:00,703.225,703.3488,701.6032,702.182,25850.0
2026-03-17 15:05:00,701.7228,702.1321,701.094,701.3437,22544.0
2026-03-17 15:10:00,701.3436,702.3317,700.9293,701.0691,37227.0
2026-03-17 15:15:00,701.109,702.7858,700.7946,702.6511,41933.0
2026-03-17 15:20:00,702.6112,702.8507,702.1321,702.4315,19168.0
2026-03-17 15:25:00,702.3616,702.4265,700.6948,701.9774,24485.0
2026-03-17 15:30:00,701.9774,703.0503,701.9425,702.7509,20499.0
2026-03-17 15:35:00,702.8807,703.3797,702.701,703.2999,11873.0
2026-03-17 15:40:00,703.3797,703.8937,703.1102,703.6891,17816.0
2026-03-17 15:45:00,703.5893,704.268,703.5893,703.8488,20452.0
2026-03-17 15:50:00,704.0684,704.9368,701.7029,702.6511,68051.0
2026-03-17 15:55:00,702.2419,702.4215,700.9343,701.3236,146329.0
2026-03-18 09:30:00,699.9811,708.6597,699.9811,705.7253,75105.0
2026-03-18 09:35:00,706.394,706.394,703.6692,704.7072,14960.0
2026-03-18 09:40:00,705.3972,708.1706,704.1682,705.1963,30684.0
2026-03-18 09:45:00,704.1682,708.6597,703.3298,706.5169,21664.0
2026-03-18 09:50:00,707.0128,709.2386,706.0447,707.7914,21172.0
2026-03-18 09:55:00,708.3503,708.8793,706.2942,708.0908,15455.0
2026-03-18 10:00:00,708.5,708.6197,705.6654,705.6754,19007.0
2026-03-18 10:05:00,706.1345,710.4963,705.346,708.5799,30159.0
2026-03-18 10:10:00,708.5849,708.8394,706.5337,707.0877,41729.0
2026-03-18 10:15:00,706.8731,707.2624,703.6693,704.0784,38781.0
2026-03-18 10:20:00,704.4976,705.0565,701.7129,702.4265,13213.0
2026-03-18 10:25:00,702.691,702.691,698.2245,701.5033,21478.0
2026-03-18 10:30:00,701.5033,702.4215,699.7266,701.623,11079.0
2026-03-18 10:35:00,701.628,702.0622,700.8979,701.623,9633.0
2026-03-18 10:40:00,701.2437,702.1619,700.3654,701.6779,20814.0
2026-03-18 10:45:00,701.9025,703.7689,701.9025,702.5512,13273.0
2026-03-18 10:50:00,702.5513,703.0952,701.5453,702.6351,9575.0
2026-03-18 10:55:00,702.6611,703.4596,701.663,703.3273,13360.0
2026-03-18 11:00:00,703.3248,706.2643,703.3248,704.4976,20256.0
2026-03-18 11:05:00,704.807,706.5687,704.7471,705.5805,13502.0
2026-03-18 11:10:00,705.5805,705.6354,703.9886,704.2979,12358.0
2026-03-18 11:15:00,704.4477,704.8967,702.3916,702.7136,11892.0
2026-03-18 11:20:00,702.2718,702.6311,700.8919,701.7727,13066.0
2026-03-18 11:25:00,701.2737,702.2319,700.8445,701.1389,10173.0
2026-03-18 11:30:00,700.9144,702.7309,700.7547,702.182,12774.0
2026-03-18 11:35:00,701.8027,702.5163,701.4534,701.9324,6968.0
2026-03-18 11:40:00,701.9324,702.3167,701.1439,702.1371,10574.0
2026-03-18 11:45:00,702.1321,702.5213,701.2038,702.0472,10162.0
2026-03-18 11:50:00,702.4315,702.6411,700.823,702.5613,18336.0
2026-03-18 11:55:00,702.7409,703.1842,701.9724,701.9724,7694.0
2026-03-18 12:00:00,701.9324,702.4571,700.7447,701.4234,7657.0
2026-03-18 12:05:00,701.5582,702.2319,701.3136,701.3136,7700.0
2026-03-18 12:10:00,701.4434,701.8127,700.8345,701.6829,5779.0
2026-03-18 12:15:00,701.7079,702.4465,701.104,701.9075,6040.0
2026-03-18 12:20:00,701.663,703.0503,701.663,703.0154,4384.0
2026-03-18 12:25:00,703.1701,703.6093,702.6211,703.6093,7906.0
2026-03-18 12:30:00,703.5893,704.5925,703.1502,703.5594,10278.0
2026-03-18 12:35:00,703.24,704.0734,702.7709,703.6692,10013.0
2026-03-18 12:40:00,703.6891,706.0147,703.5694,705.3038,21149.0
2026-03-18 12:45:00,705.1264,705.3061,704.5176,704.9368,6588.0
2026-03-18 12:50:00,704.7371,705.6453,704.6024,705.1264,5482.0
2026-03-18 12:55:00,705.2162,706.344,705.1663,706.0646,11401.0
2026-03-18 13:00:00,705.9848,706.2543,705.1064,705.9548,11971.0
2026-03-18 13:05:00,705.9548,706.6635,705.4757,705.5756,15278.0
2026-03-18 13:10:00,705.9049,705.9349,703.7889,704.2081,4383.0
2026-03-18 13:15:00,704.0584,705.2462,704.0285,705.0366,4003.0
2026-03-18 13:20:00,705.0865,705.1464,704.205,704.308,9552.0
2026-03-18 13:25:00,704.2481,704.4875,703.4598,704.0984,6638.0
2026-03-18 13:30:00,704.1033,704.3778,703.0004,704.2281,8756.0
2026-03-18 13:35:00,704.2381,705.2562,704.1683,705.2562,9249.0
2026-03-18 13:40:00,704.9767,705.5355,704.4377,705.331,12197.0
2026-03-18 13:45:00,705.5356,705.9449,705.2761,705.346,10340.0
2026-03-18 13:50:00,705.2262,705.3809,703.9686,704.7671,14675.0
2026-03-18 13:55:00,704.7721,705.5157,704.1982,705.0366,7327.0
2026-03-18 14:00:00,705.5456,707.1027,705.5057,706.7433,18489.0
2026-03-18 14:05:00,706.7433,707.5319,706.394,707.0128,11829.0
2026-03-18 14:10:00,706.8631,707.5319,706.4639,707.0578,10718.0
2026-03-18 14:15:00,707.0078,707.0078,704.3978,704.3978,14736.0
2026-03-18 14:20:00,704.4826,704.817,703.6542,704.268,8333.0
2026-03-18 14:25:00,704.3978,704.3978,703.657,704.0135,7993.0
2026-03-18 14:30:00,703.6791,704.1283,700.595,700.595,21555.0
2026-03-18 14:35:00,700.0959,702.0822,700.0959,700.585,24224.0
2026-03-18 14:40:00,700.3954,701.3635,699.6767,700.3055,15464.0
2026-03-18 14:45:00,700.2057,700.2257,699.2375,699.7166,14728.0
2026-03-18 14:50:00,699.7166,699.8264,695.8739,696.1933,22516.0
2026-03-18 14:55:00,695.804,697.1814,695.804,696.8371,14535.0
2026-03-18 15:00:00,696.7522,697.3112,696.0935,697.2064,13988.0
2026-03-18 15:05:00,696.872,697.6805,696.4828,697.2688,16164.0
2026-03-18 15:10:00,697.2912,697.401,696.8121,697.2812,10095.0
2026-03-18 15:15:00,697.2663,697.8701,696.4828,697.2263,17182.0
2026-03-18 15:20:00,697.2014,697.2513,694.8758,695.0155,16559.0
2026-03-18 15:25:00,694.9956,695.7242,694.756,695.1702,16565.0
2026-03-18 15:30:00,694.9756,695.2152,693.688,694.0973,38966.0
2026-03-18 15:35:00,694.222,694.3368,692.8197,694.232,35464.0
2026-03-18 15:40:00,694.232,694.3917,693.0393,693.2189,37069.0
2026-03-18 15:45:00,693.2139,694.0074,692.6899,693.8128,46731.0
2026-03-18 15:50:00,693.7429,694.9157,693.7429,694.257,39697.0
2026-03-18 15:55:00,694.0673,694.0673,691.3924,692.3106,142411.0
2026-03-19 09:30:00,675.213,677.4687,669.6635,673.3964,119455.0
2026-03-19 09:35:00,673.3964,673.6311,669.4639,671.0009,52292.0
2026-03-19 09:40:00,671.4044,671.8304,667.7371,671.2405,59316.0
2026-03-19 09:45:00,671.2405,673.2717,669.8431,671.5549,76806.0
2026-03-19 09:50:00,671.4827,674.8337,671.0858,674.8337,67651.0
2026-03-19 09:55:00,674.2648,677.319,673.087,677.2691,40179.0
2026-03-19 10:00:00,677.7083,682.5191,677.1194,679.8293,41224.0
2026-03-19 10:05:00,679.1356,681.1517,678.4369,680.6228,40483.0
2026-03-19 10:10:00,680.7874,682.589,679.4649,681.3813,20974.0
2026-03-19 10:15:00,681.2566,681.9602,677.7382,678.946,19706.0
2026-03-19 10:20:00,679.3452,680.9871,677.7981,677.7981,12842.0
2026-03-19 10:25:00,678.2822,678.5766,675.8218,676.1113,21011.0
2026-03-19 10:30:00,676.286,681.7107,676.0514,681.7107,27177.0
2026-03-19 10:35:00,681.7107,682.7088,678.7363,679.2454,14538.0
2026-03-19 10:40:00,679.2354,680.3634,677.8081,679.3252,43229.0
2026-03-19 10:45:00,679.1805,680.3464,678.4968,679.5348,10958.0
2026-03-19 10:50:00,680.3133,681.8704,679.1456,679.7195,15190.0
2026-03-19 10:55:00,679.1755,680.7525,679.0308,680.2135,8620.0
2026-03-19 11:00:00,680.2135,681.6807,679.944,680.8057,9124.0
2026-03-19 11:05:00,680.5878,683.5372,680.0438,680.9721,17345.0
2026-03-19 11:10:00,680.7675,682.1998,680.5509,681.1617,13610.0
2026-03-19 11:15:00,680.9421,682.2497,679.2753,679.425,14041.0
2026-03-19 11:20:00,679.738,680.0538,678.6465,678.7962,11061.0
2026-03-19 11:25:00,679.1057,680.0239,678.5068,679.6945,14532.0
2026-03-19 11:30:00,679.6446,679.6446,677.3191,677.3191,12164.0
2026-03-19 11:35:00,677.838,677.9328,676.3408,677.5186,177941.0
2026-03-19 11:40:00,677.294,678.6964,676.8999,677.9278,17463.0
2026-03-19 11:45:00,677.828,678.8561,676.9896,678.1275,16448.0
2026-03-19 11:50:00,678.1375,678.1474,677.3789,677.5186,8542.0
2026-03-19 11:55:00,677.5486,680.0139,677.2491,678.6964,23363.0
2026-03-19 12:00:00,678.5766,681.9602,677.9778,681.4312,18175.0
2026-03-19 12:05:00,680.9521,682.4094,680.8024,681.6508,14335.0
2026-03-19 12:10:00,681.2915,681.566,680.3832,680.7226,23041.0
2026-03-19 12:15:00,680.9741,681.1418,679.6646,679.984,19143.0
2026-03-19 12:20:00,679.9141,680.2934,678.3171,678.8711,15405.0
2026-03-19 12:25:00,678.8711,680.3832,678.8711,680.2834,18624.0
2026-03-19 12:30:00,680.6228,681.012,679.8143,680.5778,16131.0
2026-03-19 12:35:00,680.6876,681.042,679.3052,680.8824,14120.0
2026-03-19 12:40:00,680.8823,683.3476,680.8823,682.609,13869.0
2026-03-19 12:45:00,682.8086,683.2178,681.6109,681.8005,7967.0
2026-03-19 12:50:00,682.1199,682.1199,679.8682,680.7126,11724.0
2026-03-19 12:55:00,680.7375,681.2566,679.9741,680.9721,6948.0
2026-03-19 13:00:00,680.9621,681.4113,680.2435,680.4032,10175.0
2026-03-19 13:05:00,680.3682,680.7126,677.9877,678.7164,16617.0
2026-03-19 13:10:00,678.7263,679.1555,676.9297,677.0994,18101.0
2026-03-19 13:15:00,677.1892,679.1655,677.1892,678.9859,8853.0
2026-03-19 13:20:00,679.0657,680.3034,678.5567,679.5747,15846.0
2026-03-19 13:25:00,679.8593,681.4612,679.5847,680.7226,15847.0
2026-03-19 13:30:00,680.6028,680.7974,678.9858,678.9858,17215.0
2026-03-19 13:35:00,678.7164,679.5847,678.3072,678.906,8338.0
2026-03-19 13:40:00,678.9709,680.2534,678.7962,679.974,8081.0
2026-03-19 13:45:00,680.0139,681.1318,680.0039,680.7625,8012.0
2026-03-19 13:50:00,681.012,682.7288,681.012,682.7288,12675.0
2026-03-19 13:55:00,682.4892,682.5541,681.5011,681.7606,15504.0
2026-03-19 14:00:00,681.5909,681.8293,680.8623,681.8293,9584.0
2026-03-19 14:05:00,681.5211,682.599,681.4811,682.1049,11442.0
2026-03-19 14:10:00,682.2097,684.705,682.08,684.3108,15364.0
2026-03-19 14:15:00,684.4256,684.715,682.8685,683.682,13591.0
2026-03-19 14:20:00,683.8467,684.216,683.5173,683.9564,14805.0
2026-03-19 14:25:00,683.7868,683.9664,682.619,682.619,22177.0
2026-03-19 14:30:00,682.8286,683.0681,682.2098,682.4593,13286.0
2026-03-19 14:35:00,682.6789,682.7787,681.1019,681.571,12900.0
2026-03-19 14:40:00,681.2815,681.3673,679.6346,680.2385,35251.0
2026-03-19 14:45:00,679.8143,680.7425,679.6895,680.2784,19346.0
2026-03-19 14:50:00,680.2784,680.9921,679.5697,680.9921,18414.0
2026-03-19 14:55:00,681.1667,684.9346,680.9322,684.2758,19090.0
2026-03-19 15:00:00,684.5403,688.5478,684.2016,687.7243,26243.0
2026-03-19 15:05:00,687.7393,691.063,687.7393,689.7505,26978.0
2026-03-19 15:10:00,689.7505,692.1809,688.8771,690.6638,20054.0
2026-03-19 15:15:00,691.2227,691.8316,690.2146,691.4323,20943.0
2026-03-19 15:20:00,691.2427,691.2427,689.3363,689.5758,12394.0
2026-03-19 15:25:00,689.3742,689.5559,687.9289,688.2483,14316.0
2026-03-19 15:30:00,688.2533,689.8303,687.5097,688.42,18252.0
2026-03-19 15:35:00,688.3881,689.1616,687.1604,689.1616,13457.0
2026-03-19 15:40:00,689.5958,690.5938,689.1366,689.9351,15099.0
2026-03-19 15:45:00,689.9052,690.3643,689.4161,690.0749,26270.0
2026-03-19 15:50:00,690.1048,690.1048,687.909,688.1086,41174.0
2026-03-19 15:55:00,688.1186,688.418,686.4966,687.2402,136896.0
2026-03-20 09:30:00,685.3338,692.2707,684.6851,689.2764,813529.0
2026-03-20 09:35:00,688.8971,690.1298,686.9308,687.4399,28970.0
2026-03-20 09:40:00,687.5076,690.3842,685.7031,689.6956,19939.0
2026-03-20 09:45:00,690.4292,692.7498,688.8472,691.2027,41009.0
2026-03-20 09:50:00,691.063,691.063,688.1186,688.1685,32571.0
2026-03-20 09:55:00,688.3382,688.6226,686.0625,686.5116,18942.0
2026-03-20 10:00:00,686.7911,686.7911,682.6489,683.7069,32749.0
2026-03-20 10:05:00,683.9165,684.3607,679.7145,681.6608,25939.0
2026-03-20 10:10:00,681.2665,681.9203,674.3746,674.3746,34893.0
2026-03-20 10:15:00,674.6141,676.8199,674.5343,675.8168,56523.0
2026-03-20 10:20:00,675.8168,678.7164,674.9435,675.8218,65989.0
2026-03-20 10:25:00,675.7919,676.2909,674.4744,674.6041,28352.0
2026-03-20 10:30:00,674.7339,680.1736,674.7339,680.1736,27663.0
2026-03-20 10:35:00,680.2085,681.1018,678.8761,680.1037,27717.0
2026-03-20 10:40:00,679.9341,680.7226,678.9359,680.0438,11396.0
2026-03-20 10:45:00,679.8542,681.2416,678.9958,681.0769,12693.0
2026-03-20 10:50:00,680.7425,681.0469,675.193,675.3627,15171.0
2026-03-20 10:55:00,675.3727,678.4768,675.3727,677.0745,34472.0
2026-03-20 11:00:00,677.0745,679.4899,677.0745,678.6664,11023.0
2026-03-20 11:05:00,678.7563,679.4949,677.8082,678.9359,8571.0
2026-03-20 11:10:00,678.9659,681.4113,678.6914,681.4113,14495.0
2026-03-20 11:15:00,681.0919,682.07,680.2984,680.9372,20321.0
2026-03-20 11:20:00,680.9372,684.8647,679.1655,681.9103,42927.0
2026-03-20 11:25:00,681.8105,682.3694,678.896,680.2335,12338.0
2026-03-20 11:30:00,680.0089,681.4911,679.8243,681.4811,7444.0
2026-03-20 11:35:00,681.017,682.1149,680.5529,680.8324,7550.0
2026-03-20 11:40:00,680.7026,681.1318,679.7943,680.4626,10363.0
2026-03-20 11:45:00,679.7344,680.8207,679.7145,680.6748,8588.0
2026-03-20 11:50:00,680.5753,681.1717,680.1536,681.0719,8487.0
2026-03-20 11:55:00,681.0719,681.8205,680.513,680.5529,18439.0
2026-03-20 12:00:00,680.3533,682.5341,680.1936,682.5341,14545.0
2026-03-20 12:05:00,682.1299,682.2946,680.1262,681.2316,8308.0
2026-03-20 12:10:00,681.7905,681.7905,680.2135,680.9421,8369.0
2026-03-20 12:15:00,680.6926,680.8024,679.3651,680.4256,9788.0
2026-03-20 12:20:00,680.0239,680.7924,679.5847,679.8143,6696.0
2026-03-20 12:25:00,679.5548,679.5548,678.1175,678.382,13988.0
2026-03-20 12:30:00,678.382,678.6465,676.2909,678.0176,16119.0
2026-03-20 12:35:00,677.5685,678.1375,676.8698,677.868,12183.0
2026-03-20 12:40:00,677.6628,677.9179,677.1094,677.1299,19092.0
2026-03-20 12:45:00,677.1094,677.4088,676.3608,677.2491,18059.0
2026-03-20 12:50:00,677.2691,677.4687,675.9516,677.0295,16892.0
2026-03-20 12:55:00,676.9098,678.6964,676.8399,677.4687,10597.0
2026-03-20 13:00:00,677.7083,678.4369,677.4188,678.0376,35191.0
2026-03-20 13:05:00,678.0376,678.0826,675.4525,677.823,15486.0
2026-03-20 13:10:00,677.9578,678.397,676.8798,676.8898,9516.0
2026-03-20 13:15:00,677.0695,677.0695,676.1113,676.4107,8530.0
2026-03-20 13:20:00,676.271,677.6484,676.1812,676.8599,11905.0
2026-03-20 13:25:00,676.7301,676.9497,675.6322,676.3708,10543.0
2026-03-20 13:30:00,676.0614,676.3508,674.5842,674.7588,19315.0
2026-03-20 13:35:00,674.9235,676.1412,673.9354,674.8437,27603.0
2026-03-20 13:40:00,674.7439,675.4775,674.3646,674.4844,11077.0
2026-03-20 13:45:00,674.5143,674.8237,674.0252,674.5442,14749.0
2026-03-20 13:50:00,674.2847,675.4126,674.125,674.6341,18354.0
2026-03-20 13:55:00,675.0483,675.6522,674.4494,675.5424,39101.0
2026-03-20 14:00:00,675.6322,676.0414,673.4663,673.5811,39551.0
2026-03-20 14:05:00,673.7358,675.7619,673.5861,674.7888,27271.0
2026-03-20 14:10:00,674.6141,675.1331,673.9753,674.7389,15155.0
2026-03-20 14:15:00,674.9335,675.4625,673.8555,675.213,16160.0
2026-03-20 14:20:00,675.3278,675.3278,671.4102,671.6048,62496.0
2026-03-20 14:25:00,671.5998,673.3764,671.5998,672.6279,19071.0
2026-03-20 14:30:00,672.7277,673.1569,670.966,671.1507,21596.0
2026-03-20 14:35:00,671.2106,671.4202,669.5437,670.2823,34528.0
2026-03-20 14:40:00,670.8013,670.8013,669.1744,669.4938,35859.0
2026-03-20 14:45:00,669.8731,671.7296,669.7333,671.6497,23758.0
2026-03-20 14:50:00,671.4401,672.1987,671.1207,671.3203,44646.0
2026-03-20 14:55:00,671.7296,672.0889,670.5219,670.8612,32287.0
2026-03-20 15:00:00,670.991,672.0989,670.3721,671.1606,23027.0
2026-03-20 15:05:00,671.2804,672.1188,670.0428,670.1726,30978.0
2026-03-20 15:10:00,670.1726,671.5799,670.0228,671.3802,32571.0
2026-03-20 15:15:00,671.2505,671.6098,670.3222,671.3503,34607.0
2026-03-20 15:20:00,671.3802,671.4645,670.2524,670.2524,23219.0
2026-03-20 15:25:00,670.6466,671.4601,670.1376,671.0908,23903.0
2026-03-20 15:30:00,671.3104,671.9691,669.4239,669.8631,52319.0
2026-03-20 15:35:00,669.8631,671.5848,669.5437,671.5848,54180.0
2026-03-20 15:40:00,671.3403,674.125,671.3403,674.125,49080.0
2026-03-20 15:45:00,673.7757,673.9554,672.7077,673.1269,71777.0
2026-03-20 15:50:00,673.1269,676.9198,672.2686,676.765,72611.0
2026-03-20 15:55:00,676.7551,679.8442,676.5904,679.2154,470864.0
2026-03-23 09:30:00,697.6805,701.4334,693.6883,694.8359,96212.0
2026-03-23 09:35:00,695.2052,699.4271,694.1472,698.7036,94766.0
2026-03-23 09:40:00,698.7036,703.6492,697.7204,701.6629,66426.0
2026-03-23 09:45:00,699.8564,703.1701,698.6987,703.1003,61528.0
2026-03-23 09:50:00,703.0354,705.7153,702.5413,705.356,62970.0
2026-03-23 09:55:00,705.1564,708.54,703.6692,708.1008,53361.0
2026-03-23 10:00:00,708.2305,710.6559,706.0881,706.7234,48242.0
2026-03-23 10:05:00,706.5936,708.3653,705.2063,708.1806,33050.0
2026-03-23 10:10:00,708.1806,709.3085,706.3241,706.7134,36109.0
2026-03-23 10:15:00,706.4589,708.4102,705.9349,707.7115,24475.0
2026-03-23 10:20:00,707.4919,709.4482,707.0528,708.3503,30223.0
2026-03-23 10:25:00,708.2355,709.1937,706.4241,707.7514,17395.0
2026-03-23 10:30:00,707.3322,707.3322,704.7022,705.4208,44689.0
2026-03-23 10:35:00,704.7172,706.3341,704.268,705.5756,21296.0
2026-03-23 10:40:00,705.6055,705.9548,704.4277,704.5076,13291.0
2026-03-23 10:45:00,704.6473,707.5269,703.8488,706.5687,48837.0
2026-03-23 10:50:00,706.3241,707.5618,704.7503,705.7652,19366.0
2026-03-23 10:55:00,705.9349,707.6816,705.2064,707.5019,14339.0
2026-03-23 11:00:00,707.7115,709.5579,707.2524,708.4701,38955.0
2026-03-23 11:05:00,708.2804,709.2037,707.9511,708.8045,11499.0
2026-03-23 11:10:00,708.51,709.2187,708.0708,708.5787,21325.0
2026-03-23 11:15:00,708.6497,708.9691,706.5987,706.7234,10651.0
2026-03-23 11:20:00,706.6236,707.1626,705.2162,706.5088,14215.0
2026-03-23 11:25:00,706.5088,706.7933,704.9368,705.5506,10723.0
2026-03-23 11:30:00,705.8051,706.334,704.1682,704.1932,13116.0
2026-03-23 11:35:00,704.3629,704.3629,702.4614,703.3098,34684.0
2026-03-23 11:40:00,702.9904,703.9187,702.5613,703.5145,132045.0
2026-03-23 11:45:00,703.22,704.4577,702.172,702.9206,16343.0
2026-03-23 11:50:00,702.9206,703.5094,700.0261,700.6199,20360.0
2026-03-23 11:55:00,700.6449,701.2737,696.8721,697.3262,34624.0
2026-03-23 12:00:00,696.872,699.0978,696.872,697.416,15141.0
2026-03-23 12:05:00,697.411,698.968,696.872,698.5788,12945.0
2026-03-23 12:10:00,698.5389,698.978,697.7904,697.955,14294.0
2026-03-23 12:15:00,697.7354,698.1994,695.2351,696.1833,16953.0
2026-03-23 12:20:00,695.804,696.3131,695.0555,695.6843,9100.0
2026-03-23 12:25:00,695.5605,695.8539,693.4685,693.718,16925.0
2026-03-23 12:30:00,693.5882,695.0555,693.2489,695.0555,15148.0
2026-03-23 12:35:00,695.1902,696.7822,695.0854,695.6942,11202.0
2026-03-23 12:40:00,695.621,696.1833,694.3468,695.3449,11431.0
2026-03-23 12:45:00,694.9756,696.1334,694.7463,695.6942,10170.0
2026-03-23 12:50:00,695.7042,696.6524,694.5664,695.9238,15833.0
2026-03-23 12:55:00,696.1833,696.1833,694.6063,695.4747,20539.0
2026-03-23 13:00:00,695.824,696.353,694.4865,694.9556,7325.0
2026-03-23 13:05:00,694.9656,697.6006,694.9257,697.4659,12692.0
2026-03-23 13:10:00,697.4709,697.6805,696.0685,696.0685,15701.0
2026-03-23 13:15:00,696.4129,697.0617,695.6743,696.2532,7582.0
2026-03-23 13:20:00,696.3829,696.3829,694.6313,695.9737,13136.0
2026-03-23 13:25:00,695.5745,696.9718,695.5545,696.7997,9884.0
2026-03-23 13:30:00,696.5626,699.6518,696.5626,699.2675,21959.0
2026-03-23 13:35:00,699.2665,700.8245,699.2575,700.4652,16520.0
2026-03-23 13:40:00,700.1633,700.1633,697.9101,698.0997,10356.0
2026-03-23 13:45:00,698.1696,698.3991,697.2714,697.6805,7891.0
2026-03-23 13:50:00,697.9899,699.1876,697.451,699.1876,9937.0
2026-03-23 13:55:00,698.8682,700.5351,698.7716,700.2831,12731.0
2026-03-23 14:00:00,700.2906,701.1839,700.046,700.9268,11526.0
2026-03-23 14:05:00,700.9144,701.4038,698.6187,699.3723,13146.0
2026-03-23 14:10:00,699.517,700.2057,698.8483,699.4772,8744.0
2026-03-23 14:15:00,699.6368,699.6468,697.6705,698.1646,9563.0
2026-03-23 14:20:00,698.0997,698.6786,698.0348,698.5788,8338.0
2026-03-23 14:25:00,698.479,699.2783,698.3193,698.7834,12032.0
2026-03-23 14:30:00,698.7834,700.5251,698.7834,700.4103,13735.0
2026-03-23 14:35:00,700.5251,701.653,700.036,700.8645,15915.0
2026-03-23 14:40:00,700.9343,701.3036,699.8763,700.7896,8113.0
2026-03-23 14:45:00,700.8345,702.162,700.7247,701.6829,16049.0
2026-03-23 14:50:00,701.7129,701.9125,700.5879,701.2338,12748.0
2026-03-23 14:55:00,701.2737,701.6031,700.6748,701.4184,15143.0
2026-03-23 15:00:00,701.4184,701.5831,700.7746,701.3535,21558.0
2026-03-23 15:05:00,701.2887,702.4215,701.2138,702.3117,16183.0
2026-03-23 15:10:00,702.2338,702.4315,701.5349,701.7877,43651.0
2026-03-23 15:15:00,701.9824,702.1121,700.0211,701.0042,28557.0
2026-03-23 15:20:00,700.9543,701.104,700.3005,700.9144,26669.0
2026-03-23 15:25:00,700.9144,701.1639,699.8664,700.3754,27702.0
2026-03-23 15:30:00,700.3405,700.7647,700.076,700.3904,25616.0
2026-03-23 15:35:00,700.3954,700.6149,699.2276,699.9013,30820.0
2026-03-23 15:40:00,699.9861,700.7846,699.4771,700.3854,34109.0
2026-03-23 15:45:00,700.3854,701.1439,700.051,700.051,41258.0
2026-03-23 15:50:00,700.2756,701.124,698.6786,699.4471,106659.0
2026-03-23 15:55:00,699.4372,700.6848,699.4372,700.5051,237029.0
2026-03-24 09:30:00,692.4903,700.132,691.7218,699.7865,63875.0
2026-03-24 09:35:00,700.0859,704.0285,700.076,701.2737,27288.0
2026-03-24 09:40:00,700.6948,700.7347,694.1753,696.4478,19944.0
2026-03-24 09:45:00,696.8022,697.1615,694.5664,694.8958,17775.0
2026-03-24 09:50:00,694.4955,697.3711,693.3488,696.6724,15582.0
2026-03-24 09:55:00,696.6724,700.605,696.6724,700.056,19200.0
2026-03-24 10:00:00,699.7765,705.2761,698.3693,703.8587,25843.0
2026-03-24 10:05:00,703.8688,707.3622,702.7918,706.5337,20623.0
2026-03-24 10:10:00,706.5337,707.6615,705.2961,706.4714,24898.0
2026-03-24 10:15:00,706.3142,707.961,704.4177,707.9609,20191.0
2026-03-24 10:20:00,707.9015,708.8893,705.9049,708.4102,26375.0
2026-03-24 10:25:00,708.4601,709.5281,707.1127,708.1657,18465.0
2026-03-24 10:30:00,708.1806,710.1769,707.7514,709.1787,18554.0
2026-03-24 10:35:00,709.4083,709.588,706.1046,707.3475,17239.0
2026-03-24 10:40:00,707.5793,710.1569,706.3649,710.1569,19358.0
2026-03-24 10:45:00,710.0172,711.4235,707.6616,707.6616,25354.0
2026-03-24 10:50:00,707.966,713.9098,707.2524,711.3846,39351.0
2026-03-24 10:55:00,711.6308,714.0794,710.2667,712.5673,31946.0
2026-03-24 11:00:00,712.5124,715.0077,711.5542,712.223,48835.0
2026-03-24 11:05:00,711.7738,714.1394,711.7439,713.3908,16305.0
2026-03-24 11:10:00,713.5605,715.1475,713.4507,713.8299,27681.0
2026-03-24 11:15:00,713.7576,715.4469,713.3109,714.9578,28760.0
2026-03-24 11:20:00,714.868,716.6446,714.2791,715.6166,19371.0
2026-03-24 11:25:00,715.6166,716.3851,715.0975,715.6165,20519.0
2026-03-24 11:30:00,715.5766,716.1156,714.1344,714.838,18883.0
2026-03-24 11:35:00,714.4188,716.0957,714.4188,715.7164,12578.0
2026-03-24 11:40:00,715.8461,716.1256,714.6584,715.377,13306.0
2026-03-24 11:45:00,715.2223,716.9241,715.2173,716.7494,11679.0
2026-03-24 11:50:00,716.9441,716.994,715.2572,715.5766,10783.0
2026-03-24 11:55:00,715.4269,715.6365,712.9915,713.8848,22393.0
2026-03-24 12:00:00,713.4706,714.7183,712.2529,712.4116,15039.0
2026-03-24 12:05:00,712.6721,712.9017,711.2548,712.9017,9489.0
2026-03-24 12:10:00,712.8618,713.6503,712.6023,713.251,6574.0
2026-03-24 12:15:00,713.251,714.9279,712.9915,714.6284,7371.0
2026-03-24 12:20:00,714.6035,715.5966,713.8898,715.2073,7188.0
2026-03-24 12:25:00,714.9379,715.6665,714.7282,715.0933,13616.0
2026-03-24 12:30:00,715.5168,715.7164,714.6484,714.853,15047.0
2026-03-24 12:35:00,714.7582,714.8978,713.5006,714.0096,18731.0
2026-03-24 12:40:00,714.2791,716.2154,714.2093,716.2154,10959.0
2026-03-24 12:45:00,716.2254,717.6926,715.8551,716.0058,15360.0
2026-03-24 12:50:00,715.8162,717.0339,715.8062,716.0807,11023.0
2026-03-24 12:55:00,716.2354,716.7544,715.1774,716.2154,11676.0
2026-03-24 13:00:00,716.0957,716.7943,714.3589,714.3789,27148.0
2026-03-24 13:05:00,714.3589,714.5884,711.7439,711.8337,30767.0
2026-03-24 13:10:00,711.8337,712.8817,711.17,711.674,8626.0
2026-03-24 13:15:00,711.664,712.2679,710.6559,711.2997,12080.0
2026-03-24 13:20:00,710.8156,712.1831,710.7059,712.0483,10623.0
2026-03-24 13:25:00,711.7139,712.6422,711.3546,712.4675,7391.0
2026-03-24 13:30:00,712.3128,713.1712,710.9853,710.9853,10944.0
2026-03-24 13:35:00,711.4774,712.2729,710.3964,711.8637,9350.0
2026-03-24 13:40:00,712.1032,712.8867,710.6559,711.0352,12236.0
2026-03-24 13:45:00,710.7358,712.5524,710.4164,712.5524,9744.0
2026-03-24 13:50:00,712.4276,714.2442,711.7539,713.4956,34523.0
2026-03-24 13:55:00,713.2461,716.0657,712.8149,715.8062,18857.0
2026-03-24 14:00:00,716.2653,716.8442,714.6684,714.9977,8927.0
2026-03-24 14:05:00,715.11,715.6465,714.7382,715.2373,12069.0
2026-03-24 14:10:00,715.2373,715.7164,714.339,714.7033,14355.0
2026-03-24 14:15:00,715.0377,715.0975,713.9098,714.7332,16107.0
2026-03-24 14:20:00,714.8081,715.4419,714.1494,715.362,9260.0
2026-03-24 14:25:00,715.4419,716.954,715.2722,715.896,11909.0
2026-03-24 14:30:00,716.7195,717.6427,716.2055,716.5398,10162.0
2026-03-24 14:35:00,716.4749,719.0601,716.4749,718.6408,12525.0
2026-03-24 14:40:00,718.9004,719.1399,717.1337,717.4132,16861.0
2026-03-24 14:45:00,717.2096,718.6408,717.2096,718.6309,7915.0
2026-03-24 14:50:00,718.3863,719.639,718.3863,718.7007,22582.0
2026-03-24 14:55:00,718.8205,718.8205,717.5529,717.8973,8935.0
2026-03-24 15:00:00,718.1218,718.8604,717.8972,718.3863,13162.0
2026-03-24 15:05:00,718.1917,719.2647,718.0819,718.9602,11074.0
2026-03-24 15:10:00,719.1,719.7887,719.1,719.4144,17432.0
2026-03-24 15:15:00,719.1599,719.4892,717.4532,717.9972,15496.0
2026-03-24 15:20:00,717.9472,718.4911,717.5928,718.2516,11073.0
2026-03-24 15:25:00,718.4861,718.4861,716.9041,717.0139,15639.0
2026-03-24 15:30:00,716.8943,717.3183,716.2753,716.4949,22910.0
2026-03-24 15:35:00,716.6746,716.6746,715.3521,715.6465,15694.0
2026-03-24 15:40:00,715.6964,715.9659,715.397,715.4818,23867.0
2026-03-24 15:45:00,715.6765,716.6147,715.5068,716.43,44079.0
2026-03-24 15:50:00,716.2354,716.4849,714.4188,714.7183,43720.0
2026-03-24 15:55:00,714.868,715.5367,714.4787,715.2772,121134.0
2026-03-25 09:30:00,725.8772,727.9732,721.6352,723.1723,96562.0
2026-03-25 09:35:00,723.2072,724.37,722.1442,722.6533,40602.0
2026-03-25 09:40:00,722.4736,725.3581,718.6408,719.1349,49995.0
2026-03-25 09:45:00,719.1349,722.1243,718.6408,720.9764,22885.0
2026-03-25 09:50:00,721.0763,721.0763,716.7145,717.0339,32708.0
2026-03-25 09:55:00,716.6546,719.9584,716.6446,717.7425,22677.0
2026-03-25 10:00:00,717.9122,722.3538,715.6465,719.3695,37600.0
2026-03-25 10:05:00,719.2796,722.803,718.8505,722.5435,15518.0
2026-03-25 10:10:00,722.0843,723.3413,720.8167,723.3413,20398.0
2026-03-25 10:15:00,722.7431,723.4218,721.4256,722.4786,26104.0
2026-03-25 10:20:00,722.7131,724.5996,720.0182,720.4674,28963.0
2026-03-25 10:25:00,720.9165,723.3519,719.9384,720.4624,20924.0
2026-03-25 10:30:00,720.4624,722.4736,720.2877,722.4736,11360.0
2026-03-25 10:35:00,722.6333,723.5615,722.0294,722.7631,15533.0
2026-03-25 10:40:00,722.4037,724.6295,722.1143,724.4499,15745.0
2026-03-25 10:45:00,724.4598,725.1635,723.9109,724.8042,35345.0
2026-03-25 10:50:00,724.8192,726.8753,724.5397,725.9919,30410.0
2026-03-25 10:55:00,725.9969,726.3263,724.6499,725.1485,20348.0
2026-03-25 11:00:00,725.3581,725.8971,724.0406,724.6495,12640.0
2026-03-25 11:05:00,724.6495,724.6495,722.6632,723.0425,13305.0
2026-03-25 11:10:00,723.2721,724.0506,722.6333,723.9508,12608.0
2026-03-25 11:15:00,723.831,724.0007,718.8804,720.6071,29131.0
2026-03-25 11:20:00,720.4176,722.8629,720.4176,722.4736,20026.0
2026-03-25 11:25:00,722.3638,723.4717,721.5246,723.1573,15516.0
2026-03-25 11:30:00,723.302,723.9109,722.7731,723.1324,15637.0
2026-03-25 11:35:00,722.8728,722.8728,719.3795,720.2179,15545.0
2026-03-25 11:40:00,720.128,722.1142,719.8186,721.3757,10377.0
2026-03-25 11:45:00,721.3757,722.3338,721.2559,721.4905,13835.0
2026-03-25 11:50:00,721.2923,722.3339,721.1961,722.1243,11638.0
2026-03-25 11:55:00,721.7749,722.6333,721.2509,721.9995,8259.0
2026-03-25 12:00:00,721.6851,721.9646,719.9084,719.9983,11171.0
2026-03-25 12:05:00,719.9084,720.168,718.7507,719.7887,12968.0
2026-03-25 12:10:00,719.4393,719.7288,718.9902,719.1299,9659.0
2026-03-25 12:15:00,718.9902,719.2697,717.6427,717.6926,16958.0
2026-03-25 12:20:00,717.7725,719.8885,717.1636,719.8885,13704.0
2026-03-25 12:25:00,719.7388,720.4674,718.9503,719.2148,12030.0
2026-03-25 12:30:00,719.4992,720.7768,718.8505,720.5722,8435.0
2026-03-25 12:35:00,720.5672,720.9864,720.2878,720.5872,12056.0
2026-03-25 12:40:00,720.5872,721.2559,720.3476,720.3676,9428.0
2026-03-25 12:45:00,720.128,720.2678,719.1299,719.614,13395.0
2026-03-25 12:50:00,719.609,720.4474,719.08,720.4474,7485.0
2026-03-25 12:55:00,720.5872,720.5872,719.7987,720.2478,6567.0
2026-03-25 13:00:00,720.2478,721.5454,719.4294,720.3909,16501.0
2026-03-25 13:05:00,719.7288,720.1131,719.09,719.7687,9109.0
2026-03-25 13:10:00,719.4992,719.9833,719.2896,719.4094,9331.0
2026-03-25 13:15:00,718.9303,719.4593,718.4213,719.3046,14285.0
2026-03-25 13:20:00,719.3046,719.7987,718.8205,719.1797,8760.0
2026-03-25 13:25:00,719.1599,720.138,718.9602,720.1235,7008.0
2026-03-25 13:30:00,719.7188,720.4175,719.2697,719.9983,9698.0
2026-03-25 13:35:00,720.1829,721.2659,720.1829,721.216,12545.0
2026-03-25 13:40:00,721.1162,722.7631,721.0363,721.3259,12239.0
2026-03-25 13:45:00,721.4755,721.4755,719.9284,720.168,8539.0
2026-03-25 13:50:00,720.2079,721.3158,719.0401,719.2697,9926.0
2026-03-25 13:55:00,719.1698,721.3308,718.8904,720.168,8307.0
2026-03-25 14:00:00,720.1979,721.4056,719.639,720.8068,7798.0
2026-03-25 14:05:00,720.7509,721.2858,720.7319,721.1661,5861.0
2026-03-25 14:10:00,721.211,722.0117,721.0962,721.3956,7594.0
2026-03-25 14:15:00,721.5354,722.3588,721.3358,721.9646,12240.0
2026-03-25 14:20:00,722.0843,722.5435,721.6052,721.8198,7874.0
2026-03-25 14:25:00,721.735,721.8448,720.5472,721.0114,9699.0
2026-03-25 14:30:00,721.1761,722.2041,721.0962,722.1824,7358.0
2026-03-25 14:35:00,722.0544,722.1143,720.9565,721.2759,8951.0
2026-03-25 14:40:00,721.2559,721.2758,720.2478,721.2758,10053.0
2026-03-25 14:45:00,720.657,720.7668,719.8507,720.168,10086.0
2026-03-25 14:50:00,720.1779,720.4724,719.8885,720.4724,10827.0
2026-03-25 14:55:00,720.4724,720.4724,717.8124,718.9602,21013.0
2026-03-25 15:00:00,718.5909,719.0201,717.7825,718.0609,14150.0
2026-03-25 15:05:00,718.2416,718.8205,718.0619,718.7806,11387.0
2026-03-25 15:10:00,718.8704,719.639,718.561,719.5092,10162.0
2026-03-25 15:15:00,719.3894,720.2079,719.1698,719.7388,14670.0
2026-03-25 15:20:00,719.5591,720.0482,719.1698,719.7787,12016.0
2026-03-25 15:25:00,719.629,719.9883,718.8005,718.8005,14444.0
2026-03-25 15:30:00,718.7906,718.7906,717.7625,717.8723,14475.0
2026-03-25 15:35:00,717.9022,717.9022,716.7844,717.4032,14581.0
2026-03-25 15:40:00,717.3333,718.3464,717.1936,717.2135,23890.0
2026-03-25 15:45:00,717.0738,717.9771,717.0738,717.6627,20906.0
2026-03-25 15:50:00,717.7326,719.1299,717.7326,718.551,37506.0
2026-03-25 15:55:00,718.4911,719.3994,716.954,717.5529,77643.0
2026-03-26 09:30:00,708.7296,712.3328,705.7153,707.3472,51913.0
2026-03-26 09:35:00,707.961,708.1906,704.0784,706.5138,20955.0
2026-03-26 09:40:00,707.252,710.9454,704.4876,710.9454,25614.0
2026-03-26 09:45:00,711.1849,714.2191,710.7657,712.702,33759.0
2026-03-26 09:50:00,712.4026,713.6503,709.5131,710.8456,33974.0
2026-03-26 09:55:00,711.176,712.6522,709.049,712.0109,24060.0
2026-03-26 10:00:00,711.3746,712.1332,709.6578,710.8156,21987.0
2026-03-26 10:05:00,710.606,712.2429,709.9772,710.606,23506.0
2026-03-26 10:10:00,711.165,712.0284,706.6835,711.8437,26799.0
2026-03-26 10:15:00,712.0284,714.6384,711.5443,712.1631,50845.0
2026-03-26 10:20:00,712.3527,712.6322,711.2423,712.0333,15769.0
2026-03-26 10:25:00,711.5642,713.8,711.5642,712.7919,14818.0
2026-03-26 10:30:00,712.9816,716.6147,712.9816,716.0657,20722.0
2026-03-26 10:35:00,716.1705,716.4749,712.2929,712.759,18212.0
2026-03-26 10:40:00,713.6004,715.5617,708.2954,709.2786,26076.0
2026-03-26 10:45:00,709.019,709.6678,704.5974,706.9629,17440.0
2026-03-26 10:50:00,707.1675,707.7713,702.6711,702.6711,25862.0
2026-03-26 10:55:00,701.7129,704.8083,701.4633,704.7072,22908.0
2026-03-26 11:00:00,705.0466,707.9461,705.0466,707.7465,17587.0
2026-03-26 11:05:00,707.8013,709.6029,706.9829,707.0528,13340.0
2026-03-26 11:10:00,707.3871,709.0091,707.1199,708.3154,10945.0
2026-03-26 11:15:00,708.3104,709.0113,705.9299,706.5687,15647.0
2026-03-26 11:20:00,706.5637,707.482,705.2861,706.6835,12426.0
2026-03-26 11:25:00,706.0147,706.953,705.6155,706.4838,9701.0
2026-03-26 11:30:00,706.2543,706.5038,704.4277,705.9299,14709.0
2026-03-26 11:35:00,705.9299,706.8541,705.0066,706.3341,144161.0
2026-03-26 11:40:00,706.1047,706.414,703.6692,703.9486,17543.0
2026-03-26 11:45:00,703.9087,704.6673,700.4153,703.4196,21317.0
2026-03-26 11:50:00,702.9705,706.1944,702.9605,705.7602,11392.0
2026-03-26 11:55:00,706.0547,706.4539,705.0765,706.1944,18109.0
2026-03-26 12:00:00,705.8151,707.0927,705.2462,706.1145,17127.0
2026-03-26 12:05:00,706.0447,707.8113,705.7053,707.4021,16224.0
2026-03-26 12:10:00,707.5368,708.1109,706.8132,708.1109,11680.0
2026-03-26 12:15:00,707.8662,707.8662,704.9168,705.3809,12839.0
2026-03-26 12:20:00,705.3809,705.4059,703.1901,704.792,13627.0
2026-03-26 12:25:00,704.787,704.792,703.2999,703.9935,15225.0
2026-03-26 12:30:00,703.7889,703.7889,701.3635,702.0522,33937.0
2026-03-26 12:35:00,701.9724,702.6473,700.0162,700.046,23236.0
2026-03-26 12:40:00,700.0161,700.9244,698.9681,699.9362,23223.0
2026-03-26 12:45:00,699.9362,700.0859,695.1153,696.0835,18899.0
2026-03-26 12:50:00,695.7841,699.1777,695.7042,699.1777,12038.0
2026-03-26 12:55:00,699.3673,700.7746,699.0279,700.5351,11642.0
2026-03-26 13:00:00,700.5351,701.3236,700.2257,700.6748,10527.0
2026-03-26 13:05:00,700.8345,701.8726,700.3754,701.8726,11331.0
2026-03-26 13:10:00,701.4833,703.2999,701.3436,702.152,11623.0
2026-03-26 13:15:00,702.1021,702.706,701.3785,701.6132,10981.0
2026-03-26 13:20:00,701.9724,702.1421,700.5251,700.585,12532.0
2026-03-26 13:25:00,700.3954,700.9044,699.3274,700.8445,22254.0
2026-03-26 13:30:00,700.8944,702.7759,700.5551,702.7759,9962.0
2026-03-26 13:35:00,703.23,703.8688,702.701,703.3398,16638.0
2026-03-26 13:40:00,703.3298,703.3298,701.7228,701.9025,16708.0
2026-03-26 13:45:00,702.2618,702.7009,701.6729,701.7628,9336.0
2026-03-26 13:50:00,701.4134,702.0522,700.6149,700.7647,12085.0
2026-03-26 13:55:00,700.7547,700.9743,699.7665,699.9462,12586.0
2026-03-26 14:00:00,700.2856,702.0422,700.2706,701.2837,17491.0
2026-03-26 14:05:00,701.2887,701.5432,700.2856,701.2437,10430.0
2026-03-26 14:10:00,701.2737,701.6829,700.5351,701.4733,11485.0
2026-03-26 14:15:00,701.3835,701.4627,699.8464,699.9562,16831.0
2026-03-26 14:20:00,699.8664,701.4983,699.8564,701.4733,19906.0
2026-03-26 14:25:00,701.5831,703.0903,701.5831,701.7328,23033.0
2026-03-26 14:30:00,701.9225,703.1901,701.7476,702.0572,13818.0
2026-03-26 14:35:00,701.9125,702.6511,701.8127,702.6012,15269.0
2026-03-26 14:40:00,702.3217,702.7559,701.9025,702.701,10855.0
2026-03-26 14:45:00,702.7759,703.1999,701.9624,703.0004,12724.0
2026-03-26 14:50:00,702.9904,703.3797,702.4814,702.716,14560.0
2026-03-26 14:55:00,702.711,702.711,701.4334,701.6929,15876.0
2026-03-26 15:00:00,701.653,701.9225,700.4952,700.6449,16719.0
2026-03-26 15:05:00,700.6449,700.8046,698.9681,699.008,18658.0
2026-03-26 15:10:00,698.9631,700.1159,697.3212,700.056,32758.0
2026-03-26 15:15:00,699.8464,702.1321,699.6767,701.8027,20437.0
2026-03-26 15:20:00,701.8925,701.9824,700.6549,701.3136,20718.0
2026-03-26 15:25:00,701.2487,701.4733,700.5151,701.0058,15106.0
2026-03-26 15:30:00,701.1839,701.1839,699.4172,700.3255,19888.0
2026-03-26 15:35:00,700.5351,701.9923,700.5301,701.1002,21020.0
2026-03-26 15:40:00,701.1539,702.0921,699.6667,699.9961,21413.0
2026-03-26 15:45:00,699.9362,700.4303,698.9581,699.3274,37750.0
2026-03-26 15:50:00,699.6867,700.4503,699.1777,699.7448,51366.0
2026-03-26 15:55:00,699.7466,701.9524,699.547,701.7328,207191.0
2026-03-27 09:30:00,693.159,698.489,692.6899,697.2313,78278.0
2026-03-27 09:35:00,697.1315,698.8283,693.8078,698.8283,36466.0
2026-03-27 09:40:00,698.8283,698.8283,694.9956,697.3311,34950.0
2026-03-27 09:45:00,697.5358,701.0341,697.5358,700.5201,31882.0
2026-03-27 09:50:00,700.5201,700.8146,695.7841,696.2183,26992.0
2026-03-27 09:55:00,695.6843,696.3031,693.169,695.5096,32976.0
2026-03-27 10:00:00,695.0954,697.4859,694.0973,696.4628,23058.0
2026-03-27 10:05:00,696.8421,700.4053,695.6543,700.041,25453.0
2026-03-27 10:10:00,700.0959,701.643,698.3193,699.0679,19603.0
2026-03-27 10:15:00,699.507,702.3162,698.6188,701.6729,18957.0
2026-03-27 10:20:00,701.6929,702.0732,698.3592,698.8583,18447.0
2026-03-27 10:25:00,698.8383,699.6368,697.0217,698.3392,12056.0
2026-03-27 10:30:00,698.2993,699.6766,697.9699,698.7934,11230.0
2026-03-27 10:35:00,698.8782,699.0778,695.7942,696.1234,32286.0
2026-03-27 10:40:00,696.4428,697.5747,696.1334,696.9219,7256.0
2026-03-27 10:45:00,697.0417,700.585,695.9038,700.0111,19851.0
2026-03-27 10:50:00,700.0161,701.2238,699.4382,699.8564,11781.0
2026-03-27 10:55:00,700.1209,701.1539,699.527,699.9961,12574.0
2026-03-27 11:00:00,700.0909,702.5313,699.3374,702.0622,14729.0
2026-03-27 11:05:00,701.7328,702.152,699.7366,700.3554,15927.0
2026-03-27 11:10:00,700.4752,701.3086,699.5669,700.6149,7795.0
2026-03-27 11:15:00,700.3355,701.1639,699.7366,699.8664,9055.0
2026-03-27 11:20:00,700.1558,704.6673,699.8066,701.1639,19592.0
2026-03-27 11:25:00,700.9443,704.0834,700.9443,703.5294,14961.0
2026-03-27 11:30:00,703.5594,706.6534,703.1402,706.1844,16695.0
2026-03-27 11:35:00,706.374,707.0228,705.6554,705.895,18891.0
2026-03-27 11:40:00,705.9748,706.0746,705.0865,705.2362,9253.0
2026-03-27 11:45:00,705.2362,705.8151,705.0366,705.4957,7320.0
2026-03-27 11:50:00,705.7353,706.2443,704.5774,705.0301,12139.0
2026-03-27 11:55:00,704.8769,705.4159,702.9605,703.2899,9021.0
2026-03-27 12:00:00,703.1951,703.3448,701.9225,701.9724,10228.0
2026-03-27 12:05:00,702.0223,702.0223,700.3454,700.4852,11110.0
2026-03-27 12:10:00,700.1858,700.7547,699.7965,700.4103,12893.0
2026-03-27 12:15:00,700.6549,701.054,699.248,700.3754,15389.0
2026-03-27 12:20:00,700.565,701.1839,700.3754,700.3754,8530.0
2026-03-27 12:25:00,700.056,700.9643,699.6667,700.2057,6953.0
2026-03-27 12:30:00,700.1658,700.2307,699.3473,699.7665,9307.0
2026-03-27 12:35:00,699.7665,700.5451,699.4173,699.6518,14148.0
2026-03-27 12:40:00,699.3374,700.9643,699.2775,700.6948,7907.0
2026-03-27 12:45:00,700.6748,703.0503,700.3055,702.5413,14062.0
2026-03-27 12:50:00,702.7659,703.9087,701.1639,701.4234,17567.0
2026-03-27 12:55:00,701.4134,701.643,700.9144,701.0143,5798.0
2026-03-27 13:00:00,701.2437,701.3257,699.0055,700.031,22971.0
2026-03-27 13:05:00,700.3854,702.9505,699.8664,702.0921,25594.0
2026-03-27 13:10:00,701.3236,702.0023,701.089,702.0023,7734.0
2026-03-27 13:15:00,701.653,701.653,699.9562,700.6549,10340.0
2026-03-27 13:20:00,700.4153,700.4153,699.008,699.2176,9102.0
2026-03-27 13:25:00,699.2176,699.2176,697.0927,697.4859,12891.0
2026-03-27 13:30:00,697.5996,697.7803,696.2232,696.2232,16705.0
2026-03-27 13:35:00,696.2881,696.7972,695.5146,695.5345,19592.0
2026-03-27 13:40:00,695.5645,696.0835,694.6961,695.1253,17887.0
2026-03-27 13:45:00,695.1203,695.6393,694.7261,695.5296,11598.0
2026-03-27 13:50:00,695.4148,695.5845,694.4865,695.1553,12851.0
2026-03-27 13:55:00,695.2551,695.289,694.0274,694.5165,21019.0
2026-03-27 14:00:00,694.5265,695.0545,694.3867,695.0455,11622.0
2026-03-27 14:05:00,694.8958,695.5845,694.6263,695.1253,12010.0
2026-03-27 14:10:00,694.9357,694.9656,693.6282,693.8677,13431.0
2026-03-27 14:15:00,693.9376,695.3649,693.728,695.2651,11617.0
2026-03-27 14:20:00,695.3449,695.4747,693.2788,693.2788,16769.0
2026-03-27 14:25:00,693.4934,694.5265,693.0992,694.1671,14727.0
2026-03-27 14:30:00,694.0474,694.4466,693.688,694.262,10630.0
2026-03-27 14:35:00,694.0973,695.1802,694.0374,695.0355,11288.0
2026-03-27 14:40:00,695.1203,696.1883,694.1172,694.4567,21705.0
2026-03-27 14:45:00,694.7959,695.5246,694.5265,695.3499,18977.0
2026-03-27 14:50:00,695.4397,695.8689,695.2651,695.6443,12532.0
2026-03-27 14:55:00,695.809,696.0635,695.305,696.0635,14689.0
2026-03-27 15:00:00,696.0835,696.3231,694.4009,694.4765,14017.0
2026-03-27 15:05:00,694.4416,695.2551,694.2669,694.8209,19176.0
2026-03-27 15:10:00,694.6362,694.9856,693.9675,694.7261,14415.0
2026-03-27 15:15:00,694.7161,695.6893,694.4266,695.1853,18378.0
2026-03-27 15:20:00,695.1952,695.2152,694.0474,694.4765,20662.0
2026-03-27 15:25:00,694.3568,694.3568,693.7978,694.0474,16467.0
2026-03-27 15:30:00,693.9675,694.9157,693.8178,694.9157,23395.0
2026-03-27 15:35:00,694.8508,695.0654,692.9792,693.5184,29360.0
2026-03-27 15:40:00,693.3587,693.5562,692.0711,692.131,35696.0
2026-03-27 15:45:00,692.2907,692.6899,691.0231,692.5003,77986.0
2026-03-27 15:50:00,692.5003,692.9395,691.2127,692.64,48771.0
2026-03-27 15:55:00,692.8995,694.6762,692.8995,693.728,151705.0
2026-03-30 09:30:00,700.8844,701.663,696.3829,697.406,71150.0
2026-03-30 09:35:00,697.406,698.8483,688.8472,689.0169,28912.0
2026-03-30 09:40:00,688.8472,691.3119,684.2858,687.8291,65077.0
2026-03-30 09:45:00,687.7594,689.3063,677.7482,681.4412,64845.0
2026-03-30 09:50:00,681.2116,684.7949,678.9858,679.3102,34817.0
2026-03-30 09:55:00,679.3102,680.6627,673.3864,675.8667,71771.0
2026-03-30 10:00:00,676.2211,679.7045,676.1812,678.7164,51980.0
2026-03-30 10:05:00,678.7164,680.7026,677.6683,680.3732,20699.0
2026-03-30 10:10:00,680.3533,685.214,679.8243,684.0612,21093.0
2026-03-30 10:15:00,684.3457,684.4555,679.3352,680.3533,28962.0
2026-03-30 10:20:00,680.3133,681.7007,676.9687,677.3839,22444.0
2026-03-30 10:25:00,677.7582,678.5367,675.1082,677.1693,24526.0
2026-03-30 10:30:00,676.7601,679.9241,674.7139,675.4925,26270.0
2026-03-30 10:35:00,675.752,677.9278,672.8275,677.324,21042.0
2026-03-30 10:40:00,677.6284,678.0476,670.5718,670.5718,22372.0
2026-03-30 10:45:00,671.0783,675.8917,667.827,673.8256,51915.0
2026-03-30 10:50:00,673.8855,675.193,672.5879,674.2099,20970.0
2026-03-30 10:55:00,674.2049,676.1063,672.7776,675.6172,31394.0
2026-03-30 11:00:00,676.1113,678.1774,674.654,675.4425,39944.0
2026-03-30 11:05:00,675.6821,675.9216,673.5761,673.8956,38082.0
2026-03-30 11:10:00,673.9604,677.1094,673.9604,676.0015,8643.0
2026-03-30 11:15:00,675.9017,675.9017,671.7795,674.0053,23893.0
2026-03-30 11:20:00,673.9454,675.757,672.9572,675.0583,17510.0
2026-03-30 11:25:00,675.3028,675.7744,674.0352,674.2348,14925.0
2026-03-30 11:30:00,674.2448,678.1175,673.7358,678.1175,20900.0
2026-03-30 11:35:00,678.1874,679.0956,676.6802,677.0795,29045.0
2026-03-30 11:40:00,676.4906,678.5866,676.0629,678.3221,18369.0
2026-03-30 11:45:00,678.4968,678.7463,676.7151,678.2672,15605.0
2026-03-30 11:50:00,678.2173,679.385,677.7182,678.7812,10628.0
2026-03-30 11:55:00,678.7563,678.9787,676.7201,677.0944,17268.0
2026-03-30 12:00:00,677.4686,677.4686,671.9433,672.7277,23183.0
2026-03-30 12:05:00,672.1089,675.0882,672.1089,673.2667,11531.0
2026-03-30 12:10:00,673.2467,673.7208,671.7495,673.7158,15316.0
2026-03-30 12:15:00,673.2667,674.3396,672.7277,674.3396,12428.0
2026-03-30 12:20:00,674.2699,675.0134,670.0528,670.9261,19346.0
2026-03-30 12:25:00,670.6042,671.2305,669.2942,670.7015,14410.0
2026-03-30 12:30:00,670.5518,672.659,670.2324,670.4819,21716.0
2026-03-30 12:35:00,670.1076,672.2386,669.2343,672.0689,12597.0
2026-03-30 12:40:00,671.4601,672.7926,671.4601,672.014,12730.0
2026-03-30 12:45:00,671.4601,672.3783,671.1028,672.291,13734.0
2026-03-30 12:50:00,672.3434,672.8325,671.3104,671.3104,25443.0
2026-03-30 12:55:00,671.3104,671.5599,669.5237,670.4121,11363.0
2026-03-30 13:00:00,670.3721,671.7994,670.2125,671.0309,16811.0
2026-03-30 13:05:00,671.0109,671.4601,669.6935,670.8912,38290.0
2026-03-30 13:10:00,671.0808,671.3004,668.306,668.9049,18329.0
2026-03-30 13:15:00,668.8849,669.3141,665.9904,666.5593,27869.0
2026-03-30 13:20:00,666.6542,667.8569,666.0004,666.4446,14311.0
2026-03-30 13:25:00,666.4446,668.0743,666.4446,666.9037,12295.0
2026-03-30 13:30:00,666.6791,667.0484,665.0722,665.5213,19001.0
2026-03-30 13:35:00,665.5513,668.1264,665.5413,667.253,18773.0
2026-03-30 13:40:00,667.3672,668.1763,666.729,667.1882,11303.0
2026-03-30 13:45:00,667.4077,668.9249,666.4845,666.9486,25768.0
2026-03-30 13:50:00,666.9786,668.0166,666.2499,667.6173,18300.0
2026-03-30 13:55:00,667.6074,668.7253,667.2381,668.6155,19552.0
2026-03-30 14:00:00,668.6155,669.4539,668.1963,668.346,14342.0
2026-03-30 14:05:00,668.2561,668.4657,666.6891,667.1183,13170.0
2026-03-30 14:10:00,667.1882,669.9929,667.1882,669.8731,15085.0
2026-03-30 14:15:00,669.8232,670.2324,667.9367,668.865,13836.0
2026-03-30 14:20:00,669.1195,670.2923,668.1864,668.5105,17986.0
2026-03-30 14:25:00,668.1863,668.5256,667.258,667.4776,17083.0
2026-03-30 14:30:00,667.5874,669.1445,667.4576,668.346,19245.0
2026-03-30 14:35:00,668.4558,669.3291,667.448,667.827,18232.0
2026-03-30 14:40:00,667.827,668.7452,667.817,668.4508,17662.0
2026-03-30 14:45:00,668.4458,669.3704,668.1563,669.3704,16038.0
2026-03-30 14:50:00,669.1395,669.1395,667.4976,667.7671,13919.0
2026-03-30 14:55:00,667.7271,667.9767,666.7989,667.3578,12753.0
2026-03-30 15:00:00,667.5375,668.0565,666.24,666.4995,19802.0
2026-03-30 15:05:00,666.2499,666.8987,665.132,665.2119,27659.0
2026-03-30 15:10:00,665.2967,666.3198,664.6829,665.182,35028.0
2026-03-30 15:15:00,665.5313,666.6392,665.0322,665.2937,22626.0
2026-03-30 15:20:00,665.4614,665.6211,663.9343,665.2219,19471.0
2026-03-30 15:25:00,665.0123,665.3217,663.3155,664.2837,32615.0
2026-03-30 15:30:00,664.4433,665.3117,663.9243,664.4833,32219.0
2026-03-30 15:35:00,664.6205,666.0054,664.2188,664.6829,33666.0
2026-03-30 15:40:00,664.3635,666.729,664.3635,665.691,31877.0
2026-03-30 15:45:00,665.4664,666.6192,665.4315,665.696,36036.0
2026-03-30 15:50:00,665.8207,667.4477,665.4914,667.2081,77430.0
2026-03-30 15:55:00,667.2381,668.0565,665.8457,666.4096,158112.0
2026-03-31 09:30:00,678.7164,682.1199,670.7315,682.1199,96565.0
2026-03-31 09:35:00,682.0201,683.1879,677.2292,682.0351,51194.0
2026-03-31 09:40:00,681.9003,685.733,680.7425,683.0781,35802.0
2026-03-31 09:45:00,683.4175,686.5216,682.6988,685.9876,30288.0
2026-03-31 09:50:00,685.8229,688.448,684.2061,688.0337,27661.0
2026-03-31 09:55:00,687.3201,690.3693,687.2003,689.6856,35551.0
2026-03-31 10:00:00,689.5359,691.1528,688.1585,690.0948,40715.0
2026-03-31 10:05:00,690.4741,691.1528,685.3139,685.7181,35879.0
2026-03-31 10:10:00,686.0325,688.6974,685.5236,687.9289,18497.0
2026-03-31 10:15:00,687.5247,689.3363,686.9907,688.0986,26984.0
2026-03-31 10:20:00,688.0986,689.3263,686.6114,688.3332,30738.0
2026-03-31 10:25:00,688.3781,691.1429,687.2502,690.3344,16476.0
2026-03-31 10:30:00,690.5639,691.2726,689.2864,690.3194,30924.0
2026-03-31 10:35:00,690.2595,690.2595,687.2502,688.2932,19448.0
2026-03-31 10:40:00,688.4529,689.2065,685.7131,687.0007,20883.0
2026-03-31 10:45:00,686.8859,687.8491,684.4955,684.745,34912.0
2026-03-31 10:50:00,684.4954,687.2802,683.7269,687.2802,25164.0
2026-03-31 10:55:00,686.7711,687.1304,683.9165,686.5366,19260.0
2026-03-31 11:00:00,686.9707,689.0368,686.9707,688.3282,16312.0
2026-03-31 11:05:00,688.4979,691.4196,688.0986,690.3344,23951.0
2026-03-31 11:10:00,690.4741,692.4703,689.8753,692.1959,17170.0
2026-03-31 11:15:00,692.3306,692.4504,689.9801,690.005,17126.0
2026-03-31 11:20:00,689.6956,689.703,687.869,689.1106,19546.0
2026-03-31 11:25:00,689.2315,689.7555,686.4418,687.0107,15043.0
2026-03-31 11:30:00,686.841,687.1105,685.5834,686.312,13183.0
2026-03-31 11:35:00,686.0924,687.6694,685.7431,686.2122,11054.0
2026-03-31 11:40:00,686.1223,686.9308,684.9346,686.6264,14025.0
2026-03-31 11:45:00,686.6214,686.7262,685.3438,686.1822,14622.0
2026-03-31 11:50:00,686.1822,686.6913,684.705,685.1492,14211.0
2026-03-31 11:55:00,685.7639,685.9226,683.4374,684.3557,25869.0
2026-03-31 12:00:00,684.166,685.9527,683.9864,684.6718,18522.0
2026-03-31 12:05:00,684.8448,686.1174,684.745,686.0425,15306.0
2026-03-31 12:10:00,685.8429,685.8578,684.1211,685.4436,7379.0
2026-03-31 12:15:00,684.9905,686.8011,684.8948,686.282,13139.0
2026-03-31 12:20:00,686.1074,687.5546,685.2323,687.5546,12834.0
2026-03-31 12:25:00,687.5746,688.3082,686.851,687.0656,5703.0
2026-03-31 12:30:00,687.2502,687.4099,686.5116,687.4099,9497.0
2026-03-31 12:35:00,687.37,691.9014,686.8809,691.9014,16751.0
2026-03-31 12:40:00,692.111,704.6673,691.7916,699.4122,99501.0
2026-03-31 12:45:00,698.8682,699.4521,692.7399,694.2869,31502.0
2026-03-31 12:50:00,694.5963,697.2363,693.6381,695.305,23536.0
2026-03-31 12:55:00,694.9057,695.5045,693.4086,695.1952,10859.0
2026-03-31 13:00:00,695.1453,698.4391,695.1453,698.3293,15444.0
2026-03-31 13:05:00,697.6805,697.7204,695.1852,695.9238,25254.0
2026-03-31 13:10:00,695.7242,697.6905,695.3581,697.6905,13000.0
2026-03-31 13:15:00,697.6905,699.8464,697.0766,698.9281,26693.0
2026-03-31 13:20:00,699.0379,700.3854,698.3842,700.0161,22338.0
2026-03-31 13:25:00,700.0161,700.3155,698.8383,699.7466,22553.0
2026-03-31 13:30:00,699.6817,702.4115,699.6817,702.4115,21060.0
2026-03-31 13:35:00,702.4115,702.5313,699.3972,700.7647,30466.0
2026-03-31 13:40:00,700.4552,701.4633,699.334,700.5151,31186.0
2026-03-31 13:45:00,700.6449,701.6729,699.9562,701.3236,19552.0
2026-03-31 13:50:00,701.3236,702.0123,700.6998,701.3036,19968.0
2026-03-31 13:55:00,701.3136,701.3136,699.547,700.7148,21636.0
2026-03-31 14:00:00,700.6848,702.8657,700.6848,701.094,32139.0
2026-03-31 14:05:00,701.1988,701.9025,700.8455,701.6031,15696.0
2026-03-31 14:10:00,701.6031,702.172,701.0042,701.7528,19738.0
2026-03-31 14:15:00,701.8027,703.0813,701.4733,701.4733,19983.0
2026-03-31 14:20:00,702.0422,702.4215,701.2687,701.9524,18031.0
2026-03-31 14:25:00,701.663,701.7727,700.3155,701.1439,13575.0
2026-03-31 14:30:00,700.9842,701.6031,700.5451,701.4534,21206.0
2026-03-31 14:35:00,701.4633,703.9087,701.3236,703.3797,29714.0
2026-03-31 14:40:00,703.2599,703.3847,702.0522,703.0603,40651.0
2026-03-31 14:45:00,703.1901,703.759,702.7509,703.7191,31329.0
2026-03-31 14:50:00,703.779,705.2761,703.7241,704.4976,36914.0
2026-03-31 14:55:00,704.5176,705.7452,704.3778,704.827,27783.0
2026-03-31 15:00:00,704.837,706.0047,704.0386,705.2162,41274.0
2026-03-31 15:05:00,705.2212,705.865,704.9867,705.356,28701.0
2026-03-31 15:10:00,705.3061,706.4639,705.2861,706.399,34576.0
2026-03-31 15:15:00,706.394,707.3522,705.875,706.7833,40631.0
2026-03-31 15:20:00,706.6535,707.1825,706.1545,706.8482,28345.0
2026-03-31 15:25:00,706.9829,707.1626,706.3541,706.5936,26702.0
2026-03-31 15:30:00,706.8332,707.5518,706.1046,706.5437,28149.0
2026-03-31 15:35:00,706.4339,707.0777,706.3441,706.6635,39476.0
2026-03-31 15:40:00,706.8132,706.8132,704.3579,705.4458,43129.0
2026-03-31 15:45:00,705.2661,707.0428,704.8569,706.4788,43765.0
2026-03-31 15:50:00,706.6635,706.6635,704.283,705.2761,72114.0
2026-03-31 15:55:00,705.4658,707.432,704.7172,707.0627,190417.0
