datetime,open,high,low,close,volume
2026-03-02 09:30:00,1009.4433,1017.6514,1008.7743,1015.6193,111333.0
2026-03-02 09:35:00,1016.2134,1019.3389,1008.9391,1009.4732,55457.0
2026-03-02 09:40:00,1009.7363,1014.5259,1009.3609,1010.2179,35635.0
2026-03-02 09:45:00,1010.332,1012.3491,1006.7472,1006.7472,26233.0
2026-03-02 09:50:00,1007.1117,1007.6758,1002.8429,1006.3877,27294.0
2026-03-02 09:55:00,1007.2764,1008.3049,1004.7202,1005.539,19460.0
2026-03-02 10:00:00,1005.6987,1008.285,1004.2309,1007.1965,18888.0
2026-03-02 10:05:00,1007.1666,1011.001,1006.0083,1010.2022,16085.0
2026-03-02 10:10:00,1009.6929,1010.312,1007.5361,1007.8306,12541.0
2026-03-02 10:15:00,1008.275,1008.954,1006.5375,1007.2015,19579.0
2026-03-02 10:20:00,1007.5211,1009.2336,1006.2579,1009.0189,13495.0
2026-03-02 10:25:00,1009.0189,1010.302,1008.5347,1009.5232,20410.0
2026-03-02 10:30:00,1009.7079,1010.981,1008.6245,1010.5417,12693.0
2026-03-02 10:35:00,1010.5517,1011.0708,1007.5761,1009.7878,10061.0
2026-03-02 10:40:00,1009.7878,1010.8512,1008.7643,1010.6615,14616.0
2026-03-02 10:45:00,1010.6765,1010.7614,1006.9945,1007.9754,14667.0
2026-03-02 10:50:00,1007.7982,1008.3948,1006.5375,1006.7272,14865.0
2026-03-02 10:55:00,1006.7572,1007.6659,1005.9259,1006.9669,13588.0
2026-03-02 11:00:00,1007.4662,1007.5161,1006.1381,1007.1217,11253.0
2026-03-02 11:05:00,1007.1117,1007.8855,1006.0133,1007.7957,11545.0
2026-03-02 11:10:00,1007.546,1007.6459,1004.9498,1005.3492,13624.0
2026-03-02 11:15:00,1005.4441,1006.0183,1004.4406,1005.4241,12742.0
2026-03-02 11:20:00,1005.4291,1007.6459,1005.2903,1006.2529,17322.0
2026-03-02 11:25:00,1006.4876,1006.4876,1004.85,1004.85,14516.0
2026-03-02 11:30:00,1004.6902,1005.489,1003.9013,1004.7401,30572.0
2026-03-02 11:35:00,1005.3093,1005.9459,1004.7401,1005.0746,10387.0
2026-03-02 11:40:00,1005.0746,1006.8371,1004.9897,1006.3328,7733.0
2026-03-02 11:45:00,1006.8171,1008.4148,1006.5936,1006.7772,20086.0
2026-03-02 11:50:00,1007.0268,1007.3863,1006.168,1006.7073,20429.0
2026-03-02 11:55:00,1006.9219,1008.5146,1006.5475,1008.3049,9201.0
2026-03-02 12:00:00,1008.1851,1008.974,1007.5361,1008.929,11878.0
2026-03-02 12:05:00,1008.9291,1009.668,1007.9954,1008.2051,13831.0
2026-03-02 12:10:00,1008.2151,1008.964,1007.4162,1008.6744,5387.0
2026-03-02 12:15:00,1008.6744,1008.9939,1008.0952,1008.3648,4972.0
2026-03-02 12:20:00,1008.1152,1008.3648,1006.6274,1007.4612,7630.0
2026-03-02 12:25:00,1007.4562,1008.225,1006.7672,1006.862,7140.0
2026-03-02 12:30:00,1006.857,1007.0867,1006.2379,1006.5275,14680.0
2026-03-02 12:35:00,1006.8171,1007.576,1006.7172,1007.3613,9125.0
2026-03-02 12:40:00,1007.6459,1009.2236,1007.6459,1008.825,10098.0
2026-03-02 12:45:00,1009.0439,1009.5531,1007.8356,1008.0253,9515.0
2026-03-02 12:50:00,1007.9954,1009.0239,1007.6433,1009.0239,5080.0
2026-03-02 12:55:00,1008.6744,1008.7493,1007.8356,1008.7493,6626.0
2026-03-02 13:00:00,1008.6644,1008.8342,1007.8756,1008.3599,6750.0
2026-03-02 13:05:00,1008.3549,1008.4847,1007.1068,1007.3164,5167.0
2026-03-02 13:10:00,1007.1766,1007.5261,1006.0981,1006.192,6151.0
2026-03-02 13:15:00,1006.3977,1006.3977,1005.5889,1005.6688,8127.0
2026-03-02 13:20:00,1005.6688,1005.8485,1004.6303,1005.1295,10054.0
2026-03-02 13:25:00,1005.2793,1006.8371,1005.0796,1006.213,14799.0
2026-03-02 13:30:00,1006.1531,1006.2689,1004.2908,1004.4655,9747.0
2026-03-02 13:35:00,1004.4655,1004.5704,1003.7132,1004.4007,8754.0
2026-03-02 13:40:00,1004.7061,1004.7061,1003.5718,1003.7466,8561.0
2026-03-02 13:45:00,1003.7466,1004.7899,1002.785,1004.2408,16180.0
2026-03-02 13:50:00,1004.5404,1004.5604,1003.5419,1003.6417,6944.0
2026-03-02 13:55:00,1003.462,1004.161,1002.3037,1002.67,9787.0
2026-03-02 14:00:00,1002.5533,1003.3621,1001.9542,1003.1724,9887.0
2026-03-02 14:05:00,1003.5319,1004.5508,1002.9427,1004.5104,12584.0
2026-03-02 14:10:00,1004.5104,1005.474,1003.4819,1005.474,24270.0
2026-03-02 14:15:00,1005.5889,1005.6089,1004.191,1004.6852,14904.0
2026-03-02 14:20:00,1005.0397,1005.1994,1004.3008,1004.6381,8384.0
2026-03-02 14:25:00,1004.4955,1005.6288,1004.0411,1005.6238,11487.0
2026-03-02 14:30:00,1005.6238,1005.8285,1004.6053,1005.2843,7850.0
2026-03-02 14:35:00,1005.4191,1006.887,1005.4191,1005.8374,9894.0
2026-03-02 14:40:00,1005.9883,1006.3677,1005.6888,1006.3677,7646.0
2026-03-02 14:45:00,1006.3178,1006.4476,1005.3293,1005.3293,6708.0
2026-03-02 14:50:00,1005.489,1006.4776,1005.0796,1006.3328,7235.0
2026-03-02 14:55:00,1006.3328,1006.4227,1005.474,1005.6987,6661.0
2026-03-02 15:00:00,1005.7486,1006.1581,1005.3493,1005.8036,6105.0
2026-03-02 15:05:00,1005.8086,1006.3578,1003.5618,1003.5618,16603.0
2026-03-02 15:10:00,1003.5419,1003.7814,1002.743,1003.1924,12163.0
2026-03-02 15:15:00,1003.2073,1005.2294,1002.6531,1003.3921,16375.0
2026-03-02 15:20:00,1003.5768,1003.5768,1002.3186,1003.0126,13617.0
2026-03-02 15:25:00,1002.6681,1003.6717,1002.4035,1003.2772,12772.0
2026-03-02 15:30:00,1003.2772,1003.8614,1002.5832,1003.8115,12068.0
2026-03-02 15:35:00,1003.8115,1004.8,1003.8115,1004.6103,11493.0
2026-03-02 15:40:00,1004.6403,1005.0497,1003.6916,1004.3407,19099.0
2026-03-02 15:45:00,1004.4405,1004.82,1003.7216,1003.7515,22532.0
2026-03-02 15:50:00,1003.6417,1004.0212,1002.5133,1002.5832,37514.0
2026-03-02 15:55:00,1002.5433,1002.9927,1001.0355,1001.0455,137509.0
2026-03-03 09:30:00,1001.0854,1012.5288,1000.686,1008.8841,80278.0
2026-03-03 09:35:00,1008.2949,1012.9082,1006.5476,1011.1408,58319.0
2026-03-03 09:40:00,1011.3936,1012.6187,1003.7016,1003.9563,45162.0
2026-03-03 09:45:00,1004.131,1006.5375,1003.2623,1004.8364,35567.0
2026-03-03 09:50:00,1004.7151,1010.5815,1004.7151,1008.8392,27232.0
2026-03-03 09:55:00,1008.934,1009.9276,1005.1096,1008.0353,22032.0
2026-03-03 10:00:00,1007.6858,1012.2191,1006.0382,1006.5026,31951.0
2026-03-03 10:05:00,1006.6473,1008.1951,1002.5634,1003.3421,22135.0
2026-03-03 10:10:00,1003.2123,1006.9569,1002.5633,1005.0796,34944.0
2026-03-03 10:15:00,1005.3193,1005.4691,1002.9128,1003.1724,13256.0
2026-03-03 10:20:00,1003.5119,1004.5604,1000.7859,1004.5604,29143.0
2026-03-03 10:25:00,1004.9398,1006.887,1004.85,1006.1481,13763.0
2026-03-03 10:30:00,1006.1331,1006.8321,1004.1605,1005.9683,20920.0
2026-03-03 10:35:00,1005.9683,1006.6174,1002.9327,1004.151,29562.0
2026-03-03 10:40:00,1003.5919,1004.3806,1001.8843,1002.5327,12774.0
2026-03-03 10:45:00,1002.8029,1003.0925,999.1792,1000.5512,15032.0
2026-03-03 10:50:00,1000.4588,1002.6831,999.1782,1002.4834,14253.0
2026-03-03 10:55:00,1002.5233,1004.4904,1002.3086,1002.5383,18232.0
2026-03-03 11:00:00,1002.5383,1002.6531,1000.3066,1001.2602,12893.0
2026-03-03 11:05:00,1001.8144,1004.3057,1000.2067,1003.1374,24004.0
2026-03-03 11:10:00,1002.6432,1004.2908,1002.5433,1003.1225,10195.0
2026-03-03 11:15:00,1003.1324,1003.6317,1001.8593,1002.3835,12191.0
2026-03-03 11:20:00,1002.3636,1003.7765,1001.4399,1001.4399,12598.0
2026-03-03 11:25:00,1001.6246,1002.3136,1000.5462,1001.4848,7814.0
2026-03-03 11:30:00,1001.3251,1001.6945,999.1782,1000.4567,13683.0
2026-03-03 11:35:00,1000.9057,1003.8813,1000.5961,1002.9777,10883.0
2026-03-03 11:40:00,1003.3322,1003.6317,1002.1439,1003.5019,10294.0
2026-03-03 11:45:00,1003.3921,1004.7002,1002.8029,1003.1025,9661.0
2026-03-03 11:50:00,1003.0925,1004.5403,1002.8202,1003.452,9836.0
2026-03-03 11:55:00,1003.2373,1003.7615,1002.8029,1003.4819,8315.0
2026-03-03 12:00:00,1003.3222,1004.8899,1002.4934,1003.0725,19218.0
2026-03-03 12:05:00,1002.8409,1003.0226,1000.4664,1001.5248,9729.0
2026-03-03 12:10:00,1001.8743,1002.783,1001.2887,1002.5932,11536.0
2026-03-03 12:15:00,1002.7031,1003.5419,1002.6232,1002.6232,13254.0
2026-03-03 12:20:00,1002.753,1004.146,1002.753,1004.131,8676.0
2026-03-03 12:25:00,1004.146,1004.5404,1003.2323,1004.3207,8931.0
2026-03-03 12:30:00,1003.9313,1004.3307,1001.9592,1002.1639,11595.0
2026-03-03 12:35:00,1001.8144,1003.2323,1001.6446,1003.0975,6955.0
2026-03-03 12:40:00,1003.432,1005.7187,1003.4021,1005.6338,7436.0
2026-03-03 12:45:00,1005.6089,1006.9918,1004.7301,1006.4476,13955.0
2026-03-03 12:50:00,1006.6873,1007.0368,1004.7002,1004.9548,13318.0
2026-03-03 12:55:00,1004.7701,1007.2015,1004.5705,1006.3777,20281.0
2026-03-03 13:00:00,1006.5375,1008.4148,1006.3777,1007.4012,14083.0
2026-03-03 13:05:00,1007.3663,1008.1851,1006.6224,1006.7272,9851.0
2026-03-03 13:10:00,1007.2964,1008.1651,1005.8385,1006.2779,7629.0
2026-03-03 13:15:00,1006.168,1007.1067,1006.058,1006.2479,5095.0
2026-03-03 13:20:00,1006.6274,1007.3163,1006.0582,1007.1866,7829.0
2026-03-03 13:25:00,1007.1965,1008.0553,1006.9769,1007.2764,13478.0
2026-03-03 13:30:00,1007.2664,1008.1627,1006.7272,1006.9071,9133.0
2026-03-03 13:35:00,1007.1017,1008.0044,1006.907,1007.4162,12503.0
2026-03-03 13:40:00,1007.3563,1009.2735,1007.2265,1009.0489,12602.0
2026-03-03 13:45:00,1009.1637,1010.9411,1008.8342,1010.9024,13318.0
2026-03-03 13:50:00,1010.7514,1012.5288,1010.7514,1012.1294,15948.0
2026-03-03 13:55:00,1012.3291,1014.2763,1012.1094,1013.0081,28619.0
2026-03-03 14:00:00,1013.088,1013.9867,1012.3441,1012.6037,20697.0
2026-03-03 14:05:00,1012.8583,1012.8583,1011.5253,1011.8473,14089.0
2026-03-03 14:10:00,1011.8747,1012.2664,1011.2407,1011.4804,13091.0
2026-03-03 14:15:00,1011.5902,1011.5902,1009.014,1010.1922,8113.0
2026-03-03 14:20:00,1010.2022,1010.8313,1009.4433,1009.5163,13025.0
2026-03-03 14:25:00,1009.7079,1010.8313,1009.7079,1010.1522,8607.0
2026-03-03 14:30:00,1009.5331,1009.9824,1006.7373,1007.6059,27026.0
2026-03-03 14:35:00,1007.6808,1011.021,1007.4861,1010.1123,14395.0
2026-03-03 14:40:00,1010.312,1012.0794,1010.312,1011.5952,39776.0
2026-03-03 14:45:00,1011.1608,1012.3051,1011.0809,1011.3805,9059.0
2026-03-03 14:50:00,1011.0411,1011.9686,1010.7016,1011.4903,11386.0
2026-03-03 14:55:00,1011.2507,1011.9297,1010.1323,1011.8298,12429.0
2026-03-03 15:00:00,1011.6401,1012.0096,1010.9711,1011.4603,12713.0
2026-03-03 15:05:00,1011.4054,1011.9197,1010.5517,1011.67,10726.0
2026-03-03 15:10:00,1011.6401,1012.0195,1010.9211,1010.9611,8568.0
2026-03-03 15:15:00,1010.9611,1010.9611,1010.3285,1010.5916,8860.0
2026-03-03 15:20:00,1010.7214,1010.7713,1007.3663,1007.8855,30642.0
2026-03-03 15:25:00,1007.591,1007.9355,1006.907,1007.6559,32449.0
2026-03-03 15:30:00,1007.551,1008.8042,1007.2864,1008.1102,14708.0
2026-03-03 15:35:00,1008.5745,1009.0038,1007.7557,1007.7557,17804.0
2026-03-03 15:40:00,1007.8756,1008.0154,1006.5375,1006.6406,13762.0
2026-03-03 15:45:00,1006.6224,1006.862,1005.1746,1005.9733,22394.0
2026-03-03 15:50:00,1005.8884,1007.2614,1004.7151,1006.7821,46826.0
2026-03-03 15:55:00,1006.8271,1006.9769,1005.7387,1005.9983,81256.0
2026-03-04 09:30:00,1003.5419,1010.0674,1001.6446,1009.3534,65371.0
2026-03-04 09:35:00,1009.3284,1010.0524,999.1782,1002.5882,20927.0
2026-03-04 09:40:00,1002.9203,1004.023,997.5605,998.1796,16826.0
2026-03-04 09:45:00,998.0698,1001.4449,995.5535,1001.4349,26226.0
2026-03-04 09:50:00,1001.5847,1001.7445,999.328,1001.0355,10197.0
2026-03-04 09:55:00,1000.8907,1000.8907,996.6818,997.4607,11266.0
2026-03-04 10:00:00,997.7802,999.9769,996.0017,996.9514,17735.0
2026-03-04 10:05:00,997.1012,1001.7045,997.1012,1001.7045,19166.0
2026-03-04 10:10:00,1002.1239,1003.0325,1000.5462,1001.0455,14636.0
2026-03-04 10:15:00,1001.664,1001.9952,999.0584,1001.6945,19322.0
2026-03-04 10:20:00,1001.7145,1002.5982,1000.9756,1002.1439,10172.0
2026-03-04 10:25:00,1002.2787,1003.0526,1001.365,1002.2238,8292.0
2026-03-04 10:30:00,1003.0675,1003.422,1001.405,1002.8828,14181.0
2026-03-04 10:35:00,1002.8878,1004.0411,1001.1553,1001.2452,8948.0
2026-03-04 10:40:00,1001.3201,1001.9641,1000.8957,1001.7744,8681.0
2026-03-04 10:45:00,1001.8793,1005.2743,1000.8158,1004.151,25120.0
2026-03-04 10:50:00,1004.151,1004.9598,1003.0726,1004.0262,14388.0
2026-03-04 10:55:00,1003.6617,1005.1196,1003.5419,1005.1196,14314.0
2026-03-04 11:00:00,1004.4955,1007.9654,1004.4955,1007.9604,10613.0
2026-03-04 11:05:00,1008.1252,1008.5346,1007.5361,1008.1152,13589.0
2026-03-04 11:10:00,1008.1052,1009.5331,1007.4062,1009.5331,21815.0
2026-03-04 11:15:00,1009.633,1009.8626,1007.8356,1008.1901,17345.0
2026-03-04 11:20:00,1008.0703,1008.4148,1006.7372,1007.9504,15075.0
2026-03-04 11:25:00,1008.1352,1009.5531,1007.9455,1008.5695,19801.0
2026-03-04 11:30:00,1008.5646,1009.8127,1008.2152,1009.2635,18970.0
2026-03-04 11:35:00,1009.4233,1010.4119,1009.306,1009.3834,15767.0
2026-03-04 11:40:00,1009.5032,1010.4818,1009.1437,1010.1622,6446.0
2026-03-04 11:45:00,1010.4818,1011.0909,1009.3136,1010.1123,14552.0
2026-03-04 11:50:00,1010.4518,1010.4518,1008.7943,1009.3734,8863.0
2026-03-04 11:55:00,1009.7978,1010.6116,1009.3135,1010.6116,8863.0
2026-03-04 12:00:00,1010.4019,1010.8712,1009.8727,1010.8712,8609.0
2026-03-04 12:05:00,1010.5716,1011.3255,1009.603,1010.1572,12440.0
2026-03-04 12:10:00,1010.1572,1010.2821,1009.1937,1009.5831,6967.0
2026-03-04 12:15:00,1009.5931,1009.5931,1008.0454,1008.4747,10236.0
2026-03-04 12:20:00,1007.8456,1008.1801,1007.546,1007.6109,6483.0
2026-03-04 12:25:00,1007.6659,1008.6744,1007.5228,1008.5046,7136.0
2026-03-04 12:30:00,1008.4997,1009.5331,1008.235,1009.2935,7090.0
2026-03-04 12:35:00,1009.2735,1010.0025,1007.8756,1008.3499,20497.0
2026-03-04 12:40:00,1008.3499,1008.5546,1007.7258,1008.0104,6647.0
2026-03-04 12:45:00,1008.0054,1008.4746,1006.6773,1006.7422,13269.0
2026-03-04 12:50:00,1006.8321,1007.9604,1006.2929,1007.0368,20961.0
2026-03-04 12:55:00,1007.0368,1007.5361,1006.6883,1007.2365,9689.0
2026-03-04 13:00:00,1006.7272,1008.7942,1006.6873,1007.8456,18475.0
2026-03-04 13:05:00,1007.7158,1008.5246,1007.2465,1007.566,10831.0
2026-03-04 13:10:00,1007.425,1007.9554,1007.4062,1007.4711,4936.0
2026-03-04 13:15:00,1007.4711,1008.265,1007.4375,1008.0952,7063.0
2026-03-04 13:20:00,1008.0902,1010.2321,1007.9554,1010.1123,13859.0
2026-03-04 13:25:00,1009.9725,1010.5666,1009.7428,1010.0824,9889.0
2026-03-04 13:30:00,1010.0724,1010.0724,1009.1567,1009.7179,6984.0
2026-03-04 13:35:00,1010.0224,1012.5288,1010.0224,1011.9147,19626.0
2026-03-04 13:40:00,1011.8847,1012.2592,1010.6615,1010.6615,36240.0
2026-03-04 13:45:00,1011.0959,1011.4603,1010.322,1010.8063,8760.0
2026-03-04 13:50:00,1010.8013,1011.2706,1010.332,1011.2706,10787.0
2026-03-04 13:55:00,1011.031,1011.031,1008.7044,1008.7044,16971.0
2026-03-04 14:00:00,1008.9839,1008.9839,1007.8606,1008.3499,12533.0
2026-03-04 14:05:00,1008.3499,1008.5436,1007.6109,1008.285,9924.0
2026-03-04 14:10:00,1008.3299,1008.3299,1007.6758,1008.0004,11726.0
2026-03-04 14:15:00,1008.0653,1008.4992,1007.8266,1008.265,7677.0
2026-03-04 14:20:00,1008.5146,1009.3633,1008.2949,1008.2949,10605.0
2026-03-04 14:25:00,1008.1353,1008.3049,1006.6124,1006.6124,9737.0
2026-03-04 14:30:00,1006.6374,1007.7158,1006.6374,1007.546,8425.0
2026-03-04 14:35:00,1007.546,1008.2151,1007.4861,1008.2151,8617.0
2026-03-04 14:40:00,1008.5174,1008.5346,1007.6259,1008.4347,12382.0
2026-03-04 14:45:00,1008.4347,1008.929,1008.0553,1008.1252,13662.0
2026-03-04 14:50:00,1008.0553,1008.3248,1007.1566,1007.1566,9683.0
2026-03-04 14:55:00,1006.8471,1007.1017,1005.2395,1005.6887,9190.0
2026-03-04 15:00:00,1005.9683,1007.2065,1005.9484,1007.1965,12764.0
2026-03-04 15:05:00,1007.2465,1007.5311,1006.6774,1006.7122,14828.0
2026-03-04 15:10:00,1006.7141,1006.882,1006.0382,1006.6623,8058.0
2026-03-04 15:15:00,1006.4376,1006.5325,1005.5989,1006.168,6714.0
2026-03-04 15:20:00,1006.208,1006.2629,1004.7102,1005.0796,15524.0
2026-03-04 15:25:00,1005.3992,1006.2679,1005.3992,1006.2479,9705.0
2026-03-04 15:30:00,1006.3677,1006.6174,1005.9384,1006.2679,12626.0
2026-03-04 15:35:00,1006.228,1006.3103,1005.499,1005.6588,16068.0
2026-03-04 15:40:00,1005.8585,1006.4799,1005.3392,1005.9983,14481.0
2026-03-04 15:45:00,1006.3478,1006.3977,1005.4441,1005.4441,16298.0
2026-03-04 15:50:00,1005.5889,1006.178,1004.141,1005.8585,53003.0
2026-03-04 15:55:00,1005.8185,1006.1331,1004.8599,1004.9498,125026.0
2026-03-05 09:30:00,995.0542,996.552,988.8632,995.7382,71763.0
2026-03-05 09:35:00,994.465,995.7332,992.5578,994.0606,35688.0
2026-03-05 09:40:00,993.9518,997.8002,993.5464,994.6897,34492.0
2026-03-05 09:45:00,993.9358,993.9758,990.5607,991.9587,26590.0
2026-03-05 09:50:00,993.3466,993.3466,989.4623,989.6021,24536.0
2026-03-05 09:55:00,989.702,990.6007,986.5765,990.0115,27424.0
2026-03-05 10:00:00,989.6683,992.1483,989.5522,989.8617,27230.0
2026-03-05 10:05:00,989.5522,990.4958,988.5636,989.2526,23320.0
2026-03-05 10:10:00,989.3724,989.6421,985.0288,986.1272,43714.0
2026-03-05 10:15:00,985.7877,986.267,981.9882,982.6822,50618.0
2026-03-05 10:20:00,983.456,984.6393,982.6921,982.772,24931.0
2026-03-05 10:25:00,982.6921,984.4646,982.0231,982.8869,23951.0
2026-03-05 10:30:00,982.6422,984.6493,981.5139,983.8904,22439.0
2026-03-05 10:35:00,984.4058,985.568,983.2114,984.6593,17742.0
2026-03-05 10:40:00,984.6593,986.3268,983.4111,983.4111,19388.0
2026-03-05 10:45:00,983.496,984.5794,982.2927,983.391,15595.0
2026-03-05 10:50:00,982.2927,984.1201,982.2927,983.5709,19984.0
2026-03-05 10:55:00,983.5409,983.6508,982.5124,982.8819,18640.0
2026-03-05 11:00:00,983.1115,983.3312,979.521,979.5867,26217.0
2026-03-05 11:05:00,979.5767,982.2428,978.7679,981.8234,20070.0
2026-03-05 11:10:00,981.9732,982.3227,980.3331,980.5752,19687.0
2026-03-05 11:15:00,980.4953,981.1943,979.1273,979.1273,20343.0
2026-03-05 11:20:00,979.8762,980.6951,979.2472,980.2257,15802.0
2026-03-05 11:25:00,980.1359,980.715,979.2871,979.9611,11164.0
2026-03-05 11:30:00,979.9162,980.4653,978.3684,978.5781,28643.0
2026-03-05 11:35:00,978.4883,979.3071,977.3899,978.5881,28191.0
2026-03-05 11:40:00,978.2935,980.2856,978.2935,979.5267,16508.0
2026-03-05 11:45:00,979.7914,982.2827,979.7914,982.0531,14244.0
2026-03-05 11:50:00,982.3227,982.3227,980.4854,980.5752,19867.0
2026-03-05 11:55:00,980.7799,981.354,979.8463,981.354,18547.0
2026-03-05 12:00:00,981.0645,982.1979,980.9447,981.7635,14786.0
2026-03-05 12:05:00,982.0281,982.6802,980.0959,980.5652,11196.0
2026-03-05 12:10:00,980.2457,980.8848,979.8263,979.9461,10285.0
2026-03-05 12:15:00,980.1059,981.3641,979.9162,979.9162,12754.0
2026-03-05 12:20:00,980.5553,980.5553,978.3684,979.2022,15668.0
2026-03-05 12:25:00,978.8677,980.8059,978.7279,980.3256,13882.0
2026-03-05 12:30:00,980.3755,981.0745,980.016,981.0445,9524.0
2026-03-05 12:35:00,981.6635,982.9717,980.7799,981.9033,19284.0
2026-03-05 12:40:00,981.9532,982.9318,980.8948,982.2328,13408.0
2026-03-05 12:45:00,982.6222,983.5709,981.4989,982.2029,16649.0
2026-03-05 12:50:00,982.5524,982.822,981.3804,982.0331,11771.0
2026-03-05 12:55:00,982.0531,983.4311,981.971,982.7371,15892.0
2026-03-05 13:00:00,982.7371,982.822,981.2443,981.2443,12791.0
2026-03-05 13:05:00,981.4539,983.0366,980.1858,980.3855,17850.0
2026-03-05 13:10:00,980.3256,981.5937,980.1883,980.5853,9847.0
2026-03-05 13:15:00,980.5852,981.1644,980.0759,980.1558,10587.0
2026-03-05 13:20:00,980.1658,982.128,979.8762,980.9347,11841.0
2026-03-05 13:25:00,980.5952,981.4839,980.1458,981.0745,10692.0
2026-03-05 13:30:00,981.8733,982.0281,979.9262,980.705,14576.0
2026-03-05 13:35:00,980.4854,980.6351,978.9476,979.8463,21550.0
2026-03-05 13:40:00,979.9761,980.8748,979.7464,980.4254,19148.0
2026-03-05 13:45:00,980.8149,982.5723,980.5952,981.1144,17755.0
2026-03-05 13:50:00,981.0545,981.4839,979.2372,980.4953,17413.0
2026-03-05 13:55:00,980.5003,981.3241,978.4883,979.8862,38389.0
2026-03-05 14:00:00,979.7964,980.1458,979.2072,979.357,12474.0
2026-03-05 14:05:00,978.9576,979.7564,978.8878,979.0574,11541.0
2026-03-05 14:10:00,979.0974,979.5767,977.7493,977.979,31570.0
2026-03-05 14:15:00,978.1188,979.4219,977.8991,978.5681,17547.0
2026-03-05 14:20:00,978.5582,979.7464,978.2935,978.668,20784.0
2026-03-05 14:25:00,978.6081,979.4468,978.0389,978.5207,13632.0
2026-03-05 14:30:00,978.3884,978.658,977.5296,978.5781,27377.0
2026-03-05 14:35:00,978.7379,979.0114,977.5496,978.8977,17977.0
2026-03-05 14:40:00,978.8977,981.424,978.8977,981.1744,21274.0
2026-03-05 14:45:00,981.2043,981.5538,980.3457,981.2343,21848.0
2026-03-05 14:50:00,981.5738,982.2927,980.8748,980.9447,15974.0
2026-03-05 14:55:00,980.8149,980.8149,979.3969,979.5367,14058.0
2026-03-05 15:00:00,979.4369,980.4404,978.7978,980.4354,19759.0
2026-03-05 15:05:00,980.026,981.3142,979.327,979.4968,29948.0
2026-03-05 15:10:00,979.5966,980.0859,979.0275,979.9611,21391.0
2026-03-05 15:15:00,979.8563,980.6751,979.2871,980.1359,34580.0
2026-03-05 15:20:00,980.2557,983.1115,980.1808,982.2428,43446.0
2026-03-05 15:25:00,982.4375,982.8769,981.0945,981.1419,26503.0
2026-03-05 15:30:00,981.2343,982.043,980.1259,980.6951,34633.0
2026-03-05 15:35:00,980.8249,981.1694,979.5767,979.9262,33946.0
2026-03-05 15:40:00,979.8263,981.394,979.7464,981.0945,37730.0
2026-03-05 15:45:00,981.0614,981.7535,980.1359,981.5638,46404.0
2026-03-05 15:50:00,981.7935,984.0202,978.8278,978.8477,113223.0
2026-03-05 15:55:00,978.8278,981.2692,978.2186,980.8348,198929.0
2026-03-06 09:30:00,965.602,976.0368,959.0665,975.5369,154073.0
2026-03-06 09:35:00,973.7751,984.3997,970.5398,983.0966,79587.0
2026-03-06 09:40:00,982.1829,983.4273,979.0175,982.114,41777.0
2026-03-06 09:45:00,982.0631,988.5636,979.7065,987.2455,82330.0
2026-03-06 09:50:00,986.6863,987.7448,978.688,979.387,42270.0
2026-03-06 09:55:00,978.9975,986.9959,978.5781,986.7017,28005.0
2026-03-06 10:00:00,986.8861,989.4024,985.4545,986.896,42499.0
2026-03-06 10:05:00,987.3454,987.58,982.7221,984.0102,32951.0
2026-03-06 10:10:00,983.8555,987.8546,982.2728,987.615,27284.0
2026-03-06 10:15:00,987.1806,988.7733,986.6164,988.1243,27643.0
2026-03-06 10:20:00,988.5436,992.3381,987.9445,991.1898,38505.0
2026-03-06 10:25:00,991.2148,995.5535,990.8403,995.5535,49891.0
2026-03-06 10:30:00,995.2239,995.9928,994.0657,994.3902,31715.0
2026-03-06 10:35:00,994.5549,995.2988,992.6976,994.1755,38287.0
2026-03-06 10:40:00,994.2553,994.7347,990.9202,992.9123,19351.0
2026-03-06 10:45:00,992.9123,993.3966,990.7704,991.4894,17136.0
2026-03-06 10:50:00,991.5593,992.2283,990.371,992.1384,18196.0
2026-03-06 10:55:00,992.5778,996.3523,992.1685,995.2439,36322.0
2026-03-06 11:00:00,995.154,996.552,994.3552,995.3538,32761.0
2026-03-06 11:05:00,995.3438,996.8016,994.6747,995.7432,26721.0
2026-03-06 11:10:00,995.2639,996.8015,994.555,996.1027,21363.0
2026-03-06 11:15:00,996.0028,997.3708,995.7539,996.9514,17992.0
2026-03-06 11:20:00,997.0413,998.1597,994.9544,997.1811,25968.0
2026-03-06 11:25:00,997.3608,997.92,996.4821,996.4821,17964.0
2026-03-06 11:30:00,996.4102,997.4407,995.8231,995.8231,21043.0
2026-03-06 11:35:00,995.8238,998.1703,993.9857,994.6847,20627.0
2026-03-06 11:40:00,994.6648,995.6234,994.1455,995.0242,19243.0
2026-03-06 11:45:00,994.8545,996.8312,994.8045,996.0827,18608.0
2026-03-06 11:50:00,996.552,997.5406,995.1674,995.1674,19943.0
2026-03-06 11:55:00,995.164,996.2623,995.1441,995.9197,11986.0
2026-03-06 12:00:00,995.3937,996.2624,994.9443,996.0288,15234.0
2026-03-06 12:05:00,995.9229,995.9229,992.7976,993.5663,18608.0
2026-03-06 12:10:00,993.7411,994.4451,991.9089,992.6976,15066.0
2026-03-06 12:15:00,991.9907,994.7996,991.5594,994.7996,16667.0
2026-03-06 12:20:00,995.3837,996.3124,994.6548,995.7582,15116.0
2026-03-06 12:25:00,995.204,995.6133,993.9458,994.2004,11096.0
2026-03-06 12:30:00,994.1954,995.0841,993.6762,994.4051,17468.0
2026-03-06 12:35:00,994.2753,994.525,993.127,993.2368,19877.0
2026-03-06 12:40:00,994.1455,994.9943,993.4066,994.6498,9802.0
2026-03-06 12:45:00,994.5649,995.5535,993.826,995.149,10889.0
2026-03-06 12:50:00,995.5535,996.4522,995.1391,995.6833,11061.0
2026-03-06 12:55:00,995.6733,997.1412,995.4536,996.9414,19928.0
2026-03-06 13:00:00,996.587,998.2895,996.552,997.4607,24064.0
2026-03-06 13:05:00,997.1312,999.0184,997.0551,998.0149,25556.0
2026-03-06 13:10:00,997.7403,999.8095,997.6704,999.6475,18599.0
2026-03-06 13:15:00,999.4778,1000.9456,999.3579,1000.8578,26122.0
2026-03-06 13:20:00,1001.0455,1001.0455,998.3494,998.594,25188.0
2026-03-06 13:25:00,998.2495,998.5391,997.1611,997.1611,12195.0
2026-03-06 13:30:00,997.0014,997.3908,996.0528,996.4222,16325.0
2026-03-06 13:35:00,996.6519,997.271,996.0028,997.271,11521.0
2026-03-06 13:40:00,997.0413,997.6454,996.577,997.0113,10312.0
2026-03-06 13:45:00,996.8715,997.3109,996.0328,997.3109,10579.0
2026-03-06 13:50:00,997.5006,998.3494,997.1312,997.8501,21498.0
2026-03-06 13:55:00,997.9849,999.8123,997.9849,998.0099,18781.0
2026-03-06 14:00:00,997.7503,998.5291,996.5921,996.9964,20052.0
2026-03-06 14:05:00,996.8676,998.3494,996.3473,998.3494,20499.0
2026-03-06 14:10:00,998.3893,998.5092,997.291,997.3164,14820.0
2026-03-06 14:15:00,997.3009,997.3908,996.4122,997.3109,9922.0
2026-03-06 14:20:00,997.338,998.0811,996.7517,997.0263,12614.0
2026-03-06 14:25:00,997.0263,998.4193,996.572,998.0923,9207.0
2026-03-06 14:30:00,998.2196,999.3779,997.8302,999.2281,15579.0
2026-03-06 14:35:00,999.1183,999.6875,998.8187,999.3683,10342.0
2026-03-06 14:40:00,999.1035,1000.2866,999.1035,999.4678,16050.0
2026-03-06 14:45:00,999.288,999.4628,998.2051,998.7838,9310.0
2026-03-06 14:50:00,998.599,999.4428,998.4692,999.0584,10779.0
2026-03-06 14:55:00,998.848,999.7174,998.5591,999.2481,9393.0
2026-03-06 15:00:00,999.0983,999.977,998.6589,999.283,18909.0
2026-03-06 15:05:00,999.3246,999.5593,996.8517,997.7103,21461.0
2026-03-06 15:10:00,997.6404,998.1996,996.552,996.552,32258.0
2026-03-06 15:15:00,996.1226,997.261,996.0527,996.3423,19105.0
2026-03-06 15:20:00,996.542,997.1412,996.0927,996.8063,19719.0
2026-03-06 15:25:00,997.0413,997.5506,995.7981,995.8131,21852.0
2026-03-06 15:30:00,996.0427,997.9998,995.0043,997.2188,33124.0
2026-03-06 15:35:00,997.4507,998.3294,996.9614,998.1447,26469.0
2026-03-06 15:40:00,997.95,998.5491,997.2011,998.2396,29824.0
2026-03-06 15:45:00,998.2346,998.9086,997.2111,997.6854,28152.0
2026-03-06 15:50:00,997.9001,997.96,994.7446,996.7517,57489.0
2026-03-06 15:55:00,996.8715,998.1297,995.5934,997.1711,115472.0
2026-03-09 09:30:00,998.1796,1004.5404,997.1312,999.8322,83500.0
2026-03-09 09:35:00,999.2231,1000.5762,994.0556,995.7482,39489.0
2026-03-09 09:40:00,996.0329,1000.4962,992.7775,997.8002,27184.0
2026-03-09 09:45:00,997.3109,1001.5284,995.5735,996.4821,21855.0
2026-03-09 09:50:00,996.8915,998.1896,993.1569,993.1569,24352.0
2026-03-09 09:55:00,992.5578,993.7461,991.2497,992.9572,27658.0
2026-03-09 10:00:00,992.7775,993.8659,990.8104,992.2183,12232.0
2026-03-09 10:05:00,992.8474,992.8474,987.5651,989.3425,22886.0
2026-03-09 10:10:00,988.6535,990.5108,987.1407,987.7648,28812.0
2026-03-09 10:15:00,987.8746,990.3111,986.5565,990.1014,15192.0
2026-03-09 10:20:00,990.0964,991.1499,989.0229,991.1499,16099.0
2026-03-09 10:25:00,991.3216,991.8088,989.5622,990.6306,22024.0
2026-03-09 10:30:00,991.2197,991.8289,990.1413,991.4994,15963.0
2026-03-09 10:35:00,991.4195,993.0371,989.7219,991.2797,32530.0
2026-03-09 10:40:00,991.1199,993.6163,988.1642,993.4016,27897.0
2026-03-09 10:45:00,994.0457,995.9828,993.5264,995.3987,23857.0
2026-03-09 10:50:00,995.4935,995.8231,992.7077,995.0392,65766.0
2026-03-09 10:55:00,994.8045,995.3138,991.12,992.1684,20092.0
2026-03-09 11:00:00,992.2183,994.6048,991.769,994.3652,44815.0
2026-03-09 11:05:00,994.8645,1000.5462,994.3053,1000.5462,21645.0
2026-03-09 11:10:00,1000.5462,1003.1025,1000.2566,1003.1025,31324.0
2026-03-09 11:15:00,1002.5433,1003.7515,1001.9842,1002.5034,33862.0
2026-03-09 11:20:00,1002.4136,1002.5433,997.5306,999.997,38344.0
2026-03-09 11:25:00,1000.3765,1001.4649,999.5477,1000.9357,24104.0
2026-03-09 11:30:00,1000.9356,1002.3536,998.4792,999.3979,51452.0
2026-03-09 11:35:00,998.5491,999.0684,997.1711,997.8901,12794.0
2026-03-09 11:40:00,997.3957,1000.9057,997.3908,1000.4414,21092.0
2026-03-09 11:45:00,1000.4364,1002.8429,999.9271,1000.2966,13607.0
2026-03-09 11:50:00,1000.9157,1001.2552,999.5976,1000.5162,9728.0
2026-03-09 11:55:00,1000.4264,1001.8243,999.5926,999.7424,25437.0
2026-03-09 12:00:00,999.7474,1000.1917,998.3194,998.7363,11776.0
2026-03-09 12:05:00,999.0084,1000.8857,998.5192,1000.8857,13810.0
2026-03-09 12:10:00,1000.5762,1001.1154,999.1083,999.3679,12689.0
2026-03-09 12:15:00,999.3629,999.967,998.7987,999.3579,8537.0
2026-03-09 12:20:00,999.3729,1000.2716,998.5491,1000.2716,15888.0
2026-03-09 12:25:00,1000.1568,1001.6147,999.1407,999.7274,23167.0
2026-03-09 12:30:00,999.4478,1001.2052,999.1883,1001.1753,11477.0
2026-03-09 12:35:00,1000.9157,1001.7944,999.8173,1000.1579,8946.0
2026-03-09 12:40:00,1000.3765,1001.365,999.9785,1001.1459,9525.0
2026-03-09 12:45:00,1001.2052,1001.9532,1000.9262,1001.8942,15625.0
2026-03-09 12:50:00,1001.5248,1002.3436,1001.1653,1001.5547,12644.0
2026-03-09 12:55:00,1002.0041,1003.0725,999.8872,1000.9157,39522.0
2026-03-09 13:00:00,1001.2652,1001.375,998.8387,1001.1753,18611.0
2026-03-09 13:05:00,1000.8559,1002.4335,1000.6111,1001.9991,11711.0
2026-03-09 13:10:00,1002.1589,1002.1589,1000.0889,1000.2466,12282.0
2026-03-09 13:15:00,1000.2416,1001.02,1000.0969,1000.8158,13607.0
2026-03-09 13:20:00,1000.6539,1002.1439,1000.6539,1001.8543,21773.0
2026-03-09 13:25:00,1001.8543,1002.7131,1000.5562,1001.6995,15901.0
2026-03-09 13:30:00,1001.395,1001.9841,1000.5463,1001.1753,10542.0
2026-03-09 13:35:00,1001.4649,1001.9142,1001.0555,1001.6696,7445.0
2026-03-09 13:40:00,1001.5947,1002.1239,1001.0804,1001.4149,15375.0
2026-03-09 13:45:00,1001.4749,1001.6545,1000.711,1000.711,9810.0
2026-03-09 13:50:00,1000.4913,1002.2637,1000.4913,1002.2637,10831.0
2026-03-09 13:55:00,1001.9142,1002.3935,1000.5378,1000.9456,8969.0
2026-03-09 14:00:00,1001.2951,1002.2896,1001.2302,1001.3351,12140.0
2026-03-09 14:05:00,1001.2452,1002.044,1000.3874,1000.8957,14762.0
2026-03-09 14:10:00,1000.5212,1001.2052,999.987,1000.5462,22828.0
2026-03-09 14:15:00,1000.8857,1000.8857,998.4992,998.8337,12334.0
2026-03-09 14:20:00,998.7788,999.7673,998.619,999.1482,11453.0
2026-03-09 14:25:00,999.2481,999.6265,997.8702,998.8537,26160.0
2026-03-09 14:30:00,998.7888,999.8672,998.4692,999.6775,20766.0
2026-03-09 14:35:00,999.5377,999.5626,998.8139,998.8139,11164.0
2026-03-09 14:40:00,998.8487,1000.0969,998.5241,1000.0769,18348.0
2026-03-09 14:45:00,1000.2267,1000.3864,999.5277,999.967,12388.0
2026-03-09 14:50:00,999.9571,1000.7859,999.5277,1000.7359,10664.0
2026-03-09 14:55:00,1000.3465,1000.8657,999.6676,999.9621,13178.0
2026-03-09 15:00:00,999.977,1000.5462,999.6425,1000.3265,11300.0
2026-03-09 15:05:00,1000.4264,1001.0754,999.5377,1000.1917,26931.0
2026-03-09 15:10:00,1000.1168,1001.1875,1000.1168,1000.711,14261.0
2026-03-09 15:15:00,1000.6361,1001.7335,999.303,1001.7335,24742.0
2026-03-09 15:20:00,1001.2052,1002.8229,1000.9257,1002.064,34449.0
2026-03-09 15:25:00,1002.1139,1003.5918,1001.7145,1003.11,35627.0
2026-03-09 15:30:00,1003.2023,1004.3706,1001.4749,1003.6667,37506.0
2026-03-09 15:35:00,1003.6667,1004.9398,1001.9042,1004.5304,38441.0
2026-03-09 15:40:00,1004.79,1005.1645,1003.8015,1004.8837,44108.0
2026-03-09 15:45:00,1004.9298,1004.9598,1003.8988,1004.2209,34799.0
2026-03-09 15:50:00,1004.2209,1005.9484,1002.5434,1004.9798,64288.0
2026-03-09 15:55:00,1004.6303,1005.5489,1003.3721,1003.6916,138601.0
2026-03-10 09:30:00,999.0484,1001.0563,995.5536,997.4507,51794.0
2026-03-10 09:35:00,997.4257,998.5691,994.5549,998.0798,18325.0
2026-03-10 09:40:00,997.8868,1000.5462,997.8868,999.997,15184.0
2026-03-10 09:45:00,999.967,1000.8308,994.7646,996.0328,22312.0
2026-03-10 09:50:00,996.0927,999.9295,994.9144,999.3779,15053.0
2026-03-10 09:55:00,999.5776,1000.4562,998.7788,999.318,12104.0
2026-03-10 10:00:00,998.6789,1001.405,997.4207,1000.1469,15326.0
2026-03-10 10:05:00,1001.1653,1004.2608,1000.7759,1003.8564,14882.0
2026-03-10 10:10:00,1003.8514,1006.231,1003.422,1003.5918,19418.0
2026-03-10 10:15:00,1003.5468,1004.0212,1000.1568,1001.8543,27302.0
2026-03-10 10:20:00,1002.6112,1003.9113,1000.681,1002.5333,7727.0
2026-03-10 10:25:00,1002.5333,1003.6916,1001.5448,1002.1888,7938.0
2026-03-10 10:30:00,1002.1888,1002.6567,999.5477,999.9471,18457.0
2026-03-10 10:35:00,999.5576,1001.1354,997.9799,999.0484,13543.0
2026-03-10 10:40:00,998.9186,999.3579,997.5506,999.3479,12888.0
2026-03-10 10:45:00,999.278,1000.686,999.1782,1000.4314,13929.0
2026-03-10 10:50:00,1000.706,1000.9656,999.3281,1000.6261,11071.0
2026-03-10 10:55:00,1000.6311,1001.1354,999.6924,1000.2666,10080.0
2026-03-10 11:00:00,1000.3165,1001.8044,1000.3165,1000.8258,27038.0
2026-03-10 11:05:00,1000.6461,1003.1924,1000.1792,1002.763,25344.0
2026-03-10 11:10:00,1002.5183,1002.5183,1000.2267,1000.2267,6683.0
2026-03-10 11:15:00,1000.8158,1001.9941,1000.8158,1001.7245,4288.0
2026-03-10 11:20:00,1001.8843,1002.5863,1001.475,1001.8793,7555.0
2026-03-10 11:25:00,1001.4848,1003.5918,1001.4848,1003.3821,13546.0
2026-03-10 11:30:00,1003.0026,1003.8414,1002.3736,1002.9227,12446.0
2026-03-10 11:35:00,1002.6681,1002.6681,1001.365,1002.3835,6393.0
2026-03-10 11:40:00,1002.2887,1003.5419,1002.2887,1002.9727,12104.0
2026-03-10 11:45:00,1003.0026,1003.2722,1002.2637,1002.9377,6693.0
2026-03-10 11:50:00,1002.9527,1003.5419,1002.6132,1002.9777,6206.0
2026-03-10 11:55:00,1002.9777,1003.442,1002.0541,1002.9128,8515.0
2026-03-10 12:00:00,1002.773,1003.1324,1002.2837,1003.1324,4815.0
2026-03-10 12:05:00,1003.7416,1005.0196,1003.467,1004.1685,13190.0
2026-03-10 12:10:00,1003.9612,1004.0907,1002.5133,1002.5633,9455.0
2026-03-10 12:15:00,1002.1639,1003.4538,1001.6446,1003.4538,6269.0
2026-03-10 12:20:00,1003.0925,1005.1595,1002.773,1005.0297,11150.0
2026-03-10 12:25:00,1005.0297,1005.0297,1003.7116,1003.9013,12287.0
2026-03-10 12:30:00,1003.9063,1005.1645,1003.7815,1005.0097,8366.0
2026-03-10 12:35:00,1005.0097,1005.3691,1003.5419,1004.4604,8216.0
2026-03-10 12:40:00,1004.0012,1004.4705,1002.738,1003.2623,8078.0
2026-03-10 12:45:00,1003.1424,1005.1645,1002.6531,1004.5005,8077.0
2026-03-10 12:50:00,1004.5005,1005.2394,1004.3507,1004.9571,14812.0
2026-03-10 12:55:00,1005.3942,1006.9169,1005.1345,1005.7187,12973.0
2026-03-10 13:00:00,1005.7187,1006.4576,1005.2594,1005.8984,4630.0
2026-03-10 13:05:00,1005.9134,1006.9868,1005.9134,1006.6473,7327.0
2026-03-10 13:10:00,1006.5026,1007.9602,1005.6388,1007.9602,14734.0
2026-03-10 13:15:00,1007.6459,1008.3848,1007.546,1007.9155,11667.0
2026-03-10 13:20:00,1007.9654,1008.6345,1006.2579,1006.5375,25107.0
2026-03-10 13:25:00,1007.0817,1007.546,1006.5375,1007.546,10216.0
2026-03-10 13:30:00,1007.561,1007.561,1005.3193,1005.8785,9962.0
2026-03-10 13:35:00,1005.8382,1006.5824,1005.1096,1006.208,13772.0
2026-03-10 13:40:00,1006.3378,1006.4127,1004.7401,1004.79,8572.0
2026-03-10 13:45:00,1004.79,1005.519,1003.8314,1004.8799,12271.0
2026-03-10 13:50:00,1004.9199,1006.459,1004.7002,1005.9084,7694.0
2026-03-10 13:55:00,1006.0133,1006.4076,1004.6203,1004.8999,7698.0
2026-03-10 14:00:00,1005.449,1005.449,1004.0612,1004.0612,6224.0
2026-03-10 14:05:00,1004.5404,1004.7601,1004.0911,1004.7601,6827.0
2026-03-10 14:10:00,1004.2219,1004.5055,1001.5448,1001.5448,13153.0
2026-03-10 14:15:00,1001.5947,1001.9342,1000.1068,1000.3864,9719.0
2026-03-10 14:20:00,1000.0669,1002.2637,1000.0569,1001.8793,8819.0
2026-03-10 14:25:00,1001.8243,1003.472,1001.8243,1002.3736,6958.0
2026-03-10 14:30:00,1002.2737,1002.9727,1001.6746,1001.8144,6428.0
2026-03-10 14:35:00,1001.5203,1002.3835,1000.7859,1000.9306,10168.0
2026-03-10 14:40:00,1000.6061,1000.7659,1000.2466,1000.666,7142.0
2026-03-10 14:45:00,1000.5462,1000.8667,999.3081,1000.4963,11625.0
2026-03-10 14:50:00,1000.2267,1001.0255,998.8455,999.1782,15208.0
2026-03-10 14:55:00,999.2731,999.5676,998.2146,998.4193,16419.0
2026-03-10 15:00:00,998.6689,999.6575,998.4293,999.1882,8610.0
2026-03-10 15:05:00,999.166,999.3979,998.5492,998.9535,9844.0
2026-03-10 15:10:00,998.599,999.5277,998.0698,999.5277,9889.0
2026-03-10 15:15:00,999.338,999.4791,998.7489,998.9585,7130.0
2026-03-10 15:20:00,998.9585,999.3573,997.8801,997.8802,11804.0
2026-03-10 15:25:00,998.1297,998.1397,996.7817,996.7817,16145.0
2026-03-10 15:30:00,996.8116,996.9315,995.883,996.0777,21680.0
2026-03-10 15:35:00,996.0777,997.5106,996.0727,997.1611,17894.0
2026-03-10 15:40:00,997.2909,998.6589,996.3024,998.4343,23363.0
2026-03-10 15:45:00,998.4841,998.7388,997.7203,998.2695,21293.0
2026-03-10 15:50:00,998.5491,998.5491,996.0527,996.0527,46984.0
2026-03-10 15:55:00,996.1726,996.3922,994.8245,995.6633,99474.0
2026-03-11 09:30:00,994.8744,995.6034,990.0914,993.5564,29195.0
2026-03-11 09:35:00,993.2668,994.5549,992.169,993.5014,9675.0
2026-03-11 09:40:00,992.6478,994.0756,991.3496,993.5564,17527.0
2026-03-11 09:45:00,993.3666,993.8759,990.5607,992.2183,24121.0
2026-03-11 09:50:00,991.734,992.5578,989.7419,991.8588,11262.0
2026-03-11 09:55:00,991.5593,993.9758,990.8178,993.4865,8754.0
2026-03-11 10:00:00,993.0171,995.0542,992.9972,993.5813,16574.0
2026-03-11 10:05:00,993.5813,994.1056,992.0585,992.3182,15407.0
2026-03-11 10:10:00,992.6776,993.6163,992.0486,993.3017,11503.0
2026-03-11 10:15:00,993.3017,993.4964,990.9901,992.5378,20902.0
2026-03-11 10:20:00,992.5095,993.5564,989.9226,989.9226,19093.0
2026-03-11 10:25:00,990.4882,990.4882,988.8532,989.6221,8743.0
2026-03-11 10:30:00,989.6221,989.6221,986.4567,986.8762,23571.0
2026-03-11 10:35:00,987.4652,988.5636,987.1392,988.304,9005.0
2026-03-11 10:40:00,988.3682,989.3325,987.6749,988.978,10007.0
2026-03-11 10:45:00,988.973,990.5807,988.5636,989.7219,10682.0
2026-03-11 10:50:00,989.4024,990.0714,988.0444,989.1677,16351.0
2026-03-11 10:55:00,989.013,989.5622,988.5636,988.9131,5653.0
2026-03-11 11:00:00,989.1727,989.5622,988.5636,988.8033,13846.0
2026-03-11 11:05:00,989.013,990.346,989.013,990.2711,8301.0
2026-03-11 11:10:00,990.391,990.5208,989.2426,990.1763,10400.0
2026-03-11 11:15:00,990.1763,990.2306,989.0629,989.8677,6679.0
2026-03-11 11:20:00,989.8068,991.025,989.0629,991.025,11521.0
2026-03-11 11:25:00,991.025,991.3196,989.3125,989.3225,7622.0
2026-03-11 11:30:00,989.5122,989.9716,989.0529,989.6421,11252.0
2026-03-11 11:35:00,989.7968,991.0399,989.7968,991.0101,7001.0
2026-03-11 11:40:00,991.0101,991.0101,989.6021,990.5457,9937.0
2026-03-11 11:45:00,990.2911,990.7704,989.5622,989.692,7336.0
2026-03-11 11:50:00,989.692,990.8803,989.692,990.8603,4643.0
2026-03-11 11:55:00,990.8054,991.8339,990.7704,990.8803,7775.0
2026-03-11 12:00:00,990.5407,990.5407,989.1627,989.1627,7033.0
2026-03-11 12:05:00,989.1686,989.8118,988.5736,989.8118,6835.0
2026-03-11 12:10:00,989.5122,991.019,989.2526,991.019,7219.0
2026-03-11 12:15:00,990.9402,992.0186,990.356,991.8658,13949.0
2026-03-11 12:20:00,991.4494,992.9073,991.4494,992.2683,8562.0
2026-03-11 12:25:00,992.7875,993.5564,992.2582,993.1148,10825.0
2026-03-11 12:30:00,992.9859,995.1041,992.8674,995.0941,14013.0
2026-03-11 12:35:00,994.8894,995.5884,994.6747,995.5535,7983.0
2026-03-11 12:40:00,995.7032,995.9429,993.9455,994.2763,10568.0
2026-03-11 12:45:00,994.0357,995.194,993.8975,994.0556,4782.0
2026-03-11 12:50:00,994.2254,994.4201,993.117,994.3552,10166.0
2026-03-11 12:55:00,994.3951,994.7297,993.781,993.781,5223.0
2026-03-11 13:00:00,994.0556,994.5949,993.786,993.8959,4900.0
2026-03-11 13:05:00,993.7461,993.9458,993.5014,993.9458,9035.0
2026-03-11 13:10:00,993.9458,993.9957,992.5578,992.6776,10047.0
2026-03-11 13:15:00,992.7875,993.107,992.448,992.8174,4535.0
2026-03-11 13:20:00,992.9872,993.0526,992.2582,992.5678,5018.0
2026-03-11 13:25:00,992.5378,992.7875,992.1684,992.5578,3887.0
2026-03-11 13:30:00,992.7076,992.9572,992.7076,992.7326,2721.0
2026-03-11 13:35:00,992.7326,992.7326,989.5622,990.4109,6873.0
2026-03-11 13:40:00,990.376,991.2647,989.3924,989.3924,28952.0
2026-03-11 13:45:00,989.692,990.6106,989.4125,990.6106,4199.0
2026-03-11 13:50:00,990.8104,992.0984,990.6406,991.4894,4661.0
2026-03-11 13:55:00,991.4594,991.5393,990.6106,990.8303,4264.0
2026-03-11 14:00:00,990.9951,992.8424,990.6506,992.4929,5775.0
2026-03-11 14:05:00,992.5478,992.5478,990.376,990.376,7312.0
2026-03-11 14:10:00,990.6106,991.06,990.1214,990.7155,5642.0
2026-03-11 14:15:00,991.07,992.378,990.9222,992.2582,6978.0
2026-03-11 14:20:00,992.2882,992.7975,990.9801,991.07,6052.0
2026-03-11 14:25:00,991.2107,991.8888,991.02,991.734,11302.0
2026-03-11 14:30:00,991.9687,992.1085,990.351,990.4409,9637.0
2026-03-11 14:35:00,990.5857,990.8303,989.5623,989.7868,5363.0
2026-03-11 14:40:00,989.7818,990.4908,989.1977,989.4112,5166.0
2026-03-11 14:45:00,989.2027,989.3724,988.4937,988.8632,12027.0
2026-03-11 14:50:00,988.9131,989.5622,988.5636,989.2426,5995.0
2026-03-11 14:55:00,989.2426,989.8817,989.0629,989.672,7005.0
2026-03-11 15:00:00,989.682,989.682,988.4638,988.7908,8008.0
2026-03-11 15:05:00,988.8318,989.1927,988.8282,989.1767,4685.0
2026-03-11 15:10:00,989.013,989.1827,988.6436,989.0829,6113.0
2026-03-11 15:15:00,989.2826,989.7019,988.8432,989.0629,7595.0
2026-03-11 15:20:00,988.9531,988.9531,988.2041,988.4737,9342.0
2026-03-11 15:25:00,988.7733,988.9331,988.0643,988.7483,8623.0
2026-03-11 15:30:00,988.6535,989.3425,988.6036,989.2075,10525.0
2026-03-11 15:35:00,989.2127,989.2576,988.4737,988.9531,8922.0
2026-03-11 15:40:00,989.0829,989.6021,989.003,989.5821,11856.0
2026-03-11 15:45:00,989.672,990.2711,987.9295,987.9345,21968.0
2026-03-11 15:50:00,987.9345,991.2996,987.9345,990.6406,38485.0
2026-03-11 15:55:00,990.7854,991.8888,990.2961,990.7904,127637.0
2026-03-12 09:30:00,987.1756,988.5636,982.5723,985.558,50257.0
2026-03-12 09:35:00,985.568,989.3824,985.558,988.289,12451.0
2026-03-12 09:40:00,988.2461,988.2939,984.6993,987.2455,11033.0
2026-03-12 09:45:00,986.7762,988.6635,985.3982,988.1243,6676.0
2026-03-12 09:50:00,988.279,992.0186,988.279,991.4354,22546.0
2026-03-12 09:55:00,991.729,993.6362,990.6905,993.0171,20315.0
2026-03-12 10:00:00,992.7975,992.7975,989.0729,990.351,21450.0
2026-03-12 10:05:00,989.9516,990.4109,989.1727,990.2162,10331.0
2026-03-12 10:10:00,990.361,991.9986,989.9316,991.0999,10462.0
2026-03-12 10:15:00,990.3606,990.6406,988.5636,988.7786,9888.0
2026-03-12 10:20:00,988.963,989.1928,987.8846,988.0693,9000.0
2026-03-12 10:25:00,988.0793,988.8532,986.227,986.227,13692.0
2026-03-12 10:30:00,986.227,988.7533,985.8675,988.3639,9254.0
2026-03-12 10:35:00,988.2141,990.0515,988.2141,990.0515,9109.0
2026-03-12 10:40:00,989.7818,991.709,989.7619,991.3795,17798.0
2026-03-12 10:45:00,991.0999,993.0571,990.8203,992.0086,9365.0
2026-03-12 10:50:00,992.1185,992.9872,990.8703,990.8703,10025.0
2026-03-12 10:55:00,991.9287,993.9358,991.8788,992.8424,8800.0
2026-03-12 11:00:00,992.8424,993.4066,992.418,992.7276,6893.0
2026-03-12 11:05:00,992.9173,995.883,992.8798,995.6333,18021.0
2026-03-12 11:10:00,995.9729,997.251,995.7132,997.0513,14284.0
2026-03-12 11:15:00,997.1811,998.0741,995.9429,997.271,18269.0
2026-03-12 11:20:00,997.1212,998.0498,996.532,998.0498,12785.0
2026-03-12 11:25:00,997.6804,997.8351,996.552,996.9265,9475.0
2026-03-12 11:30:00,996.9215,997.8201,996.4922,997.5106,11419.0
2026-03-12 11:35:00,997.5106,999.0983,996.8516,998.0398,22125.0
2026-03-12 11:40:00,997.9999,999.0184,997.1312,998.4243,15508.0
2026-03-12 11:45:00,998.1497,998.7688,997.4307,998.2995,17441.0
2026-03-12 11:50:00,998.5092,998.619,997.5605,997.6754,9645.0
2026-03-12 11:55:00,997.5905,998.0398,996.7517,998.0398,10375.0
2026-03-12 12:00:00,998.3594,999.7773,998.3594,999.7474,10690.0
2026-03-12 12:05:00,999.7374,999.987,998.1697,998.649,12570.0
2026-03-12 12:10:00,998.3294,1000.7659,998.1896,1000.5063,17487.0
2026-03-12 12:15:00,1000.5013,1001.5947,1000.0369,1000.6111,19183.0
2026-03-12 12:20:00,1000.5961,1001.7744,1000.2268,1000.4963,18476.0
2026-03-12 12:25:00,1000.2766,1000.4663,998.0498,998.9685,19698.0
2026-03-12 12:30:00,998.4892,999.5277,997.7802,999.4778,13068.0
2026-03-12 12:35:00,999.4079,1000.4963,999.338,1000.0819,8412.0
2026-03-12 12:40:00,1000.0869,1000.5961,998.7598,999.333,9511.0
2026-03-12 12:45:00,999.333,999.333,997.5306,998.2995,11896.0
2026-03-12 12:50:00,998.4293,998.9086,997.7303,998.0398,10854.0
2026-03-12 12:55:00,998.3294,999.0184,997.7304,998.7488,7950.0
2026-03-12 13:00:00,998.7488,999.5477,998.1297,998.9385,15453.0
2026-03-12 13:05:00,998.6589,999.3679,996.562,996.8466,13508.0
2026-03-12 13:10:00,996.9714,998.3593,996.9514,997.4507,24028.0
2026-03-12 13:15:00,997.2909,998.2296,996.9015,998.0179,23347.0
2026-03-12 13:20:00,997.5705,999.7253,997.3409,999.5227,11889.0
2026-03-12 13:25:00,999.5776,999.8173,998.649,999.8173,9971.0
2026-03-12 13:30:00,1000.007,1000.5462,999.5277,1000.2217,7426.0
2026-03-12 13:35:00,1000.4963,1002.4434,1000.4464,1001.9442,19628.0
2026-03-12 13:40:00,1002.2537,1002.9128,1001.7446,1001.9741,12162.0
2026-03-12 13:45:00,1001.9791,1002.5233,1001.5148,1002.044,13170.0
2026-03-12 13:50:00,1001.7025,1003.0225,1001.7025,1002.3236,9870.0
2026-03-12 13:55:00,1002.1738,1003.5618,1001.7744,1003.5618,13372.0
2026-03-12 14:00:00,1003.6317,1004.6852,1002.7231,1003.0925,12945.0
2026-03-12 14:05:00,1003.0825,1004.0212,1002.8429,1003.6916,11735.0
2026-03-12 14:10:00,1003.452,1004.0911,1002.114,1002.4834,12084.0
2026-03-12 14:15:00,1002.8828,1003.2223,1002.1539,1002.2687,8281.0
2026-03-12 14:20:00,1002.2637,1002.5232,1001.2951,1001.6296,7699.0
2026-03-12 14:25:00,1001.6296,1002.1439,1001.6296,1002.089,6671.0
2026-03-12 14:30:00,1001.9242,1003.7515,1001.9242,1002.6432,10939.0
2026-03-12 14:35:00,1002.6032,1003.362,1002.2338,1002.9527,9026.0
2026-03-12 14:40:00,1002.6581,1002.8328,1001.9142,1002.5034,9713.0
2026-03-12 14:45:00,1002.5233,1002.5733,1001.7345,1002.0191,7540.0
2026-03-12 14:50:00,1001.7245,1002.1839,1001.3151,1001.9242,8424.0
2026-03-12 14:55:00,1001.9941,1002.0291,1001.345,1001.8044,6447.0
2026-03-12 15:00:00,1001.9841,1002.484,1001.5248,1002.044,13337.0
2026-03-12 15:05:00,1002.044,1004.2408,1001.9991,1003.422,23667.0
2026-03-12 15:10:00,1003.3322,1004.2608,1003.1225,1004.0511,16571.0
2026-03-12 15:15:00,1004.0611,1004.2508,1002.5832,1003.2872,19998.0
2026-03-12 15:20:00,1003.7016,1004.6253,1003.1424,1003.8239,16671.0
2026-03-12 15:25:00,1003.6417,1004.2309,1003.1924,1004.2159,26463.0
2026-03-12 15:30:00,1004.0411,1004.7501,1003.462,1004.156,21792.0
2026-03-12 15:35:00,1004.156,1004.3107,1002.7932,1003.452,22787.0
2026-03-12 15:40:00,1003.5169,1003.5718,1002.8229,1002.9228,17072.0
2026-03-12 15:45:00,1002.9228,1003.7416,1001.5997,1001.7495,36499.0
2026-03-12 15:50:00,1001.6746,1004.2608,1001.0655,1003.0476,63365.0
2026-03-12 15:55:00,1003.0476,1003.4021,1001.375,1002.094,93529.0
2026-03-13 09:30:00,1004.4405,1007.1266,1000.5462,1004.2309,57346.0
2026-03-13 09:35:00,1004.141,1009.0638,1004.111,1008.1052,31013.0
2026-03-13 09:40:00,1008.0054,1010.5317,1007.576,1009.5656,32022.0
2026-03-13 09:45:00,1009.5381,1010.5317,1008.1951,1009.5331,22123.0
2026-03-13 09:50:00,1009.5531,1010.5317,1007.4162,1008.1552,12900.0
2026-03-13 09:55:00,1008.0753,1009.989,1008.0753,1009.0139,9253.0
2026-03-13 10:00:00,1009.2835,1010.7713,1008.5546,1010.1323,14252.0
2026-03-13 10:05:00,1010.8312,1011.3206,1008.3948,1008.5546,20523.0
2026-03-13 10:10:00,1008.3948,1008.4397,1005.8185,1006.0832,23423.0
2026-03-13 10:15:00,1006.0882,1008.6544,1005.6688,1007.7457,19734.0
2026-03-13 10:20:00,1007.9255,1008.7543,1007.5161,1008.2101,11632.0
2026-03-13 10:25:00,1007.5161,1009.0239,1007.1965,1007.6559,15145.0
2026-03-13 10:30:00,1008.1901,1011.1009,1008.1901,1010.4318,20941.0
2026-03-13 10:35:00,1010.0724,1010.7564,1009.4732,1009.4932,10501.0
2026-03-13 10:40:00,1009.2136,1009.6729,1007.576,1008.1202,9221.0
2026-03-13 10:45:00,1008.1202,1011.3605,1008.1202,1011.011,10148.0
2026-03-13 10:50:00,1011.011,1011.031,1009.4033,1009.7828,21055.0
2026-03-13 10:55:00,1010.1522,1010.1522,1008.6146,1008.6557,12654.0
2026-03-13 11:00:00,1009.0588,1009.0588,1007.0568,1007.8706,9357.0
2026-03-13 11:05:00,1008.3349,1010.2821,1008.0454,1010.0724,11793.0
2026-03-13 11:10:00,1009.9127,1011.3405,1009.9127,1010.9012,13245.0
2026-03-13 11:15:00,1011.3505,1011.3505,1009.8876,1010.0824,11556.0
2026-03-13 11:20:00,1009.9176,1010.2321,1007.3363,1007.566,13139.0
2026-03-13 11:25:00,1007.2465,1007.2664,1003.7687,1004.121,16158.0
2026-03-13 11:30:00,1004.2209,1005.3492,1003.6217,1005.0596,8896.0
2026-03-13 11:35:00,1005.5489,1007.3263,1004.5404,1006.8271,9892.0
2026-03-13 11:40:00,1006.1382,1007.0667,1005.7686,1007.0667,11960.0
2026-03-13 11:45:00,1007.4362,1008.4847,1006.4676,1006.4676,13939.0
2026-03-13 11:50:00,1007.0867,1007.7707,1006.5575,1007.7707,10494.0
2026-03-13 11:55:00,1007.7457,1008.1776,1007.1866,1007.596,7819.0
2026-03-13 12:00:00,1007.8905,1008.8042,1007.7258,1008.7143,12446.0
2026-03-13 12:05:00,1009.0239,1009.7229,1008.5945,1009.7229,10921.0
2026-03-13 12:10:00,1009.8028,1009.8029,1008.285,1008.5346,6790.0
2026-03-13 12:15:00,1008.8541,1008.919,1007.2964,1008.1152,6876.0
2026-03-13 12:20:00,1008.0952,1008.235,1007.5061,1007.5361,6370.0
2026-03-13 12:25:00,1007.5161,1008.26,1006.937,1007.3114,6010.0
2026-03-13 12:30:00,1007.3064,1007.8955,1006.203,1006.203,8116.0
2026-03-13 12:35:00,1006.4476,1007.556,1006.4476,1006.867,4894.0
2026-03-13 12:40:00,1006.7122,1007.0667,1006.0882,1006.1181,5651.0
2026-03-13 12:45:00,1006.3078,1007.4562,1006.0882,1007.4262,7827.0
2026-03-13 12:50:00,1007.1167,1007.4162,1006.3179,1007.0717,10177.0
2026-03-13 12:55:00,1007.0667,1007.4358,1005.6787,1005.8086,9988.0
2026-03-13 13:00:00,1006.2479,1006.2579,1004.5204,1005.6588,16649.0
2026-03-13 13:05:00,1005.509,1007.1316,1005.509,1006.4676,8176.0
2026-03-13 13:10:00,1006.7172,1007.4362,1006.3677,1007.3863,6586.0
2026-03-13 13:15:00,1007.3264,1007.3264,1006.1581,1006.5375,7366.0
2026-03-13 13:20:00,1006.4976,1007.0268,1005.9485,1006.4376,10180.0
2026-03-13 13:25:00,1006.2533,1006.6374,1005.6588,1006.5375,6903.0
2026-03-13 13:30:00,1006.5325,1006.5325,1005.4691,1006.1581,8378.0
2026-03-13 13:35:00,1006.228,1006.3977,1005.3692,1006.1231,6784.0
2026-03-13 13:40:00,1006.1231,1006.4626,1005.6688,1006.0981,6175.0
2026-03-13 13:45:00,1005.8599,1006.5274,1005.3193,1005.3742,8161.0
2026-03-13 13:50:00,1005.2594,1006.0382,1005.1895,1005.3942,8740.0
2026-03-13 13:55:00,1005.5589,1005.8185,1004.4455,1004.9947,7456.0
2026-03-13 14:00:00,1004.6502,1008.5346,1004.4006,1007.6059,15219.0
2026-03-13 14:05:00,1007.9654,1008.0853,1006.4377,1006.5375,6733.0
2026-03-13 14:10:00,1006.4376,1007.2365,1006.218,1007.2365,10390.0
2026-03-13 14:15:00,1007.3563,1007.8855,1005.3293,1005.6188,14416.0
2026-03-13 14:20:00,1005.539,1006.0782,1004.79,1004.79,9077.0
2026-03-13 14:25:00,1004.7751,1005.3592,1004.3207,1005.0347,7322.0
2026-03-13 14:30:00,1005.0347,1006.1081,1005.0347,1006.1081,9511.0
2026-03-13 14:35:00,1006.0882,1007.2365,1006.0183,1007.2365,6023.0
2026-03-13 14:40:00,1007.3963,1007.671,1006.8971,1007.671,7038.0
2026-03-13 14:45:00,1007.6559,1008.0253,1007.2764,1008.0253,8319.0
2026-03-13 14:50:00,1007.4362,1007.6309,1007.2465,1007.566,9707.0
2026-03-13 14:55:00,1007.576,1007.9155,1006.8321,1007.2115,7515.0
2026-03-13 15:00:00,1007.1366,1007.1666,1005.7686,1005.8984,5808.0
2026-03-13 15:05:00,1006.0232,1006.6673,1005.8385,1006.0232,12027.0
2026-03-13 15:10:00,1005.7687,1006.4476,1005.7687,1006.0582,6356.0
2026-03-13 15:15:00,1006.2779,1006.5475,1005.4054,1005.5824,10244.0
2026-03-13 15:20:00,1005.7486,1006.0083,1004.6213,1004.8599,6744.0
2026-03-13 15:25:00,1004.6303,1005.2494,1004.4206,1005.2044,11058.0
2026-03-13 15:30:00,1005.142,1006.2755,1005.142,1005.7586,16385.0
2026-03-13 15:35:00,1005.7786,1006.1081,1004.0212,1004.2958,17898.0
2026-03-13 15:40:00,1004.2358,1004.4306,1003.2822,1003.7116,13011.0
2026-03-13 15:45:00,1003.8065,1005.0796,1003.2523,1004.84,17957.0
2026-03-13 15:50:00,1004.7201,1006.887,1003.1035,1005.7786,46837.0
2026-03-13 15:55:00,1006.5575,1007.3563,1006.0482,1006.8471,114038.0
2026-03-16 09:30:00,1009.0339,1011.1808,1005.0397,1005.8934,45507.0
2026-03-16 09:35:00,1005.7337,1005.7337,1002.2074,1002.753,17163.0
2026-03-16 09:40:00,1002.518,1004.6303,1001.5448,1003.8214,18751.0
2026-03-16 09:45:00,1004.1809,1006.0282,1004.1809,1005.0696,30085.0
2026-03-16 09:50:00,1005.0646,1005.0646,1002.1738,1002.7031,12361.0
2026-03-16 09:55:00,1002.3436,1004.7151,1001.9142,1002.9128,11115.0
2026-03-16 10:00:00,1002.9128,1003.6817,1002.044,1003.4419,19913.0
2026-03-16 10:05:00,1003.0426,1004.5304,1002.5433,1004.0811,16590.0
2026-03-16 10:10:00,1004.4405,1004.5422,1002.6731,1002.9527,15076.0
2026-03-16 10:15:00,1002.2338,1003.9163,1001.9242,1003.2273,18279.0
2026-03-16 10:20:00,1003.5318,1005.3293,1002.6433,1002.6433,25687.0
2026-03-16 10:25:00,1003.0925,1003.1674,1001.1254,1001.2052,14877.0
2026-03-16 10:30:00,1001.1054,1001.1953,998.0398,998.5391,14763.0
2026-03-16 10:35:00,998.2595,998.5491,996.552,996.552,12051.0
2026-03-16 10:40:00,996.0627,996.3223,995.5435,995.7132,8498.0
2026-03-16 10:45:00,996.0328,996.6519,994.7746,995.3887,19872.0
2026-03-16 10:50:00,994.6747,995.7632,994.6747,995.7632,12703.0
2026-03-16 10:55:00,995.7831,995.7831,993.9858,995.375,33040.0
2026-03-16 11:00:00,995.2439,997.0513,994.9144,996.1326,13610.0
2026-03-16 11:05:00,995.5035,996.1126,994.7546,995.4736,8347.0
2026-03-16 11:10:00,995.1041,995.2938,994.0556,994.5749,10313.0
2026-03-16 11:15:00,994.9927,996.7168,994.5749,996.3922,16460.0
2026-03-16 11:20:00,996.6269,997.6703,996.2924,997.271,9450.0
2026-03-16 11:25:00,997.0713,997.4932,996.2574,996.3708,5988.0
2026-03-16 11:30:00,996.2624,997.4507,996.2624,996.8316,7801.0
2026-03-16 11:35:00,996.8915,998.2196,996.6119,998.1097,9007.0
2026-03-16 11:40:00,998.0114,998.0114,996.622,997.3708,5633.0
2026-03-16 11:45:00,997.3009,998.6589,997.0113,998.1347,6637.0
2026-03-16 11:50:00,998.1497,998.4393,996.9514,997.2909,8368.0
2026-03-16 11:55:00,997.3409,998.3294,996.8016,997.6554,7579.0
2026-03-16 12:00:00,997.7802,998.4892,997.4557,997.7603,13318.0
2026-03-16 12:05:00,998.0299,999.0684,997.5601,998.8986,10456.0
2026-03-16 12:10:00,999.0234,1000.9356,999.0234,999.5576,16023.0
2026-03-16 12:15:00,1000.2666,1000.6511,998.4293,1000.2666,5349.0
2026-03-16 12:20:00,1000.1056,1000.7673,999.1183,999.1183,6749.0
2026-03-16 12:25:00,999.4678,1000.3465,998.9186,1000.3465,5913.0
2026-03-16 12:30:00,1000.3565,1000.3565,998.699,999.1367,6252.0
2026-03-16 12:35:00,999.0184,999.6974,998.6789,999.6974,4556.0
2026-03-16 12:40:00,999.579,1000.2267,999.5177,1000.012,4977.0
2026-03-16 12:45:00,999.8173,1000.3066,999.5477,1000.2566,6483.0
2026-03-16 12:50:00,1000.3115,1000.5861,999.9371,1000.4314,5582.0
2026-03-16 12:55:00,1000.5162,1000.706,999.6974,999.6974,4579.0
2026-03-16 13:00:00,999.9471,1000.9157,998.9478,999.9395,7178.0
2026-03-16 13:05:00,999.9221,1000.7409,999.5576,1000.5662,4599.0
2026-03-16 13:10:00,1001.0055,1001.4349,1000.706,1000.9157,4284.0
2026-03-16 13:15:00,1000.9057,1001.1354,999.4428,999.7673,4527.0
2026-03-16 13:20:00,999.9221,999.9221,998.7588,999.3829,5787.0
2026-03-16 13:25:00,999.1882,999.997,999.1582,999.1582,7101.0
2026-03-16 13:30:00,999.308,999.997,998.9585,999.5877,4297.0
2026-03-16 13:35:00,999.5876,1000.4064,999.5876,1000.1767,10625.0
2026-03-16 13:40:00,999.9842,1000.2137,999.5477,999.9071,10119.0
2026-03-16 13:45:00,999.5177,1000.1867,999.2131,999.2131,10353.0
2026-03-16 13:50:00,998.8087,1000.007,998.7888,999.5921,6436.0
2026-03-16 13:55:00,1000.0299,1000.3565,999.5776,999.6875,4540.0
2026-03-16 14:00:00,1000.017,1001.1776,999.7345,1000.4314,13145.0
2026-03-16 14:05:00,1000.4613,1000.8856,1000.0869,1000.7967,4458.0
2026-03-16 14:10:00,1000.7559,1000.7559,999.338,999.8372,8864.0
2026-03-16 14:15:00,999.997,1000.5762,999.5377,1000.1312,5778.0
2026-03-16 14:20:00,1000.2716,1000.5861,999.967,1000.2416,5704.0
2026-03-16 14:25:00,1000.2416,1000.6061,1000.1468,1000.1718,6708.0
2026-03-16 14:30:00,1000.1668,1000.4663,999.5576,999.7224,4637.0
2026-03-16 14:35:00,999.8273,999.9221,999.2181,999.5377,4639.0
2026-03-16 14:40:00,999.8173,1000.8458,999.4877,1000.8458,4936.0
2026-03-16 14:45:00,1001.0255,1001.1154,1000.676,1000.8939,5099.0
2026-03-16 14:50:00,1000.4673,1001.5448,1000.4673,1001.2378,5833.0
2026-03-16 14:55:00,1001.2452,1002.1664,1001.1653,1001.3351,7408.0
2026-03-16 15:00:00,1001.5647,1001.5647,1000.9656,1001.2452,4665.0
2026-03-16 15:05:00,1001.5448,1002.1075,1000.716,1001.1503,11001.0
2026-03-16 15:10:00,1001.5647,1001.8843,1000.0569,1000.5262,10292.0
2026-03-16 15:15:00,1000.7809,1002.0041,1000.7809,1001.4449,6114.0
2026-03-16 15:20:00,1001.4,1001.7345,1000.5462,1000.6461,8257.0
2026-03-16 15:25:00,1000.5462,1001.7915,1000.0469,1001.1853,9234.0
2026-03-16 15:30:00,1001.3051,1002.044,1000.8657,1001.1453,12305.0
2026-03-16 15:35:00,1001.3251,1001.6546,1000.9257,1001.2251,9556.0
2026-03-16 15:40:00,1001.2252,1001.4749,1000.5163,1000.8757,11142.0
2026-03-16 15:45:00,1001.0375,1001.0375,999.3879,1000.0669,15924.0
2026-03-16 15:50:00,1000.2466,1001.8942,999.2381,999.8173,41642.0
2026-03-16 15:55:00,999.8173,1001.3251,999.8173,1000.2966,76442.0
2026-03-17 09:30:00,1005.0297,1005.0297,998.3494,1000.8508,53404.0
2026-03-17 09:35:00,1000.8508,1001.9741,998.8736,999.887,11676.0
2026-03-17 09:40:00,1000.676,1002.094,999.0783,1001.35,15285.0
2026-03-17 09:45:00,1001.6945,1004.131,1001.0255,1001.3151,30812.0
2026-03-17 09:50:00,1001.5248,1003.3821,999.0883,1003.3821,17186.0
2026-03-17 09:55:00,1003.3821,1004.3107,1003.3621,1004.0012,14491.0
2026-03-17 10:00:00,1003.8414,1004.0711,1002.4035,1002.4734,21862.0
2026-03-17 10:05:00,1002.2238,1003.3521,1001.5547,1002.9028,5933.0
2026-03-17 10:10:00,1003.2323,1003.2323,1000.9456,1001.0655,14132.0
2026-03-17 10:15:00,1001.0655,1002.5079,1000.894,1001.8743,13652.0
2026-03-17 10:20:00,1001.8693,1003.6367,1001.5049,1003.1424,10212.0
2026-03-17 10:25:00,1003.1874,1005.172,1002.6132,1004.3107,44270.0
2026-03-17 10:30:00,1004.79,1005.7636,1004.0881,1004.9498,11614.0
2026-03-17 10:35:00,1004.9199,1005.6538,1003.6916,1003.9563,8849.0
2026-03-17 10:40:00,1003.9563,1005.2094,1003.9563,1005.1196,4225.0
2026-03-17 10:45:00,1005.2194,1005.4291,1004.5204,1005.2244,8084.0
2026-03-17 10:50:00,1005.509,1005.8185,1004.8599,1004.9298,9682.0
2026-03-17 10:55:00,1004.2708,1005.0297,1003.8214,1004.3706,7697.0
2026-03-17 11:00:00,1005.1794,1005.3992,1004.5904,1005.1395,4718.0
2026-03-17 11:05:00,1004.9099,1006.1531,1004.9099,1006.0582,11845.0
2026-03-17 11:10:00,1006.0632,1006.3577,1005.6489,1006.0981,8006.0
2026-03-17 11:15:00,1006.0033,1006.208,1005.499,1006.208,8284.0
2026-03-17 11:20:00,1006.0882,1006.2479,1005.3592,1005.8585,9138.0
2026-03-17 11:25:00,1006.3578,1006.6324,1005.8485,1006.1181,10167.0
2026-03-17 11:30:00,1006.218,1006.218,1004.81,1004.81,6603.0
2026-03-17 11:35:00,1004.7102,1005.0596,1004.5204,1004.7401,5550.0
2026-03-17 11:40:00,1004.7401,1004.785,1004.0611,1004.4805,6402.0
2026-03-17 11:45:00,1004.4705,1004.8699,1004.3557,1004.4606,5347.0
2026-03-17 11:50:00,1004.7351,1005.2394,1004.4605,1004.9748,5178.0
2026-03-17 11:55:00,1004.7102,1004.8699,1004.141,1004.3567,3551.0
2026-03-17 12:00:00,1004.141,1004.141,1002.9727,1003.5917,5130.0
2026-03-17 12:05:00,1003.5918,1003.9213,1002.9627,1003.2423,5347.0
2026-03-17 12:10:00,1003.5119,1003.7612,1002.9627,1003.5318,7453.0
2026-03-17 12:15:00,1003.2223,1003.7316,1003.0925,1003.3022,3877.0
2026-03-17 12:20:00,1003.7416,1004.101,1003.2723,1004.101,4013.0
2026-03-17 12:25:00,1003.5618,1003.9213,1003.0626,1003.0626,4896.0
2026-03-17 12:30:00,1002.7929,1003.5019,1002.5592,1002.8529,5081.0
2026-03-17 12:35:00,1003.2473,1003.7416,1002.8529,1003.542,6938.0
2026-03-17 12:40:00,1003.5419,1003.5918,1002.9727,1003.2772,2728.0
2026-03-17 12:45:00,1003.2772,1003.6617,1003.2123,1003.4919,3435.0
2026-03-17 12:50:00,1003.3222,1003.9513,1003.3222,1003.5269,4757.0
2026-03-17 12:55:00,1003.472,1003.472,1001.6646,1001.6646,4832.0
2026-03-17 13:00:00,1001.8094,1002.5432,1000.9606,1002.4035,10150.0
2026-03-17 13:05:00,1002.3136,1002.5433,1002.0241,1002.4634,2786.0
2026-03-17 13:10:00,1002.2937,1002.2937,1001.2352,1001.8044,4586.0
2026-03-17 13:15:00,1001.4749,1001.4749,1000.7559,1001.345,4181.0
2026-03-17 13:20:00,1001.0355,1001.3151,1000.7986,1001.0754,3469.0
2026-03-17 13:25:00,1001.2152,1001.3251,1000.8558,1001.1442,6658.0
2026-03-17 13:30:00,1000.9257,1000.9257,999.4877,999.6676,6790.0
2026-03-17 13:35:00,999.7074,999.8316,998.3295,999.0285,8934.0
2026-03-17 13:40:00,999.2481,999.3424,998.4493,998.8337,4631.0
2026-03-17 13:45:00,998.9885,999.318,998.9186,999.2581,4821.0
2026-03-17 13:50:00,999.0783,999.9271,999.0084,999.4948,4534.0
2026-03-17 13:55:00,999.7474,1000.5462,999.7074,1000.0071,9299.0
2026-03-17 14:00:00,1000.1568,1000.3708,998.609,999.5776,8341.0
2026-03-17 14:05:00,999.6275,999.6575,999.3479,999.5227,2341.0
2026-03-17 14:10:00,999.5127,999.6475,999.1983,999.308,5729.0
2026-03-17 14:15:00,999.4278,999.5626,999.0883,999.4478,5948.0
2026-03-17 14:20:00,999.3579,999.3579,997.96,998.0598,12077.0
2026-03-17 14:25:00,997.9749,998.1197,997.0163,998.0948,7036.0
2026-03-17 14:30:00,998.0898,998.2396,997.3808,998.2396,8170.0
2026-03-17 14:35:00,998.2396,998.2396,996.2925,996.572,9544.0
2026-03-17 14:40:00,996.572,996.6619,996.1326,996.1326,5172.0
2026-03-17 14:45:00,996.1576,997.0762,996.1576,996.9614,6402.0
2026-03-17 14:50:00,996.8216,996.9614,996.3773,996.6519,7390.0
2026-03-17 14:55:00,996.6019,996.6019,995.3388,995.4286,9935.0
2026-03-17 15:00:00,995.6433,995.7232,995.174,995.6933,6647.0
2026-03-17 15:05:00,995.6933,995.7332,995.0043,995.3338,6511.0
2026-03-17 15:10:00,995.1291,995.5434,994.6648,995.1241,6540.0
2026-03-17 15:15:00,995.3338,995.5834,995.1041,995.4636,7640.0
2026-03-17 15:20:00,995.2639,995.2739,994.5549,994.5549,9635.0
2026-03-17 15:25:00,994.6348,994.8045,994.1705,994.3752,12304.0
2026-03-17 15:30:00,994.2603,994.4251,993.8409,994.1355,9688.0
2026-03-17 15:35:00,994.2953,994.3053,993.5564,993.6462,16230.0
2026-03-17 15:40:00,993.6472,994.4251,993.5564,994.0856,20125.0
2026-03-17 15:45:00,994.0057,994.0647,993.3067,993.7326,23447.0
2026-03-17 15:50:00,993.816,994.9989,993.7461,994.0506,26143.0
2026-03-17 15:55:00,993.786,995.4037,993.5164,995.0742,69229.0
2026-03-18 09:30:00,988.9331,992.5397,988.0643,989.2027,25920.0
2026-03-18 09:35:00,989.2027,990.386,987.6549,989.692,10538.0
2026-03-18 09:40:00,989.9432,991.6991,988.3889,990.9402,11496.0
2026-03-18 09:45:00,990.5108,991.9387,989.5921,989.7169,12908.0
2026-03-18 09:50:00,989.8517,990.5857,986.8861,987.3753,13889.0
2026-03-18 09:55:00,987.4153,988.4137,986.8861,988.4137,10082.0
2026-03-18 10:00:00,987.7198,988.5636,987.3953,987.8347,8803.0
2026-03-18 10:05:00,987.8047,987.8247,985.5879,987.0358,16533.0
2026-03-18 10:10:00,987.3153,987.4851,985.7877,986.2919,9751.0
2026-03-18 10:15:00,986.222,988.963,985.523,988.8782,22820.0
2026-03-18 10:20:00,988.8682,989.5622,988.4738,988.9281,10600.0
2026-03-18 10:25:00,988.7164,988.968,987.0658,987.0658,9041.0
2026-03-18 10:30:00,986.946,987.4452,986.1022,986.4267,9697.0
2026-03-18 10:35:00,986.8761,986.936,984.4696,986.3069,15532.0
2026-03-18 10:40:00,986.4068,987.3953,986.0672,986.6764,6473.0
2026-03-18 10:45:00,986.6664,987.8046,986.212,986.212,8117.0
2026-03-18 10:50:00,986.4217,987.1607,986.1971,986.8362,7170.0
2026-03-18 10:55:00,986.8362,987.5651,986.5665,987.5651,10156.0
2026-03-18 11:00:00,987.4652,987.6499,986.6764,987.2056,7226.0
2026-03-18 11:05:00,987.1057,988.0793,987.1057,987.7297,7320.0
2026-03-18 11:10:00,987.7248,987.7248,986.5366,986.5665,11248.0
2026-03-18 11:15:00,986.9308,987.2555,984.2,985.0188,11875.0
2026-03-18 11:20:00,984.7092,984.7092,984.0701,984.5295,6672.0
2026-03-18 11:25:00,984.4146,985.4631,984.0701,984.7444,8843.0
2026-03-18 11:30:00,984.9788,986.0173,984.7192,986.0173,5371.0
2026-03-18 11:35:00,985.9674,986.7762,985.1387,986.5465,7384.0
2026-03-18 11:40:00,986.4866,986.4866,985.2384,985.3383,7486.0
2026-03-18 11:45:00,985.5579,985.8875,985.1186,985.3183,7494.0
2026-03-18 11:50:00,985.548,987.0658,985.2585,987.0658,9030.0
2026-03-18 11:55:00,986.7463,987.4152,986.217,986.906,3712.0
2026-03-18 12:00:00,986.6065,986.896,985.9474,986.896,8271.0
2026-03-18 12:05:00,986.6164,986.9859,986.5166,986.6664,4829.0
2026-03-18 12:10:00,986.8311,987.8153,986.7612,987.8153,7282.0
2026-03-18 12:15:00,987.7049,987.7348,986.5965,986.7463,8588.0
2026-03-18 12:20:00,986.9085,987.0658,985.9175,986.4068,4256.0
2026-03-18 12:25:00,986.4068,986.6963,985.9175,985.9175,4772.0
2026-03-18 12:30:00,985.6678,986.4068,985.558,985.6479,11434.0
2026-03-18 12:35:00,985.8076,986.956,985.638,986.956,8060.0
2026-03-18 12:40:00,986.6963,987.0358,986.4068,986.7463,5213.0
2026-03-18 12:45:00,986.5154,989.013,986.4367,988.7533,13448.0
2026-03-18 12:50:00,988.6934,988.6934,987.625,987.6549,7537.0
2026-03-18 12:55:00,987.5151,987.7149,986.3768,986.5565,6609.0
2026-03-18 13:00:00,986.5615,986.9859,986.227,986.9859,6849.0
2026-03-18 13:05:00,986.9859,986.9909,985.0687,985.0687,6091.0
2026-03-18 13:10:00,985.0088,985.0088,982.7521,982.8719,16876.0
2026-03-18 13:15:00,983.0516,983.3063,982.113,982.7471,12920.0
2026-03-18 13:20:00,982.7471,983.1814,982.3626,983.0566,8392.0
2026-03-18 13:25:00,982.9618,983.0716,982.6921,983.0516,8232.0
2026-03-18 13:30:00,982.8719,984.5593,982.3227,984.2099,10294.0
2026-03-18 13:35:00,984.4895,984.5694,983.8205,983.9703,7259.0
2026-03-18 13:40:00,983.8305,984.3148,983.3712,983.5609,8611.0
2026-03-18 13:45:00,983.5659,984.3148,983.1915,983.9953,6200.0
2026-03-18 13:50:00,983.8455,984.9189,983.7007,984.9089,7365.0
2026-03-18 13:55:00,984.7167,985.1186,984.4945,985.0437,5712.0
2026-03-18 14:00:00,985.3881,985.7178,984.6693,985.4232,8320.0
2026-03-18 14:05:00,985.4232,985.5879,984.2354,984.3098,9278.0
2026-03-18 14:10:00,984.5594,984.6393,983.5809,984.1111,10584.0
2026-03-18 14:15:00,984.0502,984.0502,982.8319,983.3712,8712.0
2026-03-18 14:20:00,983.2064,984.3597,983.1615,984.3597,5542.0
2026-03-18 14:25:00,984.4496,985.3083,984.4496,984.7492,5662.0
2026-03-18 14:30:00,985.0587,985.2984,983.1814,983.2314,13406.0
2026-03-18 14:35:00,983.0816,984.2998,982.9368,983.1016,10868.0
2026-03-18 14:40:00,982.9667,984.5395,982.3726,983.8629,15470.0
2026-03-18 14:45:00,983.8105,984.839,983.6309,984.4696,6581.0
2026-03-18 14:50:00,984.0701,984.4895,983.6907,984.0901,8197.0
2026-03-18 14:55:00,984.3098,984.8191,983.9503,984.1301,10641.0
2026-03-18 15:00:00,984.4396,984.9289,984.0202,984.889,10505.0
2026-03-18 15:05:00,984.7591,984.869,984.0352,984.18,12098.0
2026-03-18 15:10:00,984.185,984.185,983.0416,983.6108,9574.0
2026-03-18 15:15:00,983.6607,983.8605,982.822,983.471,10757.0
2026-03-18 15:20:00,983.3861,983.8555,982.782,983.1915,11326.0
2026-03-18 15:25:00,983.3312,983.8205,982.5324,982.6971,14538.0
2026-03-18 15:30:00,982.7571,984.15,982.5324,984.0602,18433.0
2026-03-18 15:35:00,984.15,984.5295,982.7221,983.4061,27422.0
2026-03-18 15:40:00,983.3112,983.5609,982.9418,983.3612,15990.0
2026-03-18 15:45:00,983.2214,983.3162,981.7935,982.0531,21964.0
2026-03-18 15:50:00,982.1529,983.3612,979.0774,979.3969,55270.0
2026-03-18 15:55:00,979.3969,979.4668,976.7208,978.4982,150081.0
2026-03-19 09:30:00,984.4097,987.3554,981.1245,982.807,59737.0
2026-03-19 09:35:00,983.0267,984.7591,980.6152,982.6622,15537.0
2026-03-19 09:40:00,982.2019,982.782,979.4868,982.123,18257.0
2026-03-19 09:45:00,982.1829,984.21,981.5738,982.7271,31672.0
2026-03-19 09:50:00,982.7321,984.859,982.2378,983.5209,18427.0
2026-03-19 09:55:00,983.1415,983.1615,981.3157,981.7835,9178.0
2026-03-19 10:00:00,981.9582,982.812,979.8363,979.9561,7857.0
2026-03-19 10:05:00,979.5267,981.4739,978.9576,981.3391,13189.0
2026-03-19 10:10:00,981.2043,981.8833,980.4654,980.4654,13451.0
2026-03-19 10:15:00,979.6865,980.5651,978.5881,980.1059,11328.0
2026-03-19 10:20:00,980.1708,981.5338,979.9861,980.1608,9008.0
2026-03-19 10:25:00,980.036,980.036,978.1987,978.2586,8148.0
2026-03-19 10:30:00,978.2087,980.2407,978.2087,980.2407,10363.0
2026-03-19 10:35:00,980.1409,980.5353,977.3299,978.2186,10005.0
2026-03-19 10:40:00,978.5182,979.9461,978.5182,979.1373,7859.0
2026-03-19 10:45:00,979.5667,979.5867,977.969,978.5032,9115.0
2026-03-19 10:50:00,978.5681,978.5681,976.5211,976.9305,7810.0
2026-03-19 10:55:00,976.8107,976.8107,974.9284,975.0782,14039.0
2026-03-19 11:00:00,975.0732,975.3628,973.1392,975.1631,18686.0
2026-03-19 11:05:00,975.193,976.2016,974.4541,975.233,11571.0
2026-03-19 11:10:00,975.213,975.8521,974.5739,975.5825,11838.0
2026-03-19 11:15:00,975.4778,975.9819,973.5854,973.7451,11285.0
2026-03-19 11:20:00,973.7771,974.0547,969.2966,970.1803,15731.0
2026-03-19 11:25:00,969.4514,970.5997,969.002,970.3051,14311.0
2026-03-19 11:30:00,970.42,970.44,969.3266,969.9688,12632.0
2026-03-19 11:35:00,969.751,971.7181,969.751,971.5783,12856.0
2026-03-19 11:40:00,971.3586,972.2773,971.109,971.3387,7840.0
2026-03-19 11:45:00,971.3387,973.0262,970.9792,972.5868,6231.0
2026-03-19 11:50:00,972.0975,972.5768,971.5983,972.5569,6723.0
2026-03-19 11:55:00,972.457,973.4755,972.3542,973.3158,18986.0
2026-03-19 12:00:00,973.2658,973.8051,972.8365,972.9513,11892.0
2026-03-19 12:05:00,972.9263,973.7252,972.7865,973.6653,5946.0
2026-03-19 12:10:00,973.5754,973.9748,972.7766,973.9748,5334.0
2026-03-19 12:15:00,973.9299,975.7173,973.6353,975.5326,10106.0
2026-03-19 12:20:00,975.1831,975.7422,972.9463,972.9563,21640.0
2026-03-19 12:25:00,972.8265,974.554,972.6467,973.9708,19682.0
2026-03-19 12:30:00,973.855,974.8036,973.5955,974.6588,4394.0
2026-03-19 12:35:00,974.2444,974.2444,972.8964,973.865,5537.0
2026-03-19 12:40:00,973.9848,974.8835,973.7852,974.504,7165.0
2026-03-19 12:45:00,974.2544,975.223,974.0996,974.8336,12454.0
2026-03-19 12:50:00,974.7537,974.9035,973.2109,974.7737,21534.0
2026-03-19 12:55:00,974.5839,975.203,974.4142,974.7437,11700.0
2026-03-19 13:00:00,974.544,975.1231,974.4941,974.7038,6488.0
2026-03-19 13:05:00,974.6938,975.0333,974.3742,974.4691,8155.0
2026-03-19 13:10:00,974.4941,974.8935,974.2444,974.8236,9442.0
2026-03-19 13:15:00,974.9933,977.5596,974.7237,977.5596,5998.0
2026-03-19 13:20:00,977.4997,978.3983,977.2101,978.2436,8870.0
2026-03-19 13:25:00,978.2985,978.3385,977.3599,977.7493,18658.0
2026-03-19 13:30:00,977.6994,978.4483,977.6994,977.8192,8689.0
2026-03-19 13:35:00,977.8692,978.3784,976.7808,977.2001,10237.0
2026-03-19 13:40:00,977.0204,977.0719,976.2016,977.0553,6411.0
2026-03-19 13:45:00,977.1901,978.0789,977.1901,977.8891,6822.0
2026-03-19 13:50:00,977.7094,978.678,977.5697,978.3485,8616.0
2026-03-19 13:55:00,978.2686,978.3385,976.4014,976.9904,9578.0
2026-03-19 14:00:00,976.8107,976.9005,975.9619,976.1966,8588.0
2026-03-19 14:05:00,976.1267,977.3398,975.8221,976.6409,10922.0
2026-03-19 14:10:00,976.631,977.3,976.2625,976.5011,9578.0
2026-03-19 14:15:00,976.7308,976.8906,975.4552,975.6624,7087.0
2026-03-19 14:20:00,975.9519,976.1317,975.0133,975.5125,7363.0
2026-03-19 14:25:00,975.1351,975.5126,973.5955,973.5955,7478.0
2026-03-19 14:30:00,973.7352,973.7851,972.9114,972.9114,8627.0
2026-03-19 14:35:00,972.9014,973.5055,971.3386,971.5883,9610.0
2026-03-19 14:40:00,971.6732,971.6732,970.6197,970.9991,11244.0
2026-03-19 14:45:00,970.8593,972.487,970.8593,971.9817,9302.0
2026-03-19 14:50:00,971.6782,972.6566,971.6682,972.4221,7614.0
2026-03-19 14:55:00,972.4171,973.6653,972.1874,972.3971,17184.0
2026-03-19 15:00:00,972.3871,975.5925,972.3871,975.5925,10510.0
2026-03-19 15:05:00,975.8022,977.8741,975.7722,976.4412,16510.0
2026-03-19 15:10:00,976.2815,977.5396,974.8136,976.0318,15955.0
2026-03-19 15:15:00,976.2066,977.1701,975.4428,975.937,9310.0
2026-03-19 15:20:00,975.7323,975.8271,975.0134,975.203,5181.0
2026-03-19 15:25:00,975.203,975.3728,974.3942,975.0433,12153.0
2026-03-19 15:30:00,975.1032,976.0618,974.8745,975.4826,11936.0
2026-03-19 15:35:00,975.5226,975.5226,974.2245,975.1431,15673.0
2026-03-19 15:40:00,974.9584,975.6623,974.9584,975.3328,11419.0
2026-03-19 15:45:00,974.8535,975.4826,974.554,974.6189,18048.0
2026-03-19 15:50:00,974.8036,975.4127,974.4541,974.7337,25123.0
2026-03-19 15:55:00,974.4941,974.6339,973.0861,973.2858,68633.0
2026-03-20 09:30:00,973.6653,978.9426,972.6368,974.6139,475558.0
2026-03-20 09:35:00,973.8849,974.7237,972.7067,974.0148,11163.0
2026-03-20 09:40:00,973.7202,977.29,973.6453,977.29,8474.0
2026-03-20 09:45:00,976.8207,978.3784,976.4412,977.7294,14651.0
2026-03-20 09:50:00,977.6095,978.9276,975.6124,978.5282,7802.0
2026-03-20 09:55:00,978.5781,979.3071,977.0733,978.9476,19006.0
2026-03-20 10:00:00,978.683,978.7778,975.0433,977.2151,15124.0
2026-03-20 10:05:00,977.2151,977.5796,973.4156,973.4156,19554.0
2026-03-20 10:10:00,973.9548,976.4013,973.6553,975.1881,29070.0
2026-03-20 10:15:00,975.198,976.0418,973.9349,974.0747,8109.0
2026-03-20 10:20:00,973.9249,975.0183,972.6767,974.1995,8951.0
2026-03-20 10:25:00,974.2694,974.2694,972.1874,973.2359,6865.0
2026-03-20 10:30:00,973.2459,973.5954,970.9692,972.5069,15773.0
2026-03-20 10:35:00,972.5868,973.1959,971.089,972.9763,15056.0
2026-03-20 10:40:00,972.8814,973.1753,971.6782,971.7381,11587.0
2026-03-20 10:45:00,971.6532,972.2074,970.8993,971.9777,9202.0
2026-03-20 10:50:00,971.6182,972.2473,970.2802,971.4685,18434.0
2026-03-20 10:55:00,972.1375,973.6054,972.0526,972.6068,9385.0
2026-03-20 11:00:00,973.5854,974.1146,972.6078,973.6153,7407.0
2026-03-20 11:05:00,973.9049,974.5839,972.8297,974.2145,7468.0
2026-03-20 11:10:00,973.855,975.4127,973.855,975.2629,7631.0
2026-03-20 11:15:00,975.2729,975.7223,974.7836,975.2929,6510.0
2026-03-20 11:20:00,975.2629,976.9305,974.4641,976.4113,12089.0
2026-03-20 11:25:00,976.4113,976.9405,976.1417,976.3314,7725.0
2026-03-20 11:30:00,976.3514,977.5696,975.5226,976.7009,12497.0
2026-03-20 11:35:00,977.31,977.4298,976.3514,976.3514,4972.0
2026-03-20 11:40:00,976.4412,976.5611,975.3828,976.4984,4752.0
2026-03-20 11:45:00,975.3928,976.2297,974.5041,976.2297,7727.0
2026-03-20 11:50:00,975.8072,976.2148,975.0932,975.4027,8260.0
2026-03-20 11:55:00,975.203,976.0967,974.1746,976.0967,8534.0
2026-03-20 12:00:00,976.0818,976.1716,974.4641,974.7587,7054.0
2026-03-20 12:05:00,974.7237,975.7522,974.3943,975.5625,28670.0
2026-03-20 12:10:00,975.7522,977.3798,975.2739,977.0605,5141.0
2026-03-20 12:15:00,977.3699,977.3699,976.1217,976.4412,8484.0
2026-03-20 12:20:00,976.5311,977.0803,976.4807,976.7807,4320.0
2026-03-20 12:25:00,976.8007,976.8007,975.1331,975.5525,4455.0
2026-03-20 12:30:00,975.8121,977.0803,975.193,977.0803,9931.0
2026-03-20 12:35:00,977.1602,977.1602,975.2629,976.5011,9391.0
2026-03-20 12:40:00,976.571,977.0702,976.1017,976.7208,4021.0
2026-03-20 12:45:00,976.3963,976.7108,975.8023,976.0468,4295.0
2026-03-20 12:50:00,976.5111,977.0803,976.1367,976.6589,6022.0
2026-03-20 12:55:00,977.2446,978.1188,977.2446,977.6994,2886.0
2026-03-20 13:00:00,977.7843,977.999,977.35,977.5796,4564.0
2026-03-20 13:05:00,977.6894,977.6894,976.0019,977.2101,6247.0
2026-03-20 13:10:00,977.2151,977.6195,976.8207,977.4897,8879.0
2026-03-20 13:15:00,977.5896,978.0389,977.3799,977.6999,7431.0
2026-03-20 13:20:00,977.5596,979.0724,977.2101,978.668,6519.0
2026-03-20 13:25:00,978.9217,979.1573,977.37,978.3759,15430.0
2026-03-20 13:30:00,978.5182,978.8977,978.1188,978.1188,5575.0
2026-03-20 13:35:00,978.1388,979.337,977.8292,979.337,7873.0
2026-03-20 13:40:00,979.3369,979.3369,977.7195,977.8292,3827.0
2026-03-20 13:45:00,977.9091,978.0189,976.7432,977.0953,4260.0
2026-03-20 13:50:00,976.7958,978.5082,976.7408,978.0414,4219.0
2026-03-20 13:55:00,978.2087,978.3085,977.1302,977.6595,5133.0
2026-03-20 14:00:00,977.6595,978.0389,977.32,977.5296,3459.0
2026-03-20 14:05:00,977.4997,977.7993,976.7308,976.7308,7568.0
2026-03-20 14:10:00,976.8007,976.8007,975.4208,976.3114,10124.0
2026-03-20 14:15:00,976.2665,976.2665,975.5825,976.1417,14040.0
2026-03-20 14:20:00,976.1566,976.1566,974.7038,975.0982,9917.0
2026-03-20 14:25:00,975.6124,975.7722,974.6026,974.9784,11950.0
2026-03-20 14:30:00,975.0183,975.0183,974.2544,974.564,10793.0
2026-03-20 14:35:00,974.4541,974.6339,973.5654,974.4242,7725.0
2026-03-20 14:40:00,974.8585,975.5326,973.5854,973.7002,33278.0
2026-03-20 14:45:00,973.7651,974.8286,973.5055,973.6403,11318.0
2026-03-20 14:50:00,973.5854,974.9135,973.2209,974.6388,12045.0
2026-03-20 14:55:00,974.8735,975.7022,974.514,975.4976,7271.0
2026-03-20 15:00:00,975.4976,976.3313,974.8635,974.8635,10849.0
2026-03-20 15:05:00,974.6239,975.6822,974.0747,974.1396,26052.0
2026-03-20 15:10:00,974.4951,974.554,973.3457,974.2494,8452.0
2026-03-20 15:15:00,973.9349,974.7337,973.4056,974.7337,7643.0
2026-03-20 15:20:00,974.7936,974.8935,973.0861,973.0961,9241.0
2026-03-20 15:25:00,973.3657,974.3143,972.6667,973.7353,25852.0
2026-03-20 15:30:00,973.9449,974.1446,971.8878,971.8878,12013.0
2026-03-20 15:35:00,972.0576,972.4171,971.4884,972.0876,13533.0
2026-03-20 15:40:00,972.1075,972.6068,971.3956,972.3272,12692.0
2026-03-20 15:45:00,972.3222,972.9164,971.0191,971.3242,32158.0
2026-03-20 15:50:00,971.6682,972.9863,969.1319,969.6211,63520.0
2026-03-20 15:55:00,969.2117,972.5669,969.2017,971.1789,123766.0
2026-03-23 09:30:00,984.2349,985.2085,975.6324,976.5511,48113.0
2026-03-23 09:35:00,976.8756,977.7793,972.3771,973.3757,32840.0
2026-03-23 09:40:00,973.4808,974.5839,967.5941,968.6525,28538.0
2026-03-23 09:45:00,968.1133,969.022,963.1306,968.4129,32308.0
2026-03-23 09:50:00,968.0834,969.9407,966.985,968.5926,23956.0
2026-03-23 09:55:00,969.007,971.079,968.4878,969.7609,24673.0
2026-03-23 10:00:00,969.751,972.0676,968.2831,970.8094,18493.0
2026-03-23 10:05:00,969.9307,971.3486,968.3031,970.41,15218.0
2026-03-23 10:10:00,970.3501,971.1894,968.5926,969.4514,24227.0
2026-03-23 10:15:00,970.0305,970.6496,968.7424,969.9407,23150.0
2026-03-23 10:20:00,969.3116,971.3287,967.9785,970.2802,17712.0
2026-03-23 10:25:00,970.2452,971.6881,970.1204,971.1988,18548.0
2026-03-23 10:30:00,970.8693,974.2944,970.5897,973.176,15175.0
2026-03-23 10:35:00,973.151,973.5105,970.9094,971.6682,10399.0
2026-03-23 10:40:00,971.6382,972.3372,970.1104,971.4185,11498.0
2026-03-23 10:45:00,970.8543,972.3372,970.6946,970.9292,10105.0
2026-03-23 10:50:00,970.3201,970.3201,969.0919,969.1119,9465.0
2026-03-23 10:55:00,969.4015,970.3391,968.7924,970.0705,12571.0
2026-03-23 11:00:00,970.3201,973.2509,969.751,972.3472,14990.0
2026-03-23 11:05:00,972.6267,972.8697,971.5884,971.8279,7110.0
2026-03-23 11:10:00,972.3572,972.5669,971.3087,971.5184,8182.0
2026-03-23 11:15:00,971.4185,971.8978,970.6097,971.0314,6920.0
2026-03-23 11:20:00,971.3536,972.6567,970.7395,972.5369,7036.0
2026-03-23 11:25:00,972.2473,972.9763,971.0983,971.0983,7993.0
2026-03-23 11:30:00,971.119,971.4385,970.41,971.1289,7294.0
2026-03-23 11:35:00,971.2188,972.2623,970.7395,972.1275,5706.0
2026-03-23 11:40:00,972.0776,972.5768,971.5184,971.8878,4748.0
2026-03-23 11:45:00,971.7381,971.7381,970.1903,971.1889,8303.0
2026-03-23 11:50:00,971.1889,972.3472,970.2902,972.3472,7995.0
2026-03-23 11:55:00,972.502,973.186,971.6382,972.7266,8470.0
2026-03-23 12:00:00,972.0426,972.3172,970.5997,970.5997,7097.0
2026-03-23 12:05:00,970.5548,970.9093,968.5926,968.9821,11525.0
2026-03-23 12:10:00,968.7324,971.064,968.7324,970.1703,9823.0
2026-03-23 12:15:00,970.3401,971.7481,969.721,971.4934,8402.0
2026-03-23 12:20:00,971.8178,971.8179,970.0305,970.1304,11732.0
2026-03-23 12:25:00,970.2103,970.2103,968.343,968.4528,14714.0
2026-03-23 12:30:00,968.6825,970.3501,968.5514,970.0905,6356.0
2026-03-23 12:35:00,970.043,970.4799,969.5013,969.8508,9776.0
2026-03-23 12:40:00,969.9906,970.0305,969.1219,969.3116,9008.0
2026-03-23 12:45:00,969.1718,970.5698,968.0634,968.0634,8488.0
2026-03-23 12:50:00,967.8537,968.5926,967.7039,968.1932,11657.0
2026-03-23 12:55:00,968.1882,968.7624,967.8038,968.7624,6861.0
2026-03-23 13:00:00,968.7724,969.4813,968.2631,969.4813,7596.0
2026-03-23 13:05:00,969.6211,969.7609,968.4928,968.7649,7357.0
2026-03-23 13:10:00,968.6026,969.3665,967.5941,967.7838,9132.0
2026-03-23 13:15:00,967.5941,967.8238,965.4472,965.597,12468.0
2026-03-23 13:20:00,965.3973,965.6968,963.9194,965.1476,11019.0
2026-03-23 13:25:00,965.2675,966.2061,965.0278,965.7667,6854.0
2026-03-23 13:30:00,965.8766,967.675,965.0678,967.675,21232.0
2026-03-23 13:35:00,967.664,967.6939,966.0264,966.5356,12575.0
2026-03-23 13:40:00,966.4707,967.8536,965.9864,967.2446,23186.0
2026-03-23 13:45:00,967.5242,968.1033,966.6854,968.1033,6896.0
2026-03-23 13:50:00,967.9036,969.6062,967.9036,969.6062,11247.0
2026-03-23 13:55:00,969.1618,970.1703,969.1518,969.741,5963.0
2026-03-23 14:00:00,969.741,970.0605,968.363,968.5327,4423.0
2026-03-23 14:05:00,968.3979,968.5926,966.2261,966.7454,9088.0
2026-03-23 14:10:00,967.5442,968.7923,967.1447,967.8537,10438.0
2026-03-23 14:15:00,968.0185,968.2132,966.2261,967.3245,9695.0
2026-03-23 14:20:00,966.95,967.2844,966.4458,966.995,5744.0
2026-03-23 14:25:00,966.95,967.4842,966.8452,967.1647,5114.0
2026-03-23 14:30:00,967.4293,968.5826,967.1947,968.5727,9030.0
2026-03-23 14:35:00,968.5826,969.3914,967.9735,968.1283,11445.0
2026-03-23 14:40:00,968.0434,968.3254,966.935,966.935,6949.0
2026-03-23 14:45:00,966.965,967.674,966.0963,966.2186,7010.0
2026-03-23 14:50:00,966.3858,966.6154,965.0078,965.2175,13873.0
2026-03-23 14:55:00,965.2175,965.7168,965.0428,965.4572,8392.0
2026-03-23 15:00:00,965.4572,965.7068,964.5984,965.0927,8505.0
2026-03-23 15:05:00,965.0378,965.587,964.5984,965.3474,11455.0
2026-03-23 15:10:00,965.3523,966.7403,965.3424,966.1062,20692.0
2026-03-23 15:15:00,966.5057,966.5057,965.0078,966.0064,10304.0
2026-03-23 15:20:00,965.9465,966.1362,965.3174,965.8466,8470.0
2026-03-23 15:25:00,965.8466,965.8466,964.918,965.6769,11459.0
2026-03-23 15:30:00,965.6669,965.8267,965.162,965.4422,13944.0
2026-03-23 15:35:00,965.4422,965.5471,964.229,965.1277,12769.0
2026-03-23 15:40:00,965.1327,965.2775,964.4536,965.2775,17230.0
2026-03-23 15:45:00,965.2775,966.985,965.2375,966.3359,26434.0
2026-03-23 15:50:00,965.9964,967.2246,965.3773,966.5955,43127.0
2026-03-23 15:55:00,966.6455,966.6455,964.1091,964.219,113545.0
2026-03-24 09:30:00,960.6642,962.5314,959.6057,961.2833,36974.0
2026-03-24 09:35:00,961.6128,963.5899,960.9737,962.6013,15644.0
2026-03-24 09:40:00,962.7911,969.7609,962.5514,968.373,16959.0
2026-03-24 09:45:00,968.2431,968.8874,966.256,967.4743,11969.0
2026-03-24 09:50:00,967.4743,969.4015,966.7753,969.3515,11437.0
2026-03-24 09:55:00,969.0719,970.44,968.6326,969.701,13450.0
2026-03-24 10:00:00,969.5462,972.8265,969.5413,972.8065,15388.0
2026-03-24 10:05:00,972.9563,975.6624,972.9563,974.0098,16079.0
2026-03-24 10:10:00,974.3143,975.5725,972.0876,975.5725,14799.0
2026-03-24 10:15:00,975.3229,975.3229,972.1974,972.497,10683.0
2026-03-24 10:20:00,972.9263,974.4341,972.5868,972.7067,7290.0
2026-03-24 10:25:00,972.7067,974.8685,972.7067,973.3757,13795.0
2026-03-24 10:30:00,973.2109,975.5126,972.437,975.0433,13350.0
2026-03-24 10:35:00,975.0433,976.0818,974.4641,976.0818,9777.0
2026-03-24 10:40:00,975.7073,977.0503,975.243,976.3114,9062.0
2026-03-24 10:45:00,976.5511,976.621,974.8635,976.1517,6953.0
2026-03-24 10:50:00,975.3428,977.5596,974.2845,974.4242,18777.0
2026-03-24 10:55:00,974.8236,975.8621,972.8864,974.7038,9949.0
2026-03-24 11:00:00,975.3928,976.581,974.9791,976.4912,8599.0
2026-03-24 11:05:00,975.902,976.7208,975.6924,976.1517,7333.0
2026-03-24 11:10:00,976.4462,976.8806,975.912,975.912,5820.0
2026-03-24 11:15:00,975.922,978.0789,975.922,977.5197,17327.0
2026-03-24 11:20:00,977.32,978.2486,976.9205,977.7893,10509.0
2026-03-24 11:25:00,977.8092,978.0589,976.7807,977.6094,8431.0
2026-03-24 11:30:00,977.6994,978.6579,977.5597,978.3684,11343.0
2026-03-24 11:35:00,978.1188,979.5467,978.1188,979.2072,7470.0
2026-03-24 11:40:00,979.2771,979.5767,978.698,979.5118,7867.0
2026-03-24 11:45:00,979.5068,979.8563,978.5781,978.7679,7925.0
2026-03-24 11:50:00,978.7679,979.0746,977.4897,977.4897,6509.0
2026-03-24 11:55:00,977.1567,977.1567,975.243,975.892,4464.0
2026-03-24 12:00:00,975.7422,975.7922,974.5939,975.2829,12355.0
2026-03-24 12:05:00,975.0832,976.6409,975.0782,976.6409,5784.0
2026-03-24 12:10:00,976.601,976.9405,975.8421,976.1916,4960.0
2026-03-24 12:15:00,976.1916,977.4398,975.7872,977.1802,5110.0
2026-03-24 12:20:00,977.3998,977.6545,976.8407,977.4498,6759.0
2026-03-24 12:25:00,977.3249,977.5796,977.0204,977.305,5350.0
2026-03-24 12:30:00,977.1802,978.0489,977.1662,977.3948,6063.0
2026-03-24 12:35:00,977.5796,977.7993,976.6709,976.9205,17246.0
2026-03-24 12:40:00,976.9305,977.6294,976.7608,977.2501,4209.0
2026-03-24 12:45:00,977.5296,978.4483,977.28,977.969,9280.0
2026-03-24 12:50:00,978.0639,979.0874,978.0639,978.2736,11719.0
2026-03-24 12:55:00,978.6181,979.337,977.9291,979.0774,10508.0
2026-03-24 13:00:00,979.3369,979.4469,976.5811,976.665,11764.0
2026-03-24 13:05:00,976.7566,977.305,975.8621,976.2665,15188.0
2026-03-24 13:10:00,976.1417,977.1202,975.892,976.3114,5824.0
2026-03-24 13:15:00,976.7358,977.1602,976.2525,976.2525,3474.0
2026-03-24 13:20:00,976.5311,977.2351,976.5311,977.0728,4164.0
2026-03-24 13:25:00,976.9555,977.1901,976.2016,976.7608,5231.0
2026-03-24 13:30:00,976.7708,977.1301,974.4441,974.534,6709.0
2026-03-24 13:35:00,974.7637,974.8886,974.0947,974.514,7908.0
2026-03-24 13:40:00,974.534,975.218,973.6653,974.0048,4804.0
2026-03-24 13:45:00,974.2544,975.1631,974.1246,975.0883,3147.0
2026-03-24 13:50:00,975.0882,975.7922,974.6938,975.1032,9169.0
2026-03-24 13:55:00,975.1032,976.0818,974.6838,975.5825,9618.0
2026-03-24 14:00:00,975.6025,975.8022,974.7786,975.3778,5845.0
2026-03-24 14:05:00,975.6823,975.6823,974.4242,974.4242,4631.0
2026-03-24 14:10:00,974.4691,975.0383,974.1346,974.1346,8637.0
2026-03-24 14:15:00,974.0996,974.9334,973.5754,974.7237,6893.0
2026-03-24 14:20:00,974.9334,975.3778,974.1895,974.4017,5319.0
2026-03-24 14:25:00,974.4641,975.9719,974.3692,975.1681,5234.0
2026-03-24 14:30:00,975.3628,976.2715,975.0707,975.5126,4089.0
2026-03-24 14:35:00,975.9319,976.581,975.3828,976.581,5907.0
2026-03-24 14:40:00,976.4712,976.9404,975.223,975.7622,10066.0
2026-03-24 14:45:00,976.4412,976.4412,975.5218,975.8771,3906.0
2026-03-24 14:50:00,976.2016,976.2345,975.4127,975.4776,5981.0
2026-03-24 14:55:00,975.892,975.892,974.9364,975.4826,5079.0
2026-03-24 15:00:00,975.1381,975.927,975.1381,975.4826,5014.0
2026-03-24 15:05:00,975.4027,975.5815,974.6195,975.2879,5913.0
2026-03-24 15:10:00,975.2929,975.9419,975.1331,975.2629,6003.0
2026-03-24 15:15:00,975.1631,975.3578,974.2245,974.4691,5013.0
2026-03-24 15:20:00,974.3842,974.7636,974.0747,974.3642,6560.0
2026-03-24 15:25:00,974.1546,974.3742,972.5968,973.3607,6533.0
2026-03-24 15:30:00,973.0062,973.4755,972.8052,972.9962,7133.0
2026-03-24 15:35:00,972.9962,973.2058,972.5669,972.9363,8975.0
2026-03-24 15:40:00,972.9363,973.4306,971.798,971.798,12523.0
2026-03-24 15:45:00,971.8529,972.6268,971.119,972.3721,12042.0
2026-03-24 15:50:00,972.2873,972.6767,970.8893,970.9242,18103.0
2026-03-24 15:55:00,970.8494,972.9663,970.7195,972.6068,69793.0
2026-03-25 09:30:00,976.581,979.387,975.5725,977.0953,31761.0
2026-03-25 09:35:00,977.5995,978.5681,974.9684,976.581,14701.0
2026-03-25 09:40:00,976.1417,977.0903,974.7537,975.922,14355.0
2026-03-25 09:45:00,975.4477,976.2016,972.1275,972.2823,16033.0
2026-03-25 09:50:00,971.4585,974.5839,971.3087,974.1446,20180.0
2026-03-25 09:55:00,974.0497,975.1331,971.089,971.6881,9179.0
2026-03-25 10:00:00,971.9977,972.3171,969.8209,969.8408,15404.0
2026-03-25 10:05:00,969.7909,971.0153,969.1169,970.0106,14396.0
2026-03-25 10:10:00,969.6611,970.2003,968.1732,969.1918,17310.0
2026-03-25 10:15:00,969.2417,969.8408,966.6459,966.955,14084.0
2026-03-25 10:20:00,967.3045,968.0235,966.9301,967.4892,8023.0
2026-03-25 10:25:00,967.4842,970.2153,967.4842,969.5512,22779.0
2026-03-25 10:30:00,969.6261,971.5284,969.0919,971.5184,11121.0
2026-03-25 10:35:00,971.6682,972.0276,970.1004,970.1304,7747.0
2026-03-25 10:40:00,969.6112,970.9892,969.3216,970.6896,11129.0
2026-03-25 10:45:00,970.6846,973.1959,970.5098,973.0961,6235.0
2026-03-25 10:50:00,973.2958,973.7052,972.415,972.8864,12013.0
2026-03-25 10:55:00,972.8215,973.815,972.7292,972.7292,10660.0
2026-03-25 11:00:00,973.3657,975.5825,973.3657,975.4427,8109.0
2026-03-25 11:05:00,975.9119,975.9119,974.5641,975.5475,11044.0
2026-03-25 11:10:00,975.5475,976.8107,975.0632,976.7807,9653.0
2026-03-25 11:15:00,976.8207,976.8207,973.5954,974.6538,14699.0
2026-03-25 11:20:00,974.559,976.7658,974.2844,976.1816,7335.0
2026-03-25 11:25:00,975.882,976.4113,975.7323,976.2216,3741.0
2026-03-25 11:30:00,976.581,976.9505,976.1517,976.5411,7171.0
2026-03-25 11:35:00,976.5561,976.5561,975.3829,975.7722,12336.0
2026-03-25 11:40:00,975.9919,976.5211,975.7323,976.1666,2475.0
2026-03-25 11:45:00,976.581,976.581,975.8721,976.2415,5603.0
2026-03-25 11:50:00,976.0718,976.7207,975.7522,976.0218,5915.0
2026-03-25 11:55:00,975.8649,976.7009,975.6723,976.3164,5599.0
2026-03-25 12:00:00,976.0718,976.1916,975.0732,975.4377,10421.0
2026-03-25 12:05:00,975.0532,976.0518,974.9734,975.7622,4639.0
2026-03-25 12:10:00,975.59,975.59,974.1745,974.4346,4091.0
2026-03-25 12:15:00,974.7537,974.8036,974.1046,974.7237,4339.0
2026-03-25 12:20:00,974.8336,975.6424,974.3193,975.6324,5931.0
2026-03-25 12:25:00,975.7273,975.9769,975.5076,975.5076,3926.0
2026-03-25 12:30:00,975.3229,976.4712,975.3129,976.4712,4061.0
2026-03-25 12:35:00,976.5511,976.5511,975.4327,975.7822,8864.0
2026-03-25 12:40:00,976.0019,976.571,975.6274,975.6274,6005.0
2026-03-25 12:45:00,975.5425,975.6823,974.7337,974.7337,4000.0
2026-03-25 12:50:00,974.7437,974.9833,973.8949,974.9833,5642.0
2026-03-25 12:55:00,974.8735,975.0632,974.524,975.0632,3376.0
2026-03-25 13:00:00,974.7438,975.0632,974.0797,974.5989,6645.0
2026-03-25 13:05:00,974.9634,975.0831,974.1946,974.8785,3791.0
2026-03-25 13:10:00,974.8785,975.248,974.6438,975.233,7870.0
2026-03-25 13:15:00,975.253,975.6374,974.8936,975.6374,6340.0
2026-03-25 13:20:00,975.8221,976.0218,975.4177,975.4177,5445.0
2026-03-25 13:25:00,975.4127,975.897,975.3829,975.6923,3345.0
2026-03-25 13:30:00,975.6424,975.8022,975.0033,975.752,5205.0
2026-03-25 13:35:00,975.8521,975.912,975.3628,975.8721,4717.0
2026-03-25 13:40:00,975.892,976.8506,975.7822,976.0718,9136.0
2026-03-25 13:45:00,975.7023,975.7821,975.1431,975.495,4380.0
2026-03-25 13:50:00,975.253,976.1217,975.1631,975.5725,6748.0
2026-03-25 13:55:00,975.4227,976.3514,975.4027,975.902,5592.0
2026-03-25 14:00:00,975.6124,975.9819,974.8885,974.8935,10072.0
2026-03-25 14:05:00,974.8236,976.1017,974.8236,975.8621,6191.0
2026-03-25 14:10:00,975.8671,976.1916,975.4327,976.0418,5171.0
2026-03-25 14:15:00,976.0418,976.0418,975.3928,975.3928,6157.0
2026-03-25 14:20:00,975.4776,975.7522,975.3129,975.5026,49353.0
2026-03-25 14:25:00,975.5326,975.6488,974.9833,975.3378,5707.0
2026-03-25 14:30:00,975.2929,975.3628,974.3443,974.534,7667.0
2026-03-25 14:35:00,974.5839,975.0133,974.1745,974.2644,7425.0
2026-03-25 14:40:00,974.2644,974.2644,972.9263,973.0811,10498.0
2026-03-25 14:45:00,973.2059,973.2059,972.8366,972.9713,4017.0
2026-03-25 14:50:00,972.8365,973.066,972.437,972.5169,9999.0
2026-03-25 14:55:00,972.2973,973.6703,971.7181,973.5704,11935.0
2026-03-25 15:00:00,973.4656,973.4656,972.2473,973.0112,10560.0
2026-03-25 15:05:00,973.2958,974.2344,972.6068,973.7901,7861.0
2026-03-25 15:10:00,973.7951,974.2045,973.4513,974.0847,7687.0
2026-03-25 15:15:00,973.9698,974.8735,973.7052,974.8735,8428.0
2026-03-25 15:20:00,974.9434,975.5725,974.3143,974.7137,11266.0
2026-03-25 15:25:00,974.4741,974.8485,974.1246,974.3043,7248.0
2026-03-25 15:30:00,974.2245,974.3293,973.855,974.2145,7272.0
2026-03-25 15:35:00,974.3297,974.3297,973.6453,973.85,9522.0
2026-03-25 15:40:00,973.845,974.3942,973.3757,974.1595,8557.0
2026-03-25 15:45:00,974.0148,974.2644,973.5255,973.5255,11730.0
2026-03-25 15:50:00,973.7152,974.504,973.0611,973.6453,30060.0
2026-03-25 15:55:00,973.5554,974.0148,972.8614,973.5454,47283.0
2026-03-26 09:30:00,974.2744,977.3,971.3088,973.6852,29227.0
2026-03-26 09:35:00,973.5954,974.2644,971.5284,974.2644,6777.0
2026-03-26 09:40:00,973.7135,979.0674,972.9663,978.5781,11510.0
2026-03-26 09:45:00,978.5182,983.5508,978.0289,982.2128,17058.0
2026-03-26 09:50:00,982.5024,983.0416,980.745,982.5524,12794.0
2026-03-26 09:55:00,982.0531,984.6094,980.7749,984.5095,16367.0
2026-03-26 10:00:00,984.5994,984.5994,980.5952,980.5952,14360.0
2026-03-26 10:05:00,980.4404,982.7521,979.367,982.7521,13801.0
2026-03-26 10:10:00,982.1479,983.5708,982.0531,982.9568,9485.0
2026-03-26 10:15:00,982.822,983.1214,982.1529,982.1529,11954.0
2026-03-26 10:20:00,982.0431,983.1715,981.6087,981.6087,9300.0
2026-03-26 10:25:00,981.2542,982.2827,981.2542,981.9632,5836.0
2026-03-26 10:30:00,981.9632,982.093,981.0146,981.1843,5534.0
2026-03-26 10:35:00,980.8848,981.8634,979.8063,980.785,7634.0
2026-03-26 10:40:00,981.9532,983.0017,980.6153,982.3127,9388.0
2026-03-26 10:45:00,982.6222,985.7577,982.4525,984.1001,18154.0
2026-03-26 10:50:00,984.165,984.859,983.6208,983.8305,6995.0
2026-03-26 10:55:00,983.7606,984.1101,981.414,982.0281,17233.0
2026-03-26 11:00:00,982.5724,983.2214,982.0331,982.772,4539.0
2026-03-26 11:05:00,982.9618,983.2713,981.8459,981.8459,10152.0
2026-03-26 11:10:00,982.083,983.1016,981.7036,982.4525,11547.0
2026-03-26 11:15:00,981.9382,982.4425,981.6537,981.9582,6114.0
2026-03-26 11:20:00,981.9932,982.5823,981.1394,981.6137,9075.0
2026-03-26 11:25:00,982.123,982.123,979.7184,980.1359,7658.0
2026-03-26 11:30:00,979.8213,980.1558,979.1323,979.8113,8686.0
2026-03-26 11:35:00,980.026,980.3755,979.417,979.9561,4482.0
2026-03-26 11:40:00,979.9562,979.9611,978.0988,978.7479,3888.0
2026-03-26 11:45:00,978.8777,979.8762,978.3684,979.4369,8132.0
2026-03-26 11:50:00,979.4369,980.3755,978.9176,980.3755,10100.0
2026-03-26 11:55:00,980.2457,981.3741,980.2357,980.7841,4237.0
2026-03-26 12:00:00,981.2443,981.9233,981.0795,981.5338,6440.0
2026-03-26 12:05:00,981.5139,982.4413,981.2243,981.7285,5626.0
2026-03-26 12:10:00,981.7385,982.0581,980.2185,981.5738,4568.0
2026-03-26 12:15:00,981.8634,981.8733,980.1159,981.0745,5295.0
2026-03-26 12:20:00,980.745,980.7849,979.6552,980.5553,7729.0
2026-03-26 12:25:00,980.2058,980.9946,980.016,980.9946,7094.0
2026-03-26 12:30:00,980.755,981.1443,979.6066,981.0346,10052.0
2026-03-26 12:35:00,981.1144,981.1942,980.3306,980.3306,3582.0
2026-03-26 12:40:00,980.4953,982.073,980.1359,982.0331,6867.0
2026-03-26 12:45:00,981.7485,982.9593,981.7485,982.9593,5432.0
2026-03-26 12:50:00,982.777,983.7856,982.4525,983.6308,9896.0
2026-03-26 12:55:00,983.6008,984.839,983.4011,984.5604,9082.0
2026-03-26 13:00:00,984.5694,984.5794,982.9618,982.9618,9199.0
2026-03-26 13:05:00,982.8319,983.9903,982.6322,983.0217,7261.0
2026-03-26 13:10:00,982.7321,983.5409,981.9233,983.481,7149.0
2026-03-26 13:15:00,984.0102,984.0801,983.3513,984.0801,7457.0
2026-03-26 13:20:00,984.1001,984.2,982.9418,983.0416,12335.0
2026-03-26 13:25:00,983.2813,983.8904,982.802,983.6887,5893.0
2026-03-26 13:30:00,983.5609,983.7906,982.86,983.3512,6083.0
2026-03-26 13:35:00,983.4111,983.4111,982.3926,982.5723,8884.0
2026-03-26 13:40:00,982.5623,984.0951,982.1929,984.0951,5944.0
2026-03-26 13:45:00,984.5594,984.5694,983.5709,983.8105,7393.0
2026-03-26 13:50:00,983.5908,984.3897,983.461,983.6707,11763.0
2026-03-26 13:55:00,983.6408,984.5694,983.5609,983.5609,11376.0
2026-03-26 14:00:00,983.7756,984.0701,983.0017,983.4311,8731.0
2026-03-26 14:05:00,983.2713,983.9803,982.083,982.083,9853.0
2026-03-26 14:10:00,981.9382,982.3826,980.9247,982.093,14547.0
2026-03-26 14:15:00,982.093,982.9118,981.5238,981.5238,10235.0
2026-03-26 14:20:00,981.5888,981.7535,981.1843,981.7236,15054.0
2026-03-26 14:25:00,982.0231,982.7021,981.3341,982.3776,6777.0
2026-03-26 14:30:00,982.4425,982.4425,981.7535,982.1729,10594.0
2026-03-26 14:35:00,982.1829,982.2128,981.2143,981.3641,12627.0
2026-03-26 14:40:00,981.5139,981.7435,980.7749,981.424,11050.0
2026-03-26 14:45:00,981.1943,981.9532,980.7949,981.6636,7818.0
2026-03-26 14:50:00,981.5139,982.133,979.9462,980.066,12971.0
2026-03-26 14:55:00,979.9561,980.3456,979.5767,979.7464,8814.0
2026-03-26 15:00:00,979.8263,980.3456,979.5367,980.1558,10383.0
2026-03-26 15:05:00,980.1558,980.7649,978.3285,979.0275,16984.0
2026-03-26 15:10:00,978.7329,979.9861,978.4783,978.658,10663.0
2026-03-26 15:15:00,979.0673,979.0674,977.5796,977.979,29945.0
2026-03-26 15:20:00,977.6395,978.9576,977.6395,977.8192,26904.0
2026-03-26 15:25:00,978.0389,978.3085,977.69,978.2686,14902.0
2026-03-26 15:30:00,978.1388,979.2172,977.3799,977.7743,16836.0
2026-03-26 15:35:00,977.6195,978.0489,977.2001,977.4248,13113.0
2026-03-26 15:40:00,977.7294,978.1088,977.4697,977.8192,11641.0
2026-03-26 15:45:00,977.7793,978.4583,977.5796,978.0789,14207.0
2026-03-26 15:50:00,978.2286,979.1773,976.1317,976.2715,40666.0
2026-03-26 15:55:00,976.2815,978.8377,975.8721,978.1388,108526.0
2026-03-27 09:30:00,980.5902,984.1201,976.6909,979.2472,29367.0
2026-03-27 09:35:00,979.8149,981.0545,978.2586,979.4369,7152.0
2026-03-27 09:40:00,978.2686,982.7421,978.029,982.4775,11701.0
2026-03-27 09:45:00,982.0031,982.0331,980.5903,981.439,8233.0
2026-03-27 09:50:00,981.8434,984.0102,981.1744,983.8305,11322.0
2026-03-27 09:55:00,983.451,984.7991,983.0616,984.3348,28335.0
2026-03-27 10:00:00,984.0701,984.3148,982.4775,983.1914,20671.0
2026-03-27 10:05:00,983.5709,985.568,983.3562,985.568,21580.0
2026-03-27 10:10:00,985.6778,985.6778,983.1315,984.5944,17671.0
2026-03-27 10:15:00,984.869,985.2484,982.3027,982.5823,12724.0
2026-03-27 10:20:00,983.0117,983.0117,980.2757,982.0281,11911.0
2026-03-27 10:25:00,981.6038,982.9368,979.0974,980.066,19628.0
2026-03-27 10:30:00,979.8962,984.2599,979.4469,982.772,15748.0
2026-03-27 10:35:00,983.1215,983.1215,981.1744,982.0081,14590.0
2026-03-27 10:40:00,982.133,983.7406,981.5738,983.1115,10798.0
2026-03-27 10:45:00,983.0866,984.3797,982.6123,983.9903,7995.0
2026-03-27 10:50:00,984.5594,984.5844,982.113,982.3926,8812.0
2026-03-27 10:55:00,982.2228,983.9902,982.2228,983.3412,5386.0
2026-03-27 11:00:00,983.4011,984.0701,981.6337,981.6337,6866.0
2026-03-27 11:05:00,982.5524,983.1814,979.8762,980.3156,9263.0
2026-03-27 11:10:00,980.745,982.4325,980.0061,980.2594,4679.0
2026-03-27 11:15:00,980.8249,981.5738,980.0959,980.9297,6036.0
2026-03-27 11:20:00,980.9157,983.8105,980.9157,983.0067,11338.0
2026-03-27 11:25:00,983.0017,983.511,982.5024,983.2713,6522.0
2026-03-27 11:30:00,983.5509,983.7006,982.6532,983.5809,9143.0
2026-03-27 11:35:00,983.7606,984.0701,982.9618,983.3212,8271.0
2026-03-27 11:40:00,983.4211,983.4211,982.4026,983.4111,7840.0
2026-03-27 11:45:00,983.0816,983.4311,982.5024,982.5524,4998.0
2026-03-27 11:50:00,982.6222,984.1131,982.6173,983.9004,7948.0
2026-03-27 11:55:00,983.7107,983.7157,982.6632,983.0217,5451.0
2026-03-27 12:00:00,983.5309,983.5409,982.2428,982.4225,6843.0
2026-03-27 12:05:00,982.3476,983.0217,982.3377,982.6372,4520.0
2026-03-27 12:10:00,982.6921,982.8343,982.0331,982.6522,4610.0
2026-03-27 12:15:00,982.5973,982.8419,982.2029,982.4175,7021.0
2026-03-27 12:20:00,982.5124,983.0916,982.1529,982.4924,5796.0
2026-03-27 12:25:00,982.2518,982.3517,981.4839,982.123,9466.0
2026-03-27 12:30:00,981.7935,982.3625,981.7535,982.093,7048.0
2026-03-27 12:35:00,982.093,983.0716,981.9632,983.0716,7050.0
2026-03-27 12:40:00,982.8669,983.9298,982.5623,983.6308,9484.0
2026-03-27 12:45:00,983.1515,983.9104,982.9518,983.7007,6307.0
2026-03-27 12:50:00,983.6607,983.9204,983.1616,983.4361,5570.0
2026-03-27 12:55:00,983.4111,983.8105,982.5134,982.9418,7090.0
2026-03-27 13:00:00,982.6622,983.6907,982.3926,983.491,10552.0
2026-03-27 13:05:00,983.5209,984.5694,982.9218,983.9302,9693.0
2026-03-27 13:10:00,983.7906,983.9203,983.2264,983.5209,3760.0
2026-03-27 13:15:00,983.6907,983.6907,982.9118,983.3411,7015.0
2026-03-27 13:20:00,982.9318,983.6008,982.5723,983.6008,9961.0
2026-03-27 13:25:00,983.5609,983.8105,983.2014,983.2414,5350.0
2026-03-27 13:30:00,983.471,983.8305,982.3526,983.1814,6785.0
2026-03-27 13:35:00,982.772,983.9303,982.1479,983.1914,21100.0
2026-03-27 13:40:00,983.1914,983.4176,982.3127,982.4026,5250.0
2026-03-27 13:45:00,982.762,983.4211,982.4325,982.5324,8818.0
2026-03-27 13:50:00,982.5623,983.1315,982.5623,982.6523,4153.0
2026-03-27 13:55:00,983.1016,983.2613,982.7021,983.1887,9464.0
2026-03-27 14:00:00,983.0217,983.0716,981.7236,982.1829,13232.0
2026-03-27 14:05:00,982.1629,982.6622,981.7037,981.8833,11477.0
2026-03-27 14:10:00,981.7435,981.7435,979.8089,980.4055,11754.0
2026-03-27 14:15:00,980.1758,980.3655,979.7165,980.1069,6823.0
2026-03-27 14:20:00,980.051,980.6252,979.5767,980.016,11367.0
2026-03-27 14:25:00,980.046,980.5952,979.2871,980.2856,16249.0
2026-03-27 14:30:00,979.9761,981.5039,979.9761,981.3241,8778.0
2026-03-27 14:35:00,981.1194,981.2641,980.5752,980.8548,8381.0
2026-03-27 14:40:00,981.1143,982.073,979.7464,982.073,14133.0
2026-03-27 14:45:00,981.7835,982.1429,981.2043,981.444,7113.0
2026-03-27 14:50:00,981.5638,981.6337,980.026,980.1908,7817.0
2026-03-27 14:55:00,980.051,981.9333,979.8875,981.6786,16669.0
2026-03-27 15:00:00,981.8634,981.8634,980.3955,981.7535,10847.0
2026-03-27 15:05:00,981.7535,983.0516,981.5039,982.1529,13906.0
2026-03-27 15:10:00,982.1529,982.4924,981.0656,982.4924,26763.0
2026-03-27 15:15:00,982.4924,982.802,982.0681,982.3277,14650.0
2026-03-27 15:20:00,982.4225,982.4225,979.5767,979.5767,19837.0
2026-03-27 15:25:00,979.5068,980.9247,979.0574,980.5852,19410.0
2026-03-27 15:30:00,980.745,981.444,980.4254,981.0892,17803.0
2026-03-27 15:35:00,981.3191,981.5438,980.3456,981.5438,29948.0
2026-03-27 15:40:00,981.5438,981.7136,981.0645,981.6936,30485.0
2026-03-27 15:45:00,981.6537,981.6786,979.2472,980.2906,34503.0
2026-03-27 15:50:00,980.5053,981.8933,979.9062,981.444,59574.0
2026-03-27 15:55:00,981.444,983.481,980.8448,981.9532,109053.0
2026-03-30 09:30:00,986.217,992.5478,983.5809,988.6535,61536.0
2026-03-30 09:35:00,989.2926,990.9052,987.4752,990.6706,19471.0
2026-03-30 09:40:00,990.5396,993.3167,990.2412,990.2412,28779.0
2026-03-30 09:45:00,989.6371,993.5564,989.5921,991.8988,14855.0
2026-03-30 09:50:00,992.0885,993.3266,989.4943,990.7105,18647.0
2026-03-30 09:55:00,991.3096,994.1854,991.2347,991.2347,26035.0
2026-03-30 10:00:00,991.2297,993.2468,991.02,992.3781,14507.0
2026-03-30 10:05:00,993.2568,994.5449,991.5593,991.8289,17761.0
2026-03-30 10:10:00,991.4994,992.7575,990.5607,991.4095,11506.0
2026-03-30 10:15:00,990.8703,992.5578,990.4609,991.6991,11299.0
2026-03-30 10:20:00,991.6242,992.6477,989.1633,992.6477,14611.0
2026-03-30 10:25:00,992.7875,993.821,992.4999,992.8174,10163.0
2026-03-30 10:30:00,992.6826,995.0542,992.6826,994.5649,16979.0
2026-03-30 10:35:00,994.4051,996.552,994.3203,996.3223,17637.0
2026-03-30 10:40:00,996.2325,1000.2367,995.6833,1000.2367,36067.0
2026-03-30 10:45:00,999.9221,1002.4534,999.2581,1000.1369,35291.0
2026-03-30 10:50:00,1000.3415,1003.3621,1000.3415,1002.9101,32169.0
2026-03-30 10:55:00,1002.783,1002.9827,1000.7834,1001.1503,22479.0
2026-03-30 11:00:00,1001.6047,1001.9442,999.2281,1000.4364,24001.0
2026-03-30 11:05:00,1000.6461,1002.8129,999.9371,1002.1139,21179.0
2026-03-30 11:10:00,1002.5916,1002.6981,1001.3022,1002.1669,13836.0
2026-03-30 11:15:00,1002.2537,1003.3022,1000.7859,1002.7929,43277.0
2026-03-30 11:20:00,1003.0226,1004.0811,1001.7644,1001.8393,39356.0
2026-03-30 11:25:00,1001.8868,1003.0824,1001.6746,1001.9641,13702.0
2026-03-30 11:30:00,1001.9641,1003.6517,1000.5462,1003.0326,18020.0
2026-03-30 11:35:00,1003.3421,1003.5419,1001.0854,1002.074,12010.0
2026-03-30 11:40:00,1002.2188,1002.4934,1000.7659,1001.0455,13881.0
2026-03-30 11:45:00,1000.8358,1000.9456,999.5277,999.9621,16112.0
2026-03-30 11:50:00,1000.1268,1001.1853,999.1632,999.1632,11961.0
2026-03-30 11:55:00,999.1582,1000.1967,998.7888,1000.1967,11158.0
2026-03-30 12:00:00,999.9171,1000.5462,998.5691,998.7588,12167.0
2026-03-30 12:05:00,998.8487,1000.0769,998.8487,999.6475,12194.0
2026-03-30 12:10:00,999.7973,1000.6061,999.358,1000.0468,11099.0
2026-03-30 12:15:00,999.4478,1000.4364,997.7037,998.7087,13075.0
2026-03-30 12:20:00,998.4992,1000.0844,998.01,999.8223,9942.0
2026-03-30 12:25:00,999.8223,1000.3864,999.5177,999.9171,8829.0
2026-03-30 12:30:00,999.7374,1001.6895,999.7374,1000.4863,12525.0
2026-03-30 12:35:00,1000.4963,1001.0919,1000.3665,1001.0305,6588.0
2026-03-30 12:40:00,1001.0405,1002.1239,1000.7859,1001.5547,8129.0
2026-03-30 12:45:00,1001.355,1002.0439,1000.6462,1001.5148,8451.0
2026-03-30 12:50:00,1001.7794,1001.7794,1001.0555,1001.5448,8849.0
2026-03-30 12:55:00,1001.4349,1002.1439,1001.0954,1002.054,9762.0
2026-03-30 13:00:00,1002.3435,1002.3436,1001.0455,1001.1853,10284.0
2026-03-30 13:05:00,1001.1853,1002.5232,1001.1853,1002.1339,7680.0
2026-03-30 13:10:00,1002.4335,1002.4934,1000.7659,1001.3251,8535.0
2026-03-30 13:15:00,1001.2851,1001.7024,1000.8258,1001.1853,6185.0
2026-03-30 13:20:00,1000.9406,1001.405,999.8173,1000.8907,18805.0
2026-03-30 13:25:00,1001.1953,1001.5448,1000.3365,1000.671,16807.0
2026-03-30 13:30:00,1000.696,1001.0155,999.2032,999.308,15831.0
2026-03-30 13:35:00,999.2231,1000.3515,998.9485,999.967,12128.0
2026-03-30 13:40:00,1000.3066,1000.3365,998.2296,998.614,11075.0
2026-03-30 13:45:00,998.6689,999.5477,998.0498,998.3294,25046.0
2026-03-30 13:50:00,997.9165,998.9885,996.572,997.8202,9634.0
2026-03-30 13:55:00,997.1312,997.261,995.873,996.6718,15872.0
2026-03-30 14:00:00,996.562,997.6105,995.7332,997.6055,22626.0
2026-03-30 14:05:00,997.6654,997.9755,996.4442,996.9265,13382.0
2026-03-30 14:10:00,996.9215,997.8801,995.9129,997.6804,16127.0
2026-03-30 14:15:00,997.4707,1000.4463,997.4707,999.8672,18571.0
2026-03-30 14:20:00,999.3779,1000.5462,999.3779,999.9171,9395.0
2026-03-30 14:25:00,1000.017,1000.1068,999.2282,999.2591,14659.0
2026-03-30 14:30:00,999.4178,999.5576,998.1597,998.4393,14291.0
2026-03-30 14:35:00,998.604,999.1682,997.0313,997.0313,9117.0
2026-03-30 14:40:00,997.261,997.281,995.5335,995.8181,11468.0
2026-03-30 14:45:00,996.0078,997.8001,996.0078,997.0862,15147.0
2026-03-30 14:50:00,997.0862,997.3508,996.0028,996.8216,6707.0
2026-03-30 14:55:00,996.8915,997.221,996.2425,996.4422,10496.0
2026-03-30 15:00:00,996.3174,996.542,995.4336,996.0841,9504.0
2026-03-30 15:05:00,995.7182,996.1526,995.4336,995.8081,11267.0
2026-03-30 15:10:00,995.6543,996.1825,994.5549,995.5235,15710.0
2026-03-30 15:15:00,995.3837,995.5135,993.3067,993.3067,11886.0
2026-03-30 15:20:00,993.2518,993.6462,992.5778,993.4865,9875.0
2026-03-30 15:25:00,993.1669,993.4565,992.2582,993.137,26512.0
2026-03-30 15:30:00,993.0671,993.3171,991.9587,992.0036,12956.0
2026-03-30 15:35:00,991.9587,992.6876,991.739,992.409,19917.0
2026-03-30 15:40:00,992.6377,994.3352,992.3132,993.8959,32547.0
2026-03-30 15:45:00,993.791,995.2539,993.7061,994.8345,26234.0
2026-03-30 15:50:00,994.7946,996.1226,993.9758,995.3388,65666.0
2026-03-30 15:55:00,995.4736,995.6433,994.4151,994.8954,121650.0
2026-03-31 09:30:00,995.5535,1001.0455,995.5535,996.4022,42370.0
2026-03-31 09:35:00,996.5171,1000.0869,996.5171,1000.0869,13632.0
2026-03-31 09:40:00,1000.2178,1004.3207,999.9571,1002.2937,37004.0
2026-03-31 09:45:00,1002.2937,1007.1366,1002.2937,1004.79,33384.0
2026-03-31 09:50:00,1004.7801,1004.7801,999.5676,1001.5448,13725.0
2026-03-31 09:55:00,1001.6596,1002.8953,996.8815,997.7802,14390.0
2026-03-31 10:00:00,997.4906,998.2196,995.6833,995.853,22883.0
2026-03-31 10:05:00,995.5535,996.3223,994.4551,995.4985,23288.0
2026-03-31 10:10:00,994.9543,996.1326,991.583,991.583,21914.0
2026-03-31 10:15:00,992.2582,992.2682,989.1128,989.2376,28595.0
2026-03-31 10:20:00,989.662,992.9373,989.1128,992.8873,24434.0
2026-03-31 10:25:00,992.8873,995.0841,992.8274,993.8959,15649.0
2026-03-31 10:30:00,993.2368,994.3352,991.9787,992.9672,19801.0
2026-03-31 10:35:00,992.9672,993.6862,990.9103,991.6042,18868.0
2026-03-31 10:40:00,991.4195,992.3681,990.8703,990.8703,10193.0
2026-03-31 10:45:00,991.4195,991.6991,988.0743,989.3325,19065.0
2026-03-31 10:50:00,990.0205,991.1492,989.4324,990.7255,13278.0
2026-03-31 10:55:00,990.8153,991.0101,989.5622,990.1613,18024.0
2026-03-31 11:00:00,990.1463,993.756,990.1463,993.7361,15469.0
2026-03-31 11:05:00,993.3816,994.4251,991.5493,993.4765,14362.0
2026-03-31 11:10:00,993.4765,994.425,992.5878,993.9708,9442.0
2026-03-31 11:15:00,993.9758,995.0991,993.5464,994.1655,14152.0
2026-03-31 11:20:00,993.826,993.826,991.8888,992.448,5687.0
2026-03-31 11:25:00,993.147,993.147,990.9902,991.1499,8606.0
2026-03-31 11:30:00,990.8403,992.1884,990.8203,991.8888,7744.0
2026-03-31 11:35:00,991.8389,992.9323,991.3695,992.9323,10466.0
2026-03-31 11:40:00,992.7176,993.7661,992.428,993.7661,8803.0
2026-03-31 11:45:00,992.9872,995.0841,992.9672,993.781,14394.0
2026-03-31 11:50:00,993.3567,994.1056,991.1199,991.6391,10103.0
2026-03-31 11:55:00,991.6292,992.3381,991.1299,991.5543,7481.0
2026-03-31 12:00:00,991.4594,992.448,991.4594,992.0885,4339.0
2026-03-31 12:05:00,992.4079,993.4662,992.0835,992.7276,11161.0
2026-03-31 12:10:00,992.5079,994.1655,992.0886,994.1655,6485.0
2026-03-31 12:15:00,994.2553,994.7246,992.5079,992.9578,6830.0
2026-03-31 12:20:00,992.7026,994.3153,992.2284,993.5114,7043.0
2026-03-31 12:25:00,993.5614,993.5615,992.9772,992.9772,3897.0
2026-03-31 12:30:00,992.9772,993.127,992.3782,992.7625,4344.0
2026-03-31 12:35:00,992.3781,994.8045,992.0985,994.5749,9534.0
2026-03-31 12:40:00,994.8545,996.3223,993.3766,993.5314,16878.0
2026-03-31 12:45:00,993.0771,995.0292,992.1308,995.0292,23940.0
2026-03-31 12:50:00,995.3787,996.2075,994.3252,995.4935,8191.0
2026-03-31 12:55:00,994.7746,995.3138,993.4166,994.8994,10312.0
2026-03-31 13:00:00,995.3138,995.5334,994.0756,994.0756,12886.0
2026-03-31 13:05:00,994.3153,994.3153,991.045,991.045,14652.0
2026-03-31 13:10:00,991.3895,992.8773,991.07,992.6177,9153.0
2026-03-31 13:15:00,992.6133,993.3766,992.2383,992.433,7150.0
2026-03-31 13:20:00,992.6976,992.7076,991.1399,991.2098,11317.0
2026-03-31 13:25:00,991.3346,991.3346,989.8816,990.3111,10788.0
2026-03-31 13:30:00,989.7998,991.9088,989.7998,991.5443,14901.0
2026-03-31 13:35:00,991.5443,992.2333,991.03,992.0835,11446.0
2026-03-31 13:40:00,992.0835,993.8958,991.8938,992.4879,12480.0
2026-03-31 13:45:00,993.0471,993.8559,992.8873,993.0696,8901.0
2026-03-31 13:50:00,993.3367,993.9059,992.9273,993.0371,8860.0
2026-03-31 13:55:00,993.2768,993.9058,992.6776,993.0845,7571.0
2026-03-31 14:00:00,992.6976,993.4964,992.6776,993.092,8134.0
2026-03-31 14:05:00,993.092,993.2868,991.9488,992.4779,7304.0
2026-03-31 14:10:00,992.4779,992.8773,991.9187,992.6876,8481.0
2026-03-31 14:15:00,992.5378,992.8873,990.5008,990.5108,23509.0
2026-03-31 14:20:00,990.2437,990.7454,988.7733,989.6371,13419.0
2026-03-31 14:25:00,989.672,990.3409,989.1628,990.0015,14120.0
2026-03-31 14:30:00,989.9865,989.9865,987.585,987.9795,31824.0
2026-03-31 14:35:00,988.2141,988.6635,987.7348,988.294,19116.0
2026-03-31 14:40:00,988.3839,988.7234,986.267,986.5166,20553.0
2026-03-31 14:45:00,986.5166,987.0259,985.4781,986.3019,19768.0
2026-03-31 14:50:00,986.6564,987.2405,984.6892,985.3183,18362.0
2026-03-31 14:55:00,985.0787,986.1072,984.4196,986.1072,19694.0
2026-03-31 15:00:00,985.7277,986.5865,985.7078,986.0323,14026.0
2026-03-31 15:05:00,986.0373,986.3868,984.5694,985.1885,19026.0
2026-03-31 15:10:00,984.849,986.4617,984.839,985.9874,18507.0
2026-03-31 15:15:00,986.1621,987.3254,985.6578,986.8661,16893.0
2026-03-31 15:20:00,986.8811,987.7248,986.5665,987.3654,15267.0
2026-03-31 15:25:00,987.5201,987.8147,986.6065,987.1457,21323.0
2026-03-31 15:30:00,987.0059,990.0789,986.8261,989.702,26564.0
2026-03-31 15:35:00,989.8018,991.6491,989.8018,991.4095,24094.0
2026-03-31 15:40:00,991.6192,993.5464,991.2297,992.2882,33877.0
2026-03-31 15:45:00,992.2682,994.0307,992.1284,993.8808,38875.0
2026-03-31 15:50:00,993.8559,998.4493,992.2383,993.6562,94381.0
2026-03-31 15:55:00,993.9059,996.552,993.6587,994.9843,233660.0
