datetime,open,high,low,close,volume
2026-03-02 09:30:00,192.0055,195.2172,191.0081,194.4692,467522.0
2026-03-02 09:35:00,194.5686,195.4367,193.8308,194.3545,188563.0
2026-03-02 09:40:00,194.2645,195.1424,193.4318,193.6513,144844.0
2026-03-02 09:45:00,193.4618,193.4917,192.2291,192.3397,222203.0
2026-03-02 09:50:00,192.4743,193.0029,191.836,192.8633,112378.0
2026-03-02 09:55:00,192.6239,193.7809,192.5342,193.6313,118074.0
2026-03-02 10:00:00,193.6313,193.7311,190.8485,190.9333,228722.0
2026-03-02 10:05:00,190.9333,191.5068,190.4096,190.5991,199999.0
2026-03-02 10:10:00,190.5991,192.215,190.1852,191.9058,174696.0
2026-03-02 10:15:00,191.8908,193.3221,191.7312,191.9556,115510.0
2026-03-02 10:20:00,192.0953,193.2822,191.8958,192.6538,142758.0
2026-03-02 10:25:00,192.8035,193.2124,192.1452,192.4344,118310.0
2026-03-02 10:30:00,192.4743,193.1127,191.826,191.8509,162137.0
2026-03-02 10:35:00,191.8459,192.968,191.4769,192.7935,105201.0
2026-03-02 10:40:00,192.7935,193.376,192.4444,193.1326,74183.0
2026-03-02 10:45:00,193.1226,193.3022,192.6862,192.7037,87006.0
2026-03-02 10:50:00,192.6987,193.5815,192.6439,193.0329,97091.0
2026-03-02 10:55:00,193.0279,193.3022,192.6239,193.1725,76704.0
2026-03-02 11:00:00,193.0728,193.1286,192.205,192.5192,139507.0
2026-03-02 11:05:00,192.5042,192.5042,191.8858,192.195,81665.0
2026-03-02 11:10:00,192.195,192.3347,191.6365,191.8958,124507.0
2026-03-02 11:15:00,191.8958,192.0654,191.5018,191.5208,83167.0
2026-03-02 11:20:00,191.5766,191.5766,191.058,191.2774,96028.0
2026-03-02 11:25:00,191.2948,191.4185,190.7188,190.8535,104037.0
2026-03-02 11:30:00,190.8984,191.427,190.8585,191.417,88400.0
2026-03-02 11:35:00,191.3721,191.8709,191.1477,191.8659,100677.0
2026-03-02 11:40:00,191.7811,192.4244,191.7811,192.2914,63129.0
2026-03-02 11:45:00,192.2499,192.32,191.5168,191.7861,87524.0
2026-03-02 11:50:00,191.7861,192.3845,191.6764,192.0614,61442.0
2026-03-02 11:55:00,192.0155,192.6538,192.0055,192.5042,58664.0
2026-03-02 12:00:00,192.4544,192.4894,191.9407,192.1751,64151.0
2026-03-02 12:05:00,192.1302,192.3347,191.7661,191.9955,46572.0
2026-03-02 12:10:00,191.9856,192.1851,191.7262,191.8808,37636.0
2026-03-02 12:15:00,191.8808,192.2848,191.7861,192.1007,44324.0
2026-03-02 12:20:00,192.2349,192.2848,191.7661,191.7661,43870.0
2026-03-02 12:25:00,191.6764,191.806,190.8813,190.9682,93952.0
2026-03-02 12:30:00,190.9582,191.3771,190.8728,191.1378,95603.0
2026-03-02 12:35:00,191.1527,191.6814,190.9482,191.6814,76558.0
2026-03-02 12:40:00,191.6614,191.8659,191.2375,191.7362,68191.0
2026-03-02 12:45:00,191.7837,192.2748,191.5767,192.0953,67758.0
2026-03-02 12:50:00,192.0953,192.5242,191.9058,192.3995,72139.0
2026-03-02 12:55:00,192.3845,192.3845,191.816,192.1452,51265.0
2026-03-02 13:00:00,192.0903,192.1651,191.8659,191.9869,51204.0
2026-03-02 13:05:00,192.0354,192.3546,191.9856,192.0853,43642.0
2026-03-02 13:10:00,192.1003,192.4692,191.9955,192.4195,45439.0
2026-03-02 13:15:00,192.4195,192.6039,192.0777,192.195,58944.0
2026-03-02 13:20:00,192.195,192.6239,192.0554,192.5142,112358.0
2026-03-02 13:25:00,192.4843,192.8733,192.3047,192.6888,98300.0
2026-03-02 13:30:00,192.6888,193.0029,192.3945,192.604,110070.0
2026-03-02 13:35:00,192.594,192.8035,192.1651,192.1651,72814.0
2026-03-02 13:40:00,192.1551,192.2449,191.7811,191.9357,134054.0
2026-03-02 13:45:00,191.836,192.0753,191.5666,191.8858,332101.0
2026-03-02 13:50:00,191.9058,192.0354,191.7063,191.7362,44882.0
2026-03-02 13:55:00,191.7262,191.9955,191.5367,191.8559,61212.0
2026-03-02 14:00:00,191.806,192.0055,191.6963,191.816,45600.0
2026-03-02 14:05:00,191.816,192.1003,191.6863,192.1003,67406.0
2026-03-02 14:10:00,192.1352,192.5641,192.0554,192.4693,72284.0
2026-03-02 14:15:00,192.4743,193.1226,192.3746,193.0329,143385.0
2026-03-02 14:20:00,193.0687,193.2324,192.9182,193.0379,82388.0
2026-03-02 14:25:00,193.0129,193.2224,192.8234,193.1925,75728.0
2026-03-02 14:30:00,193.1825,193.2573,192.8334,192.8633,60319.0
2026-03-02 14:35:00,192.8583,193.1725,192.7436,192.8932,68592.0
2026-03-02 14:40:00,192.9032,193.0728,192.8035,193.0528,65740.0
2026-03-02 14:45:00,193.0628,193.1526,192.594,192.8334,124191.0
2026-03-02 14:50:00,192.8334,192.983,192.584,192.9381,150559.0
2026-03-02 14:55:00,192.9631,193.3221,192.7835,193.013,98921.0
2026-03-02 15:00:00,193.0827,193.1925,192.5916,192.6538,84055.0
2026-03-02 15:05:00,192.6788,192.8134,191.8687,191.9756,110165.0
2026-03-02 15:10:00,191.9756,192.7436,191.6873,192.614,126396.0
2026-03-02 15:15:00,192.609,192.6738,192.0354,192.195,96955.0
2026-03-02 15:20:00,192.2748,192.4244,192.0454,192.1601,181332.0
2026-03-02 15:25:00,192.1352,192.2133,191.9756,191.9987,87815.0
2026-03-02 15:30:00,191.9756,192.2948,191.9656,192.195,103051.0
2026-03-02 15:35:00,192.1551,192.2748,192.0055,192.0853,88805.0
2026-03-02 15:40:00,192.0654,192.2449,191.9058,192.1501,103057.0
2026-03-02 15:45:00,192.1501,192.5491,192.0753,192.5491,129901.0
2026-03-02 15:50:00,192.5342,192.6739,192.2449,192.5292,158664.0
2026-03-02 15:55:00,192.5242,192.7835,192.3746,192.4643,448472.0
2026-03-03 09:30:00,190.26,193.5116,189.5119,192.7436,435218.0
2026-03-03 09:35:00,192.8833,192.9331,190.5692,190.8036,232188.0
2026-03-03 09:40:00,190.8486,191.9157,190.4196,191.4519,154498.0
2026-03-03 09:45:00,191.3771,191.5866,189.7912,189.8959,233996.0
2026-03-03 09:50:00,189.8959,191.4169,189.502,191.22,195198.0
2026-03-03 09:55:00,191.1577,192.2948,190.5892,190.7712,142568.0
2026-03-03 10:00:00,190.669,191.5966,190.0683,190.2151,199352.0
2026-03-03 10:05:00,190.2176,190.3424,189.093,189.3773,148778.0
2026-03-03 10:10:00,189.2925,190.7762,189.2925,189.9433,200970.0
2026-03-03 10:15:00,190.0605,190.639,189.5119,189.9508,111950.0
2026-03-03 10:20:00,189.9508,190.2201,189.4421,189.7962,149041.0
2026-03-03 10:25:00,189.7413,190.5991,189.472,190.4196,133223.0
2026-03-03 10:30:00,190.4196,190.7687,189.9708,190.3498,110046.0
2026-03-03 10:35:00,190.4096,192.0454,190.1503,191.9457,108097.0
2026-03-03 10:40:00,191.9955,192.8234,191.5966,191.8705,131951.0
2026-03-03 10:45:00,191.806,192.0703,190.8984,191.3472,130989.0
2026-03-03 10:50:00,191.2774,191.5267,190.6291,190.7587,126307.0
2026-03-03 10:55:00,190.8335,191.427,190.7288,191.2674,93656.0
2026-03-03 11:00:00,191.2175,192.0654,190.9383,192.0055,129082.0
2026-03-03 11:05:00,192.0105,192.9132,191.9257,192.6638,130106.0
2026-03-03 11:10:00,192.6638,193.6812,192.5541,193.2024,267278.0
2026-03-03 11:15:00,193.2024,193.6014,192.7636,193.4717,158930.0
2026-03-03 11:20:00,193.5266,194.6088,193.2423,194.4788,190118.0
2026-03-03 11:25:00,194.4642,194.7983,194.2597,194.4343,141766.0
2026-03-03 11:30:00,194.3595,194.549,193.8607,194.3694,101688.0
2026-03-03 11:35:00,194.3994,194.4592,193.8208,194.3694,82750.0
2026-03-03 11:40:00,194.3445,194.4193,193.761,193.9505,86989.0
2026-03-03 11:45:00,194.0403,195.0776,193.9705,195.0776,198481.0
2026-03-03 11:50:00,195.0626,195.6661,194.6587,194.8183,137272.0
2026-03-03 11:55:00,194.7834,194.7834,194.16,194.5789,97581.0
2026-03-03 12:00:00,194.5041,194.5789,193.6114,194.0251,165849.0
2026-03-03 12:05:00,194.13,194.4592,193.6114,193.771,84982.0
2026-03-03 12:10:00,193.9405,194.4891,193.751,194.0602,77172.0
2026-03-03 12:15:00,194.1151,194.3894,193.8408,194.3894,84679.0
2026-03-03 12:20:00,194.3295,194.4463,194.1101,194.3644,71319.0
2026-03-03 12:25:00,194.3196,194.908,194.2896,194.7485,119710.0
2026-03-03 12:30:00,194.7185,194.7385,194.2996,194.4742,77372.0
2026-03-03 12:35:00,194.4343,194.7385,194.2198,194.4592,134957.0
2026-03-03 12:40:00,194.529,194.5484,194.1201,194.5484,72980.0
2026-03-03 12:45:00,194.6088,194.7684,194.15,194.4991,92552.0
2026-03-03 12:50:00,194.529,194.9828,194.519,194.7584,116001.0
2026-03-03 12:55:00,194.7584,194.9878,194.4343,194.7884,102371.0
2026-03-03 13:00:00,194.7933,195.9728,194.7285,195.716,234399.0
2026-03-03 13:05:00,195.7259,196.0551,195.5364,195.8955,95165.0
2026-03-03 13:10:00,195.906,196.2745,195.6461,195.9354,169270.0
2026-03-03 13:15:00,195.8706,196.2396,195.8706,196.07,81524.0
2026-03-03 13:20:00,196.1249,196.6336,195.9554,196.474,116348.0
2026-03-03 13:25:00,196.4441,196.6436,196.1848,196.4441,76856.0
2026-03-03 13:30:00,196.464,197.3168,196.4152,197.272,112646.0
2026-03-03 13:35:00,197.267,198.02,197.0226,197.6709,172905.0
2026-03-03 13:40:00,197.7008,197.9492,197.237,197.4116,84572.0
2026-03-03 13:45:00,197.3817,197.9901,197.1622,197.7707,87661.0
2026-03-03 13:50:00,197.7707,197.8528,197.2919,197.4315,82178.0
2026-03-03 13:55:00,197.3618,197.7108,197.1024,197.641,112800.0
2026-03-03 14:00:00,197.641,197.9601,197.5562,197.9003,81972.0
2026-03-03 14:05:00,197.8604,197.9253,196.9428,197.0396,115822.0
2026-03-03 14:10:00,197.0326,197.3617,196.8132,197.2021,70041.0
2026-03-03 14:15:00,197.1972,197.5961,197.1872,197.252,72929.0
2026-03-03 14:20:00,197.2919,197.5612,196.9927,197.4864,765434.0
2026-03-03 14:25:00,197.4864,197.6161,197.1622,197.3268,84888.0
2026-03-03 14:30:00,197.4016,197.7308,196.9328,197.0866,85205.0
2026-03-03 14:35:00,197.0874,197.6061,196.8929,197.0226,124030.0
2026-03-03 14:40:00,197.0775,197.3617,196.5937,197.1523,111081.0
2026-03-03 14:45:00,197.1822,197.5712,197.1822,197.4515,130252.0
2026-03-03 14:50:00,197.4864,198.1597,197.3916,197.7158,166301.0
2026-03-03 14:55:00,197.7158,197.9502,197.3418,197.5812,141543.0
2026-03-03 15:00:00,197.6011,197.8455,197.3916,197.6809,104907.0
2026-03-03 15:05:00,197.661,197.661,197.0625,197.1074,133354.0
2026-03-03 15:10:00,197.1523,197.1622,196.6785,196.8431,109356.0
2026-03-03 15:15:00,196.8132,196.863,196.2396,196.3244,136365.0
2026-03-03 15:20:00,196.3543,196.5338,196.2296,196.3144,118172.0
2026-03-03 15:25:00,196.2945,196.4042,196.07,196.2745,132773.0
2026-03-03 15:30:00,196.2745,196.3992,195.9055,196.0052,135088.0
2026-03-03 15:35:00,196.0651,196.1548,195.7238,195.8955,161997.0
2026-03-03 15:40:00,195.9354,196.2345,195.7908,196.1848,133343.0
2026-03-03 15:45:00,196.1947,196.6535,196.1848,196.459,201664.0
2026-03-03 15:50:00,196.3942,196.484,195.6062,195.9803,325223.0
2026-03-03 15:55:00,195.9753,196.0252,195.4267,195.5663,789806.0
2026-03-04 09:30:00,194.5988,195.9653,191.6065,194.5889,693177.0
2026-03-04 09:35:00,194.5889,194.938,193.7311,194.2797,257418.0
2026-03-04 09:40:00,194.2004,194.2597,192.7735,194.0104,161096.0
2026-03-04 09:45:00,193.8707,194.9779,193.3421,194.4642,176070.0
2026-03-04 09:50:00,194.3196,194.9579,193.1625,194.8083,170213.0
2026-03-04 09:55:00,194.6188,195.7553,194.3994,194.9479,269226.0
2026-03-04 10:00:00,194.938,195.5314,194.5789,194.7086,119676.0
2026-03-04 10:05:00,194.9579,195.8456,194.0004,194.8681,136803.0
2026-03-04 10:10:00,194.8681,195.2771,194.5455,194.6387,88465.0
2026-03-04 10:15:00,194.6986,194.7185,193.2623,193.3919,148261.0
2026-03-04 10:20:00,193.4418,195.0776,192.973,194.6387,150591.0
2026-03-04 10:25:00,194.6487,195.0976,194.3994,194.6437,95398.0
2026-03-04 10:30:00,194.6637,194.918,194.0104,194.0104,93638.0
2026-03-04 10:35:00,194.0004,195.0926,193.8308,194.5351,82200.0
2026-03-04 10:40:00,194.4991,194.6288,193.4219,193.6513,151797.0
2026-03-04 10:45:00,193.6513,194.0552,193.4717,194.0253,87224.0
2026-03-04 10:50:00,194.0403,194.0403,193.5017,193.8308,81858.0
2026-03-04 10:55:00,193.8707,194.6288,193.8707,194.539,93783.0
2026-03-04 11:00:00,194.5689,194.7983,193.2822,193.8558,132789.0
2026-03-04 11:05:00,193.8558,194.13,193.382,194.13,106124.0
2026-03-04 11:10:00,194.13,194.3894,193.5216,193.771,155125.0
2026-03-04 11:15:00,193.771,195.686,193.7012,195.6362,190741.0
2026-03-04 11:20:00,195.5264,195.6162,194.8981,194.9779,104363.0
2026-03-04 11:25:00,194.8881,195.2372,194.7884,195.2272,66902.0
2026-03-04 11:30:00,195.2123,195.3669,194.9031,195.317,67665.0
2026-03-04 11:35:00,195.317,195.3569,194.5589,194.8183,76135.0
2026-03-04 11:40:00,194.8233,195.1773,194.4093,194.7884,105506.0
2026-03-04 11:45:00,194.8282,195.1474,194.6996,195.0477,88195.0
2026-03-04 11:50:00,195.0527,195.0527,194.6587,194.8282,59692.0
2026-03-04 11:55:00,194.8881,194.8881,194.549,194.8233,50264.0
2026-03-04 12:00:00,194.8282,195.0227,194.529,195.0227,117536.0
2026-03-04 12:05:00,195.1573,195.4566,194.9779,195.1923,95943.0
2026-03-04 12:10:00,195.1375,195.1773,194.7385,195.0078,49576.0
2026-03-04 12:15:00,195.0377,195.0676,194.5869,194.7086,54537.0
2026-03-04 12:20:00,194.7036,195.0427,194.5689,194.6487,71024.0
2026-03-04 12:25:00,194.7335,195.1574,194.6886,194.8781,43750.0
2026-03-04 12:30:00,194.8881,194.9804,194.4492,194.6587,98325.0
2026-03-04 12:35:00,194.6587,194.913,194.498,194.8482,55968.0
2026-03-04 12:40:00,194.8482,195.0366,194.7983,194.8881,61274.0
2026-03-04 12:45:00,194.908,195.0377,194.7784,194.9779,44731.0
2026-03-04 12:50:00,194.9181,195.0876,194.5988,194.8881,67560.0
2026-03-04 12:55:00,194.9529,195.2671,194.8282,195.1973,826031.0
2026-03-04 13:00:00,195.1973,195.2771,194.7335,194.8981,76502.0
2026-03-04 13:05:00,194.908,195.297,194.908,195.2671,116004.0
2026-03-04 13:10:00,195.2242,195.5463,195.1973,195.312,117089.0
2026-03-04 13:15:00,195.307,195.5763,195.1873,195.327,122356.0
2026-03-04 13:20:00,195.2222,195.2871,194.7185,194.8083,51500.0
2026-03-04 13:25:00,194.7819,195.1424,194.5689,195.0078,98097.0
2026-03-04 13:30:00,195.0527,195.2671,194.9479,195.1474,76800.0
2026-03-04 13:35:00,195.1095,195.3768,195.0577,195.2023,69749.0
2026-03-04 13:40:00,195.2073,195.2162,194.5689,194.6337,118195.0
2026-03-04 13:45:00,194.7086,194.9529,194.4891,194.8532,91630.0
2026-03-04 13:50:00,194.7983,195.1075,194.7534,194.8532,235709.0
2026-03-04 13:55:00,194.8532,194.8881,194.549,194.8482,56032.0
2026-03-04 14:00:00,194.8133,195.0826,194.7385,194.9878,67004.0
2026-03-04 14:05:00,195.0178,195.0178,194.7734,194.9529,54117.0
2026-03-04 14:10:00,194.9479,195.2422,194.7884,195.0876,86847.0
2026-03-04 14:15:00,195.1175,195.139,194.8781,194.918,82954.0
2026-03-04 14:20:00,194.918,194.9878,194.7584,194.8731,73822.0
2026-03-04 14:25:00,194.8981,195.0626,194.7285,194.7784,41925.0
2026-03-04 14:30:00,194.7983,194.9379,194.6188,194.7884,66799.0
2026-03-04 14:35:00,194.8033,194.9779,194.6487,194.7534,72608.0
2026-03-04 14:40:00,194.7385,194.7534,194.4093,194.5774,97558.0
2026-03-04 14:45:00,194.539,194.8432,194.4693,194.7734,43208.0
2026-03-04 14:50:00,194.7784,194.9479,194.6288,194.7135,69418.0
2026-03-04 14:55:00,194.7385,194.7485,194.4592,194.6362,58000.0
2026-03-04 15:00:00,194.6512,194.8083,194.4891,194.539,81435.0
2026-03-04 15:05:00,194.549,194.549,193.8707,194.0653,83781.0
2026-03-04 15:10:00,193.9904,194.2198,193.9405,193.9904,115189.0
2026-03-04 15:15:00,193.9804,194.15,193.6812,193.7311,99927.0
2026-03-04 15:20:00,193.6962,193.9206,193.5316,193.5515,99105.0
2026-03-04 15:25:00,193.5515,193.8907,193.5515,193.8907,83549.0
2026-03-04 15:30:00,193.8807,194.0303,193.6313,193.7311,89952.0
2026-03-04 15:35:00,193.7311,193.8308,193.5187,193.5316,107249.0
2026-03-04 15:40:00,193.5715,193.6014,193.4219,193.5017,142950.0
2026-03-04 15:45:00,193.4917,193.6413,193.1625,193.2972,272374.0
2026-03-04 15:50:00,193.2972,193.2972,192.8334,193.1376,269049.0
2026-03-04 15:55:00,193.0927,193.1526,192.3845,192.5541,590694.0
2026-03-05 09:30:00,193.8607,196.2047,193.741,195.5954,368191.0
2026-03-05 09:35:00,195.8456,198.5886,195.5364,198.5886,585986.0
2026-03-05 09:40:00,198.6185,199.7057,198.1198,199.3167,372871.0
2026-03-05 09:45:00,199.1571,200.4637,198.5587,199.5261,299677.0
2026-03-05 09:50:00,199.5461,202.0397,199.5461,201.4811,310058.0
2026-03-05 09:55:00,201.4911,201.7005,200.0149,201.0722,292414.0
2026-03-05 10:00:00,201.2318,201.4811,199.955,200.8727,279278.0
2026-03-05 10:05:00,200.8926,202.3988,200.7231,201.7404,226399.0
2026-03-05 10:10:00,201.6956,201.7305,200.4139,201.4861,199786.0
2026-03-05 10:15:00,201.3913,202.4785,201.3913,201.92,350231.0
2026-03-05 10:20:00,201.8801,202.1544,201.1619,201.5907,284685.0
2026-03-05 10:25:00,201.536,201.7703,200.3807,201.1869,225407.0
2026-03-05 10:30:00,201.3814,201.8402,200.364,200.9724,352109.0
2026-03-05 10:35:00,200.9724,201.2815,200.2343,201.0921,341505.0
2026-03-05 10:40:00,201.0921,202.1194,201.0023,201.9399,436338.0
2026-03-05 10:45:00,202.1293,202.9573,201.2118,201.9948,428769.0
2026-03-05 10:50:00,201.91,202.9074,201.8701,201.9898,269769.0
2026-03-05 10:55:00,202.0048,202.0122,199.5461,200.5385,287241.0
2026-03-05 11:00:00,200.5735,201.3814,200.3141,201.2816,180102.0
2026-03-05 11:05:00,201.2816,201.4976,200.2144,200.2842,169172.0
2026-03-05 11:10:00,200.2343,200.3839,199.5461,200.0648,294689.0
2026-03-05 11:15:00,199.9151,200.3041,199.586,199.8503,157730.0
2026-03-05 11:20:00,199.965,201.0323,199.6658,200.6233,278285.0
2026-03-05 11:25:00,200.5735,201.7205,200.374,200.8328,145986.0
2026-03-05 11:30:00,200.7729,201.6706,200.1446,201.0672,116616.0
2026-03-05 11:35:00,201.0672,202.7479,200.8926,202.3589,178417.0
2026-03-05 11:40:00,202.4287,202.7876,201.93,202.688,149370.0
2026-03-05 11:45:00,202.6431,203.0172,201.7058,202.2791,164569.0
2026-03-05 11:50:00,202.3488,202.6581,201.8402,201.9798,98712.0
2026-03-05 11:55:00,202.0496,203.2316,202.0297,203.0845,134671.0
2026-03-05 12:00:00,203.097,203.7054,202.7179,203.6655,170520.0
2026-03-05 12:05:00,203.6256,203.8051,203.2075,203.4012,100324.0
2026-03-05 12:10:00,203.3363,203.8949,202.9074,203.6804,162862.0
2026-03-05 12:15:00,203.6804,203.6804,202.8576,202.9872,153036.0
2026-03-05 12:20:00,202.9773,203.3862,202.6182,202.9174,108756.0
2026-03-05 12:25:00,202.9773,203.0221,202.5007,202.6282,92368.0
2026-03-05 12:30:00,202.6581,203.0571,202.4785,202.6182,128903.0
2026-03-05 12:35:00,202.5683,202.8675,202.2092,202.5833,126384.0
2026-03-05 12:40:00,202.6381,203.0072,201.9938,202.0995,112880.0
2026-03-05 12:45:00,202.1095,202.1394,201.2843,201.7853,118201.0
2026-03-05 12:50:00,201.8502,202.6282,201.3814,202.1294,264687.0
2026-03-05 12:55:00,202.1693,202.1693,200.9824,201.2118,159476.0
2026-03-05 13:00:00,201.0821,201.8003,200.3839,201.7754,127148.0
2026-03-05 13:05:00,201.6806,201.8402,201.4512,201.7803,69287.0
2026-03-05 13:10:00,201.8103,202.3389,201.5909,202.299,103352.0
2026-03-05 13:15:00,202.2392,202.3888,201.2617,201.2717,80405.0
2026-03-05 13:20:00,201.2717,201.8103,201.2417,201.5559,81344.0
2026-03-05 13:25:00,201.6207,201.7404,200.9325,200.9354,66872.0
2026-03-05 13:30:00,201.0522,201.4362,200.7031,200.9724,106330.0
2026-03-05 13:35:00,200.9624,201.0756,200.4737,200.9425,66168.0
2026-03-05 13:40:00,201.0223,202.1693,201.0223,202.0846,96236.0
2026-03-05 13:45:00,202.1095,202.1147,201.5709,201.5709,71229.0
2026-03-05 13:50:00,201.541,201.5709,200.9126,201.0622,61007.0
2026-03-05 13:55:00,201.0722,201.5011,201.0722,201.152,60055.0
2026-03-05 14:00:00,201.152,201.5809,200.6433,200.8428,71726.0
2026-03-05 14:05:00,200.8627,201.4012,200.8577,201.0921,99357.0
2026-03-05 14:10:00,201.0023,202.0098,200.8029,201.9449,70214.0
2026-03-05 14:15:00,201.9399,202.0297,201.4912,201.7622,63625.0
2026-03-05 14:20:00,201.8103,202.0496,201.531,202.0098,71072.0
2026-03-05 14:25:00,201.9948,202.1594,201.4114,202.1594,72487.0
2026-03-05 14:30:00,202.0796,202.0895,201.5574,201.9499,76978.0
2026-03-05 14:35:00,201.9499,202.4486,201.8402,202.0297,117106.0
2026-03-05 14:40:00,202.0596,202.1394,201.536,201.9798,141988.0
2026-03-05 14:45:00,201.9798,202.299,201.7205,202.1793,73533.0
2026-03-05 14:50:00,202.1993,202.309,201.6008,201.6108,119563.0
2026-03-05 14:55:00,201.6108,201.895,201.2517,201.8003,134754.0
2026-03-05 15:00:00,201.9,201.9,201.132,201.6706,129223.0
2026-03-05 15:05:00,201.7005,201.7404,201.2417,201.6407,162487.0
2026-03-05 15:10:00,201.5809,201.6208,201.0472,201.4183,265853.0
2026-03-05 15:15:00,201.4462,201.6806,200.7031,200.7031,106998.0
2026-03-05 15:20:00,200.6931,201.1121,200.6034,200.9026,94104.0
2026-03-05 15:25:00,200.9575,201.6307,200.8328,201.521,130729.0
2026-03-05 15:30:00,201.4711,201.5908,201.1919,201.5509,114204.0
2026-03-05 15:35:00,201.541,201.7953,201.3116,201.531,178658.0
2026-03-05 15:40:00,201.541,201.6307,201.3016,201.5819,115388.0
2026-03-05 15:45:00,201.5809,201.8601,201.3215,201.8352,245304.0
2026-03-05 15:50:00,201.8701,202.0496,201.1071,201.2417,217423.0
2026-03-05 15:55:00,201.2218,201.2268,200.6133,200.8527,693177.0
2026-03-06 09:30:00,200.2742,201.9599,199.0973,200.8178,443300.0
2026-03-06 09:35:00,200.8178,201.082,198.6086,199.5062,174211.0
2026-03-06 09:40:00,199.5062,199.8154,197.9602,198.0849,174427.0
2026-03-06 09:45:00,197.9502,198.2893,196.873,197.4814,150482.0
2026-03-06 09:50:00,197.4116,198.3093,197.3717,197.656,167648.0
2026-03-06 09:55:00,197.6211,197.9552,196.863,197.0924,132924.0
2026-03-06 10:00:00,197.1722,198.1996,197.0026,197.3193,168495.0
2026-03-06 10:05:00,197.4315,198.3242,197.0924,197.7308,131541.0
2026-03-06 10:10:00,197.8205,198.8778,197.8205,198.7132,103620.0
2026-03-06 10:15:00,198.6783,198.6783,197.8804,198.0101,96088.0
2026-03-06 10:20:00,198.0101,199.1571,197.7907,198.8778,85341.0
2026-03-06 10:25:00,198.8279,199.586,198.8279,199.3765,91777.0
2026-03-06 10:30:00,199.5062,200.2543,199.3167,199.8752,125731.0
2026-03-06 10:35:00,199.985,201.2218,199.5362,200.8029,134766.0
2026-03-06 10:40:00,200.6532,201.0622,199.8653,200.2393,150097.0
2026-03-06 10:45:00,200.2393,200.5535,199.975,200.4039,70507.0
2026-03-06 10:50:00,200.2642,200.3141,199.6974,199.8453,70152.0
2026-03-06 10:55:00,200.0548,201.2318,200.0548,201.2318,67841.0
2026-03-06 11:00:00,201.142,201.4911,200.8429,201.3814,77003.0
2026-03-06 11:05:00,201.3714,201.4711,200.7729,200.8926,102646.0
2026-03-06 11:10:00,200.9425,201.0821,200.2343,200.2443,81517.0
2026-03-06 11:15:00,200.2942,200.3939,199.3965,200.1246,99212.0
2026-03-06 11:20:00,200.1146,200.5036,199.6359,200.0498,90351.0
2026-03-06 11:25:00,200.0004,200.4787,199.8254,200.2293,96665.0
2026-03-06 11:30:00,200.2244,200.2841,199.7855,199.8154,74023.0
2026-03-06 11:35:00,199.7855,201.0722,199.7755,200.9475,117200.0
2026-03-06 11:40:00,200.9674,201.041,200.4937,200.6582,84193.0
2026-03-06 11:45:00,200.6532,201.6507,200.6532,201.4113,87204.0
2026-03-06 11:50:00,201.5609,201.7305,201.2218,201.2766,42403.0
2026-03-06 11:55:00,201.2219,201.8701,201.1819,201.8003,45466.0
2026-03-06 12:00:00,201.836,202.3389,201.513,202.2691,82525.0
2026-03-06 12:05:00,202.289,202.4386,200.6034,200.743,98962.0
2026-03-06 12:10:00,200.8128,200.8128,200.0648,200.2593,94270.0
2026-03-06 12:15:00,200.2593,200.7979,200.2593,200.758,42545.0
2026-03-06 12:20:00,200.758,200.9026,200.364,200.7031,67524.0
2026-03-06 12:25:00,200.6732,200.6732,199.9052,200.5236,43447.0
2026-03-06 12:30:00,200.5934,200.7131,200.1446,200.6283,61907.0
2026-03-06 12:35:00,200.5036,200.5036,199.8054,199.8703,62316.0
2026-03-06 12:40:00,199.8752,199.8752,199.0673,199.2219,89355.0
2026-03-06 12:45:00,199.2269,199.7655,199.2169,199.6558,58409.0
2026-03-06 12:50:00,199.7157,199.8752,199.4863,199.5361,90090.0
2026-03-06 12:55:00,199.5162,199.8603,199.3566,199.4513,58885.0
2026-03-06 13:00:00,199.4563,199.7356,199.1272,199.2169,51308.0
2026-03-06 13:05:00,199.192,199.3516,198.808,199.0673,48764.0
2026-03-06 13:10:00,199.1721,199.7754,198.5985,199.5411,66060.0
2026-03-06 13:15:00,199.4763,200.0648,199.3167,199.7655,64719.0
2026-03-06 13:20:00,199.8354,199.9183,199.2868,199.536,75986.0
2026-03-06 13:25:00,199.4364,199.7506,199.0575,199.2469,40743.0
2026-03-06 13:30:00,199.192,199.6359,199.192,199.3366,56884.0
2026-03-06 13:35:00,199.2169,199.4962,199.0973,199.197,38863.0
2026-03-06 13:40:00,199.2469,199.4663,199.0773,199.3566,47711.0
2026-03-06 13:45:00,199.3666,199.6957,199.2967,199.5561,83529.0
2026-03-06 13:50:00,199.6059,199.6558,199.0475,199.1471,48093.0
2026-03-06 13:55:00,199.0973,199.3965,198.9748,199.1022,46992.0
2026-03-06 14:00:00,199.1022,199.3765,198.9875,199.2967,44304.0
2026-03-06 14:05:00,199.2967,200.0747,199.2967,199.6758,97340.0
2026-03-06 14:10:00,199.6658,200.3141,199.6558,199.9351,99402.0
2026-03-06 14:15:00,199.9251,200.2443,199.7256,200.0897,90878.0
2026-03-06 14:20:00,200.0348,200.4338,199.9401,200.0348,66636.0
2026-03-06 14:25:00,200.0149,200.3191,199.8752,199.8752,60915.0
2026-03-06 14:30:00,199.8852,200.4038,199.8852,200.1495,66351.0
2026-03-06 14:35:00,200.1745,200.3787,200.0133,200.1146,69737.0
2026-03-06 14:40:00,200.0978,200.6333,200.093,200.1545,44857.0
2026-03-06 14:45:00,200.0947,200.2992,199.9949,200.2742,48697.0
2026-03-06 14:50:00,200.2693,200.3839,199.9225,200.344,73711.0
2026-03-06 14:55:00,200.3341,201.1619,200.3141,201.1619,169314.0
2026-03-06 15:00:00,201.1619,201.6208,201.0821,201.3415,159735.0
2026-03-06 15:05:00,201.3614,201.4811,201.1021,201.2866,73876.0
2026-03-06 15:10:00,201.3614,201.3913,200.4438,200.8428,172736.0
2026-03-06 15:15:00,200.8029,201.137,200.4438,200.8328,76941.0
2026-03-06 15:20:00,200.8527,201.0073,200.6832,200.6931,72359.0
2026-03-06 15:25:00,200.7031,200.8527,200.364,200.4937,80959.0
2026-03-06 15:30:00,200.4538,200.753,200.2443,200.5934,114779.0
2026-03-06 15:35:00,200.5735,200.8527,200.1545,200.5884,98194.0
2026-03-06 15:40:00,200.5884,200.9824,200.4139,200.4787,126717.0
2026-03-06 15:45:00,200.4787,201.1719,200.3241,201.1719,153694.0
2026-03-06 15:50:00,201.1719,201.2517,200.8228,200.9724,210729.0
2026-03-06 15:55:00,200.9724,201.7604,200.8727,201.5809,641938.0
2026-03-09 09:30:00,198.05,203.1468,198.05,199.8354,440138.0
2026-03-09 09:35:00,199.8254,199.9451,198.3791,198.5187,177929.0
2026-03-09 09:40:00,198.5369,199.1978,197.5413,199.0673,160153.0
2026-03-09 09:45:00,198.8778,199.8498,198.6783,199.0508,189153.0
2026-03-09 09:50:00,199.187,199.7256,198.0948,198.6883,150438.0
2026-03-09 09:55:00,198.6883,199.0374,197.6061,198.3242,193642.0
2026-03-09 10:00:00,198.2395,198.6634,197.1423,198.6634,161386.0
2026-03-09 10:05:00,198.6384,199.4613,197.8953,199.0075,154138.0
2026-03-09 10:10:00,198.9404,199.4464,196.8231,197.2121,153668.0
2026-03-09 10:15:00,197.2071,197.7856,197.1044,197.651,102217.0
2026-03-09 10:20:00,197.7208,198.025,197.0026,197.4166,96842.0
2026-03-09 10:25:00,197.3318,197.6809,196.9328,197.2321,79984.0
2026-03-09 10:30:00,197.3019,197.8255,197.0326,197.3168,111320.0
2026-03-09 10:35:00,197.3218,198.4202,197.1174,198.2993,126238.0
2026-03-09 10:40:00,198.2893,199.2967,198.0401,199.2967,100548.0
2026-03-09 10:45:00,199.2668,199.8653,199.1272,199.6458,118187.0
2026-03-09 10:50:00,199.6359,200.6133,199.2369,200.3041,164234.0
2026-03-09 10:55:00,200.2942,200.4637,198.9975,199.1571,112994.0
2026-03-09 11:00:00,199.2269,199.6658,198.8379,199.2768,114794.0
2026-03-09 11:05:00,199.2768,199.2768,197.8006,198.05,277194.0
2026-03-09 11:10:00,198.1695,198.9476,198.015,198.8279,91195.0
2026-03-09 11:15:00,198.9377,199.6857,198.8379,199.3466,62217.0
2026-03-09 11:20:00,199.4563,199.4863,198.7681,199.1421,82212.0
2026-03-09 11:25:00,199.1471,199.566,198.9377,199.4963,86842.0
2026-03-09 11:30:00,199.5062,199.8653,199.2868,199.2868,74561.0
2026-03-09 11:35:00,199.2868,199.2868,198.5836,198.7631,63861.0
2026-03-09 11:40:00,198.7631,199.5561,198.419,199.1272,78220.0
2026-03-09 11:45:00,199.2793,199.5261,198.8978,198.8978,59718.0
2026-03-09 11:50:00,198.8978,199.1421,198.7382,198.8236,50500.0
2026-03-09 11:55:00,198.818,199.177,198.7282,199.0125,68192.0
2026-03-09 12:00:00,199.0125,199.197,198.1996,198.3891,121446.0
2026-03-09 12:05:00,198.3891,198.6783,197.9402,198.3992,222369.0
2026-03-09 12:10:00,198.361,198.4988,197.9901,198.1996,55859.0
2026-03-09 12:15:00,198.1996,198.3991,197.8106,197.9402,72280.0
2026-03-09 12:20:00,197.9402,198.0948,197.5213,197.6111,89734.0
2026-03-09 12:25:00,197.636,198.05,197.1672,197.5612,154757.0
2026-03-09 12:30:00,197.5762,197.6161,197.1795,197.6111,111923.0
2026-03-09 12:35:00,197.5113,197.8704,197.4914,197.7008,132578.0
2026-03-09 12:40:00,197.6909,197.9103,197.5413,197.6011,47036.0
2026-03-09 12:45:00,197.5911,197.7507,197.4615,197.5861,92061.0
2026-03-09 12:50:00,197.5861,197.7258,197.2919,197.4864,74472.0
2026-03-09 12:55:00,197.4016,198.3641,197.3717,198.0898,80304.0
2026-03-09 13:00:00,198.0898,198.0898,197.242,197.4266,64780.0
2026-03-09 13:05:00,197.4266,197.6908,197.2321,197.3318,54093.0
2026-03-09 13:10:00,197.3218,197.3717,196.6436,196.7533,134230.0
2026-03-09 13:15:00,196.7782,196.9827,196.6136,196.8431,83642.0
2026-03-09 13:20:00,196.848,197.1423,196.6535,196.898,74706.0
2026-03-09 13:25:00,196.9079,197.1124,196.5438,196.6735,87276.0
2026-03-09 13:30:00,196.6236,196.8929,196.5738,196.7483,91326.0
2026-03-09 13:35:00,196.7061,196.7841,196.2745,196.4092,95142.0
2026-03-09 13:40:00,196.4092,196.4839,195.6362,195.686,121244.0
2026-03-09 13:45:00,195.7359,196.3244,195.6761,196.1848,96414.0
2026-03-09 13:50:00,196.1848,196.474,196.0601,196.3842,53739.0
2026-03-09 13:55:00,196.3648,196.5239,196.1748,196.1973,64588.0
2026-03-09 14:00:00,196.3044,196.6336,196.2945,196.494,54644.0
2026-03-09 14:05:00,196.5538,196.9127,195.6362,195.9803,149549.0
2026-03-09 14:10:00,195.9853,196.13,195.3669,196.0152,244823.0
2026-03-09 14:15:00,195.9853,196.7333,195.8756,196.5937,102402.0
2026-03-09 14:20:00,196.5937,196.853,196.3643,196.5289,101515.0
2026-03-09 14:25:00,196.5289,196.6862,196.2048,196.4507,79247.0
2026-03-09 14:30:00,196.4142,197.0525,196.3842,196.9229,126433.0
2026-03-09 14:35:00,196.9702,197.2448,196.873,197.1223,81762.0
2026-03-09 14:40:00,197.1223,197.1922,196.9029,196.9478,73851.0
2026-03-09 14:45:00,196.9229,197.252,196.883,196.9827,75238.0
2026-03-09 14:50:00,197.0176,197.3717,196.8929,197.0924,106859.0
2026-03-09 14:55:00,197.1174,197.1409,196.5538,196.7284,73108.0
2026-03-09 15:00:00,196.7633,196.9627,196.6336,196.7235,69072.0
2026-03-09 15:05:00,196.7632,196.7632,196.3443,196.6585,85126.0
2026-03-09 15:10:00,196.7333,196.9837,196.6105,196.9837,57081.0
2026-03-09 15:15:00,196.9328,198.0599,196.9129,197.9801,95258.0
2026-03-09 15:20:00,197.8904,198.6983,197.7806,198.0898,117928.0
2026-03-09 15:25:00,198.0898,198.9875,197.9203,198.8629,84775.0
2026-03-09 15:30:00,198.9377,199.5062,198.5387,199.4813,128714.0
2026-03-09 15:35:00,199.4264,199.6059,198.5985,199.197,128570.0
2026-03-09 15:40:00,199.1571,199.197,198.4577,198.9077,118655.0
2026-03-09 15:45:00,198.8379,199.207,198.5786,198.7332,108717.0
2026-03-09 15:50:00,198.6584,198.9077,198.3342,198.3891,167683.0
2026-03-09 15:55:00,198.4489,198.5088,197.9402,198.1696,595562.0
2026-03-10 09:30:00,196.7533,196.9927,193.8807,194.1799,372172.0
2026-03-10 09:35:00,194.2664,194.549,192.225,192.2499,275333.0
2026-03-10 09:40:00,192.2349,192.4145,190.8784,191.3472,312460.0
2026-03-10 09:45:00,191.1577,193.0029,191.0866,192.9631,338633.0
2026-03-10 09:50:00,193.0079,193.4817,192.0055,192.5759,208849.0
2026-03-10 09:55:00,192.584,192.8134,191.7761,192.5142,155025.0
2026-03-10 10:00:00,192.4145,192.7636,191.3472,191.9407,263845.0
2026-03-10 10:05:00,191.9407,192.2549,190.2101,190.5792,396321.0
2026-03-10 10:10:00,190.5692,191.1072,190.1104,190.9981,217442.0
2026-03-10 10:15:00,190.9383,191.5068,190.7388,191.2874,222124.0
2026-03-10 10:20:00,191.3273,192.5602,191.2774,192.0903,220326.0
2026-03-10 10:25:00,192.1751,192.8134,191.9357,192.6735,164567.0
2026-03-10 10:30:00,192.614,193.1426,192.3546,192.8384,130009.0
2026-03-10 10:35:00,192.7735,193.2324,192.6638,192.9431,117358.0
2026-03-10 10:40:00,192.9581,193.5017,192.9531,193.1675,107064.0
2026-03-10 10:45:00,193.1675,193.2822,192.5841,193.2723,81581.0
2026-03-10 10:50:00,193.2324,193.4119,192.7337,193.1625,72565.0
2026-03-10 10:55:00,193.2124,193.5366,193.1229,193.4967,96036.0
2026-03-10 11:00:00,193.5017,194.1899,193.382,194.0802,117475.0
2026-03-10 11:05:00,194.0004,194.0702,193.382,193.5416,85452.0
2026-03-10 11:10:00,193.5416,193.7012,193.1127,193.382,62781.0
2026-03-10 11:15:00,193.377,194.8585,193.2723,194.7784,171377.0
2026-03-10 11:20:00,194.7784,194.8681,194.4991,194.6886,103824.0
2026-03-10 11:25:00,194.7086,195.0078,194.13,194.5689,111586.0
2026-03-10 11:30:00,194.4791,194.7384,194.2996,194.3495,103950.0
2026-03-10 11:35:00,194.4093,194.4692,193.7511,193.8904,76207.0
2026-03-10 11:40:00,193.8907,194.4991,193.8508,194.3189,55238.0
2026-03-10 11:45:00,194.2597,194.3694,193.9754,194.3096,62210.0
2026-03-10 11:50:00,194.3196,194.4891,194.1101,194.2198,59010.0
2026-03-10 11:55:00,194.1999,194.4392,193.9605,194.3146,41521.0
2026-03-10 12:00:00,194.2697,194.4392,194.0303,194.1699,51414.0
2026-03-10 12:05:00,194.1201,195.5763,193.382,193.5907,383003.0
2026-03-10 12:10:00,193.6662,195.1973,193.6662,194.9529,214894.0
2026-03-10 12:15:00,195.0377,196.4441,194.6387,195.6561,258201.0
2026-03-10 12:20:00,195.6212,196.3568,194.8183,196.2072,162718.0
2026-03-10 12:25:00,196.2446,197.4814,196.2446,197.4365,233930.0
2026-03-10 12:30:00,197.4814,199.0574,197.3817,197.7557,653221.0
2026-03-10 12:35:00,197.6211,198.803,197.6211,198.7581,239260.0
2026-03-10 12:40:00,198.6306,198.9127,196.9528,197.1124,176668.0
2026-03-10 12:45:00,197.1124,197.1124,196.0451,196.2745,73405.0
2026-03-10 12:50:00,196.2845,196.5239,195.8207,196.459,107201.0
2026-03-10 12:55:00,196.3793,196.6535,196.105,196.3942,129161.0
2026-03-10 13:00:00,196.4541,197.0176,196.3643,196.3643,233904.0
2026-03-10 13:05:00,196.4092,197.0824,196.2546,196.8929,126368.0
2026-03-10 13:10:00,196.8231,197.0126,196.2057,196.7184,109139.0
2026-03-10 13:15:00,196.7284,197.0824,196.6236,196.9827,54219.0
2026-03-10 13:20:00,196.9827,197.3718,196.6536,197.272,64305.0
2026-03-10 13:25:00,197.272,197.4713,196.3443,196.4291,74946.0
2026-03-10 13:30:00,196.3992,196.3992,195.8157,195.8855,70062.0
2026-03-10 13:35:00,195.8406,195.8756,194.549,194.8781,132419.0
2026-03-10 13:40:00,194.8781,195.8656,194.7983,195.696,134873.0
2026-03-10 13:45:00,195.7608,196.4541,195.5663,195.8157,201194.0
2026-03-10 13:50:00,195.7958,195.9828,195.307,195.4068,130267.0
2026-03-10 13:55:00,195.4866,195.7758,195.2771,195.3569,170382.0
2026-03-10 14:00:00,195.297,195.619,195.0577,195.249,372489.0
2026-03-10 14:05:00,195.2821,195.2821,194.5988,194.8432,76444.0
2026-03-10 14:10:00,194.7983,195.2571,194.3096,194.3545,175664.0
2026-03-10 14:15:00,194.3545,194.6537,193.8907,193.9754,115908.0
2026-03-10 14:20:00,193.8807,194.0683,193.5516,193.8807,109236.0
2026-03-10 14:25:00,193.8208,194.3944,193.7909,194.2747,64071.0
2026-03-10 14:30:00,194.3196,194.529,194.0403,194.11,65497.0
2026-03-10 14:35:00,194.1101,194.2896,193.761,193.8807,97452.0
2026-03-10 14:40:00,193.8009,194.2097,193.6214,194.0004,73454.0
2026-03-10 14:45:00,194.0004,194.0852,193.5017,193.6413,88092.0
2026-03-10 14:50:00,193.6712,194.0004,193.4618,193.9705,87545.0
2026-03-10 14:55:00,193.9754,193.9804,193.5914,193.8508,89334.0
2026-03-10 15:00:00,193.8607,194.6288,193.7111,194.4343,122002.0
2026-03-10 15:05:00,194.4692,194.6607,194.2497,194.4841,76169.0
2026-03-10 15:10:00,194.4891,194.7391,194.0203,194.7391,70591.0
2026-03-10 15:15:00,194.6886,195.2372,194.6487,195.0577,103741.0
2026-03-10 15:20:00,195.0277,195.0277,194.3794,194.4408,96602.0
2026-03-10 15:25:00,194.4243,195.1575,194.2098,194.8632,105923.0
2026-03-10 15:30:00,194.8632,195.0128,194.5839,194.9479,98232.0
2026-03-10 15:35:00,194.938,194.9479,194.5091,194.529,103563.0
2026-03-10 15:40:00,194.4991,194.7584,194.2797,194.4392,197970.0
2026-03-10 15:45:00,194.4592,194.7285,194.0203,194.145,251152.0
2026-03-10 15:50:00,194.2398,194.3445,194.0004,194.2398,164625.0
2026-03-10 15:55:00,194.2597,194.4492,194.0602,194.3994,417574.0
2026-03-11 09:30:00,195.8955,198.4788,194.9579,198.3991,447131.0
2026-03-11 09:35:00,198.3043,199.0374,196.9129,197.0126,277986.0
2026-03-11 09:40:00,197.1124,197.2121,195.686,196.2795,202589.0
2026-03-11 09:45:00,196.2645,196.7732,195.4467,195.8456,147577.0
2026-03-11 09:50:00,195.8257,196.5139,195.2073,196.4241,139844.0
2026-03-11 09:55:00,196.3942,196.5885,195.6461,196.1648,151122.0
2026-03-11 10:00:00,196.2546,196.6136,195.696,196.1648,120400.0
2026-03-11 10:05:00,196.2147,196.7932,195.9952,196.1548,76803.0
2026-03-11 10:10:00,196.0152,196.4341,194.8382,195.5015,134592.0
2026-03-11 10:15:00,195.5963,196.0052,195.0128,195.0128,149740.0
2026-03-11 10:20:00,195.0078,195.1823,194.0004,194.2597,124187.0
2026-03-11 10:25:00,194.2597,194.9878,193.6453,194.918,92666.0
2026-03-11 10:30:00,194.908,195.2272,194.0371,194.5092,98077.0
2026-03-11 10:35:00,194.4093,194.7884,193.9954,194.2398,69554.0
2026-03-11 10:40:00,194.2348,194.9679,193.9006,194.7485,62912.0
2026-03-11 10:45:00,194.7185,194.9679,193.9306,194.2997,55315.0
2026-03-11 10:50:00,194.4991,194.7086,194.1999,194.549,45135.0
2026-03-11 10:55:00,194.4991,194.5988,194.0404,194.2497,41735.0
2026-03-11 11:00:00,194.2198,194.6387,193.5017,193.8956,80364.0
2026-03-11 11:05:00,193.8956,193.9504,192.8533,192.8833,146447.0
2026-03-11 11:10:00,192.988,193.0926,191.3123,191.3672,132673.0
2026-03-11 11:15:00,191.3672,192.594,191.248,192.5391,104842.0
2026-03-11 11:20:00,192.4943,192.9032,192.0753,192.6838,83806.0
2026-03-11 11:25:00,192.6239,192.922,192.2537,192.3995,83827.0
2026-03-11 11:30:00,192.4045,192.7735,192.1651,192.614,81903.0
2026-03-11 11:35:00,192.6538,192.8633,191.7512,191.8958,84166.0
2026-03-11 11:40:00,191.8858,191.8858,191.2175,191.422,270591.0
2026-03-11 11:45:00,191.4096,191.7661,191.048,191.2973,89213.0
2026-03-11 11:50:00,191.2874,191.8659,191.2874,191.836,52805.0
2026-03-11 11:55:00,191.8391,192.0055,191.5467,191.6215,100834.0
2026-03-11 12:00:00,191.6215,192.3446,191.4569,192.0454,66606.0
2026-03-11 12:05:00,192.0454,192.3746,191.826,191.8459,69184.0
2026-03-11 12:10:00,191.836,192.0255,191.6564,191.9108,70251.0
2026-03-11 12:15:00,191.8759,192.1053,191.6664,191.6764,67984.0
2026-03-11 12:20:00,191.6764,192.0853,191.5866,191.6963,59466.0
2026-03-11 12:25:00,191.6963,191.9856,191.6165,191.8559,59380.0
2026-03-11 12:30:00,191.9008,192.0554,191.6714,191.8858,58801.0
2026-03-11 12:35:00,191.8958,192.0255,191.1078,191.2076,74748.0
2026-03-11 12:40:00,191.2076,191.9357,191.2076,191.801,62718.0
2026-03-11 12:45:00,191.7562,192.1414,191.4071,191.8011,49779.0
2026-03-11 12:50:00,191.7911,192.1551,191.6564,192.0155,82467.0
2026-03-11 12:55:00,191.9656,192.185,191.6265,192.0703,33764.0
2026-03-11 13:00:00,192.0354,192.1551,191.7462,191.9856,54700.0
2026-03-11 13:05:00,191.9066,192.4743,191.9066,192.4095,59236.0
2026-03-11 13:10:00,192.4444,192.4743,191.437,191.7661,244341.0
2026-03-11 13:15:00,191.7811,191.9837,191.547,191.6165,34144.0
2026-03-11 13:20:00,191.6913,192.0465,191.5916,191.9507,39347.0
2026-03-11 13:25:00,191.8759,192.1302,191.836,191.8808,39025.0
2026-03-11 13:30:00,191.9556,191.9756,191.6065,191.8459,50888.0
2026-03-11 13:35:00,191.821,191.9058,190.7962,191.3871,104082.0
2026-03-11 13:40:00,191.2674,191.5118,191.0081,191.3672,65390.0
2026-03-11 13:45:00,191.3372,191.7846,191.2774,191.7262,52145.0
2026-03-11 13:50:00,191.816,192.0654,191.6863,191.7861,61451.0
2026-03-11 13:55:00,191.826,191.826,191.4021,191.7362,55502.0
2026-03-11 14:00:00,191.6614,191.9257,191.5766,191.7661,51512.0
2026-03-11 14:05:00,191.7761,191.9008,191.2076,191.2525,47102.0
2026-03-11 14:10:00,191.2525,191.3672,191.028,191.3323,67409.0
2026-03-11 14:15:00,191.2973,191.6215,191.2175,191.5467,60996.0
2026-03-11 14:20:00,191.5367,191.8659,191.437,191.8659,46318.0
2026-03-11 14:25:00,191.8659,192.2848,191.8659,192.195,64067.0
2026-03-11 14:30:00,192.1845,192.2948,191.9161,192.1152,35212.0
2026-03-11 14:35:00,192.1152,192.1751,191.7761,191.816,64445.0
2026-03-11 14:40:00,191.816,192.1451,191.7761,191.9058,56897.0
2026-03-11 14:45:00,191.8459,192.0803,191.7562,191.8858,45663.0
2026-03-11 14:50:00,191.9357,192.225,191.816,192.0255,78871.0
2026-03-11 14:55:00,192.0255,192.2548,191.7262,192.0554,96740.0
2026-03-11 15:00:00,192.0305,192.3147,191.9357,192.2549,73413.0
2026-03-11 15:05:00,192.2658,192.6538,192.195,192.4992,109345.0
2026-03-11 15:10:00,192.3945,192.4743,192.0753,192.1448,61456.0
2026-03-11 15:15:00,192.215,192.5242,192.1252,192.5042,101826.0
2026-03-11 15:20:00,192.4743,192.6239,191.8459,192.1851,113270.0
2026-03-11 15:25:00,192.2748,192.3646,192.0354,192.1751,77806.0
2026-03-11 15:30:00,192.225,192.5142,192.1551,192.4444,98170.0
2026-03-11 15:35:00,192.4743,192.5795,192.21,192.5242,106378.0
2026-03-11 15:40:00,192.5541,192.5541,192.195,192.4045,111681.0
2026-03-11 15:45:00,192.4544,192.8035,192.3994,192.7386,125631.0
2026-03-11 15:50:00,192.7735,193.3421,192.6838,193.2623,186290.0
2026-03-11 15:55:00,193.2523,193.6214,193.1426,193.5914,507717.0
2026-03-12 09:30:00,193.6313,196.8331,192.6538,196.1897,551334.0
2026-03-12 09:35:00,196.2346,199.0673,195.8257,198.8928,645885.0
2026-03-12 09:40:00,198.812,201.3215,198.6484,200.0149,780034.0
2026-03-12 09:45:00,199.8852,200.2543,197.9402,198.788,475662.0
2026-03-12 09:50:00,199.0075,199.4863,198.4389,199.0673,399875.0
2026-03-12 09:55:00,198.9776,200.4146,198.4389,198.9676,291339.0
2026-03-12 10:00:00,199.0175,199.965,198.9476,199.5611,261808.0
2026-03-12 10:05:00,199.576,200.5833,199.0873,199.0874,226650.0
2026-03-12 10:10:00,199.0873,200.9824,198.9626,200.8827,232674.0
2026-03-12 10:15:00,200.9275,201.2318,200.1446,200.364,302087.0
2026-03-12 10:20:00,200.3241,201.9798,199.7556,201.7903,378182.0
2026-03-12 10:25:00,201.8202,202.1394,200.4139,200.5635,229806.0
2026-03-12 10:30:00,200.4139,201.0522,199.3566,200.5934,174641.0
2026-03-12 10:35:00,200.713,202.9465,200.4538,202.8276,1031851.0
2026-03-12 10:40:00,202.8276,203.3862,202.0098,203.3264,567195.0
2026-03-12 10:45:00,203.3563,204.3288,202.9025,203.1319,488394.0
2026-03-12 10:50:00,203.1767,203.4461,201.7305,202.688,184072.0
2026-03-12 10:55:00,202.8276,202.8426,201.9933,202.3638,159470.0
2026-03-12 11:00:00,202.4087,202.708,200.5337,200.9126,159779.0
2026-03-12 11:05:00,200.8627,201.4612,200.5635,200.8228,137951.0
2026-03-12 11:10:00,200.8029,201.4811,200.2842,200.5735,115425.0
2026-03-12 11:15:00,200.5435,201.122,200.5336,201.0023,119078.0
2026-03-12 11:20:00,200.9824,201.2517,200.1745,200.3939,202779.0
2026-03-12 11:25:00,200.1546,200.5834,199.5611,199.596,177234.0
2026-03-12 11:30:00,199.6458,199.6759,199.1172,199.4563,97410.0
2026-03-12 11:35:00,199.4284,199.9151,198.5089,199.9151,159095.0
2026-03-12 11:40:00,199.8802,200.1745,199.2769,199.7955,101660.0
2026-03-12 11:45:00,199.8403,200.8128,199.3965,200.3341,1183660.0
2026-03-12 11:50:00,200.3341,201.0528,200.2144,200.743,228461.0
2026-03-12 11:55:00,200.8078,200.8428,199.566,199.7855,116965.0
2026-03-12 12:00:00,199.7905,200.2641,198.7282,198.9776,212344.0
2026-03-12 12:05:00,199.0673,199.7905,198.7132,199.2319,231657.0
2026-03-12 12:10:00,199.1372,199.3466,198.5886,198.7781,163923.0
2026-03-12 12:15:00,198.7781,200.3889,198.7781,200.2244,249949.0
2026-03-12 12:20:00,200.359,200.9624,200.1346,200.3839,204479.0
2026-03-12 12:25:00,200.2642,200.4338,198.788,199.2768,132952.0
2026-03-12 12:30:00,199.1372,199.965,198.4888,199.6983,133198.0
2026-03-12 12:35:00,199.586,200.2642,199.1172,200.1346,91947.0
2026-03-12 12:40:00,200.0847,200.1096,199.1272,199.3017,108450.0
2026-03-12 12:45:00,199.3017,199.8752,198.9177,199.8751,96428.0
2026-03-12 12:50:00,199.8653,199.8653,199.2186,199.5112,76222.0
2026-03-12 12:55:00,199.5112,199.965,199.4543,199.5261,80449.0
2026-03-12 13:00:00,199.4915,199.8453,199.2967,199.6558,90944.0
2026-03-12 13:05:00,199.6159,200.2144,199.3965,199.6499,117957.0
2026-03-12 13:10:00,199.576,199.9052,199.4563,199.8603,59958.0
2026-03-12 13:15:00,199.7456,200.1047,199.2269,199.3965,89059.0
2026-03-12 13:20:00,199.3217,199.6458,199.2269,199.5012,73317.0
2026-03-12 13:25:00,199.5037,199.8952,199.2868,199.4663,80918.0
2026-03-12 13:30:00,199.4663,199.9151,199.4364,199.6608,93830.0
2026-03-12 13:35:00,199.7057,200.1146,199.6558,199.9451,65281.0
2026-03-12 13:40:00,199.9201,200.1745,199.4364,199.6698,117490.0
2026-03-12 13:45:00,199.6508,199.8254,198.898,198.898,124628.0
2026-03-12 13:50:00,198.8678,199.0873,198.3492,198.4381,123034.0
2026-03-12 13:55:00,198.3051,198.5686,198.0898,198.2594,79017.0
2026-03-12 14:00:00,198.2594,198.7531,198.03,198.3791,98865.0
2026-03-12 14:05:00,198.3116,198.5686,197.7407,197.9901,84418.0
2026-03-12 14:10:00,197.9901,198.6684,197.8405,198.419,66143.0
2026-03-12 14:15:00,198.419,198.5985,197.9702,198.1098,57977.0
2026-03-12 14:20:00,198.1098,198.4787,198.0415,198.1397,63942.0
2026-03-12 14:25:00,198.1497,198.2195,197.7408,198.1297,57042.0
2026-03-12 14:30:00,198.0649,198.3991,197.8505,197.8505,64466.0
2026-03-12 14:35:00,197.8205,198.0599,197.641,197.7208,82904.0
2026-03-12 14:40:00,197.6647,197.9203,197.4315,197.9153,132829.0
2026-03-12 14:45:00,197.8604,198.2694,197.7807,198.1796,67244.0
2026-03-12 14:50:00,198.1846,198.5786,197.7906,197.9003,96811.0
2026-03-12 14:55:00,197.8904,198.0898,197.6564,197.7208,59755.0
2026-03-12 15:00:00,197.8205,198.05,197.6111,197.9203,130262.0
2026-03-12 15:05:00,197.8604,198.3991,197.7906,197.9901,160781.0
2026-03-12 15:10:00,198.0101,198.3592,197.6111,197.9402,122725.0
2026-03-12 15:15:00,198.0898,198.7182,197.9402,198.6334,113714.0
2026-03-12 15:20:00,198.6334,198.6883,197.8305,197.9253,139610.0
2026-03-12 15:25:00,197.9196,198.2395,197.6809,198.035,99032.0
2026-03-12 15:30:00,197.9901,198.2993,197.9901,198.0799,102762.0
2026-03-12 15:35:00,198.0898,198.2395,197.8704,198.2395,207316.0
2026-03-12 15:40:00,198.2395,198.2544,197.3418,197.4764,204590.0
2026-03-12 15:45:00,197.4615,197.6011,197.242,197.3617,248904.0
2026-03-12 15:50:00,197.2919,197.8405,196.9927,197.7108,332635.0
2026-03-12 15:55:00,197.6809,198.798,197.661,198.6983,987768.0
2026-03-13 09:30:00,199.2169,200.4836,197.3243,198.9676,384867.0
2026-03-13 09:35:00,199.1471,199.1471,197.7108,198.6584,128134.0
2026-03-13 09:40:00,198.6434,200.1446,198.2395,199.1671,149424.0
2026-03-13 09:45:00,199.0274,199.6856,197.9402,198.2444,131046.0
2026-03-13 09:50:00,198.1796,198.1996,196.2945,196.464,172496.0
2026-03-13 09:55:00,196.5937,196.9827,195.302,195.3669,328876.0
2026-03-13 10:00:00,195.4666,195.8756,194.5689,195.322,295810.0
2026-03-13 10:05:00,195.322,195.9996,195.0377,195.696,171427.0
2026-03-13 10:10:00,195.696,196.1947,195.4566,195.9803,84964.0
2026-03-13 10:15:00,195.9753,196.2684,195.6761,196.0302,87738.0
2026-03-13 10:20:00,196.095,197.1323,196.0252,196.7732,107138.0
2026-03-13 10:25:00,196.6885,196.853,196.1748,196.6535,219469.0
2026-03-13 10:30:00,196.7832,197.5911,196.7034,196.7034,68378.0
2026-03-13 10:35:00,196.7134,196.9528,196.1997,196.6037,85758.0
2026-03-13 10:40:00,196.5738,197.1024,196.2147,196.2147,66888.0
2026-03-13 10:45:00,196.1848,196.3144,194.7486,195.3619,134522.0
2026-03-13 10:50:00,195.4766,195.6062,194.521,194.5639,159031.0
2026-03-13 10:55:00,194.5091,194.8382,193.7012,193.8508,200263.0
2026-03-13 11:00:00,193.9256,194.0901,193.2523,193.5116,249470.0
2026-03-13 11:05:00,193.5116,193.8707,192.9331,193.2673,173872.0
2026-03-13 11:10:00,193.3271,193.7987,193.0728,193.761,144103.0
2026-03-13 11:15:00,193.8308,194.3694,193.5316,193.8607,163955.0
2026-03-13 11:20:00,193.9006,194.2797,193.3022,193.3022,69600.0
2026-03-13 11:25:00,193.3421,193.3804,192.7436,193.0428,250325.0
2026-03-13 11:30:00,193.0578,193.1376,192.4444,192.5242,227240.0
2026-03-13 11:35:00,192.5242,192.8733,191.9157,192.2648,93961.0
2026-03-13 11:40:00,192.2848,192.3097,191.7661,191.8958,126130.0
2026-03-13 11:45:00,192.0354,192.5142,191.5966,192.4943,109866.0
2026-03-13 11:50:00,192.5441,192.6339,191.5267,192.0853,163410.0
2026-03-13 11:55:00,192.0354,192.3845,191.6365,191.9257,125616.0
2026-03-13 12:00:00,191.9157,192.1751,191.5367,191.9556,102100.0
2026-03-13 12:05:00,191.9432,192.2599,191.806,191.8858,111829.0
2026-03-13 12:10:00,191.8977,192.2549,191.6576,192.1352,111633.0
2026-03-13 12:15:00,192.1202,192.604,192.0055,192.5491,94515.0
2026-03-13 12:20:00,192.4544,192.7336,192.2549,192.5342,83674.0
2026-03-13 12:25:00,192.4743,193.2822,192.3906,192.8633,135932.0
2026-03-13 12:30:00,192.8633,193.2723,192.5641,192.8234,128463.0
2026-03-13 12:35:00,192.9032,193.1825,192.6339,192.9431,88975.0
2026-03-13 12:40:00,192.9431,193.1426,192.6888,192.8134,84264.0
2026-03-13 12:45:00,192.8633,192.8833,191.9556,192.4145,93268.0
2026-03-13 12:50:00,192.4743,192.7037,192.205,192.205,101334.0
2026-03-13 12:55:00,192.3496,192.4244,191.7761,191.7761,71266.0
2026-03-13 13:00:00,191.8409,192.3246,191.7661,192.0853,62966.0
2026-03-13 13:05:00,192.1501,192.594,192.0554,192.3496,81501.0
2026-03-13 13:10:00,192.3596,192.4344,191.7462,192.195,86295.0
2026-03-13 13:15:00,192.2349,192.4643,192.0454,192.3298,79947.0
2026-03-13 13:20:00,192.2708,192.5042,192.0554,192.3446,82448.0
2026-03-13 13:25:00,192.2948,192.983,192.2549,192.9431,130766.0
2026-03-13 13:30:00,193.0029,193.2224,192.6838,192.8733,74619.0
2026-03-13 13:35:00,192.8583,193.1127,192.7137,192.8134,106370.0
2026-03-13 13:40:00,192.7735,193.0029,192.5641,192.7686,89715.0
2026-03-13 13:45:00,192.7885,192.8932,192.3247,192.3397,104002.0
2026-03-13 13:50:00,192.2449,192.584,192.1252,192.5042,98824.0
2026-03-13 13:55:00,192.4943,193.3122,192.4544,193.0528,97649.0
2026-03-13 14:00:00,193.0578,193.1925,192.8234,192.9132,77510.0
2026-03-13 14:05:00,192.9431,193.2822,192.8334,193.1127,90845.0
2026-03-13 14:10:00,193.1077,193.2523,192.7237,192.7336,71459.0
2026-03-13 14:15:00,192.7336,192.8882,192.4544,192.4843,51312.0
2026-03-13 14:20:00,192.5541,192.9631,192.4843,192.7985,48080.0
2026-03-13 14:25:00,192.8134,192.9631,192.6339,192.9232,48753.0
2026-03-13 14:30:00,192.8932,193.1027,192.6937,192.7037,60739.0
2026-03-13 14:35:00,192.6937,193.1118,192.4145,193.1118,76753.0
2026-03-13 14:40:00,193.1127,193.1127,192.7436,192.7935,72829.0
2026-03-13 14:45:00,192.7735,192.7835,192.5641,192.7137,60157.0
2026-03-13 14:50:00,192.6638,193.0029,192.599,192.8234,76056.0
2026-03-13 14:55:00,192.7436,192.7436,192.4743,192.4943,62524.0
2026-03-13 15:00:00,192.4294,192.6138,192.225,192.4844,69336.0
2026-03-13 15:05:00,192.5042,192.5242,192.0454,192.3446,96375.0
2026-03-13 15:10:00,192.3397,192.3945,192.1352,192.3646,71020.0
2026-03-13 15:15:00,192.3945,192.604,192.3047,192.3596,80479.0
2026-03-13 15:20:00,192.3047,192.5391,192.1751,192.5242,90606.0
2026-03-13 15:25:00,192.4743,192.6638,192.0853,192.205,108648.0
2026-03-13 15:30:00,192.22,192.4158,191.9257,192.1352,126282.0
2026-03-13 15:35:00,192.1003,192.1352,191.9157,192.0354,108424.0
2026-03-13 15:40:00,192.0155,192.1003,191.4071,191.4869,210614.0
2026-03-13 15:45:00,191.5118,191.5666,191.2774,191.2874,297385.0
2026-03-13 15:50:00,191.3073,192.0654,191.2574,191.8559,413939.0
2026-03-13 15:55:00,191.8659,192.4444,191.8459,192.3147,909398.0
2026-03-16 09:30:00,194.6487,196.6336,194.6487,196.3842,377238.0
2026-03-16 09:35:00,196.4142,197.0425,196.1449,196.5738,209375.0
2026-03-16 09:40:00,196.7134,196.7134,195.5364,195.7559,129074.0
2026-03-16 09:45:00,195.6461,197.0525,195.2272,196.2346,199453.0
2026-03-16 09:50:00,196.1648,196.2978,195.3369,195.4417,100735.0
2026-03-16 09:55:00,195.4367,196.1848,194.7335,195.8306,120111.0
2026-03-16 10:00:00,195.8805,196.1149,195.1773,195.5763,106398.0
2026-03-16 10:05:00,195.6212,195.6362,194.7983,195.4766,121874.0
2026-03-16 10:10:00,195.3968,195.8955,195.1973,195.5364,166845.0
2026-03-16 10:15:00,195.4317,195.716,194.9978,195.307,109311.0
2026-03-16 10:20:00,195.302,196.2446,195.302,196.1798,93800.0
2026-03-16 10:25:00,196.1149,196.1798,195.5364,195.5713,100486.0
2026-03-16 10:30:00,195.5165,196.0152,195.1574,195.5516,145453.0
2026-03-16 10:35:00,195.4666,196.0002,195.2921,195.4866,93156.0
2026-03-16 10:40:00,195.494,196.2945,195.4915,195.7259,193349.0
2026-03-16 10:45:00,195.7958,196.0651,195.4367,195.9753,118848.0
2026-03-16 10:50:00,195.8556,196.5438,195.4965,196.5438,76511.0
2026-03-16 10:55:00,196.4541,196.8431,196.2369,196.8331,83058.0
2026-03-16 11:00:00,196.853,197.0525,196.464,196.8032,69909.0
2026-03-16 11:05:00,196.863,197.3318,196.6037,197.3318,64560.0
2026-03-16 11:10:00,197.3318,197.7806,196.8231,197.6859,105528.0
2026-03-16 11:15:00,197.7308,197.7806,197.1024,197.3717,96837.0
2026-03-16 11:20:00,197.3293,197.5612,197.1523,197.3119,67894.0
2026-03-16 11:25:00,197.3617,197.7008,197.3318,197.5632,63364.0
2026-03-16 11:30:00,197.6111,197.7208,197.4714,197.5113,63869.0
2026-03-16 11:35:00,197.5812,197.651,197.2819,197.3218,50418.0
2026-03-16 11:40:00,197.3218,197.4764,197.0126,197.0475,64740.0
2026-03-16 11:45:00,197.0824,197.4914,197.0824,197.4914,63065.0
2026-03-16 11:50:00,197.4864,197.7258,196.868,197.7208,88711.0
2026-03-16 11:55:00,197.7208,197.8106,197.0126,197.0425,99425.0
2026-03-16 12:00:00,196.9727,197.4914,196.9628,197.1922,53237.0
2026-03-16 12:05:00,197.252,197.7806,197.1672,197.5812,118932.0
2026-03-16 12:10:00,197.6709,197.7507,197.267,197.661,66253.0
2026-03-16 12:15:00,197.646,198.1198,197.3867,197.6011,96085.0
2026-03-16 12:20:00,197.5712,197.631,196.883,196.883,101175.0
2026-03-16 12:25:00,196.853,196.9328,196.3144,196.5039,305191.0
2026-03-16 12:30:00,196.5039,196.5339,195.7559,196.4989,101119.0
2026-03-16 12:35:00,196.5013,197.1822,196.5013,197.1124,68992.0
2026-03-16 12:40:00,197.0126,197.3617,196.873,197.3168,60750.0
2026-03-16 12:45:00,197.3119,197.5662,197.2021,197.4714,64850.0
2026-03-16 12:50:00,197.4615,197.5712,197.2819,197.2819,51124.0
2026-03-16 12:55:00,197.3916,197.4515,196.9328,197.2919,60550.0
2026-03-16 13:00:00,197.3318,197.5712,197.1124,197.1722,119598.0
2026-03-16 13:05:00,197.1822,197.661,197.1822,197.4315,64290.0
2026-03-16 13:10:00,197.3767,197.4964,197.2321,197.2766,47434.0
2026-03-16 13:15:00,197.2321,197.4714,197.1223,197.4675,44898.0
2026-03-16 13:20:00,197.4864,197.6908,197.4315,197.5213,73018.0
2026-03-16 13:25:00,197.5113,197.5213,197.2819,197.3542,59841.0
2026-03-16 13:30:00,197.3567,197.4216,197.0322,197.1473,60630.0
2026-03-16 13:35:00,197.2021,197.4125,197.0924,197.2221,82495.0
2026-03-16 13:40:00,197.2293,197.242,196.9597,196.9877,91880.0
2026-03-16 13:45:00,196.9877,197.2919,196.883,196.9428,63436.0
2026-03-16 13:50:00,196.9428,196.9927,196.6934,196.8431,60853.0
2026-03-16 13:55:00,196.7832,197.0126,196.7134,196.8431,62945.0
2026-03-16 14:00:00,196.8431,197.1523,196.8181,197.1373,88616.0
2026-03-16 14:05:00,197.1473,197.3218,196.883,197.2844,80880.0
2026-03-16 14:10:00,197.3119,197.3916,196.9927,197.0725,56196.0
2026-03-16 14:15:00,197.1523,197.2121,196.9727,197.1124,47988.0
2026-03-16 14:20:00,197.0226,197.5911,196.9628,197.3617,79144.0
2026-03-16 14:25:00,197.4097,197.5413,197.3119,197.5413,40807.0
2026-03-16 14:30:00,197.5512,197.7507,197.4515,197.5812,70486.0
2026-03-16 14:35:00,197.5961,197.8158,197.4914,197.8158,47269.0
2026-03-16 14:40:00,197.8006,198.1147,197.7607,198.04,71747.0
2026-03-16 14:45:00,197.9003,197.9653,197.5472,197.5472,51791.0
2026-03-16 14:50:00,197.5413,197.5762,197.1057,197.2321,58682.0
2026-03-16 14:55:00,197.1922,197.1922,196.8032,196.9628,57920.0
2026-03-16 15:00:00,197.0126,197.4215,196.9677,197.3717,56864.0
2026-03-16 15:05:00,197.3517,197.7208,197.262,197.7208,82175.0
2026-03-16 15:10:00,197.7707,197.8804,196.9328,197.1423,83236.0
2026-03-16 15:15:00,197.1323,197.272,196.9278,197.0796,59783.0
2026-03-16 15:20:00,197.0026,197.262,196.9129,197.1722,57529.0
2026-03-16 15:25:00,197.1722,197.2819,196.6436,196.9727,95937.0
2026-03-16 15:30:00,196.9578,196.9628,196.5937,196.6446,126299.0
2026-03-16 15:35:00,196.6336,196.6635,196.4142,196.4541,121521.0
2026-03-16 15:40:00,196.4441,196.7732,196.0551,196.7732,129738.0
2026-03-16 15:45:00,196.7633,197.5014,196.7633,197.4216,220992.0
2026-03-16 15:50:00,197.4315,197.4315,196.5837,197.2221,297602.0
2026-03-16 15:55:00,197.2221,197.7308,197.1523,197.7108,931203.0
2026-03-17 09:30:00,197.7108,199.6359,196.494,199.3348,259966.0
2026-03-17 09:35:00,199.5162,201.3714,199.1073,201.2118,185387.0
2026-03-17 09:40:00,201.3016,201.5509,199.586,199.7456,133762.0
2026-03-17 09:45:00,199.6359,200.7289,199.2868,200.4837,116903.0
2026-03-17 09:50:00,200.5336,201.8601,200.5336,200.753,138778.0
2026-03-17 09:55:00,200.6433,200.7131,199.6359,200.3241,68738.0
2026-03-17 10:00:00,200.3341,200.3341,199.3715,199.8703,106830.0
2026-03-17 10:05:00,199.8752,200.1944,199.5361,199.9851,83207.0
2026-03-17 10:10:00,200.0847,200.0847,198.3442,198.3691,123941.0
2026-03-17 10:15:00,198.4489,198.4489,197.3807,197.8504,124380.0
2026-03-17 10:20:00,197.7757,198.0399,197.5911,197.9103,94215.0
2026-03-17 10:25:00,197.9502,198.2095,197.7707,197.8904,62058.0
2026-03-17 10:30:00,197.8904,198.1916,197.631,197.9203,95059.0
2026-03-17 10:35:00,197.9303,198.0001,196.8431,197.1622,88150.0
2026-03-17 10:40:00,197.1573,197.4814,196.9927,197.3019,47269.0
2026-03-17 10:45:00,197.3418,197.5812,197.1622,197.1922,56214.0
2026-03-17 10:50:00,197.2221,197.641,197.2121,197.3218,81070.0
2026-03-17 10:55:00,197.3318,197.3916,197.0525,197.242,101455.0
2026-03-17 11:00:00,197.252,197.5263,196.8281,196.853,65442.0
2026-03-17 11:05:00,196.9129,196.9129,196.105,196.2147,104301.0
2026-03-17 11:10:00,196.1748,196.5837,196.0834,196.5388,81212.0
2026-03-17 11:15:00,196.6336,197.2221,196.6336,197.1772,59731.0
2026-03-17 11:20:00,197.104,197.3418,197.0326,197.1572,42636.0
2026-03-17 11:25:00,197.1672,197.4016,196.8929,196.9229,49994.0
2026-03-17 11:30:00,196.9229,197.5213,196.9229,197.1971,80036.0
2026-03-17 11:35:00,197.2321,197.4016,196.6615,197.0026,39434.0
2026-03-17 11:40:00,197.0326,197.3517,196.9129,197.1822,57625.0
2026-03-17 11:45:00,197.1672,197.3119,196.6436,196.6436,60080.0
2026-03-17 11:50:00,196.7234,197.1622,196.6635,197.1523,107334.0
2026-03-17 11:55:00,197.1822,197.1822,196.6635,196.6635,47010.0
2026-03-17 12:00:00,196.6735,196.7134,196.0651,196.3643,84709.0
2026-03-17 12:05:00,196.2147,196.4541,195.8456,195.9055,93136.0
2026-03-17 12:10:00,195.966,196.3044,195.9154,196.0152,32726.0
2026-03-17 12:15:00,195.9753,196.3044,195.9554,196.1947,59152.0
2026-03-17 12:20:00,196.1897,196.2247,195.7359,195.7758,63007.0
2026-03-17 12:25:00,195.7958,196.0451,195.5564,195.9055,51475.0
2026-03-17 12:30:00,195.8905,196.0351,195.7309,195.9553,77644.0
2026-03-17 12:35:00,195.9354,195.9703,195.4965,195.5564,79961.0
2026-03-17 12:40:00,195.6461,196.0152,195.5464,196.0052,52621.0
2026-03-17 12:45:00,196.0052,196.1548,195.9952,196.1129,48858.0
2026-03-17 12:50:00,196.085,196.4142,195.716,195.7459,104147.0
2026-03-17 12:55:00,195.7309,195.9952,195.5364,195.9454,88746.0
2026-03-17 13:00:00,196.0052,196.2546,195.9254,196.1598,39585.0
2026-03-17 13:05:00,196.1598,196.2047,195.9254,196.0302,44577.0
2026-03-17 13:10:00,195.9653,196.3344,195.9653,196.1126,64524.0
2026-03-17 13:15:00,196.1449,196.2047,195.8157,196.105,79336.0
2026-03-17 13:20:00,196.1249,196.2845,196.0651,196.1149,104157.0
2026-03-17 13:25:00,196.1,196.4042,196.0451,196.3094,62258.0
2026-03-17 13:30:00,196.3344,196.4341,195.8406,195.9603,85696.0
2026-03-17 13:35:00,195.9853,196.0451,195.7359,196.0152,63439.0
2026-03-17 13:40:00,196.0152,196.095,195.6262,195.7005,79441.0
2026-03-17 13:45:00,195.696,195.696,194.8781,195.2521,190432.0
2026-03-17 13:50:00,195.2272,195.696,195.2272,195.3669,55684.0
2026-03-17 13:55:00,195.3768,195.5264,195.2871,195.3768,56661.0
2026-03-17 14:00:00,195.297,195.3569,194.938,195.2272,55896.0
2026-03-17 14:05:00,195.2771,195.3369,195.0876,195.2922,49127.0
2026-03-17 14:10:00,195.2571,195.317,194.7785,194.8824,78945.0
2026-03-17 14:15:00,194.8981,195.2472,194.8681,195.2472,75283.0
2026-03-17 14:20:00,195.2472,195.6761,194.3794,194.5091,127139.0
2026-03-17 14:25:00,194.519,194.7185,194.4791,194.529,85235.0
2026-03-17 14:30:00,194.519,194.8842,194.4392,194.7235,54117.0
2026-03-17 14:35:00,194.7185,194.8183,194.4293,194.5988,76264.0
2026-03-17 14:40:00,194.5689,195.0028,194.3794,194.8183,69918.0
2026-03-17 14:45:00,194.8681,195.1075,194.7784,195.0178,52086.0
2026-03-17 14:50:00,195.0277,195.0427,194.7684,194.923,50006.0
2026-03-17 14:55:00,194.8482,194.918,194.6387,194.8881,49574.0
2026-03-17 15:00:00,194.938,195.0976,194.7485,194.7485,64175.0
2026-03-17 15:05:00,194.7285,194.9479,194.529,194.9479,72845.0
2026-03-17 15:10:00,194.9479,194.9479,194.6587,194.7933,49773.0
2026-03-17 15:15:00,194.7884,194.9531,194.6587,194.6986,71444.0
2026-03-17 15:20:00,194.6936,194.8482,194.5589,194.6447,62814.0
2026-03-17 15:25:00,194.6088,194.7485,194.4951,194.7185,74402.0
2026-03-17 15:30:00,194.7086,194.8681,194.4791,194.4841,94925.0
2026-03-17 15:35:00,194.4891,194.5988,194.3295,194.3375,116501.0
2026-03-17 15:40:00,194.3295,194.4791,194.13,194.15,114915.0
2026-03-17 15:45:00,194.15,194.3595,193.9505,194.0702,184023.0
2026-03-17 15:50:00,194.0901,194.7385,193.9505,194.6786,213109.0
2026-03-17 15:55:00,194.5988,194.908,194.1999,194.7884,773196.0
2026-03-18 09:30:00,192.9032,195.2871,192.5242,195.0676,263175.0
2026-03-18 09:35:00,195.1773,195.6461,193.9009,194.0602,173847.0
2026-03-18 09:40:00,194.0743,194.8382,193.8807,194.6367,172854.0
2026-03-18 09:45:00,194.5988,195.1973,193.8909,193.8909,174431.0
2026-03-18 09:50:00,193.8308,194.1101,193.4717,193.4717,93048.0
2026-03-18 09:55:00,193.4318,193.8766,193.2174,193.5615,88936.0
2026-03-18 10:00:00,193.6962,194.0104,192.7735,193.3827,134575.0
2026-03-18 10:05:00,193.4219,193.5615,193.2024,193.3421,113299.0
2026-03-18 10:10:00,193.2623,193.3321,192.2748,192.3297,107597.0
2026-03-18 10:15:00,192.3422,193.1836,192.3422,192.9032,80131.0
2026-03-18 10:20:00,192.9232,193.1724,192.604,193.1724,50322.0
2026-03-18 10:25:00,193.0977,193.2124,192.1452,192.7835,60234.0
2026-03-18 10:30:00,192.8234,193.6064,192.8234,193.2224,68040.0
2026-03-18 10:35:00,193.1875,193.3919,193.1326,193.2124,48038.0
2026-03-18 10:40:00,193.2224,193.3619,192.7336,193.1027,48765.0
2026-03-18 10:45:00,193.1925,193.362,192.9032,193.2473,35426.0
2026-03-18 10:50:00,193.2623,193.2623,192.7436,192.9631,36433.0
2026-03-18 10:55:00,192.9631,193.0977,192.8035,192.9381,50499.0
2026-03-18 11:00:00,192.9381,193.1875,192.8633,193.0528,49302.0
2026-03-18 11:05:00,193.0528,193.8707,192.9032,193.8707,80338.0
2026-03-18 11:10:00,193.8558,194.15,193.7111,193.9954,52045.0
2026-03-18 11:15:00,194.0203,194.1899,193.9206,194.0104,49196.0
2026-03-18 11:20:00,194.0478,194.3657,193.9605,194.2098,73681.0
2026-03-18 11:25:00,194.1799,194.2298,193.9355,194.1201,73998.0
2026-03-18 11:30:00,194.13,194.539,194.0203,194.2298,63623.0
2026-03-18 11:35:00,194.2298,194.4392,194.0602,194.3881,52632.0
2026-03-18 11:40:00,194.2697,194.3994,194.0901,194.3196,35678.0
2026-03-18 11:45:00,194.3196,194.3994,194.13,194.2647,37849.0
2026-03-18 11:50:00,194.2198,194.3545,194.0403,194.2896,53064.0
2026-03-18 11:55:00,194.3595,194.3799,193.8308,193.8508,48005.0
2026-03-18 12:00:00,193.8707,193.9605,193.6363,193.9106,31843.0
2026-03-18 12:05:00,193.9505,194.0203,193.7909,193.9605,42601.0
2026-03-18 12:10:00,193.9306,194.1201,193.8508,193.9904,43903.0
2026-03-18 12:15:00,194.0453,194.3794,193.8882,193.8882,85165.0
2026-03-18 12:20:00,193.9206,194.1101,193.9006,194.0223,38633.0
2026-03-18 12:25:00,194.0203,194.15,193.6812,193.8508,157521.0
2026-03-18 12:30:00,193.8508,193.9854,193.2772,193.2822,46294.0
2026-03-18 12:35:00,193.2523,193.3919,193.0179,193.1027,37400.0
2026-03-18 12:40:00,193.1027,193.4828,192.8833,193.2673,66659.0
2026-03-18 12:45:00,193.2623,193.2673,193.0129,193.1625,61708.0
2026-03-18 12:50:00,193.0927,193.7361,193.0927,193.5715,61126.0
2026-03-18 12:55:00,193.5964,193.7959,193.4917,193.5416,42344.0
2026-03-18 13:00:00,193.5416,193.7809,193.4917,193.7081,27002.0
2026-03-18 13:05:00,193.756,193.8724,193.5914,193.5914,32809.0
2026-03-18 13:10:00,193.6014,194.0652,193.6014,194.013,43863.0
2026-03-18 13:15:00,193.8907,194.1799,193.7899,194.1201,55705.0
2026-03-18 13:20:00,194.1257,194.2497,193.9754,194.1949,47157.0
2026-03-18 13:25:00,194.1899,194.4243,194.13,194.3196,40542.0
2026-03-18 13:30:00,194.2835,194.4991,194.1999,194.3944,46151.0
2026-03-18 13:35:00,194.3794,194.9779,194.3794,194.8681,221406.0
2026-03-18 13:40:00,194.9031,194.9031,194.4916,194.5141,83954.0
2026-03-18 13:45:00,194.5141,194.7684,194.5004,194.529,64862.0
2026-03-18 13:50:00,194.5689,194.7684,194.3495,194.5689,96551.0
2026-03-18 13:55:00,194.5589,194.7983,194.3994,194.5889,44732.0
2026-03-18 14:00:00,194.5889,194.9779,194.4392,194.9031,109728.0
2026-03-18 14:05:00,194.8282,194.9978,194.14,194.2597,64084.0
2026-03-18 14:10:00,194.3245,194.3245,193.6413,193.9106,85024.0
2026-03-18 14:15:00,193.9605,193.9605,193.362,193.8458,94110.0
2026-03-18 14:20:00,193.7909,194.0718,193.7909,193.7909,43789.0
2026-03-18 14:25:00,193.751,194.12,193.6513,193.6513,45367.0
2026-03-18 14:30:00,193.6513,194.2497,193.6513,194.1999,91304.0
2026-03-18 14:35:00,194.2098,194.9579,194.13,194.3395,70615.0
2026-03-18 14:40:00,194.3295,194.5889,194.16,194.4293,79395.0
2026-03-18 14:45:00,194.4293,194.5739,194.1899,194.2497,52565.0
2026-03-18 14:50:00,194.2697,194.3994,194.0802,194.1101,64232.0
2026-03-18 14:55:00,194.0403,194.3684,193.9605,194.0003,90650.0
2026-03-18 15:00:00,193.9206,194.6736,193.9206,194.5889,114424.0
2026-03-18 15:05:00,194.5889,195.1674,194.529,194.9978,79113.0
2026-03-18 15:10:00,194.8981,194.8981,194.4343,194.6437,76170.0
2026-03-18 15:15:00,194.6387,194.8282,194.5589,194.6088,71354.0
2026-03-18 15:20:00,194.6138,194.7185,194.2098,194.3944,91559.0
2026-03-18 15:25:00,194.3894,194.529,194.2398,194.4692,71701.0
2026-03-18 15:30:00,194.4891,194.6892,194.4392,194.6892,72830.0
2026-03-18 15:35:00,194.6786,194.7185,194.3644,194.539,93992.0
2026-03-18 15:40:00,194.549,194.5589,194.2697,194.3644,101052.0
2026-03-18 15:45:00,194.3196,194.5789,194.2697,194.519,135493.0
2026-03-18 15:50:00,194.5091,194.5091,193.8109,194.0503,229778.0
2026-03-18 15:55:00,194.0104,194.3196,193.6912,193.8408,612215.0
2026-03-19 09:30:00,195.0876,196.6635,194.4791,196.484,313721.0
2026-03-19 09:35:00,196.4241,197.3119,196.2546,197.0026,309326.0
2026-03-19 09:40:00,196.9743,199.8802,196.9743,198.0799,282350.0
2026-03-19 09:45:00,197.9702,198.0499,197.3019,197.8604,159169.0
2026-03-19 09:50:00,197.8405,198.3093,196.9528,197.7258,160361.0
2026-03-19 09:55:00,197.8305,197.8305,196.7234,197.0924,133319.0
2026-03-19 10:00:00,197.1622,197.3218,196.5738,197.0924,501546.0
2026-03-19 10:05:00,197.1024,197.1523,195.317,195.4766,191703.0
2026-03-19 10:10:00,195.4467,195.8357,194.2497,194.3495,152099.0
2026-03-19 10:15:00,194.2697,194.7654,194.0602,194.3495,122745.0
2026-03-19 10:20:00,194.3196,194.7884,194.15,194.2198,136416.0
2026-03-19 10:25:00,194.2597,194.8781,194.2298,194.5589,110175.0
2026-03-19 10:30:00,194.6337,195.2372,194.4617,195.1474,77826.0
2026-03-19 10:35:00,195.1375,195.6761,194.8701,195.0577,92329.0
2026-03-19 10:40:00,195.0626,195.6362,194.6587,194.6587,76643.0
2026-03-19 10:45:00,194.7485,195.4666,194.7435,195.307,369342.0
2026-03-19 10:50:00,195.4366,195.7359,195.2272,195.4766,65444.0
2026-03-19 10:55:00,195.4766,195.716,195.2871,195.4367,53837.0
2026-03-19 11:00:00,195.4367,195.8157,195.327,195.7559,100057.0
2026-03-19 11:05:00,195.686,195.9952,195.5565,195.8805,64863.0
2026-03-19 11:10:00,195.9154,195.9454,195.2481,195.4167,224805.0
2026-03-19 11:15:00,195.4167,195.6162,194.4991,194.539,69742.0
2026-03-19 11:20:00,194.5041,194.7385,194.4193,194.4213,57994.0
2026-03-19 11:25:00,194.4492,194.5789,194.16,194.2797,53325.0
2026-03-19 11:30:00,194.2697,194.5091,194.1799,194.1949,73784.0
2026-03-19 11:35:00,194.1899,194.2696,193.751,194.0129,57825.0
2026-03-19 11:40:00,193.9904,193.9904,193.6014,193.8258,63631.0
2026-03-19 11:45:00,193.8427,194.3196,193.6513,194.0403,66319.0
2026-03-19 11:50:00,193.9904,194.2896,193.761,193.8059,37004.0
2026-03-19 11:55:00,193.8508,194.4392,193.8408,194.4392,43274.0
2026-03-19 12:00:00,194.4791,194.8183,194.3073,194.5889,53217.0
2026-03-19 12:05:00,194.549,194.9579,194.3197,194.3944,48965.0
2026-03-19 12:10:00,194.3096,194.3894,193.7101,193.7621,41834.0
2026-03-19 12:15:00,193.7012,193.7311,193.4518,193.4917,49931.0
2026-03-19 12:20:00,193.5116,193.9006,193.4618,193.8809,49861.0
2026-03-19 12:25:00,193.9306,194.0004,193.6214,193.751,57276.0
2026-03-19 12:30:00,193.7012,193.9405,193.5914,193.8009,41930.0
2026-03-19 12:35:00,193.8208,193.8607,193.5017,193.7111,63802.0
2026-03-19 12:40:00,193.7111,194.1001,193.7111,194.1001,58985.0
2026-03-19 12:45:00,194.0652,194.2298,193.9406,194.1201,37961.0
2026-03-19 12:50:00,194.1101,194.2198,193.5116,193.771,36569.0
2026-03-19 12:55:00,193.7809,194.0203,193.6513,194.0054,43283.0
2026-03-19 13:00:00,194.0503,194.09,193.7302,193.7361,41799.0
2026-03-19 13:05:00,193.6662,193.7997,193.5663,193.6413,36754.0
2026-03-19 13:10:00,193.7012,194.0104,193.6662,194.0004,45043.0
2026-03-19 13:15:00,194.0004,194.2298,193.6812,194.2198,41262.0
2026-03-19 13:20:00,194.2198,194.2198,193.6613,193.8109,49862.0
2026-03-19 13:25:00,193.8208,193.8408,193.5815,193.756,37443.0
2026-03-19 13:30:00,193.7909,193.9904,193.3919,193.6214,157202.0
2026-03-19 13:35:00,193.5815,193.6413,193.3171,193.3291,87179.0
2026-03-19 13:40:00,193.3471,193.382,193.0029,193.1226,97384.0
2026-03-19 13:45:00,193.1576,193.5017,192.8932,192.8932,67977.0
2026-03-19 13:50:00,192.8982,193.4618,192.8334,193.1925,70923.0
2026-03-19 13:55:00,193.1725,193.2124,192.8733,192.9531,39044.0
2026-03-19 14:00:00,192.9531,193.0129,192.8035,192.8733,54318.0
2026-03-19 14:05:00,192.8783,193.2124,192.8284,193.2024,48572.0
2026-03-19 14:10:00,193.2024,193.5017,193.0628,193.357,89980.0
2026-03-19 14:15:00,193.3321,193.4069,193.1107,193.4069,63627.0
2026-03-19 14:20:00,193.4119,193.5515,193.1027,193.4817,68917.0
2026-03-19 14:25:00,193.4169,193.5116,193.3022,193.3022,65478.0
2026-03-19 14:30:00,193.3022,193.6114,193.1027,193.5166,86690.0
2026-03-19 14:35:00,193.5166,193.6313,193.3371,193.6313,72316.0
2026-03-19 14:40:00,193.6313,193.7211,193.5017,193.6563,46546.0
2026-03-19 14:45:00,193.6313,193.6413,193.367,193.5166,109740.0
2026-03-19 14:50:00,193.4917,193.8907,193.4817,193.816,35737.0
2026-03-19 14:55:00,193.8507,194.4492,193.7909,194.24,85148.0
2026-03-19 15:00:00,194.2647,194.9842,194.2398,194.8681,83350.0
2026-03-19 15:05:00,194.8681,195.8157,194.8083,194.9978,100496.0
2026-03-19 15:10:00,194.9779,195.3669,194.8582,195.2771,64813.0
2026-03-19 15:15:00,195.2472,195.4965,194.9251,195.1376,91071.0
2026-03-19 15:20:00,195.1075,195.1574,194.7185,194.8382,61659.0
2026-03-19 15:25:00,194.8033,194.8033,194.4093,194.7684,89684.0
2026-03-19 15:30:00,194.7485,194.8482,194.3694,194.6387,106848.0
2026-03-19 15:35:00,194.6288,194.7933,194.2747,194.7634,102627.0
2026-03-19 15:40:00,194.7185,195.0776,194.6986,194.8183,125619.0
2026-03-19 15:45:00,194.7884,194.7884,194.3944,194.4392,176287.0
2026-03-19 15:50:00,194.4492,194.5889,194.1151,194.4891,146816.0
2026-03-19 15:55:00,194.4592,194.5789,194.1799,194.4692,424789.0
2026-03-20 09:30:00,192.7137,192.7137,189.5119,190.7986,1571031.0
2026-03-20 09:35:00,190.6789,191.8858,190.5692,191.417,184410.0
2026-03-20 09:40:00,191.3909,191.811,191.0181,191.447,196360.0
2026-03-20 09:45:00,191.437,191.5965,190.7587,191.3472,157085.0
2026-03-20 09:50:00,191.3372,191.5068,190.4495,191.2774,189327.0
2026-03-20 09:55:00,191.2275,191.447,190.5094,190.7887,245955.0
2026-03-20 10:00:00,190.8385,192.9631,190.7188,192.624,185474.0
2026-03-20 10:05:00,192.8733,194.0004,192.8334,193.8782,151139.0
2026-03-20 10:10:00,193.8807,194.2198,193.3471,194.2198,129359.0
2026-03-20 10:15:00,194.15,194.9878,193.771,194.0802,178880.0
2026-03-20 10:20:00,194.1799,194.2996,193.6064,194.0004,104798.0
2026-03-20 10:25:00,193.9385,194.4991,193.6413,194.4891,74328.0
2026-03-20 10:30:00,194.5141,194.8981,194.15,194.2946,88594.0
2026-03-20 10:35:00,194.2398,194.8382,194.0403,194.6288,206520.0
2026-03-20 10:40:00,194.529,195.0476,194.2846,194.4991,71866.0
2026-03-20 10:45:00,194.539,195.1225,194.4692,194.9579,61040.0
2026-03-20 10:50:00,194.9579,195.1275,194.4392,194.4392,79247.0
2026-03-20 10:55:00,194.3395,194.9878,194.0951,194.2398,66113.0
2026-03-20 11:00:00,194.1799,195.0377,194.1799,195.0377,156296.0
2026-03-20 11:05:00,194.9479,195.1673,193.6413,193.7959,131944.0
2026-03-20 11:10:00,193.7959,194.1101,193.5765,193.8807,136468.0
2026-03-20 11:15:00,193.9804,194.0602,192.8833,192.983,209396.0
2026-03-20 11:20:00,193.0029,193.8307,192.8035,193.0528,204970.0
2026-03-20 11:25:00,193.0827,193.3122,192.9232,193.2922,105729.0
2026-03-20 11:30:00,193.2573,193.4618,193.0029,193.1526,443550.0
2026-03-20 11:35:00,193.1725,193.3271,192.8633,192.8882,104860.0
2026-03-20 11:40:00,192.8783,193.6919,192.5691,193.5914,90627.0
2026-03-20 11:45:00,193.5914,193.771,193.0528,193.387,93055.0
2026-03-20 11:50:00,193.3022,193.4019,192.6339,193.0927,96987.0
2026-03-20 11:55:00,192.973,193.4318,192.8733,193.4318,95204.0
2026-03-20 12:00:00,193.4019,193.6613,193.2623,193.4468,138176.0
2026-03-20 12:05:00,193.4468,193.6513,193.2623,193.5266,123494.0
2026-03-20 12:10:00,193.5116,193.771,193.4917,193.7012,90235.0
2026-03-20 12:15:00,193.7012,193.9605,193.3919,193.8308,113567.0
2026-03-20 12:20:00,193.8508,194.0901,193.6413,193.8508,125725.0
2026-03-20 12:25:00,193.8508,193.9555,193.5715,193.8607,97646.0
2026-03-20 12:30:00,193.7909,193.9206,193.1526,193.8956,100345.0
2026-03-20 12:35:00,193.9256,194.0303,193.5715,193.9493,64738.0
2026-03-20 12:40:00,193.9904,194.0552,193.362,193.4867,69937.0
2026-03-20 12:45:00,193.4817,193.6712,193.1027,193.2673,48994.0
2026-03-20 12:50:00,193.3321,193.9705,193.2623,193.9405,68671.0
2026-03-20 12:55:00,193.9106,194.5889,193.9106,194.4193,69486.0
2026-03-20 13:00:00,194.4392,194.5889,194.3795,194.4193,52173.0
2026-03-20 13:05:00,194.4392,194.4392,193.8607,194.1999,79728.0
2026-03-20 13:10:00,194.1749,194.3096,193.8208,194.16,54618.0
2026-03-20 13:15:00,194.1201,194.1999,193.8109,193.9206,62185.0
2026-03-20 13:20:00,193.9106,194.2597,193.9106,193.9405,45784.0
2026-03-20 13:25:00,193.9605,194.2098,193.7493,194.1749,65440.0
2026-03-20 13:30:00,194.13,194.3096,194.0004,194.1201,72160.0
2026-03-20 13:35:00,194.0702,194.0702,193.4219,193.9705,63534.0
2026-03-20 13:40:00,193.9505,194.3096,193.9505,194.1799,57744.0
2026-03-20 13:45:00,194.1889,194.3495,194.0802,194.2398,64895.0
2026-03-20 13:50:00,194.1999,194.3994,194.0303,194.2896,42467.0
2026-03-20 13:55:00,194.2597,194.6986,194.2098,194.6188,224266.0
2026-03-20 14:00:00,194.5839,194.7884,194.5092,194.5689,58412.0
2026-03-20 14:05:00,194.5689,194.6985,194.2797,194.4492,62620.0
2026-03-20 14:10:00,194.3894,194.4891,194.2298,194.2747,47857.0
2026-03-20 14:15:00,194.3295,194.4187,194.14,194.3445,58892.0
2026-03-20 14:20:00,194.3894,194.4692,193.8208,193.9405,98314.0
2026-03-20 14:25:00,193.8807,194.2597,193.8209,194.1151,96261.0
2026-03-20 14:30:00,194.1151,194.4492,193.7361,194.3096,123233.0
2026-03-20 14:35:00,194.2697,194.3196,193.8308,193.8408,61717.0
2026-03-20 14:40:00,193.7809,194.0602,193.6513,193.8059,64380.0
2026-03-20 14:45:00,193.8607,193.9106,193.698,193.7809,60443.0
2026-03-20 14:50:00,193.7809,193.8607,193.5615,193.6812,82241.0
2026-03-20 14:55:00,193.6812,194.0503,193.5515,194.0503,188860.0
2026-03-20 15:00:00,194.1101,194.5988,194.0104,194.4293,583487.0
2026-03-20 15:05:00,194.4193,194.6164,194.3694,194.5988,118108.0
2026-03-20 15:10:00,194.5789,194.5789,193.9904,194.0453,109188.0
2026-03-20 15:15:00,194.0203,194.1201,193.6413,193.8258,86443.0
2026-03-20 15:20:00,193.8358,194.0503,193.7111,193.7909,117651.0
2026-03-20 15:25:00,193.751,194.2148,193.6812,194.15,104210.0
2026-03-20 15:30:00,194.1699,194.2198,193.771,193.8009,201012.0
2026-03-20 15:35:00,193.8109,193.8707,193.2224,193.2673,139450.0
2026-03-20 15:40:00,193.2921,193.5017,193.2224,193.4418,149673.0
2026-03-20 15:45:00,193.4418,193.5017,193.0129,193.0655,213773.0
2026-03-20 15:50:00,193.0379,194.16,193.0229,194.0203,199538.0
2026-03-20 15:55:00,193.9106,194.918,193.8607,194.8482,700383.0
2026-03-23 09:30:00,196.5837,197.5413,193.1276,194.6138,517947.0
2026-03-23 09:35:00,194.4393,195.6561,194.4392,195.1773,212125.0
2026-03-23 09:40:00,195.2286,195.297,194.13,194.9679,148694.0
2026-03-23 09:45:00,194.9878,195.8057,194.7584,195.5564,203251.0
2026-03-23 09:50:00,195.6013,197.0126,195.4068,196.6136,233684.0
2026-03-23 09:55:00,196.5887,196.6934,195.6062,195.8357,168490.0
2026-03-23 10:00:00,195.9354,196.5937,195.3968,195.8456,170866.0
2026-03-23 10:05:00,195.7958,196.4231,195.487,195.7958,123732.0
2026-03-23 10:10:00,195.706,196.5937,195.4966,196.484,108451.0
2026-03-23 10:15:00,196.494,196.9927,196.3942,196.5438,133295.0
2026-03-23 10:20:00,196.5339,196.8431,196.0152,196.3443,164863.0
2026-03-23 10:25:00,196.3443,196.3443,194.549,195.2771,175855.0
2026-03-23 10:30:00,195.3669,195.5663,195.0178,195.1375,127957.0
2026-03-23 10:35:00,195.0477,195.6062,194.6088,194.8183,114571.0
2026-03-23 10:40:00,194.8033,195.2671,194.6886,194.918,103389.0
2026-03-23 10:45:00,194.8681,195.3259,194.6188,194.9878,109177.0
2026-03-23 10:50:00,194.938,195.4965,194.7485,195.1075,126451.0
2026-03-23 10:55:00,195.1424,195.5564,194.8881,194.8881,106933.0
2026-03-23 11:00:00,194.9479,195.5863,194.8382,195.4467,129739.0
2026-03-23 11:05:00,195.3868,195.6262,195.1624,195.3968,89678.0
2026-03-23 11:10:00,195.3519,195.7359,195.2272,195.5713,92673.0
2026-03-23 11:15:00,195.6362,195.6561,194.529,194.5939,217079.0
2026-03-23 11:20:00,194.549,195.1773,194.3345,194.9978,299315.0
2026-03-23 11:25:00,194.9679,195.0277,194.2198,194.2847,357470.0
2026-03-23 11:30:00,194.2846,194.8482,194.1799,194.5589,98707.0
2026-03-23 11:35:00,194.492,194.6487,193.6313,193.7111,238085.0
2026-03-23 11:40:00,193.7111,193.8009,192.6439,193.1127,476211.0
2026-03-23 11:45:00,193.1226,193.1824,192.5042,192.7536,129765.0
2026-03-23 11:50:00,192.7636,192.8834,191.8459,191.8858,234413.0
2026-03-23 11:55:00,191.9008,192.225,191.5068,191.7063,216557.0
2026-03-23 12:00:00,191.6564,192.5741,191.6564,192.4045,107942.0
2026-03-23 12:05:00,192.3746,193.0927,192.3268,192.9232,123089.0
2026-03-23 12:10:00,192.8334,193.2423,192.7037,193.2423,108701.0
2026-03-23 12:15:00,193.2124,193.5017,193.0229,193.357,89681.0
2026-03-23 12:20:00,193.4069,193.9106,193.352,193.8009,146259.0
2026-03-23 12:25:00,193.7809,193.8408,193.0927,193.0927,143264.0
2026-03-23 12:30:00,193.1625,193.6613,193.0927,193.6014,67819.0
2026-03-23 12:35:00,193.6513,193.7111,193.1127,193.3072,74123.0
2026-03-23 12:40:00,193.2623,193.4318,192.7835,193.4119,210732.0
2026-03-23 12:45:00,193.3421,193.5316,192.973,193.1725,70909.0
2026-03-23 12:50:00,193.1276,193.2224,192.5541,192.6239,72032.0
2026-03-23 12:55:00,192.6439,192.8035,192.5042,192.5841,66927.0
2026-03-23 13:00:00,192.5691,193.5017,192.5691,192.8134,88066.0
2026-03-23 13:05:00,192.8583,193.0229,192.6937,192.998,67320.0
2026-03-23 13:10:00,192.998,193.0778,192.6339,192.9431,66685.0
2026-03-23 13:15:00,192.9132,192.9232,192.4643,192.7237,43602.0
2026-03-23 13:20:00,192.6937,192.8483,192.4643,192.7336,49635.0
2026-03-23 13:25:00,192.7237,193.3421,192.7137,193.3022,38715.0
2026-03-23 13:30:00,193.2723,193.9006,193.1825,193.8707,74940.0
2026-03-23 13:35:00,193.8009,194.6687,193.8009,194.1899,82905.0
2026-03-23 13:40:00,194.1899,194.3595,194.0752,194.3196,80105.0
2026-03-23 13:45:00,194.3245,194.4293,194.1101,194.3395,81479.0
2026-03-23 13:50:00,194.2896,194.4791,194.1756,194.4592,69840.0
2026-03-23 13:55:00,194.4193,194.7235,194.2798,194.5289,51078.0
2026-03-23 14:00:00,194.4193,194.4991,194.2098,194.4791,54244.0
2026-03-23 14:05:00,194.4791,194.8382,194.1001,194.5889,74109.0
2026-03-23 14:10:00,194.5889,194.8981,194.5889,194.6886,90287.0
2026-03-23 14:15:00,194.7285,194.908,194.6786,194.8532,69727.0
2026-03-23 14:20:00,194.8183,194.8881,194.569,194.7335,50138.0
2026-03-23 14:25:00,194.7335,194.9978,194.7285,194.8083,96322.0
2026-03-23 14:30:00,194.8482,195.2571,194.6337,195.2372,187392.0
2026-03-23 14:35:00,195.2771,195.4666,195.1175,195.317,185907.0
2026-03-23 14:40:00,195.317,195.4866,195.1574,195.1973,62903.0
2026-03-23 14:45:00,195.2621,195.4467,195.0178,195.3918,61589.0
2026-03-23 14:50:00,195.3469,195.3768,195.1873,195.2621,67989.0
2026-03-23 14:55:00,195.307,195.3768,195.1075,195.2172,53155.0
2026-03-23 15:00:00,195.2073,195.4381,195.1574,195.4068,82764.0
2026-03-23 15:05:00,195.3968,195.4359,194.8981,195.0178,79633.0
2026-03-23 15:10:00,195.0178,195.1075,194.8582,195.0078,88855.0
2026-03-23 15:15:00,195.0028,195.0377,194.6886,194.7684,81939.0
2026-03-23 15:20:00,194.7983,194.8981,194.5091,194.6288,59964.0
2026-03-23 15:25:00,194.6188,194.7185,194.519,194.6587,80537.0
2026-03-23 15:30:00,194.6587,194.7385,194.4991,194.5805,89359.0
2026-03-23 15:35:00,194.5789,194.7584,194.4991,194.6464,155066.0
2026-03-23 15:40:00,194.6487,194.7061,194.4991,194.5789,127054.0
2026-03-23 15:45:00,194.5889,194.9479,194.5091,194.918,160269.0
2026-03-23 15:50:00,194.8881,194.908,194.519,194.8482,191216.0
2026-03-23 15:55:00,194.8083,194.9878,194.4991,194.6288,639011.0
2026-03-24 09:30:00,191.6464,191.6464,188.1554,188.8256,841859.0
2026-03-24 09:35:00,188.7339,188.8237,186.011,186.1688,551626.0
2026-03-24 09:40:00,186.1107,187.6368,186.1107,186.8039,256852.0
2026-03-24 09:45:00,186.8039,188.0557,186.5496,186.6892,276628.0
2026-03-24 09:50:00,186.6992,187.0782,186.2603,186.5446,207753.0
2026-03-24 09:55:00,186.5196,186.779,186.3002,186.3102,137352.0
2026-03-24 10:00:00,186.3301,186.5695,185.232,185.9162,306703.0
2026-03-24 10:05:00,185.9212,186.0509,184.8739,185.3527,232226.0
2026-03-24 10:10:00,185.3427,185.3826,183.8765,184.824,341442.0
2026-03-24 10:15:00,184.7791,185.7317,184.2456,185.233,257445.0
2026-03-24 10:20:00,185.213,185.4424,184.6544,184.9238,138470.0
2026-03-24 10:25:00,184.8739,185.8414,184.8739,185.1382,232354.0
2026-03-24 10:30:00,185.1382,185.6419,184.7692,185.5821,228850.0
2026-03-24 10:35:00,185.597,185.991,185.203,185.9511,121648.0
2026-03-24 10:40:00,185.99,186.7191,185.8214,186.6892,133873.0
2026-03-24 10:45:00,186.6792,186.8588,185.8015,185.8514,141034.0
2026-03-24 10:50:00,185.8514,186.6748,185.203,185.7408,133103.0
2026-03-24 10:55:00,185.7965,186.3301,184.6644,184.8539,239033.0
2026-03-24 11:00:00,184.8489,185.203,184.5447,184.6146,180765.0
2026-03-24 11:05:00,184.6844,184.7741,183.8765,183.9961,193419.0
2026-03-24 11:10:00,183.9961,184.455,183.6408,184.2355,211199.0
2026-03-24 11:15:00,184.2854,184.814,184.1757,184.7043,110330.0
2026-03-24 11:20:00,184.7043,185.1332,184.5647,185.1332,145823.0
2026-03-24 11:25:00,185.0235,185.1931,184.6544,184.7692,130381.0
2026-03-24 11:30:00,184.727,184.9138,184.1657,184.3752,123960.0
2026-03-24 11:35:00,184.2754,184.3851,183.8066,183.8316,176163.0
2026-03-24 11:40:00,183.8116,183.9662,183.258,183.5573,162939.0
2026-03-24 11:45:00,183.4575,183.8266,183.3279,183.4899,104135.0
2026-03-24 11:50:00,183.5074,183.7866,183.3777,183.5473,138495.0
2026-03-24 11:55:00,183.5274,183.667,182.6496,182.7194,152399.0
2026-03-24 12:00:00,182.7095,183.3478,182.6496,183.278,142019.0
2026-03-24 12:05:00,183.278,183.5274,183.1184,183.5274,138174.0
2026-03-24 12:10:00,183.5473,183.8864,183.4575,183.7767,122078.0
2026-03-24 12:15:00,183.8041,184.2654,183.5672,184.1757,98491.0
2026-03-24 12:20:00,184.1059,184.425,183.9263,184.3752,80550.0
2026-03-24 12:25:00,184.3802,184.5846,184.1358,184.5348,86804.0
2026-03-24 12:30:00,184.5248,184.824,184.3452,184.3752,126947.0
2026-03-24 12:35:00,184.3752,184.435,183.6371,183.647,114239.0
2026-03-24 12:40:00,183.6371,184.0161,183.6371,183.9463,54859.0
2026-03-24 12:45:00,183.9163,184.2056,183.8765,183.9363,53205.0
2026-03-24 12:50:00,183.8565,184.046,183.7767,183.8765,80327.0
2026-03-24 12:55:00,183.9213,183.9213,183.4376,183.7866,102018.0
2026-03-24 13:00:00,183.7418,183.7867,182.5549,182.5598,127868.0
2026-03-24 13:05:00,182.5598,182.7194,182.3634,182.6646,131604.0
2026-03-24 13:10:00,182.6098,182.9987,182.5742,182.904,105729.0
2026-03-24 13:15:00,182.904,182.9488,182.5399,182.6197,108209.0
2026-03-24 13:20:00,182.6247,183.0186,182.5748,182.8591,74713.0
2026-03-24 13:25:00,182.8391,183.2181,182.8217,183.0586,77239.0
2026-03-24 13:30:00,183.0486,183.5872,182.9788,183.3877,72619.0
2026-03-24 13:35:00,183.3503,183.5373,183.2181,183.5174,86873.0
2026-03-24 13:40:00,183.5124,184.0061,183.2331,183.3179,127843.0
2026-03-24 13:45:00,183.3079,183.5373,183.2082,183.2979,47155.0
2026-03-24 13:50:00,183.3478,183.9114,183.2959,183.5074,78008.0
2026-03-24 13:55:00,183.4176,183.8066,183.1683,183.3086,82351.0
2026-03-24 14:00:00,183.4376,183.7268,183.3079,183.4126,76682.0
2026-03-24 14:05:00,183.3478,183.5174,183.2481,183.278,79781.0
2026-03-24 14:10:00,183.3079,183.8565,183.1683,183.7967,48493.0
2026-03-24 14:15:00,183.7867,184.0058,183.3827,183.7268,102881.0
2026-03-24 14:20:00,183.6221,183.7568,183.2231,183.268,77007.0
2026-03-24 14:25:00,183.278,183.5672,183.2281,183.5124,78622.0
2026-03-24 14:30:00,183.5573,184.0759,183.4077,184.0011,87863.0
2026-03-24 14:35:00,183.9961,184.4649,183.9463,184.45,121696.0
2026-03-24 14:40:00,184.455,184.455,183.8366,183.8615,159666.0
2026-03-24 14:45:00,183.8665,183.9162,183.4974,183.5323,171541.0
2026-03-24 14:50:00,183.5423,183.716,183.3279,183.4525,132185.0
2026-03-24 14:55:00,183.4176,183.5623,183.3079,183.3727,127237.0
2026-03-24 15:00:00,183.3478,183.8964,183.3478,183.6869,172329.0
2026-03-24 15:05:00,183.662,183.9014,183.3279,183.3428,95153.0
2026-03-24 15:10:00,183.3777,183.647,183.0985,183.647,153756.0
2026-03-24 15:15:00,183.647,184.1358,183.6071,184.046,128731.0
2026-03-24 15:20:00,184.046,184.046,183.5174,183.5672,121213.0
2026-03-24 15:25:00,183.5523,183.7667,183.3977,183.4476,113095.0
2026-03-24 15:30:00,183.4276,183.5872,182.7942,182.8591,209210.0
2026-03-24 15:35:00,182.8092,183.3977,182.7543,183.258,179047.0
2026-03-24 15:40:00,183.268,183.4476,183.0286,183.2979,176233.0
2026-03-24 15:45:00,183.2979,183.2979,182.3505,182.3554,286494.0
2026-03-24 15:50:00,182.3703,182.7593,182.1309,182.2257,571330.0
2026-03-24 15:55:00,182.2008,182.7394,181.9315,182.5499,1184745.0
2026-03-25 09:30:00,185.223,186.3002,184.7841,185.6319,390895.0
2026-03-25 09:35:00,185.5222,186.9037,185.1333,185.3626,272329.0
2026-03-25 09:40:00,185.3534,185.6519,184.4151,184.5248,125899.0
2026-03-25 09:45:00,184.5048,185.1265,184.4849,185.0335,152508.0
2026-03-25 09:50:00,185.0434,185.1033,183.5473,183.8366,147670.0
2026-03-25 09:55:00,183.8366,184.2655,183.5872,183.8116,107809.0
2026-03-25 10:00:00,183.8665,183.9163,182.7244,183.7767,164813.0
2026-03-25 10:05:00,183.7368,183.7368,182.7357,183.0935,123446.0
2026-03-25 10:10:00,183.0935,183.5042,182.8391,183.273,147246.0
2026-03-25 10:15:00,183.258,183.5672,183.0685,183.2231,122052.0
2026-03-25 10:20:00,183.2231,183.4077,182.3398,182.48,207136.0
2026-03-25 10:25:00,182.5698,183.1683,182.3205,182.9538,133653.0
2026-03-25 10:30:00,182.9488,183.6869,182.7793,183.6171,69986.0
2026-03-25 10:35:00,183.6121,183.7267,183.0087,183.3079,127826.0
2026-03-25 10:40:00,183.3492,183.4974,182.899,182.9688,94518.0
2026-03-25 10:45:00,182.9588,183.3777,182.7494,182.889,106088.0
2026-03-25 10:50:00,182.889,183.0985,182.48,182.7494,119836.0
2026-03-25 10:55:00,182.7992,183.7667,182.7494,183.3977,157357.0
2026-03-25 11:00:00,183.3678,183.8465,183.0306,183.0785,119916.0
2026-03-25 11:05:00,183.0785,183.1384,181.4527,181.4926,165719.0
2026-03-25 11:10:00,181.4876,181.8117,180.166,180.3755,156663.0
2026-03-25 11:15:00,180.405,180.6149,179.388,179.5177,243508.0
2026-03-25 11:20:00,179.5077,180.555,179.5027,180.4902,124743.0
2026-03-25 11:25:00,180.4652,181.2233,180.4303,181.2233,106811.0
2026-03-25 11:30:00,181.2432,181.4028,181.0737,181.2133,102792.0
2026-03-25 11:35:00,181.1934,181.2532,180.176,180.2458,140723.0
2026-03-25 11:40:00,180.2458,180.5151,179.6972,179.8867,112983.0
2026-03-25 11:45:00,179.8468,180.0363,179.5376,179.9466,138356.0
2026-03-25 11:50:00,179.9167,180.2757,179.9167,180.1136,104228.0
2026-03-25 11:55:00,180.1161,180.6747,179.8418,180.3306,105864.0
2026-03-25 12:00:00,180.2957,180.7844,180.2658,180.5351,71823.0
2026-03-25 12:05:00,180.6049,180.6248,180.0862,180.3555,91656.0
2026-03-25 12:10:00,180.3505,180.6248,180.1461,180.3206,95918.0
2026-03-25 12:15:00,180.3655,180.7346,180.3157,180.7246,69637.0
2026-03-25 12:20:00,180.7744,181.1435,180.6946,180.9689,76264.0
2026-03-25 12:25:00,181.1036,181.2333,180.6348,180.8106,89487.0
2026-03-25 12:30:00,180.8642,180.9939,180.6049,180.6448,86908.0
2026-03-25 12:35:00,180.6448,180.8542,180.5351,180.5949,90110.0
2026-03-25 12:40:00,180.575,180.6049,180.1959,180.4154,102716.0
2026-03-25 12:45:00,180.3954,180.555,180.156,180.2259,90573.0
2026-03-25 12:50:00,180.2259,180.7146,180.1361,180.6647,87768.0
2026-03-25 12:55:00,180.6547,180.7445,180.1161,180.2662,77229.0
2026-03-25 13:00:00,180.2359,180.3854,179.7271,179.9915,91294.0
2026-03-25 13:05:00,180.0014,180.0014,179.6474,179.762,102171.0
2026-03-25 13:10:00,179.7271,180.4204,179.6673,180.3954,189759.0
2026-03-25 13:15:00,180.3954,180.5351,180.0563,180.4353,99758.0
2026-03-25 13:20:00,180.4353,180.7345,180.2659,180.4852,107877.0
2026-03-25 13:25:00,180.4752,180.7743,180.4154,180.575,76089.0
2026-03-25 13:30:00,180.5263,180.7495,180.5151,180.6149,87172.0
2026-03-25 13:35:00,180.6348,180.9789,180.3655,180.8891,71160.0
2026-03-25 13:40:00,180.8891,181.5225,180.6398,181.2532,127468.0
2026-03-25 13:45:00,181.2831,181.496,181.1335,181.3928,118624.0
2026-03-25 13:50:00,181.3928,181.4327,180.8143,181.0288,65768.0
2026-03-25 13:55:00,181.0238,181.6622,180.8742,181.2183,80717.0
2026-03-25 14:00:00,181.2183,181.2183,180.7445,181.0936,65730.0
2026-03-25 14:05:00,181.0936,181.4776,181.0437,181.4128,82150.0
2026-03-25 14:10:00,181.4178,181.9215,181.328,181.6771,199441.0
2026-03-25 14:15:00,181.6771,181.7818,181.1435,181.1485,83164.0
2026-03-25 14:20:00,181.1485,181.3031,181.1235,181.2532,63774.0
2026-03-25 14:25:00,181.2532,181.2931,180.8443,180.9141,70005.0
2026-03-25 14:30:00,180.954,181.0138,180.7345,180.9889,66047.0
2026-03-25 14:35:00,180.9839,181.1634,180.8243,181.0936,107140.0
2026-03-25 14:40:00,181.0936,181.1335,180.7645,181.0039,85141.0
2026-03-25 14:45:00,181.0039,181.1634,180.964,181.0238,76150.0
2026-03-25 14:50:00,181.0338,181.5824,180.954,181.5724,102755.0
2026-03-25 14:55:00,181.6023,181.6272,181.0338,181.5624,153668.0
2026-03-25 15:00:00,181.5624,181.5824,181.0737,181.2033,113504.0
2026-03-25 15:05:00,181.1934,181.2831,180.8143,180.939,121772.0
2026-03-25 15:10:00,180.954,181.4327,180.8742,181.2831,114645.0
2026-03-25 15:15:00,181.2632,181.4976,181.2432,181.3879,99595.0
2026-03-25 15:20:00,181.3729,181.6322,181.3031,181.5275,127447.0
2026-03-25 15:25:00,181.5275,181.6322,181.323,181.5225,132943.0
2026-03-25 15:30:00,181.5225,181.6123,181.1934,181.6023,140200.0
2026-03-25 15:35:00,181.5425,181.6421,181.2133,181.4826,106247.0
2026-03-25 15:40:00,181.4826,181.6322,181.2632,181.5425,145414.0
2026-03-25 15:45:00,181.5125,181.5425,181.0737,181.1535,114963.0
2026-03-25 15:50:00,181.1535,181.4028,180.939,181.0637,283860.0
2026-03-25 15:55:00,181.0836,181.5125,180.944,181.4427,772803.0
2026-03-26 09:30:00,180.7146,182.3604,179.0688,181.5624,457206.0
2026-03-26 09:35:00,181.7021,182.869,181.323,181.9913,413400.0
2026-03-26 09:40:00,182.0861,182.9289,182.0013,182.3304,221733.0
2026-03-26 09:45:00,182.3205,184.2405,182.2008,184.2256,109476.0
2026-03-26 09:50:00,184.2156,185.9312,184.1557,185.5821,308487.0
2026-03-26 09:55:00,185.622,186.1207,185.1631,186.0409,203671.0
2026-03-26 10:00:00,186.0409,186.6493,185.8264,186.1007,274469.0
2026-03-26 10:05:00,186.1905,186.9037,185.8813,186.2404,182902.0
2026-03-26 10:10:00,186.3102,186.9884,186.1656,186.4997,196677.0
2026-03-26 10:15:00,186.5196,186.5496,185.1731,185.622,199575.0
2026-03-26 10:20:00,185.607,186.0608,185.4325,185.9012,73758.0
2026-03-26 10:25:00,185.9112,186.4797,185.8613,186.1057,97002.0
2026-03-26 10:30:00,186.1306,186.3601,186.1007,186.2005,110853.0
2026-03-26 10:35:00,186.1955,186.38,185.6269,185.7067,146410.0
2026-03-26 10:40:00,185.7067,186.3501,185.3377,186.001,277228.0
2026-03-26 10:45:00,185.9212,186.7191,185.9012,186.6294,131729.0
2026-03-26 10:50:00,186.6593,186.9585,186.4598,186.8987,144689.0
2026-03-26 10:55:00,186.8388,186.9286,186.1955,186.3801,196535.0
2026-03-26 11:00:00,186.38,186.5994,185.5721,185.7317,127238.0
2026-03-26 11:05:00,185.7018,186.1207,185.3826,186.0957,103640.0
2026-03-26 11:10:00,186.1057,186.2503,185.9112,185.9711,72415.0
2026-03-26 11:15:00,185.9511,186.0409,185.6619,185.8613,69813.0
2026-03-26 11:20:00,185.8115,185.8514,185.4823,185.5422,65614.0
2026-03-26 11:25:00,185.5821,185.6419,185.0833,185.1906,86119.0
2026-03-26 11:30:00,185.1582,185.2529,184.9537,185.0434,70708.0
2026-03-26 11:35:00,185.0335,185.5122,185.0335,185.4923,50268.0
2026-03-26 11:40:00,185.4723,185.7018,185.4125,185.6519,57130.0
2026-03-26 11:45:00,185.6918,185.8813,185.3925,185.4823,63956.0
2026-03-26 11:50:00,185.4873,185.4873,184.8839,184.9327,51730.0
2026-03-26 11:55:00,185.0235,185.0235,184.3552,184.435,157664.0
2026-03-26 12:00:00,184.4749,184.5148,184.2655,184.4201,44268.0
2026-03-26 12:05:00,184.4151,184.7143,184.3702,184.3752,49288.0
2026-03-26 12:10:00,184.3702,184.5148,184.0759,184.1408,58900.0
2026-03-26 12:15:00,184.1258,184.1757,183.6171,184.0261,69623.0
2026-03-26 12:20:00,184.0261,184.2156,183.9363,184.2156,60488.0
2026-03-26 12:25:00,184.1956,184.2655,183.4775,183.5124,63876.0
2026-03-26 12:30:00,183.5373,183.8864,183.4875,183.7468,52135.0
2026-03-26 12:35:00,183.7418,184.2255,183.7418,184.0459,49815.0
2026-03-26 12:40:00,184.036,184.5147,183.9961,184.5048,51422.0
2026-03-26 12:45:00,184.5248,185.233,184.4749,185.1831,50179.0
2026-03-26 12:50:00,185.1831,185.2429,184.2605,184.3153,72556.0
2026-03-26 12:55:00,184.3452,184.6544,184.2754,184.6445,39584.0
2026-03-26 13:00:00,184.6943,185.0714,184.6345,184.9437,120240.0
2026-03-26 13:05:00,185.0035,185.0235,184.6636,184.9287,59872.0
2026-03-26 13:10:00,184.8539,184.8639,184.2106,184.2156,60524.0
2026-03-26 13:15:00,184.2305,184.5447,184.2305,184.5248,48730.0
2026-03-26 13:20:00,184.4759,185.1232,184.4659,184.819,180407.0
2026-03-26 13:25:00,184.8091,185.0335,184.7103,184.7741,57768.0
2026-03-26 13:30:00,184.7991,184.9038,184.5547,184.834,33079.0
2026-03-26 13:35:00,184.834,184.8938,184.5348,184.5647,60777.0
2026-03-26 13:40:00,184.5647,184.9088,184.5447,184.6146,59806.0
2026-03-26 13:45:00,184.6943,184.7243,184.4151,184.4699,46360.0
2026-03-26 13:50:00,184.445,184.5348,184.1757,184.4949,68655.0
2026-03-26 13:55:00,184.4998,184.6513,184.396,184.5248,59391.0
2026-03-26 14:00:00,184.5647,184.7143,184.3951,184.5747,69946.0
2026-03-26 14:05:00,184.5248,184.8589,184.5248,184.6946,49881.0
2026-03-26 14:10:00,184.7043,184.9138,184.6345,184.8689,37842.0
2026-03-26 14:15:00,184.8789,185.213,184.7342,185.203,76421.0
2026-03-26 14:20:00,185.1133,185.3339,184.8938,185.2878,68229.0
2026-03-26 14:25:00,185.2828,185.2878,184.6345,184.8041,60489.0
2026-03-26 14:30:00,184.834,184.9437,184.6844,184.844,58170.0
2026-03-26 14:35:00,184.8189,185.1232,184.7841,185.0434,68169.0
2026-03-26 14:40:00,185.0135,185.0534,184.6495,184.6544,84780.0
2026-03-26 14:45:00,184.6047,184.7218,184.4051,184.4151,58996.0
2026-03-26 14:50:00,184.4151,184.814,184.2555,184.6545,112896.0
2026-03-26 14:55:00,184.6544,184.9138,184.3951,184.9138,71981.0
2026-03-26 15:00:00,184.9213,185.0335,184.7741,184.9138,79111.0
2026-03-26 15:05:00,184.9088,185.0484,184.6694,184.9936,108949.0
2026-03-26 15:10:00,185.0235,185.1532,184.4151,184.4151,107881.0
2026-03-26 15:15:00,184.4201,184.4749,183.8565,184.295,228134.0
2026-03-26 15:20:00,184.2355,184.445,184.1757,184.3203,82653.0
2026-03-26 15:25:00,184.3153,184.3552,184.1158,184.3253,130590.0
2026-03-26 15:30:00,184.3652,184.5248,184.2555,184.4849,79780.0
2026-03-26 15:35:00,184.4849,184.6744,184.4849,184.5896,64805.0
2026-03-26 15:40:00,184.5547,184.6844,184.4001,184.44,109073.0
2026-03-26 15:45:00,184.4749,184.7741,184.056,184.7293,139044.0
2026-03-26 15:50:00,184.7741,184.9537,184.4649,184.5896,177857.0
2026-03-26 15:55:00,184.5846,185.1731,184.4849,185.0534,505292.0
2026-03-27 09:30:00,183.5274,183.6371,180.6769,181.3031,343197.0
2026-03-27 09:35:00,181.2233,181.2906,179.4179,179.6523,272283.0
2026-03-27 09:40:00,179.5476,180.939,179.5476,180.3156,169764.0
2026-03-27 09:45:00,180.4104,180.6647,179.767,180.1161,187359.0
2026-03-27 09:50:00,180.0164,180.4952,179.5576,180.3406,151440.0
2026-03-27 09:55:00,180.2458,180.3356,179.4279,179.5077,179113.0
2026-03-27 10:00:00,179.5077,180.2658,179.0888,180.2085,171460.0
2026-03-27 10:05:00,180.156,180.2159,178.6734,178.8195,165830.0
2026-03-27 10:10:00,178.8195,179.388,178.7297,179.1835,147329.0
2026-03-27 10:15:00,179.1686,180.7495,179.1087,180.6248,175506.0
2026-03-27 10:20:00,180.5799,180.9041,180.1161,180.1261,119055.0
2026-03-27 10:25:00,180.2458,180.3156,179.7222,179.7371,125545.0
2026-03-27 10:30:00,179.8169,180.2757,179.5775,180.0064,107364.0
2026-03-27 10:35:00,179.9665,180.3356,179.6473,180.2707,88306.0
2026-03-27 10:40:00,180.2458,180.8243,180.1959,180.8044,97238.0
2026-03-27 10:45:00,180.7944,181.0338,180.3954,180.8642,180395.0
2026-03-27 10:50:00,180.8642,180.8642,180.0064,180.1062,75163.0
2026-03-27 10:55:00,180.186,180.3156,179.8867,180.0264,69240.0
2026-03-27 11:00:00,180.156,180.6946,180.1161,180.6049,56139.0
2026-03-27 11:05:00,180.555,181.2133,180.4752,180.9939,71696.0
2026-03-27 11:10:00,180.8642,180.964,180.575,180.6149,61765.0
2026-03-27 11:15:00,180.6276,180.6946,179.7072,179.9964,90063.0
2026-03-27 11:20:00,180.0064,180.6099,179.4279,180.176,83356.0
2026-03-27 11:25:00,180.2159,180.3455,180.0563,180.176,54084.0
2026-03-27 11:30:00,180.2458,180.6647,180.186,180.5451,50030.0
2026-03-27 11:35:00,180.5849,180.6447,180.3156,180.3256,54292.0
2026-03-27 11:40:00,180.3156,180.3156,179.6174,179.797,57755.0
2026-03-27 11:45:00,179.8468,180.3056,179.787,180.2358,66454.0
2026-03-27 11:50:00,180.176,180.3256,180.0563,180.3256,67900.0
2026-03-27 11:55:00,180.2957,180.4553,180.0363,180.1261,52555.0
2026-03-27 12:00:00,180.1461,180.4852,180.0962,180.4652,52967.0
2026-03-27 12:05:00,180.4503,180.8044,179.8121,179.8121,72893.0
2026-03-27 12:10:00,179.8265,179.8568,179.3681,179.4977,94498.0
2026-03-27 12:15:00,179.5277,179.7072,179.3581,179.408,108089.0
2026-03-27 12:20:00,179.4179,179.8119,179.4179,179.5626,58081.0
2026-03-27 12:25:00,179.5775,179.6872,179.4379,179.5576,54111.0
2026-03-27 12:30:00,179.5341,179.8668,179.5341,179.8269,55420.0
2026-03-27 12:35:00,179.8418,179.8867,179.0988,179.1985,57159.0
2026-03-27 12:40:00,179.0988,179.1337,178.7397,178.851,101554.0
2026-03-27 12:45:00,178.8943,179.5815,178.8594,179.5326,51522.0
2026-03-27 12:50:00,179.4977,179.4977,179.1985,179.3082,47100.0
2026-03-27 12:55:00,179.2783,179.4179,179.0589,179.4129,71838.0
2026-03-27 13:00:00,179.4479,179.5177,179.2983,179.378,72394.0
2026-03-27 13:05:00,179.4143,179.9765,179.2883,179.5376,65537.0
2026-03-27 13:10:00,179.5775,179.5775,179.0688,179.2982,57644.0
2026-03-27 13:15:00,179.2384,179.4279,179.1985,179.3132,54175.0
2026-03-27 13:20:00,179.2883,179.3082,179.1786,179.2783,62813.0
2026-03-27 13:25:00,179.2608,179.3581,179.1287,179.2783,46960.0
2026-03-27 13:30:00,179.3182,179.388,179.1388,179.2085,56079.0
2026-03-27 13:35:00,179.1985,179.3381,178.999,179.1362,107176.0
2026-03-27 13:40:00,179.1786,179.3681,178.9791,178.9791,81826.0
2026-03-27 13:45:00,179.0389,179.1686,178.8095,178.9292,48337.0
2026-03-27 13:50:00,178.9591,179.0589,178.8394,178.999,46395.0
2026-03-27 13:55:00,179.009,179.1586,178.8394,178.9791,73013.0
2026-03-27 14:00:00,178.9192,179.1287,178.9192,178.999,54971.0
2026-03-27 14:05:00,178.999,179.0688,178.4704,178.5202,64834.0
2026-03-27 14:10:00,178.5452,178.9691,178.3881,178.9192,94329.0
2026-03-27 14:15:00,178.9641,179.2384,178.8195,179.2383,61463.0
2026-03-27 14:20:00,179.1586,179.398,178.9791,179.0788,73548.0
2026-03-27 14:25:00,179.0688,179.1885,178.999,179.1187,84763.0
2026-03-27 14:30:00,179.1187,179.398,179.0788,179.383,75743.0
2026-03-27 14:35:00,179.383,179.4429,179.2534,179.4429,65056.0
2026-03-27 14:40:00,179.4429,180.0663,179.398,179.5626,141900.0
2026-03-27 14:45:00,179.5675,179.6374,179.1387,179.3232,75984.0
2026-03-27 14:50:00,179.3581,179.4179,179.1786,179.2733,80227.0
2026-03-27 14:55:00,179.2583,179.3381,179.1486,179.1486,83851.0
2026-03-27 15:00:00,179.1586,179.3612,178.9691,178.9691,71004.0
2026-03-27 15:05:00,179.019,179.019,178.62,178.7596,87354.0
2026-03-27 15:10:00,178.7397,179.1686,178.7397,178.8594,134893.0
2026-03-27 15:15:00,178.8394,178.9192,178.61,178.632,140757.0
2026-03-27 15:20:00,178.61,178.8793,178.3567,178.8394,113258.0
2026-03-27 15:25:00,178.8095,179.0289,178.7896,179.009,83909.0
2026-03-27 15:30:00,179.0289,179.4578,179.019,179.3182,127642.0
2026-03-27 15:35:00,179.2484,179.2782,178.999,179.0289,111275.0
2026-03-27 15:40:00,178.999,179.2085,178.8693,179.0788,127546.0
2026-03-27 15:45:00,179.0788,179.0888,178.6399,178.7784,180552.0
2026-03-27 15:50:00,178.7596,178.8693,178.4155,178.7846,348637.0
2026-03-27 15:55:00,178.8295,179.0888,178.61,178.7896,693200.0
2026-03-30 09:30:00,179.6374,182.6845,179.1187,182.3205,343989.0
2026-03-30 09:35:00,182.1708,183.6918,181.6921,183.4476,211204.0
2026-03-30 09:40:00,183.4476,183.4826,181.323,181.4726,209244.0
2026-03-30 09:45:00,181.5026,182.869,181.4976,181.8317,210395.0
2026-03-30 09:50:00,181.7419,182.8307,181.4427,182.4601,142982.0
2026-03-30 09:55:00,182.6162,182.6162,181.9715,182.0063,90473.0
2026-03-30 10:00:00,181.8827,182.4402,181.4334,181.5923,218456.0
2026-03-30 10:05:00,181.5973,181.9664,180.9241,181.8691,102733.0
2026-03-30 10:10:00,181.8816,181.8816,180.9939,181.1834,79776.0
2026-03-30 10:15:00,181.0637,181.7419,180.9241,181.2033,76470.0
2026-03-30 10:20:00,181.1036,182.7992,181.0537,182.5199,125724.0
2026-03-30 10:25:00,182.5997,182.6856,182.2107,182.5199,59697.0
2026-03-30 10:30:00,182.3913,182.8242,182.2606,182.7593,74236.0
2026-03-30 10:35:00,182.6795,182.9588,182.0312,182.4701,85375.0
2026-03-30 10:40:00,182.4597,182.6571,181.9072,182.5878,73451.0
2026-03-30 10:45:00,182.6197,182.9089,182.0212,182.2955,110721.0
2026-03-30 10:50:00,182.2706,182.7194,181.7719,182.3205,165455.0
2026-03-30 10:55:00,182.1908,183.0985,182.121,182.8491,61862.0
2026-03-30 11:00:00,182.9488,183.647,182.7294,183.5423,105855.0
2026-03-30 11:05:00,183.6071,183.6071,182.0611,182.3703,87095.0
2026-03-30 11:10:00,182.2107,182.6696,181.9115,181.9913,115626.0
2026-03-30 11:15:00,182.0312,182.8291,181.8917,182.7693,78460.0
2026-03-30 11:20:00,182.7893,183.268,182.6995,183.1483,74527.0
2026-03-30 11:25:00,183.1433,183.5074,183.1433,183.4077,76623.0
2026-03-30 11:30:00,183.4276,183.5972,183.278,183.4476,143290.0
2026-03-30 11:35:00,183.5224,184.1931,183.4974,183.8166,121066.0
2026-03-30 11:40:00,183.8665,184.056,183.4875,183.9463,114028.0
2026-03-30 11:45:00,183.9163,184.2156,183.6919,184.1458,245090.0
2026-03-30 11:50:00,184.1458,184.6794,184.1358,184.5647,144185.0
2026-03-30 11:55:00,184.5248,184.6843,184.4151,184.6495,102579.0
2026-03-30 12:00:00,184.6943,185.1831,184.5248,184.839,175829.0
2026-03-30 12:05:00,184.839,184.9238,184.3652,184.7143,82273.0
2026-03-30 12:10:00,184.6594,185.8414,184.6594,185.4674,191209.0
2026-03-30 12:15:00,185.5122,185.5821,185.1232,185.1557,106022.0
2026-03-30 12:20:00,185.2429,185.9112,185.1433,185.4923,196726.0
2026-03-30 12:25:00,185.5322,185.6419,185.0035,185.0385,67450.0
2026-03-30 12:30:00,185.0734,185.2928,184.8075,185.213,78592.0
2026-03-30 12:35:00,185.233,185.2828,184.7899,184.9238,54280.0
2026-03-30 12:40:00,184.9437,184.9438,184.4454,184.8539,61929.0
2026-03-30 12:45:00,184.8564,184.8689,184.425,184.4849,58513.0
2026-03-30 12:50:00,184.4849,184.9836,184.4799,184.6744,81475.0
2026-03-30 12:55:00,184.6345,185.1033,184.5248,185.0135,64888.0
2026-03-30 13:00:00,185.0135,185.1432,184.8739,184.9337,79111.0
2026-03-30 13:05:00,184.9637,185.2828,184.7891,184.8883,71376.0
2026-03-30 13:10:00,184.8739,184.9437,184.445,184.5048,64803.0
2026-03-30 13:15:00,184.5647,184.6345,183.8465,184.445,87051.0
2026-03-30 13:20:00,184.4649,184.4949,184.2156,184.2655,85161.0
2026-03-30 13:25:00,184.3053,184.3552,184.0161,184.2555,73518.0
2026-03-30 13:30:00,184.3053,184.3153,183.9622,184.066,89618.0
2026-03-30 13:35:00,184.046,184.066,183.5872,183.9263,129260.0
2026-03-30 13:40:00,183.9463,184.3951,183.8366,184.3951,73779.0
2026-03-30 13:45:00,184.3652,184.425,183.667,183.7069,127352.0
2026-03-30 13:50:00,183.7069,183.7418,183.4276,183.5872,121516.0
2026-03-30 13:55:00,183.5573,183.6969,183.3279,183.4974,70370.0
2026-03-30 14:00:00,183.5174,183.7967,183.4376,183.6271,64500.0
2026-03-30 14:05:00,183.667,183.8741,183.6371,183.6969,68544.0
2026-03-30 14:10:00,183.7163,183.8665,183.4675,183.647,62621.0
2026-03-30 14:15:00,183.6171,184.1856,183.4775,184.1408,64219.0
2026-03-30 14:20:00,184.1857,184.1857,184.0261,184.066,56104.0
2026-03-30 14:25:00,184.0859,184.0859,183.5373,183.5373,69908.0
2026-03-30 14:30:00,183.5672,183.8434,183.5573,183.8366,64357.0
2026-03-30 14:35:00,183.9263,184.1657,183.7767,183.8366,64858.0
2026-03-30 14:40:00,183.8366,183.8765,183.5074,183.6271,72089.0
2026-03-30 14:45:00,183.5872,183.7268,182.9089,183.1583,155151.0
2026-03-30 14:50:00,183.2082,183.4176,183.0386,183.0685,106035.0
2026-03-30 14:55:00,183.1209,183.2082,182.879,183.0286,85898.0
2026-03-30 15:00:00,183.1384,183.4775,182.9289,183.2331,92985.0
2026-03-30 15:05:00,183.1894,183.2281,182.8042,183.1334,89942.0
2026-03-30 15:10:00,183.1184,183.1284,182.5699,182.9089,83160.0
2026-03-30 15:15:00,182.9089,183.1982,182.8492,183.0586,98500.0
2026-03-30 15:20:00,183.0386,183.3877,183.0386,183.3428,118240.0
2026-03-30 15:25:00,183.3279,183.4276,182.9089,182.9588,209671.0
2026-03-30 15:30:00,182.9538,183.2331,182.8291,182.8865,142311.0
2026-03-30 15:35:00,182.9289,183.3478,182.9089,183.2481,137659.0
2026-03-30 15:40:00,183.278,183.9612,183.268,183.5672,209316.0
2026-03-30 15:45:00,183.5672,183.9213,183.3678,183.8565,215627.0
2026-03-30 15:50:00,183.7867,184.425,183.652,184.425,242267.0
2026-03-30 15:55:00,184.425,184.7741,184.3053,184.5248,643121.0
2026-03-31 09:30:00,184.425,184.7741,182.0811,183.0785,485102.0
2026-03-31 09:35:00,183.1184,183.6371,181.8417,182.2905,175832.0
2026-03-31 09:40:00,182.3304,183.2281,182.3304,183.0885,81055.0
2026-03-31 09:45:00,183.0436,185.1931,183.0436,185.1183,114802.0
2026-03-31 09:50:00,185.2469,185.2729,184.6445,184.7143,129418.0
2026-03-31 09:55:00,184.7741,185.4624,184.6445,185.3427,84386.0
2026-03-31 10:00:00,185.3078,185.8713,185.0833,185.7666,118308.0
2026-03-31 10:05:00,185.7566,186.4,185.5322,186.2553,190220.0
2026-03-31 10:10:00,186.2703,187.1779,186.2703,187.0084,140651.0
2026-03-31 10:15:00,187.1779,187.2777,185.8813,185.9636,181315.0
2026-03-31 10:20:00,185.9661,186.0808,185.1631,186.011,216619.0
2026-03-31 10:25:00,186.011,186.0907,185.2479,185.6419,104105.0
2026-03-31 10:30:00,185.6918,185.8613,185.4674,185.7865,111652.0
2026-03-31 10:35:00,185.7865,185.8214,184.9736,185.0735,134549.0
2026-03-31 10:40:00,185.1033,185.7815,185.0983,185.4474,70734.0
2026-03-31 10:45:00,185.4524,185.6918,185.4225,185.6519,62224.0
2026-03-31 10:50:00,185.6718,185.7117,184.1857,184.3851,115164.0
2026-03-31 10:55:00,184.4599,185.0235,184.283,184.9487,70154.0
2026-03-31 11:00:00,184.9437,185.6419,184.7841,185.5571,62057.0
2026-03-31 11:05:00,185.6619,186.3301,185.4923,186.3301,109605.0
2026-03-31 11:10:00,186.2354,186.5396,186.0907,186.4448,66614.0
2026-03-31 11:15:00,186.4897,186.5296,186.3301,186.4598,66540.0
2026-03-31 11:20:00,186.4199,187.0533,186.1606,186.759,84611.0
2026-03-31 11:25:00,186.6992,186.9286,186.2104,186.385,87417.0
2026-03-31 11:30:00,186.3401,186.4997,185.8514,186.2952,62057.0
2026-03-31 11:35:00,186.2952,186.6992,186.2903,186.4159,61205.0
2026-03-31 11:40:00,186.4797,186.789,186.2354,186.7241,50135.0
2026-03-31 11:45:00,186.6593,186.719,186.2713,186.4099,46335.0
2026-03-31 11:50:00,186.38,186.6294,186.1356,186.3301,71572.0
2026-03-31 11:55:00,186.3351,186.38,185.5633,185.6444,108442.0
2026-03-31 12:00:00,185.6269,186.1107,185.5821,185.7117,69825.0
2026-03-31 12:05:00,185.7616,186.0209,185.6818,185.9212,40370.0
2026-03-31 12:10:00,185.9162,186.1705,185.8364,186.1606,28328.0
2026-03-31 12:15:00,186.1356,186.2303,185.6519,185.8059,66454.0
2026-03-31 12:20:00,185.7716,186.3601,185.6519,186.3351,50917.0
2026-03-31 12:25:00,186.4099,186.5196,186.1306,186.4997,63681.0
2026-03-31 12:30:00,186.39,186.4,185.8514,185.9012,54036.0
2026-03-31 12:35:00,185.9012,186.9485,185.6918,186.9485,75915.0
2026-03-31 12:40:00,186.9386,188.0158,186.4997,186.4997,202372.0
2026-03-31 12:45:00,186.4997,186.6294,185.9661,186.4998,122436.0
2026-03-31 12:50:00,186.4997,187.0283,186.2902,186.2902,55445.0
2026-03-31 12:55:00,186.4598,186.769,186.2005,186.6942,41108.0
2026-03-31 13:00:00,186.6194,187.153,186.6194,186.8937,95446.0
2026-03-31 13:05:00,186.8488,187.2577,186.6593,186.759,63652.0
2026-03-31 13:10:00,186.7492,187.0782,186.5496,186.9286,56092.0
2026-03-31 13:15:00,187.0184,187.2877,186.7989,187.0682,73850.0
2026-03-31 13:20:00,187.0682,187.2577,186.8588,187.0707,41425.0
2026-03-31 13:25:00,187.0732,187.2079,186.4099,186.4847,118685.0
2026-03-31 13:30:00,186.5496,186.9585,186.5246,186.9037,48994.0
2026-03-31 13:35:00,186.8787,186.9882,185.7317,185.8913,82952.0
2026-03-31 13:40:00,186.0009,186.1306,185.8115,185.9012,41062.0
2026-03-31 13:45:00,185.8963,186.3002,185.8514,186.3002,32037.0
2026-03-31 13:50:00,186.2653,186.37,185.8015,185.9711,45009.0
2026-03-31 13:55:00,186.0309,186.1705,185.8214,185.8813,57686.0
2026-03-31 14:00:00,185.8814,186.4598,185.8814,186.4249,50608.0
2026-03-31 14:05:00,186.4111,186.9484,186.3601,186.8887,58507.0
2026-03-31 14:10:00,186.8288,186.8887,186.4199,186.8239,43995.0
2026-03-31 14:15:00,186.769,186.9186,186.6568,186.8588,65425.0
2026-03-31 14:20:00,186.8538,187.2378,186.5994,186.5994,329769.0
2026-03-31 14:25:00,186.5994,186.8388,186.3643,186.6244,46479.0
2026-03-31 14:30:00,186.6144,186.769,186.5147,186.7092,42063.0
2026-03-31 14:35:00,186.779,186.789,186.5097,186.7191,68219.0
2026-03-31 14:40:00,186.6094,186.7491,186.4598,186.6593,47238.0
2026-03-31 14:45:00,186.6294,186.7291,186.4598,186.5795,589529.0
2026-03-31 14:50:00,186.5496,186.8488,186.37,186.39,62958.0
2026-03-31 14:55:00,186.4,186.6393,186.1107,186.2703,575085.0
2026-03-31 15:00:00,186.3202,186.3301,185.981,186.2603,77794.0
2026-03-31 15:05:00,186.2603,186.3202,185.9062,185.9411,82623.0
2026-03-31 15:10:00,185.981,186.3351,185.9312,186.3202,71991.0
2026-03-31 15:15:00,186.3152,186.5097,185.981,186.0726,79997.0
2026-03-31 15:20:00,186.1057,186.4698,186.0708,186.3152,101639.0
2026-03-31 15:25:00,186.3152,186.4099,185.9112,185.9511,91684.0
2026-03-31 15:30:00,185.986,186.2204,185.986,186.011,83773.0
2026-03-31 15:35:00,186.011,186.3201,185.981,186.1207,100509.0
2026-03-31 15:40:00,186.1456,186.2404,185.8314,185.9661,111970.0
2026-03-31 15:45:00,185.9312,186.3102,185.9312,186.1995,180903.0
2026-03-31 15:50:00,186.2902,186.5196,185.8963,185.996,219298.0
2026-03-31 15:55:00,185.996,186.2603,185.7018,186.1406,478758.0
