datetime,open,high,low,close,volume
2026-03-02 09:30:00,78.3287,78.5077,77.9059,78.2342,530163.0
2026-03-02 09:35:00,78.2342,78.4083,78.1148,78.1347,167966.0
2026-03-02 09:40:00,78.1447,78.3834,78.0946,78.2889,188833.0
2026-03-02 09:45:00,78.274,78.4083,78.1844,78.2491,165644.0
2026-03-02 09:50:00,78.2541,78.4132,78.1745,78.1844,251616.0
2026-03-02 09:55:00,78.1795,78.2242,77.8263,77.8363,207607.0
2026-03-02 10:00:00,77.8263,77.9557,77.6175,77.9109,369723.0
2026-03-02 10:05:00,77.9208,78.1049,77.896,77.9756,288741.0
2026-03-02 10:10:00,77.9656,78.2342,77.9656,78.1248,185521.0
2026-03-02 10:15:00,78.1297,78.2193,77.8263,77.8612,303769.0
2026-03-02 10:20:00,77.8612,77.8661,77.5379,77.6473,210185.0
2026-03-02 10:25:00,77.6672,77.712,77.4434,77.4832,156573.0
2026-03-02 10:30:00,77.4981,77.523,77.3389,77.4125,173922.0
2026-03-02 10:35:00,77.4135,77.5876,77.2793,77.5826,154774.0
2026-03-02 10:40:00,77.5777,77.7368,77.508,77.6771,219710.0
2026-03-02 10:45:00,77.6771,77.6821,77.5379,77.6125,205023.0
2026-03-02 10:50:00,77.6075,77.6672,77.4633,77.4881,203301.0
2026-03-02 10:55:00,77.508,77.6572,77.4931,77.5976,231129.0
2026-03-02 11:00:00,77.5876,77.8263,77.5876,77.8214,180278.0
2026-03-02 11:05:00,77.8214,78.0949,77.8065,78.085,117282.0
2026-03-02 11:10:00,78.085,78.1248,78.0104,78.0452,113824.0
2026-03-02 11:15:00,78.0551,78.0601,77.8612,77.9059,143820.0
2026-03-02 11:20:00,77.9159,77.9358,77.8612,77.8662,117570.0
2026-03-02 11:25:00,77.8724,77.8811,77.6075,77.6871,152196.0
2026-03-02 11:30:00,77.6871,77.7667,77.5777,77.6771,137511.0
2026-03-02 11:35:00,77.6771,77.8512,77.6524,77.8263,149950.0
2026-03-02 11:40:00,77.8263,78.0551,77.8263,78.0402,119563.0
2026-03-02 11:45:00,78.0352,78.0551,77.9656,78.0203,129063.0
2026-03-02 11:50:00,78.0253,78.0402,77.9159,78.0153,103506.0
2026-03-02 11:55:00,78.0104,78.0551,77.9557,77.9756,82131.0
2026-03-02 12:00:00,77.9855,78.085,77.9159,78.085,94701.0
2026-03-02 12:05:00,78.0899,78.1645,78.0502,78.0949,99965.0
2026-03-02 12:10:00,78.0949,78.1297,78.0254,78.1148,86752.0
2026-03-02 12:15:00,78.1248,78.1795,78.1149,78.1347,76110.0
2026-03-02 12:20:00,78.1347,78.1496,78.08,78.1198,69591.0
2026-03-02 12:25:00,78.1148,78.1297,78.08,78.0917,55854.0
2026-03-02 12:30:00,78.0949,78.1445,78.08,78.0899,82337.0
2026-03-02 12:35:00,78.085,78.1745,78.0452,78.0601,91453.0
2026-03-02 12:40:00,78.0651,78.1994,78.0402,78.1944,76740.0
2026-03-02 12:45:00,78.1994,78.264,78.1248,78.1695,122775.0
2026-03-02 12:50:00,78.1745,78.2988,78.1695,78.269,88118.0
2026-03-02 12:55:00,78.264,78.3336,78.2093,78.3138,80941.0
2026-03-02 13:00:00,78.3138,78.3535,78.3038,78.3287,75149.0
2026-03-02 13:05:00,78.3287,78.3436,78.1596,78.1596,98708.0
2026-03-02 13:10:00,78.1496,78.3336,78.1248,78.3336,115503.0
2026-03-02 13:15:00,78.3287,78.3983,78.3038,78.3635,129206.0
2026-03-02 13:20:00,78.3585,78.3734,78.2874,78.2889,87712.0
2026-03-02 13:25:00,78.2939,78.3734,78.2193,78.3635,83938.0
2026-03-02 13:30:00,78.3585,78.4431,78.3577,78.4083,128542.0
2026-03-02 13:35:00,78.4033,78.453,78.3287,78.4331,117351.0
2026-03-02 13:40:00,78.4331,78.4431,78.3287,78.4132,83286.0
2026-03-02 13:45:00,78.4182,78.4182,78.3038,78.3373,95063.0
2026-03-02 13:50:00,78.3436,78.4232,78.2988,78.4033,112738.0
2026-03-02 13:55:00,78.3933,78.4232,78.274,78.3585,158065.0
2026-03-02 14:00:00,78.3585,78.5027,78.3436,78.4978,145926.0
2026-03-02 14:05:00,78.4978,78.6171,78.473,78.6171,207062.0
2026-03-02 14:10:00,78.6171,78.642,78.5326,78.6122,170610.0
2026-03-02 14:15:00,78.6022,78.7017,78.6022,78.652,89591.0
2026-03-02 14:20:00,78.652,78.7315,78.5972,78.5972,108863.0
2026-03-02 14:25:00,78.5972,78.6719,78.5774,78.647,94951.0
2026-03-02 14:30:00,78.652,78.8211,78.6459,78.7813,259194.0
2026-03-02 14:35:00,78.7813,78.8161,78.7067,78.7564,106751.0
2026-03-02 14:40:00,78.7599,78.7912,78.7166,78.7315,112759.0
2026-03-02 14:45:00,78.7365,78.831,78.7365,78.7813,102172.0
2026-03-02 14:50:00,78.7813,78.8807,78.7564,78.841,152116.0
2026-03-02 14:55:00,78.836,78.8509,78.7564,78.7862,150260.0
2026-03-02 15:00:00,78.7856,78.8012,78.6221,78.7166,257308.0
2026-03-02 15:05:00,78.7166,78.7514,78.5177,78.5774,423026.0
2026-03-02 15:10:00,78.5823,78.5906,78.3734,78.4829,240424.0
2026-03-02 15:15:00,78.4729,78.6022,78.3832,78.5127,249480.0
2026-03-02 15:20:00,78.5226,78.5226,78.3884,78.4182,181136.0
2026-03-02 15:25:00,78.4182,78.5226,78.3784,78.458,165198.0
2026-03-02 15:30:00,78.458,78.5823,78.4033,78.5575,223320.0
2026-03-02 15:35:00,78.5624,78.642,78.5177,78.6171,176733.0
2026-03-02 15:40:00,78.6221,78.6818,78.5475,78.6669,303991.0
2026-03-02 15:45:00,78.6619,78.8061,78.642,78.7862,259416.0
2026-03-02 15:50:00,78.7813,78.9305,78.7365,78.9255,559263.0
2026-03-02 15:55:00,78.9305,79.0946,78.9106,78.9852,1579298.0
2026-03-03 09:30:00,77.9656,78.3038,77.5976,77.7766,476530.0
2026-03-03 09:35:00,77.7468,78.453,77.7368,78.2441,249121.0
2026-03-03 09:40:00,78.2342,78.3038,77.886,77.9407,165697.0
2026-03-03 09:45:00,77.9557,78.274,77.9258,78.1745,173107.0
2026-03-03 09:50:00,78.1645,78.2739,77.891,77.9258,247996.0
2026-03-03 09:55:00,77.9208,77.9756,77.7866,77.8761,212850.0
2026-03-03 10:00:00,77.8661,78.0402,77.8661,77.9258,208523.0
2026-03-03 10:05:00,77.9457,78.075,77.8065,77.8512,231661.0
2026-03-03 10:10:00,77.8462,78.085,77.697,77.9109,223874.0
2026-03-03 10:15:00,77.9082,77.9457,77.4086,77.4732,134988.0
2026-03-03 10:20:00,77.4583,77.4829,77.319,77.4384,208276.0
2026-03-03 10:25:00,77.4384,77.4434,77.1599,77.2146,181753.0
2026-03-03 10:30:00,77.2146,77.4135,77.1997,77.329,248956.0
2026-03-03 10:35:00,77.3489,77.4086,77.1897,77.2991,149942.0
2026-03-03 10:40:00,77.2991,77.3986,77.2494,77.3688,129440.0
2026-03-03 10:45:00,77.3588,77.523,77.2842,77.3389,192450.0
2026-03-03 10:50:00,77.329,77.4782,77.2146,77.4384,175023.0
2026-03-03 10:55:00,77.4484,77.707,77.4484,77.702,200350.0
2026-03-03 11:00:00,77.702,77.886,77.6373,77.8363,158928.0
2026-03-03 11:05:00,77.8413,77.9457,77.7866,77.886,109145.0
2026-03-03 11:10:00,77.896,78.0551,77.8363,78.0452,131724.0
2026-03-03 11:15:00,78.0352,78.1795,78.0352,78.075,124975.0
2026-03-03 11:20:00,78.075,78.1496,77.9059,78.1447,166242.0
2026-03-03 11:25:00,78.1546,78.1695,77.9457,77.9656,116120.0
2026-03-03 11:30:00,77.9557,78.0551,77.7567,78.0452,111296.0
2026-03-03 11:35:00,78.0502,78.1944,78.0402,78.1795,124014.0
2026-03-03 11:40:00,78.1795,78.3187,78.1248,78.2839,124863.0
2026-03-03 11:45:00,78.2789,78.5226,78.2789,78.3933,102870.0
2026-03-03 11:50:00,78.4132,78.4182,78.2939,78.3535,105635.0
2026-03-03 11:55:00,78.3635,78.453,78.3535,78.3834,96021.0
2026-03-03 12:00:00,78.3784,78.4928,78.3535,78.4033,162852.0
2026-03-03 12:05:00,78.4132,78.4679,78.3287,78.3535,139913.0
2026-03-03 12:10:00,78.3486,78.3834,78.2541,78.3287,187103.0
2026-03-03 12:15:00,78.3287,78.3635,78.2243,78.3138,132879.0
2026-03-03 12:20:00,78.3237,78.5027,78.2939,78.4878,85523.0
2026-03-03 12:25:00,78.4878,78.5226,78.3884,78.453,78180.0
2026-03-03 12:30:00,78.4431,78.463,78.2292,78.2495,78698.0
2026-03-03 12:35:00,78.2541,78.3336,78.2242,78.2939,90261.0
2026-03-03 12:40:00,78.3038,78.5127,78.274,78.5077,63386.0
2026-03-03 12:45:00,78.5027,78.5148,78.4033,78.4829,59019.0
2026-03-03 12:50:00,78.4878,78.5027,78.3535,78.3585,83192.0
2026-03-03 12:55:00,78.3635,78.453,78.3336,78.4033,76796.0
2026-03-03 13:00:00,78.4132,78.6321,78.4132,78.6221,92036.0
2026-03-03 13:05:00,78.642,78.6768,78.5873,78.6569,70940.0
2026-03-03 13:10:00,78.6569,78.6818,78.4928,78.5624,101866.0
2026-03-03 13:15:00,78.5624,78.637,78.5525,78.5972,71913.0
2026-03-03 13:20:00,78.6022,78.7862,78.6022,78.7713,96573.0
2026-03-03 13:25:00,78.7763,78.831,78.7216,78.7266,116033.0
2026-03-03 13:30:00,78.7216,78.7813,78.7017,78.7266,110971.0
2026-03-03 13:35:00,78.7216,78.8509,78.6818,78.841,117683.0
2026-03-03 13:40:00,78.8509,78.9305,78.8211,78.8758,106921.0
2026-03-03 13:45:00,78.8708,78.9553,78.7603,78.9553,147468.0
2026-03-03 13:50:00,78.9603,79.02,78.9305,78.9902,104228.0
2026-03-03 13:55:00,78.9802,78.9951,78.9106,78.9156,75604.0
2026-03-03 14:00:00,78.9205,79.0001,78.8907,78.9752,95452.0
2026-03-03 14:05:00,78.9802,78.9902,78.6818,78.7018,110678.0
2026-03-03 14:10:00,78.7067,78.7663,78.642,78.7564,99443.0
2026-03-03 14:15:00,78.7614,78.8608,78.7514,78.8608,99118.0
2026-03-03 14:20:00,78.8708,78.9404,78.831,78.841,95494.0
2026-03-03 14:25:00,78.841,78.841,78.6321,78.6569,120996.0
2026-03-03 14:30:00,78.6619,78.7216,78.5972,78.6221,116675.0
2026-03-03 14:35:00,78.6221,78.8957,78.5674,78.7813,168543.0
2026-03-03 14:40:00,78.8012,78.9106,78.7763,78.8459,124245.0
2026-03-03 14:45:00,78.8509,78.9205,78.7813,78.7962,104137.0
2026-03-03 14:50:00,78.8012,78.831,78.5923,78.6719,140661.0
2026-03-03 14:55:00,78.6669,78.6719,78.5525,78.642,87012.0
2026-03-03 15:00:00,78.647,78.7266,78.5923,78.6768,79463.0
2026-03-03 15:05:00,78.6768,78.7663,78.6321,78.7663,111381.0
2026-03-03 15:10:00,78.7663,78.8111,78.6868,78.6868,98770.0
2026-03-03 15:15:00,78.6868,78.7763,78.6022,78.6122,115469.0
2026-03-03 15:20:00,78.6221,78.7017,78.6098,78.6868,102397.0
2026-03-03 15:25:00,78.6818,78.7614,78.5923,78.7415,152666.0
2026-03-03 15:30:00,78.7415,78.7564,78.647,78.652,117665.0
2026-03-03 15:35:00,78.647,78.7116,78.5674,78.6171,118302.0
2026-03-03 15:40:00,78.6171,78.6719,78.5674,78.6569,128259.0
2026-03-03 15:45:00,78.652,78.6818,78.5525,78.5774,145537.0
2026-03-03 15:50:00,78.5724,78.6022,78.4331,78.5575,358671.0
2026-03-03 15:55:00,78.5525,78.5674,78.4829,78.5326,645326.0
2026-03-04 09:30:00,78.7813,79.6865,78.1148,79.1593,702313.0
2026-03-04 09:35:00,79.1692,79.1792,78.8012,78.8907,183394.0
2026-03-04 09:40:00,78.889,78.9404,78.7315,78.7315,112112.0
2026-03-04 09:45:00,78.6818,78.9305,78.5823,78.7514,135681.0
2026-03-04 09:50:00,78.7663,78.8708,78.6122,78.8708,105190.0
2026-03-04 09:55:00,78.8608,78.8957,78.7465,78.841,121615.0
2026-03-04 10:00:00,78.8211,79.0498,78.8181,79.0001,186291.0
2026-03-04 10:05:00,79.0101,79.2289,78.9305,79.209,165750.0
2026-03-04 10:10:00,79.209,79.2587,79.1294,79.2488,157561.0
2026-03-04 10:15:00,79.2488,79.388,79.2488,79.3632,162429.0
2026-03-04 10:20:00,79.3681,79.4577,79.3085,79.4179,174311.0
2026-03-04 10:25:00,79.403,79.4477,79.3285,79.4079,149842.0
2026-03-04 10:30:00,79.398,79.5273,79.3085,79.3681,116966.0
2026-03-04 10:35:00,79.3632,79.4186,79.2836,79.3035,120425.0
2026-03-04 10:40:00,79.3035,79.4676,79.2886,79.398,134666.0
2026-03-04 10:45:00,79.393,79.4477,79.3184,79.3532,103798.0
2026-03-04 10:50:00,79.3484,79.4278,79.2438,79.3234,148800.0
2026-03-04 10:55:00,79.3234,79.5074,79.3234,79.4875,188578.0
2026-03-04 11:00:00,79.4925,79.7461,79.4925,79.5969,203675.0
2026-03-04 11:05:00,79.6069,79.635,79.4776,79.4855,120694.0
2026-03-04 11:10:00,79.4825,79.4825,79.199,79.2637,117224.0
2026-03-04 11:15:00,79.2587,79.2836,79.1294,79.1552,120585.0
2026-03-04 11:20:00,79.1493,79.2438,79.1095,79.209,103479.0
2026-03-04 11:25:00,79.214,79.4229,79.214,79.3582,143989.0
2026-03-04 11:30:00,79.3582,79.5174,79.3383,79.4278,115956.0
2026-03-04 11:35:00,79.4278,79.4975,79.3681,79.4129,218272.0
2026-03-04 11:40:00,79.4179,79.6467,79.4179,79.6119,251352.0
2026-03-04 11:45:00,79.6168,79.6666,79.592,79.6218,135055.0
2026-03-04 11:50:00,79.6218,79.6218,79.4875,79.5174,101703.0
2026-03-04 11:55:00,79.5174,79.5174,79.4158,79.4656,82308.0
2026-03-04 12:00:00,79.4577,79.587,79.4378,79.4676,167212.0
2026-03-04 12:05:00,79.4626,79.4776,79.2836,79.3333,153101.0
2026-03-04 12:10:00,79.3383,79.4577,79.3383,79.4079,63577.0
2026-03-04 12:15:00,79.4079,79.4975,79.398,79.4925,101318.0
2026-03-04 12:20:00,79.4875,79.5223,79.4229,79.4626,103272.0
2026-03-04 12:25:00,79.4776,79.5223,79.4676,79.4738,83801.0
2026-03-04 12:30:00,79.4726,79.5273,79.3831,79.5223,128844.0
2026-03-04 12:35:00,79.5273,79.577,79.4577,79.5422,90854.0
2026-03-04 12:40:00,79.5422,79.6069,79.5024,79.6019,118931.0
2026-03-04 12:45:00,79.6019,79.7611,79.6019,79.7213,133017.0
2026-03-04 12:50:00,79.7213,79.781,79.7064,79.7511,122307.0
2026-03-04 12:55:00,79.7461,79.7959,79.7163,79.7511,98648.0
2026-03-04 13:00:00,79.7511,79.8207,79.7461,79.771,94406.0
2026-03-04 13:05:00,79.771,79.9003,79.766,79.8406,120900.0
2026-03-04 13:10:00,79.8406,79.8804,79.8207,79.8506,94530.0
2026-03-04 13:15:00,79.8506,79.8804,79.8207,79.8804,103967.0
2026-03-04 13:20:00,79.8804,79.9849,79.781,79.9152,160032.0
2026-03-04 13:25:00,79.9202,80.0694,79.8953,80.0197,142229.0
2026-03-04 13:30:00,80.0197,80.1142,79.9849,79.9898,110326.0
2026-03-04 13:35:00,79.9898,80.0495,79.9849,79.9948,103761.0
2026-03-04 13:40:00,79.9898,80.0396,79.9749,80.0148,129951.0
2026-03-04 13:45:00,80.0147,80.154,79.9849,80.0993,272769.0
2026-03-04 13:50:00,80.0993,80.1092,80.0097,80.0097,174276.0
2026-03-04 13:55:00,80.0097,80.1888,79.9849,80.1341,264155.0
2026-03-04 14:00:00,80.1341,80.1888,80.0794,80.1804,129713.0
2026-03-04 14:05:00,80.1788,80.2335,80.1241,80.149,198374.0
2026-03-04 14:10:00,80.149,80.2137,80.1142,80.144,140844.0
2026-03-04 14:15:00,80.149,80.2037,80.1291,80.149,157935.0
2026-03-04 14:20:00,80.149,80.2634,80.1341,80.2584,153605.0
2026-03-04 14:25:00,80.2584,80.2833,80.154,80.2286,167635.0
2026-03-04 14:30:00,80.2286,80.3082,80.0943,80.1042,195200.0
2026-03-04 14:35:00,80.0943,80.1888,80.0943,80.1788,101424.0
2026-03-04 14:40:00,80.1739,80.3629,80.1739,80.2733,231468.0
2026-03-04 14:45:00,80.2684,80.2833,80.1391,80.1689,132331.0
2026-03-04 14:50:00,80.1639,80.2286,80.144,80.1971,97251.0
2026-03-04 14:55:00,80.1938,80.2286,80.149,80.1987,161178.0
2026-03-04 15:00:00,80.1938,80.2186,80.1241,80.1987,162676.0
2026-03-04 15:05:00,80.2035,80.2435,80.1092,80.1692,174082.0
2026-03-04 15:10:00,80.1739,80.1739,80.0197,80.1042,199073.0
2026-03-04 15:15:00,80.0943,80.1987,80.0893,80.1888,127099.0
2026-03-04 15:20:00,80.1838,80.2186,80.1092,80.1192,229272.0
2026-03-04 15:25:00,80.1192,80.2037,80.1192,80.1987,132810.0
2026-03-04 15:30:00,80.1938,80.3131,80.144,80.2982,239524.0
2026-03-04 15:35:00,80.2932,80.4424,80.2932,80.4126,263009.0
2026-03-04 15:40:00,80.4126,80.4126,80.3232,80.3778,225088.0
2026-03-04 15:45:00,80.3778,80.4126,80.3231,80.338,246282.0
2026-03-04 15:50:00,80.333,80.4872,80.333,80.4673,902696.0
2026-03-04 15:55:00,80.4623,80.532,80.4126,80.4126,1703093.0
2026-03-05 09:30:00,79.5671,79.9351,79.5472,79.8257,617006.0
2026-03-05 09:35:00,79.8207,79.8952,79.7064,79.7163,280257.0
2026-03-05 09:40:00,79.7076,79.8953,79.5472,79.6964,226471.0
2026-03-05 09:45:00,79.7014,79.9302,79.6268,79.8406,196229.0
2026-03-05 09:50:00,79.8456,80.2137,79.7859,80.2037,205738.0
2026-03-05 09:55:00,80.2087,80.6016,80.1938,80.5767,319365.0
2026-03-05 10:00:00,80.5767,80.6314,80.4325,80.4623,418934.0
2026-03-05 10:05:00,80.4673,80.618,80.3828,80.5718,370898.0
2026-03-05 10:10:00,80.5767,80.7359,80.5767,80.6513,206534.0
2026-03-05 10:15:00,80.6513,80.7359,80.4126,80.4424,265553.0
2026-03-05 10:20:00,80.4325,80.532,80.0893,80.1092,212419.0
2026-03-05 10:25:00,80.1142,80.2137,80.0841,80.1838,143574.0
2026-03-05 10:30:00,80.1938,80.2087,79.8357,80.1142,266915.0
2026-03-05 10:35:00,80.1192,80.2037,79.97,80.149,189303.0
2026-03-05 10:40:00,80.154,80.3231,80.0943,80.1341,153490.0
2026-03-05 10:45:00,80.1391,80.2137,80.0147,80.0147,143929.0
2026-03-05 10:50:00,80.0197,80.1341,80.0197,80.0843,240736.0
2026-03-05 10:55:00,80.0893,80.1838,80.0346,80.1142,268931.0
2026-03-05 11:00:00,80.1092,80.1241,79.6454,79.6765,207187.0
2026-03-05 11:05:00,79.6765,79.7362,79.6268,79.6715,155826.0
2026-03-05 11:10:00,79.6715,79.7262,79.4975,79.4975,160695.0
2026-03-05 11:15:00,79.5074,79.5174,79.0797,79.0797,179116.0
2026-03-05 11:20:00,79.0847,79.3184,79.0648,79.0797,192362.0
2026-03-05 11:25:00,79.0772,79.1195,78.7514,78.7514,273547.0
2026-03-05 11:30:00,78.7514,79.1792,78.642,79.0996,424548.0
2026-03-05 11:35:00,79.1026,79.2587,79.0747,79.1941,254464.0
2026-03-05 11:40:00,79.199,79.2687,79.0847,79.1394,252382.0
2026-03-05 11:45:00,79.1493,79.3582,79.1493,79.2587,247491.0
2026-03-05 11:50:00,79.2587,79.3134,79.02,79.0349,132994.0
2026-03-05 11:55:00,79.0449,79.2388,78.8807,79.2289,198312.0
2026-03-05 12:00:00,79.2388,79.3781,79.209,79.3582,296494.0
2026-03-05 12:05:00,79.3483,79.388,79.1493,79.1543,165691.0
2026-03-05 12:10:00,79.1443,79.209,79.0349,79.199,262758.0
2026-03-05 12:15:00,79.199,79.2189,79.0996,79.1179,146118.0
2026-03-05 12:20:00,79.1145,79.1841,78.9504,79.1742,177847.0
2026-03-05 12:25:00,79.1692,79.2886,79.1294,79.199,206900.0
2026-03-05 12:30:00,79.209,79.2239,78.9106,78.9106,238308.0
2026-03-05 12:35:00,78.9106,79.0598,78.8957,78.9156,176781.0
2026-03-05 12:40:00,78.9205,78.9852,78.7465,78.836,180779.0
2026-03-05 12:45:00,78.831,78.9404,78.831,78.8907,150363.0
2026-03-05 12:50:00,78.9006,78.9903,78.831,78.8459,207008.0
2026-03-05 12:55:00,78.8459,78.9703,78.8111,78.8907,187260.0
2026-03-05 13:00:00,78.8907,79.1195,78.8509,79.1145,141709.0
2026-03-05 13:05:00,79.1095,79.2886,79.0847,79.2886,204543.0
2026-03-05 13:10:00,79.2836,79.2836,79.0847,79.2289,189069.0
2026-03-05 13:15:00,79.2189,79.3085,79.1493,79.1704,264243.0
2026-03-05 13:20:00,79.1742,79.2687,79.1394,79.2289,324448.0
2026-03-05 13:25:00,79.2289,79.275,79.1244,79.2339,246616.0
2026-03-05 13:30:00,79.2339,79.3184,79.1543,79.1792,213386.0
2026-03-05 13:35:00,79.1941,79.2786,79.0797,79.0896,91930.0
2026-03-05 13:40:00,79.0896,79.2388,78.9305,78.9504,218737.0
2026-03-05 13:45:00,78.9504,79.025,78.8509,78.8608,189474.0
2026-03-05 13:50:00,78.8459,78.8509,78.7017,78.7514,160618.0
2026-03-05 13:55:00,78.7415,78.7912,78.7067,78.7713,131658.0
2026-03-05 14:00:00,78.7713,78.8807,78.7315,78.841,142654.0
2026-03-05 14:05:00,78.8382,78.9006,78.7912,78.8111,137732.0
2026-03-05 14:10:00,78.8111,78.8957,78.7813,78.8907,128469.0
2026-03-05 14:15:00,78.8907,78.8907,78.7564,78.805,161316.0
2026-03-05 14:20:00,78.8061,78.8658,78.7763,78.8012,130186.0
2026-03-05 14:25:00,78.8012,78.8111,78.6619,78.7415,227625.0
2026-03-05 14:30:00,78.7315,78.7564,78.642,78.7067,168723.0
2026-03-05 14:35:00,78.7116,78.7763,78.6818,78.7614,119020.0
2026-03-05 14:40:00,78.7564,78.8708,78.7514,78.8559,105305.0
2026-03-05 14:45:00,78.8509,78.8509,78.7266,78.7315,131470.0
2026-03-05 14:50:00,78.7415,78.8111,78.6321,78.642,129908.0
2026-03-05 14:55:00,78.642,78.7962,78.6321,78.7763,179976.0
2026-03-05 15:00:00,78.7763,78.9354,78.7017,78.9205,192343.0
2026-03-05 15:05:00,78.9106,78.9205,78.7465,78.8797,179936.0
2026-03-05 15:10:00,78.8708,78.9951,78.8708,78.9703,206953.0
2026-03-05 15:15:00,78.9703,79.1145,78.9703,79.0648,210221.0
2026-03-05 15:20:00,79.0648,79.1145,78.9703,79.0299,217196.0
2026-03-05 15:25:00,79.0349,79.2538,79.0349,79.1195,227473.0
2026-03-05 15:30:00,79.1195,79.2389,79.1095,79.2339,137798.0
2026-03-05 15:35:00,79.2339,79.2737,79.1891,79.2409,139769.0
2026-03-05 15:40:00,79.2388,79.2737,79.0797,79.1593,181728.0
2026-03-05 15:45:00,79.1692,79.204,79.0598,79.1593,197359.0
2026-03-05 15:50:00,79.1692,79.5472,79.1593,79.5223,602344.0
2026-03-05 15:55:00,79.5273,79.6566,79.5074,79.5562,1514760.0
2026-03-06 09:30:00,78.0999,79.0946,78.0999,78.9703,700133.0
2026-03-06 09:35:00,78.9852,78.9951,78.3585,78.6624,380378.0
2026-03-06 09:40:00,78.652,78.775,78.4132,78.4978,279688.0
2026-03-06 09:45:00,78.4928,78.7116,78.3933,78.3933,246658.0
2026-03-06 09:50:00,78.3933,78.6669,78.3933,78.4232,130138.0
2026-03-06 09:55:00,78.4033,78.463,78.2143,78.3535,141689.0
2026-03-06 10:00:00,78.3635,78.652,78.3336,78.6072,199407.0
2026-03-06 10:05:00,78.6072,78.6321,78.274,78.3138,172030.0
2026-03-06 10:10:00,78.3088,78.6818,78.2541,78.6818,142568.0
2026-03-06 10:15:00,78.6917,78.8012,78.5624,78.8012,124625.0
2026-03-06 10:20:00,78.8012,78.9653,78.7614,78.9305,136723.0
2026-03-06 10:25:00,78.9255,79.0299,78.841,78.8907,153699.0
2026-03-06 10:30:00,78.8907,78.9603,78.7116,78.8211,161903.0
2026-03-06 10:35:00,78.8211,78.9553,78.7614,78.9106,164629.0
2026-03-06 10:40:00,78.9006,78.9205,78.7713,78.7912,115997.0
2026-03-06 10:45:00,78.7912,78.7912,78.6569,78.6917,120885.0
2026-03-06 10:50:00,78.6967,78.6967,78.3138,78.3734,140183.0
2026-03-06 10:55:00,78.3734,78.7216,78.3635,78.5624,148081.0
2026-03-06 11:00:00,78.5724,78.7962,78.5624,78.7912,141180.0
2026-03-06 11:05:00,78.7967,78.841,78.6171,78.7614,165352.0
2026-03-06 11:10:00,78.7564,78.8857,78.7514,78.8658,284210.0
2026-03-06 11:15:00,78.8658,79.0001,78.8459,78.9255,234022.0
2026-03-06 11:20:00,78.9305,78.9504,78.6818,78.8012,239489.0
2026-03-06 11:25:00,78.8012,78.8161,78.6022,78.6669,548743.0
2026-03-06 11:30:00,78.6619,78.6619,78.4132,78.5265,471434.0
2026-03-06 11:35:00,78.5226,78.6669,78.4829,78.5127,450851.0
2026-03-06 11:40:00,78.5127,78.6072,78.3734,78.3884,190992.0
2026-03-06 11:45:00,78.3933,78.5823,78.3933,78.5226,183568.0
2026-03-06 11:50:00,78.5128,78.5525,78.3187,78.3237,132332.0
2026-03-06 11:55:00,78.3336,78.5823,78.2988,78.4829,407150.0
2026-03-06 12:00:00,78.4829,78.5127,78.274,78.3933,659680.0
2026-03-06 12:05:00,78.3834,78.4132,78.1944,78.3138,225913.0
2026-03-06 12:10:00,78.3088,78.3486,78.0899,78.1745,304704.0
2026-03-06 12:15:00,78.1894,78.4033,78.1297,78.3834,121482.0
2026-03-06 12:20:00,78.3933,78.4182,78.274,78.3237,145484.0
2026-03-06 12:25:00,78.3138,78.3138,78.0949,78.1695,210811.0
2026-03-06 12:30:00,78.1645,78.2292,78.1596,78.2242,176751.0
2026-03-06 12:35:00,78.2143,78.2143,78.085,78.1049,186478.0
2026-03-06 12:40:00,78.1098,78.1695,77.9954,78.1695,266055.0
2026-03-06 12:45:00,78.1745,78.4331,78.1745,78.3933,129662.0
2026-03-06 12:50:00,78.4032,78.4978,78.3784,78.4331,128260.0
2026-03-06 12:55:00,78.4331,78.463,78.3734,78.3834,111099.0
2026-03-06 13:00:00,78.3635,78.5127,78.3237,78.3635,64288.0
2026-03-06 13:05:00,78.3685,78.5475,78.3535,78.5027,51432.0
2026-03-06 13:10:00,78.5027,78.7415,78.4928,78.7067,107538.0
2026-03-06 13:15:00,78.7017,78.7514,78.6122,78.6768,89125.0
2026-03-06 13:20:00,78.6818,78.7116,78.5972,78.7067,116118.0
2026-03-06 13:25:00,78.7116,78.7315,78.6122,78.6768,60684.0
2026-03-06 13:30:00,78.6818,78.7415,78.6022,78.652,73577.0
2026-03-06 13:35:00,78.637,78.6719,78.5525,78.5972,75110.0
2026-03-06 13:40:00,78.5972,78.647,78.5624,78.5774,58801.0
2026-03-06 13:45:00,78.5881,78.6022,78.5226,78.5674,65279.0
2026-03-06 13:50:00,78.5674,78.6122,78.3486,78.3834,133593.0
2026-03-06 13:55:00,78.3734,78.4829,78.3536,78.3983,88730.0
2026-03-06 14:00:00,78.4033,78.5533,78.3933,78.5177,135097.0
2026-03-06 14:05:00,78.5128,78.5128,78.4033,78.4331,81273.0
2026-03-06 14:10:00,78.4232,78.5425,78.4161,78.5027,76954.0
2026-03-06 14:15:00,78.5027,78.6271,78.463,78.5774,187425.0
2026-03-06 14:20:00,78.5624,78.5724,78.4132,78.4431,92071.0
2026-03-06 14:25:00,78.4331,78.5923,78.3834,78.5624,72455.0
2026-03-06 14:30:00,78.5525,78.6271,78.5326,78.5425,77846.0
2026-03-06 14:35:00,78.5376,78.5608,78.4679,78.5166,65262.0
2026-03-06 14:40:00,78.5177,78.7266,78.5077,78.5823,135439.0
2026-03-06 14:45:00,78.5774,78.5823,78.4679,78.5041,135166.0
2026-03-06 14:50:00,78.4928,78.5624,78.463,78.5226,69356.0
2026-03-06 14:55:00,78.5226,78.6022,78.5027,78.5276,77890.0
2026-03-06 15:00:00,78.5226,78.5873,78.4944,78.5525,76684.0
2026-03-06 15:05:00,78.5525,78.5674,78.4331,78.463,110272.0
2026-03-06 15:10:00,78.458,78.4928,78.2889,78.448,173369.0
2026-03-06 15:15:00,78.448,78.448,78.3585,78.3585,185649.0
2026-03-06 15:20:00,78.3535,78.3555,78.2541,78.269,176469.0
2026-03-06 15:25:00,78.264,78.269,78.1645,78.2042,147746.0
2026-03-06 15:30:00,78.1994,78.2143,78.1148,78.1546,182199.0
2026-03-06 15:35:00,78.1496,78.1596,77.9358,78.075,437835.0
2026-03-06 15:40:00,78.075,78.2342,78.0153,78.1497,285491.0
2026-03-06 15:45:00,78.1496,78.2143,78.1496,78.2143,247794.0
2026-03-06 15:50:00,78.2242,78.2889,78.0253,78.2889,560768.0
2026-03-06 15:55:00,78.2889,78.2939,78.1546,78.2242,1475468.0
2026-03-09 09:30:00,76.7719,77.1499,76.1353,76.6874,1197821.0
2026-03-09 09:35:00,76.6425,76.6625,76.1055,76.1254,423964.0
2026-03-09 09:40:00,76.1154,76.1652,75.8121,76.0955,505652.0
2026-03-09 09:45:00,76.0458,76.205,75.9016,76.0359,579676.0
2026-03-09 09:50:00,76.0259,76.0259,75.3246,75.3296,400839.0
2026-03-09 09:55:00,75.3296,75.6977,75.2799,75.5286,598439.0
2026-03-09 10:00:00,75.5087,75.7922,75.4888,75.6728,665045.0
2026-03-09 10:05:00,75.6778,75.7076,75.1406,75.2799,377020.0
2026-03-09 10:10:00,75.2898,75.2898,75.0014,75.0959,271607.0
2026-03-09 10:15:00,75.0959,75.2152,74.9969,75.1804,375157.0
2026-03-09 10:20:00,75.1705,75.3794,74.8522,75.2202,1512393.0
2026-03-09 10:25:00,75.2102,75.2102,74.9616,75.0113,319176.0
2026-03-09 10:30:00,75.0163,75.071,74.8031,74.9255,453899.0
2026-03-09 10:35:00,74.9268,75.1655,74.882,74.9566,323825.0
2026-03-09 10:40:00,74.9566,75.2998,74.9218,75.2898,880038.0
2026-03-09 10:45:00,75.2799,75.5982,75.2003,75.439,694638.0
2026-03-09 10:50:00,75.439,75.5783,75.3346,75.5335,263769.0
2026-03-09 10:55:00,75.5186,75.5385,75.2998,75.3445,315020.0
2026-03-09 11:00:00,75.3445,75.3992,75.1854,75.2252,213307.0
2026-03-09 11:05:00,75.2301,75.3445,75.0859,75.1257,315243.0
2026-03-09 11:10:00,75.1307,75.1904,75.0511,75.1307,287597.0
2026-03-09 11:15:00,75.1307,75.2948,75.1058,75.1506,355267.0
2026-03-09 11:20:00,75.1506,75.2102,75.1158,75.1456,220197.0
2026-03-09 11:25:00,75.1307,75.4937,75.1108,75.4689,414303.0
2026-03-09 11:30:00,75.4689,75.5087,75.2202,75.2799,266624.0
2026-03-09 11:35:00,75.2725,75.2749,75.1406,75.2102,108591.0
2026-03-09 11:40:00,75.2003,75.4689,75.1854,75.4291,192708.0
2026-03-09 11:45:00,75.4377,75.6231,75.4191,75.5186,286700.0
2026-03-09 11:50:00,75.5186,75.5186,75.255,75.2799,117357.0
2026-03-09 11:55:00,75.2749,75.4341,75.1953,75.4241,236401.0
2026-03-09 12:00:00,75.4241,75.5783,75.3396,75.3992,227485.0
2026-03-09 12:05:00,75.4092,75.4987,75.3246,75.3644,146476.0
2026-03-09 12:10:00,75.3644,75.3992,75.26,75.3843,371293.0
2026-03-09 12:15:00,75.3794,75.4191,75.2401,75.2998,133481.0
2026-03-09 12:20:00,75.3047,75.444,75.2152,75.4341,195914.0
2026-03-09 12:25:00,75.4341,75.6678,75.3495,75.6479,384776.0
2026-03-09 12:30:00,75.6529,75.6778,75.5087,75.6429,303895.0
2026-03-09 12:35:00,75.6479,75.7225,75.5982,75.7176,167467.0
2026-03-09 12:40:00,75.7126,75.9861,75.6976,75.9264,340424.0
2026-03-09 12:45:00,75.9264,76.1254,75.8867,76.016,314870.0
2026-03-09 12:50:00,76.006,76.0756,75.9463,75.9563,331064.0
2026-03-09 12:55:00,75.9463,75.9961,75.8319,75.8966,206046.0
2026-03-09 13:00:00,75.8966,75.9065,75.7872,75.8966,168999.0
2026-03-09 13:05:00,75.8867,75.9662,75.8071,75.8668,157565.0
2026-03-09 13:10:00,75.8668,75.9414,75.8469,75.8767,113818.0
2026-03-09 13:15:00,75.8767,75.8767,75.7374,75.7424,178700.0
2026-03-09 13:20:00,75.7424,75.7723,75.5634,75.6181,261293.0
2026-03-09 13:25:00,75.628,75.7922,75.5882,75.7275,113683.0
2026-03-09 13:30:00,75.7225,75.7325,75.5982,75.6429,168402.0
2026-03-09 13:35:00,75.6479,75.7424,75.6032,75.6778,96271.0
2026-03-09 13:40:00,75.6778,75.7573,75.6081,75.6927,229353.0
2026-03-09 13:45:00,75.6927,75.7822,75.6479,75.6479,189964.0
2026-03-09 13:50:00,75.638,75.6728,75.4937,75.5385,129973.0
2026-03-09 13:55:00,75.5286,75.5833,75.444,75.454,83224.0
2026-03-09 14:00:00,75.4589,75.5286,75.454,75.4738,99450.0
2026-03-09 14:05:00,75.4738,75.5385,75.3644,75.3694,159595.0
2026-03-09 14:10:00,75.3694,75.5286,75.3495,75.4987,175233.0
2026-03-09 14:15:00,75.4987,75.5435,75.459,75.5435,167789.0
2026-03-09 14:20:00,75.5485,75.6081,75.3744,75.3794,180354.0
2026-03-09 14:25:00,75.3694,75.3694,75.265,75.2849,119008.0
2026-03-09 14:30:00,75.2849,75.439,75.2849,75.3992,209013.0
2026-03-09 14:35:00,75.4042,75.439,75.2749,75.3246,121006.0
2026-03-09 14:40:00,75.3197,75.3296,75.25,75.2948,117632.0
2026-03-09 14:45:00,75.2948,75.3097,75.1854,75.2213,110475.0
2026-03-09 14:50:00,75.2202,75.2202,75.1456,75.1555,102692.0
2026-03-09 14:55:00,75.1506,75.1506,75.0262,75.0312,123387.0
2026-03-09 15:00:00,75.0411,75.1207,75.0213,75.0909,100897.0
2026-03-09 15:05:00,75.0859,75.1158,75.0063,75.1158,121047.0
2026-03-09 15:10:00,75.1168,75.2202,75.1108,75.2202,150894.0
2026-03-09 15:15:00,75.2252,75.7672,75.2252,75.7424,424601.0
2026-03-09 15:20:00,75.7325,76.0558,75.7026,75.827,526471.0
2026-03-09 15:25:00,75.827,75.9961,75.7374,75.9613,772604.0
2026-03-09 15:30:00,75.9613,76.0955,75.817,75.9463,987808.0
2026-03-09 15:35:00,75.9364,76.2945,75.8668,76.2,920958.0
2026-03-09 15:40:00,76.205,76.205,75.9364,76.0508,561206.0
2026-03-09 15:45:00,76.0458,76.0955,75.9563,75.9961,492678.0
2026-03-09 15:50:00,75.9861,75.9961,75.6231,75.6579,899231.0
2026-03-09 15:55:00,75.6579,75.8469,75.6181,75.7971,1617506.0
2026-03-10 09:30:00,76.7322,77.7368,76.6924,77.6175,799666.0
2026-03-10 09:35:00,77.5777,77.9954,77.3389,77.9606,461753.0
2026-03-10 09:40:00,77.9358,78.0772,77.5379,77.7915,707347.0
2026-03-10 09:45:00,77.8065,77.9159,77.6274,77.7418,258770.0
2026-03-10 09:50:00,77.7517,77.7766,77.3489,77.3539,176285.0
2026-03-10 09:55:00,77.3588,77.3787,77.0505,77.1698,186529.0
2026-03-10 10:00:00,77.1599,77.6075,77.0405,77.5578,243426.0
2026-03-10 10:05:00,77.5478,77.7169,77.4881,77.4881,172188.0
2026-03-10 10:10:00,77.4981,77.7368,77.4981,77.6771,244226.0
2026-03-10 10:15:00,77.6771,77.7269,77.5578,77.6976,200091.0
2026-03-10 10:20:00,77.6921,77.8562,77.6622,77.8164,152540.0
2026-03-10 10:25:00,77.8164,77.9756,77.7965,77.8661,266042.0
2026-03-10 10:30:00,77.8761,78.1546,77.8761,78.1347,278199.0
2026-03-10 10:35:00,78.1248,78.3734,78.1049,78.3734,183753.0
2026-03-10 10:40:00,78.3685,78.5127,78.3237,78.3884,220615.0
2026-03-10 10:45:00,78.3884,78.453,78.3454,78.4232,155682.0
2026-03-10 10:50:00,78.4281,78.5425,78.4033,78.4281,184829.0
2026-03-10 10:55:00,78.4281,78.4878,78.3653,78.4132,235385.0
2026-03-10 11:00:00,78.4083,78.4779,78.3734,78.3933,124549.0
2026-03-10 11:05:00,78.3884,78.3925,78.2242,78.2541,127923.0
2026-03-10 11:10:00,78.2541,78.3386,78.1994,78.2839,171016.0
2026-03-10 11:15:00,78.2939,78.5226,78.2939,78.5027,162962.0
2026-03-10 11:20:00,78.4978,78.5409,78.463,78.5376,127215.0
2026-03-10 11:25:00,78.5376,78.5774,78.4679,78.5674,168264.0
2026-03-10 11:30:00,78.5724,78.5923,78.3734,78.3933,108891.0
2026-03-10 11:35:00,78.4132,78.4729,78.3933,78.4033,108946.0
2026-03-10 11:40:00,78.4033,78.4431,78.3635,78.4083,115573.0
2026-03-10 11:45:00,78.4083,78.4431,78.3535,78.4192,114436.0
2026-03-10 11:50:00,78.4182,78.463,78.3088,78.3237,94946.0
2026-03-10 11:55:00,78.3187,78.3984,78.3038,78.3437,94387.0
2026-03-10 12:00:00,78.3436,78.3436,78.0899,78.1098,82145.0
2026-03-10 12:05:00,78.1049,78.1049,77.9905,78.0352,99335.0
2026-03-10 12:10:00,78.0352,78.1447,78.0104,78.1248,117355.0
2026-03-10 12:15:00,78.1248,78.2292,78.0502,78.2143,115979.0
2026-03-10 12:20:00,78.2193,78.221,78.075,78.1248,125790.0
2026-03-10 12:25:00,78.1148,78.1944,78.0551,78.0949,131756.0
2026-03-10 12:30:00,78.0949,78.1645,78.085,78.1248,105312.0
2026-03-10 12:35:00,78.1297,78.2342,78.1049,78.2043,1613023.0
2026-03-10 12:40:00,78.1944,78.2292,78.1347,78.1695,112642.0
2026-03-10 12:45:00,78.1695,78.1695,78.0551,78.1297,87500.0
2026-03-10 12:50:00,78.1347,78.2193,78.1049,78.1447,227706.0
2026-03-10 12:55:00,78.1546,78.2143,78.1347,78.1398,71845.0
2026-03-10 13:00:00,78.1347,78.1745,78.0999,78.1347,72479.0
2026-03-10 13:05:00,78.1347,78.1944,78.0551,78.07,82576.0
2026-03-10 13:10:00,78.075,78.0949,77.9308,78.0352,119677.0
2026-03-10 13:15:00,78.0352,78.1546,77.9954,78.1476,131379.0
2026-03-10 13:20:00,78.1546,78.1546,78.1049,78.1297,99083.0
2026-03-10 13:25:00,78.1248,78.2143,78.1198,78.1844,88347.0
2026-03-10 13:30:00,78.1844,78.1944,78.0601,78.0601,123463.0
2026-03-10 13:35:00,78.0651,78.0679,77.8413,77.9831,147775.0
2026-03-10 13:40:00,77.9805,78.075,77.9308,78.0104,107222.0
2026-03-10 13:45:00,78.0153,78.1297,77.9756,78.085,100602.0
2026-03-10 13:50:00,78.075,78.1447,78.0651,78.1198,67147.0
2026-03-10 13:55:00,78.1248,78.1994,78.085,78.1347,94688.0
2026-03-10 14:00:00,78.1347,78.2789,78.1098,78.2541,304298.0
2026-03-10 14:05:00,78.2541,78.264,78.2043,78.2093,108744.0
2026-03-10 14:10:00,78.2043,78.3933,77.9457,77.9457,227426.0
2026-03-10 14:15:00,77.9358,78.085,77.7866,77.8164,177238.0
2026-03-10 14:20:00,77.8065,77.896,77.6572,77.8065,258545.0
2026-03-10 14:25:00,77.8114,78.0253,77.7965,77.9059,111003.0
2026-03-10 14:30:00,77.9159,78.07,77.8363,78.0153,96001.0
2026-03-10 14:35:00,78.0153,78.0651,77.8462,77.896,108828.0
2026-03-10 14:40:00,77.896,77.9407,77.7667,77.8363,95634.0
2026-03-10 14:45:00,77.8363,77.9756,77.8263,77.9159,102945.0
2026-03-10 14:50:00,77.9159,78.0452,77.8562,77.9407,86711.0
2026-03-10 14:55:00,77.9407,77.9656,77.8562,77.8711,76645.0
2026-03-10 15:00:00,77.8711,77.9009,77.8164,77.8164,106411.0
2026-03-10 15:05:00,77.8065,77.9507,77.8065,77.8999,176686.0
2026-03-10 15:10:00,77.9059,77.9208,77.7866,77.8761,147466.0
2026-03-10 15:15:00,77.8761,77.9855,77.8263,77.9706,132388.0
2026-03-10 15:20:00,77.9656,78.0303,77.8015,77.8612,190262.0
2026-03-10 15:25:00,77.8562,77.8562,77.5578,77.5757,205558.0
2026-03-10 15:30:00,77.5677,77.6672,77.4881,77.6274,199109.0
2026-03-10 15:35:00,77.6224,77.6771,77.5677,77.6672,211859.0
2026-03-10 15:40:00,77.6722,77.7667,77.5777,77.6722,271253.0
2026-03-10 15:45:00,77.6722,77.6871,77.4832,77.523,320287.0
2026-03-10 15:50:00,77.5279,77.5379,77.2096,77.2544,663506.0
2026-03-10 15:55:00,77.2395,77.319,77.0903,77.3091,1567736.0
2026-03-11 09:30:00,77.2245,77.4384,76.882,76.941,380757.0
2026-03-11 09:35:00,76.9709,77.4086,76.8416,77.3489,172640.0
2026-03-11 09:40:00,77.3389,77.4583,77.1102,77.1549,153893.0
2026-03-11 09:45:00,77.14,77.2842,76.951,76.9808,179499.0
2026-03-11 09:50:00,76.9709,77.2096,76.9112,77.0753,147247.0
2026-03-11 09:55:00,77.0803,77.2096,76.9609,77.1002,107028.0
2026-03-11 10:00:00,77.1002,77.4782,77.0505,77.2046,194905.0
2026-03-11 10:05:00,77.2096,77.2991,77.0604,77.1997,102424.0
2026-03-11 10:10:00,77.1897,77.2444,77.0654,77.2196,124618.0
2026-03-11 10:15:00,77.2096,77.2295,77.0256,77.1599,151709.0
2026-03-11 10:20:00,77.1599,77.1698,76.8853,76.8863,183814.0
2026-03-11 10:25:00,76.8815,76.956,76.7123,76.9112,146249.0
2026-03-11 10:30:00,76.9212,76.9659,76.7172,76.7371,149948.0
2026-03-11 10:35:00,76.7421,76.9709,76.7421,76.8963,111846.0
2026-03-11 10:40:00,76.8963,77.0355,76.8515,77.0107,122170.0
2026-03-11 10:45:00,76.9958,77.1698,76.9261,77.145,144974.0
2026-03-11 10:50:00,77.1499,77.4384,77.1251,77.3787,223680.0
2026-03-11 10:55:00,77.3738,77.6473,77.3588,77.6473,240027.0
2026-03-11 11:00:00,77.6473,77.7169,77.5379,77.6224,366063.0
2026-03-11 11:05:00,77.6274,77.7468,77.5876,77.6175,135724.0
2026-03-11 11:10:00,77.6175,77.7816,77.5876,77.7667,703313.0
2026-03-11 11:15:00,77.7568,77.7766,77.6473,77.6572,103410.0
2026-03-11 11:20:00,77.6523,77.7368,77.508,77.697,153701.0
2026-03-11 11:25:00,77.6921,77.7368,77.5379,77.5578,188076.0
2026-03-11 11:30:00,77.5478,77.6572,77.4881,77.5777,193382.0
2026-03-11 11:35:00,77.5777,77.6324,77.5031,77.5876,118392.0
2026-03-11 11:40:00,77.5877,77.7025,77.5677,77.5926,90897.0
2026-03-11 11:45:00,77.5777,77.7169,77.5279,77.6871,131926.0
2026-03-11 11:50:00,77.6921,77.9009,77.6771,77.8612,130322.0
2026-03-11 11:55:00,77.8612,77.8761,77.7567,77.8115,96706.0
2026-03-11 12:00:00,77.8065,77.8065,77.6075,77.6224,128716.0
2026-03-11 12:05:00,77.6224,77.6274,77.5379,77.5976,73384.0
2026-03-11 12:10:00,77.5826,77.707,77.4285,77.707,222803.0
2026-03-11 12:15:00,77.6871,77.7567,77.6075,77.6771,113822.0
2026-03-11 12:20:00,77.6771,77.8065,77.6672,77.7617,70065.0
2026-03-11 12:25:00,77.7667,77.772,77.6921,77.7368,68277.0
2026-03-11 12:30:00,77.7318,77.9631,77.7318,77.9606,70018.0
2026-03-11 12:35:00,77.9606,77.9606,77.8214,77.8562,67990.0
2026-03-11 12:40:00,77.8562,77.9855,77.8263,77.8562,78131.0
2026-03-11 12:45:00,77.8462,77.9059,77.7915,77.8164,57316.0
2026-03-11 12:50:00,77.8164,77.9308,77.8164,77.8592,101121.0
2026-03-11 12:55:00,77.8661,77.891,77.7816,77.8761,161578.0
2026-03-11 13:00:00,77.8761,78.0153,77.8363,77.8761,181830.0
2026-03-11 13:05:00,77.8661,77.9706,77.8114,77.8263,93608.0
2026-03-11 13:10:00,77.8263,77.8462,77.6871,77.7866,78343.0
2026-03-11 13:15:00,77.7766,77.8413,77.697,77.707,62084.0
2026-03-11 13:20:00,77.7169,77.9358,77.7169,77.886,67916.0
2026-03-11 13:25:00,77.896,77.9706,77.8562,77.9358,124278.0
2026-03-11 13:30:00,77.9407,78.0253,77.9358,77.9706,97134.0
2026-03-11 13:35:00,77.9756,78.0203,77.6449,77.8065,129875.0
2026-03-11 13:40:00,77.8065,77.8761,77.7368,77.8761,113533.0
2026-03-11 13:45:00,77.8761,77.9507,77.8363,77.9258,71458.0
2026-03-11 13:50:00,77.9358,78.08,77.9358,78.0004,71108.0
2026-03-11 13:55:00,77.9954,77.9954,77.9059,77.9457,75441.0
2026-03-11 14:00:00,77.9358,77.9805,77.8065,77.8164,80751.0
2026-03-11 14:05:00,77.8214,77.8512,77.7318,77.7318,95197.0
2026-03-11 14:10:00,77.7468,77.7468,77.5876,77.6771,61762.0
2026-03-11 14:15:00,77.6821,77.8015,77.6672,77.7617,66039.0
2026-03-11 14:20:00,77.7667,77.8214,77.6075,77.6572,71346.0
2026-03-11 14:25:00,77.6523,77.7766,77.6274,77.707,77308.0
2026-03-11 14:30:00,77.702,77.7517,77.6771,77.7269,68652.0
2026-03-11 14:35:00,77.7318,77.7418,77.6672,77.7269,124951.0
2026-03-11 14:40:00,77.7169,77.7567,77.6473,77.6871,54411.0
2026-03-11 14:45:00,77.6968,77.7418,77.6672,77.6672,61267.0
2026-03-11 14:50:00,77.6672,77.8164,77.6572,77.8115,71441.0
2026-03-11 14:55:00,77.8214,77.8562,77.7716,77.8363,81919.0
2026-03-11 15:00:00,77.8462,77.8811,77.7517,77.7816,78243.0
2026-03-11 15:05:00,77.7816,77.7965,77.707,77.7517,87308.0
2026-03-11 15:10:00,77.7518,77.8462,77.7418,77.7418,119103.0
2026-03-11 15:15:00,77.7418,77.8065,77.7169,77.7667,108625.0
2026-03-11 15:20:00,77.7617,77.8015,77.6771,77.8015,164581.0
2026-03-11 15:25:00,77.8015,77.9507,77.8015,77.9059,164649.0
2026-03-11 15:30:00,77.9059,77.9507,77.8512,77.9159,149196.0
2026-03-11 15:35:00,77.9061,77.9208,77.8363,77.8711,133532.0
2026-03-11 15:40:00,77.8761,77.9159,77.7866,77.8263,150380.0
2026-03-11 15:45:00,77.8363,77.8363,77.6572,77.6672,228422.0
2026-03-11 15:50:00,77.6771,77.8313,77.6125,77.7816,419639.0
2026-03-11 15:55:00,77.7866,77.7965,77.6572,77.6771,662493.0
2026-03-12 09:30:00,76.5432,77.3091,76.5432,77.2594,644347.0
2026-03-12 09:35:00,77.2409,77.5478,77.2395,77.324,248435.0
2026-03-12 09:40:00,77.3173,77.4285,77.2196,77.2942,101896.0
2026-03-12 09:45:00,77.2793,77.2892,76.9311,77.0604,241403.0
2026-03-12 09:50:00,77.0853,77.2096,76.8316,76.8515,176596.0
2026-03-12 09:55:00,76.8416,76.8515,76.7023,76.7471,148560.0
2026-03-12 10:00:00,76.7521,77.14,76.6924,77.0206,142345.0
2026-03-12 10:05:00,77.0206,77.0604,76.9212,77.0107,111354.0
2026-03-12 10:10:00,77.0007,77.1102,76.9609,77.0952,126129.0
2026-03-12 10:15:00,77.1002,77.1102,76.7371,76.762,126707.0
2026-03-12 10:20:00,76.762,76.8217,76.6078,76.6178,116389.0
2026-03-12 10:25:00,76.6178,76.767,76.573,76.6028,195404.0
2026-03-12 10:30:00,76.6028,76.7073,76.6028,76.6924,79445.0
2026-03-12 10:35:00,76.7023,76.7819,76.6327,76.7222,90078.0
2026-03-12 10:40:00,76.7322,76.9212,76.6128,76.9112,100592.0
2026-03-12 10:45:00,76.9062,77.1499,76.8217,76.8416,187890.0
2026-03-12 10:50:00,76.8466,76.8814,76.7521,76.7869,95187.0
2026-03-12 10:55:00,76.7918,76.8714,76.7869,76.8018,72303.0
2026-03-12 11:00:00,76.8267,76.8615,76.7222,76.8515,68137.0
2026-03-12 11:05:00,76.8515,76.9311,76.8217,76.8217,99480.0
2026-03-12 11:10:00,76.8217,76.8814,76.7819,76.8615,100632.0
2026-03-12 11:15:00,76.8565,76.8814,76.6725,76.6725,144223.0
2026-03-12 11:20:00,76.6725,76.7819,76.6725,76.762,142865.0
2026-03-12 11:25:00,76.7719,77.0057,76.767,76.9908,413061.0
2026-03-12 11:30:00,76.9908,77.135,76.9212,76.9908,100406.0
2026-03-12 11:35:00,76.9808,77.3091,76.8415,77.2991,123193.0
2026-03-12 11:40:00,77.2991,77.3887,77.1698,77.3588,118934.0
2026-03-12 11:45:00,77.3489,77.3558,77.1407,77.2494,115936.0
2026-03-12 11:50:00,77.2494,77.3539,77.2096,77.3081,127298.0
2026-03-12 11:55:00,77.2991,77.4185,77.2594,77.3787,116817.0
2026-03-12 12:00:00,77.3737,77.5677,77.329,77.5478,143408.0
2026-03-12 12:05:00,77.5429,77.5677,77.2245,77.2444,166366.0
2026-03-12 12:10:00,77.2494,77.4124,77.2206,77.4086,110989.0
2026-03-12 12:15:00,77.4135,77.6175,77.4135,77.518,108155.0
2026-03-12 12:20:00,77.5279,77.7169,77.513,77.5279,125393.0
2026-03-12 12:25:00,77.5329,77.5528,77.3489,77.3787,130781.0
2026-03-12 12:30:00,77.3787,77.4881,77.329,77.4235,94797.0
2026-03-12 12:35:00,77.4285,77.4384,77.319,77.4334,109824.0
2026-03-12 12:40:00,77.4285,77.5079,77.3588,77.3737,95943.0
2026-03-12 12:45:00,77.3688,77.3688,77.14,77.2295,100775.0
2026-03-12 12:50:00,77.2395,77.329,77.1599,77.2096,114582.0
2026-03-12 12:55:00,77.2096,77.2594,77.1002,77.1302,107039.0
2026-03-12 13:00:00,77.135,77.319,77.1102,77.2892,118487.0
2026-03-12 13:05:00,77.2892,77.4076,77.1997,77.2146,75286.0
2026-03-12 13:10:00,77.2146,77.3389,77.2096,77.2096,79224.0
2026-03-12 13:15:00,77.2046,77.2892,77.1599,77.1649,99354.0
2026-03-12 13:20:00,77.1599,77.319,77.1499,77.2494,81712.0
2026-03-12 13:25:00,77.2594,77.2991,77.1997,77.2245,75224.0
2026-03-12 13:30:00,77.2245,77.2991,77.1499,77.2295,88003.0
2026-03-12 13:35:00,77.2395,77.3837,77.2345,77.3837,109006.0
2026-03-12 13:40:00,77.3837,77.4185,77.2594,77.3489,135514.0
2026-03-12 13:45:00,77.3539,77.4285,77.2793,77.4086,125429.0
2026-03-12 13:50:00,77.4185,77.4981,77.3389,77.3439,115550.0
2026-03-12 13:55:00,77.3389,77.4235,77.2991,77.4135,124471.0
2026-03-12 14:00:00,77.4185,77.5379,77.4185,77.4931,98589.0
2026-03-12 14:05:00,77.4881,77.5528,77.4334,77.5279,113091.0
2026-03-12 14:10:00,77.5329,77.6125,77.518,77.5926,116009.0
2026-03-12 14:15:00,77.5976,77.6423,77.5279,77.5429,94435.0
2026-03-12 14:20:00,77.5429,77.5528,77.4533,77.4832,99595.0
2026-03-12 14:25:00,77.4782,77.508,77.3986,77.4533,80475.0
2026-03-12 14:30:00,77.4484,77.4583,77.3489,77.3588,90818.0
2026-03-12 14:35:00,77.3489,77.3887,77.2743,77.3439,85640.0
2026-03-12 14:40:00,77.3439,77.3986,77.3091,77.3588,82569.0
2026-03-12 14:45:00,77.3638,77.3737,77.2892,77.3041,79536.0
2026-03-12 14:50:00,77.3041,77.319,77.2494,77.2842,126050.0
2026-03-12 14:55:00,77.2793,77.3141,77.2444,77.2892,116185.0
2026-03-12 15:00:00,77.3041,77.3539,77.2295,77.2942,129174.0
2026-03-12 15:05:00,77.2976,77.3936,77.2842,77.3737,121025.0
2026-03-12 15:10:00,77.3737,77.3936,77.2793,77.3439,122427.0
2026-03-12 15:15:00,77.3439,77.4285,77.3091,77.4135,107753.0
2026-03-12 15:20:00,77.4135,77.5578,77.3986,77.4931,129481.0
2026-03-12 15:25:00,77.4881,77.5379,77.4384,77.518,145664.0
2026-03-12 15:30:00,77.518,77.5627,77.4484,77.4732,145227.0
2026-03-12 15:35:00,77.4782,77.4931,77.3837,77.4185,144737.0
2026-03-12 15:40:00,77.4285,77.4384,77.3588,77.3986,161909.0
2026-03-12 15:45:00,77.3986,77.4086,77.3283,77.4086,189456.0
2026-03-12 15:50:00,77.4036,77.4036,77.2046,77.3221,429113.0
2026-03-12 15:55:00,77.329,77.3887,77.2444,77.329,869675.0
2026-03-13 09:30:00,77.6572,78.3475,77.6572,78.2023,508567.0
2026-03-13 09:35:00,78.1745,78.6719,78.1049,78.6058,237487.0
2026-03-13 09:40:00,78.6022,78.7614,78.5774,78.7415,110343.0
2026-03-13 09:45:00,78.7365,78.8012,78.5525,78.6818,177149.0
2026-03-13 09:50:00,78.6719,78.7216,78.5425,78.7017,184370.0
2026-03-13 09:55:00,78.6917,78.7934,78.6022,78.6917,140465.0
2026-03-13 10:00:00,78.7017,78.8211,78.652,78.7415,130611.0
2026-03-13 10:05:00,78.7415,78.841,78.4729,78.4829,119827.0
2026-03-13 10:10:00,78.5027,78.5276,78.2889,78.2889,114450.0
2026-03-13 10:15:00,78.2839,78.3635,78.1742,78.3535,117575.0
2026-03-13 10:20:00,78.3734,78.5972,78.3436,78.5226,158924.0
2026-03-13 10:25:00,78.5226,78.5972,78.3834,78.5724,111028.0
2026-03-13 10:30:00,78.5724,78.6719,78.4629,78.4829,103250.0
2026-03-13 10:35:00,78.4829,78.5425,78.3933,78.3933,126748.0
2026-03-13 10:40:00,78.3834,78.3933,78.0949,78.1049,120688.0
2026-03-13 10:45:00,78.1049,78.1944,78.0253,78.1148,150231.0
2026-03-13 10:50:00,78.1248,78.2217,78.0153,78.0452,122424.0
2026-03-13 10:55:00,78.0452,78.0551,77.8065,77.8263,163128.0
2026-03-13 11:00:00,77.8413,77.8661,77.702,77.7368,135341.0
2026-03-13 11:05:00,77.7418,77.8661,77.6373,77.8363,143217.0
2026-03-13 11:10:00,77.8512,77.9457,77.8313,77.896,77526.0
2026-03-13 11:15:00,77.9059,77.9159,77.7418,77.7567,86727.0
2026-03-13 11:20:00,77.7517,77.8065,77.6274,77.6473,135239.0
2026-03-13 11:25:00,77.6373,77.6771,77.5578,77.5727,73891.0
2026-03-13 11:30:00,77.5777,77.697,77.523,77.6771,144772.0
2026-03-13 11:35:00,77.6871,77.7965,77.6175,77.707,176058.0
2026-03-13 11:40:00,77.702,77.7716,77.6175,77.6274,236680.0
2026-03-13 11:45:00,77.6373,77.9059,77.6373,77.7766,231295.0
2026-03-13 11:50:00,77.7866,77.8263,77.6373,77.7567,127394.0
2026-03-13 11:55:00,77.7567,77.7567,77.6274,77.6672,129892.0
2026-03-13 12:00:00,77.6622,77.8164,77.6473,77.707,109198.0
2026-03-13 12:05:00,77.7015,77.8095,77.6722,77.7368,76630.0
2026-03-13 12:10:00,77.7418,77.8015,77.6175,77.7169,109604.0
2026-03-13 12:15:00,77.7169,77.7269,77.6274,77.6722,82339.0
2026-03-13 12:20:00,77.6722,77.7667,77.6572,77.7169,96048.0
2026-03-13 12:25:00,77.7269,77.7418,77.6423,77.702,83806.0
2026-03-13 12:30:00,77.707,77.8661,77.707,77.7169,105143.0
2026-03-13 12:35:00,77.7269,77.9855,77.707,77.9059,689900.0
2026-03-13 12:40:00,77.9059,77.9805,77.8562,77.9009,85566.0
2026-03-13 12:45:00,77.9059,77.9407,77.8612,77.9258,65403.0
2026-03-13 12:50:00,77.9358,78.1347,77.9308,78.1248,174832.0
2026-03-13 12:55:00,78.1347,78.1596,77.8761,77.891,244472.0
2026-03-13 13:00:00,77.9059,77.9557,77.8761,77.9159,93277.0
2026-03-13 13:05:00,77.9159,78.1894,77.9109,78.1746,297054.0
2026-03-13 13:10:00,78.181,78.3287,78.0949,78.3287,130858.0
2026-03-13 13:15:00,78.3336,78.3834,78.2441,78.2839,164507.0
2026-03-13 13:20:00,78.2939,78.2939,78.085,78.2342,87421.0
2026-03-13 13:25:00,78.2342,78.2988,78.1546,78.2093,119347.0
2026-03-13 13:30:00,78.2093,78.2242,78.085,78.118,80045.0
2026-03-13 13:35:00,78.1248,78.2043,78.075,78.1397,126194.0
2026-03-13 13:40:00,78.1397,78.1546,78.0352,78.1283,125016.0
2026-03-13 13:45:00,78.1397,78.1546,77.9855,77.9855,59596.0
2026-03-13 13:50:00,77.9855,78.1447,77.9557,78.0551,132820.0
2026-03-13 13:55:00,78.0453,78.1347,78.0453,78.1148,176990.0
2026-03-13 14:00:00,78.1248,78.1546,78.0651,78.0651,103551.0
2026-03-13 14:05:00,78.0651,78.1795,78.0551,78.075,100697.0
2026-03-13 14:10:00,78.08,78.2342,78.0651,78.2143,203463.0
2026-03-13 14:15:00,78.2143,78.3336,78.1646,78.2441,193219.0
2026-03-13 14:20:00,78.2392,78.3088,78.1546,78.1844,191274.0
2026-03-13 14:25:00,78.1844,78.2988,78.1844,78.2839,98258.0
2026-03-13 14:30:00,78.2839,78.3734,78.1944,78.3585,141621.0
2026-03-13 14:35:00,78.3535,78.4431,78.3436,78.4083,146237.0
2026-03-13 14:40:00,78.4131,78.4779,78.3635,78.4182,157827.0
2026-03-13 14:45:00,78.4132,78.4431,78.3635,78.3933,92811.0
2026-03-13 14:50:00,78.3834,78.4232,78.3436,78.3585,140064.0
2026-03-13 14:55:00,78.3535,78.3535,78.1994,78.2342,133641.0
2026-03-13 15:00:00,78.2292,78.274,78.1496,78.2043,233659.0
2026-03-13 15:05:00,78.1944,78.1944,78.0253,78.0652,152565.0
2026-03-13 15:10:00,78.0651,78.0949,77.8711,77.891,146928.0
2026-03-13 15:15:00,77.891,77.9208,77.7915,77.8114,117474.0
2026-03-13 15:20:00,77.8065,77.8214,77.6672,77.7667,150654.0
2026-03-13 15:25:00,77.7567,77.7866,77.6771,77.6821,181711.0
2026-03-13 15:30:00,77.6871,77.7965,77.6373,77.6373,184757.0
2026-03-13 15:35:00,77.6373,77.707,77.5578,77.6747,332882.0
2026-03-13 15:40:00,77.6747,77.7965,77.6672,77.7965,291722.0
2026-03-13 15:45:00,77.7965,77.8065,77.6871,77.712,329797.0
2026-03-13 15:50:00,77.7169,77.9059,77.677,77.8811,591655.0
2026-03-13 15:55:00,77.8761,77.9457,77.7368,77.9159,2558833.0
2026-03-16 09:30:00,78.5027,78.6321,77.9457,78.1447,446812.0
2026-03-16 09:35:00,78.1546,78.2889,77.7766,78.259,169587.0
2026-03-16 09:40:00,78.2565,78.3983,78.1553,78.3685,166758.0
2026-03-16 09:45:00,78.3535,78.6619,78.3535,78.4956,205070.0
2026-03-16 09:50:00,78.4829,78.5724,78.4132,78.4729,135270.0
2026-03-16 09:55:00,78.4729,78.642,78.3535,78.642,162114.0
2026-03-16 10:00:00,78.642,78.6818,78.5072,78.6321,231142.0
2026-03-16 10:05:00,78.652,78.6619,78.4928,78.6321,160401.0
2026-03-16 10:10:00,78.6271,78.7017,78.5972,78.6619,123455.0
2026-03-16 10:15:00,78.6619,78.7415,78.5376,78.5425,146899.0
2026-03-16 10:20:00,78.5475,78.642,78.4232,78.453,127895.0
2026-03-16 10:25:00,78.453,78.463,78.2242,78.2242,140651.0
2026-03-16 10:30:00,78.2193,78.254,78.0601,78.085,164076.0
2026-03-16 10:35:00,78.085,78.2392,78.0502,78.0551,149570.0
2026-03-16 10:40:00,78.0551,78.0999,77.9805,77.9954,92631.0
2026-03-16 10:45:00,77.9954,78.0253,77.9059,77.9656,101060.0
2026-03-16 10:50:00,77.9557,78.0949,77.8264,78.0203,124135.0
2026-03-16 10:55:00,78.0153,78.1297,77.9805,78.1297,133062.0
2026-03-16 11:00:00,78.1297,78.1795,78.0402,78.0999,105872.0
2026-03-16 11:05:00,78.0949,78.1994,78.0502,78.1994,105571.0
2026-03-16 11:10:00,78.1994,78.274,78.1098,78.269,150710.0
2026-03-16 11:15:00,78.264,78.3585,78.1894,78.3386,91137.0
2026-03-16 11:20:00,78.3436,78.4828,78.2789,78.4779,85871.0
2026-03-16 11:25:00,78.4779,78.4878,78.3237,78.3685,101484.0
2026-03-16 11:30:00,78.3734,78.4083,78.3486,78.3734,83283.0
2026-03-16 11:35:00,78.3734,78.4331,78.3535,78.4182,97246.0
2026-03-16 11:40:00,78.4132,78.4132,78.3038,78.3038,77783.0
2026-03-16 11:45:00,78.3138,78.4232,78.3138,78.3983,87382.0
2026-03-16 11:50:00,78.3933,78.4182,78.264,78.3685,105203.0
2026-03-16 11:55:00,78.3635,78.4829,78.3336,78.3336,141756.0
2026-03-16 12:00:00,78.3336,78.4033,78.2889,78.3535,103583.0
2026-03-16 12:05:00,78.3535,78.5027,78.3486,78.4381,98882.0
2026-03-16 12:10:00,78.4431,78.5376,78.3884,78.4878,144491.0
2026-03-16 12:15:00,78.4878,78.5276,78.3734,78.4828,88604.0
2026-03-16 12:20:00,78.4829,78.5077,78.2839,78.2839,98148.0
2026-03-16 12:25:00,78.2789,78.3038,78.0551,78.2441,209441.0
2026-03-16 12:30:00,78.2541,78.3585,78.2143,78.3336,76702.0
2026-03-16 12:35:00,78.3336,78.448,78.3336,78.4281,96625.0
2026-03-16 12:40:00,78.4232,78.4779,78.3734,78.3834,81846.0
2026-03-16 12:45:00,78.3734,78.3933,78.2789,78.3635,84553.0
2026-03-16 12:50:00,78.3585,78.3784,78.269,78.269,83143.0
2026-03-16 12:55:00,78.274,78.3138,78.2043,78.2143,78358.0
2026-03-16 13:00:00,78.2143,78.4729,78.2143,78.4431,139795.0
2026-03-16 13:05:00,78.4431,78.5972,78.4033,78.5575,107283.0
2026-03-16 13:10:00,78.5624,78.647,78.5624,78.6072,77625.0
2026-03-16 13:15:00,78.6072,78.6171,78.5724,78.5924,49743.0
2026-03-16 13:20:00,78.6021,78.6917,78.5823,78.6619,103548.0
2026-03-16 13:25:00,78.6569,78.7514,78.6569,78.6818,96185.0
2026-03-16 13:30:00,78.6768,78.7216,78.5923,78.641,85243.0
2026-03-16 13:35:00,78.637,78.6719,78.5823,78.5823,120933.0
2026-03-16 13:40:00,78.5823,78.6122,78.5575,78.5575,102009.0
2026-03-16 13:45:00,78.5575,78.6669,78.4928,78.4928,108902.0
2026-03-16 13:50:00,78.4928,78.6122,78.463,78.5624,130992.0
2026-03-16 13:55:00,78.5525,78.6569,78.5326,78.6022,98233.0
2026-03-16 14:00:00,78.5972,78.6271,78.5674,78.6271,110128.0
2026-03-16 14:05:00,78.6271,78.6321,78.5475,78.5624,128885.0
2026-03-16 14:10:00,78.5732,78.5972,78.4829,78.5575,112055.0
2026-03-16 14:15:00,78.5575,78.6321,78.5575,78.6221,126996.0
2026-03-16 14:20:00,78.6221,78.7067,78.6171,78.6868,134808.0
2026-03-16 14:25:00,78.6868,78.7166,78.6271,78.647,112999.0
2026-03-16 14:30:00,78.647,78.6716,78.5624,78.6022,119854.0
2026-03-16 14:35:00,78.6072,78.7016,78.6072,78.647,104816.0
2026-03-16 14:40:00,78.6455,78.6818,78.6022,78.6271,95793.0
2026-03-16 14:45:00,78.6271,78.6719,78.6122,78.6122,101831.0
2026-03-16 14:50:00,78.6022,78.6221,78.5475,78.5774,86973.0
2026-03-16 14:55:00,78.5774,78.6271,78.5376,78.5475,111869.0
2026-03-16 15:00:00,78.5475,78.6022,78.463,78.4928,98265.0
2026-03-16 15:05:00,78.4978,78.6122,78.4679,78.6072,177655.0
2026-03-16 15:10:00,78.6122,78.6917,78.4381,78.4928,179798.0
2026-03-16 15:15:00,78.4928,78.6122,78.4878,78.5674,126901.0
2026-03-16 15:20:00,78.5624,78.5873,78.453,78.5575,165135.0
2026-03-16 15:25:00,78.5575,78.6271,78.4928,78.6271,199365.0
2026-03-16 15:30:00,78.6321,78.6868,78.5823,78.5923,216494.0
2026-03-16 15:35:00,78.5924,78.6022,78.4729,78.4878,231610.0
2026-03-16 15:40:00,78.4829,78.5575,78.4431,78.4679,205440.0
2026-03-16 15:45:00,78.4679,78.5624,78.463,78.5276,223638.0
2026-03-16 15:50:00,78.5226,78.5624,78.4331,78.4679,482377.0
2026-03-16 15:55:00,78.4729,78.5326,78.4431,78.4928,1109006.0
2026-03-17 09:30:00,78.7614,78.9703,78.4033,78.9205,553375.0
2026-03-17 09:35:00,78.9255,79.1493,78.9106,79.1493,245967.0
2026-03-17 09:40:00,79.1443,79.2488,78.8709,79.1692,267071.0
2026-03-17 09:45:00,79.1692,79.3184,79.0498,79.0797,245005.0
2026-03-17 09:50:00,79.0697,79.0697,78.7912,78.9802,132654.0
2026-03-17 09:55:00,78.9752,79.0697,78.9106,78.9454,169484.0
2026-03-17 10:00:00,78.9454,79.0449,78.8608,79.0349,131616.0
2026-03-17 10:05:00,79.0399,79.0598,78.9305,78.9752,98149.0
2026-03-17 10:10:00,78.9703,78.9703,78.7365,78.7813,119165.0
2026-03-17 10:15:00,78.7713,78.8857,78.7116,78.8807,141920.0
2026-03-17 10:20:00,78.8907,78.9305,78.6619,78.7017,117947.0
2026-03-17 10:25:00,78.6967,78.8061,78.6271,78.7912,433136.0
2026-03-17 10:30:00,78.7962,79.0299,78.7415,79.02,111825.0
2026-03-17 10:35:00,79.0299,79.0896,78.9504,79.0399,174319.0
2026-03-17 10:40:00,79.0399,79.2737,79.0101,79.2637,130615.0
2026-03-17 10:45:00,79.2488,79.3483,79.1891,79.2687,135780.0
2026-03-17 10:50:00,79.2687,79.2886,79.1891,79.2587,327497.0
2026-03-17 10:55:00,79.2637,79.4825,79.2588,79.4477,141056.0
2026-03-17 11:00:00,79.4527,79.4676,79.3035,79.3333,113854.0
2026-03-17 11:05:00,79.3333,79.3681,79.0051,79.0051,173847.0
2026-03-17 11:10:00,79.0051,79.1046,78.9802,79.0177,103650.0
2026-03-17 11:15:00,79.02,79.0797,78.9703,79.02,97736.0
2026-03-17 11:20:00,79.0165,79.0697,78.9603,79.0498,82835.0
2026-03-17 11:25:00,79.0449,79.1195,78.9703,78.9852,81447.0
2026-03-17 11:30:00,78.9802,79.0299,78.9106,78.9106,78743.0
2026-03-17 11:35:00,78.9103,78.9603,78.7564,78.7912,104571.0
2026-03-17 11:40:00,78.7912,78.8708,78.7813,78.8211,103170.0
2026-03-17 11:45:00,78.8211,79.0299,78.8012,78.9802,215047.0
2026-03-17 11:50:00,78.9703,79.1493,78.9703,79.1095,137205.0
2026-03-17 11:55:00,79.1046,79.1344,78.9703,79.0697,108639.0
2026-03-17 12:00:00,79.0697,79.0697,78.8211,78.8957,86859.0
2026-03-17 12:05:00,78.8957,79.0051,78.8807,79.0051,115739.0
2026-03-17 12:10:00,78.9902,79.204,78.9902,79.1742,128776.0
2026-03-17 12:15:00,79.1792,79.3134,79.1095,79.3134,106426.0
2026-03-17 12:20:00,79.3134,79.3134,79.2289,79.3035,108805.0
2026-03-17 12:25:00,79.3035,79.3035,79.2428,79.3035,107204.0
2026-03-17 12:30:00,79.3035,79.3134,79.1792,79.2189,140086.0
2026-03-17 12:35:00,79.2189,79.2637,79.1891,79.1891,97320.0
2026-03-17 12:40:00,79.1941,79.2737,79.1692,79.2687,92706.0
2026-03-17 12:45:00,79.2737,79.3781,79.2388,79.2538,152049.0
2026-03-17 12:50:00,79.2517,79.3284,79.209,79.2538,71879.0
2026-03-17 12:55:00,79.2388,79.3184,79.214,79.2836,102958.0
2026-03-17 13:00:00,79.2836,79.3532,79.2786,79.3154,94326.0
2026-03-17 13:05:00,79.3134,79.3433,79.2289,79.2587,80140.0
2026-03-17 13:10:00,79.2538,79.2538,79.1593,79.1891,70067.0
2026-03-17 13:15:00,79.1792,79.2587,79.1294,79.2488,84073.0
2026-03-17 13:20:00,79.2438,79.3184,79.1941,79.2836,78757.0
2026-03-17 13:25:00,79.2786,79.4428,79.2538,79.4428,143670.0
2026-03-17 13:30:00,79.4378,79.4527,79.3284,79.3532,89700.0
2026-03-17 13:35:00,79.3582,79.4825,79.3383,79.4577,91274.0
2026-03-17 13:40:00,79.4626,79.4844,79.388,79.4179,75537.0
2026-03-17 13:45:00,79.4179,79.4726,79.4079,79.4726,63346.0
2026-03-17 13:50:00,79.4726,79.5472,79.4428,79.5074,108989.0
2026-03-17 13:55:00,79.5074,79.5522,79.4925,79.5223,91938.0
2026-03-17 14:00:00,79.5273,79.5323,79.4179,79.4726,139226.0
2026-03-17 14:05:00,79.4776,79.6268,79.4676,79.6069,224673.0
2026-03-17 14:10:00,79.5969,79.6218,79.5373,79.5522,113182.0
2026-03-17 14:15:00,79.5571,79.582,79.4626,79.5024,93357.0
2026-03-17 14:20:00,79.4975,79.5124,79.3483,79.3582,106208.0
2026-03-17 14:25:00,79.3582,79.4673,79.3582,79.4378,80250.0
2026-03-17 14:30:00,79.4278,79.5373,79.4079,79.4825,93191.0
2026-03-17 14:35:00,79.4776,79.4776,79.3681,79.4179,157721.0
2026-03-17 14:40:00,79.4129,79.4239,79.3334,79.3831,96823.0
2026-03-17 14:45:00,79.3781,79.4378,79.3134,79.4229,104865.0
2026-03-17 14:50:00,79.4179,79.4825,79.3731,79.4328,86996.0
2026-03-17 14:55:00,79.4328,79.4328,79.3632,79.4256,109329.0
2026-03-17 15:00:00,79.4278,79.4328,79.2388,79.2538,150967.0
2026-03-17 15:05:00,79.2488,79.2539,79.1046,79.1792,150905.0
2026-03-17 15:10:00,79.1791,79.2289,79.1145,79.1792,185181.0
2026-03-17 15:15:00,79.1841,79.2239,79.1145,79.1145,105774.0
2026-03-17 15:20:00,79.1195,79.1344,78.9703,78.9903,122223.0
2026-03-17 15:25:00,78.9951,79.02,78.9006,78.9156,151371.0
2026-03-17 15:30:00,78.9106,78.9504,78.8211,78.841,192049.0
2026-03-17 15:35:00,78.8459,79.0946,78.7912,79.0896,408875.0
2026-03-17 15:40:00,79.0847,79.199,79.0797,79.1145,398234.0
2026-03-17 15:45:00,79.1195,79.1294,78.9802,79.015,295144.0
2026-03-17 15:50:00,79.02,79.0598,78.8907,79.0598,461436.0
2026-03-17 15:55:00,79.0598,79.0598,78.7962,78.8608,1005342.0
2026-03-18 09:30:00,79.3184,79.577,78.9305,79.4278,729379.0
2026-03-18 09:35:00,79.4079,79.4079,79.0797,79.0896,259632.0
2026-03-18 09:40:00,79.0936,79.4477,79.0896,79.2289,383697.0
2026-03-18 09:45:00,79.2289,79.3681,79.0697,79.0996,172674.0
2026-03-18 09:50:00,79.1095,79.2985,79.0598,79.1742,137403.0
2026-03-18 09:55:00,79.199,79.4278,79.1394,79.4079,183685.0
2026-03-18 10:00:00,79.4079,79.4626,79.2737,79.4477,168805.0
2026-03-18 10:05:00,79.4378,79.6069,79.4129,79.577,182054.0
2026-03-18 10:10:00,79.5472,79.6105,79.3184,79.3184,188361.0
2026-03-18 10:15:00,79.3035,79.3582,78.9802,79.0028,127312.0
2026-03-18 10:20:00,79.015,79.02,78.7614,78.7663,127290.0
2026-03-18 10:25:00,78.7663,78.8608,78.453,78.463,227313.0
2026-03-18 10:30:00,78.4729,78.8211,78.453,78.7017,130123.0
2026-03-18 10:35:00,78.7116,78.8111,78.6719,78.7614,101748.0
2026-03-18 10:40:00,78.7614,78.7813,78.6619,78.7067,95013.0
2026-03-18 10:45:00,78.7067,78.8211,78.6818,78.7216,100771.0
2026-03-18 10:50:00,78.7216,78.7862,78.6957,78.7365,79411.0
2026-03-18 10:55:00,78.7315,78.9354,78.7116,78.9106,103990.0
2026-03-18 11:00:00,78.9106,78.9802,78.6719,78.836,127360.0
2026-03-18 11:05:00,78.826,78.9156,78.7912,78.8509,82301.0
2026-03-18 11:10:00,78.841,78.841,78.7315,78.7663,174553.0
2026-03-18 11:15:00,78.7713,78.8509,78.5475,78.5525,117818.0
2026-03-18 11:20:00,78.5525,78.642,78.463,78.642,84786.0
2026-03-18 11:25:00,78.642,78.6967,78.5972,78.5972,73499.0
2026-03-18 11:30:00,78.6022,78.6967,78.5923,78.642,228135.0
2026-03-18 11:35:00,78.6321,78.7016,78.6221,78.637,88553.0
2026-03-18 11:40:00,78.6321,78.6917,78.5923,78.652,118905.0
2026-03-18 11:45:00,78.652,78.6967,78.5475,78.6719,82136.0
2026-03-18 11:50:00,78.6669,78.7912,78.652,78.7813,97745.0
2026-03-18 11:55:00,78.7813,78.8388,78.7067,78.7962,69726.0
2026-03-18 12:00:00,78.7912,78.836,78.7514,78.8211,97748.0
2026-03-18 12:05:00,78.8111,78.8111,78.7216,78.7216,51769.0
2026-03-18 12:10:00,78.7315,78.7912,78.6619,78.7713,64104.0
2026-03-18 12:15:00,78.7614,78.7813,78.6917,78.7166,47645.0
2026-03-18 12:20:00,78.7216,78.7465,78.7017,78.7315,62338.0
2026-03-18 12:25:00,78.7315,78.7315,78.6072,78.6927,132878.0
2026-03-18 12:30:00,78.6868,78.7017,78.5624,78.637,192149.0
2026-03-18 12:35:00,78.637,78.7315,78.6022,78.6122,218222.0
2026-03-18 12:40:00,78.6022,78.6768,78.5624,78.6719,85281.0
2026-03-18 12:45:00,78.6569,78.6719,78.5823,78.6072,193677.0
2026-03-18 12:50:00,78.6022,78.6022,78.3734,78.3834,210870.0
2026-03-18 12:55:00,78.3834,78.4033,78.1347,78.1546,129281.0
2026-03-18 13:00:00,78.1447,78.1844,77.886,78.1297,270029.0
2026-03-18 13:05:00,78.1347,78.1645,77.8612,77.8811,144757.0
2026-03-18 13:10:00,77.886,77.9656,77.8214,77.8214,130191.0
2026-03-18 13:15:00,77.8204,77.8512,77.7469,77.8512,108754.0
2026-03-18 13:20:00,77.8512,77.9457,77.7766,77.9407,94579.0
2026-03-18 13:25:00,77.9358,77.9358,77.8512,77.8811,77525.0
2026-03-18 13:30:00,77.8811,78.0253,77.8462,77.9756,96915.0
2026-03-18 13:35:00,77.9706,78.0004,77.9258,77.9855,72400.0
2026-03-18 13:40:00,77.9855,78.0402,77.9358,77.9656,124266.0
2026-03-18 13:45:00,77.9557,78.0601,77.9507,77.9557,87699.0
2026-03-18 13:50:00,77.9557,77.9756,77.9009,77.9756,69313.0
2026-03-18 13:55:00,77.9815,78.0054,77.9059,77.9954,63877.0
2026-03-18 14:00:00,78.0054,78.1447,77.9954,78.0651,146071.0
2026-03-18 14:05:00,78.0651,78.0651,77.8363,77.8413,93508.0
2026-03-18 14:10:00,77.8413,77.9744,77.7667,77.9457,121741.0
2026-03-18 14:15:00,77.9457,78.1844,77.7667,78.1098,356965.0
2026-03-18 14:20:00,78.1248,78.2043,78.085,78.1944,223975.0
2026-03-18 14:25:00,78.2043,78.264,78.1148,78.242,198874.0
2026-03-18 14:30:00,78.2441,78.2441,77.9457,77.9457,182081.0
2026-03-18 14:35:00,77.9457,78.1447,77.9358,77.9805,136184.0
2026-03-18 14:40:00,77.9756,78.1644,77.9557,78.0452,115554.0
2026-03-18 14:45:00,78.0253,78.0452,77.9059,77.9507,113152.0
2026-03-18 14:50:00,77.9358,77.9407,77.7869,77.8562,127681.0
2026-03-18 14:55:00,77.8562,77.9358,77.7468,77.7517,138456.0
2026-03-18 15:00:00,77.7567,77.8612,77.7215,77.8612,126051.0
2026-03-18 15:05:00,77.8565,77.891,77.8015,77.8711,128108.0
2026-03-18 15:10:00,77.8661,77.8661,77.7368,77.8015,119791.0
2026-03-18 15:15:00,77.7965,77.8114,77.707,77.712,183646.0
2026-03-18 15:20:00,77.7169,77.7667,77.6473,77.707,300909.0
2026-03-18 15:25:00,77.712,77.7965,77.6821,77.7318,215878.0
2026-03-18 15:30:00,77.7318,77.7567,77.6473,77.6821,194679.0
2026-03-18 15:35:00,77.6871,77.6871,77.513,77.513,298425.0
2026-03-18 15:40:00,77.508,77.513,77.4036,77.4533,206824.0
2026-03-18 15:45:00,77.4533,77.4583,77.2892,77.2991,243074.0
2026-03-18 15:50:00,77.3091,77.4583,77.2544,77.3638,748406.0
2026-03-18 15:55:00,77.3588,77.3588,77.1151,77.2096,1260275.0
2026-03-19 09:30:00,77.14,77.1997,76.5133,76.7073,582839.0
2026-03-19 09:35:00,76.7123,77.2594,76.6078,77.1748,217861.0
2026-03-19 09:40:00,77.1828,77.5279,77.1201,77.3787,291203.0
2026-03-19 09:45:00,77.3688,77.4633,77.1698,77.2991,252015.0
2026-03-19 09:50:00,77.329,77.5279,77.2643,77.5279,173280.0
2026-03-19 09:55:00,77.5279,77.8214,77.3887,77.8164,584975.0
2026-03-19 10:00:00,77.8263,78.2342,77.7965,78.0153,405896.0
2026-03-19 10:05:00,78.0253,78.1645,77.9059,77.9756,213511.0
2026-03-19 10:10:00,77.9756,78.2242,77.7468,77.7567,248785.0
2026-03-19 10:15:00,77.7766,77.8164,77.6623,77.7247,169584.0
2026-03-19 10:20:00,77.7269,77.7866,77.4434,77.5578,226938.0
2026-03-19 10:25:00,77.5578,77.5976,77.3837,77.4285,178955.0
2026-03-19 10:30:00,77.4334,77.7269,77.3936,77.7219,228096.0
2026-03-19 10:35:00,77.7269,77.7866,77.4384,77.5677,150710.0
2026-03-19 10:40:00,77.5578,77.7567,77.5578,77.6274,151277.0
2026-03-19 10:45:00,77.6274,77.8761,77.6274,77.8711,114215.0
2026-03-19 10:50:00,77.8711,77.9258,77.7668,77.7766,155124.0
2026-03-19 10:55:00,77.7742,77.8015,77.6373,77.6625,158315.0
2026-03-19 11:00:00,77.6572,77.7667,77.6373,77.7169,117894.0
2026-03-19 11:05:00,77.7169,78.0054,77.697,77.9109,212969.0
2026-03-19 11:10:00,77.9059,78.0153,77.896,78.0004,186173.0
2026-03-19 11:15:00,78.0104,78.1347,77.8462,77.8512,199754.0
2026-03-19 11:20:00,77.8562,77.9805,77.8263,77.886,144293.0
2026-03-19 11:25:00,77.896,77.9208,77.8363,77.8512,117575.0
2026-03-19 11:30:00,77.8462,77.8562,77.5777,77.5777,118724.0
2026-03-19 11:35:00,77.5677,77.6274,77.518,77.5777,107793.0
2026-03-19 11:40:00,77.5777,77.6672,77.5578,77.5976,105579.0
2026-03-19 11:45:00,77.6025,77.7368,77.5677,77.7368,99643.0
2026-03-19 11:50:00,77.7418,77.7517,77.6125,77.6274,105898.0
2026-03-19 11:55:00,77.6274,77.8811,77.6175,77.8761,154942.0
2026-03-19 12:00:00,77.886,78.0153,77.8263,77.9258,132473.0
2026-03-19 12:05:00,77.9208,78.0153,77.886,77.9497,89773.0
2026-03-19 12:10:00,77.9457,78.0104,77.8761,77.9358,100897.0
2026-03-19 12:15:00,77.9407,77.9756,77.8562,77.886,82244.0
2026-03-19 12:20:00,77.886,77.9805,77.7965,77.8711,115343.0
2026-03-19 12:25:00,77.8711,77.9954,77.8263,77.9656,158146.0
2026-03-19 12:30:00,77.9606,78.0352,77.9358,77.9954,106584.0
2026-03-19 12:35:00,77.9905,78.0502,77.9208,78.0502,111881.0
2026-03-19 12:40:00,78.0452,78.1098,78.0253,78.0899,107519.0
2026-03-19 12:45:00,78.0999,78.2342,78.0601,78.2093,173836.0
2026-03-19 12:50:00,78.2143,78.2541,78.085,78.1994,158988.0
2026-03-19 12:55:00,78.2043,78.2043,78.1049,78.1795,108917.0
2026-03-19 13:00:00,78.1745,78.2193,78.0352,78.0352,96053.0
2026-03-19 13:05:00,78.0303,78.1248,77.9419,77.9805,131972.0
2026-03-19 13:10:00,77.9855,78.0452,77.9606,77.9855,75908.0
2026-03-19 13:15:00,77.9855,78.2541,77.9756,78.2441,107270.0
2026-03-19 13:20:00,78.2541,78.2789,78.1944,78.2242,87257.0
2026-03-19 13:25:00,78.2242,78.2441,78.1596,78.1695,89854.0
2026-03-19 13:30:00,78.1695,78.1994,78.0551,78.0565,105656.0
2026-03-19 13:35:00,78.0551,78.0601,77.8393,77.8562,138724.0
2026-03-19 13:40:00,77.8512,77.9507,77.8413,77.9258,110326.0
2026-03-19 13:45:00,77.9159,77.9507,77.8761,77.9257,90568.0
2026-03-19 13:50:00,77.9208,78.1645,77.9208,78.1098,108587.0
2026-03-19 13:55:00,78.1049,78.1049,78.0055,78.0203,80142.0
2026-03-19 14:00:00,78.0153,78.0303,77.8612,77.8612,90368.0
2026-03-19 14:05:00,77.8562,77.9009,77.8263,77.8562,117573.0
2026-03-19 14:10:00,77.8661,78.0551,77.8512,77.9855,142324.0
2026-03-19 14:15:00,77.9756,78.0054,77.8612,77.9756,114743.0
2026-03-19 14:20:00,77.9805,78.0004,77.8512,77.866,103934.0
2026-03-19 14:25:00,77.8612,77.8811,77.707,77.7169,98485.0
2026-03-19 14:30:00,77.712,77.7269,77.6025,77.6175,131316.0
2026-03-19 14:35:00,77.6224,77.6572,77.5777,77.5926,100324.0
2026-03-19 14:40:00,77.5926,77.6175,77.523,77.5826,135896.0
2026-03-19 14:45:00,77.5777,77.6672,77.5578,77.6125,102812.0
2026-03-19 14:50:00,77.6125,77.7169,77.5627,77.7169,106580.0
2026-03-19 14:55:00,77.712,77.9507,77.6872,77.9059,138920.0
2026-03-19 15:00:00,77.9059,78.1745,77.9009,78.1546,146771.0
2026-03-19 15:05:00,78.1546,78.4132,78.1496,78.2839,250182.0
2026-03-19 15:10:00,78.2806,78.463,78.1148,78.274,204213.0
2026-03-19 15:15:00,78.274,78.3535,78.2043,78.3336,211893.0
2026-03-19 15:20:00,78.3287,78.3386,78.0502,78.0551,142616.0
2026-03-19 15:25:00,78.0502,78.0601,77.9162,77.9656,175664.0
2026-03-19 15:30:00,77.9805,78.085,77.8761,77.9756,187419.0
2026-03-19 15:35:00,77.9756,77.9954,77.8512,77.9407,197879.0
2026-03-19 15:40:00,77.9407,78.075,77.9109,78.0153,199359.0
2026-03-19 15:45:00,78.0054,78.0899,77.9557,78.0153,234938.0
2026-03-19 15:50:00,78.0153,78.1894,78.0054,78.1496,453971.0
2026-03-19 15:55:00,78.1496,78.1795,78.0203,78.082,1022591.0
2026-03-20 09:30:00,78.0303,78.4928,77.9954,78.1248,4184813.0
2026-03-20 09:35:00,78.0999,78.2143,77.9457,78.1695,276800.0
2026-03-20 09:40:00,78.1645,78.448,78.0452,78.448,209598.0
2026-03-20 09:45:00,78.463,78.6221,78.2242,78.2242,310824.0
2026-03-20 09:50:00,78.2342,78.2342,77.9159,77.9855,221660.0
2026-03-20 09:55:00,77.9905,78.0551,77.5583,77.5876,153672.0
2026-03-20 10:00:00,77.5876,77.6672,77.5329,77.6075,198702.0
2026-03-20 10:05:00,77.5976,77.7517,77.5279,77.6224,173461.0
2026-03-20 10:10:00,77.6224,77.7567,77.3091,77.3439,196324.0
2026-03-20 10:15:00,77.3389,77.4533,77.2444,77.2892,260102.0
2026-03-20 10:20:00,77.2842,77.508,77.2743,77.4384,278162.0
2026-03-20 10:25:00,77.4334,77.518,77.3688,77.4135,445073.0
2026-03-20 10:30:00,77.4185,77.7667,77.4007,77.7567,186076.0
2026-03-20 10:35:00,77.7542,77.8363,77.513,77.6025,180295.0
2026-03-20 10:40:00,77.5976,77.707,77.5676,77.6771,127415.0
2026-03-20 10:45:00,77.6771,77.707,77.5528,77.6075,107529.0
2026-03-20 10:50:00,77.5976,77.6224,77.2793,77.2892,159206.0
2026-03-20 10:55:00,77.2991,77.702,77.2991,77.6423,261613.0
2026-03-20 11:00:00,77.6423,77.8065,77.6075,77.6373,408126.0
2026-03-20 11:05:00,77.6423,77.6572,77.4285,77.513,140736.0
2026-03-20 11:10:00,77.518,77.707,77.4981,77.6771,120862.0
2026-03-20 11:15:00,77.6771,77.7567,77.6075,77.6722,237027.0
2026-03-20 11:20:00,77.6771,77.9954,77.6423,77.7567,167724.0
2026-03-20 11:25:00,77.7667,77.7866,77.6075,77.712,176865.0
2026-03-20 11:30:00,77.7169,77.8661,77.697,77.8413,143761.0
2026-03-20 11:35:00,77.8413,77.8462,77.7169,77.7667,110917.0
2026-03-20 11:40:00,77.7667,77.8462,77.712,77.8462,508329.0
2026-03-20 11:45:00,77.8462,77.8761,77.7517,77.8113,118509.0
2026-03-20 11:50:00,77.8065,77.8612,77.7318,77.8512,131141.0
2026-03-20 11:55:00,77.8462,77.8711,77.7915,77.8214,125861.0
2026-03-20 12:00:00,77.8263,77.9855,77.8263,77.9606,146130.0
2026-03-20 12:05:00,77.9557,77.9557,77.8164,77.9208,300864.0
2026-03-20 12:10:00,77.9159,77.9208,77.7965,77.8363,92005.0
2026-03-20 12:15:00,77.8363,77.9358,77.7816,77.9308,96819.0
2026-03-20 12:20:00,77.9308,77.9457,77.8761,77.9109,97612.0
2026-03-20 12:25:00,77.9059,77.9059,77.7816,77.7915,156918.0
2026-03-20 12:30:00,77.7915,77.7965,77.6672,77.7766,152207.0
2026-03-20 12:35:00,77.7766,77.8612,77.7269,77.8015,97161.0
2026-03-20 12:40:00,77.8015,77.8462,77.7418,77.7965,99374.0
2026-03-20 12:45:00,77.7915,77.8313,77.7617,77.8065,80967.0
2026-03-20 12:50:00,77.7965,77.8711,77.7469,77.8612,97886.0
2026-03-20 12:55:00,77.8612,77.9606,77.8313,77.8512,119489.0
2026-03-20 13:00:00,77.8562,77.9457,77.8562,77.9208,1682300.0
2026-03-20 13:05:00,77.9258,77.9308,77.7567,77.8512,131129.0
2026-03-20 13:10:00,77.8512,77.886,77.7866,77.8512,73592.0
2026-03-20 13:15:00,77.8512,77.886,77.7567,77.7766,77617.0
2026-03-20 13:20:00,77.7766,77.8413,77.7318,77.7368,171515.0
2026-03-20 13:25:00,77.7368,77.7667,77.6871,77.7219,94886.0
2026-03-20 13:30:00,77.7169,77.7965,77.6871,77.6921,108248.0
2026-03-20 13:35:00,77.697,77.7467,77.5379,77.6175,172812.0
2026-03-20 13:40:00,77.6125,77.7368,77.5677,77.712,178498.0
2026-03-20 13:45:00,77.7219,77.7517,77.6672,77.6672,147302.0
2026-03-20 13:50:00,77.6622,77.8164,77.6572,77.7766,103410.0
2026-03-20 13:55:00,77.7866,77.8711,77.7866,77.8512,99608.0
2026-03-20 14:00:00,77.8562,77.886,77.7915,77.7915,91620.0
2026-03-20 14:05:00,77.7965,77.8759,77.7567,77.8263,131904.0
2026-03-20 14:10:00,77.8263,77.8612,77.7915,77.8388,93552.0
2026-03-20 14:15:00,77.8462,77.8562,77.6622,77.7766,154747.0
2026-03-20 14:20:00,77.7866,77.8114,77.6274,77.712,776804.0
2026-03-20 14:25:00,77.712,77.8711,77.712,77.8462,164573.0
2026-03-20 14:30:00,77.8462,77.896,77.7915,77.8313,341111.0
2026-03-20 14:35:00,77.8313,77.8413,77.707,77.7318,240010.0
2026-03-20 14:40:00,77.7318,77.7517,77.5429,77.5578,302056.0
2026-03-20 14:45:00,77.5578,77.5627,77.4285,77.4682,150645.0
2026-03-20 14:50:00,77.4484,77.6423,77.4135,77.6224,131077.0
2026-03-20 14:55:00,77.6224,77.6572,77.5429,77.6373,124456.0
2026-03-20 15:00:00,77.6473,77.896,77.6423,77.8512,257105.0
2026-03-20 15:05:00,77.8512,77.896,77.7866,77.8363,255988.0
2026-03-20 15:10:00,77.8413,77.8761,77.7617,77.8612,262137.0
2026-03-20 15:15:00,77.8562,77.891,77.8015,77.8612,225045.0
2026-03-20 15:20:00,77.8612,77.8761,77.6025,77.6274,292370.0
2026-03-20 15:25:00,77.6274,77.6672,77.5727,77.6274,360348.0
2026-03-20 15:30:00,77.6373,77.6523,77.3588,77.4185,541824.0
2026-03-20 15:35:00,77.4185,77.4384,77.0903,77.2196,467206.0
2026-03-20 15:40:00,77.2196,77.2991,77.1599,77.2544,525930.0
2026-03-20 15:45:00,77.2544,77.2768,77.0107,77.0405,627795.0
2026-03-20 15:50:00,77.0505,77.0803,76.3044,76.7769,3504467.0
2026-03-20 15:55:00,76.7819,77.5478,76.7521,77.2544,1875324.0
2026-03-23 09:30:00,78.2242,78.6619,78.0054,78.264,676670.0
2026-03-23 09:35:00,78.264,78.6022,78.2342,78.3884,196800.0
2026-03-23 09:40:00,78.3834,78.5724,78.2143,78.3734,239661.0
2026-03-23 09:45:00,78.3535,78.5326,78.3287,78.463,221336.0
2026-03-23 09:50:00,78.448,78.5127,78.1745,78.3933,170577.0
2026-03-23 09:55:00,78.3834,78.5027,78.1844,78.4829,177035.0
2026-03-23 10:00:00,78.4928,78.5326,78.1248,78.1447,175602.0
2026-03-23 10:05:00,78.1347,78.3933,78.0253,78.3933,199275.0
2026-03-23 10:10:00,78.3933,78.4928,78.2441,78.4033,173893.0
2026-03-23 10:15:00,78.4132,78.6619,78.4132,78.647,208105.0
2026-03-23 10:20:00,78.6619,78.9106,78.5774,78.7813,160559.0
2026-03-23 10:25:00,78.7715,78.8012,78.647,78.7067,101598.0
2026-03-23 10:30:00,78.7017,79.0001,78.6022,78.9802,200604.0
2026-03-23 10:35:00,78.9902,79.0101,78.6819,78.7813,118788.0
2026-03-23 10:40:00,78.7614,78.9404,78.7116,78.841,196294.0
2026-03-23 10:45:00,78.8509,79.0101,78.7614,78.9752,130620.0
2026-03-23 10:50:00,78.9703,78.9703,78.8061,78.8758,107353.0
2026-03-23 10:55:00,78.8821,78.9603,78.8459,78.8858,85976.0
2026-03-23 11:00:00,78.8907,79.0896,78.8509,79.0299,121679.0
2026-03-23 11:05:00,79.0299,79.0697,78.9305,79.0299,85187.0
2026-03-23 11:10:00,79.0331,79.0747,78.9305,79.0001,86152.0
2026-03-23 11:15:00,79.0001,79.0101,78.8957,78.9006,86818.0
2026-03-23 11:20:00,78.9006,78.9653,78.7813,78.9354,99029.0
2026-03-23 11:25:00,78.9305,78.9354,78.7663,78.8111,87774.0
2026-03-23 11:30:00,78.8211,78.9056,78.7962,78.8111,102427.0
2026-03-23 11:35:00,78.8161,78.8559,78.652,78.6569,128722.0
2026-03-23 11:40:00,78.652,78.831,78.6321,78.8111,156537.0
2026-03-23 11:45:00,78.8012,78.8659,78.6619,78.826,136494.0
2026-03-23 11:50:00,78.826,78.841,78.5475,78.6619,207316.0
2026-03-23 11:55:00,78.6569,78.6768,78.3884,78.3934,223811.0
2026-03-23 12:00:00,78.3933,78.5127,78.3386,78.3834,183602.0
2026-03-23 12:05:00,78.3734,78.5823,78.3136,78.4928,170438.0
2026-03-23 12:10:00,78.4928,78.5525,78.4301,78.5326,88466.0
2026-03-23 12:15:00,78.5326,78.5624,78.4182,78.4332,77732.0
2026-03-23 12:20:00,78.4431,78.5027,78.3734,78.453,115228.0
2026-03-23 12:25:00,78.453,78.453,78.1347,78.1795,142548.0
2026-03-23 12:30:00,78.1795,78.3734,78.1695,78.3734,93184.0
2026-03-23 12:35:00,78.3933,78.4729,78.3237,78.3336,122349.0
2026-03-23 12:40:00,78.3287,78.3884,78.269,78.3535,95231.0
2026-03-23 12:45:00,78.3436,78.4083,78.2541,78.4033,95547.0
2026-03-23 12:50:00,78.3932,78.4232,78.269,78.3535,81412.0
2026-03-23 12:55:00,78.3734,78.3983,78.2541,78.3336,65974.0
2026-03-23 13:00:00,78.3436,78.3784,78.2242,78.2242,75792.0
2026-03-23 13:05:00,78.2292,78.4182,78.1894,78.3933,76082.0
2026-03-23 13:10:00,78.3903,78.3933,78.2491,78.274,75354.0
2026-03-23 13:15:00,78.274,78.3237,78.1894,78.259,52860.0
2026-03-23 13:20:00,78.2541,78.2541,78.1248,78.1944,61888.0
2026-03-23 13:25:00,78.1944,78.3138,78.1944,78.269,65086.0
2026-03-23 13:30:00,78.274,78.5475,78.2491,78.5425,156691.0
2026-03-23 13:35:00,78.5425,78.6868,78.5376,78.5972,127314.0
2026-03-23 13:40:00,78.6022,78.6022,78.4132,78.4928,74856.0
2026-03-23 13:45:00,78.4829,78.4978,78.3287,78.3685,78022.0
2026-03-23 13:50:00,78.3535,78.4829,78.3436,78.4829,78993.0
2026-03-23 13:55:00,78.4729,78.5774,78.4431,78.5724,58202.0
2026-03-23 14:00:00,78.5724,78.5724,78.5027,78.5226,78805.0
2026-03-23 14:05:00,78.5226,78.5425,78.269,78.4331,177546.0
2026-03-23 14:10:00,78.4331,78.5077,78.4331,78.4431,74571.0
2026-03-23 14:15:00,78.4381,78.4431,78.274,78.3038,71297.0
2026-03-23 14:20:00,78.3138,78.3138,78.2342,78.274,56618.0
2026-03-23 14:25:00,78.274,78.3734,78.269,78.3386,80758.0
2026-03-23 14:30:00,78.3436,78.5326,78.3436,78.5177,85889.0
2026-03-23 14:35:00,78.5226,78.642,78.5127,78.5923,126547.0
2026-03-23 14:40:00,78.5923,78.5925,78.448,78.4679,92013.0
2026-03-23 14:45:00,78.4829,78.5624,78.458,78.5177,73438.0
2026-03-23 14:50:00,78.5177,78.5326,78.458,78.5177,66670.0
2026-03-23 14:55:00,78.5127,78.5525,78.5077,78.5376,63489.0
2026-03-23 15:00:00,78.5326,78.5425,78.4679,78.5177,78117.0
2026-03-23 15:05:00,78.5226,78.5823,78.4928,78.5724,94563.0
2026-03-23 15:10:00,78.5774,78.5774,78.4829,78.5077,93800.0
2026-03-23 15:15:00,78.5177,78.5425,78.4381,78.4978,99634.0
2026-03-23 15:20:00,78.4978,78.5077,78.4232,78.448,151700.0
2026-03-23 15:25:00,78.448,78.4878,78.3983,78.433,119258.0
2026-03-23 15:30:00,78.4331,78.5774,78.4331,78.5127,180406.0
2026-03-23 15:35:00,78.5276,78.5475,78.448,78.5276,112808.0
2026-03-23 15:40:00,78.5276,78.642,78.5127,78.642,154093.0
2026-03-23 15:45:00,78.6321,78.7713,78.6271,78.6768,167165.0
2026-03-23 15:50:00,78.6818,78.7415,78.5127,78.5624,475098.0
2026-03-23 15:55:00,78.5624,78.5823,78.3635,78.3635,888128.0
2026-03-24 09:30:00,77.9557,78.1347,77.7169,78.085,406936.0
2026-03-24 09:35:00,78.1248,78.3336,78.0551,78.274,161734.0
2026-03-24 09:40:00,78.274,78.4232,78.0551,78.075,141015.0
2026-03-24 09:45:00,78.0949,78.3535,78.085,78.2242,141749.0
2026-03-24 09:50:00,78.2193,78.4132,78.1049,78.264,154590.0
2026-03-24 09:55:00,78.274,78.7017,78.2342,78.6917,160475.0
2026-03-24 10:00:00,78.6868,78.7962,78.637,78.7415,169081.0
2026-03-24 10:05:00,78.7415,79.1294,78.6967,79.1294,146141.0
2026-03-24 10:10:00,79.1344,79.1593,78.9405,79.0896,219247.0
2026-03-24 10:15:00,79.0996,79.2067,79.025,79.1145,129668.0
2026-03-24 10:20:00,79.1145,79.1344,78.8907,79.0548,171341.0
2026-03-24 10:25:00,79.0498,79.3582,78.9703,79.3085,210898.0
2026-03-24 10:30:00,79.3035,79.3781,79.2687,79.3134,155752.0
2026-03-24 10:35:00,79.3085,79.3284,79.1841,79.2637,148034.0
2026-03-24 10:40:00,79.2687,79.398,79.2031,79.398,130522.0
2026-03-24 10:45:00,79.388,79.4179,79.2189,79.2438,201024.0
2026-03-24 10:50:00,79.2388,79.577,79.1543,79.3781,341521.0
2026-03-24 10:55:00,79.398,79.5323,78.836,79.0001,365331.0
2026-03-24 11:00:00,79.0001,79.388,78.9902,79.2985,193062.0
2026-03-24 11:05:00,79.2886,79.4577,79.2587,79.4278,107485.0
2026-03-24 11:10:00,79.4211,79.6168,79.3582,79.587,239812.0
2026-03-24 11:15:00,79.587,79.7262,79.5373,79.6019,157920.0
2026-03-24 11:20:00,79.5969,79.7867,79.5522,79.7859,103603.0
2026-03-24 11:25:00,79.776,79.8655,79.7511,79.8257,114024.0
2026-03-24 11:30:00,79.8257,79.9152,79.7959,79.8755,114552.0
2026-03-24 11:35:00,79.8655,80.0247,79.8506,80.0147,89878.0
2026-03-24 11:40:00,80.0097,80.1391,80.0048,80.1391,108106.0
2026-03-24 11:45:00,80.1391,80.2003,80.0843,80.1788,101980.0
2026-03-24 11:50:00,80.1838,80.2037,80.0147,80.0346,107023.0
2026-03-24 11:55:00,80.0296,80.0296,79.766,79.9849,192135.0
2026-03-24 12:00:00,79.9849,80.0744,79.965,80.0296,151716.0
2026-03-24 12:05:00,80.0346,80.1788,80.0048,80.1739,124005.0
2026-03-24 12:10:00,80.1739,80.2783,80.1739,80.2534,128715.0
2026-03-24 12:15:00,80.2534,80.4176,80.2435,80.3877,168201.0
2026-03-24 12:20:00,80.3828,80.4324,80.3131,80.3728,122130.0
2026-03-24 12:25:00,80.3778,80.4076,80.3131,80.3529,160914.0
2026-03-24 12:30:00,80.343,80.3828,80.2335,80.2385,131759.0
2026-03-24 12:35:00,80.2286,80.2293,79.9749,79.9749,153754.0
2026-03-24 12:40:00,79.9749,80.0048,79.8406,79.9547,162221.0
2026-03-24 12:45:00,79.955,80.0296,79.8804,79.965,102517.0
2026-03-24 12:50:00,79.955,80.0097,79.8456,79.8556,90288.0
2026-03-24 12:55:00,79.8605,79.9351,79.7064,79.781,275676.0
2026-03-24 13:00:00,79.781,79.9451,79.7064,79.7511,106921.0
2026-03-24 13:05:00,79.7362,79.7511,79.6119,79.6616,130411.0
2026-03-24 13:10:00,79.6367,79.6666,79.5571,79.6218,84872.0
2026-03-24 13:15:00,79.6119,79.6566,79.5472,79.5969,65361.0
2026-03-24 13:20:00,79.5969,79.6467,79.577,79.587,71203.0
2026-03-24 13:25:00,79.587,79.7262,79.5621,79.6765,68268.0
2026-03-24 13:30:00,79.6715,79.7362,79.592,79.592,79797.0
2026-03-24 13:35:00,79.587,79.6765,79.5571,79.6765,79962.0
2026-03-24 13:40:00,79.6715,79.7262,79.577,79.6019,84492.0
2026-03-24 13:45:00,79.6019,79.6765,79.582,79.6467,68275.0
2026-03-24 13:50:00,79.6417,79.7859,79.6119,79.7461,99783.0
2026-03-24 13:55:00,79.7362,79.9451,79.7163,79.8953,198970.0
2026-03-24 14:00:00,79.9053,79.9849,79.8556,79.9053,181973.0
2026-03-24 14:05:00,79.9053,79.9799,79.8854,79.9053,82987.0
2026-03-24 14:10:00,79.9053,79.9501,79.8755,79.8953,69191.0
2026-03-24 14:15:00,79.8953,79.9451,79.8008,79.9351,110663.0
2026-03-24 14:20:00,79.9351,79.9849,79.8705,79.9501,81441.0
2026-03-24 14:25:00,79.9501,80.0893,79.9351,80.0396,84178.0
2026-03-24 14:30:00,80.0346,80.1589,79.9948,80.0446,121603.0
2026-03-24 14:35:00,80.0495,80.2733,80.0346,80.2335,123425.0
2026-03-24 14:40:00,80.2236,80.2236,79.9849,80.0993,125551.0
2026-03-24 14:45:00,80.1042,80.144,80.0147,80.0943,111154.0
2026-03-24 14:50:00,80.0993,80.1192,79.965,79.9948,106659.0
2026-03-24 14:55:00,79.9749,80.0396,79.9401,80.0197,113340.0
2026-03-24 15:00:00,80.0197,80.1142,80.0197,80.0247,133503.0
2026-03-24 15:05:00,80.0147,80.1341,79.9849,80.1192,189715.0
2026-03-24 15:10:00,80.1192,80.1689,80.0943,80.1689,164259.0
2026-03-24 15:15:00,80.1739,80.2037,80.0495,80.0595,199671.0
2026-03-24 15:20:00,80.0644,80.154,80.0446,80.1192,176620.0
2026-03-24 15:25:00,80.1142,80.1291,80.0396,80.0595,154045.0
2026-03-24 15:30:00,80.0644,80.1391,80.0147,80.1142,235323.0
2026-03-24 15:35:00,80.1192,80.2883,80.0744,80.2883,271822.0
2026-03-24 15:40:00,80.2932,80.3877,80.2485,80.338,297545.0
2026-03-24 15:45:00,80.333,80.5071,80.3032,80.4872,329256.0
2026-03-24 15:50:00,80.4922,80.5021,80.3131,80.3977,645186.0
2026-03-24 15:55:00,80.3977,80.4822,80.1938,80.4623,1343841.0
2026-03-25 09:30:00,80.5718,81.0791,80.4623,80.9348,681236.0
2026-03-25 09:35:00,80.9298,81.2317,80.9199,81.2183,323067.0
2026-03-25 09:40:00,81.2136,81.5267,81.1089,81.5267,353245.0
2026-03-25 09:45:00,81.5317,81.5764,81.1785,81.3725,435585.0
2026-03-25 09:50:00,81.3874,81.3874,81.0691,81.0791,293603.0
2026-03-25 09:55:00,81.0592,81.2581,81.0094,81.1586,228216.0
2026-03-25 10:00:00,81.1686,81.4173,80.8204,81.2581,336152.0
2026-03-25 10:05:00,81.2681,81.6112,81.2581,81.5963,219384.0
2026-03-25 10:10:00,81.5864,81.6162,81.3874,81.5814,195886.0
2026-03-25 10:15:00,81.5864,81.8649,81.4372,81.8649,508809.0
2026-03-25 10:20:00,81.8748,82.0937,81.7952,81.835,553542.0
2026-03-25 10:25:00,81.845,82.1633,81.835,82.0738,314598.0
2026-03-25 10:30:00,82.0837,82.2031,81.9693,82.1832,212140.0
2026-03-25 10:35:00,82.1833,82.2429,82.024,82.1235,674530.0
2026-03-25 10:40:00,82.1235,82.2031,81.8649,81.8848,409878.0
2026-03-25 10:45:00,81.8649,81.9146,81.651,81.651,232237.0
2026-03-25 10:50:00,81.646,81.7952,81.6361,81.7057,162156.0
2026-03-25 10:55:00,81.7057,81.7108,81.5167,81.5267,149606.0
2026-03-25 11:00:00,81.5267,81.7356,81.5167,81.6858,162127.0
2026-03-25 11:05:00,81.6958,81.7107,81.5565,81.5665,118540.0
2026-03-25 11:10:00,81.5764,81.6759,81.4769,81.6311,188421.0
2026-03-25 11:15:00,81.6261,81.646,81.3377,81.4869,312257.0
2026-03-25 11:20:00,81.4769,81.8549,81.457,81.8301,199877.0
2026-03-25 11:25:00,81.8251,81.845,81.6858,81.7491,133431.0
2026-03-25 11:30:00,81.7455,81.8599,81.6858,81.6958,157691.0
2026-03-25 11:35:00,81.6958,81.7853,81.5864,81.656,295416.0
2026-03-25 11:40:00,81.646,81.7057,81.5764,81.6659,129608.0
2026-03-25 11:45:00,81.656,81.6858,81.5714,81.6112,79846.0
2026-03-25 11:50:00,81.5964,81.6759,81.5515,81.5953,207123.0
2026-03-25 11:55:00,81.5963,81.6411,81.2582,81.3078,520099.0
2026-03-25 12:00:00,81.3078,81.3078,81.0729,81.099,110374.0
2026-03-25 12:05:00,81.099,81.1089,80.9995,81.0293,81983.0
2026-03-25 12:10:00,80.9995,81.1236,80.9398,81.094,102449.0
2026-03-25 12:15:00,81.089,81.1437,81.0393,81.084,116954.0
2026-03-25 12:20:00,81.0889,81.2482,81.0691,81.2482,138031.0
2026-03-25 12:25:00,81.2482,81.2759,81.099,81.1885,170055.0
2026-03-25 12:30:00,81.1885,81.3029,81.1288,81.2482,143091.0
2026-03-25 12:35:00,81.2581,81.3675,81.1984,81.3675,95895.0
2026-03-25 12:40:00,81.3775,81.3775,81.278,81.2979,139763.0
2026-03-25 12:45:00,81.2979,81.3277,81.1687,81.2581,65802.0
2026-03-25 12:50:00,81.2482,81.5714,81.2233,81.5466,311669.0
2026-03-25 12:55:00,81.5366,81.656,81.4968,81.651,87487.0
2026-03-25 13:00:00,81.651,81.7405,81.5366,81.5864,159828.0
2026-03-25 13:05:00,81.5814,81.5963,81.4819,81.5167,93488.0
2026-03-25 13:10:00,81.5267,81.6013,81.4819,81.5565,80406.0
2026-03-25 13:15:00,81.5565,81.6411,81.457,81.5466,178113.0
2026-03-25 13:20:00,81.5515,81.5665,81.4421,81.472,112679.0
2026-03-25 13:25:00,81.4769,81.5167,81.4372,81.462,114162.0
2026-03-25 13:30:00,81.457,81.5366,81.3476,81.4919,122428.0
2026-03-25 13:35:00,81.4919,81.661,81.4919,81.656,171221.0
2026-03-25 13:40:00,81.646,81.9146,81.646,81.8151,243524.0
2026-03-25 13:45:00,81.8251,81.8251,81.5366,81.5366,118917.0
2026-03-25 13:50:00,81.5366,81.6261,81.3874,81.3874,125581.0
2026-03-25 13:55:00,81.3686,81.4869,81.3178,81.3526,116508.0
2026-03-25 14:00:00,81.3476,81.4819,81.2681,81.3824,104267.0
2026-03-25 14:05:00,81.3824,81.4322,81.3675,81.3974,69975.0
2026-03-25 14:10:00,81.393,81.5714,81.3924,81.5665,94838.0
2026-03-25 14:15:00,81.5714,81.7356,81.5466,81.646,236839.0
2026-03-25 14:20:00,81.646,81.7704,81.646,81.6858,59826.0
2026-03-25 14:25:00,81.6858,81.6958,81.5864,81.6162,64776.0
2026-03-25 14:30:00,81.6013,81.651,81.5814,81.6411,72454.0
2026-03-25 14:35:00,81.646,81.84,81.5913,81.835,311987.0
2026-03-25 14:40:00,81.8301,81.84,81.7754,81.8052,204689.0
2026-03-25 14:45:00,81.8002,81.835,81.7654,81.8002,200591.0
2026-03-25 14:50:00,81.8052,81.85,81.5913,81.6063,255922.0
2026-03-25 14:55:00,81.6063,81.6063,81.3476,81.4173,220267.0
2026-03-25 15:00:00,81.4073,81.4073,81.278,81.3029,111500.0
2026-03-25 15:05:00,81.3078,81.462,81.3078,81.4073,159745.0
2026-03-25 15:10:00,81.4173,81.467,81.3924,81.4471,100358.0
2026-03-25 15:15:00,81.4471,81.4869,81.3078,81.3427,178577.0
2026-03-25 15:20:00,81.3427,81.3675,81.278,81.2879,107345.0
2026-03-25 15:25:00,81.283,81.2979,81.089,81.099,201879.0
2026-03-25 15:30:00,81.094,81.1089,80.9746,80.9746,148049.0
2026-03-25 15:35:00,80.9746,80.9995,80.8851,80.9249,166344.0
2026-03-25 15:40:00,80.9249,80.9945,80.9,80.905,311555.0
2026-03-25 15:45:00,80.905,81.3228,80.8552,81.3029,361241.0
2026-03-25 15:50:00,81.3078,81.472,81.1885,81.3675,759356.0
2026-03-25 15:55:00,81.3675,81.4421,81.278,81.4272,1499676.0
2026-03-26 09:30:00,81.6361,81.8848,81.3775,81.7654,601833.0
2026-03-26 09:35:00,81.7455,82.2279,81.7057,82.034,373886.0
2026-03-26 09:40:00,82.0439,82.5114,82.0091,82.5015,446180.0
2026-03-26 09:45:00,82.5214,82.6706,82.1235,82.2827,457182.0
2026-03-26 09:50:00,82.2727,82.3921,81.9942,82.3821,237390.0
2026-03-26 09:55:00,82.3722,82.4567,82.0041,82.2429,342392.0
2026-03-26 10:00:00,82.2727,82.2727,82.039,82.0439,208923.0
2026-03-26 10:05:00,82.0439,82.2633,81.9494,82.1931,272017.0
2026-03-26 10:10:00,82.1981,82.2429,82.0191,82.2329,177832.0
2026-03-26 10:15:00,82.2329,82.3423,82.0837,82.0937,136613.0
2026-03-26 10:20:00,82.0937,82.223,82.0738,82.1533,132624.0
2026-03-26 10:25:00,82.1434,82.1981,82.0986,82.1086,179353.0
2026-03-26 10:30:00,82.1086,82.2279,82.0638,82.1384,175294.0
2026-03-26 10:35:00,82.1335,82.1533,81.9743,82.0738,188173.0
2026-03-26 10:40:00,82.0638,82.2081,81.8649,81.9345,294700.0
2026-03-26 10:45:00,81.9345,81.9445,81.7654,81.7952,211732.0
2026-03-26 10:50:00,81.7952,81.8848,81.5167,81.6311,268629.0
2026-03-26 10:55:00,81.6261,81.7405,81.4869,81.7008,376276.0
2026-03-26 11:00:00,81.7057,81.835,81.656,81.656,251096.0
2026-03-26 11:05:00,81.656,81.7654,81.4968,81.5118,202767.0
2026-03-26 11:10:00,81.5167,81.6858,81.4968,81.5511,142025.0
2026-03-26 11:15:00,81.5466,81.7107,81.5167,81.7057,142564.0
2026-03-26 11:20:00,81.6958,82.0539,81.6759,81.9644,349738.0
2026-03-26 11:25:00,81.9644,82.0141,81.8052,81.8599,219412.0
2026-03-26 11:30:00,81.8301,81.8599,81.6858,81.8301,124660.0
2026-03-26 11:35:00,81.8301,81.9047,81.7306,81.84,153544.0
2026-03-26 11:40:00,81.84,81.845,81.7654,81.7853,94025.0
2026-03-26 11:45:00,81.7903,82.0141,81.7604,81.9096,144771.0
2026-03-26 11:50:00,81.9057,82.0738,81.8947,82.024,100501.0
2026-03-26 11:55:00,82.029,82.223,81.9395,82.1981,196704.0
2026-03-26 12:00:00,82.1931,82.2709,82.0539,82.2001,153733.0
2026-03-26 12:05:00,82.1981,82.4169,82.1782,82.412,269113.0
2026-03-26 12:10:00,82.407,82.4219,82.0638,82.3971,641957.0
2026-03-26 12:15:00,82.3971,82.3971,82.1732,82.3224,142233.0
2026-03-26 12:20:00,82.3175,82.3324,82.1185,82.3026,160585.0
2026-03-26 12:25:00,82.3125,82.3224,82.1533,82.2279,162541.0
2026-03-26 12:30:00,82.223,82.3324,82.2031,82.3324,152462.0
2026-03-26 12:35:00,82.3274,82.412,82.3026,82.3075,137294.0
2026-03-26 12:40:00,82.3026,82.3175,82.1285,82.1285,149587.0
2026-03-26 12:45:00,82.1235,82.1832,81.9842,82.1086,138763.0
2026-03-26 12:50:00,82.1036,82.2926,82.0638,82.2926,126835.0
2026-03-26 12:55:00,82.3026,82.359,82.218,82.3523,111801.0
2026-03-26 13:00:00,82.3473,82.4816,82.3324,82.3324,182351.0
2026-03-26 13:05:00,82.3374,82.4319,82.3224,82.4169,115022.0
2026-03-26 13:10:00,82.412,82.4169,82.2478,82.2478,108324.0
2026-03-26 13:15:00,82.2628,82.3324,82.2429,82.2677,85215.0
2026-03-26 13:20:00,82.2677,82.2677,82.0141,82.024,191232.0
2026-03-26 13:25:00,82.0191,82.1185,81.9644,82.0688,133060.0
2026-03-26 13:30:00,82.0688,82.2827,81.9644,82.2727,224803.0
2026-03-26 13:35:00,82.2827,82.3574,82.1981,82.2429,118890.0
2026-03-26 13:40:00,82.2279,82.2926,82.2031,82.2379,139872.0
2026-03-26 13:45:00,82.2329,82.2628,82.1732,82.1732,99857.0
2026-03-26 13:50:00,82.1484,82.1683,82.0787,82.1136,124453.0
2026-03-26 13:55:00,82.1185,82.1484,81.9942,82.0439,153185.0
2026-03-26 14:00:00,82.0539,82.1782,82.0439,82.1434,93937.0
2026-03-26 14:05:00,82.1434,82.2478,82.1335,82.1882,124540.0
2026-03-26 14:10:00,82.1882,82.2081,82.1086,82.1683,111666.0
2026-03-26 14:15:00,82.1732,82.218,82.1335,82.1533,121258.0
2026-03-26 14:20:00,82.1583,82.1981,82.1335,82.1633,114558.0
2026-03-26 14:25:00,82.1633,82.2031,82.1434,82.1782,140309.0
2026-03-26 14:30:00,82.1832,82.2777,82.1832,82.2528,135496.0
2026-03-26 14:35:00,82.2528,82.3075,82.1882,82.223,134084.0
2026-03-26 14:40:00,82.218,82.2279,82.0837,82.1981,141772.0
2026-03-26 14:45:00,82.1882,82.2329,82.1484,82.223,138653.0
2026-03-26 14:50:00,82.223,82.2429,82.1832,82.223,113805.0
2026-03-26 14:55:00,82.218,82.3274,82.1583,82.3175,144615.0
2026-03-26 15:00:00,82.3219,82.3324,82.2031,82.223,123576.0
2026-03-26 15:05:00,82.218,82.2628,82.0091,82.0141,476541.0
2026-03-26 15:10:00,82.0191,82.0438,81.9345,82.034,223099.0
2026-03-26 15:15:00,82.034,82.1657,82.0191,82.0439,195826.0
2026-03-26 15:20:00,82.0489,82.0688,81.8798,81.9345,176300.0
2026-03-26 15:25:00,81.9345,82.0041,81.8649,81.9793,465428.0
2026-03-26 15:30:00,81.9743,82.029,81.9047,81.9793,230149.0
2026-03-26 15:35:00,81.9793,82.0489,81.9295,81.9693,206305.0
2026-03-26 15:40:00,81.9644,82.0937,81.9644,82.0439,500047.0
2026-03-26 15:45:00,82.0439,82.0539,81.8848,81.8848,374536.0
2026-03-26 15:50:00,81.9345,82.0539,81.6958,81.7455,669173.0
2026-03-26 15:55:00,81.7455,81.7853,81.6659,81.7157,1316252.0
2026-03-27 09:30:00,81.5416,81.6858,80.0943,80.1042,583732.0
2026-03-27 09:35:00,80.144,80.154,79.5571,79.9849,350676.0
2026-03-27 09:40:00,79.9749,80.2037,79.8158,80.1739,307727.0
2026-03-27 09:45:00,80.2037,80.5121,80.144,80.2485,277315.0
2026-03-27 09:50:00,80.2485,80.2883,79.8953,79.8953,218630.0
2026-03-27 09:55:00,79.9053,79.9053,79.4875,79.6865,224169.0
2026-03-27 10:00:00,79.6765,79.8257,79.4975,79.6467,183515.0
2026-03-27 10:05:00,79.6616,79.781,79.4577,79.5074,211957.0
2026-03-27 10:10:00,79.5074,79.6367,79.3085,79.4577,192157.0
2026-03-27 10:15:00,79.4378,79.5373,79.3284,79.4577,232069.0
2026-03-27 10:20:00,79.4626,79.5571,79.3681,79.5472,328837.0
2026-03-27 10:25:00,79.5472,79.5721,79.2189,79.2289,172221.0
2026-03-27 10:30:00,79.2289,79.2587,79.1195,79.1493,160309.0
2026-03-27 10:35:00,79.1593,79.4129,78.9802,79.403,551685.0
2026-03-27 10:40:00,79.4079,79.4378,79.1543,79.1792,241609.0
2026-03-27 10:45:00,79.1891,79.4875,79.1394,79.4776,139897.0
2026-03-27 10:50:00,79.4676,79.7412,79.4328,79.6268,278025.0
2026-03-27 10:55:00,79.6367,79.7611,79.6367,79.7014,179558.0
2026-03-27 11:00:00,79.7163,79.8257,79.6268,79.7859,146258.0
2026-03-27 11:05:00,79.7859,79.8655,79.5671,79.6317,204213.0
2026-03-27 11:10:00,79.6317,79.6566,79.4975,79.5472,163842.0
2026-03-27 11:15:00,79.5472,79.6565,79.4776,79.4875,147423.0
2026-03-27 11:20:00,79.4975,79.7561,79.393,79.5671,211771.0
2026-03-27 11:25:00,79.577,79.6765,79.4676,79.6666,138548.0
2026-03-27 11:30:00,79.6666,80.1241,79.6132,80.1142,193209.0
2026-03-27 11:35:00,80.1092,80.2137,79.7859,79.8357,205069.0
2026-03-27 11:40:00,79.8257,79.8257,79.6069,79.6467,135592.0
2026-03-27 11:45:00,79.6467,79.7959,79.6218,79.766,207789.0
2026-03-27 11:50:00,79.766,79.776,79.6467,79.7561,116896.0
2026-03-27 11:55:00,79.7412,79.7859,79.6119,79.6367,115551.0
2026-03-27 12:00:00,79.6467,79.6667,79.5522,79.577,119474.0
2026-03-27 12:05:00,79.5671,79.587,79.4278,79.4577,101542.0
2026-03-27 12:10:00,79.4577,79.6417,79.4079,79.6417,88742.0
2026-03-27 12:15:00,79.6566,79.7562,79.592,79.7412,106181.0
2026-03-27 12:20:00,79.7461,79.8605,79.6765,79.8257,184439.0
2026-03-27 12:25:00,79.8158,79.9799,79.7561,79.9749,285311.0
2026-03-27 12:30:00,79.9749,80.0943,79.9351,80.0545,337139.0
2026-03-27 12:35:00,80.0545,80.154,79.9948,80.1192,165951.0
2026-03-27 12:40:00,80.117,80.1639,79.9351,80.0147,359757.0
2026-03-27 12:45:00,79.9948,80.1192,79.96,80.1042,145881.0
2026-03-27 12:50:00,80.1092,80.154,79.9998,80.0147,98349.0
2026-03-27 12:55:00,80.0197,80.0197,79.8755,79.9252,99539.0
2026-03-27 13:00:00,79.9351,79.9351,79.7461,79.766,123758.0
2026-03-27 13:05:00,79.776,79.9451,79.6467,79.7859,153559.0
2026-03-27 13:10:00,79.7859,79.8058,79.6168,79.6865,94184.0
2026-03-27 13:15:00,79.6865,79.7014,79.6069,79.6168,77897.0
2026-03-27 13:20:00,79.6168,79.6168,79.5373,79.592,88505.0
2026-03-27 13:25:00,79.592,79.592,79.4289,79.4577,72078.0
2026-03-27 13:30:00,79.4676,79.6516,79.4328,79.6417,129923.0
2026-03-27 13:35:00,79.6367,79.7312,79.5522,79.582,212649.0
2026-03-27 13:40:00,79.582,79.592,79.4179,79.4527,111307.0
2026-03-27 13:45:00,79.4477,79.5124,79.3134,79.3284,129669.0
2026-03-27 13:50:00,79.3284,79.3781,79.3184,79.3731,88295.0
2026-03-27 13:55:00,79.3731,79.4428,79.3383,79.4179,108680.0
2026-03-27 14:00:00,79.4229,79.4626,79.3731,79.4079,114392.0
2026-03-27 14:05:00,79.4129,79.4676,79.3383,79.4328,305558.0
2026-03-27 14:10:00,79.4378,79.4925,79.4079,79.4875,135120.0
2026-03-27 14:15:00,79.4875,79.5969,79.4079,79.5522,127414.0
2026-03-27 14:20:00,79.5522,79.6019,79.4179,79.4428,156362.0
2026-03-27 14:25:00,79.4389,79.4577,79.3632,79.4129,113404.0
2026-03-27 14:30:00,79.4129,79.4179,79.2637,79.3681,102571.0
2026-03-27 14:35:00,79.3582,79.403,79.2886,79.3681,102934.0
2026-03-27 14:40:00,79.3781,79.577,79.3184,79.4428,165220.0
2026-03-27 14:45:00,79.4428,79.5124,79.4428,79.4925,74754.0
2026-03-27 14:50:00,79.4925,79.5124,79.3483,79.393,84825.0
2026-03-27 14:55:00,79.393,79.5273,79.3731,79.5223,100229.0
2026-03-27 15:00:00,79.5223,79.5621,79.4626,79.4676,98198.0
2026-03-27 15:05:00,79.4726,79.4925,79.3681,79.393,115600.0
2026-03-27 15:10:00,79.393,79.4776,79.3433,79.4676,166190.0
2026-03-27 15:15:00,79.4626,79.6069,79.4477,79.582,182973.0
2026-03-27 15:20:00,79.582,79.582,79.4527,79.4875,142000.0
2026-03-27 15:25:00,79.4875,79.5323,79.4179,79.5174,195820.0
2026-03-27 15:30:00,79.5124,79.5571,79.3681,79.5523,226486.0
2026-03-27 15:35:00,79.5571,79.5571,79.4626,79.5124,143729.0
2026-03-27 15:40:00,79.5074,79.5074,79.4129,79.4825,199454.0
2026-03-27 15:45:00,79.4825,79.4925,79.3682,79.388,229642.0
2026-03-27 15:50:00,79.3781,79.5074,79.2737,79.4527,459706.0
2026-03-27 15:55:00,79.4577,79.6865,79.4577,79.5074,1250393.0
2026-03-30 09:30:00,79.4378,79.965,79.1196,79.1394,807428.0
2026-03-30 09:35:00,79.1792,79.2886,78.9902,79.0001,319068.0
2026-03-30 09:40:00,78.9951,79.2538,78.7514,79.2438,467918.0
2026-03-30 09:45:00,79.2438,79.3333,78.8807,78.8907,445662.0
2026-03-30 09:50:00,78.8807,78.9438,78.4331,78.453,327888.0
2026-03-30 09:55:00,78.463,78.4978,78.1795,78.3138,334688.0
2026-03-30 10:00:00,78.3038,78.5724,78.3038,78.4829,230878.0
2026-03-30 10:05:00,78.4779,78.5326,78.3038,78.463,212102.0
2026-03-30 10:10:00,78.4729,78.6947,78.3685,78.6022,323735.0
2026-03-30 10:15:00,78.6221,78.6271,78.1944,78.2392,222369.0
2026-03-30 10:20:00,78.2441,78.3635,78.1926,78.2441,163751.0
2026-03-30 10:25:00,78.2342,78.3287,78.0203,78.0751,190250.0
2026-03-30 10:30:00,78.08,78.2143,77.8811,77.9059,211391.0
2026-03-30 10:35:00,77.9159,78.1645,77.8363,78.1148,169757.0
2026-03-30 10:40:00,78.1133,78.1248,77.8661,77.896,208985.0
2026-03-30 10:45:00,77.886,78.1546,77.8462,78.0253,268719.0
2026-03-30 10:50:00,78.0352,78.0352,77.8164,77.9905,140725.0
2026-03-30 10:55:00,77.9875,78.1645,77.9457,78.1248,200211.0
2026-03-30 11:00:00,78.1367,78.2043,77.9805,78.1098,212257.0
2026-03-30 11:05:00,78.1098,78.1645,77.8263,77.891,187074.0
2026-03-30 11:10:00,77.891,78.0452,77.891,77.9557,247878.0
2026-03-30 11:15:00,77.9507,77.9706,77.712,77.8214,237802.0
2026-03-30 11:20:00,77.8214,77.8562,77.6871,77.8065,149352.0
2026-03-30 11:25:00,77.8214,77.9656,77.7502,77.7691,131836.0
2026-03-30 11:30:00,77.7716,78.085,77.702,78.0752,172229.0
2026-03-30 11:35:00,78.085,78.1347,77.9606,78.0253,128049.0
2026-03-30 11:40:00,78.0054,78.1248,77.9855,78.0551,91133.0
2026-03-30 11:45:00,78.0651,78.1695,78.0402,78.1347,157434.0
2026-03-30 11:50:00,78.125,78.2143,78.0999,78.1148,118451.0
2026-03-30 11:55:00,78.1248,78.1745,78.0551,78.0651,146689.0
2026-03-30 12:00:00,78.07,78.07,77.6025,77.6125,157210.0
2026-03-30 12:05:00,77.6175,77.7269,77.5976,77.6473,148339.0
2026-03-30 12:10:00,77.6473,77.6771,77.5976,77.6224,116572.0
2026-03-30 12:15:00,77.6224,77.6224,77.4881,77.508,164283.0
2026-03-30 12:20:00,77.508,77.5578,77.4285,77.4682,134655.0
2026-03-30 12:25:00,77.4583,77.4782,77.3588,77.4041,136514.0
2026-03-30 12:30:00,77.3986,77.4931,77.3887,77.4288,111190.0
2026-03-30 12:35:00,77.4285,77.4782,77.319,77.4334,178439.0
2026-03-30 12:40:00,77.4235,77.4881,77.3688,77.4135,123448.0
2026-03-30 12:45:00,77.4185,77.4185,77.2991,77.3141,107593.0
2026-03-30 12:50:00,77.3141,77.3737,77.2793,77.3041,106881.0
2026-03-30 12:55:00,77.3041,77.3588,77.2743,77.319,108240.0
2026-03-30 13:00:00,77.329,77.3986,77.2842,77.2942,108430.0
2026-03-30 13:05:00,77.2793,77.3887,77.2494,77.3787,99988.0
2026-03-30 13:10:00,77.3787,77.3986,77.2494,77.2892,98857.0
2026-03-30 13:15:00,77.2793,77.2942,77.1251,77.1798,143836.0
2026-03-30 13:20:00,77.1698,77.1997,77.0455,77.1002,115259.0
2026-03-30 13:25:00,77.1052,77.135,77.0057,77.0107,112445.0
2026-03-30 13:30:00,77.0206,77.13,76.9808,77.0952,198731.0
2026-03-30 13:35:00,77.0952,77.13,77.0057,77.0704,138219.0
2026-03-30 13:40:00,77.0604,77.0704,76.9759,77.0007,137513.0
2026-03-30 13:45:00,77.0007,77.1499,76.9709,77.0007,182862.0
2026-03-30 13:50:00,77.0007,77.0903,76.9759,76.9958,121659.0
2026-03-30 13:55:00,77.0057,77.0306,76.9162,77.0157,120826.0
2026-03-30 14:00:00,77.0157,77.0405,76.9112,76.9246,171903.0
2026-03-30 14:05:00,76.9261,76.956,76.7968,76.8267,135980.0
2026-03-30 14:10:00,76.8267,76.8615,76.7371,76.8615,125146.0
2026-03-30 14:15:00,76.8515,76.8664,76.6277,76.6426,144344.0
2026-03-30 14:20:00,76.6327,76.6824,76.5631,76.5979,132326.0
2026-03-30 14:25:00,76.5979,76.6725,76.4835,76.6675,150127.0
2026-03-30 14:30:00,76.6576,76.7521,76.6576,76.7371,215646.0
2026-03-30 14:35:00,76.7322,76.8615,76.5631,76.5631,253549.0
2026-03-30 14:40:00,76.573,76.6426,76.5163,76.5233,168572.0
2026-03-30 14:45:00,76.5233,76.583,76.4387,76.4785,147730.0
2026-03-30 14:50:00,76.4735,76.5879,76.4238,76.583,191190.0
2026-03-30 14:55:00,76.583,76.6227,76.4735,76.5416,167188.0
2026-03-30 15:00:00,76.5432,76.6128,76.4948,76.5233,161777.0
2026-03-30 15:05:00,76.5332,76.5531,76.4238,76.4238,150591.0
2026-03-30 15:10:00,76.4139,76.4288,76.2398,76.3044,178577.0
2026-03-30 15:15:00,76.2995,76.3442,76.2348,76.2398,169076.0
2026-03-30 15:20:00,76.2353,76.2945,76.1851,76.2398,190680.0
2026-03-30 15:25:00,76.2398,76.3243,76.2099,76.2696,222892.0
2026-03-30 15:30:00,76.2646,76.3741,76.2448,76.2895,216289.0
2026-03-30 15:35:00,76.2895,76.4835,76.2895,76.4089,236056.0
2026-03-30 15:40:00,76.4089,76.6043,76.4039,76.5233,281409.0
2026-03-30 15:45:00,76.5133,76.5929,76.4686,76.4835,403779.0
2026-03-30 15:50:00,76.5034,76.6327,76.3989,76.6128,681148.0
2026-03-30 15:55:00,76.6227,76.7968,76.583,76.6128,1577645.0
2026-03-31 09:30:00,77.4782,77.7766,76.9013,77.1052,387805.0
2026-03-31 09:35:00,77.1102,77.14,76.8018,76.9908,243315.0
2026-03-31 09:40:00,76.9958,77.0107,76.7719,76.7918,167918.0
2026-03-31 09:45:00,76.8018,77.2196,76.8018,77.13,180879.0
2026-03-31 09:50:00,77.1251,77.1798,76.951,77.1599,156006.0
2026-03-31 09:55:00,77.1549,77.2196,77.0505,77.1997,178324.0
2026-03-31 10:00:00,77.2096,77.2942,77.13,77.1698,212210.0
2026-03-31 10:05:00,77.1649,77.1897,76.8416,76.8416,207004.0
2026-03-31 10:10:00,76.8316,77.1499,76.8018,77.14,253889.0
2026-03-31 10:15:00,77.1201,77.3041,77.0505,77.1599,125189.0
2026-03-31 10:20:00,77.1599,77.2477,77.0306,77.1997,109077.0
2026-03-31 10:25:00,77.2096,77.329,77.14,77.2494,129794.0
2026-03-31 10:30:00,77.2544,77.2892,77.1798,77.2096,108231.0
2026-03-31 10:35:00,77.2146,77.2196,76.8716,76.9609,125566.0
2026-03-31 10:40:00,76.9609,77.0654,76.6476,76.7023,167306.0
2026-03-31 10:45:00,76.7123,76.7172,76.5631,76.573,152456.0
2026-03-31 10:50:00,76.5631,76.573,76.4188,76.4536,190503.0
2026-03-31 10:55:00,76.4536,76.4536,76.2547,76.3641,160453.0
2026-03-31 11:00:00,76.3691,76.5332,76.3691,76.4188,152353.0
2026-03-31 11:05:00,76.4139,76.6178,76.2944,76.3094,144333.0
2026-03-31 11:10:00,76.3044,76.6476,76.2696,76.6227,116186.0
2026-03-31 11:15:00,76.6526,76.6725,76.5332,76.5333,180164.0
2026-03-31 11:20:00,76.5332,76.5332,76.2348,76.3044,264822.0
2026-03-31 11:25:00,76.3094,76.3442,76.0259,76.0856,210770.0
2026-03-31 11:30:00,76.0856,76.1742,76.0607,76.1254,213936.0
2026-03-31 11:35:00,76.1453,76.2547,76.1154,76.1503,107498.0
2026-03-31 11:40:00,76.1453,76.205,76.1304,76.1452,86260.0
2026-03-31 11:45:00,76.1353,76.1503,76.025,76.0707,129937.0
2026-03-31 11:50:00,76.0657,76.2149,76.0458,76.1055,150624.0
2026-03-31 11:55:00,76.1154,76.1403,75.9463,75.9463,84081.0
2026-03-31 12:00:00,75.9364,76.1503,75.9065,76.0756,124601.0
2026-03-31 12:05:00,76.0756,76.2348,76.0657,76.1801,95812.0
2026-03-31 12:10:00,76.1851,76.2049,76.0558,76.19,106998.0
2026-03-31 12:15:00,76.195,76.2945,76.195,76.2298,77806.0
2026-03-31 12:20:00,76.2249,76.4437,76.215,76.4437,92236.0
2026-03-31 12:25:00,76.4536,76.4785,76.3045,76.3293,96865.0
2026-03-31 12:30:00,76.3243,76.3492,76.2845,76.3243,79051.0
2026-03-31 12:35:00,76.3243,76.7123,76.2597,76.7023,137635.0
2026-03-31 12:40:00,76.7023,77.5777,76.7023,77.2594,537375.0
2026-03-31 12:45:00,77.2594,77.3887,76.9908,77.2295,508327.0
2026-03-31 12:50:00,77.2196,77.4285,76.9311,77.1102,259507.0
2026-03-31 12:55:00,77.1002,77.1748,77.0107,77.1599,97948.0
2026-03-31 13:00:00,77.1698,77.329,77.1499,77.2494,121817.0
2026-03-31 13:05:00,77.2295,77.2444,76.9311,76.9908,171506.0
2026-03-31 13:10:00,76.9808,77.0903,76.9162,77.0704,167308.0
2026-03-31 13:15:00,77.0704,77.0952,76.946,77.0306,149551.0
2026-03-31 13:20:00,77.0405,77.0505,76.9112,76.956,108509.0
2026-03-31 13:25:00,76.9609,77.0007,76.8018,76.8366,116315.0
2026-03-31 13:30:00,76.8366,77.1102,76.8316,77.1002,159287.0
2026-03-31 13:35:00,77.0952,77.1299,76.7123,76.7968,226661.0
2026-03-31 13:40:00,76.8217,76.9311,76.6576,76.7172,125547.0
2026-03-31 13:45:00,76.7222,76.8615,76.6932,76.8018,117438.0
2026-03-31 13:50:00,76.8117,76.8117,76.6576,76.6973,131752.0
2026-03-31 13:55:00,76.7023,76.7123,76.3542,76.5034,438170.0
2026-03-31 14:00:00,76.5034,76.7322,76.4835,76.6824,166661.0
2026-03-31 14:05:00,76.6824,76.7322,76.5879,76.6178,140696.0
2026-03-31 14:10:00,76.6128,76.6501,76.5282,76.5909,111943.0
2026-03-31 14:15:00,76.5879,76.6775,76.578,76.6227,113924.0
2026-03-31 14:20:00,76.6277,76.6327,76.5034,76.5233,100427.0
2026-03-31 14:25:00,76.5282,76.6625,76.4835,76.6128,119620.0
2026-03-31 14:30:00,76.6128,76.6128,76.5183,76.5432,126824.0
2026-03-31 14:35:00,76.5332,76.762,76.5183,76.6377,103461.0
2026-03-31 14:40:00,76.6391,76.6426,76.5151,76.6028,170986.0
2026-03-31 14:45:00,76.6028,76.6526,76.5531,76.6078,104810.0
2026-03-31 14:50:00,76.6227,76.7172,76.6227,76.7073,97931.0
2026-03-31 14:55:00,76.7023,76.7322,76.6426,76.6526,123660.0
2026-03-31 15:00:00,76.6525,76.6675,76.5332,76.568,152176.0
2026-03-31 15:05:00,76.568,76.5884,76.4487,76.5481,297632.0
2026-03-31 15:10:00,76.545,76.7918,76.545,76.7371,190578.0
2026-03-31 15:15:00,76.7421,76.7819,76.6234,76.6874,235819.0
2026-03-31 15:20:00,76.6924,76.7521,76.6426,76.6874,242369.0
2026-03-31 15:25:00,76.6874,76.7073,76.6178,76.6476,248167.0
2026-03-31 15:30:00,76.6476,76.8416,76.5979,76.8267,281149.0
2026-03-31 15:35:00,76.8219,76.8714,76.767,76.8565,248819.0
2026-03-31 15:40:00,76.8565,76.8863,76.7968,76.8863,251127.0
2026-03-31 15:45:00,76.8814,76.9958,76.8068,76.9609,266838.0
2026-03-31 15:50:00,76.9709,77.1499,76.8863,77.1052,1046229.0
2026-03-31 15:55:00,77.1201,77.2793,77.0455,77.1599,2274103.0
