datetime,open,high,low,close,volume
2026-03-02 09:30:00,623.9655,626.9769,618.0127,621.4777,26673.0
2026-03-02 09:35:00,621.8018,626.3188,620.8401,623.2675,6971.0
2026-03-02 09:40:00,623.4817,624.833,622.0909,623.5866,20626.0
2026-03-02 09:45:00,624.2048,626.5329,623.3473,624.8929,26394.0
2026-03-02 09:50:00,625.2718,626.1144,624.2647,625.9074,18662.0
2026-03-02 09:55:00,625.5709,626.8323,624.7433,626.8323,11048.0
2026-03-02 10:00:00,626.4783,632.163,626.4683,632.152,16169.0
2026-03-02 10:05:00,632.152,634.6249,631.4091,631.4241,13138.0
2026-03-02 10:10:00,631.4341,632.6904,629.37,629.37,10722.0
2026-03-02 10:15:00,629.5993,630.0837,627.6948,628.4526,10718.0
2026-03-02 10:20:00,628.4526,628.6693,625.5709,626.1991,8480.0
2026-03-02 10:25:00,626.1592,627.6215,625.6706,627.4973,11982.0
2026-03-02 10:30:00,627.1663,627.6647,626.1692,627.3658,14663.0
2026-03-02 10:35:00,627.3458,629.9447,626.937,629.1706,5984.0
2026-03-02 10:40:00,629.4298,630.8556,629.2503,630.3173,14659.0
2026-03-02 10:45:00,630.3322,630.9652,629.0409,629.7589,9082.0
2026-03-02 10:50:00,629.6791,630.7361,629.0609,629.9882,7382.0
2026-03-02 10:55:00,629.7788,631.2845,629.7589,630.8408,3756.0
2026-03-02 11:00:00,631.2745,631.9325,630.437,631.5786,9642.0
2026-03-02 11:05:00,631.2845,631.813,629.9782,630.1876,10826.0
2026-03-02 11:10:00,629.8087,630.2126,628.3429,628.7368,11285.0
2026-03-02 11:15:00,628.5224,628.9711,627.9541,628.1535,8275.0
2026-03-02 11:20:00,627.9939,628.7019,627.3558,627.5452,10712.0
2026-03-02 11:25:00,627.615,628.8714,627.3757,627.8145,5964.0
2026-03-02 11:30:00,627.989,628.2333,626.229,627.0866,6977.0
2026-03-02 11:35:00,626.6578,627.3458,626.3287,627.286,6365.0
2026-03-02 11:40:00,627.2461,628.7218,627.2461,628.7218,3984.0
2026-03-02 11:45:00,628.3479,629.5694,627.615,627.8244,8361.0
2026-03-02 11:50:00,627.8743,628.5324,626.957,627.9241,6425.0
2026-03-02 11:55:00,628.2283,628.333,627.1564,627.8444,4191.0
2026-03-02 12:00:00,627.9042,629.3301,627.9042,628.7418,4878.0
2026-03-02 12:05:00,628.8814,629.2347,627.7646,627.8145,5348.0
2026-03-02 12:10:00,627.6948,628.8016,627.3458,628.7966,6431.0
2026-03-02 12:15:00,629.2802,630.1079,628.7767,629.9782,2940.0
2026-03-02 12:20:00,629.9982,630.0181,628.7617,629.0708,2366.0
2026-03-02 12:25:00,628.682,629.4896,628.682,629.1307,5595.0
2026-03-02 12:30:00,629.4298,630.1876,628.1934,628.5125,26761.0
2026-03-02 12:35:00,628.7318,629.6243,628.0637,629.021,4052.0
2026-03-02 12:40:00,629.0983,629.9982,629.016,629.5096,4862.0
2026-03-02 12:45:00,629.9982,630.1876,629.3002,629.4896,5880.0
2026-03-02 12:50:00,629.2802,629.8586,629.0908,629.8586,5178.0
2026-03-02 12:55:00,629.8187,630.048,629.5894,629.8337,4040.0
2026-03-02 13:00:00,629.5894,630.4569,629.5894,630.1115,5621.0
2026-03-02 13:05:00,630.3372,630.9953,630.2275,630.5865,5023.0
2026-03-02 13:10:00,630.7361,631.6189,630.3272,631.6189,4780.0
2026-03-02 13:15:00,631.1898,631.8628,631.1848,631.5886,10465.0
2026-03-02 13:20:00,631.8329,632.0922,631.1947,631.8828,5398.0
2026-03-02 13:25:00,631.9625,632.5896,631.7631,632.5409,3474.0
2026-03-02 13:30:00,632.418,632.5409,631.8229,631.9226,6496.0
2026-03-02 13:35:00,631.9226,631.9625,631.3244,631.9625,3145.0
2026-03-02 13:40:00,632.4611,632.4611,630.8457,631.8129,6179.0
2026-03-02 13:45:00,630.8258,631.4739,629.9782,630.2953,2341.0
2026-03-02 13:50:00,630.5017,630.7261,629.8386,629.9613,3555.0
2026-03-02 13:55:00,629.8735,629.8785,628.9504,629.5923,7076.0
2026-03-02 14:00:00,629.3475,629.6392,629.0111,629.6392,2716.0
2026-03-02 14:05:00,629.729,630.068,628.9013,629.7788,5044.0
2026-03-02 14:10:00,629.7888,630.2673,629.5295,629.7971,4545.0
2026-03-02 14:15:00,630.2674,630.7859,630.2674,630.5616,4117.0
2026-03-02 14:20:00,630.756,630.9654,630.2973,630.2973,6176.0
2026-03-02 14:25:00,630.2574,631.0053,630.0979,631.0053,4738.0
2026-03-02 14:30:00,631.0651,631.5412,630.7859,631.2695,2557.0
2026-03-02 14:35:00,630.9255,631.0751,630.417,630.4967,4398.0
2026-03-02 14:40:00,630.4269,630.4319,629.9683,630.4319,4226.0
2026-03-02 14:45:00,630.4768,630.5965,630.078,630.4269,2535.0
2026-03-02 14:50:00,630.4519,631.1748,630.3372,630.8208,4930.0
2026-03-02 14:55:00,630.8657,631.2994,630.7261,630.7859,6998.0
2026-03-02 15:00:00,631.1748,631.2645,630.6264,630.756,5150.0
2026-03-02 15:05:00,630.5865,630.7361,629.1107,629.2154,7335.0
2026-03-02 15:10:00,628.7318,628.7568,627.5552,627.6499,7311.0
2026-03-02 15:15:00,627.8742,629.0409,627.4455,628.4526,5755.0
2026-03-02 15:20:00,628.2133,629.0409,628.1734,628.8116,5623.0
2026-03-02 15:25:00,628.8864,629.4896,628.8864,629.3401,8855.0
2026-03-02 15:30:00,629.5694,629.7589,628.9113,629.0708,7201.0
2026-03-02 15:35:00,629.0929,629.3002,628.6321,628.7268,8272.0
2026-03-02 15:40:00,628.8714,628.9313,628.4227,628.9013,8331.0
2026-03-02 15:45:00,628.8016,629.6093,628.7119,629.1207,19606.0
2026-03-02 15:50:00,629.2304,629.2304,627.7447,628.7917,31335.0
2026-03-02 15:55:00,628.7219,629.4099,628.7219,628.8415,62425.0
2026-03-03 09:30:00,618.222,621.6023,617.3047,617.7434,29224.0
2026-03-03 09:35:00,617.7384,621.7629,617.2947,621.5824,12838.0
2026-03-03 09:40:00,620.8336,620.8336,615.6096,615.6096,13635.0
2026-03-03 09:45:00,615.9286,619.5383,615.6395,619.5383,14972.0
2026-03-03 09:50:00,617.4742,618.7106,615.3005,616.1181,43176.0
2026-03-03 09:55:00,615.4002,615.45,611.8404,612.6331,25628.0
2026-03-03 10:00:00,612.6331,613.6552,607.463,608.5947,48706.0
2026-03-03 10:05:00,608.2707,613.0768,608.2507,612.9073,24045.0
2026-03-03 10:10:00,612.6281,613.735,610.7934,613.3909,13470.0
2026-03-03 10:15:00,612.9672,612.9672,608.5299,609.0205,8494.0
2026-03-03 10:20:00,608.5299,609.7365,607.7422,609.2628,13417.0
2026-03-03 10:25:00,609.2628,610.1503,607.9316,608.7742,9946.0
2026-03-03 10:30:00,608.7742,609.4373,607.7422,608.9288,16321.0
2026-03-03 10:35:00,609.3675,610.6937,609.1481,609.198,7466.0
2026-03-03 10:40:00,609.3575,610.8134,608.9786,610.5142,17127.0
2026-03-03 10:45:00,610.7436,612.6381,610.4045,611.4116,8799.0
2026-03-03 10:50:00,610.9729,612.5234,610.584,612.5234,6742.0
2026-03-03 10:55:00,612.5434,614.5227,612.5434,614.5227,9082.0
2026-03-03 11:00:00,614.6723,614.9215,613.5654,613.5654,10767.0
2026-03-03 11:05:00,613.5555,615.4201,613.5555,614.408,10399.0
2026-03-03 11:10:00,614.3432,616.4222,614.2136,616.1281,18627.0
2026-03-03 11:15:00,615.6694,616.2926,615.6295,615.6295,5930.0
2026-03-03 11:20:00,615.6295,616.5568,615.6295,616.0982,15977.0
2026-03-03 11:25:00,616.0982,616.3873,615.121,615.45,12688.0
2026-03-03 11:30:00,615.121,616.6737,613.725,616.6737,15335.0
2026-03-03 11:35:00,616.7513,616.9357,615.8987,615.8987,5611.0
2026-03-03 11:40:00,616.3873,617.3943,616.0982,616.9956,12512.0
2026-03-03 11:45:00,617.0155,619.0068,616.5706,618.2669,16523.0
2026-03-03 11:50:00,618.252,619.0098,618.0027,618.5162,5672.0
2026-03-03 11:55:00,618.8552,619.2192,618.1871,618.1871,5474.0
2026-03-03 12:00:00,618.0625,618.3238,616.9657,617.4742,6405.0
2026-03-03 12:05:00,617.5041,617.9339,616.9657,617.0919,2206.0
2026-03-03 12:10:00,617.2,617.8232,616.6765,617.3346,4069.0
2026-03-03 12:15:00,617.7135,618.1323,616.9158,618.1323,4055.0
2026-03-03 12:20:00,618.222,618.6658,617.4443,618.5312,7454.0
2026-03-03 12:25:00,618.591,619.2192,617.7733,618.6857,5055.0
2026-03-03 12:30:00,618.6508,618.6807,616.5519,616.9657,7900.0
2026-03-03 12:35:00,616.9507,617.4742,616.8976,617.2997,4878.0
2026-03-03 12:40:00,617.2299,617.6437,616.3474,617.5839,6508.0
2026-03-03 12:45:00,617.3446,617.6736,617.0454,617.5889,2227.0
2026-03-03 12:50:00,617.5839,617.5839,614.9614,614.9814,7090.0
2026-03-03 12:55:00,615.2307,616.6466,615.2307,616.0383,6333.0
2026-03-03 13:00:00,616.3574,617.2399,615.9486,616.3125,7908.0
2026-03-03 13:05:00,616.8959,616.8959,615.7409,616.4172,2038.0
2026-03-03 13:10:00,616.4322,616.4322,614.9714,615.1559,3165.0
2026-03-03 13:15:00,615.3054,616.1281,614.9116,615.6494,5576.0
2026-03-03 13:20:00,615.8888,616.0046,615.2307,615.45,4040.0
2026-03-03 13:25:00,615.4002,615.809,615.0412,615.0412,3379.0
2026-03-03 13:30:00,615.0113,615.4201,615.0113,615.3891,3345.0
2026-03-03 13:35:00,615.3703,616.6765,615.3204,616.6167,4058.0
2026-03-03 13:40:00,616.9756,617.544,616.4272,616.9607,5731.0
2026-03-03 13:45:00,616.9657,616.9657,616.1181,616.5269,5790.0
2026-03-03 13:50:00,616.5568,617.8382,616.5568,616.9357,8758.0
2026-03-03 13:55:00,617.0055,617.0355,616.4372,616.4422,3846.0
2026-03-03 14:00:00,616.5568,616.6266,615.8289,615.8289,15941.0
2026-03-03 14:05:00,615.8289,616.2577,615.45,615.5098,19317.0
2026-03-03 14:10:00,615.7292,615.7292,614.5985,614.752,4122.0
2026-03-03 14:15:00,614.5925,615.1201,614.5277,614.9315,1480.0
2026-03-03 14:20:00,614.9415,615.5398,614.752,614.8418,8351.0
2026-03-03 14:25:00,615.111,615.2904,614.5027,614.6423,4954.0
2026-03-03 14:30:00,614.5027,614.6124,613.2365,613.6253,5684.0
2026-03-03 14:35:00,613.2364,615.4201,613.0968,614.9116,5047.0
2026-03-03 14:40:00,614.9167,616.0433,614.9167,615.8863,3339.0
2026-03-03 14:45:00,616.3275,616.4472,615.4799,615.799,8046.0
2026-03-03 14:50:00,616.1181,616.488,615.4999,616.0333,5448.0
2026-03-03 14:55:00,616.0433,616.0433,615.6594,615.7392,2984.0
2026-03-03 15:00:00,615.799,615.8937,615.5098,615.7968,5306.0
2026-03-03 15:05:00,615.4201,615.4301,615.1708,615.3503,4524.0
2026-03-03 15:10:00,615.3503,616.0184,615.3503,615.3902,7563.0
2026-03-03 15:15:00,615.5796,615.8738,615.3005,615.3403,7184.0
2026-03-03 15:20:00,615.4799,616.1181,615.0711,615.0711,9522.0
2026-03-03 15:25:00,615.2705,615.809,614.7421,615.4999,9114.0
2026-03-03 15:30:00,615.4002,616.138,615.4002,615.8539,10080.0
2026-03-03 15:35:00,615.8937,616.5868,615.6096,615.8987,12852.0
2026-03-03 15:40:00,616.0483,616.2178,615.6345,616.1281,9869.0
2026-03-03 15:45:00,616.0284,616.2677,615.6694,616.0982,15909.0
2026-03-03 15:50:00,616.0184,616.497,614.5725,616.0583,35888.0
2026-03-03 15:55:00,615.9386,617.6238,615.6195,617.5939,105756.0
2026-03-04 09:30:00,617.4543,620.9342,616.2278,616.846,24858.0
2026-03-04 09:35:00,617.4892,617.6992,614.5027,616.158,16047.0
2026-03-04 09:40:00,615.7662,617.1352,614.9415,615.0312,11397.0
2026-03-04 09:45:00,615.3005,617.2149,614.5376,616.5768,9838.0
2026-03-04 09:50:00,616.3474,617.539,614.8218,617.3446,11863.0
2026-03-04 09:55:00,616.5868,617.7035,615.7616,617.7035,6460.0
2026-03-04 10:00:00,617.6288,617.7235,613.4857,614.4429,24464.0
2026-03-04 10:05:00,614.4306,615.5298,612.9073,614.3631,9686.0
2026-03-04 10:10:00,614.9016,616.5668,614.9016,616.5618,10755.0
2026-03-04 10:15:00,616.6266,617.1152,615.8489,616.0982,10347.0
2026-03-04 10:20:00,615.8788,616.3329,615.0512,616.1181,7687.0
2026-03-04 10:25:00,616.4671,618.4215,615.5198,618.0825,13558.0
2026-03-04 10:30:00,618.252,618.4763,616.2665,616.4123,12726.0
2026-03-04 10:35:00,616.1281,616.1281,615.2955,615.9286,9444.0
2026-03-04 10:40:00,616.0284,617.1177,615.5986,616.1181,5232.0
2026-03-04 10:45:00,616.0982,616.7164,615.5398,615.9984,7297.0
2026-03-04 10:50:00,615.8389,616.3474,615.1938,615.8688,9043.0
2026-03-04 10:55:00,616.3474,616.3474,615.5946,616.2727,3613.0
2026-03-04 11:00:00,616.3923,616.8859,615.4326,615.7292,7876.0
2026-03-04 11:05:00,615.9287,615.9287,613.5186,614.4379,6749.0
2026-03-04 11:10:00,614.2136,614.2834,612.7328,613.361,7900.0
2026-03-04 11:15:00,613.361,614.7819,613.361,613.6552,15421.0
2026-03-04 11:20:00,613.6552,614.3831,612.9971,614.3831,7380.0
2026-03-04 11:25:00,614.8617,615.1758,613.2763,613.6801,9356.0
2026-03-04 11:30:00,613.6751,615.4201,613.6751,615.0362,11527.0
2026-03-04 11:35:00,615.2705,615.2705,613.9369,614.1712,8430.0
2026-03-04 11:40:00,613.7649,615.2406,613.7649,614.9465,5055.0
2026-03-04 11:45:00,615.4301,615.6095,614.6224,614.6324,4881.0
2026-03-04 11:50:00,614.6224,615.3403,614.3631,614.7919,8504.0
2026-03-04 11:55:00,615.1908,616.3674,615.1908,616.1644,3614.0
2026-03-04 12:00:00,615.7292,616.0001,615.5298,615.5298,2612.0
2026-03-04 12:05:00,615.46,615.5298,614.8318,615.2007,4062.0
2026-03-04 12:10:00,615.3403,616.0682,614.8019,616.0682,10935.0
2026-03-04 12:15:00,616.2378,616.3973,615.6893,615.8489,7269.0
2026-03-04 12:20:00,615.7791,615.7791,615.0711,615.3403,3922.0
2026-03-04 12:25:00,615.4749,615.6694,614.8418,615.0013,2691.0
2026-03-04 12:30:00,614.8667,614.9814,614.054,614.4429,18416.0
2026-03-04 12:35:00,614.4828,614.8468,613.8945,614.8468,7538.0
2026-03-04 12:40:00,614.8468,615.5946,614.6604,615.5796,3410.0
2026-03-04 12:45:00,615.5996,615.9237,614.7919,615.2354,4353.0
2026-03-04 12:50:00,615.4999,616.2278,615.4899,616.2278,1884.0
2026-03-04 12:55:00,616.158,616.1829,615.8888,615.9586,2744.0
2026-03-04 13:00:00,616.2427,616.9158,616.147,616.1729,7639.0
2026-03-04 13:05:00,616.158,616.158,615.7691,615.7691,9712.0
2026-03-04 13:10:00,615.7791,616.148,615.2055,615.2055,6136.0
2026-03-04 13:15:00,615.0512,615.6195,614.3778,614.6872,4761.0
2026-03-04 13:20:00,614.6922,616.0583,614.4828,615.5796,9025.0
2026-03-04 13:25:00,615.5796,616.2976,615.5796,616.2178,3701.0
2026-03-04 13:30:00,615.9735,616.3375,615.8489,616.3375,3310.0
2026-03-04 13:35:00,616.3873,616.3873,615.2207,615.2307,10700.0
2026-03-04 13:40:00,615.2307,615.9884,614.064,614.064,9286.0
2026-03-04 13:45:00,614.2784,614.2784,613.7748,613.9643,5227.0
2026-03-04 13:50:00,614.1097,614.1637,613.1417,613.2364,8440.0
2026-03-04 13:55:00,613.3511,613.4757,612.5783,612.7777,8498.0
2026-03-04 14:00:00,613.0768,613.1367,612.4786,612.5086,8411.0
2026-03-04 14:05:00,613.0967,613.3062,612.9921,613.017,2721.0
2026-03-04 14:10:00,613.2513,613.2513,611.9102,612.7927,14551.0
2026-03-04 14:15:00,613.0669,613.5853,612.3091,612.3091,5477.0
2026-03-04 14:20:00,612.3888,612.3888,611.1923,612.1794,12312.0
2026-03-04 14:25:00,612.1994,614.3731,612.0899,614.3212,25134.0
2026-03-04 14:30:00,614.413,614.7421,613.3062,613.3062,8407.0
2026-03-04 14:35:00,613.3959,613.9095,612.8774,613.2663,12057.0
2026-03-04 14:40:00,613.2663,613.5156,612.8376,612.9871,8559.0
2026-03-04 14:45:00,612.8674,613.6652,612.8076,613.3411,8454.0
2026-03-04 14:50:00,613.5888,614.2784,612.9871,614.054,8887.0
2026-03-04 14:55:00,613.9194,614.2634,613.4657,613.4857,3619.0
2026-03-04 15:00:00,613.4857,614.4259,613.4857,614.1886,19942.0
2026-03-04 15:05:00,614.1936,614.4629,613.7599,613.8895,8578.0
2026-03-04 15:10:00,613.8895,614.0142,613.3162,613.6003,6843.0
2026-03-04 15:15:00,613.6303,613.8746,613.2763,613.4258,5578.0
2026-03-04 15:20:00,613.6951,613.8247,613.1965,613.6203,15233.0
2026-03-04 15:25:00,613.7449,614.054,613.4857,614.0291,17111.0
2026-03-04 15:30:00,613.9793,614.2435,613.6452,613.6502,14229.0
2026-03-04 15:35:00,613.7549,614.1537,613.5954,613.8247,15666.0
2026-03-04 15:40:00,613.8048,614.3233,613.8048,614.1687,15847.0
2026-03-04 15:45:00,614.1637,614.2435,613.6153,613.8795,37252.0
2026-03-04 15:50:00,613.8795,614.0241,612.5384,613.8746,56848.0
2026-03-04 15:55:00,614.0142,614.2884,612.1695,612.2193,116017.0
2026-03-05 09:30:00,605.8676,608.6097,604.2623,607.8818,23279.0
2026-03-05 09:35:00,608.0563,608.0663,604.0927,605.1098,6875.0
2026-03-05 09:40:00,605.4729,605.738,602.8662,604.4068,7639.0
2026-03-05 09:45:00,603.9232,604.0827,601.8104,601.884,18151.0
2026-03-05 09:50:00,601.884,603.1853,601.4802,601.9439,12745.0
2026-03-05 09:55:00,601.5201,604.0528,601.5201,603.9331,17922.0
2026-03-05 10:00:00,603.1055,603.9331,601.5301,603.1354,7150.0
2026-03-05 10:05:00,603.0058,603.3049,600.503,602.6967,16568.0
2026-03-05 10:10:00,601.9688,602.6967,599.9546,601.3655,17279.0
2026-03-05 10:15:00,601.8691,601.8691,600.2737,601.3406,12434.0
2026-03-05 10:20:00,601.2907,601.7993,599.3264,599.5807,31003.0
2026-03-05 10:25:00,599.5856,601.1611,596.3849,596.8535,27439.0
2026-03-05 10:30:00,596.6142,597.409,595.5273,595.5871,31977.0
2026-03-05 10:35:00,596.0309,596.2048,593.9169,595.0188,30543.0
2026-03-05 10:40:00,595.1883,596.6441,594.8842,595.642,10576.0
2026-03-05 10:45:00,595.637,597.0891,594.1662,596.4347,34840.0
2026-03-05 10:50:00,596.5344,597.4817,595.9661,596.5942,6486.0
2026-03-05 10:55:00,596.4347,596.4347,595.1135,595.3279,9922.0
2026-03-05 11:00:00,595.2681,595.8663,593.7873,594.0765,19993.0
2026-03-05 11:05:00,593.5531,593.9917,593.0993,593.7773,13493.0
2026-03-05 11:10:00,593.8122,594.0714,592.3465,593.1691,9814.0
2026-03-05 11:15:00,593.2239,593.2788,592.0274,592.9547,9673.0
2026-03-05 11:20:00,593.1741,593.3187,591.4092,591.4092,20808.0
2026-03-05 11:25:00,592.0473,592.0473,591.1649,591.9676,23243.0
2026-03-05 11:30:00,591.5438,592.8201,591.5438,591.8479,15099.0
2026-03-05 11:35:00,591.8379,591.8379,590.9006,591.11,15483.0
2026-03-05 11:40:00,591.3892,591.5159,590.7909,591.1449,9680.0
2026-03-05 11:45:00,591.4391,591.9277,591.14,591.2696,8803.0
2026-03-05 11:50:00,591.3792,591.8878,590.3023,591.6684,14888.0
2026-03-05 11:55:00,591.8379,592.5459,590.8009,591.0602,8117.0
2026-03-05 12:00:00,591.1848,591.7881,591.0203,591.2596,9599.0
2026-03-05 12:05:00,590.8807,591.0253,589.5744,589.9833,12844.0
2026-03-05 12:10:00,589.8536,590.4738,589.6742,590.1179,6121.0
2026-03-05 12:15:00,590.4419,590.7012,589.1058,589.3252,16519.0
2026-03-05 12:20:00,589.5196,589.8038,588.0488,588.338,27552.0
2026-03-05 12:25:00,588.2383,588.4676,587.2411,587.6101,23085.0
2026-03-05 12:30:00,587.6849,587.6849,586.6628,586.9071,11211.0
2026-03-05 12:35:00,586.9221,588.3279,586.9221,587.5004,18829.0
2026-03-05 12:40:00,587.5503,587.5801,585.9648,587.0716,8402.0
2026-03-05 12:45:00,586.7871,587.2112,586.1244,586.1244,6858.0
2026-03-05 12:50:00,585.9649,586.1343,585.3267,585.6108,9539.0
2026-03-05 12:55:00,585.6108,586.8622,585.6108,586.4634,16598.0
2026-03-05 13:00:00,586.3437,586.962,586.3038,586.8523,8771.0
2026-03-05 13:05:00,586.9919,588.338,586.8373,588.1685,10044.0
2026-03-05 13:10:00,588.0538,588.4626,587.3608,587.7297,13939.0
2026-03-05 13:15:00,587.7297,587.9591,587.291,587.3907,7468.0
2026-03-05 13:20:00,587.2317,587.526,586.608,586.608,7456.0
2026-03-05 13:25:00,586.6877,587.281,586.5267,587.2511,6145.0
2026-03-05 13:30:00,586.9919,587.5104,586.6927,587.1913,10032.0
2026-03-05 13:35:00,587.5104,588.7169,587.281,587.8793,10727.0
2026-03-05 13:40:00,587.5901,589.5645,587.5901,589.2853,11407.0
2026-03-05 13:45:00,589.395,589.6778,587.3409,588.2981,11943.0
2026-03-05 13:50:00,588.2134,588.6371,587.291,587.7995,7665.0
2026-03-05 13:55:00,587.7995,588.5474,587.4805,587.4805,9423.0
2026-03-05 14:00:00,587.3807,588.1785,586.4235,586.8922,39472.0
2026-03-05 14:05:00,586.8124,587.3159,586.4434,587.2362,5951.0
2026-03-05 14:10:00,587.2411,587.7297,586.8224,587.3209,12032.0
2026-03-05 14:15:00,587.1414,587.3159,586.3138,586.7027,8188.0
2026-03-05 14:20:00,586.932,587.5303,586.7725,586.962,7479.0
2026-03-05 14:25:00,587.1863,587.2362,585.3167,585.379,15394.0
2026-03-05 14:30:00,585.3267,585.4413,584.7882,585.1671,9230.0
2026-03-05 14:35:00,585.1671,585.3167,584.6436,585.0554,9282.0
2026-03-05 14:40:00,585.0076,585.7056,584.7683,585.4762,10776.0
2026-03-05 14:45:00,585.1771,585.9998,584.868,585.1821,11558.0
2026-03-05 14:50:00,585.197,585.9848,585.0475,585.217,12581.0
2026-03-05 14:55:00,585.2718,585.6442,584.8282,585.4862,8159.0
2026-03-05 15:00:00,585.561,585.8651,584.6187,585.8551,11563.0
2026-03-05 15:05:00,585.6258,586.7326,585.3965,586.593,14906.0
2026-03-05 15:10:00,586.4335,587.8793,586.4335,587.8793,29331.0
2026-03-05 15:15:00,587.63,588.0588,587.2312,587.4239,17255.0
2026-03-05 15:20:00,587.5777,587.8195,587.3908,587.5004,11385.0
2026-03-05 15:25:00,587.6051,588.1909,587.0916,587.6998,25169.0
2026-03-05 15:30:00,587.6699,588.1186,587.3309,587.7048,16513.0
2026-03-05 15:35:00,587.6948,588.1484,587.4905,587.6948,14135.0
2026-03-05 15:40:00,587.6948,588.2134,587.4929,587.7048,21203.0
2026-03-05 15:45:00,587.9192,587.9591,586.5033,586.6628,25416.0
2026-03-05 15:50:00,586.5631,588.9163,585.905,588.677,45701.0
2026-03-05 15:55:00,588.6471,589.016,588.338,588.7368,142334.0
2026-03-06 09:30:00,583.5617,585.7454,580.6252,585.1871,23997.0
2026-03-06 09:35:00,585.0923,587.3109,582.9934,584.519,15840.0
2026-03-06 09:40:00,585.0273,587.8843,583.3324,587.291,13328.0
2026-03-06 09:45:00,587.291,587.8993,584.2099,585.4164,11056.0
2026-03-06 09:50:00,584.6885,585.4962,582.4449,582.769,14152.0
2026-03-06 09:55:00,582.3751,582.769,578.8752,579.9721,27966.0
2026-03-06 10:00:00,579.4934,583.2925,579.1644,582.3153,22864.0
2026-03-06 10:05:00,582.3253,583.7911,581.2883,582.1408,13712.0
2026-03-06 10:10:00,581.2982,583.0133,581.2883,581.8567,22904.0
2026-03-06 10:15:00,583.0632,583.6398,582.4599,583.4171,15353.0
2026-03-06 10:20:00,583.4271,584.6985,583.4271,583.8509,12449.0
2026-03-06 10:25:00,583.8509,584.853,582.8687,584.3345,14254.0
2026-03-06 10:30:00,584.868,585.8751,583.9905,584.9328,17765.0
2026-03-06 10:35:00,584.9428,585.563,584.0902,584.5589,25371.0
2026-03-06 10:40:00,584.7234,584.7234,583.2626,583.8509,9591.0
2026-03-06 10:45:00,583.5916,583.6614,582.3353,582.6743,8681.0
2026-03-06 10:50:00,582.6693,582.9136,581.4179,582.0062,5495.0
2026-03-06 10:55:00,582.1159,583.5966,582.1159,582.42,7833.0
2026-03-06 11:00:00,582.4549,583.472,582.076,583.2277,18488.0
2026-03-06 11:05:00,583.2277,583.2277,581.7469,581.8666,12440.0
2026-03-06 11:10:00,582.0561,582.3253,580.2463,580.2512,18104.0
2026-03-06 11:15:00,579.9212,581.8068,579.9212,581.4777,6962.0
2026-03-06 11:20:00,581.3282,581.5075,579.638,580.0269,15620.0
2026-03-06 11:25:00,580.0269,580.3111,579.3339,579.3339,13394.0
2026-03-06 11:30:00,579.304,579.6629,578.4564,578.8951,7960.0
2026-03-06 11:35:00,578.8951,580.2014,577.833,579.3738,14592.0
2026-03-06 11:40:00,579.3538,580.8296,579.3189,579.8424,6707.0
2026-03-06 11:45:00,580.0917,580.3111,579.638,579.9571,12110.0
2026-03-06 11:50:00,580.0319,580.4606,579.1594,579.294,9033.0
2026-03-06 11:55:00,579.2965,579.5233,578.3368,578.6658,8964.0
2026-03-06 12:00:00,578.5561,579.5732,578.4365,578.8752,7291.0
2026-03-06 12:05:00,579.0846,579.0846,577.7285,578.257,16600.0
2026-03-06 12:10:00,578.257,578.5661,577.9279,577.9603,11390.0
2026-03-06 12:15:00,578.1722,578.1722,577.0205,577.559,14635.0
2026-03-06 12:20:00,577.6886,578.9749,577.559,578.3467,11034.0
2026-03-06 12:25:00,578.4165,578.5362,577.559,577.7784,6782.0
2026-03-06 12:30:00,578.3268,578.8752,577.7086,578.3567,6130.0
2026-03-06 12:35:00,578.9749,578.9749,576.9109,577.3297,9489.0
2026-03-06 12:40:00,577.1901,577.5689,575.9736,576.7513,10560.0
2026-03-06 12:45:00,577.0505,578.1473,576.7912,577.7809,11900.0
2026-03-06 12:50:00,577.7734,578.8154,577.7734,578.6957,7463.0
2026-03-06 12:55:00,578.8353,578.9151,578.0776,578.5013,7396.0
2026-03-06 13:00:00,578.5661,579.4635,578.2171,578.7007,7330.0
2026-03-06 13:05:00,578.4963,579.4735,578.4963,579.3239,5234.0
2026-03-06 13:10:00,579.4735,580.8344,579.3139,580.3111,9148.0
2026-03-06 13:15:00,580.2712,580.9692,580.0718,580.9692,10992.0
2026-03-06 13:20:00,580.6651,580.9094,579.7926,579.8125,14614.0
2026-03-06 13:25:00,579.8125,580.3868,579.4037,579.8275,9548.0
2026-03-06 13:30:00,580.6401,581.3282,579.9322,580.8296,9526.0
2026-03-06 13:35:00,580.6601,580.7747,580.1117,580.2164,14416.0
2026-03-06 13:40:00,580.1117,581.4977,579.8125,581.4777,6326.0
2026-03-06 13:45:00,581.6672,581.6672,580.8695,581.1736,14059.0
2026-03-06 13:50:00,581.1786,581.5176,580.2812,580.9094,10354.0
2026-03-06 13:55:00,580.9293,581.388,580.6401,580.68,6616.0
2026-03-06 14:00:00,580.9243,581.2384,580.341,580.5105,12930.0
2026-03-06 14:05:00,580.351,581.0789,579.7676,580.6551,8584.0
2026-03-06 14:10:00,580.6401,582.6194,580.6401,582.6194,11679.0
2026-03-06 14:15:00,582.3053,582.784,581.6672,582.2256,12340.0
2026-03-06 14:20:00,582.2256,582.2256,580.9991,580.9991,8499.0
2026-03-06 14:25:00,580.9293,582.6194,580.6501,582.2156,5852.0
2026-03-06 14:30:00,582.2355,583.6465,582.2355,583.2325,14728.0
2026-03-06 14:35:00,583.6315,583.6914,582.7242,582.8338,6161.0
2026-03-06 14:40:00,582.9983,584.3195,582.9983,583.5019,16030.0
2026-03-06 14:45:00,583.5019,584.0104,582.9735,583.3374,8792.0
2026-03-06 14:50:00,583.2164,583.7818,583.2164,583.457,10662.0
2026-03-06 14:55:00,583.457,583.6265,582.8538,583.0233,9087.0
2026-03-06 15:00:00,583.0233,584.514,582.8089,584.4492,15737.0
2026-03-06 15:05:00,584.4492,584.499,583.7313,584.2498,23413.0
2026-03-06 15:10:00,584.2498,585.2668,584.1301,584.8779,10122.0
2026-03-06 15:15:00,584.7334,585.5361,584.7334,584.9678,5753.0
2026-03-06 15:20:00,585.1821,586.3138,584.8181,585.6507,19363.0
2026-03-06 15:25:00,586.0745,586.5432,585.3665,585.7155,13550.0
2026-03-06 15:30:00,585.7853,586.3886,584.8809,585.0824,15508.0
2026-03-06 15:35:00,585.0674,585.7155,584.509,585.7155,13081.0
2026-03-06 15:40:00,585.6059,586.6827,585.4712,585.8152,15675.0
2026-03-06 15:45:00,585.8152,586.3736,585.5859,586.302,27375.0
2026-03-06 15:50:00,586.1543,587.0716,584.858,586.7027,42214.0
2026-03-06 15:55:00,586.8971,588.1585,586.3836,587.7198,153933.0
2026-03-09 09:30:00,584.7882,584.7882,581.3282,583.1529,29607.0
2026-03-09 09:35:00,583.1529,583.5318,580.7398,582.2854,12390.0
2026-03-09 09:40:00,581.896,582.2655,579.4037,580.4208,16802.0
2026-03-09 09:45:00,580.1515,580.5604,578.7954,578.8079,17469.0
2026-03-09 09:50:00,579.7028,579.7028,576.6616,577.0654,12968.0
2026-03-09 09:55:00,577.4393,580.5304,576.9707,579.3339,19342.0
2026-03-09 10:00:00,580.4407,580.8894,578.6758,580.2014,13298.0
2026-03-09 10:05:00,580.5055,580.8096,578.3866,580.2662,11003.0
2026-03-09 10:10:00,580.2662,581.9563,579.3817,581.0589,9125.0
2026-03-09 10:15:00,581.0589,581.8516,580.4961,581.0839,13704.0
2026-03-09 10:20:00,581.024,581.8865,580.0568,581.3282,17343.0
2026-03-09 10:25:00,581.3581,581.9065,579.987,580.0817,14388.0
2026-03-09 10:30:00,580.5304,581.6472,579.9521,581.6472,5882.0
2026-03-09 10:35:00,581.727,583.0382,581.1287,582.8513,10239.0
2026-03-09 10:40:00,582.8588,583.472,581.034,581.1783,11989.0
2026-03-09 10:45:00,581.7519,582.435,581.1886,582.0511,8134.0
2026-03-09 10:50:00,581.6073,582.5746,581.1487,582.2505,6059.0
2026-03-09 10:55:00,582.2505,583.1928,582.0959,582.8288,12704.0
2026-03-09 11:00:00,582.5048,584.4691,582.415,584.4242,8467.0
2026-03-09 11:05:00,584.7284,584.9588,584.3395,584.6536,7729.0
2026-03-09 11:10:00,584.6985,585.1272,584.0503,584.5888,9763.0
2026-03-09 11:15:00,584.7932,585.3167,584.4492,584.9278,13415.0
2026-03-09 11:20:00,584.9378,586.1293,584.7184,585.7355,10333.0
2026-03-09 11:25:00,585.7355,586.1742,585.1113,585.1671,9255.0
2026-03-09 11:30:00,585.4164,585.4264,583.6465,584.1301,6920.0
2026-03-09 11:35:00,584.1102,584.6087,583.831,584.5888,4605.0
2026-03-09 11:40:00,584.1899,584.5489,583.3224,583.3673,12347.0
2026-03-09 11:45:00,583.462,584.7084,583.462,584.1451,7364.0
2026-03-09 11:50:00,584.16,585.7554,584.15,585.7554,6479.0
2026-03-09 11:55:00,585.7554,586.7825,585.5061,586.1443,17364.0
2026-03-09 12:00:00,586.4036,586.6429,585.0275,586.1742,15682.0
2026-03-09 12:05:00,585.905,586.7924,585.6457,586.7226,9651.0
2026-03-09 12:10:00,586.7226,587.4206,586.1543,587.1913,5936.0
2026-03-09 12:15:00,587.1514,587.2013,585.7754,586.5631,6575.0
2026-03-09 12:20:00,586.9719,587.5802,586.0246,587.5802,9420.0
2026-03-09 12:25:00,587.6899,588.6371,587.3708,588.1133,10778.0
2026-03-09 12:30:00,587.9092,589.3052,587.5104,589.3052,14706.0
2026-03-09 12:35:00,589.1008,589.8137,589.1008,589.6343,10593.0
2026-03-09 12:40:00,589.734,591.3094,589.6044,590.7793,16356.0
2026-03-09 12:45:00,591.419,591.813,590.8657,590.9107,27892.0
2026-03-09 12:50:00,591.7681,592.2468,591.3992,591.7482,13025.0
2026-03-09 12:55:00,591.7282,592.1271,591.0352,591.2396,8823.0
2026-03-09 13:00:00,591.2995,591.7731,591.12,591.7731,6399.0
2026-03-09 13:05:00,591.7881,592.5758,591.1791,591.8479,20126.0
2026-03-09 13:10:00,592.2966,592.6356,592.0872,592.5259,5805.0
2026-03-09 13:15:00,592.4661,592.6057,591.3294,591.5986,7285.0
2026-03-09 13:20:00,591.5936,591.8479,589.3252,589.3252,14027.0
2026-03-09 13:25:00,589.4847,589.6542,588.7967,589.2055,6105.0
2026-03-09 13:30:00,589.6044,589.8437,589.3152,589.5346,6366.0
2026-03-09 13:35:00,589.5296,590.3323,589.1955,589.6293,13831.0
2026-03-09 13:40:00,589.8536,589.8934,588.8066,588.8615,18554.0
2026-03-09 13:45:00,588.7468,590.6314,588.6072,590.1927,24708.0
2026-03-09 13:50:00,590.0182,591.0003,590.0032,590.2774,4530.0
2026-03-09 13:55:00,590.3971,591.3792,590.3971,590.7112,6597.0
2026-03-09 14:00:00,590.771,590.9804,589.9035,590.3023,12364.0
2026-03-09 14:05:00,590.2974,590.3572,588.8864,589.2354,7094.0
2026-03-09 14:10:00,589.2753,590.3323,588.4576,588.6072,22790.0
2026-03-09 14:15:00,588.5873,589.6692,588.3878,589.6692,18601.0
2026-03-09 14:20:00,589.9833,590.7909,589.1606,589.2703,5456.0
2026-03-09 14:25:00,589.2703,589.7739,588.667,589.1507,12333.0
2026-03-09 14:30:00,589.6044,590.8807,589.2728,590.6414,7071.0
2026-03-09 14:35:00,590.9006,591.6584,590.756,591.2097,10145.0
2026-03-09 14:40:00,591.1698,591.5039,590.9106,590.9106,3829.0
2026-03-09 14:45:00,591.1599,591.6584,590.9106,591.6285,6586.0
2026-03-09 14:50:00,591.6086,592.2667,591.2097,591.2097,7313.0
2026-03-09 14:55:00,590.9006,591.4291,589.6419,589.6419,5660.0
2026-03-09 15:00:00,590.1029,591.2596,590.1029,590.9615,9722.0
2026-03-09 15:05:00,591.2795,591.808,590.8408,591.808,10209.0
2026-03-09 15:10:00,591.7781,592.3564,591.2546,591.6186,7106.0
2026-03-09 15:15:00,591.2546,592.6356,590.6813,592.6356,12470.0
2026-03-09 15:20:00,593.1043,594.231,592.9049,594.0117,13501.0
2026-03-09 15:25:00,594.0117,595.3279,593.4732,595.2581,14327.0
2026-03-09 15:30:00,595.1783,596.1356,594.0516,595.8663,15012.0
2026-03-09 15:35:00,596.325,596.9582,595.2631,596.9582,17860.0
2026-03-09 15:40:00,597.2224,597.2224,595.3279,596.0857,17254.0
2026-03-09 15:45:00,596.0957,597.1526,595.6569,596.7837,28807.0
2026-03-09 15:50:00,596.4646,596.8635,595.6769,596.3051,84297.0
2026-03-09 15:55:00,596.1854,599.0971,595.981,597.9105,165206.0
2026-03-10 09:30:00,595.3678,597.033,593.254,594.2859,23994.0
2026-03-10 09:35:00,593.6826,598.2671,593.6826,596.664,5875.0
2026-03-10 09:40:00,598.0999,598.1498,596.0537,597.1576,5654.0
2026-03-10 09:45:00,596.7139,598.1498,594.6997,594.7296,10233.0
2026-03-10 09:50:00,594.6,594.8493,591.6999,592.6862,14839.0
2026-03-10 09:55:00,592.2866,594.6897,592.2817,594.2659,9507.0
2026-03-10 10:00:00,594.929,596.1455,593.244,594.8642,10730.0
2026-03-10 10:05:00,594.8642,597.1825,594.1712,595.637,12175.0
2026-03-10 10:10:00,596.0608,596.664,595.3877,596.3236,6886.0
2026-03-10 10:15:00,596.2851,596.2851,594.1712,595.6968,6564.0
2026-03-10 10:20:00,595.6918,598.2744,595.6918,597.6512,18837.0
2026-03-10 10:25:00,597.6512,598.075,596.3948,596.9083,10379.0
2026-03-10 10:30:00,597.3122,597.8008,596.5244,597.3222,7155.0
2026-03-10 10:35:00,597.1227,597.1676,596.2552,596.9233,6522.0
2026-03-10 10:40:00,597.3122,598.2794,597.2823,598.2495,8670.0
2026-03-10 10:45:00,598.2595,599.2366,596.9083,596.9133,7847.0
2026-03-10 10:50:00,597.5016,598.4389,597.4917,598.2046,8973.0
2026-03-10 10:55:00,598.2046,598.7481,597.741,598.6284,4753.0
2026-03-10 11:00:00,598.6533,599.2765,598.429,599.2566,8976.0
2026-03-10 11:05:00,598.6184,598.8179,597.2175,597.3122,6397.0
2026-03-10 11:10:00,596.8236,597.0529,596.0658,596.4397,4948.0
2026-03-10 11:15:00,596.4447,597.2723,596.2403,597.2623,3828.0
2026-03-10 11:20:00,597.2623,597.6213,596.7338,597.6213,8125.0
2026-03-10 11:25:00,597.4618,598.0899,597.013,597.8955,10840.0
2026-03-10 11:30:00,597.8905,599.2765,597.8905,598.768,8514.0
2026-03-10 11:35:00,598.8478,598.8478,597.9703,598.2595,2437.0
2026-03-10 11:40:00,598.4389,598.9774,597.8069,598.6384,10783.0
2026-03-10 11:45:00,598.9176,599.4062,598.5586,598.6832,5752.0
2026-03-10 11:50:00,598.6783,598.9475,597.8855,598.5087,4050.0
2026-03-10 11:55:00,598.5785,599.0771,598.2495,599.0771,4349.0
2026-03-10 12:00:00,598.773,599.0871,597.8008,597.8055,14946.0
2026-03-10 12:05:00,598.0351,598.2595,597.6213,598.1897,4455.0
2026-03-10 12:10:00,598.2595,598.9525,597.7709,597.7709,3903.0
2026-03-10 12:15:00,598.1398,598.1398,597.3684,597.3684,6441.0
2026-03-10 12:20:00,597.3222,597.382,595.3578,595.4027,7968.0
2026-03-10 12:25:00,595.9162,595.9361,595.1683,595.2082,6199.0
2026-03-10 12:30:00,595.3279,596.2951,595.3279,596.2153,4824.0
2026-03-10 12:35:00,596.3051,596.7712,595.7517,596.2752,7617.0
2026-03-10 12:40:00,596.2752,596.5045,595.8265,596.5045,3924.0
2026-03-10 12:45:00,596.4846,597.2623,595.8464,596.8934,6060.0
2026-03-10 12:50:00,596.6989,597.8108,596.6989,597.7609,3026.0
2026-03-10 12:55:00,597.7908,598.7181,597.6363,598.7181,5389.0
2026-03-10 13:00:00,598.758,599.1419,598.6583,598.6683,5281.0
2026-03-10 13:05:00,599.0871,599.7369,598.8608,599.3389,5593.0
2026-03-10 13:10:00,599.3413,599.5856,598.9973,599.0472,6007.0
2026-03-10 13:15:00,598.9375,599.1465,598.6384,598.7381,4340.0
2026-03-10 13:20:00,598.7481,599.3463,598.5586,599.3463,10106.0
2026-03-10 13:25:00,599.3364,600.5828,599.1469,600.3534,5616.0
2026-03-10 13:30:00,600.3534,601.0736,599.8349,600.2737,7964.0
2026-03-10 13:35:00,599.8948,599.8948,598.2644,598.6483,4614.0
2026-03-10 13:40:00,598.6483,599.087,598.0571,599.0472,11840.0
2026-03-10 13:45:00,599.1968,600.7623,599.1968,600.7623,6914.0
2026-03-10 13:50:00,600.513,601.3007,600.1839,600.1839,10364.0
2026-03-10 13:55:00,599.8748,600.1839,599.5258,599.5258,10970.0
2026-03-10 14:00:00,599.1968,599.7103,598.8528,598.8528,7850.0
2026-03-10 14:05:00,598.8478,599.4909,598.3991,598.3991,14605.0
2026-03-10 14:10:00,597.8905,598.6378,595.1384,595.1384,12386.0
2026-03-10 14:15:00,595.2381,596.6291,594.6798,594.8144,11129.0
2026-03-10 14:20:00,594.8094,595.1782,594.0765,594.4903,9292.0
2026-03-10 14:25:00,594.6498,596.2353,594.4604,595.5064,10853.0
2026-03-10 14:30:00,595.9262,596.5643,595.0886,595.5074,9570.0
2026-03-10 14:35:00,595.4924,595.8265,594.595,594.8044,10192.0
2026-03-10 14:40:00,594.8044,595.1384,593.9518,594.6897,8659.0
2026-03-10 14:45:00,594.2809,594.959,593.869,594.246,10089.0
2026-03-10 14:50:00,594.2909,594.4404,593.7524,594.0117,7934.0
2026-03-10 14:55:00,594.0216,594.1612,593.6029,594.0316,5575.0
2026-03-10 15:00:00,594.1612,594.5501,593.6128,593.7808,12013.0
2026-03-10 15:05:00,593.543,594.6299,592.8251,593.7824,21041.0
2026-03-10 15:10:00,593.8023,593.9743,592.9547,593.1242,6970.0
2026-03-10 15:15:00,593.1791,594.0167,593.1791,593.8023,6813.0
2026-03-10 15:20:00,593.543,593.7674,592.1934,592.3739,9944.0
2026-03-10 15:25:00,592.3714,592.3714,590.4619,590.8807,11445.0
2026-03-10 15:30:00,590.6015,591.1998,590.3023,590.9305,26304.0
2026-03-10 15:35:00,591.0103,591.9725,591.0103,591.798,16708.0
2026-03-10 15:40:00,591.9426,592.6057,589.7439,590.0929,17217.0
2026-03-10 15:45:00,590.0929,590.8707,590.0231,590.6513,38970.0
2026-03-10 15:50:00,590.9704,591.6983,590.5217,590.6613,32295.0
2026-03-10 15:55:00,590.7311,591.2396,589.734,591.0402,126925.0
2026-03-11 09:30:00,589.0659,589.0659,583.6216,584.7982,18150.0
2026-03-11 09:35:00,584.5289,589.046,584.5289,588.7917,7595.0
2026-03-11 09:40:00,588.7967,589.026,586.7128,588.5673,12116.0
2026-03-11 09:45:00,588.5723,588.8316,585.4363,585.8651,7360.0
2026-03-11 09:50:00,585.8601,589.0958,585.8601,588.0488,9185.0
2026-03-11 09:55:00,588.0987,589.8437,587.2711,589.6742,14322.0
2026-03-11 10:00:00,589.6742,592.0872,589.2554,591.3992,18376.0
2026-03-11 10:05:00,591.0751,593.6128,590.6613,593.4134,12065.0
2026-03-11 10:10:00,593.4134,593.4134,591.1998,592.4212,11878.0
2026-03-11 10:15:00,592.8251,593.0145,589.5645,589.5645,9222.0
2026-03-11 10:20:00,589.9334,590.7062,588.8166,588.8166,10433.0
2026-03-11 10:25:00,588.4576,589.5944,587.7995,588.9363,13390.0
2026-03-11 10:30:00,588.9363,590.4619,588.9363,589.4747,9246.0
2026-03-11 10:35:00,590.3422,591.828,590.2724,591.0502,4041.0
2026-03-11 10:40:00,591.11,591.2496,589.9833,590.1029,14118.0
2026-03-11 10:45:00,590.0431,591.9475,590.0332,591.8977,9017.0
2026-03-11 10:50:00,591.4939,592.0174,590.8109,592.0174,5313.0
2026-03-11 10:55:00,591.8678,592.4561,591.4092,591.808,14957.0
2026-03-11 11:00:00,592.0324,594.1312,592.0324,593.563,27764.0
2026-03-11 11:05:00,593.553,594.2909,592.3465,593.2688,13712.0
2026-03-11 11:10:00,593.0145,593.3885,591.3792,591.5537,6792.0
2026-03-11 11:15:00,591.1798,592.147,591.13,591.8529,4863.0
2026-03-11 11:20:00,591.7482,593.6727,591.6086,593.5081,9445.0
2026-03-11 11:25:00,593.568,593.568,591.8629,591.9277,8984.0
2026-03-11 11:30:00,591.803,592.2667,591.1649,592.1819,6601.0
2026-03-11 11:35:00,592.1819,592.516,591.8379,591.8678,4284.0
2026-03-11 11:40:00,591.8379,592.4561,590.8009,590.9705,10020.0
2026-03-11 11:45:00,590.9206,590.9206,589.2155,589.2155,13850.0
2026-03-11 11:50:00,589.2155,590.6713,589.2155,590.5018,8797.0
2026-03-11 11:55:00,590.3971,592.0174,590.3971,590.8707,6444.0
2026-03-11 12:00:00,590.8408,591.798,590.4818,591.469,5702.0
2026-03-11 12:05:00,591.449,591.479,590.76,591.469,2814.0
2026-03-11 12:10:00,592.0174,592.2368,591.3295,592.157,3998.0
2026-03-11 12:15:00,592.157,592.865,591.5587,592.3664,5615.0
2026-03-11 12:20:00,592.4362,592.6157,592.0573,592.3365,1564.0
2026-03-11 12:25:00,592.4462,592.4462,591.5089,591.6086,3945.0
2026-03-11 12:30:00,592.2468,592.9148,592.2468,592.9148,5650.0
2026-03-11 12:35:00,592.845,593.3087,592.8101,593.1242,6788.0
2026-03-11 12:40:00,593.1342,593.8621,592.6705,593.8521,8557.0
2026-03-11 12:45:00,593.7823,594.4006,593.6278,594.0914,10300.0
2026-03-11 12:50:00,594.2211,595.2282,594.1065,595.1883,4157.0
2026-03-11 12:55:00,594.7196,595.7168,594.61,595.6171,12032.0
2026-03-11 13:00:00,595.6769,596.0658,595.1609,595.1609,11728.0
2026-03-11 13:05:00,595.298,595.8963,594.989,594.989,10349.0
2026-03-11 13:10:00,595.4326,595.4874,594.271,595.1185,12945.0
2026-03-11 13:15:00,595.4276,595.6769,595.2481,595.288,4600.0
2026-03-11 13:20:00,595.5473,595.8763,595.2481,595.8663,4785.0
2026-03-11 13:25:00,595.9361,596.2851,595.677,595.677,5165.0
2026-03-11 13:30:00,596.0857,596.1007,595.1534,595.2182,10757.0
2026-03-11 13:35:00,594.8094,594.939,593.2937,593.5181,6690.0
2026-03-11 13:40:00,593.5829,594.0017,592.4337,593.3336,8820.0
2026-03-11 13:45:00,593.3336,594.1313,593.3336,594.1313,5133.0
2026-03-11 13:50:00,594.2809,594.6897,593.892,593.892,4778.0
2026-03-11 13:55:00,593.6926,594.242,593.5929,594.242,3672.0
2026-03-11 14:00:00,594.0017,594.236,593.204,593.5281,6881.0
2026-03-11 14:05:00,593.4932,593.4932,592.6755,592.7054,5638.0
2026-03-11 14:10:00,592.7004,592.7453,592.0623,592.4861,6621.0
2026-03-11 14:15:00,592.521,594.0914,592.521,594.0914,5378.0
2026-03-11 14:20:00,594.261,594.6399,593.7325,593.7375,6610.0
2026-03-11 14:25:00,593.7225,594.261,593.6228,593.7425,4371.0
2026-03-11 14:30:00,593.7325,593.8023,593.194,593.4333,4709.0
2026-03-11 14:35:00,593.5331,593.5331,593.1741,593.204,4832.0
2026-03-11 14:40:00,592.9946,593.563,592.6456,592.6755,10231.0
2026-03-11 14:45:00,592.6306,593.0694,591.4291,591.4291,7431.0
2026-03-11 14:50:00,591.3992,591.4092,590.7411,591.4092,9899.0
2026-03-11 14:55:00,591.5188,591.5488,590.2774,590.771,10777.0
2026-03-11 15:00:00,590.9006,591.1698,590.4519,590.6613,5894.0
2026-03-11 15:05:00,590.6563,590.6563,590.063,590.5716,8343.0
2026-03-11 15:10:00,590.4519,590.6813,590.0231,590.2625,8630.0
2026-03-11 15:15:00,590.2799,590.7361,589.8536,590.3721,7423.0
2026-03-11 15:20:00,590.6015,590.8907,590.4184,590.8907,7592.0
2026-03-11 15:25:00,590.9206,591.6485,590.7211,591.0651,10076.0
2026-03-11 15:30:00,590.8907,591.798,590.8807,591.798,10847.0
2026-03-11 15:35:00,591.798,591.9277,591.3402,591.7631,7654.0
2026-03-11 15:40:00,591.7631,592.7154,591.7631,592.6356,12300.0
2026-03-11 15:45:00,592.7453,592.7453,591.6087,591.7831,19185.0
2026-03-11 15:50:00,591.9277,592.6955,591.2496,592.6755,31225.0
2026-03-11 15:55:00,592.6157,592.9447,591.6684,592.5259,92574.0
2026-03-12 09:30:00,589.7639,591.9626,584.3395,588.3978,36025.0
2026-03-12 09:35:00,588.3978,588.3978,584.4292,588.2582,14446.0
2026-03-12 09:40:00,587.9491,589.2155,587.291,588.2084,11034.0
2026-03-12 09:45:00,588.1087,588.7269,586.942,588.5175,6335.0
2026-03-12 09:50:00,588.9662,590.6115,588.4427,589.7938,10711.0
2026-03-12 09:55:00,589.4149,589.4149,587.1913,587.9391,11560.0
2026-03-12 10:00:00,587.7696,589.4348,586.9869,589.0559,11237.0
2026-03-12 10:05:00,588.687,590.3621,587.8893,589.7838,9434.0
2026-03-12 10:10:00,589.6243,590.7112,588.697,588.697,13208.0
2026-03-12 10:15:00,588.8366,589.5146,587.1514,587.3409,13138.0
2026-03-12 10:20:00,587.3409,587.3409,585.546,586.0197,9541.0
2026-03-12 10:25:00,586.1642,586.5332,585.1173,585.4413,8858.0
2026-03-12 10:30:00,585.3765,586.1044,585.1073,586.0172,8430.0
2026-03-12 10:35:00,585.8352,586.7177,583.9706,584.3245,13565.0
2026-03-12 10:40:00,584.4691,584.6237,581.8068,583.5069,27873.0
2026-03-12 10:45:00,583.7961,585.556,583.4221,584.1401,8032.0
2026-03-12 10:50:00,584.4791,584.7284,583.6515,584.1451,4847.0
2026-03-12 10:55:00,584.1451,584.6386,581.3481,582.0162,51065.0
2026-03-12 11:00:00,581.9863,584.0902,581.1736,582.2056,47712.0
2026-03-12 11:05:00,582.5098,582.5098,581.3282,581.9962,17543.0
2026-03-12 11:10:00,581.9962,582.2954,580.6401,582.0062,23502.0
2026-03-12 11:15:00,581.6971,582.3353,580.9592,581.6024,10770.0
2026-03-12 11:20:00,581.8367,583.4421,581.8367,583.4421,8566.0
2026-03-12 11:25:00,583.472,584.4292,582.7441,583.103,14226.0
2026-03-12 11:30:00,583.103,583.6315,581.8566,582.7441,10602.0
2026-03-12 11:35:00,582.7441,585.8352,582.4599,585.8352,8271.0
2026-03-12 11:40:00,585.7953,587.0517,585.1821,586.1443,11813.0
2026-03-12 11:45:00,586.1343,586.3835,584.7982,585.8352,8831.0
2026-03-12 11:50:00,585.8352,585.8352,584.5589,585.1871,6666.0
2026-03-12 11:55:00,585.1871,585.5261,584.5489,584.6985,11978.0
2026-03-12 12:00:00,584.853,585.7355,584.509,585.4563,4022.0
2026-03-12 12:05:00,585.4563,586.1443,584.2099,584.9777,8312.0
2026-03-12 12:10:00,584.519,585.1789,584.2498,584.4841,10986.0
2026-03-12 12:15:00,584.8381,586.9719,584.4841,586.4135,12835.0
2026-03-12 12:20:00,586.5083,588.3978,586.5083,587.1215,8454.0
2026-03-12 12:25:00,587.0018,587.5104,585.546,585.8003,13290.0
2026-03-12 12:30:00,585.5261,586.6828,585.2519,586.1443,20436.0
2026-03-12 12:35:00,586.1543,586.3263,584.6386,585.5635,13276.0
2026-03-12 12:40:00,585.3366,585.6756,585.1272,585.4064,7140.0
2026-03-12 12:45:00,585.0774,585.0873,583.9207,584.0503,7210.0
2026-03-12 12:50:00,584.0503,585.6059,583.9107,585.2768,18635.0
2026-03-12 12:55:00,585.7056,587.0118,584.6087,586.4135,39483.0
2026-03-12 13:00:00,586.6379,587.7795,586.5132,587.1813,28653.0
2026-03-12 13:05:00,586.8622,588.5723,586.8523,587.3458,16809.0
2026-03-12 13:10:00,587.5702,588.2283,585.9548,585.9548,7054.0
2026-03-12 13:15:00,586.0944,586.3537,585.3466,585.4463,6876.0
2026-03-12 13:20:00,585.4164,587.0317,585.4164,586.583,7297.0
2026-03-12 13:25:00,586.8124,586.962,586.1942,586.244,15545.0
2026-03-12 13:30:00,586.0346,586.0346,583.9805,584.3096,19608.0
2026-03-12 13:35:00,584.1251,586.3437,584.1251,586.2116,11972.0
2026-03-12 13:40:00,586.603,586.603,585.3566,585.4264,9711.0
2026-03-12 13:45:00,585.2668,586.0296,585.0076,585.4264,7568.0
2026-03-12 13:50:00,585.3965,585.8551,585.2668,585.551,6168.0
2026-03-12 13:55:00,585.4862,585.9449,584.848,585.561,8297.0
2026-03-12 14:00:00,585.895,586.1044,585.1372,585.2369,10673.0
2026-03-12 14:05:00,585.1571,585.8701,584.7583,585.5161,5513.0
2026-03-12 14:10:00,585.6856,586.1543,585.4463,585.6258,9429.0
2026-03-12 14:15:00,585.7754,586.4434,584.6785,584.9477,11029.0
2026-03-12 14:20:00,585.0275,585.0275,584.0453,584.8381,8272.0
2026-03-12 14:25:00,584.8281,585.0674,584.3594,584.8231,7251.0
2026-03-12 14:30:00,584.8231,585.1372,584.5688,584.7882,7331.0
2026-03-12 14:35:00,584.7882,585.217,583.9308,585.0076,8705.0
2026-03-12 14:40:00,585.0076,585.6457,584.6785,585.2967,6646.0
2026-03-12 14:45:00,585.4917,585.6457,585.0674,585.1821,9914.0
2026-03-12 14:50:00,585.1746,585.8252,585.1173,585.1821,11743.0
2026-03-12 14:55:00,585.0076,585.0375,584.2896,584.5015,11404.0
2026-03-12 15:00:00,584.499,584.9677,583.6515,584.3893,7256.0
2026-03-12 15:05:00,584.1999,585.8252,584.1999,584.9477,22244.0
2026-03-12 15:10:00,584.9278,585.8152,584.9085,585.1871,15186.0
2026-03-12 15:15:00,585.2768,585.895,584.9876,585.895,5910.0
2026-03-12 15:20:00,585.8651,586.3935,585.6308,585.6308,13292.0
2026-03-12 15:25:00,585.7255,586.1642,585.3117,585.4413,15429.0
2026-03-12 15:30:00,585.4563,585.915,584.858,585.5311,22897.0
2026-03-12 15:35:00,585.5311,585.5311,585.0475,585.1023,16451.0
2026-03-12 15:40:00,585.1023,585.3466,584.7982,585.0375,20365.0
2026-03-12 15:45:00,584.8979,585.0275,582.2355,582.4649,52736.0
2026-03-12 15:50:00,582.6344,585.0624,582.6344,584.9378,79911.0
2026-03-12 15:55:00,585.0175,585.8751,583.9506,583.9875,179385.0
2026-03-13 09:30:00,583.3224,587.977,582.2256,585.0425,32481.0
2026-03-13 09:35:00,585.0425,587.9691,585.0425,586.6329,11498.0
2026-03-13 09:40:00,586.6776,587.7597,584.4891,584.4891,7647.0
2026-03-13 09:45:00,585.2756,586.0446,584.499,585.5361,8649.0
2026-03-13 09:50:00,585.1472,586.7126,584.8979,585.9997,13331.0
2026-03-13 09:55:00,585.5061,585.915,584.5439,584.8381,13368.0
2026-03-13 10:00:00,584.8381,585.5859,583.3324,583.6465,6940.0
2026-03-13 10:05:00,583.7013,583.7013,580.1416,580.326,35778.0
2026-03-13 10:10:00,580.321,581.2883,578.6309,578.7705,52986.0
2026-03-13 10:15:00,578.4564,578.8054,574.1837,574.6474,24712.0
2026-03-13 10:20:00,574.7571,574.8867,569.9608,571.7657,29916.0
2026-03-13 10:25:00,571.9451,575.5946,571.4665,574.7521,21036.0
2026-03-13 10:30:00,574.7521,576.9557,573.8995,575.4526,26844.0
2026-03-13 10:35:00,575.829,576.4921,575.0662,575.7442,14776.0
2026-03-13 10:40:00,575.7442,575.7442,571.8853,572.5102,19206.0
2026-03-13 10:45:00,571.4665,574.2286,570.8584,573.1916,18618.0
2026-03-13 10:50:00,573.715,574.408,572.4836,573.052,30365.0
2026-03-13 10:55:00,572.5733,572.6431,570.1458,572.0947,11950.0
2026-03-13 11:00:00,572.1994,573.381,571.2073,573.3511,9623.0
2026-03-13 11:05:00,573.022,573.3511,571.8953,572.3938,16100.0
2026-03-13 11:10:00,572.6332,575.5647,572.2343,574.7172,23961.0
2026-03-13 11:15:00,574.7172,574.7271,573.5106,573.7101,5295.0
2026-03-13 11:20:00,573.73,574.079,572.8625,572.8625,22932.0
2026-03-13 11:25:00,572.3641,572.8924,571.9651,572.0249,17655.0
2026-03-13 11:30:00,572.3739,574.2186,572.354,574.0291,23851.0
2026-03-13 11:35:00,573.7998,574.6773,571.8355,574.6773,40811.0
2026-03-13 11:40:00,574.7371,575.3753,573.3511,574.0291,13065.0
2026-03-13 11:45:00,574.0042,577.6697,574.0042,575.8439,14244.0
2026-03-13 11:50:00,576.2328,577.913,575.7841,576.2926,15694.0
2026-03-13 11:55:00,576.2926,576.3525,575.5847,576.3525,12110.0
2026-03-13 12:00:00,576.3275,576.7812,574.9365,576.2926,5531.0
2026-03-13 12:05:00,576.1332,577.1601,575.6545,576.7463,3843.0
2026-03-13 12:10:00,577.4792,578.3368,575.6536,576.173,8548.0
2026-03-13 12:15:00,575.7642,575.7642,573.7799,574.2136,5395.0
2026-03-13 12:20:00,573.9693,575.9337,573.9693,575.3753,8381.0
2026-03-13 12:25:00,575.3754,575.9835,574.8069,575.9835,11585.0
2026-03-13 12:30:00,575.819,576.1032,574.4579,574.4579,4465.0
2026-03-13 12:35:00,574.5277,576.2876,574.4978,576.2876,4174.0
2026-03-13 12:40:00,576.1331,576.6715,575.5548,576.3774,15109.0
2026-03-13 12:45:00,575.8639,576.9308,575.3653,576.2926,6499.0
2026-03-13 12:50:00,576.3325,576.6167,575.4152,575.4152,17536.0
2026-03-13 12:55:00,575.4251,575.6345,574.8069,575.3354,5798.0
2026-03-13 13:00:00,575.0462,575.3055,573.2514,573.73,9136.0
2026-03-13 13:05:00,574.2385,574.6773,573.1417,574.6773,10168.0
2026-03-13 13:10:00,574.7471,575.0461,573.8098,574.089,10758.0
2026-03-13 13:15:00,574.5477,574.7122,573.1168,573.6228,13695.0
2026-03-13 13:20:00,573.1816,574.1787,573.1517,574.1787,9423.0
2026-03-13 13:25:00,574.1787,574.1787,573.1916,573.5804,5143.0
2026-03-13 13:30:00,573.7648,574.1687,573.2614,574.1687,9270.0
2026-03-13 13:35:00,574.0192,574.6623,573.8197,574.6623,11177.0
2026-03-13 13:40:00,574.5377,575.5647,574.1687,575.4351,13303.0
2026-03-13 13:45:00,575.4949,575.5248,574.4978,574.4978,12542.0
2026-03-13 13:50:00,574.4579,574.7371,573.73,574.2585,8316.0
2026-03-13 13:55:00,574.2585,574.9964,574.0491,574.0491,7354.0
2026-03-13 14:00:00,573.8397,574.9465,573.8397,574.9465,4864.0
2026-03-13 14:05:00,574.9315,574.9864,574.438,574.767,8637.0
2026-03-13 14:10:00,574.767,575.0462,574.2485,574.2884,7965.0
2026-03-13 14:15:00,574.2884,574.4978,573.9294,573.9294,8404.0
2026-03-13 14:20:00,573.7799,573.9733,573.3511,573.5206,7182.0
2026-03-13 14:25:00,573.5356,574.7072,573.1616,574.1638,14858.0
2026-03-13 14:30:00,574.1638,575.5398,574.0291,575.4152,13740.0
2026-03-13 14:35:00,575.5348,576.0533,575.126,575.4501,11802.0
2026-03-13 14:40:00,574.6537,575.5946,574.6537,575.0662,5547.0
2026-03-13 14:45:00,575.2905,575.7642,575.1858,575.46,14126.0
2026-03-13 14:50:00,575.2257,575.9935,575.116,575.136,10131.0
2026-03-13 14:55:00,575.5348,575.5448,575.0861,575.4251,6199.0
2026-03-13 15:00:00,575.1808,575.8938,575.1808,575.6545,4679.0
2026-03-13 15:05:00,575.6545,576.5319,575.4351,576.4173,22408.0
2026-03-13 15:10:00,576.4173,576.851,575.7043,576.0035,9998.0
2026-03-13 15:15:00,576.0483,576.2577,575.4551,575.5847,17673.0
2026-03-13 15:20:00,575.5847,575.5897,574.0291,574.069,12717.0
2026-03-13 15:25:00,574.0491,574.5975,573.7599,574.5975,13393.0
2026-03-13 15:30:00,574.3881,574.8667,574.1488,574.6274,13423.0
2026-03-13 15:35:00,574.6075,574.6274,573.1616,573.3661,16759.0
2026-03-13 15:40:00,573.3212,573.7001,572.6531,573.0121,23651.0
2026-03-13 15:45:00,573.1816,574.1488,572.8426,573.3162,28223.0
2026-03-13 15:50:00,573.5306,574.5277,572.7129,574.1887,47557.0
2026-03-13 15:55:00,574.2685,576.1132,574.2236,576.0832,88930.0
2026-03-16 09:30:00,580.3011,580.3011,576.3874,577.22,25863.0
2026-03-16 09:35:00,577.1402,578.4365,576.9607,578.3667,12064.0
2026-03-16 09:40:00,578.5162,580.9991,578.5063,580.7598,11073.0
2026-03-16 09:45:00,580.7049,581.2683,578.1822,578.3268,23079.0
2026-03-16 09:50:00,578.1672,580.002,578.1074,579.6131,5590.0
2026-03-16 09:55:00,579.2441,579.8125,578.0975,578.7057,13954.0
2026-03-16 10:00:00,578.0974,579.4037,576.7413,576.9109,13334.0
2026-03-16 10:05:00,576.9109,576.9109,574.8917,576.0583,11955.0
2026-03-16 10:10:00,576.0982,576.5619,573.9753,575.0362,13019.0
2026-03-16 10:15:00,574.2486,576.5918,574.2486,574.4978,34026.0
2026-03-16 10:20:00,574.4978,576.0234,574.2186,574.5576,6669.0
2026-03-16 10:25:00,574.7521,574.9565,574.0042,574.5726,15248.0
2026-03-16 10:30:00,574.5726,574.9166,572.9921,573.6004,11332.0
2026-03-16 10:35:00,573.6004,574.7471,573.5754,574.0192,7621.0
2026-03-16 10:40:00,573.9195,574.438,572.9672,573.0021,7690.0
2026-03-16 10:45:00,573.2115,574.1887,572.9822,573.1218,8322.0
2026-03-16 10:50:00,573.3312,574.3881,573.3312,574.2585,7347.0
2026-03-16 10:55:00,574.6474,575.1559,574.3284,574.9664,9930.0
2026-03-16 11:00:00,574.7072,575.3952,574.2186,575.2357,7289.0
2026-03-16 11:05:00,575.116,575.2357,574.3781,574.8468,7698.0
2026-03-16 11:10:00,575.2257,575.3852,574.5194,574.5875,7367.0
2026-03-16 11:15:00,574.5826,575.5647,574.1239,575.3852,6083.0
2026-03-16 11:20:00,575.3852,576.0334,575.3852,575.6644,6507.0
2026-03-16 11:25:00,575.6146,575.6646,575.1709,575.1709,5220.0
2026-03-16 11:30:00,575.3753,575.5847,575.0213,575.2357,4945.0
2026-03-16 11:35:00,575.0512,575.2955,574.6674,575.1958,7689.0
2026-03-16 11:40:00,575.2058,575.4251,574.6175,575.4152,3564.0
2026-03-16 11:45:00,574.8667,575.5647,574.767,575.2556,6633.0
2026-03-16 11:50:00,575.2606,575.4052,574.5676,575.1958,9815.0
2026-03-16 11:55:00,575.1559,575.3055,574.3682,574.5427,8392.0
2026-03-16 12:00:00,574.3781,574.8268,573.8696,573.8696,9707.0
2026-03-16 12:05:00,573.3361,574.3781,573.1518,574.1737,5661.0
2026-03-16 12:10:00,574.418,574.6873,573.7998,574.3931,5446.0
2026-03-16 12:15:00,574.3931,574.5327,573.9494,574.4749,4377.0
2026-03-16 12:20:00,574.5327,574.7172,573.6901,574.4278,7740.0
2026-03-16 12:25:00,574.0017,574.6175,573.74,574.0192,5116.0
2026-03-16 12:30:00,573.9394,574.0391,573.1118,573.3611,4731.0
2026-03-16 12:35:00,573.3511,573.6901,572.7229,573.386,6189.0
2026-03-16 12:40:00,573.1916,573.7599,572.7428,572.8426,10452.0
2026-03-16 12:45:00,572.688,573.2215,572.5983,573.2201,8690.0
2026-03-16 12:50:00,573.0918,573.0918,571.5064,571.5064,7864.0
2026-03-16 12:55:00,571.5064,571.8953,571.3668,571.6859,5358.0
2026-03-16 13:00:00,571.636,573.3112,571.636,572.6182,29068.0
2026-03-16 13:05:00,572.3141,573.1716,572.2642,572.4886,2937.0
2026-03-16 13:10:00,572.4886,573.5306,572.4886,573.2763,11700.0
2026-03-16 13:15:00,573.2314,573.2913,572.7827,572.9323,4098.0
2026-03-16 13:20:00,573.1018,573.6602,572.7129,573.4508,8832.0
2026-03-16 13:25:00,573.5605,574.4803,573.5405,573.73,8684.0
2026-03-16 13:30:00,574.0291,574.2385,573.7999,574.0242,6342.0
2026-03-16 13:35:00,574.0192,574.4579,573.5804,574.4579,7706.0
2026-03-16 13:40:00,574.1737,574.4779,573.8497,574.1687,9917.0
2026-03-16 13:45:00,574.2111,574.4779,573.7499,573.8646,5842.0
2026-03-16 13:50:00,573.6801,573.6901,573.1018,573.1916,6420.0
2026-03-16 13:55:00,573.3431,574.0342,573.2863,574.0342,5268.0
2026-03-16 14:00:00,574.0391,574.0391,572.9522,573.2165,7539.0
2026-03-16 14:05:00,572.9338,573.7001,572.6032,572.9871,7460.0
2026-03-16 14:10:00,573.2015,573.371,572.4936,573.022,6292.0
2026-03-16 14:15:00,573.1816,574.069,573.032,573.6752,8838.0
2026-03-16 14:20:00,573.8397,574.428,573.2215,574.1987,5968.0
2026-03-16 14:25:00,573.9893,574.089,573.8596,574.0466,4257.0
2026-03-16 14:30:00,574.1039,574.1039,573.4408,573.9317,6099.0
2026-03-16 14:35:00,573.5206,573.5705,572.6332,573.1916,7032.0
2026-03-16 14:40:00,573.2913,573.4209,572.8226,573.022,9220.0
2026-03-16 14:45:00,572.9871,573.0021,572.3391,572.9323,4083.0
2026-03-16 14:50:00,572.7877,573.032,572.7329,573.002,4282.0
2026-03-16 14:55:00,572.7229,573.8696,572.7229,573.7499,9853.0
2026-03-16 15:00:00,574.0142,574.0242,573.2813,573.376,7719.0
2026-03-16 15:05:00,573.4209,573.4209,572.4636,572.8226,10656.0
2026-03-16 15:10:00,573.2414,573.3661,572.5035,572.7777,7777.0
2026-03-16 15:15:00,572.9622,573.9593,572.9622,573.3611,6902.0
2026-03-16 15:20:00,573.1218,573.386,572.9129,573.0918,7070.0
2026-03-16 15:25:00,572.9522,572.9971,572.0449,572.5285,23261.0
2026-03-16 15:30:00,572.4138,572.4587,571.99,572.2044,9581.0
2026-03-16 15:35:00,572.2044,572.6032,571.8404,572.0648,10188.0
2026-03-16 15:40:00,571.9202,572.2193,571.4366,571.5114,13895.0
2026-03-16 15:45:00,571.5164,571.5313,569.0933,569.1731,55498.0
2026-03-16 15:50:00,569.1731,572.4038,569.1681,572.1894,45277.0
2026-03-16 15:55:00,572.3938,572.8226,570.1802,571.0577,136233.0
2026-03-17 09:30:00,574.7172,575.0612,571.8554,572.9822,17624.0
2026-03-17 09:35:00,573.8796,574.2236,572.7728,573.8497,6223.0
2026-03-17 09:40:00,572.8824,575.1958,572.8027,574.6873,15923.0
2026-03-17 09:45:00,574.1388,574.2136,569.8312,570.2999,26736.0
2026-03-17 09:50:00,570.5691,570.6987,567.5278,570.1453,34762.0
2026-03-17 09:55:00,570.1603,571.7268,569.1033,570.0905,12399.0
2026-03-17 10:00:00,570.0905,570.255,567.9966,568.9687,26521.0
2026-03-17 10:05:00,568.9687,569.6118,567.3683,568.0962,13871.0
2026-03-17 10:10:00,568.156,568.156,565.3092,566.436,13638.0
2026-03-17 10:15:00,566.3612,567.8943,565.1357,567.8719,49833.0
2026-03-17 10:20:00,567.8569,567.9965,561.9439,562.3976,36484.0
2026-03-17 10:25:00,561.7345,566.5905,560.5779,566.2216,47157.0
2026-03-17 10:30:00,566.6205,568.7443,566.5108,568.4352,16463.0
2026-03-17 10:35:00,568.4352,570.3597,568.2459,570.2849,44618.0
2026-03-17 10:40:00,570.2799,573.1816,569.7116,572.8775,5580.0
2026-03-17 10:45:00,572.9124,573.4309,572.5434,572.9223,5953.0
2026-03-17 10:50:00,573.0021,573.0121,571.0698,571.985,4639.0
2026-03-17 10:55:00,571.985,573.0719,571.985,572.7827,4417.0
2026-03-17 11:00:00,572.7678,573.1317,571.9951,573.052,9136.0
2026-03-17 11:05:00,573.1317,573.8678,572.9822,573.745,8374.0
2026-03-17 11:10:00,573.745,573.8397,571.995,573.5306,12282.0
2026-03-17 11:15:00,573.7624,574.1089,572.6232,572.9622,7604.0
2026-03-17 11:20:00,572.9223,572.9722,571.7407,572.1745,5235.0
2026-03-17 11:25:00,572.2642,572.5534,571.5862,571.5862,2879.0
2026-03-17 11:30:00,571.98,572.1645,571.4942,571.7507,5686.0
2026-03-17 11:35:00,572.005,572.005,570.6339,570.9879,6967.0
2026-03-17 11:40:00,571.0477,571.3369,570.7785,571.3369,4441.0
2026-03-17 11:45:00,571.292,571.636,570.7785,570.7785,5329.0
2026-03-17 11:50:00,570.9879,571.1375,570.4295,570.5791,4112.0
2026-03-17 11:55:00,570.3198,571.0078,569.7514,571.0078,12930.0
2026-03-17 12:00:00,570.8034,571.1873,570.6907,571.1574,3848.0
2026-03-17 12:05:00,571.1135,572.1471,570.6299,571.8105,5487.0
2026-03-17 12:10:00,572.2642,572.5135,571.5363,571.6809,3534.0
2026-03-17 12:15:00,571.6809,573.1267,571.6061,572.5085,7358.0
2026-03-17 12:20:00,572.5185,573.2289,572.1732,573.1118,8640.0
2026-03-17 12:25:00,573.1118,573.2265,570.6489,571.7756,11520.0
2026-03-17 12:30:00,571.5064,572.6581,571.1376,572.1944,4226.0
2026-03-17 12:35:00,572.6032,573.1965,572.3938,572.678,7415.0
2026-03-17 12:40:00,573.052,573.5804,572.7329,573.5804,6345.0
2026-03-17 12:45:00,573.9692,574.089,573.3212,573.6054,2165.0
2026-03-17 12:50:00,573.6054,574.2385,573.6004,573.9444,4485.0
2026-03-17 12:55:00,574.2186,574.5177,573.5106,573.7929,8930.0
2026-03-17 13:00:00,573.5306,574.1787,573.5306,574.101,3456.0
2026-03-17 13:05:00,574.2485,574.5576,573.9494,574.4978,15329.0
2026-03-17 13:10:00,574.3981,574.3981,573.6676,574.3083,5906.0
2026-03-17 13:15:00,574.5477,574.8667,574.079,574.3582,4197.0
2026-03-17 13:20:00,574.3831,574.8268,574.2585,574.5078,2735.0
2026-03-17 13:25:00,574.3482,574.787,574.3333,574.4081,1927.0
2026-03-17 13:30:00,574.3981,574.4878,573.9992,573.9992,4717.0
2026-03-17 13:35:00,574.1139,574.5078,573.8596,574.4031,4525.0
2026-03-17 13:40:00,574.4031,574.8767,574.4031,574.8767,2479.0
2026-03-17 13:45:00,574.8069,575.1459,573.0918,573.5605,23124.0
2026-03-17 13:50:00,573.7001,574.0092,573.4059,573.4059,2616.0
2026-03-17 13:55:00,573.391,573.6103,573.0918,573.1118,2204.0
2026-03-17 14:00:00,573.376,574.3582,573.2015,574.0391,14410.0
2026-03-17 14:05:00,573.9294,574.2984,573.8165,574.2773,4003.0
2026-03-17 14:10:00,574.1577,574.438,574.079,574.1638,2827.0
2026-03-17 14:15:00,574.1638,574.438,573.4957,573.4957,6050.0
2026-03-17 14:20:00,573.5705,573.8397,572.5534,572.6531,5523.0
2026-03-17 14:25:00,572.4387,573.0121,572.4387,572.8899,3421.0
2026-03-17 14:30:00,572.693,573.1317,572.354,572.9921,4280.0
2026-03-17 14:35:00,573.2015,573.2015,572.7229,572.7229,3577.0
2026-03-17 14:40:00,572.8326,573.032,572.4786,572.683,2479.0
2026-03-17 14:45:00,572.688,573.1517,572.3988,572.3988,5551.0
2026-03-17 14:50:00,572.4786,573.0918,572.4786,573.0918,3776.0
2026-03-17 14:55:00,572.9124,573.9843,572.9099,573.9843,10311.0
2026-03-17 15:00:00,573.9942,574.1787,573.2314,574.1787,20647.0
2026-03-17 15:05:00,574.3781,574.8966,574.1089,574.6524,12400.0
2026-03-17 15:10:00,574.8169,575.0163,574.4886,574.8069,12823.0
2026-03-17 15:15:00,574.8019,575.121,574.1289,574.5676,8865.0
2026-03-17 15:20:00,574.423,574.428,573.7051,573.7051,6480.0
2026-03-17 15:25:00,573.6004,573.9095,572.9223,573.9095,17175.0
2026-03-17 15:30:00,573.72,574.2884,573.5754,574.1787,11963.0
2026-03-17 15:35:00,574.2734,575.1559,573.9195,574.5377,31302.0
2026-03-17 15:40:00,574.438,575.0462,574.438,574.9016,25723.0
2026-03-17 15:45:00,574.9016,574.9016,571.8554,573.2763,95503.0
2026-03-17 15:50:00,573.4309,574.3083,572.7129,573.1965,65475.0
2026-03-17 15:55:00,573.2165,573.6951,571.7956,572.7528,159345.0
2026-03-18 09:30:00,572.1047,574.4081,569.1831,572.6706,25628.0
2026-03-18 09:35:00,572.678,573.2015,571.6061,573.2015,4806.0
2026-03-18 09:40:00,572.9839,574.1687,572.9839,573.5306,5615.0
2026-03-18 09:45:00,573.5306,574.6284,571.6859,574.1289,3579.0
2026-03-18 09:50:00,573.3012,573.9793,572.6132,572.6132,3064.0
2026-03-18 09:55:00,572.7229,573.0121,572.0434,572.5634,5576.0
2026-03-18 10:00:00,572.3639,574.3083,572.1047,573.0121,7027.0
2026-03-18 10:05:00,573.4508,576.1231,572.8226,575.2207,9378.0
2026-03-18 10:10:00,574.8568,575.2257,573.1218,573.4359,6249.0
2026-03-18 10:15:00,573.1218,573.8596,572.865,573.8596,6763.0
2026-03-18 10:20:00,573.745,574.6573,573.745,574.089,12776.0
2026-03-18 10:25:00,574.089,574.2685,572.6581,572.9323,9260.0
2026-03-18 10:30:00,573.74,574.4878,573.1716,573.5306,5331.0
2026-03-18 10:35:00,573.1916,573.9793,572.698,573.4458,8835.0
2026-03-18 10:40:00,573.4458,573.9793,572.6325,573.1916,9693.0
2026-03-18 10:45:00,573.7499,574.1388,573.2215,573.7101,7449.0
2026-03-18 10:50:00,573.725,574.428,573.725,574.1638,8060.0
2026-03-18 10:55:00,574.1638,574.5975,573.5405,574.3083,10116.0
2026-03-18 11:00:00,574.1638,575.455,573.5605,573.7499,6942.0
2026-03-18 11:05:00,573.7699,575.6744,573.4708,575.4251,40532.0
2026-03-18 11:10:00,575.4251,575.4351,573.0819,573.3411,5151.0
2026-03-18 11:15:00,573.3062,574.2186,573.3062,574.1588,5813.0
2026-03-18 11:20:00,574.1589,574.3482,573.5231,574.3386,4217.0
2026-03-18 11:25:00,574.3383,575.3552,573.5007,575.136,4931.0
2026-03-18 11:30:00,575.136,575.1559,574.2884,575.1559,4679.0
2026-03-18 11:35:00,575.3553,576.6116,574.9714,576.153,4486.0
2026-03-18 11:40:00,575.804,576.1829,575.0861,576.173,5907.0
2026-03-18 11:45:00,576.2727,576.7513,575.824,575.824,4182.0
2026-03-18 11:50:00,575.9536,575.9536,574.8817,575.0063,7598.0
2026-03-18 11:55:00,575.116,575.1459,574.6075,574.9355,3525.0
2026-03-18 12:00:00,574.6224,574.9066,573.967,574.2011,14809.0
2026-03-18 12:05:00,574.2385,575.0562,574.1787,574.5776,8476.0
2026-03-18 12:10:00,574.6175,574.7047,574.1887,574.6823,7843.0
2026-03-18 12:15:00,575.086,575.2756,574.7371,574.9365,3080.0
2026-03-18 12:20:00,574.9415,575.3703,574.3881,574.3881,5700.0
2026-03-18 12:25:00,575.0662,575.0662,573.9394,574.0092,7679.0
2026-03-18 12:30:00,574.1987,574.2086,573.4109,573.8447,4826.0
2026-03-18 12:35:00,573.7101,574.7571,572.6731,574.3482,9514.0
2026-03-18 12:40:00,574.4409,574.4409,573.7549,573.8895,6816.0
2026-03-18 12:45:00,573.9294,574.7421,573.8575,574.7421,1371.0
2026-03-18 12:50:00,574.3682,574.8119,574.3383,574.8119,2509.0
2026-03-18 12:55:00,574.9365,574.9365,574.438,574.5676,5090.0
2026-03-18 13:00:00,574.3083,574.6972,574.1388,574.4797,5906.0
2026-03-18 13:05:00,574.5078,574.8268,574.3432,574.4081,4030.0
2026-03-18 13:10:00,574.2585,574.3981,573.5904,573.9444,13168.0
2026-03-18 13:15:00,573.7998,574.3781,573.3511,574.3582,9414.0
2026-03-18 13:20:00,574.3582,574.3582,573.8497,574.0491,5412.0
2026-03-18 13:25:00,574.0491,574.089,573.401,573.7549,11336.0
2026-03-18 13:30:00,573.72,573.72,572.8525,573.4508,5315.0
2026-03-18 13:35:00,573.5206,574.2385,573.5206,574.2385,1985.0
2026-03-18 13:40:00,574.3083,574.5477,573.9195,574.2884,3639.0
2026-03-18 13:45:00,574.5576,574.7417,573.9294,573.9469,3999.0
2026-03-18 13:50:00,573.7898,573.9793,573.5007,573.72,4125.0
2026-03-18 13:55:00,573.73,574.2944,573.5206,574.2944,2521.0
2026-03-18 14:00:00,574.3383,574.9515,573.9494,574.2635,9433.0
2026-03-18 14:05:00,574.2635,574.6673,574.2635,574.6673,2521.0
2026-03-18 14:10:00,574.9864,575.0961,574.5477,574.6873,3332.0
2026-03-18 14:15:00,574.6723,574.6723,572.4337,572.6431,11542.0
2026-03-18 14:20:00,573.0248,573.1118,572.4936,572.8625,10767.0
2026-03-18 14:25:00,572.8401,573.1118,571.8155,572.1994,12182.0
2026-03-18 14:30:00,572.2044,572.643,571.2771,571.2771,15516.0
2026-03-18 14:35:00,571.2372,572.1545,571.1773,571.1773,22167.0
2026-03-18 14:40:00,571.0477,572.324,570.7486,571.5463,10294.0
2026-03-18 14:45:00,571.2471,571.2471,570.6588,570.7336,3691.0
2026-03-18 14:50:00,570.7386,571.287,568.3555,568.3555,9145.0
2026-03-18 14:55:00,568.5449,569.4324,567.4979,569.2678,24402.0
2026-03-18 15:00:00,569.2678,570.7436,568.8291,570.25,30237.0
2026-03-18 15:05:00,570.25,570.9979,570.25,570.4918,10000.0
2026-03-18 15:10:00,570.6678,570.8682,569.7514,570.8084,9125.0
2026-03-18 15:15:00,570.8234,571.5164,570.5791,571.1574,26736.0
2026-03-18 15:20:00,570.8882,571.7258,570.3049,570.5841,39646.0
2026-03-18 15:25:00,570.3597,570.3647,569.7914,570.3447,11913.0
2026-03-18 15:30:00,570.2849,570.4694,569.6118,570.265,35345.0
2026-03-18 15:35:00,570.265,570.5192,569.3476,569.6717,23472.0
2026-03-18 15:40:00,569.6218,570.1304,569.2329,570.0257,24883.0
2026-03-18 15:45:00,570.0257,570.1603,569.4723,570.0606,30134.0
2026-03-18 15:50:00,569.921,570.8383,569.6318,570.1902,33437.0
2026-03-18 15:55:00,570.1702,570.3697,568.4153,569.2329,205319.0
2026-03-19 09:30:00,561.575,563.4994,559.4012,562.2032,31874.0
2026-03-19 09:35:00,562.0336,562.3627,560.3684,561.0776,22505.0
2026-03-19 09:40:00,561.2409,561.6747,559.5508,560.6676,12593.0
2026-03-19 09:45:00,561.0415,561.6846,560.1989,561.0764,16335.0
2026-03-19 09:50:00,561.0714,562.6917,560.4582,561.1163,17778.0
2026-03-19 09:55:00,561.3556,561.8841,559.6206,560.7872,29919.0
2026-03-19 10:00:00,560.6701,563.654,560.0992,561.5849,34890.0
2026-03-19 10:05:00,561.3955,562.6519,560.2887,562.6519,17311.0
2026-03-19 10:10:00,562.263,562.5422,560.1889,561.4054,9042.0
2026-03-19 10:15:00,561.1362,561.7744,557.6263,558.763,20929.0
2026-03-19 10:20:00,559.1818,560.4781,556.709,557.058,10494.0
2026-03-19 10:25:00,557.3671,558.3642,556.34,556.5045,15553.0
2026-03-19 10:30:00,556.4597,558.8528,556.4098,558.8528,18058.0
2026-03-19 10:35:00,559.2417,560.4681,558.1947,558.5237,9394.0
2026-03-19 10:40:00,558.3393,559.3414,558.3143,558.6831,6627.0
2026-03-19 10:45:00,558.5686,559.7901,557.9873,559.5408,16842.0
2026-03-19 10:50:00,559.5408,561.4852,559.1719,560.0693,42108.0
2026-03-19 10:55:00,559.8749,559.9147,558.5437,559.7502,11235.0
2026-03-19 11:00:00,559.7502,561.4503,559.4179,561.3257,19233.0
2026-03-19 11:05:00,561.4553,561.904,560.1391,560.6302,12073.0
2026-03-19 11:10:00,560.3884,562.4425,560.3784,562.4026,13558.0
2026-03-19 11:15:00,562.3926,562.4524,561.5351,561.7544,7561.0
2026-03-19 11:20:00,561.7245,562.2131,560.6378,560.8271,12125.0
2026-03-19 11:25:00,560.6532,561.1961,560.3884,561.1462,9085.0
2026-03-19 11:30:00,560.9368,560.9368,559.9247,560.2936,7946.0
2026-03-19 11:35:00,560.4881,560.6277,559.2566,559.6256,9385.0
2026-03-19 11:40:00,559.7751,560.7673,559.3813,560.2238,5136.0
2026-03-19 11:45:00,559.6505,560.3335,559.2417,560.3335,6118.0
2026-03-19 11:50:00,559.9297,562.3428,559.84,561.8591,42878.0
2026-03-19 11:55:00,562.1932,562.6718,560.6177,561.2609,19081.0
2026-03-19 12:00:00,561.2609,562.3826,560.7872,562.1832,10430.0
2026-03-19 12:05:00,562.2281,562.5023,561.6198,562.4824,7460.0
2026-03-19 12:10:00,561.9838,562.1034,560.7573,561.0814,4161.0
2026-03-19 12:15:00,561.0265,561.4453,560.3983,561.0265,8534.0
2026-03-19 12:20:00,561.201,562.0835,560.9368,561.9738,18883.0
2026-03-19 12:25:00,562.2032,563.8185,561.9738,563.8185,9572.0
2026-03-19 12:30:00,563.8883,563.9182,562.8762,563.3499,10655.0
2026-03-19 12:35:00,563.0208,563.1136,562.4624,562.9809,5924.0
2026-03-19 12:40:00,562.9859,564.3071,562.9859,563.3598,9776.0
2026-03-19 12:45:00,563.5393,563.5393,561.924,561.9838,13164.0
2026-03-19 12:50:00,561.9688,561.9688,560.8571,561.6647,8917.0
2026-03-19 12:55:00,561.6448,562.1334,561.6049,561.6049,3322.0
2026-03-19 13:00:00,561.4154,562.0237,561.0465,561.8093,7557.0
2026-03-19 13:05:00,562.0435,562.2929,561.1786,561.1811,6360.0
2026-03-19 13:10:00,561.2359,561.6049,560.4582,560.4582,13617.0
2026-03-19 13:15:00,560.5878,561.8143,560.5371,561.7345,5993.0
2026-03-19 13:20:00,561.6473,562.3727,561.3332,562.2032,7833.0
2026-03-19 13:25:00,562.3926,562.5721,562.0237,562.2929,5058.0
2026-03-19 13:30:00,562.2979,562.2979,560.6923,560.7274,17515.0
2026-03-19 13:35:00,560.9069,561.0864,560.4183,560.9368,11748.0
2026-03-19 13:40:00,560.9418,561.5949,560.4382,560.7773,18845.0
2026-03-19 13:45:00,560.867,562.1134,560.7648,562.1134,12303.0
2026-03-19 13:50:00,562.3128,563.7786,562.3128,563.7786,10012.0
2026-03-19 13:55:00,563.7038,563.7188,563.2202,563.2701,5467.0
2026-03-19 14:00:00,563.2801,563.4097,562.7615,563.1704,13162.0
2026-03-19 14:05:00,563.2701,563.7487,562.9581,563.2452,10167.0
2026-03-19 14:10:00,563.2501,563.8285,563.2302,563.7387,13580.0
2026-03-19 14:15:00,563.8783,563.9282,562.9959,563.3698,7704.0
2026-03-19 14:20:00,563.2202,563.3598,562.4126,562.5771,7693.0
2026-03-19 14:25:00,562.8613,562.951,562.5721,562.5721,4714.0
2026-03-19 14:30:00,562.3826,563.1205,562.3826,562.9759,6154.0
2026-03-19 14:35:00,562.8542,563.0108,561.211,561.211,15770.0
2026-03-19 14:40:00,561.216,561.4852,560.877,561.2634,17908.0
2026-03-19 14:45:00,561.2708,562.3058,561.2708,562.1234,9707.0
2026-03-19 14:50:00,562.1234,562.6469,561.7844,562.6469,9669.0
2026-03-19 14:55:00,562.6469,564.2672,562.6469,563.978,11647.0
2026-03-19 15:00:00,563.9681,566.3113,563.8366,566.3113,16531.0
2026-03-19 15:05:00,566.4509,568.3704,566.4011,566.78,24735.0
2026-03-19 15:10:00,566.79,567.3284,565.6931,566.3712,22479.0
2026-03-19 15:15:00,566.2715,567.2287,565.9274,567.1988,14403.0
2026-03-19 15:20:00,566.6565,566.9196,565.9524,566.3113,10682.0
2026-03-19 15:25:00,566.3014,566.3113,564.8904,565.04,14026.0
2026-03-19 15:30:00,565.04,565.8826,564.5444,565.2444,14575.0
2026-03-19 15:35:00,565.4039,565.6133,564.5863,565.5884,10671.0
2026-03-19 15:40:00,565.5685,566.3213,565.379,566.1219,14428.0
2026-03-19 15:45:00,565.9025,566.0621,564.9203,565.4787,27585.0
2026-03-19 15:50:00,565.4787,565.8826,564.8705,565.6233,50407.0
2026-03-19 15:55:00,565.8826,566.1319,564.9054,566.0222,160489.0
2026-03-20 09:30:00,566.9395,572.0648,566.8049,568.505,215434.0
2026-03-20 09:35:00,569.0584,569.6679,567.7821,568.0463,8563.0
2026-03-20 09:40:00,567.9489,568.854,566.7202,568.8241,15250.0
2026-03-20 09:45:00,568.9238,571.5862,568.4153,571.2771,13530.0
2026-03-20 09:50:00,571.2771,571.6959,568.6995,569.3825,8829.0
2026-03-20 09:55:00,569.1332,570.3298,568.5848,568.6546,11478.0
2026-03-20 10:00:00,568.7144,568.8241,567.6974,568.156,7622.0
2026-03-20 10:05:00,568.1859,568.1859,566.6404,567.3683,7529.0
2026-03-20 10:10:00,567.2985,567.7372,565.9025,566.1518,20562.0
2026-03-20 10:15:00,566.1219,566.1219,563.3798,564.0728,9186.0
2026-03-20 10:20:00,564.1575,565.5934,563.8085,565.0001,11290.0
2026-03-20 10:25:00,564.9852,565.6931,564.6561,564.9453,8120.0
2026-03-20 10:30:00,565.0151,566.9595,565.0151,566.9595,11986.0
2026-03-20 10:35:00,566.8847,569.3626,566.5706,568.9837,18886.0
2026-03-20 10:40:00,569.3626,569.3626,567.9566,568.1211,12241.0
2026-03-20 10:45:00,568.1211,569.203,567.7771,568.2906,26366.0
2026-03-20 10:50:00,568.2906,568.4053,566.2515,566.2515,10422.0
2026-03-20 10:55:00,566.6205,567.7572,566.5207,567.4007,8245.0
2026-03-20 11:00:00,567.5528,568.3854,567.2486,567.458,15129.0
2026-03-20 11:05:00,567.0592,568.176,566.8298,567.817,18307.0
2026-03-20 11:10:00,567.817,569.3725,567.807,569.218,13479.0
2026-03-20 11:15:00,569.3227,569.3227,568.0364,568.0862,54292.0
2026-03-20 11:20:00,568.1112,570.5093,567.9865,568.5599,17889.0
2026-03-20 11:25:00,568.5599,568.9438,566.7351,567.2187,16180.0
2026-03-20 11:30:00,567.3583,567.5976,566.5108,567.5378,10155.0
2026-03-20 11:35:00,567.5378,568.0962,567.0542,567.4654,10812.0
2026-03-20 11:40:00,567.483,567.483,565.743,565.743,14241.0
2026-03-20 11:45:00,565.743,566.4509,564.9453,566.0122,7986.0
2026-03-20 11:50:00,566.441,566.6105,565.3042,565.9274,11604.0
2026-03-20 11:55:00,566.1618,566.5806,565.4039,565.9923,12118.0
2026-03-20 12:00:00,565.8128,567.1589,565.4339,565.6333,23609.0
2026-03-20 12:05:00,565.5834,565.6283,562.7167,563.2701,9864.0
2026-03-20 12:10:00,563.644,563.7188,562.4026,562.6319,12114.0
2026-03-20 12:15:00,562.6319,562.941,562.3128,562.6917,7249.0
2026-03-20 12:20:00,562.3328,563.7437,562.3328,563.5742,9802.0
2026-03-20 12:25:00,563.5742,563.988,563.1604,563.5493,12669.0
2026-03-20 12:30:00,563.3997,563.5692,562.3328,563.5692,7261.0
2026-03-20 12:35:00,563.7487,563.8385,562.9709,563.7936,7464.0
2026-03-20 12:40:00,563.7986,564.0279,563.4097,563.9083,4298.0
2026-03-20 12:45:00,563.7786,564.1276,563.5493,563.6689,7411.0
2026-03-20 12:50:00,564.2373,564.2373,563.5493,563.9282,21914.0
2026-03-20 12:55:00,563.993,564.4367,563.9581,564.0927,6690.0
2026-03-20 13:00:00,564.0179,564.327,563.8185,564.1127,4921.0
2026-03-20 13:05:00,564.1127,564.5265,562.8413,564.0678,15648.0
2026-03-20 13:10:00,564.3819,564.7857,564.0977,564.3968,3619.0
2026-03-20 13:15:00,564.5065,566.1618,564.4268,565.3142,24452.0
2026-03-20 13:20:00,565.1597,565.8128,565.1597,565.3491,18895.0
2026-03-20 13:25:00,565.3441,565.3441,563.2602,563.2602,27611.0
2026-03-20 13:30:00,563.7785,564.4068,563.5293,563.9182,11003.0
2026-03-20 13:35:00,564.1476,564.9852,563.8185,564.9852,6434.0
2026-03-20 13:40:00,564.7708,565.035,564.4866,565.035,4530.0
2026-03-20 13:45:00,564.9154,565.1048,564.4517,564.4766,8693.0
2026-03-20 13:50:00,564.4417,564.7957,564.2074,564.5065,11830.0
2026-03-20 13:55:00,564.6362,564.7658,564.0778,564.4367,11948.0
2026-03-20 14:00:00,564.696,564.696,563.1305,563.3349,13504.0
2026-03-20 14:05:00,563.4097,564.3819,562.1334,562.5123,19463.0
2026-03-20 14:10:00,562.5123,562.5123,561.7345,562.2829,10818.0
2026-03-20 14:15:00,562.592,562.7516,561.6298,561.7644,8101.0
2026-03-20 14:20:00,561.8442,561.9838,559.84,560.1092,8311.0
2026-03-20 14:25:00,560.4382,561.0265,560.0992,560.3884,10174.0
2026-03-20 14:30:00,560.4582,560.4632,559.1619,559.2566,8728.0
2026-03-20 14:35:00,559.2566,559.7103,559.1519,559.4112,9642.0
2026-03-20 14:40:00,559.2018,559.6106,558.3941,558.5935,10585.0
2026-03-20 14:45:00,558.5038,558.5935,556.7289,556.9632,29859.0
2026-03-20 14:50:00,556.9782,558.1199,556.7289,558.1199,18805.0
2026-03-20 14:55:00,558.1149,558.4639,557.1776,557.7908,8731.0
2026-03-20 15:00:00,557.8208,558.065,557.058,557.4668,13228.0
2026-03-20 15:05:00,557.4468,557.4468,556.1306,556.2204,19324.0
2026-03-20 15:10:00,556.2204,556.9383,555.8016,556.5295,18876.0
2026-03-20 15:15:00,556.5245,556.6391,555.8614,556.5295,15742.0
2026-03-20 15:20:00,556.7886,556.7886,553.907,553.907,23060.0
2026-03-20 15:25:00,553.902,554.0765,552.7902,553.0295,39169.0
2026-03-20 15:30:00,552.7902,553.4184,549.6941,550.088,41453.0
2026-03-20 15:35:00,550.088,550.8857,549.739,550.8707,35738.0
2026-03-20 15:40:00,550.8658,553.4284,550.7262,553.1691,29097.0
2026-03-20 15:45:00,553.1492,554.246,552.3415,553.4084,33456.0
2026-03-20 15:50:00,553.4782,557.038,552.9099,556.2503,62360.0
2026-03-20 15:55:00,556.6541,558.3243,556.1206,558.2445,125403.0
2026-03-23 09:30:00,568.6147,570.0007,564.3221,564.3221,20053.0
2026-03-23 09:35:00,563.8385,565.8925,562.4126,564.4417,9264.0
2026-03-23 09:40:00,564.4268,568.5559,564.4168,567.468,5135.0
2026-03-23 09:45:00,566.6005,566.7301,564.8306,565.9175,24753.0
2026-03-23 09:50:00,566.5706,570.0606,566.5706,569.0435,10093.0
2026-03-23 09:55:00,568.4153,569.9708,567.3184,569.8312,7079.0
2026-03-23 10:00:00,569.4922,570.1403,567.2586,568.2059,10394.0
2026-03-23 10:05:00,567.6924,569.3426,566.6304,569.3426,8148.0
2026-03-23 10:10:00,569.1233,570.2999,566.3811,567.5777,12480.0
2026-03-23 10:15:00,566.9894,568.0264,566.4011,567.4157,14287.0
2026-03-23 10:20:00,567.139,568.4801,567.139,567.8569,22198.0
2026-03-23 10:25:00,567.8569,567.8569,565.4887,566.6304,14011.0
2026-03-23 10:30:00,566.78,567.0293,566.2914,566.6105,9223.0
2026-03-23 10:35:00,566.6728,567.3136,566.2465,566.3612,3689.0
2026-03-23 10:40:00,566.3861,567.458,565.9225,566.1319,5177.0
2026-03-23 10:45:00,566.092,567.139,566.092,566.79,8005.0
2026-03-23 10:50:00,566.3512,566.9395,565.9773,566.2017,6179.0
2026-03-23 10:55:00,566.2041,566.9296,565.1547,566.9296,5758.0
2026-03-23 11:00:00,566.8797,567.3583,566.0022,567.1888,8610.0
2026-03-23 11:05:00,566.9196,568.9139,566.6678,567.2686,25275.0
2026-03-23 11:10:00,567.0592,567.7372,566.7999,567.2736,12460.0
2026-03-23 11:15:00,567.2736,567.807,567.0492,567.4481,4942.0
2026-03-23 11:20:00,567.468,567.468,566.3413,566.6005,5322.0
2026-03-23 11:25:00,566.6703,567.1589,566.0321,566.0321,6931.0
2026-03-23 11:30:00,566.2515,566.6404,565.5909,565.8626,5097.0
2026-03-23 11:35:00,565.8327,566.2813,565.1548,565.7081,5318.0
2026-03-23 11:40:00,565.6532,566.9146,565.1846,566.9146,5269.0
2026-03-23 11:45:00,566.6603,566.9196,566.3811,566.5457,3919.0
2026-03-23 11:50:00,566.3811,566.5806,565.035,565.743,7712.0
2026-03-23 11:55:00,565.743,565.8016,565.035,565.035,10381.0
2026-03-23 12:00:00,565.1597,565.399,564.0678,565.1297,9064.0
2026-03-23 12:05:00,564.8954,566.067,564.8555,565.025,6537.0
2026-03-23 12:10:00,564.9852,565.5535,564.1276,564.4567,6046.0
2026-03-23 12:15:00,564.337,565.5117,563.8983,564.2174,5288.0
2026-03-23 12:20:00,563.7786,563.7786,562.7217,563.1205,6890.0
2026-03-23 12:25:00,563.1205,564.4168,562.8712,563.9731,13500.0
2026-03-23 12:30:00,563.5044,565.1347,563.5044,564.5963,30624.0
2026-03-23 12:35:00,564.8954,565.8377,564.5086,565.4737,4414.0
2026-03-23 12:40:00,565.4737,565.9175,564.8755,565.4638,7452.0
2026-03-23 12:45:00,565.0151,565.6133,564.1477,565.2295,3788.0
2026-03-23 12:50:00,565.2394,565.5784,564.8655,565.2693,2920.0
2026-03-23 12:55:00,565.2693,565.5336,564.6362,565.399,3661.0
2026-03-23 13:00:00,565.4339,565.6632,564.3619,564.3619,7047.0
2026-03-23 13:05:00,564.3619,565.743,563.998,565.733,5259.0
2026-03-23 13:10:00,565.9823,566.3712,565.4189,565.4189,2475.0
2026-03-23 13:15:00,565.0649,565.743,564.3969,564.4816,6207.0
2026-03-23 13:20:00,564.4492,564.6262,563.7687,564.6262,3186.0
2026-03-23 13:25:00,564.9403,565.3142,564.9253,565.1646,2588.0
2026-03-23 13:30:00,565.045,567.5229,564.6162,567.0243,7738.0
2026-03-23 13:35:00,567.458,568.5848,567.4381,568.2358,4705.0
2026-03-23 13:40:00,568.0065,568.5449,567.458,567.7198,4810.0
2026-03-23 13:45:00,567.6924,567.8868,567.4281,567.6575,2930.0
2026-03-23 13:50:00,567.6475,568.3156,567.6475,568.3156,9905.0
2026-03-23 13:55:00,568.3654,568.6945,568.3106,568.5798,6126.0
2026-03-23 14:00:00,568.5449,568.854,568.3654,568.7344,5773.0
2026-03-23 14:05:00,568.6297,568.6696,567.2387,568.3804,12674.0
2026-03-23 14:10:00,568.3804,569.0435,567.8968,568.176,8334.0
2026-03-23 14:15:00,568.1361,568.2707,567.114,567.1689,5613.0
2026-03-23 14:20:00,567.1739,567.807,567.124,567.5278,7850.0
2026-03-23 14:25:00,567.6774,568.6845,567.6774,568.1261,6130.0
2026-03-23 14:30:00,568.1859,568.9537,568.1361,568.9537,7251.0
2026-03-23 14:35:00,569.0734,569.7425,568.7338,569.1731,8339.0
2026-03-23 14:40:00,569.3426,569.3426,568.5848,568.9438,5397.0
2026-03-23 14:45:00,568.8989,569.4922,568.6745,569.4922,6289.0
2026-03-23 14:50:00,569.4698,569.5371,568.8191,568.9039,6247.0
2026-03-23 14:55:00,569.1432,569.2329,568.849,569.2329,5469.0
2026-03-23 15:00:00,569.0036,569.0036,568.0265,568.525,6116.0
2026-03-23 15:05:00,568.3654,568.7643,568.166,568.7144,6940.0
2026-03-23 15:10:00,568.5748,569.0634,568.4851,568.53,10755.0
2026-03-23 15:15:00,568.3654,568.4851,567.6924,568.0463,10614.0
2026-03-23 15:20:00,568.0463,568.0463,566.6105,566.9944,17947.0
2026-03-23 15:25:00,566.9096,567.2287,566.3113,566.8298,13232.0
2026-03-23 15:30:00,566.9894,567.3085,566.8598,566.9595,9442.0
2026-03-23 15:35:00,567.0791,568.2657,566.717,568.0264,13726.0
2026-03-23 15:40:00,568.176,568.5549,567.1589,567.5079,13627.0
2026-03-23 15:45:00,567.468,568.4053,567.3583,568.1859,22957.0
2026-03-23 15:50:00,568.0115,568.6845,566.7501,567.0293,53777.0
2026-03-23 15:55:00,566.9994,568.6047,566.5706,567.6375,131273.0
2026-03-24 09:30:00,558.9425,563.4645,558.3942,563.4645,22721.0
2026-03-24 09:35:00,563.8983,564.9154,562.8513,563.0806,10233.0
2026-03-24 09:40:00,564.1457,564.1457,560.7174,560.7174,4774.0
2026-03-24 09:45:00,560.3285,562.0436,559.3115,561.2359,8953.0
2026-03-24 09:50:00,561.0714,562.4824,560.6177,562.0785,3625.0
2026-03-24 09:55:00,562.5023,564.6062,562.2032,564.6062,11217.0
2026-03-24 10:00:00,563.7288,567.5477,563.7188,567.0642,5556.0
2026-03-24 10:05:00,567.0642,570.0704,567.0642,569.208,3587.0
2026-03-24 10:10:00,569.1043,570.25,568.884,570.25,7082.0
2026-03-24 10:15:00,569.901,570.7486,568.5599,569.6816,5128.0
2026-03-24 10:20:00,570.3597,572.2343,570.2899,571.6111,6898.0
2026-03-24 10:25:00,571.6061,573.032,571.307,571.3768,10868.0
2026-03-24 10:30:00,571.5039,571.7557,570.5735,571.0328,5396.0
2026-03-24 10:35:00,570.3896,570.619,569.3627,569.7265,6841.0
2026-03-24 10:40:00,569.7415,571.9751,569.7415,571.5712,7627.0
2026-03-24 10:45:00,571.5712,571.9551,570.27,570.3049,4174.0
2026-03-24 10:50:00,569.9309,573.6801,569.6318,572.3839,10613.0
2026-03-24 10:55:00,571.5862,573.6502,571.5862,573.401,5756.0
2026-03-24 11:00:00,573.4508,575.1858,573.4508,574.6175,11235.0
2026-03-24 11:05:00,574.5576,575.4999,573.9992,575.4201,5397.0
2026-03-24 11:10:00,575.475,575.804,574.797,575.3852,8134.0
2026-03-24 11:15:00,575.3852,577.1901,574.5975,577.1153,13560.0
2026-03-24 11:20:00,577.4593,578.0326,576.5818,577.8631,13526.0
2026-03-24 11:25:00,577.8083,577.908,576.9906,577.6587,31889.0
2026-03-24 11:30:00,577.7285,578.237,577.2997,577.9878,18499.0
2026-03-24 11:35:00,577.5939,578.8054,577.5939,578.1922,5458.0
2026-03-24 11:40:00,578.0725,578.6957,578.0725,578.242,2020.0
2026-03-24 11:45:00,578.586,579.0347,578.2171,578.9799,4591.0
2026-03-24 11:50:00,578.9799,579.3239,578.3368,578.4066,3772.0
2026-03-24 11:55:00,578.0077,578.1274,576.9906,577.918,9936.0
2026-03-24 12:00:00,577.3396,578.2171,576.9109,577.903,8486.0
2026-03-24 12:05:00,577.8382,578.5561,577.3895,578.5561,4839.0
2026-03-24 12:10:00,578.7655,579.0048,578.3567,579.0048,3631.0
2026-03-24 12:15:00,578.8852,579.4336,578.596,578.96,4597.0
2026-03-24 12:20:00,579.0846,579.6629,578.96,579.3239,6305.0
2026-03-24 12:25:00,578.5362,579.6684,578.5362,579.4386,7123.0
2026-03-24 12:30:00,579.4236,580.0118,579.0547,579.4835,19833.0
2026-03-24 12:35:00,579.4835,580.0119,579.1246,579.5333,7365.0
2026-03-24 12:40:00,579.5333,580.7897,579.4835,580.7797,8833.0
2026-03-24 12:45:00,580.9094,581.8666,580.5255,580.5255,21143.0
2026-03-24 12:50:00,580.0219,580.9292,580.0219,580.6651,8271.0
2026-03-24 12:55:00,580.4507,580.9293,580.0119,580.8047,3075.0
2026-03-24 13:00:00,580.9891,581.3431,579.9023,580.002,18990.0
2026-03-24 13:05:00,579.7327,579.9072,579.0547,579.2292,4994.0
2026-03-24 13:10:00,578.8353,579.5134,578.8154,579.0796,6642.0
2026-03-24 13:15:00,579.3239,579.5632,579.1843,579.5433,4645.0
2026-03-24 13:20:00,579.4236,580.351,579.2741,580.1914,6130.0
2026-03-24 13:25:00,580.1914,580.3111,579.7477,579.8773,3307.0
2026-03-24 13:30:00,579.8584,580.4606,578.3368,578.7256,4545.0
2026-03-24 13:35:00,578.7256,579.4137,578.3668,579.3289,4223.0
2026-03-24 13:40:00,579.3339,579.8325,578.8254,579.0647,6260.0
2026-03-24 13:45:00,578.7929,579.0746,578.3368,578.3766,3857.0
2026-03-24 13:50:00,578.3368,578.955,578.0675,578.5761,7683.0
2026-03-24 13:55:00,578.5412,580.6875,578.1573,580.0119,9635.0
2026-03-24 14:00:00,580.3709,580.9094,579.5233,580.351,7087.0
2026-03-24 14:05:00,580.351,580.351,579.3239,579.3239,4689.0
2026-03-24 14:10:00,579.5034,579.8225,579.0447,579.1943,6678.0
2026-03-24 14:15:00,579.1694,579.7228,579.0946,579.653,4804.0
2026-03-24 14:20:00,579.8125,579.8125,578.7157,579.0846,4903.0
2026-03-24 14:25:00,579.294,580.0219,579.1122,579.6629,6268.0
2026-03-24 14:30:00,579.982,580.6202,579.6729,579.8424,10121.0
2026-03-24 14:35:00,579.8225,581.024,579.7827,580.9941,7839.0
2026-03-24 14:40:00,580.9891,580.9891,579.6131,580.0817,6777.0
2026-03-24 14:45:00,580.0817,580.4307,579.8524,580.0917,7706.0
2026-03-24 14:50:00,580.4208,580.7747,580.1565,580.3111,4918.0
2026-03-24 14:55:00,580.4906,580.6302,580.0718,580.351,4368.0
2026-03-24 15:00:00,580.6302,580.9891,580.3011,580.7249,5336.0
2026-03-24 15:05:00,580.9393,580.9891,580.2662,580.7199,15969.0
2026-03-24 15:10:00,580.9891,580.9891,580.7149,580.9891,9039.0
2026-03-24 15:15:00,580.8096,581.3142,580.2313,580.5005,10377.0
2026-03-24 15:20:00,580.4108,580.9492,580.1017,580.9492,11486.0
2026-03-24 15:25:00,581.039,581.2384,580.4008,581.044,16536.0
2026-03-24 15:30:00,581.0888,581.6373,580.9193,581.0639,33693.0
2026-03-24 15:35:00,580.9991,581.1586,580.1316,580.9492,17584.0
2026-03-24 15:40:00,580.852,581.732,580.68,581.7071,26043.0
2026-03-24 15:45:00,581.6771,582.8239,581.6273,582.086,32360.0
2026-03-24 15:50:00,582.1408,582.2056,580.1117,581.1586,36582.0
2026-03-24 15:55:00,581.2185,582.0561,580.8695,581.5774,114165.0
2026-03-25 09:30:00,586.8922,588.9961,584.8034,585.885,18603.0
2026-03-25 09:35:00,586.9669,587.7696,584.6187,584.6685,6945.0
2026-03-25 09:40:00,585.187,585.7554,581.9115,582.1458,7277.0
2026-03-25 09:45:00,582.415,582.6444,580.8196,581.1188,8568.0
2026-03-25 09:50:00,581.1387,582.6593,580.6102,581.3182,8101.0
2026-03-25 09:55:00,580.9094,581.9389,579.9421,580.9991,7092.0
2026-03-25 10:00:00,580.3161,580.3161,577.6786,577.7684,12602.0
2026-03-25 10:05:00,577.4094,578.5361,576.7513,578.2819,7349.0
2026-03-25 10:10:00,579.1244,579.8424,577.6089,579.8424,11072.0
2026-03-25 10:15:00,579.6929,579.6929,577.9479,577.9778,7052.0
2026-03-25 10:20:00,577.9878,578.3467,576.8211,577.6117,5210.0
2026-03-25 10:25:00,577.1402,578.3368,576.3525,576.3525,8477.0
2026-03-25 10:30:00,576.7064,577.7583,576.3425,577.0405,8517.0
2026-03-25 10:35:00,577.3895,577.7584,575.9404,576.2328,6539.0
2026-03-25 10:40:00,576.4322,578.0476,576.4322,577.549,6501.0
2026-03-25 10:45:00,577.8181,578.2869,577.0305,578.2769,6481.0
2026-03-25 10:50:00,578.2969,579.7726,577.9578,579.6031,5352.0
2026-03-25 10:55:00,579.8025,581.4578,579.7028,580.9942,10847.0
2026-03-25 11:00:00,581.1985,581.3082,579.5034,579.5034,7981.0
2026-03-25 11:05:00,579.7926,579.9222,578.3766,579.8225,11955.0
2026-03-25 11:10:00,579.8674,580.4208,579.3538,579.9372,5167.0
2026-03-25 11:15:00,580.331,580.5604,577.7285,578.1822,8705.0
2026-03-25 11:20:00,578.1822,579.7826,578.1822,579.2541,13266.0
2026-03-25 11:25:00,579.3937,579.8125,578.9949,579.7327,7382.0
2026-03-25 11:30:00,579.5732,580.6202,579.2342,580.1815,4670.0
2026-03-25 11:35:00,579.9322,580.0319,578.5412,578.8254,5995.0
2026-03-25 11:40:00,578.4764,579.4535,578.4365,579.4535,5314.0
2026-03-25 11:45:00,579.3439,579.8175,579.1444,579.5092,4145.0
2026-03-25 11:50:00,579.9122,580.2014,579.3838,579.8125,3922.0
2026-03-25 11:55:00,580.1117,580.341,579.5034,580.2512,6393.0
2026-03-25 12:00:00,579.8,580.0419,578.9949,579.3239,5582.0
2026-03-25 12:05:00,579.5333,579.5333,579.1245,579.2541,1554.0
2026-03-25 12:10:00,579.0048,579.2441,578.3517,578.6359,3730.0
2026-03-25 12:15:00,578.4714,578.4714,577.4792,577.5939,7372.0
2026-03-25 12:20:00,577.4194,577.5989,575.9486,577.1003,9885.0
2026-03-25 12:25:00,577.3995,577.918,576.9607,577.8382,6050.0
2026-03-25 12:30:00,577.8281,578.6758,577.3795,578.6758,5883.0
2026-03-25 12:35:00,578.1474,578.8852,578.1473,578.8852,3990.0
2026-03-25 12:40:00,578.7905,579.1943,577.8432,577.8432,14261.0
2026-03-25 12:45:00,577.888,577.918,577.4044,577.4992,7643.0
2026-03-25 12:50:00,577.6886,577.7584,576.5419,577.1701,6092.0
2026-03-25 12:55:00,577.4194,577.8432,576.8411,577.559,6920.0
2026-03-25 13:00:00,577.6786,579.0846,577.6786,578.7406,3398.0
2026-03-25 13:05:00,578.7356,579.0647,578.4165,578.4165,3902.0
2026-03-25 13:10:00,578.3467,578.6857,577.8282,578.08,2050.0
2026-03-25 13:15:00,578.3966,578.6558,577.8382,578.6558,3245.0
2026-03-25 13:20:00,578.7854,579.1195,578.6658,579.0248,3344.0
2026-03-25 13:25:00,579.1843,579.3139,579.0896,579.1743,2786.0
2026-03-25 13:30:00,579.0846,579.3082,578.8652,579.0148,4357.0
2026-03-25 13:35:00,579.3836,579.5732,578.6658,578.763,5920.0
2026-03-25 13:40:00,578.7057,579.1644,578.3567,578.6758,6551.0
2026-03-25 13:45:00,578.6509,579.3538,577.4792,578.237,8789.0
2026-03-25 13:50:00,578.6758,578.6758,577.1701,577.1701,1939.0
2026-03-25 13:55:00,577.6388,578.4365,577.21,577.6188,4904.0
2026-03-25 14:00:00,577.21,578.257,577.21,577.9578,3369.0
2026-03-25 14:05:00,577.9529,578.4066,577.8482,577.8482,5569.0
2026-03-25 14:10:00,578.0775,578.3766,577.5665,577.569,6171.0
2026-03-25 14:15:00,578.0077,578.7655,577.6786,578.7581,6666.0
2026-03-25 14:20:00,578.6209,578.8652,577.6088,577.6088,3752.0
2026-03-25 14:25:00,577.6188,577.6388,576.8012,577.3795,6390.0
2026-03-25 14:30:00,577.6587,577.8681,577.3895,577.7185,3341.0
2026-03-25 14:35:00,577.6637,577.6637,576.3425,576.7015,9978.0
2026-03-25 14:40:00,576.6965,577.1701,576.512,577.1302,5151.0
2026-03-25 14:45:00,577.0006,577.0006,576.4223,576.4223,7679.0
2026-03-25 14:50:00,576.5519,577.2299,576.3026,576.9657,8429.0
2026-03-25 14:55:00,577.1302,577.1302,575.7741,576.6117,5178.0
2026-03-25 15:00:00,576.6317,576.7812,576.2527,576.3824,4836.0
2026-03-25 15:05:00,576.5818,576.7713,575.824,576.497,8180.0
2026-03-25 15:10:00,576.5419,577.0305,576.3973,576.9408,5932.0
2026-03-25 15:15:00,576.9757,577.3995,576.7812,577.2798,8166.0
2026-03-25 15:20:00,577.2499,577.6587,576.7015,576.9208,10776.0
2026-03-25 15:25:00,576.861,576.861,576.3624,576.6017,10508.0
2026-03-25 15:30:00,576.4621,576.6616,575.6196,575.8439,9583.0
2026-03-25 15:35:00,575.6939,576.2527,575.455,576.1929,11188.0
2026-03-25 15:40:00,576.4322,577.22,576.2577,576.6117,11604.0
2026-03-25 15:45:00,576.4921,577.0106,576.0533,576.7613,19851.0
2026-03-25 15:50:00,576.7314,577.5789,575.814,577.1701,29607.0
2026-03-25 15:55:00,576.9507,577.6487,575.8738,576.3026,69034.0
2026-03-26 09:30:00,572.3141,577.2399,572.3141,574.5477,25163.0
2026-03-26 09:35:00,574.8568,576.6815,574.0092,576.0334,5197.0
2026-03-26 09:40:00,575.6928,578.1672,574.3482,577.377,16307.0
2026-03-26 09:45:00,577.3945,578.611,577.3396,577.9379,7913.0
2026-03-26 09:50:00,577.918,578.1872,574.4081,575.7342,9645.0
2026-03-26 09:55:00,575.7492,576.4821,574.6972,576.153,16122.0
2026-03-26 10:00:00,576.163,576.8012,574.9664,576.4422,7234.0
2026-03-26 10:05:00,576.3425,577.1053,575.7243,576.3674,13252.0
2026-03-26 10:10:00,577.1601,579.4933,576.6815,579.4635,22386.0
2026-03-26 10:15:00,579.4336,580.7947,579.0547,579.6181,8890.0
2026-03-26 10:20:00,579.9322,580.1815,578.95,579.1594,9667.0
2026-03-26 10:25:00,579.0347,579.4436,578.5761,578.9849,6095.0
2026-03-26 10:30:00,579.4236,580.8994,578.9849,580.8944,6285.0
2026-03-26 10:35:00,580.7448,580.9293,580.002,580.9293,15453.0
2026-03-26 10:40:00,581.0589,581.9264,579.5732,579.7228,88057.0
2026-03-26 10:45:00,579.7327,579.9521,578.7655,579.0148,8430.0
2026-03-26 10:50:00,578.9749,580.328,578.4165,580.328,9785.0
2026-03-26 10:55:00,579.2441,579.8424,578.8454,579.8374,4679.0
2026-03-26 11:00:00,579.5981,582.2655,579.4835,581.2883,12011.0
2026-03-26 11:05:00,581.5575,582.066,580.8496,581.9863,5939.0
2026-03-26 11:10:00,581.7918,585.6059,581.44,585.5261,13678.0
2026-03-26 11:15:00,585.5959,586.1593,583.4022,583.811,22234.0
2026-03-26 11:20:00,583.8409,584.2298,582.3305,582.7341,12325.0
2026-03-26 11:25:00,582.4502,582.774,581.4678,581.6422,9455.0
2026-03-26 11:30:00,581.378,581.5276,579.9392,580.7,12101.0
2026-03-26 11:35:00,580.8296,581.2982,580.7,580.9492,4978.0
2026-03-26 11:40:00,580.67,581.029,577.9578,578.2171,10449.0
2026-03-26 11:45:00,578.2869,578.586,576.2129,577.4792,13238.0
2026-03-26 11:50:00,577.3197,578.4764,577.2549,578.4764,4021.0
2026-03-26 11:55:00,578.8054,578.9151,578.2271,578.596,4465.0
2026-03-26 12:00:00,578.7556,579.7427,578.4664,579.5433,4237.0
2026-03-26 12:05:00,579.3339,579.8125,578.8254,579.648,5898.0
2026-03-26 12:10:00,579.9322,579.9322,578.9749,579.5632,4943.0
2026-03-26 12:15:00,579.3738,580.8594,578.8503,580.68,6301.0
2026-03-26 12:20:00,580.7099,580.7199,579.7128,580.5304,17367.0
2026-03-26 12:25:00,580.4806,580.5703,579.5931,580.3809,4809.0
2026-03-26 12:30:00,580.0718,580.0718,579.4735,580.0419,8161.0
2026-03-26 12:35:00,580.0269,580.2877,579.4535,579.9521,5776.0
2026-03-26 12:40:00,579.9521,580.8695,579.8325,580.5853,5251.0
2026-03-26 12:45:00,580.34,580.7997,578.6858,579.1544,11218.0
2026-03-26 12:50:00,579.0472,580.3111,578.7356,580.3111,6577.0
2026-03-26 12:55:00,580.3111,581.1287,579.6231,581.1287,5228.0
2026-03-26 13:00:00,580.9293,581.5375,580.68,581.0988,5495.0
2026-03-26 13:05:00,580.8595,581.1487,580.8595,581.1188,1558.0
2026-03-26 13:10:00,580.8745,581.1387,580.8495,580.8944,6331.0
2026-03-26 13:15:00,580.8794,580.9592,580.321,580.5953,9780.0
2026-03-26 13:20:00,580.4352,581.029,580.2014,580.8745,12551.0
2026-03-26 13:25:00,581.049,581.4678,580.321,581.4179,11675.0
2026-03-26 13:30:00,581.4428,582.0162,580.9991,582.0162,7262.0
2026-03-26 13:35:00,582.0261,582.4449,581.9962,582.1259,13913.0
2026-03-26 13:40:00,582.2854,582.4649,581.7968,582.086,10759.0
2026-03-26 13:45:00,582.3452,583.0731,582.1757,582.6294,14055.0
2026-03-26 13:50:00,582.6294,582.8538,581.7669,582.7739,8093.0
2026-03-26 13:55:00,582.5546,583.3124,582.4848,582.5147,12316.0
2026-03-26 14:00:00,582.5197,583.831,582.3253,583.0582,15245.0
2026-03-26 14:05:00,583.0532,583.8758,582.6194,583.3124,13505.0
2026-03-26 14:10:00,583.821,583.8409,582.6244,582.9136,7838.0
2026-03-26 14:15:00,582.9036,583.0233,581.6771,581.8167,6486.0
2026-03-26 14:20:00,581.9863,582.5945,581.6472,582.4749,6189.0
2026-03-26 14:25:00,582.6344,582.9136,582.425,582.5197,6257.0
2026-03-26 14:30:00,582.5147,583.0831,582.2555,583.0632,10170.0
2026-03-26 14:35:00,582.8438,583.3025,582.6444,582.8637,5979.0
2026-03-26 14:40:00,582.8538,582.8538,580.8794,581.4678,10447.0
2026-03-26 14:45:00,581.5326,581.5326,579.633,579.8374,23125.0
2026-03-26 14:50:00,579.8325,580.1815,579.3239,579.982,17148.0
2026-03-26 14:55:00,579.8424,580.3609,579.3837,579.638,13907.0
2026-03-26 15:00:00,579.3538,579.8973,577.888,579.2741,20224.0
2026-03-26 15:05:00,579.2691,579.5333,577.9578,578.1174,24889.0
2026-03-26 15:10:00,578.1174,578.9051,577.9479,578.7356,20575.0
2026-03-26 15:15:00,578.7406,579.5632,578.6259,579.3788,10029.0
2026-03-26 15:20:00,579.5832,579.8823,579.0746,579.0846,10343.0
2026-03-26 15:25:00,579.0746,579.3738,578.3368,579.0696,13708.0
2026-03-26 15:30:00,579.0696,579.1594,578.5262,579.1145,15184.0
2026-03-26 15:35:00,579.1444,579.8823,578.8204,579.3439,17041.0
2026-03-26 15:40:00,579.3289,579.3339,578.7557,578.8353,32011.0
2026-03-26 15:45:00,578.95,579.8225,578.7855,579.3239,61968.0
2026-03-26 15:50:00,579.3339,579.7128,578.257,579.0547,69160.0
2026-03-26 15:55:00,579.0547,580.2313,578.9649,579.982,240938.0
2026-03-27 09:30:00,579.0547,579.294,576.4522,578.5063,18328.0
2026-03-27 09:35:00,578.586,579.7726,578.1149,579.7028,9231.0
2026-03-27 09:40:00,579.7278,579.7278,577.22,577.22,4270.0
2026-03-27 09:45:00,575.9636,577.4792,575.8813,576.5419,5036.0
2026-03-27 09:50:00,576.8311,576.8311,574.2036,574.2036,6606.0
2026-03-27 09:55:00,574.1837,575.485,573.391,574.8991,7660.0
2026-03-27 10:00:00,574.9664,574.9664,571.4068,574.1588,7909.0
2026-03-27 10:05:00,573.3461,575.6046,572.2941,575.5448,24518.0
2026-03-27 10:10:00,575.48,577.0205,575.4452,577.0205,6806.0
2026-03-27 10:15:00,576.6666,577.1402,575.5049,576.7114,8642.0
2026-03-27 10:20:00,576.7713,576.7713,575.4551,575.4551,5079.0
2026-03-27 10:25:00,576.3425,577.4693,576.1829,576.3624,9133.0
2026-03-27 10:30:00,576.4422,576.4422,574.8268,576.2328,9688.0
2026-03-27 10:35:00,576.3973,576.9208,575.3653,575.3653,10834.0
2026-03-27 10:40:00,575.5647,576.1331,574.8069,575.5747,16895.0
2026-03-27 10:45:00,575.8738,577.0854,575.2456,576.8361,10433.0
2026-03-27 10:50:00,576.6715,577.1402,576.2627,576.5818,6929.0
2026-03-27 10:55:00,576.5469,578.247,576.5419,577.9529,8844.0
2026-03-27 11:00:00,577.9529,577.9678,576.8311,577.1552,15664.0
2026-03-27 11:05:00,577.2698,577.6786,573.7699,575.5897,18717.0
2026-03-27 11:10:00,575.5946,576.2727,574.7571,576.2727,8089.0
2026-03-27 11:15:00,576.2827,577.898,576.2827,576.7314,16697.0
2026-03-27 11:20:00,577.0505,578.955,576.7314,577.0497,18343.0
2026-03-27 11:25:00,577.225,578.6957,577.0754,578.1373,7352.0
2026-03-27 11:30:00,578.7556,579.9421,578.5661,579.5632,13688.0
2026-03-27 11:35:00,579.7427,580.2512,579.1345,579.2691,11243.0
2026-03-27 11:40:00,579.2691,579.613,578.945,579.279,7502.0
2026-03-27 11:45:00,579.5265,579.5265,578.8503,579.4037,6691.0
2026-03-27 11:50:00,579.1145,579.7776,578.4365,578.4365,5451.0
2026-03-27 11:55:00,578.5661,578.7157,575.9038,576.0783,8403.0
2026-03-27 12:00:00,576.0733,576.3126,573.3411,573.3411,4703.0
2026-03-27 12:05:00,573.0221,573.032,571.1574,572.3116,8880.0
2026-03-27 12:10:00,571.9701,571.99,570.7685,571.99,9174.0
2026-03-27 12:15:00,571.6659,572.4936,571.0477,572.3938,7097.0
2026-03-27 12:20:00,572.3938,572.4736,571.0178,571.4266,4738.0
2026-03-27 12:25:00,571.3319,571.4017,570.3398,570.8333,10005.0
2026-03-27 12:30:00,570.943,571.5463,567.5877,569.4124,27696.0
2026-03-27 12:35:00,569.5321,570.2002,568.3555,568.4053,12313.0
2026-03-27 12:40:00,568.6247,570.23,568.4253,569.4772,11361.0
2026-03-27 12:45:00,569.4124,571.7657,569.4124,571.287,13694.0
2026-03-27 12:50:00,571.4865,571.8355,570.8483,570.8483,10022.0
2026-03-27 12:55:00,571.2521,571.3469,570.6789,570.953,5089.0
2026-03-27 13:00:00,570.6788,570.8482,568.5349,570.1902,22021.0
2026-03-27 13:05:00,570.3198,570.943,568.8291,569.3127,11779.0
2026-03-27 13:10:00,568.9587,569.6916,567.7473,567.8071,15766.0
2026-03-27 13:15:00,568.2258,569.8262,567.9167,569.562,17549.0
2026-03-27 13:20:00,569.8063,570.2113,568.5108,568.6147,4753.0
2026-03-27 13:25:00,568.3555,568.9667,567.7971,567.7971,3783.0
2026-03-27 13:30:00,568.0414,568.2757,565.6233,566.072,42092.0
2026-03-27 13:35:00,565.6233,566.5207,563.2801,565.9623,40311.0
2026-03-27 13:40:00,566.5307,567.5478,566.1717,566.9096,9916.0
2026-03-27 13:45:00,566.8298,569.0086,566.8199,568.3305,9948.0
2026-03-27 13:50:00,567.9865,568.6347,567.9865,568.3355,2724.0
2026-03-27 13:55:00,568.3505,568.3505,567.4281,567.9317,8012.0
2026-03-27 14:00:00,568.4352,568.4452,566.431,566.431,21058.0
2026-03-27 14:05:00,566.1319,566.9595,564.4268,564.7708,9877.0
2026-03-27 14:10:00,564.7708,564.7708,563.4197,563.4197,9819.0
2026-03-27 14:15:00,563.5991,563.9481,563.0607,563.9481,14107.0
2026-03-27 14:20:00,563.8285,563.9581,563.477,563.477,6072.0
2026-03-27 14:25:00,563.4546,564.5364,562.4824,563.5343,21055.0
2026-03-27 14:30:00,563.5543,563.5543,562.4326,563.0258,9156.0
2026-03-27 14:35:00,563.0258,564.1873,562.8014,562.8014,10925.0
2026-03-27 14:40:00,562.8214,563.8684,562.7815,563.5144,9115.0
2026-03-27 14:45:00,563.5742,564.5763,563.5094,563.8685,14744.0
2026-03-27 14:50:00,564.1625,564.6362,564.0578,564.2423,4989.0
2026-03-27 14:55:00,564.2572,564.6362,563.7886,564.1775,14357.0
2026-03-27 15:00:00,564.4367,564.5364,563.2003,563.6191,13926.0
2026-03-27 15:05:00,563.5792,563.7387,562.8812,563.659,12313.0
2026-03-27 15:10:00,563.6291,564.8256,563.6291,564.8156,7893.0
2026-03-27 15:15:00,564.8256,565.0296,564.2149,565.0151,7361.0
2026-03-27 15:20:00,565.0001,565.6831,564.7658,565.0636,10102.0
2026-03-27 15:25:00,564.9652,564.9752,564.3862,564.6661,11564.0
2026-03-27 15:30:00,564.6661,565.5037,564.3669,565.4339,14546.0
2026-03-27 15:35:00,565.2843,565.3541,564.2772,564.4367,16883.0
2026-03-27 15:40:00,564.4467,564.8206,563.2003,563.4246,28742.0
2026-03-27 15:45:00,563.4396,564.5564,563.2202,564.2373,33949.0
2026-03-27 15:50:00,564.3869,564.8456,563.2202,564.6162,60754.0
2026-03-27 15:55:00,564.6162,565.8128,564.5664,564.7658,127745.0
2026-03-30 09:30:00,570.6588,571.646,567.9068,568.1374,20002.0
2026-03-30 09:35:00,567.7173,567.7173,564.7758,564.7957,7446.0
2026-03-30 09:40:00,564.0877,564.4317,561.3007,563.5493,4999.0
2026-03-30 09:45:00,562.8413,564.2473,558.763,559.7502,8716.0
2026-03-30 09:50:00,558.7331,562.1234,558.7331,559.5558,11290.0
2026-03-30 09:55:00,559.5807,560.6576,556.3001,559.2417,21665.0
2026-03-30 10:00:00,560.2089,562.2032,559.9596,560.7922,20606.0
2026-03-30 10:05:00,560.0793,561.1163,559.4411,560.0593,6602.0
2026-03-30 10:10:00,560.159,562.0636,559.4012,561.9688,12720.0
2026-03-30 10:15:00,561.8891,561.8891,560.3884,560.6775,5379.0
2026-03-30 10:20:00,561.4553,561.9732,560.4981,560.9169,6820.0
2026-03-30 10:25:00,560.4782,560.7374,559.815,560.0793,9449.0
2026-03-30 10:30:00,560.0793,561.9838,559.0323,559.7702,8526.0
2026-03-30 10:35:00,559.9496,562.3253,559.7004,562.0985,13689.0
2026-03-30 10:40:00,562.1084,562.8862,561.5849,561.5849,3452.0
2026-03-30 10:45:00,561.2859,562.7316,560.2887,562.5023,17966.0
2026-03-30 10:50:00,562.0436,562.1483,561.1961,561.1961,5376.0
2026-03-30 10:55:00,561.6996,563.1305,561.6996,562.8313,12937.0
2026-03-30 11:00:00,563.0906,565.1048,562.961,564.7957,11856.0
2026-03-30 11:05:00,565.3042,565.748,563.659,564.8755,6497.0
2026-03-30 11:10:00,564.9852,566.2515,564.9752,565.7729,5734.0
2026-03-30 11:15:00,565.4987,565.7729,563.998,565.7729,4791.0
2026-03-30 11:20:00,566.1219,566.4908,564.6861,565.045,4968.0
2026-03-30 11:25:00,564.3769,564.8954,563.4954,563.4954,2147.0
2026-03-30 11:30:00,563.9382,564.7857,563.3548,564.699,6281.0
2026-03-30 11:35:00,564.7658,565.4438,564.7658,564.9453,2592.0
2026-03-30 11:40:00,565.0479,565.4239,564.4667,565.0151,1987.0
2026-03-30 11:45:00,565.0151,565.0151,563.993,564.5065,4992.0
2026-03-30 11:50:00,564.352,565.1847,563.9631,564.8755,3767.0
2026-03-30 11:55:00,564.691,564.7259,564.2971,564.7209,804.0
2026-03-30 12:00:00,564.6611,564.6611,561.7445,562.7964,6966.0
2026-03-30 12:05:00,562.7964,563.7609,562.7815,563.3698,5477.0
2026-03-30 12:10:00,563.1504,563.8684,563.1504,563.5468,9756.0
2026-03-30 12:15:00,563.5293,563.5307,562.9709,563.1803,5170.0
2026-03-30 12:20:00,563.3698,563.4994,562.5522,562.7815,4402.0
2026-03-30 12:25:00,562.6519,562.8613,562.1782,562.7117,3046.0
2026-03-30 12:30:00,562.8214,564.4467,562.7765,563.7307,155033.0
2026-03-30 12:35:00,563.8385,564.6461,563.3449,564.6461,1740.0
2026-03-30 12:40:00,564.2523,564.6561,564.1924,564.2473,1717.0
2026-03-30 12:45:00,564.2523,564.2523,563.9033,564.2074,2328.0
2026-03-30 12:50:00,564.0728,564.9453,563.6889,563.7537,8287.0
2026-03-30 12:55:00,562.9876,563.31,562.7964,563.1604,2231.0
2026-03-30 13:00:00,563.4496,564.2572,563.3648,563.7188,3180.0
2026-03-30 13:05:00,563.7138,564.4467,563.7138,564.1726,3625.0
2026-03-30 13:10:00,564.2101,564.676,563.6491,564.0778,3110.0
2026-03-30 13:15:00,563.5593,563.6291,562.612,562.612,4787.0
2026-03-30 13:20:00,563.0407,563.0906,561.8542,562.263,8016.0
2026-03-30 13:25:00,562.253,562.8912,562.253,562.3128,3900.0
2026-03-30 13:30:00,562.3178,562.7516,561.6248,561.9439,8086.0
2026-03-30 13:35:00,562.1234,563.2003,561.9243,562.0287,8507.0
2026-03-30 13:40:00,562.0037,562.0037,560.907,561.3456,10488.0
2026-03-30 13:45:00,561.0614,561.4054,559.6905,560.1191,14500.0
2026-03-30 13:50:00,559.6904,560.7075,559.6006,560.7075,8346.0
2026-03-30 13:55:00,560.7075,561.1163,560.3983,560.9069,5895.0
2026-03-30 14:00:00,561.1362,561.4553,560.5579,560.9867,8694.0
2026-03-30 14:05:00,561.2359,561.2359,560.5878,560.7623,5035.0
2026-03-30 14:10:00,561.0719,561.5251,561.0265,561.4154,7078.0
2026-03-30 14:15:00,561.3656,561.545,561.0963,561.0963,4867.0
2026-03-30 14:20:00,561.3456,562.7217,561.0066,561.7744,37531.0
2026-03-30 14:25:00,561.1861,561.7445,560.9169,561.3656,8164.0
2026-03-30 14:30:00,561.0784,561.3915,560.9368,560.9368,3052.0
2026-03-30 14:35:00,561.0565,561.6448,560.9069,561.1013,7293.0
2026-03-30 14:40:00,561.3656,562.2393,561.2859,561.894,3089.0
2026-03-30 14:45:00,562.0237,562.0436,561.3301,562.0336,3552.0
2026-03-30 14:50:00,561.3855,562.0336,561.3855,561.575,1941.0
2026-03-30 14:55:00,561.2958,561.7943,561.1562,561.2758,9274.0
2026-03-30 15:00:00,561.1761,561.5151,560.9468,561.0465,4239.0
2026-03-30 15:05:00,560.7872,560.8869,559.3912,559.4461,8292.0
2026-03-30 15:10:00,559.6306,559.8798,557.6861,557.8881,10597.0
2026-03-30 15:15:00,557.9055,558.9924,557.8756,558.2296,30922.0
2026-03-30 15:20:00,558.0651,558.4539,557.4069,557.5216,33423.0
2026-03-30 15:25:00,557.6163,557.6163,555.3379,555.981,17543.0
2026-03-30 15:30:00,556.3101,556.7189,555.3828,555.4675,13598.0
2026-03-30 15:35:00,555.4077,556.2104,555.4077,556.0409,14472.0
2026-03-30 15:40:00,556.0808,556.8984,555.9511,556.0808,19009.0
2026-03-30 15:45:00,556.1705,556.5793,554.7446,555.1684,25244.0
2026-03-30 15:50:00,554.954,555.9013,554.1862,555.0936,44664.0
2026-03-30 15:55:00,555.1335,555.2432,553.4483,553.917,154337.0
2026-03-31 09:30:00,560.0,562.6568,557.28,558.395,21658.0
2026-03-31 09:35:00,557.82,558.57,556.95,557.98,3805.0
2026-03-31 09:40:00,558.485,559.125,556.85,558.03,6761.0
2026-03-31 09:45:00,558.79,559.07,556.42,558.165,39207.0
2026-03-31 09:50:00,557.63,557.99,556.205,557.02,20506.0
2026-03-31 09:55:00,556.59,557.99,556.23,556.74,13385.0
2026-03-31 10:00:00,557.17,557.61,553.92,555.0,20350.0
2026-03-31 10:05:00,555.54,556.85,554.885,556.83,8864.0
2026-03-31 10:10:00,556.83,557.55,555.57,556.57,12382.0
2026-03-31 10:15:00,556.14,557.18,555.15,557.18,11462.0
2026-03-31 10:20:00,557.14,557.77,555.1501,557.395,9028.0
2026-03-31 10:25:00,557.04,558.54,556.62,558.54,12675.0
2026-03-31 10:30:00,558.61,558.62,557.595,558.545,6555.0
2026-03-31 10:35:00,558.145,558.145,556.45,557.585,8457.0
2026-03-31 10:40:00,557.585,557.85,555.1501,555.1501,8303.0
2026-03-31 10:45:00,555.63,556.17,555.24,555.84,7079.0
2026-03-31 10:50:00,555.53,555.835,554.73,555.55,22849.0
2026-03-31 10:55:00,555.55,556.33,554.33,556.11,17384.0
2026-03-31 11:00:00,556.35,557.5575,555.96,557.16,7534.0
2026-03-31 11:05:00,557.1,559.06,557.1,558.82,8274.0
2026-03-31 11:10:00,558.82,560.06,558.39,560.06,9971.0
2026-03-31 11:15:00,559.91,559.98,559.01,559.08,6102.0
2026-03-31 11:20:00,559.14,559.14,558.11,558.96,5987.0
2026-03-31 11:25:00,558.93,559.47,557.97,558.65,5553.0
2026-03-31 11:30:00,558.64,559.0,558.21,558.55,4187.0
2026-03-31 11:35:00,559.41,559.46,558.35,558.59,3707.0
2026-03-31 11:40:00,558.34,558.59,556.75,557.18,4774.0
2026-03-31 11:45:00,556.84,557.36,556.42,557.115,4370.0
2026-03-31 11:50:00,557.115,557.58,555.21,555.32,15298.0
2026-03-31 11:55:00,555.0301,555.41,554.68,554.78,12259.0
2026-03-31 12:00:00,554.82,555.86,549.68,550.86,56773.0
2026-03-31 12:05:00,550.83,551.74,549.88,551.0799,13044.0
2026-03-31 12:10:00,551.33,551.755,550.5,551.74,13526.0
2026-03-31 12:15:00,551.845,553.35,551.845,552.04,7282.0
2026-03-31 12:20:00,552.145,554.25,551.36,553.54,20905.0
2026-03-31 12:25:00,553.89,554.47,553.07,553.23,5821.0
2026-03-31 12:30:00,553.07,553.07,551.4,552.785,8410.0
2026-03-31 12:35:00,553.075,556.29,553.06,556.14,7215.0
2026-03-31 12:40:00,556.41,565.2,556.41,559.84,26021.0
2026-03-31 12:45:00,559.27,559.28,553.74,554.62,12572.0
2026-03-31 12:50:00,554.62,555.56,553.37,554.31,6817.0
2026-03-31 12:55:00,553.74,554.79,553.4,554.375,7167.0
2026-03-31 13:00:00,554.375,555.51,554.375,555.22,11158.0
2026-03-31 13:05:00,555.1375,555.17,553.26,553.26,15860.0
2026-03-31 13:10:00,553.43,553.43,552.36,553.26,9906.0
2026-03-31 13:15:00,553.265,554.0,552.82,553.48,11542.0
2026-03-31 13:20:00,553.11,553.94,552.91,553.43,10515.0
2026-03-31 13:25:00,553.22,554.525,552.55,554.525,11257.0
2026-03-31 13:30:00,554.22,557.445,554.13,556.52,12636.0
2026-03-31 13:35:00,556.905,557.0,555.545,556.705,4360.0
2026-03-31 13:40:00,557.26,558.8033,557.195,558.19,9362.0
2026-03-31 13:45:00,558.0,558.415,556.58,556.97,7290.0
2026-03-31 13:50:00,557.755,558.33,557.58,558.33,6597.0
2026-03-31 13:55:00,558.26,558.82,557.63,558.7,5538.0
2026-03-31 14:00:00,558.705,560.3699,558.5111,558.86,8286.0
2026-03-31 14:05:00,558.6918,560.9,558.6918,560.77,7596.0
2026-03-31 14:10:00,560.72,560.72,559.34,560.035,5830.0
2026-03-31 14:15:00,560.39,560.49,559.94,560.075,3199.0
2026-03-31 14:20:00,560.12,560.12,558.1,558.79,5496.0
2026-03-31 14:25:00,559.11,559.31,558.465,559.065,4671.0
2026-03-31 14:30:00,559.065,559.47,558.4001,558.985,4770.0
2026-03-31 14:35:00,559.26,560.61,559.105,560.43,5235.0
2026-03-31 14:40:00,560.42,560.68,559.87,560.5725,16310.0
2026-03-31 14:45:00,560.98,561.465,560.15,560.65,9599.0
2026-03-31 14:50:00,560.66,561.76,560.16,561.41,8838.0
2026-03-31 14:55:00,561.3,561.44,560.91,560.92,5122.0
2026-03-31 15:00:00,561.12,562.26,561.12,561.985,6289.0
2026-03-31 15:05:00,562.18,562.51,561.77,562.475,8885.0
2026-03-31 15:10:00,562.535,563.79,562.29,563.215,5213.0
2026-03-31 15:15:00,563.22,563.705,562.675,563.48,7832.0
2026-03-31 15:20:00,563.24,564.36,563.04,564.205,9468.0
2026-03-31 15:25:00,564.105,565.24,563.94,565.24,11315.0
2026-03-31 15:30:00,564.925,565.63,564.925,565.08,10464.0
2026-03-31 15:35:00,565.28,566.5199,565.18,566.15,16668.0
2026-03-31 15:40:00,566.12,566.21,565.55,565.97,15531.0
2026-03-31 15:45:00,565.73,566.2,565.35,565.83,21067.0
2026-03-31 15:50:00,565.48,566.2,562.41,562.73,53141.0
2026-03-31 15:55:00,563.03,563.48,562.32,563.3,145767.0
