datetime,open,high,low,close,volume
2026-03-02 09:30:00,207.5427,207.5576,206.2456,207.2433,50234.0
2026-03-02 09:35:00,207.1385,207.4628,205.9262,206.7943,36044.0
2026-03-02 09:40:00,206.6672,207.1186,206.2655,206.7743,41166.0
2026-03-02 09:45:00,206.6446,207.2333,206.5349,206.6945,37243.0
2026-03-02 09:50:00,206.5648,207.0038,206.2355,206.8292,67087.0
2026-03-02 09:55:00,206.5947,206.7245,206.0759,206.2754,46228.0
2026-03-02 10:00:00,206.3653,206.5049,205.4922,206.3503,53010.0
2026-03-02 10:05:00,206.2655,206.5947,206.1856,206.2804,38683.0
2026-03-02 10:10:00,206.3104,206.6845,206.1058,206.6796,15571.0
2026-03-02 10:15:00,206.6596,206.7344,205.4273,205.572,77984.0
2026-03-02 10:20:00,205.5471,205.7865,205.3076,205.6269,87950.0
2026-03-02 10:25:00,205.5471,205.6768,204.7388,204.7488,32192.0
2026-03-02 10:30:00,204.8386,205.0631,204.6391,205.0382,37046.0
2026-03-02 10:35:00,204.9434,205.8963,204.9434,205.8963,33599.0
2026-03-02 10:40:00,205.8863,205.8863,205.4373,205.7242,23941.0
2026-03-02 10:45:00,205.7217,205.8364,205.4672,205.6818,58782.0
2026-03-02 10:50:00,205.6069,206.036,205.4672,205.9761,37837.0
2026-03-02 10:55:00,205.7965,206.1906,205.7167,206.0659,19481.0
2026-03-02 11:00:00,206.1258,206.4391,206.0619,206.1607,22464.0
2026-03-02 11:05:00,206.0759,206.0759,205.7366,205.9512,18496.0
2026-03-02 11:10:00,205.9262,206.2355,205.7117,206.2256,22244.0
2026-03-02 11:15:00,206.1058,206.1158,205.7865,205.9063,26139.0
2026-03-02 11:20:00,205.8963,205.8963,205.557,205.6867,22873.0
2026-03-02 11:25:00,205.5969,205.6768,204.9883,205.1479,68583.0
2026-03-02 11:30:00,205.0781,205.138,204.8286,205.0531,23606.0
2026-03-02 11:35:00,205.0531,205.138,204.8187,204.8286,16575.0
2026-03-02 11:40:00,204.8336,205.0282,204.5792,204.679,43111.0
2026-03-02 11:45:00,204.6939,204.9584,204.4794,204.7538,42876.0
2026-03-02 11:50:00,204.6889,204.6889,204.2998,204.2998,27487.0
2026-03-02 11:55:00,204.3547,204.5542,204.22,204.3796,23554.0
2026-03-02 12:00:00,204.3996,204.7886,204.3996,204.644,29462.0
2026-03-02 12:05:00,204.6391,205.087,204.6341,204.8785,20953.0
2026-03-02 12:10:00,204.8835,204.9579,204.6191,204.8187,23903.0
2026-03-02 12:15:00,204.8187,205.2876,204.8187,205.0082,34623.0
2026-03-02 12:20:00,205.0082,205.2577,204.9284,205.2577,23958.0
2026-03-02 12:25:00,205.1679,205.2178,204.9384,204.9484,19957.0
2026-03-02 12:30:00,205.0282,205.0681,204.7139,204.7139,19030.0
2026-03-02 12:35:00,204.7139,205.0482,204.6091,205.0282,39490.0
2026-03-02 12:40:00,205.0282,205.3126,205.0282,205.2228,24238.0
2026-03-02 12:45:00,205.2178,205.5471,205.1928,205.5171,46396.0
2026-03-02 12:50:00,205.5271,205.7416,205.5171,205.6618,18229.0
2026-03-02 12:55:00,205.6618,205.8065,205.577,205.7117,15209.0
2026-03-02 13:00:00,205.8065,205.8962,205.587,205.587,10184.0
2026-03-02 13:05:00,205.592,205.8165,205.592,205.7366,14101.0
2026-03-02 13:10:00,205.7366,205.7915,205.5171,205.7915,16403.0
2026-03-02 13:15:00,205.8165,205.8264,205.5471,205.6269,19067.0
2026-03-02 13:20:00,205.6788,205.6788,205.4373,205.6069,12535.0
2026-03-02 13:25:00,205.6069,205.8065,205.6069,205.8065,12288.0
2026-03-02 13:30:00,205.8165,205.8762,205.6867,205.7267,15827.0
2026-03-02 13:35:00,205.7217,205.7366,205.6468,205.6718,8949.0
2026-03-02 13:40:00,205.6069,205.6069,205.4573,205.5471,15586.0
2026-03-02 13:45:00,205.5471,205.5621,205.1878,205.2677,23432.0
2026-03-02 13:50:00,205.3026,205.504,205.2677,205.4872,13836.0
2026-03-02 13:55:00,205.4872,205.6768,205.4473,205.6269,25991.0
2026-03-02 14:00:00,205.6269,205.7167,205.4473,205.4972,20395.0
2026-03-02 14:05:00,205.5271,205.9162,205.5271,205.9063,15966.0
2026-03-02 14:10:00,205.9212,206.0559,205.8664,206.041,22954.0
2026-03-02 14:15:00,206.041,206.3952,206.041,206.3653,11206.0
2026-03-02 14:20:00,206.3702,206.6446,206.3253,206.3353,23612.0
2026-03-02 14:25:00,206.3802,206.7943,206.2854,206.7843,15023.0
2026-03-02 14:30:00,206.8043,207.0088,206.7045,207.0088,18167.0
2026-03-02 14:35:00,206.9739,207.0038,206.3653,206.3653,17563.0
2026-03-02 14:40:00,206.4102,206.475,206.2256,206.2854,16106.0
2026-03-02 14:45:00,206.3253,206.4551,206.2455,206.3253,12858.0
2026-03-02 14:50:00,206.3104,206.6353,206.3104,206.5947,12353.0
2026-03-02 14:55:00,206.6197,206.6347,206.495,206.5848,15214.0
2026-03-02 15:00:00,206.5548,206.7344,206.3453,206.3453,28363.0
2026-03-02 15:05:00,206.3453,206.3852,205.7865,205.7865,24082.0
2026-03-02 15:10:00,205.7466,205.8762,205.5071,205.577,39912.0
2026-03-02 15:15:00,205.5071,205.7366,205.2028,205.3475,61260.0
2026-03-02 15:20:00,205.2678,205.6668,205.098,205.557,29874.0
2026-03-02 15:25:00,205.5471,205.8514,205.4423,205.7516,27747.0
2026-03-02 15:30:00,205.6568,205.8364,205.6169,205.7366,42941.0
2026-03-02 15:35:00,205.7366,205.8963,205.6668,205.7167,28680.0
2026-03-02 15:40:00,205.6867,205.7366,205.6019,205.6768,33201.0
2026-03-02 15:45:00,205.6468,205.7267,205.5321,205.6369,42696.0
2026-03-02 15:50:00,205.6269,205.7067,205.3176,205.6069,104508.0
2026-03-02 15:55:00,205.6069,205.7366,205.3275,205.5471,303948.0
2026-03-03 09:30:00,201.8352,203.3319,200.4165,203.2621,107249.0
2026-03-03 09:35:00,203.0725,203.736,202.9727,203.0276,34479.0
2026-03-03 09:40:00,203.063,203.063,202.2044,202.4838,27341.0
2026-03-03 09:45:00,202.4838,202.6335,201.7155,201.7155,71062.0
2026-03-03 09:50:00,201.7554,201.7853,201.2465,201.6955,62333.0
2026-03-03 09:55:00,201.8203,201.8751,201.2366,201.5459,29098.0
2026-03-03 10:00:00,201.4062,201.8552,200.9322,201.052,43266.0
2026-03-03 10:05:00,201.1517,201.4261,200.8574,201.3962,32709.0
2026-03-03 10:10:00,201.3563,201.6003,201.1767,201.2465,45970.0
2026-03-03 10:15:00,201.2964,201.5558,201.037,201.2066,29996.0
2026-03-03 10:20:00,201.1867,201.5558,200.9272,201.5558,25525.0
2026-03-03 10:25:00,201.3962,201.476,201.1867,201.2964,28709.0
2026-03-03 10:30:00,201.3164,201.6057,200.7875,201.0569,42709.0
2026-03-03 10:35:00,201.017,201.3862,200.8773,201.2765,17097.0
2026-03-03 10:40:00,201.2765,201.501,200.9373,201.2266,38189.0
2026-03-03 10:45:00,201.1867,201.5359,201.012,201.3264,53636.0
2026-03-03 10:50:00,201.2465,201.4062,200.8773,200.8923,27510.0
2026-03-03 10:55:00,200.9971,201.1966,200.7576,200.9921,35159.0
2026-03-03 11:00:00,201.037,201.0411,200.598,200.8225,44029.0
2026-03-03 11:05:00,200.825,201.0769,200.7676,200.9971,23858.0
2026-03-03 11:10:00,200.9472,201.2765,200.9472,201.1517,77413.0
2026-03-03 11:15:00,201.017,201.2665,200.9073,200.9173,24459.0
2026-03-03 11:20:00,200.9721,201.3563,200.8674,201.3264,40043.0
2026-03-03 11:25:00,201.3264,201.4411,201.0969,201.3563,53191.0
2026-03-03 11:30:00,201.3264,201.3313,200.8624,201.027,22677.0
2026-03-03 11:35:00,201.027,201.3962,200.9771,201.3762,29163.0
2026-03-03 11:40:00,201.466,201.8652,201.3762,201.6906,44141.0
2026-03-03 11:45:00,201.6556,201.95,201.506,201.5958,27800.0
2026-03-03 11:50:00,201.5958,201.6357,201.1468,201.1468,20455.0
2026-03-03 11:55:00,201.1468,201.2765,200.9622,201.1218,44475.0
2026-03-03 12:00:00,201.0769,201.1268,200.5082,200.5281,55163.0
2026-03-03 12:05:00,200.588,200.8175,200.3635,200.3635,32942.0
2026-03-03 12:10:00,200.4084,200.6029,200.2288,200.6029,23095.0
2026-03-03 12:15:00,200.6079,200.7576,200.5214,200.7077,44844.0
2026-03-03 12:20:00,200.7476,201.0569,200.6578,201.017,16052.0
2026-03-03 12:25:00,200.9572,201.2665,200.8773,201.2366,33685.0
2026-03-03 12:30:00,201.2066,201.2864,200.7476,200.7476,36213.0
2026-03-03 12:35:00,200.7476,200.9254,200.6578,200.7476,24929.0
2026-03-03 12:40:00,200.8175,201.5459,200.8175,201.476,38126.0
2026-03-03 12:45:00,201.476,201.6257,201.3463,201.506,29639.0
2026-03-03 12:50:00,201.506,201.506,201.047,201.0669,54744.0
2026-03-03 12:55:00,201.0569,201.5159,201.037,201.4561,31171.0
2026-03-03 13:00:00,201.4611,201.5958,201.3114,201.5958,95615.0
2026-03-03 13:05:00,201.6157,201.945,201.506,201.945,29841.0
2026-03-03 13:10:00,201.94,201.94,201.7404,201.7654,47950.0
2026-03-03 13:15:00,201.7704,202.0897,201.7704,202.0248,43300.0
2026-03-03 13:20:00,202.0666,202.3541,202.0348,202.1895,27312.0
2026-03-03 13:25:00,202.1645,202.4489,202.1545,202.2892,19514.0
2026-03-03 13:30:00,202.2344,202.4339,202.1246,202.1246,38179.0
2026-03-03 13:35:00,202.1246,202.6035,202.1246,202.6035,33617.0
2026-03-03 13:40:00,202.6135,202.6534,202.4539,202.4838,44783.0
2026-03-03 13:45:00,202.5437,202.5437,201.9849,202.1994,52835.0
2026-03-03 13:50:00,202.2543,202.5536,202.2344,202.5387,26670.0
2026-03-03 13:55:00,202.4738,202.7158,202.3142,202.5038,39427.0
2026-03-03 14:00:00,202.5362,202.6983,202.2743,202.3291,31972.0
2026-03-03 14:05:00,202.3291,202.3541,202.1296,202.3042,40176.0
2026-03-03 14:10:00,202.3042,202.7033,202.2044,202.7033,40066.0
2026-03-03 14:15:00,202.7033,203.3818,202.7033,203.2421,40327.0
2026-03-03 14:20:00,203.282,204.1501,203.2022,204.0404,84574.0
2026-03-03 14:25:00,204.0504,204.0504,203.312,203.3718,35052.0
2026-03-03 14:30:00,203.3718,203.5115,203.0027,203.4217,54810.0
2026-03-03 14:35:00,203.4018,203.8707,203.1922,203.5465,39361.0
2026-03-03 14:40:00,203.5315,203.9057,203.3768,203.4816,40148.0
2026-03-03 14:45:00,203.4716,203.8408,203.4716,203.7111,43969.0
2026-03-03 14:50:00,203.7311,204.0005,203.6712,203.8009,40272.0
2026-03-03 14:55:00,203.8209,204.2399,203.6612,204.1701,85609.0
2026-03-03 15:00:00,204.1002,204.5493,204.1002,204.23,43984.0
2026-03-03 15:05:00,204.22,204.3297,204.0504,204.1801,37722.0
2026-03-03 15:10:00,204.2,204.2898,204.0553,204.0803,22596.0
2026-03-03 15:15:00,204.0304,204.1402,203.8009,203.9705,32758.0
2026-03-03 15:20:00,203.9905,204.0504,203.741,204.0104,40587.0
2026-03-03 15:25:00,204.0304,204.21,203.8957,204.0803,28427.0
2026-03-03 15:30:00,204.1102,204.21,204.0404,204.0703,29661.0
2026-03-03 15:35:00,204.0204,204.21,203.8258,203.8258,35281.0
2026-03-03 15:40:00,203.8283,203.8907,203.5614,203.6313,47153.0
2026-03-03 15:45:00,203.6213,203.8508,203.6213,203.7959,47954.0
2026-03-03 15:50:00,203.8508,203.9206,203.6512,203.8209,80082.0
2026-03-03 15:55:00,203.7909,203.8308,203.4118,203.7011,236879.0
2026-03-04 09:30:00,204.1601,204.5192,203.4317,203.4317,53743.0
2026-03-04 09:35:00,203.4217,203.8308,202.8231,203.4766,17738.0
2026-03-04 09:40:00,203.5405,203.8907,203.5016,203.5515,10034.0
2026-03-04 09:45:00,203.7311,203.7311,203.2022,203.3868,15154.0
2026-03-04 09:50:00,203.1723,203.741,203.0825,203.5465,20746.0
2026-03-04 09:55:00,203.322,204.0903,202.8181,203.8658,16888.0
2026-03-04 10:00:00,203.9755,204.6989,203.8807,204.3247,46769.0
2026-03-04 10:05:00,204.3414,204.679,203.9057,204.4694,14474.0
2026-03-04 10:10:00,204.4445,204.8985,204.4195,204.669,24864.0
2026-03-04 10:15:00,204.8087,204.8885,204.3796,204.8885,19961.0
2026-03-04 10:20:00,204.8087,204.9883,204.4894,204.654,35240.0
2026-03-04 10:25:00,204.649,204.6989,204.0204,204.2399,16543.0
2026-03-04 10:30:00,204.1102,204.9283,204.1002,204.6889,35095.0
2026-03-04 10:35:00,204.5592,205.0881,204.4994,205.0881,28401.0
2026-03-04 10:40:00,205.0033,205.2926,204.4994,205.1779,34850.0
2026-03-04 10:45:00,205.1779,206.026,205.0182,206.026,19595.0
2026-03-04 10:50:00,205.9811,206.036,205.6768,205.9611,26372.0
2026-03-04 10:55:00,205.9761,206.2156,205.9362,206.0709,16001.0
2026-03-04 11:00:00,206.0659,206.3253,205.9063,206.0559,28243.0
2026-03-04 11:05:00,206.0559,206.2256,205.7865,205.8364,29051.0
2026-03-04 11:10:00,205.8564,205.8963,205.3625,205.4373,40900.0
2026-03-04 11:15:00,205.4323,205.4323,204.6291,204.7688,64338.0
2026-03-04 11:20:00,204.7388,205.0681,204.669,204.8985,51142.0
2026-03-04 11:25:00,204.9134,205.098,204.6889,204.7688,38608.0
2026-03-04 11:30:00,204.7488,204.7738,204.1002,204.1002,39506.0
2026-03-04 11:35:00,204.0703,204.0853,202.9627,202.9627,52771.0
2026-03-04 11:40:00,202.7333,203.0925,202.7233,202.843,43497.0
2026-03-04 11:45:00,202.8979,203.095,202.5936,203.0027,37388.0
2026-03-04 11:50:00,203.0892,203.2571,202.9029,203.0226,22329.0
2026-03-04 11:55:00,203.1174,203.2621,202.9727,203.1124,25956.0
2026-03-04 12:00:00,203.1074,203.2421,203.0426,203.2421,25608.0
2026-03-04 12:05:00,203.2521,203.7111,203.2521,203.6762,26762.0
2026-03-04 12:10:00,203.751,204.0504,203.7211,204.0504,17634.0
2026-03-04 12:15:00,204.0702,204.0702,203.6413,203.6413,29033.0
2026-03-04 12:20:00,203.7161,203.7211,203.5016,203.5614,14702.0
2026-03-04 12:25:00,203.5614,203.8009,203.5115,203.5115,21928.0
2026-03-04 12:30:00,203.4916,203.6413,203.2322,203.5365,43036.0
2026-03-04 12:35:00,203.5415,203.6462,203.2721,203.6462,23490.0
2026-03-04 12:40:00,203.6113,203.761,203.4816,203.6063,17730.0
2026-03-04 12:45:00,203.5515,203.751,203.5515,203.7069,18758.0
2026-03-04 12:50:00,203.7011,204.1501,203.6612,204.1302,60847.0
2026-03-04 12:55:00,204.1476,204.3696,203.9406,204.1402,44654.0
2026-03-04 13:00:00,204.23,204.3946,204.1102,204.2,23966.0
2026-03-04 13:05:00,204.1901,204.5393,204.1751,204.5093,19524.0
2026-03-04 13:10:00,204.5493,204.6889,204.3397,204.3497,31496.0
2026-03-04 13:15:00,204.3297,204.3397,203.985,204.0354,22076.0
2026-03-04 13:20:00,204.0204,204.1202,203.9905,204.0494,14690.0
2026-03-04 13:25:00,204.0653,204.1701,204.0005,204.1102,10975.0
2026-03-04 13:30:00,204.1402,204.285,204.1402,204.2798,12090.0
2026-03-04 13:35:00,204.3297,204.3796,204.22,204.3098,9650.0
2026-03-04 13:40:00,204.3148,204.4395,204.2,204.3796,96140.0
2026-03-04 13:45:00,204.4071,204.6291,204.3821,204.4644,16702.0
2026-03-04 13:50:00,204.5193,204.7239,204.5193,204.5592,13059.0
2026-03-04 13:55:00,204.4794,204.4794,204.2749,204.3297,12518.0
2026-03-04 14:00:00,204.3098,204.4694,204.2549,204.3647,16778.0
2026-03-04 14:05:00,204.3996,204.6141,204.2699,204.4694,16054.0
2026-03-04 14:10:00,204.4644,204.5093,204.2898,204.5034,14386.0
2026-03-04 14:15:00,204.4794,204.7488,204.4533,204.5892,28989.0
2026-03-04 14:20:00,204.5093,204.7039,204.4195,204.6989,17127.0
2026-03-04 14:25:00,204.6964,204.7487,204.5991,204.5991,13801.0
2026-03-04 14:30:00,204.5991,204.6889,204.4994,204.5293,18854.0
2026-03-04 14:35:00,204.5393,204.7488,204.5343,204.6391,7798.0
2026-03-04 14:40:00,204.6391,204.7189,204.5044,204.5393,22415.0
2026-03-04 14:45:00,204.5692,204.9084,204.5494,204.8536,17982.0
2026-03-04 14:50:00,204.9085,205.1529,204.9085,205.108,14386.0
2026-03-04 14:55:00,205.118,205.1878,204.9883,205.1117,24680.0
2026-03-04 15:00:00,205.0582,205.1479,204.8685,204.9384,34441.0
2026-03-04 15:05:00,204.9384,204.9733,204.7588,204.8486,30093.0
2026-03-04 15:10:00,204.7987,204.8131,204.679,204.7588,21013.0
2026-03-04 15:15:00,204.8087,204.8785,204.3996,204.4096,41493.0
2026-03-04 15:20:00,204.4495,204.5293,204.3397,204.3497,29832.0
2026-03-04 15:25:00,204.4395,204.5792,204.4096,204.4096,26707.0
2026-03-04 15:30:00,204.4345,204.639,204.3712,204.4096,52186.0
2026-03-04 15:35:00,204.3597,204.5542,204.3497,204.4644,34556.0
2026-03-04 15:40:00,204.4595,204.9883,204.3996,204.8935,71466.0
2026-03-04 15:45:00,204.8386,204.9035,204.4096,204.6391,99852.0
2026-03-04 15:50:00,204.6041,204.7089,204.2499,204.3397,88496.0
2026-03-04 15:55:00,204.3696,204.5193,204.1701,204.21,209860.0
2026-03-05 09:30:00,201.8253,202.853,201.6656,202.3042,58110.0
2026-03-05 09:35:00,202.5337,203.6911,202.4589,203.3768,35215.0
2026-03-05 09:40:00,203.282,203.5602,202.4389,202.7033,75654.0
2026-03-05 09:45:00,202.6933,203.5864,202.5238,203.1773,61632.0
2026-03-05 09:50:00,203.1424,203.6013,203.0226,203.5964,23384.0
2026-03-05 09:55:00,203.5115,203.8109,203.2022,203.6413,46812.0
2026-03-05 10:00:00,203.6013,203.7311,203.2621,203.6662,30516.0
2026-03-05 10:05:00,203.6662,204.1601,203.3319,203.8608,58748.0
2026-03-05 10:10:00,203.8109,204.1002,203.3719,203.9805,26176.0
2026-03-05 10:15:00,204.0603,204.2624,203.5515,203.8209,18119.0
2026-03-05 10:20:00,203.9506,203.9506,203.1024,203.2621,17765.0
2026-03-05 10:25:00,203.2571,203.282,202.379,202.5487,19105.0
2026-03-05 10:30:00,202.4589,202.5736,202.0647,202.4174,26491.0
2026-03-05 10:35:00,202.414,202.7732,202.2743,202.6135,25189.0
2026-03-05 10:40:00,202.7133,202.8779,202.4589,202.858,15773.0
2026-03-05 10:45:00,202.9228,203.0725,202.414,202.838,35790.0
2026-03-05 10:50:00,202.9129,203.1324,202.6335,202.6734,25446.0
2026-03-05 10:55:00,202.5936,202.6286,202.2942,202.6286,19955.0
2026-03-05 11:00:00,202.7033,202.7682,202.0049,202.1046,22352.0
2026-03-05 11:05:00,202.1146,202.384,202.0049,202.1845,15719.0
2026-03-05 11:10:00,202.1845,202.374,201.8452,202.2593,33861.0
2026-03-05 11:15:00,202.2693,202.4439,202.0697,202.2842,17134.0
2026-03-05 11:20:00,202.2667,202.404,202.0547,202.1196,26633.0
2026-03-05 11:25:00,202.1146,202.7532,202.0797,202.6135,38457.0
2026-03-05 11:30:00,202.5337,202.7532,202.2244,202.2892,27853.0
2026-03-05 11:35:00,202.2344,202.3441,202.0797,202.3228,14128.0
2026-03-05 11:40:00,202.2793,202.4189,201.955,201.9749,23292.0
2026-03-05 11:45:00,202.0448,202.1745,201.8652,201.8826,26992.0
2026-03-05 11:50:00,201.8851,202.404,201.8851,202.2443,25401.0
2026-03-05 11:55:00,202.2842,202.4838,202.1944,202.2693,15087.0
2026-03-05 12:00:00,202.2244,202.4938,202.1346,202.4489,17732.0
2026-03-05 12:05:00,202.5337,202.5337,201.7155,201.7155,18832.0
2026-03-05 12:10:00,201.6856,201.8153,201.5558,201.7654,28749.0
2026-03-05 12:15:00,201.7654,201.8452,201.6257,201.7804,22279.0
2026-03-05 12:20:00,201.7804,201.9799,201.6856,201.7255,17588.0
2026-03-05 12:25:00,201.6955,201.6955,201.3363,201.4361,26061.0
2026-03-05 12:30:00,201.476,201.496,201.2166,201.2166,31287.0
2026-03-05 12:35:00,201.2066,201.506,201.0969,201.3463,42476.0
2026-03-05 12:40:00,201.3862,201.5109,201.1667,201.3663,14965.0
2026-03-05 12:45:00,201.3164,201.7404,201.2665,201.5858,25742.0
2026-03-05 12:50:00,201.6157,201.9101,201.5558,201.7554,22867.0
2026-03-05 12:55:00,201.8352,202.374,201.8103,202.3192,16342.0
2026-03-05 13:00:00,202.2643,202.3127,202.0597,202.2393,21959.0
2026-03-05 13:05:00,202.2144,202.2443,201.714,201.9749,33507.0
2026-03-05 13:10:00,202.0348,202.0348,201.3713,201.5758,24827.0
2026-03-05 13:15:00,201.5459,201.6457,201.3812,201.4062,20826.0
2026-03-05 13:20:00,201.486,201.8203,201.486,201.7754,15624.0
2026-03-05 13:25:00,201.7342,201.8552,201.4561,201.5858,18974.0
2026-03-05 13:30:00,201.5658,201.7205,201.3363,201.5209,20844.0
2026-03-05 13:35:00,201.5159,201.5658,201.4461,201.466,23994.0
2026-03-05 13:40:00,201.486,201.7255,201.4611,201.486,65481.0
2026-03-05 13:45:00,201.4461,201.4461,201.012,201.027,21475.0
2026-03-05 13:50:00,201.022,201.047,200.8574,200.9372,15330.0
2026-03-05 13:55:00,200.9971,201.027,200.8574,200.8973,11634.0
2026-03-05 14:00:00,200.9322,201.017,200.5281,200.5381,20878.0
2026-03-05 14:05:00,200.5381,200.7476,200.4483,200.4583,34560.0
2026-03-05 14:10:00,200.5181,200.598,200.3086,200.5381,20145.0
2026-03-05 14:15:00,200.5381,200.6079,200.2288,200.6054,38483.0
2026-03-05 14:20:00,200.6029,200.6878,200.3585,200.3784,34031.0
2026-03-05 14:25:00,200.3834,200.4583,200.1988,200.2487,25984.0
2026-03-05 14:30:00,200.2188,200.2188,199.7498,199.8546,35459.0
2026-03-05 14:35:00,199.9294,199.9294,199.5838,199.68,33852.0
2026-03-05 14:40:00,199.675,199.8596,199.4405,199.5602,106525.0
2026-03-05 14:45:00,199.5602,200.0192,199.5403,199.8646,58145.0
2026-03-05 14:50:00,199.8646,199.9269,199.6002,199.67,61779.0
2026-03-05 14:55:00,199.7598,199.8197,199.6002,199.7399,36263.0
2026-03-05 15:00:00,199.65,199.8496,199.2809,199.8147,74387.0
2026-03-05 15:05:00,199.8396,200.5431,199.6301,200.3485,151051.0
2026-03-05 15:10:00,200.4882,200.4882,199.9893,200.129,71280.0
2026-03-05 15:15:00,200.0791,200.2986,199.9993,200.2787,58067.0
2026-03-05 15:20:00,200.2787,200.6478,200.1988,200.6478,87378.0
2026-03-05 15:25:00,200.6279,201.2266,200.5431,201.1692,92450.0
2026-03-05 15:30:00,201.1867,201.6357,201.1867,201.3264,112374.0
2026-03-05 15:35:00,201.3663,201.5708,201.2166,201.3553,79869.0
2026-03-05 15:40:00,201.3064,201.475,201.1767,201.4062,72589.0
2026-03-05 15:45:00,201.4062,201.496,200.8873,200.9023,77955.0
2026-03-05 15:50:00,200.9472,201.2266,200.6878,201.1468,184640.0
2026-03-05 15:55:00,201.0869,201.5758,200.9372,201.476,317186.0
2026-03-06 09:30:00,199.5602,200.3735,198.1005,198.8019,35606.0
2026-03-06 09:35:00,198.9316,199.211,197.9288,197.9288,27791.0
2026-03-06 09:40:00,197.9375,198.2631,197.7043,198.0286,30937.0
2026-03-06 09:45:00,198.0286,198.0286,196.8462,197.1206,20499.0
2026-03-06 09:50:00,197.1655,197.3751,196.0081,196.0081,31193.0
2026-03-06 09:55:00,196.1877,196.956,196.1877,196.7065,24845.0
2026-03-06 10:00:00,196.8762,197.4631,196.7165,197.4349,27773.0
2026-03-06 10:05:00,197.5447,197.5447,196.7913,196.8861,20953.0
2026-03-06 10:10:00,196.8562,197.0492,196.3972,196.6317,19650.0
2026-03-06 10:15:00,196.6082,197.385,196.5668,196.9909,44288.0
2026-03-06 10:20:00,197.0558,197.8141,196.7764,197.4948,86623.0
2026-03-06 10:25:00,197.4848,197.5846,197.016,197.4349,52697.0
2026-03-06 10:30:00,197.3751,197.9638,197.2653,197.4898,52179.0
2026-03-06 10:35:00,197.6095,197.8241,197.5447,197.7343,18272.0
2026-03-06 10:40:00,197.7941,197.7941,196.7365,196.7365,36899.0
2026-03-06 10:45:00,196.7265,196.7265,196.2276,196.507,47537.0
2026-03-06 10:50:00,196.3373,196.5967,196.1478,196.2775,14929.0
2026-03-06 10:55:00,196.3473,196.6317,196.2076,196.2974,54503.0
2026-03-06 11:00:00,196.2974,196.8362,196.1378,196.6517,55793.0
2026-03-06 11:05:00,196.6367,196.8262,196.3274,196.4172,30683.0
2026-03-06 11:10:00,196.4072,196.502,195.9881,196.028,18968.0
2026-03-06 11:15:00,196.0081,196.4162,195.8784,196.3174,16355.0
2026-03-06 11:20:00,196.3174,196.3521,195.8983,196.2276,39690.0
2026-03-06 11:25:00,196.3274,196.499,196.063,196.2875,23482.0
2026-03-06 11:30:00,196.2825,196.3373,195.9482,196.1478,22569.0
2026-03-06 11:35:00,196.2076,196.7315,196.1977,196.5718,17777.0
2026-03-06 11:40:00,196.487,196.5688,196.3274,196.3673,15493.0
2026-03-06 11:45:00,196.3673,196.9959,196.3673,196.966,23223.0
2026-03-06 11:50:00,196.9959,197.3002,196.8961,197.0159,29676.0
2026-03-06 11:55:00,197.0657,197.1356,196.8363,196.9161,18842.0
2026-03-06 12:00:00,196.931,197.0707,196.7065,197.0126,27061.0
2026-03-06 12:05:00,196.7963,196.8662,196.4571,196.5519,19846.0
2026-03-06 12:10:00,196.5668,196.6566,196.3274,196.3872,31595.0
2026-03-06 12:15:00,196.3972,196.4272,196.1877,196.3773,24540.0
2026-03-06 12:20:00,196.4074,196.7564,196.2376,196.6662,52617.0
2026-03-06 12:25:00,196.5668,196.5668,196.3174,196.4471,16724.0
2026-03-06 12:30:00,196.4172,196.482,196.2875,196.4571,11080.0
2026-03-06 12:35:00,196.4621,196.4621,196.0679,196.1478,19718.0
2026-03-06 12:40:00,196.0779,196.1627,195.9382,196.0779,9751.0
2026-03-06 12:45:00,195.9382,196.1378,195.8784,195.9682,18029.0
2026-03-06 12:50:00,196.0679,196.1777,195.8784,195.8883,13848.0
2026-03-06 12:55:00,195.8784,196.0081,195.6588,195.6588,51551.0
2026-03-06 13:00:00,195.6489,196.1378,195.6289,195.8883,19623.0
2026-03-06 13:05:00,195.9732,196.3074,195.9732,196.2875,11740.0
2026-03-06 13:10:00,196.3523,196.5768,196.2475,196.5269,17754.0
2026-03-06 13:15:00,196.497,196.6167,196.4072,196.4072,60562.0
2026-03-06 13:20:00,196.4721,196.5219,196.1777,196.4371,26976.0
2026-03-06 13:25:00,196.4371,196.5569,196.2376,196.4621,24916.0
2026-03-06 13:30:00,196.497,196.6566,196.2475,196.3124,51320.0
2026-03-06 13:35:00,196.2176,196.2974,196.0879,196.275,8876.0
2026-03-06 13:40:00,196.3024,196.3673,196.1079,196.2875,32997.0
2026-03-06 13:45:00,196.2475,196.3673,196.1777,196.2076,43794.0
2026-03-06 13:50:00,196.1777,196.2675,195.7886,195.8434,25191.0
2026-03-06 13:55:00,195.7686,195.8883,195.6688,195.7686,15995.0
2026-03-06 14:00:00,195.7586,195.8983,195.6588,195.7786,24766.0
2026-03-06 14:05:00,195.8035,195.8135,195.5291,195.6389,46251.0
2026-03-06 14:10:00,195.599,195.9847,195.599,195.7786,58637.0
2026-03-06 14:15:00,195.7586,195.7586,195.5142,195.7586,29095.0
2026-03-06 14:20:00,195.7636,195.7984,195.4493,195.4892,19348.0
2026-03-06 14:25:00,195.4393,195.829,195.4293,195.7137,24111.0
2026-03-06 14:30:00,195.6888,195.8584,195.599,195.7237,21637.0
2026-03-06 14:35:00,195.7237,196.1079,195.7237,195.9532,20626.0
2026-03-06 14:40:00,195.9881,196.2775,195.9183,195.9781,36316.0
2026-03-06 14:45:00,195.9582,196.0659,195.9133,196.0131,23037.0
2026-03-06 14:50:00,195.9781,196.1877,195.8585,196.1677,45282.0
2026-03-06 14:55:00,196.1727,196.3174,196.038,196.1278,25499.0
2026-03-06 15:00:00,196.1727,196.5668,196.1378,196.3249,43493.0
2026-03-06 15:05:00,196.3224,196.5768,196.2875,196.4177,33632.0
2026-03-06 15:10:00,196.3972,196.4471,196.1179,196.3573,64279.0
2026-03-06 15:15:00,196.3373,196.6866,196.2076,196.2076,50961.0
2026-03-06 15:20:00,196.2076,196.2875,195.9282,195.9732,45782.0
2026-03-06 15:25:00,195.9309,195.9309,195.6988,195.8135,36076.0
2026-03-06 15:30:00,195.8135,195.9183,195.5391,195.5685,61102.0
2026-03-06 15:35:00,195.5391,195.7037,195.2497,195.4393,52194.0
2026-03-06 15:40:00,195.4094,195.7387,195.3046,195.3595,60064.0
2026-03-06 15:45:00,195.3695,195.5192,195.1811,195.1849,97868.0
2026-03-06 15:50:00,195.2198,195.5491,194.681,195.4992,141471.0
2026-03-06 15:55:00,195.5092,195.5441,195.0302,195.0602,432159.0
2026-03-09 09:30:00,194.4016,194.4814,193.3739,194.1921,72166.0
2026-03-09 09:35:00,194.207,194.8706,194.0075,194.5712,38398.0
2026-03-09 09:40:00,194.5477,194.6411,193.8927,194.0374,40111.0
2026-03-09 09:45:00,194.0374,194.7708,193.6134,193.9925,21912.0
2026-03-09 09:50:00,193.9975,194.1821,193.7032,193.7431,16165.0
2026-03-09 09:55:00,193.7231,194.5014,193.7231,194.3617,22962.0
2026-03-09 10:00:00,194.2619,194.6236,193.9027,194.212,52078.0
2026-03-09 10:05:00,194.207,194.207,192.9648,193.1344,25319.0
2026-03-09 10:10:00,193.0945,193.7032,192.9847,193.5834,26930.0
2026-03-09 10:15:00,193.5834,193.8927,193.4138,193.6233,25809.0
2026-03-09 10:20:00,193.6233,194.1721,193.4038,193.9626,44043.0
2026-03-09 10:25:00,193.8877,194.0624,193.5535,193.5934,25571.0
2026-03-09 10:30:00,193.6283,194.2619,193.6283,194.237,19632.0
2026-03-09 10:35:00,194.2569,194.5463,193.9426,194.4116,73755.0
2026-03-09 10:40:00,194.4216,194.8606,194.3517,194.7209,36499.0
2026-03-09 10:45:00,194.7409,195.0602,194.6211,194.8207,25516.0
2026-03-09 10:50:00,194.9205,195.2597,194.7508,195.2348,21855.0
2026-03-09 10:55:00,195.1799,195.8484,195.0041,195.4443,98764.0
2026-03-09 11:00:00,195.4892,196.5469,195.3038,196.5469,64642.0
2026-03-09 11:05:00,196.497,196.5469,196.0679,196.1278,77376.0
2026-03-09 11:10:00,196.1278,196.2875,195.8384,196.1677,41877.0
2026-03-09 11:15:00,196.2575,196.946,196.2376,196.946,41750.0
2026-03-09 11:20:00,196.9261,197.0857,196.3373,196.3373,22883.0
2026-03-09 11:25:00,196.2476,196.487,195.8584,195.8584,31542.0
2026-03-09 11:30:00,195.9382,196.2076,195.7387,195.8434,41196.0
2026-03-09 11:35:00,195.7486,195.871,195.3894,195.4792,25152.0
2026-03-09 11:40:00,195.4293,195.7387,195.3994,195.609,32893.0
2026-03-09 11:45:00,195.599,195.8285,195.5241,195.6863,14249.0
2026-03-09 11:50:00,195.5491,195.7287,195.5291,195.6439,23939.0
2026-03-09 11:55:00,195.6489,195.8285,195.6189,195.6988,18623.0
2026-03-09 12:00:00,195.6788,195.6788,195.2497,195.3371,16155.0
2026-03-09 12:05:00,195.3595,195.7087,195.2898,195.589,11672.0
2026-03-09 12:10:00,195.7087,196.0679,195.6189,195.9781,14673.0
2026-03-09 12:15:00,195.9582,196.2176,195.9183,196.1777,11937.0
2026-03-09 12:20:00,196.2126,196.3972,195.8983,196.3773,22353.0
2026-03-09 12:25:00,196.4471,196.6517,196.3174,196.3773,34026.0
2026-03-09 12:30:00,196.4072,196.4072,195.9781,196.2465,18029.0
2026-03-09 12:35:00,196.2675,196.3573,196.058,196.2376,13673.0
2026-03-09 12:40:00,196.2825,196.3772,196.048,196.2384,28619.0
2026-03-09 12:45:00,196.2176,196.5269,196.1618,196.502,25068.0
2026-03-09 12:50:00,196.502,196.6367,196.1677,196.1677,14960.0
2026-03-09 12:55:00,196.1927,196.3473,196.1478,196.2475,21355.0
2026-03-09 13:00:00,196.2974,196.2974,196.058,196.1877,17925.0
2026-03-09 13:05:00,196.2326,196.3274,196.1079,196.1478,10746.0
2026-03-09 13:10:00,196.1577,196.4471,196.1178,196.3872,28226.0
2026-03-09 13:15:00,196.3623,196.3822,196.1977,196.2376,14719.0
2026-03-09 13:20:00,196.1677,196.2026,195.8884,195.9382,14291.0
2026-03-09 13:25:00,195.9233,195.9282,195.7187,195.7886,18726.0
2026-03-09 13:30:00,195.7786,195.8123,195.5192,195.579,19713.0
2026-03-09 13:35:00,195.5241,195.5241,195.2697,195.3196,13011.0
2026-03-09 13:40:00,195.2946,195.3495,195.1101,195.1101,11221.0
2026-03-09 13:45:00,195.15,195.4094,195.1101,195.1899,16930.0
2026-03-09 13:50:00,195.2663,195.4842,195.1699,195.3994,33317.0
2026-03-09 13:55:00,195.3894,195.4293,195.0701,195.115,16399.0
2026-03-09 14:00:00,195.115,195.3695,194.9105,195.2497,24248.0
2026-03-09 14:05:00,195.2747,195.579,195.2747,195.5441,19546.0
2026-03-09 14:10:00,195.569,195.7387,195.3994,195.6539,17431.0
2026-03-09 14:15:00,195.6638,195.9482,195.6638,195.8983,14187.0
2026-03-09 14:20:00,195.8584,195.9781,195.6988,195.9183,20644.0
2026-03-09 14:25:00,195.9981,196.2675,195.9283,196.2625,31268.0
2026-03-09 14:30:00,196.3373,196.4272,196.2376,196.3373,18829.0
2026-03-09 14:35:00,196.3972,196.7963,196.3972,196.7764,11514.0
2026-03-09 14:40:00,196.7464,196.7864,196.6267,196.6367,18367.0
2026-03-09 14:45:00,196.6716,197.0159,196.5868,196.966,32153.0
2026-03-09 14:50:00,196.9759,197.0757,196.8063,196.8562,28550.0
2026-03-09 14:55:00,196.8562,196.946,196.6267,196.6267,23856.0
2026-03-09 15:00:00,196.7265,196.8861,196.5868,196.5868,18944.0
2026-03-09 15:05:00,196.6866,196.7814,196.3423,196.502,30625.0
2026-03-09 15:10:00,196.5469,196.7265,196.502,196.5319,27083.0
2026-03-09 15:15:00,196.5369,197.1555,196.4371,197.1057,63982.0
2026-03-09 15:20:00,197.0358,197.7842,196.9959,197.7842,57776.0
2026-03-09 15:25:00,197.7842,198.2431,197.6844,198.2032,52899.0
2026-03-09 15:30:00,198.293,198.8718,197.9737,198.8019,80634.0
2026-03-09 15:35:00,198.8219,198.9466,198.5225,198.5724,113569.0
2026-03-09 15:40:00,198.5624,198.5624,197.7343,197.9438,81230.0
2026-03-09 15:45:00,197.8939,198.1134,197.8041,197.9588,63761.0
2026-03-09 15:50:00,197.9638,198.1733,197.5347,198.0087,168150.0
2026-03-09 15:55:00,197.9737,198.4577,197.8839,198.3928,258545.0
2026-03-10 09:30:00,197.7243,198.0037,195.6888,195.8434,62063.0
2026-03-10 09:35:00,196.2875,196.7482,195.8434,196.4072,49673.0
2026-03-10 09:40:00,196.4621,196.7464,196.1777,196.5968,28987.0
2026-03-10 09:45:00,196.6117,196.6297,196.048,196.4321,33456.0
2026-03-10 09:50:00,196.5668,197.7642,196.4371,197.3551,33545.0
2026-03-10 09:55:00,197.2853,197.6245,196.7365,196.7365,18557.0
2026-03-10 10:00:00,196.6966,196.8861,196.2276,196.2276,78374.0
2026-03-10 10:05:00,196.2076,196.4172,195.6239,195.6339,14782.0
2026-03-10 10:10:00,195.569,196.1777,195.3395,195.9981,23575.0
2026-03-10 10:15:00,195.9282,195.9282,195.4094,195.7886,25880.0
2026-03-10 10:20:00,195.7686,196.3723,195.7686,196.1278,16995.0
2026-03-10 10:25:00,195.9881,196.1577,195.7437,195.9881,22502.0
2026-03-10 10:30:00,196.1154,196.3274,195.8484,196.2276,14255.0
2026-03-10 10:35:00,196.078,196.3274,195.9682,196.058,6203.0
2026-03-10 10:40:00,196.058,196.3723,196.0031,196.3623,20354.0
2026-03-10 10:45:00,196.3623,196.3872,196.1727,196.2076,12583.0
2026-03-10 10:50:00,196.1461,196.7044,196.1461,196.5369,12071.0
2026-03-10 10:55:00,196.487,196.6367,196.2875,196.4022,19502.0
2026-03-10 11:00:00,196.3972,196.6267,196.2376,196.487,38440.0
2026-03-10 11:05:00,196.5968,196.5968,196.1079,196.2276,24839.0
2026-03-10 11:10:00,196.2326,196.2326,195.8684,195.9682,23249.0
2026-03-10 11:15:00,195.9781,196.497,195.9682,196.4471,30291.0
2026-03-10 11:20:00,196.4471,196.6816,196.3673,196.6217,13513.0
2026-03-10 11:25:00,196.6217,196.9759,196.5668,196.9011,11471.0
2026-03-10 11:30:00,196.9011,196.9261,196.4521,196.6018,18422.0
2026-03-10 11:35:00,196.5469,196.8163,196.4072,196.8063,29742.0
2026-03-10 11:40:00,196.8762,197.2653,196.8462,197.0907,36609.0
2026-03-10 11:45:00,197.1007,197.1106,196.6966,196.7664,19572.0
2026-03-10 11:50:00,196.7664,196.8462,196.2276,196.2675,41104.0
2026-03-10 11:55:00,196.1777,196.8163,196.1079,196.728,51445.0
2026-03-10 12:00:00,196.7265,196.7564,196.5569,196.5718,16376.0
2026-03-10 12:05:00,196.507,196.5668,196.3373,196.4072,16946.0
2026-03-10 12:10:00,196.4471,196.7514,196.2775,196.4122,15976.0
2026-03-10 12:15:00,196.3284,196.7065,196.2625,196.6766,11766.0
2026-03-10 12:20:00,196.6716,196.7814,196.2376,196.3773,28577.0
2026-03-10 12:25:00,196.4471,196.5568,196.3074,196.497,13324.0
2026-03-10 12:30:00,196.5569,196.7913,196.497,196.7913,11068.0
2026-03-10 12:35:00,196.8562,197.0159,196.6866,196.6966,19396.0
2026-03-10 12:40:00,196.7714,197.0058,196.7065,196.8811,27038.0
2026-03-10 12:45:00,196.8811,196.8861,196.5569,196.8213,8938.0
2026-03-10 12:50:00,196.8088,196.966,196.7365,196.956,10243.0
2026-03-10 12:55:00,196.8762,197.1156,196.8163,197.0558,16259.0
2026-03-10 13:00:00,197.0558,197.4998,197.0558,197.4998,8861.0
2026-03-10 13:05:00,197.4549,197.6894,197.4549,197.6245,15815.0
2026-03-10 13:10:00,197.6245,197.7941,197.6245,197.7442,10049.0
2026-03-10 13:15:00,197.7193,197.869,197.7099,197.869,10986.0
2026-03-10 13:20:00,197.8839,198.0037,197.8041,197.9737,7499.0
2026-03-10 13:25:00,197.9737,198.0536,197.9039,198.0137,11549.0
2026-03-10 13:30:00,198.0785,198.1234,197.864,197.9338,18309.0
2026-03-10 13:35:00,197.864,197.8647,196.9859,196.9909,24606.0
2026-03-10 13:40:00,196.9959,196.9959,196.6267,196.8063,28102.0
2026-03-10 13:45:00,196.7814,197.5347,196.7814,197.4748,16988.0
2026-03-10 13:50:00,197.385,197.4649,197.2254,197.425,20635.0
2026-03-10 13:55:00,197.425,197.6395,197.3551,197.6145,12764.0
2026-03-10 14:00:00,197.6195,197.7343,197.1805,197.1805,28350.0
2026-03-10 14:05:00,197.2054,197.2853,197.1256,197.2004,21372.0
2026-03-10 14:10:00,197.1456,197.2154,196.3074,196.3074,34630.0
2026-03-10 14:15:00,196.3274,196.6566,195.7636,195.9382,44676.0
2026-03-10 14:20:00,195.9382,196.1278,195.6439,196.0679,30884.0
2026-03-10 14:25:00,196.0679,196.4371,196.038,196.2775,18923.0
2026-03-10 14:30:00,196.3773,196.6367,196.3473,196.487,15335.0
2026-03-10 14:35:00,196.517,196.7837,196.1847,196.5668,24702.0
2026-03-10 14:40:00,196.5569,197.1256,196.5569,197.0358,22547.0
2026-03-10 14:45:00,197.0208,197.2353,196.7864,196.7864,33254.0
2026-03-10 14:50:00,196.7864,196.9815,196.1877,196.3673,27286.0
2026-03-10 14:55:00,196.4271,196.5419,196.2775,196.4072,20882.0
2026-03-10 15:00:00,196.4247,196.5569,196.3773,196.4721,19578.0
2026-03-10 15:05:00,196.4721,196.4721,195.9282,196.0031,34707.0
2026-03-10 15:10:00,195.9482,196.1079,195.7786,195.8484,59661.0
2026-03-10 15:15:00,195.8384,196.063,195.8285,195.9482,86009.0
2026-03-10 15:20:00,195.9382,195.9382,195.2797,195.4593,38149.0
2026-03-10 15:25:00,195.5092,195.6588,195.3894,195.5192,22862.0
2026-03-10 15:30:00,195.5241,195.569,195.3196,195.3695,31568.0
2026-03-10 15:35:00,195.3994,195.4194,195.0302,195.14,37645.0
2026-03-10 15:40:00,195.2198,195.488,195.0801,195.2398,39410.0
2026-03-10 15:45:00,195.2697,195.2797,194.9504,195.0552,68160.0
2026-03-10 15:50:00,195.0302,195.3994,194.9055,195.1051,88353.0
2026-03-10 15:55:00,195.13,195.13,194.7309,194.8207,177891.0
2026-03-11 09:30:00,194.2719,195.5491,193.6233,195.3795,127678.0
2026-03-11 09:35:00,195.3795,195.9781,194.7359,195.6988,49091.0
2026-03-11 09:40:00,195.8923,196.0829,194.9504,195.1699,112354.0
2026-03-11 09:45:00,195.2098,195.3645,193.768,193.8329,73227.0
2026-03-11 09:50:00,193.8977,194.4315,193.5235,194.4315,40030.0
2026-03-11 09:55:00,194.4615,194.8307,193.9925,194.4864,19487.0
2026-03-11 10:00:00,194.4914,195.569,194.4814,194.9903,117070.0
2026-03-11 10:05:00,195.0203,195.4493,194.9555,195.2398,67757.0
2026-03-11 10:10:00,195.14,195.2198,194.681,194.8032,16556.0
2026-03-11 10:15:00,194.7658,195.3595,194.7658,194.8905,16522.0
2026-03-11 10:20:00,194.7708,194.9604,194.242,194.3368,14909.0
2026-03-11 10:25:00,194.0923,194.2919,193.6847,194.232,18603.0
2026-03-11 10:30:00,194.3916,194.7309,194.1472,194.3218,26585.0
2026-03-11 10:35:00,194.3218,194.9604,194.2819,194.8806,25483.0
2026-03-11 10:40:00,194.9304,195.1001,194.7764,195.1001,28364.0
2026-03-11 10:45:00,195.0204,195.4593,195.0204,195.3445,14490.0
2026-03-11 10:50:00,195.3595,195.6189,195.1999,195.4892,23016.0
2026-03-11 10:55:00,195.4892,195.4892,195.12,195.4892,17508.0
2026-03-11 11:00:00,195.3595,195.5391,195.1599,195.4792,43253.0
2026-03-11 11:05:00,195.4593,195.5391,194.8456,195.0602,22696.0
2026-03-11 11:10:00,195.1001,195.2497,194.6211,194.6311,31882.0
2026-03-11 11:15:00,194.6311,194.681,194.3389,194.5513,25601.0
2026-03-11 11:20:00,194.5413,194.9404,194.5114,194.8855,24091.0
2026-03-11 11:25:00,194.9903,195.0203,194.6112,194.661,19536.0
2026-03-11 11:30:00,194.671,194.8363,194.4616,194.7409,35304.0
2026-03-11 11:35:00,194.7459,194.7459,194.1771,194.3891,28863.0
2026-03-11 11:40:00,194.4066,194.4914,194.2619,194.2619,16122.0
2026-03-11 11:45:00,194.212,194.4615,194.1721,194.3118,16697.0
2026-03-11 11:50:00,194.2819,194.5762,194.2819,194.3218,21818.0
2026-03-11 11:55:00,194.3118,194.4615,194.0424,194.0424,12650.0
2026-03-11 12:00:00,193.9526,193.9526,193.5934,193.6333,23511.0
2026-03-11 12:05:00,193.6782,193.9027,193.5136,193.5984,26269.0
2026-03-11 12:10:00,193.6832,193.8229,193.4238,193.6732,20739.0
2026-03-11 12:15:00,193.7231,193.773,193.3439,193.3439,41090.0
2026-03-11 12:20:00,193.3539,193.6533,193.2641,193.3789,25240.0
2026-03-11 12:25:00,193.3789,193.7331,193.304,193.7281,13889.0
2026-03-11 12:30:00,193.758,193.8029,193.4038,193.4337,20651.0
2026-03-11 12:35:00,193.3938,193.4637,192.9948,193.2342,47521.0
2026-03-11 12:40:00,193.2292,193.3739,193.2242,193.324,18726.0
2026-03-11 12:45:00,193.334,193.334,192.88,192.9947,29137.0
2026-03-11 12:50:00,193.0296,193.304,192.9997,193.304,22971.0
2026-03-11 12:55:00,193.2142,193.3539,193.0546,193.3015,12104.0
2026-03-11 13:00:00,193.304,193.3938,193.1344,193.1344,18164.0
2026-03-11 13:05:00,193.1344,193.4088,193.1344,193.3739,41751.0
2026-03-11 13:10:00,193.3739,193.3739,193.1244,193.1843,23670.0
2026-03-11 13:15:00,193.2043,193.3988,193.1544,193.2741,13660.0
2026-03-11 13:20:00,193.3739,193.788,193.334,193.788,9129.0
2026-03-11 13:25:00,193.793,194.247,193.793,194.1621,20186.0
2026-03-11 13:30:00,194.212,194.4415,194.1422,194.237,19940.0
2026-03-11 13:35:00,194.1721,194.227,193.6732,193.7381,25594.0
2026-03-11 13:40:00,193.6882,193.8728,193.6333,193.8428,11795.0
2026-03-11 13:45:00,193.753,194.1235,193.6932,194.0574,24510.0
2026-03-11 13:50:00,194.1821,194.3467,194.1322,194.1522,10949.0
2026-03-11 13:55:00,194.1322,194.4514,194.0624,194.232,17953.0
2026-03-11 14:00:00,194.222,194.4615,194.222,194.4615,12247.0
2026-03-11 14:05:00,194.4266,194.4315,193.9726,193.9726,14034.0
2026-03-11 14:10:00,193.9925,193.9925,193.3739,193.7431,31505.0
2026-03-11 14:15:00,193.8927,194.1522,193.773,194.0923,10544.0
2026-03-11 14:20:00,194.1422,194.227,194.0524,194.1522,13873.0
2026-03-11 14:25:00,194.0625,194.2519,193.9027,194.1123,16520.0
2026-03-11 14:30:00,194.0923,194.4116,194.0923,194.2968,14618.0
2026-03-11 14:35:00,194.3243,194.3467,194.222,194.222,15478.0
2026-03-11 14:40:00,194.212,194.3817,194.0823,194.3817,16960.0
2026-03-11 14:45:00,194.4016,194.5613,194.3118,194.4914,14973.0
2026-03-11 14:50:00,194.5164,194.7508,194.5164,194.686,15175.0
2026-03-11 14:55:00,194.676,194.9704,194.5214,194.928,22874.0
2026-03-11 15:00:00,194.9255,194.9654,194.4615,194.5712,34389.0
2026-03-11 15:05:00,194.5563,194.7409,194.5014,194.6211,37161.0
2026-03-11 15:10:00,194.6211,194.7209,194.5014,194.6112,24442.0
2026-03-11 15:15:00,194.5712,194.7808,194.5663,194.661,21541.0
2026-03-11 15:20:00,194.671,194.7409,194.5613,194.5762,21453.0
2026-03-11 15:25:00,194.6211,194.8506,194.6161,194.8506,23485.0
2026-03-11 15:30:00,194.7957,194.9404,194.731,194.9205,28380.0
2026-03-11 15:35:00,194.9504,195.0652,194.9005,195.0652,29010.0
2026-03-11 15:40:00,195.0801,195.2497,195.0602,195.2048,26201.0
2026-03-11 15:45:00,195.2098,195.2497,194.8057,194.8506,70120.0
2026-03-11 15:50:00,194.7908,195.1649,194.671,195.0203,89930.0
2026-03-11 15:55:00,195.0203,195.1001,194.6261,194.6311,263822.0
2026-03-12 09:30:00,192.7453,193.4854,191.2985,191.9071,64724.0
2026-03-12 09:35:00,192.2164,192.7952,191.977,192.7054,13318.0
2026-03-12 09:40:00,192.7291,193.2719,192.3262,192.7353,18464.0
2026-03-12 09:45:00,192.4659,192.7253,192.1466,192.2464,39859.0
2026-03-12 09:50:00,192.3162,192.7353,191.7574,191.7574,83533.0
2026-03-12 09:55:00,191.6676,192.1466,191.5778,191.9171,26755.0
2026-03-12 10:00:00,192.0368,193.2641,192.0169,192.426,49124.0
2026-03-12 10:05:00,192.5257,192.5756,192.1566,192.2114,37576.0
2026-03-12 10:10:00,192.081,192.2748,191.977,192.0368,17197.0
2026-03-12 10:15:00,192.0727,192.0767,190.8396,190.9692,39683.0
2026-03-12 10:20:00,190.9891,191.049,190.1111,190.3206,37710.0
2026-03-12 10:25:00,190.373,190.5301,189.5224,189.8018,59244.0
2026-03-12 10:30:00,189.8117,190.151,189.2929,189.6221,53661.0
2026-03-12 10:35:00,190.0213,190.2208,189.8417,189.8965,17775.0
2026-03-12 10:40:00,189.9514,190.1191,189.0334,189.6621,94304.0
2026-03-12 10:45:00,189.6321,190.9193,189.6321,190.6999,42583.0
2026-03-12 10:50:00,190.7497,190.8295,190.2807,190.58,24205.0
2026-03-12 10:55:00,190.58,190.7097,190.1809,190.6998,26404.0
2026-03-12 11:00:00,190.6698,190.6698,190.2108,190.6549,24968.0
2026-03-12 11:05:00,190.595,191.039,190.5102,190.5301,52164.0
2026-03-12 11:10:00,190.61,190.615,190.0512,190.151,33365.0
2026-03-12 11:15:00,190.141,190.3705,189.9015,189.9115,23140.0
2026-03-12 11:20:00,189.9814,190.0013,189.6321,189.9265,33304.0
2026-03-12 11:25:00,189.8018,190.1709,189.5822,189.7269,35728.0
2026-03-12 11:30:00,189.7319,189.9714,189.2629,189.5024,82431.0
2026-03-12 11:35:00,189.5822,189.7119,189.1831,189.5872,84642.0
2026-03-12 11:40:00,189.6221,189.6221,188.7441,188.774,63504.0
2026-03-12 11:45:00,188.8239,189.0634,188.6044,188.8389,61582.0
2026-03-12 11:50:00,188.8239,189.3325,188.6343,189.2629,126910.0
2026-03-12 11:55:00,189.243,189.248,188.8738,188.9337,24439.0
2026-03-12 12:00:00,188.8039,189.3128,188.7542,189.0359,21403.0
2026-03-12 12:05:00,189.0334,189.1183,187.8211,187.886,40576.0
2026-03-12 12:10:00,187.9259,188.0089,187.3372,187.407,47771.0
2026-03-12 12:15:00,187.3983,188.1155,187.1276,188.0456,93519.0
2026-03-12 12:20:00,188.0955,188.8538,188.0506,188.2452,57664.0
2026-03-12 12:25:00,188.315,188.4547,187.7163,187.8211,39169.0
2026-03-12 12:30:00,187.7064,188.1134,187.5667,187.886,33068.0
2026-03-12 12:35:00,187.8261,188.315,187.417,187.5866,61541.0
2026-03-12 12:40:00,187.6515,187.6714,187.1476,187.6066,120268.0
2026-03-12 12:45:00,187.5567,187.9133,187.2973,187.8311,32109.0
2026-03-12 12:50:00,187.8311,188.3649,187.6365,188.1255,36389.0
2026-03-12 12:55:00,188.2801,188.4348,187.6565,187.6565,32077.0
2026-03-12 13:00:00,187.5567,188.0706,187.4968,188.0706,29381.0
2026-03-12 13:05:00,188.0257,188.0257,187.2575,187.417,50862.0
2026-03-12 13:10:00,187.417,187.7563,187.3472,187.5866,42902.0
2026-03-12 13:15:00,187.5367,187.8361,187.5018,187.639,18598.0
2026-03-12 13:20:00,187.5567,187.7273,187.4669,187.6265,40049.0
2026-03-12 13:25:00,187.6265,187.8461,187.3771,187.5269,59600.0
2026-03-12 13:30:00,187.5866,187.7163,187.3771,187.6265,37508.0
2026-03-12 13:35:00,187.6066,188.099,187.6066,187.9458,124787.0
2026-03-12 13:40:00,187.9458,188.0556,187.6265,187.7563,37352.0
2026-03-12 13:45:00,187.7862,188.0257,187.6067,187.8111,31479.0
2026-03-12 13:50:00,187.8061,188.1454,187.6365,187.8211,32220.0
2026-03-12 13:55:00,187.8211,187.8461,187.5667,187.6066,20581.0
2026-03-12 14:00:00,187.6764,187.8161,187.4469,187.4469,31658.0
2026-03-12 14:05:00,187.4968,187.8461,187.2823,187.8411,45957.0
2026-03-12 14:10:00,187.856,188.1654,187.7962,188.1604,54856.0
2026-03-12 14:15:00,188.2152,188.3749,188.0107,188.0955,32118.0
2026-03-12 14:20:00,188.0556,188.1454,187.8461,187.9658,30905.0
2026-03-12 14:25:00,187.9259,188.0855,187.7962,188.0855,19855.0
2026-03-12 14:30:00,188.0257,188.1055,187.7363,187.7413,21508.0
2026-03-12 14:35:00,187.7263,187.7862,187.5667,187.7862,26253.0
2026-03-12 14:40:00,187.7862,187.9658,187.6764,187.8012,33674.0
2026-03-12 14:45:00,187.7563,187.9758,187.5966,187.7064,42618.0
2026-03-12 14:50:00,187.7264,187.9409,187.6565,187.8161,24115.0
2026-03-12 14:55:00,187.7612,187.8161,187.4869,187.5667,32670.0
2026-03-12 15:00:00,187.4869,187.7805,187.0079,187.0079,46150.0
2026-03-12 15:05:00,187.0578,187.437,186.8233,187.437,101558.0
2026-03-12 15:10:00,187.437,187.7862,187.427,187.5742,44997.0
2026-03-12 15:15:00,187.5717,187.866,187.5018,187.7662,156937.0
2026-03-12 15:20:00,187.6864,187.9758,187.6265,187.9009,56637.0
2026-03-12 15:25:00,187.856,188.1853,187.8461,187.8461,46035.0
2026-03-12 15:30:00,187.9034,187.9658,187.6565,187.7712,64766.0
2026-03-12 15:35:00,187.7962,188.0356,187.6964,187.9109,81321.0
2026-03-12 15:40:00,187.876,187.9209,187.397,187.432,70461.0
2026-03-12 15:45:00,187.4769,187.4769,186.6836,186.7285,111504.0
2026-03-12 15:50:00,186.6886,186.9081,186.3494,186.9081,217788.0
2026-03-12 15:55:00,186.9181,187.0578,185.7706,185.8505,496611.0
2026-03-13 09:30:00,187.3571,188.8164,186.5888,187.7014,43705.0
2026-03-13 09:35:00,188.0955,188.4422,187.4869,187.9209,92519.0
2026-03-13 09:40:00,188.2851,188.6443,187.7862,188.5146,29499.0
2026-03-13 09:45:00,188.3849,188.9486,188.0855,188.325,26956.0
2026-03-13 09:50:00,188.2352,188.2352,187.1676,187.2282,48517.0
2026-03-13 09:55:00,187.3322,187.3472,186.6587,186.7984,43693.0
2026-03-13 10:00:00,187.0678,187.5268,186.8682,187.0877,116898.0
2026-03-13 10:05:00,187.1975,187.2623,186.08,186.3094,42978.0
2026-03-13 10:10:00,186.2845,186.519,186.0201,186.075,88100.0
2026-03-13 10:15:00,186.2097,186.3294,184.8327,184.9325,63523.0
2026-03-13 10:20:00,184.9874,185.4613,184.9125,185.0921,39427.0
2026-03-13 10:25:00,184.8726,186.0326,184.8726,185.9228,32812.0
2026-03-13 10:30:00,185.9153,186.7585,185.9153,186.6287,52931.0
2026-03-13 10:35:00,186.6038,186.8483,186.3893,186.509,19316.0
2026-03-13 10:40:00,186.5838,186.5838,185.9403,185.9403,17563.0
2026-03-13 10:45:00,186.0201,186.3593,185.9103,186.2496,36265.0
2026-03-13 10:50:00,186.4791,186.5789,185.9303,186.2745,55817.0
2026-03-13 10:55:00,186.2745,186.3094,185.8804,185.9702,40627.0
2026-03-13 11:00:00,186.045,186.3494,185.7507,186.0351,27545.0
2026-03-13 11:05:00,186.1149,186.2895,185.8904,186.2546,37821.0
2026-03-13 11:10:00,186.3394,186.4192,186.05,186.06,22741.0
2026-03-13 11:15:00,186.1099,186.1698,185.8205,185.9852,21192.0
2026-03-13 11:20:00,185.9602,185.9901,185.4114,185.4114,25793.0
2026-03-13 11:25:00,185.4463,185.6709,185.3915,185.4813,66746.0
2026-03-13 11:30:00,185.5411,185.8105,185.3216,185.4014,148487.0
2026-03-13 11:35:00,185.4064,185.4214,185.1221,185.2418,46282.0
2026-03-13 11:40:00,185.2418,185.6908,185.2418,185.4264,53555.0
2026-03-13 11:45:00,185.4264,185.9153,185.3815,185.6584,82528.0
2026-03-13 11:50:00,185.7108,186.07,185.6908,186.0201,53584.0
2026-03-13 11:55:00,186.0151,186.04,185.586,185.8804,38718.0
2026-03-13 12:00:00,185.8804,186.1298,185.7407,185.9203,28883.0
2026-03-13 12:05:00,185.9203,186.1498,185.8505,185.8804,35163.0
2026-03-13 12:10:00,185.9203,186.0001,185.5711,185.6733,14421.0
2026-03-13 12:15:00,185.6758,185.6783,185.5212,185.5811,9256.0
2026-03-13 12:20:00,185.5611,185.6709,185.2917,185.2967,15959.0
2026-03-13 12:25:00,185.3017,185.7706,185.3017,185.6409,28092.0
2026-03-13 12:30:00,185.601,185.8604,185.5511,185.5561,15047.0
2026-03-13 12:35:00,185.5611,185.7806,185.4513,185.6908,25859.0
2026-03-13 12:40:00,185.6808,185.7706,185.3416,185.3665,13043.0
2026-03-13 12:45:00,185.3765,185.9901,185.3116,185.9153,51082.0
2026-03-13 12:50:00,185.9103,186.4891,185.9103,186.1598,25729.0
2026-03-13 12:55:00,186.1897,186.5888,186.07,186.509,89364.0
2026-03-13 13:00:00,186.5389,186.7984,186.4192,186.5539,104104.0
2026-03-13 13:05:00,186.4491,186.7884,186.2995,186.7884,53231.0
2026-03-13 13:10:00,186.7934,187.1376,186.7086,186.988,16199.0
2026-03-13 13:15:00,186.978,187.2374,186.9381,186.958,23970.0
2026-03-13 13:20:00,186.9181,187.2623,186.6089,186.7487,41012.0
2026-03-13 13:25:00,186.8981,186.9779,186.4591,186.8782,41253.0
2026-03-13 13:30:00,186.9281,186.958,186.4791,186.494,13586.0
2026-03-13 13:35:00,186.529,186.9181,186.4142,186.9181,24516.0
2026-03-13 13:40:00,186.9131,186.948,186.6188,186.7385,18805.0
2026-03-13 13:45:00,186.7385,186.7385,186.0411,186.06,29928.0
2026-03-13 13:50:00,186.045,186.045,185.621,185.7706,31542.0
2026-03-13 13:55:00,185.8006,186.0001,185.6409,185.8954,30349.0
2026-03-13 14:00:00,186.0001,186.1199,185.591,185.6908,24061.0
2026-03-13 14:05:00,185.6659,185.8205,185.591,185.6908,16808.0
2026-03-13 14:10:00,185.7407,186.0899,185.7407,186.0401,14570.0
2026-03-13 14:15:00,186.04,186.1498,185.6958,185.6958,15189.0
2026-03-13 14:20:00,185.5811,185.9203,185.5313,185.8904,13276.0
2026-03-13 14:25:00,185.9303,185.9353,185.6709,185.8936,12458.0
2026-03-13 14:30:00,185.8205,186.08,185.7856,186.0051,23225.0
2026-03-13 14:35:00,185.9303,186.0999,185.9003,185.9502,14990.0
2026-03-13 14:40:00,185.9003,186.0899,185.8205,186.0047,36163.0
2026-03-13 14:45:00,186.0201,186.4591,185.9502,186.4242,17014.0
2026-03-13 14:50:00,186.3494,186.4392,186.1897,186.2615,25272.0
2026-03-13 14:55:00,186.302,186.3045,186.05,186.1498,23071.0
2026-03-13 15:00:00,186.1149,186.2695,186.046,186.2147,22995.0
2026-03-13 15:05:00,186.2147,186.3194,186.1049,186.3194,22631.0
2026-03-13 15:10:00,186.3094,186.5539,186.3094,186.4691,20375.0
2026-03-13 15:15:00,186.5639,186.7285,186.5489,186.6886,24521.0
2026-03-13 15:20:00,186.6786,186.8078,186.6387,186.7385,21436.0
2026-03-13 15:25:00,186.7285,186.7285,186.4591,186.529,48195.0
2026-03-13 15:30:00,186.529,186.988,186.529,186.978,70474.0
2026-03-13 15:35:00,186.978,186.9929,186.3494,186.3593,56491.0
2026-03-13 15:40:00,186.3394,186.6786,186.2496,186.6687,55994.0
2026-03-13 15:45:00,186.6557,186.978,186.4741,186.9381,95006.0
2026-03-13 15:50:00,186.958,187.1177,186.5389,186.5888,130984.0
2026-03-13 15:55:00,186.5589,187.0478,186.5589,186.978,393411.0
2026-03-16 09:30:00,188.5745,189.4624,187.0877,187.397,40036.0
2026-03-16 09:35:00,187.5068,188.6593,187.5068,188.5395,16544.0
2026-03-16 09:40:00,188.4375,189.3577,188.2452,189.3428,30800.0
2026-03-16 09:45:00,189.1831,189.3328,188.6842,188.759,13549.0
2026-03-16 09:50:00,188.759,189.1632,188.6343,188.8489,31379.0
2026-03-16 09:55:00,188.774,189.3877,188.4647,189.3877,101661.0
2026-03-16 10:00:00,189.223,189.2829,188.8888,188.9935,14136.0
2026-03-16 10:05:00,188.774,189.1731,188.774,188.774,21455.0
2026-03-16 10:10:00,189.0734,189.2729,188.8189,189.1033,56256.0
2026-03-16 10:15:00,189.1033,189.5143,188.9736,189.0808,43178.0
2026-03-16 10:20:00,189.0783,189.6441,189.0783,189.3527,23848.0
2026-03-16 10:25:00,189.3577,189.4326,189.1232,189.1232,19289.0
2026-03-16 10:30:00,189.1357,189.243,188.4896,188.6543,23229.0
2026-03-16 10:35:00,188.6842,188.9985,188.5545,188.8389,16707.0
2026-03-16 10:40:00,188.8389,188.8938,188.7141,188.789,24666.0
2026-03-16 10:45:00,188.794,188.8239,188.3549,188.5445,35486.0
2026-03-16 10:50:00,188.5445,189.3128,188.4098,189.3128,86186.0
2026-03-16 10:55:00,189.3028,189.4825,188.9536,189.4525,30502.0
2026-03-16 11:00:00,189.4525,189.672,189.3608,189.6022,33993.0
2026-03-16 11:05:00,189.5822,189.5822,188.8538,188.8938,26154.0
2026-03-16 11:10:00,188.8538,189.2081,188.774,188.9836,64731.0
2026-03-16 11:15:00,189.0634,189.2729,188.8938,189.1133,27682.0
2026-03-16 11:20:00,189.1332,189.3752,189.1133,189.238,41201.0
2026-03-16 11:25:00,189.2929,189.652,189.223,189.5623,42737.0
2026-03-16 11:30:00,189.5623,189.8417,189.5323,189.687,35549.0
2026-03-16 11:35:00,189.692,189.9614,189.6122,189.8716,27864.0
2026-03-16 11:40:00,189.9513,189.9513,189.4625,189.8516,29210.0
2026-03-16 11:45:00,189.6621,190.1061,189.6621,189.9814,31051.0
2026-03-16 11:50:00,189.9215,189.9215,189.3976,189.6072,39223.0
2026-03-16 11:55:00,189.5423,190.0263,189.3128,189.3727,87212.0
2026-03-16 12:00:00,189.3927,189.4076,189.1332,189.228,38369.0
2026-03-16 12:05:00,189.228,189.5523,189.1931,189.4226,49926.0
2026-03-16 12:10:00,189.5024,189.6321,189.4126,189.6121,25389.0
2026-03-16 12:15:00,189.6122,189.9814,189.3927,189.8791,31786.0
2026-03-16 12:20:00,189.8117,189.8516,189.4226,189.4725,44077.0
2026-03-16 12:25:00,189.4625,189.7419,189.3428,189.7419,30527.0
2026-03-16 12:30:00,189.692,189.8307,189.4575,189.6371,27113.0
2026-03-16 12:35:00,189.6521,189.8018,189.4525,189.8018,22136.0
2026-03-16 12:40:00,189.8317,190.2408,189.7758,190.121,32150.0
2026-03-16 12:45:00,190.2009,190.2009,189.7918,189.8367,21451.0
2026-03-16 12:50:00,189.8367,189.9215,189.8217,189.8317,10482.0
2026-03-16 12:55:00,189.8566,189.9714,189.6421,189.702,77993.0
2026-03-16 13:00:00,189.702,189.9315,189.5573,189.7918,84395.0
2026-03-16 13:05:00,189.7768,190.3306,189.6022,190.2308,49275.0
2026-03-16 13:10:00,190.2059,190.4603,190.2009,190.4203,24463.0
2026-03-16 13:15:00,190.4104,190.8395,190.4104,190.7447,33927.0
2026-03-16 13:20:00,190.7447,191.498,190.7447,191.059,56416.0
2026-03-16 13:25:00,191.0191,191.0789,190.7277,190.8594,35649.0
2026-03-16 13:30:00,190.8594,191.069,190.615,190.615,45207.0
2026-03-16 13:35:00,190.6599,190.8694,190.6599,190.6748,33625.0
2026-03-16 13:40:00,190.6798,190.6798,190.4129,190.4304,38345.0
2026-03-16 13:45:00,190.4653,190.6199,190.0013,190.0312,22067.0
2026-03-16 13:50:00,190.0312,190.2059,189.9514,190.0986,26067.0
2026-03-16 13:55:00,190.0637,190.4203,190.0113,190.3056,16710.0
2026-03-16 14:00:00,190.3106,190.4354,190.2408,190.2707,50018.0
2026-03-16 14:05:00,190.2657,190.3655,189.9315,189.9315,24885.0
2026-03-16 14:10:00,190.0013,190.2009,189.9614,190.121,38764.0
2026-03-16 14:15:00,190.1709,190.4304,190.1709,190.3705,25389.0
2026-03-16 14:20:00,190.3605,190.5002,190.191,190.4104,35295.0
2026-03-16 14:25:00,190.4703,190.6399,190.3007,190.5002,88347.0
2026-03-16 14:30:00,190.5401,190.7796,190.5077,190.7796,25982.0
2026-03-16 14:35:00,190.7497,190.8794,190.6898,190.8195,28365.0
2026-03-16 14:40:00,190.7996,191.059,190.7297,190.9392,21261.0
2026-03-16 14:45:00,190.9991,191.0191,190.6199,190.6349,23347.0
2026-03-16 14:50:00,190.6798,190.7497,190.5401,190.7397,45987.0
2026-03-16 14:55:00,190.6798,190.8295,190.59,190.6549,43822.0
2026-03-16 15:00:00,190.6898,190.7596,190.1809,190.3605,50230.0
2026-03-16 15:05:00,190.3007,190.7397,190.1659,190.7297,63228.0
2026-03-16 15:10:00,190.7497,190.8694,190.131,190.4503,112651.0
2026-03-16 15:15:00,190.4603,190.6499,190.2931,190.4154,72958.0
2026-03-16 15:20:00,190.4154,190.7596,190.4054,190.6349,83858.0
2026-03-16 15:25:00,190.6349,190.6349,190.151,190.3905,71321.0
2026-03-16 15:30:00,190.3905,190.5002,190.1989,190.3206,54926.0
2026-03-16 15:35:00,190.3007,190.58,190.2607,190.5701,44558.0
2026-03-16 15:40:00,190.58,190.7996,190.5152,190.5695,74613.0
2026-03-16 15:45:00,190.5401,191.0889,190.5401,190.9891,63543.0
2026-03-16 15:50:00,190.9692,191.1089,190.6798,190.8345,138307.0
2026-03-16 15:55:00,190.8594,191.3384,190.8395,191.0091,338970.0
2026-03-17 09:30:00,193.0745,195.14,192.865,194.6211,119731.0
2026-03-17 09:35:00,194.7109,195.7586,194.6311,195.7387,44207.0
2026-03-17 09:40:00,195.6588,195.8883,195.1344,195.6588,76039.0
2026-03-17 09:45:00,195.4743,195.9881,195.145,195.3032,68034.0
2026-03-17 09:50:00,195.6389,195.7886,195.3296,195.6489,52273.0
2026-03-17 09:55:00,195.4892,195.9482,195.4892,195.8983,49291.0
2026-03-17 10:00:00,195.8883,196.3174,195.2797,195.589,72475.0
2026-03-17 10:05:00,195.589,195.9582,195.589,195.8135,15024.0
2026-03-17 10:10:00,195.8135,195.8135,194.4615,194.4665,42462.0
2026-03-17 10:15:00,194.4665,194.7707,194.0848,194.4016,50252.0
2026-03-17 10:20:00,194.4615,194.5812,194.1422,194.212,94503.0
2026-03-17 10:25:00,194.242,194.9803,194.1232,194.8257,49021.0
2026-03-17 10:30:00,195.0203,195.15,194.8824,195.0402,20436.0
2026-03-17 10:35:00,195.0652,195.4094,194.9604,195.1599,30431.0
2026-03-17 10:40:00,195.0751,195.2397,194.7957,195.2397,27912.0
2026-03-17 10:45:00,195.2398,195.6289,195.2198,195.5591,14639.0
2026-03-17 10:50:00,195.5491,195.6588,195.0751,195.13,36750.0
2026-03-17 10:55:00,195.0302,195.2497,194.8905,194.9205,30822.0
2026-03-17 11:00:00,194.8955,194.9704,194.7259,194.7259,19537.0
2026-03-17 11:05:00,194.6511,194.701,194.4762,194.5712,13662.0
2026-03-17 11:10:00,194.5812,194.8905,194.5613,194.8905,20864.0
2026-03-17 11:15:00,194.9205,195.2497,194.8905,195.2298,11089.0
2026-03-17 11:20:00,195.15,195.3395,195.14,195.3296,13371.0
2026-03-17 11:25:00,195.3296,195.569,195.0901,195.1001,26847.0
2026-03-17 11:30:00,195.0602,195.2298,194.7708,194.7708,21359.0
2026-03-17 11:35:00,194.9105,194.9105,194.4964,194.6411,11991.0
2026-03-17 11:40:00,194.5613,194.681,194.4266,194.5313,23695.0
2026-03-17 11:45:00,194.5313,194.6561,194.212,194.212,59719.0
2026-03-17 11:50:00,194.207,194.2919,193.9027,194.2919,26685.0
2026-03-17 11:55:00,194.3018,194.4016,194.1721,194.1821,63682.0
2026-03-17 12:00:00,194.0823,194.0823,193.7331,193.8728,46117.0
2026-03-17 12:05:00,193.9526,194.0324,193.7032,193.8728,36416.0
2026-03-17 12:10:00,193.9027,194.1123,193.7431,193.9127,14742.0
2026-03-17 12:15:00,193.6434,194.1123,193.6134,194.1123,25038.0
2026-03-17 12:20:00,194.1023,194.4315,194.0524,194.4116,15663.0
2026-03-17 12:25:00,194.3018,194.4116,194.212,194.3817,14019.0
2026-03-17 12:30:00,194.3817,194.6411,194.3816,194.4615,37247.0
2026-03-17 12:35:00,194.5313,194.6112,194.2619,194.5014,22860.0
2026-03-17 12:40:00,194.5014,194.701,194.3318,194.671,43180.0
2026-03-17 12:45:00,194.701,194.9354,194.681,194.681,25973.0
2026-03-17 12:50:00,194.7409,194.8107,194.6561,194.701,16518.0
2026-03-17 12:55:00,194.7209,194.8506,194.661,194.7957,11241.0
2026-03-17 13:00:00,194.8107,195.1599,194.7409,195.1101,24892.0
2026-03-17 13:05:00,195.0602,195.1101,194.8406,194.8406,25179.0
2026-03-17 13:10:00,194.8132,194.9105,194.7184,194.7858,11651.0
2026-03-17 13:15:00,194.7858,194.9803,194.7109,194.9604,24865.0
2026-03-17 13:20:00,194.9903,195.1101,194.9205,194.9255,14962.0
2026-03-17 13:25:00,194.8307,194.9504,194.7608,194.8107,8708.0
2026-03-17 13:30:00,194.7508,194.9005,194.721,194.7658,27653.0
2026-03-17 13:35:00,194.8207,195.2597,194.7259,195.1899,14694.0
2026-03-17 13:40:00,195.2497,195.3196,195.0103,195.0801,21226.0
2026-03-17 13:45:00,195.0661,195.12,194.8756,195.0801,23000.0
2026-03-17 13:50:00,195.0751,195.12,194.8057,194.8456,29129.0
2026-03-17 13:55:00,194.8207,195.0302,194.8207,195.0302,10819.0
2026-03-17 14:00:00,195.0203,195.0402,194.686,195.0003,39458.0
2026-03-17 14:05:00,194.9654,195.0602,194.8905,195.0103,24525.0
2026-03-17 14:10:00,195.0502,195.0701,194.7808,194.8905,27408.0
2026-03-17 14:15:00,194.9604,194.9903,194.6512,194.7508,18414.0
2026-03-17 14:20:00,194.7459,194.8307,194.5712,194.686,16792.0
2026-03-17 14:25:00,194.681,194.7309,194.6012,194.6311,14877.0
2026-03-17 14:30:00,194.681,194.701,194.3517,194.4415,24444.0
2026-03-17 14:35:00,194.4216,194.5313,194.3018,194.4964,24713.0
2026-03-17 14:40:00,194.4615,194.4864,194.3529,194.4315,29568.0
2026-03-17 14:45:00,194.4315,194.661,194.4315,194.661,18069.0
2026-03-17 14:50:00,194.661,195.0003,194.6411,194.9255,21864.0
2026-03-17 14:55:00,194.9255,195.0103,194.8108,194.9853,33214.0
2026-03-17 15:00:00,195.0492,195.0851,194.9304,194.9504,43219.0
2026-03-17 15:05:00,194.8913,195.0602,194.8806,195.0302,30674.0
2026-03-17 15:10:00,195.0302,195.12,194.9903,195.0502,23327.0
2026-03-17 15:15:00,195.1001,195.1699,195.0701,195.0901,37756.0
2026-03-17 15:20:00,195.0801,195.0901,194.8656,194.9803,27140.0
2026-03-17 15:25:00,194.9504,194.9604,194.6012,194.6012,27773.0
2026-03-17 15:30:00,194.5613,194.681,194.4864,194.5962,38071.0
2026-03-17 15:35:00,194.6411,194.8506,194.6012,194.7059,60939.0
2026-03-17 15:40:00,194.7359,194.7758,194.212,194.237,52826.0
2026-03-17 15:45:00,194.237,194.2519,193.9676,194.207,66318.0
2026-03-17 15:50:00,194.2519,194.3617,194.0125,194.0125,90385.0
2026-03-17 15:55:00,194.0524,194.8307,193.9875,194.7908,337544.0
2026-03-18 09:30:00,193.0945,193.299,191.6577,192.6555,44113.0
2026-03-18 09:35:00,192.6555,192.6555,191.6776,192.2813,43025.0
2026-03-18 09:40:00,192.2863,192.6854,191.9071,192.3935,50136.0
2026-03-18 09:45:00,192.391,193.6932,192.2563,193.6533,42416.0
2026-03-18 09:50:00,193.5734,193.7032,192.7453,193.0646,17638.0
2026-03-18 09:55:00,193.0197,193.2142,191.937,192.1466,30105.0
2026-03-18 10:00:00,192.1067,192.3461,191.4481,191.7175,31523.0
2026-03-18 10:05:00,191.7175,192.2264,191.2885,192.0019,34941.0
2026-03-18 10:10:00,191.977,192.0767,191.2487,191.2487,26902.0
2026-03-18 10:15:00,191.3683,191.7475,191.1687,191.5479,39881.0
2026-03-18 10:20:00,191.5778,192.0268,191.508,191.8971,15105.0
2026-03-18 10:25:00,191.967,192.0069,191.3783,191.5778,31724.0
2026-03-18 10:30:00,191.5479,191.937,191.5479,191.6726,39444.0
2026-03-18 10:35:00,191.5778,191.9271,191.5778,191.6477,31203.0
2026-03-18 10:40:00,191.6676,192.0069,191.5379,191.9221,16187.0
2026-03-18 10:45:00,191.9071,192.0169,191.7475,191.8373,15475.0
2026-03-18 10:50:00,191.8472,191.8572,191.5928,191.6976,42232.0
2026-03-18 10:55:00,191.6177,191.9271,191.6177,191.8772,15894.0
2026-03-18 11:00:00,191.937,192.2438,191.6976,191.8023,42018.0
2026-03-18 11:05:00,191.8023,192.0618,191.8023,192.0019,17895.0
2026-03-18 11:10:00,192.0767,192.1865,191.8173,191.947,39256.0
2026-03-18 11:15:00,192.0867,192.2364,191.8872,191.9869,20011.0
2026-03-18 11:20:00,191.9869,192.3461,191.962,192.3012,27654.0
2026-03-18 11:25:00,192.3012,192.3761,191.8123,191.9171,39710.0
2026-03-18 11:30:00,191.9071,192.2314,191.8722,192.2214,18398.0
2026-03-18 11:35:00,192.2065,192.3861,192.1366,192.3611,18090.0
2026-03-18 11:40:00,192.3611,192.3769,192.0268,192.0767,23609.0
2026-03-18 11:45:00,192.1566,192.1865,191.5878,191.5878,34409.0
2026-03-18 11:50:00,191.5978,191.9021,191.5978,191.6976,23998.0
2026-03-18 11:55:00,191.8223,191.8971,191.5579,191.7774,18412.0
2026-03-18 12:00:00,191.7774,191.7874,191.508,191.7275,15761.0
2026-03-18 12:05:00,191.7275,191.8472,191.5479,191.7824,20051.0
2026-03-18 12:10:00,191.7325,192.0767,191.6776,191.967,21208.0
2026-03-18 12:15:00,191.8672,192.0368,191.7574,191.8971,19263.0
2026-03-18 12:20:00,191.8971,192.0368,191.4781,191.493,34517.0
2026-03-18 12:25:00,191.493,191.5579,190.9991,191.2386,44338.0
2026-03-18 12:30:00,191.2635,191.8073,191.2635,191.7076,26688.0
2026-03-18 12:35:00,191.6477,191.6676,191.2735,191.2785,18316.0
2026-03-18 12:40:00,191.1787,191.6277,191.1787,191.2585,28728.0
2026-03-18 12:45:00,191.3434,191.4781,191.1288,191.3434,19919.0
2026-03-18 12:50:00,191.2286,191.3982,191.2286,191.2985,16386.0
2026-03-18 12:55:00,191.2785,191.5629,191.1288,191.508,16823.0
2026-03-18 13:00:00,191.5878,191.5878,191.039,191.3583,16173.0
2026-03-18 13:05:00,191.3284,191.4781,191.2186,191.4132,10801.0
2026-03-18 13:10:00,191.498,191.5579,191.3384,191.4681,12752.0
2026-03-18 13:15:00,191.4381,191.5578,191.3683,191.4332,8715.0
2026-03-18 13:20:00,191.4332,191.5978,191.4057,191.5978,22308.0
2026-03-18 13:25:00,191.5479,191.5479,191.2935,191.488,11509.0
2026-03-18 13:30:00,191.3982,191.523,191.3084,191.523,10318.0
2026-03-18 13:35:00,191.488,191.5878,191.2585,191.3783,14388.0
2026-03-18 13:40:00,191.3683,191.4082,191.1188,191.1887,13858.0
2026-03-18 13:45:00,191.2486,191.6078,191.2486,191.4381,17990.0
2026-03-18 13:50:00,191.508,191.8273,191.4282,191.8273,17216.0
2026-03-18 13:55:00,191.6976,191.9969,191.6976,191.8971,5306.0
2026-03-18 14:00:00,192.0069,192.1865,191.8872,191.977,15833.0
2026-03-18 14:05:00,191.972,191.972,191.4681,191.7175,16606.0
2026-03-18 14:10:00,191.7475,191.8921,191.6128,191.8373,24142.0
2026-03-18 14:15:00,191.8323,191.8323,191.4088,191.6277,22559.0
2026-03-18 14:20:00,191.5978,191.9121,191.5928,191.8772,16389.0
2026-03-18 14:25:00,191.7974,192.3062,191.7974,192.2763,16157.0
2026-03-18 14:30:00,192.2763,192.5357,192.1166,192.1466,20282.0
2026-03-18 14:35:00,192.1416,192.3561,191.947,191.957,30452.0
2026-03-18 14:40:00,191.957,191.9969,191.6377,191.8323,23275.0
2026-03-18 14:45:00,191.8472,191.972,191.7175,191.8173,20449.0
2026-03-18 14:50:00,191.8572,192.2514,191.8123,192.0269,27295.0
2026-03-18 14:55:00,192.1117,192.1316,191.8572,191.8572,32317.0
2026-03-18 15:00:00,191.9171,192.1665,191.6578,191.967,40882.0
2026-03-18 15:05:00,191.937,192.1117,191.8522,192.0568,35307.0
2026-03-18 15:10:00,192.0618,192.0618,191.8772,191.947,25991.0
2026-03-18 15:15:00,191.9969,192.0268,191.5778,191.5878,22930.0
2026-03-18 15:20:00,191.5479,191.6048,191.2585,191.2985,30665.0
2026-03-18 15:25:00,191.4182,191.5279,191.2585,191.2685,59072.0
2026-03-18 15:30:00,191.3434,191.4182,190.8295,190.9193,54839.0
2026-03-18 15:35:00,190.8894,190.8894,190.6948,190.7347,31732.0
2026-03-18 15:40:00,190.7297,190.7696,190.59,190.6349,35336.0
2026-03-18 15:45:00,190.6349,191.1987,190.4503,190.9792,70157.0
2026-03-18 15:50:00,191.059,191.4581,190.9343,191.1538,64323.0
2026-03-18 15:55:00,191.1488,191.1987,190.8993,190.9891,225431.0
2026-03-19 09:30:00,189.4126,190.7397,188.6942,190.605,45292.0
2026-03-19 09:35:00,190.7147,190.9692,190.2607,190.5501,40106.0
2026-03-19 09:40:00,190.5252,190.8993,190.0113,190.0113,27560.0
2026-03-19 09:45:00,190.0213,190.0213,189.4924,189.4924,45384.0
2026-03-19 09:50:00,189.5523,189.5523,188.6543,189.0484,44995.0
2026-03-19 09:55:00,189.1831,189.5822,188.9237,189.0833,47540.0
2026-03-19 10:00:00,189.1831,189.1831,188.3649,188.3649,32482.0
2026-03-19 10:05:00,188.3749,188.6493,187.2873,187.2923,71017.0
2026-03-19 10:10:00,187.3023,188.0506,187.0478,187.3072,46501.0
2026-03-19 10:15:00,187.3521,188.1254,187.0378,187.9957,81113.0
2026-03-19 10:20:00,188.0955,188.0955,186.9929,187.0578,45142.0
2026-03-19 10:25:00,187.2274,187.3771,187.0279,187.3771,19697.0
2026-03-19 10:30:00,187.2174,187.7662,187.1775,187.5916,26396.0
2026-03-19 10:35:00,187.6764,188.0531,187.5168,187.5667,18711.0
2026-03-19 10:40:00,187.437,188.1654,187.437,187.9184,16101.0
2026-03-19 10:45:00,188.0756,188.0756,187.5866,187.8161,26220.0
2026-03-19 10:50:00,187.9043,187.9658,187.6864,187.8959,25300.0
2026-03-19 10:55:00,187.876,187.9758,187.6864,187.9359,22173.0
2026-03-19 11:00:00,187.881,188.2768,187.7513,188.1793,31567.0
2026-03-19 11:05:00,188.335,188.9536,188.325,188.5345,20175.0
2026-03-19 11:10:00,188.6144,188.8239,188.4847,188.764,23543.0
2026-03-19 11:15:00,188.9237,189.0434,188.764,188.794,20138.0
2026-03-19 11:20:00,188.9836,188.9836,188.5345,188.5745,18367.0
2026-03-19 11:25:00,188.5844,188.784,188.4946,188.7141,17048.0
2026-03-19 11:30:00,188.6942,188.8938,188.33,188.33,17527.0
2026-03-19 11:35:00,188.315,188.3849,187.9458,188.2553,50741.0
2026-03-19 11:40:00,188.2552,188.5745,188.1853,188.2152,16609.0
2026-03-19 11:45:00,188.2302,188.4248,188.0756,188.0756,17937.0
2026-03-19 11:50:00,188.0257,188.2452,187.9059,188.0057,34732.0
2026-03-19 11:55:00,188.0257,188.3549,188.0057,188.2552,44466.0
2026-03-19 12:00:00,188.2552,188.5345,188.1853,188.4309,29036.0
2026-03-19 12:05:00,188.2651,188.4048,188.0107,188.0257,14984.0
2026-03-19 12:10:00,188.0257,188.0257,187.5268,187.5866,18226.0
2026-03-19 12:15:00,187.5866,187.9957,187.5567,187.8959,16299.0
2026-03-19 12:20:00,187.9009,188.0556,187.7363,188.0057,32455.0
2026-03-19 12:25:00,188.0157,188.335,187.9458,188.1105,16366.0
2026-03-19 12:30:00,188.1454,188.3849,187.9297,188.3749,23627.0
2026-03-19 12:35:00,188.2552,188.2552,187.9359,188.0057,17514.0
2026-03-19 12:40:00,188.0756,188.3649,187.9997,188.335,19760.0
2026-03-19 12:45:00,188.4547,188.5545,188.315,188.4148,17327.0
2026-03-19 12:50:00,188.3649,188.4148,187.891,187.9558,18088.0
2026-03-19 12:55:00,187.9608,188.3949,187.9508,188.2152,25645.0
2026-03-19 13:00:00,188.2352,188.4896,188.1753,188.3949,21182.0
2026-03-19 13:05:00,188.3949,188.6044,188.305,188.4098,30798.0
2026-03-19 13:10:00,188.4348,188.4697,188.2053,188.32,13654.0
2026-03-19 13:15:00,188.32,188.6742,188.2552,188.6643,15781.0
2026-03-19 13:20:00,188.5944,188.6144,188.3549,188.5994,18314.0
2026-03-19 13:25:00,188.5745,188.784,188.5096,188.7141,15569.0
2026-03-19 13:30:00,188.8139,188.8139,188.5146,188.5844,21239.0
2026-03-19 13:35:00,188.5794,188.6942,188.3949,188.3949,16826.0
2026-03-19 13:40:00,188.3949,188.5046,188.345,188.3549,21517.0
2026-03-19 13:45:00,188.4248,188.7141,188.3499,188.6343,30133.0
2026-03-19 13:50:00,188.6643,188.9935,188.6643,188.9312,14510.0
2026-03-19 13:55:00,188.9187,188.9935,188.7341,188.8241,15071.0
2026-03-19 14:00:00,188.7341,188.8239,188.6393,188.6742,19441.0
2026-03-19 14:05:00,188.6593,188.7141,188.3899,188.4847,34042.0
2026-03-19 14:10:00,188.4647,188.8339,188.4647,188.6942,48358.0
2026-03-19 14:15:00,188.7341,188.774,188.4564,188.6094,31569.0
2026-03-19 14:20:00,188.6094,188.7241,188.32,188.4597,47562.0
2026-03-19 14:25:00,188.4388,188.5345,188.2252,188.2252,31288.0
2026-03-19 14:30:00,188.2252,188.345,188.1853,188.2701,29297.0
2026-03-19 14:35:00,188.315,188.3949,188.0606,188.0855,37048.0
2026-03-19 14:40:00,188.0057,188.1155,187.856,188.1155,20704.0
2026-03-19 14:45:00,188.0756,188.5146,188.0756,188.3599,26552.0
2026-03-19 14:50:00,188.3649,188.8339,188.3599,188.8139,17835.0
2026-03-19 14:55:00,188.8189,189.1931,188.794,189.0833,20663.0
2026-03-19 15:00:00,188.9537,189.7119,188.9537,189.682,27916.0
2026-03-19 15:05:00,189.5623,190.7896,189.5623,190.7397,51856.0
2026-03-19 15:10:00,190.615,190.6299,190.0313,190.4453,35649.0
2026-03-19 15:15:00,190.4503,190.4503,189.7718,189.9514,32929.0
2026-03-19 15:20:00,189.8816,190.0013,189.7918,189.8317,24996.0
2026-03-19 15:25:00,189.8317,190.0811,189.7119,189.9514,30969.0
2026-03-19 15:30:00,189.9514,190.151,189.8716,189.9215,31532.0
2026-03-19 15:35:00,189.9764,190.1909,189.7718,190.1909,47965.0
2026-03-19 15:40:00,190.156,190.2408,190.0562,190.0811,25889.0
2026-03-19 15:45:00,190.1011,190.136,189.707,190.0412,58396.0
2026-03-19 15:50:00,190.0712,190.1011,189.7319,189.7818,90513.0
2026-03-19 15:55:00,189.8217,190.2707,189.682,189.692,254962.0
2026-03-20 09:30:00,189.0634,190.8594,189.0634,190.0312,553877.0
2026-03-20 09:35:00,190.0362,190.2108,189.4825,189.7918,55943.0
2026-03-20 09:40:00,189.8067,190.2607,189.5423,190.0362,41610.0
2026-03-20 09:45:00,190.0362,190.121,189.4825,189.6421,22248.0
2026-03-20 09:50:00,189.6421,189.9764,189.3428,189.8965,130963.0
2026-03-20 09:55:00,189.9215,190.0811,189.4326,189.6221,37323.0
2026-03-20 10:00:00,189.5822,189.9015,188.9237,188.9237,33496.0
2026-03-20 10:05:00,188.9137,189.7918,188.9137,189.707,33577.0
2026-03-20 10:10:00,189.702,189.7519,189.1432,189.1432,38282.0
2026-03-20 10:15:00,189.2829,189.3827,188.9935,189.1582,20380.0
2026-03-20 10:20:00,188.9935,189.3827,188.9037,189.2929,15083.0
2026-03-20 10:25:00,189.233,189.672,189.0434,189.6022,20743.0
2026-03-20 10:30:00,189.692,190.3256,189.682,190.3256,18966.0
2026-03-20 10:35:00,190.3106,190.7746,189.9814,190.0712,48474.0
2026-03-20 10:40:00,190.0712,190.2108,189.8816,189.9365,16579.0
2026-03-20 10:45:00,189.9365,190.3356,189.9365,190.2857,15385.0
2026-03-20 10:50:00,190.2857,190.2857,189.8824,189.8824,18845.0
2026-03-20 10:55:00,189.9614,190.1709,189.5822,189.6371,28784.0
2026-03-20 11:00:00,189.6371,189.8467,189.4725,189.672,23576.0
2026-03-20 11:05:00,189.4825,189.9863,189.4825,189.8938,43763.0
2026-03-20 11:10:00,189.9814,190.111,189.8716,189.9913,18604.0
2026-03-20 11:15:00,189.9514,190.3106,189.7818,189.8816,24015.0
2026-03-20 11:20:00,189.9065,190.4204,189.6221,190.0263,28447.0
2026-03-20 11:25:00,190.0412,190.0712,189.5423,189.6521,43590.0
2026-03-20 11:30:00,189.6521,189.8616,189.4226,189.5822,30337.0
2026-03-20 11:35:00,189.5573,189.8067,189.3927,189.4625,21951.0
2026-03-20 11:40:00,189.4126,189.9336,189.3827,189.8067,15963.0
2026-03-20 11:45:00,189.8117,189.8516,189.6371,189.7668,14010.0
2026-03-20 11:50:00,189.6072,189.9115,189.5922,189.8018,17663.0
2026-03-20 11:55:00,189.7668,189.7768,189.5423,189.7668,8421.0
2026-03-20 12:00:00,189.707,189.9215,189.707,189.9215,13914.0
2026-03-20 12:05:00,189.9115,189.9115,189.6621,189.702,15113.0
2026-03-20 12:10:00,189.7219,189.8417,189.5523,189.6521,16690.0
2026-03-20 12:15:00,189.6521,189.8916,189.5822,189.8616,22600.0
2026-03-20 12:20:00,189.8467,189.9814,189.6521,189.692,20155.0
2026-03-20 12:25:00,189.6421,189.7968,189.4924,189.667,24805.0
2026-03-20 12:30:00,189.667,189.672,189.3228,189.672,23042.0
2026-03-20 12:35:00,189.677,189.7518,189.223,189.4725,30330.0
2026-03-20 12:40:00,189.4775,189.6521,189.4326,189.6221,15962.0
2026-03-20 12:45:00,189.6421,189.9215,189.464,189.9015,15317.0
2026-03-20 12:50:00,189.9564,190.0312,189.5523,189.7219,18973.0
2026-03-20 12:55:00,189.7319,189.9863,189.702,189.8616,19991.0
2026-03-20 13:00:00,189.8616,189.9215,189.6491,189.8866,11703.0
2026-03-20 13:05:00,189.8117,189.8217,189.3927,189.8217,25032.0
2026-03-20 13:10:00,189.7519,189.8317,189.5923,189.6321,11409.0
2026-03-20 13:15:00,189.682,190.4852,189.672,190.4204,30843.0
2026-03-20 13:20:00,190.4453,190.6499,190.3605,190.4403,50874.0
2026-03-20 13:25:00,190.3705,190.4403,189.9415,190.3156,34423.0
2026-03-20 13:30:00,190.3281,190.4403,189.9714,190.131,37722.0
2026-03-20 13:35:00,190.131,190.2807,189.8417,190.151,18089.0
2026-03-20 13:40:00,190.151,190.5351,190.141,190.2707,26857.0
2026-03-20 13:45:00,190.3555,190.3555,190.0312,190.1967,24081.0
2026-03-20 13:50:00,190.141,190.3007,190.0412,190.1909,11970.0
2026-03-20 13:55:00,190.1909,190.3705,190.1435,190.2807,21587.0
2026-03-20 14:00:00,190.2807,190.3206,190.0013,190.0312,18102.0
2026-03-20 14:05:00,190.1011,190.2657,189.9863,190.0412,26458.0
2026-03-20 14:10:00,190.0213,190.0362,189.687,189.7519,24796.0
2026-03-20 14:15:00,189.7469,189.7708,189.5124,189.5623,45353.0
2026-03-20 14:20:00,189.5623,189.6321,188.8638,189.1931,48966.0
2026-03-20 14:25:00,189.223,189.4076,188.9636,188.9636,44338.0
2026-03-20 14:30:00,189.1033,189.1931,188.7471,188.9586,31280.0
2026-03-20 14:35:00,188.9736,189.0734,188.9337,188.9985,23902.0
2026-03-20 14:40:00,188.9237,189.1582,188.8015,188.8239,56469.0
2026-03-20 14:45:00,188.799,188.8339,188.2352,188.2951,33328.0
2026-03-20 14:50:00,188.34,188.4847,188.1354,188.1354,34120.0
2026-03-20 14:55:00,188.265,188.3578,188.0456,188.2951,28950.0
2026-03-20 15:00:00,188.325,188.5844,188.2951,188.4123,198176.0
2026-03-20 15:05:00,188.4098,188.4098,188.0756,188.3549,30114.0
2026-03-20 15:10:00,188.2951,188.4248,188.0057,188.325,74512.0
2026-03-20 15:15:00,188.3699,188.3699,187.9658,188.3649,49691.0
2026-03-20 15:20:00,188.3649,188.6443,188.345,188.4248,65284.0
2026-03-20 15:25:00,188.4148,188.5745,188.2751,188.4647,49846.0
2026-03-20 15:30:00,188.4398,188.4398,187.9198,187.9458,73680.0
2026-03-20 15:35:00,187.9957,188.0756,187.5567,187.8161,94837.0
2026-03-20 15:40:00,187.8061,188.1953,187.6094,188.1654,63609.0
2026-03-20 15:45:00,188.1654,188.3849,187.8361,187.856,111552.0
2026-03-20 15:50:00,187.8959,189.3078,187.856,189.3078,128270.0
2026-03-20 15:55:00,189.3078,189.3627,188.7541,188.8738,414661.0
2026-03-23 09:30:00,192.2065,193.324,191.2286,191.2486,66795.0
2026-03-23 09:35:00,191.6427,191.6676,190.3705,191.0789,21935.0
2026-03-23 09:40:00,191.1051,191.2685,190.7784,190.9792,18767.0
2026-03-23 09:45:00,190.8694,192.0867,190.7796,191.8572,36404.0
2026-03-23 09:50:00,191.7975,192.3561,191.7974,191.8822,23071.0
2026-03-23 09:55:00,191.8772,192.0169,191.6177,191.8273,46348.0
2026-03-23 10:00:00,191.8373,192.3761,191.488,191.5479,61428.0
2026-03-23 10:05:00,191.4282,192.0169,191.2735,192.0169,18280.0
2026-03-23 10:10:00,192.0443,192.3861,191.723,192.2464,34114.0
2026-03-23 10:15:00,192.2464,192.5557,192.0368,192.3087,27738.0
2026-03-23 10:20:00,192.1266,192.5706,192.1266,192.3861,48418.0
2026-03-23 10:25:00,192.2963,192.3362,191.5489,191.6976,20685.0
2026-03-23 10:30:00,191.5778,191.5778,190.9442,190.9592,17292.0
2026-03-23 10:35:00,191.0191,191.2136,190.5701,190.7247,21204.0
2026-03-23 10:40:00,190.7347,191.1687,190.7347,190.9742,19261.0
2026-03-23 10:45:00,190.9492,191.4681,190.9442,191.4681,12569.0
2026-03-23 10:50:00,191.4581,191.7174,191.4581,191.7076,14887.0
2026-03-23 10:55:00,191.6227,191.7475,191.3483,191.4581,16849.0
2026-03-23 11:00:00,191.4381,191.6876,191.1787,191.5978,20082.0
2026-03-23 11:05:00,191.6577,191.7433,191.4681,191.5454,20103.0
2026-03-23 11:10:00,191.6277,191.9021,191.5479,191.9021,23450.0
2026-03-23 11:15:00,191.9121,192.1366,191.7425,192.0518,16557.0
2026-03-23 11:20:00,192.0717,192.426,191.9774,192.426,16386.0
2026-03-23 11:25:00,192.2663,192.2663,191.7375,191.7874,21962.0
2026-03-23 11:30:00,191.7924,192.2863,191.7924,191.9869,20417.0
2026-03-23 11:35:00,191.8872,192.0767,191.2985,191.2985,15444.0
2026-03-23 11:40:00,191.2985,191.3384,190.9916,191.1937,12045.0
2026-03-23 11:45:00,191.1662,191.5379,190.9293,191.3982,21070.0
2026-03-23 11:50:00,191.2885,191.4132,190.7397,190.8095,29883.0
2026-03-23 11:55:00,190.7197,190.7796,189.9115,189.9165,11201.0
2026-03-23 12:00:00,190.0512,190.2458,189.7618,190.121,27309.0
2026-03-23 12:05:00,190.3306,190.5152,190.121,190.2607,26287.0
2026-03-23 12:10:00,190.2757,190.2807,189.8717,190.2308,19490.0
2026-03-23 12:15:00,190.0961,190.2607,189.7668,189.9664,33655.0
2026-03-23 12:20:00,189.9664,190.0811,189.6521,189.7918,39357.0
2026-03-23 12:25:00,189.7718,189.7918,189.0634,189.0684,44517.0
2026-03-23 12:30:00,189.0235,189.8217,188.9436,189.8217,39124.0
2026-03-23 12:35:00,189.7369,189.8965,189.672,189.7119,19927.0
2026-03-23 12:40:00,189.672,190.2857,189.672,190.2857,40695.0
2026-03-23 12:45:00,190.2807,190.3206,190.0063,190.0612,15257.0
2026-03-23 12:50:00,190.2009,190.2009,189.682,189.7868,26157.0
2026-03-23 12:55:00,189.7868,189.8816,189.455,189.5473,29503.0
2026-03-23 13:00:00,189.5473,189.8416,189.4625,189.5274,23326.0
2026-03-23 13:05:00,189.4825,189.9514,189.4625,189.9514,22103.0
2026-03-23 13:10:00,189.692,189.9514,189.682,189.8018,13714.0
2026-03-23 13:15:00,189.8067,189.9215,189.7119,189.7119,10809.0
2026-03-23 13:20:00,189.7119,189.8018,189.5323,189.6321,13271.0
2026-03-23 13:25:00,189.6421,189.8267,189.6421,189.7419,10908.0
2026-03-23 13:30:00,189.7419,190.2208,189.672,190.2208,27440.0
2026-03-23 13:35:00,190.3007,190.9492,190.1709,190.7297,31284.0
2026-03-23 13:40:00,190.6898,190.7297,190.193,190.2707,25135.0
2026-03-23 13:45:00,190.2957,190.3705,190.2009,190.3106,23099.0
2026-03-23 13:50:00,190.2508,190.6,190.2425,190.6,32547.0
2026-03-23 13:55:00,190.6,190.8145,190.4503,190.7846,22801.0
2026-03-23 14:00:00,190.7846,190.8775,190.5202,190.6249,18463.0
2026-03-23 14:05:00,190.59,190.59,190.1709,190.3256,23356.0
2026-03-23 14:10:00,190.4304,190.6898,190.3655,190.6299,20380.0
2026-03-23 14:15:00,190.5501,190.7596,190.5002,190.595,24578.0
2026-03-23 14:20:00,190.5102,190.5551,190.2391,190.3655,14563.0
2026-03-23 14:25:00,190.3605,190.4204,190.2108,190.3356,14273.0
2026-03-23 14:30:00,190.4104,191.049,190.4104,191.0141,27781.0
2026-03-23 14:35:00,191.039,191.3184,190.9492,191.0241,30208.0
2026-03-23 14:40:00,191.039,191.039,190.7846,190.8993,22926.0
2026-03-23 14:45:00,190.8894,191.0689,190.8195,190.9293,25484.0
2026-03-23 14:50:00,190.9093,190.9991,190.8295,190.8494,15522.0
2026-03-23 14:55:00,190.8744,190.8794,190.6633,190.7397,33789.0
2026-03-23 15:00:00,190.7297,190.8195,190.59,190.7596,25357.0
2026-03-23 15:05:00,190.7447,190.8095,190.4204,190.5301,28839.0
2026-03-23 15:10:00,190.5252,190.6998,190.5252,190.6998,33031.0
2026-03-23 15:15:00,190.6848,190.7497,190.58,190.7497,34377.0
2026-03-23 15:20:00,190.7497,190.9792,190.6748,190.9792,36577.0
2026-03-23 15:25:00,190.9592,190.9792,190.7896,190.8145,36200.0
2026-03-23 15:30:00,190.7846,190.8395,190.595,190.6,42394.0
2026-03-23 15:35:00,190.6399,190.8544,190.6,190.8395,40397.0
2026-03-23 15:40:00,190.8395,190.9592,190.6898,190.8644,41903.0
2026-03-23 15:45:00,190.9093,191.3284,190.9093,191.049,49306.0
2026-03-23 15:50:00,191.049,191.1687,190.0911,190.0911,111119.0
2026-03-23 15:55:00,190.0911,190.1111,189.5373,189.5822,277859.0
2026-03-24 09:30:00,186.8083,187.8061,185.601,187.3072,57233.0
2026-03-24 09:35:00,187.2773,187.7363,187.2574,187.5268,29130.0
2026-03-24 09:40:00,187.3422,188.1853,187.2773,187.9458,59292.0
2026-03-24 09:45:00,187.9858,188.5844,187.6166,187.7253,49869.0
2026-03-24 09:50:00,187.6714,188.6293,187.6615,188.6243,22236.0
2026-03-24 09:55:00,188.6293,188.9037,188.6044,188.8239,47268.0
2026-03-24 10:00:00,188.764,189.2629,188.6742,189.2031,25789.0
2026-03-24 10:05:00,189.3128,189.8516,188.8738,189.8516,24702.0
2026-03-24 10:10:00,189.8616,190.0213,189.3328,189.5972,30753.0
2026-03-24 10:15:00,189.692,189.692,189.253,189.5074,33301.0
2026-03-24 10:20:00,189.5074,189.5124,189.223,189.3727,17399.0
2026-03-24 10:25:00,189.3777,189.5922,189.1033,189.5323,24373.0
2026-03-24 10:30:00,189.5374,189.9414,189.2629,189.9414,26929.0
2026-03-24 10:35:00,189.7768,189.8179,189.3727,189.5673,27532.0
2026-03-24 10:40:00,189.5623,189.9178,189.3428,189.5772,32273.0
2026-03-24 10:45:00,189.5772,189.9714,189.3328,189.3328,72740.0
2026-03-24 10:50:00,189.4076,190.3007,189.1432,189.7419,44044.0
2026-03-24 10:55:00,189.7519,190.1011,189.5224,189.6521,90387.0
2026-03-24 11:00:00,189.7818,190.3805,189.7818,189.9215,99125.0
2026-03-24 11:05:00,189.9414,190.0412,189.7219,189.8616,37470.0
2026-03-24 11:10:00,189.7269,190.0013,189.6621,189.9315,18665.0
2026-03-24 11:15:00,189.8817,190.121,189.8817,190.0612,17759.0
2026-03-24 11:20:00,190.0612,190.2009,189.9814,190.146,32037.0
2026-03-24 11:25:00,190.141,190.2706,189.9514,190.0113,29647.0
2026-03-24 11:30:00,189.9863,190.2557,189.9215,190.0811,25565.0
2026-03-24 11:35:00,190.1011,190.6798,190.0911,190.5975,42402.0
2026-03-24 11:40:00,190.6698,190.8095,190.61,190.8045,15747.0
2026-03-24 11:45:00,190.7771,190.8993,190.7197,190.8494,15106.0
2026-03-24 11:50:00,190.8494,190.8894,190.7696,190.802,12858.0
2026-03-24 11:55:00,190.8345,190.8345,189.924,189.924,21729.0
2026-03-24 12:00:00,189.9015,189.9714,189.6172,189.8866,24483.0
2026-03-24 12:05:00,189.8916,190.1809,189.7618,190.161,14617.0
2026-03-24 12:10:00,190.1011,190.2907,190.0513,190.2607,11500.0
2026-03-24 12:15:00,190.2508,190.4703,190.1959,190.378,9861.0
2026-03-24 12:20:00,190.3406,190.4403,190.2408,190.2408,12099.0
2026-03-24 12:25:00,190.2408,190.4503,190.161,190.4104,14730.0
2026-03-24 12:30:00,190.4104,190.5661,190.3406,190.3605,17956.0
2026-03-24 12:35:00,190.3106,190.3306,189.9913,190.0812,27228.0
2026-03-24 12:40:00,190.1161,190.7397,190.0512,190.6249,12684.0
2026-03-24 12:45:00,190.6798,190.8445,190.3505,190.3855,28691.0
2026-03-24 12:50:00,190.4104,190.5401,190.3805,190.4703,15896.0
2026-03-24 12:55:00,190.4004,190.4703,190.1011,190.4603,19840.0
2026-03-24 13:00:00,190.4703,190.5463,189.9614,190.0312,22813.0
2026-03-24 13:05:00,189.9414,190.0312,189.8018,190.0163,25140.0
2026-03-24 13:10:00,189.8916,189.9315,189.7918,189.8816,11756.0
2026-03-24 13:15:00,189.8816,189.9414,189.7918,189.8317,8578.0
2026-03-24 13:20:00,189.9215,190.121,189.8516,190.0512,13905.0
2026-03-24 13:25:00,190.0512,190.131,189.9814,190.1111,14926.0
2026-03-24 13:30:00,190.1161,190.3505,189.9265,189.9414,20967.0
2026-03-24 13:35:00,189.8516,189.8516,189.5523,189.8067,50981.0
2026-03-24 13:40:00,189.8067,189.9265,189.6122,189.702,131759.0
2026-03-24 13:45:00,189.6521,189.7718,189.6371,189.7419,13171.0
2026-03-24 13:50:00,189.7319,189.9913,189.5772,189.6321,124152.0
2026-03-24 13:55:00,189.5822,190.3695,189.5275,190.3206,26604.0
2026-03-24 14:00:00,190.4204,190.4728,189.9714,190.2508,25489.0
2026-03-24 14:05:00,190.2059,190.3206,190.0612,190.0612,13629.0
2026-03-24 14:10:00,190.2308,190.2308,189.9814,190.0512,14844.0
2026-03-24 14:15:00,190.0113,190.3206,189.9614,190.2607,26871.0
2026-03-24 14:20:00,190.3007,190.615,190.2108,190.5202,20606.0
2026-03-24 14:25:00,190.4603,190.6199,190.3805,190.5526,23310.0
2026-03-24 14:30:00,190.5651,191.0789,190.4004,190.4154,23119.0
2026-03-24 14:35:00,190.4154,190.9792,190.3705,190.9492,31042.0
2026-03-24 14:40:00,190.9093,190.9093,190.2907,190.4054,37882.0
2026-03-24 14:45:00,190.4054,190.6,190.4054,190.5551,19912.0
2026-03-24 14:50:00,190.6198,190.7347,190.4204,190.585,21395.0
2026-03-24 14:55:00,190.59,190.7896,190.4403,190.6698,22559.0
2026-03-24 15:00:00,190.6199,190.7497,190.5301,190.5301,21545.0
2026-03-24 15:05:00,190.5252,190.585,190.3206,190.5252,46910.0
2026-03-24 15:10:00,190.55,190.55,190.1011,190.3605,32900.0
2026-03-24 15:15:00,190.3406,190.4952,190.0512,190.4403,47062.0
2026-03-24 15:20:00,190.4902,190.4902,190.121,190.121,32562.0
2026-03-24 15:25:00,190.121,190.2308,189.9614,189.9913,31894.0
2026-03-24 15:30:00,189.9714,190.081,189.8516,189.8516,31214.0
2026-03-24 15:35:00,189.8766,189.9714,189.8019,189.8716,43635.0
2026-03-24 15:40:00,189.9015,189.9315,189.5822,189.7469,61942.0
2026-03-24 15:45:00,189.7519,189.8616,189.4924,189.8616,70651.0
2026-03-24 15:50:00,189.8267,189.8317,189.3428,189.3627,124795.0
2026-03-24 15:55:00,189.3727,189.7519,189.1831,189.672,303624.0
2026-03-25 09:30:00,191.3483,192.5357,191.059,191.059,109286.0
2026-03-25 09:35:00,191.069,191.3882,190.6848,190.8894,44633.0
2026-03-25 09:40:00,190.8644,191.1687,190.61,190.7746,45575.0
2026-03-25 09:45:00,190.8694,191.0041,189.4924,189.5772,88203.0
2026-03-25 09:50:00,189.5822,189.9315,188.8938,188.9037,199538.0
2026-03-25 09:55:00,188.794,188.9536,187.6465,188.6643,73874.0
2026-03-25 10:00:00,188.5745,189.4026,188.356,188.6543,76237.0
2026-03-25 10:05:00,188.6343,188.7042,187.422,187.6465,41701.0
2026-03-25 10:10:00,187.6265,187.7363,187.1875,187.5617,37365.0
2026-03-25 10:15:00,187.5068,187.8461,187.3671,187.5717,42181.0
2026-03-25 10:20:00,187.5717,187.8461,187.3072,187.3721,28052.0
2026-03-25 10:25:00,187.4569,187.9359,187.4469,187.4669,28429.0
2026-03-25 10:30:00,187.5567,188.0631,187.4769,188.0406,31843.0
2026-03-25 10:35:00,188.0456,188.0456,187.417,187.5966,21427.0
2026-03-25 10:40:00,187.5417,187.9359,187.4669,187.6365,27744.0
2026-03-25 10:45:00,187.6415,187.8261,187.5467,187.7862,26082.0
2026-03-25 10:50:00,187.7463,187.9558,187.6166,187.6315,25511.0
2026-03-25 10:55:00,187.6764,187.9658,187.6764,187.7962,29514.0
2026-03-25 11:00:00,187.8461,188.0057,187.7064,187.9284,19888.0
2026-03-25 11:05:00,187.876,187.876,187.0378,187.0778,43958.0
2026-03-25 11:10:00,187.1177,187.1177,185.5411,185.813,55419.0
2026-03-25 11:15:00,185.8155,186.2296,184.5832,184.8377,70554.0
2026-03-25 11:20:00,184.9474,185.5112,184.713,185.3416,100503.0
2026-03-25 11:25:00,185.3466,186.07,185.172,186.0201,67310.0
2026-03-25 11:30:00,186.0251,186.3454,185.9203,186.1498,37243.0
2026-03-25 11:35:00,186.1398,186.1498,185.4713,185.5212,38328.0
2026-03-25 11:40:00,185.5811,185.596,185.0921,185.2867,32446.0
2026-03-25 11:45:00,185.2817,185.7507,185.2418,185.591,19796.0
2026-03-25 11:50:00,185.6758,185.8805,185.601,185.6509,37368.0
2026-03-25 11:55:00,185.7058,186.04,185.2817,185.9702,48814.0
2026-03-25 12:00:00,185.9003,186.1199,185.7706,185.9702,20859.0
2026-03-25 12:05:00,185.9602,186.1498,185.7806,185.9403,30837.0
2026-03-25 12:10:00,186.0101,186.3593,185.7407,186.2097,40626.0
2026-03-25 12:15:00,186.2845,186.4541,186.0475,186.0899,33344.0
2026-03-25 12:20:00,186.0999,186.4691,186.0101,186.4691,35155.0
2026-03-25 12:25:00,186.529,186.6886,186.4192,186.5589,17630.0
2026-03-25 12:30:00,186.5888,186.7684,186.4192,186.7684,21463.0
2026-03-25 12:35:00,186.7984,186.8732,186.509,186.529,23998.0
2026-03-25 12:40:00,186.534,186.5988,186.3494,186.4841,17453.0
2026-03-25 12:45:00,186.4841,186.6587,186.3494,186.3593,20257.0
2026-03-25 12:50:00,186.4292,187.1077,186.3543,187.1077,16406.0
2026-03-25 12:55:00,187.1077,187.1775,186.958,187.0877,17503.0
2026-03-25 13:00:00,187.0877,187.2474,186.6487,186.6886,38980.0
2026-03-25 13:05:00,186.6886,186.7086,186.3793,186.4691,31375.0
2026-03-25 13:10:00,186.3743,186.8183,186.3494,186.7734,18077.0
2026-03-25 13:15:00,186.6886,186.8582,186.6786,186.7634,15392.0
2026-03-25 13:20:00,186.6886,186.9281,186.6886,186.7884,11006.0
2026-03-25 13:25:00,186.8333,187.0179,186.7984,186.9381,16397.0
2026-03-25 13:30:00,186.983,187.1376,186.9181,187.0528,20638.0
2026-03-25 13:35:00,187.0528,187.3072,187.0528,187.2224,16542.0
2026-03-25 13:40:00,187.2224,187.4769,187.1676,187.2474,20819.0
2026-03-25 13:45:00,187.1177,187.1276,186.8183,186.8183,15097.0
2026-03-25 13:50:00,186.7784,186.8682,186.3693,186.4192,19390.0
2026-03-25 13:55:00,186.4092,186.7585,186.3094,186.3992,20489.0
2026-03-25 14:00:00,186.3943,186.519,186.1498,186.514,17413.0
2026-03-25 14:05:00,186.4891,186.7036,186.3992,186.524,42742.0
2026-03-25 14:10:00,186.4292,186.499,186.1698,186.2795,26256.0
2026-03-25 14:15:00,186.2196,186.4491,186.1599,186.1797,29257.0
2026-03-25 14:20:00,186.2196,186.3394,186.1548,186.2396,36235.0
2026-03-25 14:25:00,186.2396,186.3394,186.0899,186.2695,34569.0
2026-03-25 14:30:00,186.2695,186.4392,186.1997,186.2097,37924.0
2026-03-25 14:35:00,186.2296,186.4192,186.1498,186.2396,36634.0
2026-03-25 14:40:00,186.1897,186.4392,186.1897,186.3992,47814.0
2026-03-25 14:45:00,186.2895,186.6487,186.2795,186.5489,77433.0
2026-03-25 14:50:00,186.509,186.5888,186.3693,186.504,58022.0
2026-03-25 14:55:00,186.4791,186.499,186.1997,186.3045,60854.0
2026-03-25 15:00:00,186.3793,186.4591,186.1348,186.2995,31477.0
2026-03-25 15:05:00,186.2995,186.3893,186.0849,186.3893,29334.0
2026-03-25 15:10:00,186.4292,186.4392,186.2196,186.3094,28533.0
2026-03-25 15:15:00,186.3094,186.7086,186.2246,186.5439,65678.0
2026-03-25 15:20:00,186.5439,186.8283,186.514,186.7485,34137.0
2026-03-25 15:25:00,186.7684,186.8383,186.5789,186.5789,44187.0
2026-03-25 15:30:00,186.5988,186.9281,186.5389,186.8283,68420.0
2026-03-25 15:35:00,186.8283,187.0768,186.7485,186.9281,68345.0
2026-03-25 15:40:00,186.953,187.2055,186.9081,186.9281,51957.0
2026-03-25 15:45:00,186.9381,187.0329,186.7385,186.7385,99763.0
2026-03-25 15:50:00,186.7485,187.2773,186.7385,187.0279,147087.0
2026-03-25 15:55:00,187.0378,187.2264,186.5689,186.7385,348553.0
2026-03-26 09:30:00,185.1021,186.4641,185.0921,185.8804,45769.0
2026-03-26 09:35:00,186.0051,186.5888,186.0051,186.1698,18528.0
2026-03-26 09:40:00,186.3603,187.0129,186.3144,186.8732,21181.0
2026-03-26 09:45:00,187.0578,187.6764,187.0578,187.6315,13796.0
2026-03-26 09:50:00,187.5467,188.2352,187.5467,188.1554,33270.0
2026-03-26 09:55:00,188.0656,188.2252,187.8361,188.1654,48890.0
2026-03-26 10:00:00,188.0805,188.2452,187.6964,187.7313,38942.0
2026-03-26 10:05:00,187.7563,187.9458,187.5567,187.6166,35074.0
2026-03-26 10:10:00,187.6066,187.8311,187.4469,187.6964,24499.0
2026-03-26 10:15:00,187.6465,187.8461,187.4674,187.5268,61177.0
2026-03-26 10:20:00,187.4619,187.5667,187.3336,187.5667,14359.0
2026-03-26 10:25:00,187.4918,187.6665,187.3871,187.6665,17494.0
2026-03-26 10:30:00,187.6565,187.9758,187.6565,187.9059,22975.0
2026-03-26 10:35:00,187.886,187.9758,187.1975,187.2973,30329.0
2026-03-26 10:40:00,187.417,187.7163,186.9881,187.2623,30536.0
2026-03-26 10:45:00,187.2623,187.442,187.1177,187.2823,32267.0
2026-03-26 10:50:00,187.3671,187.4469,186.968,187.0079,40456.0
2026-03-26 10:55:00,187.0079,187.2673,186.8782,187.2673,42842.0
2026-03-26 11:00:00,187.2873,187.437,187.0877,187.1426,32906.0
2026-03-26 11:05:00,187.1426,187.397,187.1376,187.397,29092.0
2026-03-26 11:10:00,187.407,187.5068,187.402,187.5018,33817.0
2026-03-26 11:15:00,187.4669,187.5467,187.2673,187.4669,19665.0
2026-03-26 11:20:00,187.5866,187.6565,187.4968,187.5866,22654.0
2026-03-26 11:25:00,187.5866,187.6565,187.4569,187.4569,55335.0
2026-03-26 11:30:00,187.417,187.7114,187.407,187.6166,19596.0
2026-03-26 11:35:00,187.6764,187.886,187.6764,187.876,14094.0
2026-03-26 11:40:00,187.876,187.876,187.5667,187.6465,26798.0
2026-03-26 11:45:00,187.6565,187.851,187.4869,187.7662,25552.0
2026-03-26 11:50:00,187.7612,187.7662,187.5567,187.6764,18837.0
2026-03-26 11:55:00,187.6565,187.8261,187.5866,187.8061,41149.0
2026-03-26 12:00:00,187.8012,187.856,187.5866,187.6066,29822.0
2026-03-26 12:05:00,187.7064,188.0207,187.6066,188.0057,10992.0
2026-03-26 12:10:00,187.9858,188.0756,187.9259,188.0157,14209.0
2026-03-26 12:15:00,188.0356,188.0356,187.5767,187.7762,32440.0
2026-03-26 12:20:00,187.8461,187.8461,187.6964,187.7962,17938.0
2026-03-26 12:25:00,187.7363,187.7363,187.4569,187.4968,23289.0
2026-03-26 12:30:00,187.5767,187.6066,187.3172,187.5767,30007.0
2026-03-26 12:35:00,187.6016,187.6465,187.4869,187.5467,39598.0
2026-03-26 12:40:00,187.5767,187.6763,187.5367,187.6415,17804.0
2026-03-26 12:45:00,187.6565,187.7962,187.5467,187.7962,24134.0
2026-03-26 12:50:00,187.8111,187.9409,187.7862,187.866,20856.0
2026-03-26 12:55:00,187.881,188.0257,187.8261,187.9957,15427.0
2026-03-26 13:00:00,188.0556,188.2951,188.0158,188.0556,31776.0
2026-03-26 13:05:00,188.0955,188.1953,188.0556,188.118,16485.0
2026-03-26 13:10:00,188.0656,188.0855,187.7463,187.7662,23549.0
2026-03-26 13:15:00,187.6964,187.7762,187.5866,187.6764,14703.0
2026-03-26 13:20:00,187.6764,187.7463,187.528,187.6964,33205.0
2026-03-26 13:25:00,187.6964,187.862,187.6365,187.8111,37455.0
2026-03-26 13:30:00,187.7862,187.921,187.6166,187.851,25495.0
2026-03-26 13:35:00,187.9059,188.0157,187.7263,187.7513,23282.0
2026-03-26 13:40:00,187.7263,187.7363,187.6166,187.6166,21384.0
2026-03-26 13:45:00,187.6066,187.861,187.5667,187.7463,29279.0
2026-03-26 13:50:00,187.7612,188.1354,187.6914,188.1354,21941.0
2026-03-26 13:55:00,188.1604,188.2751,188.0406,188.0957,23790.0
2026-03-26 14:00:00,188.1654,188.2851,187.886,188.0606,45263.0
2026-03-26 14:05:00,188.0656,188.4148,188.0608,188.315,21048.0
2026-03-26 14:10:00,188.315,188.315,187.9858,188.1654,22168.0
2026-03-26 14:15:00,188.1454,188.2452,188.0057,188.2452,19411.0
2026-03-26 14:20:00,188.2552,188.2951,188.0855,188.2252,30551.0
2026-03-26 14:25:00,188.1753,188.2552,187.9259,188.1953,45798.0
2026-03-26 14:30:00,188.2003,188.2951,188.1953,188.1953,20229.0
2026-03-26 14:35:00,188.1853,188.325,188.1853,188.2601,11861.0
2026-03-26 14:40:00,188.2601,188.315,188.0057,188.0356,72581.0
2026-03-26 14:45:00,188.0406,188.1155,187.7862,187.7962,35491.0
2026-03-26 14:50:00,187.8361,188.1054,187.7064,188.1054,57301.0
2026-03-26 14:55:00,187.9746,188.2152,187.9514,188.1953,29787.0
2026-03-26 15:00:00,188.1853,188.335,187.9758,188.0406,29866.0
2026-03-26 15:05:00,188.0307,188.2651,187.9858,188.2252,33656.0
2026-03-26 15:10:00,188.1753,188.2103,187.6465,187.6764,33811.0
2026-03-26 15:15:00,187.6465,187.7962,187.5966,187.7213,29103.0
2026-03-26 15:20:00,187.7213,187.7213,187.5816,187.6864,30499.0
2026-03-26 15:25:00,187.6515,187.6964,187.5617,187.6615,58310.0
2026-03-26 15:30:00,187.6465,187.6665,187.3721,187.6116,55758.0
2026-03-26 15:35:00,187.624,187.7463,187.5567,187.5941,54082.0
2026-03-26 15:40:00,187.5667,187.6315,187.1276,187.2673,83552.0
2026-03-26 15:45:00,187.2673,187.7014,187.2673,187.4869,63324.0
2026-03-26 15:50:00,187.4819,187.6265,187.1376,187.2324,114953.0
2026-03-26 15:55:00,187.2324,188.0157,187.2274,187.6066,508731.0
2026-03-27 09:30:00,184.73,186.005,182.636,185.78,182298.0
2026-03-27 09:35:00,185.6,185.73,184.63,185.105,43872.0
2026-03-27 09:40:00,185.03,185.32,184.6,184.83,40883.0
2026-03-27 09:45:00,184.76,185.04,184.38,184.6,25499.0
2026-03-27 09:50:00,184.69,184.69,184.14,184.3175,37009.0
2026-03-27 09:55:00,184.27,184.42,184.04,184.2501,20364.0
2026-03-27 10:00:00,184.335,184.35,183.2,183.23,70324.0
2026-03-27 10:05:00,183.12,183.12,181.12,181.4,117138.0
2026-03-27 10:10:00,181.48,182.585,181.385,182.35,147771.0
2026-03-27 10:15:00,182.43,183.0388,182.43,182.86,35759.0
2026-03-27 10:20:00,182.94,183.38,182.73,183.03,24229.0
2026-03-27 10:25:00,183.13,183.54,183.04,183.34,30932.0
2026-03-27 10:30:00,183.3275,183.64,182.925,183.315,35757.0
2026-03-27 10:35:00,183.22,183.4699,182.95,183.16,24625.0
2026-03-27 10:40:00,183.24,183.51,183.2,183.43,13855.0
2026-03-27 10:45:00,183.43,183.47,183.02,183.46,25857.0
2026-03-27 10:50:00,183.34,183.6399,183.31,183.42,15739.0
2026-03-27 10:55:00,183.5,183.805,183.39,183.65,18940.0
2026-03-27 11:00:00,183.56,183.89,183.56,183.875,19137.0
2026-03-27 11:05:00,183.855,184.19,183.595,183.615,34352.0
2026-03-27 11:10:00,183.6175,183.99,183.485,183.78,48005.0
2026-03-27 11:15:00,183.7927,184.15,183.7927,184.0025,130738.0
2026-03-27 11:20:00,184.0,184.6,183.79,184.1,56801.0
2026-03-27 11:25:00,184.105,184.14,183.77,183.9691,51377.0
2026-03-27 11:30:00,184.05,184.235,183.94,183.94,57437.0
2026-03-27 11:35:00,183.915,184.075,183.55,183.89,55631.0
2026-03-27 11:40:00,183.93,183.955,183.57,183.695,77357.0
2026-03-27 11:45:00,183.675,184.0,183.61,183.685,38859.0
2026-03-27 11:50:00,183.62,183.84,183.58,183.68,29228.0
2026-03-27 11:55:00,183.7,183.76,183.08,183.22,72525.0
2026-03-27 12:00:00,183.205,183.22,183.01,183.1,35738.0
2026-03-27 12:05:00,183.1,183.17,182.81,182.825,50723.0
2026-03-27 12:10:00,182.86,182.92,182.56,182.56,51267.0
2026-03-27 12:15:00,182.62,183.24,182.6,183.2,27134.0
2026-03-27 12:20:00,183.2,183.55,183.1501,183.185,33893.0
2026-03-27 12:25:00,183.15,183.25,182.955,183.13,25861.0
2026-03-27 12:30:00,183.135,183.44,183.13,183.43,38655.0
2026-03-27 12:35:00,183.4906,183.52,183.28,183.29,23478.0
2026-03-27 12:40:00,183.275,183.28,182.9104,183.0425,36256.0
2026-03-27 12:45:00,183.05,183.365,183.05,183.1716,27273.0
2026-03-27 12:50:00,183.2,183.42,182.9309,182.96,24486.0
2026-03-27 12:55:00,182.92,182.99,182.715,182.76,21297.0
2026-03-27 13:00:00,182.75,183.15,182.6201,183.11,48237.0
2026-03-27 13:05:00,183.16,183.575,182.945,183.075,55045.0
2026-03-27 13:10:00,183.01,183.075,182.715,182.75,28006.0
2026-03-27 13:15:00,182.755,182.83,182.55,182.75,21393.0
2026-03-27 13:20:00,182.78,183.03,182.7301,183.03,30907.0
2026-03-27 13:25:00,182.99,183.0,182.81,182.81,27935.0
2026-03-27 13:30:00,182.84,183.12,182.735,183.07,36548.0
2026-03-27 13:35:00,183.053,183.13,182.72,182.795,35779.0
2026-03-27 13:40:00,182.86,182.96,182.76,182.81,33100.0
2026-03-27 13:45:00,182.83,182.83,182.61,182.82,27159.0
2026-03-27 13:50:00,182.7851,182.84,182.685,182.7375,17624.0
2026-03-27 13:55:00,182.76,182.895,182.73,182.815,26121.0
2026-03-27 14:00:00,182.7675,182.77,181.96,181.965,44084.0
2026-03-27 14:05:00,181.99,182.295,181.97,182.195,22134.0
2026-03-27 14:10:00,182.195,182.28,181.8,181.97,26292.0
2026-03-27 14:15:00,181.89,182.15,181.89,182.15,16171.0
2026-03-27 14:20:00,182.155,182.3,181.68,181.865,68159.0
2026-03-27 14:25:00,181.865,181.8899,181.5938,181.62,25275.0
2026-03-27 14:30:00,181.685,181.88,181.596,181.76,25699.0
2026-03-27 14:35:00,181.755,182.1099,181.7525,181.91,21548.0
2026-03-27 14:40:00,181.985,182.24,181.97,182.095,84497.0
2026-03-27 14:45:00,182.04,182.27,181.875,181.915,53373.0
2026-03-27 14:50:00,181.92,182.24,181.91,182.145,54716.0
2026-03-27 14:55:00,182.09,182.29,181.7175,181.72,47463.0
2026-03-27 15:00:00,181.73,182.205,181.62,181.63,62379.0
2026-03-27 15:05:00,181.63,181.665,181.34,181.365,42437.0
2026-03-27 15:10:00,181.34,181.5287,181.2714,181.43,35027.0
2026-03-27 15:15:00,181.4,181.63,181.32,181.385,74422.0
2026-03-27 15:20:00,181.346,181.52,181.01,181.492,68542.0
2026-03-27 15:25:00,181.5,181.5,181.33,181.405,48888.0
2026-03-27 15:30:00,181.405,182.01,181.405,181.99,78646.0
2026-03-27 15:35:00,181.97,181.97,181.537,181.57,50777.0
2026-03-27 15:40:00,181.53,181.61,181.24,181.48,101633.0
2026-03-27 15:45:00,181.49,181.5,181.06,181.3822,137717.0
2026-03-27 15:50:00,181.36,181.56,181.1,181.5,189395.0
2026-03-27 15:55:00,181.52,182.0,181.46,181.51,413146.0
2026-03-30 09:30:00,183.62,184.55,181.75,184.24,82434.0
2026-03-30 09:35:00,184.14,184.67,183.5701,184.42,20607.0
2026-03-30 09:40:00,184.42,184.47,183.94,184.16,35038.0
2026-03-30 09:45:00,184.37,184.81,184.0525,184.2,42297.0
2026-03-30 09:50:00,184.135,184.53,183.825,184.45,20906.0
2026-03-30 09:55:00,184.24,184.47,183.97,184.26,19275.0
2026-03-30 10:00:00,184.2,184.89,184.2,184.4001,34888.0
2026-03-30 10:05:00,184.6225,184.67,184.045,184.35,19914.0
2026-03-30 10:10:00,184.43,184.6651,184.23,184.3565,20100.0
2026-03-30 10:15:00,183.9,184.2699,183.763,184.07,39478.0
2026-03-30 10:20:00,184.07,184.72,184.07,184.62,20674.0
2026-03-30 10:25:00,184.535,184.74,184.3979,184.51,11122.0
2026-03-30 10:30:00,184.46,184.62,184.27,184.365,22596.0
2026-03-30 10:35:00,184.5,184.66,184.24,184.535,23802.0
2026-03-30 10:40:00,184.48,184.68,184.2501,184.53,11386.0
2026-03-30 10:45:00,184.65,184.84,184.29,184.52,37379.0
2026-03-30 10:50:00,184.46,184.74,184.42,184.64,14865.0
2026-03-30 10:55:00,184.685,185.32,184.4943,185.12,28608.0
2026-03-30 11:00:00,185.16,185.6,185.12,185.5597,50709.0
2026-03-30 11:05:00,185.53,185.73,184.72,184.79,42672.0
2026-03-30 11:10:00,184.88,185.3,184.7,185.03,29218.0
2026-03-30 11:15:00,185.01,185.39,184.96,185.39,28598.0
2026-03-30 11:20:00,185.345,185.6,185.26,185.53,37352.0
2026-03-30 11:25:00,185.53,185.58,184.9901,185.1,110047.0
2026-03-30 11:30:00,185.1,185.2,184.46,184.62,140614.0
2026-03-30 11:35:00,184.7,185.06,184.58,184.99,51302.0
2026-03-30 11:40:00,184.9525,185.0362,184.71,184.96,17753.0
2026-03-30 11:45:00,184.925,185.065,184.915,185.01,20797.0
2026-03-30 11:50:00,185.01,185.21,184.955,185.195,11570.0
2026-03-30 11:55:00,185.11,185.3625,185.09,185.34,13000.0
2026-03-30 12:00:00,185.395,185.395,185.155,185.2,22867.0
2026-03-30 12:05:00,185.2,185.32,185.1101,185.26,11471.0
2026-03-30 12:10:00,185.26,185.635,185.26,185.6,14481.0
2026-03-30 12:15:00,185.62,185.62,185.2859,185.39,14577.0
2026-03-30 12:20:00,185.4,185.6009,185.365,185.44,15191.0
2026-03-30 12:25:00,185.435,185.445,185.295,185.385,9089.0
2026-03-30 12:30:00,185.44,185.59,185.34,185.51,9934.0
2026-03-30 12:35:00,185.535,185.56,185.335,185.36,57147.0
2026-03-30 12:40:00,185.31,185.37,184.94,185.125,37050.0
2026-03-30 12:45:00,185.12,185.21,184.9725,185.175,30878.0
2026-03-30 12:50:00,185.15,185.16,184.45,184.49,75447.0
2026-03-30 12:55:00,184.485,184.67,184.485,184.625,13844.0
2026-03-30 13:00:00,184.7,184.895,183.92,184.075,96107.0
2026-03-30 13:05:00,184.085,184.4125,184.0425,184.4125,11656.0
2026-03-30 13:10:00,184.385,184.44,183.92,183.92,67009.0
2026-03-30 13:15:00,183.98,184.09,183.605,183.7,126779.0
2026-03-30 13:20:00,183.725,183.755,183.335,183.475,23293.0
2026-03-30 13:25:00,183.45,183.58,183.34,183.44,15769.0
2026-03-30 13:30:00,183.44,183.55,183.2008,183.54,61215.0
2026-03-30 13:35:00,183.535,183.5999,183.375,183.52,22906.0
2026-03-30 13:40:00,183.5,183.62,183.42,183.59,22172.0
2026-03-30 13:45:00,183.555,183.555,182.96,183.06,72336.0
2026-03-30 13:50:00,183.04,183.21,182.88,183.1575,46796.0
2026-03-30 13:55:00,183.15,183.27,183.13,183.255,16636.0
2026-03-30 14:00:00,183.31,183.37,183.0618,183.15,67688.0
2026-03-30 14:05:00,183.1705,183.1705,182.89,182.89,31725.0
2026-03-30 14:10:00,182.945,183.02,182.76,183.0,45719.0
2026-03-30 14:15:00,182.945,183.19,182.85,183.19,61727.0
2026-03-30 14:20:00,183.19,183.19,182.86,182.87,22284.0
2026-03-30 14:25:00,182.89,182.91,182.74,182.78,27059.0
2026-03-30 14:30:00,182.78,182.91,182.65,182.82,39991.0
2026-03-30 14:35:00,182.815,183.135,182.76,183.01,23745.0
2026-03-30 14:40:00,183.01,183.22,183.0,183.15,26182.0
2026-03-30 14:45:00,183.21,183.475,183.21,183.35,23853.0
2026-03-30 14:50:00,183.35,183.3704,183.06,183.09,27009.0
2026-03-30 14:55:00,183.09,183.48,183.09,183.45,33531.0
2026-03-30 15:00:00,183.41,183.6779,183.335,183.565,30421.0
2026-03-30 15:05:00,183.565,183.58,183.165,183.165,34829.0
2026-03-30 15:10:00,183.19,183.3699,182.96,183.245,46860.0
2026-03-30 15:15:00,183.295,183.35,183.16,183.24,25569.0
2026-03-30 15:20:00,183.255,183.425,183.12,183.24,58895.0
2026-03-30 15:25:00,183.235,183.37,183.125,183.22,48258.0
2026-03-30 15:30:00,183.22,183.345,183.105,183.285,32165.0
2026-03-30 15:35:00,183.34,183.585,183.28,183.445,45288.0
2026-03-30 15:40:00,183.45,183.675,183.36,183.51,60753.0
2026-03-30 15:45:00,183.5,184.01,183.44,183.92,73739.0
2026-03-30 15:50:00,183.96,184.23,183.83,184.19,118720.0
2026-03-30 15:55:00,184.18,184.28,183.8,183.95,263955.0
2026-03-31 09:30:00,186.77,187.17,185.72,186.21,77276.0
2026-03-31 09:35:00,186.22,186.88,186.11,186.82,51711.0
2026-03-31 09:40:00,186.7825,187.28,186.69,186.9085,38493.0
2026-03-31 09:45:00,186.91,187.28,186.585,186.94,57701.0
2026-03-31 09:50:00,186.97,187.495,186.71,187.49,35276.0
2026-03-31 09:55:00,187.5,188.0,187.44,187.77,37888.0
2026-03-31 10:00:00,187.88,188.2,187.75,187.94,63549.0
2026-03-31 10:05:00,188.0,188.45,187.72,188.235,79031.0
2026-03-31 10:10:00,188.26,188.595,188.06,188.255,93788.0
2026-03-31 10:15:00,188.33,188.53,188.11,188.425,53598.0
2026-03-31 10:20:00,188.43,188.43,187.5264,188.28,23235.0
2026-03-31 10:25:00,188.33,188.33,188.11,188.25,13787.0
2026-03-31 10:30:00,188.255,188.42,187.69,187.89,24830.0
2026-03-31 10:35:00,187.875,188.13,187.06,187.235,63351.0
2026-03-31 10:40:00,187.23,187.37,186.8116,187.01,55755.0
2026-03-31 10:45:00,187.01,187.09,186.505,186.58,57064.0
2026-03-31 10:50:00,186.58,186.74,185.38,185.605,32729.0
2026-03-31 10:55:00,185.605,186.455,185.46,186.445,41198.0
2026-03-31 11:00:00,186.57,187.095,186.43,187.095,14373.0
2026-03-31 11:05:00,187.095,187.633,186.95,187.5375,20751.0
2026-03-31 11:10:00,187.565,188.01,187.43,187.86,47779.0
2026-03-31 11:15:00,187.99,188.09,187.7901,187.96,32974.0
2026-03-31 11:20:00,187.96,188.22,187.8,188.195,26830.0
2026-03-31 11:25:00,188.195,188.215,187.53,187.76,38536.0
2026-03-31 11:30:00,187.71,187.715,187.33,187.555,31397.0
2026-03-31 11:35:00,187.63,187.82,187.41,187.47,28413.0
2026-03-31 11:40:00,187.49,187.57,187.41,187.48,34778.0
2026-03-31 11:45:00,187.47,187.64,187.47,187.605,22494.0
2026-03-31 11:50:00,187.605,187.95,187.605,187.68,18061.0
2026-03-31 11:55:00,187.74,187.75,187.51,187.59,18095.0
2026-03-31 12:00:00,187.6129,187.87,187.38,187.49,33269.0
2026-03-31 12:05:00,187.51,187.86,187.51,187.81,37512.0
2026-03-31 12:10:00,187.8884,187.895,187.55,187.67,15399.0
2026-03-31 12:15:00,187.72,187.81,187.38,187.42,27018.0
2026-03-31 12:20:00,187.38,187.57,187.06,187.415,80503.0
2026-03-31 12:25:00,187.4375,187.745,187.14,187.23,41756.0
2026-03-31 12:30:00,187.245,187.245,186.9499,187.04,12748.0
2026-03-31 12:35:00,187.06,187.695,187.03,187.695,24926.0
2026-03-31 12:40:00,187.87,190.45,187.87,189.115,58181.0
2026-03-31 12:45:00,188.82,189.15,187.86,188.53,54264.0
2026-03-31 12:50:00,188.58,188.93,188.445,188.56,23162.0
2026-03-31 12:55:00,188.48,188.8522,188.24,188.78,42440.0
2026-03-31 13:00:00,188.8,189.39,188.72,189.33,35049.0
2026-03-31 13:05:00,189.26,189.26,188.83,188.83,17290.0
2026-03-31 13:10:00,188.8,188.95,188.69,188.86,26879.0
2026-03-31 13:15:00,188.9488,189.284,188.94,189.25,20745.0
2026-03-31 13:20:00,189.255,189.315,189.0601,189.225,22709.0
2026-03-31 13:25:00,189.2,189.27,189.035,189.045,38572.0
2026-03-31 13:30:00,189.07,189.235,188.87,189.235,29664.0
2026-03-31 13:35:00,189.2,189.425,188.965,189.0325,45574.0
2026-03-31 13:40:00,188.985,189.315,188.985,189.28,21463.0
2026-03-31 13:45:00,189.2425,189.76,189.23,189.67,23339.0
2026-03-31 13:50:00,189.68,189.68,189.18,189.2523,70285.0
2026-03-31 13:55:00,189.2975,189.325,189.12,189.265,56118.0
2026-03-31 14:00:00,189.22,189.5,189.085,189.085,22188.0
2026-03-31 14:05:00,189.085,189.61,189.085,189.51,30231.0
2026-03-31 14:10:00,189.4201,189.4451,188.84,189.355,33125.0
2026-03-31 14:15:00,189.28,189.38,189.03,189.33,36982.0
2026-03-31 14:20:00,189.36,189.42,188.99,188.99,25743.0
2026-03-31 14:25:00,188.91,189.31,188.9,189.165,18203.0
2026-03-31 14:30:00,189.16,189.16,188.73,188.8025,41022.0
2026-03-31 14:35:00,188.89,189.225,188.86,189.1625,14363.0
2026-03-31 14:40:00,189.1375,189.24,188.91,189.075,26336.0
2026-03-31 14:45:00,189.065,189.27,189.01,189.15,21955.0
2026-03-31 14:50:00,189.17,189.33,188.96,188.99,55405.0
2026-03-31 14:55:00,189.06,189.32,188.9002,189.21,44816.0
2026-03-31 15:00:00,189.21,189.53,189.12,189.51,32189.0
2026-03-31 15:05:00,189.46,189.5,189.2,189.26,44753.0
2026-03-31 15:10:00,189.26,189.56,189.245,189.47,31394.0
2026-03-31 15:15:00,189.53,189.665,189.375,189.56,28361.0
2026-03-31 15:20:00,189.56,189.675,189.44,189.465,38250.0
2026-03-31 15:25:00,189.465,189.54,189.37,189.49,43122.0
2026-03-31 15:30:00,189.49,189.605,189.12,189.15,107639.0
2026-03-31 15:35:00,189.15,189.745,189.15,189.745,63177.0
2026-03-31 15:40:00,189.73,189.79,189.36,189.445,76615.0
2026-03-31 15:45:00,189.44,189.84,189.31,189.84,79141.0
2026-03-31 15:50:00,189.85,189.955,188.98,189.03,151301.0
2026-03-31 15:55:00,188.98,189.6,188.92,189.52,428387.0
