datetime,open,high,low,close,volume
2026-03-02 09:30:00,360.7187,362.2216,358.3002,359.0914,62314.0
2026-03-02 09:35:00,358.9073,361.4253,357.9772,359.1213,29336.0
2026-03-02 09:40:00,359.0553,359.4945,357.4741,358.3681,22052.0
2026-03-02 09:45:00,358.0912,358.6834,357.5537,358.4097,29575.0
2026-03-02 09:50:00,358.9571,361.0748,358.9471,360.8481,18805.0
2026-03-02 09:55:00,360.5893,361.7339,359.9026,361.3358,12838.0
2026-03-02 10:00:00,361.2561,362.5998,360.3803,361.6244,24696.0
2026-03-02 10:05:00,361.8235,361.9628,360.9277,361.4353,12989.0
2026-03-02 10:10:00,361.913,362.8984,361.4353,362.6844,19536.0
2026-03-02 10:15:00,362.8785,363.2467,361.3756,362.4455,17114.0
2026-03-02 10:20:00,362.4206,362.56,361.1964,361.1964,11258.0
2026-03-02 10:25:00,361.2063,361.9727,360.649,360.9675,9875.0
2026-03-02 10:30:00,360.9625,361.2552,359.594,359.7035,7820.0
2026-03-02 10:35:00,359.4796,359.6338,358.8277,359.6338,13161.0
2026-03-02 10:40:00,359.4398,360.1315,359.3353,360.0917,11926.0
2026-03-02 10:45:00,360.3206,360.6789,359.8927,360.226,11610.0
2026-03-02 10:50:00,360.45,361.1367,359.2805,359.4348,14097.0
2026-03-02 10:55:00,359.4348,361.3905,359.4348,361.2064,23161.0
2026-03-02 11:00:00,361.0571,361.3855,360.236,360.4102,38084.0
2026-03-02 11:05:00,360.44,361.1367,360.2211,360.7087,20436.0
2026-03-02 11:10:00,360.8829,360.9974,360.2211,360.5794,22557.0
2026-03-02 11:15:00,360.5744,361.6891,360.3504,361.0571,17104.0
2026-03-02 11:20:00,361.2163,361.4253,360.2907,360.2907,11114.0
2026-03-02 11:25:00,360.3007,360.4599,359.2955,359.6637,10425.0
2026-03-02 11:30:00,359.9324,360.2858,359.405,359.803,10254.0
2026-03-02 11:35:00,359.604,359.9424,358.972,359.7533,14333.0
2026-03-02 11:40:00,359.7483,360.4798,359.7412,360.4301,7423.0
2026-03-02 11:45:00,360.4301,360.7983,360.1564,360.1613,7569.0
2026-03-02 11:50:00,360.0466,360.44,359.4049,359.4248,11580.0
2026-03-02 11:55:00,359.6438,360.3405,359.4199,360.231,11349.0
2026-03-02 12:00:00,360.231,360.6391,360.0946,360.1912,13735.0
2026-03-02 12:05:00,360.2161,360.3007,359.1063,359.3353,6249.0
2026-03-02 12:10:00,359.1661,359.385,358.7978,359.3701,8204.0
2026-03-02 12:15:00,359.3402,359.4447,358.4793,358.4793,6789.0
2026-03-02 12:20:00,358.8177,359.0665,357.9419,358.0464,15157.0
2026-03-02 12:25:00,357.8224,358.6585,357.4592,357.8025,16462.0
2026-03-02 12:30:00,357.9606,358.0414,357.6234,357.703,6962.0
2026-03-02 12:35:00,357.9419,358.8973,357.698,358.5092,8885.0
2026-03-02 12:40:00,358.5341,360.1514,358.5341,359.6538,4508.0
2026-03-02 12:45:00,359.5741,359.8827,359.4149,359.5642,7874.0
2026-03-02 12:50:00,359.5642,359.813,359.1561,359.5443,8954.0
2026-03-02 12:55:00,359.5443,360.2649,359.5343,360.2649,8604.0
2026-03-02 13:00:00,360.4301,360.7983,360.2559,360.6192,5558.0
2026-03-02 13:05:00,360.7983,361.1692,360.5496,360.649,6577.0
2026-03-02 13:10:00,360.649,360.7535,360.1016,360.4052,5512.0
2026-03-02 13:15:00,360.5595,360.7385,360.241,360.241,6485.0
2026-03-02 13:20:00,360.43,360.43,359.6089,360.0867,3899.0
2026-03-02 13:25:00,360.2111,360.5495,360.1415,360.2012,3647.0
2026-03-02 13:30:00,360.5097,360.5097,359.8677,360.4052,7569.0
2026-03-02 13:35:00,360.4002,360.5296,360.0795,360.1738,4709.0
2026-03-02 13:40:00,360.2609,360.6391,359.8827,360.5196,10193.0
2026-03-02 13:45:00,360.5303,360.6718,360.2758,360.3554,7264.0
2026-03-02 13:50:00,360.5206,361.0073,360.1713,360.9277,11628.0
2026-03-02 13:55:00,360.9974,361.0372,360.4301,360.9675,17456.0
2026-03-02 14:00:00,360.8182,360.9775,360.027,360.6789,12580.0
2026-03-02 14:05:00,360.659,361.3059,360.4699,361.2462,14169.0
2026-03-02 14:10:00,361.3457,362.0723,361.2462,361.5199,35123.0
2026-03-02 14:15:00,361.5249,362.0332,361.5249,361.8533,12414.0
2026-03-02 14:20:00,361.8533,362.0474,361.286,361.286,13712.0
2026-03-02 14:25:00,361.2861,361.8235,361.286,361.6841,4959.0
2026-03-02 14:30:00,361.8185,362.3908,361.7439,362.3659,14619.0
2026-03-02 14:35:00,362.3111,362.8584,362.0424,362.8584,18567.0
2026-03-02 14:40:00,362.6222,362.8088,362.3211,362.6744,7392.0
2026-03-02 14:45:00,362.6694,362.8984,362.5401,362.6545,10634.0
2026-03-02 14:50:00,362.5401,363.2666,362.2813,363.1969,15977.0
2026-03-02 14:55:00,363.1969,363.7941,363.1969,363.6249,17488.0
2026-03-02 15:00:00,363.6548,363.8837,363.5553,363.5751,9708.0
2026-03-02 15:05:00,363.4657,364.3365,362.7391,363.0576,24439.0
2026-03-02 15:10:00,362.7789,362.7889,362.122,362.3335,10918.0
2026-03-02 15:15:00,362.4704,363.1074,362.3261,362.8934,16140.0
2026-03-02 15:20:00,363.0377,363.0377,362.1519,362.3717,13494.0
2026-03-02 15:25:00,362.1917,362.56,362.147,362.147,10761.0
2026-03-02 15:30:00,362.2116,362.7093,362.0282,362.7093,18694.0
2026-03-02 15:35:00,362.6943,362.9979,362.4008,362.9183,21278.0
2026-03-02 15:40:00,362.9133,362.9979,362.4654,362.895,30194.0
2026-03-02 15:45:00,362.8187,363.0208,362.4604,362.6866,26458.0
2026-03-02 15:50:00,362.6097,362.8486,361.8633,362.7839,35010.0
2026-03-02 15:55:00,362.7839,363.2467,362.56,362.8984,143268.0
2026-03-03 09:30:00,361.3756,362.2912,358.977,358.9919,47446.0
2026-03-03 09:35:00,359.0765,362.2614,357.7627,360.9476,27625.0
2026-03-03 09:40:00,361.1923,361.1923,357.5888,357.6981,21309.0
2026-03-03 09:45:00,357.703,358.1409,356.5167,357.6731,29666.0
2026-03-03 09:50:00,357.6383,359.4696,357.6383,357.8224,13726.0
2026-03-03 09:55:00,357.5736,358.4843,357.076,358.1708,10030.0
2026-03-03 10:00:00,358.1708,359.5144,357.5686,358.2454,17707.0
2026-03-03 10:05:00,358.5788,358.8476,357.9022,358.2405,15184.0
2026-03-03 10:10:00,358.2616,359.2755,357.8341,358.6784,16754.0
2026-03-03 10:15:00,358.6933,358.7779,357.6234,357.7329,16574.0
2026-03-03 10:20:00,357.7279,358.2106,356.9466,357.5487,28556.0
2026-03-03 10:25:00,357.5537,358.0613,356.7973,357.6333,13869.0
2026-03-03 10:30:00,357.8722,358.34,357.1805,357.484,13805.0
2026-03-03 10:35:00,357.7826,358.4345,357.4343,357.7329,9501.0
2026-03-03 10:40:00,357.6383,358.7978,357.4044,358.2653,13413.0
2026-03-03 10:45:00,358.4594,358.6983,357.8622,358.2504,8701.0
2026-03-03 10:50:00,358.1957,359.5741,357.7528,359.0566,11822.0
2026-03-03 10:55:00,359.0616,359.7483,359.0392,359.385,15493.0
2026-03-03 11:00:00,359.4746,361.2412,359.3577,360.7585,20534.0
2026-03-03 11:05:00,360.7685,361.7946,360.5993,361.7946,11183.0
2026-03-03 11:10:00,361.9329,362.0524,361.3059,361.6443,15290.0
2026-03-03 11:15:00,361.6493,362.0424,361.1765,361.5547,11772.0
2026-03-03 11:20:00,361.4353,361.918,361.0422,361.704,10481.0
2026-03-03 11:25:00,361.704,361.8931,360.9028,361.8583,14384.0
2026-03-03 11:30:00,361.7438,362.2614,360.7336,361.4154,209888.0
2026-03-03 11:35:00,361.4552,361.6841,360.7734,360.7734,9830.0
2026-03-03 11:40:00,360.7685,361.3656,360.6391,361.0999,12241.0
2026-03-03 11:45:00,361.2163,361.4154,360.5296,360.5296,7704.0
2026-03-03 11:50:00,360.6192,361.4652,360.3504,361.3756,6585.0
2026-03-03 11:55:00,361.3756,361.8434,361.2163,361.4453,7396.0
2026-03-03 12:00:00,361.4453,361.6338,361.1268,361.2611,14861.0
2026-03-03 12:05:00,361.2611,361.6543,360.9874,361.4751,6485.0
2026-03-03 12:10:00,361.4751,361.8314,360.9824,361.6841,10881.0
2026-03-03 12:15:00,361.8135,361.8533,361.2362,361.8334,6416.0
2026-03-03 12:20:00,361.9329,362.9879,361.7239,362.7939,10464.0
2026-03-03 12:25:00,362.7889,362.968,362.5699,362.6197,10716.0
2026-03-03 12:30:00,362.5799,362.6446,361.8434,362.4206,18778.0
2026-03-03 12:35:00,362.4306,363.2218,362.2514,363.0476,10420.0
2026-03-03 12:40:00,363.1372,363.8787,362.9581,363.6647,7458.0
2026-03-03 12:45:00,363.6698,363.9135,363.3661,363.5005,9746.0
2026-03-03 12:50:00,363.5005,363.5005,361.8633,361.8633,9345.0
2026-03-03 12:55:00,361.9429,362.5799,361.8832,362.4953,4433.0
2026-03-03 13:00:00,362.3609,362.7988,362.2614,362.7988,8075.0
2026-03-03 13:05:00,362.9282,363.7742,362.6397,363.6448,14393.0
2026-03-03 13:10:00,363.7642,363.7642,363.4059,363.4856,15265.0
2026-03-03 13:15:00,363.6249,363.8887,362.8585,362.8585,20640.0
2026-03-03 13:20:00,362.759,363.3669,362.759,362.8287,7543.0
2026-03-03 13:25:00,362.8386,363.1472,362.6595,363.0775,7574.0
2026-03-03 13:30:00,363.0377,363.0825,362.4604,362.4953,8052.0
2026-03-03 13:35:00,362.3908,362.7491,362.3211,362.6147,7443.0
2026-03-03 13:40:00,362.6147,362.8585,362.4206,362.4206,8419.0
2026-03-03 13:45:00,362.4405,362.4505,361.712,362.1021,8298.0
2026-03-03 13:50:00,362.1503,362.7491,362.1503,362.7412,6303.0
2026-03-03 13:55:00,362.6495,362.9282,362.3211,362.8486,11793.0
2026-03-03 14:00:00,362.968,363.4458,362.7292,362.7392,14770.0
2026-03-03 14:05:00,362.9979,363.2865,362.0773,362.4505,19254.0
2026-03-03 14:10:00,362.2813,362.9282,361.8136,362.8337,7284.0
2026-03-03 14:15:00,362.9481,363.396,362.769,363.396,10280.0
2026-03-03 14:20:00,363.5453,363.7842,363.3661,363.4707,11583.0
2026-03-03 14:25:00,363.4706,363.7145,362.8984,362.8984,9253.0
2026-03-03 14:30:00,362.8984,363.1273,362.5102,362.545,10347.0
2026-03-03 14:35:00,362.5002,363.5055,362.2066,363.1472,10363.0
2026-03-03 14:40:00,363.3363,363.824,363.3313,363.823,6688.0
2026-03-03 14:45:00,363.8041,364.1126,363.6747,363.8439,10423.0
2026-03-03 14:50:00,363.9235,364.3117,363.4159,363.7742,11535.0
2026-03-03 14:55:00,363.8638,364.2022,363.6672,363.7842,12010.0
2026-03-03 15:00:00,363.7891,364.1425,363.396,363.4557,7307.0
2026-03-03 15:05:00,363.4557,363.6548,363.0974,363.6548,8261.0
2026-03-03 15:10:00,363.6398,364.0579,363.4458,363.4507,14710.0
2026-03-03 15:15:00,363.5254,363.814,363.4358,363.814,9226.0
2026-03-03 15:20:00,363.9036,364.3017,363.9036,364.3017,13658.0
2026-03-03 15:25:00,364.3017,364.7695,364.1026,364.5704,14213.0
2026-03-03 15:30:00,364.5008,364.5505,363.8538,363.9832,13037.0
2026-03-03 15:35:00,364.0429,364.3117,363.7145,363.9036,23366.0
2026-03-03 15:40:00,363.9334,363.9633,363.6249,363.7543,18150.0
2026-03-03 15:45:00,363.7443,364.1226,363.6349,364.1026,24425.0
2026-03-03 15:50:00,364.0529,364.1325,362.6595,362.8088,42715.0
2026-03-03 15:55:00,362.7988,363.1074,362.4803,363.0576,112934.0
2026-03-04 09:30:00,364.2718,365.0183,361.2934,362.1619,25028.0
2026-03-04 09:35:00,361.6045,362.2713,360.7635,360.7635,5800.0
2026-03-04 09:40:00,360.6988,360.7884,358.7978,359.594,16658.0
2026-03-04 09:45:00,359.3203,359.9424,358.3897,358.7879,16644.0
2026-03-04 09:50:00,358.4196,358.7281,357.5836,358.3499,12977.0
2026-03-04 09:55:00,358.1807,359.5244,357.7603,359.5094,13560.0
2026-03-04 10:00:00,359.5244,360.4749,359.0068,359.8229,12976.0
2026-03-04 10:05:00,359.8528,361.2163,359.6737,360.8481,18103.0
2026-03-04 10:10:00,360.5893,362.0822,360.5893,361.3855,7726.0
2026-03-04 10:15:00,361.7239,361.9329,361.0969,361.3557,6597.0
2026-03-04 10:20:00,361.4851,362.6495,361.4353,362.6495,14655.0
2026-03-04 10:25:00,362.6147,363.3761,362.3758,362.978,9419.0
2026-03-04 10:30:00,362.9305,362.9305,362.2813,362.6048,6449.0
2026-03-04 10:35:00,362.4704,362.8386,362.2216,362.5002,5718.0
2026-03-04 10:40:00,362.6495,363.4059,362.3808,362.4704,5141.0
2026-03-04 10:45:00,362.6296,362.7988,362.0275,362.0872,11418.0
2026-03-04 10:50:00,362.1419,362.5002,361.7438,362.2465,6641.0
2026-03-04 10:55:00,362.3012,362.6694,362.2514,362.6545,4820.0
2026-03-04 11:00:00,362.7093,362.9183,362.55,362.9183,8071.0
2026-03-04 11:05:00,362.9183,363.2965,362.8486,362.8486,6509.0
2026-03-04 11:10:00,362.7739,362.8589,361.8185,361.9777,12131.0
2026-03-04 11:15:00,361.9777,362.2017,361.5249,361.5448,7744.0
2026-03-04 11:20:00,361.296,361.7239,361.077,361.7239,7890.0
2026-03-04 11:25:00,361.6045,362.1021,361.5149,361.5149,9164.0
2026-03-04 11:30:00,361.5448,361.704,361.3358,361.3358,4312.0
2026-03-04 11:35:00,361.3308,361.5547,361.1367,361.296,5668.0
2026-03-04 11:40:00,361.0571,361.8334,361.0571,361.6941,9270.0
2026-03-04 11:45:00,361.6592,361.8633,361.5751,361.7854,4468.0
2026-03-04 11:50:00,361.6742,361.9329,361.3059,361.8085,12367.0
2026-03-04 11:55:00,361.8533,362.5301,361.8533,362.331,6508.0
2026-03-04 12:00:00,362.3012,362.4206,362.0922,362.341,5972.0
2026-03-04 12:05:00,362.3758,362.3758,361.7339,361.7836,4812.0
2026-03-04 12:10:00,361.923,362.4007,361.923,362.2265,3867.0
2026-03-04 12:15:00,362.3111,362.5898,362.1519,362.3012,6011.0
2026-03-04 12:20:00,362.1917,362.4107,362.0126,362.2713,6404.0
2026-03-04 12:25:00,362.3908,362.739,362.1867,362.1867,6114.0
2026-03-04 12:30:00,362.2614,362.3309,361.7687,362.1818,4746.0
2026-03-04 12:35:00,362.1917,362.769,362.1917,362.6495,4420.0
2026-03-04 12:40:00,362.56,362.769,362.2316,362.4405,5396.0
2026-03-04 12:45:00,362.6296,362.759,362.1718,362.5102,5895.0
2026-03-04 12:50:00,362.7491,363.1721,362.7491,363.0078,7901.0
2026-03-04 12:55:00,362.8703,363.0924,362.8585,362.978,3817.0
2026-03-04 13:00:00,363.0676,363.0924,362.6545,362.6595,4628.0
2026-03-04 13:05:00,362.7988,362.9979,362.6832,362.8785,2653.0
2026-03-04 13:10:00,362.7192,362.9779,362.7093,362.958,1869.0
2026-03-04 13:15:00,362.8785,362.9382,362.2116,362.2116,4910.0
2026-03-04 13:20:00,362.2017,362.6462,362.2017,362.55,3361.0
2026-03-04 13:25:00,362.5681,362.8187,362.4241,362.6371,2832.0
2026-03-04 13:30:00,362.7292,363.1472,362.7292,363.1472,4397.0
2026-03-04 13:35:00,363.1173,363.1472,362.8885,363.0178,4524.0
2026-03-04 13:40:00,363.0078,363.0974,362.5102,362.5102,7187.0
2026-03-04 13:45:00,362.4455,362.8934,362.4455,362.8934,10641.0
2026-03-04 13:50:00,362.9033,362.978,362.4206,362.4405,5189.0
2026-03-04 13:55:00,362.4803,362.6296,362.423,362.6048,5247.0
2026-03-04 14:00:00,362.6495,362.6495,362.2315,362.4604,6765.0
2026-03-04 14:05:00,362.4654,362.8436,362.4654,362.7192,5998.0
2026-03-04 14:10:00,362.8386,362.8386,362.5799,362.6694,2365.0
2026-03-04 14:15:00,362.7491,363.0974,362.6596,363.0477,21901.0
2026-03-04 14:20:00,363.0476,363.4955,362.9133,363.396,12554.0
2026-03-04 14:25:00,363.396,363.396,362.8386,362.8386,5058.0
2026-03-04 14:30:00,362.8984,363.2069,362.7789,362.978,5704.0
2026-03-04 14:35:00,362.8884,363.0476,362.8187,362.8486,3253.0
2026-03-04 14:40:00,362.8785,362.9282,362.6595,362.7988,8640.0
2026-03-04 14:45:00,362.7789,362.8785,362.7093,362.759,3513.0
2026-03-04 14:50:00,362.759,363.1273,362.5998,363.0676,6181.0
2026-03-04 14:55:00,362.9979,363.0277,362.6893,362.9117,6473.0
2026-03-04 15:00:00,362.9979,363.2069,362.9879,363.0725,9479.0
2026-03-04 15:05:00,363.0377,363.3612,363.0377,363.3014,5739.0
2026-03-04 15:10:00,363.2268,363.5751,363.1671,363.5751,7209.0
2026-03-04 15:15:00,363.5005,363.6249,363.0775,363.3371,5552.0
2026-03-04 15:20:00,363.177,363.3064,362.9979,363.0775,4940.0
2026-03-04 15:25:00,363.0825,363.4059,363.0277,363.3281,8615.0
2026-03-04 15:30:00,363.177,363.2666,362.9581,363.1721,9051.0
2026-03-04 15:35:00,363.1074,363.5552,363.1074,363.4607,12617.0
2026-03-04 15:40:00,363.3761,363.7742,363.2965,363.7344,17926.0
2026-03-04 15:45:00,363.7045,363.7941,363.5453,363.6946,20974.0
2026-03-04 15:50:00,363.5751,364.2619,362.6595,364.1972,49107.0
2026-03-04 15:55:00,364.1325,364.5306,363.6349,364.2022,162596.0
2026-03-05 09:30:00,362.7889,364.3813,362.5002,363.0178,37982.0
2026-03-05 09:35:00,362.5002,363.9733,360.6092,361.8284,19813.0
2026-03-05 09:40:00,361.7401,361.8334,359.6687,359.9225,8771.0
2026-03-05 09:45:00,359.9772,362.4306,359.9772,361.2841,23519.0
2026-03-05 09:50:00,361.505,362.0623,361.3109,361.923,5819.0
2026-03-05 09:55:00,362.1021,362.5202,361.4154,361.6095,5461.0
2026-03-05 10:00:00,361.4054,361.8732,360.5296,360.7983,29647.0
2026-03-05 10:05:00,360.8033,360.9675,359.7931,360.2957,12585.0
2026-03-05 10:10:00,360.4301,361.1069,359.5144,360.7137,12717.0
2026-03-05 10:15:00,360.7884,361.5846,360.5296,360.9824,17550.0
2026-03-05 10:20:00,361.0571,361.4652,360.4102,360.5047,19049.0
2026-03-05 10:25:00,360.5495,361.286,359.0267,359.0267,15487.0
2026-03-05 10:30:00,358.9172,359.7035,357.5985,359.2059,15345.0
2026-03-05 10:35:00,359.2109,359.5492,358.7381,359.0068,63813.0
2026-03-05 10:40:00,359.1063,359.6972,358.5789,359.176,23202.0
2026-03-05 10:45:00,359.0765,359.0765,357.5338,357.6333,22543.0
2026-03-05 10:50:00,357.5736,358.2405,357.1656,357.6881,8120.0
2026-03-05 10:55:00,357.6881,358.4893,357.0013,357.8622,12614.0
2026-03-05 11:00:00,357.484,357.6035,355.7274,355.7274,12833.0
2026-03-05 11:05:00,355.4736,356.5385,355.0655,355.9911,20337.0
2026-03-05 11:10:00,356.2599,356.5435,354.5977,355.0058,20451.0
2026-03-05 11:15:00,355.0357,355.9314,354.0702,355.3541,17320.0
2026-03-05 11:20:00,355.4338,355.4835,354.1051,354.2817,6865.0
2026-03-05 11:25:00,354.1897,354.3091,352.866,353.2641,17085.0
2026-03-05 11:30:00,353.2342,354.6276,352.9356,354.6027,23588.0
2026-03-05 11:35:00,354.7371,355.165,353.7119,354.9116,29869.0
2026-03-05 11:40:00,354.9262,355.2346,353.901,354.0105,8744.0
2026-03-05 11:45:00,353.9608,354.8018,353.9608,354.8018,10464.0
2026-03-05 11:50:00,355.0357,355.9911,354.7769,355.5532,16736.0
2026-03-05 11:55:00,355.603,355.9822,355.3442,355.7821,9951.0
2026-03-05 12:00:00,355.812,356.4937,355.808,356.1006,8434.0
2026-03-05 12:05:00,355.9414,356.0807,355.4437,355.6527,7355.0
2026-03-05 12:10:00,355.6328,355.6328,355.0357,355.17,8157.0
2026-03-05 12:15:00,355.3143,355.7821,354.8301,354.9859,6537.0
2026-03-05 12:20:00,355.0506,355.0506,354.5369,354.6973,4021.0
2026-03-05 12:25:00,354.7321,355.0655,354.5281,354.8167,6282.0
2026-03-05 12:30:00,354.8664,354.8664,353.8811,353.9906,4216.0
2026-03-05 12:35:00,353.9384,354.8167,353.9384,354.4982,13494.0
2026-03-05 12:40:00,354.4982,354.548,354.125,354.329,6663.0
2026-03-05 12:45:00,354.3191,354.3191,353.7765,353.9359,8095.0
2026-03-05 12:50:00,353.8712,354.4086,353.8712,354.0802,11357.0
2026-03-05 12:55:00,354.0802,354.6624,354.0275,354.1101,4182.0
2026-03-05 13:00:00,354.3589,354.6375,354.13,354.13,4645.0
2026-03-05 13:05:00,354.2146,354.8366,354.0702,354.4534,19558.0
2026-03-05 13:10:00,354.3091,355.0456,354.1499,354.6973,7116.0
2026-03-05 13:15:00,354.5082,355.0307,354.2394,354.8018,4494.0
2026-03-05 13:20:00,354.7113,355.3541,354.7113,355.0257,4676.0
2026-03-05 13:25:00,354.8665,355.4834,354.5778,355.3641,9341.0
2026-03-05 13:30:00,355.4835,355.6826,354.8416,354.9909,5784.0
2026-03-05 13:35:00,354.9859,355.7821,354.9859,355.0954,5332.0
2026-03-05 13:40:00,355.165,356.0309,355.0605,355.6577,17069.0
2026-03-05 13:45:00,355.7722,355.7921,354.9282,355.2098,6373.0
2026-03-05 13:50:00,355.0556,355.4537,354.9162,355.1451,5528.0
2026-03-05 13:55:00,355.2845,355.9414,355.2795,355.7025,11353.0
2026-03-05 14:00:00,355.5632,355.8219,355.4139,355.598,8693.0
2026-03-05 14:05:00,355.7229,356.2599,355.588,356.1404,12466.0
2026-03-05 14:10:00,356.1404,356.6779,356.0508,356.5883,18108.0
2026-03-05 14:15:00,356.5883,357.0461,356.0508,357.0063,14924.0
2026-03-05 14:20:00,357.066,357.484,357.0511,357.484,8713.0
2026-03-05 14:25:00,357.3845,357.5039,356.9964,357.3148,10714.0
2026-03-05 14:30:00,357.2352,357.4791,356.9267,357.1855,24051.0
2026-03-05 14:35:00,357.1357,357.6134,356.9466,357.5537,9223.0
2026-03-05 14:40:00,357.6632,358.2006,357.6433,357.9618,10740.0
2026-03-05 14:45:00,357.912,358.0016,357.5139,357.5736,9797.0
2026-03-05 14:50:00,357.5935,357.9916,357.3049,357.6831,11054.0
2026-03-05 14:55:00,357.6184,357.8821,357.3596,357.7478,8771.0
2026-03-05 15:00:00,357.7478,357.9319,357.4144,357.7926,12017.0
2026-03-05 15:05:00,357.7926,357.9817,357.2999,357.9817,8211.0
2026-03-05 15:10:00,357.9518,358.4196,357.9518,358.126,8071.0
2026-03-05 15:15:00,358.1509,358.947,358.0713,358.6286,12998.0
2026-03-05 15:20:00,358.8533,359.3154,358.5291,359.0665,8608.0
2026-03-05 15:25:00,359.2158,359.584,359.0267,359.1561,13025.0
2026-03-05 15:30:00,359.0566,359.3552,358.8526,359.1561,10710.0
2026-03-05 15:35:00,359.1959,359.4945,359.0665,359.3353,9884.0
2026-03-05 15:40:00,359.2656,359.6438,359.2059,359.5841,21026.0
2026-03-05 15:45:00,359.6538,359.8329,359.4248,359.8329,21306.0
2026-03-05 15:50:00,359.8329,360.211,359.4646,359.9324,35732.0
2026-03-05 15:55:00,359.9324,359.9324,358.9571,358.9969,97646.0
2026-03-06 09:30:00,358.5191,359.8876,357.6633,359.1661,25613.0
2026-03-06 09:35:00,358.8874,358.8874,356.9565,357.3248,13972.0
2026-03-06 09:40:00,357.4315,357.4315,355.7423,356.7673,8908.0
2026-03-06 09:45:00,356.2001,356.7674,354.5083,355.1053,9455.0
2026-03-06 09:50:00,355.5632,356.0409,353.8911,353.8911,9675.0
2026-03-06 09:55:00,353.8911,354.3887,352.846,353.9309,19536.0
2026-03-06 10:00:00,353.4432,355.9862,353.4432,355.9862,12576.0
2026-03-06 10:05:00,356.2399,356.5783,355.5333,356.2897,8191.0
2026-03-06 10:10:00,356.0658,356.4788,355.0059,356.1952,11409.0
2026-03-06 10:15:00,356.1852,356.8371,355.7821,356.8371,8836.0
2026-03-06 10:20:00,356.8769,358.2703,356.8769,357.8224,9523.0
2026-03-06 10:25:00,357.6134,358.2604,357.5438,357.7627,8356.0
2026-03-06 10:30:00,357.9817,359.6836,357.9618,359.3651,15624.0
2026-03-06 10:35:00,359.4547,359.6836,358.9571,359.186,13708.0
2026-03-06 10:40:00,359.2706,359.2706,358.4246,358.8575,6153.0
2026-03-06 10:45:00,358.6187,359.594,358.3599,358.4893,17673.0
2026-03-06 10:50:00,358.2902,358.3997,357.4653,358.3997,5344.0
2026-03-06 10:55:00,358.9869,359.2955,358.5789,358.7281,4078.0
2026-03-06 11:00:00,359.0665,360.1315,358.7381,360.1315,9453.0
2026-03-06 11:05:00,359.9573,360.4002,359.4548,359.6737,5990.0
2026-03-06 11:10:00,359.4049,359.8827,358.8924,359.1412,4764.0
2026-03-06 11:15:00,359.1412,359.2158,358.6834,359.069,7060.0
2026-03-06 11:20:00,359.2556,359.2556,358.2604,358.335,11100.0
2026-03-06 11:25:00,358.4893,358.9471,358.3723,358.4743,10560.0
2026-03-06 11:30:00,358.544,358.6883,358.0016,358.5988,5875.0
2026-03-06 11:35:00,358.8972,359.4049,358.6373,359.2457,7489.0
2026-03-06 11:40:00,359.1561,359.5244,358.8177,358.9172,6591.0
2026-03-06 11:45:00,359.1561,359.1661,358.748,359.1063,8066.0
2026-03-06 11:50:00,359.1063,359.2606,358.4395,358.4495,6982.0
2026-03-06 11:55:00,358.4395,358.768,358.1409,358.1409,7260.0
2026-03-06 12:00:00,358.2803,358.4395,357.8722,358.1933,5018.0
2026-03-06 12:05:00,358.0961,358.2823,356.8351,357.2253,10723.0
2026-03-06 12:10:00,357.4243,358.0613,357.2352,357.8423,11539.0
2026-03-06 12:15:00,357.8374,358.3997,357.6632,358.33,12615.0
2026-03-06 12:20:00,358.33,359.3651,358.33,358.9471,9357.0
2026-03-06 12:25:00,358.8575,358.8575,358.4893,358.758,4492.0
2026-03-06 12:30:00,358.6386,359.2656,358.4893,359.2556,4197.0
2026-03-06 12:35:00,359.1561,359.1561,358.4196,358.6485,5673.0
2026-03-06 12:40:00,358.7879,358.9471,358.5789,358.8426,4390.0
2026-03-06 12:45:00,359.0267,359.4149,358.8376,359.2357,8229.0
2026-03-06 12:50:00,359.2357,359.8229,359.2357,359.5244,7304.0
2026-03-06 12:55:00,359.4248,359.793,359.176,359.3303,7002.0
2026-03-06 13:00:00,359.1561,360.2708,359.1561,359.9424,7400.0
2026-03-06 13:05:00,359.9722,360.1713,359.7433,360.0021,5028.0
2026-03-06 13:10:00,360.1713,360.9874,360.1166,360.7287,8006.0
2026-03-06 13:15:00,360.7535,361.2064,360.5774,361.2064,6436.0
2026-03-06 13:20:00,361.1367,361.4751,360.858,361.3009,7597.0
2026-03-06 13:25:00,361.3457,361.3756,360.868,361.087,5502.0
2026-03-06 13:30:00,361.0471,361.5149,360.7685,360.7685,7636.0
2026-03-06 13:35:00,360.5495,360.6988,360.1514,360.5893,6959.0
2026-03-06 13:40:00,360.4873,360.7186,360.1564,360.1912,3521.0
2026-03-06 13:45:00,360.1564,360.5694,359.9026,360.0568,6509.0
2026-03-06 13:50:00,360.0568,360.0568,359.6936,359.7483,4328.0
2026-03-06 13:55:00,359.7383,360.6988,359.7383,360.6789,8902.0
2026-03-06 14:00:00,360.6092,360.9177,360.3605,360.6142,28271.0
2026-03-06 14:05:00,360.3803,361.087,360.2111,360.9675,5607.0
2026-03-06 14:10:00,360.9675,361.5448,360.868,361.4253,6554.0
2026-03-06 14:15:00,361.4253,361.9927,361.3656,361.8583,7186.0
2026-03-06 14:20:00,361.7936,361.8583,361.3457,361.4353,4662.0
2026-03-06 14:25:00,361.296,362.2415,361.286,362.0673,21823.0
2026-03-06 14:30:00,361.9628,362.4107,361.6443,361.6443,16293.0
2026-03-06 14:35:00,361.7787,362.0723,361.5,361.5,7297.0
2026-03-06 14:40:00,361.495,361.9031,361.3258,361.743,8016.0
2026-03-06 14:45:00,361.4253,361.7239,361.1666,361.3855,2411.0
2026-03-06 14:50:00,361.4154,361.8384,361.2064,361.6742,3696.0
2026-03-06 14:55:00,361.6742,361.923,361.4204,361.923,3971.0
2026-03-06 15:00:00,361.8981,362.3883,361.8981,362.2465,8931.0
2026-03-06 15:05:00,362.4205,362.4205,361.9429,362.0524,3801.0
2026-03-06 15:10:00,361.9429,362.0748,361.5149,361.5846,6085.0
2026-03-06 15:15:00,361.709,361.9329,361.0123,361.0372,8049.0
2026-03-06 15:20:00,361.0372,361.2561,360.7685,361.2561,8107.0
2026-03-06 15:25:00,360.9874,361.133,360.6789,361.077,6084.0
2026-03-06 15:30:00,361.0372,361.3208,360.3704,360.4848,8536.0
2026-03-06 15:35:00,360.3704,360.6191,360.0618,360.5296,7772.0
2026-03-06 15:40:00,360.6689,361.087,360.4002,360.4102,15685.0
2026-03-06 15:45:00,360.2757,361.8832,360.2757,361.8732,24882.0
2026-03-06 15:50:00,361.7339,361.7339,360.2609,360.3604,24222.0
2026-03-06 15:55:00,360.5097,362.6794,360.4151,361.7737,141246.0
2026-03-09 09:30:00,360.8182,362.2813,354.4285,355.9812,46419.0
2026-03-09 09:35:00,356.3718,356.6878,355.0655,355.2895,17140.0
2026-03-09 09:40:00,355.5603,356.4639,354.329,355.0456,21057.0
2026-03-09 09:45:00,354.7868,356.1902,354.2096,355.6677,21641.0
2026-03-09 09:50:00,355.4139,356.3494,355.1352,355.797,20365.0
2026-03-09 09:55:00,355.4736,357.1158,355.4736,356.2599,11008.0
2026-03-09 10:00:00,356.1504,356.2499,355.1352,356.0707,16795.0
2026-03-09 10:05:00,355.9812,355.9812,353.901,355.5632,9839.0
2026-03-09 10:10:00,355.5283,356.3245,355.2248,356.0757,9774.0
2026-03-09 10:15:00,356.2897,356.5485,355.6821,355.9862,8484.0
2026-03-09 10:20:00,355.9862,357.3049,355.2148,357.3049,9899.0
2026-03-09 10:25:00,357.2551,357.3049,356.1902,356.3793,7981.0
2026-03-09 10:30:00,356.3445,356.658,355.6876,356.2947,8550.0
2026-03-09 10:35:00,356.3494,357.7329,356.3245,357.3248,12215.0
2026-03-09 10:40:00,357.1407,357.5885,356.8894,356.9516,11352.0
2026-03-09 10:45:00,356.9516,356.9532,355.3442,355.5383,26373.0
2026-03-09 10:50:00,355.3741,356.7674,355.0158,356.3395,11999.0
2026-03-09 10:55:00,356.3395,356.3395,355.7572,356.0011,15308.0
2026-03-09 11:00:00,356.2001,356.837,355.8369,356.0508,13159.0
2026-03-09 11:05:00,356.22,356.6381,355.9314,356.1305,9960.0
2026-03-09 11:10:00,356.0956,356.5684,356.0409,356.4987,13091.0
2026-03-09 11:15:00,356.4937,357.0859,356.2698,356.3146,12821.0
2026-03-09 11:20:00,356.3096,357.0063,356.0907,356.4888,13614.0
2026-03-09 11:25:00,356.449,356.7575,355.8916,356.1205,11815.0
2026-03-09 11:30:00,356.0608,356.429,355.9314,355.9314,6598.0
2026-03-09 11:35:00,355.9513,356.4787,355.812,355.9812,10220.0
2026-03-09 11:40:00,355.817,355.9712,355.4039,355.5233,5240.0
2026-03-09 11:45:00,355.5383,356.3096,355.5383,355.6726,7596.0
2026-03-09 11:50:00,355.6577,356.2599,355.6577,356.1305,3308.0
2026-03-09 11:55:00,356.011,356.1902,355.812,356.1404,7956.0
2026-03-09 12:00:00,356.0309,356.2499,355.8617,356.1106,8207.0
2026-03-09 12:05:00,356.1106,356.3594,356.0409,356.1504,8455.0
2026-03-09 12:10:00,356.0907,356.8769,355.9912,356.8769,4982.0
2026-03-09 12:15:00,356.8819,356.8819,356.3096,356.6978,5661.0
2026-03-09 12:20:00,356.7276,357.3248,356.3395,357.066,8641.0
2026-03-09 12:25:00,357.066,357.7826,357.066,357.6333,11712.0
2026-03-09 12:30:00,357.6931,357.7528,356.9814,357.6234,8411.0
2026-03-09 12:35:00,357.6731,357.8722,357.4044,357.8324,4909.0
2026-03-09 12:40:00,357.6085,358.2902,357.6085,358.1608,5921.0
2026-03-09 12:45:00,358.1608,358.4694,358.0961,358.3748,6638.0
2026-03-09 12:50:00,358.4196,358.768,358.3012,358.5291,8480.0
2026-03-09 12:55:00,358.3201,358.8675,358.2604,358.6883,6946.0
2026-03-09 13:00:00,358.7381,358.7978,358.33,358.5191,4993.0
2026-03-09 13:05:00,358.4395,358.8376,358.4196,358.5589,7569.0
2026-03-09 13:10:00,358.6336,359.2059,358.4743,359.2059,8361.0
2026-03-09 13:15:00,359.176,359.2656,358.8078,358.967,7600.0
2026-03-09 13:20:00,358.9969,359.1462,358.3599,358.6187,6474.0
2026-03-09 13:25:00,358.6187,358.6187,357.9021,358.0414,6186.0
2026-03-09 13:30:00,358.0514,358.1409,357.6881,357.8423,7614.0
2026-03-09 13:35:00,357.8423,357.8423,357.4542,357.5139,4372.0
2026-03-09 13:40:00,357.3646,357.5189,357.1257,357.1257,12401.0
2026-03-09 13:45:00,357.0461,357.2351,356.7177,356.8222,8320.0
2026-03-09 13:50:00,356.8073,357.5338,356.6251,357.3497,5825.0
2026-03-09 13:55:00,357.3397,357.5039,357.0561,357.1954,7082.0
2026-03-09 14:00:00,357.1755,357.6433,357.0063,357.5089,8621.0
2026-03-09 14:05:00,357.6035,358.0016,357.4442,357.8672,7256.0
2026-03-09 14:10:00,357.8672,358.1111,357.5239,357.713,8873.0
2026-03-09 14:15:00,357.5786,357.6333,357.0262,357.2153,13459.0
2026-03-09 14:20:00,357.1904,357.4144,356.9665,357.0561,6590.0
2026-03-09 14:25:00,357.0461,358.2902,357.0461,358.136,20634.0
2026-03-09 14:30:00,358.1111,359.1909,357.9518,359.1909,6960.0
2026-03-09 14:35:00,359.1312,359.3154,358.8675,358.9969,8489.0
2026-03-09 14:40:00,359.1959,359.1959,358.8376,358.8874,4286.0
2026-03-09 14:45:00,358.8725,358.9073,358.4196,358.4196,6689.0
2026-03-09 14:50:00,358.3002,358.5291,358.1409,358.3251,7966.0
2026-03-09 14:55:00,358.2006,358.2006,357.484,357.5836,8030.0
2026-03-09 15:00:00,357.5836,357.912,357.2949,357.5239,8121.0
2026-03-09 15:05:00,357.5089,357.6383,356.8471,357.6383,11795.0
2026-03-09 15:10:00,357.6384,358.2703,357.6383,358.2703,8667.0
2026-03-09 15:15:00,358.2703,359.6139,358.0812,359.6139,15488.0
2026-03-09 15:20:00,359.604,360.3952,358.5291,358.8575,35795.0
2026-03-09 15:25:00,359.0417,359.4796,358.1907,359.4746,23243.0
2026-03-09 15:30:00,359.2855,359.3552,358.3201,359.0864,22157.0
2026-03-09 15:35:00,359.0566,359.8677,358.3002,359.7383,29540.0
2026-03-09 15:40:00,359.6837,359.6837,358.6286,358.9571,25506.0
2026-03-09 15:45:00,358.9073,359.7334,358.8874,359.2855,23199.0
2026-03-09 15:50:00,359.5094,360.4102,359.0217,359.808,53514.0
2026-03-09 15:55:00,359.8827,361.1765,359.6936,360.1812,173477.0
2026-03-10 09:30:00,358.1409,359.6538,354.8417,356.7475,34588.0
2026-03-10 09:35:00,356.7475,359.4447,356.7475,358.7331,14043.0
2026-03-10 09:40:00,358.4594,359.6139,357.4343,358.335,18524.0
2026-03-10 09:45:00,358.33,359.0516,358.0115,358.2952,9845.0
2026-03-10 09:50:00,357.9419,358.4196,357.0163,357.066,8308.0
2026-03-10 09:55:00,356.7077,356.7137,355.603,356.22,7214.0
2026-03-10 10:00:00,356.3743,356.3743,355.2149,355.5433,8092.0
2026-03-10 10:05:00,355.4238,356.0262,354.5281,354.5281,10117.0
2026-03-10 10:10:00,354.6326,354.9262,353.0195,353.6074,16591.0
2026-03-10 10:15:00,353.4134,354.7271,353.2541,354.4883,9457.0
2026-03-10 10:20:00,354.339,355.384,354.0702,354.9561,7524.0
2026-03-10 10:25:00,354.956,354.956,354.0404,354.446,8089.0
2026-03-10 10:30:00,354.6475,354.9859,354.4982,354.8963,8335.0
2026-03-10 10:35:00,354.8963,356.0608,354.7968,356.0608,9353.0
2026-03-10 10:40:00,356.2101,356.2921,355.4238,355.7523,8559.0
2026-03-10 10:45:00,355.7373,355.7373,354.8267,355.5283,9719.0
2026-03-10 10:50:00,355.5283,355.6826,354.9055,355.5433,8173.0
2026-03-10 10:55:00,355.5233,355.7224,354.9859,355.6627,7741.0
2026-03-10 11:00:00,355.6229,356.2101,355.2944,355.8816,13321.0
2026-03-10 11:05:00,355.9364,356.7574,355.8418,356.4091,16939.0
2026-03-10 11:10:00,356.3594,356.8272,356.1205,356.5385,9463.0
2026-03-10 11:15:00,356.6828,357.7428,356.6828,357.4641,10082.0
2026-03-10 11:20:00,357.3845,357.5139,356.9964,357.4044,5133.0
2026-03-10 11:25:00,357.2253,357.3945,356.7227,356.9565,5878.0
2026-03-10 11:30:00,356.867,357.0461,356.6281,356.7724,6607.0
2026-03-10 11:35:00,356.7475,356.7475,356.4091,356.5783,5822.0
2026-03-10 11:40:00,356.7973,357.4044,356.7077,357.3447,8453.0
2026-03-10 11:45:00,357.2949,357.4044,356.8471,357.1456,6132.0
2026-03-10 11:50:00,357.2351,357.2651,356.6779,356.6779,3427.0
2026-03-10 11:55:00,356.7774,356.9267,356.4988,356.6381,3749.0
2026-03-10 12:00:00,356.6381,356.6381,355.8767,356.1006,6183.0
2026-03-10 12:05:00,355.9911,355.9911,355.7124,355.8617,2322.0
2026-03-10 12:10:00,355.8667,356.1155,355.6925,355.9016,4289.0
2026-03-10 12:15:00,355.7921,356.4191,355.4437,356.1255,13870.0
2026-03-10 12:20:00,356.2508,356.2508,355.588,355.6065,2836.0
2026-03-10 12:25:00,355.7423,355.9812,355.4537,355.5233,5620.0
2026-03-10 12:30:00,355.603,356.0011,355.4089,355.8916,4749.0
2026-03-10 12:35:00,356.0608,356.1106,355.7722,355.802,6160.0
2026-03-10 12:40:00,355.7523,356.5684,355.7124,356.3295,5738.0
2026-03-10 12:45:00,356.434,356.6281,356.073,356.3594,4507.0
2026-03-10 12:50:00,356.4042,357.0461,356.4042,356.8371,4263.0
2026-03-10 12:55:00,357.0859,357.1855,356.7475,356.8272,4919.0
2026-03-10 13:00:00,356.6978,356.9665,356.6978,356.9167,5209.0
2026-03-10 13:05:00,356.9964,357.8548,356.9964,357.484,7454.0
2026-03-10 13:10:00,357.484,357.6831,356.7575,356.8073,3510.0
2026-03-10 13:15:00,356.8073,357.0959,356.8073,356.9864,3057.0
2026-03-10 13:20:00,357.0909,357.3049,356.8272,357.0411,8797.0
2026-03-10 13:25:00,357.066,357.5438,356.9167,357.3994,6493.0
2026-03-10 13:30:00,357.3771,357.3771,356.8073,356.8968,7910.0
2026-03-10 13:35:00,357.0063,357.0262,356.5783,357.0262,10701.0
2026-03-10 13:40:00,357.0611,357.5089,356.6331,357.2701,8674.0
2026-03-10 13:45:00,357.3447,357.8423,357.3447,357.7254,12330.0
2026-03-10 13:50:00,357.7279,358.5689,357.7279,358.2554,6552.0
2026-03-10 13:55:00,358.0414,358.0414,357.6035,357.6035,5222.0
2026-03-10 14:00:00,357.6085,357.6433,356.6928,356.6928,7110.0
2026-03-10 14:05:00,356.5783,356.5783,356.1505,356.23,6069.0
2026-03-10 14:10:00,356.1603,356.5186,354.6973,354.6973,13686.0
2026-03-10 14:15:00,354.9859,355.593,354.747,355.3342,13767.0
2026-03-10 14:20:00,355.3342,355.6627,354.966,355.3716,8986.0
2026-03-10 14:25:00,355.3641,355.9911,355.3591,355.3591,6044.0
2026-03-10 14:30:00,355.3541,355.593,355.0367,355.2745,7976.0
2026-03-10 14:35:00,355.1551,355.2596,354.6793,354.8864,5958.0
2026-03-10 14:40:00,355.0307,355.0307,354.5529,354.8067,6959.0
2026-03-10 14:45:00,354.7172,355.2795,354.4982,355.1103,6881.0
2026-03-10 14:50:00,355.1153,355.1551,354.8416,354.9015,3854.0
2026-03-10 14:55:00,354.966,355.2148,354.8416,354.8416,10920.0
2026-03-10 15:00:00,354.9361,355.3342,354.747,355.1999,6430.0
2026-03-10 15:05:00,355.1899,355.3342,355.0239,355.3342,7344.0
2026-03-10 15:10:00,355.384,355.7721,355.3343,355.6776,4941.0
2026-03-10 15:15:00,355.5831,356.5286,355.5831,356.5286,7405.0
2026-03-10 15:20:00,356.4141,356.4639,355.5233,355.7224,15752.0
2026-03-10 15:25:00,355.7921,355.9513,355.4835,355.6726,10827.0
2026-03-10 15:30:00,355.5482,355.5532,355.1252,355.384,21020.0
2026-03-10 15:35:00,355.4039,355.7423,355.0456,355.5482,24376.0
2026-03-10 15:40:00,355.6428,355.8319,355.3541,355.5532,15120.0
2026-03-10 15:45:00,355.5632,355.6428,354.4684,354.5082,21699.0
2026-03-10 15:50:00,354.538,355.1352,354.538,354.7595,31764.0
2026-03-10 15:55:00,354.8366,354.8366,353.6522,353.7916,89321.0
2026-03-11 09:30:00,351.2436,353.3238,350.3379,351.6318,20921.0
2026-03-11 09:35:00,351.4825,352.5923,350.9252,352.438,5433.0
2026-03-11 09:40:00,352.3557,352.438,349.8901,350.0991,11118.0
2026-03-11 09:45:00,350.2683,350.6863,349.9199,350.1787,8888.0
2026-03-11 09:50:00,350.1712,351.1839,349.6114,350.4375,10893.0
2026-03-11 09:55:00,350.537,350.6664,349.5218,350.1887,10622.0
2026-03-11 10:00:00,350.1488,351.5223,349.8801,351.4128,9794.0
2026-03-11 10:05:00,351.4626,351.9038,351.1242,351.4626,6386.0
2026-03-11 10:10:00,351.7413,352.3285,351.3183,351.3183,5233.0
2026-03-11 10:15:00,351.4726,351.6119,350.9053,351.1143,7064.0
2026-03-11 10:20:00,351.2287,352.1991,351.0645,351.1143,12158.0
2026-03-11 10:25:00,351.2237,351.5721,350.6863,351.2835,9489.0
2026-03-11 10:30:00,351.5422,352.1294,351.1242,351.2835,8872.0
2026-03-11 10:35:00,351.6219,353.2342,351.5333,353.2143,40687.0
2026-03-11 10:40:00,353.0501,353.5426,352.6968,353.06,11474.0
2026-03-11 10:45:00,353.06,353.8015,353.06,353.5826,7445.0
2026-03-11 10:50:00,353.7219,353.8015,353.075,353.3238,20451.0
2026-03-11 10:55:00,353.3238,354.0702,353.2751,353.9359,18613.0
2026-03-11 11:00:00,353.9359,354.1897,353.0352,353.3636,10576.0
2026-03-11 11:05:00,353.2193,353.6572,352.9456,353.1745,20930.0
2026-03-11 11:10:00,353.1596,353.7717,352.856,352.856,11106.0
2026-03-11 11:15:00,352.6667,353.1247,351.9204,352.9058,21152.0
2026-03-11 11:20:00,353.065,353.9807,352.7266,353.9707,5995.0
2026-03-11 11:25:00,354.0006,354.0404,352.9655,353.2342,8981.0
2026-03-11 11:30:00,353.0401,353.3039,352.6271,353.1944,14922.0
2026-03-11 11:35:00,353.0352,354.2693,352.8567,354.0055,10016.0
2026-03-11 11:40:00,353.9558,354.3191,353.0849,353.4134,9821.0
2026-03-11 11:45:00,353.3238,353.7119,352.8062,353.0003,8998.0
2026-03-11 11:50:00,353.0003,353.5527,352.6072,352.7067,8827.0
2026-03-11 11:55:00,352.3982,353.0053,351.6019,352.2389,8810.0
2026-03-11 12:00:00,352.0996,352.3483,351.6816,351.7463,7373.0
2026-03-11 12:05:00,351.8657,352.0498,351.602,351.8607,2035.0
2026-03-11 12:10:00,351.903,352.1494,351.8408,352.1046,4459.0
2026-03-11 12:15:00,352.1593,352.3683,351.7911,351.7911,7161.0
2026-03-11 12:20:00,351.7215,352.2886,351.7215,352.2886,1947.0
2026-03-11 12:25:00,352.0896,352.1693,351.8159,352.1245,1563.0
2026-03-11 12:30:00,352.3385,352.6968,352.1792,352.6022,3753.0
2026-03-11 12:35:00,352.4877,352.8162,352.2638,352.2638,5600.0
2026-03-11 12:40:00,352.1991,352.4977,352.0797,352.2638,4456.0
2026-03-11 12:45:00,352.2638,352.4181,351.7512,351.8607,3441.0
2026-03-11 12:50:00,351.8806,352.5077,351.8657,352.5077,3310.0
2026-03-11 12:55:00,352.6321,352.7963,352.2787,352.7963,2613.0
2026-03-11 13:00:00,352.861,353.0359,352.5176,352.5375,8171.0
2026-03-11 13:05:00,352.5997,352.9555,352.5375,352.6818,6350.0
2026-03-11 13:10:00,352.856,352.856,352.4231,352.4231,5690.0
2026-03-11 13:15:00,352.4728,352.6569,352.214,352.2688,4365.0
2026-03-11 13:20:00,352.4181,353.0152,352.3385,352.7664,5368.0
2026-03-11 13:25:00,352.8411,352.9655,352.6999,352.8759,3732.0
2026-03-11 13:30:00,353.0451,353.2442,352.886,353.1944,4702.0
2026-03-11 13:35:00,353.1994,353.3138,352.3086,352.6171,6314.0
2026-03-11 13:40:00,352.8162,352.9356,352.4778,352.846,2709.0
2026-03-11 13:45:00,352.866,353.4034,352.7714,353.3984,2793.0
2026-03-11 13:50:00,353.4034,353.6224,353.3039,353.4034,3513.0
2026-03-11 13:55:00,353.3238,353.5626,353.1446,353.5508,3974.0
2026-03-11 14:00:00,353.2452,353.4532,353.1347,353.3487,4582.0
2026-03-11 14:05:00,353.4084,353.5726,353.2541,353.5577,6000.0
2026-03-11 14:10:00,353.5527,353.6821,353.1546,353.4183,7848.0
2026-03-11 14:15:00,353.4283,353.8015,353.3138,353.6224,4100.0
2026-03-11 14:20:00,353.6821,353.8214,353.2442,353.3536,6855.0
2026-03-11 14:25:00,353.4034,353.5825,353.1944,353.4532,4092.0
2026-03-11 14:30:00,353.5029,353.5029,352.8311,352.8361,4688.0
2026-03-11 14:35:00,352.866,352.9456,352.6072,352.7191,4722.0
2026-03-11 14:40:00,352.637,352.7614,352.5027,352.7017,4755.0
2026-03-11 14:45:00,352.7863,352.9655,352.3385,352.4206,2836.0
2026-03-11 14:50:00,352.433,352.5286,352.1394,352.2638,9080.0
2026-03-11 14:55:00,352.2638,352.2787,351.8209,352.1194,4775.0
2026-03-11 15:00:00,352.0399,352.0498,351.6666,351.7413,4693.0
2026-03-11 15:05:00,351.7114,352.1593,351.592,351.9503,4363.0
2026-03-11 15:10:00,351.9254,352.1494,351.7512,351.9354,4315.0
2026-03-11 15:15:00,352.0797,352.428,352.0697,352.3534,5384.0
2026-03-11 15:20:00,352.4405,352.4405,351.8806,352.0598,10198.0
2026-03-11 15:25:00,352.0847,352.1593,351.7512,351.9951,5982.0
2026-03-11 15:30:00,352.0299,352.2688,351.7711,352.1693,7976.0
2026-03-11 15:35:00,352.1394,352.2787,352.0498,352.0697,7938.0
2026-03-11 15:40:00,352.0797,352.214,351.8358,352.0399,11791.0
2026-03-11 15:45:00,352.0498,352.0648,351.0147,351.0346,20042.0
2026-03-11 15:50:00,351.1143,352.5077,350.6564,352.3783,26976.0
2026-03-11 15:55:00,352.4977,352.4977,351.9304,352.2489,62262.0
2026-03-12 09:30:00,347.9194,350.9849,347.3521,349.7706,38784.0
2026-03-12 09:35:00,349.4521,349.9398,347.9393,348.8003,17612.0
2026-03-12 09:40:00,348.699,349.3427,347.7204,348.4718,6614.0
2026-03-12 09:45:00,348.1384,348.7604,347.7602,348.7604,5511.0
2026-03-12 09:50:00,348.845,349.8709,348.641,349.3974,5987.0
2026-03-12 09:55:00,349.6811,350.1887,349.2581,349.9,6444.0
2026-03-12 10:00:00,349.9,351.9502,349.8702,351.0147,23001.0
2026-03-12 10:05:00,351.0197,352.1095,350.9152,352.0747,8982.0
2026-03-12 10:10:00,352.0996,352.4081,351.6716,352.3982,15700.0
2026-03-12 10:15:00,352.224,352.7266,352.02,352.5574,10649.0
2026-03-12 10:20:00,352.6868,352.846,352.0797,352.3484,8156.0
2026-03-12 10:25:00,352.4629,352.4629,351.3332,351.4427,8626.0
2026-03-12 10:30:00,351.5223,351.7911,350.3827,350.8654,9390.0
2026-03-12 10:35:00,351.2835,351.9901,351.2835,351.4676,5184.0
2026-03-12 10:40:00,351.3332,352.5624,351.174,352.2588,7088.0
2026-03-12 10:45:00,352.4131,353.7518,352.4131,353.3288,9751.0
2026-03-12 10:50:00,353.6522,353.6522,352.4081,353.1247,8178.0
2026-03-12 10:55:00,353.1247,353.7866,352.9754,353.7866,8021.0
2026-03-12 11:00:00,353.6124,353.6224,352.9804,353.0302,6271.0
2026-03-12 11:05:00,353.0053,353.1645,352.229,352.3185,6902.0
2026-03-12 11:10:00,352.1494,352.2887,351.592,352.2887,7118.0
2026-03-12 11:15:00,352.1494,352.1494,351.1342,351.5572,12467.0
2026-03-12 11:20:00,351.5621,351.801,350.8853,351.383,11488.0
2026-03-12 11:25:00,351.5074,352.0498,351.4029,351.5024,5280.0
2026-03-12 11:30:00,351.4726,351.8508,351.3332,351.5522,4078.0
2026-03-12 11:35:00,351.5522,352.5475,350.7062,352.4678,10516.0
2026-03-12 11:40:00,352.3783,352.7565,351.9602,352.3683,6805.0
2026-03-12 11:45:00,352.4181,352.8759,352.229,352.7515,4995.0
2026-03-12 11:50:00,352.9356,353.6422,352.846,353.6422,6814.0
2026-03-12 11:55:00,353.4034,353.4034,352.8859,353.0849,4117.0
2026-03-12 12:00:00,353.0272,353.6472,352.866,353.5129,5354.0
2026-03-12 12:05:00,353.483,353.493,352.7565,352.9754,7997.0
2026-03-12 12:10:00,353.0252,353.911,352.9058,353.911,7987.0
2026-03-12 12:15:00,354.12,354.8167,354.0006,354.6973,8373.0
2026-03-12 12:20:00,354.6923,355.8617,354.5181,354.533,8271.0
2026-03-12 12:25:00,354.4883,354.5778,353.4731,353.478,9492.0
2026-03-12 12:30:00,353.5328,353.7318,352.7316,353.6621,12630.0
2026-03-12 12:35:00,353.1546,354.2394,353.1247,354.2394,6173.0
2026-03-12 12:40:00,354.2195,354.2195,353.4134,353.7518,11041.0
2026-03-12 12:45:00,353.6224,353.6821,352.4479,352.7664,23938.0
2026-03-12 12:50:00,352.8013,352.9257,351.2337,351.4278,11969.0
2026-03-12 12:55:00,351.6617,352.3783,351.4328,351.9926,14314.0
2026-03-12 13:00:00,352.1046,352.846,351.8408,352.6769,8775.0
2026-03-12 13:05:00,352.7565,352.7789,351.9602,352.2588,12158.0
2026-03-12 13:10:00,352.3484,352.7764,352.1991,352.3534,11759.0
2026-03-12 13:15:00,352.3683,352.3882,351.7587,352.3036,8278.0
2026-03-12 13:20:00,352.1494,353.0401,352.1394,352.5475,24451.0
2026-03-12 13:25:00,352.5873,352.9854,352.3385,352.5027,12025.0
2026-03-12 13:30:00,352.3385,352.6669,352.0299,352.2489,26130.0
2026-03-12 13:35:00,352.3633,353.1944,352.3633,353.0998,12308.0
2026-03-12 13:40:00,353.0998,353.2541,352.3882,352.3882,11178.0
2026-03-12 13:45:00,352.3584,352.3584,351.7015,352.0747,9959.0
2026-03-12 13:50:00,352.2389,352.9854,352.2389,352.8311,11567.0
2026-03-12 13:55:00,352.9157,353.284,352.5773,353.284,11769.0
2026-03-12 14:00:00,353.284,353.6821,353.284,353.4382,10231.0
2026-03-12 14:05:00,353.4333,353.8513,353.1645,353.8115,10721.0
2026-03-12 14:10:00,353.7318,354.0006,353.274,353.3935,11474.0
2026-03-12 14:15:00,353.5328,353.8712,353.1844,353.1844,11503.0
2026-03-12 14:20:00,353.1048,353.5826,352.8759,353.5303,12692.0
2026-03-12 14:25:00,353.493,353.6423,353.0949,353.5577,8344.0
2026-03-12 14:30:00,353.5577,354.2394,353.4631,353.9956,10369.0
2026-03-12 14:35:00,353.9209,354.329,353.8712,354.2992,10933.0
2026-03-12 14:40:00,354.2593,354.5281,354.2295,354.3489,9964.0
2026-03-12 14:45:00,354.339,354.747,354.329,354.6234,10544.0
2026-03-12 14:50:00,354.5579,355.1053,354.4584,354.7172,13896.0
2026-03-12 14:55:00,354.6973,354.9312,354.5679,354.8117,8434.0
2026-03-12 15:00:00,354.8117,354.8963,354.3693,354.6973,13782.0
2026-03-12 15:05:00,354.4754,355.0456,354.4754,354.5281,14023.0
2026-03-12 15:10:00,354.6276,354.8416,354.2842,354.4061,10570.0
2026-03-12 15:15:00,354.4086,354.9312,354.3539,354.8963,11532.0
2026-03-12 15:20:00,354.8466,355.185,354.5878,354.6475,14571.0
2026-03-12 15:25:00,354.6226,355.1252,354.5878,354.8665,15450.0
2026-03-12 15:30:00,354.9162,355.394,354.7844,355.3193,14653.0
2026-03-12 15:35:00,355.4238,355.4238,354.9759,355.0655,13212.0
2026-03-12 15:40:00,355.0655,355.175,354.8864,355.0307,12294.0
2026-03-12 15:45:00,355.0307,355.0307,353.901,354.0205,31981.0
2026-03-12 15:50:00,353.9458,353.9608,353.3337,353.4333,26397.0
2026-03-12 15:55:00,353.5427,353.8413,353.2541,353.4333,99443.0
2026-03-13 09:30:00,355.7722,356.9167,354.3192,356.9068,21369.0
2026-03-13 09:35:00,356.8769,357.9021,356.7209,357.2701,20145.0
2026-03-13 09:40:00,357.6931,358.121,356.3793,357.5438,8729.0
2026-03-13 09:45:00,357.494,357.494,355.812,355.812,7671.0
2026-03-13 09:50:00,355.6428,356.535,355.2347,355.7921,7097.0
2026-03-13 09:55:00,355.4238,355.4238,354.3589,355.1999,8576.0
2026-03-13 10:00:00,355.1053,356.2449,355.1053,355.4348,5560.0
2026-03-13 10:05:00,355.7473,356.2499,354.3191,354.3191,4566.0
2026-03-13 10:10:00,354.0106,354.4385,353.3735,353.5726,4355.0
2026-03-13 10:15:00,353.3238,353.5327,351.9652,352.3285,7366.0
2026-03-13 10:20:00,352.5475,352.6868,351.4726,351.7015,6697.0
2026-03-13 10:25:00,351.6318,351.7811,350.4858,351.4825,5455.0
2026-03-13 10:30:00,351.1441,352.1095,351.1342,351.5721,7506.0
2026-03-13 10:35:00,351.9901,352.5226,351.582,351.8806,4657.0
2026-03-13 10:40:00,352.1543,352.1543,350.119,350.4872,7262.0
2026-03-13 10:45:00,350.3778,350.7958,350.109,350.3479,5505.0
2026-03-13 10:50:00,350.3479,350.3479,349.8503,350.0842,7060.0
2026-03-13 10:55:00,350.0742,350.0742,348.7505,349.1138,8274.0
2026-03-13 11:00:00,349.3725,350.4076,349.273,350.4076,4710.0
2026-03-13 11:05:00,350.537,351.2785,350.119,351.0745,4633.0
2026-03-13 11:10:00,351.0844,352.6072,351.0745,352.4977,6742.0
2026-03-13 11:15:00,352.4977,352.5773,352.1195,352.4131,4524.0
2026-03-13 11:20:00,352.5077,352.9754,352.4181,352.4181,2965.0
2026-03-13 11:25:00,352.4081,352.9854,352.4081,352.6918,4769.0
2026-03-13 11:30:00,352.5077,353.2143,352.4778,353.2143,3013.0
2026-03-13 11:35:00,353.3138,353.7617,352.9555,353.692,5916.0
2026-03-13 11:40:00,353.8015,354.0304,352.9895,353.1645,5453.0
2026-03-13 11:45:00,353.1695,354.2285,352.9356,353.0949,9816.0
2026-03-13 11:50:00,353.2889,353.3337,353.0053,353.06,4084.0
2026-03-13 11:55:00,353.2541,353.274,352.5276,352.9306,5153.0
2026-03-13 12:00:00,352.8162,353.0849,352.5475,352.6669,3703.0
2026-03-13 12:05:00,352.5574,353.5278,352.3335,353.5278,12806.0
2026-03-13 12:10:00,353.5278,353.9409,353.1247,353.2442,5087.0
2026-03-13 12:15:00,353.4731,353.4731,352.647,352.7863,2902.0
2026-03-13 12:20:00,353.0302,353.4631,352.7863,352.9854,3253.0
2026-03-13 12:25:00,353.1745,353.1795,352.4529,352.4529,7775.0
2026-03-13 12:30:00,352.8062,352.8958,352.3285,352.5823,6563.0
2026-03-13 12:35:00,352.5823,352.6769,351.9803,352.438,13255.0
2026-03-13 12:40:00,352.1991,352.5873,352.0598,352.0598,4233.0
2026-03-13 12:45:00,351.9802,352.5475,351.7015,352.4977,8931.0
2026-03-13 12:50:00,352.54,353.1645,352.54,353.1645,8832.0
2026-03-13 12:55:00,353.075,353.075,352.2787,352.3086,4414.0
2026-03-13 13:00:00,352.3534,352.637,351.8707,352.0299,5718.0
2026-03-13 13:05:00,351.9503,352.3054,351.9503,352.1543,3195.0
2026-03-13 13:10:00,352.2091,352.6247,352.1195,352.6072,4190.0
2026-03-13 13:15:00,352.6072,352.647,351.9803,352.4579,10464.0
2026-03-13 13:20:00,352.5674,352.6669,351.9901,352.3633,9685.0
2026-03-13 13:25:00,352.3633,352.846,351.9602,352.7266,8226.0
2026-03-13 13:30:00,352.7316,353.2043,352.4081,352.6769,4847.0
2026-03-13 13:35:00,352.6769,352.7377,352.4678,352.637,4149.0
2026-03-13 13:40:00,352.647,352.647,352.3385,352.5674,3489.0
2026-03-13 13:45:00,352.5674,352.8361,351.8408,351.8408,5314.0
2026-03-13 13:50:00,351.7264,351.9625,351.5124,351.9304,2289.0
2026-03-13 13:55:00,351.9304,352.433,351.7084,352.1195,13504.0
2026-03-13 14:00:00,352.0001,352.5276,351.8707,352.0598,6711.0
2026-03-13 14:05:00,352.0598,352.1095,351.6219,351.6219,4164.0
2026-03-13 14:10:00,351.8358,352.0299,351.6716,351.8509,6893.0
2026-03-13 14:15:00,352.0299,352.3285,351.4726,351.6119,7082.0
2026-03-13 14:20:00,351.4726,351.5919,351.1989,351.3133,4346.0
2026-03-13 14:25:00,351.3282,351.3282,350.7162,350.9948,6560.0
2026-03-13 14:30:00,350.96,351.4427,350.96,351.4427,6639.0
2026-03-13 14:35:00,351.4527,351.7612,351.2536,351.2536,5077.0
2026-03-13 14:40:00,351.3332,351.9204,351.1939,351.8309,6930.0
2026-03-13 14:45:00,351.9377,352.229,351.8856,352.0299,7358.0
2026-03-13 14:50:00,352.0249,352.1991,351.582,351.8408,14921.0
2026-03-13 14:55:00,351.7015,351.7015,351.3034,351.3183,5399.0
2026-03-13 15:00:00,351.4228,351.582,351.3034,351.5522,7474.0
2026-03-13 15:05:00,351.373,351.811,351.169,351.6319,9026.0
2026-03-13 15:10:00,351.6318,351.6915,351.0446,351.2934,10539.0
2026-03-13 15:15:00,351.4029,351.4578,350.9948,351.3034,9131.0
2026-03-13 15:20:00,351.3631,351.3631,350.9998,351.169,8537.0
2026-03-13 15:25:00,351.169,351.3332,350.8256,350.965,13446.0
2026-03-13 15:30:00,351.0346,351.1882,350.6266,350.7361,13721.0
2026-03-13 15:35:00,350.7361,351.0422,350.4275,350.542,13726.0
2026-03-13 15:40:00,350.542,350.542,349.8304,350.0543,17777.0
2026-03-13 15:45:00,350.0891,350.4872,349.8403,350.3927,22064.0
2026-03-13 15:50:00,350.4673,350.537,349.8901,349.941,40385.0
2026-03-13 15:55:00,350.0593,350.0792,349.5318,349.8304,101788.0
2026-03-16 09:30:00,351.383,353.1347,350.6615,350.6615,21382.0
2026-03-16 09:35:00,351.4427,353.5328,351.0894,353.4631,12905.0
2026-03-16 09:40:00,353.3429,355.2845,353.3429,355.2845,10431.0
2026-03-16 09:45:00,355.0804,355.5433,353.7179,354.1001,14890.0
2026-03-16 09:50:00,353.9732,354.13,353.075,354.12,10980.0
2026-03-16 09:55:00,353.8662,354.9262,352.7963,354.8267,25878.0
2026-03-16 10:00:00,354.8267,355.0456,353.5925,353.6821,15399.0
2026-03-16 10:05:00,353.8214,353.8413,352.7167,353.463,9567.0
2026-03-16 10:10:00,353.4432,353.6124,352.8759,353.1844,9409.0
2026-03-16 10:15:00,353.3238,354.0702,353.1645,353.8115,7006.0
2026-03-16 10:20:00,353.8115,353.9508,353.4134,353.4945,5890.0
2026-03-16 10:25:00,353.7916,353.7916,352.6769,352.7017,5372.0
2026-03-16 10:30:00,352.6769,352.7664,351.7662,351.9005,5800.0
2026-03-16 10:35:00,351.8259,352.0696,351.3332,351.3929,8899.0
2026-03-16 10:40:00,351.2835,351.2835,350.4176,350.6266,4427.0
2026-03-16 10:45:00,350.741,350.9849,349.7458,350.2185,9231.0
2026-03-16 10:50:00,350.2583,350.902,349.7806,350.8555,4999.0
2026-03-16 10:55:00,350.8754,351.2835,350.8754,351.2835,8926.0
2026-03-16 11:00:00,351.3133,351.3133,350.4076,350.547,6554.0
2026-03-16 11:05:00,350.547,350.6564,350.1787,350.6266,5610.0
2026-03-16 11:10:00,350.6266,350.8057,350.2533,350.3788,5656.0
2026-03-16 11:15:00,350.6166,350.8057,349.8504,350.2584,12923.0
2026-03-16 11:20:00,350.1488,351.2536,349.895,350.8057,9643.0
2026-03-16 11:25:00,350.6873,351.5223,350.6873,351.4477,5997.0
2026-03-16 11:30:00,351.5223,352.3882,351.4576,352.3882,5693.0
2026-03-16 11:35:00,352.219,352.7067,352.1494,352.4678,5545.0
2026-03-16 11:40:00,352.2588,352.3285,351.8508,352.0797,5429.0
2026-03-16 11:45:00,351.9602,352.4181,351.9403,352.3882,5295.0
2026-03-16 11:50:00,352.3484,352.3484,351.4029,351.6219,5581.0
2026-03-16 11:55:00,351.4527,351.6816,350.8029,350.9749,6823.0
2026-03-16 12:00:00,351.2038,351.383,350.9451,351.0794,3590.0
2026-03-16 12:05:00,350.9053,351.0446,350.5171,350.6763,4459.0
2026-03-16 12:10:00,350.7759,351.2287,350.7759,350.8356,5458.0
2026-03-16 12:15:00,351.0098,351.373,350.6763,351.0147,3564.0
2026-03-16 12:20:00,350.8008,350.8157,350.328,350.4474,6200.0
2026-03-16 12:25:00,350.537,350.8555,350.2235,350.547,7623.0
2026-03-16 12:30:00,350.5773,351.1491,350.1737,350.4275,4457.0
2026-03-16 12:35:00,350.4947,350.6913,349.9747,350.0394,4274.0
2026-03-16 12:40:00,350.0493,350.6465,349.9597,350.4425,6093.0
2026-03-16 12:45:00,350.3778,350.5469,350.2533,350.2782,3013.0
2026-03-16 12:50:00,350.3977,350.6782,350.2484,350.3579,5986.0
2026-03-16 12:55:00,350.6017,350.965,350.6017,350.6365,5072.0
2026-03-16 13:00:00,350.6017,351.3034,350.5868,350.5868,8875.0
2026-03-16 13:05:00,350.8654,351.0048,350.7261,350.8256,3810.0
2026-03-16 13:10:00,350.955,351.6617,350.955,351.5772,5271.0
2026-03-16 13:15:00,351.4427,351.6599,351.373,351.5721,4090.0
2026-03-16 13:20:00,351.582,352.2091,351.582,352.2091,7315.0
2026-03-16 13:25:00,352.1145,352.3882,352.0001,352.0001,5854.0
2026-03-16 13:30:00,352.1294,352.3185,351.831,351.9951,6691.0
2026-03-16 13:35:00,352.0597,352.2389,351.831,352.1593,7016.0
2026-03-16 13:40:00,352.1991,352.229,351.8707,352.0001,8311.0
2026-03-16 13:45:00,352.1394,352.2837,351.3581,351.3581,5596.0
2026-03-16 13:50:00,351.3133,351.4925,351.169,351.3233,6874.0
2026-03-16 13:55:00,351.4178,351.9105,351.3531,351.9055,5741.0
2026-03-16 14:00:00,351.9055,352.1494,351.8381,352.1095,6707.0
2026-03-16 14:05:00,352.1145,352.1484,351.8408,352.0782,4051.0
2026-03-16 14:10:00,351.9802,352.1195,351.601,351.9482,4756.0
2026-03-16 14:15:00,352.0001,352.4081,351.8868,352.3982,3835.0
2026-03-16 14:20:00,352.4181,352.5465,352.2439,352.3203,7915.0
2026-03-16 14:25:00,352.4181,352.5574,352.1892,352.3982,6696.0
2026-03-16 14:30:00,352.3982,352.4977,352.1494,352.3683,8220.0
2026-03-16 14:35:00,352.3783,352.3783,351.9901,352.2489,5723.0
2026-03-16 14:40:00,352.2986,352.5425,352.1777,352.3534,5339.0
2026-03-16 14:45:00,352.4081,352.428,352.1861,352.3385,7897.0
2026-03-16 14:50:00,352.2091,352.3982,352.0498,352.234,5281.0
2026-03-16 14:55:00,352.234,352.6569,352.1024,352.6569,5378.0
2026-03-16 15:00:00,352.6967,353.3238,352.5457,352.9804,19226.0
2026-03-16 15:05:00,353.0949,353.284,352.8311,353.274,10617.0
2026-03-16 15:10:00,353.3238,353.4034,352.7465,353.0152,10872.0
2026-03-16 15:15:00,352.9953,353.3437,352.8651,352.9754,7347.0
2026-03-16 15:20:00,352.9008,353.6124,352.9008,353.4283,6892.0
2026-03-16 15:25:00,353.2641,353.4034,352.9157,353.2392,12888.0
2026-03-16 15:30:00,353.0949,353.2442,352.8958,353.0148,14925.0
2026-03-16 15:35:00,352.8958,353.0551,352.5475,352.9356,16625.0
2026-03-16 15:40:00,352.866,353.1148,352.438,352.5923,16097.0
2026-03-16 15:45:00,352.6271,352.7266,352.1892,352.4828,17842.0
2026-03-16 15:50:00,352.4181,352.9605,352.0001,352.6769,38285.0
2026-03-16 15:55:00,352.6968,353.1048,352.4678,352.5873,157306.0
2026-03-17 09:30:00,353.0799,354.2892,352.2091,354.0055,32231.0
2026-03-17 09:35:00,354.12,354.12,352.4977,353.8214,6409.0
2026-03-17 09:40:00,353.8115,355.1043,353.8115,354.3489,11538.0
2026-03-17 09:45:00,354.2892,354.6923,353.3337,353.3735,9677.0
2026-03-17 09:50:00,353.3437,353.9807,353.1546,353.9757,8097.0
2026-03-17 09:55:00,353.901,354.3987,353.5029,353.5626,10623.0
2026-03-17 10:00:00,353.5527,354.0105,351.8707,351.9503,14512.0
2026-03-17 10:05:00,351.9503,351.9503,350.7162,351.2785,8962.0
2026-03-17 10:10:00,351.2038,352.5175,351.2038,352.2638,4779.0
2026-03-17 10:15:00,352.01,352.7864,351.9204,352.02,11005.0
2026-03-17 10:20:00,351.7911,352.4835,351.0147,351.2237,8329.0
2026-03-17 10:25:00,351.0297,351.6815,350.6166,351.4477,7484.0
2026-03-17 10:30:00,351.4527,352.01,350.9152,351.9702,7709.0
2026-03-17 10:35:00,352.0896,352.5873,351.7033,352.219,4768.0
2026-03-17 10:40:00,352.219,352.9306,351.8508,352.6868,4325.0
2026-03-17 10:45:00,352.7515,353.0939,352.6271,353.0939,4380.0
2026-03-17 10:50:00,352.861,353.0949,352.5674,352.7316,6028.0
2026-03-17 10:55:00,352.7366,353.0551,352.4778,352.637,4787.0
2026-03-17 11:00:00,352.637,353.0053,352.4479,352.7067,4945.0
2026-03-17 11:05:00,352.5226,353.0202,352.5226,353.0202,5893.0
2026-03-17 11:10:00,352.846,352.9555,352.0201,352.7515,10790.0
2026-03-17 11:15:00,352.7565,353.6323,352.7565,353.6224,2835.0
2026-03-17 11:20:00,353.6323,353.6323,353.1596,353.2641,8006.0
2026-03-17 11:25:00,353.2641,353.3842,353.075,353.2093,9314.0
2026-03-17 11:30:00,353.2093,353.483,353.1247,353.1546,3323.0
2026-03-17 11:35:00,353.1596,353.1596,352.4081,352.4778,4917.0
2026-03-17 11:40:00,352.5674,352.5674,352.3185,352.4877,4161.0
2026-03-17 11:45:00,352.5873,352.6769,352.4579,352.5823,6963.0
2026-03-17 11:50:00,352.7067,353.1048,352.634,352.6719,9535.0
2026-03-17 11:55:00,352.6719,352.6719,352.3484,352.428,2194.0
2026-03-17 12:00:00,352.4579,352.4977,351.9901,352.1991,2768.0
2026-03-17 12:05:00,352.1842,352.4977,351.9902,352.4977,3605.0
2026-03-17 12:10:00,352.4181,352.637,352.3036,352.5972,3174.0
2026-03-17 12:15:00,352.6968,352.9555,352.4479,352.9555,5296.0
2026-03-17 12:20:00,352.9406,352.9655,352.6769,352.8261,3960.0
2026-03-17 12:25:00,352.8759,352.8759,352.3285,352.4579,5033.0
2026-03-17 12:30:00,352.4579,352.5674,352.2091,352.5176,6146.0
2026-03-17 12:35:00,352.5674,352.7565,352.3783,352.3783,3799.0
2026-03-17 12:40:00,352.4678,352.5226,352.3086,352.4579,2390.0
2026-03-17 12:45:00,352.5873,352.8062,352.5276,352.8062,3629.0
2026-03-17 12:50:00,352.7673,353.1745,352.7673,353.0949,7108.0
2026-03-17 12:55:00,353.2093,353.3835,353.075,353.1696,3388.0
2026-03-17 13:00:00,353.1844,353.7816,353.1347,353.6672,5709.0
2026-03-17 13:05:00,353.6672,354.1001,353.6323,354.1001,2831.0
2026-03-17 13:10:00,353.911,354.1698,353.7866,354.13,7667.0
2026-03-17 13:15:00,354.2743,354.329,353.9509,354.2529,9041.0
2026-03-17 13:20:00,354.1399,354.1399,353.6622,353.6622,6668.0
2026-03-17 13:25:00,353.7617,353.8413,353.1446,353.1596,4038.0
2026-03-17 13:30:00,353.1745,353.5925,353.0849,353.5925,7832.0
2026-03-17 13:35:00,353.4482,353.4731,353.075,353.0899,8287.0
2026-03-17 13:40:00,353.0401,353.3337,352.7863,352.9157,2961.0
2026-03-17 13:45:00,352.8859,353.0152,352.647,352.851,4622.0
2026-03-17 13:50:00,352.851,353.0152,352.7067,352.7565,5796.0
2026-03-17 13:55:00,352.8759,353.0949,352.6818,353.0949,6838.0
2026-03-17 14:00:00,352.8859,353.7402,352.8859,353.7318,4215.0
2026-03-17 14:05:00,353.6323,353.702,353.4532,353.5726,6646.0
2026-03-17 14:10:00,353.6114,353.7518,353.3138,353.3138,7347.0
2026-03-17 14:15:00,353.3238,353.692,353.1347,353.2342,9690.0
2026-03-17 14:20:00,353.2939,353.3138,352.7515,352.7515,5547.0
2026-03-17 14:25:00,352.8759,352.9207,352.647,352.846,3381.0
2026-03-17 14:30:00,352.7565,353.4034,352.7565,353.4034,3763.0
2026-03-17 14:35:00,353.0751,353.1944,352.856,353.1944,5037.0
2026-03-17 14:40:00,353.0949,353.0949,352.9605,352.9854,3764.0
2026-03-17 14:45:00,353.0949,353.2043,352.8759,353.2043,3526.0
2026-03-17 14:50:00,353.1197,353.5527,353.0053,353.5129,4714.0
2026-03-17 14:55:00,353.493,353.493,353.075,353.1745,8658.0
2026-03-17 15:00:00,353.2939,353.6622,353.2043,353.6423,5493.0
2026-03-17 15:05:00,353.6025,353.702,353.1446,353.1446,6632.0
2026-03-17 15:10:00,353.1546,353.5129,353.085,353.4183,7604.0
2026-03-17 15:15:00,353.4283,353.692,353.4026,353.6026,7332.0
2026-03-17 15:20:00,353.6323,353.6323,353.3636,353.5189,5383.0
2026-03-17 15:25:00,353.493,353.6025,353.4035,353.5477,7529.0
2026-03-17 15:30:00,353.5527,353.8911,353.5527,353.8911,5507.0
2026-03-17 15:35:00,353.901,354.2195,353.8961,354.12,15871.0
2026-03-17 15:40:00,354.12,354.1897,353.9708,354.0537,8861.0
2026-03-17 15:45:00,354.0852,354.5778,354.0653,354.3688,15573.0
2026-03-17 15:50:00,354.4186,354.6077,354.1797,354.5778,21271.0
2026-03-17 15:55:00,354.6375,354.9162,354.2295,354.6575,67970.0
2026-03-18 09:30:00,355.4935,356.9106,355.0747,356.2001,21675.0
2026-03-18 09:35:00,355.9017,356.3096,355.0655,355.8468,7151.0
2026-03-18 09:40:00,355.8468,356.1504,355.7277,356.0707,3766.0
2026-03-18 09:45:00,355.5233,356.439,355.3143,355.797,6423.0
2026-03-18 09:50:00,356.1305,356.7873,355.7324,356.3594,5493.0
2026-03-18 09:55:00,355.8816,356.5584,355.3243,356.5038,8894.0
2026-03-18 10:00:00,356.7873,356.7873,355.2049,355.2049,4344.0
2026-03-18 10:05:00,355.4985,356.1601,355.1949,355.4338,3749.0
2026-03-18 10:10:00,355.8119,356.2599,355.165,356.2599,6013.0
2026-03-18 10:15:00,355.7124,356.2499,355.4761,355.6129,3306.0
2026-03-18 10:20:00,355.6328,355.7755,355.3342,355.4587,10047.0
2026-03-18 10:25:00,355.6229,355.7722,354.966,355.0954,4826.0
2026-03-18 10:30:00,355.3442,355.593,354.9361,354.9461,10206.0
2026-03-18 10:35:00,354.9461,354.9461,354.543,354.8316,5161.0
2026-03-18 10:40:00,354.7669,355.1252,354.6475,355.1252,6301.0
2026-03-18 10:45:00,355.1899,355.6627,355.1899,355.379,10150.0
2026-03-18 10:50:00,355.379,355.5233,354.7868,355.5034,5477.0
2026-03-18 10:55:00,355.6627,355.9513,355.6527,355.8418,5336.0
2026-03-18 11:00:00,355.8418,356.3345,355.3741,355.9911,9894.0
2026-03-18 11:05:00,356.0409,356.2599,355.9115,356.0409,4900.0
2026-03-18 11:10:00,356.0409,356.0409,355.5283,355.6254,4363.0
2026-03-18 11:15:00,355.7324,355.9016,354.8167,354.8167,4050.0
2026-03-18 11:20:00,354.7669,354.7669,353.9209,354.5231,7351.0
2026-03-18 11:25:00,354.548,354.6674,354.0702,354.0702,5304.0
2026-03-18 11:30:00,353.9309,354.5977,353.4432,354.0901,32009.0
2026-03-18 11:35:00,354.0901,354.4684,354.0105,354.4136,3827.0
2026-03-18 11:40:00,354.4236,354.5521,354.0105,354.3091,10814.0
2026-03-18 11:45:00,354.3091,354.4484,353.7866,353.9508,3796.0
2026-03-18 11:50:00,353.9808,354.1996,353.8413,354.1996,3894.0
2026-03-18 11:55:00,354.1897,354.2891,353.9807,354.2891,4278.0
2026-03-18 12:00:00,354.1747,354.1747,353.824,354.0802,5657.0
2026-03-18 12:05:00,354.0105,354.2295,353.8314,353.8363,6431.0
2026-03-18 12:10:00,353.8712,354.2194,353.6323,354.1996,7253.0
2026-03-18 12:15:00,354.2096,354.2195,353.702,353.702,5098.0
2026-03-18 12:20:00,353.8612,354.1897,353.7418,353.901,15120.0
2026-03-18 12:25:00,354.1462,354.1462,353.2043,353.7917,15045.0
2026-03-18 12:30:00,353.8513,354.0304,353.6423,353.7866,6203.0
2026-03-18 12:35:00,353.6423,354.2792,353.4787,354.2693,3567.0
2026-03-18 12:40:00,354.2593,354.3987,354.2593,354.3539,3380.0
2026-03-18 12:45:00,354.3589,354.548,354.2295,354.548,4182.0
2026-03-18 12:50:00,354.4534,354.8814,354.4385,354.5977,4422.0
2026-03-18 12:55:00,354.5679,354.6077,353.901,353.9906,7096.0
2026-03-18 13:00:00,354.0752,354.2992,353.8861,354.2992,7103.0
2026-03-18 13:05:00,354.1499,354.334,354.1399,354.2295,11247.0
2026-03-18 13:10:00,354.2892,354.3489,353.906,354.0155,4918.0
2026-03-18 13:15:00,353.9259,354.4883,353.9259,354.3838,5717.0
2026-03-18 13:20:00,354.3838,354.5977,354.1698,354.2593,7999.0
2026-03-18 13:25:00,354.2643,354.2643,353.7792,353.9807,6121.0
2026-03-18 13:30:00,353.9209,353.9359,353.5328,353.9359,11050.0
2026-03-18 13:35:00,353.9359,354.1996,353.9209,354.1723,6703.0
2026-03-18 13:40:00,354.0901,354.12,353.7219,354.0255,8546.0
2026-03-18 13:45:00,354.0205,354.2295,353.9111,354.1897,6267.0
2026-03-18 13:50:00,354.1001,354.2992,353.9707,354.2245,7638.0
2026-03-18 13:55:00,354.2245,354.5579,354.1897,354.5181,8693.0
2026-03-18 14:00:00,354.548,354.7389,354.2992,354.6351,12904.0
2026-03-18 14:05:00,354.6176,354.8764,354.3788,354.8714,12453.0
2026-03-18 14:10:00,354.8814,355.1053,354.8814,355.1053,3485.0
2026-03-18 14:15:00,355.1053,355.1053,354.4385,354.6375,11017.0
2026-03-18 14:20:00,354.946,355.0257,354.7122,354.966,4682.0
2026-03-18 14:25:00,354.9063,355.1948,354.7271,355.0406,5834.0
2026-03-18 14:30:00,355.175,355.2098,354.5679,354.5679,15575.0
2026-03-18 14:35:00,354.6475,355.1153,354.4783,354.4783,6976.0
2026-03-18 14:40:00,354.3589,354.7271,354.2494,354.5579,4245.0
2026-03-18 14:45:00,354.5579,354.7669,354.3141,354.5529,6998.0
2026-03-18 14:50:00,354.538,354.548,353.1247,353.8214,13039.0
2026-03-18 14:55:00,353.7468,354.14,353.6423,353.702,7089.0
2026-03-18 15:00:00,353.8413,354.2992,353.8314,354.2992,5186.0
2026-03-18 15:05:00,354.1897,354.275,353.9707,354.0852,9778.0
2026-03-18 15:10:00,354.0951,354.0951,353.5826,353.8513,5992.0
2026-03-18 15:15:00,353.8363,353.9508,353.6174,353.8463,3860.0
2026-03-18 15:20:00,353.8463,353.8771,353.1745,353.2939,8617.0
2026-03-18 15:25:00,353.2143,353.4034,353.1844,353.3238,4801.0
2026-03-18 15:30:00,353.2143,353.3935,353.0053,353.2143,7426.0
2026-03-18 15:35:00,353.1944,353.3536,352.9804,352.9804,8129.0
2026-03-18 15:40:00,352.9804,352.9804,352.4579,352.7266,12054.0
2026-03-18 15:45:00,352.7316,353.2392,352.6072,353.0849,19892.0
2026-03-18 15:50:00,353.0998,354.1698,353.06,353.6721,46799.0
2026-03-18 15:55:00,353.6771,353.6771,351.7612,351.9105,184933.0
2026-03-19 09:30:00,348.3474,349.5417,346.3568,349.0839,28241.0
2026-03-19 09:35:00,348.9744,349.5616,347.9891,348.5763,9030.0
2026-03-19 09:40:00,348.5279,348.9446,347.0237,347.5512,12808.0
2026-03-19 09:45:00,347.6606,347.7502,346.944,347.4019,12382.0
2026-03-19 09:50:00,347.7801,347.8,346.0682,347.6756,8898.0
2026-03-19 09:55:00,347.4815,347.8498,347.2028,347.7104,5968.0
2026-03-19 10:00:00,347.7602,348.1384,346.9739,347.5611,8804.0
2026-03-19 10:05:00,347.4765,347.7005,346.7201,347.3073,7404.0
2026-03-19 10:10:00,347.3073,347.3073,345.5706,346.1379,11390.0
2026-03-19 10:15:00,346.0782,346.1528,345.3616,345.6682,7881.0
2026-03-19 10:20:00,345.8443,346.3956,345.5009,345.5805,8833.0
2026-03-19 10:25:00,345.3715,345.5805,344.6848,344.9087,6145.0
2026-03-19 10:30:00,344.9087,346.7549,344.7345,346.6057,13146.0
2026-03-19 10:35:00,346.7649,347.5874,346.7649,346.8197,7331.0
2026-03-19 10:40:00,346.7649,347.2227,346.6156,346.8943,9330.0
2026-03-19 10:45:00,346.9042,347.1132,346.4763,346.5459,9180.0
2026-03-19 10:50:00,346.5459,346.5459,345.481,345.5557,6751.0
2026-03-19 10:55:00,345.4412,345.7995,345.2222,345.3616,7881.0
2026-03-19 11:00:00,345.2322,345.7696,345.1376,345.3964,11380.0
2026-03-19 11:05:00,345.4262,345.9388,345.3516,345.4909,7550.0
2026-03-19 11:10:00,345.5208,345.8393,345.3914,345.6751,11703.0
2026-03-19 11:15:00,345.7099,345.9388,345.3616,345.3715,4738.0
2026-03-19 11:20:00,345.2272,345.4213,344.2468,344.4509,8115.0
2026-03-19 11:25:00,344.3762,344.5852,344.3215,344.5327,8684.0
2026-03-19 11:30:00,344.2867,344.416,343.371,343.4606,24248.0
2026-03-19 11:35:00,343.4108,343.5601,341.9627,342.6146,17646.0
2026-03-19 11:40:00,342.6594,343.3511,342.6046,342.8982,8616.0
2026-03-19 11:45:00,342.734,343.6994,342.734,343.3909,7618.0
2026-03-19 11:50:00,343.4954,344.2767,343.4009,344.1822,7548.0
2026-03-19 11:55:00,344.2419,345.053,344.2369,344.6002,9317.0
2026-03-19 12:00:00,344.6002,345.6054,344.3663,345.3118,10744.0
2026-03-19 12:05:00,345.3666,345.5406,345.1427,345.4113,7260.0
2026-03-19 12:10:00,345.4611,345.9687,345.3367,345.9488,7319.0
2026-03-19 12:15:00,345.9786,346.1777,345.7696,345.8841,6852.0
2026-03-19 12:20:00,345.9587,346.1279,345.7995,346.0334,7815.0
2026-03-19 12:25:00,346.0334,346.3369,345.9687,346.327,7503.0
2026-03-19 12:30:00,346.3767,346.7549,346.1976,346.7549,5682.0
2026-03-19 12:35:00,346.7549,346.9789,346.4265,346.8545,6649.0
2026-03-19 12:40:00,346.8843,347.1829,346.8391,346.9241,6472.0
2026-03-19 12:45:00,346.9739,347.3771,346.628,347.2128,6197.0
2026-03-19 12:50:00,347.2526,347.2526,346.4962,346.9291,4712.0
2026-03-19 12:55:00,346.7052,347.0038,346.6355,347.0038,3026.0
2026-03-19 13:00:00,346.9241,347.173,346.9241,347.1232,4410.0
2026-03-19 13:05:00,347.2128,347.6557,347.1929,347.4417,5578.0
2026-03-19 13:10:00,347.4566,347.4666,346.8246,346.8246,3239.0
2026-03-19 13:15:00,346.8395,347.79,346.4564,347.6628,6755.0
2026-03-19 13:20:00,347.795,347.9194,347.5114,347.9194,3545.0
2026-03-19 13:25:00,347.9294,347.9294,347.1431,347.3422,3139.0
2026-03-19 13:30:00,347.1929,347.4218,347.0137,347.3621,3361.0
2026-03-19 13:35:00,347.173,347.3322,346.974,347.1929,5827.0
2026-03-19 13:40:00,347.1879,347.9692,347.1879,347.9692,3741.0
2026-03-19 13:45:00,348.004,348.2329,347.7005,348.1384,6287.0
2026-03-19 13:50:00,348.1682,348.7754,348.029,348.7754,3989.0
2026-03-19 13:55:00,348.6808,348.8351,348.4818,348.5265,3419.0
2026-03-19 14:00:00,348.6161,348.646,348.1583,348.3374,5253.0
2026-03-19 14:05:00,348.3374,348.5365,347.9592,348.009,8271.0
2026-03-19 14:10:00,348.1782,348.8649,348.0239,348.6957,6385.0
2026-03-19 14:15:00,348.6957,348.8848,348.2777,348.5763,6411.0
2026-03-19 14:20:00,348.6062,348.6062,348.2678,348.2777,4522.0
2026-03-19 14:25:00,348.3772,348.4156,347.5124,347.5124,4818.0
2026-03-19 14:30:00,347.6855,347.8249,347.5911,347.6905,3909.0
2026-03-19 14:35:00,347.6109,347.8099,347.2824,347.8099,4514.0
2026-03-19 14:40:00,347.8746,347.8746,347.2824,347.4715,5296.0
2026-03-19 14:45:00,347.4715,347.6407,347.3123,347.4516,3213.0
2026-03-19 14:50:00,347.4516,347.805,347.377,347.7303,3616.0
2026-03-19 14:55:00,347.79,348.6559,347.7303,348.5464,5768.0
2026-03-19 15:00:00,348.6111,349.6313,348.5365,349.5417,6954.0
2026-03-19 15:05:00,349.5616,350.3479,349.3526,349.6462,10283.0
2026-03-19 15:10:00,349.5119,350.2782,348.8251,349.1884,14894.0
2026-03-19 15:15:00,349.3427,349.6313,349.0789,349.3327,6593.0
2026-03-19 15:20:00,349.2033,349.2481,348.5066,348.5066,8733.0
2026-03-19 15:25:00,348.4071,348.4071,348.009,348.1483,7314.0
2026-03-19 15:30:00,348.0488,348.7555,347.9592,348.5166,9375.0
2026-03-19 15:35:00,348.5116,348.646,347.9692,348.646,9487.0
2026-03-19 15:40:00,348.6659,348.6748,348.2778,348.4867,7480.0
2026-03-19 15:45:00,348.4668,348.5167,348.1085,348.1782,11329.0
2026-03-19 15:50:00,348.0986,348.5904,348.0289,348.223,22217.0
2026-03-19 15:55:00,348.1881,348.2379,347.4516,347.9791,67238.0
2026-03-20 09:30:00,347.3621,350.3876,347.1332,347.8496,208676.0
2026-03-20 09:35:00,348.1588,348.8649,347.2436,347.3232,5600.0
2026-03-20 09:40:00,347.6905,348.0588,347.2426,348.0588,4788.0
2026-03-20 09:45:00,348.3275,348.6758,347.6806,347.6806,6420.0
2026-03-20 09:50:00,347.6806,347.9393,346.8843,347.586,9628.0
2026-03-20 09:55:00,347.586,348.0986,347.4566,347.5711,6625.0
2026-03-20 10:00:00,347.377,347.6955,346.964,347.591,10029.0
2026-03-20 10:05:00,347.6407,348.0687,347.3422,347.4566,7399.0
2026-03-20 10:10:00,347.2924,347.5263,347.0237,347.1829,8303.0
2026-03-20 10:15:00,347.2949,347.3224,346.5161,346.6604,7504.0
2026-03-20 10:20:00,346.4962,346.6256,345.9498,346.2474,5548.0
2026-03-20 10:25:00,346.2971,346.5559,346.0085,346.4165,5084.0
2026-03-20 10:30:00,346.3867,347.8,346.2274,347.8,8907.0
2026-03-20 10:35:00,347.4118,347.6208,347.0137,347.3471,6333.0
2026-03-20 10:40:00,347.0635,347.6606,346.8176,347.5014,9760.0
2026-03-20 10:45:00,347.2725,348.1085,347.0286,348.0538,5167.0
2026-03-20 10:50:00,348.0538,348.0588,346.2722,346.2722,8800.0
2026-03-20 10:55:00,346.3966,347.2625,346.0433,346.9839,8749.0
2026-03-20 11:00:00,346.9241,347.6656,346.8993,347.3919,4643.0
2026-03-20 11:05:00,347.4715,347.7005,347.0446,347.6955,5077.0
2026-03-20 11:10:00,347.6955,348.5753,347.6905,348.1881,5499.0
2026-03-20 11:15:00,348.218,348.417,347.8298,347.9543,8261.0
2026-03-20 11:20:00,347.8498,348.8201,347.5114,347.7303,7978.0
2026-03-20 11:25:00,347.7652,347.7925,346.7519,347.0187,4953.0
2026-03-20 11:30:00,347.3223,347.7801,346.9834,347.7253,4693.0
2026-03-20 11:35:00,347.7303,347.7303,347.1232,347.5617,6329.0
2026-03-20 11:40:00,347.5512,348.1334,347.5512,348.0588,19651.0
2026-03-20 11:45:00,348.0588,348.1633,347.4666,347.4715,19979.0
2026-03-20 11:50:00,347.4915,347.7005,346.9241,347.0386,8839.0
2026-03-20 11:55:00,347.0436,347.2625,346.6106,346.6106,6640.0
2026-03-20 12:00:00,346.5086,346.5086,346.1279,346.1677,6172.0
2026-03-20 12:05:00,346.0782,346.4763,345.7149,346.2085,10203.0
2026-03-20 12:10:00,346.2673,346.9839,346.2673,346.3668,8523.0
2026-03-20 12:15:00,346.4912,346.6122,346.2374,346.4763,3193.0
2026-03-20 12:20:00,346.2971,346.6355,346.2623,346.3767,4059.0
2026-03-20 12:25:00,346.5161,346.5161,346.1578,346.2921,3844.0
2026-03-20 12:30:00,346.1578,346.1578,345.4611,345.7547,6226.0
2026-03-20 12:35:00,345.894,346.2175,345.7298,345.9936,5104.0
2026-03-20 12:40:00,346.1477,346.5758,346.0533,346.4464,2828.0
2026-03-20 12:45:00,346.4564,346.6057,346.2772,346.5061,3788.0
2026-03-20 12:50:00,346.4713,346.6106,346.0483,346.3369,3646.0
2026-03-20 12:55:00,346.3021,346.7948,346.3021,346.4962,3379.0
2026-03-20 13:00:00,346.3469,346.3568,346.0727,346.1677,6217.0
2026-03-20 13:05:00,346.108,346.1379,345.5059,345.8393,5574.0
2026-03-20 13:10:00,346.0383,346.108,345.8094,345.9687,3857.0
2026-03-20 13:15:00,345.9687,346.0085,345.69,345.7263,3663.0
2026-03-20 13:20:00,345.8293,345.9786,345.6601,345.7945,4021.0
2026-03-20 13:25:00,345.6999,345.9786,345.691,345.909,3473.0
2026-03-20 13:30:00,345.899,345.9786,345.4909,345.4909,3566.0
2026-03-20 13:35:00,345.4909,345.7796,344.9634,345.4412,6282.0
2026-03-20 13:40:00,345.3974,345.6662,344.844,344.844,5171.0
2026-03-20 13:45:00,344.7942,345.0132,344.416,344.6599,13656.0
2026-03-20 13:50:00,344.5056,345.3515,344.417,345.2186,5562.0
2026-03-20 13:55:00,345.2371,345.3616,344.723,344.9137,4201.0
2026-03-20 14:00:00,344.8788,345.0132,344.4459,344.4459,6398.0
2026-03-20 14:05:00,344.3862,344.5056,344.1374,344.2667,11634.0
2026-03-20 14:10:00,344.1374,344.1573,343.8388,344.1573,5500.0
2026-03-20 14:15:00,344.1722,344.3265,343.5701,343.6994,5725.0
2026-03-20 14:20:00,343.9682,343.9682,342.8982,343.1172,7234.0
2026-03-20 14:25:00,343.1321,343.865,343.0426,343.5412,5653.0
2026-03-20 14:30:00,343.8985,344.2618,343.7791,344.0876,4221.0
2026-03-20 14:35:00,344.0378,344.0378,343.5153,343.6497,10645.0
2026-03-20 14:40:00,343.6895,343.6895,343.1232,343.55,7352.0
2026-03-20 14:45:00,343.4009,343.5501,343.2416,343.3411,8676.0
2026-03-20 14:50:00,343.4108,343.789,343.4009,343.7094,6273.0
2026-03-20 14:55:00,343.6746,343.6746,343.162,343.162,7075.0
2026-03-20 15:00:00,343.2018,343.5999,343.0227,343.1918,26509.0
2026-03-20 15:05:00,343.2565,343.3312,342.9107,343.2335,24428.0
2026-03-20 15:10:00,343.0824,343.1421,342.0473,342.943,16341.0
2026-03-20 15:15:00,342.7838,343.5203,342.6146,343.1471,16740.0
2026-03-20 15:20:00,343.1769,343.1769,342.4454,342.5798,23476.0
2026-03-20 15:25:00,342.6295,342.6295,342.097,342.3216,21145.0
2026-03-20 15:30:00,342.4553,342.9132,342.0821,342.535,31767.0
2026-03-20 15:35:00,342.6345,342.6444,341.4601,341.898,24215.0
2026-03-20 15:40:00,341.8681,342.3757,341.7885,342.2961,20333.0
2026-03-20 15:45:00,342.2712,342.4255,341.8383,341.9627,27302.0
2026-03-20 15:50:00,341.8383,343.9184,341.7885,343.9184,60188.0
2026-03-20 15:55:00,344.1274,344.4758,343.361,344.2767,163833.0
2026-03-23 09:30:00,348.8948,349.3427,346.5658,346.5658,28837.0
2026-03-23 09:35:00,346.2075,346.6057,345.3665,345.4611,6096.0
2026-03-23 09:40:00,345.4611,346.9938,344.9336,346.0582,11643.0
2026-03-23 09:45:00,345.6701,345.6701,341.2013,343.2964,24770.0
2026-03-23 09:50:00,343.2018,344.9435,342.7639,343.9731,18593.0
2026-03-23 09:55:00,343.799,346.1478,343.7492,346.0782,9485.0
2026-03-23 10:00:00,345.8393,348.6261,345.8393,347.5014,18455.0
2026-03-23 10:05:00,347.3322,347.4715,346.5061,347.1929,9409.0
2026-03-23 10:10:00,347.0933,347.3422,346.2075,346.8346,12604.0
2026-03-23 10:15:00,347.1232,347.3521,346.6156,347.3264,7103.0
2026-03-23 10:20:00,347.2426,348.436,347.0497,348.2877,5498.0
2026-03-23 10:25:00,348.0488,348.2379,347.5114,347.7104,7271.0
2026-03-23 10:30:00,347.372,348.009,347.2028,347.6358,7337.0
2026-03-23 10:35:00,347.6358,348.1782,347.6109,348.0488,5131.0
2026-03-23 10:40:00,347.9493,348.5863,347.9493,348.1682,5695.0
2026-03-23 10:45:00,348.228,349.1735,348.1085,348.7555,7145.0
2026-03-23 10:50:00,348.5464,348.9635,348.3872,348.5116,5190.0
2026-03-23 10:55:00,348.5116,348.9645,348.2081,348.9645,7496.0
2026-03-23 11:00:00,348.9545,349.6413,348.855,349.3427,7714.0
2026-03-23 11:05:00,349.273,349.487,349.1536,349.3277,3852.0
2026-03-23 11:10:00,349.4223,349.5417,349.1038,349.1635,7796.0
2026-03-23 11:15:00,349.2481,349.3924,348.9646,349.1685,4403.0
2026-03-23 11:20:00,349.3128,349.4721,348.86,349.3327,5377.0
2026-03-23 11:25:00,349.3725,349.5019,348.9247,349.0242,7523.0
2026-03-23 11:30:00,349.1337,349.3526,348.855,349.273,5794.0
2026-03-23 11:35:00,349.2531,349.5416,348.3474,348.3922,10344.0
2026-03-23 11:40:00,348.3674,348.9446,348.3674,348.8649,6867.0
2026-03-23 11:45:00,348.6957,348.8749,348.3573,348.8052,7399.0
2026-03-23 11:50:00,348.9545,349.1137,348.3175,348.7355,8278.0
2026-03-23 11:55:00,348.5962,348.8111,348.2479,348.3275,7999.0
2026-03-23 12:00:00,348.6559,348.8848,348.3374,348.4867,7808.0
2026-03-23 12:05:00,348.4071,348.6957,348.4071,348.5962,4984.0
2026-03-23 12:10:00,348.4569,348.7903,348.0986,348.4768,7288.0
2026-03-23 12:15:00,348.4867,348.7057,348.2479,348.2479,5892.0
2026-03-23 12:20:00,348.0986,348.6757,347.8498,348.3474,11508.0
2026-03-23 12:25:00,348.2777,348.5464,347.2327,347.3521,11741.0
2026-03-23 12:30:00,347.3521,348.1284,347.3521,348.0787,5629.0
2026-03-23 12:35:00,348.2578,348.7256,347.9592,348.2827,6976.0
2026-03-23 12:40:00,348.4668,349.1138,348.4668,349.1138,4056.0
2026-03-23 12:45:00,348.9645,349.273,348.4271,348.9346,2706.0
2026-03-23 12:50:00,348.8551,349.0043,348.6509,348.8152,3192.0
2026-03-23 12:55:00,348.9446,348.9645,348.4768,348.8291,4173.0
2026-03-23 13:00:00,348.9296,349.2531,348.8052,348.8052,3572.0
2026-03-23 13:05:00,348.6509,349.1984,348.631,349.1984,3406.0
2026-03-23 13:10:00,349.1436,349.1934,348.8251,348.8251,2405.0
2026-03-23 13:15:00,348.5863,348.6659,347.0933,347.7104,9368.0
2026-03-23 13:20:00,347.6009,347.8099,347.2476,347.5896,5820.0
2026-03-23 13:25:00,347.7005,347.9791,347.6601,347.8945,2757.0
2026-03-23 13:30:00,347.8298,348.8749,347.8298,348.8749,10108.0
2026-03-23 13:35:00,349.0142,349.2621,348.8749,349.2133,4101.0
2026-03-23 13:40:00,349.1984,349.1984,348.4171,348.9247,4663.0
2026-03-23 13:45:00,348.7455,349.243,348.4968,348.636,5037.0
2026-03-23 13:50:00,348.8948,349.3626,348.8201,349.283,4407.0
2026-03-23 13:55:00,349.2879,349.8254,349.2878,349.8204,8662.0
2026-03-23 14:00:00,349.7905,349.7905,349.3825,349.477,7365.0
2026-03-23 14:05:00,349.3825,349.482,348.5143,348.7893,6868.0
2026-03-23 14:10:00,348.9097,349.482,348.9097,349.2431,5349.0
2026-03-23 14:15:00,349.1436,349.3725,348.7644,348.9446,19240.0
2026-03-23 14:20:00,348.7564,348.8152,348.6012,348.7754,3002.0
2026-03-23 14:25:00,348.6161,348.6459,348.3673,348.5265,2609.0
2026-03-23 14:30:00,348.5365,348.845,348.437,348.845,4220.0
2026-03-23 14:35:00,348.9844,349.3118,348.8052,348.9545,6914.0
2026-03-23 14:40:00,348.9147,348.9147,348.4469,348.4469,2475.0
2026-03-23 14:45:00,348.4469,348.9943,348.3573,348.9147,4764.0
2026-03-23 14:50:00,349.0441,349.0639,348.6957,348.9744,6378.0
2026-03-23 14:55:00,348.9744,349.1536,348.9247,349.1486,3732.0
2026-03-23 15:00:00,349.0242,349.0929,348.6012,348.7953,8004.0
2026-03-23 15:05:00,348.9545,348.9545,348.4917,348.7156,12027.0
2026-03-23 15:10:00,348.8351,348.8351,348.1284,348.2578,9983.0
2026-03-23 15:15:00,348.3076,348.3872,347.8697,348.0985,5589.0
2026-03-23 15:20:00,348.0986,348.1483,347.601,347.7303,12712.0
2026-03-23 15:25:00,347.8199,347.8995,347.3621,347.7899,9296.0
2026-03-23 15:30:00,347.8398,347.9493,347.3123,347.3521,22806.0
2026-03-23 15:35:00,347.2227,347.3322,347.1132,347.2078,13321.0
2026-03-23 15:40:00,347.2128,347.7552,347.1829,347.7552,26631.0
2026-03-23 15:45:00,347.7303,347.7303,346.2772,346.8943,33338.0
2026-03-23 15:50:00,346.954,347.2924,346.0184,346.3767,33900.0
2026-03-23 15:55:00,346.4763,346.4862,345.4511,345.6203,126099.0
2026-03-24 09:30:00,342.6146,345.9587,342.1616,344.5255,29457.0
2026-03-24 09:35:00,344.5653,345.5108,343.5501,343.5501,9603.0
2026-03-24 09:40:00,343.9894,344.0428,342.6245,343.3511,9257.0
2026-03-24 09:45:00,343.3511,344.1573,342.8833,344.1573,8872.0
2026-03-24 09:50:00,344.1671,344.615,343.361,344.1075,7016.0
2026-03-24 09:55:00,344.217,344.8042,343.8488,344.6499,3626.0
2026-03-24 10:00:00,344.4658,345.2521,344.3464,344.7146,8630.0
2026-03-24 10:05:00,344.7047,345.3068,344.2916,344.528,10529.0
2026-03-24 10:10:00,344.7843,345.5158,344.7445,345.4412,7382.0
2026-03-24 10:15:00,345.6057,345.6104,344.2468,344.6549,6350.0
2026-03-24 10:20:00,344.3961,345.471,344.3961,345.3416,2705.0
2026-03-24 10:25:00,345.3416,345.3416,344.7942,345.1973,8893.0
2026-03-24 10:30:00,345.1973,345.4909,345.0232,345.1326,8378.0
2026-03-24 10:35:00,345.0332,345.0928,343.5402,343.7442,11282.0
2026-03-24 10:40:00,343.7492,344.4658,343.5501,344.4061,10788.0
2026-03-24 10:45:00,344.4857,344.7445,343.4904,343.4904,14158.0
2026-03-24 10:50:00,343.3909,345.2222,343.2018,344.0378,27652.0
2026-03-24 10:55:00,344.1324,345.0829,343.8487,344.9187,17190.0
2026-03-24 11:00:00,344.9236,345.6004,344.3364,344.3364,14587.0
2026-03-24 11:05:00,344.2916,344.3563,343.9881,344.1573,7605.0
2026-03-24 11:10:00,344.2966,344.4857,343.789,344.1274,7006.0
2026-03-24 11:15:00,344.2667,344.3364,344.0378,344.2916,5541.0
2026-03-24 11:20:00,344.4061,344.7345,344.0577,344.1672,13129.0
2026-03-24 11:25:00,344.3464,344.3563,343.789,343.9532,8191.0
2026-03-24 11:30:00,344.0279,344.1971,343.8487,344.0329,10086.0
2026-03-24 11:35:00,344.0378,344.2015,343.7492,343.8487,5910.0
2026-03-24 11:40:00,343.789,343.794,343.5004,343.59,8260.0
2026-03-24 11:45:00,343.5203,343.7889,343.4606,343.5203,9069.0
2026-03-24 11:50:00,343.6298,343.789,343.4108,343.6895,6479.0
2026-03-24 11:55:00,343.6895,343.6895,342.7639,342.9629,10915.0
2026-03-24 12:00:00,342.8087,342.8087,342.3558,342.4852,6409.0
2026-03-24 12:05:00,342.4952,343.0625,342.4404,343.0475,10216.0
2026-03-24 12:10:00,343.0326,343.5999,342.943,343.58,9662.0
2026-03-24 12:15:00,343.6596,344.2966,343.5203,344.2419,9863.0
2026-03-24 12:20:00,344.1971,344.7146,343.9682,344.6051,12861.0
2026-03-24 12:25:00,344.5355,344.5852,344.2867,344.2867,9490.0
2026-03-24 12:30:00,344.3961,344.5852,344.2269,344.2369,8872.0
2026-03-24 12:35:00,344.1374,344.1772,343.8686,343.9184,8131.0
2026-03-24 12:40:00,343.9284,344.5554,343.9284,344.4907,6227.0
2026-03-24 12:45:00,344.5902,344.7743,344.2767,344.3762,7505.0
2026-03-24 12:50:00,344.4359,344.7345,344.4359,344.625,5135.0
2026-03-24 12:55:00,344.5952,344.6649,344.3364,344.6649,4085.0
2026-03-24 13:00:00,344.6201,344.854,344.0976,344.1672,5724.0
2026-03-24 13:05:00,343.9284,344.0577,343.4506,343.4506,7359.0
2026-03-24 13:10:00,343.58,343.789,343.2665,343.6945,12585.0
2026-03-24 13:15:00,343.8388,344.0179,343.6497,343.6646,8224.0
2026-03-24 13:20:00,343.8089,344.1224,343.7791,344.0975,4919.0
2026-03-24 13:25:00,344.0976,344.1772,343.9781,344.0577,13545.0
2026-03-24 13:30:00,344.0776,344.2667,343.8089,343.8089,15963.0
2026-03-24 13:35:00,343.8288,344.0378,343.7791,344.008,5606.0
2026-03-24 13:40:00,343.9532,344.2269,343.5103,343.5302,10631.0
2026-03-24 13:45:00,343.59,343.9483,343.5601,343.8836,8456.0
2026-03-24 13:50:00,343.8885,344.1175,343.7044,343.794,8646.0
2026-03-24 13:55:00,343.794,344.2966,343.789,344.1573,26343.0
2026-03-24 14:00:00,344.1573,344.5454,344.0279,344.3613,24854.0
2026-03-24 14:05:00,344.3663,344.5454,344.2369,344.431,12812.0
2026-03-24 14:10:00,344.431,344.645,344.176,344.2767,19661.0
2026-03-24 14:15:00,344.2767,344.4359,343.9682,344.3563,22809.0
2026-03-24 14:20:00,344.4061,344.4335,344.1175,344.3862,21955.0
2026-03-24 14:25:00,344.3912,344.7742,344.3862,344.5454,32213.0
2026-03-24 14:30:00,344.5454,344.9435,344.4658,344.7096,18981.0
2026-03-24 14:35:00,344.7643,346.7749,344.6997,346.7649,17388.0
2026-03-24 14:40:00,346.5957,346.5957,345.7298,345.909,7562.0
2026-03-24 14:45:00,345.909,346.5658,345.7995,346.5658,22142.0
2026-03-24 14:50:00,346.5211,346.7052,346.0891,346.4215,10845.0
2026-03-24 14:55:00,346.3693,346.5957,346.2125,346.3865,6363.0
2026-03-24 15:00:00,346.4663,346.7749,346.332,346.4165,6448.0
2026-03-24 15:05:00,346.4514,346.5559,345.6502,346.0085,6391.0
2026-03-24 15:10:00,345.9488,346.4165,345.9488,346.3867,6985.0
2026-03-24 15:15:00,346.4016,346.4016,345.7895,346.0334,8003.0
2026-03-24 15:20:00,346.0383,346.0383,345.4113,345.5009,8034.0
2026-03-24 15:25:00,345.4909,345.5905,345.3616,345.5308,6798.0
2026-03-24 15:30:00,345.4909,345.9388,345.3914,345.9388,9860.0
2026-03-24 15:35:00,345.899,346.0085,345.5507,345.8094,15823.0
2026-03-24 15:40:00,345.8542,346.0184,345.5308,345.5308,11811.0
2026-03-24 15:45:00,345.5108,345.5606,345.1924,345.5606,10767.0
2026-03-24 15:50:00,345.5009,345.5805,345.1924,345.3864,14666.0
2026-03-24 15:55:00,345.3864,345.3864,344.4907,344.5952,73563.0
2026-03-25 09:30:00,347.9095,349.6114,346.7649,348.5763,40328.0
2026-03-25 09:35:00,348.5664,349.3427,348.3573,349.2332,8664.0
2026-03-25 09:40:00,349.283,349.6711,348.3972,348.4371,15964.0
2026-03-25 09:45:00,348.7704,349.0839,347.0734,347.1332,26485.0
2026-03-25 09:50:00,347.3521,348.0637,346.5907,347.372,80108.0
2026-03-25 09:55:00,347.3322,348.5365,347.3322,347.9095,12278.0
2026-03-25 10:00:00,348.2479,349.0242,347.4566,347.9891,8604.0
2026-03-25 10:05:00,347.8945,348.1732,347.0187,348.1732,7220.0
2026-03-25 10:10:00,348.2578,349.1138,347.7005,348.646,20371.0
2026-03-25 10:15:00,348.5265,349.1237,348.3374,348.9346,17629.0
2026-03-25 10:20:00,348.9346,348.9446,347.8995,347.9592,15024.0
2026-03-25 10:25:00,347.9642,348.8848,347.9642,348.8301,25036.0
2026-03-25 10:30:00,348.8301,348.9744,347.8995,347.9841,56773.0
2026-03-25 10:35:00,348.2329,348.5364,347.1132,347.1978,23138.0
2026-03-25 10:40:00,347.0336,347.6649,346.9291,347.2824,19244.0
2026-03-25 10:45:00,347.2775,347.3123,346.536,347.3123,10972.0
2026-03-25 10:50:00,347.1033,347.3521,347.0635,347.3223,9001.0
2026-03-25 10:55:00,347.2824,347.8896,347.2824,347.7452,7921.0
2026-03-25 11:00:00,347.7801,348.4469,347.7502,348.437,10247.0
2026-03-25 11:05:00,348.3076,348.845,348.228,348.5664,23109.0
2026-03-25 11:10:00,348.6261,348.7355,348.1583,348.1583,32437.0
2026-03-25 11:15:00,348.2877,348.2877,346.108,346.4763,12652.0
2026-03-25 11:20:00,346.4763,347.7005,346.3519,347.5412,16720.0
2026-03-25 11:25:00,347.5362,348.2379,347.5362,348.2379,10249.0
2026-03-25 11:30:00,348.3076,348.5066,348.1682,348.4818,7274.0
2026-03-25 11:35:00,348.3673,348.5166,347.9543,348.0389,10155.0
2026-03-25 11:40:00,347.9567,347.9567,347.3322,347.3919,10105.0
2026-03-25 11:45:00,347.3919,347.7602,347.3621,347.7353,7392.0
2026-03-25 11:50:00,347.7502,347.9493,347.6407,347.6407,10471.0
2026-03-25 11:55:00,347.6457,348.0389,347.5114,347.9294,10743.0
2026-03-25 12:00:00,347.8697,348.009,347.6407,347.8298,10523.0
2026-03-25 12:05:00,347.9144,348.0886,347.5014,347.8249,7089.0
2026-03-25 12:10:00,347.8249,347.8697,347.6308,347.8597,10693.0
2026-03-25 12:15:00,347.7602,347.8945,347.2426,347.7592,26907.0
2026-03-25 12:20:00,347.6706,348.2081,347.6706,348.2081,20781.0
2026-03-25 12:25:00,348.0787,348.4867,347.9095,347.9891,18792.0
2026-03-25 12:30:00,348.0687,348.2877,347.9095,348.1682,6056.0
2026-03-25 12:35:00,348.2429,348.2926,347.9692,347.9692,5476.0
2026-03-25 12:40:00,347.9592,348.2532,347.8896,347.8896,7427.0
2026-03-25 12:45:00,347.8896,347.8896,347.372,347.6407,12262.0
2026-03-25 12:50:00,347.6507,348.646,347.4516,348.641,27857.0
2026-03-25 12:55:00,348.6908,348.6908,348.4469,348.4967,6643.0
2026-03-25 13:00:00,348.5265,348.8251,348.2678,348.641,14792.0
2026-03-25 13:05:00,348.641,348.7057,348.4867,348.6161,11999.0
2026-03-25 13:10:00,348.6161,348.6261,348.218,348.3922,19686.0
2026-03-25 13:15:00,348.3922,348.7853,348.1981,348.6111,17529.0
2026-03-25 13:20:00,348.6111,348.7654,348.3972,348.5265,14108.0
2026-03-25 13:25:00,348.5664,349.0192,348.5464,348.9947,7923.0
2026-03-25 13:30:00,348.9943,348.9993,348.4469,348.8326,28635.0
2026-03-25 13:35:00,348.7754,349.3128,348.6858,349.2332,53167.0
2026-03-25 13:40:00,349.2382,350.0593,349.0242,350.0593,25802.0
2026-03-25 13:45:00,350.1737,350.8057,349.9996,350.527,33055.0
2026-03-25 13:50:00,350.527,350.965,350.1439,350.3977,19521.0
2026-03-25 13:55:00,350.2286,351.2934,350.2285,350.8356,15632.0
2026-03-25 14:00:00,350.8455,351.8607,350.7398,351.7413,19788.0
2026-03-25 14:05:00,351.6816,352.428,351.6816,352.0896,11760.0
2026-03-25 14:10:00,352.1444,352.2837,351.7711,352.1394,14525.0
2026-03-25 14:15:00,351.9305,352.3683,351.8906,352.0598,29119.0
2026-03-25 14:20:00,351.9951,351.9951,351.2038,351.7015,18206.0
2026-03-25 14:25:00,351.801,351.801,351.4427,351.5522,8989.0
2026-03-25 14:30:00,351.7114,352.0747,351.7114,351.9652,6906.0
2026-03-25 14:35:00,351.9997,352.3385,351.9304,352.3086,9042.0
2026-03-25 14:40:00,352.3385,352.3484,352.0001,352.1294,9479.0
2026-03-25 14:45:00,352.02,352.0697,351.6965,351.811,7216.0
2026-03-25 14:50:00,351.8408,352.1494,351.801,352.1394,7313.0
2026-03-25 14:55:00,352.1494,352.1494,351.4626,351.5373,19006.0
2026-03-25 15:00:00,351.5323,351.6219,351.1143,351.272,14468.0
2026-03-25 15:05:00,351.2287,351.6119,351.2287,351.4427,7427.0
2026-03-25 15:10:00,351.3432,351.3979,350.9551,350.9551,6848.0
2026-03-25 15:15:00,351.2038,351.3083,351.0645,351.2337,7533.0
2026-03-25 15:20:00,351.2237,351.5124,351.1441,351.383,13671.0
2026-03-25 15:25:00,351.3681,351.7015,351.0645,351.5472,12961.0
2026-03-25 15:30:00,351.4726,351.7512,351.2536,351.2934,17979.0
2026-03-25 15:35:00,351.2536,351.2536,350.4872,350.8853,16243.0
2026-03-25 15:40:00,350.7659,350.9451,350.5569,350.7759,11404.0
2026-03-25 15:45:00,350.7261,350.7659,350.4375,350.7261,16797.0
2026-03-25 15:50:00,350.7858,351.3631,350.547,351.3631,39290.0
2026-03-25 15:55:00,351.3929,351.7413,350.6763,350.9749,79228.0
2026-03-26 09:30:00,350.2882,352.3285,350.0642,350.2981,17787.0
2026-03-26 09:35:00,351.5223,352.1294,350.5569,351.1939,9807.0
2026-03-26 09:40:00,351.3891,351.847,350.5569,351.3133,9753.0
2026-03-26 09:45:00,351.4726,352.6221,351.4726,352.5773,10827.0
2026-03-26 09:50:00,352.637,352.7465,352.1344,352.1344,10146.0
2026-03-26 09:55:00,352.0896,352.9555,352.0847,352.8162,7808.0
2026-03-26 10:00:00,352.856,353.1148,352.1494,352.9207,12615.0
2026-03-26 10:05:00,352.9207,352.9207,352.0598,352.7216,16545.0
2026-03-26 10:10:00,352.8162,353.0949,352.3185,353.0949,11099.0
2026-03-26 10:15:00,353.0949,353.2939,352.4479,352.4977,10785.0
2026-03-26 10:20:00,352.4726,353.0849,352.3285,352.9257,8908.0
2026-03-26 10:25:00,352.9854,353.4134,352.9754,353.1894,9929.0
2026-03-26 10:30:00,353.2317,353.74,353.1894,353.6323,12484.0
2026-03-26 10:35:00,353.483,353.483,352.5574,352.5574,11553.0
2026-03-26 10:40:00,352.7863,353.4181,351.8209,351.9254,21076.0
2026-03-26 10:45:00,352.1095,352.5126,351.8707,352.1643,11660.0
2026-03-26 10:50:00,352.2887,352.6719,351.9702,352.1593,10100.0
2026-03-26 10:55:00,351.8508,351.8508,351.4029,351.7612,6490.0
2026-03-26 11:00:00,351.8309,352.3783,351.6716,352.2688,8349.0
2026-03-26 11:05:00,352.2688,352.6769,352.1494,352.224,9135.0
2026-03-26 11:10:00,352.3733,353.1546,352.3733,352.7127,13164.0
2026-03-26 11:15:00,352.7714,352.9854,352.428,352.6072,8208.0
2026-03-26 11:20:00,352.647,353.074,352.5375,352.9107,12760.0
2026-03-26 11:25:00,353.075,353.5975,353.0202,353.1944,16437.0
2026-03-26 11:30:00,353.1645,353.3935,352.9555,353.3686,31399.0
2026-03-26 11:35:00,353.5029,353.8612,353.5029,353.6423,9604.0
2026-03-26 11:40:00,353.6423,353.8115,352.4927,352.4927,18640.0
2026-03-26 11:45:00,352.6569,353.2442,352.3683,352.8311,14957.0
2026-03-26 11:50:00,352.8311,353.483,352.8311,353.483,6651.0
2026-03-26 11:55:00,353.483,353.7916,353.3935,353.5428,6785.0
2026-03-26 12:00:00,353.5427,353.7119,353.4233,353.6323,4211.0
2026-03-26 12:05:00,353.7119,354.13,353.5029,354.13,10646.0
2026-03-26 12:10:00,354.13,354.2295,353.7965,353.9657,4097.0
2026-03-26 12:15:00,353.9558,353.9558,353.3835,353.6373,12020.0
2026-03-26 12:20:00,353.6323,353.6323,353.0949,353.5129,13588.0
2026-03-26 12:25:00,353.6025,353.6025,352.866,352.9953,22921.0
2026-03-26 12:30:00,352.9953,353.065,352.7465,353.0451,13453.0
2026-03-26 12:35:00,352.9058,352.9879,352.637,352.7565,11249.0
2026-03-26 12:40:00,352.8859,353.5427,352.6271,353.5427,16336.0
2026-03-26 12:45:00,353.5228,353.6224,352.8112,352.8112,12561.0
2026-03-26 12:50:00,352.8809,353.5626,352.8062,353.5029,6459.0
2026-03-26 12:55:00,353.488,353.901,353.1645,353.8961,9230.0
2026-03-26 13:00:00,353.9906,354.2593,353.8961,354.1324,7216.0
2026-03-26 13:05:00,354.1897,354.2195,353.8861,354.1698,5808.0
2026-03-26 13:10:00,354.1797,354.2046,353.8612,353.9906,7097.0
2026-03-26 13:15:00,353.9906,353.9956,353.6721,353.7816,3782.0
2026-03-26 13:20:00,353.7816,353.9009,353.1049,353.4432,9480.0
2026-03-26 13:25:00,353.3885,353.8712,352.5773,353.8712,21099.0
2026-03-26 13:30:00,353.911,353.9309,353.6423,353.7617,7412.0
2026-03-26 13:35:00,353.7617,354.6077,353.7518,354.5778,13773.0
2026-03-26 13:40:00,354.3191,354.4385,354.0877,354.115,6632.0
2026-03-26 13:45:00,354.2394,354.7371,354.2096,354.3141,7112.0
2026-03-26 13:50:00,354.1797,354.1797,353.8214,353.9707,7392.0
2026-03-26 13:55:00,353.9906,354.2892,353.6721,353.9807,15721.0
2026-03-26 14:00:00,353.916,354.7271,353.916,354.5082,12465.0
2026-03-26 14:05:00,354.5082,354.6176,354.1708,354.3987,6829.0
2026-03-26 14:10:00,354.3987,354.3987,353.7926,354.1499,8184.0
2026-03-26 14:15:00,354.1499,354.2096,353.9906,354.125,5935.0
2026-03-26 14:20:00,354.2096,354.2992,353.8722,354.1399,12350.0
2026-03-26 14:25:00,354.1051,354.2892,353.909,353.9956,7068.0
2026-03-26 14:30:00,353.9906,354.329,353.9856,354.2494,9985.0
2026-03-26 14:35:00,354.1946,354.4982,354.1946,354.3041,15968.0
2026-03-26 14:40:00,354.1997,354.5181,354.1996,354.4484,13537.0
2026-03-26 14:45:00,354.5032,354.6176,354.2892,354.4037,9053.0
2026-03-26 14:50:00,354.4981,354.4981,354.2494,354.3589,7806.0
2026-03-26 14:55:00,354.3589,354.4684,353.9906,353.9906,9645.0
2026-03-26 15:00:00,354.0205,354.1996,353.5925,353.6821,10212.0
2026-03-26 15:05:00,353.6821,353.7816,353.3536,353.4432,9386.0
2026-03-26 15:10:00,353.4333,353.7518,353.3536,353.7219,11902.0
2026-03-26 15:15:00,353.702,353.8115,353.4333,353.5104,15186.0
2026-03-26 15:20:00,353.5179,353.692,353.2143,353.493,17208.0
2026-03-26 15:25:00,353.4432,353.4631,352.5077,352.6868,19803.0
2026-03-26 15:30:00,352.6669,352.6669,351.7214,351.9155,24921.0
2026-03-26 15:35:00,351.9005,351.9802,351.4626,351.4775,19908.0
2026-03-26 15:40:00,351.6219,351.9403,351.2038,351.7911,23938.0
2026-03-26 15:45:00,351.7911,352.5375,351.7911,352.1593,48011.0
2026-03-26 15:50:00,352.1494,352.9953,351.9105,352.8411,48809.0
2026-03-26 15:55:00,352.8759,353.7418,352.856,353.6224,150639.0
2026-03-27 09:30:00,352.0498,353.9866,350.748,351.7562,22029.0
2026-03-27 09:35:00,351.7612,351.7612,350.7162,350.8157,6064.0
2026-03-27 09:40:00,350.9912,351.2635,350.0394,350.4574,15349.0
2026-03-27 09:45:00,350.3529,351.1839,350.3529,351.1441,4902.0
2026-03-27 09:50:00,350.9102,351.4626,350.3479,350.3579,10541.0
2026-03-27 09:55:00,350.318,350.318,347.8746,349.7408,22668.0
2026-03-27 10:00:00,349.6612,350.751,349.5616,350.2882,12938.0
2026-03-27 10:05:00,350.4325,350.9948,350.1687,350.6316,11554.0
2026-03-27 10:10:00,350.6365,350.9451,350.0493,350.6365,12093.0
2026-03-27 10:15:00,350.2981,351.2536,350.0792,350.9749,6352.0
2026-03-27 10:20:00,351.1591,351.3223,349.5616,349.5616,10357.0
2026-03-27 10:25:00,349.6363,350.0891,349.5517,349.7459,7810.0
2026-03-27 10:30:00,349.8602,349.8602,348.9197,349.0839,11334.0
2026-03-27 10:35:00,349.3128,349.5915,348.3972,348.4171,6600.0
2026-03-27 10:40:00,348.3772,348.7555,348.1583,348.4021,8191.0
2026-03-27 10:45:00,348.4021,349.6213,348.2877,349.5367,13285.0
2026-03-27 10:50:00,349.263,349.3725,348.7256,348.7306,5726.0
2026-03-27 10:55:00,348.8201,349.283,348.8201,349.0789,8527.0
2026-03-27 11:00:00,349.0142,349.1536,348.437,348.6957,16184.0
2026-03-27 11:05:00,348.5464,348.5863,347.2426,347.2426,14461.0
2026-03-27 11:10:00,347.2675,347.2675,345.9091,347.2526,21869.0
2026-03-27 11:15:00,347.3521,347.4467,346.3459,346.6554,14538.0
2026-03-27 11:20:00,346.6554,348.6659,346.6554,347.8298,20007.0
2026-03-27 11:25:00,347.9393,348.5763,347.8597,348.5763,9067.0
2026-03-27 11:30:00,348.3872,349.069,348.3872,348.8649,4911.0
2026-03-27 11:35:00,348.9446,349.0988,348.5166,348.5813,6504.0
2026-03-27 11:40:00,348.6261,348.6659,348.0438,348.432,6849.0
2026-03-27 11:45:00,348.432,348.6659,348.3922,348.6659,6191.0
2026-03-27 11:50:00,348.6261,348.9446,348.3374,348.5962,6067.0
2026-03-27 11:55:00,348.4569,348.4569,347.9742,348.1135,4857.0
2026-03-27 12:00:00,347.9791,348.218,347.9692,348.1284,3243.0
2026-03-27 12:05:00,348.1981,348.5066,347.9493,348.0189,6396.0
2026-03-27 12:10:00,347.8398,348.1583,347.7303,348.0737,4221.0
2026-03-27 12:15:00,348.1583,348.2479,347.6706,347.7801,5649.0
2026-03-27 12:20:00,347.7502,347.9194,347.5015,347.5015,3732.0
2026-03-27 12:25:00,347.5014,348.0488,347.1879,348.0488,6328.0
2026-03-27 12:30:00,348.0886,348.1782,347.6905,347.7801,5854.0
2026-03-27 12:35:00,347.7801,347.9891,347.6507,347.9642,6215.0
2026-03-27 12:40:00,347.8697,348.1185,347.7104,347.8498,8056.0
2026-03-27 12:45:00,347.8323,348.1782,347.7303,348.0586,6707.0
2026-03-27 12:50:00,348.218,348.2777,347.7005,347.7602,5351.0
2026-03-27 12:55:00,347.7005,347.8746,347.5412,347.5412,5208.0
2026-03-27 13:00:00,347.8098,347.8995,347.5412,347.8498,10453.0
2026-03-27 13:05:00,347.8547,348.3972,347.5015,347.5015,7235.0
2026-03-27 13:10:00,347.6905,347.8697,347.6358,347.8099,2733.0
2026-03-27 13:15:00,347.795,347.8896,347.4666,347.5163,5216.0
2026-03-27 13:20:00,347.372,347.382,347.1829,347.1829,4870.0
2026-03-27 13:25:00,347.1875,347.2426,346.8545,346.9142,6351.0
2026-03-27 13:30:00,346.8843,347.163,346.8843,346.9042,7580.0
2026-03-27 13:35:00,346.8644,346.9739,346.5559,346.7749,6670.0
2026-03-27 13:40:00,346.7749,346.9838,346.7052,346.8843,6908.0
2026-03-27 13:45:00,347.0038,347.0685,346.8395,346.8495,4619.0
2026-03-27 13:50:00,346.7052,346.8291,346.6654,346.7102,3516.0
2026-03-27 13:55:00,346.7549,346.7948,346.5061,346.6156,6840.0
2026-03-27 14:00:00,346.5957,346.5957,345.9189,345.9189,14172.0
2026-03-27 14:05:00,345.9289,346.0283,345.8303,345.9587,5075.0
2026-03-27 14:10:00,345.8691,346.3071,345.5408,346.2772,10894.0
2026-03-27 14:15:00,346.4066,347.0237,346.3966,346.6355,19768.0
2026-03-27 14:20:00,346.6256,346.6256,346.2598,346.4365,9720.0
2026-03-27 14:25:00,346.531,346.531,346.108,346.1236,20148.0
2026-03-27 14:30:00,346.118,346.2474,345.8891,345.9886,8090.0
2026-03-27 14:35:00,345.8691,346.2374,345.8194,345.9687,10762.0
2026-03-27 14:40:00,346.0632,346.4962,345.8741,346.1379,16061.0
2026-03-27 14:45:00,346.1478,346.4464,345.8542,345.8592,7987.0
2026-03-27 14:50:00,345.8592,345.9687,345.8144,345.9687,3673.0
2026-03-27 14:55:00,345.9936,346.2772,345.9307,346.0981,11031.0
2026-03-27 15:00:00,346.0632,346.1478,345.7736,345.8891,9014.0
2026-03-27 15:05:00,345.8891,346.1279,345.69,345.695,12432.0
2026-03-27 15:10:00,345.7646,346.0383,345.6999,345.9139,9822.0
2026-03-27 15:15:00,345.9886,346.0284,345.7398,346.0283,10453.0
2026-03-27 15:20:00,345.9195,346.2772,345.8194,345.9687,13679.0
2026-03-27 15:25:00,345.8791,346.0084,345.7497,345.8917,15363.0
2026-03-27 15:30:00,345.9338,346.1777,345.9338,346.1478,18498.0
2026-03-27 15:35:00,346.1379,346.1428,344.8241,344.8341,37694.0
2026-03-27 15:40:00,344.8042,344.8191,344.3931,344.4608,10597.0
2026-03-27 15:45:00,344.4459,344.7843,344.0488,344.4559,21778.0
2026-03-27 15:50:00,344.5852,345.1028,344.2568,344.7395,24496.0
2026-03-27 15:55:00,344.8241,345.3237,344.5454,345.1924,89555.0
2026-03-30 09:30:00,349.0441,350.5818,348.4668,348.4768,34177.0
2026-03-30 09:35:00,348.2081,348.5193,345.8891,346.2673,12676.0
2026-03-30 09:40:00,346.1001,346.7948,345.7995,346.5161,9424.0
2026-03-30 09:45:00,346.1777,346.7948,344.7345,345.1525,8450.0
2026-03-30 09:50:00,345.1127,345.4909,344.1622,344.8639,6086.0
2026-03-30 09:55:00,345.3017,345.3017,344.2269,344.9236,8801.0
2026-03-30 10:00:00,345.053,346.5509,345.0232,346.2274,7272.0
2026-03-30 10:05:00,345.9587,346.1976,345.4214,345.6701,6560.0
2026-03-30 10:10:00,345.8194,345.8194,344.5653,344.7345,5844.0
2026-03-30 10:15:00,344.5255,344.5504,343.1272,344.1473,16286.0
2026-03-30 10:20:00,344.2867,344.4381,343.3013,344.3563,11177.0
2026-03-30 10:25:00,344.5006,344.5006,343.59,343.9582,16324.0
2026-03-30 10:30:00,344.3265,344.645,343.381,343.5501,8393.0
2026-03-30 10:35:00,343.3662,344.3426,343.3662,344.0478,6088.0
2026-03-30 10:40:00,344.0926,344.5066,343.8487,344.1324,5327.0
2026-03-30 10:45:00,344.1324,345.6004,343.5999,345.0854,12547.0
2026-03-30 10:50:00,344.844,345.3715,344.844,345.0928,5365.0
2026-03-30 10:55:00,345.0879,345.8492,344.8639,345.5805,6600.0
2026-03-30 11:00:00,345.5507,345.8194,345.063,345.5507,10891.0
2026-03-30 11:05:00,345.4362,345.4362,344.7644,344.9983,6932.0
2026-03-30 11:10:00,345.1426,345.6303,345.0232,345.4213,6445.0
2026-03-30 11:15:00,345.272,345.3616,344.1175,345.2521,9534.0
2026-03-30 11:20:00,345.3118,345.3317,344.9037,344.9336,3955.0
2026-03-30 11:25:00,345.0232,345.3616,344.8142,345.0033,6520.0
2026-03-30 11:30:00,345.1625,345.7995,345.0033,345.6203,7788.0
2026-03-30 11:35:00,345.8492,345.9985,345.4611,345.7985,3807.0
2026-03-30 11:40:00,345.6452,345.7597,345.3616,345.4412,3743.0
2026-03-30 11:45:00,345.3815,345.3815,344.2468,344.2468,6180.0
2026-03-30 11:50:00,344.1324,344.8888,344.1324,344.7992,8159.0
2026-03-30 11:55:00,344.7302,344.8739,343.6298,343.8736,9321.0
2026-03-30 12:00:00,344.0279,344.0677,343.0426,343.1421,5831.0
2026-03-30 12:05:00,343.3511,343.6994,343.1819,343.5004,11172.0
2026-03-30 12:10:00,343.371,344.0577,343.371,344.0577,4773.0
2026-03-30 12:15:00,344.0677,344.2319,343.9184,344.0776,5113.0
2026-03-30 12:20:00,344.2368,344.3663,343.8587,343.9184,5522.0
2026-03-30 12:25:00,343.9781,344.0447,343.2018,343.5402,5966.0
2026-03-30 12:30:00,343.6795,343.8885,343.2018,343.2018,4961.0
2026-03-30 12:35:00,343.1769,343.6397,343.0326,343.4108,7116.0
2026-03-30 12:40:00,343.2914,343.2914,342.5748,342.6743,3899.0
2026-03-30 12:45:00,342.5101,342.5648,342.0275,342.3309,5119.0
2026-03-30 12:50:00,342.2762,342.4952,341.894,341.9278,4953.0
2026-03-30 12:55:00,342.0572,342.0572,341.4601,341.8184,7502.0
2026-03-30 13:00:00,341.9179,342.535,341.9179,342.2165,6967.0
2026-03-30 13:05:00,342.3011,342.744,342.1369,342.6743,6380.0
2026-03-30 13:10:00,342.7091,342.7091,341.8084,342.0722,4762.0
2026-03-30 13:15:00,342.0771,342.1767,341.679,341.7736,3954.0
2026-03-30 13:20:00,341.8681,342.0672,341.7189,341.9527,6516.0
2026-03-30 13:25:00,341.7288,341.9378,341.3804,341.5944,5977.0
2026-03-30 13:30:00,341.5098,341.5347,341.2411,341.4003,7932.0
2026-03-30 13:35:00,341.4103,341.627,341.2809,341.5098,8562.0
2026-03-30 13:40:00,341.5148,341.9179,341.4103,341.8831,6726.0
2026-03-30 13:45:00,341.7786,341.7786,341.042,341.1565,11089.0
2026-03-30 13:50:00,341.0719,341.5496,341.042,341.3157,6160.0
2026-03-30 13:55:00,341.2112,341.3705,340.9226,341.1209,9981.0
2026-03-30 14:00:00,341.1466,341.2909,340.8629,340.8728,8584.0
2026-03-30 14:05:00,340.8679,341.1316,339.778,340.3653,11344.0
2026-03-30 14:10:00,340.2558,340.6439,340.1188,340.5842,8593.0
2026-03-30 14:15:00,340.6987,341.2312,340.4548,341.2013,8268.0
2026-03-30 14:20:00,341.2411,341.3605,340.7436,340.9774,5262.0
2026-03-30 14:25:00,341.0272,341.2212,340.7435,340.7883,6081.0
2026-03-30 14:30:00,340.8131,341.1814,340.6738,340.8529,6726.0
2026-03-30 14:35:00,340.833,340.9176,340.1264,340.3055,6532.0
2026-03-30 14:40:00,340.425,340.5345,339.6387,339.8079,6439.0
2026-03-30 14:45:00,339.9572,340.5444,339.9472,340.5444,8489.0
2026-03-30 14:50:00,340.5444,340.5444,339.7382,339.8626,6959.0
2026-03-30 14:55:00,339.7581,339.9273,339.5989,339.7982,5824.0
2026-03-30 15:00:00,339.9373,340.0169,339.5392,339.7388,10063.0
2026-03-30 15:05:00,339.5392,339.5392,338.5539,338.5588,19316.0
2026-03-30 15:10:00,338.5588,338.8425,338.0761,338.3946,17418.0
2026-03-30 15:15:00,338.2851,338.5041,337.6083,337.6681,12809.0
2026-03-30 15:20:00,337.8572,338.1956,337.4193,337.9268,13103.0
2026-03-30 15:25:00,337.9766,337.9766,337.3794,337.3794,21640.0
2026-03-30 15:30:00,337.5188,337.6979,337.0609,337.5685,18711.0
2026-03-30 15:35:00,337.4889,337.8173,337.0311,337.3993,24825.0
2026-03-30 15:40:00,337.4343,337.4391,337.0012,337.0609,26532.0
2026-03-30 15:45:00,336.9614,336.9614,336.2149,336.4058,52863.0
2026-03-30 15:50:00,336.3642,338.0363,336.3195,337.9418,69963.0
2026-03-30 15:55:00,337.8373,339.2904,337.6183,339.1013,141794.0
2026-03-31 09:30:00,343.0027,344.1165,340.1413,340.6041,22414.0
2026-03-31 09:35:00,340.8579,341.6591,339.5094,340.0269,9851.0
2026-03-31 09:40:00,340.1564,340.8529,340.1165,340.3951,10588.0
2026-03-31 09:45:00,340.3702,340.8977,339.8527,340.8928,9031.0
2026-03-31 09:50:00,340.8579,340.9873,340.4349,340.5942,3401.0
2026-03-31 09:55:00,340.9873,341.3008,340.6041,340.9823,11427.0
2026-03-31 10:00:00,341.1316,341.6094,340.7037,340.8629,11981.0
2026-03-31 10:05:00,340.8629,341.1714,339.3998,339.8975,22205.0
2026-03-31 10:10:00,339.6487,340.0368,338.9719,339.4496,32695.0
2026-03-31 10:15:00,339.788,339.7979,339.0714,339.5193,11091.0
2026-03-31 10:20:00,339.5193,340.3901,339.3302,340.3901,7498.0
2026-03-31 10:25:00,340.1065,340.5842,339.8279,340.0318,11988.0
2026-03-31 10:30:00,340.0318,340.415,339.4297,340.415,10255.0
2026-03-31 10:35:00,340.3901,340.6539,340.0368,340.2896,21450.0
2026-03-31 10:40:00,340.1363,340.4449,339.6785,339.7183,5389.0
2026-03-31 10:45:00,339.8676,339.9671,339.4098,339.9671,8675.0
2026-03-31 10:50:00,339.7183,339.9273,339.4496,339.8577,3448.0
2026-03-31 10:55:00,339.788,339.8427,338.5837,339.3401,11918.0
2026-03-31 11:00:00,339.5392,340.2757,339.5392,339.8676,7143.0
2026-03-31 11:05:00,339.8726,340.9724,339.8726,340.9724,7138.0
2026-03-31 11:10:00,341.0819,341.7387,340.9425,341.7387,9084.0
2026-03-31 11:15:00,341.7338,342.0471,341.3904,342.0324,6929.0
2026-03-31 11:20:00,341.8482,342.1568,341.47,342.1568,5575.0
2026-03-31 11:25:00,341.9577,342.3757,341.4302,342.0473,5371.0
2026-03-31 11:30:00,341.6492,341.9079,341.3705,341.5646,7332.0
2026-03-31 11:35:00,341.6094,341.898,341.4999,341.8367,8462.0
2026-03-31 11:40:00,341.6989,341.9627,341.5845,341.5845,3286.0
2026-03-31 11:45:00,341.6492,341.6492,341.3406,341.465,6246.0
2026-03-31 11:50:00,341.465,341.9776,341.3506,341.6094,21436.0
2026-03-31 11:55:00,341.6143,341.6143,341.1416,341.1814,3519.0
2026-03-31 12:00:00,341.2809,341.7489,341.271,341.6392,3691.0
2026-03-31 12:05:00,341.8283,342.4504,341.8283,341.9179,4379.0
2026-03-31 12:10:00,341.7885,341.7885,341.3406,341.7387,3369.0
2026-03-31 12:15:00,341.7188,341.9677,341.4054,341.4899,3620.0
2026-03-31 12:20:00,341.4003,342.0224,341.3406,342.0224,6258.0
2026-03-31 12:25:00,342.097,342.2065,341.888,341.888,2113.0
2026-03-31 12:30:00,341.9627,341.9627,341.7188,341.8134,2532.0
2026-03-31 12:35:00,341.6591,342.6544,341.5895,342.4703,7108.0
2026-03-31 12:40:00,343.4705,347.0595,343.371,344.0727,25750.0
2026-03-31 12:45:00,343.6994,344.0329,341.4104,342.0274,7651.0
2026-03-31 12:50:00,342.0274,342.7191,341.062,341.7139,13741.0
2026-03-31 12:55:00,341.4899,341.8681,341.3755,341.8632,3065.0
2026-03-31 13:00:00,342.3061,342.9629,342.2663,342.948,3246.0
2026-03-31 13:05:00,342.6743,343.0426,342.097,342.097,4708.0
2026-03-31 13:10:00,342.0672,342.3835,341.5695,342.1568,4433.0
2026-03-31 13:15:00,342.0075,342.3664,341.6979,342.1369,6474.0
2026-03-31 13:20:00,342.1369,342.1369,341.5795,341.8681,6943.0
2026-03-31 13:25:00,341.689,341.7387,341.4003,341.4003,5592.0
2026-03-31 13:30:00,341.4302,342.3956,340.9326,342.218,10108.0
2026-03-31 13:35:00,342.4255,342.4454,341.6989,341.8831,6193.0
2026-03-31 13:40:00,341.8831,342.1966,341.5198,341.7537,4136.0
2026-03-31 13:45:00,341.7586,342.1966,341.7586,341.9229,8275.0
2026-03-31 13:50:00,341.9353,342.097,341.6291,341.9577,6149.0
2026-03-31 13:55:00,341.9079,341.9079,341.2809,341.47,4118.0
2026-03-31 14:00:00,341.47,342.2364,341.2512,341.854,6822.0
2026-03-31 14:05:00,342.0323,342.1468,341.9826,342.1468,1572.0
2026-03-31 14:10:00,342.102,342.1866,341.7586,341.9876,6947.0
2026-03-31 14:15:00,341.8104,342.6643,341.8104,342.4504,5691.0
2026-03-31 14:20:00,342.4952,342.4952,341.7099,341.7099,6134.0
2026-03-31 14:25:00,341.7885,342.1468,341.4203,342.1269,8003.0
2026-03-31 14:30:00,342.1269,342.1269,341.8184,341.9179,4047.0
2026-03-31 14:35:00,341.9627,342.6743,341.9627,342.0821,4881.0
2026-03-31 14:40:00,342.0323,342.2041,341.8681,341.9378,4317.0
2026-03-31 14:45:00,342.0274,342.535,341.9925,342.3857,5596.0
2026-03-31 14:50:00,342.4852,342.8335,342.4852,342.5598,4622.0
2026-03-31 14:55:00,342.5549,342.7141,342.4553,342.6245,6489.0
2026-03-31 15:00:00,342.53,342.7042,342.112,342.112,15723.0
2026-03-31 15:05:00,342.112,342.1269,341.674,342.0871,7449.0
2026-03-31 15:10:00,341.9975,342.6444,341.9975,342.3757,8450.0
2026-03-31 15:15:00,342.3956,342.6544,342.3061,342.6544,5720.0
2026-03-31 15:20:00,342.6544,343.0525,342.3956,342.7539,19525.0
2026-03-31 15:25:00,342.8186,343.0525,342.6644,342.9132,7328.0
2026-03-31 15:30:00,342.8934,343.5203,342.8934,343.2167,16299.0
2026-03-31 15:35:00,343.2167,343.4208,342.9331,343.4009,18429.0
2026-03-31 15:40:00,343.3013,343.3113,342.7738,343.3113,22313.0
2026-03-31 15:45:00,343.3013,343.6298,342.8037,343.5203,31710.0
2026-03-31 15:50:00,343.381,343.5501,342.2961,342.4553,58481.0
2026-03-31 15:55:00,342.4354,342.4454,341.4103,341.6492,168548.0
