datetime,open,high,low,close,volume
2026-03-02 09:30:00,340.9522,341.077,336.7783,338.2562,140387.0
2026-03-02 09:35:00,338.2562,338.8653,335.8996,336.0893,61486.0
2026-03-02 09:40:00,336.1286,337.0979,334.8412,335.5701,96646.0
2026-03-02 09:45:00,335.7099,338.1064,335.5501,337.7369,78874.0
2026-03-02 09:50:00,337.6271,339.1049,337.2626,338.8403,67057.0
2026-03-02 09:55:00,338.9152,340.3831,338.7255,340.1035,39112.0
2026-03-02 10:00:00,340.0336,342.0906,339.5343,341.7411,57518.0
2026-03-02 10:05:00,341.8459,342.3801,341.2518,341.4515,45838.0
2026-03-02 10:10:00,341.2719,342.0195,340.7525,341.7511,29281.0
2026-03-02 10:15:00,341.796,342.0107,340.2483,340.6827,32372.0
2026-03-02 10:20:00,340.7026,341.5114,340.6926,340.8723,27106.0
2026-03-02 10:25:00,340.8624,341.8809,340.7155,341.5813,39829.0
2026-03-02 10:30:00,341.6812,341.761,339.8638,340.7925,32393.0
2026-03-02 10:35:00,340.8024,341.4964,340.453,341.4964,22708.0
2026-03-02 10:40:00,341.4964,342.3502,341.4815,342.0208,33905.0
2026-03-02 10:45:00,342.1705,344.1404,341.9058,344.1404,78763.0
2026-03-02 10:50:00,344.0976,344.2075,342.5699,342.5699,45502.0
2026-03-02 10:55:00,342.7296,343.5185,342.7296,343.3288,46927.0
2026-03-02 11:00:00,343.3987,343.4985,342.6698,342.8095,67755.0
2026-03-02 11:05:00,342.7297,343.5634,342.7297,343.5634,52219.0
2026-03-02 11:10:00,343.5085,343.9279,343.0092,343.199,56653.0
2026-03-02 11:15:00,343.3038,344.4172,343.149,344.2724,37461.0
2026-03-02 11:20:00,344.1775,344.8544,343.828,344.1675,45780.0
2026-03-02 11:25:00,344.1575,344.3984,343.2389,343.5385,25727.0
2026-03-02 11:30:00,343.5934,343.9778,342.8794,343.0941,27255.0
2026-03-02 11:35:00,343.1141,343.833,342.7296,343.7781,31960.0
2026-03-02 11:40:00,343.7382,344.5869,343.5785,344.567,24716.0
2026-03-02 11:45:00,344.6468,345.206,344.507,344.9364,52342.0
2026-03-02 11:50:00,344.9264,345.0762,344.557,344.7966,34140.0
2026-03-02 11:55:00,344.7816,344.7966,343.4985,343.7531,47005.0
2026-03-02 12:00:00,343.7282,344.1076,343.6184,343.7881,36714.0
2026-03-02 12:05:00,343.7482,344.0627,343.3837,343.4686,36361.0
2026-03-02 12:10:00,343.5065,344.1076,343.2988,343.9878,31211.0
2026-03-02 12:15:00,343.9179,344.447,343.833,344.2025,34019.0
2026-03-02 12:20:00,344.1775,344.3273,343.6583,343.6583,31560.0
2026-03-02 12:25:00,343.6483,343.6932,343.2988,343.2988,39831.0
2026-03-02 12:30:00,343.3637,343.5584,343.0691,343.159,25399.0
2026-03-02 12:35:00,343.1191,343.154,342.2703,342.46,51166.0
2026-03-02 12:40:00,342.45,344.2674,342.45,344.0877,58155.0
2026-03-02 12:45:00,344.0877,345.1261,343.9678,345.0063,46730.0
2026-03-02 12:50:00,345.0562,345.2959,344.8542,345.0213,39384.0
2026-03-02 12:55:00,345.0213,345.4257,344.7167,345.0033,36427.0
2026-03-02 13:00:00,344.9764,345.246,344.4871,344.9164,29693.0
2026-03-02 13:05:00,345.0363,345.0413,344.5969,344.9714,22390.0
2026-03-02 13:10:00,344.9714,345.4956,344.507,344.7417,33817.0
2026-03-02 13:15:00,344.7067,345.0862,343.6283,343.6283,28734.0
2026-03-02 13:20:00,343.758,343.7681,343.179,343.6832,24679.0
2026-03-02 13:25:00,343.6483,344.7517,343.6084,344.7442,21008.0
2026-03-02 13:30:00,344.6768,344.8965,344.4471,344.7667,22846.0
2026-03-02 13:35:00,344.8366,345.2446,344.6418,345.1261,17048.0
2026-03-02 13:40:00,345.226,345.4057,345.0163,345.3109,16273.0
2026-03-02 13:45:00,345.3059,345.7652,345.0213,345.246,51622.0
2026-03-02 13:50:00,345.4057,345.6354,345.186,345.6354,22118.0
2026-03-02 13:55:00,345.5855,345.5954,345.0013,345.0188,22437.0
2026-03-02 14:00:00,345.0063,345.0063,343.828,344.6668,41042.0
2026-03-02 14:05:00,344.4993,344.6968,344.2874,344.562,18718.0
2026-03-02 14:10:00,344.5719,345.0962,344.3273,344.9764,27763.0
2026-03-02 14:15:00,345.0862,345.7352,344.9913,345.3508,19601.0
2026-03-02 14:20:00,345.3508,345.9749,345.3358,345.8661,23794.0
2026-03-02 14:25:00,345.8301,346.4492,345.5355,346.3793,25122.0
2026-03-02 14:30:00,346.4018,346.6938,345.8351,345.92,36653.0
2026-03-02 14:35:00,345.8437,345.9349,344.8515,345.5355,36744.0
2026-03-02 14:40:00,345.6454,345.935,345.3159,345.905,13526.0
2026-03-02 14:45:00,345.935,346.3993,345.7875,346.2595,26310.0
2026-03-02 14:50:00,346.1646,346.6239,346.1147,346.4941,27507.0
2026-03-02 14:55:00,346.5291,346.6639,346.2445,346.5341,35754.0
2026-03-02 15:00:00,346.5291,346.6539,345.885,346.0448,42772.0
2026-03-02 15:05:00,346.0947,346.0947,344.3473,344.6368,57238.0
2026-03-02 15:10:00,344.4471,344.6967,343.5619,343.7082,52177.0
2026-03-02 15:15:00,343.6982,344.8914,343.6483,344.4321,24133.0
2026-03-02 15:20:00,344.4471,344.7866,344.1925,344.4721,21442.0
2026-03-02 15:25:00,344.4671,344.6119,344.0877,344.1276,21647.0
2026-03-02 15:30:00,344.1226,344.5669,344.0877,344.3224,26065.0
2026-03-02 15:35:00,344.2774,344.9863,344.0976,344.8765,30998.0
2026-03-02 15:40:00,344.8167,344.8766,344.1276,344.6368,47301.0
2026-03-02 15:45:00,344.557,345.0762,344.537,344.9214,43522.0
2026-03-02 15:50:00,344.9764,345.196,344.6069,344.7317,63843.0
2026-03-02 15:55:00,344.6868,345.7452,344.6668,345.1261,218755.0
2026-03-03 09:30:00,340.1834,340.6327,336.0094,336.1892,185980.0
2026-03-03 09:35:00,335.9096,338.0764,334.7014,336.2391,76471.0
2026-03-03 09:40:00,336.6594,336.6594,332.904,333.2684,71563.0
2026-03-03 09:45:00,333.2635,335.4303,332.6444,334.8711,57800.0
2026-03-03 09:50:00,334.5992,336.6835,334.4767,335.5152,52853.0
2026-03-03 09:55:00,335.5152,336.5186,334.0922,334.2969,89229.0
2026-03-03 10:00:00,334.2695,335.5801,334.0922,335.0359,61368.0
2026-03-03 10:05:00,335.2805,336.5842,334.8611,335.3304,45215.0
2026-03-03 10:10:00,335.2705,335.5102,333.9824,334.0573,59288.0
2026-03-03 10:15:00,334.236,334.236,331.8755,332.0877,73889.0
2026-03-03 10:20:00,332.0702,332.2849,330.3577,330.7154,80028.0
2026-03-03 10:25:00,330.6672,330.7272,329.0995,329.459,108562.0
2026-03-03 10:30:00,329.4852,331.2863,329.0995,330.3227,69933.0
2026-03-03 10:35:00,330.3352,331.3463,329.0396,329.2221,58336.0
2026-03-03 10:40:00,329.0196,330.0182,328.6003,329.8385,85004.0
2026-03-03 10:45:00,329.7985,330.9269,329.7985,329.9383,100754.0
2026-03-03 10:50:00,329.8684,331.426,329.2293,331.0167,69616.0
2026-03-03 10:55:00,331.0067,332.19,330.8193,331.8855,34735.0
2026-03-03 11:00:00,331.8355,332.185,330.8171,331.6858,92639.0
2026-03-03 11:05:00,331.7257,334.3717,331.6258,334.266,86509.0
2026-03-03 11:10:00,334.3619,334.6665,333.8326,334.6098,44221.0
2026-03-03 11:15:00,334.5066,335.2805,334.1122,334.5715,52207.0
2026-03-03 11:20:00,334.6814,336.0694,334.5216,335.8846,34374.0
2026-03-03 11:25:00,336.0194,336.7384,335.0808,335.3304,54042.0
2026-03-03 11:30:00,335.4503,335.63,334.6315,335.2605,27882.0
2026-03-03 11:35:00,335.2506,335.9445,334.9011,334.9011,35222.0
2026-03-03 11:40:00,335.1407,335.8197,334.971,335.65,48150.0
2026-03-03 11:45:00,335.65,336.7982,335.65,336.294,39398.0
2026-03-03 11:50:00,336.289,338.1114,336.1742,338.1114,46835.0
2026-03-03 11:55:00,337.9466,338.336,337.7071,337.8368,20408.0
2026-03-03 12:00:00,337.7269,338.4858,336.7683,337.3059,44929.0
2026-03-03 12:05:00,337.3075,337.4274,336.319,336.4388,40864.0
2026-03-03 12:10:00,336.4688,337.2876,336.2311,336.8332,51401.0
2026-03-03 12:15:00,336.7384,336.978,336.339,336.5287,34562.0
2026-03-03 12:20:00,336.6585,337.1378,336.3489,337.1153,64671.0
2026-03-03 12:25:00,337.0979,337.1378,336.5786,336.7983,17418.0
2026-03-03 12:30:00,336.6685,336.6685,335.7099,335.8297,36688.0
2026-03-03 12:35:00,335.8647,335.8647,334.971,335.1207,18469.0
2026-03-03 12:40:00,335.1307,335.6649,335.0608,335.5801,27873.0
2026-03-03 12:45:00,335.5401,335.6899,335.3804,335.4553,32152.0
2026-03-03 12:50:00,335.4553,335.4801,334.4218,334.6065,29020.0
2026-03-03 12:55:00,334.6115,335.1807,334.4817,335.0309,19780.0
2026-03-03 13:00:00,335.0309,335.8796,335.0309,335.5301,17919.0
2026-03-03 13:05:00,335.66,335.7748,335.3953,335.7698,29561.0
2026-03-03 13:10:00,335.7099,335.7698,334.8611,334.976,21489.0
2026-03-03 13:15:00,335.0508,335.1707,334.5216,334.6614,14713.0
2026-03-03 13:20:00,334.7862,335.1906,334.7862,335.1108,21055.0
2026-03-03 13:25:00,335.1108,335.2506,334.8412,334.9247,399752.0
2026-03-03 13:30:00,334.8811,335.0409,334.6514,334.6814,19682.0
2026-03-03 13:35:00,334.6115,334.8811,334.4517,334.6015,22163.0
2026-03-03 13:40:00,334.921,334.921,333.9674,334.1422,27738.0
2026-03-03 13:45:00,334.1422,334.2445,333.6129,334.0723,42675.0
2026-03-03 13:50:00,334.0523,335.3903,334.0523,335.2905,28136.0
2026-03-03 13:55:00,335.3504,335.8097,335.0209,335.3754,23954.0
2026-03-03 14:00:00,335.3804,335.7598,335.0608,335.0608,53513.0
2026-03-03 14:05:00,335.0309,335.0309,334.232,334.3019,21436.0
2026-03-03 14:10:00,334.252,334.277,333.6629,333.9724,18071.0
2026-03-03 14:15:00,334.0573,334.4218,333.6129,334.0124,39502.0
2026-03-03 14:20:00,334.0024,334.6015,333.9325,334.1721,21104.0
2026-03-03 14:25:00,334.1921,334.3319,333.6129,333.6729,24977.0
2026-03-03 14:30:00,333.6729,334.0523,333.6129,333.7577,38766.0
2026-03-03 14:35:00,333.7128,334.4667,333.0238,333.9619,48541.0
2026-03-03 14:40:00,333.9225,334.931,333.8825,334.7812,26463.0
2026-03-03 14:45:00,334.911,335.3005,334.7213,335.1108,25254.0
2026-03-03 14:50:00,335.2205,335.58,334.961,335.1807,26472.0
2026-03-03 14:55:00,335.2206,335.3504,335.001,335.0109,19256.0
2026-03-03 15:00:00,335.1357,335.5487,334.9909,335.0608,22168.0
2026-03-03 15:05:00,335.1157,335.3404,334.8811,335.3404,19544.0
2026-03-03 15:10:00,335.3404,335.5401,335.0708,335.2006,33526.0
2026-03-03 15:15:00,335.1956,335.6999,335.0908,335.6,33925.0
2026-03-03 15:20:00,335.605,336.0557,335.3604,335.9645,39770.0
2026-03-03 15:25:00,336.0644,336.3788,335.7299,336.0294,35858.0
2026-03-03 15:30:00,336.0194,336.1813,335.3005,335.3604,47990.0
2026-03-03 15:35:00,335.4053,335.5701,334.8611,334.9959,58286.0
2026-03-03 15:40:00,334.951,335.1906,334.8811,334.911,29720.0
2026-03-03 15:45:00,334.9011,334.971,334.0423,334.0773,66727.0
2026-03-03 15:50:00,334.1122,334.1921,333.5131,334.0124,111101.0
2026-03-03 15:55:00,334.1122,334.232,333.3334,333.7727,313383.0
2026-03-04 09:30:00,336.0594,336.7583,334.0124,334.5216,114607.0
2026-03-04 09:35:00,334.5216,336.1193,333.8859,334.3918,57356.0
2026-03-04 09:40:00,334.5017,334.6614,332.9339,333.3934,40666.0
2026-03-04 09:45:00,333.5331,335.4802,333.3234,334.6315,33386.0
2026-03-04 09:50:00,334.5016,335.2106,333.9824,334.3119,26052.0
2026-03-04 09:55:00,334.3119,335.0608,333.8226,334.7613,36145.0
2026-03-04 10:00:00,335.0359,335.7818,334.1621,335.4602,55097.0
2026-03-04 10:05:00,335.5102,337.008,335.3205,336.958,73660.0
2026-03-04 10:10:00,336.9039,337.4374,335.7998,337.1877,44571.0
2026-03-04 10:15:00,337.1877,338.0065,337.1279,337.5422,57021.0
2026-03-04 10:20:00,337.5971,338.4159,337.5971,338.0275,59562.0
2026-03-04 10:25:00,338.0265,338.7355,337.6471,338.356,43044.0
2026-03-04 10:30:00,338.4159,338.5957,337.707,337.7619,22345.0
2026-03-04 10:35:00,337.6371,337.7469,337.0779,337.2676,28717.0
2026-03-04 10:40:00,337.1578,338.0365,337.028,337.5372,32827.0
2026-03-04 10:45:00,337.5272,337.6271,337.028,337.1678,22613.0
2026-03-04 10:50:00,337.1478,337.6271,337.0379,337.2077,23559.0
2026-03-04 10:55:00,337.1178,337.9465,337.1178,337.4174,24265.0
2026-03-04 11:00:00,337.4374,337.9217,337.1575,337.9067,15096.0
2026-03-04 11:05:00,338.0065,338.1663,337.3375,337.3375,22071.0
2026-03-04 11:10:00,337.2976,337.2976,336.4688,336.5986,28460.0
2026-03-04 11:15:00,336.6385,337.023,336.3589,336.3589,32818.0
2026-03-04 11:20:00,336.3589,336.4546,335.5102,335.9991,32474.0
2026-03-04 11:25:00,335.9645,336.5237,335.9645,336.2191,27307.0
2026-03-04 11:30:00,336.2541,336.7484,336.1394,336.1442,21180.0
2026-03-04 11:35:00,336.1093,336.5786,335.9695,336.289,28960.0
2026-03-04 11:40:00,336.289,337.0479,336.1892,336.8782,27816.0
2026-03-04 11:45:00,336.9281,337.0779,336.7584,336.8882,20401.0
2026-03-04 11:50:00,336.8532,336.9181,336.5786,336.6685,23818.0
2026-03-04 11:55:00,336.6885,338.0465,336.6885,337.7819,37608.0
2026-03-04 12:00:00,337.7569,338.5757,337.707,338.4509,133725.0
2026-03-04 12:05:00,338.4858,338.5757,337.4873,337.712,28001.0
2026-03-04 12:10:00,337.672,339.025,337.6092,338.6955,23748.0
2026-03-04 12:15:00,338.8453,339.2547,338.6057,338.8952,24165.0
2026-03-04 12:20:00,338.8852,339.1848,338.5158,339.1648,44693.0
2026-03-04 12:25:00,339.1898,339.5443,338.8453,339.1149,47158.0
2026-03-04 12:30:00,339.1149,339.1898,338.6156,339.06,20806.0
2026-03-04 12:35:00,339.155,339.5143,339.135,339.3748,18967.0
2026-03-04 12:40:00,339.3945,339.4544,338.7504,338.9801,32208.0
2026-03-04 12:45:00,338.9751,339.2647,338.9751,339.1449,17418.0
2026-03-04 12:50:00,339.2048,339.4544,339.1399,339.3446,15748.0
2026-03-04 12:55:00,339.3945,339.4045,338.8054,339.1199,31740.0
2026-03-04 13:00:00,339.2497,339.4235,338.7255,338.7255,19574.0
2026-03-04 13:05:00,338.6855,339.2447,338.6606,339.02,14678.0
2026-03-04 13:10:00,338.9851,339.1149,338.7893,338.8553,33657.0
2026-03-04 13:15:00,338.8553,339.07,338.376,338.4159,32029.0
2026-03-04 13:20:00,338.2861,338.5358,338.1463,338.366,14940.0
2026-03-04 13:25:00,338.4259,338.8952,338.3061,338.6456,23143.0
2026-03-04 13:30:00,338.6756,338.8153,338.4459,338.5858,18687.0
2026-03-04 13:35:00,338.6833,338.868,338.4858,338.5657,30327.0
2026-03-04 13:40:00,338.6489,338.9152,338.5957,338.6606,20129.0
2026-03-04 13:45:00,338.6905,339.111,338.6256,339.111,22527.0
2026-03-04 13:50:00,338.9851,339.1199,338.7355,338.7754,15713.0
2026-03-04 13:55:00,338.8104,338.9252,338.5058,338.8553,26086.0
2026-03-04 14:00:00,338.9452,338.9701,338.5757,338.8104,14651.0
2026-03-04 14:05:00,338.8104,339.0051,338.7355,338.7804,19423.0
2026-03-04 14:10:00,338.8104,339.1648,338.7754,338.8353,26695.0
2026-03-04 14:15:00,338.9052,339.1122,338.7355,338.9452,29577.0
2026-03-04 14:20:00,338.9551,339.1049,338.6955,339.02,31045.0
2026-03-04 14:25:00,338.9252,339.0449,338.1663,338.2662,30931.0
2026-03-04 14:30:00,338.2362,338.7255,338.1014,338.3161,33259.0
2026-03-04 14:35:00,338.3161,338.5383,338.2082,338.4261,18350.0
2026-03-04 14:40:00,338.5158,338.6356,338.2911,338.4958,17643.0
2026-03-04 14:45:00,338.5158,338.5957,338.396,338.5857,12806.0
2026-03-04 14:50:00,338.5657,338.6656,338.386,338.5407,15549.0
2026-03-04 14:55:00,338.5078,338.5857,338.2612,338.5657,22157.0
2026-03-04 15:00:00,338.6575,338.9901,338.5657,338.9751,13428.0
2026-03-04 15:05:00,338.9651,339.2347,338.9551,339.1798,20727.0
2026-03-04 15:10:00,339.2248,339.2248,338.9252,339.1748,22503.0
2026-03-04 15:15:00,339.1648,339.2946,338.9851,339.1048,15421.0
2026-03-04 15:20:00,339.085,339.1299,338.5857,338.8453,58996.0
2026-03-04 15:25:00,338.8453,339.2547,338.7554,339.2048,71892.0
2026-03-04 15:30:00,339.1549,339.4744,339.035,339.1049,43734.0
2026-03-04 15:35:00,339.1099,339.3845,338.8852,339.2946,42693.0
2026-03-04 15:40:00,339.3196,339.5942,339.2447,339.4744,44786.0
2026-03-04 15:45:00,339.4944,339.6342,339.1549,339.5543,82167.0
2026-03-04 15:50:00,339.6242,339.754,338.9452,339.5243,115427.0
2026-03-04 15:55:00,339.4944,339.5643,339.1249,339.2347,237896.0
2026-03-05 09:30:00,336.0893,341.3117,336.0893,339.0051,133805.0
2026-03-05 09:35:00,339.0026,339.0026,335.5702,336.5836,43516.0
2026-03-05 09:40:00,336.6885,336.6885,333.9924,333.9924,48587.0
2026-03-05 09:45:00,334.1771,335.3803,333.8526,334.7912,45055.0
2026-03-05 09:50:00,334.5715,335.5401,333.6828,334.6065,47416.0
2026-03-05 09:55:00,334.6065,335.1607,333.603,334.6015,29971.0
2026-03-05 10:00:00,334.6115,335.62,334.3119,334.7812,43386.0
2026-03-05 10:05:00,334.7812,335.3205,333.3234,333.8825,71807.0
2026-03-05 10:10:00,333.8825,334.7412,333.2435,334.292,29135.0
2026-03-05 10:15:00,334.237,334.4817,333.4132,333.9924,33063.0
2026-03-05 10:20:00,334.1422,334.4126,332.8662,332.8662,41665.0
2026-03-05 10:25:00,333.0288,333.4232,331.3562,331.6758,40426.0
2026-03-05 10:30:00,331.7444,332.3049,330.3976,331.7756,38509.0
2026-03-05 10:35:00,331.6658,331.9454,330.862,331.3562,18218.0
2026-03-05 10:40:00,331.3962,332.5145,331.3962,332.0652,22996.0
2026-03-05 10:45:00,332.2749,332.5745,331.4811,331.5909,34933.0
2026-03-05 10:50:00,331.5709,332.6144,331.485,332.215,22948.0
2026-03-05 10:55:00,332.1451,332.2649,331.2164,332.0352,27479.0
2026-03-05 11:00:00,332.0053,332.1451,330.7571,330.7571,27498.0
2026-03-05 11:05:00,330.7971,330.7971,329.6787,329.9333,70978.0
2026-03-05 11:10:00,329.8934,330.2179,329.4091,329.8085,30866.0
2026-03-05 11:15:00,329.9882,330.2079,328.9398,329.6487,41284.0
2026-03-05 11:20:00,329.5888,329.7485,328.0291,328.3706,37536.0
2026-03-05 11:25:00,328.3356,328.5603,327.432,327.7964,36089.0
2026-03-05 11:30:00,327.9312,328.5404,327.7415,328.4804,39997.0
2026-03-05 11:35:00,328.5103,328.5403,327.7715,328.0411,35284.0
2026-03-05 11:40:00,328.0411,328.5104,327.6811,328.0011,34987.0
2026-03-05 11:45:00,328.0011,328.6402,327.9662,328.3956,39318.0
2026-03-05 11:50:00,328.4605,329.1594,328.141,328.6402,27073.0
2026-03-05 11:55:00,328.6602,328.6602,327.8214,327.9961,25488.0
2026-03-05 12:00:00,328.0011,328.3307,327.1024,327.1624,185854.0
2026-03-05 12:05:00,327.2023,327.2023,324.8482,325.0205,74327.0
2026-03-05 12:10:00,325.1952,325.1952,324.1667,325.0854,64855.0
2026-03-05 12:15:00,325.1353,325.4774,323.9471,324.0519,63558.0
2026-03-05 12:20:00,324.1717,324.1742,323.3379,323.6675,156762.0
2026-03-05 12:25:00,323.6725,324.0469,323.3549,323.3549,39557.0
2026-03-05 12:30:00,323.4578,323.5576,322.4592,322.5391,51835.0
2026-03-05 12:35:00,322.4592,322.8087,321.95,322.0998,33075.0
2026-03-05 12:40:00,322.2096,322.3494,321.5805,321.7403,34231.0
2026-03-05 12:45:00,321.7303,321.9899,320.6219,320.7018,42574.0
2026-03-05 12:50:00,320.6419,320.8915,320.3223,320.3724,40575.0
2026-03-05 12:55:00,320.542,321.95,320.4671,320.8815,52360.0
2026-03-05 13:00:00,320.9514,322.1496,320.9215,321.1961,41382.0
2026-03-05 13:05:00,321.1162,321.6205,320.8516,321.271,85593.0
2026-03-05 13:10:00,321.266,322.6789,320.6868,322.3893,77438.0
2026-03-05 13:15:00,322.3644,322.6989,321.8801,322.1746,34143.0
2026-03-05 13:20:00,321.9501,322.639,321.8301,322.1197,25744.0
2026-03-05 13:25:00,322.1197,322.639,321.7025,322.2595,23454.0
2026-03-05 13:30:00,322.1996,322.5889,321.6304,322.0099,27037.0
2026-03-05 13:35:00,321.9999,322.9785,321.95,322.4193,31527.0
2026-03-05 13:40:00,322.4043,323.5325,322.3694,322.9186,22859.0
2026-03-05 13:45:00,323.0034,323.3379,322.6639,323.303,26980.0
2026-03-05 13:50:00,323.288,323.288,322.669,323.0583,30845.0
2026-03-05 13:55:00,322.8936,323.4876,322.7588,323.278,27641.0
2026-03-05 14:00:00,323.2581,323.8613,323.0814,323.3629,29736.0
2026-03-05 14:05:00,323.4228,323.7673,323.1882,323.7174,28294.0
2026-03-05 14:10:00,323.7274,323.9421,323.2581,323.9371,25090.0
2026-03-05 14:15:00,323.8572,323.8971,323.2475,323.6874,29739.0
2026-03-05 14:20:00,323.6874,324.3964,323.6675,324.3964,27006.0
2026-03-05 14:25:00,324.4663,324.5162,323.7774,323.982,23818.0
2026-03-05 14:30:00,323.982,323.982,322.7987,323.0434,29123.0
2026-03-05 14:35:00,322.9885,323.5077,322.8088,323.4478,29749.0
2026-03-05 14:40:00,323.4578,324.5961,323.4578,323.997,27605.0
2026-03-05 14:45:00,323.9171,324.0269,323.4558,323.5776,28031.0
2026-03-05 14:50:00,323.6375,324.012,323.0284,323.0434,20748.0
2026-03-05 14:55:00,322.9585,323.2331,322.619,323.1382,27076.0
2026-03-05 15:00:00,323.1183,324.1268,322.7887,324.1268,47409.0
2026-03-05 15:05:00,323.9171,324.5362,323.3479,324.5362,28020.0
2026-03-05 15:10:00,324.5212,325.8043,324.5212,325.7359,38745.0
2026-03-05 15:15:00,325.7045,326.4434,325.4748,326.1239,57346.0
2026-03-05 15:20:00,326.1688,327.1469,326.034,327.035,41250.0
2026-03-05 15:25:00,327.0625,327.7765,327.0625,327.2922,45115.0
2026-03-05 15:30:00,327.1923,327.5718,327.0725,327.3521,42860.0
2026-03-05 15:35:00,327.3371,327.7515,327.1973,327.5019,49918.0
2026-03-05 15:40:00,327.5019,327.9362,327.3921,327.7215,52452.0
2026-03-05 15:45:00,327.7016,327.7215,326.6331,327.5218,68429.0
2026-03-05 15:50:00,327.6417,327.7615,326.4334,327.1324,121112.0
2026-03-05 15:55:00,327.1723,327.3421,326.1438,326.5133,321023.0
2026-03-06 09:30:00,323.1981,323.1981,318.1955,319.6933,150327.0
2026-03-06 09:35:00,319.6933,321.4207,318.4351,319.7532,44176.0
2026-03-06 09:40:00,319.9729,320.4721,318.9344,319.1241,57073.0
2026-03-06 09:45:00,319.5185,320.2624,318.3253,319.176,52832.0
2026-03-06 09:50:00,319.1876,319.224,317.147,318.4451,68790.0
2026-03-06 09:55:00,318.3053,319.0542,317.4465,318.8145,30200.0
2026-03-06 10:00:00,318.9044,321.5705,318.7746,320.9514,60884.0
2026-03-06 10:05:00,321.0937,321.4257,319.843,320.0428,35137.0
2026-03-06 10:10:00,320.1776,321.6304,319.5335,321.6304,48381.0
2026-03-06 10:15:00,321.7602,322.9162,321.0714,322.6689,39951.0
2026-03-06 10:20:00,322.9784,324.0647,322.0498,323.6225,46408.0
2026-03-06 10:25:00,323.4678,323.7174,322.5991,322.8137,29745.0
2026-03-06 10:30:00,322.7188,323.0583,321.4008,322.2895,50660.0
2026-03-06 10:35:00,322.2895,323.278,322.0498,322.7887,32100.0
2026-03-06 10:40:00,322.7688,323.0449,322.0598,322.4043,26838.0
2026-03-06 10:45:00,322.3943,322.3943,321.4407,321.4407,28140.0
2026-03-06 10:50:00,321.5406,321.5406,320.4272,321.3009,29488.0
2026-03-06 10:55:00,321.4207,322.6889,321.4207,322.5191,21730.0
2026-03-06 11:00:00,322.4093,323.1582,322.1697,323.0084,34367.0
2026-03-06 11:05:00,322.9186,323.6375,322.7388,323.0184,36852.0
2026-03-06 11:10:00,323.0979,323.1183,322.3993,322.4592,28998.0
2026-03-06 11:15:00,322.619,322.9785,321.8102,322.0998,49260.0
2026-03-06 11:20:00,322.1697,322.3494,320.532,321.1212,38807.0
2026-03-06 11:25:00,321.0613,321.3508,320.2275,320.9115,27419.0
2026-03-06 11:30:00,320.8316,321.2809,320.7617,320.9714,19297.0
2026-03-06 11:35:00,320.908,322.2097,320.908,321.95,21830.0
2026-03-06 11:40:00,321.94,322.2795,321.7902,321.7902,16457.0
2026-03-06 11:45:00,321.8351,322.0798,321.1312,321.5755,76075.0
2026-03-06 11:50:00,321.6504,321.95,320.7417,320.7417,42675.0
2026-03-06 11:55:00,320.7517,321.1132,320.4621,320.7767,37490.0
2026-03-06 12:00:00,320.5421,321.6404,320.5421,321.3459,36681.0
2026-03-06 12:05:00,321.3009,321.4326,320.1975,320.547,22571.0
2026-03-06 12:10:00,320.6619,320.766,320.2724,320.2724,16280.0
2026-03-06 12:15:00,320.4122,320.592,320.1326,320.4322,27651.0
2026-03-06 12:20:00,320.3922,321.4507,320.3922,320.8566,38125.0
2026-03-06 12:25:00,320.8666,320.8765,320.1176,320.5221,19230.0
2026-03-06 12:30:00,320.4322,320.9514,320.2325,320.8815,14746.0
2026-03-06 12:35:00,320.8116,320.8116,320.0428,320.2674,25696.0
2026-03-06 12:40:00,320.3623,320.592,319.9729,320.3573,18653.0
2026-03-06 12:45:00,320.3623,320.6113,320.0228,320.5121,25185.0
2026-03-06 12:50:00,320.5121,321.3409,320.5121,321.251,14228.0
2026-03-06 12:55:00,321.3409,321.4706,320.8316,320.8316,15256.0
2026-03-06 13:00:00,320.7517,321.3409,320.6569,321.0912,16675.0
2026-03-06 13:05:00,321.0912,321.5605,321.0812,321.3009,17742.0
2026-03-06 13:10:00,321.3009,322.609,321.3009,322.6031,34422.0
2026-03-06 13:15:00,322.5074,322.8936,322.3993,322.7488,15323.0
2026-03-06 13:20:00,322.7338,323.8372,322.2795,323.308,44622.0
2026-03-06 13:25:00,323.2081,323.9471,322.2297,322.4393,32417.0
2026-03-06 13:30:00,322.5234,322.7688,322.3394,322.3444,24038.0
2026-03-06 13:35:00,322.3444,322.3444,321.5605,321.5805,24135.0
2026-03-06 13:40:00,321.6354,321.96,321.3809,321.6205,20712.0
2026-03-06 13:45:00,321.6304,321.8801,321.4707,321.6105,18798.0
2026-03-06 13:50:00,321.6305,321.6903,321.1012,321.2909,14612.0
2026-03-06 13:55:00,321.251,321.93,321.1212,321.915,15696.0
2026-03-06 14:00:00,321.7802,322.0249,321.6205,321.6206,12813.0
2026-03-06 14:05:00,321.6005,321.95,321.311,321.6454,20542.0
2026-03-06 14:10:00,321.6454,322.0898,321.5306,321.96,16107.0
2026-03-06 14:15:00,321.9749,322.2995,321.7553,322.1597,21939.0
2026-03-06 14:20:00,322.0398,322.2745,320.9215,321.1911,23547.0
2026-03-06 14:25:00,321.0812,321.8002,320.6819,321.5506,20166.0
2026-03-06 14:30:00,321.5805,321.8751,321.231,321.5805,24338.0
2026-03-06 14:35:00,321.6898,321.7602,321.231,321.3908,18393.0
2026-03-06 14:40:00,321.5006,321.7702,321.3109,321.4108,21202.0
2026-03-06 14:45:00,321.3409,321.3958,320.9714,321.221,21744.0
2026-03-06 14:50:00,321.1312,321.6304,321.1312,321.4807,21806.0
2026-03-06 14:55:00,321.4207,322.0298,321.3309,321.8751,25416.0
2026-03-06 15:00:00,321.935,323.0501,321.935,322.9735,29432.0
2026-03-06 15:05:00,322.9685,323.0284,322.5741,322.649,22717.0
2026-03-06 15:10:00,322.5491,322.5591,321.5106,321.5705,29551.0
2026-03-06 15:15:00,321.5406,321.8901,321.231,321.2959,24415.0
2026-03-06 15:20:00,321.256,321.4607,320.9814,321.3808,28325.0
2026-03-06 15:25:00,321.3009,321.3309,319.873,320.1826,96642.0
2026-03-06 15:30:00,320.4122,320.7617,319.9329,320.3723,94920.0
2026-03-06 15:35:00,320.3723,320.3723,319.6034,320.3323,132988.0
2026-03-06 15:40:00,320.4022,321.9714,320.3922,321.6005,56543.0
2026-03-06 15:45:00,321.6005,322.5291,321.5006,322.1197,83950.0
2026-03-06 15:50:00,322.1896,322.2196,320.7218,321.6953,90995.0
2026-03-06 15:55:00,321.7503,322.9086,321.5006,322.589,335034.0
2026-03-09 09:30:00,319.89,319.91,313.6522,315.1675,249272.0
2026-03-09 09:35:00,315.11,315.5,313.2,314.4,94360.0
2026-03-09 09:40:00,314.15,315.0,312.4,312.611,63675.0
2026-03-09 09:45:00,312.69,314.81,311.92,314.28,90231.0
2026-03-09 09:50:00,314.38,314.55,312.28,313.02,80852.0
2026-03-09 09:55:00,313.0,313.76,312.31,312.51,81054.0
2026-03-09 10:00:00,312.47,313.81,311.38,313.6,90435.0
2026-03-09 10:05:00,313.45,313.5125,311.39,312.52,53500.0
2026-03-09 10:10:00,312.52,312.6,310.7701,311.16,96938.0
2026-03-09 10:15:00,311.11,311.58,310.63,310.8,95450.0
2026-03-09 10:20:00,310.68,312.78,310.12,312.46,137315.0
2026-03-09 10:25:00,312.37,312.84,311.5801,312.525,71254.0
2026-03-09 10:30:00,312.525,312.945,311.07,311.29,53122.0
2026-03-09 10:35:00,311.2,312.5603,311.2,312.17,47476.0
2026-03-09 10:40:00,312.09,312.58,311.78,312.07,37833.0
2026-03-09 10:45:00,312.015,312.44,311.47,312.09,58745.0
2026-03-09 10:50:00,312.1125,312.78,311.46,312.145,54184.0
2026-03-09 10:55:00,312.0,312.06,310.88,311.08,93343.0
2026-03-09 11:00:00,311.09,311.96,311.0,311.94,65985.0
2026-03-09 11:05:00,311.94,312.59,311.62,312.13,40675.0
2026-03-09 11:10:00,312.165,312.65,312.07,312.245,30367.0
2026-03-09 11:15:00,312.33,313.7,312.33,313.7,52209.0
2026-03-09 11:20:00,313.725,315.09,313.56,314.825,92578.0
2026-03-09 11:25:00,314.86,315.74,314.72,315.12,89325.0
2026-03-09 11:30:00,315.135,315.42,314.301,315.2,57831.0
2026-03-09 11:35:00,315.15,315.98,314.17,314.265,67118.0
2026-03-09 11:40:00,314.265,314.42,313.21,313.525,45689.0
2026-03-09 11:45:00,313.5,314.76,313.35,314.56,61575.0
2026-03-09 11:50:00,314.545,314.94,314.38,314.6204,49638.0
2026-03-09 11:55:00,314.63,315.285,314.26,314.26,45357.0
2026-03-09 12:00:00,314.28,315.05,314.23,314.42,42079.0
2026-03-09 12:05:00,314.5,314.55,313.09,313.31,40844.0
2026-03-09 12:10:00,313.23,313.85,312.79,313.64,50880.0
2026-03-09 12:15:00,313.72,314.19,313.19,314.18,47105.0
2026-03-09 12:20:00,314.12,315.01,314.05,314.88,44301.0
2026-03-09 12:25:00,314.88,316.25,314.8054,315.705,43156.0
2026-03-09 12:30:00,315.705,315.705,315.01,315.655,45679.0
2026-03-09 12:35:00,315.71,316.2871,315.27,315.605,27006.0
2026-03-09 12:40:00,315.6,316.0212,315.51,315.87,30350.0
2026-03-09 12:45:00,315.94,316.805,315.86,316.76,38997.0
2026-03-09 12:50:00,316.81,317.13,316.5,316.68,39783.0
2026-03-09 12:55:00,316.685,317.1,316.4,316.66,32181.0
2026-03-09 13:00:00,316.72,316.78,316.3,316.49,24153.0
2026-03-09 13:05:00,316.54,316.54,315.64,315.81,38934.0
2026-03-09 13:10:00,315.92,316.06,315.56,315.6993,26539.0
2026-03-09 13:15:00,315.685,315.95,315.37,315.725,41019.0
2026-03-09 13:20:00,315.73,315.92,314.48,314.79,72758.0
2026-03-09 13:25:00,314.805,315.48,314.5,315.45,52195.0
2026-03-09 13:30:00,315.49,316.0,315.46,315.79,62593.0
2026-03-09 13:35:00,315.82,316.64,315.82,316.255,34416.0
2026-03-09 13:40:00,316.24,316.38,315.45,315.84,49571.0
2026-03-09 13:45:00,315.77,315.86,314.87,315.22,32916.0
2026-03-09 13:50:00,315.13,315.53,315.01,315.47,25426.0
2026-03-09 13:55:00,315.55,315.695,315.21,315.21,20851.0
2026-03-09 14:00:00,315.25,315.649,315.21,315.5513,22340.0
2026-03-09 14:05:00,315.545,315.99,315.47,315.53,34513.0
2026-03-09 14:10:00,315.59,316.22,315.59,315.975,30820.0
2026-03-09 14:15:00,315.89,316.0294,315.29,315.61,24895.0
2026-03-09 14:20:00,315.6174,316.4,315.6174,315.82,23021.0
2026-03-09 14:25:00,315.77,316.29,315.77,316.2301,26145.0
2026-03-09 14:30:00,316.17,316.91,316.17,316.72,19425.0
2026-03-09 14:35:00,316.75,317.11,315.77,315.845,30615.0
2026-03-09 14:40:00,315.845,316.0,315.06,315.625,40320.0
2026-03-09 14:45:00,315.68,315.87,315.41,315.53,26670.0
2026-03-09 14:50:00,315.48,315.71,315.03,315.62,39691.0
2026-03-09 14:55:00,315.57,315.57,314.735,314.83,27852.0
2026-03-09 15:00:00,314.83,315.53,314.78,315.285,36565.0
2026-03-09 15:05:00,315.285,315.7499,315.18,315.685,23677.0
2026-03-09 15:10:00,315.685,315.93,315.54,315.8,23162.0
2026-03-09 15:15:00,315.765,317.8,315.765,317.665,44243.0
2026-03-09 15:20:00,317.63,319.12,317.51,318.97,79525.0
2026-03-09 15:25:00,318.97,320.73,318.63,320.72,66684.0
2026-03-09 15:30:00,320.73,320.8699,319.42,320.535,61245.0
2026-03-09 15:35:00,320.5403,321.88,319.92,321.8,87526.0
2026-03-09 15:40:00,321.71,321.71,320.49,321.155,69968.0
2026-03-09 15:45:00,321.13,321.77,321.0,321.39,71393.0
2026-03-09 15:50:00,321.45,321.45,320.5224,320.83,101968.0
2026-03-09 15:55:00,320.8,322.0,320.61,321.9,306964.0
2026-03-10 09:30:00,322.26,322.68,320.55,322.26,90030.0
2026-03-10 09:35:00,322.07,324.0986,322.0,323.35,33467.0
2026-03-10 09:40:00,323.11,325.75,323.085,325.41,37207.0
2026-03-10 09:45:00,325.315,325.485,324.5,325.255,51926.0
2026-03-10 09:50:00,325.19,325.93,324.6,324.765,43894.0
2026-03-10 09:55:00,324.79,325.86,324.45,325.56,36479.0
2026-03-10 10:00:00,325.63,325.75,324.935,325.08,30763.0
2026-03-10 10:05:00,325.3,325.71,323.89,323.97,31281.0
2026-03-10 10:10:00,324.22,325.06,323.52,324.2,19229.0
2026-03-10 10:15:00,324.19,325.78,323.84,325.625,31136.0
2026-03-10 10:20:00,325.625,326.26,325.14,325.8299,27871.0
2026-03-10 10:25:00,325.71,326.1899,325.598,325.72,21360.0
2026-03-10 10:30:00,325.84,327.74,325.72,327.515,45440.0
2026-03-10 10:35:00,327.7,328.16,327.145,327.5,51684.0
2026-03-10 10:40:00,327.495,328.6599,327.15,328.6599,30471.0
2026-03-10 10:45:00,328.56,329.08,328.095,328.875,41239.0
2026-03-10 10:50:00,328.88,329.64,328.7659,329.3,30370.0
2026-03-10 10:55:00,329.35,329.6,329.01,329.2,28901.0
2026-03-10 11:00:00,329.13,329.75,328.75,329.615,56470.0
2026-03-10 11:05:00,329.615,329.95,329.05,329.8,51805.0
2026-03-10 11:10:00,329.835,329.835,328.63,329.06,53173.0
2026-03-10 11:15:00,329.0,330.08,328.96,329.835,33844.0
2026-03-10 11:20:00,329.79,330.1,329.52,329.94,22495.0
2026-03-10 11:25:00,329.94,330.12,329.29,330.08,49596.0
2026-03-10 11:30:00,330.08,330.265,329.52,329.69,21507.0
2026-03-10 11:35:00,329.71,330.47,329.7,330.445,29658.0
2026-03-10 11:40:00,330.29,330.75,330.22,330.3998,41070.0
2026-03-10 11:45:00,330.325,330.61,330.0,330.04,18410.0
2026-03-10 11:50:00,330.1,330.15,329.285,329.6199,20955.0
2026-03-10 11:55:00,329.62,329.73,329.45,329.6401,12934.0
2026-03-10 12:00:00,329.64,329.75,328.96,329.255,20563.0
2026-03-10 12:05:00,329.2,329.27,328.67,328.74,22924.0
2026-03-10 12:10:00,328.74,329.23,328.67,329.23,18436.0
2026-03-10 12:15:00,329.165,329.97,328.91,329.88,18644.0
2026-03-10 12:20:00,329.88,329.99,329.37,329.72,28041.0
2026-03-10 12:25:00,329.705,330.05,329.31,329.46,28019.0
2026-03-10 12:30:00,329.51,329.91,329.36,329.91,26642.0
2026-03-10 12:35:00,329.9,330.15,329.61,329.68,40750.0
2026-03-10 12:40:00,329.68,330.3,329.56,330.15,23704.0
2026-03-10 12:45:00,330.16,330.24,329.57,330.08,15011.0
2026-03-10 12:50:00,330.03,330.72,329.96,330.54,22726.0
2026-03-10 12:55:00,330.535,330.565,330.15,330.24,13893.0
2026-03-10 13:00:00,330.22,330.71,330.14,330.68,14798.0
2026-03-10 13:05:00,330.69,331.4,330.67,331.08,24879.0
2026-03-10 13:10:00,331.08,331.37,330.7901,330.84,30199.0
2026-03-10 13:15:00,330.8686,331.65,330.79,331.65,32586.0
2026-03-10 13:20:00,331.61,331.68,331.1,331.3,24916.0
2026-03-10 13:25:00,331.37,331.75,331.205,331.73,32547.0
2026-03-10 13:30:00,331.7425,331.82,331.15,331.47,35851.0
2026-03-10 13:35:00,331.53,331.75,330.93,331.43,33020.0
2026-03-10 13:40:00,331.5,331.7,331.06,331.185,23738.0
2026-03-10 13:45:00,331.135,331.48,330.9,331.155,28006.0
2026-03-10 13:50:00,331.155,331.79,331.05,331.405,37357.0
2026-03-10 13:55:00,331.39,331.645,331.06,331.39,37909.0
2026-03-10 14:00:00,331.39,331.88,331.2155,331.5693,55466.0
2026-03-10 14:05:00,331.555,331.555,331.2163,331.275,23202.0
2026-03-10 14:10:00,331.295,331.545,329.56,329.66,52932.0
2026-03-10 14:15:00,329.495,330.58,329.0154,329.585,48100.0
2026-03-10 14:20:00,329.6107,330.21,329.23,329.31,51127.0
2026-03-10 14:25:00,329.5,330.26,329.2,329.745,59630.0
2026-03-10 14:30:00,329.84,330.27,329.58,329.79,33965.0
2026-03-10 14:35:00,329.87,330.135,329.0,329.49,26750.0
2026-03-10 14:40:00,329.475,329.58,328.85,328.85,21946.0
2026-03-10 14:45:00,328.9,329.5684,328.77,329.45,34408.0
2026-03-10 14:50:00,329.45,329.63,329.08,329.45,25163.0
2026-03-10 14:55:00,329.45,329.56,328.97,328.97,28930.0
2026-03-10 15:00:00,329.035,329.15,328.3,328.66,25627.0
2026-03-10 15:05:00,328.57,329.08,328.37,328.9975,31525.0
2026-03-10 15:10:00,328.94,329.12,328.615,328.75,22564.0
2026-03-10 15:15:00,328.75,329.04,328.6001,328.84,23238.0
2026-03-10 15:20:00,328.84,328.96,328.45,328.63,50866.0
2026-03-10 15:25:00,328.55,328.56,327.81,327.81,38921.0
2026-03-10 15:30:00,327.76,327.76,326.91,327.04,49839.0
2026-03-10 15:35:00,327.03,327.29,326.665,327.18,41098.0
2026-03-10 15:40:00,327.2056,327.67,326.7328,327.03,60642.0
2026-03-10 15:45:00,326.98,327.1,326.42,326.48,45617.0
2026-03-10 15:50:00,326.53,327.435,326.53,327.0,80500.0
2026-03-10 15:55:00,326.99,327.04,326.3781,326.62,253347.0
2026-03-11 09:30:00,324.23,325.7,322.185,322.325,70643.0
2026-03-11 09:35:00,322.325,322.6852,321.59,322.42,48591.0
2026-03-11 09:40:00,322.42,323.6699,321.1879,321.785,33263.0
2026-03-11 09:45:00,321.8,322.635,321.67,322.11,34480.0
2026-03-11 09:50:00,322.0,323.7,321.92,323.205,24235.0
2026-03-11 09:55:00,323.205,324.255,322.11,324.255,22666.0
2026-03-11 10:00:00,324.265,326.2,324.26,325.76,62839.0
2026-03-11 10:05:00,325.59,325.73,324.05,324.54,37041.0
2026-03-11 10:10:00,324.54,324.9,323.905,324.68,23264.0
2026-03-11 10:15:00,324.685,324.685,323.8,324.435,21143.0
2026-03-11 10:20:00,324.54,324.74,323.88,324.055,28884.0
2026-03-11 10:25:00,324.05,324.26,323.635,324.0,29475.0
2026-03-11 10:30:00,324.08,324.88,323.94,324.3,27713.0
2026-03-11 10:35:00,324.41,325.7,324.38,325.7,39307.0
2026-03-11 10:40:00,325.7,325.75,325.12,325.52,21062.0
2026-03-11 10:45:00,325.45,325.98,325.45,325.575,20458.0
2026-03-11 10:50:00,325.575,325.81,325.19,325.36,18199.0
2026-03-11 10:55:00,325.3,326.01,325.24,325.79,20900.0
2026-03-11 11:00:00,325.79,326.06,325.07,325.63,28873.0
2026-03-11 11:05:00,325.535,325.76,325.27,325.69,18978.0
2026-03-11 11:10:00,325.76,326.18,325.2108,325.24,21326.0
2026-03-11 11:15:00,325.235,325.2375,324.14,324.24,22879.0
2026-03-11 11:20:00,324.22,324.3499,323.4,324.065,32709.0
2026-03-11 11:25:00,324.07,324.24,323.16,323.16,30572.0
2026-03-11 11:30:00,323.205,323.205,322.34,322.59,29786.0
2026-03-11 11:35:00,322.49,323.09,322.3575,322.79,30095.0
2026-03-11 11:40:00,322.915,323.04,322.18,322.18,29973.0
2026-03-11 11:45:00,322.24,322.72,322.16,322.4,23023.0
2026-03-11 11:50:00,322.41,323.18,322.4,322.865,18371.0
2026-03-11 11:55:00,322.8859,323.75,322.865,323.46,19125.0
2026-03-11 12:00:00,323.44,323.44,323.04,323.225,16096.0
2026-03-11 12:05:00,323.15,323.57,323.1,323.44,16099.0
2026-03-11 12:10:00,323.6299,323.9399,323.06,323.87,19587.0
2026-03-11 12:15:00,323.87,324.11,323.19,323.28,24775.0
2026-03-11 12:20:00,323.43,323.57,323.0,323.1,12065.0
2026-03-11 12:25:00,323.2,323.64,322.88,323.5,15385.0
2026-03-11 12:30:00,323.46,324.57,323.46,324.556,23701.0
2026-03-11 12:35:00,324.585,324.585,323.9,324.015,20012.0
2026-03-11 12:40:00,324.015,324.13,323.62,323.89,15885.0
2026-03-11 12:45:00,323.83,323.925,323.52,323.68,15272.0
2026-03-11 12:50:00,323.7,324.24,323.695,324.185,10405.0
2026-03-11 12:55:00,324.24,324.56,324.13,324.55,18304.0
2026-03-11 13:00:00,324.51,324.9,324.39,324.45,15411.0
2026-03-11 13:05:00,324.455,324.67,324.03,324.335,91065.0
2026-03-11 13:10:00,324.2,324.39,323.715,323.83,14042.0
2026-03-11 13:15:00,323.81,323.92,323.55,323.63,8675.0
2026-03-11 13:20:00,323.69,324.11,323.66,324.11,11067.0
2026-03-11 13:25:00,324.18,324.25,323.82,323.86,11062.0
2026-03-11 13:30:00,323.92,324.34,323.73,323.73,10180.0
2026-03-11 13:35:00,323.73,323.89,322.31,322.945,20752.0
2026-03-11 13:40:00,323.15,323.28,322.41,322.92,13936.0
2026-03-11 13:45:00,322.92,323.33,322.61,323.295,12146.0
2026-03-11 13:50:00,323.42,323.735,323.38,323.5,8842.0
2026-03-11 13:55:00,323.5,323.98,323.17,323.93,17516.0
2026-03-11 14:00:00,323.935,324.11,323.6601,323.87,30284.0
2026-03-11 14:05:00,323.85,324.3367,323.785,324.0801,16603.0
2026-03-11 14:10:00,323.99,324.11,323.524,324.02,11535.0
2026-03-11 14:15:00,324.06,324.48,323.98,324.105,21672.0
2026-03-11 14:20:00,324.105,324.58,323.89,323.94,28514.0
2026-03-11 14:25:00,324.08,324.3,323.79,324.1946,9975.0
2026-03-11 14:30:00,324.28,324.365,323.855,323.915,25160.0
2026-03-11 14:35:00,323.98,324.06,323.77,323.895,13597.0
2026-03-11 14:40:00,323.895,324.12,323.575,323.74,13223.0
2026-03-11 14:45:00,323.86,324.11,323.36,323.6795,21284.0
2026-03-11 14:50:00,323.7,324.08,323.48,324.01,16865.0
2026-03-11 14:55:00,324.01,324.1,323.715,323.88,19443.0
2026-03-11 15:00:00,323.86,323.93,323.0,323.13,21642.0
2026-03-11 15:05:00,323.2,323.8,323.02,323.64,30393.0
2026-03-11 15:10:00,323.73,323.78,323.26,323.475,26058.0
2026-03-11 15:15:00,323.44,323.77,323.35,323.715,18283.0
2026-03-11 15:20:00,323.65,323.95,323.56,323.94,32668.0
2026-03-11 15:25:00,323.98,324.1,323.67,323.82,26836.0
2026-03-11 15:30:00,323.79,324.4,323.65,324.34,28706.0
2026-03-11 15:35:00,324.365,324.5,324.26,324.47,27060.0
2026-03-11 15:40:00,324.48,325.0875,324.48,325.06,48342.0
2026-03-11 15:45:00,325.06,325.165,324.57,324.69,41320.0
2026-03-11 15:50:00,324.69,325.19,324.165,325.17,92504.0
2026-03-11 15:55:00,325.2,325.41,324.81,325.11,194046.0
2026-03-12 09:30:00,318.64,318.64,314.02,315.412,219552.0
2026-03-12 09:35:00,315.3,315.91,312.61,312.61,155997.0
2026-03-12 09:40:00,312.901,313.84,309.67,309.78,157070.0
2026-03-12 09:45:00,309.78,310.07,307.9,308.4518,202348.0
2026-03-12 09:50:00,308.28,310.15,307.6,309.53,187364.0
2026-03-12 09:55:00,309.33,309.63,308.09,308.7546,122685.0
2026-03-12 10:00:00,308.695,312.85,308.6,312.435,83924.0
2026-03-12 10:05:00,312.425,313.61,311.8,313.55,104226.0
2026-03-12 10:10:00,313.63,313.765,312.4,312.62,71244.0
2026-03-12 10:15:00,312.62,313.13,309.82,310.04,62783.0
2026-03-12 10:20:00,310.0,310.51,308.71,308.85,93504.0
2026-03-12 10:25:00,308.8918,308.91,306.825,307.4125,136275.0
2026-03-12 10:30:00,307.415,307.415,304.98,305.38,101427.0
2026-03-12 10:35:00,305.37,306.15,304.51,304.71,76030.0
2026-03-12 10:40:00,304.7,305.97,304.47,305.11,136306.0
2026-03-12 10:45:00,305.1,307.24,304.78,304.87,118209.0
2026-03-12 10:50:00,304.935,305.05,303.23,303.84,115981.0
2026-03-12 10:55:00,303.93,305.1675,303.84,304.82,103884.0
2026-03-12 11:00:00,304.9,305.79,303.96,305.6,102331.0
2026-03-12 11:05:00,305.56,305.835,304.705,304.935,95355.0
2026-03-12 11:10:00,304.935,305.2999,303.75,305.185,68046.0
2026-03-12 11:15:00,305.185,305.89,304.6,305.57,71360.0
2026-03-12 11:20:00,305.61,306.75,305.2,306.67,34160.0
2026-03-12 11:25:00,306.59,307.3025,306.14,306.32,51058.0
2026-03-12 11:30:00,306.4,306.4,305.485,305.53,46118.0
2026-03-12 11:35:00,305.58,307.23,305.33,307.1564,52291.0
2026-03-12 11:40:00,307.04,308.45,306.56,308.26,67846.0
2026-03-12 11:45:00,308.15,308.36,306.975,307.27,75225.0
2026-03-12 11:50:00,307.19,307.92,307.165,307.92,63217.0
2026-03-12 11:55:00,307.96,308.1,307.12,307.12,42512.0
2026-03-12 12:00:00,307.21,308.21,306.71,308.025,28618.0
2026-03-12 12:05:00,308.12,308.3099,306.615,307.0,53001.0
2026-03-12 12:10:00,306.81,307.14,306.33,307.01,61107.0
2026-03-12 12:15:00,307.03,307.6,306.9,307.6,53364.0
2026-03-12 12:20:00,307.55,308.72,307.25,307.2715,62636.0
2026-03-12 12:25:00,307.2997,307.32,306.18,306.625,68823.0
2026-03-12 12:30:00,306.62,307.8984,306.52,307.6701,36116.0
2026-03-12 12:35:00,307.62,308.25,307.05,308.055,37859.0
2026-03-12 12:40:00,307.98,308.18,307.1,307.26,44892.0
2026-03-12 12:45:00,307.33,307.33,305.75,305.9051,57125.0
2026-03-12 12:50:00,305.81,306.19,304.83,305.27,75538.0
2026-03-12 12:55:00,305.19,305.57,304.8,305.245,58687.0
2026-03-12 13:00:00,305.11,305.99,304.75,305.93,42653.0
2026-03-12 13:05:00,305.93,306.395,305.16,305.315,52080.0
2026-03-12 13:10:00,305.315,305.755,304.76,304.87,46918.0
2026-03-12 13:15:00,304.865,304.95,304.22,304.53,50459.0
2026-03-12 13:20:00,304.5,305.66,304.36,304.73,86067.0
2026-03-12 13:25:00,304.85,305.0,304.14,304.15,46798.0
2026-03-12 13:30:00,304.27,304.515,303.53,303.8,54680.0
2026-03-12 13:35:00,303.88,304.27,303.76,304.035,56064.0
2026-03-12 13:40:00,303.96,304.13,302.81,302.81,50931.0
2026-03-12 13:45:00,303.0399,303.0399,302.03,302.2,52295.0
2026-03-12 13:50:00,302.26,302.48,301.91,302.07,63807.0
2026-03-12 13:55:00,301.985,302.25,301.43,302.22,62314.0
2026-03-12 14:00:00,302.24,303.36,302.22,302.81,63333.0
2026-03-12 14:05:00,302.81,303.15,302.38,302.72,67044.0
2026-03-12 14:10:00,302.64,302.985,302.1,302.38,43800.0
2026-03-12 14:15:00,302.385,302.8515,302.0,302.06,47486.0
2026-03-12 14:20:00,302.03,302.12,301.13,301.65,139701.0
2026-03-12 14:25:00,301.57,302.04,301.35,301.47,53924.0
2026-03-12 14:30:00,301.43,302.46,301.275,302.2,71492.0
2026-03-12 14:35:00,302.345,302.99,301.99,302.7851,103586.0
2026-03-12 14:40:00,302.82,303.0,302.495,302.74,49038.0
2026-03-12 14:45:00,302.6601,303.5,302.64,303.27,45318.0
2026-03-12 14:50:00,303.22,303.3,302.75,303.17,53909.0
2026-03-12 14:55:00,303.12,303.27,302.77,303.085,55156.0
2026-03-12 15:00:00,303.06,303.32,302.67,302.965,54914.0
2026-03-12 15:05:00,302.99,303.695,302.98,303.35,76844.0
2026-03-12 15:10:00,303.37,304.28,303.25,304.26,68194.0
2026-03-12 15:15:00,304.255,305.51,304.16,305.5,84163.0
2026-03-12 15:20:00,305.43,306.36,304.94,305.0047,107306.0
2026-03-12 15:25:00,305.08,306.26,304.93,306.25,84101.0
2026-03-12 15:30:00,306.225,307.95,306.225,307.7,146746.0
2026-03-12 15:35:00,307.7,307.84,307.24,307.54,93258.0
2026-03-12 15:40:00,307.54,307.55,306.69,306.84,101719.0
2026-03-12 15:45:00,306.82,306.98,305.63,306.43,130713.0
2026-03-12 15:50:00,306.43,307.07,306.2751,306.915,218762.0
2026-03-12 15:55:00,306.85,307.27,306.3,306.72,536132.0
2026-03-13 09:30:00,307.37,309.25,306.63,308.5416,175689.0
2026-03-13 09:35:00,308.54,309.51,307.45,308.88,121367.0
2026-03-13 09:40:00,308.9545,309.33,307.8519,308.7,57697.0
2026-03-13 09:45:00,309.0091,309.2135,307.1911,307.565,78104.0
2026-03-13 09:50:00,307.55,307.64,306.2601,306.425,74957.0
2026-03-13 09:55:00,306.525,306.525,304.37,305.15,72927.0
2026-03-13 10:00:00,305.19,307.28,305.19,306.64,78821.0
2026-03-13 10:05:00,306.64,307.265,305.76,305.88,54726.0
2026-03-13 10:10:00,305.88,307.16,305.88,306.75,89858.0
2026-03-13 10:15:00,306.68,306.69,304.68,305.33,53179.0
2026-03-13 10:20:00,305.53,306.49,304.4,304.565,77282.0
2026-03-13 10:25:00,304.4101,304.7599,302.5,303.99,126393.0
2026-03-13 10:30:00,303.97,305.08,303.85,305.08,34614.0
2026-03-13 10:35:00,305.0764,305.0764,304.205,304.24,31893.0
2026-03-13 10:40:00,304.27,304.27,301.4,302.06,73140.0
2026-03-13 10:45:00,302.1616,302.2,301.32,301.42,97844.0
2026-03-13 10:50:00,301.41,301.67,300.45,300.555,79366.0
2026-03-13 10:55:00,300.41,300.72,299.1988,300.25,81737.0
2026-03-13 11:00:00,300.17,301.71,300.03,301.62,57611.0
2026-03-13 11:05:00,301.615,303.17,301.51,303.17,55912.0
2026-03-13 11:10:00,303.21,304.27,303.0,304.01,59025.0
2026-03-13 11:15:00,304.1399,304.18,303.56,303.595,53007.0
2026-03-13 11:20:00,303.655,304.07,303.285,303.285,31642.0
2026-03-13 11:25:00,303.285,303.39,302.68,302.91,34907.0
2026-03-13 11:30:00,302.92,303.13,302.3114,302.89,33917.0
2026-03-13 11:35:00,302.89,303.1899,302.44,302.91,51367.0
2026-03-13 11:40:00,302.87,303.0,301.84,302.01,25914.0
2026-03-13 11:45:00,302.015,303.54,301.98,302.9,47867.0
2026-03-13 11:50:00,303.0,303.0,302.37,302.73,35788.0
2026-03-13 11:55:00,302.675,302.89,302.465,302.67,19188.0
2026-03-13 12:00:00,302.71,303.11,302.63,302.69,30088.0
2026-03-13 12:05:00,302.7036,303.03,302.345,302.725,30000.0
2026-03-13 12:10:00,302.725,303.3,302.09,302.46,33318.0
2026-03-13 12:15:00,302.455,302.6,301.52,301.93,29003.0
2026-03-13 12:20:00,302.01,302.75,301.71,302.47,24782.0
2026-03-13 12:25:00,302.545,302.67,302.32,302.55,26634.0
2026-03-13 12:30:00,302.46,302.55,301.91,302.05,21571.0
2026-03-13 12:35:00,302.15,303.08,302.15,302.3125,25345.0
2026-03-13 12:40:00,302.37,302.5,302.0,302.2635,24340.0
2026-03-13 12:45:00,302.17,302.4,301.96,302.4,22595.0
2026-03-13 12:50:00,302.41,302.76,302.26,302.645,32005.0
2026-03-13 12:55:00,302.645,302.75,301.75,301.91,34033.0
2026-03-13 13:00:00,301.98,302.9,301.92,302.51,39388.0
2026-03-13 13:05:00,302.385,302.79,302.26,302.76,32020.0
2026-03-13 13:10:00,302.71,303.125,302.375,303.075,29821.0
2026-03-13 13:15:00,303.14,303.16,302.57,302.7601,40352.0
2026-03-13 13:20:00,302.98,303.03,302.48,302.85,21935.0
2026-03-13 13:25:00,302.89,303.1,302.57,302.99,26560.0
2026-03-13 13:30:00,302.91,303.45,302.8,303.02,55349.0
2026-03-13 13:35:00,303.105,303.3,302.82,303.19,29295.0
2026-03-13 13:40:00,303.19,303.28,302.65,303.08,29185.0
2026-03-13 13:45:00,303.07,303.095,301.9,302.125,31033.0
2026-03-13 13:50:00,302.06,302.6259,301.79,302.34,30376.0
2026-03-13 13:55:00,302.26,302.52,301.85,301.89,21828.0
2026-03-13 14:00:00,301.91,302.56,301.84,302.45,33850.0
2026-03-13 14:05:00,302.45,302.7128,302.28,302.29,23776.0
2026-03-13 14:10:00,302.2765,302.66,302.14,302.625,23505.0
2026-03-13 14:15:00,302.625,302.815,302.46,302.67,19598.0
2026-03-13 14:20:00,302.665,302.77,302.33,302.601,21675.0
2026-03-13 14:25:00,302.535,302.64,302.19,302.57,21062.0
2026-03-13 14:30:00,302.55,303.065,302.471,302.9999,24406.0
2026-03-13 14:35:00,302.71,303.19,302.37,302.37,39615.0
2026-03-13 14:40:00,302.39,303.01,302.37,302.9368,24281.0
2026-03-13 14:45:00,302.95,303.1,302.72,302.98,42848.0
2026-03-13 14:50:00,302.97,303.21,302.54,302.855,69020.0
2026-03-13 14:55:00,302.805,302.91,302.6,302.78,26078.0
2026-03-13 15:00:00,302.78,302.82,302.43,302.5,29317.0
2026-03-13 15:05:00,302.4975,302.92,302.3492,302.77,22775.0
2026-03-13 15:10:00,302.79,302.87,302.54,302.54,26418.0
2026-03-13 15:15:00,302.54,302.65,301.7201,301.76,55520.0
2026-03-13 15:20:00,301.79,302.11,301.46,302.11,57917.0
2026-03-13 15:25:00,302.08,302.095,301.5,301.68,57206.0
2026-03-13 15:30:00,301.705,302.29,301.14,301.15,105034.0
2026-03-13 15:35:00,301.24,301.61,300.26,300.39,194623.0
2026-03-13 15:40:00,300.4,300.77,300.02,300.035,109343.0
2026-03-13 15:45:00,300.1,300.88,299.85,300.8554,248510.0
2026-03-13 15:50:00,300.84,300.99,300.0,300.38,202126.0
2026-03-13 15:55:00,300.435,300.82,299.05,299.73,684446.0
2026-03-16 09:30:00,303.77,303.99,300.75,301.715,157741.0
2026-03-16 09:35:00,301.69,302.42,301.21,302.2,97397.0
2026-03-16 09:40:00,302.0974,303.7899,302.0974,303.402,144694.0
2026-03-16 09:45:00,303.49,303.86,302.75,303.115,85264.0
2026-03-16 09:50:00,303.16,303.9,303.0,303.68,78019.0
2026-03-16 09:55:00,303.645,304.71,303.485,303.91,99996.0
2026-03-16 10:00:00,303.93,304.06,303.23,303.83,58967.0
2026-03-16 10:05:00,303.855,304.055,303.39,303.54,44203.0
2026-03-16 10:10:00,303.565,304.44,302.7,303.375,108520.0
2026-03-16 10:15:00,303.375,303.93,303.23,303.505,55375.0
2026-03-16 10:20:00,303.62,303.91,302.89,302.965,52873.0
2026-03-16 10:25:00,302.965,303.24,302.4662,302.73,50831.0
2026-03-16 10:30:00,302.6365,302.79,301.5,301.7,38153.0
2026-03-16 10:35:00,301.6364,302.189,300.69,300.69,35923.0
2026-03-16 10:40:00,300.63,300.935,300.15,300.82,47840.0
2026-03-16 10:45:00,300.73,301.15,300.4,301.15,48296.0
2026-03-16 10:50:00,301.045,301.82,300.5,301.64,43397.0
2026-03-16 10:55:00,301.7,302.725,301.17,302.665,53518.0
2026-03-16 11:00:00,302.73,302.93,302.04,302.32,28160.0
2026-03-16 11:05:00,302.355,302.57,302.015,302.4,51441.0
2026-03-16 11:10:00,302.35,302.405,301.94,302.06,37428.0
2026-03-16 11:15:00,302.12,302.66,301.9,302.6,57783.0
2026-03-16 11:20:00,302.605,303.34,302.4252,303.28,33387.0
2026-03-16 11:25:00,303.28,303.33,302.56,302.9225,42050.0
2026-03-16 11:30:00,302.895,303.51,302.861,303.51,57517.0
2026-03-16 11:35:00,303.49,303.61,303.24,303.36,29295.0
2026-03-16 11:40:00,303.33,303.54,302.98,303.34,40135.0
2026-03-16 11:45:00,303.37,304.03,303.37,303.77,46670.0
2026-03-16 11:50:00,303.75,303.83,302.59,302.79,36322.0
2026-03-16 11:55:00,302.705,303.32,301.9825,302.65,87323.0
2026-03-16 12:00:00,302.72,302.75,302.12,302.4,22081.0
2026-03-16 12:05:00,302.415,302.94,302.1,302.49,20222.0
2026-03-16 12:10:00,302.575,303.185,302.49,302.82,24581.0
2026-03-16 12:15:00,302.95,302.95,302.37,302.435,24985.0
2026-03-16 12:20:00,302.435,302.435,301.55,301.76,52107.0
2026-03-16 12:25:00,301.77,302.02,301.6661,301.99,40995.0
2026-03-16 12:30:00,302.04,302.77,301.97,302.4,28492.0
2026-03-16 12:35:00,302.4,302.46,302.0401,302.37,17342.0
2026-03-16 12:40:00,302.34,302.91,302.208,302.787,19205.0
2026-03-16 12:45:00,302.71,302.83,302.53,302.675,29665.0
2026-03-16 12:50:00,302.63,302.83,302.03,302.04,31813.0
2026-03-16 12:55:00,302.085,302.59,302.04,302.2,29955.0
2026-03-16 13:00:00,302.2265,303.1,302.15,302.85,52756.0
2026-03-16 13:05:00,302.85,303.08,302.61,302.855,35530.0
2026-03-16 13:10:00,302.855,303.165,302.76,302.87,52253.0
2026-03-16 13:15:00,302.92,302.9999,302.65,302.74,27863.0
2026-03-16 13:20:00,302.68,303.13,302.39,302.745,71501.0
2026-03-16 13:25:00,302.7,302.95,302.59,302.775,25326.0
2026-03-16 13:30:00,302.7101,303.13,302.55,302.85,54370.0
2026-03-16 13:35:00,302.84,302.98,302.73,302.82,47023.0
2026-03-16 13:40:00,302.84,303.0599,302.78,302.94,35249.0
2026-03-16 13:45:00,303.06,303.39,302.73,302.785,55802.0
2026-03-16 13:50:00,302.785,302.93,302.52,302.82,36956.0
2026-03-16 13:55:00,302.74,303.01,302.53,302.59,39709.0
2026-03-16 14:00:00,302.59,302.95,302.57,302.9,45690.0
2026-03-16 14:05:00,302.93,303.24,302.72,303.17,38093.0
2026-03-16 14:10:00,303.13,303.88,303.12,303.88,67027.0
2026-03-16 14:15:00,303.84,304.1,303.7,304.0299,48572.0
2026-03-16 14:20:00,303.99,304.054,303.26,303.65,96916.0
2026-03-16 14:25:00,303.675,303.69,303.33,303.355,27377.0
2026-03-16 14:30:00,303.355,304.02,303.14,303.82,57192.0
2026-03-16 14:35:00,303.83,304.08,303.65,303.815,43509.0
2026-03-16 14:40:00,303.79,304.5,303.34,304.28,262233.0
2026-03-16 14:45:00,304.27,304.27,303.735,304.01,217059.0
2026-03-16 14:50:00,304.02,304.47,303.85,304.47,94847.0
2026-03-16 14:55:00,304.42,304.53,304.34,304.43,39270.0
2026-03-16 15:00:00,304.43,304.98,304.41,304.55,72580.0
2026-03-16 15:05:00,304.6,305.52,304.25,305.465,72940.0
2026-03-16 15:10:00,305.56,305.7,304.66,304.78,67622.0
2026-03-16 15:15:00,304.83,305.48,304.805,304.995,53533.0
2026-03-16 15:20:00,304.95,305.51,304.68,304.68,48590.0
2026-03-16 15:25:00,304.715,304.715,304.24,304.575,60168.0
2026-03-16 15:30:00,304.54,304.6,304.18,304.2,64473.0
2026-03-16 15:35:00,304.23,304.52,304.14,304.365,57570.0
2026-03-16 15:40:00,304.3625,304.3625,303.99,304.1401,47400.0
2026-03-16 15:45:00,304.19,304.97,304.18,304.34,105997.0
2026-03-16 15:50:00,304.35,304.67,304.11,304.37,179312.0
2026-03-16 15:55:00,304.38,305.05,303.81,304.09,504978.0
2026-03-17 09:30:00,305.41,305.9999,303.68,304.505,109421.0
2026-03-17 09:35:00,304.28,304.72,303.89,304.13,50591.0
2026-03-17 09:40:00,304.01,304.74,303.71,303.97,79079.0
2026-03-17 09:45:00,303.975,304.48,303.11,303.33,84936.0
2026-03-17 09:50:00,303.24,303.93,302.31,303.92,45425.0
2026-03-17 09:55:00,303.905,305.6,303.62,304.525,98161.0
2026-03-17 10:00:00,304.48,304.58,301.52,301.65,68758.0
2026-03-17 10:05:00,301.605,301.69,299.02,299.55,94085.0
2026-03-17 10:10:00,299.54,301.01,299.4,300.965,73754.0
2026-03-17 10:15:00,301.04,302.3,300.72,301.97,56976.0
2026-03-17 10:20:00,301.99,302.7899,301.16,301.51,52703.0
2026-03-17 10:25:00,301.44,302.1699,301.17,302.0,24254.0
2026-03-17 10:30:00,302.06,302.65,301.85,302.65,41132.0
2026-03-17 10:35:00,302.62,302.88,302.01,302.24,44046.0
2026-03-17 10:40:00,302.15,302.3,301.48,301.98,49432.0
2026-03-17 10:45:00,301.94,302.56,301.94,302.2401,65190.0
2026-03-17 10:50:00,302.34,302.77,302.03,302.7199,36029.0
2026-03-17 10:55:00,302.62,302.82,302.24,302.49,27325.0
2026-03-17 11:00:00,302.48,302.68,302.12,302.12,31836.0
2026-03-17 11:05:00,302.07,302.41,301.12,301.164,37718.0
2026-03-17 11:10:00,301.13,301.49,301.0,301.2,28152.0
2026-03-17 11:15:00,301.22,301.68,301.22,301.55,27929.0
2026-03-17 11:20:00,301.6,301.75,301.02,301.3802,25160.0
2026-03-17 11:25:00,301.5299,301.72,301.345,301.37,22561.0
2026-03-17 11:30:00,301.4,301.76,301.2,301.2,24094.0
2026-03-17 11:35:00,301.18,301.23,300.0303,300.33,65977.0
2026-03-17 11:40:00,300.335,300.84,300.3,300.84,35956.0
2026-03-17 11:45:00,300.765,301.1914,300.3101,300.51,63284.0
2026-03-17 11:50:00,300.51,301.0099,300.51,300.7201,25009.0
2026-03-17 11:55:00,300.63,300.89,300.26,300.5,21184.0
2026-03-17 12:00:00,300.5,300.6,299.91,299.99,42480.0
2026-03-17 12:05:00,299.955,300.15,299.75,299.95,67067.0
2026-03-17 12:10:00,300.03,300.235,299.89,300.065,42894.0
2026-03-17 12:15:00,300.07,300.72,300.07,300.72,41004.0
2026-03-17 12:20:00,300.73,301.0925,300.73,300.92,22310.0
2026-03-17 12:25:00,300.89,300.92,300.44,300.82,25047.0
2026-03-17 12:30:00,300.8,301.29,300.7301,301.25,20235.0
2026-03-17 12:35:00,301.2151,301.505,300.56,300.72,28773.0
2026-03-17 12:40:00,300.71,300.74,300.3,300.71,24132.0
2026-03-17 12:45:00,300.71,301.01,300.5301,300.835,21452.0
2026-03-17 12:50:00,300.75,301.12,300.74,300.95,16356.0
2026-03-17 12:55:00,300.92,301.17,300.92,301.005,24154.0
2026-03-17 13:00:00,301.07,301.59,301.05,301.5464,33444.0
2026-03-17 13:05:00,301.46,301.74,301.4,301.52,28645.0
2026-03-17 13:10:00,301.47,301.9,301.47,301.615,25080.0
2026-03-17 13:15:00,301.615,301.615,301.16,301.344,40912.0
2026-03-17 13:20:00,301.41,301.41,300.865,301.03,38177.0
2026-03-17 13:25:00,301.04,301.31,300.93,301.155,44223.0
2026-03-17 13:30:00,301.13,301.215,300.87,300.975,24317.0
2026-03-17 13:35:00,300.975,301.37,300.89,301.235,47337.0
2026-03-17 13:40:00,301.2,301.37,300.84,300.87,23441.0
2026-03-17 13:45:00,300.88,301.41,300.87,301.31,28893.0
2026-03-17 13:50:00,301.32,301.38,301.12,301.38,23916.0
2026-03-17 13:55:00,301.38,301.38,300.7901,300.83,21689.0
2026-03-17 14:00:00,300.89,301.94,300.66,301.88,36458.0
2026-03-17 14:05:00,301.88,302.1799,301.52,302.0,26011.0
2026-03-17 14:10:00,301.995,302.1,301.76,301.79,27893.0
2026-03-17 14:15:00,301.76,302.1,301.45,301.745,35211.0
2026-03-17 14:20:00,301.68,301.68,301.22,301.33,36514.0
2026-03-17 14:25:00,301.47,301.49,301.11,301.11,20098.0
2026-03-17 14:30:00,301.165,301.48,301.075,301.35,27030.0
2026-03-17 14:35:00,301.32,301.57,301.2,301.54,20345.0
2026-03-17 14:40:00,301.52,301.63,301.43,301.48,23146.0
2026-03-17 14:45:00,301.45,301.8,301.395,301.775,26070.0
2026-03-17 14:50:00,301.8,301.89,301.71,301.8,25482.0
2026-03-17 14:55:00,301.78,301.85,301.395,301.795,31524.0
2026-03-17 15:00:00,301.8325,301.8325,301.53,301.67,26451.0
2026-03-17 15:05:00,301.65,301.87,301.5601,301.72,34331.0
2026-03-17 15:10:00,301.71,302.06,301.71,301.96,35680.0
2026-03-17 15:15:00,301.97,302.155,301.81,302.13,47102.0
2026-03-17 15:20:00,302.1,302.16,301.51,301.6,35737.0
2026-03-17 15:25:00,301.61,301.67,301.38,301.47,43879.0
2026-03-17 15:30:00,301.41,301.905,301.36,301.66,59418.0
2026-03-17 15:35:00,301.665,301.95,301.665,301.915,53937.0
2026-03-17 15:40:00,301.915,301.93,301.71,301.83,61115.0
2026-03-17 15:45:00,301.82,302.34,301.795,302.15,98920.0
2026-03-17 15:50:00,302.17,302.86,302.11,302.69,117237.0
2026-03-17 15:55:00,302.63,302.87,301.8,302.13,449179.0
2026-03-18 09:30:00,302.82,303.44,301.78,302.6317,129607.0
2026-03-18 09:35:00,302.89,303.375,302.24,303.23,73400.0
2026-03-18 09:40:00,303.3092,304.08,302.68,302.85,75892.0
2026-03-18 09:45:00,302.73,303.93,302.46,303.875,60955.0
2026-03-18 09:50:00,303.875,304.97,303.21,304.27,67062.0
2026-03-18 09:55:00,304.4,304.4,303.38,303.55,75658.0
2026-03-18 10:00:00,303.56,304.205,303.185,303.99,53251.0
2026-03-18 10:05:00,304.08,304.659,303.185,303.45,50472.0
2026-03-18 10:10:00,303.45,303.4689,302.015,302.895,63277.0
2026-03-18 10:15:00,302.895,303.18,302.1201,302.745,41104.0
2026-03-18 10:20:00,302.6,302.76,301.98,302.48,28305.0
2026-03-18 10:25:00,302.49,302.5,301.19,302.06,56358.0
2026-03-18 10:30:00,302.05,302.315,301.825,302.14,48397.0
2026-03-18 10:35:00,302.18,302.31,301.72,302.01,39462.0
2026-03-18 10:40:00,301.92,302.13,301.49,302.01,30787.0
2026-03-18 10:45:00,302.16,302.425,301.85,301.85,20466.0
2026-03-18 10:50:00,301.86,302.04,301.48,301.985,40685.0
2026-03-18 10:55:00,302.005,302.7,301.83,302.47,41935.0
2026-03-18 11:00:00,302.46,303.4,302.46,303.3,31707.0
2026-03-18 11:05:00,303.4,303.8199,303.4,303.6685,25914.0
2026-03-18 11:10:00,303.6,303.95,303.49,303.825,29474.0
2026-03-18 11:15:00,303.87,304.04,302.41,302.41,31468.0
2026-03-18 11:20:00,302.44,302.83,302.22,302.76,26371.0
2026-03-18 11:25:00,302.76,302.76,302.15,302.15,22042.0
2026-03-18 11:30:00,302.13,303.25,301.96,302.97,40528.0
2026-03-18 11:35:00,302.9883,303.275,302.87,303.24,19718.0
2026-03-18 11:40:00,303.22,303.46,303.15,303.445,30408.0
2026-03-18 11:45:00,303.42,303.55,302.75,303.085,21138.0
2026-03-18 11:50:00,303.03,303.26,302.7,303.26,24140.0
2026-03-18 11:55:00,303.26,303.26,302.8,302.8,77506.0
2026-03-18 12:00:00,302.84,302.885,302.489,302.7405,23311.0
2026-03-18 12:05:00,302.735,302.89,302.4,302.56,18247.0
2026-03-18 12:10:00,302.52,302.68,302.34,302.63,24380.0
2026-03-18 12:15:00,302.6923,302.76,302.325,302.335,20592.0
2026-03-18 12:20:00,302.335,303.22,302.13,303.22,32327.0
2026-03-18 12:25:00,303.17,303.28,302.92,303.0759,20414.0
2026-03-18 12:30:00,303.07,303.15,302.65,302.795,29761.0
2026-03-18 12:35:00,302.795,303.21,302.48,303.12,18019.0
2026-03-18 12:40:00,303.11,303.24,302.955,303.03,16126.0
2026-03-18 12:45:00,302.99,303.175,302.76,303.085,20357.0
2026-03-18 12:50:00,303.07,303.56,302.96,303.46,28423.0
2026-03-18 12:55:00,303.45,303.5597,303.1,303.24,26093.0
2026-03-18 13:00:00,303.24,303.6,303.08,303.6,31601.0
2026-03-18 13:05:00,303.55,303.9699,303.5,303.5,19175.0
2026-03-18 13:10:00,303.44,303.5,302.01,302.18,58002.0
2026-03-18 13:15:00,302.175,302.59,301.89,302.355,41160.0
2026-03-18 13:20:00,302.35,302.585,302.1,302.585,19235.0
2026-03-18 13:25:00,302.585,302.585,302.01,302.0895,23738.0
2026-03-18 13:30:00,302.13,302.19,301.67,302.11,20441.0
2026-03-18 13:35:00,302.185,302.67,302.185,302.54,20846.0
2026-03-18 13:40:00,302.55,303.0926,302.29,303.0696,42185.0
2026-03-18 13:45:00,303.04,303.33,302.695,302.695,20528.0
2026-03-18 13:50:00,302.7,302.805,302.425,302.805,16894.0
2026-03-18 13:55:00,302.8,303.01,302.68,302.82,19794.0
2026-03-18 14:00:00,302.88,303.91,302.82,303.555,55063.0
2026-03-18 14:05:00,303.49,303.565,303.24,303.26,25111.0
2026-03-18 14:10:00,303.265,303.46,303.24,303.36,19094.0
2026-03-18 14:15:00,303.35,303.4,302.6,302.82,44881.0
2026-03-18 14:20:00,302.825,303.0074,302.66,302.92,17142.0
2026-03-18 14:25:00,302.95,303.2184,302.8,303.18,19934.0
2026-03-18 14:30:00,303.25,303.25,302.2,302.21,31820.0
2026-03-18 14:35:00,302.31,302.78,301.85,301.85,39041.0
2026-03-18 14:40:00,301.97,302.33,301.76,302.015,29981.0
2026-03-18 14:45:00,302.04,302.1,301.715,301.91,20122.0
2026-03-18 14:50:00,301.91,301.91,301.0,301.1,30101.0
2026-03-18 14:55:00,301.172,301.56,301.08,301.55,32064.0
2026-03-18 15:00:00,301.56,301.89,301.3,301.89,35651.0
2026-03-18 15:05:00,301.925,302.25,301.455,302.125,93357.0
2026-03-18 15:10:00,302.16,302.16,301.605,301.87,24243.0
2026-03-18 15:15:00,301.9,301.96,301.56,301.59,29907.0
2026-03-18 15:20:00,301.5298,301.71,301.08,301.14,29449.0
2026-03-18 15:25:00,301.13,301.42,301.02,301.24,44113.0
2026-03-18 15:30:00,301.24,301.5,301.055,301.205,48308.0
2026-03-18 15:35:00,301.24,301.32,301.065,301.1522,35509.0
2026-03-18 15:40:00,301.14,301.3399,300.81,300.885,57817.0
2026-03-18 15:45:00,300.875,301.73,300.81,301.71,73601.0
2026-03-18 15:50:00,301.74,302.085,300.87,300.965,98230.0
2026-03-18 15:55:00,300.96,301.01,300.18,300.95,326026.0
2026-03-19 09:30:00,296.1,296.24,291.67,292.0924,232675.0
2026-03-19 09:35:00,291.87,292.1,290.25,290.45,209277.0
2026-03-19 09:40:00,290.35,290.6928,288.4,289.415,164145.0
2026-03-19 09:45:00,289.41,290.1099,288.06,288.75,152429.0
2026-03-19 09:50:00,288.77,290.11,288.3,289.31,123233.0
2026-03-19 09:55:00,289.27,289.79,288.66,289.5443,77414.0
2026-03-19 10:00:00,289.46,289.83,288.7,288.74,79068.0
2026-03-19 10:05:00,288.7,289.57,288.0701,288.675,80051.0
2026-03-19 10:10:00,288.64,289.55,288.33,289.46,81229.0
2026-03-19 10:15:00,289.25,289.53,288.4405,288.975,59560.0
2026-03-19 10:20:00,289.0,289.16,288.1,288.41,111206.0
2026-03-19 10:25:00,288.42,288.71,287.67,287.868,50942.0
2026-03-19 10:30:00,287.85,289.53,287.78,289.39,103784.0
2026-03-19 10:35:00,289.43,290.03,288.52,289.0225,131002.0
2026-03-19 10:40:00,288.97,289.5,288.95,289.03,49904.0
2026-03-19 10:45:00,289.025,289.46,288.55,289.185,62060.0
2026-03-19 10:50:00,289.19,289.47,288.6891,288.76,42918.0
2026-03-19 10:55:00,288.69,288.78,288.34,288.6,58219.0
2026-03-19 11:00:00,288.585,288.75,288.06,288.475,79486.0
2026-03-19 11:05:00,288.45,289.1304,288.21,288.51,68765.0
2026-03-19 11:10:00,288.48,289.03,288.45,288.93,67747.0
2026-03-19 11:15:00,288.937,289.23,288.49,288.53,69580.0
2026-03-19 11:20:00,288.6,288.7487,287.82,288.11,69647.0
2026-03-19 11:25:00,288.11,288.345,287.85,288.19,62383.0
2026-03-19 11:30:00,288.15,288.15,286.89,287.43,72385.0
2026-03-19 11:35:00,287.47,287.55,286.55,286.93,82287.0
2026-03-19 11:40:00,286.98,287.2199,286.75,286.8,42438.0
2026-03-19 11:45:00,286.77,287.12,286.46,286.84,41696.0
2026-03-19 11:50:00,286.84,286.87,286.13,286.6,71816.0
2026-03-19 11:55:00,286.66,287.46,286.16,286.45,88931.0
2026-03-19 12:00:00,286.455,287.45,286.41,287.21,85374.0
2026-03-19 12:05:00,287.185,288.17,287.18,287.785,87024.0
2026-03-19 12:10:00,287.76,287.98,287.51,287.69,48186.0
2026-03-19 12:15:00,287.695,287.93,287.55,287.675,50772.0
2026-03-19 12:20:00,287.675,287.905,287.46,287.755,51110.0
2026-03-19 12:25:00,287.78,288.14,287.55,288.08,56176.0
2026-03-19 12:30:00,288.1,288.25,287.88,288.135,52520.0
2026-03-19 12:35:00,288.135,289.265,287.69,289.235,62330.0
2026-03-19 12:40:00,289.24,290.17,289.14,290.0,51063.0
2026-03-19 12:45:00,290.09,290.12,289.81,290.0,26055.0
2026-03-19 12:50:00,289.96,290.2,289.78,290.165,28561.0
2026-03-19 12:55:00,290.165,290.475,289.8818,290.13,49370.0
2026-03-19 13:00:00,290.2,290.2,287.7664,290.0,38433.0
2026-03-19 13:05:00,289.975,290.14,289.5,289.77,36581.0
2026-03-19 13:10:00,289.77,289.86,289.24,289.29,42884.0
2026-03-19 13:15:00,289.29,289.47,288.68,289.33,54377.0
2026-03-19 13:20:00,289.365,289.48,288.765,288.865,84580.0
2026-03-19 13:25:00,288.865,288.95,287.84,288.165,105992.0
2026-03-19 13:30:00,288.165,288.97,288.11,288.885,55691.0
2026-03-19 13:35:00,288.885,288.98,287.43,287.53,44073.0
2026-03-19 13:40:00,287.515,288.1799,287.39,288.105,29007.0
2026-03-19 13:45:00,288.1307,288.4099,287.9,288.135,43528.0
2026-03-19 13:50:00,288.07,288.93,287.97,288.76,74062.0
2026-03-19 13:55:00,288.76,289.3705,288.25,288.785,61980.0
2026-03-19 14:00:00,288.785,288.91,288.19,288.47,31535.0
2026-03-19 14:05:00,288.52,288.75,288.0,288.53,55029.0
2026-03-19 14:10:00,288.64,290.23,288.64,290.23,43293.0
2026-03-19 14:15:00,290.32,290.57,289.87,290.12,91777.0
2026-03-19 14:20:00,290.18,290.31,289.9,290.1191,50247.0
2026-03-19 14:25:00,290.07,290.33,289.75,290.07,123916.0
2026-03-19 14:30:00,290.07,290.32,289.96,290.06,41866.0
2026-03-19 14:35:00,290.0625,290.29,289.79,289.8,72897.0
2026-03-19 14:40:00,289.8,290.26,289.5301,290.16,62334.0
2026-03-19 14:45:00,290.095,290.095,289.3,289.36,37712.0
2026-03-19 14:50:00,289.34,289.59,289.0101,289.555,42435.0
2026-03-19 14:55:00,289.555,291.2225,289.505,291.11,34691.0
2026-03-19 15:00:00,291.2,292.75,291.065,292.35,85583.0
2026-03-19 15:05:00,292.41,293.74,292.1,293.62,116900.0
2026-03-19 15:10:00,293.61,294.61,293.33,293.8,115589.0
2026-03-19 15:15:00,293.72,294.435,293.71,294.2,80807.0
2026-03-19 15:20:00,294.16,294.16,292.8201,293.02,49162.0
2026-03-19 15:25:00,292.91,293.35,292.76,293.065,51196.0
2026-03-19 15:30:00,293.07,293.15,292.71,292.78,43986.0
2026-03-19 15:35:00,292.78,293.15,292.11,292.89,76330.0
2026-03-19 15:40:00,292.89,293.35,292.7,293.03,64639.0
2026-03-19 15:45:00,293.01,293.05,292.57,292.84,87731.0
2026-03-19 15:50:00,292.81,292.87,291.65,291.98,174814.0
2026-03-19 15:55:00,292.03,292.06,291.09,291.61,548672.0
2026-03-20 09:30:00,290.0,293.43,289.5,291.09,981908.0
2026-03-20 09:35:00,290.83,291.39,290.16,290.23,39099.0
2026-03-20 09:40:00,290.23,291.89,289.85,291.82,46381.0
2026-03-20 09:45:00,291.86,292.28,290.0,290.0,62679.0
2026-03-20 09:50:00,290.005,290.33,289.46,290.0,40986.0
2026-03-20 09:55:00,289.9,290.0,288.99,289.65,34990.0
2026-03-20 10:00:00,289.59,290.0,289.15,289.82,46590.0
2026-03-20 10:05:00,289.84,290.5136,289.57,289.81,30711.0
2026-03-20 10:10:00,289.855,290.1,287.74,288.045,41710.0
2026-03-20 10:15:00,288.16,288.22,286.74,286.77,71665.0
2026-03-20 10:20:00,286.66,287.23,285.97,287.085,91535.0
2026-03-20 10:25:00,287.04,287.24,286.18,287.0,55619.0
2026-03-20 10:30:00,287.05,288.42,286.9,288.42,45238.0
2026-03-20 10:35:00,288.36,288.68,287.31,287.625,52158.0
2026-03-20 10:40:00,287.625,287.71,287.16,287.405,42252.0
2026-03-20 10:45:00,287.43,288.295,287.07,288.2,60624.0
2026-03-20 10:50:00,288.18,288.5,286.89,286.94,35896.0
2026-03-20 10:55:00,286.995,288.425,286.995,287.89,66417.0
2026-03-20 11:00:00,287.975,288.88,287.9672,288.51,86093.0
2026-03-20 11:05:00,288.625,288.97,288.05,288.64,109728.0
2026-03-20 11:10:00,288.64,289.14,288.3112,288.6401,92312.0
2026-03-20 11:15:00,288.66,289.77,288.29,289.26,74601.0
2026-03-20 11:20:00,289.34,291.0918,288.93,289.65,70765.0
2026-03-20 11:25:00,289.84,289.97,289.38,289.61,33991.0
2026-03-20 11:30:00,289.71,290.0,289.4,289.585,37234.0
2026-03-20 11:35:00,289.655,289.93,289.43,289.55,58277.0
2026-03-20 11:40:00,289.55,289.75,289.24,289.27,55583.0
2026-03-20 11:45:00,289.325,289.44,288.8,289.18,34550.0
2026-03-20 11:50:00,289.16,289.3,288.86,289.19,41404.0
2026-03-20 11:55:00,289.19,289.65,288.9,289.38,44114.0
2026-03-20 12:00:00,289.43,289.805,289.0,289.65,46145.0
2026-03-20 12:05:00,289.75,289.89,289.4,289.5,38041.0
2026-03-20 12:10:00,289.5,289.5817,288.8,288.8,75418.0
2026-03-20 12:15:00,288.885,289.29,288.78,289.135,47094.0
2026-03-20 12:20:00,289.135,289.259,288.8,289.01,49724.0
2026-03-20 12:25:00,288.93,289.05,288.47,288.49,38275.0
2026-03-20 12:30:00,288.49,288.76,288.06,288.69,60632.0
2026-03-20 12:35:00,288.69,289.09,288.2,288.44,31313.0
2026-03-20 12:40:00,288.48,288.55,288.16,288.385,25074.0
2026-03-20 12:45:00,288.35,288.8,288.31,288.645,43375.0
2026-03-20 12:50:00,288.66,288.7114,288.07,288.245,34824.0
2026-03-20 12:55:00,288.3,288.8,288.3,288.57,36158.0
2026-03-20 13:00:00,288.53,288.76,288.5,288.68,20336.0
2026-03-20 13:05:00,288.7,288.775,288.0,288.5,42412.0
2026-03-20 13:10:00,288.54,288.77,288.22,288.245,17105.0
2026-03-20 13:15:00,288.245,288.4051,287.83,288.155,20026.0
2026-03-20 13:20:00,288.11,288.12,287.63,287.83,33990.0
2026-03-20 13:25:00,287.81,287.97,287.61,287.79,17483.0
2026-03-20 13:30:00,287.75,288.0,287.64,287.8251,20632.0
2026-03-20 13:35:00,287.91,288.09,287.2,287.62,35051.0
2026-03-20 13:40:00,287.57,287.69,286.92,286.92,28135.0
2026-03-20 13:45:00,287.035,287.29,286.92,287.1,15163.0
2026-03-20 13:50:00,287.03,287.5,287.01,287.38,19892.0
2026-03-20 13:55:00,287.48,287.56,286.8601,286.955,36238.0
2026-03-20 14:00:00,286.93,287.0,286.25,286.35,30511.0
2026-03-20 14:05:00,286.36,286.93,286.27,286.72,27343.0
2026-03-20 14:10:00,286.73,286.73,286.276,286.49,43169.0
2026-03-20 14:15:00,286.49,286.54,285.97,286.16,70781.0
2026-03-20 14:20:00,286.195,286.23,285.24,285.35,102164.0
2026-03-20 14:25:00,285.41,285.77,285.31,285.37,57388.0
2026-03-20 14:30:00,285.41,285.56,284.9,284.98,101301.0
2026-03-20 14:35:00,284.965,285.03,284.33,284.565,87659.0
2026-03-20 14:40:00,284.565,284.68,284.21,284.325,50244.0
2026-03-20 14:45:00,284.315,284.56,284.0,284.1,46105.0
2026-03-20 14:50:00,284.05,284.53,283.99,284.2922,36018.0
2026-03-20 14:55:00,284.29,284.43,283.83,284.1908,55047.0
2026-03-20 15:00:00,284.27,284.7,284.13,284.48,44215.0
2026-03-20 15:05:00,284.5429,284.63,284.085,284.16,36214.0
2026-03-20 15:10:00,284.17,284.47,283.82,284.31,50721.0
2026-03-20 15:15:00,284.315,284.68,284.19,284.38,52989.0
2026-03-20 15:20:00,284.3825,284.385,283.58,283.66,52807.0
2026-03-20 15:25:00,283.71,283.71,283.1,283.3,107587.0
2026-03-20 15:30:00,283.3,283.61,282.51,282.7009,153832.0
2026-03-20 15:35:00,282.725,282.88,282.29,282.62,117821.0
2026-03-20 15:40:00,282.625,283.46,282.39,283.43,214432.0
2026-03-20 15:45:00,283.43,283.43,282.57,282.7,202384.0
2026-03-20 15:50:00,282.73,285.17,282.73,285.17,161340.0
2026-03-20 15:55:00,285.15,286.73,285.15,286.55,500304.0
2026-03-23 09:30:00,296.8,298.0,291.65,291.65,277668.0
2026-03-23 09:35:00,291.82,292.39,290.17,291.245,254589.0
2026-03-23 09:40:00,291.4792,294.04,290.73,293.13,197161.0
2026-03-23 09:45:00,292.98,293.615,291.8157,293.615,142131.0
2026-03-23 09:50:00,293.63,295.77,293.63,295.67,134415.0
2026-03-23 09:55:00,295.67,297.3,295.55,296.27,127671.0
2026-03-23 10:00:00,296.37,297.1999,295.314,296.415,155318.0
2026-03-23 10:05:00,296.21,296.25,295.54,296.04,60843.0
2026-03-23 10:10:00,296.1,296.43,295.65,295.9,77449.0
2026-03-23 10:15:00,295.8,297.47,295.59,297.46,109118.0
2026-03-23 10:20:00,297.285,298.32,296.54,297.65,92780.0
2026-03-23 10:25:00,297.75,297.79,296.9,297.14,60970.0
2026-03-23 10:30:00,297.02,297.03,295.8,296.28,58950.0
2026-03-23 10:35:00,296.26,296.84,296.185,296.36,50064.0
2026-03-23 10:40:00,296.27,297.12,296.1625,296.96,46462.0
2026-03-23 10:45:00,296.76,298.0,296.68,297.51,45467.0
2026-03-23 10:50:00,297.51,297.51,296.67,296.74,29478.0
2026-03-23 10:55:00,296.83,297.495,296.67,297.4,44350.0
2026-03-23 11:00:00,297.33,298.81,297.31,298.355,47899.0
2026-03-23 11:05:00,298.35,298.45,297.91,298.31,73942.0
2026-03-23 11:10:00,298.44,299.55,298.4,299.1995,246272.0
2026-03-23 11:15:00,299.18,299.52,298.905,299.365,64791.0
2026-03-23 11:20:00,299.37,299.8,298.91,299.36,38192.0
2026-03-23 11:25:00,299.38,299.825,298.89,299.66,81436.0
2026-03-23 11:30:00,299.625,299.7,298.71,298.87,85878.0
2026-03-23 11:35:00,298.845,299.0,298.18,298.2,51056.0
2026-03-23 11:40:00,298.14,298.76,298.11,298.145,45192.0
2026-03-23 11:45:00,298.145,298.63,297.58,298.22,120717.0
2026-03-23 11:50:00,298.27,298.58,297.48,297.48,48778.0
2026-03-23 11:55:00,297.62,297.62,295.9424,296.245,93990.0
2026-03-23 12:00:00,296.245,296.9165,296.18,296.28,37773.0
2026-03-23 12:05:00,296.1901,296.67,295.93,296.115,60780.0
2026-03-23 12:10:00,296.01,296.61,295.91,296.14,38655.0
2026-03-23 12:15:00,296.08,296.32,295.38,295.425,54140.0
2026-03-23 12:20:00,295.425,295.58,294.6301,295.22,37420.0
2026-03-23 12:25:00,295.22,295.42,294.05,294.13,31557.0
2026-03-23 12:30:00,294.13,294.93,294.13,294.77,59219.0
2026-03-23 12:35:00,294.83,295.46,294.83,295.02,33407.0
2026-03-23 12:40:00,294.93,295.17,294.71,295.06,37054.0
2026-03-23 12:45:00,295.09,295.47,294.9801,295.08,27953.0
2026-03-23 12:50:00,295.085,295.35,294.66,294.93,19750.0
2026-03-23 12:55:00,295.04,295.13,294.6,294.8451,24226.0
2026-03-23 13:00:00,294.85,295.11,294.6,294.61,20527.0
2026-03-23 13:05:00,294.59,295.35,294.4,295.305,20418.0
2026-03-23 13:10:00,295.31,295.45,294.95,294.96,21272.0
2026-03-23 13:15:00,294.89,294.925,294.315,294.41,22355.0
2026-03-23 13:20:00,294.49,294.5,293.57,294.32,25897.0
2026-03-23 13:25:00,294.38,294.75,294.22,294.22,23629.0
2026-03-23 13:30:00,294.245,295.78,294.2,295.52,63907.0
2026-03-23 13:35:00,295.56,295.8439,295.0501,295.33,40358.0
2026-03-23 13:40:00,295.26,295.32,294.64,294.91,21108.0
2026-03-23 13:45:00,294.98,295.0699,294.58,294.765,34903.0
2026-03-23 13:50:00,294.765,295.37,294.765,295.23,20913.0
2026-03-23 13:55:00,295.265,295.7,295.11,295.4,30582.0
2026-03-23 14:00:00,295.415,295.46,294.77,295.24,31070.0
2026-03-23 14:05:00,295.27,295.36,294.63,294.96,35799.0
2026-03-23 14:10:00,295.04,295.42,294.685,294.91,31301.0
2026-03-23 14:15:00,294.945,295.16,294.6,295.055,28994.0
2026-03-23 14:20:00,295.055,295.37,294.92,295.22,22695.0
2026-03-23 14:25:00,295.22,295.65,295.1501,295.33,34866.0
2026-03-23 14:30:00,295.32,296.0,295.32,295.86,42560.0
2026-03-23 14:35:00,295.86,296.1,295.34,295.63,83733.0
2026-03-23 14:40:00,295.63,295.63,294.94,295.02,42631.0
2026-03-23 14:45:00,295.02,295.22,294.81,295.21,45855.0
2026-03-23 14:50:00,295.21,295.35,294.9,295.225,40531.0
2026-03-23 14:55:00,295.225,295.27,295.01,295.04,31622.0
2026-03-23 15:00:00,295.08,295.08,294.76,294.985,27826.0
2026-03-23 15:05:00,294.98,295.05,294.59,295.02,32216.0
2026-03-23 15:10:00,294.99,295.05,294.48,294.58,31017.0
2026-03-23 15:15:00,294.565,294.73,294.11,294.53,27081.0
2026-03-23 15:20:00,294.57,294.58,294.05,294.19,27397.0
2026-03-23 15:25:00,294.15,294.23,293.66,293.6825,43517.0
2026-03-23 15:30:00,293.71,293.95,293.6,293.7,57974.0
2026-03-23 15:35:00,293.73,293.86,293.215,293.285,59933.0
2026-03-23 15:40:00,293.23,293.45,292.97,293.145,61187.0
2026-03-23 15:45:00,293.13,293.53,292.9,293.06,73894.0
2026-03-23 15:50:00,293.15,293.44,292.86,293.255,100088.0
2026-03-23 15:55:00,293.245,293.38,291.25,291.61,628335.0
2026-03-24 09:30:00,287.71,289.0,286.6474,287.9,145195.0
2026-03-24 09:35:00,287.9,288.91,287.31,287.495,66078.0
2026-03-24 09:40:00,287.495,287.495,285.295,285.99,70740.0
2026-03-24 09:45:00,285.98,286.75,285.71,286.03,49998.0
2026-03-24 09:50:00,285.87,287.4,285.65,286.705,35832.0
2026-03-24 09:55:00,286.8599,288.06,286.715,287.98,42212.0
2026-03-24 10:00:00,287.985,288.725,287.56,288.405,52682.0
2026-03-24 10:05:00,288.49,289.08,288.0,288.2,50315.0
2026-03-24 10:10:00,288.29,288.55,287.52,288.0,54315.0
2026-03-24 10:15:00,287.92,288.1,286.68,287.0,68275.0
2026-03-24 10:20:00,286.92,287.88,286.83,287.88,52627.0
2026-03-24 10:25:00,287.835,288.5599,287.48,288.22,31865.0
2026-03-24 10:30:00,288.15,288.67,288.08,288.25,45806.0
2026-03-24 10:35:00,288.2575,288.27,287.645,287.9797,45080.0
2026-03-24 10:40:00,287.84,288.83,287.75,288.76,41097.0
2026-03-24 10:45:00,288.85,289.55,288.3,288.5,56761.0
2026-03-24 10:50:00,288.51,290.445,288.36,289.71,70613.0
2026-03-24 10:55:00,289.745,291.65,289.41,291.65,72968.0
2026-03-24 11:00:00,291.66,292.52,290.505,290.75,92597.0
2026-03-24 11:05:00,290.53,290.7299,290.14,290.48,39123.0
2026-03-24 11:10:00,290.54,291.04,290.1701,290.565,38807.0
2026-03-24 11:15:00,290.57,290.8,290.24,290.71,33876.0
2026-03-24 11:20:00,290.77,291.345,290.55,291.34,30109.0
2026-03-24 11:25:00,291.479,291.57,290.45,290.995,36142.0
2026-03-24 11:30:00,291.03,291.235,290.655,291.04,39774.0
2026-03-24 11:35:00,291.0,291.4,290.92,290.99,41916.0
2026-03-24 11:40:00,290.99,291.765,290.99,291.76,36279.0
2026-03-24 11:45:00,291.7,292.06,291.5442,291.895,25345.0
2026-03-24 11:50:00,291.895,292.32,291.8925,292.17,30691.0
2026-03-24 11:55:00,292.17,292.28,290.93,291.09,167899.0
2026-03-24 12:00:00,290.98,291.06,290.31,290.33,27840.0
2026-03-24 12:05:00,290.33,290.65,290.06,290.51,49236.0
2026-03-24 12:10:00,290.45,290.64,290.12,290.59,41015.0
2026-03-24 12:15:00,290.49,291.15,290.49,291.07,28175.0
2026-03-24 12:20:00,291.07,291.6954,290.835,291.1779,39867.0
2026-03-24 12:25:00,291.17,291.28,290.88,291.25,33519.0
2026-03-24 12:30:00,291.25,291.4799,290.9801,290.9801,26920.0
2026-03-24 12:35:00,291.08,291.08,290.16,290.77,34805.0
2026-03-24 12:40:00,290.78,291.55,290.75,291.525,18330.0
2026-03-24 12:45:00,291.58,292.09,291.235,291.41,26381.0
2026-03-24 12:50:00,291.39,291.75,291.37,291.385,15359.0
2026-03-24 12:55:00,291.43,291.47,291.12,291.25,13822.0
2026-03-24 13:00:00,291.265,291.495,290.77,290.775,21945.0
2026-03-24 13:05:00,290.68,290.825,290.33,290.34,38557.0
2026-03-24 13:10:00,290.23,290.3935,289.77,290.085,26161.0
2026-03-24 13:15:00,290.0,290.28,290.0,290.18,23309.0
2026-03-24 13:20:00,290.17,290.875,290.1,290.81,19590.0
2026-03-24 13:25:00,290.81,291.0646,290.71,291.02,19968.0
2026-03-24 13:30:00,291.035,291.36,290.89,291.0,24046.0
2026-03-24 13:35:00,291.02,291.11,290.88,291.11,18198.0
2026-03-24 13:40:00,291.12,291.34,290.6401,290.76,30490.0
2026-03-24 13:45:00,290.86,291.2,290.78,291.17,15759.0
2026-03-24 13:50:00,291.1595,291.43,290.81,291.08,28854.0
2026-03-24 13:55:00,291.0,291.72,290.32,290.6875,90008.0
2026-03-24 14:00:00,290.685,290.89,289.92,290.18,73986.0
2026-03-24 14:05:00,290.14,290.86,290.075,290.68,42382.0
2026-03-24 14:10:00,290.64,290.97,290.6,290.945,34757.0
2026-03-24 14:15:00,290.945,290.97,290.1925,290.7025,46366.0
2026-03-24 14:20:00,290.71,291.2999,290.55,291.135,33125.0
2026-03-24 14:25:00,291.05,291.475,290.99,291.28,32025.0
2026-03-24 14:30:00,291.33,291.73,291.13,291.5,28652.0
2026-03-24 14:35:00,291.49,292.255,291.4,292.255,51638.0
2026-03-24 14:40:00,292.255,292.28,290.955,291.1,32378.0
2026-03-24 14:45:00,291.1,291.15,290.87,291.095,28036.0
2026-03-24 14:50:00,291.095,291.43,290.96,291.05,27218.0
2026-03-24 14:55:00,291.01,291.13,290.81,291.13,36908.0
2026-03-24 15:00:00,291.09,291.44,290.99,291.3226,23052.0
2026-03-24 15:05:00,291.3,291.34,290.94,291.34,24846.0
2026-03-24 15:10:00,291.27,291.49,291.21,291.3351,23662.0
2026-03-24 15:15:00,291.34,291.34,290.7701,290.915,37649.0
2026-03-24 15:20:00,290.915,290.965,290.47,290.88,41086.0
2026-03-24 15:25:00,290.9428,291.04,290.405,290.615,40367.0
2026-03-24 15:30:00,290.58,290.905,290.455,290.9,51685.0
2026-03-24 15:35:00,290.905,291.15,290.7603,291.065,68279.0
2026-03-24 15:40:00,291.04,291.16,290.89,290.935,57273.0
2026-03-24 15:45:00,290.91,291.21,290.85,291.13,102712.0
2026-03-24 15:50:00,291.11,291.15,290.62,290.89,83464.0
2026-03-24 15:55:00,290.91,290.95,290.1,290.65,303365.0
2026-03-25 09:30:00,295.1,296.5,294.5103,295.04,111932.0
2026-03-25 09:35:00,295.01,295.9334,294.87,295.51,49673.0
2026-03-25 09:40:00,295.69,296.385,294.93,295.2775,59525.0
2026-03-25 09:45:00,295.39,296.0918,293.76,294.08,67342.0
2026-03-25 09:50:00,294.04,294.345,293.09,293.51,28772.0
2026-03-25 09:55:00,293.44,294.7,293.44,294.165,25563.0
2026-03-25 10:00:00,294.165,295.1299,293.96,294.51,33806.0
2026-03-25 10:05:00,294.525,295.33,294.49,295.15,23618.0
2026-03-25 10:10:00,295.15,295.3599,294.665,295.24,27040.0
2026-03-25 10:15:00,295.17,295.18,294.15,294.15,44487.0
2026-03-25 10:20:00,294.15,294.9799,294.085,294.36,36750.0
2026-03-25 10:25:00,294.41,295.29,294.41,294.9,34007.0
2026-03-25 10:30:00,294.895,295.35,294.79,295.16,27837.0
2026-03-25 10:35:00,295.235,295.275,294.76,295.055,28124.0
2026-03-25 10:40:00,295.05,295.3,294.75,295.25,23208.0
2026-03-25 10:45:00,295.23,295.38,295.01,295.26,26668.0
2026-03-25 10:50:00,295.27,295.5,294.9,295.005,39973.0
2026-03-25 10:55:00,295.005,295.58,295.005,295.47,36703.0
2026-03-25 11:00:00,295.475,295.52,294.99,295.13,31992.0
2026-03-25 11:05:00,295.16,296.11,295.11,296.07,75002.0
2026-03-25 11:10:00,296.14,296.1499,295.58,295.9,61522.0
2026-03-25 11:15:00,295.87,296.05,294.795,295.36,72678.0
2026-03-25 11:20:00,295.32,295.87,295.2,295.64,53216.0
2026-03-25 11:25:00,295.53,296.245,295.38,296.245,41564.0
2026-03-25 11:30:00,296.255,296.36,295.92,296.01,58756.0
2026-03-25 11:35:00,296.05,296.08,294.65,294.69,30251.0
2026-03-25 11:40:00,294.76,295.28,294.71,295.105,20663.0
2026-03-25 11:45:00,295.04,295.4399,294.955,295.0,21719.0
2026-03-25 11:50:00,295.05,295.42,295.03,295.275,20271.0
2026-03-25 11:55:00,295.265,295.655,295.2,295.51,47728.0
2026-03-25 12:00:00,295.47,295.51,294.955,295.18,35056.0
2026-03-25 12:05:00,295.21,295.56,295.04,295.26,26729.0
2026-03-25 12:10:00,295.17,295.3,294.87,294.9,28185.0
2026-03-25 12:15:00,294.89,295.12,294.61,294.995,24127.0
2026-03-25 12:20:00,294.99,295.13,294.52,295.08,30245.0
2026-03-25 12:25:00,295.1,295.3723,294.58,294.64,45563.0
2026-03-25 12:30:00,294.64,294.87,294.2646,294.81,33276.0
2026-03-25 12:35:00,294.9334,294.9334,294.5429,294.57,15454.0
2026-03-25 12:40:00,294.63,294.82,294.48,294.48,16132.0
2026-03-25 12:45:00,294.5201,294.57,294.2,294.26,22863.0
2026-03-25 12:50:00,294.265,295.25,294.24,295.23,38985.0
2026-03-25 12:55:00,295.18,295.4,294.65,295.08,59122.0
2026-03-25 13:00:00,295.08,295.59,295.05,295.45,36099.0
2026-03-25 13:05:00,295.45,295.55,295.26,295.41,22531.0
2026-03-25 13:10:00,295.42,295.61,295.3,295.36,23178.0
2026-03-25 13:15:00,295.33,295.48,294.73,294.7982,28703.0
2026-03-25 13:20:00,295.01,295.35,294.76,295.19,19758.0
2026-03-25 13:25:00,295.12,295.44,294.9,295.215,28215.0
2026-03-25 13:30:00,295.19,295.64,295.165,295.61,34831.0
2026-03-25 13:35:00,295.615,296.22,295.5701,296.11,38367.0
2026-03-25 13:40:00,296.11,296.525,296.0,296.09,30715.0
2026-03-25 13:45:00,296.0,296.25,295.74,295.81,26197.0
2026-03-25 13:50:00,295.7751,296.23,295.6,295.68,30711.0
2026-03-25 13:55:00,295.77,296.43,295.59,295.91,53018.0
2026-03-25 14:00:00,295.91,296.67,295.78,296.165,47162.0
2026-03-25 14:05:00,296.165,296.68,296.16,296.67,47537.0
2026-03-25 14:10:00,296.65,296.98,296.625,296.815,49825.0
2026-03-25 14:15:00,296.8,297.31,296.58,296.885,57570.0
2026-03-25 14:20:00,296.81,297.43,296.68,297.26,38412.0
2026-03-25 14:25:00,297.3,297.43,297.11,297.26,53646.0
2026-03-25 14:30:00,297.28,297.87,297.16,297.71,43586.0
2026-03-25 14:35:00,297.71,297.782,297.56,297.72,31830.0
2026-03-25 14:40:00,297.7051,297.79,297.39,297.58,27288.0
2026-03-25 14:45:00,297.56,297.5875,297.03,297.155,30335.0
2026-03-25 14:50:00,297.15,297.22,297.04,297.04,24422.0
2026-03-25 14:55:00,297.05,297.1399,296.2814,296.95,71285.0
2026-03-25 15:00:00,296.95,297.1785,296.78,297.08,37559.0
2026-03-25 15:05:00,297.035,297.395,297.035,297.275,34579.0
2026-03-25 15:10:00,297.3,297.34,297.065,297.295,37164.0
2026-03-25 15:15:00,297.295,297.41,297.105,297.26,48691.0
2026-03-25 15:20:00,297.24,297.53,297.19,297.4749,51484.0
2026-03-25 15:25:00,297.45,297.57,297.175,297.205,77722.0
2026-03-25 15:30:00,297.205,297.23,296.87,297.12,75222.0
2026-03-25 15:35:00,297.12,297.12,296.34,296.46,53173.0
2026-03-25 15:40:00,296.44,297.03,296.42,296.7,65554.0
2026-03-25 15:45:00,296.695,296.95,295.94,295.995,107489.0
2026-03-25 15:50:00,296.06,296.535,295.99,296.44,152323.0
2026-03-25 15:55:00,296.45,296.78,296.05,296.72,371175.0
2026-03-26 09:30:00,291.58,294.02,291.2,293.05,100348.0
2026-03-26 09:35:00,293.11,293.11,290.76,291.64,53774.0
2026-03-26 09:40:00,291.6889,291.6889,290.03,291.2,65972.0
2026-03-26 09:45:00,291.05,292.865,291.05,291.79,58246.0
2026-03-26 09:50:00,291.7,292.17,290.0,290.742,49980.0
2026-03-26 09:55:00,290.91,291.88,290.41,291.88,69764.0
2026-03-26 10:00:00,291.88,291.94,290.9,290.92,65505.0
2026-03-26 10:05:00,290.9,290.9499,289.67,290.165,69489.0
2026-03-26 10:10:00,290.18,290.7,289.14,290.58,41843.0
2026-03-26 10:15:00,290.47,291.426,290.29,290.55,48933.0
2026-03-26 10:20:00,290.3,291.44,290.3,291.005,50171.0
2026-03-26 10:25:00,290.98,291.28,290.56,290.99,33960.0
2026-03-26 10:30:00,290.92,291.62,290.88,291.59,27113.0
2026-03-26 10:35:00,291.505,291.6,289.84,290.07,66402.0
2026-03-26 10:40:00,290.09,290.75,289.2,289.5,57136.0
2026-03-26 10:45:00,289.495,289.6099,287.96,288.2,54946.0
2026-03-26 10:50:00,288.15,288.31,286.5,286.82,64368.0
2026-03-26 10:55:00,286.72,287.58,286.45,287.56,35315.0
2026-03-26 11:00:00,287.6,288.6,287.6,288.215,63856.0
2026-03-26 11:05:00,288.36,289.3,288.23,288.735,78131.0
2026-03-26 11:10:00,288.7,289.44,288.64,289.15,40446.0
2026-03-26 11:15:00,289.11,289.45,288.69,288.7925,44250.0
2026-03-26 11:20:00,288.74,288.96,288.615,288.63,45960.0
2026-03-26 11:25:00,288.63,289.04,288.57,288.57,69068.0
2026-03-26 11:30:00,288.57,288.6,287.81,287.995,54013.0
2026-03-26 11:35:00,287.94,288.32,287.8,287.895,59265.0
2026-03-26 11:40:00,287.91,288.08,287.19,287.35,33122.0
2026-03-26 11:45:00,287.385,287.93,286.76,287.83,48342.0
2026-03-26 11:50:00,287.93,288.1,287.62,287.695,41175.0
2026-03-26 11:55:00,287.695,287.87,287.31,287.38,90657.0
2026-03-26 12:00:00,287.37,287.8523,287.36,287.73,55595.0
2026-03-26 12:05:00,287.7,288.12,287.46,287.955,33136.0
2026-03-26 12:10:00,287.94,288.1,287.32,287.4,40898.0
2026-03-26 12:15:00,287.4,287.59,286.22,286.78,50298.0
2026-03-26 12:20:00,286.78,286.91,285.92,286.31,43507.0
2026-03-26 12:25:00,286.31,286.31,285.45,285.805,34625.0
2026-03-26 12:30:00,285.805,286.42,285.73,286.42,59923.0
2026-03-26 12:35:00,286.52,286.66,285.83,285.86,40149.0
2026-03-26 12:40:00,285.85,286.455,285.83,286.195,36743.0
2026-03-26 12:45:00,286.17,286.29,284.75,284.77,62165.0
2026-03-26 12:50:00,284.8,285.37,284.75,285.235,55100.0
2026-03-26 12:55:00,285.285,285.44,284.83,285.22,40174.0
2026-03-26 13:00:00,285.4035,285.4859,284.87,284.9689,34535.0
2026-03-26 13:05:00,284.96,285.45,284.71,285.39,55562.0
2026-03-26 13:10:00,285.39,285.7,285.049,285.49,76603.0
2026-03-26 13:15:00,285.458,286.03,285.34,286.03,32067.0
2026-03-26 13:20:00,286.04,286.04,285.46,285.68,29283.0
2026-03-26 13:25:00,285.665,286.13,285.55,286.08,26516.0
2026-03-26 13:30:00,286.17,286.325,285.91,286.01,31409.0
2026-03-26 13:35:00,285.94,286.35,285.7,286.0,37274.0
2026-03-26 13:40:00,286.0,286.02,284.54,284.735,45043.0
2026-03-26 13:45:00,284.74,285.01,284.5,284.565,28823.0
2026-03-26 13:50:00,284.51,284.57,283.57,283.66,47395.0
2026-03-26 13:55:00,283.69,283.71,282.68,282.94,85964.0
2026-03-26 14:00:00,282.95,284.28,282.93,283.96,63451.0
2026-03-26 14:05:00,283.93,284.0977,283.11,283.295,49399.0
2026-03-26 14:10:00,283.295,283.675,283.06,283.6,43956.0
2026-03-26 14:15:00,283.635,283.795,283.28,283.28,56747.0
2026-03-26 14:20:00,283.3,283.5897,282.91,283.37,48510.0
2026-03-26 14:25:00,283.41,283.61,283.17,283.27,45254.0
2026-03-26 14:30:00,283.29,283.95,283.24,283.91,59719.0
2026-03-26 14:35:00,283.91,284.42,283.8,284.05,53989.0
2026-03-26 14:40:00,284.05,284.47,283.955,284.3,43967.0
2026-03-26 14:45:00,284.295,284.68,284.115,284.5,30388.0
2026-03-26 14:50:00,284.5,284.8199,284.392,284.55,27424.0
2026-03-26 14:55:00,284.55,284.78,284.33,284.555,48441.0
2026-03-26 15:00:00,284.5,284.5,283.825,284.0901,30771.0
2026-03-26 15:05:00,284.09,284.22,283.77,283.885,39123.0
2026-03-26 15:10:00,283.83,284.82,283.77,284.75,37150.0
2026-03-26 15:15:00,284.76,285.63,284.71,285.57,40002.0
2026-03-26 15:20:00,285.63,285.725,285.0258,285.3,63622.0
2026-03-26 15:25:00,285.3,285.5599,285.1301,285.255,48579.0
2026-03-26 15:30:00,285.26,285.3,284.54,284.97,62806.0
2026-03-26 15:35:00,285.02,285.25,284.75,284.98,59011.0
2026-03-26 15:40:00,284.98,285.12,284.6501,284.765,55920.0
2026-03-26 15:45:00,284.765,284.92,284.25,284.55,87639.0
2026-03-26 15:50:00,284.5,285.75,284.23,285.47,211206.0
2026-03-26 15:55:00,285.48,286.08,285.22,285.25,524188.0
2026-03-27 09:30:00,282.99,283.87,282.21,283.7319,114552.0
2026-03-27 09:35:00,283.815,283.91,282.38,283.04,54190.0
2026-03-27 09:40:00,283.045,284.4,282.8,284.18,51751.0
2026-03-27 09:45:00,284.15,284.97,283.67,283.745,63176.0
2026-03-27 09:50:00,283.72,283.88,281.52,281.71,51807.0
2026-03-27 09:55:00,281.57,281.72,280.97,281.17,53142.0
2026-03-27 10:00:00,281.295,282.6599,281.17,282.04,53028.0
2026-03-27 10:05:00,281.97,282.77,281.85,282.44,39164.0
2026-03-27 10:10:00,282.34,283.2699,282.27,282.55,55976.0
2026-03-27 10:15:00,282.45,283.44,282.13,283.32,32926.0
2026-03-27 10:20:00,283.32,283.59,281.835,282.06,35111.0
2026-03-27 10:25:00,282.11,282.71,281.88,282.28,35209.0
2026-03-27 10:30:00,282.33,282.8312,282.24,282.71,36705.0
2026-03-27 10:35:00,282.82,282.94,282.25,282.25,23012.0
2026-03-27 10:40:00,282.35,282.78,282.24,282.51,28410.0
2026-03-27 10:45:00,282.63,284.05,282.61,284.0,54311.0
2026-03-27 10:50:00,283.93,284.06,283.03,283.05,38840.0
2026-03-27 10:55:00,283.19,283.48,282.8768,283.42,25538.0
2026-03-27 11:00:00,283.38,283.875,283.33,283.7,34176.0
2026-03-27 11:05:00,283.71,283.87,282.85,283.2,39347.0
2026-03-27 11:10:00,283.25,283.34,282.78,282.99,21849.0
2026-03-27 11:15:00,283.01,283.14,282.65,282.82,47044.0
2026-03-27 11:20:00,282.94,283.86,282.65,283.0,49460.0
2026-03-27 11:25:00,282.945,283.59,282.86,283.48,39403.0
2026-03-27 11:30:00,283.51,283.95,283.28,283.755,32076.0
2026-03-27 11:35:00,283.755,283.93,283.475,283.65,28476.0
2026-03-27 11:40:00,283.65,283.82,283.29,283.55,23073.0
2026-03-27 11:45:00,283.45,283.92,283.45,283.85,16433.0
2026-03-27 11:50:00,283.85,283.98,282.99,283.1,42191.0
2026-03-27 11:55:00,283.13,283.22,282.47,282.495,37994.0
2026-03-27 12:00:00,282.56,282.87,282.44,282.85,24141.0
2026-03-27 12:05:00,282.85,283.28,282.6,282.6,27447.0
2026-03-27 12:10:00,282.52,282.68,282.32,282.62,15385.0
2026-03-27 12:15:00,282.67,282.67,282.27,282.6,17011.0
2026-03-27 12:20:00,282.6,283.08,282.5901,282.905,13008.0
2026-03-27 12:25:00,282.935,283.17,282.53,283.17,33012.0
2026-03-27 12:30:00,283.18,283.24,282.83,282.93,46933.0
2026-03-27 12:35:00,282.93,283.04,282.82,282.94,26106.0
2026-03-27 12:40:00,282.93,283.76,282.89,283.67,32784.0
2026-03-27 12:45:00,283.65,284.15,283.54,284.06,236349.0
2026-03-27 12:50:00,284.02,284.6,283.955,284.1499,15814.0
2026-03-27 12:55:00,284.025,284.025,283.7,283.76,22970.0
2026-03-27 13:00:00,283.765,284.03,283.19,284.005,40221.0
2026-03-27 13:05:00,284.005,284.97,283.98,284.3501,27081.0
2026-03-27 13:10:00,284.35,284.54,284.14,284.54,15524.0
2026-03-27 13:15:00,284.535,284.57,284.0201,284.08,13466.0
2026-03-27 13:20:00,284.13,284.13,283.6401,283.835,18703.0
2026-03-27 13:25:00,283.76,283.83,283.35,283.505,25565.0
2026-03-27 13:30:00,283.505,283.67,283.38,283.64,19073.0
2026-03-27 13:35:00,283.645,283.85,283.37,283.82,34399.0
2026-03-27 13:40:00,283.77,283.78,283.52,283.66,24084.0
2026-03-27 13:45:00,283.64,283.91,283.4992,283.88,19165.0
2026-03-27 13:50:00,283.84,283.865,283.6,283.71,14291.0
2026-03-27 13:55:00,283.68,283.74,283.235,283.28,26006.0
2026-03-27 14:00:00,283.36,283.39,283.08,283.11,16634.0
2026-03-27 14:05:00,283.145,283.39,283.04,283.39,28838.0
2026-03-27 14:10:00,283.4,283.5906,283.19,283.51,25345.0
2026-03-27 14:15:00,283.52,283.81,283.445,283.62,29090.0
2026-03-27 14:20:00,283.61,283.7,283.43,283.515,27635.0
2026-03-27 14:25:00,283.4981,283.74,283.37,283.695,21025.0
2026-03-27 14:30:00,283.695,283.71,283.26,283.3106,28316.0
2026-03-27 14:35:00,283.376,283.79,283.365,283.58,20365.0
2026-03-27 14:40:00,283.66,284.19,283.46,283.875,29829.0
2026-03-27 14:45:00,283.92,284.04,283.65,283.78,17796.0
2026-03-27 14:50:00,283.73,283.9,283.63,283.75,20527.0
2026-03-27 14:55:00,283.76,284.05,283.65,283.86,42726.0
2026-03-27 15:00:00,283.86,284.0,283.53,283.68,27191.0
2026-03-27 15:05:00,283.68,283.99,283.66,283.86,22870.0
2026-03-27 15:10:00,283.83,283.92,283.59,283.885,24065.0
2026-03-27 15:15:00,283.94,284.07,283.8,283.93,25843.0
2026-03-27 15:20:00,283.955,284.03,283.67,283.79,29977.0
2026-03-27 15:25:00,283.79,283.91,283.52,283.81,33298.0
2026-03-27 15:30:00,283.82,284.165,283.7201,284.14,40067.0
2026-03-27 15:35:00,284.13,284.18,283.115,283.215,76430.0
2026-03-27 15:40:00,283.22,283.23,282.235,282.505,81988.0
2026-03-27 15:45:00,282.54,283.02,282.27,282.715,93291.0
2026-03-27 15:50:00,282.69,282.9,282.23,282.74,112737.0
2026-03-27 15:55:00,282.78,283.07,282.39,282.73,335900.0
2026-03-30 09:30:00,284.07,284.71,281.77,281.87,162165.0
2026-03-30 09:35:00,281.86,282.32,279.1,279.48,81881.0
2026-03-30 09:40:00,279.472,279.68,278.17,279.03,104325.0
2026-03-30 09:45:00,279.01,279.16,275.31,275.75,159572.0
2026-03-30 09:50:00,276.005,277.1,275.75,275.81,131329.0
2026-03-30 09:55:00,275.96,276.0,274.01,274.91,103881.0
2026-03-30 10:00:00,274.91,276.37,274.81,275.68,106194.0
2026-03-30 10:05:00,275.86,275.93,274.55,275.74,98380.0
2026-03-30 10:10:00,275.74,276.26,274.5675,275.815,122448.0
2026-03-30 10:15:00,275.815,276.45,275.03,275.36,122353.0
2026-03-30 10:20:00,275.3,275.6565,274.57,274.82,81308.0
2026-03-30 10:25:00,274.85,275.16,273.95,274.615,80871.0
2026-03-30 10:30:00,274.615,275.2,273.18,273.385,103104.0
2026-03-30 10:35:00,273.36,274.34,272.85,273.6925,96633.0
2026-03-30 10:40:00,273.745,274.58,273.67,273.81,114154.0
2026-03-30 10:45:00,273.81,275.25,273.47,274.91,149742.0
2026-03-30 10:50:00,274.925,274.925,274.01,274.215,86083.0
2026-03-30 10:55:00,274.2175,275.8,274.03,275.79,132422.0
2026-03-30 11:00:00,275.66,276.3,275.54,275.93,119387.0
2026-03-30 11:05:00,276.04,276.11,275.43,275.76,133029.0
2026-03-30 11:10:00,275.63,276.4744,275.62,276.115,72419.0
2026-03-30 11:15:00,276.1499,276.1499,274.8226,275.4782,114409.0
2026-03-30 11:20:00,275.61,275.61,274.9,275.27,575878.0
2026-03-30 11:25:00,275.3003,276.075,275.27,275.77,47139.0
2026-03-30 11:30:00,275.83,276.66,275.68,276.58,81930.0
2026-03-30 11:35:00,276.53,276.6799,276.18,276.41,72415.0
2026-03-30 11:40:00,276.41,277.0949,276.04,277.085,62508.0
2026-03-30 11:45:00,277.12,277.15,276.205,276.22,53882.0
2026-03-30 11:50:00,276.27,277.1793,276.0,277.065,51995.0
2026-03-30 11:55:00,277.02,277.105,276.05,276.07,47575.0
2026-03-30 12:00:00,276.125,276.13,275.09,275.235,52889.0
2026-03-30 12:05:00,275.35,275.8445,275.21,275.3,42998.0
2026-03-30 12:10:00,275.28,275.64,274.9,275.53,45121.0
2026-03-30 12:15:00,275.49,275.66,275.2601,275.61,37286.0
2026-03-30 12:20:00,275.61,275.85,274.6413,274.76,65707.0
2026-03-30 12:25:00,274.745,274.85,273.75,274.69,84608.0
2026-03-30 12:30:00,274.63,275.29,274.63,274.645,64007.0
2026-03-30 12:35:00,274.63,275.2292,274.41,275.075,84082.0
2026-03-30 12:40:00,275.075,275.075,273.72,273.76,57280.0
2026-03-30 12:45:00,273.765,273.9,273.43,273.825,63745.0
2026-03-30 12:50:00,273.88,274.7163,273.56,274.495,123694.0
2026-03-30 12:55:00,274.47,274.53,273.85,274.315,69032.0
2026-03-30 13:00:00,274.36,274.6,274.0818,274.23,85275.0
2026-03-30 13:05:00,274.225,274.728,274.19,274.56,50472.0
2026-03-30 13:10:00,274.68,274.68,274.03,274.42,52521.0
2026-03-30 13:15:00,274.42,274.53,273.96,274.195,71873.0
2026-03-30 13:20:00,274.25,274.35,273.903,273.985,72717.0
2026-03-30 13:25:00,273.99,274.22,273.405,273.585,95424.0
2026-03-30 13:30:00,273.53,273.585,272.485,272.545,66270.0
2026-03-30 13:35:00,272.58,273.0,272.31,272.935,72756.0
2026-03-30 13:40:00,272.94,273.58,272.76,273.45,68640.0
2026-03-30 13:45:00,273.47,273.7,272.6,272.73,81416.0
2026-03-30 13:50:00,272.7104,273.145,272.55,272.82,49668.0
2026-03-30 13:55:00,272.9924,273.09,272.59,272.95,42784.0
2026-03-30 14:00:00,272.94,273.55,272.8,273.0975,46506.0
2026-03-30 14:05:00,273.08,273.21,272.59,272.65,72602.0
2026-03-30 14:10:00,272.65,273.35,272.57,273.275,97575.0
2026-03-30 14:15:00,273.275,273.555,272.62,273.03,70735.0
2026-03-30 14:20:00,273.03,273.32,272.985,273.055,38937.0
2026-03-30 14:25:00,273.055,273.11,272.51,272.56,34676.0
2026-03-30 14:30:00,272.52,272.605,272.22,272.54,52510.0
2026-03-30 14:35:00,272.57,272.843,272.06,272.06,45822.0
2026-03-30 14:40:00,272.08,272.4438,271.87,271.915,51468.0
2026-03-30 14:45:00,272.01,272.5679,272.005,272.46,73298.0
2026-03-30 14:50:00,272.49,272.5,271.82,271.83,43497.0
2026-03-30 14:55:00,271.83,271.99,271.38,271.825,70751.0
2026-03-30 15:00:00,271.85,272.035,271.47,271.58,50407.0
2026-03-30 15:05:00,271.57,271.63,270.97,271.0,43483.0
2026-03-30 15:10:00,271.03,271.5,270.79,271.45,87533.0
2026-03-30 15:15:00,271.52,271.71,271.32,271.32,46139.0
2026-03-30 15:20:00,271.42,271.555,271.08,271.34,45509.0
2026-03-30 15:25:00,271.375,271.45,271.02,271.289,56312.0
2026-03-30 15:30:00,271.29,271.6475,271.0,271.43,72681.0
2026-03-30 15:35:00,271.47,272.02,271.41,271.79,66576.0
2026-03-30 15:40:00,271.785,273.0,271.68,272.78,88399.0
2026-03-30 15:45:00,272.7503,273.07,272.18,272.66,138550.0
2026-03-30 15:50:00,272.66,273.37,272.55,272.785,148671.0
2026-03-30 15:55:00,272.82,273.31,272.67,273.24,356555.0
2026-03-31 09:30:00,277.93,278.91,277.0,277.29,173087.0
2026-03-31 09:35:00,277.435,277.69,275.8,277.11,69259.0
2026-03-31 09:40:00,277.07,278.2999,277.03,277.41,52417.0
2026-03-31 09:45:00,277.32,278.18,277.29,277.705,68186.0
2026-03-31 09:50:00,277.715,278.82,277.39,278.765,129413.0
2026-03-31 09:55:00,278.69,279.845,278.62,279.81,47011.0
2026-03-31 10:00:00,279.68,279.99,279.21,279.36,50616.0
2026-03-31 10:05:00,279.36,279.365,278.0,278.475,60781.0
2026-03-31 10:10:00,278.59,279.225,278.525,279.145,39860.0
2026-03-31 10:15:00,279.14,279.7201,278.84,279.605,126332.0
2026-03-31 10:20:00,279.605,280.76,279.31,280.5,47958.0
2026-03-31 10:25:00,280.31,280.78,280.065,280.065,25666.0
2026-03-31 10:30:00,280.08,280.4749,279.83,280.28,53005.0
2026-03-31 10:35:00,280.28,280.5901,280.2,280.4683,46650.0
2026-03-31 10:40:00,280.38,280.4,279.15,279.63,105898.0
2026-03-31 10:45:00,279.64,279.84,279.2,279.69,65428.0
2026-03-31 10:50:00,279.69,279.974,278.99,279.91,58907.0
2026-03-31 10:55:00,279.85,279.91,278.15,278.945,83588.0
2026-03-31 11:00:00,278.945,280.16,278.81,280.12,44337.0
2026-03-31 11:05:00,280.07,281.0751,280.07,280.8134,29896.0
2026-03-31 11:10:00,280.87,281.965,280.83,281.69,58622.0
2026-03-31 11:15:00,281.67,281.73,281.2701,281.46,43055.0
2026-03-31 11:20:00,281.46,281.475,281.07,281.38,29786.0
2026-03-31 11:25:00,281.38,281.4504,280.39,280.68,37919.0
2026-03-31 11:30:00,280.6,280.7,280.0,280.385,25172.0
2026-03-31 11:35:00,280.44,280.8,280.4,280.72,44472.0
2026-03-31 11:40:00,280.685,280.685,280.16,280.315,18408.0
2026-03-31 11:45:00,280.25,280.27,279.81,280.135,24298.0
2026-03-31 11:50:00,280.135,280.22,279.76,280.02,24105.0
2026-03-31 11:55:00,280.06,280.06,279.43,279.76,23533.0
2026-03-31 12:00:00,279.71,280.48,279.705,280.42,28574.0
2026-03-31 12:05:00,280.39,280.87,280.36,280.8099,19166.0
2026-03-31 12:10:00,280.685,280.78,280.09,280.76,25268.0
2026-03-31 12:15:00,280.73,281.07,280.7,280.845,19039.0
2026-03-31 12:20:00,280.85,281.48,280.64,281.115,58162.0
2026-03-31 12:25:00,281.13,281.49,280.95,281.02,29545.0
2026-03-31 12:30:00,280.91,281.06,280.61,280.98,23529.0
2026-03-31 12:35:00,280.9814,282.39,280.81,282.39,45017.0
2026-03-31 12:40:00,282.335,286.4899,282.335,284.51,243092.0
2026-03-31 12:45:00,284.7,285.285,282.4101,283.34,136512.0
2026-03-31 12:50:00,283.24,284.025,282.88,283.325,59090.0
2026-03-31 12:55:00,283.325,283.325,281.945,282.58,80086.0
2026-03-31 13:00:00,282.588,283.9,282.39,283.76,61822.0
2026-03-31 13:05:00,283.7,283.73,282.87,283.04,41440.0
2026-03-31 13:10:00,283.055,283.45,282.6701,283.03,36750.0
2026-03-31 13:15:00,283.0,283.93,282.9714,283.87,40143.0
2026-03-31 13:20:00,283.87,284.79,283.72,284.48,45873.0
2026-03-31 13:25:00,284.5,284.52,283.82,284.02,59891.0
2026-03-31 13:30:00,284.035,285.29,284.035,285.2,42151.0
2026-03-31 13:35:00,285.2,285.29,284.1901,284.39,62360.0
2026-03-31 13:40:00,284.29,284.77,284.075,284.35,41095.0
2026-03-31 13:45:00,284.3,284.67,283.99,284.54,37992.0
2026-03-31 13:50:00,284.61,284.89,284.415,284.715,66614.0
2026-03-31 13:55:00,284.715,284.715,283.975,284.21,106996.0
2026-03-31 14:00:00,284.245,284.73,284.0,284.37,57368.0
2026-03-31 14:05:00,284.37,284.84,284.215,284.72,49460.0
2026-03-31 14:10:00,284.745,284.88,284.23,284.4,39956.0
2026-03-31 14:15:00,284.41,285.33,284.275,284.925,53240.0
2026-03-31 14:20:00,284.9075,285.01,284.0,284.0,52031.0
2026-03-31 14:25:00,284.075,284.415,283.6612,284.21,36596.0
2026-03-31 14:30:00,284.11,284.35,283.83,284.205,37861.0
2026-03-31 14:35:00,284.175,284.59,284.16,284.395,34970.0
2026-03-31 14:40:00,284.3625,284.395,283.9501,284.25,43848.0
2026-03-31 14:45:00,284.225,284.59,284.09,284.35,33411.0
2026-03-31 14:50:00,284.37,284.68,284.37,284.465,31535.0
2026-03-31 14:55:00,284.465,284.5799,284.28,284.5799,37716.0
2026-03-31 15:00:00,284.51,284.98,284.3501,284.405,56139.0
2026-03-31 15:05:00,284.45,284.45,283.43,283.51,31744.0
2026-03-31 15:10:00,283.495,284.0,283.44,283.83,40485.0
2026-03-31 15:15:00,283.82,284.01,283.54,283.6301,57989.0
2026-03-31 15:20:00,283.755,284.13,283.71,284.045,53214.0
2026-03-31 15:25:00,284.045,284.1499,283.82,283.91,63304.0
2026-03-31 15:30:00,283.935,284.51,283.93,284.255,79523.0
2026-03-31 15:35:00,284.31,284.94,284.26,284.62,77207.0
2026-03-31 15:40:00,284.59,284.59,283.885,283.97,94189.0
2026-03-31 15:45:00,283.94,284.64,283.62,284.52,125555.0
2026-03-31 15:50:00,284.4,284.45,283.94,284.32,173948.0
2026-03-31 15:55:00,284.3,284.3,282.88,283.71,605835.0
