datetime,open,high,low,close,volume
2026-03-02 09:30:00,303.0173,305.1708,301.0936,304.911,1483485.0
2026-03-02 09:35:00,304.951,305.7304,303.1922,303.472,739751.0
2026-03-02 09:40:00,303.502,305.5306,303.3221,304.936,561319.0
2026-03-02 09:45:00,304.861,306.2451,304.6562,305.8304,437864.0
2026-03-02 09:50:00,305.8154,305.8254,304.0016,304.4713,476780.0
2026-03-02 09:55:00,304.5612,304.9609,304.0416,304.4413,330094.0
2026-03-02 10:00:00,304.4113,305.0609,303.6419,304.5412,369160.0
2026-03-02 10:05:00,304.5662,304.8061,303.8617,304.6812,408883.0
2026-03-02 10:10:00,304.7011,305.4691,304.5263,305.0659,287320.0
2026-03-02 10:15:00,305.0709,305.5556,304.4813,304.8111,382879.0
2026-03-02 10:20:00,304.7711,304.968,304.3114,304.5855,341593.0
2026-03-02 10:25:00,304.5812,304.8809,303.8617,304.5412,416287.0
2026-03-02 10:30:00,304.5113,304.7311,303.8617,303.9716,276473.0
2026-03-02 10:35:00,303.9816,304.841,303.9167,304.8016,361045.0
2026-03-02 10:40:00,304.841,305.0459,304.4013,305.0309,277538.0
2026-03-02 10:45:00,305.0159,305.5206,304.5762,304.8111,425160.0
2026-03-02 10:50:00,304.841,305.4107,304.3214,304.4913,294034.0
2026-03-02 10:55:00,304.4813,305.3907,304.3913,304.9959,270863.0
2026-03-02 11:00:00,304.941,305.2907,304.3214,305.2008,251458.0
2026-03-02 11:05:00,305.1908,305.5905,305.0109,305.5905,236304.0
2026-03-02 11:10:00,305.5905,305.8304,305.4107,305.6714,297849.0
2026-03-02 11:15:00,305.6705,305.6705,304.6212,304.7411,269920.0
2026-03-02 11:20:00,304.7514,305.1708,304.6212,305.0509,210598.0
2026-03-02 11:25:00,305.0609,305.0967,304.1015,304.5712,363795.0
2026-03-02 11:30:00,304.6112,306.1801,304.6012,306.1202,292517.0
2026-03-02 11:35:00,306.1202,307.1595,305.6155,307.0533,292082.0
2026-03-02 11:40:00,307.0595,307.3993,306.9711,307.1595,198463.0
2026-03-02 11:45:00,307.1644,307.759,307.1596,307.1944,226501.0
2026-03-02 11:50:00,307.2094,307.4393,306.7098,307.2394,244718.0
2026-03-02 11:55:00,307.2094,307.859,307.1156,307.6191,209967.0
2026-03-02 12:00:00,307.5492,307.7241,307.1395,307.4642,155681.0
2026-03-02 12:05:00,307.4681,307.7191,307.2094,307.6391,154809.0
2026-03-02 12:10:00,307.6391,307.779,307.3081,307.4193,126598.0
2026-03-02 12:15:00,307.4393,307.8989,307.4393,307.779,189599.0
2026-03-02 12:20:00,307.759,307.8989,307.2694,307.8782,190684.0
2026-03-02 12:25:00,307.879,307.879,307.5292,307.6891,127463.0
2026-03-02 12:30:00,307.6791,308.0002,307.5192,307.5292,138756.0
2026-03-02 12:35:00,307.5492,307.819,307.4443,307.5792,133222.0
2026-03-02 12:40:00,307.6041,307.6091,307.1595,307.2794,148292.0
2026-03-02 12:45:00,307.2844,307.6491,307.1495,307.3393,165695.0
2026-03-02 12:50:00,307.3443,307.819,307.2094,307.6191,158725.0
2026-03-02 12:55:00,307.6191,308.2787,304.3814,308.1188,228339.0
2026-03-02 13:00:00,308.1188,308.1488,307.3723,307.4592,181167.0
2026-03-02 13:05:00,307.4692,307.4792,306.8796,306.9596,146106.0
2026-03-02 13:10:00,306.9496,307.1195,306.8097,307.0595,127446.0
2026-03-02 13:15:00,307.0595,307.0595,306.41,306.4899,135163.0
2026-03-02 13:20:00,306.4899,306.5699,306.2551,306.4399,154035.0
2026-03-02 13:25:00,306.37,306.8497,306.35,306.7397,151993.0
2026-03-02 13:30:00,306.7497,306.8996,306.5399,306.6763,172854.0
2026-03-02 13:35:00,306.6498,306.6893,306.0102,306.1402,170606.0
2026-03-02 13:40:00,306.0902,306.6098,306.0702,306.5798,129621.0
2026-03-02 13:45:00,306.5699,306.6098,305.9453,306.0702,204779.0
2026-03-02 13:50:00,306.0802,306.31,305.9303,306.1901,116413.0
2026-03-02 13:55:00,306.1601,306.1751,305.7304,305.7704,178950.0
2026-03-02 14:00:00,305.7405,306.3,305.7005,306.2401,123918.0
2026-03-02 14:05:00,306.2701,306.425,305.9003,306.36,181788.0
2026-03-02 14:10:00,306.3298,306.6631,306.2101,306.4499,219270.0
2026-03-02 14:15:00,306.4699,307.0595,306.4699,306.9896,171643.0
2026-03-02 14:20:00,306.9696,307.1994,306.8097,306.8996,155973.0
2026-03-02 14:25:00,306.9096,307.2594,306.8826,307.2094,135138.0
2026-03-02 14:30:00,307.2094,307.2594,306.9796,307.2294,175383.0
2026-03-02 14:35:00,307.2194,307.2594,307.0096,307.0795,124248.0
2026-03-02 14:40:00,307.1195,307.1692,306.7897,306.9346,194721.0
2026-03-02 14:45:00,306.9396,307.6591,306.9396,307.4742,210859.0
2026-03-02 14:50:00,307.4493,307.4992,307.0995,307.1395,171868.0
2026-03-02 14:55:00,307.1495,307.3693,306.9596,307.0595,267276.0
2026-03-02 15:00:00,307.0595,307.1744,306.2501,306.6594,258061.0
2026-03-02 15:05:00,306.6798,306.7797,305.4007,305.5905,419472.0
2026-03-02 15:10:00,305.5605,305.5805,305.0909,305.2907,316001.0
2026-03-02 15:15:00,305.2807,306.0202,305.0509,305.6305,309801.0
2026-03-02 15:20:00,305.6705,305.7104,305.2907,305.3257,266481.0
2026-03-02 15:25:00,305.3007,305.6005,305.0309,305.1308,299939.0
2026-03-02 15:30:00,305.1208,305.6005,305.0409,305.4606,264379.0
2026-03-02 15:35:00,305.4806,305.6905,305.0309,305.3307,243143.0
2026-03-02 15:40:00,305.3307,305.4906,304.7711,305.2308,366642.0
2026-03-02 15:45:00,305.2108,305.6905,305.1208,305.4606,303411.0
2026-03-02 15:50:00,305.4506,306.4599,305.4007,306.295,562504.0
2026-03-02 15:55:00,306.32,306.6798,305.9203,306.0502,2190675.0
2026-03-03 09:30:00,298.3855,299.5747,296.5068,298.3155,1687974.0
2026-03-03 09:35:00,298.3155,301.5033,297.7459,300.5715,768839.0
2026-03-03 09:40:00,300.569,300.9436,299.9344,300.1642,479391.0
2026-03-03 09:45:00,300.1543,301.1296,298.7252,298.8352,591286.0
2026-03-03 09:50:00,298.8152,299.9344,298.4854,299.5347,694706.0
2026-03-03 09:55:00,299.6146,299.9644,298.6553,299.01,364463.0
2026-03-03 10:00:00,298.995,300.1842,298.8751,299.2998,433269.0
2026-03-03 10:05:00,299.3348,300.1742,298.8152,299.7945,411687.0
2026-03-03 10:10:00,299.7845,300.2042,298.7852,298.9501,381333.0
2026-03-03 10:15:00,298.9851,299.2149,297.8858,298.2905,443707.0
2026-03-03 10:20:00,298.2755,298.514,297.7359,297.8159,589926.0
2026-03-03 10:25:00,297.7359,297.7759,296.7866,297.0764,500113.0
2026-03-03 10:30:00,297.0764,298.1756,297.0764,297.556,596004.0
2026-03-03 10:35:00,297.601,298.7452,297.1563,297.1663,374065.0
2026-03-03 10:40:00,297.1463,297.9757,296.8765,297.0414,424797.0
2026-03-03 10:45:00,297.0364,297.9308,296.9664,297.8258,340805.0
2026-03-03 10:50:00,297.7559,298.3055,296.9764,297.1363,397526.0
2026-03-03 10:55:00,297.1463,298.6103,297.1163,298.5254,312861.0
2026-03-03 11:00:00,298.4654,299.6946,298.0657,299.5447,418277.0
2026-03-03 11:05:00,299.5347,300.2142,299.4947,299.7257,491243.0
2026-03-03 11:10:00,299.7345,300.3802,299.4547,300.2642,338430.0
2026-03-03 11:15:00,300.2542,300.9637,300.2542,300.8937,333721.0
2026-03-03 11:20:00,300.9337,301.0436,300.494,300.9737,319547.0
2026-03-03 11:25:00,301.0037,301.2535,300.6739,300.7838,212162.0
2026-03-03 11:30:00,300.7239,300.7938,299.7445,300.2942,279795.0
2026-03-03 11:35:00,300.2942,301.3035,300.2492,300.9787,287139.0
2026-03-03 11:40:00,300.9437,301.2935,300.3241,301.1736,214226.0
2026-03-03 11:45:00,301.1636,301.8731,300.7538,300.9937,326325.0
2026-03-03 11:50:00,301.0237,301.1736,300.6139,301.1736,176038.0
2026-03-03 11:55:00,301.2035,301.5133,300.6439,300.6939,195640.0
2026-03-03 12:00:00,300.6739,301.3135,300.544,301.2935,216782.0
2026-03-03 12:05:00,301.2635,301.5133,300.504,300.574,213560.0
2026-03-03 12:10:00,300.594,300.7938,300.3131,300.7139,149336.0
2026-03-03 12:15:00,300.7239,301.1136,300.524,300.8638,139992.0
2026-03-03 12:20:00,300.8788,301.2634,300.554,301.0736,144278.0
2026-03-03 12:25:00,301.0936,301.2235,300.6539,301.1586,136002.0
2026-03-03 12:30:00,301.1536,301.1736,300.1043,300.2142,184434.0
2026-03-03 12:35:00,300.2092,300.7938,300.1193,300.454,226883.0
2026-03-03 12:40:00,300.504,301.0137,300.3342,300.9537,141607.0
2026-03-03 12:45:00,300.9037,300.9937,300.574,300.9437,144282.0
2026-03-03 12:50:00,300.9037,301.0436,300.2792,300.3641,165106.0
2026-03-03 12:55:00,300.3291,300.584,300.1243,300.1642,128564.0
2026-03-03 13:00:00,300.1842,300.7438,300.1842,300.6039,157464.0
2026-03-03 13:05:00,300.6039,300.8438,300.4341,300.6589,154799.0
2026-03-03 13:10:00,300.6664,300.6889,299.9044,300.1872,182081.0
2026-03-03 13:15:00,300.1642,300.549,300.1043,300.534,129412.0
2026-03-03 13:20:00,300.524,301.1686,300.484,301.1636,206949.0
2026-03-03 13:25:00,301.1686,301.1686,300.3441,300.504,162143.0
2026-03-03 13:30:00,300.544,301.4933,300.494,301.4533,226594.0
2026-03-03 13:35:00,301.4134,302.4427,301.2235,302.2728,259471.0
2026-03-03 13:40:00,302.2828,302.6825,301.8231,301.923,185633.0
2026-03-03 13:45:00,301.9031,302.053,301.4534,301.963,159155.0
2026-03-03 13:50:00,301.9541,302.2628,301.8432,301.983,124826.0
2026-03-03 13:55:00,301.963,302.2228,301.7032,302.1429,138098.0
2026-03-03 14:00:00,302.1379,302.3877,301.8581,302.2128,132186.0
2026-03-03 14:05:00,302.2428,302.3128,301.4534,301.4733,179634.0
2026-03-03 14:10:00,301.485,301.5083,301.1036,301.4134,247980.0
2026-03-03 14:15:00,301.4833,301.9031,301.4334,301.5933,128915.0
2026-03-03 14:20:00,301.6732,301.943,301.4034,301.4234,126493.0
2026-03-03 14:25:00,301.4234,301.4234,300.7838,300.8388,141094.0
2026-03-03 14:30:00,300.8538,300.9837,300.3341,300.4241,189909.0
2026-03-03 14:35:00,300.4441,301.8231,300.4041,301.6033,291429.0
2026-03-03 14:40:00,301.6932,302.4987,301.5683,302.4987,247529.0
2026-03-03 14:45:00,302.5426,302.9623,302.2678,302.3627,317648.0
2026-03-03 14:50:00,302.2528,302.3428,301.6632,302.2024,220887.0
2026-03-03 14:55:00,302.1729,302.3727,301.8531,302.2428,248445.0
2026-03-03 15:00:00,302.2228,302.6026,301.5933,301.6632,254237.0
2026-03-03 15:05:00,301.6832,302.24,301.4733,302.2278,233075.0
2026-03-03 15:10:00,302.2128,302.8724,302.1429,302.5426,262913.0
2026-03-03 15:15:00,302.5526,302.9623,301.7931,302.6376,346817.0
2026-03-03 15:20:00,302.7025,302.8624,302.3577,302.4976,227113.0
2026-03-03 15:25:00,302.4827,302.6226,302.2329,302.5626,170644.0
2026-03-03 15:30:00,302.5326,302.7425,302.3927,302.4227,222408.0
2026-03-03 15:35:00,302.4527,302.9074,302.2928,302.3428,262254.0
2026-03-03 15:40:00,302.3527,302.5926,302.1129,302.1229,399161.0
2026-03-03 15:45:00,302.1479,302.5526,302.013,302.5326,469090.0
2026-03-03 15:50:00,302.5326,302.7924,301.7931,302.6226,666439.0
2026-03-03 15:55:00,302.7325,303.7318,302.6226,303.3321,2178254.0
2026-03-04 09:30:00,302.6825,302.7924,300.544,302.5126,1435359.0
2026-03-04 09:35:00,302.4327,303.2521,301.1236,301.5033,649284.0
2026-03-04 09:40:00,301.5033,302.5476,301.0037,301.8881,497769.0
2026-03-04 09:45:00,301.923,303.422,301.4833,302.9473,481985.0
2026-03-04 09:50:00,302.9623,303.7118,302.4727,302.9423,443032.0
2026-03-04 09:55:00,302.9573,303.512,302.406,302.7924,504905.0
2026-03-04 10:00:00,302.8024,303.2222,301.7232,302.008,521627.0
2026-03-04 10:05:00,301.983,303.452,301.923,302.8224,411147.0
2026-03-04 10:10:00,302.7924,303.2521,302.5626,302.8824,373007.0
2026-03-04 10:15:00,302.9224,303.8817,302.8724,303.8517,575648.0
2026-03-04 10:20:00,303.8417,304.2814,303.392,304.0316,610197.0
2026-03-04 10:25:00,304.1015,305.0909,303.8317,305.0209,463451.0
2026-03-04 10:30:00,305.0609,305.2608,304.3314,304.3914,362470.0
2026-03-04 10:35:00,304.4213,304.4813,303.5569,303.5919,270822.0
2026-03-04 10:40:00,303.5919,303.9467,303.2222,303.3321,336769.0
2026-03-04 10:45:00,303.3121,303.5669,302.9323,303.377,308344.0
2026-03-04 10:50:00,303.382,303.6512,302.7425,303.452,352339.0
2026-03-04 10:55:00,303.442,304.4413,303.372,304.2914,268865.0
2026-03-04 11:00:00,304.3114,304.8011,304.1815,304.2115,307460.0
2026-03-04 11:05:00,304.2216,304.3214,303.8517,303.9317,164680.0
2026-03-04 11:10:00,303.9317,303.9816,303.3621,303.3621,228715.0
2026-03-04 11:15:00,303.3621,303.5919,303.1122,303.3521,255253.0
2026-03-04 11:20:00,303.3571,303.8317,303.3571,303.5319,195867.0
2026-03-04 11:25:00,303.5169,304.7511,303.472,304.2714,311583.0
2026-03-04 11:30:00,304.2614,304.4213,303.9217,304.2115,182659.0
2026-03-04 11:35:00,304.2714,304.5762,303.9616,304.2714,210687.0
2026-03-04 11:40:00,304.2914,304.7511,304.1815,304.2315,217415.0
2026-03-04 11:45:00,304.2315,304.4913,304.1115,304.2215,163342.0
2026-03-04 11:50:00,304.2714,304.4013,304.0016,304.1815,140018.0
2026-03-04 11:55:00,304.1815,304.2415,303.8517,303.8717,205922.0
2026-03-04 12:00:00,303.8717,304.2614,303.5307,304.0643,136795.0
2026-03-04 12:05:00,304.0616,304.0616,303.602,303.6419,148035.0
2026-03-04 12:10:00,303.7218,303.9703,303.6419,303.7618,101161.0
2026-03-04 12:15:00,303.7618,303.9117,303.6818,303.7818,106214.0
2026-03-04 12:20:00,303.7668,303.9517,303.412,303.6818,164394.0
2026-03-04 12:25:00,303.6818,303.9616,303.5242,303.5519,137611.0
2026-03-04 12:30:00,303.5619,303.8417,303.2022,303.5219,254977.0
2026-03-04 12:35:00,303.5519,303.7618,303.2122,303.5869,129175.0
2026-03-04 12:40:00,303.5719,303.6918,303.3121,303.5269,92515.0
2026-03-04 12:45:00,303.5419,303.9217,303.5219,303.701,118262.0
2026-03-04 12:50:00,303.7019,304.1015,303.6019,304.0916,109058.0
2026-03-04 12:55:00,304.0916,304.1015,303.8167,303.9217,107802.0
2026-03-04 13:00:00,303.9217,304.0115,303.6307,303.6419,109940.0
2026-03-04 13:05:00,303.6469,303.6868,303.3421,303.477,130910.0
2026-03-04 13:10:00,303.492,303.5244,303.2521,303.372,181763.0
2026-03-04 13:15:00,303.3421,303.412,303.1922,303.3221,182789.0
2026-03-04 13:20:00,303.2921,303.472,303.1522,303.2721,98831.0
2026-03-04 13:25:00,303.2721,303.5319,303.2222,303.3371,139378.0
2026-03-04 13:30:00,303.3321,303.6918,303.0922,303.1622,142813.0
2026-03-04 13:35:00,303.1622,303.3571,302.6625,302.6725,217082.0
2026-03-04 13:40:00,302.6326,303.402,302.5926,303.2222,212574.0
2026-03-04 13:45:00,303.2421,303.427,302.9723,303.427,149707.0
2026-03-04 13:50:00,303.4246,303.502,303.1722,303.1922,110584.0
2026-03-04 13:55:00,303.2122,303.2172,302.7225,302.9723,154779.0
2026-03-04 14:00:00,302.9623,303.1822,302.8724,303.1622,131257.0
2026-03-04 14:05:00,303.1522,303.3021,303.1022,303.1272,116153.0
2026-03-04 14:10:00,303.1422,303.382,302.8725,302.8725,633825.0
2026-03-04 14:15:00,302.9024,303.2971,302.8924,303.0673,175064.0
2026-03-04 14:20:00,303.0773,303.1522,302.9623,303.0623,102047.0
2026-03-04 14:25:00,303.0523,303.0922,302.7275,302.733,403137.0
2026-03-04 14:30:00,302.7325,302.9423,302.7275,302.8924,150682.0
2026-03-04 14:35:00,302.8824,303.1623,302.8124,303.1622,138604.0
2026-03-04 14:40:00,303.1522,303.2222,302.9024,303.0123,129468.0
2026-03-04 14:45:00,303.0123,303.1822,302.7626,303.1372,151369.0
2026-03-04 14:50:00,303.1422,303.1874,302.7775,302.7924,180125.0
2026-03-04 14:55:00,302.7924,302.8524,302.5426,302.6176,190115.0
2026-03-04 15:00:00,302.5926,302.6625,302.3328,302.4005,222551.0
2026-03-04 15:05:00,302.4077,302.5326,302.0829,302.2028,237834.0
2026-03-04 15:10:00,302.2128,302.2228,301.8231,302.1429,260472.0
2026-03-04 15:15:00,302.1139,302.3028,302.003,302.1429,184385.0
2026-03-04 15:20:00,302.1629,302.3627,301.933,302.2378,194792.0
2026-03-04 15:25:00,302.2329,302.6276,302.2329,302.6276,200565.0
2026-03-04 15:30:00,302.6226,302.9523,302.5626,302.7325,208335.0
2026-03-04 15:35:00,302.7225,302.8824,302.6026,302.6126,215494.0
2026-03-04 15:40:00,302.5926,302.9074,302.2928,302.7912,285131.0
2026-03-04 15:45:00,302.7974,302.9623,302.5826,302.7575,236457.0
2026-03-04 15:50:00,302.7425,303.442,302.2828,303.3221,629057.0
2026-03-04 15:55:00,303.3021,303.3621,302.6825,302.8124,1447004.0
2026-03-05 09:30:00,302.8274,303.0922,298.8751,300.8188,1722352.0
2026-03-05 09:35:00,300.8338,301.0536,299.6346,300.3641,1024416.0
2026-03-05 09:40:00,300.4241,300.474,298.9651,299.1,1167874.0
2026-03-05 09:45:00,299.095,300.454,298.8452,300.2442,806674.0
2026-03-05 09:50:00,300.2442,300.6739,299.5747,300.2942,621812.0
2026-03-05 09:55:00,300.2342,301.5433,299.8145,301.1636,470687.0
2026-03-05 10:00:00,301.1436,301.7432,300.4141,300.454,546585.0
2026-03-05 10:05:00,300.474,300.9737,300.0393,300.0893,442542.0
2026-03-05 10:10:00,300.0443,301.6532,299.9944,301.4534,383033.0
2026-03-05 10:15:00,301.4534,301.5033,300.4041,300.534,394805.0
2026-03-05 10:20:00,300.514,300.584,298.9551,298.995,459071.0
2026-03-05 10:25:00,298.9851,299.7046,298.8551,299.4447,354634.0
2026-03-05 10:30:00,299.4347,299.7465,298.5953,299.7196,578428.0
2026-03-05 10:35:00,299.7146,300.4041,299.2449,300.3491,453154.0
2026-03-05 10:40:00,300.3741,300.6739,299.9944,300.454,361652.0
2026-03-05 10:45:00,300.454,300.6239,299.8545,299.8744,291878.0
2026-03-05 10:50:00,299.8645,300.2842,299.7945,300.1243,259524.0
2026-03-05 10:55:00,300.1243,300.2542,299.8245,299.9844,327574.0
2026-03-05 11:00:00,300.0443,300.2742,299.4947,299.6046,258179.0
2026-03-05 11:05:00,299.6246,299.7545,299.015,299.015,258999.0
2026-03-05 11:10:00,299.005,299.135,298.5154,299.015,458324.0
2026-03-05 11:15:00,299.005,299.2299,298.1057,298.1157,407784.0
2026-03-05 11:20:00,298.1356,298.8751,298.1157,298.4254,452394.0
2026-03-05 11:25:00,298.3955,298.8352,298.2256,298.6853,411231.0
2026-03-05 11:30:00,298.7152,299.4747,298.6753,299.3648,274557.0
2026-03-05 11:35:00,299.3648,299.8445,299.3048,299.7545,277374.0
2026-03-05 11:40:00,299.7645,299.9544,298.9651,298.9751,314811.0
2026-03-05 11:45:00,298.9851,299.7945,298.9851,299.6146,217846.0
2026-03-05 11:50:00,299.6746,299.9544,299.4547,299.6846,207411.0
2026-03-05 11:55:00,299.6756,299.9444,299.4347,299.5147,213085.0
2026-03-05 12:00:00,299.5647,299.9444,299.3448,299.9444,214504.0
2026-03-05 12:05:00,299.9294,300.1543,299.125,299.2948,209855.0
2026-03-05 12:10:00,299.2848,299.5247,298.7952,298.9051,215189.0
2026-03-05 12:15:00,298.9051,298.9051,298.3155,298.4854,229395.0
2026-03-05 12:20:00,298.4854,298.7952,298.3055,298.6653,217934.0
2026-03-05 12:25:00,298.6553,298.9551,298.3855,298.3955,257838.0
2026-03-05 12:30:00,298.4664,298.5753,297.9857,298.0857,431467.0
2026-03-05 12:35:00,298.0957,299.08,298.0957,298.7452,282241.0
2026-03-05 12:40:00,298.7552,298.9251,298.5553,298.9051,215885.0
2026-03-05 12:45:00,298.9051,299.085,298.5853,298.6753,208697.0
2026-03-05 12:50:00,298.6553,299.2149,298.5254,298.995,212587.0
2026-03-05 12:55:00,298.9751,299.3248,298.7052,299.1749,191821.0
2026-03-05 13:00:00,299.1649,299.4447,299.025,299.2049,198720.0
2026-03-05 13:05:00,299.1949,300.1243,299.1449,299.8245,258429.0
2026-03-05 13:10:00,299.7945,300.0543,299.5946,299.9344,275745.0
2026-03-05 13:15:00,299.9144,300.0343,298.8452,298.8951,229153.0
2026-03-05 13:20:00,298.9351,299.1,298.6853,298.8302,279112.0
2026-03-05 13:25:00,298.8152,298.8352,297.9558,298.0607,300125.0
2026-03-05 13:30:00,298.0607,298.3155,297.8658,297.9857,271821.0
2026-03-05 13:35:00,298.0157,298.3555,297.9907,298.1206,209388.0
2026-03-05 13:40:00,298.1456,298.3054,298.0157,298.2056,240642.0
2026-03-05 13:45:00,298.2456,298.4954,297.7859,298.3855,490251.0
2026-03-05 13:50:00,298.3955,298.4854,297.8458,297.9258,238937.0
2026-03-05 13:55:00,297.9058,298.4339,297.8758,298.3156,198300.0
2026-03-05 14:00:00,298.3055,298.7952,298.1356,298.5454,283931.0
2026-03-05 14:05:00,298.5354,298.7242,298.3255,298.4554,233903.0
2026-03-05 14:10:00,298.5054,298.9651,298.3455,298.6853,297406.0
2026-03-05 14:15:00,298.7052,298.9151,298.5555,298.8751,212873.0
2026-03-05 14:20:00,298.8951,299.2149,298.7752,299.2149,187932.0
2026-03-05 14:25:00,299.2149,299.3648,298.7652,299.095,207092.0
2026-03-05 14:30:00,299.065,299.065,298.5803,298.8052,207986.0
2026-03-05 14:35:00,298.7952,299.6646,298.6853,299.4248,161664.0
2026-03-05 14:40:00,299.4298,299.6546,299.1849,299.5347,229776.0
2026-03-05 14:45:00,299.5747,299.5747,299.1399,299.4048,244733.0
2026-03-05 14:50:00,299.4248,299.5747,299.135,299.135,343864.0
2026-03-05 14:55:00,299.125,299.2348,298.8951,298.9051,189658.0
2026-03-05 15:00:00,298.8951,299.1849,298.4354,299.045,390742.0
2026-03-05 15:05:00,299.045,299.1849,298.4254,298.8551,429497.0
2026-03-05 15:10:00,298.8751,299.6646,298.8352,299.6446,259173.0
2026-03-05 15:15:00,299.6546,300.2642,299.6546,299.9844,321641.0
2026-03-05 15:20:00,299.9794,300.2742,299.8235,300.1093,303325.0
2026-03-05 15:25:00,300.1343,300.484,299.5547,299.7345,365669.0
2026-03-05 15:30:00,299.7345,299.8994,299.3648,299.6546,342659.0
2026-03-05 15:35:00,299.6746,299.8095,299.3948,299.5047,266755.0
2026-03-05 15:40:00,299.4897,299.4947,298.8452,298.9901,276635.0
2026-03-05 15:45:00,299.015,299.3848,299.015,299.3848,346936.0
2026-03-05 15:50:00,299.4148,300.474,299.4148,300.3841,1033544.0
2026-03-05 15:55:00,300.4041,301.0536,300.3341,300.594,1844308.0
2026-03-06 09:30:00,295.8872,298.1057,294.9778,297.5831,1414286.0
2026-03-06 09:35:00,297.626,297.646,295.4974,295.8922,720549.0
2026-03-06 09:40:00,295.8672,297.4361,295.8072,296.9914,500827.0
2026-03-06 09:45:00,296.9764,297.9458,296.6367,297.541,368899.0
2026-03-06 09:50:00,297.546,297.8958,296.8565,297.3062,338446.0
2026-03-06 09:55:00,297.3362,298.5454,297.0614,298.2755,361680.0
2026-03-06 10:00:00,298.2556,299.2549,298.2456,299.005,476350.0
2026-03-06 10:05:00,298.9751,299.2049,297.7309,297.9957,306456.0
2026-03-06 10:10:00,297.9957,299.5247,297.7359,299.4917,287527.0
2026-03-06 10:15:00,299.4647,299.8645,298.9581,299.7995,302989.0
2026-03-06 10:20:00,299.8095,300.0293,299.2449,299.6997,219754.0
2026-03-06 10:25:00,299.5747,299.6346,299.1949,299.6246,162824.0
2026-03-06 10:30:00,299.6546,299.9844,299.4347,299.6796,256424.0
2026-03-06 10:35:00,299.6846,300.3241,299.5447,300.2292,605088.0
2026-03-06 10:40:00,300.2342,300.2342,299.3548,299.4947,222296.0
2026-03-06 10:45:00,299.5047,299.6446,299.2449,299.4497,204458.0
2026-03-06 10:50:00,299.4547,299.4647,298.7452,299.105,312316.0
2026-03-06 10:55:00,299.1,300.1243,299.055,299.5946,234447.0
2026-03-06 11:00:00,299.6046,300.1443,299.4447,300.1143,184232.0
2026-03-06 11:05:00,300.1043,300.1043,299.3448,299.5647,218736.0
2026-03-06 11:10:00,299.5846,299.5896,299.2149,299.3148,133591.0
2026-03-06 11:15:00,299.2848,300.0044,299.2149,299.9744,150647.0
2026-03-06 11:20:00,299.9644,300.0044,298.7352,299.1,185796.0
2026-03-06 11:25:00,299.135,299.4847,298.9651,299.4447,143877.0
2026-03-06 11:30:00,299.4647,299.5097,298.7852,298.9551,138865.0
2026-03-06 11:35:00,298.9451,299.6646,298.8751,299.4047,185966.0
2026-03-06 11:40:00,299.4347,299.6046,299.085,299.3848,150782.0
2026-03-06 11:45:00,299.3798,299.9344,299.3648,299.4947,225329.0
2026-03-06 11:50:00,299.4547,299.9644,298.9551,299.0,193729.0
2026-03-06 11:55:00,298.995,299.3748,298.6853,299.135,177581.0
2026-03-06 12:00:00,299.105,299.8145,298.9251,299.4751,194575.0
2026-03-06 12:05:00,299.5197,299.6207,298.9551,299.1649,176855.0
2026-03-06 12:10:00,299.135,299.2199,298.8452,298.9801,116583.0
2026-03-06 12:15:00,299.025,299.3448,298.7052,299.3298,146494.0
2026-03-06 12:20:00,299.3648,299.3748,298.8651,298.9401,124354.0
2026-03-06 12:25:00,298.9651,299.165,298.5653,298.995,141005.0
2026-03-06 12:30:00,298.995,299.2749,298.9551,299.1849,96729.0
2026-03-06 12:35:00,299.1949,299.1949,298.5853,298.7952,156896.0
2026-03-06 12:40:00,298.8352,298.9665,298.2356,298.3755,168133.0
2026-03-06 12:45:00,298.3555,298.7152,298.3255,298.7152,158741.0
2026-03-06 12:50:00,298.6753,298.8851,298.3055,298.4454,213030.0
2026-03-06 12:55:00,298.4055,298.6453,298.2156,298.2356,132512.0
2026-03-06 13:00:00,298.2156,298.8252,298.1756,298.3555,152384.0
2026-03-06 13:05:00,298.4154,299.03,298.3355,298.8601,121911.0
2026-03-06 13:10:00,298.8651,299.8345,298.6953,299.7445,191894.0
2026-03-06 13:15:00,299.7146,299.8345,299.1949,299.4997,143143.0
2026-03-06 13:20:00,299.4947,299.5447,299.1699,299.3348,111147.0
2026-03-06 13:25:00,299.3348,299.3648,298.8651,299.085,125007.0
2026-03-06 13:30:00,299.105,299.4647,299.035,299.3948,137922.0
2026-03-06 13:35:00,299.3548,299.4647,299.005,299.2947,139564.0
2026-03-06 13:40:00,299.2749,299.5746,299.1949,299.3348,88893.0
2026-03-06 13:45:00,299.3748,299.4647,299.1649,299.3448,117266.0
2026-03-06 13:50:00,299.3548,299.3548,298.8251,299.075,112727.0
2026-03-06 13:55:00,299.055,299.2649,298.9851,299.1251,116043.0
2026-03-06 14:00:00,299.1749,299.4148,299.1449,299.1799,99383.0
2026-03-06 14:05:00,299.1749,299.4947,299.07,299.4048,116127.0
2026-03-06 14:10:00,299.4148,299.5946,299.2749,299.4947,82165.0
2026-03-06 14:15:00,299.4847,299.5347,298.995,299.2549,131354.0
2026-03-06 14:20:00,299.1899,299.2149,298.5553,298.6653,174553.0
2026-03-06 14:25:00,298.7152,299.035,298.6853,299.005,137403.0
2026-03-06 14:30:00,298.995,299.2349,298.9551,299.005,149440.0
2026-03-06 14:35:00,299.005,299.095,298.3455,298.3705,134593.0
2026-03-06 14:40:00,298.3855,298.9151,298.3655,298.4754,168354.0
2026-03-06 14:45:00,298.4554,298.5454,298.2356,298.3455,140838.0
2026-03-06 14:50:00,298.3255,298.3755,298.0257,298.3255,196578.0
2026-03-06 14:55:00,298.3255,298.6453,298.2955,298.5853,214039.0
2026-03-06 15:00:00,298.5753,299.4597,298.5753,299.4447,214332.0
2026-03-06 15:05:00,299.4347,299.5347,298.8751,299.07,217656.0
2026-03-06 15:10:00,299.035,299.1949,298.5653,299.065,852059.0
2026-03-06 15:15:00,299.025,299.1649,298.6753,298.7152,274039.0
2026-03-06 15:20:00,298.7652,298.7952,298.2655,298.3855,255981.0
2026-03-06 15:25:00,298.3555,298.3955,297.7559,298.1256,273569.0
2026-03-06 15:30:00,298.1057,298.2156,297.8159,298.0257,241278.0
2026-03-06 15:35:00,297.9957,298.0057,297.4061,297.8858,333879.0
2026-03-06 15:40:00,297.9458,298.5853,297.7459,298.2056,452017.0
2026-03-06 15:45:00,298.2356,298.6553,298.2156,298.5454,346175.0
2026-03-06 15:50:00,298.5354,298.7052,297.7759,298.4204,715297.0
2026-03-06 15:55:00,298.4354,298.6703,297.7159,298.2755,1567511.0
2026-03-09 09:30:00,294.36,296.41,294.08,296.4,1251266.0
2026-03-09 09:35:00,296.41,296.8,294.24,296.175,707322.0
2026-03-09 09:40:00,296.1558,296.35,295.07,295.69,538466.0
2026-03-09 09:45:00,295.635,296.45,295.23,295.27,393870.0
2026-03-09 09:50:00,295.315,296.12,294.76,295.07,441997.0
2026-03-09 09:55:00,295.055,296.11,294.75,295.28,493536.0
2026-03-09 10:00:00,295.29,297.2481,295.19,297.14,389822.0
2026-03-09 10:05:00,297.155,297.38,295.75,296.21,418958.0
2026-03-09 10:10:00,296.26,296.57,295.4001,296.19,281972.0
2026-03-09 10:15:00,296.25,297.7,295.895,297.61,379148.0
2026-03-09 10:20:00,297.61,298.67,296.97,298.23,517361.0
2026-03-09 10:25:00,298.19,298.47,296.77,297.1073,284301.0
2026-03-09 10:30:00,297.085,297.93,297.03,297.865,275272.0
2026-03-09 10:35:00,297.88,298.589,297.695,298.24,305057.0
2026-03-09 10:40:00,298.23,298.9,298.15,298.84,295978.0
2026-03-09 10:45:00,298.855,299.525,298.76,299.52,267306.0
2026-03-09 10:50:00,299.515,299.63,299.045,299.63,280917.0
2026-03-09 10:55:00,299.615,299.9,299.15,299.3,379957.0
2026-03-09 11:00:00,299.325,299.9499,299.27,299.74,341738.0
2026-03-09 11:05:00,299.75,299.85,298.58,298.76,242118.0
2026-03-09 11:10:00,298.72,299.645,298.65,299.55,272709.0
2026-03-09 11:15:00,299.55,299.98,299.2801,299.6342,194606.0
2026-03-09 11:20:00,299.6,300.08,299.17,299.65,321528.0
2026-03-09 11:25:00,299.637,299.92,299.4,299.47,236882.0
2026-03-09 11:30:00,299.4651,299.56,299.075,299.185,219611.0
2026-03-09 11:35:00,299.14,299.77,298.995,299.415,166824.0
2026-03-09 11:40:00,299.41,299.5336,299.22,299.5,170876.0
2026-03-09 11:45:00,299.47,299.93,299.36,299.755,168112.0
2026-03-09 11:50:00,299.755,300.18,299.6,300.12,189327.0
2026-03-09 11:55:00,300.04,300.25,299.64,299.85,218503.0
2026-03-09 12:00:00,299.85,300.2,299.755,299.77,172136.0
2026-03-09 12:05:00,299.81,300.2,299.81,300.13,128964.0
2026-03-09 12:10:00,300.13,300.3,299.91,300.18,129730.0
2026-03-09 12:15:00,300.18,300.27,299.81,300.17,134437.0
2026-03-09 12:20:00,300.1613,300.43,299.71,300.345,173527.0
2026-03-09 12:25:00,300.375,301.445,300.3,300.8,261339.0
2026-03-09 12:30:00,300.85,301.32,300.57,301.3,255749.0
2026-03-09 12:35:00,301.305,301.51,301.0,301.375,224736.0
2026-03-09 12:40:00,301.385,301.89,301.32,301.77,165577.0
2026-03-09 12:45:00,301.79,301.98,301.64,301.75,274268.0
2026-03-09 12:50:00,301.71,301.75,301.5,301.64,177062.0
2026-03-09 12:55:00,301.66,301.83,301.44,301.6344,212820.0
2026-03-09 13:00:00,301.65,301.76,301.22,301.42,182088.0
2026-03-09 13:05:00,301.405,301.49,301.03,301.3,139790.0
2026-03-09 13:10:00,301.31,301.4,300.7975,301.075,226357.0
2026-03-09 13:15:00,301.07,301.075,300.6,300.72,200720.0
2026-03-09 13:20:00,300.72,300.73,300.17,300.46,199782.0
2026-03-09 13:25:00,300.47,300.93,300.34,300.8046,175867.0
2026-03-09 13:30:00,300.805,301.01,300.665,300.93,145027.0
2026-03-09 13:35:00,300.89,301.16,300.79,300.95,123847.0
2026-03-09 13:40:00,300.96,301.23,300.83,301.16,175645.0
2026-03-09 13:45:00,301.175,301.745,301.125,301.585,150452.0
2026-03-09 13:50:00,301.58,301.73,301.4,301.539,103186.0
2026-03-09 13:55:00,301.56,301.58,301.29,301.48,96927.0
2026-03-09 14:00:00,301.4852,301.74,301.33,301.37,118004.0
2026-03-09 14:05:00,301.37,301.5851,301.2546,301.33,112400.0
2026-03-09 14:10:00,301.32,301.69,301.28,301.47,123030.0
2026-03-09 14:15:00,301.49,301.69,301.36,301.5732,158045.0
2026-03-09 14:20:00,301.57,301.91,301.165,301.24,158685.0
2026-03-09 14:25:00,301.24,301.3,300.99,301.07,124075.0
2026-03-09 14:30:00,301.03,301.9,300.99,301.71,162106.0
2026-03-09 14:35:00,301.7,301.91,301.58,301.81,122068.0
2026-03-09 14:40:00,301.805,302.38,301.75,302.37,228481.0
2026-03-09 14:45:00,302.37,302.91,302.34,302.73,242328.0
2026-03-09 14:50:00,302.74,302.84,302.48,302.61,187330.0
2026-03-09 14:55:00,302.59,302.65,302.11,302.14,204308.0
2026-03-09 15:00:00,302.13,302.35,302.0,302.03,203455.0
2026-03-09 15:05:00,302.01,302.29,301.81,302.255,136419.0
2026-03-09 15:10:00,302.2583,302.62,302.215,302.41,206905.0
2026-03-09 15:15:00,302.4,304.2,302.35,304.12,403761.0
2026-03-09 15:20:00,304.09,304.95,303.83,304.08,438659.0
2026-03-09 15:25:00,304.1,305.14,303.85,305.07,429749.0
2026-03-09 15:30:00,305.11,305.5,304.49,305.4,353110.0
2026-03-09 15:35:00,305.405,306.3,304.89,306.16,474381.0
2026-03-09 15:40:00,306.17,306.17,304.48,305.15,491810.0
2026-03-09 15:45:00,305.1,305.47,304.885,305.33,337819.0
2026-03-09 15:50:00,305.33,305.57,304.8,305.27,614993.0
2026-03-09 15:55:00,305.3,306.8,305.26,306.34,1817484.0
2026-03-10 09:30:00,306.17,308.63,306.17,307.35,772667.0
2026-03-10 09:35:00,307.4,308.16,307.12,307.91,334995.0
2026-03-10 09:40:00,307.79,308.275,306.88,308.09,377565.0
2026-03-10 09:45:00,308.0499,308.12,306.93,307.38,354713.0
2026-03-10 09:50:00,307.59,307.64,305.96,306.13,210332.0
2026-03-10 09:55:00,306.16,306.21,305.64,305.97,227757.0
2026-03-10 10:00:00,305.91,306.8,305.8,306.658,517398.0
2026-03-10 10:05:00,306.68,307.3299,305.5704,305.7701,341380.0
2026-03-10 10:10:00,305.86,306.6,305.74,306.53,185945.0
2026-03-10 10:15:00,306.54,306.69,305.97,306.63,187487.0
2026-03-10 10:20:00,306.6,306.635,305.99,306.405,249926.0
2026-03-10 10:25:00,306.47,307.3,306.29,306.52,387233.0
2026-03-10 10:30:00,306.53,307.75,306.53,307.575,301144.0
2026-03-10 10:35:00,307.58,307.92,307.3701,307.875,276364.0
2026-03-10 10:40:00,307.8634,308.2529,307.58,307.88,294959.0
2026-03-10 10:45:00,307.9,308.29,307.61,308.16,216852.0
2026-03-10 10:50:00,308.15,308.5999,307.89,308.45,274390.0
2026-03-10 10:55:00,308.435,309.06,308.38,309.0175,284157.0
2026-03-10 11:00:00,309.04,309.51,308.71,308.91,332358.0
2026-03-10 11:05:00,308.96,308.96,308.35,308.47,235923.0
2026-03-10 11:10:00,308.47,308.73,308.09,308.3428,212807.0
2026-03-10 11:15:00,308.36,308.7499,308.08,308.73,179219.0
2026-03-10 11:20:00,308.755,308.89,308.25,308.48,172693.0
2026-03-10 11:25:00,308.4501,308.64,308.27,308.42,130404.0
2026-03-10 11:30:00,308.43,308.45,308.04,308.145,167282.0
2026-03-10 11:35:00,308.17,308.62,308.165,308.59,152035.0
2026-03-10 11:40:00,308.585,309.12,308.52,308.76,316462.0
2026-03-10 11:45:00,308.75,308.91,308.47,308.9,132316.0
2026-03-10 11:50:00,308.93,309.32,308.81,308.838,161546.0
2026-03-10 11:55:00,308.78,309.15,308.765,309.04,141327.0
2026-03-10 12:00:00,309.05,309.06,308.525,308.525,159252.0
2026-03-10 12:05:00,308.525,308.555,307.61,307.86,336078.0
2026-03-10 12:10:00,307.88,308.38,307.69,308.13,210809.0
2026-03-10 12:15:00,308.13,308.615,307.97,308.44,118427.0
2026-03-10 12:20:00,308.44,308.475,308.1507,308.3091,194442.0
2026-03-10 12:25:00,308.17,308.61,308.05,308.21,181085.0
2026-03-10 12:30:00,308.23,308.52,308.16,308.4416,162164.0
2026-03-10 12:35:00,308.43,308.645,308.385,308.52,107383.0
2026-03-10 12:40:00,308.54,308.72,308.4,308.57,108113.0
2026-03-10 12:45:00,308.605,308.61,307.8,308.0,124269.0
2026-03-10 12:50:00,308.02,308.34,307.88,308.34,108901.0
2026-03-10 12:55:00,308.33,308.38,308.03,308.055,96155.0
2026-03-10 13:00:00,308.05,308.41,307.97,308.35,141020.0
2026-03-10 13:05:00,308.305,308.55,308.2401,308.52,104614.0
2026-03-10 13:10:00,308.55,308.715,308.37,308.54,123480.0
2026-03-10 13:15:00,308.5417,309.06,308.47,309.03,146186.0
2026-03-10 13:20:00,308.98,308.99,308.67,308.715,91006.0
2026-03-10 13:25:00,308.72,309.03,308.65,308.98,113144.0
2026-03-10 13:30:00,308.95,309.32,308.55,308.6,373683.0
2026-03-10 13:35:00,308.62,308.67,308.06,308.49,272018.0
2026-03-10 13:40:00,308.47,308.84,308.32,308.375,121342.0
2026-03-10 13:45:00,308.375,308.71,308.15,308.505,101428.0
2026-03-10 13:50:00,308.525,308.6917,308.32,308.5276,137991.0
2026-03-10 13:55:00,308.51,308.51,308.29,308.3,164136.0
2026-03-10 14:00:00,308.3,308.325,307.89,308.1,210468.0
2026-03-10 14:05:00,308.11,308.17,307.7801,308.06,210599.0
2026-03-10 14:10:00,308.08,308.26,306.83,306.85,324917.0
2026-03-10 14:15:00,306.86,307.4499,306.49,306.78,370870.0
2026-03-10 14:20:00,306.72,307.67,306.425,307.32,294327.0
2026-03-10 14:25:00,307.39,308.015,307.38,307.75,206571.0
2026-03-10 14:30:00,307.74,308.35,307.695,308.13,160627.0
2026-03-10 14:35:00,308.135,308.32,307.52,307.735,133629.0
2026-03-10 14:40:00,307.69,307.97,307.48,307.61,121823.0
2026-03-10 14:45:00,307.57,308.02,307.55,307.9001,118768.0
2026-03-10 14:50:00,307.925,308.18,307.55,307.82,149472.0
2026-03-10 14:55:00,307.82,307.9,307.365,307.42,237975.0
2026-03-10 15:00:00,307.45,307.82,307.315,307.315,194566.0
2026-03-10 15:05:00,307.33,307.61,307.18,307.47,187368.0
2026-03-10 15:10:00,307.42,307.61,307.12,307.5,196201.0
2026-03-10 15:15:00,307.54,307.66,307.38,307.51,115225.0
2026-03-10 15:20:00,307.48,307.571,306.86,307.3,235091.0
2026-03-10 15:25:00,307.265,307.29,306.61,306.62,219154.0
2026-03-10 15:30:00,306.65,306.93,306.42,306.615,285906.0
2026-03-10 15:35:00,306.61,307.14,306.49,307.04,264982.0
2026-03-10 15:40:00,307.05,307.5,306.74,306.92,347641.0
2026-03-10 15:45:00,306.91,307.18,306.85,306.99,268716.0
2026-03-10 15:50:00,307.01,307.07,306.51,306.77,522216.0
2026-03-10 15:55:00,306.76,307.27,306.57,307.04,1058116.0
2026-03-11 09:30:00,306.75,307.82,306.1,306.76,629748.0
2026-03-11 09:35:00,306.78,306.88,305.92,306.31,406321.0
2026-03-11 09:40:00,306.3747,307.685,306.33,306.77,372590.0
2026-03-11 09:45:00,306.74,307.62,306.71,307.54,346512.0
2026-03-11 09:50:00,307.54,308.54,307.21,307.895,358658.0
2026-03-11 09:55:00,307.9,309.09,307.74,309.05,296452.0
2026-03-11 10:00:00,309.01,310.31,308.47,309.57,542723.0
2026-03-11 10:05:00,309.6,309.62,308.71,309.37,300212.0
2026-03-11 10:10:00,309.4,310.29,309.11,309.82,377638.0
2026-03-11 10:15:00,309.86,310.62,309.34,310.34,299385.0
2026-03-11 10:20:00,310.32,310.61,309.94,310.0699,322671.0
2026-03-11 10:25:00,310.055,310.9312,309.83,310.885,399695.0
2026-03-11 10:30:00,310.9,311.42,309.7,309.87,497072.0
2026-03-11 10:35:00,309.8693,310.52,309.53,309.88,326155.0
2026-03-11 10:40:00,309.86,310.5,309.7798,309.84,318097.0
2026-03-11 10:45:00,309.86,310.61,309.472,310.61,245324.0
2026-03-11 10:50:00,310.61,310.75,309.95,310.28,220259.0
2026-03-11 10:55:00,310.32,311.03,310.22,310.7,233384.0
2026-03-11 11:00:00,310.7,310.97,310.01,310.59,193939.0
2026-03-11 11:05:00,310.6,310.62,310.03,310.135,144952.0
2026-03-11 11:10:00,310.1102,310.43,309.08,309.71,209135.0
2026-03-11 11:15:00,309.74,309.76,308.86,309.12,199250.0
2026-03-11 11:20:00,309.13,309.455,308.735,309.27,227093.0
2026-03-11 11:25:00,309.3,309.675,308.85,308.89,236013.0
2026-03-11 11:30:00,308.885,309.8,308.61,309.5944,271436.0
2026-03-11 11:35:00,309.6245,309.69,309.07,309.24,147570.0
2026-03-11 11:40:00,309.24,309.585,308.88,308.95,161431.0
2026-03-11 11:45:00,308.965,309.12,308.53,309.01,244317.0
2026-03-11 11:50:00,309.02,309.54,309.02,309.54,128228.0
2026-03-11 11:55:00,309.51,309.52,309.02,309.2487,143208.0
2026-03-11 12:00:00,309.22,309.37,308.53,308.59,166855.0
2026-03-11 12:05:00,308.58,308.92,308.47,308.58,116758.0
2026-03-11 12:10:00,308.65,308.9999,308.42,308.8,101969.0
2026-03-11 12:15:00,308.8,309.06,308.46,308.46,154975.0
2026-03-11 12:20:00,308.4728,308.855,308.36,308.83,159656.0
2026-03-11 12:25:00,308.83,308.98,308.65,308.8,131121.0
2026-03-11 12:30:00,308.7999,309.205,308.7999,309.03,112084.0
2026-03-11 12:35:00,309.06,309.23,308.764,308.85,103336.0
2026-03-11 12:40:00,308.81,309.24,308.75,308.965,106994.0
2026-03-11 12:45:00,308.935,309.084,308.7688,308.85,98548.0
2026-03-11 12:50:00,308.83,309.09,308.71,308.89,92027.0
2026-03-11 12:55:00,308.905,309.21,308.905,309.13,85551.0
2026-03-11 13:00:00,309.15,309.57,309.15,309.265,125841.0
2026-03-11 13:05:00,309.25,309.59,309.22,309.4174,142942.0
2026-03-11 13:10:00,309.42,309.445,308.905,309.025,112274.0
2026-03-11 13:15:00,308.99,309.2,308.672,308.96,137439.0
2026-03-11 13:20:00,308.97,309.08,308.655,309.08,109652.0
2026-03-11 13:25:00,309.03,309.35,308.91,309.3,80654.0
2026-03-11 13:30:00,309.35,309.415,309.09,309.24,98907.0
2026-03-11 13:35:00,309.21,309.33,307.76,308.47,253082.0
2026-03-11 13:40:00,308.43,308.85,308.18,308.67,96167.0
2026-03-11 13:45:00,308.71,308.77,308.51,308.72,89198.0
2026-03-11 13:50:00,308.735,309.09,308.5401,308.6001,109814.0
2026-03-11 13:55:00,308.55,308.63,308.27,308.5,123319.0
2026-03-11 14:00:00,308.48,308.57,308.185,308.28,95389.0
2026-03-11 14:05:00,308.24,308.35,308.065,308.185,85371.0
2026-03-11 14:10:00,308.17,308.21,307.56,308.0,128272.0
2026-03-11 14:15:00,307.98,308.05,307.76,307.94,130215.0
2026-03-11 14:20:00,307.96,308.32,307.93,308.17,149270.0
2026-03-11 14:25:00,308.135,308.48,308.085,308.455,103641.0
2026-03-11 14:30:00,308.47,308.8,308.43,308.79,121073.0
2026-03-11 14:35:00,308.8,308.8199,308.44,308.48,137003.0
2026-03-11 14:40:00,308.475,308.66,308.14,308.25,105199.0
2026-03-11 14:45:00,308.29,308.42,308.05,308.07,120661.0
2026-03-11 14:50:00,308.1,308.57,307.9,308.02,368468.0
2026-03-11 14:55:00,308.05,308.05,307.76,307.89,184146.0
2026-03-11 15:00:00,307.89,308.24,307.45,308.18,215602.0
2026-03-11 15:05:00,308.16,308.33,307.79,307.87,154321.0
2026-03-11 15:10:00,307.9,308.0,307.5704,307.7,179761.0
2026-03-11 15:15:00,307.71,307.94,307.53,307.85,148288.0
2026-03-11 15:20:00,307.83,308.005,307.625,307.74,196476.0
2026-03-11 15:25:00,307.77,308.25,307.77,308.13,220287.0
2026-03-11 15:30:00,308.15,308.51,307.965,308.395,200505.0
2026-03-11 15:35:00,308.44,308.49,308.2,308.29,202217.0
2026-03-11 15:40:00,308.3,308.53,308.05,308.18,165053.0
2026-03-11 15:45:00,308.21,308.3,307.8,308.045,282029.0
2026-03-11 15:50:00,308.05,308.68,307.81,308.6,434404.0
2026-03-11 15:55:00,308.62,308.98,308.59,308.71,1077791.0
2026-03-12 09:30:00,306.82,308.94,306.22,307.485,812866.0
2026-03-12 09:35:00,307.46,307.62,306.42,306.5656,318208.0
2026-03-12 09:40:00,306.6009,306.71,305.315,306.05,357976.0
2026-03-12 09:45:00,306.0151,306.09,304.725,305.54,395061.0
2026-03-12 09:50:00,305.55,305.94,304.36,304.63,272098.0
2026-03-12 09:55:00,304.635,304.87,303.88,304.41,415772.0
2026-03-12 10:00:00,304.4085,305.12,304.14,304.195,353189.0
2026-03-12 10:05:00,304.18,305.18,304.18,304.7901,295660.0
2026-03-12 10:10:00,304.82,304.91,304.01,304.27,316153.0
2026-03-12 10:15:00,304.3,304.36,303.41,303.66,363792.0
2026-03-12 10:20:00,303.68,304.05,303.47,303.645,284530.0
2026-03-12 10:25:00,303.64,304.02,302.85,302.8617,529979.0
2026-03-12 10:30:00,302.85,303.52,302.67,303.47,228553.0
2026-03-12 10:35:00,303.49,303.68,302.345,302.48,375568.0
2026-03-12 10:40:00,302.44,302.93,302.43,302.79,305815.0
2026-03-12 10:45:00,302.81,303.455,301.94,302.305,403347.0
2026-03-12 10:50:00,302.34,302.63,302.11,302.38,249968.0
2026-03-12 10:55:00,302.45,302.625,301.87,302.02,234154.0
2026-03-12 11:00:00,302.02,302.1,301.47,302.01,322084.0
2026-03-12 11:05:00,301.98,302.07,301.56,301.76,217571.0
2026-03-12 11:10:00,301.75,301.81,301.18,301.79,244913.0
2026-03-12 11:15:00,301.78,301.87,301.27,301.45,196848.0
2026-03-12 11:20:00,301.445,301.69,301.03,301.36,329690.0
2026-03-12 11:25:00,301.36,302.35,301.26,302.31,340946.0
2026-03-12 11:30:00,302.24,302.76,301.91,302.09,272732.0
2026-03-12 11:35:00,302.075,303.38,302.07,303.33,337067.0
2026-03-12 11:40:00,303.34,303.45,302.8201,303.21,302546.0
2026-03-12 11:45:00,303.17,303.34,302.57,303.04,205792.0
2026-03-12 11:50:00,303.06,303.34,302.8201,303.31,154188.0
2026-03-12 11:55:00,303.315,303.35,302.96,303.15,122783.0
2026-03-12 12:00:00,303.16,303.6191,302.8415,303.56,140764.0
2026-03-12 12:05:00,303.55,303.885,302.4,302.65,228245.0
2026-03-12 12:10:00,302.68,303.5099,302.595,303.456,235510.0
2026-03-12 12:15:00,303.53,303.91,303.36,303.44,176851.0
2026-03-12 12:20:00,303.465,304.065,303.23,303.25,228812.0
2026-03-12 12:25:00,303.215,303.26,302.74,303.03,196286.0
2026-03-12 12:30:00,303.01,303.53,302.85,303.4019,160859.0
2026-03-12 12:35:00,303.42,303.81,303.21,303.735,209544.0
2026-03-12 12:40:00,303.67,303.85,303.48,303.77,146782.0
2026-03-12 12:45:00,303.75,303.75,302.93,303.335,169423.0
2026-03-12 12:50:00,303.34,303.44,302.99,303.07,130676.0
2026-03-12 12:55:00,303.07,303.45,303.06,303.42,143048.0
2026-03-12 13:00:00,303.46,303.97,303.36,303.9265,128966.0
2026-03-12 13:05:00,303.925,304.31,303.705,303.76,168542.0
2026-03-12 13:10:00,303.75,304.03,303.64,303.75,134568.0
2026-03-12 13:15:00,303.73,303.89,303.56,303.69,120215.0
2026-03-12 13:20:00,303.67,304.3,303.61,304.115,120183.0
2026-03-12 13:25:00,304.125,304.25,303.751,303.81,174693.0
2026-03-12 13:30:00,303.82,304.08,303.73,303.94,139965.0
2026-03-12 13:35:00,303.92,304.25,303.69,303.91,177904.0
2026-03-12 13:40:00,303.9,304.085,303.61,303.74,127767.0
2026-03-12 13:45:00,303.735,303.87,303.44,303.46,234331.0
2026-03-12 13:50:00,303.48,303.79,303.36,303.36,167262.0
2026-03-12 13:55:00,303.36,303.62,302.97,303.58,176178.0
2026-03-12 14:00:00,303.59,304.47,303.59,304.2449,213363.0
2026-03-12 14:05:00,304.22,304.73,304.1,304.5,146306.0
2026-03-12 14:10:00,304.5,304.71,304.11,304.293,139887.0
2026-03-12 14:15:00,304.325,304.49,304.0658,304.16,119775.0
2026-03-12 14:20:00,304.13,304.43,303.94,304.36,161048.0
2026-03-12 14:25:00,304.37,304.66,304.36,304.62,127358.0
2026-03-12 14:30:00,304.59,304.59,304.2401,304.3601,133117.0
2026-03-12 14:35:00,304.38,304.46,304.15,304.355,130099.0
2026-03-12 14:40:00,304.34,304.375,304.16,304.17,115403.0
2026-03-12 14:45:00,304.18,304.3,304.08,304.15,128171.0
2026-03-12 14:50:00,304.155,304.41,304.04,304.37,124197.0
2026-03-12 14:55:00,304.36,304.47,304.25,304.39,90233.0
2026-03-12 15:00:00,304.38,304.65,303.98,304.18,149321.0
2026-03-12 15:05:00,304.15,304.65,304.13,304.63,146972.0
2026-03-12 15:10:00,304.61,304.82,304.205,304.58,147316.0
2026-03-12 15:15:00,304.61,304.96,304.49,304.85,149125.0
2026-03-12 15:20:00,304.85,305.09,304.7183,304.89,170866.0
2026-03-12 15:25:00,304.89,305.08,304.69,304.86,153318.0
2026-03-12 15:30:00,304.85,305.05,304.78,304.87,133189.0
2026-03-12 15:35:00,304.87,304.995,304.5,304.7,171761.0
2026-03-12 15:40:00,304.725,304.74,304.19,304.4,224106.0
2026-03-12 15:45:00,304.38,304.5,304.09,304.4383,274433.0
2026-03-12 15:50:00,304.43,304.53,303.77,304.08,578794.0
2026-03-12 15:55:00,304.12,304.18,303.43,303.49,994630.0
2026-03-13 09:30:00,307.01,307.69,305.44,305.72,934328.0
2026-03-13 09:35:00,305.74,305.75,304.43,304.81,582854.0
2026-03-13 09:40:00,304.87,306.19,304.44,305.965,378113.0
2026-03-13 09:45:00,306.04,307.09,306.0,306.51,350741.0
2026-03-13 09:50:00,306.51,306.975,306.14,306.91,245523.0
2026-03-13 09:55:00,306.8956,306.8956,305.88,306.04,259354.0
2026-03-13 10:00:00,306.07,306.4,305.42,305.84,254351.0
2026-03-13 10:05:00,305.92,306.23,305.35,305.4701,233891.0
2026-03-13 10:10:00,305.55,306.35,305.5,306.12,236929.0
2026-03-13 10:15:00,306.11,306.44,305.76,305.88,229600.0
2026-03-13 10:20:00,305.87,306.7788,305.87,306.6,195404.0
2026-03-13 10:25:00,306.61,306.88,306.38,306.685,169423.0
2026-03-13 10:30:00,306.695,307.59,306.64,307.09,288001.0
2026-03-13 10:35:00,307.05,307.12,306.18,306.66,166567.0
2026-03-13 10:40:00,306.66,306.66,305.71,305.8,247950.0
2026-03-13 10:45:00,305.795,306.04,305.43,305.76,210525.0
2026-03-13 10:50:00,305.75,306.04,305.42,305.48,132735.0
2026-03-13 10:55:00,305.425,305.61,304.53,304.95,254921.0
2026-03-13 11:00:00,304.92,305.17,304.58,304.96,205643.0
2026-03-13 11:05:00,304.93,305.46,304.8,305.385,173941.0
2026-03-13 11:10:00,305.41,306.17,305.38,306.02,161659.0
2026-03-13 11:15:00,306.03,306.09,304.985,304.99,156611.0
2026-03-13 11:20:00,305.0,305.26,304.56,304.65,172765.0
2026-03-13 11:25:00,304.63,304.645,304.055,304.16,196096.0
2026-03-13 11:30:00,304.21,304.36,303.83,304.17,228956.0
2026-03-13 11:35:00,304.2,304.25,303.26,303.84,248743.0
2026-03-13 11:40:00,303.91,304.0,303.19,303.325,217706.0
2026-03-13 11:45:00,303.32,303.895,303.0801,303.28,353100.0
2026-03-13 11:50:00,303.29,303.3346,302.585,302.79,278025.0
2026-03-13 11:55:00,302.75,303.08,302.52,302.93,196968.0
2026-03-13 12:00:00,302.94,303.45,302.75,303.22,215802.0
2026-03-13 12:05:00,303.23,303.34,303.02,303.18,143230.0
2026-03-13 12:10:00,303.2,303.26,302.3,302.64,274637.0
2026-03-13 12:15:00,302.66,302.85,302.5,302.58,134241.0
2026-03-13 12:20:00,302.595,302.86,302.46,302.6799,141779.0
2026-03-13 12:25:00,302.7,302.81,302.36,302.72,135154.0
2026-03-13 12:30:00,302.72,302.885,302.49,302.56,193309.0
2026-03-13 12:35:00,302.57,303.08,302.24,302.33,297856.0
2026-03-13 12:40:00,302.33,302.41,301.6,301.6,279868.0
2026-03-13 12:45:00,301.6,301.73,301.3401,301.64,290098.0
2026-03-13 12:50:00,301.65,301.79,301.35,301.7,213908.0
2026-03-13 12:55:00,301.71,301.75,300.61,300.77,455340.0
2026-03-13 13:00:00,300.79,301.47,300.79,301.18,236762.0
2026-03-13 13:05:00,301.19,302.05,301.04,301.965,165065.0
2026-03-13 13:10:00,301.95,302.47,301.74,302.465,166079.0
2026-03-13 13:15:00,302.48,302.5317,301.77,302.0779,144064.0
2026-03-13 13:20:00,302.09,302.21,301.7301,301.995,155807.0
2026-03-13 13:25:00,301.99,302.02,301.65,301.905,191649.0
2026-03-13 13:30:00,301.93,302.05,301.29,301.435,184486.0
2026-03-13 13:35:00,301.44,301.44,301.03,301.28,188249.0
2026-03-13 13:40:00,301.28,301.28,300.44,300.85,283298.0
2026-03-13 13:45:00,300.8459,300.9007,300.52,300.58,182579.0
2026-03-13 13:50:00,300.57,300.97,300.52,300.765,145184.0
2026-03-13 13:55:00,300.75,300.98,300.54,300.68,182496.0
2026-03-13 14:00:00,300.7,301.0,300.58,300.97,153843.0
2026-03-13 14:05:00,300.96,301.39,300.84,301.36,206389.0
2026-03-13 14:10:00,301.37,301.68,301.25,301.51,212218.0
2026-03-13 14:15:00,301.49,301.645,301.21,301.62,200492.0
2026-03-13 14:20:00,301.655,301.99,301.3,301.45,168128.0
2026-03-13 14:25:00,301.45,302.02,301.43,301.96,135906.0
2026-03-13 14:30:00,301.95,302.3,301.65,301.91,266723.0
2026-03-13 14:35:00,301.94,302.39,301.89,302.37,227828.0
2026-03-13 14:40:00,302.38,302.43,302.18,302.33,125939.0
2026-03-13 14:45:00,302.355,302.57,302.25,302.54,209899.0
2026-03-13 14:50:00,302.55,302.62,302.31,302.545,363928.0
2026-03-13 14:55:00,302.54,302.55,302.07,302.24,169203.0
2026-03-13 15:00:00,302.24,302.34,302.03,302.19,172258.0
2026-03-13 15:05:00,302.18,302.18,301.79,301.98,200796.0
2026-03-13 15:10:00,302.0,302.2,301.95,302.01,143704.0
2026-03-13 15:15:00,302.01,302.1999,301.89,301.94,188846.0
2026-03-13 15:20:00,301.92,301.92,301.36,301.46,197983.0
2026-03-13 15:25:00,301.45,301.4903,301.09,301.44,222954.0
2026-03-13 15:30:00,301.44,301.68,301.31,301.51,190842.0
2026-03-13 15:35:00,301.5,301.64,301.26,301.33,224900.0
2026-03-13 15:40:00,301.32,301.33,300.95,301.29,282565.0
2026-03-13 15:45:00,301.33,301.65,301.185,301.58,267081.0
2026-03-13 15:50:00,301.63,302.285,301.47,302.09,488046.0
2026-03-13 15:55:00,302.11,302.51,301.93,302.23,1353331.0
2026-03-16 09:30:00,304.35,305.42,303.28,304.0,817543.0
2026-03-16 09:35:00,303.9,304.745,303.71,304.08,340280.0
2026-03-16 09:40:00,304.12,304.67,303.84,304.4,251765.0
2026-03-16 09:45:00,304.41,305.4,304.41,305.27,407540.0
2026-03-16 09:50:00,305.27,305.43,304.73,305.09,230641.0
2026-03-16 09:55:00,305.03,305.62,304.5,305.53,264021.0
2026-03-16 10:00:00,305.58,305.58,304.88,305.53,242157.0
2026-03-16 10:05:00,305.6,306.4886,305.38,306.295,277763.0
2026-03-16 10:10:00,306.29,306.4,305.74,306.06,289411.0
2026-03-16 10:15:00,306.05,306.4496,305.86,306.17,225316.0
2026-03-16 10:20:00,306.175,306.2894,305.65,305.8,211566.0
2026-03-16 10:25:00,305.8,306.16,305.28,305.325,180944.0
2026-03-16 10:30:00,305.3499,305.3499,304.24,304.42,251456.0
2026-03-16 10:35:00,304.41,304.74,304.1,304.227,402404.0
2026-03-16 10:40:00,304.25,304.38,303.89,304.005,228960.0
2026-03-16 10:45:00,304.01,304.53,303.91,304.14,210575.0
2026-03-16 10:50:00,304.1,304.31,303.66,304.17,215142.0
2026-03-16 10:55:00,304.13,304.3101,303.88,304.17,179188.0
2026-03-16 11:00:00,304.16,304.16,303.39,303.655,326128.0
2026-03-16 11:05:00,303.65,303.92,303.36,303.8499,217879.0
2026-03-16 11:10:00,303.85,304.25,303.555,304.16,211518.0
2026-03-16 11:15:00,304.16,304.205,303.84,304.1801,167894.0
2026-03-16 11:20:00,304.16,304.38,303.95,304.29,185353.0
2026-03-16 11:25:00,304.28,304.34,304.0,304.13,183735.0
2026-03-16 11:30:00,304.13,304.51,304.12,304.36,177914.0
2026-03-16 11:35:00,304.37,304.43,304.14,304.14,116310.0
2026-03-16 11:40:00,304.13,304.418,304.08,304.215,125795.0
2026-03-16 11:45:00,304.21,304.3,303.91,304.24,178811.0
2026-03-16 11:50:00,304.23,304.23,303.66,303.76,184216.0
2026-03-16 11:55:00,303.77,303.96,303.43,303.655,221849.0
2026-03-16 12:00:00,303.64,304.09,303.59,303.84,190418.0
2026-03-16 12:05:00,303.83,304.185,303.8,303.89,130334.0
2026-03-16 12:10:00,303.91,304.29,303.73,303.86,195145.0
2026-03-16 12:15:00,303.85,304.012,303.66,303.73,154897.0
2026-03-16 12:20:00,303.74,303.77,303.23,303.29,231665.0
2026-03-16 12:25:00,303.28,303.39,303.0201,303.2,213890.0
2026-03-16 12:30:00,303.19,303.585,303.07,303.54,278186.0
2026-03-16 12:35:00,303.55,303.95,303.53,303.87,188204.0
2026-03-16 12:40:00,303.88,304.215,303.73,304.215,189299.0
2026-03-16 12:45:00,304.21,304.48,303.98,304.025,262868.0
2026-03-16 12:50:00,304.0,304.44,303.995,304.39,137305.0
2026-03-16 12:55:00,304.42,304.645,304.255,304.46,208444.0
2026-03-16 13:00:00,304.485,305.07,304.42,304.625,225152.0
2026-03-16 13:05:00,304.64,304.94,304.575,304.715,105841.0
2026-03-16 13:10:00,304.7,304.95,304.7,304.77,107979.0
2026-03-16 13:15:00,304.78,304.97,304.75,304.925,93596.0
2026-03-16 13:20:00,304.92,305.0937,304.79,304.86,152470.0
2026-03-16 13:25:00,304.82,305.09,304.76,304.81,152814.0
2026-03-16 13:30:00,304.83,304.97,304.73,304.798,124837.0
2026-03-16 13:35:00,304.81,304.9482,304.71,304.81,118378.0
2026-03-16 13:40:00,304.8,305.0,304.7,304.76,108514.0
2026-03-16 13:45:00,304.76,304.952,304.665,304.89,76149.0
2026-03-16 13:50:00,304.88,304.96,304.7102,304.94,109016.0
2026-03-16 13:55:00,304.91,305.14,304.82,304.925,144885.0
2026-03-16 14:00:00,304.94,305.23,304.59,305.2,138511.0
2026-03-16 14:05:00,305.2,305.43,305.09,305.37,169064.0
2026-03-16 14:10:00,305.36,305.45,305.15,305.294,132304.0
2026-03-16 14:15:00,305.3,305.585,305.215,305.32,134210.0
2026-03-16 14:20:00,305.27,305.36,304.945,305.18,255700.0
2026-03-16 14:25:00,305.18,305.28,305.02,305.12,143956.0
2026-03-16 14:30:00,305.12,305.365,304.9801,305.3,154706.0
2026-03-16 14:35:00,305.3,305.54,305.12,305.1606,151141.0
2026-03-16 14:40:00,305.18,305.535,305.18,305.48,122001.0
2026-03-16 14:45:00,305.485,305.67,305.48,305.61,108199.0
2026-03-16 14:50:00,305.59,305.6,305.435,305.54,98114.0
2026-03-16 14:55:00,305.54,305.75,305.43,305.61,161209.0
2026-03-16 15:00:00,305.61,305.79,305.35,305.48,162834.0
2026-03-16 15:05:00,305.53,305.93,305.25,305.9199,301042.0
2026-03-16 15:10:00,305.92,306.35,305.04,305.35,337672.0
2026-03-16 15:15:00,305.35,305.9,305.28,305.69,190307.0
2026-03-16 15:20:00,305.728,305.85,305.5,305.7,191719.0
2026-03-16 15:25:00,305.695,306.26,305.62,306.125,187060.0
2026-03-16 15:30:00,306.095,306.22,305.38,305.38,236026.0
2026-03-16 15:35:00,305.37,305.76,305.09,305.36,198717.0
2026-03-16 15:40:00,305.365,305.47,305.11,305.21,154279.0
2026-03-16 15:45:00,305.24,305.56,305.22,305.56,225488.0
2026-03-16 15:50:00,305.57,305.59,304.88,305.3933,447682.0
2026-03-16 15:55:00,305.43,305.77,305.29,305.58,1280408.0
2026-03-17 09:30:00,305.86,307.6,305.5,306.8599,689439.0
2026-03-17 09:35:00,306.78,307.225,306.51,306.87,237743.0
2026-03-17 09:40:00,306.85,306.885,305.905,306.21,196105.0
2026-03-17 09:45:00,306.22,307.42,306.18,307.37,293422.0
2026-03-17 09:50:00,307.37,307.45,306.86,306.91,251671.0
2026-03-17 09:55:00,306.9,306.9034,306.38,306.53,202972.0
2026-03-17 10:00:00,306.53,307.235,306.53,306.835,196391.0
2026-03-17 10:05:00,306.8599,307.2431,306.66,306.82,186274.0
2026-03-17 10:10:00,306.77,306.82,306.38,306.44,160008.0
2026-03-17 10:15:00,306.42,306.8041,306.12,306.8041,218212.0
2026-03-17 10:20:00,306.8,307.15,306.665,307.1,168721.0
2026-03-17 10:25:00,307.09,307.47,306.96,307.14,180877.0
2026-03-17 10:30:00,307.15,307.67,307.06,307.62,176980.0
2026-03-17 10:35:00,307.62,307.877,307.09,307.17,161055.0
2026-03-17 10:40:00,307.19,307.53,306.88,307.41,123470.0
2026-03-17 10:45:00,307.425,307.51,307.14,307.275,126233.0
2026-03-17 10:50:00,307.29,307.32,306.8,307.08,182446.0
2026-03-17 10:55:00,307.11,307.23,306.84,306.89,94979.0
2026-03-17 11:00:00,306.91,307.13,306.7201,306.77,133587.0
2026-03-17 11:05:00,306.78,306.92,306.48,306.55,116229.0
2026-03-17 11:10:00,306.55,306.86,306.4,306.63,138041.0
2026-03-17 11:15:00,306.62,307.1559,306.6,307.02,115992.0
2026-03-17 11:20:00,307.0,307.0899,306.67,306.8,92597.0
2026-03-17 11:25:00,306.78,306.97,306.36,306.39,121476.0
2026-03-17 11:30:00,306.43,306.7,306.4,306.4571,140464.0
2026-03-17 11:35:00,306.49,306.62,306.19,306.51,166617.0
2026-03-17 11:40:00,306.4901,306.93,306.34,306.9,121291.0
2026-03-17 11:45:00,306.89,307.31,306.88,307.15,146135.0
2026-03-17 11:50:00,307.1725,307.77,307.1725,307.67,151700.0
2026-03-17 11:55:00,307.66,307.93,307.58,307.825,211441.0
2026-03-17 12:00:00,307.82,308.28,307.79,307.99,273462.0
2026-03-17 12:05:00,308.0,308.22,307.86,308.178,207570.0
2026-03-17 12:10:00,308.18,308.75,308.05,308.43,246480.0
2026-03-17 12:15:00,308.44,308.5,308.02,308.31,201489.0
2026-03-17 12:20:00,308.28,308.56,307.91,308.4455,163880.0
2026-03-17 12:25:00,308.45,308.46,308.13,308.25,118352.0
2026-03-17 12:30:00,308.26,308.5513,308.19,308.4,186990.0
2026-03-17 12:35:00,308.4,308.47,307.93,308.02,169432.0
2026-03-17 12:40:00,308.04,308.4,308.04,308.35,170634.0
2026-03-17 12:45:00,308.36,308.38,308.03,308.08,140860.0
2026-03-17 12:50:00,308.0374,308.04,307.76,307.87,164627.0
2026-03-17 12:55:00,307.85,308.02,307.683,307.765,92965.0
2026-03-17 13:00:00,307.78,308.12,307.7501,308.01,130638.0
2026-03-17 13:05:00,308.027,308.08,307.86,307.875,83986.0
2026-03-17 13:10:00,307.88,307.99,307.55,307.95,161179.0
2026-03-17 13:15:00,307.94,307.96,307.76,307.84,107123.0
2026-03-17 13:20:00,307.875,308.0399,307.65,307.86,131586.0
2026-03-17 13:25:00,307.86,307.86,307.6803,307.79,85631.0
2026-03-17 13:30:00,307.78,308.0,307.69,307.88,87083.0
2026-03-17 13:35:00,307.88,308.36,307.88,308.21,110680.0
2026-03-17 13:40:00,308.21,308.626,307.99,308.01,290082.0
2026-03-17 13:45:00,308.09,308.205,308.04,308.12,71889.0
2026-03-17 13:50:00,308.11,308.61,307.95,308.58,112179.0
2026-03-17 13:55:00,308.57,308.75,308.53,308.68,136740.0
2026-03-17 14:00:00,308.68,309.06,307.1853,309.0,369288.0
2026-03-17 14:05:00,308.988,309.305,308.78,309.295,151326.0
2026-03-17 14:10:00,309.3,309.35,309.145,309.145,114287.0
2026-03-17 14:15:00,309.145,309.62,309.06,309.52,180715.0
2026-03-17 14:20:00,309.52,309.55,309.16,309.185,128988.0
2026-03-17 14:25:00,309.18,309.47,309.17,309.29,123279.0
2026-03-17 14:30:00,309.28,309.46,309.01,309.43,121918.0
2026-03-17 14:35:00,309.42,309.58,309.34,309.44,131117.0
2026-03-17 14:40:00,309.42,309.49,309.2744,309.36,112485.0
2026-03-17 14:45:00,309.37,309.56,309.34,309.5,126059.0
2026-03-17 14:50:00,309.52,309.95,309.45,309.87,176561.0
2026-03-17 14:55:00,309.88,309.89,309.76,309.85,284442.0
2026-03-17 15:00:00,309.86,310.02,309.71,310.0,235611.0
2026-03-17 15:05:00,310.0,310.17,309.73,310.14,189400.0
2026-03-17 15:10:00,310.15,310.41,309.99,310.4,256543.0
2026-03-17 15:15:00,310.39,310.535,310.24,310.375,258461.0
2026-03-17 15:20:00,310.36,310.505,310.21,310.4545,215275.0
2026-03-17 15:25:00,310.45,310.65,310.3,310.54,204231.0
2026-03-17 15:30:00,310.55,310.85,310.4,310.7,320871.0
2026-03-17 15:35:00,310.71,310.71,310.39,310.565,302196.0
2026-03-17 15:40:00,310.57,310.72,310.485,310.49,239184.0
2026-03-17 15:45:00,310.5,310.97,310.49,310.94,320466.0
2026-03-17 15:50:00,310.95,311.42,310.29,311.38,752052.0
2026-03-17 15:55:00,311.33,311.345,310.53,310.89,1589693.0
2026-03-18 09:30:00,309.27,312.06,309.205,311.82,747458.0
2026-03-18 09:35:00,311.81,312.47,311.27,311.9299,458073.0
2026-03-18 09:40:00,311.93,312.46,310.65,311.04,333744.0
2026-03-18 09:45:00,311.07,311.1,310.3,310.3941,234926.0
2026-03-18 09:50:00,310.39,310.95,309.93,310.28,269669.0
2026-03-18 09:55:00,310.3,310.56,310.11,310.5,163811.0
2026-03-18 10:00:00,310.54,310.92,310.07,310.532,156568.0
2026-03-18 10:05:00,310.45,311.26,310.29,310.93,191942.0
2026-03-18 10:10:00,310.94,310.94,309.885,310.03,237820.0
2026-03-18 10:15:00,310.0,310.32,309.83,310.01,172659.0
2026-03-18 10:20:00,310.015,310.14,309.865,310.0,125786.0
2026-03-18 10:25:00,310.005,310.152,308.86,309.21,333010.0
2026-03-18 10:30:00,309.2,310.3,309.15,309.795,169192.0
2026-03-18 10:35:00,309.8,310.42,309.76,310.1902,209373.0
2026-03-18 10:40:00,310.185,310.55,310.13,310.34,162344.0
2026-03-18 10:45:00,310.36,310.87,310.2901,310.87,188153.0
2026-03-18 10:50:00,310.87,311.31,310.75,310.88,150260.0
2026-03-18 10:55:00,310.825,311.075,310.505,310.79,176949.0
2026-03-18 11:00:00,310.79,311.05,310.18,310.62,188467.0
2026-03-18 11:05:00,310.66,311.01,310.51,310.91,190086.0
2026-03-18 11:10:00,310.95,310.995,310.54,310.6,170856.0
2026-03-18 11:15:00,310.6075,310.675,310.11,310.225,125329.0
2026-03-18 11:20:00,310.25,310.63,310.06,310.625,131098.0
2026-03-18 11:25:00,310.645,310.9,310.55,310.68,116601.0
2026-03-18 11:30:00,310.68,311.09,310.635,310.79,137989.0
2026-03-18 11:35:00,310.78,311.13,310.66,310.84,83736.0
2026-03-18 11:40:00,310.8,310.83,310.29,310.5,124868.0
2026-03-18 11:45:00,310.455,310.68,310.28,310.39,105803.0
2026-03-18 11:50:00,310.375,310.7,310.23,310.69,112102.0
2026-03-18 11:55:00,310.69,310.74,310.37,310.542,108517.0
2026-03-18 12:00:00,310.54,310.54,310.2,310.475,156836.0
2026-03-18 12:05:00,310.51,310.54,310.28,310.45,107595.0
2026-03-18 12:10:00,310.46,310.82,310.35,310.67,74875.0
2026-03-18 12:15:00,310.64,310.68,310.33,310.655,85442.0
2026-03-18 12:20:00,310.66,310.8,310.58,310.65,97540.0
2026-03-18 12:25:00,310.615,310.6601,310.1,310.17,136068.0
2026-03-18 12:30:00,310.17,310.32,309.68,309.75,243906.0
2026-03-18 12:35:00,309.715,309.89,309.3092,309.83,234609.0
2026-03-18 12:40:00,309.8,310.02,309.724,309.724,101292.0
2026-03-18 12:45:00,309.72,310.05,309.6,310.0,136213.0
2026-03-18 12:50:00,309.96,310.33,309.94,310.17,158626.0
2026-03-18 12:55:00,310.172,310.28,309.49,309.575,154474.0
2026-03-18 13:00:00,309.575,309.575,309.15,309.2391,148029.0
2026-03-18 13:05:00,309.24,309.32,308.77,308.7919,138178.0
2026-03-18 13:10:00,308.795,309.0299,308.795,308.875,104255.0
2026-03-18 13:15:00,308.87,308.94,308.65,308.84,143188.0
2026-03-18 13:20:00,308.84,309.195,308.84,309.155,118866.0
2026-03-18 13:25:00,309.17,309.31,308.9,308.9,124390.0
2026-03-18 13:30:00,308.92,309.062,308.5,308.6,200274.0
2026-03-18 13:35:00,308.59,309.02,308.59,308.95,152506.0
2026-03-18 13:40:00,308.9,309.0,308.8,308.95,68561.0
2026-03-18 13:45:00,308.945,309.51,308.935,309.28,126609.0
2026-03-18 13:50:00,309.26,309.42,309.18,309.36,80544.0
2026-03-18 13:55:00,309.365,309.39,309.1748,309.3,97625.0
2026-03-18 14:00:00,309.35,309.9,309.31,309.835,164125.0
2026-03-18 14:05:00,309.82,309.82,309.41,309.415,101666.0
2026-03-18 14:10:00,309.46,309.5,309.09,309.2,83105.0
2026-03-18 14:15:00,309.17,309.19,308.67,308.78,131502.0
2026-03-18 14:20:00,308.795,308.955,308.58,308.755,87709.0
2026-03-18 14:25:00,308.72,308.82,308.57,308.6428,88685.0
2026-03-18 14:30:00,308.655,308.74,307.88,307.92,206706.0
2026-03-18 14:35:00,307.94,308.7,307.84,308.2,157161.0
2026-03-18 14:40:00,308.18,308.81,308.11,308.52,132822.0
2026-03-18 14:45:00,308.5,308.58,308.33,308.365,76568.0
2026-03-18 14:50:00,308.365,308.46,308.0001,308.07,154088.0
2026-03-18 14:55:00,308.05,308.3,307.7,307.755,191221.0
2026-03-18 15:00:00,307.73,308.63,307.68,308.63,189434.0
2026-03-18 15:05:00,308.6,308.84,308.5,308.73,158671.0
2026-03-18 15:10:00,308.68,308.81,308.47,308.595,107941.0
2026-03-18 15:15:00,308.56,308.6,308.27,308.34,114843.0
2026-03-18 15:20:00,308.33,308.41,307.95,308.02,151420.0
2026-03-18 15:25:00,308.01,308.11,307.82,307.92,140140.0
2026-03-18 15:30:00,307.93,308.15,307.6,308.09,182197.0
2026-03-18 15:35:00,308.08,308.12,307.55,307.69,213836.0
2026-03-18 15:40:00,307.69,307.74,307.12,307.31,186794.0
2026-03-18 15:45:00,307.31,307.54,307.18,307.44,193272.0
2026-03-18 15:50:00,307.42,307.64,306.932,307.54,382434.0
2026-03-18 15:55:00,307.52,308.235,307.45,307.73,886350.0
2026-03-19 09:30:00,304.005,304.59,302.4,303.18,1129292.0
2026-03-19 09:35:00,303.18,303.48,302.6,302.815,443306.0
2026-03-19 09:40:00,302.79,303.915,302.35,303.7,461322.0
2026-03-19 09:45:00,303.71,304.4399,303.04,304.42,447444.0
2026-03-19 09:50:00,304.39,305.365,303.905,305.25,367838.0
2026-03-19 09:55:00,305.24,305.25,304.62,304.99,283149.0
2026-03-19 10:00:00,304.93,305.66,304.7,304.78,298686.0
2026-03-19 10:05:00,304.83,305.7,304.82,305.425,234204.0
2026-03-19 10:10:00,305.43,305.81,304.85,305.39,301458.0
2026-03-19 10:15:00,305.385,305.61,304.46,304.83,276654.0
2026-03-19 10:20:00,304.76,304.91,303.73,304.33,204045.0
2026-03-19 10:25:00,304.35,304.49,303.738,303.87,195020.0
2026-03-19 10:30:00,303.84,304.865,303.79,304.68,301863.0
2026-03-19 10:35:00,304.64,304.82,303.8,304.09,196458.0
2026-03-19 10:40:00,304.1,304.589,304.05,304.175,145848.0
2026-03-19 10:45:00,304.18,304.86,303.93,304.86,261251.0
2026-03-19 10:50:00,304.84,305.315,304.6,304.88,197571.0
2026-03-19 10:55:00,304.855,305.6,304.81,305.095,163614.0
2026-03-19 11:00:00,305.08,305.68,305.03,305.52,202064.0
2026-03-19 11:05:00,305.54,306.09,305.37,305.73,246040.0
2026-03-19 11:10:00,305.71,305.795,305.41,305.77,145259.0
2026-03-19 11:15:00,305.78,305.8,304.82,304.82,182986.0
2026-03-19 11:20:00,304.835,304.94,304.365,304.49,213083.0
2026-03-19 11:25:00,304.475,304.76,304.31,304.33,209393.0
2026-03-19 11:30:00,304.33,304.36,303.72,304.18,282589.0
2026-03-19 11:35:00,304.18,304.33,304.04,304.165,155564.0
2026-03-19 11:40:00,304.2,304.44,304.03,304.18,161893.0
2026-03-19 11:45:00,304.17,304.52,303.95,304.39,161691.0
2026-03-19 11:50:00,304.402,304.51,304.09,304.09,243682.0
2026-03-19 11:55:00,304.09,305.3,304.09,305.27,302720.0
2026-03-19 12:00:00,305.26,305.88,305.0,305.58,207263.0
2026-03-19 12:05:00,305.57,305.87,305.47,305.79,196727.0
2026-03-19 12:10:00,305.82,306.17,305.49,305.71,210082.0
2026-03-19 12:15:00,305.73,305.93,305.17,305.37,212386.0
2026-03-19 12:20:00,305.39,305.69,305.18,305.29,122901.0
2026-03-19 12:25:00,305.275,305.78,305.26,305.68,172425.0
2026-03-19 12:30:00,305.69,305.8,305.105,305.15,207298.0
2026-03-19 12:35:00,305.13,305.51,304.97,305.51,166833.0
2026-03-19 12:40:00,305.5,306.04,305.47,305.9,139500.0
2026-03-19 12:45:00,305.93,306.0,305.6221,305.86,704637.0
2026-03-19 12:50:00,305.85,306.055,305.47,306.01,260573.0
2026-03-19 12:55:00,306.015,306.365,305.7942,306.28,219372.0
2026-03-19 13:00:00,306.29,306.31,305.5406,305.5406,203057.0
2026-03-19 13:05:00,305.56,305.83,305.11,305.43,257892.0
2026-03-19 13:10:00,305.45,305.715,305.37,305.55,150587.0
2026-03-19 13:15:00,305.56,305.7,305.2151,305.64,128494.0
2026-03-19 13:20:00,305.63,306.01,305.43,305.77,148720.0
2026-03-19 13:25:00,305.685,305.985,305.68,305.785,101856.0
2026-03-19 13:30:00,305.85,305.99,305.45,305.52,1505078.0
2026-03-19 13:35:00,305.5,305.68,305.32,305.34,82638.0
2026-03-19 13:40:00,305.3,305.77,305.085,305.66,141635.0
2026-03-19 13:45:00,305.65,305.72,305.44,305.71,71554.0
2026-03-19 13:50:00,305.7,306.22,305.68,306.14,92338.0
2026-03-19 13:55:00,306.115,306.15,305.76,305.78,80531.0
2026-03-19 14:00:00,305.76,305.76,305.11,305.13,144770.0
2026-03-19 14:05:00,305.15,305.53,305.08,305.41,135098.0
2026-03-19 14:10:00,305.44,306.12,305.41,305.99,125063.0
2026-03-19 14:15:00,305.97,306.11,305.6,305.89,140988.0
2026-03-19 14:20:00,305.91,306.04,305.75,305.79,127488.0
2026-03-19 14:25:00,305.79,305.91,305.43,305.43,90376.0
2026-03-19 14:30:00,305.45,305.48,305.1,305.48,136598.0
2026-03-19 14:35:00,305.49,305.72,305.31,305.535,117210.0
2026-03-19 14:40:00,305.53,305.59,305.21,305.3,123267.0
2026-03-19 14:45:00,305.295,305.45,305.23,305.37,112323.0
2026-03-19 14:50:00,305.38,305.68,305.215,305.57,121734.0
2026-03-19 14:55:00,305.55,306.69,305.46,306.39,212713.0
2026-03-19 15:00:00,306.34,307.255,306.34,306.92,316443.0
2026-03-19 15:05:00,306.94,307.77,306.64,307.59,449626.0
2026-03-19 15:10:00,307.57,307.91,306.78,307.39,353879.0
2026-03-19 15:15:00,307.31,308.06,307.0,307.44,452270.0
2026-03-19 15:20:00,307.42,307.465,306.78,306.935,208243.0
2026-03-19 15:25:00,306.94,306.94,306.43,306.83,245596.0
2026-03-19 15:30:00,306.8,307.2,306.675,306.84,369100.0
2026-03-19 15:35:00,306.845,307.06,306.29,307.06,249258.0
2026-03-19 15:40:00,307.04,307.3,306.91,307.08,238542.0
2026-03-19 15:45:00,307.05,307.14,306.7,307.04,310858.0
2026-03-19 15:50:00,307.04,307.225,306.685,306.83,505807.0
2026-03-19 15:55:00,306.83,307.395,306.83,307.08,1006048.0
2026-03-20 09:30:00,305.46,306.0,302.77,303.325,4258555.0
2026-03-20 09:35:00,303.33,304.29,303.05,304.0,388146.0
2026-03-20 09:40:00,304.0,304.19,303.22,303.89,363908.0
2026-03-20 09:45:00,303.97,304.27,303.145,303.145,309941.0
2026-03-20 09:50:00,303.145,303.27,302.0,302.42,390131.0
2026-03-20 09:55:00,302.47,302.59,301.79,302.01,334259.0
2026-03-20 10:00:00,301.99,302.1992,301.3,301.785,379973.0
2026-03-20 10:05:00,301.86,302.3,301.59,301.9659,403570.0
2026-03-20 10:10:00,301.97,302.53,301.63,301.93,305109.0
2026-03-20 10:15:00,301.91,302.72,301.86,302.51,271534.0
2026-03-20 10:20:00,302.505,302.984,302.18,302.77,204878.0
2026-03-20 10:25:00,302.76,302.82,302.06,302.245,168559.0
2026-03-20 10:30:00,302.22,302.6264,302.22,302.39,168704.0
2026-03-20 10:35:00,302.415,302.61,301.86,302.04,352183.0
2026-03-20 10:40:00,302.05,302.28,301.74,301.96,241505.0
2026-03-20 10:45:00,301.93,302.76,301.82,302.73,204145.0
2026-03-20 10:50:00,302.73,302.73,301.47,301.84,245094.0
2026-03-20 10:55:00,301.835,302.31,301.78,301.8101,222356.0
2026-03-20 11:00:00,301.81,302.3,300.9,301.23,286100.0
2026-03-20 11:05:00,301.23,301.64,300.82,300.9,336600.0
2026-03-20 11:10:00,300.89,301.72,300.82,301.545,255258.0
2026-03-20 11:15:00,301.51,301.535,300.85,300.95,240374.0
2026-03-20 11:20:00,300.93,302.01,300.92,301.41,301601.0
2026-03-20 11:25:00,301.4,301.58,300.99,301.24,217292.0
2026-03-20 11:30:00,301.25,301.5951,301.11,301.49,154822.0
2026-03-20 11:35:00,301.47,301.59,301.07,301.44,231301.0
2026-03-20 11:40:00,301.46,301.88,301.43,301.85,220072.0
2026-03-20 11:45:00,301.835,302.01,301.59,301.81,303532.0
2026-03-20 11:50:00,301.81,302.12,301.5901,301.9,132912.0
2026-03-20 11:55:00,301.88,302.15,301.865,302.01,113351.0
2026-03-20 12:00:00,302.02,302.56,301.9058,302.46,107626.0
2026-03-20 12:05:00,302.45,302.74,302.32,302.39,128783.0
2026-03-20 12:10:00,302.37,302.53,302.24,302.36,122452.0
2026-03-20 12:15:00,302.335,302.63,302.085,302.58,147051.0
2026-03-20 12:20:00,302.58,302.81,302.36,302.44,119312.0
2026-03-20 12:25:00,302.43,302.55,302.02,302.05,140987.0
2026-03-20 12:30:00,302.0301,302.085,301.71,301.85,208626.0
2026-03-20 12:35:00,301.86,302.05,301.64,301.72,167567.0
2026-03-20 12:40:00,301.75,301.8,301.505,301.59,128276.0
2026-03-20 12:45:00,301.58,301.749,301.31,301.4,216565.0
2026-03-20 12:50:00,301.4,301.51,300.82,301.16,221805.0
2026-03-20 12:55:00,301.15,301.44,300.855,300.9,148022.0
2026-03-20 13:00:00,300.915,301.34,300.915,301.24,175646.0
2026-03-20 13:05:00,301.23,301.3,300.66,300.92,225502.0
2026-03-20 13:10:00,300.92,301.05,300.53,300.8299,138711.0
2026-03-20 13:15:00,300.815,300.895,300.365,300.47,435662.0
2026-03-20 13:20:00,300.47,301.03,300.37,300.825,187804.0
2026-03-20 13:25:00,300.81,300.9,300.55,300.7201,119858.0
2026-03-20 13:30:00,300.72,300.82,300.3,300.4709,135844.0
2026-03-20 13:35:00,300.49,300.66,300.23,300.6,175765.0
2026-03-20 13:40:00,300.58,300.73,299.92,300.03,270453.0
2026-03-20 13:45:00,300.05,300.26,299.82,300.08,195499.0
2026-03-20 13:50:00,300.08,300.535,300.05,300.48,136123.0
2026-03-20 13:55:00,300.4601,300.695,300.3,300.43,150519.0
2026-03-20 14:00:00,300.43,300.53,299.94,299.945,149441.0
2026-03-20 14:05:00,299.96,300.07,299.55,299.93,193774.0
2026-03-20 14:10:00,299.935,300.005,299.72,299.98,191320.0
2026-03-20 14:15:00,299.98,300.46,299.781,300.27,244296.0
2026-03-20 14:20:00,300.27,300.4,299.63,299.75,250167.0
2026-03-20 14:25:00,299.75,300.13,299.7,299.8803,233129.0
2026-03-20 14:30:00,299.91,299.91,299.35,299.365,198703.0
2026-03-20 14:35:00,299.38,299.57,299.09,299.1801,191715.0
2026-03-20 14:40:00,299.18,299.36,298.8,298.915,253194.0
2026-03-20 14:45:00,298.94,299.22,298.5,298.89,308222.0
2026-03-20 14:50:00,298.89,299.05,298.69,298.765,192547.0
2026-03-20 14:55:00,298.77,299.12,298.715,299.02,252023.0
2026-03-20 15:00:00,299.02,299.32,298.88,298.935,201717.0
2026-03-20 15:05:00,298.95,299.45,298.95,299.18,198221.0
2026-03-20 15:10:00,299.185,299.315,298.97,299.21,178275.0
2026-03-20 15:15:00,299.18,299.4699,299.15,299.46,146491.0
2026-03-20 15:20:00,299.46,299.57,299.07,299.24,244997.0
2026-03-20 15:25:00,299.21,299.68,299.21,299.54,281671.0
2026-03-20 15:30:00,299.56,299.645,298.885,298.95,831321.0
2026-03-20 15:35:00,298.96,299.0,298.27,298.71,383933.0
2026-03-20 15:40:00,298.69,299.33,298.43,299.17,430009.0
2026-03-20 15:45:00,299.17,299.25,298.605,299.11,674590.0
2026-03-20 15:50:00,299.12,301.64,299.09,300.8975,2318891.0
2026-03-20 15:55:00,300.9,302.0,300.52,300.97,2870566.0
2026-03-23 09:30:00,302.11,304.62,301.91,302.935,1359110.0
2026-03-23 09:35:00,302.935,303.18,302.02,303.04,608474.0
2026-03-23 09:40:00,302.975,304.15,302.42,303.34,567755.0
2026-03-23 09:45:00,303.35,303.66,302.66,303.55,494029.0
2026-03-23 09:50:00,303.53,304.27,303.4399,304.04,346404.0
2026-03-23 09:55:00,304.02,304.1,302.94,303.92,344838.0
2026-03-23 10:00:00,303.87,304.335,303.4801,304.0375,357548.0
2026-03-23 10:05:00,304.03,304.68,303.83,304.4,382127.0
2026-03-23 10:10:00,304.42,305.43,304.13,304.62,415649.0
2026-03-23 10:15:00,304.5901,305.18,304.4,305.13,246342.0
2026-03-23 10:20:00,305.11,305.22,304.685,304.775,306728.0
2026-03-23 10:25:00,304.78,304.78,304.23,304.48,243351.0
2026-03-23 10:30:00,304.46,304.46,303.9,304.27,254263.0
2026-03-23 10:35:00,304.2845,304.49,303.86,303.92,215225.0
2026-03-23 10:40:00,303.88,304.15,303.3,303.5797,245249.0
2026-03-23 10:45:00,303.59,304.26,303.485,304.14,291926.0
2026-03-23 10:50:00,304.13,304.195,303.16,303.25,302912.0
2026-03-23 10:55:00,303.27,303.7,303.145,303.485,237504.0
2026-03-23 11:00:00,303.49,304.075,303.27,304.0,275251.0
2026-03-23 11:05:00,304.04,304.33,303.31,304.2,391357.0
2026-03-23 11:10:00,304.18,304.4,303.97,304.27,238777.0
2026-03-23 11:15:00,304.25,304.57,303.89,304.21,452122.0
2026-03-23 11:20:00,304.275,305.43,303.86,305.17,458663.0
2026-03-23 11:25:00,305.165,305.17,304.59,305.17,355081.0
2026-03-23 11:30:00,305.2,305.98,305.16,305.57,407823.0
2026-03-23 11:35:00,305.531,305.65,305.045,305.17,453966.0
2026-03-23 11:40:00,305.18,305.58,304.93,305.48,509771.0
2026-03-23 11:45:00,305.45,305.47,304.54,304.88,439543.0
2026-03-23 11:50:00,304.8875,305.185,304.04,304.31,366769.0
2026-03-23 11:55:00,304.23,304.46,303.25,303.585,384688.0
2026-03-23 12:00:00,303.56,304.17,303.33,303.4,341877.0
2026-03-23 12:05:00,303.36,303.8,302.73,303.54,468153.0
2026-03-23 12:10:00,303.52,303.56,302.47,302.84,313678.0
2026-03-23 12:15:00,302.85,303.18,301.955,302.325,322647.0
2026-03-23 12:20:00,302.33,302.4,301.815,301.845,292483.0
2026-03-23 12:25:00,301.845,301.9,300.93,301.1451,482865.0
2026-03-23 12:30:00,301.16,301.85,301.065,301.83,175633.0
2026-03-23 12:35:00,301.86,302.33,301.58,301.82,184826.0
2026-03-23 12:40:00,301.77,302.07,301.36,302.0499,273042.0
2026-03-23 12:45:00,302.0399,302.52,301.96,302.32,144658.0
2026-03-23 12:50:00,302.325,302.47,301.87,302.15,147951.0
2026-03-23 12:55:00,302.19,302.44,301.8901,302.1401,135196.0
2026-03-23 13:00:00,302.14,302.37,301.635,301.665,201536.0
2026-03-23 13:05:00,301.69,302.26,301.57,302.22,115586.0
2026-03-23 13:10:00,302.2,302.38,301.9,301.93,143366.0
2026-03-23 13:15:00,301.87,301.97,301.59,301.69,111816.0
2026-03-23 13:20:00,301.65,301.69,301.29,301.35,124521.0
2026-03-23 13:25:00,301.33,301.865,301.33,301.695,97961.0
2026-03-23 13:30:00,301.68,302.56,301.64,302.28,325973.0
2026-03-23 13:35:00,302.31,302.7,301.89,301.97,191060.0
2026-03-23 13:40:00,301.96,301.99,301.38,301.46,108199.0
2026-03-23 13:45:00,301.48,301.55,301.3,301.51,127810.0
2026-03-23 13:50:00,301.48,301.81,301.43,301.75,160356.0
2026-03-23 13:55:00,301.74,302.25,301.69,302.055,146424.0
2026-03-23 14:00:00,302.0575,302.54,301.95,302.38,186717.0
2026-03-23 14:05:00,302.4,302.5025,301.65,301.82,213315.0
2026-03-23 14:10:00,301.81,302.06,301.76,301.88,104404.0
2026-03-23 14:15:00,301.86,302.06,301.47,301.68,116816.0
2026-03-23 14:20:00,301.66,301.95,301.59,301.88,104222.0
2026-03-23 14:25:00,301.9401,302.2,301.905,302.01,110178.0
2026-03-23 14:30:00,302.04,302.96,302.04,302.92,134619.0
2026-03-23 14:35:00,302.95,303.11,302.37,302.37,211707.0
2026-03-23 14:40:00,302.39,302.54,302.2475,302.35,146346.0
2026-03-23 14:45:00,302.43,302.915,302.345,302.74,169063.0
2026-03-23 14:50:00,302.7,302.98,302.62,302.95,105077.0
2026-03-23 14:55:00,302.93,303.29,302.84,303.1,108814.0
2026-03-23 15:00:00,303.095,303.1,302.66,302.715,123745.0
2026-03-23 15:05:00,302.7,303.19,302.7,303.04,138063.0
2026-03-23 15:10:00,303.05,303.08,302.47,302.5,155706.0
2026-03-23 15:15:00,302.48,302.68,302.06,302.55,158970.0
2026-03-23 15:20:00,302.55,302.75,302.4,302.71,170600.0
2026-03-23 15:25:00,302.73,302.8401,302.55,302.64,167801.0
2026-03-23 15:30:00,302.61,302.87,302.535,302.67,167683.0
2026-03-23 15:35:00,302.665,303.15,302.61,303.045,202105.0
2026-03-23 15:40:00,303.03,303.21,302.8508,303.15,179301.0
2026-03-23 15:45:00,303.14,303.32,302.98,303.0601,242748.0
2026-03-23 15:50:00,303.07,303.07,302.54,302.825,587515.0
2026-03-23 15:55:00,302.86,302.89,301.94,302.02,1362538.0
2026-03-24 09:30:00,299.2,299.92,297.4,299.79,907351.0
2026-03-24 09:35:00,299.795,299.89,298.78,298.78,436209.0
2026-03-24 09:40:00,298.7814,298.88,297.345,297.61,417573.0
2026-03-24 09:45:00,297.68,298.18,297.26,297.35,412205.0
2026-03-24 09:50:00,297.27,297.8296,296.83,297.41,365420.0
2026-03-24 09:55:00,297.42,297.89,297.11,297.67,378562.0
2026-03-24 10:00:00,297.65,298.34,297.375,297.53,325130.0
2026-03-24 10:05:00,297.48,297.59,296.86,297.48,279584.0
2026-03-24 10:10:00,297.47,297.53,296.05,296.18,411905.0
2026-03-24 10:15:00,296.24,296.53,295.81,296.37,410099.0
2026-03-24 10:20:00,296.36,296.64,295.45,295.515,431499.0
2026-03-24 10:25:00,295.5,296.0599,295.0525,295.37,455891.0
2026-03-24 10:30:00,295.39,295.86,295.07,295.76,475926.0
2026-03-24 10:35:00,295.72,295.79,295.18,295.47,357432.0
2026-03-24 10:40:00,295.45,296.18,295.37,296.03,457507.0
2026-03-24 10:45:00,296.01,296.28,295.61,296.04,377619.0
2026-03-24 10:50:00,296.0,297.29,295.9,296.48,664837.0
2026-03-24 10:55:00,296.5,297.0697,295.4,295.77,534775.0
2026-03-24 11:00:00,295.755,296.86,295.74,296.22,330854.0
2026-03-24 11:05:00,296.18,296.44,295.71,295.82,294205.0
2026-03-24 11:10:00,295.8,296.0801,295.54,295.95,343004.0
2026-03-24 11:15:00,295.96,296.3,295.605,295.62,285266.0
2026-03-24 11:20:00,295.61,296.25,295.33,296.1101,403555.0
2026-03-24 11:25:00,296.15,296.43,295.66,295.79,316682.0
2026-03-24 11:30:00,295.79,295.83,294.77,295.34,591023.0
2026-03-24 11:35:00,295.325,296.18,295.25,295.86,232753.0
2026-03-24 11:40:00,295.845,296.15,295.81,296.05,235273.0
2026-03-24 11:45:00,296.04,296.43,295.92,296.16,213827.0
2026-03-24 11:50:00,296.18,296.31,296.02,296.135,251833.0
2026-03-24 11:55:00,296.13,296.16,295.39,295.61,433356.0
2026-03-24 12:00:00,295.57,295.7,294.64,294.76,340603.0
2026-03-24 12:05:00,294.73,294.76,294.08,294.305,382355.0
2026-03-24 12:10:00,294.33,294.33,292.9201,293.3751,645697.0
2026-03-24 12:15:00,293.33,294.21,293.2972,293.79,463359.0
2026-03-24 12:20:00,293.8,294.0995,293.6,293.81,319929.0
2026-03-24 12:25:00,293.78,294.4,293.535,294.235,453853.0
2026-03-24 12:30:00,294.18,294.32,293.9,293.9199,222331.0
2026-03-24 12:35:00,293.92,293.94,293.18,293.205,283591.0
2026-03-24 12:40:00,293.195,293.8,293.18,293.65,245644.0
2026-03-24 12:45:00,293.69,294.06,293.54,293.65,206521.0
2026-03-24 12:50:00,293.67,293.95,293.585,293.61,151314.0
2026-03-24 12:55:00,293.62,293.99,293.335,293.785,337622.0
2026-03-24 13:00:00,293.79,293.89,292.72,292.77,317432.0
2026-03-24 13:05:00,292.765,292.79,292.15,292.5,452295.0
2026-03-24 13:10:00,292.47,292.63,292.17,292.545,319839.0
2026-03-24 13:15:00,292.52,292.685,292.31,292.51,223490.0
2026-03-24 13:20:00,292.51,292.58,292.25,292.32,280357.0
2026-03-24 13:25:00,292.33,292.73,292.095,292.715,337624.0
2026-03-24 13:30:00,292.69,292.9,292.38,292.49,217604.0
2026-03-24 13:35:00,292.47,292.68,292.33,292.525,170082.0
2026-03-24 13:40:00,292.53,292.89,292.32,292.39,184746.0
2026-03-24 13:45:00,292.37,292.43,292.17,292.295,175311.0
2026-03-24 13:50:00,292.2799,292.77,292.15,292.69,206291.0
2026-03-24 13:55:00,292.68,293.23,292.57,293.07,523701.0
2026-03-24 14:00:00,293.04,293.56,292.69,292.765,304513.0
2026-03-24 14:05:00,292.75,292.895,292.54,292.665,218499.0
2026-03-24 14:10:00,292.67,292.85,292.63,292.79,145799.0
2026-03-24 14:15:00,292.77,292.78,292.235,292.67,247459.0
2026-03-24 14:20:00,292.7,292.87,292.29,292.51,675860.0
2026-03-24 14:25:00,292.5199,292.92,292.44,292.7999,245572.0
2026-03-24 14:30:00,292.785,293.33,292.57,293.26,286724.0
2026-03-24 14:35:00,293.23,293.65,293.2,293.5999,287453.0
2026-03-24 14:40:00,293.56,293.61,292.77,293.15,277798.0
2026-03-24 14:45:00,293.13,293.24,292.07,292.315,389837.0
2026-03-24 14:50:00,292.33,292.8,292.2,292.49,389833.0
2026-03-24 14:55:00,292.44,292.62,292.22,292.44,224965.0
2026-03-24 15:00:00,292.44,293.03,292.4201,292.83,301669.0
2026-03-24 15:05:00,292.8,292.82,292.565,292.735,244251.0
2026-03-24 15:10:00,292.735,293.0799,292.71,292.97,201766.0
2026-03-24 15:15:00,292.95,293.06,292.37,292.43,238300.0
2026-03-24 15:20:00,292.42,292.65,292.365,292.55,235046.0
2026-03-24 15:25:00,292.57,292.625,291.6,291.64,417354.0
2026-03-24 15:30:00,291.65,291.76,291.11,291.33,454928.0
2026-03-24 15:35:00,291.305,291.42,290.95,291.16,536193.0
2026-03-24 15:40:00,291.14,291.49,290.99,290.99,428380.0
2026-03-24 15:45:00,290.99,291.08,290.55,290.76,915007.0
2026-03-24 15:50:00,290.76,291.25,290.57,290.715,1233415.0
2026-03-24 15:55:00,290.72,290.8,290.33,290.41,2260281.0
2026-03-25 09:30:00,293.44,294.735,292.24,294.35,1468353.0
2026-03-25 09:35:00,294.33,296.0,294.3,294.85,833609.0
2026-03-25 09:40:00,294.875,295.0,293.435,293.496,521980.0
2026-03-25 09:45:00,293.465,293.53,292.81,292.9825,618737.0
2026-03-25 09:50:00,292.93,293.21,292.28,292.355,549238.0
2026-03-25 09:55:00,292.345,292.74,291.53,291.66,564947.0
2026-03-25 10:00:00,291.66,291.85,290.7701,291.1133,589963.0
2026-03-25 10:05:00,291.11,291.75,290.15,290.73,817500.0
2026-03-25 10:10:00,290.71,291.59,290.26,291.56,872163.0
2026-03-25 10:15:00,291.54,291.59,290.66,290.7,408061.0
2026-03-25 10:20:00,290.69,291.37,290.44,291.01,465745.0
2026-03-25 10:25:00,291.02,291.34,290.29,290.82,428121.0
2026-03-25 10:30:00,290.85,291.11,290.44,290.97,335384.0
2026-03-25 10:35:00,290.99,291.335,290.6645,291.06,404446.0
2026-03-25 10:40:00,291.08,291.96,290.93,291.74,437029.0
2026-03-25 10:45:00,291.74,292.23,291.36,291.73,433587.0
2026-03-25 10:50:00,291.725,291.91,291.16,291.37,381045.0
2026-03-25 10:55:00,291.28,291.53,290.94,291.29,394504.0
2026-03-25 11:00:00,291.31,291.78,290.982,291.705,226723.0
2026-03-25 11:05:00,291.725,291.76,291.19,291.24,230778.0
2026-03-25 11:10:00,291.24,291.71,290.83,290.92,260723.0
2026-03-25 11:15:00,290.88,290.88,289.24,289.935,841438.0
2026-03-25 11:20:00,289.91,290.985,289.702,290.7301,368715.0
2026-03-25 11:25:00,290.78,291.24,290.41,291.21,255623.0
2026-03-25 11:30:00,291.23,291.44,290.88,290.98,294158.0
2026-03-25 11:35:00,290.985,290.9952,290.01,290.118,261795.0
2026-03-25 11:40:00,290.08,290.285,289.615,289.87,325394.0
2026-03-25 11:45:00,289.87,290.04,289.56,289.91,278991.0
2026-03-25 11:50:00,289.93,290.37,289.7401,290.33,284639.0
2026-03-25 11:55:00,290.35,290.71,290.22,290.64,296034.0
2026-03-25 12:00:00,290.64,290.65,290.27,290.38,229851.0
2026-03-25 12:05:00,290.38,290.89,290.15,290.79,191033.0
2026-03-25 12:10:00,290.76,290.82,290.473,290.77,124992.0
2026-03-25 12:15:00,290.76,290.89,290.43,290.635,185994.0
2026-03-25 12:20:00,290.65,291.34,290.525,291.325,242198.0
2026-03-25 12:25:00,291.29,291.56,290.9366,291.48,280213.0
2026-03-25 12:30:00,291.47,291.83,291.2701,291.59,199336.0
2026-03-25 12:35:00,291.59,291.6799,291.18,291.3599,156600.0
2026-03-25 12:40:00,291.37,291.4,290.95,291.04,144716.0
2026-03-25 12:45:00,291.08,291.35,290.97,291.1,151370.0
2026-03-25 12:50:00,291.11,291.19,290.85,291.13,139297.0
2026-03-25 12:55:00,291.14,291.22,290.95,291.06,114013.0
2026-03-25 13:00:00,291.06,291.38,290.96,291.12,217212.0
2026-03-25 13:05:00,291.13,291.14,290.445,290.53,165112.0
2026-03-25 13:10:00,290.54,291.03,290.53,290.69,201055.0
2026-03-25 13:15:00,290.68,290.73,290.21,290.62,230824.0
2026-03-25 13:20:00,290.62,291.03,290.52,290.835,139325.0
2026-03-25 13:25:00,290.82,291.14,290.77,290.91,195475.0
2026-03-25 13:30:00,290.92,291.44,290.76,291.42,140314.0
2026-03-25 13:35:00,291.44,291.53,291.28,291.415,142279.0
2026-03-25 13:40:00,291.41,291.84,291.275,291.53,190585.0
2026-03-25 13:45:00,291.53,291.54,290.89,290.9101,152846.0
2026-03-25 13:50:00,290.9,291.11,290.66,290.68,183002.0
2026-03-25 13:55:00,290.67,291.29,290.66,291.03,232376.0
2026-03-25 14:00:00,291.03,291.205,290.5251,290.625,140991.0
2026-03-25 14:05:00,290.625,290.91,290.27,290.36,178959.0
2026-03-25 14:10:00,290.38,290.57,290.27,290.29,122776.0
2026-03-25 14:15:00,290.3,290.56,290.195,290.27,181062.0
2026-03-25 14:20:00,290.27,290.5199,290.21,290.32,181459.0
2026-03-25 14:25:00,290.33,290.33,289.97,290.14,217645.0
2026-03-25 14:30:00,290.18,290.29,290.01,290.19,147217.0
2026-03-25 14:35:00,290.19,290.35,290.11,290.2064,162173.0
2026-03-25 14:40:00,290.23,290.47,290.03,290.39,167909.0
2026-03-25 14:45:00,290.38,290.51,290.18,290.1801,152116.0
2026-03-25 14:50:00,290.2,290.25,290.01,290.1,134911.0
2026-03-25 14:55:00,290.075,290.1,289.45,290.01,307123.0
2026-03-25 15:00:00,290.02,290.03,289.65,289.8369,202881.0
2026-03-25 15:05:00,289.85,290.11,289.8,290.0801,173599.0
2026-03-25 15:10:00,290.11,290.55,289.835,290.5001,225331.0
2026-03-25 15:15:00,290.49,290.73,290.34,290.34,247594.0
2026-03-25 15:20:00,290.35,290.67,290.32,290.58,199764.0
2026-03-25 15:25:00,290.6,290.685,290.27,290.38,187678.0
2026-03-25 15:30:00,290.36,290.4199,290.165,290.325,175790.0
2026-03-25 15:35:00,290.3499,290.52,290.085,290.11,188227.0
2026-03-25 15:40:00,290.115,290.32,290.07,290.18,276656.0
2026-03-25 15:45:00,290.18,290.3191,289.975,290.09,271402.0
2026-03-25 15:50:00,290.09,290.83,290.09,290.71,676404.0
2026-03-25 15:55:00,290.7,291.17,290.7,290.92,1368784.0
2026-03-26 09:30:00,287.91,287.95,284.69,285.69,1485602.0
2026-03-26 09:35:00,285.69,285.77,284.18,284.2,939530.0
2026-03-26 09:40:00,284.2,286.2,284.12,286.075,814085.0
2026-03-26 09:45:00,286.06,287.03,285.75,286.44,766255.0
2026-03-26 09:50:00,286.41,287.07,286.22,286.93,524115.0
2026-03-26 09:55:00,286.879,286.9,285.7,286.57,667905.0
2026-03-26 10:00:00,286.57,286.915,285.95,286.02,386030.0
2026-03-26 10:05:00,286.015,287.44,285.9409,286.625,470586.0
2026-03-26 10:10:00,286.59,287.09,286.405,286.985,378334.0
2026-03-26 10:15:00,286.96,287.375,286.76,286.84,363150.0
2026-03-26 10:20:00,286.82,287.05,286.43,286.495,344141.0
2026-03-26 10:25:00,286.51,286.96,286.3,286.3,404885.0
2026-03-26 10:30:00,286.3,287.43,286.29,287.02,361166.0
2026-03-26 10:35:00,287.04,287.43,286.96,287.39,417794.0
2026-03-26 10:40:00,287.38,287.81,286.5401,286.78,421121.0
2026-03-26 10:45:00,286.78,286.9,286.2,286.71,374365.0
2026-03-26 10:50:00,286.73,287.08,286.17,286.21,315553.0
2026-03-26 10:55:00,286.22,286.665,285.77,286.37,435960.0
2026-03-26 11:00:00,286.39,286.6593,285.96,286.18,330592.0
2026-03-26 11:05:00,286.18,286.61,285.72,286.08,389117.0
2026-03-26 11:10:00,286.09,286.23,285.79,285.9,224966.0
2026-03-26 11:15:00,285.99,286.06,285.3,285.4551,253338.0
2026-03-26 11:20:00,285.46,285.88,285.28,285.68,309029.0
2026-03-26 11:25:00,285.685,285.8,285.3,285.665,340643.0
2026-03-26 11:30:00,285.66,285.66,285.06,285.2,231178.0
2026-03-26 11:35:00,285.195,285.32,284.73,284.8,360399.0
2026-03-26 11:40:00,284.79,285.26,284.6656,285.09,305212.0
2026-03-26 11:45:00,285.1,285.7,284.93,285.48,387734.0
2026-03-26 11:50:00,285.46,285.49,284.91,285.0927,369008.0
2026-03-26 11:55:00,285.14,285.16,284.64,284.84,223562.0
2026-03-26 12:00:00,284.82,285.12,284.41,284.6,268743.0
2026-03-26 12:05:00,284.5715,284.72,284.38,284.5,237305.0
2026-03-26 12:10:00,284.49,284.86,284.23,284.705,223067.0
2026-03-26 12:15:00,284.69,284.78,284.15,284.73,259792.0
2026-03-26 12:20:00,284.735,284.75,284.3,284.6,256000.0
2026-03-26 12:25:00,284.6081,284.71,284.2,284.29,249102.0
2026-03-26 12:30:00,284.27,284.42,283.91,284.2587,300415.0
2026-03-26 12:35:00,284.255,284.7,284.06,284.2299,260628.0
2026-03-26 12:40:00,284.23,284.42,283.97,284.1,191315.0
2026-03-26 12:45:00,284.11,284.175,283.36,283.47,474164.0
2026-03-26 12:50:00,283.48,284.0,283.45,283.9875,352672.0
2026-03-26 12:55:00,284.07,284.24,283.75,283.94,240576.0
2026-03-26 13:00:00,283.91,284.21,283.49,283.61,283229.0
2026-03-26 13:05:00,283.6,283.83,283.455,283.73,182959.0
2026-03-26 13:10:00,283.74,283.74,283.13,283.24,185002.0
2026-03-26 13:15:00,283.27,283.5301,283.07,283.515,183714.0
2026-03-26 13:20:00,283.5,283.5167,282.87,282.97,259644.0
2026-03-26 13:25:00,282.99,283.02,282.56,282.79,268050.0
2026-03-26 13:30:00,282.865,283.19,282.77,283.09,167898.0
2026-03-26 13:35:00,283.11,283.38,282.96,283.205,160269.0
2026-03-26 13:40:00,283.18,283.2,282.91,282.955,193084.0
2026-03-26 13:45:00,282.97,282.995,282.61,282.6902,200053.0
2026-03-26 13:50:00,282.69,283.0,282.52,282.545,191583.0
2026-03-26 13:55:00,282.54,282.58,281.95,282.08,555376.0
2026-03-26 14:00:00,282.05,282.425,281.72,281.87,550388.0
2026-03-26 14:05:00,281.8502,282.12,278.5,281.1,2406390.0
2026-03-26 14:10:00,281.08,281.21,279.095,279.35,1005566.0
2026-03-26 14:15:00,279.335,280.38,279.2165,280.14,1078538.0
2026-03-26 14:20:00,280.165,280.75,280.075,280.33,444424.0
2026-03-26 14:25:00,280.33,280.55,279.89,280.52,313399.0
2026-03-26 14:30:00,280.55,281.3,280.444,281.1599,358056.0
2026-03-26 14:35:00,281.125,281.31,280.75,280.86,302929.0
2026-03-26 14:40:00,280.89,281.03,280.37,280.86,202334.0
2026-03-26 14:45:00,280.87,281.58,280.74,281.2,280477.0
2026-03-26 14:50:00,281.205,281.8929,280.99,281.78,313123.0
2026-03-26 14:55:00,281.77,281.82,281.375,281.605,308972.0
2026-03-26 15:00:00,281.64,281.64,280.575,280.61,251147.0
2026-03-26 15:05:00,280.6298,280.69,280.25,280.63,306761.0
2026-03-26 15:10:00,280.63,281.26,280.46,281.24,291891.0
2026-03-26 15:15:00,281.25,281.38,281.02,281.31,267950.0
2026-03-26 15:20:00,281.32,281.61,281.14,281.585,279463.0
2026-03-26 15:25:00,281.595,281.62,281.095,281.365,286712.0
2026-03-26 15:30:00,281.38,281.41,280.44,280.88,410861.0
2026-03-26 15:35:00,280.88,281.19,280.7,280.8015,437947.0
2026-03-26 15:40:00,280.82,280.97,280.16,280.24,466095.0
2026-03-26 15:45:00,280.22,280.51,280.0512,280.47,433561.0
2026-03-26 15:50:00,280.47,281.25,280.4,280.48,965807.0
2026-03-26 15:55:00,280.49,281.46,280.49,280.93,1603433.0
2026-03-27 09:30:00,277.275,278.94,276.2,276.35,1517432.0
2026-03-27 09:35:00,276.35,276.56,275.3,275.3,1064585.0
2026-03-27 09:40:00,275.29,277.55,275.26,277.49,768544.0
2026-03-27 09:45:00,277.47,278.04,277.34,277.68,677866.0
2026-03-27 09:50:00,277.72,278.015,276.94,277.2512,445927.0
2026-03-27 09:55:00,277.25,277.42,276.63,276.74,418352.0
2026-03-27 10:00:00,276.74,277.79,276.59,277.555,444850.0
2026-03-27 10:05:00,277.575,277.88,277.31,277.31,507985.0
2026-03-27 10:10:00,277.295,278.53,277.17,278.02,454453.0
2026-03-27 10:15:00,278.0,278.94,277.94,278.43,444032.0
2026-03-27 10:20:00,278.48,278.86,277.9,278.06,391666.0
2026-03-27 10:25:00,278.09,278.48,277.81,277.95,297341.0
2026-03-27 10:30:00,277.93,278.32,277.5,277.91,375214.0
2026-03-27 10:35:00,277.89,278.375,277.66,278.03,323110.0
2026-03-27 10:40:00,278.02,278.89,277.9699,278.89,304578.0
2026-03-27 10:45:00,278.89,279.09,278.54,279.07,376898.0
2026-03-27 10:50:00,279.07,279.37,278.53,278.68,546580.0
2026-03-27 10:55:00,278.685,278.93,278.53,278.88,235544.0
2026-03-27 11:00:00,278.87,279.16,278.75,278.875,247138.0
2026-03-27 11:05:00,278.865,279.01,278.355,278.51,322079.0
2026-03-27 11:10:00,278.5,278.75,277.71,277.72,280165.0
2026-03-27 11:15:00,277.72,278.045,277.64,277.85,338534.0
2026-03-27 11:20:00,277.84,278.5,277.5,278.185,314072.0
2026-03-27 11:25:00,278.21,278.51,278.09,278.27,187153.0
2026-03-27 11:30:00,278.275,278.69,278.13,278.43,210761.0
2026-03-27 11:35:00,278.44,278.51,277.76,277.84,733850.0
2026-03-27 11:40:00,277.82,278.15,277.455,277.91,245235.0
2026-03-27 11:45:00,277.9,278.0,277.49,277.62,173515.0
2026-03-27 11:50:00,277.61,277.77,277.49,277.705,216014.0
2026-03-27 11:55:00,277.7,277.82,277.61,277.69,185699.0
2026-03-27 12:00:00,277.7,277.77,277.24,277.3093,229228.0
2026-03-27 12:05:00,277.32,277.3992,276.83,276.91,304250.0
2026-03-27 12:10:00,276.93,277.17,276.73,277.11,301681.0
2026-03-27 12:15:00,277.1,277.12,276.765,276.88,297138.0
2026-03-27 12:20:00,276.91,277.12,276.66,276.78,358627.0
2026-03-27 12:25:00,276.79,276.91,276.54,276.67,307399.0
2026-03-27 12:30:00,276.65,276.88,276.59,276.67,371587.0
2026-03-27 12:35:00,276.68,276.75,276.195,276.295,239919.0
2026-03-27 12:40:00,276.27,276.8,276.24,276.725,265402.0
2026-03-27 12:45:00,276.73,277.185,276.72,276.94,360033.0
2026-03-27 12:50:00,276.93,277.22,276.755,276.95,187703.0
2026-03-27 12:55:00,276.93,276.935,276.64,276.725,173043.0
2026-03-27 13:00:00,276.725,276.83,276.11,276.31,247456.0
2026-03-27 13:05:00,276.28,276.95,276.21,276.54,268139.0
2026-03-27 13:10:00,276.57,276.81,276.3,276.41,185335.0
2026-03-27 13:15:00,276.42,276.49,275.705,275.815,247644.0
2026-03-27 13:20:00,275.82,275.82,275.11,275.253,358034.0
2026-03-27 13:25:00,275.24,275.24,274.6068,274.69,554502.0
2026-03-27 13:30:00,274.68,275.14,274.68,274.89,397088.0
2026-03-27 13:35:00,274.9,275.0,274.56,274.59,289223.0
2026-03-27 13:40:00,274.6,274.615,273.95,274.19,423826.0
2026-03-27 13:45:00,274.19,274.68,274.14,274.41,307455.0
2026-03-27 13:50:00,274.39,274.58,274.22,274.3601,258710.0
2026-03-27 13:55:00,274.39,274.61,274.23,274.41,262015.0
2026-03-27 14:00:00,274.41,274.58,274.24,274.36,252099.0
2026-03-27 14:05:00,274.36,274.4648,274.1,274.15,239668.0
2026-03-27 14:10:00,274.13,274.405,274.01,274.36,252499.0
2026-03-27 14:15:00,274.3699,274.78,274.2799,274.72,289156.0
2026-03-27 14:20:00,274.71,275.09,274.585,274.96,301630.0
2026-03-27 14:25:00,274.97,275.43,274.9,275.27,245794.0
2026-03-27 14:30:00,275.25,275.71,275.25,275.43,329630.0
2026-03-27 14:35:00,275.43,275.52,275.15,275.48,209824.0
2026-03-27 14:40:00,275.5,275.74,275.21,275.4,249977.0
2026-03-27 14:45:00,275.41,275.47,275.18,275.325,251298.0
2026-03-27 14:50:00,275.32,275.63,275.09,275.16,236374.0
2026-03-27 14:55:00,275.17,275.28,274.86,274.88,218773.0
2026-03-27 15:00:00,274.89,274.98,274.68,274.85,202251.0
2026-03-27 15:05:00,274.86,275.1,274.8,275.045,185932.0
2026-03-27 15:10:00,275.0499,275.2,274.88,275.18,243434.0
2026-03-27 15:15:00,275.155,275.5,275.15,275.46,250723.0
2026-03-27 15:20:00,275.47,275.47,274.84,275.07,250894.0
2026-03-27 15:25:00,275.065,275.065,274.69,274.775,258583.0
2026-03-27 15:30:00,274.77,274.915,274.42,274.915,332535.0
2026-03-27 15:35:00,274.92,275.085,274.4615,274.61,362374.0
2026-03-27 15:40:00,274.62,274.67,274.21,274.52,506465.0
2026-03-27 15:45:00,274.53,274.53,274.09,274.5,495908.0
2026-03-27 15:50:00,274.48,274.51,274.04,274.2711,791710.0
2026-03-27 15:55:00,274.29,274.76,274.22,274.23,1811491.0
2026-03-30 09:30:00,276.42,277.09,275.11,275.355,1201521.0
2026-03-30 09:35:00,275.36,275.47,274.34,274.875,533316.0
2026-03-30 09:40:00,274.83,275.57,274.37,274.84,689959.0
2026-03-30 09:45:00,274.84,275.22,274.21,274.57,530183.0
2026-03-30 09:50:00,274.56,274.9299,274.34,274.46,471571.0
2026-03-30 09:55:00,274.42,274.53,273.7,273.87,439903.0
2026-03-30 10:00:00,273.81,274.99,273.76,274.4,502025.0
2026-03-30 10:05:00,274.385,274.39,273.36,274.11,480803.0
2026-03-30 10:10:00,274.11,274.41,273.765,274.26,470003.0
2026-03-30 10:15:00,274.27,274.34,273.36,273.5,479883.0
2026-03-30 10:20:00,273.49,273.78,273.08,273.56,415953.0
2026-03-30 10:25:00,273.57,274.21,273.54,274.06,360198.0
2026-03-30 10:30:00,274.0,274.44,273.775,274.15,283936.0
2026-03-30 10:35:00,274.19,274.21,273.36,273.52,255019.0
2026-03-30 10:40:00,273.54,273.69,273.21,273.4,273952.0
2026-03-30 10:45:00,273.42,274.595,273.35,273.64,419100.0
2026-03-30 10:50:00,273.66,274.18,273.47,274.105,261423.0
2026-03-30 10:55:00,274.135,274.63,273.98,274.61,287640.0
2026-03-30 11:00:00,274.59,274.895,274.59,274.865,440324.0
2026-03-30 11:05:00,274.89,275.05,274.19,274.19,388698.0
2026-03-30 11:10:00,274.18,274.33,273.5,273.86,298805.0
2026-03-30 11:15:00,273.84,274.13,273.47,273.99,383995.0
2026-03-30 11:20:00,274.03,274.25,273.59,274.18,212677.0
2026-03-30 11:25:00,274.15,274.5,274.125,274.19,139172.0
2026-03-30 11:30:00,274.19,274.8,274.14,274.745,210618.0
2026-03-30 11:35:00,274.74,275.1,274.63,274.7,195914.0
2026-03-30 11:40:00,274.7,275.39,274.58,275.37,224149.0
2026-03-30 11:45:00,275.37,275.73,275.19,275.54,251508.0
2026-03-30 11:50:00,275.56,275.919,275.53,275.55,255285.0
2026-03-30 11:55:00,275.52,275.52,275.2499,275.29,196107.0
2026-03-30 12:00:00,275.25,275.37,275.07,275.24,241851.0
2026-03-30 12:05:00,275.29,275.32,274.84,274.855,163474.0
2026-03-30 12:10:00,274.8585,275.02,274.77,274.8999,167526.0
2026-03-30 12:15:00,274.85,274.97,274.51,274.59,188614.0
2026-03-30 12:20:00,274.57,274.7099,274.26,274.48,159586.0
2026-03-30 12:25:00,274.48,274.52,274.21,274.22,132023.0
2026-03-30 12:30:00,274.21,274.41,274.12,274.29,151842.0
2026-03-30 12:35:00,274.3,274.51,274.13,274.49,210279.0
2026-03-30 12:40:00,274.5,274.69,274.42,274.52,118023.0
2026-03-30 12:45:00,274.5,274.5,274.1,274.16,113801.0
2026-03-30 12:50:00,274.15,274.54,274.14,274.29,203795.0
2026-03-30 12:55:00,274.27,274.41,274.1,274.27,264924.0
2026-03-30 13:00:00,274.24,274.39,273.87,273.9,184713.0
2026-03-30 13:05:00,273.92,274.36,273.88,274.18,157334.0
2026-03-30 13:10:00,274.2,274.24,273.792,273.792,144918.0
2026-03-30 13:15:00,273.78,274.35,273.71,274.33,163992.0
2026-03-30 13:20:00,274.35,274.56,274.11,274.21,194293.0
2026-03-30 13:25:00,274.18,274.22,273.77,273.96,222246.0
2026-03-30 13:30:00,273.98,274.06,273.66,273.97,245509.0
2026-03-30 13:35:00,273.97,274.11,273.62,273.89,220559.0
2026-03-30 13:40:00,273.87,274.24,273.7,274.18,230320.0
2026-03-30 13:45:00,274.23,274.37,273.97,273.97,262769.0
2026-03-30 13:50:00,273.99,274.18,273.88,273.94,124213.0
2026-03-30 13:55:00,273.96,274.1,273.73,274.03,153675.0
2026-03-30 14:00:00,274.04,274.061,273.72,273.78,178582.0
2026-03-30 14:05:00,273.8,274.105,273.74,273.945,196261.0
2026-03-30 14:10:00,273.91,274.26,273.89,274.18,194560.0
2026-03-30 14:15:00,274.18,274.2,273.75,274.07,185395.0
2026-03-30 14:20:00,274.0323,274.15,273.87,273.91,140882.0
2026-03-30 14:25:00,273.9,273.9,273.2209,273.2301,224027.0
2026-03-30 14:30:00,273.25,273.47,273.1,273.16,193330.0
2026-03-30 14:35:00,273.16,273.56,273.12,273.15,173850.0
2026-03-30 14:40:00,273.12,273.39,273.07,273.18,195377.0
2026-03-30 14:45:00,273.18,273.31,273.03,273.18,222657.0
2026-03-30 14:50:00,273.17,273.29,272.83,273.03,238752.0
2026-03-30 14:55:00,273.02,273.11,272.8,272.845,250808.0
2026-03-30 15:00:00,272.85,273.05,272.695,272.913,273395.0
2026-03-30 15:05:00,272.9,272.91,272.57,272.61,277381.0
2026-03-30 15:10:00,272.59,272.63,272.34,272.34,213612.0
2026-03-30 15:15:00,272.33,272.6,272.17,272.45,267872.0
2026-03-30 15:20:00,272.41,272.74,272.36,272.48,226090.0
2026-03-30 15:25:00,272.47,272.57,272.29,272.43,253154.0
2026-03-30 15:30:00,272.43,272.55,272.11,272.17,283854.0
2026-03-30 15:35:00,272.17,272.7,272.17,272.565,384005.0
2026-03-30 15:40:00,272.57,272.7,272.34,272.54,374620.0
2026-03-30 15:45:00,272.55,273.09,272.54,272.995,385339.0
2026-03-30 15:50:00,273.0,273.5715,272.7,273.42,752594.0
2026-03-30 15:55:00,273.41,273.8,273.277,273.49,1545966.0
2026-03-31 09:30:00,278.04,279.6,277.29,278.75,1031459.0
2026-03-31 09:35:00,278.73,278.9,277.87,278.67,504703.0
2026-03-31 09:40:00,278.6631,278.94,277.09,277.12,498559.0
2026-03-31 09:45:00,277.17,278.92,277.17,278.92,445705.0
2026-03-31 09:50:00,278.9,279.99,278.6,279.82,582533.0
2026-03-31 09:55:00,279.755,280.08,279.18,279.94,601291.0
2026-03-31 10:00:00,279.97,280.535,279.82,280.49,473262.0
2026-03-31 10:05:00,280.52,280.6199,280.19,280.44,427482.0
2026-03-31 10:10:00,280.42,280.8,280.25,280.725,356924.0
2026-03-31 10:15:00,280.68,281.67,280.63,281.365,380917.0
2026-03-31 10:20:00,281.4,282.26,280.82,282.055,708138.0
2026-03-31 10:25:00,282.06,282.34,281.605,282.13,589401.0
2026-03-31 10:30:00,282.13,282.59,282.02,282.27,611836.0
2026-03-31 10:35:00,282.26,282.605,281.765,282.24,505820.0
2026-03-31 10:40:00,282.23,282.41,281.28,281.33,356741.0
2026-03-31 10:45:00,281.35,281.8,281.12,281.125,293243.0
2026-03-31 10:50:00,281.14,281.185,280.73,280.81,280036.0
2026-03-31 10:55:00,280.775,281.0,280.47,280.75,240848.0
2026-03-31 11:00:00,280.76,281.52,280.73,281.41,251721.0
2026-03-31 11:05:00,281.415,282.12,281.375,281.545,415172.0
2026-03-31 11:10:00,281.53,282.185,281.38,282.18,213164.0
2026-03-31 11:15:00,282.24,282.36,281.97,282.13,240650.0
2026-03-31 11:20:00,282.12,282.12,281.82,281.96,177868.0
2026-03-31 11:25:00,281.975,282.27,281.365,281.38,253491.0
2026-03-31 11:30:00,281.355,281.62,280.995,281.605,209858.0
2026-03-31 11:35:00,281.59,281.84,281.57,281.66,150339.0
2026-03-31 11:40:00,281.67,281.76,281.18,281.3,161378.0
2026-03-31 11:45:00,281.28,281.43,281.12,281.255,165539.0
2026-03-31 11:50:00,281.23,281.735,281.155,281.41,149533.0
2026-03-31 11:55:00,281.45,281.565,281.0,281.08,164787.0
2026-03-31 12:00:00,281.05,281.635,280.905,281.5,140288.0
2026-03-31 12:05:00,281.475,282.13,281.475,281.95,162338.0
2026-03-31 12:10:00,281.96,282.07,281.73,281.88,132935.0
2026-03-31 12:15:00,281.9,282.32,281.84,281.92,397775.0
2026-03-31 12:20:00,281.915,282.4,281.905,282.4,186200.0
2026-03-31 12:25:00,282.42,282.44,282.19,282.3,551484.0
2026-03-31 12:30:00,282.26,282.275,281.91,282.02,162628.0
2026-03-31 12:35:00,282.02,283.46,281.84,283.45,264222.0
2026-03-31 12:40:00,283.39,284.8,283.39,284.32,664674.0
2026-03-31 12:45:00,284.29,285.22,284.04,284.69,594598.0
2026-03-31 12:50:00,284.66,285.3399,284.17,285.12,422349.0
2026-03-31 12:55:00,285.09,285.15,284.635,284.88,398639.0
2026-03-31 13:00:00,284.9,286.51,284.84,286.295,462727.0
2026-03-31 13:05:00,286.31,286.67,285.77,285.915,454096.0
2026-03-31 13:10:00,285.88,287.07,285.81,287.04,400957.0
2026-03-31 13:15:00,287.07,287.69,286.875,287.63,451682.0
2026-03-31 13:20:00,287.625,287.97,287.43,287.725,403569.0
2026-03-31 13:25:00,287.74,287.99,286.65,286.825,321020.0
2026-03-31 13:30:00,286.76,287.87,286.7,287.825,273154.0
2026-03-31 13:35:00,287.81,288.08,286.745,287.31,433897.0
2026-03-31 13:40:00,287.3,287.593,286.435,286.73,297989.0
2026-03-31 13:45:00,286.71,287.01,286.49,286.83,337295.0
2026-03-31 13:50:00,286.86,286.92,286.64,286.85,251213.0
2026-03-31 13:55:00,286.83,286.85,286.34,286.8,293019.0
2026-03-31 14:00:00,286.81,287.46,286.79,287.0575,263875.0
2026-03-31 14:05:00,287.07,287.38,286.96,287.35,153860.0
2026-03-31 14:10:00,287.33,287.42,286.95,287.185,241660.0
2026-03-31 14:15:00,287.165,287.42,286.8,287.0,309259.0
2026-03-31 14:20:00,287.02,287.22,286.69,286.76,204793.0
2026-03-31 14:25:00,286.785,287.32,286.6,287.02,156909.0
2026-03-31 14:30:00,287.02,287.07,286.6,286.82,141905.0
2026-03-31 14:35:00,286.78,287.03,286.65,286.955,146586.0
2026-03-31 14:40:00,286.92,287.085,286.49,286.6,304489.0
2026-03-31 14:45:00,286.63,287.02,286.6,286.98,160421.0
2026-03-31 14:50:00,286.96,287.1,286.6,286.92,177332.0
2026-03-31 14:55:00,286.91,287.15,286.72,286.88,230638.0
2026-03-31 15:00:00,286.83,287.125,286.7601,286.93,181389.0
2026-03-31 15:05:00,286.92,286.97,286.61,286.7,210779.0
2026-03-31 15:10:00,286.69,287.2,286.675,287.1062,260897.0
2026-03-31 15:15:00,287.12,287.37,286.77,286.77,298738.0
2026-03-31 15:20:00,286.77,286.85,286.54,286.7701,301858.0
2026-03-31 15:25:00,286.79,286.79,286.32,286.69,411175.0
2026-03-31 15:30:00,286.69,287.205,286.55,287.005,482873.0
2026-03-31 15:35:00,286.98,287.24,286.67,287.06,317894.0
2026-03-31 15:40:00,287.065,287.065,286.51,286.83,948008.0
2026-03-31 15:45:00,286.84,287.55,286.77,287.47,497440.0
2026-03-31 15:50:00,287.49,287.88,286.625,287.52,971666.0
2026-03-31 15:55:00,287.55,287.74,287.18,287.56,1640453.0
