datetime,open,high,low,close,volume
2026-03-02 09:30:00,372.4396,372.5489,366.7786,368.7053,208955.0
2026-03-02 09:35:00,368.8245,369.5197,367.5501,368.5265,91856.0
2026-03-02 09:40:00,368.6263,369.6091,366.8481,368.7152,67941.0
2026-03-02 09:45:00,368.6606,370.6668,368.6606,369.6379,52005.0
2026-03-02 09:50:00,369.475,370.1057,368.5961,369.0529,52544.0
2026-03-02 09:55:00,369.1125,369.3906,366.9673,369.3906,71810.0
2026-03-02 10:00:00,369.1125,370.8506,368.8245,370.5923,35679.0
2026-03-02 10:05:00,370.5228,371.2876,370.2646,370.8307,28258.0
2026-03-02 10:10:00,370.9633,371.6756,370.8009,371.4961,36655.0
2026-03-02 10:15:00,371.4713,371.8139,370.9002,371.4266,37452.0
2026-03-02 10:20:00,371.4564,371.4564,369.9567,370.7463,37300.0
2026-03-02 10:25:00,370.6917,370.9228,370.1951,370.2547,35825.0
2026-03-02 10:30:00,370.3142,370.3142,369.0033,369.0801,42446.0
2026-03-02 10:35:00,369.2218,369.2764,367.9803,368.9337,21238.0
2026-03-02 10:40:00,368.8741,369.1224,367.8959,369.1224,27751.0
2026-03-02 10:45:00,369.1373,369.619,368.6259,369.4502,43710.0
2026-03-02 10:50:00,369.5098,369.8773,367.9306,367.9306,41054.0
2026-03-02 10:55:00,367.9207,368.2286,367.2751,368.2286,59123.0
2026-03-02 11:00:00,368.1442,368.6854,367.6476,368.5739,29695.0
2026-03-02 11:05:00,368.5613,369.1721,367.9654,369.0529,35035.0
2026-03-02 11:10:00,369.1622,369.7779,368.4669,368.7301,57834.0
2026-03-02 11:15:00,368.7302,369.2813,368.2882,368.7947,42358.0
2026-03-02 11:20:00,368.6854,369.1224,368.3825,368.5265,29042.0
2026-03-02 11:25:00,368.5861,368.6854,367.5135,367.5334,27628.0
2026-03-02 11:30:00,367.4738,367.9406,367.1361,367.8412,32388.0
2026-03-02 11:35:00,367.7916,368.2365,367.3202,367.7618,20650.0
2026-03-02 11:40:00,367.8462,369.4502,367.7916,369.3409,28658.0
2026-03-02 11:45:00,369.4303,369.8773,369.2616,369.5694,20037.0
2026-03-02 11:50:00,369.7233,369.8077,368.9834,369.1175,25292.0
2026-03-02 11:55:00,369.1175,369.2218,368.5663,369.0182,22635.0
2026-03-02 12:00:00,368.8841,369.3111,368.626,368.7849,21734.0
2026-03-02 12:05:00,368.9337,369.1323,368.2584,368.2584,20203.0
2026-03-02 12:10:00,368.308,368.5613,367.7817,368.5613,18443.0
2026-03-02 12:15:00,368.5414,369.3111,368.4967,369.2218,21952.0
2026-03-02 12:20:00,369.1771,369.48,368.9238,369.3807,10395.0
2026-03-02 12:25:00,369.3906,369.685,369.1721,369.2516,11434.0
2026-03-02 12:30:00,369.4104,369.5098,368.9635,369.1125,17953.0
2026-03-02 12:35:00,369.1324,369.6091,368.9139,369.0132,13301.0
2026-03-02 12:40:00,369.0331,369.3211,368.9039,369.3012,10489.0
2026-03-02 12:45:00,369.3012,369.629,369.2124,369.4701,13383.0
2026-03-02 12:50:00,369.4601,369.8276,369.3211,369.7442,20768.0
2026-03-02 12:55:00,369.5905,369.8276,369.1721,369.7581,15399.0
2026-03-02 13:00:00,369.7283,370.2249,369.4601,369.6985,33505.0
2026-03-02 13:05:00,369.8773,370.0957,369.8077,370.0064,8365.0
2026-03-02 13:10:00,370.1553,370.1951,369.4353,369.5098,10398.0
2026-03-02 13:15:00,369.5296,369.5872,369.1721,369.3459,13154.0
2026-03-02 13:20:00,369.3409,369.7232,368.9238,369.6836,14818.0
2026-03-02 13:25:00,369.768,369.9845,369.6091,369.763,12040.0
2026-03-02 13:30:00,369.8375,369.8375,368.8295,368.9039,23195.0
2026-03-02 13:35:00,368.9039,369.1721,368.6259,368.8741,20836.0
2026-03-02 13:40:00,368.7848,368.8344,367.871,368.0002,29151.0
2026-03-02 13:45:00,368.0002,368.1094,367.588,367.8512,21077.0
2026-03-02 13:50:00,367.8164,367.8909,366.811,366.9871,56753.0
2026-03-02 13:55:00,366.9871,367.6327,366.9275,367.2851,41557.0
2026-03-02 14:00:00,367.2751,367.5433,366.8977,366.902,43337.0
2026-03-02 14:05:00,366.9722,367.2155,366.6594,366.8679,59894.0
2026-03-02 14:10:00,366.8679,367.4738,366.4806,367.3596,74095.0
2026-03-02 14:15:00,367.3943,367.9781,367.3596,367.8859,34992.0
2026-03-02 14:20:00,367.9068,368.3378,367.732,367.8015,21606.0
2026-03-02 14:25:00,367.6426,368.0498,367.6327,368.0399,18654.0
2026-03-02 14:30:00,368.0399,368.5077,368.0349,368.3676,19812.0
2026-03-02 14:35:00,368.3676,368.8444,368.1988,368.2484,18587.0
2026-03-02 14:40:00,368.2792,368.2792,367.5135,367.565,25977.0
2026-03-02 14:45:00,367.6525,367.9306,367.4837,367.7419,18301.0
2026-03-02 14:50:00,367.7519,368.1889,367.6724,367.9803,18108.0
2026-03-02 14:55:00,367.9207,368.1192,367.7916,367.9505,16100.0
2026-03-02 15:00:00,367.9257,368.308,367.8611,368.1367,26730.0
2026-03-02 15:05:00,368.1889,368.2137,366.9275,367.2043,37013.0
2026-03-02 15:10:00,367.1063,367.3447,366.7488,366.7587,36373.0
2026-03-02 15:15:00,366.8282,368.0995,366.7289,367.6922,30308.0
2026-03-02 15:20:00,367.6277,367.6723,367.1858,367.377,25615.0
2026-03-02 15:25:00,367.4142,367.6923,367.2255,367.4241,24893.0
2026-03-02 15:30:00,367.4539,367.9952,367.439,367.7966,30017.0
2026-03-02 15:35:00,367.7966,368.169,367.732,367.8115,28865.0
2026-03-02 15:40:00,367.8909,368.02,367.6625,367.9753,30740.0
2026-03-02 15:45:00,367.9406,368.2385,367.7618,367.8412,44704.0
2026-03-02 15:50:00,367.9207,368.1677,367.6029,367.9202,88333.0
2026-03-02 15:55:00,367.881,368.3279,367.7817,367.9803,324088.0
2026-03-03 09:30:00,361.2466,363.0045,359.5284,362.5129,142416.0
2026-03-03 09:35:00,362.6271,364.1913,362.0411,362.498,70729.0
2026-03-03 09:40:00,362.4583,362.6172,361.0658,361.295,44661.0
2026-03-03 09:45:00,361.475,361.4949,359.8909,359.9455,56062.0
2026-03-03 09:50:00,359.8661,360.8096,359.727,360.2534,69717.0
2026-03-03 09:55:00,360.2733,360.7798,359.7866,360.5414,41646.0
2026-03-03 10:00:00,360.8295,361.0678,360.2236,360.2981,33313.0
2026-03-03 10:05:00,360.3726,360.5315,358.9524,358.9524,53483.0
2026-03-03 10:10:00,359.0318,360.9784,358.9821,360.6904,39036.0
2026-03-03 10:15:00,360.8493,360.8493,359.5433,359.5433,33002.0
2026-03-03 10:20:00,359.5135,360.0746,358.9126,359.9604,42002.0
2026-03-03 10:25:00,359.9853,360.5812,359.727,360.1145,42517.0
2026-03-03 10:30:00,360.1938,360.4123,358.5657,358.7984,33702.0
2026-03-03 10:35:00,358.6494,358.8729,358.2373,358.2869,49464.0
2026-03-03 10:40:00,358.2549,358.9821,357.7506,357.8996,55889.0
2026-03-03 10:45:00,357.8946,358.6246,357.6612,358.6246,47831.0
2026-03-03 10:50:00,358.6196,358.6196,357.9088,358.3565,25450.0
2026-03-03 10:55:00,358.1876,359.4589,358.1876,359.3397,43529.0
2026-03-03 11:00:00,359.2851,359.5284,358.7438,359.4887,34458.0
2026-03-03 11:05:00,359.4589,359.9753,359.0417,359.3248,44387.0
2026-03-03 11:10:00,359.3248,359.9852,359.1609,359.9427,47551.0
2026-03-03 11:15:00,359.7966,360.025,359.1411,359.1907,29286.0
2026-03-03 11:20:00,359.2006,360.2236,359.1907,359.7171,46872.0
2026-03-03 11:25:00,359.6972,360.611,359.6972,360.5315,51455.0
2026-03-03 11:30:00,360.4719,360.6904,359.7022,360.6556,22547.0
2026-03-03 11:35:00,360.7301,360.9586,360.452,360.7897,30681.0
2026-03-03 11:40:00,360.9078,361.2764,360.2431,361.1969,29794.0
2026-03-03 11:45:00,361.1572,362.4185,361.1572,361.5992,42685.0
2026-03-03 11:50:00,361.5893,362.2249,361.4651,362.0113,20832.0
2026-03-03 11:55:00,362.0411,362.5079,361.9219,362.2199,33749.0
2026-03-03 12:00:00,362.1951,362.1951,360.9486,361.1116,28900.0
2026-03-03 12:05:00,361.0728,362.2199,360.9635,361.7581,44534.0
2026-03-03 12:10:00,361.763,362.1355,361.5545,361.9319,20154.0
2026-03-03 12:15:00,361.9542,362.7264,361.9368,362.5675,25645.0
2026-03-03 12:20:00,362.647,363.4812,362.4583,363.4812,22140.0
2026-03-03 12:25:00,363.4117,363.6103,362.9548,363.5905,24126.0
2026-03-03 12:30:00,363.5458,363.6501,362.935,363.0209,18770.0
2026-03-03 12:35:00,363.0144,363.4514,362.7463,363.3968,16670.0
2026-03-03 12:40:00,363.5011,364.1963,363.4465,364.1516,15049.0
2026-03-03 12:45:00,364.1963,364.3254,363.8189,364.1566,29827.0
2026-03-03 12:50:00,364.1566,364.1963,363.4614,363.4614,30135.0
2026-03-03 12:55:00,363.53,364.4148,363.53,364.1119,16429.0
2026-03-03 13:00:00,364.1061,364.7326,364.1061,364.3676,19020.0
2026-03-03 13:05:00,364.4098,364.6432,364.1665,364.395,12815.0
2026-03-03 13:10:00,364.4645,364.4943,363.9083,363.9481,19133.0
2026-03-03 13:15:00,364.0275,364.683,364.0275,364.3056,19932.0
2026-03-03 13:20:00,364.2559,364.4942,364.1516,364.3701,38491.0
2026-03-03 13:25:00,364.385,364.7227,364.1466,364.3552,15964.0
2026-03-03 13:30:00,364.2758,364.6929,364.2559,364.5936,20261.0
2026-03-03 13:35:00,364.5439,365.2193,364.5241,365.2193,14859.0
2026-03-03 13:40:00,365.1746,365.696,365.12,365.5272,31474.0
2026-03-03 13:45:00,365.5272,366.1826,365.3186,366.0635,30801.0
2026-03-03 13:50:00,366.0138,366.2038,365.7159,365.9046,25984.0
2026-03-03 13:55:00,365.9244,366.2571,365.4427,365.5272,52208.0
2026-03-03 14:00:00,365.4849,365.7457,365.2193,365.3667,29527.0
2026-03-03 14:05:00,365.408,365.4576,364.961,365.0206,27178.0
2026-03-03 14:10:00,365.0355,365.0355,364.6432,364.9809,29334.0
2026-03-03 14:15:00,365.0008,365.3484,364.7922,365.2093,21185.0
2026-03-03 14:20:00,365.1895,365.8549,365.1299,365.6563,22992.0
2026-03-03 14:25:00,365.6761,365.8201,365.1795,365.3285,24167.0
2026-03-03 14:30:00,365.3285,365.3682,364.4794,364.7078,27808.0
2026-03-03 14:35:00,364.673,365.7556,364.2857,365.1696,76525.0
2026-03-03 14:40:00,365.1696,366.0833,364.9908,365.8201,85992.0
2026-03-03 14:45:00,365.8946,365.9741,365.1696,365.435,30388.0
2026-03-03 14:50:00,365.547,365.7952,364.683,365.12,27193.0
2026-03-03 14:55:00,365.1498,365.4874,364.8419,365.3236,22891.0
2026-03-03 15:00:00,365.2391,365.4874,364.9313,364.9759,30097.0
2026-03-03 15:05:00,364.9759,365.1299,364.7425,364.9114,20000.0
2026-03-03 15:10:00,364.9759,365.5272,364.9029,365.1051,18750.0
2026-03-03 15:15:00,365.1051,365.1051,364.5241,364.5787,25133.0
2026-03-03 15:20:00,364.6532,364.7128,364.1387,364.3751,23960.0
2026-03-03 15:25:00,364.3651,364.5836,364.2261,364.2261,26216.0
2026-03-03 15:30:00,364.2758,364.5042,364.1963,364.2261,25734.0
2026-03-03 15:35:00,364.236,364.4247,363.9778,364.1715,26720.0
2026-03-03 15:40:00,364.1913,364.3155,364.0374,364.1268,30642.0
2026-03-03 15:45:00,364.0871,364.2857,363.8785,364.2559,50472.0
2026-03-03 15:50:00,364.2658,364.3822,363.6899,363.7543,87945.0
2026-03-03 15:55:00,363.7692,364.4744,363.5011,364.4545,301755.0
2026-03-04 09:30:00,363.6997,364.2559,360.6705,360.6705,94403.0
2026-03-04 09:35:00,360.889,361.3161,359.5284,359.8313,64280.0
2026-03-04 09:40:00,359.8048,360.5216,359.0463,359.5383,41475.0
2026-03-04 09:45:00,359.6476,362.8059,359.6178,362.1802,46990.0
2026-03-04 09:50:00,361.8226,361.9617,360.8692,361.7928,19066.0
2026-03-04 09:55:00,361.5247,361.9517,360.7997,361.9517,19836.0
2026-03-04 10:00:00,361.8226,362.6768,361.6736,361.8921,40004.0
2026-03-04 10:05:00,361.9815,362.5973,361.4254,362.5278,28695.0
2026-03-04 10:10:00,362.5278,363.8884,362.4881,363.8884,23888.0
2026-03-04 10:15:00,363.7958,364.2658,363.5011,363.8239,33226.0
2026-03-04 10:20:00,363.6898,363.8189,362.6768,362.8605,39624.0
2026-03-04 10:25:00,362.7562,363.0442,361.8822,362.0759,48222.0
2026-03-04 10:30:00,362.1255,362.4086,361.5147,361.5147,28463.0
2026-03-04 10:35:00,361.5296,361.5296,361.0877,361.2118,30454.0
2026-03-04 10:40:00,361.2118,361.8326,361.2118,361.7332,37568.0
2026-03-04 10:45:00,361.6836,361.8723,361.0579,361.5743,35716.0
2026-03-04 10:50:00,361.6637,362.0908,361.3991,361.9418,14041.0
2026-03-04 10:55:00,361.8524,362.4185,361.5942,361.7034,18751.0
2026-03-04 11:00:00,361.773,362.8257,361.773,362.3589,36087.0
2026-03-04 11:05:00,362.4483,362.6867,362.3589,362.6643,21586.0
2026-03-04 11:10:00,362.6718,362.7363,361.7928,362.3937,39592.0
2026-03-04 11:15:00,362.4384,363.4415,362.4185,362.9052,26084.0
2026-03-04 11:20:00,363.0144,363.3819,362.5973,363.3521,20173.0
2026-03-04 11:25:00,363.3571,363.8785,363.2031,363.8785,26706.0
2026-03-04 11:30:00,363.8836,364.3949,363.809,364.0275,15071.0
2026-03-04 11:35:00,364.097,364.1715,363.3521,363.4614,13109.0
2026-03-04 11:40:00,363.4415,364.1069,363.4117,364.0672,22542.0
2026-03-04 11:45:00,364.0126,364.0672,363.5557,363.7891,24743.0
2026-03-04 11:50:00,363.7494,364.0473,363.2851,364.0473,21924.0
2026-03-04 11:55:00,364.1963,364.4545,363.6997,363.8586,16046.0
2026-03-04 12:00:00,363.7494,364.1268,363.66,363.943,18594.0
2026-03-04 12:05:00,363.8884,363.8884,363.1137,363.5011,10978.0
2026-03-04 12:10:00,363.4117,363.5706,363.2528,363.3322,11871.0
2026-03-04 12:15:00,363.4812,363.5905,363.2132,363.3918,7836.0
2026-03-04 12:20:00,363.4316,363.5905,363.1137,363.5358,30225.0
2026-03-04 12:25:00,363.6302,363.9579,363.5011,363.9579,24269.0
2026-03-04 12:30:00,363.9629,364.4943,363.9083,364.4943,41490.0
2026-03-04 12:35:00,364.5836,365.4874,364.5655,365.3236,40708.0
2026-03-04 12:40:00,365.3236,365.4825,365.0206,365.1994,40457.0
2026-03-04 12:45:00,365.1994,365.3682,364.4049,364.5242,13915.0
2026-03-04 12:50:00,364.5141,364.8617,364.4595,364.8617,18760.0
2026-03-04 12:55:00,364.8518,365.0306,364.4943,364.8816,26344.0
2026-03-04 13:00:00,364.8816,365.2093,364.7326,364.8568,16992.0
2026-03-04 13:05:00,364.7425,365.2987,364.7028,365.1994,15479.0
2026-03-04 13:10:00,365.1994,365.4874,365.0405,365.1746,15737.0
2026-03-04 13:15:00,365.2491,365.2491,364.8717,364.971,17496.0
2026-03-04 13:20:00,364.9511,365.7903,364.9412,365.7308,24685.0
2026-03-04 13:25:00,365.7208,365.7258,365.3682,365.5123,14790.0
2026-03-04 13:30:00,365.5123,366.0237,365.5123,365.9244,19011.0
2026-03-04 13:35:00,366.0237,366.2273,365.7655,365.9195,21159.0
2026-03-04 13:40:00,365.9691,366.0734,365.7569,365.8946,12312.0
2026-03-04 13:45:00,365.9443,365.9443,365.4874,365.9343,12327.0
2026-03-04 13:50:00,365.8599,365.984,365.5272,365.9244,13972.0
2026-03-04 13:55:00,365.9244,366.0635,365.4874,365.6215,41242.0
2026-03-04 14:00:00,365.5172,365.835,365.2987,365.7407,27564.0
2026-03-04 14:05:00,365.7357,366.1826,365.6662,365.9244,29765.0
2026-03-04 14:10:00,365.9356,366.4458,365.8947,366.3763,14997.0
2026-03-04 14:15:00,366.4409,366.5869,366.0635,366.1727,24198.0
2026-03-04 14:20:00,366.1628,366.2422,366.0138,366.0933,15019.0
2026-03-04 14:25:00,366.0188,366.6097,365.984,366.3813,26192.0
2026-03-04 14:30:00,366.4061,366.6792,366.4011,366.4309,20233.0
2026-03-04 14:35:00,366.4856,366.6594,366.4111,366.6196,20086.0
2026-03-04 14:40:00,366.6296,366.6594,366.1678,366.3118,18376.0
2026-03-04 14:45:00,366.3912,366.4493,366.1727,366.421,13526.0
2026-03-04 14:50:00,366.426,366.5203,366.1231,366.421,26003.0
2026-03-04 14:55:00,366.3631,366.6296,366.2621,366.3018,15382.0
2026-03-04 15:00:00,366.3316,366.5899,366.2581,366.3416,18490.0
2026-03-04 15:05:00,366.3416,366.4707,366.1727,366.2025,25323.0
2026-03-04 15:10:00,366.1429,366.4806,366.0039,366.4409,20557.0
2026-03-04 15:15:00,366.4409,366.5799,366.3416,366.4955,54738.0
2026-03-04 15:20:00,366.5005,366.6395,366.3813,366.5501,40941.0
2026-03-04 15:25:00,366.5998,366.8679,366.4806,366.5998,27589.0
2026-03-04 15:30:00,366.5992,366.5992,366.1429,366.2422,47650.0
2026-03-04 15:35:00,366.2124,366.3118,365.696,365.8748,92571.0
2026-03-04 15:40:00,365.7357,366.3316,365.6215,366.0332,46034.0
2026-03-04 15:45:00,366.0635,366.8083,365.8052,366.7388,92314.0
2026-03-04 15:50:00,366.719,367.0467,366.4955,366.5601,125974.0
2026-03-04 15:55:00,366.5601,366.9871,366.1876,366.57,312271.0
2026-03-05 09:30:00,363.6203,364.4744,362.498,363.8388,73777.0
2026-03-05 09:35:00,363.5706,363.9976,362.2795,363.362,39490.0
2026-03-05 09:40:00,363.3521,363.6451,362.1603,362.7165,28859.0
2026-03-05 09:45:00,362.7165,362.8158,362.1106,362.2795,39634.0
2026-03-05 09:50:00,362.2696,362.7429,362.0113,362.2547,19793.0
2026-03-05 09:55:00,362.3391,363.5011,362.1603,362.9151,31079.0
2026-03-05 10:00:00,362.9946,363.4018,362.7959,363.079,13183.0
2026-03-05 10:05:00,363.1535,363.9877,362.3887,362.9846,30593.0
2026-03-05 10:10:00,362.9846,363.2329,362.1604,362.3689,34078.0
2026-03-05 10:15:00,362.5278,362.7264,362.0808,362.1802,21310.0
2026-03-05 10:20:00,362.0908,362.0908,361.0281,361.0628,16738.0
2026-03-05 10:25:00,361.0628,361.336,360.1938,360.6854,23895.0
2026-03-05 10:30:00,360.6904,361.3062,360.4123,360.8195,16376.0
2026-03-05 10:35:00,360.9586,361.0858,359.7785,360.1392,26899.0
2026-03-05 10:40:00,360.3031,361.1175,360.0051,360.7103,33829.0
2026-03-05 10:45:00,360.7003,360.9242,360.4421,360.5067,12981.0
2026-03-05 10:50:00,360.5067,361.3269,360.5067,360.8493,15912.0
2026-03-05 10:55:00,360.8692,361.1274,360.4222,361.1175,21436.0
2026-03-05 11:00:00,361.1771,361.6041,360.5613,360.6556,34458.0
2026-03-05 11:05:00,360.6407,360.6904,360.1342,360.4322,25294.0
2026-03-05 11:10:00,360.4322,360.4322,359.6277,359.6575,27398.0
2026-03-05 11:15:00,359.7469,359.8263,359.0599,359.3596,28658.0
2026-03-05 11:20:00,359.3496,359.5979,358.5154,358.7537,43355.0
2026-03-05 11:25:00,358.7537,359.6277,358.5452,359.1411,41421.0
2026-03-05 11:30:00,359.151,359.7171,358.9821,359.6078,49216.0
2026-03-05 11:35:00,359.4688,359.8661,359.3298,359.7419,14516.0
2026-03-05 11:40:00,359.7966,359.9157,359.4291,359.9157,13061.0
2026-03-05 11:45:00,359.9257,360.0846,359.6972,359.871,16150.0
2026-03-05 11:50:00,359.9356,360.1839,359.5483,360.025,19420.0
2026-03-05 11:55:00,360.0945,360.5712,359.9257,360.5315,13575.0
2026-03-05 12:00:00,360.5861,360.755,360.2137,360.6631,15400.0
2026-03-05 12:05:00,360.7997,360.7997,359.871,360.1044,16430.0
2026-03-05 12:10:00,360.0349,360.0796,359.2801,359.2801,27403.0
2026-03-05 12:15:00,359.3695,359.4589,358.8332,359.1138,19896.0
2026-03-05 12:20:00,359.1808,359.3,358.8431,359.0417,21609.0
2026-03-05 12:25:00,359.0914,359.2702,358.8431,359.0604,23776.0
2026-03-05 12:30:00,358.9524,359.2602,358.7835,358.9906,16654.0
2026-03-05 12:35:00,359.0417,359.6178,358.9424,359.3298,22021.0
2026-03-05 12:40:00,359.3397,359.4787,358.5452,358.7736,36087.0
2026-03-05 12:45:00,358.8282,359.2503,358.7041,359.1609,17533.0
2026-03-05 12:50:00,359.1659,359.9604,359.1659,359.5582,13290.0
2026-03-05 12:55:00,359.727,360.287,359.5284,360.1044,21594.0
2026-03-05 13:00:00,359.9753,360.02,359.0914,359.5632,16939.0
2026-03-05 13:05:00,359.4986,359.5979,358.8232,358.8928,16564.0
2026-03-05 13:10:00,358.8431,359.1411,358.5154,358.7934,29855.0
2026-03-05 13:15:00,358.6941,358.7637,358.416,358.4458,18040.0
2026-03-05 13:20:00,358.4657,358.8729,358.3069,358.416,29439.0
2026-03-05 13:25:00,358.3763,358.4905,357.8599,358.2472,19728.0
2026-03-05 13:30:00,358.2671,358.6842,358.128,358.277,19174.0
2026-03-05 13:35:00,358.2174,358.6246,358.1479,358.5154,12856.0
2026-03-05 13:40:00,358.5948,359.3993,358.5948,359.3696,18196.0
2026-03-05 13:45:00,359.3745,359.4191,358.7239,358.9275,17321.0
2026-03-05 13:50:00,358.863,358.9623,358.3723,358.6246,13731.0
2026-03-05 13:55:00,358.6941,358.6941,358.0486,358.2571,21070.0
2026-03-05 14:00:00,358.1876,358.3664,357.6116,357.7407,31048.0
2026-03-05 14:05:00,357.7705,358.128,357.6662,357.9443,16935.0
2026-03-05 14:10:00,357.9691,358.2869,357.8599,358.0635,14400.0
2026-03-05 14:15:00,358.0635,358.2172,357.4682,357.701,26270.0
2026-03-05 14:20:00,357.7804,358.0486,357.6811,357.8748,23056.0
2026-03-05 14:25:00,357.9095,357.9095,357.0753,357.0753,18163.0
2026-03-05 14:30:00,357.0753,358.0386,356.7475,357.8301,29802.0
2026-03-05 14:35:00,357.7705,357.9295,357.4627,357.8301,17392.0
2026-03-05 14:40:00,357.8201,358.3664,357.7407,358.3316,22556.0
2026-03-05 14:45:00,358.3267,358.7537,358.0684,358.1181,29812.0
2026-03-05 14:50:00,357.9989,358.8034,357.9989,358.2919,29385.0
2026-03-05 14:55:00,358.3565,358.6544,358.3128,358.5054,26733.0
2026-03-05 15:00:00,358.5352,359.1609,358.0585,359.0566,31955.0
2026-03-05 15:05:00,359.0119,359.1709,358.5353,359.1311,24677.0
2026-03-05 15:10:00,359.1609,359.7568,359.1114,359.6625,21790.0
2026-03-05 15:15:00,359.5979,360.3428,359.5881,360.0647,32101.0
2026-03-05 15:20:00,360.0647,360.0647,359.6376,359.6923,24704.0
2026-03-05 15:25:00,359.737,360.2137,359.737,359.8661,29999.0
2026-03-05 15:30:00,359.7866,360.0646,359.6873,359.9455,23926.0
2026-03-05 15:35:00,359.9654,360.0746,359.6476,359.8661,31437.0
2026-03-05 15:40:00,359.8313,360.0448,359.6178,359.8959,36718.0
2026-03-05 15:45:00,359.9157,359.9952,359.5979,359.7171,45210.0
2026-03-05 15:50:00,359.7568,360.7798,359.7568,360.6606,136482.0
2026-03-05 15:55:00,360.6507,360.6507,358.6445,359.2205,398944.0
2026-03-06 09:30:00,355.0988,355.5507,351.8611,352.9089,122048.0
2026-03-06 09:35:00,352.9784,353.4303,351.9306,352.745,54886.0
2026-03-06 09:40:00,352.8046,353.4402,352.015,353.4402,30792.0
2026-03-06 09:45:00,353.0827,353.0827,351.156,351.9704,41495.0
2026-03-06 09:50:00,351.9505,352.3478,351.0169,351.0268,42830.0
2026-03-06 09:55:00,350.9871,352.894,350.8083,352.5034,47425.0
2026-03-06 10:00:00,352.4471,354.1206,351.9704,352.894,41292.0
2026-03-06 10:05:00,352.9685,352.9685,351.7419,352.3378,54638.0
2026-03-06 10:10:00,352.4272,353.5843,352.3329,353.5843,36375.0
2026-03-06 10:15:00,353.5892,353.7282,352.5564,352.9834,27769.0
2026-03-06 10:20:00,352.8443,353.7314,352.7252,353.1969,24392.0
2026-03-06 10:25:00,353.1522,353.9468,353.1324,353.9319,29339.0
2026-03-06 10:30:00,353.8921,354.5248,353.8574,354.1752,26111.0
2026-03-06 10:35:00,354.2,354.6221,353.9567,354.2844,36417.0
2026-03-06 10:40:00,354.1951,354.4036,353.2877,354.2844,27476.0
2026-03-06 10:45:00,354.2894,354.4334,353.8078,354.1255,22743.0
2026-03-06 10:50:00,353.9865,354.4334,353.7778,353.9815,15179.0
2026-03-06 10:55:00,354.4831,355.6749,354.4831,355.5011,22019.0
2026-03-06 11:00:00,355.4961,355.7841,355.3273,355.6352,18572.0
2026-03-06 11:05:00,355.6451,356.0523,354.9797,355.0591,26186.0
2026-03-06 11:10:00,355.0988,355.2776,354.4731,354.4731,19092.0
2026-03-06 11:15:00,354.4036,355.0095,354.344,354.791,31904.0
2026-03-06 11:20:00,354.7314,354.8158,354.1106,354.7661,31657.0
2026-03-06 11:25:00,354.8903,354.9995,354.5526,354.9995,19818.0
2026-03-06 11:30:00,354.8903,355.2379,354.5625,355.0194,14542.0
2026-03-06 11:35:00,355.0393,355.5954,354.8804,355.1137,15587.0
2026-03-06 11:40:00,355.0505,355.4862,354.7612,354.8406,32541.0
2026-03-06 11:45:00,354.8506,355.6252,354.8506,355.3074,32655.0
2026-03-06 11:50:00,355.3869,355.5954,354.9598,355.0194,13995.0
2026-03-06 11:55:00,355.1088,355.3571,354.4582,354.6828,29784.0
2026-03-06 12:00:00,354.7612,355.0591,354.5278,354.6221,23556.0
2026-03-06 12:05:00,354.6221,354.7214,353.7283,354.3661,93079.0
2026-03-06 12:10:00,354.4036,354.9896,354.4036,354.6817,43193.0
2026-03-06 12:15:00,354.6122,355.2931,354.4533,355.0394,25010.0
2026-03-06 12:20:00,355.2081,356.2211,355.2081,355.8636,26042.0
2026-03-06 12:25:00,355.7345,355.7345,355.1038,355.1584,11695.0
2026-03-06 12:30:00,355.1286,355.506,355.0889,355.4663,12836.0
2026-03-06 12:35:00,355.4167,355.4563,354.8704,355.1827,17072.0
2026-03-06 12:40:00,355.1237,355.1386,354.1752,354.6966,23072.0
2026-03-06 12:45:00,354.6444,355.1386,354.6444,355.0492,10911.0
2026-03-06 12:50:00,355.0393,355.3869,354.9399,354.9399,19439.0
2026-03-06 12:55:00,355.0194,355.367,354.8108,354.8158,12287.0
2026-03-06 13:00:00,354.8133,355.804,354.8133,355.3372,15924.0
2026-03-06 13:05:00,355.3108,355.9828,355.3108,355.9033,16057.0
2026-03-06 13:10:00,355.8338,356.524,355.665,356.3453,16053.0
2026-03-06 13:15:00,356.3403,356.4396,356.0722,356.3105,13178.0
2026-03-06 13:20:00,356.2658,356.3701,355.5557,355.6501,13054.0
2026-03-06 13:25:00,355.6054,355.6352,354.8557,354.8557,14208.0
2026-03-06 13:30:00,354.8307,355.3273,354.8307,354.9499,18971.0
2026-03-06 13:35:00,354.9499,355.0393,354.642,354.9449,9136.0
2026-03-06 13:40:00,354.9399,355.1882,354.8516,355.0591,13519.0
2026-03-06 13:45:00,354.9995,355.089,354.7314,355.0393,22348.0
2026-03-06 13:50:00,355.0492,355.0492,354.5625,354.6619,22854.0
2026-03-06 13:55:00,354.7115,355.1882,354.7115,354.8704,16014.0
2026-03-06 14:00:00,354.8357,355.218,354.5675,354.6221,19059.0
2026-03-06 14:05:00,354.6221,355.3968,354.4831,355.3869,11733.0
2026-03-06 14:10:00,355.3173,355.655,355.3173,355.5358,11062.0
2026-03-06 14:15:00,355.5309,355.6302,355.2081,355.6302,18467.0
2026-03-06 14:20:00,355.5756,355.7046,355.1187,355.3918,18128.0
2026-03-06 14:25:00,355.3173,355.7841,355.0889,355.7494,14479.0
2026-03-06 14:30:00,355.7146,355.8636,355.4365,355.4862,15896.0
2026-03-06 14:35:00,355.4862,355.5756,355.0889,355.3779,14491.0
2026-03-06 14:40:00,355.4465,355.8139,355.3471,355.4266,10934.0
2026-03-06 14:45:00,355.4763,355.516,355.2478,355.5011,13169.0
2026-03-06 14:50:00,355.4465,356.1119,355.4377,355.9728,43636.0
2026-03-06 14:55:00,355.953,356.1913,355.8934,355.953,14274.0
2026-03-06 15:00:00,356.0026,356.2609,355.804,356.2609,17115.0
2026-03-06 15:05:00,356.2609,356.2609,355.8885,356.0126,24484.0
2026-03-06 15:10:00,356.0523,356.5687,356.0523,356.3999,25205.0
2026-03-06 15:15:00,356.3403,356.8468,356.2908,356.3999,19048.0
2026-03-06 15:20:00,356.4192,356.7922,356.1466,356.7227,38039.0
2026-03-06 15:25:00,356.7276,356.9958,356.5489,356.5936,36391.0
2026-03-06 15:30:00,356.5936,356.683,355.8636,355.9159,44637.0
2026-03-06 15:35:00,355.953,356.4198,355.7146,356.4098,42948.0
2026-03-06 15:40:00,356.4496,356.5886,356.2211,356.3105,46785.0
2026-03-06 15:45:00,356.3105,356.6929,356.1715,356.2112,54720.0
2026-03-06 15:50:00,356.2609,356.2609,354.7612,355.4564,90791.0
2026-03-06 15:55:00,355.4763,355.943,355.1088,355.4465,261841.0
2026-03-09 09:30:00,353.1721,354.056,347.8586,347.9182,103325.0
2026-03-09 09:35:00,348.0374,348.673,346.2199,346.2497,101744.0
2026-03-09 09:40:00,346.2568,346.7264,345.3449,346.7263,84010.0
2026-03-09 09:45:00,346.3987,347.9778,346.1007,346.9648,42156.0
2026-03-09 09:50:00,346.9846,347.0442,345.4253,345.7928,36212.0
2026-03-09 09:55:00,345.7581,347.2329,345.7581,346.2397,85635.0
2026-03-09 10:00:00,346.3093,346.3093,344.7925,345.043,41749.0
2026-03-09 10:05:00,344.9685,345.1075,343.3378,343.881,93015.0
2026-03-09 10:10:00,343.8164,344.3428,343.4589,343.881,77464.0
2026-03-09 10:15:00,343.9257,344.4322,343.8313,344.092,43309.0
2026-03-09 10:20:00,344.0945,344.8294,343.2801,344.7103,50657.0
2026-03-09 10:25:00,344.6904,344.6904,343.5433,343.6426,45231.0
2026-03-09 10:30:00,343.6277,344.7003,343.5582,344.5861,45601.0
2026-03-09 10:35:00,344.5315,345.9319,344.3279,345.3807,46733.0
2026-03-09 10:40:00,345.3658,346.3391,345.1771,346.3391,36896.0
2026-03-09 10:45:00,346.3788,346.6172,345.8193,346.5228,36551.0
2026-03-09 10:50:00,346.4336,346.7562,346.1106,346.2894,31323.0
2026-03-09 10:55:00,346.2894,346.6072,345.9319,346.349,36812.0
2026-03-09 11:00:00,346.2695,347.0541,346.1504,347.0442,28706.0
2026-03-09 11:05:00,347.0194,347.4911,346.8208,346.9201,21411.0
2026-03-09 11:10:00,346.8754,347.3819,346.5838,347.074,26984.0
2026-03-09 11:15:00,347.1833,347.2329,346.5029,346.5774,19785.0
2026-03-09 11:20:00,346.5774,347.0939,346.3341,346.9002,19847.0
2026-03-09 11:25:00,346.9002,346.9399,346.3639,346.7165,38382.0
2026-03-09 11:30:00,346.7214,346.7363,345.7034,345.7928,28166.0
2026-03-09 11:35:00,345.6438,345.7331,345.3956,345.4523,25602.0
2026-03-09 11:40:00,345.3906,345.5942,345.043,345.0976,21956.0
2026-03-09 11:45:00,345.1026,345.9021,345.1026,345.4303,22439.0
2026-03-09 11:50:00,345.4253,346.061,345.4253,346.061,23804.0
2026-03-09 11:55:00,345.9865,346.0014,345.0628,345.192,27738.0
2026-03-09 12:00:00,345.192,345.2763,344.4421,344.7003,40069.0
2026-03-09 12:05:00,344.7003,345.2118,344.4918,344.9784,26795.0
2026-03-09 12:10:00,344.9784,345.4005,344.9189,345.0479,39566.0
2026-03-09 12:15:00,345.0479,345.2366,344.8692,345.0081,23968.0
2026-03-09 12:20:00,344.9784,345.5644,344.5017,345.2366,33045.0
2026-03-09 12:25:00,345.2366,346.0709,345.1175,345.7034,35672.0
2026-03-09 12:30:00,345.7034,345.7034,345.0877,345.2515,36833.0
2026-03-09 12:35:00,345.2515,345.5843,345.0479,345.2217,23433.0
2026-03-09 12:40:00,345.2217,345.475,345.1572,345.4154,27817.0
2026-03-09 12:45:00,345.4253,345.9716,345.4253,345.907,35448.0
2026-03-09 12:50:00,345.9021,345.907,345.5594,345.5843,20369.0
2026-03-09 12:55:00,345.5942,345.773,345.4055,345.7382,30457.0
2026-03-09 13:00:00,345.773,346.0808,345.7233,346.0659,28698.0
2026-03-09 13:05:00,346.0411,346.0411,345.5942,345.7928,20138.0
2026-03-09 13:10:00,345.8127,345.9319,345.624,345.773,18616.0
2026-03-09 13:15:00,345.773,345.8325,345.2664,345.3012,23901.0
2026-03-09 13:20:00,345.2962,345.3459,344.7401,344.8543,30331.0
2026-03-09 13:25:00,344.8592,345.2664,344.7202,345.1075,37814.0
2026-03-09 13:30:00,345.1224,345.4154,345.0479,345.2068,27421.0
2026-03-09 13:35:00,345.1771,345.285,344.7897,344.894,29284.0
2026-03-09 13:40:00,344.894,345.0728,344.745,344.894,23517.0
2026-03-09 13:45:00,344.889,345.2664,344.7649,344.8493,26136.0
2026-03-09 13:50:00,344.8394,345.3658,344.8195,345.1969,21337.0
2026-03-09 13:55:00,345.1771,345.2764,344.76,345.0579,22934.0
2026-03-09 14:00:00,345.0976,345.5048,345.0976,345.3161,27549.0
2026-03-09 14:05:00,345.3211,345.9219,345.3211,345.7779,24655.0
2026-03-09 14:10:00,345.7618,346.2596,345.7467,346.2149,31045.0
2026-03-09 14:15:00,346.2149,347.0244,346.1404,346.9052,27541.0
2026-03-09 14:20:00,346.8853,347.3322,346.5271,346.5271,41526.0
2026-03-09 14:25:00,346.5079,346.9052,346.3192,346.7761,42137.0
2026-03-09 14:30:00,346.7711,347.6302,346.7065,347.5607,35330.0
2026-03-09 14:35:00,347.4713,347.6699,346.9946,347.0343,27105.0
2026-03-09 14:40:00,347.0591,347.0839,346.786,347.0541,26721.0
2026-03-09 14:45:00,347.0541,347.0541,346.7661,346.8555,30592.0
2026-03-09 14:50:00,346.8357,347.1982,346.7264,347.0045,28891.0
2026-03-09 14:55:00,347.0045,347.1133,346.7959,346.9002,36975.0
2026-03-09 15:00:00,346.9002,347.0045,346.786,347.0045,30087.0
2026-03-09 15:05:00,346.9946,347.0641,346.3887,346.7463,36746.0
2026-03-09 15:10:00,346.7413,347.0591,346.7363,346.9747,36504.0
2026-03-09 15:15:00,346.9747,348.6929,346.9201,348.6432,59318.0
2026-03-09 15:20:00,348.6035,350.3515,348.524,350.0337,75756.0
2026-03-09 15:25:00,350.0933,351.434,349.9244,351.3546,58425.0
2026-03-09 15:30:00,351.3347,352.3875,350.7388,352.3776,71986.0
2026-03-09 15:35:00,352.3776,352.9387,351.732,352.8344,89361.0
2026-03-09 15:40:00,352.7748,352.9238,351.7717,352.2087,64836.0
2026-03-09 15:45:00,352.1392,352.4868,351.6724,351.7221,92992.0
2026-03-09 15:50:00,351.7022,351.7022,350.3118,351.0467,130448.0
2026-03-09 15:55:00,351.0666,351.4142,350.709,351.156,282092.0
2026-03-10 09:30:00,350.6296,351.4738,348.6234,349.8201,91124.0
2026-03-10 09:35:00,349.6662,350.8878,349.3186,350.1231,44654.0
2026-03-10 09:40:00,350.1131,351.002,349.3087,349.6662,22917.0
2026-03-10 09:45:00,349.6563,350.0784,349.3186,349.696,23585.0
2026-03-10 09:50:00,349.6885,351.0268,349.5669,350.9176,26735.0
2026-03-10 09:55:00,350.9474,351.7419,350.5402,351.7419,26709.0
2026-03-10 10:00:00,351.7419,352.0697,351.1957,351.7618,51538.0
2026-03-10 10:05:00,351.8313,352.3974,351.4042,351.5929,31939.0
2026-03-10 10:10:00,351.5781,351.7419,351.0864,351.3149,26431.0
2026-03-10 10:15:00,351.2453,352.1889,350.9176,352.0796,15626.0
2026-03-10 10:20:00,352.0796,353.2714,352.0001,352.9039,26887.0
2026-03-10 10:25:00,352.9685,353.5694,352.8145,353.5694,15942.0
2026-03-10 10:30:00,353.5992,354.9896,353.5147,354.9002,33665.0
2026-03-10 10:35:00,354.8307,354.9399,354.3242,354.6817,36394.0
2026-03-10 10:40:00,354.6916,355.8537,354.6916,355.8437,24691.0
2026-03-10 10:45:00,355.8735,356.2162,355.4266,355.6947,22541.0
2026-03-10 10:50:00,355.7742,356.3691,355.6452,356.102,36201.0
2026-03-10 10:55:00,356.0225,356.4098,355.8537,355.9232,45283.0
2026-03-10 11:00:00,355.8884,356.1417,355.5557,355.5557,33881.0
2026-03-10 11:05:00,355.5358,355.5358,354.9897,355.4663,23741.0
2026-03-10 11:10:00,355.2634,355.4167,354.8506,355.0194,16449.0
2026-03-10 11:15:00,354.9635,355.8734,354.8605,355.7543,18006.0
2026-03-10 11:20:00,355.7494,355.8735,355.5307,355.6252,12497.0
2026-03-10 11:25:00,355.6252,356.0722,355.4826,355.9828,38295.0
2026-03-10 11:30:00,355.9232,356.1516,355.2329,355.2329,26282.0
2026-03-10 11:35:00,355.2329,355.8189,355.1905,355.7196,15227.0
2026-03-10 11:40:00,355.7345,356.3998,355.5855,356.2758,41562.0
2026-03-10 11:45:00,356.3701,356.6879,355.943,356.3493,24481.0
2026-03-10 11:50:00,356.4098,356.6979,356.3006,356.6085,26554.0
2026-03-10 11:55:00,356.5936,356.9164,356.4496,356.7848,12656.0
2026-03-10 12:00:00,356.7276,356.8965,355.7804,355.8139,22208.0
2026-03-10 12:05:00,355.7643,355.953,355.2329,355.4663,14527.0
2026-03-10 12:10:00,355.5259,355.7941,355.2479,355.4663,14185.0
2026-03-10 12:15:00,355.6054,356.658,355.3472,356.4893,20274.0
2026-03-10 12:20:00,356.4396,356.5985,356.1516,356.246,15146.0
2026-03-10 12:25:00,356.246,356.529,356.102,356.3552,20976.0
2026-03-10 12:30:00,356.3403,357.0157,356.3403,356.9263,23546.0
2026-03-10 12:35:00,356.8965,356.9858,356.529,356.6681,17487.0
2026-03-10 12:40:00,356.6482,356.817,356.3267,356.678,12232.0
2026-03-10 12:45:00,356.6234,356.7028,356.3502,356.4893,12566.0
2026-03-10 12:50:00,356.4297,357.0554,356.38,357.0157,13581.0
2026-03-10 12:55:00,357.0157,357.3335,356.9164,357.2987,11988.0
2026-03-10 13:00:00,357.254,357.7407,357.0256,357.6116,17146.0
2026-03-10 13:05:00,357.6116,358.0585,357.5619,357.701,18949.0
2026-03-10 13:10:00,357.7308,358.0138,357.691,357.7556,14444.0
2026-03-10 13:15:00,357.7506,358.5352,357.701,358.4409,23299.0
2026-03-10 13:20:00,358.4409,359.0219,358.2964,358.714,22783.0
2026-03-10 13:25:00,358.7041,359.1709,358.6047,359.1411,21692.0
2026-03-10 13:30:00,359.1063,359.1063,358.4359,358.4657,24684.0
2026-03-10 13:35:00,358.4359,358.6643,357.8102,357.8201,43759.0
2026-03-10 13:40:00,357.8847,357.8847,356.9213,357.1249,24954.0
2026-03-10 13:45:00,357.0256,358.5551,357.0157,358.416,25400.0
2026-03-10 13:50:00,358.416,358.6147,358.1578,358.4359,17014.0
2026-03-10 13:55:00,358.3693,358.6296,358.2548,358.3217,17071.0
2026-03-10 14:00:00,358.3217,358.426,357.8797,358.118,31511.0
2026-03-10 14:05:00,357.9493,357.9493,357.0852,357.1398,18947.0
2026-03-10 14:10:00,357.1001,357.7655,355.9331,355.9816,32442.0
2026-03-10 14:15:00,355.8586,356.38,355.1485,355.2627,36200.0
2026-03-10 14:20:00,355.1286,355.8686,354.9002,355.5259,27042.0
2026-03-10 14:25:00,355.4465,356.7483,355.3372,356.385,36065.0
2026-03-10 14:30:00,356.4645,357.2179,356.3403,356.7376,22887.0
2026-03-10 14:35:00,356.827,356.827,355.6699,356.2311,44625.0
2026-03-10 14:40:00,356.2559,356.5687,356.0225,356.3701,24534.0
2026-03-10 14:45:00,356.2807,356.7345,356.1417,356.3502,29405.0
2026-03-10 14:50:00,356.2907,356.678,355.655,355.7841,24326.0
2026-03-10 14:55:00,355.8239,355.9728,355.5458,355.9132,19686.0
2026-03-10 15:00:00,355.9033,356.3751,355.6749,356.2211,17582.0
2026-03-10 15:05:00,356.2807,356.4595,355.8537,356.3403,18212.0
2026-03-10 15:10:00,356.38,356.4992,356.0771,356.4148,26040.0
2026-03-10 15:15:00,356.4694,356.6283,356.1715,356.4694,33303.0
2026-03-10 15:20:00,356.4694,356.529,355.9132,356.1168,26774.0
2026-03-10 15:25:00,356.0821,356.0821,355.5656,355.5656,24615.0
2026-03-10 15:30:00,355.5557,355.8338,355.3372,355.516,38096.0
2026-03-10 15:35:00,355.5259,355.9331,355.4365,355.9132,27488.0
2026-03-10 15:40:00,355.9281,356.4595,355.3173,355.3173,76104.0
2026-03-10 15:45:00,355.3173,355.5954,354.5129,354.6619,105205.0
2026-03-10 15:50:00,354.7115,355.3226,354.5824,354.855,94054.0
2026-03-10 15:55:00,354.8506,355.0194,354.5526,354.7314,197501.0
2026-03-11 09:30:00,353.033,353.8872,351.3149,352.0299,101411.0
2026-03-11 09:35:00,352.0597,353.2388,351.5929,353.1026,24188.0
2026-03-11 09:40:00,352.8547,352.8547,350.56,351.2057,31633.0
2026-03-11 09:45:00,351.146,351.3049,348.8369,349.0107,28506.0
2026-03-11 09:50:00,349.0802,350.3813,349.0008,350.3813,35536.0
2026-03-11 09:55:00,350.292,351.1162,349.9343,350.4905,25600.0
2026-03-11 10:00:00,350.4707,352.5762,350.4707,350.7686,41750.0
2026-03-11 10:05:00,350.863,351.5234,350.7388,351.007,25343.0
2026-03-11 10:10:00,350.8977,351.3744,350.3912,351.2304,27945.0
2026-03-11 10:15:00,351.2165,351.7817,350.9979,351.0864,18919.0
2026-03-11 10:20:00,351.0765,351.1857,349.8946,349.9046,20360.0
2026-03-11 10:25:00,349.8996,350.4111,349.5768,349.984,25861.0
2026-03-11 10:30:00,349.9443,350.4806,349.8102,350.4607,22229.0
2026-03-11 10:35:00,350.5303,351.1262,350.3614,351.0666,26544.0
2026-03-11 10:40:00,351.0219,351.3646,350.4905,351.0467,25865.0
2026-03-11 10:45:00,351.0765,351.444,350.6792,351.3645,26351.0
2026-03-11 10:50:00,351.3645,351.8909,351.2404,351.7668,15250.0
2026-03-11 10:55:00,351.7717,351.7717,351.0169,351.2453,18537.0
2026-03-11 11:00:00,351.0666,351.5135,350.133,350.426,20932.0
2026-03-11 11:05:00,350.479,350.6296,349.8549,350.3118,37954.0
2026-03-11 11:10:00,350.3118,350.6097,348.3155,348.3155,30659.0
2026-03-11 11:15:00,348.2162,348.3254,347.7196,348.0175,28817.0
2026-03-11 11:20:00,347.8586,349.1051,347.7394,349.0306,26930.0
2026-03-11 11:25:00,349.0504,349.2491,348.5042,348.5091,23144.0
2026-03-11 11:30:00,348.5737,348.7791,348.2758,348.2758,17410.0
2026-03-11 11:35:00,348.3403,348.8816,348.2658,348.5439,26601.0
2026-03-11 11:40:00,348.5042,348.6532,348.1566,348.2559,17773.0
2026-03-11 11:45:00,348.2559,348.4247,348.0384,348.2211,18517.0
2026-03-11 11:50:00,348.2261,348.3949,348.0722,348.385,28133.0
2026-03-11 11:55:00,348.4148,348.4148,347.5209,347.6362,59820.0
2026-03-11 12:00:00,347.6004,347.7494,347.2925,347.5805,25590.0
2026-03-11 12:05:00,347.6103,347.6699,347.0244,347.2528,22511.0
2026-03-11 12:10:00,347.2528,347.2826,347.0343,347.2081,19660.0
2026-03-11 12:15:00,347.1336,347.5607,346.8654,346.935,28674.0
2026-03-11 12:20:00,346.9821,347.2726,346.7264,347.0244,22945.0
2026-03-11 12:25:00,347.1137,347.2944,346.7761,347.2456,26637.0
2026-03-11 12:30:00,347.2528,347.9868,347.1506,347.9868,23312.0
2026-03-11 12:35:00,347.9977,348.2857,347.8686,348.2857,19982.0
2026-03-11 12:40:00,348.2658,348.7127,348.2658,348.4593,25929.0
2026-03-11 12:45:00,348.385,348.385,347.6103,347.6898,26930.0
2026-03-11 12:50:00,347.6501,348.2872,347.6103,347.9778,29888.0
2026-03-11 12:55:00,348.0225,348.1069,347.5607,347.7047,30595.0
2026-03-11 13:00:00,347.7047,348.4347,347.7047,348.4347,18687.0
2026-03-11 13:05:00,348.4347,348.7624,348.2658,348.4247,16393.0
2026-03-11 13:10:00,348.3949,349.0554,348.3055,348.8021,22545.0
2026-03-11 13:15:00,348.8369,349.1597,348.7525,348.7972,15923.0
2026-03-11 13:20:00,348.7972,349.2888,348.7972,349.254,10286.0
2026-03-11 13:25:00,349.254,349.3384,349.0504,349.26,16022.0
2026-03-11 13:30:00,349.3087,349.4775,349.0107,349.4179,26341.0
2026-03-11 13:35:00,349.4378,349.4378,348.5141,348.8617,33297.0
2026-03-11 13:40:00,348.8617,349.182,348.4545,348.8419,23663.0
2026-03-11 13:45:00,348.7922,349.2093,348.5638,348.961,29378.0
2026-03-11 13:50:00,348.9809,349.3484,348.9809,349.0753,14923.0
2026-03-11 13:55:00,349.0753,349.1199,348.6234,349.0256,20798.0
2026-03-11 14:00:00,349.0802,349.7655,348.9911,349.3633,22253.0
2026-03-11 14:05:00,349.4129,349.4576,348.4545,348.5091,20738.0
2026-03-11 14:10:00,348.4645,348.6134,348.241,348.5439,14222.0
2026-03-11 14:15:00,348.5439,349.2689,348.5439,349.259,18325.0
2026-03-11 14:20:00,349.2888,349.4477,348.822,348.9511,18426.0
2026-03-11 14:25:00,348.9511,349.4129,348.9015,349.0703,21099.0
2026-03-11 14:30:00,348.9511,349.11,348.7922,349.0107,16104.0
2026-03-11 14:35:00,348.9908,349.0703,348.3949,348.4942,16933.0
2026-03-11 14:40:00,348.4694,348.7127,348.3552,348.534,14602.0
2026-03-11 14:45:00,348.5538,348.6234,348.4148,348.5439,18762.0
2026-03-11 14:50:00,348.5886,349.1001,348.5886,348.9412,21260.0
2026-03-11 14:55:00,349.0008,349.0404,348.7723,348.8617,17345.0
2026-03-11 15:00:00,348.8717,348.961,348.2857,348.4842,20066.0
2026-03-11 15:05:00,348.3751,348.5141,348.1864,348.2758,34791.0
2026-03-11 15:10:00,348.2758,348.524,348.0473,348.1814,23408.0
2026-03-11 15:15:00,348.2261,348.6035,348.0368,348.4198,24401.0
2026-03-11 15:20:00,348.3453,348.3552,347.6004,347.7196,43080.0
2026-03-11 15:25:00,347.7543,347.9381,347.5607,347.8338,40560.0
2026-03-11 15:30:00,347.8388,348.3453,347.6302,348.2162,36234.0
2026-03-11 15:35:00,348.2559,348.2857,347.8785,348.1317,32609.0
2026-03-11 15:40:00,348.1317,348.4645,348.1069,348.3055,34104.0
2026-03-11 15:45:00,348.2857,348.3353,347.7196,348.0275,59701.0
2026-03-11 15:50:00,348.1466,348.9015,348.087,348.5886,82931.0
2026-03-11 15:55:00,348.5638,348.9015,348.3502,348.4446,228538.0
2026-03-12 09:30:00,346.04,347.4,344.85,345.5701,105247.0
2026-03-12 09:35:00,345.795,346.89,345.58,346.57,35663.0
2026-03-12 09:40:00,346.6099,347.1825,345.86,346.66,31076.0
2026-03-12 09:45:00,346.57,347.01,345.63,346.97,56585.0
2026-03-12 09:50:00,347.22,348.67,346.85,348.1,36051.0
2026-03-12 09:55:00,348.1,348.34,346.87,346.9,40250.0
2026-03-12 10:00:00,346.87,347.43,346.67,346.83,66977.0
2026-03-12 10:05:00,346.87,347.1,345.765,346.74,46667.0
2026-03-12 10:10:00,346.61,346.91,345.7001,346.715,49193.0
2026-03-12 10:15:00,346.58,346.7729,345.2801,345.38,49268.0
2026-03-12 10:20:00,345.28,345.295,344.04,344.115,30447.0
2026-03-12 10:25:00,344.17,344.49,343.34,343.35,42184.0
2026-03-12 10:30:00,343.41,343.71,343.14,343.66,42941.0
2026-03-12 10:35:00,343.57,343.61,342.68,342.83,69256.0
2026-03-12 10:40:00,342.94,343.66,342.68,343.37,29201.0
2026-03-12 10:45:00,343.61,344.78,343.3701,344.1275,29759.0
2026-03-12 10:50:00,344.005,344.47,343.85,343.85,23052.0
2026-03-12 10:55:00,343.98,344.48,343.91,344.1941,16351.0
2026-03-12 11:00:00,344.2,344.7899,343.99,344.25,20970.0
2026-03-12 11:05:00,344.25,344.87,344.1,344.52,15502.0
2026-03-12 11:10:00,344.48,344.69,344.01,344.1075,12569.0
2026-03-12 11:15:00,344.125,344.585,343.85,344.1,13702.0
2026-03-12 11:20:00,344.145,344.325,343.4,343.62,23064.0
2026-03-12 11:25:00,343.68,344.0,342.83,343.1,33404.0
2026-03-12 11:30:00,343.05,343.41,342.28,342.435,31789.0
2026-03-12 11:35:00,342.275,343.58,342.12,343.53,35295.0
2026-03-12 11:40:00,343.5425,343.55,342.61,343.145,36567.0
2026-03-12 11:45:00,343.15,343.51,342.84,343.05,24329.0
2026-03-12 11:50:00,343.1076,343.41,342.85,343.2,30098.0
2026-03-12 11:55:00,343.23,343.31,342.68,342.92,39044.0
2026-03-12 12:00:00,342.93,343.515,342.73,342.85,34869.0
2026-03-12 12:05:00,342.91,342.9925,341.37,341.4,40783.0
2026-03-12 12:10:00,341.5,342.5,341.45,342.4299,27833.0
2026-03-12 12:15:00,342.25,343.05,342.25,343.0,25796.0
2026-03-12 12:20:00,343.04,343.55,342.32,342.49,32951.0
2026-03-12 12:25:00,342.49,342.6,341.645,342.03,39530.0
2026-03-12 12:30:00,341.95,342.11,341.47,342.0778,30134.0
2026-03-12 12:35:00,342.0,342.72,342.0,342.555,27458.0
2026-03-12 12:40:00,342.55,342.565,342.0901,342.19,23247.0
2026-03-12 12:45:00,342.11,342.1175,341.0701,341.13,32842.0
2026-03-12 12:50:00,341.1312,341.16,340.58,340.995,38966.0
2026-03-12 12:55:00,340.995,341.16,340.57,340.955,38857.0
2026-03-12 13:00:00,340.86,341.77,340.84,341.75,30257.0
2026-03-12 13:05:00,341.7,342.07,341.29,341.29,25919.0
2026-03-12 13:10:00,341.405,341.91,341.35,341.44,19012.0
2026-03-12 13:15:00,341.44,341.54,341.02,341.08,16929.0
2026-03-12 13:20:00,341.06,341.95,340.92,341.79,30651.0
2026-03-12 13:25:00,341.805,341.96,341.5101,341.7299,25577.0
2026-03-12 13:30:00,341.55,341.9999,341.52,341.66,22724.0
2026-03-12 13:35:00,341.74,342.3775,341.74,342.13,35178.0
2026-03-12 13:40:00,342.27,342.4,341.46,341.52,23053.0
2026-03-12 13:45:00,341.525,341.55,341.13,341.38,23828.0
2026-03-12 13:50:00,341.47,342.0,341.465,341.895,24306.0
2026-03-12 13:55:00,341.83,342.085,341.51,341.7301,31798.0
2026-03-12 14:00:00,341.91,342.4,341.72,342.21,28488.0
2026-03-12 14:05:00,342.3599,342.36,341.945,342.03,29675.0
2026-03-12 14:10:00,341.96,342.29,341.955,342.19,19293.0
2026-03-12 14:15:00,342.155,342.4999,341.58,341.58,26037.0
2026-03-12 14:20:00,341.575,341.575,340.95,341.1,27707.0
2026-03-12 14:25:00,341.08,341.1899,340.69,340.88,20484.0
2026-03-12 14:30:00,340.9647,341.34,340.82,341.05,22244.0
2026-03-12 14:35:00,340.94,341.14,340.77,340.89,23633.0
2026-03-12 14:40:00,340.88,341.16,340.43,341.14,27501.0
2026-03-12 14:45:00,341.11,341.21,340.835,341.14,28018.0
2026-03-12 14:50:00,341.17,341.41,341.11,341.155,21504.0
2026-03-12 14:55:00,341.12,341.19,340.81,340.83,23094.0
2026-03-12 15:00:00,340.82,341.23,340.6,341.15,23854.0
2026-03-12 15:05:00,341.1,341.8,341.09,341.7,25371.0
2026-03-12 15:10:00,341.74,341.92,341.46,341.655,27449.0
2026-03-12 15:15:00,341.64,341.755,340.86,341.65,33987.0
2026-03-12 15:20:00,341.75,341.78,341.01,341.17,48789.0
2026-03-12 15:25:00,341.18,341.35,340.91,341.05,28392.0
2026-03-12 15:30:00,341.095,341.33,341.01,341.05,29204.0
2026-03-12 15:35:00,340.98,341.28,340.92,341.04,32093.0
2026-03-12 15:40:00,340.92,340.98,340.0,340.08,44364.0
2026-03-12 15:45:00,340.03,340.1,339.1,339.29,82262.0
2026-03-12 15:50:00,339.31,339.6708,338.75,339.6708,122540.0
2026-03-12 15:55:00,339.65,339.84,338.7,338.91,243705.0
2026-03-13 09:30:00,341.69,342.95,341.31,342.5,119378.0
2026-03-13 09:35:00,342.57,343.42,342.1073,342.85,32555.0
2026-03-13 09:40:00,342.822,343.36,341.93,342.7,34547.0
2026-03-13 09:45:00,342.7,342.83,341.65,341.94,30429.0
2026-03-13 09:50:00,341.875,341.875,340.55,341.19,25942.0
2026-03-13 09:55:00,341.255,341.79,341.17,341.37,30446.0
2026-03-13 10:00:00,341.54,342.32,341.35,341.955,24250.0
2026-03-13 10:05:00,341.98,342.12,341.42,341.595,24730.0
2026-03-13 10:10:00,341.5,342.1763,340.79,341.46,36558.0
2026-03-13 10:15:00,341.545,341.58,340.55,340.71,27925.0
2026-03-13 10:20:00,340.66,341.05,340.44,340.54,19535.0
2026-03-13 10:25:00,340.63,341.095,340.3201,341.05,26835.0
2026-03-13 10:30:00,341.138,342.145,341.02,341.87,19849.0
2026-03-13 10:35:00,341.74,342.0,341.33,341.38,24143.0
2026-03-13 10:40:00,341.32,341.43,340.8001,340.8001,17301.0
2026-03-13 10:45:00,340.875,341.48,340.61,341.42,21398.0
2026-03-13 10:50:00,341.47,341.819,341.31,341.79,18154.0
2026-03-13 10:55:00,341.77,341.94,341.35,341.73,22580.0
2026-03-13 11:00:00,341.815,341.889,341.22,341.655,34922.0
2026-03-13 11:05:00,341.82,342.37,341.7,342.345,18098.0
2026-03-13 11:10:00,342.42,342.555,342.181,342.19,25662.0
2026-03-13 11:15:00,342.19,342.25,341.3,341.3,29711.0
2026-03-13 11:20:00,341.225,341.44,340.72,340.77,13769.0
2026-03-13 11:25:00,340.83,340.84,340.185,340.23,25092.0
2026-03-13 11:30:00,340.35,340.87,340.27,340.855,15964.0
2026-03-13 11:35:00,340.83,340.99,340.34,340.9651,11182.0
2026-03-13 11:40:00,340.863,341.02,340.39,340.77,26994.0
2026-03-13 11:45:00,340.7101,341.749,340.64,341.09,48412.0
2026-03-13 11:50:00,341.03,341.24,340.5,340.635,14047.0
2026-03-13 11:55:00,340.5101,340.6941,340.18,340.245,15695.0
2026-03-13 12:00:00,340.24,340.81,340.13,340.54,19988.0
2026-03-13 12:05:00,340.58,341.09,340.52,340.75,26717.0
2026-03-13 12:10:00,340.665,340.8705,340.43,340.5179,17701.0
2026-03-13 12:15:00,340.61,340.735,340.08,340.17,9459.0
2026-03-13 12:20:00,340.21,340.6999,340.11,340.315,17419.0
2026-03-13 12:25:00,340.29,340.71,340.04,340.48,21388.0
2026-03-13 12:30:00,340.47,340.555,339.93,339.97,16955.0
2026-03-13 12:35:00,340.04,340.42,339.9,340.02,19261.0
2026-03-13 12:40:00,339.98,340.18,339.555,339.555,15198.0
2026-03-13 12:45:00,339.555,340.22,339.48,340.09,26856.0
2026-03-13 12:50:00,340.13,340.3999,340.05,340.1,23870.0
2026-03-13 12:55:00,340.16,340.525,339.8,340.03,29026.0
2026-03-13 13:00:00,340.02,340.135,339.5,339.61,24588.0
2026-03-13 13:05:00,339.55,339.86,339.275,339.7956,23905.0
2026-03-13 13:10:00,339.85,340.355,339.61,340.21,13312.0
2026-03-13 13:15:00,340.32,340.37,340.02,340.32,21997.0
2026-03-13 13:20:00,340.28,340.4605,340.041,340.44,27226.0
2026-03-13 13:25:00,340.29,340.38,339.5801,340.2,31604.0
2026-03-13 13:30:00,340.27,340.385,339.8301,340.335,11484.0
2026-03-13 13:35:00,340.335,340.555,340.25,340.45,13112.0
2026-03-13 13:40:00,340.45,340.675,340.09,340.42,27362.0
2026-03-13 13:45:00,340.3361,340.505,339.5,339.57,27508.0
2026-03-13 13:50:00,339.51,339.66,339.1002,339.435,15949.0
2026-03-13 13:55:00,339.39,339.51,339.21,339.306,15985.0
2026-03-13 14:00:00,339.29,339.77,339.25,339.7,14674.0
2026-03-13 14:05:00,339.66,340.025,339.5908,340.0,14967.0
2026-03-13 14:10:00,340.015,340.015,339.73,339.87,13036.0
2026-03-13 14:15:00,339.875,339.875,339.42,339.42,12160.0
2026-03-13 14:20:00,339.36,339.36,339.0,339.145,16482.0
2026-03-13 14:25:00,339.155,339.53,339.07,339.48,13274.0
2026-03-13 14:30:00,339.41,340.1092,339.325,339.97,16090.0
2026-03-13 14:35:00,339.93,340.09,339.77,339.81,19605.0
2026-03-13 14:40:00,339.83,339.87,339.39,339.87,16543.0
2026-03-13 14:45:00,339.77,339.96,339.72,339.94,10532.0
2026-03-13 14:50:00,339.85,339.8803,339.55,339.66,15554.0
2026-03-13 14:55:00,339.66,339.66,339.36,339.55,12616.0
2026-03-13 15:00:00,339.51,339.7,339.4653,339.5799,14213.0
2026-03-13 15:05:00,339.5,339.81,339.4,339.79,20059.0
2026-03-13 15:10:00,339.8,340.2399,339.8,339.975,37949.0
2026-03-13 15:15:00,339.95,340.36,339.95,340.04,31022.0
2026-03-13 15:20:00,340.04,340.08,339.48,339.71,43227.0
2026-03-13 15:25:00,339.67,339.73,339.26,339.46,28446.0
2026-03-13 15:30:00,339.44,339.71,339.35,339.63,48892.0
2026-03-13 15:35:00,339.5801,339.82,339.41,339.445,46445.0
2026-03-13 15:40:00,339.47,339.575,338.93,339.03,40793.0
2026-03-13 15:45:00,339.07,339.15,338.51,338.695,44336.0
2026-03-13 15:50:00,338.66,338.81,338.03,338.75,52050.0
2026-03-13 15:55:00,338.73,339.2,338.67,339.08,137895.0
2026-03-16 09:30:00,342.44,343.4999,341.0,341.22,96390.0
2026-03-16 09:35:00,341.31,342.04,340.65,341.97,36039.0
2026-03-16 09:40:00,342.0508,343.2575,341.7,343.19,52100.0
2026-03-16 09:45:00,343.185,344.6535,343.185,343.59,42417.0
2026-03-16 09:50:00,343.45,344.13,343.45,343.74,27182.0
2026-03-16 09:55:00,343.59,345.1099,343.16,344.74,46587.0
2026-03-16 10:00:00,344.675,344.91,344.035,344.74,46294.0
2026-03-16 10:05:00,344.72,345.05,343.93,344.77,38740.0
2026-03-16 10:10:00,344.81,345.24,344.19,344.72,48449.0
2026-03-16 10:15:00,344.715,344.83,344.24,344.24,29551.0
2026-03-16 10:20:00,344.1587,344.89,344.1587,344.61,26642.0
2026-03-16 10:25:00,344.61,344.68,343.93,344.2375,28610.0
2026-03-16 10:30:00,344.31,344.33,343.18,343.18,28331.0
2026-03-16 10:35:00,343.24,343.45,342.65,342.68,20103.0
2026-03-16 10:40:00,342.68,343.1,342.03,342.11,17171.0
2026-03-16 10:45:00,342.22,342.41,341.99,342.15,15562.0
2026-03-16 10:50:00,342.21,343.48,341.99,343.48,18010.0
2026-03-16 10:55:00,343.38,344.06,343.17,344.06,18784.0
2026-03-16 11:00:00,344.1,344.1,343.09,343.1,15410.0
2026-03-16 11:05:00,343.25,343.25,342.6,342.835,16985.0
2026-03-16 11:10:00,342.83,342.83,342.41,342.67,12049.0
2026-03-16 11:15:00,342.58,342.82,342.46,342.79,21324.0
2026-03-16 11:20:00,342.82,343.3186,342.75,343.315,9924.0
2026-03-16 11:25:00,343.27,343.55,343.12,343.49,13048.0
2026-03-16 11:30:00,343.435,343.6793,343.365,343.53,14734.0
2026-03-16 11:35:00,343.56,343.7,343.4,343.63,15364.0
2026-03-16 11:40:00,343.58,343.64,343.09,343.33,20605.0
2026-03-16 11:45:00,343.33,343.43,343.04,343.22,15519.0
2026-03-16 11:50:00,343.195,343.195,342.3162,342.56,13257.0
2026-03-16 11:55:00,342.55,342.69,341.88,341.88,15153.0
2026-03-16 12:00:00,341.83,342.02,341.66,341.745,12929.0
2026-03-16 12:05:00,341.73,342.38,341.71,342.38,23799.0
2026-03-16 12:10:00,342.38,342.81,342.24,342.75,15643.0
2026-03-16 12:15:00,342.67,343.0,342.6,342.875,11550.0
2026-03-16 12:20:00,342.89,342.95,342.17,342.17,22506.0
2026-03-16 12:25:00,342.1602,342.55,341.9,342.353,20769.0
2026-03-16 12:30:00,342.41,342.46,341.855,341.96,15604.0
2026-03-16 12:35:00,341.9804,342.72,341.91,342.705,33794.0
2026-03-16 12:40:00,342.67,342.94,342.57,342.74,13489.0
2026-03-16 12:45:00,342.63,343.02,342.5401,342.99,15553.0
2026-03-16 12:50:00,342.99,343.22,342.93,343.155,11289.0
2026-03-16 12:55:00,343.16,343.16,342.14,342.605,24002.0
2026-03-16 13:00:00,342.54,343.39,342.54,343.3,22778.0
2026-03-16 13:05:00,343.34,343.655,343.08,343.5951,14709.0
2026-03-16 13:10:00,343.59,343.59,343.28,343.28,14911.0
2026-03-16 13:15:00,343.29,343.43,342.81,343.43,27686.0
2026-03-16 13:20:00,343.39,343.7,343.06,343.375,29426.0
2026-03-16 13:25:00,343.33,343.62,343.32,343.56,19783.0
2026-03-16 13:30:00,343.5,343.53,343.15,343.21,14120.0
2026-03-16 13:35:00,343.09,343.42,342.91,343.275,22050.0
2026-03-16 13:40:00,343.2,343.4699,343.0601,343.215,18543.0
2026-03-16 13:45:00,343.22,343.39,342.46,342.495,17645.0
2026-03-16 13:50:00,342.44,342.6,342.16,342.505,17351.0
2026-03-16 13:55:00,342.505,342.86,342.47,342.75,15806.0
2026-03-16 14:00:00,342.7127,343.08,342.525,342.57,28518.0
2026-03-16 14:05:00,342.565,343.065,342.35,342.88,34031.0
2026-03-16 14:10:00,342.89,343.05,342.68,343.02,15263.0
2026-03-16 14:15:00,342.97,343.33,342.79,343.17,19023.0
2026-03-16 14:20:00,343.14,343.37,342.66,343.1411,33148.0
2026-03-16 14:25:00,343.105,343.4,343.105,343.25,20806.0
2026-03-16 14:30:00,343.2172,343.28,342.9824,343.15,14934.0
2026-03-16 14:35:00,343.14,343.28,342.96,343.0801,16026.0
2026-03-16 14:40:00,343.135,343.31,343.03,343.175,15120.0
2026-03-16 14:45:00,343.195,343.33,343.04,343.19,14405.0
2026-03-16 14:50:00,343.18,343.38,343.09,343.28,15340.0
2026-03-16 14:55:00,343.32,343.71,343.295,343.525,49708.0
2026-03-16 15:00:00,343.59,343.66,343.3301,343.455,12920.0
2026-03-16 15:05:00,343.4525,343.53,343.17,343.38,24982.0
2026-03-16 15:10:00,343.4,343.75,343.0,343.17,23222.0
2026-03-16 15:15:00,343.09,343.36,342.91,342.91,19728.0
2026-03-16 15:20:00,342.885,343.33,342.85,342.865,25252.0
2026-03-16 15:25:00,342.83,342.88,342.43,342.75,29348.0
2026-03-16 15:30:00,342.76,342.83,342.3,342.595,36553.0
2026-03-16 15:35:00,342.595,342.79,342.52,342.57,31750.0
2026-03-16 15:40:00,342.58,342.591,342.3401,342.51,40320.0
2026-03-16 15:45:00,342.5,342.95,342.435,342.95,39661.0
2026-03-16 15:50:00,342.9,343.46,342.7,342.79,73341.0
2026-03-16 15:55:00,342.8,342.96,342.31,342.52,215392.0
2026-03-17 09:30:00,344.89,346.78,344.49,345.44,83365.0
2026-03-17 09:35:00,345.48,345.79,344.41,345.0142,21701.0
2026-03-17 09:40:00,344.78,344.915,343.09,343.21,34295.0
2026-03-17 09:45:00,343.245,344.31,343.06,343.47,30923.0
2026-03-17 09:50:00,343.3776,343.8299,342.99,343.375,39600.0
2026-03-17 09:55:00,343.64,343.81,343.0,343.26,24523.0
2026-03-17 10:00:00,343.04,343.42,342.2,342.87,27997.0
2026-03-17 10:05:00,342.825,343.79,342.825,343.51,21214.0
2026-03-17 10:10:00,343.34,343.43,342.63,342.63,22502.0
2026-03-17 10:15:00,342.55,342.68,342.01,342.48,28607.0
2026-03-17 10:20:00,342.48,342.98,342.15,342.15,22151.0
2026-03-17 10:25:00,342.16,342.6,341.68,342.41,28717.0
2026-03-17 10:30:00,342.46,343.0,342.43,343.0,17457.0
2026-03-17 10:35:00,342.93,343.17,342.77,343.09,20541.0
2026-03-17 10:40:00,343.17,344.0,343.01,344.0,18485.0
2026-03-17 10:45:00,343.965,344.57,343.8801,344.1,41373.0
2026-03-17 10:50:00,344.1659,344.56,344.03,344.405,10222.0
2026-03-17 10:55:00,344.405,344.61,344.3,344.49,10327.0
2026-03-17 11:00:00,344.49,344.68,344.27,344.355,14362.0
2026-03-17 11:05:00,344.27,344.46,344.17,344.37,10238.0
2026-03-17 11:10:00,344.32,344.72,344.32,344.4618,14904.0
2026-03-17 11:15:00,344.55,344.98,344.35,344.86,17752.0
2026-03-17 11:20:00,344.85,344.86,344.2252,344.2252,9639.0
2026-03-17 11:25:00,344.44,344.76,343.651,343.82,33320.0
2026-03-17 11:30:00,343.845,343.8875,342.9325,342.965,14510.0
2026-03-17 11:35:00,342.95,343.19,342.79,343.13,12412.0
2026-03-17 11:40:00,342.98,343.23,342.87,343.23,12591.0
2026-03-17 11:45:00,343.23,343.44,343.0107,343.05,19801.0
2026-03-17 11:50:00,343.01,343.32,342.96,343.1775,8837.0
2026-03-17 11:55:00,343.08,343.26,342.7,342.7,11371.0
2026-03-17 12:00:00,342.765,342.83,342.31,342.635,13758.0
2026-03-17 12:05:00,342.71,342.85,342.31,342.56,14988.0
2026-03-17 12:10:00,342.59,342.6999,342.2101,342.35,13081.0
2026-03-17 12:15:00,342.47,342.8,342.33,342.71,16343.0
2026-03-17 12:20:00,342.63,342.91,342.5,342.855,9650.0
2026-03-17 12:25:00,342.855,342.855,342.3,342.78,10248.0
2026-03-17 12:30:00,342.62,342.73,342.26,342.52,15096.0
2026-03-17 12:35:00,342.555,342.91,342.46,342.5,18390.0
2026-03-17 12:40:00,342.51,342.86,342.41,342.86,10280.0
2026-03-17 12:45:00,342.865,343.1994,342.68,342.6918,11782.0
2026-03-17 12:50:00,342.81,342.82,342.42,342.515,12293.0
2026-03-17 12:55:00,342.41,342.54,342.0501,342.14,9152.0
2026-03-17 13:00:00,342.11,342.84,342.06,342.84,10449.0
2026-03-17 13:05:00,342.72,343.07,342.63,342.925,10558.0
2026-03-17 13:10:00,342.9537,343.2499,342.85,343.18,16385.0
2026-03-17 13:15:00,343.11,343.2,342.631,342.85,19335.0
2026-03-17 13:20:00,342.855,342.855,342.45,342.52,12285.0
2026-03-17 13:25:00,342.48,342.5,341.56,341.755,45569.0
2026-03-17 13:30:00,341.73,341.73,341.46,341.56,21008.0
2026-03-17 13:35:00,341.54,341.67,341.255,341.67,24594.0
2026-03-17 13:40:00,341.56,341.87,341.35,341.49,14212.0
2026-03-17 13:45:00,341.52,341.53,341.28,341.45,8492.0
2026-03-17 13:50:00,341.45,341.73,341.1001,341.42,27678.0
2026-03-17 13:55:00,341.475,341.4976,341.17,341.42,15945.0
2026-03-17 14:00:00,341.48,341.79,341.3801,341.69,13354.0
2026-03-17 14:05:00,341.67,341.91,341.5,341.9,8720.0
2026-03-17 14:10:00,341.93,341.976,341.76,341.77,12817.0
2026-03-17 14:15:00,341.74,341.825,341.23,341.47,19431.0
2026-03-17 14:20:00,341.43,341.55,341.1,341.165,16709.0
2026-03-17 14:25:00,341.165,341.37,341.02,341.14,17312.0
2026-03-17 14:30:00,341.13,341.53,341.02,341.48,22590.0
2026-03-17 14:35:00,341.49,341.53,340.939,341.05,48789.0
2026-03-17 14:40:00,341.075,342.07,341.075,342.07,17906.0
2026-03-17 14:45:00,342.12,342.52,342.07,342.505,12872.0
2026-03-17 14:50:00,342.505,342.505,342.0519,342.4199,39135.0
2026-03-17 14:55:00,342.33,342.33,342.0256,342.15,11991.0
2026-03-17 15:00:00,342.095,342.1,341.78,341.9,17001.0
2026-03-17 15:05:00,341.895,342.39,341.8315,342.39,16464.0
2026-03-17 15:10:00,342.39,342.51,342.17,342.35,14245.0
2026-03-17 15:15:00,342.355,342.48,342.22,342.38,17323.0
2026-03-17 15:20:00,342.38,342.4799,342.1,342.18,19603.0
2026-03-17 15:25:00,342.18,342.445,342.025,342.42,19654.0
2026-03-17 15:30:00,342.43,342.5,342.06,342.275,62700.0
2026-03-17 15:35:00,342.36,342.385,341.7001,341.7001,37220.0
2026-03-17 15:40:00,341.73,342.02,341.63,341.7226,34694.0
2026-03-17 15:45:00,341.82,342.36,341.705,342.36,66114.0
2026-03-17 15:50:00,342.39,342.52,341.675,341.81,75757.0
2026-03-17 15:55:00,341.86,341.89,340.97,341.66,313829.0
2026-03-18 09:30:00,338.6,339.8,337.35,338.81,81199.0
2026-03-18 09:35:00,338.81,338.96,338.1,338.395,44719.0
2026-03-18 09:40:00,338.4334,338.6499,337.74,337.845,40652.0
2026-03-18 09:45:00,337.89,338.55,337.56,338.31,25631.0
2026-03-18 09:50:00,338.39,338.555,337.1,337.11,24768.0
2026-03-18 09:55:00,337.215,337.5764,337.01,337.46,18134.0
2026-03-18 10:00:00,337.445,337.88,336.68,336.68,41352.0
2026-03-18 10:05:00,336.68,336.83,335.9,335.9,34608.0
2026-03-18 10:10:00,335.995,336.08,333.9,333.9,78085.0
2026-03-18 10:15:00,334.0,334.29,333.7846,333.9501,50044.0
2026-03-18 10:20:00,334.09,334.4999,333.8801,334.335,24230.0
2026-03-18 10:25:00,334.26,334.4,333.9,334.29,25066.0
2026-03-18 10:30:00,334.245,334.715,334.04,334.12,27334.0
2026-03-18 10:35:00,334.3081,334.5956,333.91,334.12,28663.0
2026-03-18 10:40:00,334.135,334.41,333.86,334.345,24419.0
2026-03-18 10:45:00,334.46,335.06,334.3,334.44,17957.0
2026-03-18 10:50:00,334.47,334.9401,334.44,334.72,17687.0
2026-03-18 10:55:00,334.77,335.63,334.73,335.58,30250.0
2026-03-18 11:00:00,335.59,335.92,335.51,335.75,29258.0
2026-03-18 11:05:00,335.84,336.23,335.7601,336.23,19387.0
2026-03-18 11:10:00,336.18,336.3199,335.65,335.965,40809.0
2026-03-18 11:15:00,335.965,336.25,335.835,336.02,18079.0
2026-03-18 11:20:00,336.025,336.0319,335.53,335.84,20250.0
2026-03-18 11:25:00,335.81,335.83,335.345,335.35,18643.0
2026-03-18 11:30:00,335.39,336.0632,335.35,335.99,23003.0
2026-03-18 11:35:00,335.92,336.0801,335.57,335.87,31721.0
2026-03-18 11:40:00,335.83,335.8301,335.4705,335.7536,17033.0
2026-03-18 11:45:00,335.74,335.9399,335.53,335.89,19924.0
2026-03-18 11:50:00,335.93,336.02,335.68,335.88,16619.0
2026-03-18 11:55:00,335.895,335.9,335.37,335.44,17491.0
2026-03-18 12:00:00,335.52,335.52,334.81,335.09,41270.0
2026-03-18 12:05:00,334.99,335.21,334.97,335.05,11926.0
2026-03-18 12:10:00,335.09,335.435,335.01,335.245,20923.0
2026-03-18 12:15:00,335.33,335.74,334.8201,334.93,18770.0
2026-03-18 12:20:00,335.14,335.355,335.0,335.11,37815.0
2026-03-18 12:25:00,335.11,335.15,334.78,335.02,15793.0
2026-03-18 12:30:00,335.0503,335.26,334.76,334.93,24574.0
2026-03-18 12:35:00,334.87,335.04,334.56,334.69,19427.0
2026-03-18 12:40:00,334.7,334.96,334.36,334.77,23224.0
2026-03-18 12:45:00,334.785,335.03,334.68,334.785,17305.0
2026-03-18 12:50:00,334.75,335.08,334.6764,335.0,12145.0
2026-03-18 12:55:00,335.035,335.28,334.91,335.045,15824.0
2026-03-18 13:00:00,335.08,335.125,334.65,334.76,18388.0
2026-03-18 13:05:00,334.81,334.9863,334.66,334.76,24401.0
2026-03-18 13:10:00,334.7,334.775,334.1,334.49,24749.0
2026-03-18 13:15:00,334.34,334.6799,334.34,334.519,18621.0
2026-03-18 13:20:00,334.51,334.8389,334.5,334.78,18264.0
2026-03-18 13:25:00,334.765,334.925,334.4601,334.73,17707.0
2026-03-18 13:30:00,334.71,334.945,334.3,334.91,14617.0
2026-03-18 13:35:00,334.92,335.1,334.87,334.91,12508.0
2026-03-18 13:40:00,335.0151,335.135,334.17,334.375,21901.0
2026-03-18 13:45:00,334.32,334.6875,334.31,334.31,17760.0
2026-03-18 13:50:00,334.31,334.6399,334.14,334.6399,15876.0
2026-03-18 13:55:00,334.53,334.78,334.32,334.63,23373.0
2026-03-18 14:00:00,334.74,334.92,334.16,334.27,38963.0
2026-03-18 14:05:00,334.28,334.735,334.2,334.47,23814.0
2026-03-18 14:10:00,334.54,334.67,334.32,334.35,18254.0
2026-03-18 14:15:00,334.34,334.34,333.59,333.66,47185.0
2026-03-18 14:20:00,333.65,333.92,333.65,333.78,18792.0
2026-03-18 14:25:00,333.82,334.07,333.771,334.015,20366.0
2026-03-18 14:30:00,333.97,334.0,332.805,332.84,53005.0
2026-03-18 14:35:00,332.87,333.23,332.5,332.5,32294.0
2026-03-18 14:40:00,332.465,332.7792,332.15,332.61,33906.0
2026-03-18 14:45:00,332.56,332.6451,332.3,332.36,28943.0
2026-03-18 14:50:00,332.3,332.57,332.08,332.19,49810.0
2026-03-18 14:55:00,332.17,332.56,332.08,332.38,32120.0
2026-03-18 15:00:00,332.38,332.515,331.93,332.08,38966.0
2026-03-18 15:05:00,332.02,332.0999,331.7201,331.94,39806.0
2026-03-18 15:10:00,331.99,332.0,331.62,331.87,27285.0
2026-03-18 15:15:00,331.815,331.99,331.38,331.38,39823.0
2026-03-18 15:20:00,331.38,331.5,330.98,331.285,45033.0
2026-03-18 15:25:00,331.245,331.47,331.125,331.155,34659.0
2026-03-18 15:30:00,331.155,331.3,330.77,330.98,59957.0
2026-03-18 15:35:00,331.03,331.03,330.61,330.72,45589.0
2026-03-18 15:40:00,330.765,330.77,330.5,330.715,60397.0
2026-03-18 15:45:00,330.715,330.82,330.16,330.22,80353.0
2026-03-18 15:50:00,330.25,331.11,330.14,331.11,120242.0
2026-03-18 15:55:00,331.02,331.1299,330.43,330.93,264246.0
2026-03-19 09:30:00,328.96,330.23,327.92,328.85,111356.0
2026-03-19 09:35:00,328.93,329.55,328.2,328.77,40369.0
2026-03-19 09:40:00,328.8122,329.87,328.18,329.54,46632.0
2026-03-19 09:45:00,329.37,330.1403,329.36,330.1,31719.0
2026-03-19 09:50:00,329.86,330.22,329.24,329.95,22226.0
2026-03-19 09:55:00,329.975,330.089,329.095,329.56,33896.0
2026-03-19 10:00:00,329.555,330.03,329.1,329.28,29338.0
2026-03-19 10:05:00,329.41,329.66,328.7026,329.33,23386.0
2026-03-19 10:10:00,329.22,329.77,328.9,328.935,33686.0
2026-03-19 10:15:00,328.93,329.17,328.4601,328.72,17243.0
2026-03-19 10:20:00,328.74,328.91,327.73,327.755,32557.0
2026-03-19 10:25:00,327.81,327.9,326.87,326.87,34207.0
2026-03-19 10:30:00,326.9,328.04,326.85,328.04,30530.0
2026-03-19 10:35:00,327.8738,328.46,327.19,327.19,26528.0
2026-03-19 10:40:00,327.31,327.72,327.24,327.47,17215.0
2026-03-19 10:45:00,327.516,327.61,327.13,327.2755,18686.0
2026-03-19 10:50:00,327.365,327.48,326.94,327.17,18975.0
2026-03-19 10:55:00,327.17,327.23,326.8,326.9,24313.0
2026-03-19 11:00:00,326.9,327.2,326.64,327.2,29350.0
2026-03-19 11:05:00,327.24,327.95,327.055,327.46,23564.0
2026-03-19 11:10:00,327.44,327.8099,327.3001,327.75,23139.0
2026-03-19 11:15:00,327.75,328.12,327.64,327.64,20310.0
2026-03-19 11:20:00,327.805,327.84,327.07,327.07,20676.0
2026-03-19 11:25:00,327.05,327.29,326.96,327.28,25370.0
2026-03-19 11:30:00,327.23,327.27,326.76,326.89,18779.0
2026-03-19 11:35:00,326.905,327.0,326.31,326.685,23023.0
2026-03-19 11:40:00,326.74,327.06,326.495,326.495,19320.0
2026-03-19 11:45:00,326.41,326.86,326.29,326.655,17805.0
2026-03-19 11:50:00,326.57,326.57,325.905,326.035,37189.0
2026-03-19 11:55:00,326.09,326.46,325.96,326.32,36130.0
2026-03-19 12:00:00,326.4,326.82,326.1,326.39,42059.0
2026-03-19 12:05:00,326.39,327.145,326.3154,326.89,36206.0
2026-03-19 12:10:00,326.79,327.03,326.42,326.775,37942.0
2026-03-19 12:15:00,326.66,327.06,326.54,326.72,12909.0
2026-03-19 12:20:00,326.775,326.8,326.4,326.62,17892.0
2026-03-19 12:25:00,326.65,326.93,326.57,326.77,24281.0
2026-03-19 12:30:00,326.77,327.04,326.6701,326.99,21056.0
2026-03-19 12:35:00,326.86,326.9,326.38,326.71,21081.0
2026-03-19 12:40:00,326.73,327.235,326.63,326.84,29106.0
2026-03-19 12:45:00,326.9,326.9,326.25,326.3,17992.0
2026-03-19 12:50:00,326.21,326.31,325.47,325.82,43538.0
2026-03-19 12:55:00,325.82,326.28,325.77,326.065,30115.0
2026-03-19 13:00:00,326.0825,326.31,325.975,326.125,150124.0
2026-03-19 13:05:00,326.12,326.37,326.05,326.14,20870.0
2026-03-19 13:10:00,326.16,326.35,325.76,325.9,17474.0
2026-03-19 13:15:00,326.0,326.83,325.81,326.83,19382.0
2026-03-19 13:20:00,326.795,326.96,326.5,326.68,21052.0
2026-03-19 13:25:00,326.66,327.29,326.61,326.955,36849.0
2026-03-19 13:30:00,326.98,327.04,326.555,326.829,24633.0
2026-03-19 13:35:00,326.78,327.0,326.75,326.79,19231.0
2026-03-19 13:40:00,326.715,327.13,326.62,326.7499,41441.0
2026-03-19 13:45:00,326.6775,326.87,326.46,326.61,24651.0
2026-03-19 13:50:00,326.61,327.16,326.61,327.15,26814.0
2026-03-19 13:55:00,327.09,327.168,326.74,326.74,18782.0
2026-03-19 14:00:00,326.735,326.83,326.56,326.7,17220.0
2026-03-19 14:05:00,326.7,327.28,326.6702,327.19,22296.0
2026-03-19 14:10:00,327.195,327.33,326.905,327.1015,39357.0
2026-03-19 14:15:00,327.065,327.07,325.95,326.025,34274.0
2026-03-19 14:20:00,325.985,326.18,325.57,325.61,51054.0
2026-03-19 14:25:00,325.61,325.89,325.455,325.455,30451.0
2026-03-19 14:30:00,325.45,325.57,325.25,325.3,34211.0
2026-03-19 14:35:00,325.3,325.35,324.89,325.05,45421.0
2026-03-19 14:40:00,325.0429,325.13,324.75,324.84,24665.0
2026-03-19 14:45:00,324.795,325.12,324.63,324.74,30865.0
2026-03-19 14:50:00,324.72,325.08,324.66,324.94,21931.0
2026-03-19 14:55:00,324.945,325.87,324.89,325.7252,38960.0
2026-03-19 15:00:00,325.715,327.62,325.68,327.62,60342.0
2026-03-19 15:05:00,327.64,329.04,327.55,328.51,102023.0
2026-03-19 15:10:00,328.395,329.66,328.07,329.47,162948.0
2026-03-19 15:15:00,329.49,329.9086,328.94,329.285,52798.0
2026-03-19 15:20:00,329.3,329.41,328.8,328.8,32206.0
2026-03-19 15:25:00,328.8,328.9,328.28,328.3119,33053.0
2026-03-19 15:30:00,328.405,328.98,328.17,328.49,36034.0
2026-03-19 15:35:00,328.471,328.72,328.25,328.71,33100.0
2026-03-19 15:40:00,328.6825,329.0,328.521,328.9,34242.0
2026-03-19 15:45:00,328.86,328.86,328.24,328.35,56756.0
2026-03-19 15:50:00,328.3,328.57,328.06,328.2,77717.0
2026-03-19 15:55:00,328.24,328.46,328.0,328.271,166131.0
2026-03-20 09:30:00,327.75,330.23,327.12,328.19,1203826.0
2026-03-20 09:35:00,328.06,328.46,326.61,326.805,50189.0
2026-03-20 09:40:00,326.87,328.16,326.34,327.65,56876.0
2026-03-20 09:45:00,327.61,328.04,326.35,326.58,32790.0
2026-03-20 09:50:00,326.57,326.895,326.0,326.735,34173.0
2026-03-20 09:55:00,326.735,327.15,325.8706,325.8723,41308.0
2026-03-20 10:00:00,325.95,326.4628,325.4501,325.78,26362.0
2026-03-20 10:05:00,325.68,325.9064,325.33,325.62,21591.0
2026-03-20 10:10:00,325.58,325.83,325.1,325.419,28300.0
2026-03-20 10:15:00,325.4153,325.835,325.02,325.7,33145.0
2026-03-20 10:20:00,325.54,326.26,325.24,326.11,27624.0
2026-03-20 10:25:00,325.99,326.17,325.39,325.505,12609.0
2026-03-20 10:30:00,325.5,326.035,325.38,325.9,20927.0
2026-03-20 10:35:00,325.95,326.0,324.6201,324.7,29644.0
2026-03-20 10:40:00,324.73,325.11,324.64,324.6519,19671.0
2026-03-20 10:45:00,324.659,325.1399,324.39,324.54,28469.0
2026-03-20 10:50:00,324.4,324.4453,323.06,323.185,261761.0
2026-03-20 10:55:00,323.18,324.32,323.15,323.385,95716.0
2026-03-20 11:00:00,323.385,324.24,323.36,324.21,28870.0
2026-03-20 11:05:00,324.23,324.56,323.61,323.96,22806.0
2026-03-20 11:10:00,323.89,324.3901,323.89,324.07,19231.0
2026-03-20 11:15:00,324.175,324.2358,323.59,323.7801,24772.0
2026-03-20 11:20:00,323.96,324.8,323.42,323.68,33424.0
2026-03-20 11:25:00,323.705,323.9,322.82,322.92,43855.0
2026-03-20 11:30:00,322.92,323.16,322.8,323.15,34574.0
2026-03-20 11:35:00,323.11,323.145,322.68,322.68,27207.0
2026-03-20 11:40:00,322.725,323.16,322.51,323.0677,25099.0
2026-03-20 11:45:00,323.02,323.33,322.82,322.98,20392.0
2026-03-20 11:50:00,323.02,323.205,322.825,323.09,27920.0
2026-03-20 11:55:00,323.13,323.39,322.68,323.11,10997.0
2026-03-20 12:00:00,323.11,323.56,323.04,323.41,22849.0
2026-03-20 12:05:00,323.385,323.385,322.785,322.98,18831.0
2026-03-20 12:10:00,322.97,323.15,322.88,322.99,16573.0
2026-03-20 12:15:00,322.92,323.24,322.665,323.185,32181.0
2026-03-20 12:20:00,323.1,323.18,322.93,323.045,35146.0
2026-03-20 12:25:00,323.0,323.105,322.5501,322.98,35937.0
2026-03-20 12:30:00,322.95,323.0199,322.6,323.0,17798.0
2026-03-20 12:35:00,323.0619,323.4498,322.99,323.18,31694.0
2026-03-20 12:40:00,323.18,324.16,323.18,323.8225,22641.0
2026-03-20 12:45:00,323.82,323.86,322.88,323.13,29501.0
2026-03-20 12:50:00,323.12,323.23,322.55,322.92,21527.0
2026-03-20 12:55:00,322.97,323.3979,322.92,323.16,18633.0
2026-03-20 13:00:00,323.22,323.44,323.11,323.36,14845.0
2026-03-20 13:05:00,323.43,323.43,322.305,322.71,42995.0
2026-03-20 13:10:00,322.8,322.94,322.375,322.385,23951.0
2026-03-20 13:15:00,322.465,322.95,322.4001,322.71,19896.0
2026-03-20 13:20:00,322.71,323.3231,322.71,323.03,15708.0
2026-03-20 13:25:00,323.1981,323.27,322.91,323.05,34415.0
2026-03-20 13:30:00,323.03,323.1754,322.65,322.65,29477.0
2026-03-20 13:35:00,322.68,323.14,322.51,323.03,39624.0
2026-03-20 13:40:00,323.01,323.22,322.47,322.805,52425.0
2026-03-20 13:45:00,322.89,322.9499,322.17,322.17,31140.0
2026-03-20 13:50:00,322.13,322.38,321.82,322.17,55618.0
2026-03-20 13:55:00,322.17,322.35,321.54,321.9019,53312.0
2026-03-20 14:00:00,321.865,322.11,321.315,321.38,36576.0
2026-03-20 14:05:00,321.38,321.809,321.35,321.48,57522.0
2026-03-20 14:10:00,321.5,321.7,321.43,321.67,27307.0
2026-03-20 14:15:00,321.75,321.89,320.79,320.85,67890.0
2026-03-20 14:20:00,320.89,321.23,320.355,320.63,45141.0
2026-03-20 14:25:00,320.67,321.05,320.475,320.57,33801.0
2026-03-20 14:30:00,320.65,320.72,320.4,320.61,23749.0
2026-03-20 14:35:00,320.565,320.96,320.29,320.745,30773.0
2026-03-20 14:40:00,320.63,321.245,320.455,321.065,45591.0
2026-03-20 14:45:00,321.03,321.0492,320.46,320.665,22632.0
2026-03-20 14:50:00,320.695,321.1,320.64,320.805,25183.0
2026-03-20 14:55:00,320.85,320.89,320.42,320.63,18683.0
2026-03-20 15:00:00,320.63,320.9562,320.28,320.43,26331.0
2026-03-20 15:05:00,320.5,320.765,320.36,320.765,38882.0
2026-03-20 15:10:00,320.7,321.1531,320.6,320.88,42915.0
2026-03-20 15:15:00,320.85,320.989,320.65,320.84,31492.0
2026-03-20 15:20:00,320.85,320.899,320.6,320.68,27405.0
2026-03-20 15:25:00,320.62,321.31,320.5004,320.8501,57080.0
2026-03-20 15:30:00,321.17,321.425,320.92,321.03,45223.0
2026-03-20 15:35:00,321.035,321.12,320.2645,320.565,97437.0
2026-03-20 15:40:00,320.565,321.64,320.565,321.58,74904.0
2026-03-20 15:45:00,321.58,321.76,320.72,320.78,105686.0
2026-03-20 15:50:00,320.79,322.32,320.425,322.22,160921.0
2026-03-20 15:55:00,322.27,322.27,320.74,320.91,528309.0
2026-03-23 09:30:00,331.99,333.14,328.2106,329.41,255046.0
2026-03-23 09:35:00,329.105,331.84,328.95,331.665,115922.0
2026-03-23 09:40:00,331.69,333.62,331.515,333.04,207273.0
2026-03-23 09:45:00,332.88,333.29,331.15,333.27,211941.0
2026-03-23 09:50:00,333.16,333.95,332.59,332.84,83193.0
2026-03-23 09:55:00,332.59,332.59,331.54,332.17,77651.0
2026-03-23 10:00:00,332.24,332.88,331.45,331.96,83457.0
2026-03-23 10:05:00,331.93,333.0,331.38,332.435,68337.0
2026-03-23 10:10:00,332.42,332.515,331.43,332.055,54038.0
2026-03-23 10:15:00,332.055,332.44,331.36,332.2099,43742.0
2026-03-23 10:20:00,332.07,332.93,331.91,332.715,38182.0
2026-03-23 10:25:00,332.56,332.77,332.07,332.265,43776.0
2026-03-23 10:30:00,332.28,332.51,331.595,331.98,49664.0
2026-03-23 10:35:00,332.01,332.01,331.18,331.455,27442.0
2026-03-23 10:40:00,331.38,331.95,331.38,331.83,30030.0
2026-03-23 10:45:00,331.8,333.14,331.74,332.76,48124.0
2026-03-23 10:50:00,332.76,333.48,332.68,333.14,31489.0
2026-03-23 10:55:00,333.07,333.07,332.255,332.63,41511.0
2026-03-23 11:00:00,332.66,334.5,332.6301,334.5,55383.0
2026-03-23 11:05:00,334.41,334.5,333.8602,334.12,35394.0
2026-03-23 11:10:00,334.2,334.59,334.04,334.36,26415.0
2026-03-23 11:15:00,334.54,334.5935,333.9265,334.265,27978.0
2026-03-23 11:20:00,334.255,334.72,333.74,334.66,29648.0
2026-03-23 11:25:00,334.59,334.66,333.77,333.88,27253.0
2026-03-23 11:30:00,333.94,334.2,333.57,334.02,40553.0
2026-03-23 11:35:00,334.01,334.01,333.33,333.34,65487.0
2026-03-23 11:40:00,333.32,333.7,332.76,333.69,35347.0
2026-03-23 11:45:00,333.68,333.8,333.3,333.475,23889.0
2026-03-23 11:50:00,333.475,333.57,332.525,332.66,57101.0
2026-03-23 11:55:00,332.71,332.81,332.09,332.175,44875.0
2026-03-23 12:00:00,332.15,332.76,332.08,332.47,32758.0
2026-03-23 12:05:00,332.39,332.8,332.145,332.37,41842.0
2026-03-23 12:10:00,332.27,332.53,331.98,332.18,45934.0
2026-03-23 12:15:00,332.21,332.26,331.74,331.75,40912.0
2026-03-23 12:20:00,331.785,331.83,331.07,331.295,53640.0
2026-03-23 12:25:00,331.22,331.42,330.68,330.945,34561.0
2026-03-23 12:30:00,330.88,331.85,330.86,331.5,22282.0
2026-03-23 12:35:00,331.6,331.69,331.13,331.13,21872.0
2026-03-23 12:40:00,331.22,331.83,331.19,331.78,36488.0
2026-03-23 12:45:00,331.51,332.03,331.39,331.675,24566.0
2026-03-23 12:50:00,331.56,331.83,331.34,331.42,23448.0
2026-03-23 12:55:00,331.5,331.62,330.88,331.24,21730.0
2026-03-23 13:00:00,331.34,331.53,331.03,331.055,19622.0
2026-03-23 13:05:00,331.1,331.87,330.965,331.81,21065.0
2026-03-23 13:10:00,331.76,331.96,331.26,331.26,19476.0
2026-03-23 13:15:00,331.18,331.19,330.585,330.78,25188.0
2026-03-23 13:20:00,330.79,331.04,330.6,330.93,17951.0
2026-03-23 13:25:00,330.93,331.54,330.85,331.45,20601.0
2026-03-23 13:30:00,331.368,331.95,331.2601,331.8,38324.0
2026-03-23 13:35:00,331.89,332.43,331.79,332.26,35260.0
2026-03-23 13:40:00,332.245,332.245,331.15,331.16,24062.0
2026-03-23 13:45:00,331.16,331.44,330.95,331.39,26959.0
2026-03-23 13:50:00,331.345,332.09,331.34,331.91,34206.0
2026-03-23 13:55:00,331.96,332.17,331.83,332.045,32184.0
2026-03-23 14:00:00,332.055,332.17,331.81,332.1,24522.0
2026-03-23 14:05:00,332.115,332.16,331.38,331.94,39101.0
2026-03-23 14:10:00,332.0,332.48,331.9701,332.16,28318.0
2026-03-23 14:15:00,332.18,332.56,331.9401,332.55,29152.0
2026-03-23 14:20:00,332.525,332.81,332.525,332.605,25244.0
2026-03-23 14:25:00,332.605,332.78,332.47,332.605,23185.0
2026-03-23 14:30:00,332.66,333.33,332.66,333.165,31075.0
2026-03-23 14:35:00,333.22,333.82,333.1551,333.38,40072.0
2026-03-23 14:40:00,333.41,333.7,333.28,333.345,324608.0
2026-03-23 14:45:00,333.27,333.6,333.25,333.48,25807.0
2026-03-23 14:50:00,333.48,333.56,333.11,333.49,33265.0
2026-03-23 14:55:00,333.49,333.58,333.066,333.285,22199.0
2026-03-23 15:00:00,333.285,333.385,332.7,333.07,44208.0
2026-03-23 15:05:00,333.07,333.29,332.89,333.26,47729.0
2026-03-23 15:10:00,333.28,333.435,333.09,333.13,41416.0
2026-03-23 15:15:00,333.12,333.32,332.7,332.8,58695.0
2026-03-23 15:20:00,332.879,332.88,332.5101,332.76,63754.0
2026-03-23 15:25:00,332.78,332.98,332.68,332.92,49501.0
2026-03-23 15:30:00,332.93,333.03,332.47,332.645,58352.0
2026-03-23 15:35:00,332.68,332.84,332.4016,332.811,58588.0
2026-03-23 15:40:00,332.82,332.919,332.49,332.549,55118.0
2026-03-23 15:45:00,332.525,332.875,332.13,332.2701,83699.0
2026-03-23 15:50:00,332.27,332.28,330.86,331.265,196773.0
2026-03-23 15:55:00,331.265,331.275,330.61,330.89,305265.0
2026-03-24 09:30:00,325.9,327.305,324.51,324.645,132923.0
2026-03-24 09:35:00,324.65,325.22,323.15,323.4875,63195.0
2026-03-24 09:40:00,323.495,324.5186,323.02,324.1,46707.0
2026-03-24 09:45:00,324.01,324.528,323.6126,323.745,41383.0
2026-03-24 09:50:00,323.64,324.87,323.6,324.58,42307.0
2026-03-24 09:55:00,324.615,325.537,324.615,325.45,32920.0
2026-03-24 10:00:00,325.45,326.142,325.285,326.035,64570.0
2026-03-24 10:05:00,326.035,326.695,325.5,326.215,64880.0
2026-03-24 10:10:00,326.2,327.08,326.0,327.02,45017.0
2026-03-24 10:15:00,326.96,327.21,326.41,327.11,34579.0
2026-03-24 10:20:00,327.08,327.92,327.01,327.805,28045.0
2026-03-24 10:25:00,327.805,328.58,327.58,327.8772,37157.0
2026-03-24 10:30:00,327.77,328.02,327.61,327.82,35472.0
2026-03-24 10:35:00,327.88,327.97,327.12,327.9,29346.0
2026-03-24 10:40:00,327.78,328.18,327.52,328.18,52622.0
2026-03-24 10:45:00,328.18,328.45,327.6,327.61,32863.0
2026-03-24 10:50:00,327.72,329.41,327.195,328.6,76874.0
2026-03-24 10:55:00,328.46,329.53,328.22,329.12,49954.0
2026-03-24 11:00:00,329.12,329.975,329.0601,329.24,31851.0
2026-03-24 11:05:00,329.23,329.45,328.9785,329.245,22906.0
2026-03-24 11:10:00,329.3579,329.49,329.0401,329.48,19721.0
2026-03-24 11:15:00,329.44,330.05,329.2573,329.94,39426.0
2026-03-24 11:20:00,329.9,330.59,329.84,330.58,31439.0
2026-03-24 11:25:00,330.5,330.74,330.22,330.52,56488.0
2026-03-24 11:30:00,330.535,330.77,330.15,330.31,54815.0
2026-03-24 11:35:00,330.32,330.74,330.2,330.665,17112.0
2026-03-24 11:40:00,330.63,330.7132,330.0,330.27,18941.0
2026-03-24 11:45:00,330.3038,330.5,330.07,330.455,26240.0
2026-03-24 11:50:00,330.45,330.61,329.9666,330.095,24959.0
2026-03-24 11:55:00,330.09,330.1498,329.35,329.365,44761.0
2026-03-24 12:00:00,329.35,329.98,329.135,329.97,50106.0
2026-03-24 12:05:00,329.97,330.47,329.82,330.39,43005.0
2026-03-24 12:10:00,330.4487,330.82,330.345,330.72,33218.0
2026-03-24 12:15:00,330.77,331.03,330.34,330.745,94673.0
2026-03-24 12:20:00,330.74,331.0328,330.5255,330.79,24091.0
2026-03-24 12:25:00,330.795,330.93,330.55,330.74,21904.0
2026-03-24 12:30:00,330.82,330.9,330.49,330.885,32302.0
2026-03-24 12:35:00,330.885,330.99,330.18,330.36,21413.0
2026-03-24 12:40:00,330.36,331.24,330.25,331.085,51882.0
2026-03-24 12:45:00,331.085,331.7,331.085,331.265,31880.0
2026-03-24 12:50:00,331.31,331.62,331.14,331.5,21275.0
2026-03-24 12:55:00,331.54,331.965,331.28,331.735,39045.0
2026-03-24 13:00:00,331.745,331.82,331.16,331.35,48991.0
2026-03-24 13:05:00,331.22,331.73,331.09,331.6275,58840.0
2026-03-24 13:10:00,331.53,331.85,331.18,331.6,51779.0
2026-03-24 13:15:00,331.67,332.25,331.6,332.165,25931.0
2026-03-24 13:20:00,332.165,332.5215,331.79,331.79,39754.0
2026-03-24 13:25:00,331.84,331.84,331.2801,331.36,24674.0
2026-03-24 13:30:00,331.35,331.68,331.3,331.375,24385.0
2026-03-24 13:35:00,331.375,331.88,331.225,331.71,21684.0
2026-03-24 13:40:00,331.71,331.84,331.17,331.265,19460.0
2026-03-24 13:45:00,331.26,331.34,331.03,331.175,24301.0
2026-03-24 13:50:00,331.17,331.59,330.915,331.285,47384.0
2026-03-24 13:55:00,331.27,332.05,331.27,331.5127,37295.0
2026-03-24 14:00:00,331.6401,331.85,331.31,331.475,34226.0
2026-03-24 14:05:00,331.34,331.54,330.9,331.04,102984.0
2026-03-24 14:10:00,330.915,330.99,330.47,330.64,77250.0
2026-03-24 14:15:00,330.72,331.335,330.4101,331.185,60184.0
2026-03-24 14:20:00,331.185,331.425,331.1005,331.235,25971.0
2026-03-24 14:25:00,331.22,331.5499,331.12,331.28,27396.0
2026-03-24 14:30:00,331.28,331.59,331.0201,331.28,20334.0
2026-03-24 14:35:00,331.27,332.21,331.2,332.13,24922.0
2026-03-24 14:40:00,332.175,332.2277,331.32,331.53,37278.0
2026-03-24 14:45:00,331.53,331.73,331.3801,331.46,30075.0
2026-03-24 14:50:00,331.53,331.715,331.31,331.395,36666.0
2026-03-24 14:55:00,331.395,331.43,331.05,331.255,29949.0
2026-03-24 15:00:00,331.255,331.48,331.14,331.14,30417.0
2026-03-24 15:05:00,331.08,331.355,330.855,331.29,65407.0
2026-03-24 15:10:00,331.29,331.6591,331.27,331.55,36470.0
2026-03-24 15:15:00,331.48,331.51,330.985,331.36,46870.0
2026-03-24 15:20:00,331.36,331.4699,330.87,331.12,53966.0
2026-03-24 15:25:00,331.175,331.55,330.985,331.5,54678.0
2026-03-24 15:30:00,331.48,331.66,331.31,331.365,63462.0
2026-03-24 15:35:00,331.365,331.365,331.0101,331.21,85315.0
2026-03-24 15:40:00,331.21,331.26,330.27,330.91,94468.0
2026-03-24 15:45:00,330.9,331.18,330.65,330.65,67675.0
2026-03-24 15:50:00,330.7,330.96,330.08,330.48,122623.0
2026-03-24 15:55:00,330.52,331.11,330.35,330.92,233141.0
2026-03-25 09:30:00,335.0,337.185,334.48,334.6424,99474.0
2026-03-25 09:35:00,334.95,335.185,333.32,333.51,50327.0
2026-03-25 09:40:00,333.515,334.2379,331.43,331.465,47815.0
2026-03-25 09:45:00,331.61,332.4699,331.22,331.32,58530.0
2026-03-25 09:50:00,331.33,331.59,329.72,329.89,35669.0
2026-03-25 09:55:00,329.8,329.8,328.31,328.885,56605.0
2026-03-25 10:00:00,328.94,330.11,328.85,329.15,57570.0
2026-03-25 10:05:00,329.07,329.135,326.99,327.575,65645.0
2026-03-25 10:10:00,327.5625,328.895,327.4,328.865,48260.0
2026-03-25 10:15:00,328.77,329.4399,328.593,328.6,45462.0
2026-03-25 10:20:00,328.66,329.35,327.99,328.16,38766.0
2026-03-25 10:25:00,328.16,329.02,328.09,328.945,34545.0
2026-03-25 10:30:00,329.03,330.4,328.95,330.36,35138.0
2026-03-25 10:35:00,330.34,330.34,329.6301,329.815,30265.0
2026-03-25 10:40:00,329.75,330.3,329.53,329.9301,28560.0
2026-03-25 10:45:00,330.01,330.3,329.445,330.09,29333.0
2026-03-25 10:50:00,330.09,330.95,329.12,330.69,43438.0
2026-03-25 10:55:00,330.74,331.0,330.51,330.53,42824.0
2026-03-25 11:00:00,330.605,331.25,330.47,331.19,28077.0
2026-03-25 11:05:00,331.22,331.725,331.14,331.32,31055.0
2026-03-25 11:10:00,331.33,331.72,331.17,331.17,36218.0
2026-03-25 11:15:00,331.13,331.32,329.48,330.15,61815.0
2026-03-25 11:20:00,330.165,331.21,330.06,331.11,53639.0
2026-03-25 11:25:00,331.24,332.11,331.2,332.0,21454.0
2026-03-25 11:30:00,332.155,332.24,331.8,332.05,34781.0
2026-03-25 11:35:00,332.065,332.27,331.72,331.89,28517.0
2026-03-25 11:40:00,331.945,331.945,331.49,331.71,21297.0
2026-03-25 11:45:00,331.765,331.94,331.53,331.8,39748.0
2026-03-25 11:50:00,331.88,332.0,331.43,331.84,39163.0
2026-03-25 11:55:00,331.84,332.18,331.47,332.08,49424.0
2026-03-25 12:00:00,331.9633,332.2,331.82,332.17,18871.0
2026-03-25 12:05:00,332.2,332.39,331.83,332.145,23402.0
2026-03-25 12:10:00,332.16,332.16,331.57,331.785,25540.0
2026-03-25 12:15:00,331.84,331.85,330.75,330.93,41067.0
2026-03-25 12:20:00,330.98,331.59,330.94,331.59,18325.0
2026-03-25 12:25:00,331.61,331.73,331.08,331.185,15855.0
2026-03-25 12:30:00,331.27,332.22,331.07,331.975,26416.0
2026-03-25 12:35:00,331.975,332.46,331.9,332.11,14018.0
2026-03-25 12:40:00,332.15,332.53,332.04,332.04,32105.0
2026-03-25 12:45:00,332.03,332.25,331.685,331.78,13471.0
2026-03-25 12:50:00,331.862,332.11,331.61,332.085,12423.0
2026-03-25 12:55:00,332.14,332.21,331.91,331.9545,16777.0
2026-03-25 13:00:00,331.95,332.13,331.65,331.65,31269.0
2026-03-25 13:05:00,331.63,331.73,331.33,331.49,20224.0
2026-03-25 13:10:00,331.47,331.96,331.43,331.82,11672.0
2026-03-25 13:15:00,331.77,331.98,331.58,331.87,20623.0
2026-03-25 13:20:00,331.93,332.13,331.79,331.87,16715.0
2026-03-25 13:25:00,331.97,332.585,331.97,332.5694,10476.0
2026-03-25 13:30:00,332.5156,332.5351,332.3,332.38,20042.0
2026-03-25 13:35:00,332.39,332.73,332.39,332.67,14001.0
2026-03-25 13:40:00,332.69,333.265,332.61,333.02,34387.0
2026-03-25 13:45:00,332.975,333.18,332.345,332.69,23289.0
2026-03-25 13:50:00,332.595,333.11,332.255,332.37,18425.0
2026-03-25 13:55:00,332.34,333.08,332.2501,332.58,22662.0
2026-03-25 14:00:00,332.585,332.98,332.48,332.695,17870.0
2026-03-25 14:05:00,332.685,332.98,332.685,332.87,11685.0
2026-03-25 14:10:00,332.94,333.005,332.79,333.005,20941.0
2026-03-25 14:15:00,333.005,333.34,332.97,333.13,26518.0
2026-03-25 14:20:00,333.19,333.325,333.06,333.205,17024.0
2026-03-25 14:25:00,333.205,333.24,332.4,332.615,20273.0
2026-03-25 14:30:00,332.65,333.065,332.62,333.0,31681.0
2026-03-25 14:35:00,332.98,333.01,332.675,332.805,21373.0
2026-03-25 14:40:00,332.835,332.85,332.42,332.79,17528.0
2026-03-25 14:45:00,332.79,333.025,332.68,332.845,31919.0
2026-03-25 14:50:00,332.88,333.09,332.69,332.91,20971.0
2026-03-25 14:55:00,332.94,332.94,332.206,332.62,38340.0
2026-03-25 15:00:00,332.61,332.695,332.22,332.5595,28950.0
2026-03-25 15:05:00,332.54,332.66,332.4,332.45,14795.0
2026-03-25 15:10:00,332.5,332.5783,332.0,332.2,14101.0
2026-03-25 15:15:00,332.165,332.2653,331.76,331.97,21764.0
2026-03-25 15:20:00,331.95,332.215,331.8701,331.925,24897.0
2026-03-25 15:25:00,331.89,332.59,331.83,332.44,33506.0
2026-03-25 15:30:00,332.52,332.52,331.96,331.99,32983.0
2026-03-25 15:35:00,331.96,332.21,331.91,331.97,31583.0
2026-03-25 15:40:00,331.93,332.21,331.83,331.83,27771.0
2026-03-25 15:45:00,331.86,332.13,331.7,331.77,49382.0
2026-03-25 15:50:00,331.67,332.58,331.39,332.52,115706.0
2026-03-25 15:55:00,332.51,332.77,332.12,332.54,412703.0
2026-03-26 09:30:00,331.44,332.3,329.97,330.62,195156.0
2026-03-26 09:35:00,330.6,330.67,329.79,330.085,51378.0
2026-03-26 09:40:00,330.1179,331.13,329.92,330.74,74977.0
2026-03-26 09:45:00,330.74,332.16,330.73,332.04,45036.0
2026-03-26 09:50:00,332.0,332.71,331.86,332.18,41854.0
2026-03-26 09:55:00,332.13,333.77,331.933,333.67,52896.0
2026-03-26 10:00:00,333.62,333.675,332.775,333.265,28935.0
2026-03-26 10:05:00,333.26,333.4599,332.54,333.15,24029.0
2026-03-26 10:10:00,333.09,333.33,332.6501,333.33,16055.0
2026-03-26 10:15:00,333.265,333.92,332.991,333.255,24458.0
2026-03-26 10:20:00,333.17,333.2275,332.4071,332.72,16395.0
2026-03-26 10:25:00,332.66,332.99,332.49,332.835,23041.0
2026-03-26 10:30:00,332.845,333.575,332.78,333.3901,28981.0
2026-03-26 10:35:00,333.3,333.67,333.19,333.5,31165.0
2026-03-26 10:40:00,333.5,334.12,332.54,332.68,64979.0
2026-03-26 10:45:00,332.79,333.26,332.79,333.04,16410.0
2026-03-26 10:50:00,333.055,333.31,332.6001,332.765,18025.0
2026-03-26 10:55:00,332.63,333.235,332.5637,333.105,23013.0
2026-03-26 11:00:00,333.1,333.24,332.71,332.835,15944.0
2026-03-26 11:05:00,332.9287,333.11,331.82,332.11,72402.0
2026-03-26 11:10:00,332.07,332.42,331.81,331.9572,14150.0
2026-03-26 11:15:00,331.8951,332.0,331.345,331.73,17869.0
2026-03-26 11:20:00,331.73,331.96,331.56,331.625,14532.0
2026-03-26 11:25:00,331.62,331.7399,331.0,331.0,22828.0
2026-03-26 11:30:00,330.88,330.95,330.41,330.88,15207.0
2026-03-26 11:35:00,330.7601,331.1199,330.7601,330.9499,13703.0
2026-03-26 11:40:00,330.95,331.11,329.8938,330.04,20569.0
2026-03-26 11:45:00,330.095,330.44,329.42,329.68,29966.0
2026-03-26 11:50:00,329.56,329.68,329.2401,329.43,25232.0
2026-03-26 11:55:00,329.515,329.515,328.71,328.9901,34096.0
2026-03-26 12:00:00,329.055,329.055,328.5,328.66,24505.0
2026-03-26 12:05:00,328.66,328.912,328.5,328.62,15104.0
2026-03-26 12:10:00,328.63,328.95,328.3,328.95,29005.0
2026-03-26 12:15:00,328.84,328.95,327.83,328.15,29318.0
2026-03-26 12:20:00,328.05,328.44,327.825,328.265,22734.0
2026-03-26 12:25:00,328.31,328.5499,327.75,327.83,19523.0
2026-03-26 12:30:00,327.83,328.06,327.615,327.99,21551.0
2026-03-26 12:35:00,327.8701,328.13,327.75,327.75,11597.0
2026-03-26 12:40:00,327.85,328.37,327.7,328.185,17283.0
2026-03-26 12:45:00,328.185,328.7275,328.185,328.305,19205.0
2026-03-26 12:50:00,328.2297,328.47,328.13,328.285,13331.0
2026-03-26 12:55:00,328.275,328.56,328.0,328.48,19988.0
2026-03-26 13:00:00,328.48,328.6326,327.94,327.94,28718.0
2026-03-26 13:05:00,328.08,328.08,327.74,327.925,20443.0
2026-03-26 13:10:00,327.91,327.97,327.335,327.34,12879.0
2026-03-26 13:15:00,327.3,327.5805,327.23,327.51,17603.0
2026-03-26 13:20:00,327.44,327.44,326.585,326.895,46355.0
2026-03-26 13:25:00,326.92,327.1245,326.71,327.0499,17736.0
2026-03-26 13:30:00,327.0221,327.6,326.85,327.6,23696.0
2026-03-26 13:35:00,327.6,327.79,327.393,327.515,16197.0
2026-03-26 13:40:00,327.618,327.6637,327.2822,327.615,12773.0
2026-03-26 13:45:00,327.5301,327.885,327.32,327.545,48985.0
2026-03-26 13:50:00,327.55,328.01,327.39,327.88,26121.0
2026-03-26 13:55:00,327.87,327.89,327.43,327.74,24341.0
2026-03-26 14:00:00,327.74,328.41,327.74,328.05,30800.0
2026-03-26 14:05:00,328.095,328.2599,327.71,327.84,24433.0
2026-03-26 14:10:00,327.87,327.97,327.5001,327.89,23538.0
2026-03-26 14:15:00,327.95,328.225,327.825,328.1,25610.0
2026-03-26 14:20:00,328.1,328.1,327.69,327.9,33809.0
2026-03-26 14:25:00,327.9,328.225,327.86,327.99,36721.0
2026-03-26 14:30:00,328.06,328.44,328.0514,328.32,29340.0
2026-03-26 14:35:00,328.325,328.68,328.24,328.68,40801.0
2026-03-26 14:40:00,328.68,328.68,328.38,328.5,26573.0
2026-03-26 14:45:00,328.5,328.71,327.9,328.12,110007.0
2026-03-26 14:50:00,328.125,328.3,327.9428,328.185,49036.0
2026-03-26 14:55:00,328.185,328.43,328.12,328.12,32973.0
2026-03-26 15:00:00,328.04,328.1231,327.76,327.91,37852.0
2026-03-26 15:05:00,327.94,328.225,327.92,328.03,24918.0
2026-03-26 15:10:00,327.99,328.0292,327.44,327.63,25843.0
2026-03-26 15:15:00,327.6001,327.7563,327.481,327.64,18939.0
2026-03-26 15:20:00,327.64,327.72,327.43,327.61,27694.0
2026-03-26 15:25:00,327.61,327.72,327.46,327.53,27594.0
2026-03-26 15:30:00,327.51,327.51,326.99,327.16,32548.0
2026-03-26 15:35:00,327.155,327.26,326.96,327.02,42321.0
2026-03-26 15:40:00,327.01,327.63,326.8501,327.435,51289.0
2026-03-26 15:45:00,327.38,327.96,327.29,327.84,39451.0
2026-03-26 15:50:00,327.83,328.03,327.52,327.7175,55396.0
2026-03-26 15:55:00,327.68,328.52,327.63,328.4,193213.0
2026-03-27 09:30:00,327.5,327.54,325.96,326.945,72328.0
2026-03-27 09:35:00,326.81,327.33,325.88,326.08,27793.0
2026-03-27 09:40:00,325.85,326.515,325.33,326.35,18800.0
2026-03-27 09:45:00,326.46,327.12,326.33,326.745,26336.0
2026-03-27 09:50:00,326.755,326.9,326.06,326.35,31615.0
2026-03-27 09:55:00,326.37,326.46,325.95,326.13,18348.0
2026-03-27 10:00:00,325.99,326.6999,325.72,325.9,21309.0
2026-03-27 10:05:00,325.9329,326.51,325.43,326.06,31716.0
2026-03-27 10:10:00,326.06,326.29,325.6578,325.9638,34397.0
2026-03-27 10:15:00,326.02,326.75,326.02,326.175,20567.0
2026-03-27 10:20:00,326.065,326.26,325.0,325.42,32937.0
2026-03-27 10:25:00,325.45,325.8776,325.0101,325.37,28427.0
2026-03-27 10:30:00,325.37,326.09,325.2601,325.945,17832.0
2026-03-27 10:35:00,325.945,326.1499,325.75,325.825,20902.0
2026-03-27 10:40:00,325.98,326.29,325.65,326.185,18116.0
2026-03-27 10:45:00,326.205,326.6699,325.9,326.47,20808.0
2026-03-27 10:50:00,326.47,326.715,326.22,326.31,29843.0
2026-03-27 10:55:00,326.385,327.13,326.385,326.5825,50438.0
2026-03-27 11:00:00,326.595,326.63,326.18,326.565,18040.0
2026-03-27 11:05:00,326.52,326.7,325.9217,326.03,19361.0
2026-03-27 11:10:00,325.92,325.955,324.65,324.96,27051.0
2026-03-27 11:15:00,324.97,325.06,324.65,324.795,26264.0
2026-03-27 11:20:00,324.795,326.5299,324.66,325.59,25366.0
2026-03-27 11:25:00,325.605,325.94,325.4001,325.74,14329.0
2026-03-27 11:30:00,325.75,325.935,325.4928,325.935,29608.0
2026-03-27 11:35:00,326.0,326.56,326.0,326.29,20228.0
2026-03-27 11:40:00,326.17,326.29,325.8867,326.2,14294.0
2026-03-27 11:45:00,326.255,326.495,326.1,326.445,18972.0
2026-03-27 11:50:00,326.395,326.66,326.29,326.6,22824.0
2026-03-27 11:55:00,326.6,326.72,326.06,326.17,31804.0
2026-03-27 12:00:00,326.07,326.27,325.81,325.81,38986.0
2026-03-27 12:05:00,325.855,326.11,325.61,325.67,24398.0
2026-03-27 12:10:00,325.7,326.19,325.42,326.11,30483.0
2026-03-27 12:15:00,326.18,326.425,325.96,325.97,15420.0
2026-03-27 12:20:00,326.02,326.13,325.72,325.72,23038.0
2026-03-27 12:25:00,325.695,325.96,325.4701,325.8,48454.0
2026-03-27 12:30:00,325.73,325.9989,325.67,325.9989,26117.0
2026-03-27 12:35:00,325.945,326.04,325.82,325.82,13474.0
2026-03-27 12:40:00,325.79,326.035,325.58,325.58,14510.0
2026-03-27 12:45:00,325.59,325.8899,325.44,325.6,16100.0
2026-03-27 12:50:00,325.63,325.75,325.0,325.02,16475.0
2026-03-27 12:55:00,325.0,325.34,324.97,325.13,18916.0
2026-03-27 13:00:00,325.12,325.29,324.85,325.12,32278.0
2026-03-27 13:05:00,325.28,326.07,325.07,325.22,34744.0
2026-03-27 13:10:00,325.18,325.2099,324.79,324.942,14054.0
2026-03-27 13:15:00,325.09,325.105,324.87,324.96,19587.0
2026-03-27 13:20:00,324.995,325.3251,324.95,325.2601,26903.0
2026-03-27 13:25:00,325.26,325.27,324.75,324.855,29646.0
2026-03-27 13:30:00,324.855,325.08,324.76,325.0,22063.0
2026-03-27 13:35:00,325.04,325.04,324.42,324.765,39510.0
2026-03-27 13:40:00,324.765,324.86,324.2,324.26,22788.0
2026-03-27 13:45:00,324.31,324.41,323.995,323.995,20637.0
2026-03-27 13:50:00,323.97,324.17,323.8646,323.96,15395.0
2026-03-27 13:55:00,324.01,324.14,323.12,323.25,32273.0
2026-03-27 14:00:00,323.285,323.41,322.5,322.5,72897.0
2026-03-27 14:05:00,322.535,322.775,322.08,322.34,61263.0
2026-03-27 14:10:00,322.36,322.385,321.42,321.45,54227.0
2026-03-27 14:15:00,321.51,321.89,321.45,321.81,34301.0
2026-03-27 14:20:00,321.76,322.065,321.47,321.495,35188.0
2026-03-27 14:25:00,321.52,321.525,321.17,321.33,48738.0
2026-03-27 14:30:00,321.295,321.63,321.21,321.53,53342.0
2026-03-27 14:35:00,321.49,321.97,321.444,321.865,51996.0
2026-03-27 14:40:00,321.82,322.1,321.37,321.915,58583.0
2026-03-27 14:45:00,321.915,321.97,321.29,321.59,50298.0
2026-03-27 14:50:00,321.53,322.08,321.4201,321.935,39681.0
2026-03-27 14:55:00,321.94,321.9599,321.27,321.76,44165.0
2026-03-27 15:00:00,321.73,321.86,321.34,321.445,40623.0
2026-03-27 15:05:00,321.45,321.59,320.74,321.485,64190.0
2026-03-27 15:10:00,321.485,321.9299,321.35,321.73,30243.0
2026-03-27 15:15:00,321.73,321.84,321.3901,321.53,28862.0
2026-03-27 15:20:00,321.58,321.6701,321.11,321.17,35367.0
2026-03-27 15:25:00,321.18,321.29,320.83,321.2201,33076.0
2026-03-27 15:30:00,321.235,321.65,321.23,321.63,37710.0
2026-03-27 15:35:00,321.6,322.23,321.27,322.205,80489.0
2026-03-27 15:40:00,322.26,322.5499,321.965,322.025,76849.0
2026-03-27 15:45:00,322.1073,322.1073,321.22,321.45,90919.0
2026-03-27 15:50:00,321.42,321.82,321.185,321.8,98524.0
2026-03-27 15:55:00,321.795,322.1,321.0,321.52,359965.0
2026-03-30 09:30:00,325.72,326.22,323.76,325.595,99115.0
2026-03-30 09:35:00,325.47,326.07,324.7901,325.835,48542.0
2026-03-30 09:40:00,325.8479,326.67,325.32,325.55,53496.0
2026-03-30 09:45:00,325.67,326.12,325.44,325.75,47325.0
2026-03-30 09:50:00,325.8,326.19,325.3901,325.61,26452.0
2026-03-30 09:55:00,325.7,326.3411,325.5483,326.025,46430.0
2026-03-30 10:00:00,325.95,327.035,325.92,326.33,52605.0
2026-03-30 10:05:00,326.48,326.765,326.0,326.28,50304.0
2026-03-30 10:10:00,326.285,327.23,326.15,326.515,26999.0
2026-03-30 10:15:00,326.415,326.56,325.55,325.84,35274.0
2026-03-30 10:20:00,325.92,326.5,325.61,326.0101,23021.0
2026-03-30 10:25:00,326.22,326.4799,325.56,326.21,22340.0
2026-03-30 10:30:00,326.37,326.51,325.9,326.155,49165.0
2026-03-30 10:35:00,326.17,326.93,326.08,326.73,19983.0
2026-03-30 10:40:00,326.745,326.885,326.47,326.575,22233.0
2026-03-30 10:45:00,326.62,327.3,326.31,326.72,62897.0
2026-03-30 10:50:00,326.528,327.07,326.38,327.0201,20615.0
2026-03-30 10:55:00,327.07,327.21,326.83,326.91,31209.0
2026-03-30 11:00:00,326.91,327.99,326.91,327.65,42445.0
2026-03-30 11:05:00,327.64,327.72,326.39,326.6099,20459.0
2026-03-30 11:10:00,326.48,326.945,326.29,326.64,22989.0
2026-03-30 11:15:00,326.635,327.43,326.53,327.43,28197.0
2026-03-30 11:20:00,327.37,327.65,327.3,327.51,23419.0
2026-03-30 11:25:00,327.5,327.59,326.78,326.79,30181.0
2026-03-30 11:30:00,326.865,327.415,326.53,327.415,31995.0
2026-03-30 11:35:00,327.435,327.4475,326.9426,327.295,10795.0
2026-03-30 11:40:00,327.2575,327.285,326.82,326.8301,24905.0
2026-03-30 11:45:00,326.84,326.8515,326.12,326.21,17569.0
2026-03-30 11:50:00,326.29,326.66,326.16,326.16,22106.0
2026-03-30 11:55:00,326.14,326.17,325.78,326.05,23904.0
2026-03-30 12:00:00,326.16,326.48,326.05,326.15,17400.0
2026-03-30 12:05:00,326.22,326.55,326.21,326.4,17568.0
2026-03-30 12:10:00,326.39,326.71,326.39,326.525,19884.0
2026-03-30 12:15:00,326.48,326.625,325.75,325.75,18330.0
2026-03-30 12:20:00,325.75,326.2499,325.75,325.8,15963.0
2026-03-30 12:25:00,325.79,325.855,325.43,325.43,12955.0
2026-03-30 12:30:00,325.43,326.3699,325.42,325.925,18936.0
2026-03-30 12:35:00,325.83,326.06,325.63,325.965,153669.0
2026-03-30 12:40:00,325.89,325.93,325.42,325.63,15467.0
2026-03-30 12:45:00,325.41,325.83,325.2,325.75,11816.0
2026-03-30 12:50:00,325.74,325.85,325.23,325.23,16885.0
2026-03-30 12:55:00,325.26,325.26,324.6,325.13,35573.0
2026-03-30 13:00:00,325.22,325.63,325.03,325.095,17826.0
2026-03-30 13:05:00,325.01,325.3,325.0,325.14,10089.0
2026-03-30 13:10:00,325.19,325.19,324.92,325.115,12951.0
2026-03-30 13:15:00,325.05,325.15,324.7,324.72,23518.0
2026-03-30 13:20:00,324.79,324.815,324.31,324.48,50307.0
2026-03-30 13:25:00,324.45,324.62,324.35,324.4301,17532.0
2026-03-30 13:30:00,324.475,324.5299,324.0,324.0723,22947.0
2026-03-30 13:35:00,324.115,324.65,323.92,324.555,20248.0
2026-03-30 13:40:00,324.555,324.7,324.3201,324.64,17133.0
2026-03-30 13:45:00,324.64,324.64,324.04,324.17,41294.0
2026-03-30 13:50:00,324.22,324.26,323.93,324.21,31198.0
2026-03-30 13:55:00,324.21,324.415,323.93,324.41,19021.0
2026-03-30 14:00:00,324.53,324.6834,324.31,324.5,21994.0
2026-03-30 14:05:00,324.505,324.69,324.4,324.675,19834.0
2026-03-30 14:10:00,324.67,324.91,324.19,324.89,31811.0
2026-03-30 14:15:00,324.935,325.1699,324.6701,325.045,16315.0
2026-03-30 14:20:00,325.03,325.105,324.81,324.95,24442.0
2026-03-30 14:25:00,325.005,325.04,324.72,324.8,15069.0
2026-03-30 14:30:00,324.8,324.9,324.61,324.7,19375.0
2026-03-30 14:35:00,324.7,325.13,324.63,324.78,32607.0
2026-03-30 14:40:00,324.75,324.9,324.39,324.43,26037.0
2026-03-30 14:45:00,324.51,324.59,324.05,324.06,24418.0
2026-03-30 14:50:00,324.04,324.1599,323.82,323.98,36355.0
2026-03-30 14:55:00,324.06,324.25,323.87,324.13,23019.0
2026-03-30 15:00:00,324.04,324.17,323.76,323.8,21383.0
2026-03-30 15:05:00,323.73,323.88,323.6701,323.7,20614.0
2026-03-30 15:10:00,323.73,323.75,323.17,323.29,26667.0
2026-03-30 15:15:00,323.3,323.65,323.2307,323.34,29358.0
2026-03-30 15:20:00,323.305,323.37,322.99,323.01,24575.0
2026-03-30 15:25:00,323.035,323.035,322.58,322.91,47744.0
2026-03-30 15:30:00,322.905,323.14,322.66,322.68,36165.0
2026-03-30 15:35:00,322.725,323.0599,322.585,322.9701,50773.0
2026-03-30 15:40:00,322.97,323.31,322.85,323.075,51021.0
2026-03-30 15:45:00,323.07,323.55,323.02,323.5,52648.0
2026-03-30 15:50:00,323.56,323.97,323.235,323.75,134262.0
2026-03-30 15:55:00,323.87,323.89,322.94,323.43,282374.0
2026-03-31 09:30:00,328.49,328.51,326.0,326.24,111605.0
2026-03-31 09:35:00,326.0,326.42,325.6001,326.095,29765.0
2026-03-31 09:40:00,326.1485,326.87,325.8,326.175,44474.0
2026-03-31 09:45:00,326.255,326.87,325.5437,326.795,53193.0
2026-03-31 09:50:00,326.795,327.16,326.07,326.95,47858.0
2026-03-31 09:55:00,326.95,327.02,325.99,326.595,22108.0
2026-03-31 10:00:00,326.45,326.6397,323.97,324.375,63509.0
2026-03-31 10:05:00,324.64,326.025,324.62,326.0,31586.0
2026-03-31 10:10:00,326.025,326.09,325.57,325.655,15962.0
2026-03-31 10:15:00,325.645,325.685,324.86,325.65,32021.0
2026-03-31 10:20:00,325.64,325.955,325.13,325.955,14176.0
2026-03-31 10:25:00,325.955,326.589,325.65,326.23,27038.0
2026-03-31 10:30:00,326.345,326.65,325.98,326.505,74366.0
2026-03-31 10:35:00,326.53,326.67,325.43,325.575,28580.0
2026-03-31 10:40:00,325.625,325.81,324.5,324.91,27903.0
2026-03-31 10:45:00,324.9,325.09,324.31,324.49,19902.0
2026-03-31 10:50:00,324.38,324.65,323.41,323.675,27757.0
2026-03-31 10:55:00,323.675,324.085,323.6411,324.01,26750.0
2026-03-31 11:00:00,324.075,324.97,323.96,324.94,13813.0
2026-03-31 11:05:00,324.99,326.2,324.75,325.9,49538.0
2026-03-31 11:10:00,325.9,326.04,325.4,325.97,40478.0
2026-03-31 11:15:00,326.095,326.095,325.31,325.995,32037.0
2026-03-31 11:20:00,325.995,326.01,325.32,325.6614,28316.0
2026-03-31 11:25:00,325.745,325.82,324.85,325.195,25462.0
2026-03-31 11:30:00,325.12,325.2165,324.66,324.77,29180.0
2026-03-31 11:35:00,324.86,325.32,324.74,324.75,23820.0
2026-03-31 11:40:00,324.825,325.11,324.64,325.065,16255.0
2026-03-31 11:45:00,325.065,325.0956,324.5,324.665,38449.0
2026-03-31 11:50:00,324.74,325.1125,324.57,324.725,27377.0
2026-03-31 11:55:00,324.725,324.8499,324.23,324.6699,25768.0
2026-03-31 12:00:00,324.595,324.9,324.45,324.53,21129.0
2026-03-31 12:05:00,324.61,325.14,324.5401,324.91,19743.0
2026-03-31 12:10:00,324.97,325.14,324.64,324.985,13543.0
2026-03-31 12:15:00,324.985,325.3,324.53,324.605,23189.0
2026-03-31 12:20:00,324.57,325.175,324.4,325.175,29286.0
2026-03-31 12:25:00,325.175,325.54,325.06,325.29,23977.0
2026-03-31 12:30:00,325.24,325.45,324.87,325.345,21765.0
2026-03-31 12:35:00,325.345,326.97,325.345,326.945,68990.0
2026-03-31 12:40:00,326.88,331.44,326.79,329.39,176121.0
2026-03-31 12:45:00,329.3,329.3,326.35,326.825,56134.0
2026-03-31 12:50:00,326.84,327.88,326.637,327.3,52989.0
2026-03-31 12:55:00,327.25,327.49,326.835,327.46,42634.0
2026-03-31 13:00:00,327.46,328.4057,327.11,328.34,46911.0
2026-03-31 13:05:00,328.365,328.51,327.78,327.92,47618.0
2026-03-31 13:10:00,327.89,328.61,327.72,328.47,39432.0
2026-03-31 13:15:00,328.47,329.13,328.3,328.92,38471.0
2026-03-31 13:20:00,329.02,329.1026,328.41,328.41,38792.0
2026-03-31 13:25:00,328.41,328.485,328.0,328.18,37275.0
2026-03-31 13:30:00,328.12,328.82,328.07,328.82,35444.0
2026-03-31 13:35:00,328.815,328.9199,328.06,328.255,17153.0
2026-03-31 13:40:00,328.255,328.74,328.17,328.7,66428.0
2026-03-31 13:45:00,328.59,329.36,328.59,328.7,16151.0
2026-03-31 13:50:00,328.71,329.31,328.69,329.22,24982.0
2026-03-31 13:55:00,329.19,329.3599,328.265,328.41,52240.0
2026-03-31 14:00:00,328.42,328.58,328.14,328.24,43879.0
2026-03-31 14:05:00,328.13,329.36,328.04,329.19,58897.0
2026-03-31 14:10:00,329.12,329.26,328.42,328.83,28705.0
2026-03-31 14:15:00,328.74,328.825,328.4,328.4008,26497.0
2026-03-31 14:20:00,328.48,328.48,327.79,327.825,50316.0
2026-03-31 14:25:00,327.84,328.135,327.43,327.465,28536.0
2026-03-31 14:30:00,327.465,327.6,327.13,327.47,24626.0
2026-03-31 14:35:00,327.3851,327.87,326.61,326.61,89588.0
2026-03-31 14:40:00,326.61,327.22,326.17,326.63,72838.0
2026-03-31 14:45:00,326.63,327.055,326.55,326.665,50889.0
2026-03-31 14:50:00,326.74,327.05,326.6201,326.905,35769.0
2026-03-31 14:55:00,326.91,327.05,326.755,326.88,38946.0
2026-03-31 15:00:00,326.88,327.66,326.82,327.47,44858.0
2026-03-31 15:05:00,327.49,327.695,327.1501,327.23,51105.0
2026-03-31 15:10:00,327.18,327.76,327.09,327.525,91199.0
2026-03-31 15:15:00,327.525,327.7399,326.93,327.315,67441.0
2026-03-31 15:20:00,327.32,327.86,327.2,327.7,43468.0
2026-03-31 15:25:00,327.695,327.76,327.1,327.52,47149.0
2026-03-31 15:30:00,327.545,327.98,327.45,327.8251,62066.0
2026-03-31 15:35:00,327.825,328.62,327.77,328.54,87770.0
2026-03-31 15:40:00,328.54,328.8799,328.2914,328.6101,92254.0
2026-03-31 15:45:00,328.6,329.089,328.55,329.0,84348.0
2026-03-31 15:50:00,329.0,329.16,328.05,328.27,162270.0
2026-03-31 15:55:00,328.25,328.78,327.8,328.74,510190.0
