datetime,open,high,low,close,volume
2026-03-02 09:30:00,241.3531,241.4923,240.0504,241.4923,68645.0
2026-03-02 09:35:00,241.2785,241.3929,239.8813,240.7465,41719.0
2026-03-02 09:40:00,240.7205,241.2238,240.5178,240.8261,45655.0
2026-03-02 09:45:00,241.1841,242.1387,241.1841,241.7608,20915.0
2026-03-02 09:50:00,241.91,242.8249,241.5322,242.5763,65752.0
2026-03-02 09:55:00,242.5912,243.0138,242.2581,242.815,32389.0
2026-03-02 10:00:00,242.9542,243.8491,242.9144,243.6851,64337.0
2026-03-02 10:05:00,243.6801,244.8237,243.5608,244.4386,193634.0
2026-03-02 10:10:00,244.5602,245.1917,244.5602,245.0127,42828.0
2026-03-02 10:15:00,245.0127,245.0823,244.416,244.4657,39827.0
2026-03-02 10:20:00,244.4807,244.7144,244.1376,244.4856,29171.0
2026-03-02 10:25:00,244.3663,244.5155,244.1575,244.5155,24046.0
2026-03-02 10:30:00,244.4011,244.5155,243.9387,244.1674,40376.0
2026-03-02 10:35:00,244.0481,244.4956,243.9287,244.4608,31925.0
2026-03-02 10:40:00,244.3564,244.4856,244.1774,244.4459,12933.0
2026-03-02 10:45:00,244.5652,244.7144,244.2967,244.4657,31136.0
2026-03-02 10:50:00,244.4657,244.7044,243.9089,243.9834,48054.0
2026-03-02 10:55:00,243.9834,244.1475,243.4415,243.7597,22286.0
2026-03-02 11:00:00,243.7,243.9884,243.5808,243.7398,18550.0
2026-03-02 11:05:00,243.7995,243.9287,243.5807,243.8293,12904.0
2026-03-02 11:10:00,243.8193,243.9387,243.6205,243.6503,8014.0
2026-03-02 11:15:00,243.7348,244.1028,243.5707,243.7995,22741.0
2026-03-02 11:20:00,243.7298,243.8989,243.6602,243.7796,22585.0
2026-03-02 11:25:00,243.7398,243.8343,243.4514,243.7199,45427.0
2026-03-02 11:30:00,243.6901,243.8392,243.4763,243.8144,42172.0
2026-03-02 11:35:00,243.71,244.2668,243.5608,244.1376,16758.0
2026-03-02 11:40:00,244.0572,244.7044,244.0572,244.6149,22974.0
2026-03-02 11:45:00,244.6547,244.8039,244.4657,244.4657,17001.0
2026-03-02 11:50:00,244.4061,244.8039,244.3365,244.4856,17132.0
2026-03-02 11:55:00,244.5254,244.5503,244.1575,244.4657,14822.0
2026-03-02 12:00:00,244.4657,244.9033,244.4657,244.9033,29764.0
2026-03-02 12:05:00,244.8387,245.0624,244.7044,244.9033,27941.0
2026-03-02 12:10:00,244.9033,245.5497,244.8635,245.5497,39566.0
2026-03-02 12:15:00,245.5397,245.7884,245.4109,245.5696,10673.0
2026-03-02 12:20:00,245.5944,245.6193,245.2712,245.3508,12746.0
2026-03-02 12:25:00,245.5,245.5,245.2379,245.3607,10001.0
2026-03-02 12:30:00,245.3309,245.5895,245.2911,245.4652,14861.0
2026-03-02 12:35:00,245.5199,245.848,245.5199,245.6044,13524.0
2026-03-02 12:40:00,245.6889,245.9574,245.6392,245.8281,14445.0
2026-03-02 12:45:00,245.8281,246.0618,245.8281,245.8729,10113.0
2026-03-02 12:50:00,245.9276,245.9773,245.679,245.9077,9114.0
2026-03-02 12:55:00,245.9176,246.0618,245.6292,246.0189,12271.0
2026-03-02 13:00:00,246.0121,246.4795,246.0121,246.395,21495.0
2026-03-02 13:05:00,246.4348,246.5491,245.8978,246.0469,201820.0
2026-03-02 13:10:00,245.9276,246.0022,245.1221,245.2315,42932.0
2026-03-02 13:15:00,245.2116,245.9873,245.2116,245.8679,31962.0
2026-03-02 13:20:00,245.8679,245.9176,244.9431,245.0226,18933.0
2026-03-02 13:25:00,245.0226,245.2315,244.8583,245.0658,10499.0
2026-03-02 13:30:00,245.0276,245.0922,244.5254,244.6945,19070.0
2026-03-02 13:35:00,244.6945,244.7144,244.4757,244.5751,16220.0
2026-03-02 13:40:00,244.6845,244.6845,244.1674,244.2106,9141.0
2026-03-02 13:45:00,244.2619,244.5155,243.9834,244.4856,21049.0
2026-03-02 13:50:00,244.4757,244.9232,244.3912,244.8834,14860.0
2026-03-02 13:55:00,244.8934,244.963,244.605,244.774,25592.0
2026-03-02 14:00:00,244.6994,244.9928,244.5751,244.9083,15871.0
2026-03-02 14:05:00,244.9132,245.321,244.9132,245.321,13633.0
2026-03-02 14:10:00,245.2563,245.4204,245.0425,245.3409,30116.0
2026-03-02 14:15:00,245.4055,245.5397,245.2812,245.4502,30276.0
2026-03-02 14:20:00,245.4105,245.7107,245.3707,245.6094,20455.0
2026-03-02 14:25:00,245.5547,245.858,245.5254,245.8381,18368.0
2026-03-02 14:30:00,245.8779,246.0162,245.7988,245.7988,15415.0
2026-03-02 14:35:00,245.7983,246.1165,245.7386,246.0419,20439.0
2026-03-02 14:40:00,245.9773,246.0948,245.7585,245.8679,40548.0
2026-03-02 14:45:00,245.853,245.9211,245.7088,245.7834,15017.0
2026-03-02 14:50:00,245.7834,245.9773,245.6989,245.9674,19596.0
2026-03-02 14:55:00,245.9276,246.1223,245.8978,246.1223,13615.0
2026-03-02 15:00:00,246.1663,246.2259,245.9773,246.0071,18391.0
2026-03-02 15:05:00,246.0156,246.1066,245.316,245.4154,66196.0
2026-03-02 15:10:00,245.3309,245.3806,244.9999,245.1519,75303.0
2026-03-02 15:15:00,245.0674,245.9773,245.0674,245.7436,48100.0
2026-03-02 15:20:00,245.7436,245.9773,245.5497,245.9773,37685.0
2026-03-02 15:25:00,245.9723,246.1517,245.8649,246.0718,14666.0
2026-03-02 15:30:00,246.0718,246.0718,245.8689,246.0569,17333.0
2026-03-02 15:35:00,246.0768,246.2558,246.0768,246.1663,19251.0
2026-03-02 15:40:00,246.1762,246.3651,246.0917,246.3651,21250.0
2026-03-02 15:45:00,246.3254,246.4546,246.206,246.206,41841.0
2026-03-02 15:50:00,246.2558,246.5441,246.1563,246.3651,109560.0
2026-03-02 15:55:00,246.3552,246.8027,246.3353,246.6635,295133.0
2026-03-03 09:30:00,242.5763,245.6193,242.5763,244.1177,224583.0
2026-03-03 09:35:00,244.1077,244.6348,243.0039,243.7,158886.0
2026-03-03 09:40:00,243.7796,243.8989,242.1243,242.2978,100196.0
2026-03-03 09:45:00,242.2978,242.2978,241.0896,241.0896,81341.0
2026-03-03 09:50:00,241.1443,241.8255,240.4233,241.2785,134827.0
2026-03-03 09:55:00,241.2785,241.4724,240.294,241.2139,107405.0
2026-03-03 10:00:00,241.2139,241.8205,240.7067,240.7067,36767.0
2026-03-03 10:05:00,241.1542,241.9199,240.836,241.0548,62884.0
2026-03-03 10:10:00,241.194,241.9199,240.8261,241.4724,73395.0
2026-03-03 10:15:00,241.5172,241.6316,240.6918,241.3929,83445.0
2026-03-03 10:20:00,241.3233,241.8404,241.2934,241.4028,94196.0
2026-03-03 10:25:00,241.3929,241.5669,240.5973,241.3929,57703.0
2026-03-03 10:30:00,241.3332,241.3829,240.9603,241.3133,46385.0
2026-03-03 10:35:00,241.4178,241.6514,241.0647,241.3034,50860.0
2026-03-03 10:40:00,241.3581,241.91,241.015,241.8155,69135.0
2026-03-03 10:45:00,241.9199,242.1686,241.3979,241.6117,28035.0
2026-03-03 10:50:00,241.5321,242.0293,241.2905,241.9796,28941.0
2026-03-03 10:55:00,242.0393,242.6857,242.0393,242.5067,49130.0
2026-03-03 11:00:00,242.3326,243.3761,242.2978,243.0337,79728.0
2026-03-03 11:05:00,243.0835,243.5607,242.457,243.5607,176901.0
2026-03-03 11:10:00,243.4912,243.6403,242.9592,243.4166,41252.0
2026-03-03 11:15:00,243.4216,243.6402,243.168,243.1829,33688.0
2026-03-03 11:20:00,243.1829,243.6304,243.1431,243.4216,61388.0
2026-03-03 11:25:00,243.5608,243.7298,243.0835,243.4514,39436.0
2026-03-03 11:30:00,243.4663,243.4763,242.6757,243.3571,30849.0
2026-03-03 11:35:00,243.4663,243.7298,243.2376,243.4116,22355.0
2026-03-03 11:40:00,243.4166,243.7034,243.173,243.516,44834.0
2026-03-03 11:45:00,243.5764,243.7895,243.163,243.2525,28600.0
2026-03-03 11:50:00,243.2525,243.7,242.9045,243.7,88384.0
2026-03-03 11:55:00,243.7,243.8392,243.0735,243.0835,43017.0
2026-03-03 12:00:00,243.0735,243.6453,243.0039,243.6453,36262.0
2026-03-03 12:05:00,243.6453,243.81,243.4613,243.4613,72940.0
2026-03-03 12:10:00,243.4315,243.5906,243.2923,243.3917,38020.0
2026-03-03 12:15:00,243.3917,244.0879,243.3868,244.0182,31253.0
2026-03-03 12:20:00,244.1276,244.9132,244.0978,244.8486,42550.0
2026-03-03 12:25:00,244.8436,245.2315,244.8436,245.2315,48569.0
2026-03-03 12:30:00,245.1569,245.3409,244.8337,244.9132,74540.0
2026-03-03 12:35:00,244.9232,244.9232,244.0182,244.1873,37243.0
2026-03-03 12:40:00,244.247,244.4558,243.8193,244.2669,72706.0
2026-03-03 12:45:00,244.2171,244.6348,244.1141,244.3663,242067.0
2026-03-03 12:50:00,244.411,244.411,242.7851,242.8945,46687.0
2026-03-03 12:55:00,242.9094,243.5061,242.8348,243.5061,34879.0
2026-03-03 13:00:00,243.5409,243.9884,243.4912,243.7497,26288.0
2026-03-03 13:05:00,243.6703,243.9934,243.6703,243.9387,12658.0
2026-03-03 13:10:00,243.9486,244.058,243.8094,243.9188,28626.0
2026-03-03 13:15:00,243.9287,244.247,243.9287,244.0382,17652.0
2026-03-03 13:20:00,244.1376,244.4558,244.0879,244.1774,24675.0
2026-03-03 13:25:00,244.1774,244.3066,244.0282,244.0381,24873.0
2026-03-03 13:30:00,243.9984,244.232,243.9387,244.0481,24724.0
2026-03-03 13:35:00,243.9586,244.2967,243.9387,244.2967,21954.0
2026-03-03 13:40:00,244.3663,244.4657,244.1575,244.1724,22840.0
2026-03-03 13:45:00,244.1774,244.1774,243.7547,244.0506,19144.0
2026-03-03 13:50:00,244.053,244.1823,243.8392,243.8542,21884.0
2026-03-03 13:55:00,243.8243,243.9685,243.7,243.8193,19222.0
2026-03-03 14:00:00,243.8989,244.2768,243.8492,244.2271,31548.0
2026-03-03 14:05:00,244.2271,244.3315,244.058,244.3315,35365.0
2026-03-03 14:10:00,244.3066,244.3066,243.7697,243.9188,26710.0
2026-03-03 14:15:00,243.9188,244.2122,243.9188,244.1624,33664.0
2026-03-03 14:20:00,244.2271,244.8039,244.2072,244.7094,59302.0
2026-03-03 14:25:00,244.7094,244.8461,244.5354,244.5354,53048.0
2026-03-03 14:30:00,244.5552,245.0027,244.5413,244.8536,63552.0
2026-03-03 14:35:00,244.8138,245.7884,244.6945,245.6392,95786.0
2026-03-03 14:40:00,245.5696,245.7386,245.4315,245.5969,71147.0
2026-03-03 14:45:00,245.5497,245.7685,245.1967,245.2762,36950.0
2026-03-03 14:50:00,245.2762,245.4403,244.9624,245.0624,32465.0
2026-03-03 14:55:00,245.0624,245.0624,244.6696,244.6696,53175.0
2026-03-03 15:00:00,244.6945,245.1917,244.6621,244.9182,152180.0
2026-03-03 15:05:00,244.9182,245.2784,244.8735,245.2116,61268.0
2026-03-03 15:10:00,245.2116,245.2812,244.953,244.953,45987.0
2026-03-03 15:15:00,244.9978,245.0027,243.7895,244.3166,163882.0
2026-03-03 15:20:00,244.3166,244.6646,244.2768,244.4956,236531.0
2026-03-03 15:25:00,244.5005,244.5005,244.1774,244.3166,70878.0
2026-03-03 15:30:00,244.3116,244.4906,243.8492,243.9834,43894.0
2026-03-03 15:35:00,243.9834,244.068,243.3022,243.4116,55096.0
2026-03-03 15:40:00,243.4116,243.521,243.2823,243.3818,48898.0
2026-03-03 15:45:00,243.4067,243.4812,243.0835,243.2326,64428.0
2026-03-03 15:50:00,243.1928,243.4265,242.7553,243.2923,102600.0
2026-03-03 15:55:00,243.2973,243.2973,242.2083,242.4967,366730.0
2026-03-04 09:30:00,243.2625,245.0282,242.5663,242.7453,79380.0
2026-03-04 09:35:00,242.5813,242.7453,241.1741,241.5073,26303.0
2026-03-04 09:40:00,241.5122,241.5719,239.9609,240.6371,31825.0
2026-03-04 09:45:00,240.7067,240.7067,239.3642,239.5979,82749.0
2026-03-04 09:50:00,239.4239,239.4736,237.8526,238.6283,87243.0
2026-03-04 09:55:00,238.6383,238.9465,237.972,238.7974,57737.0
2026-03-04 10:00:00,238.7974,239.2548,238.499,239.1554,59858.0
2026-03-04 10:05:00,239.1554,240.5029,238.8869,240.3537,45625.0
2026-03-04 10:10:00,240.3288,240.7564,240.3288,240.5725,18384.0
2026-03-04 10:15:00,240.6074,240.9529,240.2244,240.9255,32393.0
2026-03-04 10:20:00,241.015,241.5122,240.6669,241.3481,36887.0
2026-03-04 10:25:00,241.1741,241.4128,240.9951,241.2288,138720.0
2026-03-04 10:30:00,241.2835,241.4277,241.194,241.4277,30839.0
2026-03-04 10:35:00,241.3233,241.6316,241.3133,241.5073,36342.0
2026-03-04 10:40:00,241.5023,241.698,241.3929,241.5619,42119.0
2026-03-04 10:45:00,241.4874,241.6912,241.2437,241.4327,38580.0
2026-03-04 10:50:00,241.4724,241.8006,241.4227,241.4349,42017.0
2026-03-04 10:55:00,241.6513,241.7409,241.2934,241.6813,32210.0
2026-03-04 11:00:00,241.7907,241.9796,241.6813,241.9001,29749.0
2026-03-04 11:05:00,241.8802,242.1338,241.5321,241.6117,23346.0
2026-03-04 11:10:00,241.6117,241.6117,241.0946,241.2189,26854.0
2026-03-04 11:15:00,241.1741,241.4625,241.0051,241.2636,30803.0
2026-03-04 11:20:00,241.4178,241.4178,240.8708,241.0647,25815.0
2026-03-04 11:25:00,240.9951,241.4625,240.9951,241.189,25620.0
2026-03-04 11:30:00,241.2039,241.8106,241.2039,241.7708,18224.0
2026-03-04 11:35:00,241.8006,242.3177,241.7807,242.2929,24867.0
2026-03-04 11:40:00,242.2083,242.8646,242.2083,242.8063,20910.0
2026-03-04 11:45:00,242.7155,242.9144,242.3178,242.5365,54975.0
2026-03-04 11:50:00,242.4967,242.9542,242.4967,242.7456,24139.0
2026-03-04 11:55:00,242.776,243.0238,242.6914,243.0238,21263.0
2026-03-04 12:00:00,242.9144,243.0536,242.7354,243.0536,19177.0
2026-03-04 12:05:00,242.9641,243.0835,242.7752,242.8151,20383.0
2026-03-04 12:10:00,242.8746,243.0536,242.7553,242.9045,19905.0
2026-03-04 12:15:00,242.8696,243.1232,242.7951,243.0238,24899.0
2026-03-04 12:20:00,243.1133,243.1133,242.8,242.9641,28044.0
2026-03-04 12:25:00,242.9641,243.0536,242.805,242.989,23587.0
2026-03-04 12:30:00,242.9343,243.0288,242.4768,242.7801,29154.0
2026-03-04 12:35:00,242.7801,243.6403,242.7801,243.4613,49214.0
2026-03-04 12:40:00,243.521,243.5906,243.342,243.5061,28069.0
2026-03-04 12:45:00,243.5061,243.7398,243.4216,243.6155,40227.0
2026-03-04 12:50:00,243.7,243.8765,243.4554,243.71,17586.0
2026-03-04 12:55:00,243.6105,243.8691,243.5807,243.7497,10838.0
2026-03-04 13:00:00,243.7497,243.9387,243.6403,243.6602,16891.0
2026-03-04 13:05:00,243.6602,243.8392,243.5409,243.7,30711.0
2026-03-04 13:10:00,243.7149,243.7149,243.342,243.3619,12925.0
2026-03-04 13:15:00,243.2923,243.2923,243.0934,243.1332,19355.0
2026-03-04 13:20:00,243.0536,243.342,242.9343,243.3321,15971.0
2026-03-04 13:25:00,243.3172,243.8193,243.3172,243.8193,35513.0
2026-03-04 13:30:00,243.695,244.7939,243.695,244.784,60391.0
2026-03-04 13:35:00,244.7144,244.8536,244.3601,244.5452,41924.0
2026-03-04 13:40:00,244.416,244.5254,244.1077,244.1774,17576.0
2026-03-04 13:45:00,244.2072,244.4359,244.1575,244.3066,24031.0
2026-03-04 13:50:00,244.3017,244.3365,243.7746,243.9188,19402.0
2026-03-04 13:55:00,243.9387,244.1028,243.8094,244.0182,27061.0
2026-03-04 14:00:00,244.0182,244.3762,244.0182,244.2519,21834.0
2026-03-04 14:05:00,244.247,244.6497,244.2259,244.2867,36064.0
2026-03-04 14:10:00,244.2867,244.8039,244.2867,244.6149,41548.0
2026-03-04 14:15:00,244.6373,244.8237,244.3862,244.5552,26273.0
2026-03-04 14:20:00,244.4608,244.8635,244.4061,244.8635,39007.0
2026-03-04 14:25:00,244.7591,244.9729,244.6548,244.784,33017.0
2026-03-04 14:30:00,244.7939,244.8138,244.4608,244.5652,20614.0
2026-03-04 14:35:00,244.5851,244.7442,244.5751,244.6945,12718.0
2026-03-04 14:40:00,244.7132,244.8634,244.6348,244.774,10463.0
2026-03-04 14:45:00,244.774,245.1121,244.7541,245.057,25295.0
2026-03-04 14:50:00,245.1718,245.5994,245.0425,245.4602,37502.0
2026-03-04 14:55:00,245.4602,245.5596,245.3309,245.4304,23334.0
2026-03-04 15:00:00,245.4552,245.5199,245.2812,245.5199,24911.0
2026-03-04 15:05:00,245.5093,245.5895,245.3011,245.3856,24545.0
2026-03-04 15:10:00,245.3856,245.5596,245.2762,245.5199,43299.0
2026-03-04 15:15:00,245.5199,245.5199,245.1121,245.1768,31042.0
2026-03-04 15:20:00,245.1817,245.2911,245.0127,245.1569,24715.0
2026-03-04 15:25:00,245.1519,245.4204,245.1519,245.3458,37228.0
2026-03-04 15:30:00,245.3259,245.3956,245.2116,245.3956,32109.0
2026-03-04 15:35:00,245.3931,245.5646,245.2613,245.5497,45187.0
2026-03-04 15:40:00,245.5447,245.8978,245.5,245.8182,59831.0
2026-03-04 15:45:00,245.8033,245.8779,245.5,245.5795,52384.0
2026-03-04 15:50:00,245.5099,245.5795,244.5851,245.2663,153808.0
2026-03-04 15:55:00,245.2315,245.2315,244.5354,244.605,224013.0
2026-03-05 09:30:00,242.1885,242.5663,240.5676,241.1493,144991.0
2026-03-05 09:35:00,241.2736,242.0144,240.8161,241.3531,30674.0
2026-03-05 09:40:00,241.349,242.0393,241.0946,241.4526,40886.0
2026-03-05 09:45:00,241.4874,241.6935,241.1542,241.4178,28425.0
2026-03-05 09:50:00,241.2736,241.7509,241.0249,241.4227,27600.0
2026-03-05 09:55:00,241.373,241.9299,241.0249,241.8901,35696.0
2026-03-05 10:00:00,241.7907,242.1785,240.9653,241.7608,59108.0
2026-03-05 10:05:00,241.7111,241.8006,240.7366,241.0051,104234.0
2026-03-05 10:10:00,241.0349,241.3432,240.6868,241.3432,41666.0
2026-03-05 10:15:00,241.3531,241.7708,241.2984,241.5321,57429.0
2026-03-05 10:20:00,241.4625,241.8205,241.0349,241.0448,37301.0
2026-03-05 10:25:00,241.0399,241.4028,240.7117,241.1144,28907.0
2026-03-05 10:30:00,241.0448,241.0548,240.2443,240.6421,36337.0
2026-03-05 10:35:00,240.6471,241.0647,240.4034,240.7664,86075.0
2026-03-05 10:40:00,240.7863,240.9454,240.3189,240.478,21002.0
2026-03-05 10:45:00,240.6172,240.9504,240.299,240.4879,41932.0
2026-03-05 10:50:00,240.6471,241.0647,240.6471,240.8012,38592.0
2026-03-05 10:55:00,240.7987,240.8012,239.946,240.2493,28074.0
2026-03-05 11:00:00,240.2493,240.4084,239.0659,239.2548,26926.0
2026-03-05 11:05:00,239.0162,239.0459,238.4642,238.7278,33222.0
2026-03-05 11:10:00,238.6384,238.857,238.0217,238.0789,30781.0
2026-03-05 11:15:00,238.1609,238.2753,237.3455,237.7035,52902.0
2026-03-05 11:20:00,237.6339,237.6339,236.8408,236.8681,55791.0
2026-03-05 11:25:00,236.8184,237.1963,236.1969,237.077,61244.0
2026-03-05 11:30:00,237.0571,238.0814,237.0571,237.6786,49842.0
2026-03-05 11:35:00,237.5941,237.6836,237.2361,237.6836,24062.0
2026-03-05 11:40:00,237.5941,237.7731,236.7886,236.9427,34285.0
2026-03-05 11:45:00,236.9427,237.1441,236.7687,236.9029,20758.0
2026-03-05 11:50:00,237.0471,237.425,236.6295,237.3156,29284.0
2026-03-05 11:55:00,237.256,237.2858,237.0471,237.2808,13315.0
2026-03-05 12:00:00,237.3206,237.4847,237.1267,237.4847,17164.0
2026-03-05 12:05:00,237.3753,237.4648,236.7886,236.8582,20057.0
2026-03-05 12:10:00,236.8139,236.8139,236.3709,236.3709,24622.0
2026-03-05 12:15:00,236.3709,236.6394,236.0825,236.177,37481.0
2026-03-05 12:20:00,236.1125,236.2516,235.9433,236.0427,52685.0
2026-03-05 12:25:00,236.0825,236.4803,236.0477,236.4604,47524.0
2026-03-05 12:30:00,236.3112,236.4107,236.0626,236.2168,18646.0
2026-03-05 12:35:00,236.182,236.5897,236.0527,236.0527,32770.0
2026-03-05 12:40:00,236.1521,236.3063,235.1875,235.3168,78698.0
2026-03-05 12:45:00,235.2472,235.3168,234.8594,234.9787,73792.0
2026-03-05 12:50:00,234.9787,236.003,234.6605,235.8339,87602.0
2026-03-05 12:55:00,235.8339,236.3013,235.8289,236.0726,21122.0
2026-03-05 13:00:00,236.1422,236.2068,235.9234,236.0875,32130.0
2026-03-05 13:05:00,235.9831,236.0427,234.9886,235.3069,58756.0
2026-03-05 13:10:00,235.4075,235.5555,235.1726,235.2124,28795.0
2026-03-05 13:15:00,235.1378,235.4859,235.0085,235.2472,29486.0
2026-03-05 13:20:00,235.282,235.6348,235.282,235.3814,14794.0
2026-03-05 13:25:00,235.3814,235.5654,235.2472,235.5057,19272.0
2026-03-05 13:30:00,235.4958,235.6847,235.2024,235.5555,29581.0
2026-03-05 13:35:00,235.5157,235.8091,235.2571,235.4262,33173.0
2026-03-05 13:40:00,235.4859,236.0229,235.4759,235.814,44561.0
2026-03-05 13:45:00,235.8041,235.814,235.2472,235.5853,53928.0
2026-03-05 13:50:00,235.4262,235.5292,235.1279,235.3665,15384.0
2026-03-05 13:55:00,235.3889,235.9881,235.3889,235.6549,48159.0
2026-03-05 14:00:00,235.6599,235.8936,235.5107,235.7345,22295.0
2026-03-05 14:05:00,235.8041,236.1024,235.3367,235.5754,50325.0
2026-03-05 14:10:00,235.635,235.7544,235.4162,235.6748,16618.0
2026-03-05 14:15:00,235.5754,235.9234,234.919,235.9234,36530.0
2026-03-05 14:20:00,236.003,236.2559,236.003,236.0974,35132.0
2026-03-05 14:25:00,236.0974,236.2018,235.7494,235.9632,22573.0
2026-03-05 14:30:00,235.9632,236.0129,235.5456,235.7643,46045.0
2026-03-05 14:35:00,235.7792,235.9184,235.4859,235.8588,27264.0
2026-03-05 14:40:00,235.9334,236.3158,235.8538,236.0527,16666.0
2026-03-05 14:45:00,235.993,236.172,235.6251,235.814,23049.0
2026-03-05 14:50:00,235.814,236.4206,235.7907,236.0427,29482.0
2026-03-05 14:55:00,235.998,236.1578,235.8936,236.1578,19129.0
2026-03-05 15:00:00,236.0477,236.53,236.0477,236.5201,45679.0
2026-03-05 15:05:00,236.4604,236.4604,235.8439,236.2317,21710.0
2026-03-05 15:10:00,236.3112,236.6394,236.2914,236.6344,41061.0
2026-03-05 15:15:00,236.6792,237.1068,236.4405,236.9079,36812.0
2026-03-05 15:20:00,236.9676,237.6438,236.9378,237.435,34871.0
2026-03-05 15:25:00,237.4946,237.972,237.4946,237.5543,45294.0
2026-03-05 15:30:00,237.4897,237.5444,237.1168,237.3007,26645.0
2026-03-05 15:35:00,237.2858,237.5245,237.2063,237.5245,24039.0
2026-03-05 15:40:00,237.4946,237.5245,236.9228,237.067,40839.0
2026-03-05 15:45:00,237.1168,237.1168,236.5499,236.7488,61602.0
2026-03-05 15:50:00,236.7786,237.3057,236.709,237.0819,130475.0
2026-03-05 15:55:00,237.0571,237.3505,236.8383,237.0173,197664.0
2026-03-06 09:30:00,234.0161,234.2925,232.8705,233.9246,89014.0
2026-03-06 09:35:00,233.9445,233.9445,233.1091,233.1986,32987.0
2026-03-06 09:40:00,233.2756,233.8152,232.8158,233.497,36489.0
2026-03-06 09:45:00,233.5467,233.6958,233.0395,233.4423,36279.0
2026-03-06 09:50:00,233.6262,234.1931,233.1489,233.318,21829.0
2026-03-06 09:55:00,233.2931,233.5865,233.0594,233.3677,17395.0
2026-03-06 10:00:00,233.3677,234.4531,233.0296,234.0887,20088.0
2026-03-06 10:05:00,233.9643,234.2826,233.5367,233.6561,29933.0
2026-03-06 10:10:00,233.5765,234.382,233.3776,234.382,26981.0
2026-03-06 10:15:00,234.2428,234.3522,233.6958,234.2577,18111.0
2026-03-06 10:20:00,234.2577,234.8792,234.1433,234.556,18415.0
2026-03-06 10:25:00,234.4914,234.6903,234.2776,234.4367,36079.0
2026-03-06 10:30:00,234.4367,234.6953,234.203,234.5511,16728.0
2026-03-06 10:35:00,234.6804,234.9686,234.6804,234.7699,10321.0
2026-03-06 10:40:00,234.8047,234.8594,234.3025,234.7052,25836.0
2026-03-06 10:45:00,234.6107,234.75,234.3373,234.6306,21296.0
2026-03-06 10:50:00,234.5511,234.5511,234.0315,234.3025,34919.0
2026-03-06 10:55:00,234.3522,234.9091,234.3522,234.8494,18267.0
2026-03-06 11:00:00,234.7301,235.1519,234.6257,234.9787,18952.0
2026-03-06 11:05:00,234.9936,235.277,234.5909,234.6903,26769.0
2026-03-06 11:10:00,234.5511,234.6505,234.1235,234.198,102681.0
2026-03-06 11:15:00,234.208,234.571,234.208,234.5063,13775.0
2026-03-06 11:20:00,234.4616,234.745,234.1334,234.74,16273.0
2026-03-06 11:25:00,234.7599,234.9091,234.392,234.6107,13991.0
2026-03-06 11:30:00,234.6306,234.6447,233.9544,234.1483,12992.0
2026-03-06 11:35:00,234.1135,234.6107,234.0141,234.4019,11304.0
2026-03-06 11:40:00,234.5013,234.5013,234.1931,234.1931,10263.0
2026-03-06 11:45:00,234.1483,234.6902,234.1483,234.5063,11308.0
2026-03-06 11:50:00,234.5063,234.6008,234.203,234.2428,11302.0
2026-03-06 11:55:00,234.0986,234.1533,233.7754,233.8748,12521.0
2026-03-06 12:00:00,233.7066,233.9743,233.5566,233.8798,16160.0
2026-03-06 12:05:00,233.7754,233.7754,233.2483,233.3826,17766.0
2026-03-06 12:10:00,233.4671,233.6259,233.3378,233.4522,12294.0
2026-03-06 12:15:00,233.4522,233.9643,233.1986,233.8251,14050.0
2026-03-06 12:20:00,233.9942,234.6903,233.9047,234.4616,11702.0
2026-03-06 12:25:00,234.3223,234.382,234.1135,234.2229,10390.0
2026-03-06 12:30:00,234.203,234.4566,234.1135,234.4566,7413.0
2026-03-06 12:35:00,234.3025,234.5461,234.1369,234.2925,20792.0
2026-03-06 12:40:00,234.3522,234.3915,234.0936,234.2527,8983.0
2026-03-06 12:45:00,234.2328,234.4516,234.1931,234.4218,7274.0
2026-03-06 12:50:00,234.5312,234.8196,234.4914,234.6704,10448.0
2026-03-06 12:55:00,234.6654,234.7699,234.5511,234.6008,8357.0
2026-03-06 13:00:00,234.5511,235.0384,234.5511,234.8245,15288.0
2026-03-06 13:05:00,234.7304,235.0085,234.5909,234.929,10839.0
2026-03-06 13:10:00,234.9638,235.456,234.9638,235.3964,24479.0
2026-03-06 13:15:00,235.3864,235.5157,235.2472,235.4958,9931.0
2026-03-06 13:20:00,235.5057,235.644,235.108,235.5876,12080.0
2026-03-06 13:25:00,235.451,235.451,235.0553,235.1229,11882.0
2026-03-06 13:30:00,235.1477,235.4162,235.0284,235.2571,8657.0
2026-03-06 13:35:00,235.1577,235.1577,234.5013,234.8493,13398.0
2026-03-06 13:40:00,234.6107,234.7533,234.5212,234.5809,7370.0
2026-03-06 13:45:00,234.5312,234.5909,234.3422,234.5163,9300.0
2026-03-06 13:50:00,234.5511,234.5511,234.1235,234.1235,12534.0
2026-03-06 13:55:00,234.1372,234.4566,234.1372,234.3572,7764.0
2026-03-06 14:00:00,234.4218,234.6042,234.3025,234.3223,13109.0
2026-03-06 14:05:00,234.3124,234.571,234.2229,234.4367,11479.0
2026-03-06 14:10:00,234.3423,234.7798,234.3422,234.6306,11014.0
2026-03-06 14:15:00,234.6555,234.7397,234.4019,234.5511,10686.0
2026-03-06 14:20:00,234.5113,234.5809,234.0439,234.1433,14925.0
2026-03-06 14:25:00,233.9544,234.4074,233.7853,234.2428,8907.0
2026-03-06 14:30:00,234.2328,234.5312,234.1931,234.3373,15877.0
2026-03-06 14:35:00,234.3273,234.3273,233.9942,234.2826,14933.0
2026-03-06 14:40:00,234.2279,234.5262,234.2229,234.2627,9300.0
2026-03-06 14:45:00,234.3124,234.3422,234.1334,234.2478,9526.0
2026-03-06 14:50:00,234.2366,234.2925,234.0737,234.2378,11635.0
2026-03-06 14:55:00,234.2925,234.3025,234.0737,234.1583,8997.0
2026-03-06 15:00:00,234.2428,234.6605,234.2428,234.6008,13212.0
2026-03-06 15:05:00,234.6505,234.6804,234.3124,234.3124,12450.0
2026-03-06 15:10:00,234.3969,234.4714,234.0041,234.2558,17012.0
2026-03-06 15:15:00,234.213,234.392,234.0538,234.0737,16875.0
2026-03-06 15:20:00,234.0538,234.0787,233.8649,234.0141,15470.0
2026-03-06 15:25:00,234.004,234.0538,233.7356,233.8798,18076.0
2026-03-06 15:30:00,233.8798,233.9693,233.6958,233.7953,25703.0
2026-03-06 15:35:00,233.7853,233.9196,233.4124,233.8649,33234.0
2026-03-06 15:40:00,233.8947,233.9842,233.6262,233.666,63868.0
2026-03-06 15:45:00,233.6958,234.213,233.5865,233.8947,59476.0
2026-03-06 15:50:00,233.8351,234.1235,233.4472,234.0141,114422.0
2026-03-06 15:55:00,234.029,234.3323,233.9097,234.0439,135980.0
2026-03-09 09:30:00,232.8257,232.9053,230.3893,230.6827,90727.0
2026-03-09 09:35:00,230.6578,231.0208,229.718,229.9269,27522.0
2026-03-09 09:40:00,230.0394,230.4589,229.6683,229.8772,36222.0
2026-03-09 09:45:00,229.6683,230.7125,229.5788,230.0562,35270.0
2026-03-09 09:50:00,230.1655,230.1655,229.5092,229.8722,21588.0
2026-03-09 09:55:00,230.0462,230.9313,229.8871,230.6031,34816.0
2026-03-09 10:00:00,230.5186,230.8716,230.434,230.7473,26831.0
2026-03-09 10:05:00,230.7473,230.7473,229.5092,229.7379,58826.0
2026-03-09 10:10:00,229.8473,230.2153,229.6584,230.1357,15810.0
2026-03-09 10:15:00,230.1357,230.3744,229.9915,230.2948,21106.0
2026-03-09 10:20:00,230.2352,230.8617,229.902,230.8617,63178.0
2026-03-09 10:25:00,230.7224,230.7224,230.1158,230.2849,23897.0
2026-03-09 10:30:00,230.2451,230.4639,230.1854,230.4639,31582.0
2026-03-09 10:35:00,230.3744,230.9909,230.3197,230.7672,28871.0
2026-03-09 10:40:00,230.613,231.0606,230.613,230.9611,26103.0
2026-03-09 10:45:00,230.9611,231.5478,230.792,231.2694,70198.0
2026-03-09 10:50:00,231.2197,231.3887,230.981,231.1898,38314.0
2026-03-09 10:55:00,231.1451,231.7119,231.1202,231.697,22936.0
2026-03-09 11:00:00,231.7169,232.3036,231.7169,232.2141,19552.0
2026-03-09 11:05:00,232.2241,232.3434,231.9058,231.9754,25354.0
2026-03-09 11:10:00,232.0003,232.3285,231.9257,232.234,13560.0
2026-03-09 11:15:00,232.2439,232.4627,232.0749,232.2439,28905.0
2026-03-09 11:20:00,232.1246,232.4926,232.1147,232.4578,14699.0
2026-03-09 11:25:00,232.3931,232.5224,232.1246,232.4329,14740.0
2026-03-09 11:30:00,232.4279,232.5124,231.9854,232.1544,24886.0
2026-03-09 11:35:00,232.0898,232.3234,232.0054,232.05,20015.0
2026-03-09 11:40:00,232.05,232.05,231.6771,231.6771,22835.0
2026-03-09 11:45:00,231.7467,232.0749,231.6771,231.7666,15734.0
2026-03-09 11:50:00,231.7517,232.1147,231.6672,232.0649,8630.0
2026-03-09 11:55:00,232.1196,232.2439,232.0948,232.1893,13986.0
2026-03-09 12:00:00,232.2191,232.408,232.0003,232.3384,11125.0
2026-03-09 12:05:00,232.4926,232.8506,232.3136,232.7014,16761.0
2026-03-09 12:10:00,232.6417,232.9102,232.5423,232.8903,11296.0
2026-03-09 12:15:00,232.8207,232.9699,232.7312,232.8058,7951.0
2026-03-09 12:20:00,232.8605,233.2782,232.7138,233.2036,13761.0
2026-03-09 12:25:00,233.139,233.4174,232.9997,232.9997,19525.0
2026-03-09 12:30:00,233.1041,233.1837,232.8854,233.1688,10426.0
2026-03-09 12:35:00,233.2434,233.3821,233.0893,233.3079,10357.0
2026-03-09 12:40:00,233.2981,233.7952,233.2981,233.6958,13842.0
2026-03-09 12:45:00,233.7058,234.0389,233.7058,234.0041,9912.0
2026-03-09 12:50:00,233.9544,234.0563,233.5865,233.5865,18574.0
2026-03-09 12:55:00,233.6511,233.666,233.2782,233.5417,37974.0
2026-03-09 13:00:00,233.5367,233.7356,233.308,233.7356,14339.0
2026-03-09 13:05:00,233.7505,233.9345,233.6163,233.9047,14793.0
2026-03-09 13:10:00,234.034,234.1433,233.9345,234.029,23079.0
2026-03-09 13:15:00,234.0389,234.0389,233.7853,233.8649,11913.0
2026-03-09 13:20:00,233.8748,233.9892,233.5318,233.5815,15219.0
2026-03-09 13:25:00,233.5268,233.5765,233.3935,233.482,13999.0
2026-03-09 13:30:00,233.5765,233.5765,233.3056,233.3826,8939.0
2026-03-09 13:35:00,233.3826,233.5775,233.3378,233.3378,7158.0
2026-03-09 13:40:00,233.2881,233.318,232.7909,232.8754,31001.0
2026-03-09 13:45:00,232.9699,233.0544,232.771,232.781,9760.0
2026-03-09 13:50:00,232.8406,233.2831,232.8108,233.2384,10040.0
2026-03-09 13:55:00,233.1787,233.4373,233.0396,233.0396,9300.0
2026-03-09 14:00:00,233.1986,233.5168,233.1986,233.4373,13316.0
2026-03-09 14:05:00,233.4472,233.8947,233.4472,233.676,16065.0
2026-03-09 14:10:00,233.7406,234.203,233.7406,234.1036,21221.0
2026-03-09 14:15:00,234.1433,234.4815,233.9743,234.382,23005.0
2026-03-09 14:20:00,234.3621,234.5909,234.2428,234.3223,17422.0
2026-03-09 14:25:00,234.377,234.6903,234.3124,234.5958,17331.0
2026-03-09 14:30:00,234.571,234.8693,234.4815,234.8693,28557.0
2026-03-09 14:35:00,234.7798,234.9837,234.7301,234.8245,16410.0
2026-03-09 14:40:00,234.8245,235.0085,234.7599,234.9986,16787.0
2026-03-09 14:45:00,234.9986,234.9986,234.75,234.7848,16487.0
2026-03-09 14:50:00,234.7798,234.8195,234.5212,234.5958,16037.0
2026-03-09 14:55:00,234.5958,234.6605,234.2826,234.3422,19799.0
2026-03-09 15:00:00,234.392,234.5909,234.392,234.5063,14053.0
2026-03-09 15:05:00,234.5909,234.7102,234.4914,234.7102,19087.0
2026-03-09 15:10:00,234.6903,234.8295,234.4168,234.4168,22916.0
2026-03-09 15:15:00,234.4616,235.3964,234.3124,235.3665,35410.0
2026-03-09 15:20:00,235.3168,236.3411,235.3069,236.0129,42740.0
2026-03-09 15:25:00,236.0626,236.4803,235.8687,236.443,50612.0
2026-03-09 15:30:00,236.4206,236.7041,235.8787,236.7041,46938.0
2026-03-09 15:35:00,236.6195,237.067,236.2615,237.0571,43463.0
2026-03-09 15:40:00,237.0422,237.0422,236.4704,236.709,77180.0
2026-03-09 15:45:00,236.719,236.7985,236.2814,236.3958,42317.0
2026-03-09 15:50:00,236.3411,236.4007,235.8737,236.3809,71481.0
2026-03-09 15:55:00,236.3809,236.4654,236.1322,236.2715,190488.0
2026-03-10 09:30:00,235.4859,237.6736,235.3093,236.4206,67640.0
2026-03-10 09:35:00,236.3958,237.5145,236.3958,237.5145,38944.0
2026-03-10 09:40:00,237.4201,238.3101,237.4201,238.1808,41124.0
2026-03-10 09:45:00,237.9421,238.2902,237.614,238.2007,33434.0
2026-03-10 09:50:00,238.0814,238.5488,237.962,238.1311,40158.0
2026-03-10 09:55:00,238.0515,238.5587,237.8875,238.4195,45277.0
2026-03-10 10:00:00,238.4195,238.6979,237.8676,238.6979,23062.0
2026-03-10 10:05:00,238.6127,238.9167,238.2007,238.3499,26817.0
2026-03-10 10:10:00,238.4443,239.1852,238.2106,238.857,39769.0
2026-03-10 10:15:00,238.857,238.857,238.1808,238.7079,14910.0
2026-03-10 10:20:00,238.8173,239.6824,238.7377,239.6228,52809.0
2026-03-10 10:25:00,239.6228,239.9211,239.5532,239.9211,43916.0
2026-03-10 10:30:00,240.0752,240.5675,240.0752,240.5675,39028.0
2026-03-10 10:35:00,240.5128,241.0349,240.3935,240.6371,54208.0
2026-03-10 10:40:00,240.9653,241.4724,240.9653,241.2934,33897.0
2026-03-10 10:45:00,241.3432,241.4128,240.6868,241.1592,33512.0
2026-03-10 10:50:00,241.199,241.6216,241.1592,241.5719,30303.0
2026-03-10 10:55:00,241.5719,241.7509,241.3829,241.5818,40864.0
2026-03-10 11:00:00,241.6863,241.9299,241.4426,241.7658,55150.0
2026-03-10 11:05:00,241.8325,241.9,241.5223,241.736,53229.0
2026-03-10 11:10:00,241.7559,241.7907,241.3631,241.4128,28303.0
2026-03-10 11:15:00,241.3631,241.8802,241.3631,241.8006,22926.0
2026-03-10 11:20:00,241.7658,241.8106,240.9852,241.1493,76204.0
2026-03-10 11:25:00,241.0995,241.2785,240.8708,240.9802,23889.0
2026-03-10 11:30:00,240.9752,241.1144,240.8559,240.9056,7069.0
2026-03-10 11:35:00,240.9056,241.2139,240.8857,241.1841,19496.0
2026-03-10 11:40:00,241.2189,241.7111,241.0399,241.6117,22125.0
2026-03-10 11:45:00,241.6117,241.7211,241.3929,241.3929,32788.0
2026-03-10 11:50:00,241.3829,241.4277,241.1542,241.1841,15692.0
2026-03-10 11:55:00,241.1419,241.4327,241.1419,241.4327,10043.0
2026-03-10 12:00:00,241.4327,241.4426,241.1144,241.3233,22680.0
2026-03-10 12:05:00,241.3879,241.5023,241.2537,241.4227,18681.0
2026-03-10 12:10:00,241.4724,241.9299,241.4724,241.7807,42651.0
2026-03-10 12:15:00,241.7807,242.089,241.6514,242.0318,19740.0
2026-03-10 12:20:00,241.9697,242.0492,241.8106,241.9548,24927.0
2026-03-10 12:25:00,241.9945,242.2282,241.6514,241.7608,37950.0
2026-03-10 12:30:00,241.7509,242.1984,241.731,242.1984,43750.0
2026-03-10 12:35:00,242.2481,242.4172,241.9995,242.1934,45862.0
2026-03-10 12:40:00,242.1885,242.626,242.109,242.4868,60787.0
2026-03-10 12:45:00,242.4868,242.8348,242.0542,242.6161,27315.0
2026-03-10 12:50:00,242.6161,243.1531,242.5365,243.0536,34672.0
2026-03-10 12:55:00,243.0934,243.3917,243.0884,243.3022,16263.0
2026-03-10 13:00:00,243.3804,243.5508,243.0489,243.1033,33706.0
2026-03-10 13:05:00,243.0934,243.7,243.0934,243.521,78794.0
2026-03-10 13:10:00,243.4763,243.6006,243.2127,243.2525,34599.0
2026-03-10 13:15:00,243.2326,243.4415,243.0536,243.173,36393.0
2026-03-10 13:20:00,243.173,243.7597,242.984,243.7149,42706.0
2026-03-10 13:25:00,243.71,243.8939,243.531,243.7647,19945.0
2026-03-10 13:30:00,243.7,243.7945,243.2973,243.3868,20165.0
2026-03-10 13:35:00,243.3122,243.3818,242.7951,242.9741,52058.0
2026-03-10 13:40:00,243.0138,243.0934,242.8199,243.0626,29803.0
2026-03-10 13:45:00,242.9442,243.4415,242.9278,243.3917,18342.0
2026-03-10 13:50:00,243.1829,243.7796,243.1829,243.7,37741.0
2026-03-10 13:55:00,243.6642,243.6642,243.2923,243.4912,25667.0
2026-03-10 14:00:00,243.4912,243.4912,243.2127,243.2127,33678.0
2026-03-10 14:05:00,243.2127,243.2177,242.8846,242.8846,44834.0
2026-03-10 14:10:00,242.7652,242.9741,242.0095,242.0095,91574.0
2026-03-10 14:15:00,242.0095,242.4072,241.5073,241.7608,54622.0
2026-03-10 14:20:00,241.6962,242.2083,241.5719,242.0741,45802.0
2026-03-10 14:25:00,242.0492,242.6757,242.0095,242.4966,59360.0
2026-03-10 14:30:00,242.4967,242.6981,242.2083,242.6061,53760.0
2026-03-10 14:35:00,242.6011,242.8547,242.2133,242.6459,61903.0
2026-03-10 14:40:00,242.6011,242.7851,242.3774,242.636,36100.0
2026-03-10 14:45:00,242.6111,243.0636,242.4122,242.8796,64191.0
2026-03-10 14:50:00,242.9243,243.342,242.8597,243.2125,49310.0
2026-03-10 14:55:00,243.1879,243.4116,243.0735,243.0934,47120.0
2026-03-10 15:00:00,243.1431,243.3718,242.815,243.0636,80799.0
2026-03-10 15:05:00,243.0138,243.1829,242.7951,243.0536,67864.0
2026-03-10 15:10:00,243.0661,243.1829,242.6857,242.8239,63449.0
2026-03-10 15:15:00,242.8547,243.0835,242.6163,242.8846,80441.0
2026-03-10 15:20:00,242.8498,242.8498,241.9498,242.0244,49853.0
2026-03-10 15:25:00,242.0343,242.0791,239.583,239.6029,76955.0
2026-03-10 15:30:00,239.5233,239.9708,239.2349,239.941,66258.0
2026-03-10 15:35:00,240.0007,240.5078,239.7819,240.2723,44609.0
2026-03-10 15:40:00,240.3835,241.0647,240.2145,240.8857,55165.0
2026-03-10 15:45:00,240.9354,241.2288,240.7167,240.7614,91006.0
2026-03-10 15:50:00,240.7664,240.8758,239.6576,239.8018,179373.0
2026-03-10 15:55:00,239.7719,239.7719,238.7874,239.2946,349565.0
2026-03-11 09:30:00,238.4294,239.3045,238.2106,238.6084,48989.0
2026-03-11 09:35:00,238.5289,239.0659,238.2106,238.8073,17559.0
2026-03-11 09:40:00,238.7773,239.0559,237.9024,237.972,38303.0
2026-03-11 09:45:00,237.972,237.9919,236.1074,236.6991,90446.0
2026-03-11 09:50:00,236.6991,237.5344,236.6991,237.3679,50163.0
2026-03-11 09:55:00,237.1655,237.3156,236.7289,237.1018,29007.0
2026-03-11 10:00:00,237.1118,238.1348,237.1118,237.619,33187.0
2026-03-11 10:05:00,237.3256,237.8129,237.0869,237.4648,26127.0
2026-03-11 10:10:00,237.5742,237.5742,236.9278,237.4748,38331.0
2026-03-11 10:15:00,237.425,237.8477,236.9676,237.8477,29878.0
2026-03-11 10:20:00,237.7234,237.8526,236.709,236.8234,56342.0
2026-03-11 10:25:00,236.7289,237.3703,236.709,237.3554,16226.0
2026-03-11 10:30:00,237.5444,238.0118,237.5245,237.8228,10274.0
2026-03-11 10:35:00,237.9123,238.2106,237.9123,238.1808,11500.0
2026-03-11 10:40:00,238.3002,238.8881,238.3002,238.6084,35431.0
2026-03-11 10:45:00,238.8173,238.9267,238.4195,238.7327,39540.0
2026-03-11 10:50:00,238.7798,238.9166,238.6184,238.6681,9001.0
2026-03-11 10:55:00,238.6631,239.215,238.4692,238.9615,39915.0
2026-03-11 11:00:00,238.9465,239.1156,238.4941,238.6383,15938.0
2026-03-11 11:05:00,238.7377,239.0112,238.5985,239.0112,24997.0
2026-03-11 11:10:00,239.0162,239.4139,238.5935,238.6084,42521.0
2026-03-11 11:15:00,238.3499,238.3499,238.0018,238.2106,10510.0
2026-03-11 11:20:00,238.2703,239.0858,238.2604,239.0858,18808.0
2026-03-11 11:25:00,238.9366,238.9366,238.2405,238.2703,11586.0
2026-03-11 11:30:00,238.1808,238.4195,238.0764,238.2852,12650.0
2026-03-11 11:35:00,238.3357,238.5687,237.9322,238.3698,28214.0
2026-03-11 11:40:00,238.3499,238.6482,238.2355,238.4245,22636.0
2026-03-11 11:45:00,238.2803,238.3399,238.0977,238.2256,10822.0
2026-03-11 11:50:00,238.141,238.4394,238.0764,238.2007,11881.0
2026-03-11 11:55:00,238.2007,238.6681,238.2007,238.6681,23024.0
2026-03-11 12:00:00,238.5587,238.867,238.2604,238.7874,25201.0
2026-03-11 12:05:00,238.7874,239.046,238.514,238.5587,16320.0
2026-03-11 12:10:00,238.6184,238.8372,238.499,238.8322,14648.0
2026-03-11 12:15:00,238.9267,238.9565,238.5488,238.5885,17643.0
2026-03-11 12:20:00,238.5533,238.857,238.514,238.7825,11702.0
2026-03-11 12:25:00,238.7079,238.9963,238.4792,238.9366,13456.0
2026-03-11 12:30:00,238.9316,239.7968,238.9316,239.7769,20892.0
2026-03-11 12:35:00,239.6625,239.8515,239.5233,239.6427,18408.0
2026-03-11 12:40:00,239.583,239.7918,239.4835,239.5631,16931.0
2026-03-11 12:45:00,239.4985,239.8515,239.4935,239.6824,18381.0
2026-03-11 12:50:00,239.762,240.0404,239.762,239.8913,20671.0
2026-03-11 12:55:00,239.8913,240.0007,239.6725,240.0007,21006.0
2026-03-11 13:00:00,240.1299,240.1299,239.7988,239.8813,20057.0
2026-03-11 13:05:00,239.8813,240.0852,239.762,239.762,12188.0
2026-03-11 13:10:00,239.7819,240.0106,239.7272,239.8565,21246.0
2026-03-11 13:15:00,239.8515,239.9808,239.7869,239.7869,10326.0
2026-03-11 13:20:00,239.8018,240.2393,239.8018,240.0902,13902.0
2026-03-11 13:25:00,240.0603,240.299,240.0603,240.1797,15896.0
2026-03-11 13:30:00,240.2294,240.2294,240.0404,240.0504,12586.0
2026-03-11 13:35:00,240.0504,240.1001,239.2051,239.5333,19409.0
2026-03-11 13:40:00,239.6228,239.6625,239.3195,239.3841,21367.0
2026-03-11 13:45:00,239.4736,240.0007,239.4736,240.0007,14842.0
2026-03-11 13:50:00,240.0454,240.6073,239.936,239.936,72446.0
2026-03-11 13:55:00,239.8217,240.0504,239.8217,239.9211,13091.0
2026-03-11 14:00:00,240.0603,240.1697,239.7621,240.1697,11780.0
2026-03-11 14:05:00,240.1797,240.3686,240.1299,240.2045,18625.0
2026-03-11 14:10:00,240.0603,240.115,239.8714,240.0703,12479.0
2026-03-11 14:15:00,240.0305,240.478,240.0255,240.478,11292.0
2026-03-11 14:20:00,240.4979,240.5178,239.8724,239.931,21572.0
2026-03-11 14:25:00,239.946,239.9907,239.6625,239.7222,17691.0
2026-03-11 14:30:00,239.762,239.762,239.6228,239.6974,10031.0
2026-03-11 14:35:00,239.6775,239.6775,239.404,239.4637,16295.0
2026-03-11 14:40:00,239.4139,239.5134,239.3055,239.3841,7269.0
2026-03-11 14:45:00,239.3841,239.5681,239.2349,239.2349,30735.0
2026-03-11 14:50:00,239.215,239.216,238.8879,239.1653,16048.0
2026-03-11 14:55:00,239.1753,239.1753,238.7924,238.8769,12622.0
2026-03-11 15:00:00,238.857,238.857,238.4195,238.509,20785.0
2026-03-11 15:05:00,238.4792,238.5736,238.2902,238.4394,27218.0
2026-03-11 15:10:00,238.4394,238.6184,238.4394,238.5488,16720.0
2026-03-11 15:15:00,238.5687,238.8037,238.4493,238.683,15757.0
2026-03-11 15:20:00,238.6649,238.678,238.3399,238.4593,17488.0
2026-03-11 15:25:00,238.4891,238.5687,238.3747,238.514,24499.0
2026-03-11 15:30:00,238.514,238.7675,238.4046,238.7626,20797.0
2026-03-11 15:35:00,238.7874,238.8073,238.6035,238.7079,30608.0
2026-03-11 15:40:00,238.7377,239.0758,238.7377,239.0162,39782.0
2026-03-11 15:45:00,239.0758,239.0758,238.6681,238.7477,40522.0
2026-03-11 15:50:00,238.7675,239.1852,238.7477,238.8073,101635.0
2026-03-11 15:55:00,238.8073,238.8272,238.0217,238.141,283228.0
2026-03-12 09:30:00,236.4505,236.5599,235.4361,236.2715,98100.0
2026-03-12 09:35:00,236.0626,236.9875,235.8165,236.9875,27531.0
2026-03-12 09:40:00,236.8681,237.1615,236.605,236.6295,23824.0
2026-03-12 09:45:00,236.5698,236.5698,235.7842,235.8687,65552.0
2026-03-12 09:50:00,235.9582,236.8532,235.9582,236.7289,16992.0
2026-03-12 09:55:00,236.5798,237.0819,236.4405,236.9974,11322.0
2026-03-12 10:00:00,237.077,238.227,236.9179,238.0068,17305.0
2026-03-12 10:05:00,238.0416,238.0416,237.4549,237.5543,34168.0
2026-03-12 10:10:00,237.5543,237.6538,236.8134,236.9378,107185.0
2026-03-12 10:15:00,237.0372,237.1864,236.1521,236.2715,36135.0
2026-03-12 10:20:00,236.2814,236.4405,235.7842,235.8637,21858.0
2026-03-12 10:25:00,235.8936,236.2317,235.5853,235.9831,34909.0
2026-03-12 10:30:00,236.1223,236.2217,235.6549,235.9334,40652.0
2026-03-12 10:35:00,236.0328,237.3156,236.0328,237.1168,133345.0
2026-03-12 10:40:00,237.2659,237.3853,236.8781,237.1565,47775.0
2026-03-12 10:45:00,237.1267,237.8029,237.0422,237.2361,26953.0
2026-03-12 10:50:00,237.1764,237.1864,236.4629,236.4903,23443.0
2026-03-12 10:55:00,236.6295,236.7737,235.635,235.7941,27847.0
2026-03-12 11:00:00,235.7941,236.7538,235.5654,236.6593,50017.0
2026-03-12 11:05:00,236.5698,237.0074,236.3958,236.3958,20378.0
2026-03-12 11:10:00,236.5002,236.9676,236.4604,236.7438,39327.0
2026-03-12 11:15:00,236.7687,237.1267,236.5798,236.9775,35124.0
2026-03-12 11:20:00,236.9775,237.1416,236.7314,236.9179,34489.0
2026-03-12 11:25:00,237.0322,237.4151,236.9228,237.0074,25985.0
2026-03-12 11:30:00,236.9974,237.3853,236.3013,236.3013,45987.0
2026-03-12 11:35:00,236.356,236.8085,235.4859,236.8085,48957.0
2026-03-12 11:40:00,237.256,237.256,236.7239,237.1267,19118.0
2026-03-12 11:45:00,237.0074,237.3355,236.5251,236.5251,47100.0
2026-03-12 11:50:00,236.6096,236.888,236.5748,236.7289,22613.0
2026-03-12 11:55:00,236.8582,236.8582,236.4057,236.6643,13611.0
2026-03-12 12:00:00,236.6643,237.4051,236.6643,237.3753,15124.0
2026-03-12 12:05:00,237.3853,237.4151,236.4753,236.4753,36626.0
2026-03-12 12:10:00,236.4753,237.1068,236.4548,236.9576,45684.0
2026-03-12 12:15:00,237.0571,237.5195,237.0571,237.5195,14439.0
2026-03-12 12:20:00,237.7184,238.4394,237.1764,237.8875,42266.0
2026-03-12 12:25:00,237.8875,237.8875,237.067,237.1168,32082.0
2026-03-12 12:30:00,237.1168,237.435,237.0074,237.3853,23488.0
2026-03-12 12:35:00,237.3853,237.6641,237.1864,237.5444,13719.0
2026-03-12 12:40:00,237.5344,237.691,237.3355,237.5593,14708.0
2026-03-12 12:45:00,237.5245,237.5643,237.1168,237.3355,16572.0
2026-03-12 12:50:00,237.3256,237.793,237.2064,237.7532,47348.0
2026-03-12 12:55:00,237.7532,237.783,236.8085,236.9626,32630.0
2026-03-12 13:00:00,236.9626,237.3971,236.7936,237.3971,16445.0
2026-03-12 13:05:00,237.3902,237.3902,236.7637,236.7662,17848.0
2026-03-12 13:10:00,236.8184,237.077,236.627,236.627,12979.0
2026-03-12 13:15:00,236.6245,236.6792,236.4206,236.4206,20865.0
2026-03-12 13:20:00,236.3411,236.8184,236.2814,236.3809,65830.0
2026-03-12 13:25:00,236.4803,236.5499,234.6903,235.0284,84542.0
2026-03-12 13:30:00,235.0881,235.1676,234.2279,234.2279,35926.0
2026-03-12 13:35:00,234.2279,235.3168,234.2279,235.098,61016.0
2026-03-12 13:40:00,234.9886,234.9886,234.3422,234.3422,41828.0
2026-03-12 13:45:00,234.2726,234.2726,233.6859,233.7257,38456.0
2026-03-12 13:50:00,233.676,234.1202,233.6561,233.6561,25466.0
2026-03-12 13:55:00,233.6461,233.7953,233.2881,233.5566,28213.0
2026-03-12 14:00:00,233.5765,234.0935,233.3677,233.5268,38774.0
2026-03-12 14:05:00,233.5168,233.6312,233.2782,233.5716,36807.0
2026-03-12 14:10:00,233.666,234.2627,233.5865,234.2577,23533.0
2026-03-12 14:15:00,234.2577,234.7102,234.2229,234.2229,27371.0
2026-03-12 14:20:00,234.213,234.4019,233.8748,234.2925,23531.0
2026-03-12 14:25:00,234.2826,234.5511,234.2328,234.5411,17845.0
2026-03-12 14:30:00,234.4553,234.7102,234.2726,234.3646,26150.0
2026-03-12 14:35:00,234.3124,234.5163,234.2347,234.5163,16908.0
2026-03-12 14:40:00,234.5163,234.7002,234.392,234.5104,22357.0
2026-03-12 14:45:00,234.4815,234.5909,234.2527,234.4118,24371.0
2026-03-12 14:50:00,234.4019,234.6555,234.2677,234.4815,21621.0
2026-03-12 14:55:00,234.4516,234.4962,234.2328,234.3124,48443.0
2026-03-12 15:00:00,234.3074,234.5163,233.8748,234.1831,52361.0
2026-03-12 15:05:00,234.024,234.3422,233.6859,233.8102,22481.0
2026-03-12 15:10:00,233.8351,233.9743,233.5069,233.6561,28078.0
2026-03-12 15:15:00,233.6063,233.7804,233.4174,233.6561,24937.0
2026-03-12 15:20:00,233.6362,233.8351,233.4373,233.4621,30228.0
2026-03-12 15:25:00,233.482,233.6262,233.4374,233.5865,36978.0
2026-03-12 15:30:00,233.6163,233.9047,233.6163,233.7953,32369.0
2026-03-12 15:35:00,233.8202,233.9246,233.6859,233.7456,54577.0
2026-03-12 15:40:00,233.7903,233.8291,233.318,233.3876,46272.0
2026-03-12 15:45:00,233.3876,233.3876,232.781,232.7909,80073.0
2026-03-12 15:50:00,232.8605,233.1091,232.2638,232.3533,158049.0
2026-03-12 15:55:00,232.3334,232.7213,231.8959,232.1147,442168.0
2026-03-13 09:30:00,234.1782,235.6649,232.5323,235.6649,77565.0
2026-03-13 09:35:00,235.5555,236.2615,235.108,235.8936,51459.0
2026-03-13 09:40:00,235.9491,236.2615,235.2372,235.5853,23008.0
2026-03-13 09:45:00,235.5853,235.7543,234.8792,234.9886,28955.0
2026-03-13 09:50:00,234.9389,235.1279,234.556,234.929,22302.0
2026-03-13 09:55:00,234.7798,235.0284,234.382,234.9035,29967.0
2026-03-13 10:00:00,235.0185,235.1875,234.561,234.6406,47266.0
2026-03-13 10:05:00,234.7897,234.9489,234.3323,234.6207,42882.0
2026-03-13 10:10:00,234.7102,234.9091,234.5013,234.5411,21857.0
2026-03-13 10:15:00,234.5113,234.5909,233.3975,233.5318,42901.0
2026-03-13 10:20:00,233.497,233.9345,233.497,233.5467,19288.0
2026-03-13 10:25:00,233.7257,233.8052,233.2981,233.7853,33311.0
2026-03-13 10:30:00,233.7853,234.518,233.5516,234.3273,19657.0
2026-03-13 10:35:00,234.2328,234.5312,233.9842,234.1334,14094.0
2026-03-13 10:40:00,234.1384,234.1384,233.129,233.1688,17767.0
2026-03-13 10:45:00,233.1588,233.6958,232.9004,233.6809,21462.0
2026-03-13 10:50:00,233.7605,233.9444,233.0992,233.2086,24112.0
2026-03-13 10:55:00,233.0594,233.2582,232.6119,232.9102,12446.0
2026-03-13 11:00:00,232.9401,233.0792,232.6218,233.0257,16438.0
2026-03-13 11:05:00,232.9898,233.7555,232.9898,233.7555,12875.0
2026-03-13 11:10:00,233.7953,234.2726,233.6063,234.2726,16989.0
2026-03-13 11:15:00,234.1384,234.1632,233.8947,233.8947,10765.0
2026-03-13 11:20:00,233.9047,233.9663,233.6093,233.6093,20902.0
2026-03-13 11:25:00,233.6561,233.7555,233.5069,233.5069,11398.0
2026-03-13 11:30:00,233.7232,234.1384,233.6364,234.0737,12399.0
2026-03-13 11:35:00,234.1384,234.213,233.6362,234.0588,15083.0
2026-03-13 11:40:00,234.0638,234.1732,233.6163,233.7903,11248.0
2026-03-13 11:45:00,233.8202,234.4118,233.7804,234.1135,21460.0
2026-03-13 11:50:00,234.1608,234.3174,233.8748,233.9594,9922.0
2026-03-13 11:55:00,233.7953,233.9047,233.7033,233.763,14323.0
2026-03-13 12:00:00,233.8947,234.0141,233.7754,233.8699,7241.0
2026-03-13 12:05:00,233.8773,234.0737,233.6859,233.9146,20185.0
2026-03-13 12:10:00,233.8848,234.1583,233.6162,233.7456,15670.0
2026-03-13 12:15:00,233.7853,233.8798,233.3826,233.482,9368.0
2026-03-13 12:20:00,233.4249,233.7505,233.3876,233.7132,8596.0
2026-03-13 12:25:00,233.6958,233.7157,233.5467,233.676,11672.0
2026-03-13 12:30:00,233.6063,233.6859,233.2981,233.2981,12452.0
2026-03-13 12:35:00,233.3577,233.7336,233.3229,233.5765,9650.0
2026-03-13 12:40:00,233.5715,233.5914,232.9997,232.9997,11266.0
2026-03-13 12:45:00,233.0097,233.4671,232.9757,233.4472,13148.0
2026-03-13 12:50:00,233.5218,233.8648,233.5218,233.7655,15100.0
2026-03-13 12:55:00,233.7605,234.2328,233.6262,234.0837,49825.0
2026-03-13 13:00:00,234.0737,234.208,233.7356,234.024,31222.0
2026-03-13 13:05:00,234.024,234.024,233.3677,233.6561,29026.0
2026-03-13 13:10:00,233.7207,234.0986,233.6958,234.0986,14596.0
2026-03-13 13:15:00,234.1334,234.2826,233.855,233.9793,26053.0
2026-03-13 13:20:00,234.0041,234.1632,233.7058,233.9445,15813.0
2026-03-13 13:25:00,233.9047,234.034,233.3876,234.0141,17371.0
2026-03-13 13:30:00,234.0141,234.0141,233.7406,233.8823,14006.0
2026-03-13 13:35:00,233.9047,234.0608,233.7655,234.024,15024.0
2026-03-13 13:40:00,234.0041,234.561,233.9643,234.4516,69974.0
2026-03-13 13:45:00,234.4715,234.5112,234.0439,234.0439,49132.0
2026-03-13 13:50:00,233.9345,234.3124,233.7953,234.2179,17531.0
2026-03-13 13:55:00,234.2179,234.3422,234.0837,234.2776,21677.0
2026-03-13 14:00:00,234.2279,234.5113,234.2179,234.5113,10373.0
2026-03-13 14:05:00,234.5909,234.6803,234.4417,234.5411,30585.0
2026-03-13 14:10:00,234.5411,234.5411,234.2836,234.392,35579.0
2026-03-13 14:15:00,234.4715,234.7699,234.3969,234.6058,21096.0
2026-03-13 14:20:00,234.4317,234.6803,234.0837,234.1533,36073.0
2026-03-13 14:25:00,234.1135,234.3742,233.9643,233.9643,27305.0
2026-03-13 14:30:00,234.0638,234.5013,234.0638,234.4417,12401.0
2026-03-13 14:35:00,234.4914,234.6505,234.3621,234.4268,10542.0
2026-03-13 14:40:00,234.4417,234.8394,234.4218,234.7798,12444.0
2026-03-13 14:45:00,234.8295,235.0085,234.7201,234.9687,10311.0
2026-03-13 14:50:00,234.9687,234.9767,234.6406,234.8395,18523.0
2026-03-13 14:55:00,234.8395,234.8395,234.4815,234.5212,16032.0
2026-03-13 15:00:00,234.4815,234.4815,234.1931,234.213,11554.0
2026-03-13 15:05:00,234.1235,234.3621,234.0787,234.2378,14996.0
2026-03-13 15:10:00,234.2726,234.2726,233.8251,233.9047,21371.0
2026-03-13 15:15:00,233.9942,234.2925,233.9942,234.1135,30295.0
2026-03-13 15:20:00,234.0986,234.213,233.6859,233.8251,37065.0
2026-03-13 15:25:00,233.856,233.8848,233.7008,233.7555,23702.0
2026-03-13 15:30:00,233.7555,233.8351,233.308,233.4323,66688.0
2026-03-13 15:35:00,233.4373,233.4671,233.1091,233.1986,46952.0
2026-03-13 15:40:00,233.1489,233.2086,232.7412,232.8655,65477.0
2026-03-13 15:45:00,232.9301,233.2384,232.7909,233.2384,113627.0
2026-03-13 15:50:00,233.3279,233.7456,233.2782,233.3181,173989.0
2026-03-13 15:55:00,233.3279,233.5467,233.139,233.1787,199573.0
2026-03-16 09:30:00,233.6958,233.9892,232.3434,232.7312,55585.0
2026-03-16 09:35:00,232.9413,233.3676,232.4528,233.0793,17315.0
2026-03-16 09:40:00,233.4041,234.2229,233.0892,234.213,26385.0
2026-03-16 09:45:00,234.2875,234.5312,233.4075,233.6312,24585.0
2026-03-16 09:50:00,233.4702,234.1085,233.4572,234.0737,12035.0
2026-03-16 09:55:00,234.1732,234.4615,233.8649,234.0041,24427.0
2026-03-16 10:00:00,234.0141,234.5909,233.8649,234.4467,27773.0
2026-03-16 10:05:00,234.4516,234.7102,233.8649,234.5113,21900.0
2026-03-16 10:10:00,234.6008,234.8295,234.1831,234.392,43139.0
2026-03-16 10:15:00,234.3422,234.7101,234.2527,234.377,41997.0
2026-03-16 10:20:00,234.377,234.8494,234.3124,234.44,17303.0
2026-03-16 10:25:00,234.392,234.6804,234.29,234.571,25916.0
2026-03-16 10:30:00,234.6605,234.8345,233.9196,234.1881,67354.0
2026-03-16 10:35:00,234.1931,234.3223,234.034,234.1682,46478.0
2026-03-16 10:40:00,234.0538,234.1682,233.6362,233.666,37989.0
2026-03-16 10:45:00,233.6561,233.6958,233.2682,233.5367,54134.0
2026-03-16 10:50:00,233.3975,233.9246,233.1986,233.9246,14037.0
2026-03-16 10:55:00,234.0141,234.6803,234.0141,234.6306,15983.0
2026-03-16 11:00:00,234.6803,234.7798,234.3323,234.3373,19434.0
2026-03-16 11:05:00,234.3124,234.3621,234.1334,234.3124,17558.0
2026-03-16 11:10:00,234.382,234.382,234.0091,234.1135,44014.0
2026-03-16 11:15:00,234.1931,234.5609,234.0141,234.2628,12367.0
2026-03-16 11:20:00,234.3721,234.9389,234.3721,234.7997,10469.0
2026-03-16 11:25:00,234.6903,234.9986,234.5212,234.571,17516.0
2026-03-16 11:30:00,234.7102,234.8942,234.6505,234.7201,7964.0
2026-03-16 11:35:00,234.7748,234.8295,234.571,234.7848,26707.0
2026-03-16 11:40:00,234.7798,234.919,234.4989,234.919,29094.0
2026-03-16 11:45:00,234.7798,234.8594,234.6903,234.8494,12479.0
2026-03-16 11:50:00,234.7201,234.7201,234.4019,234.5013,7482.0
2026-03-16 11:55:00,234.4715,234.508,233.9047,234.0141,22602.0
2026-03-16 12:00:00,234.0141,234.1682,233.7853,233.7853,16184.0
2026-03-16 12:05:00,233.7853,234.0439,233.7058,234.0389,7073.0
2026-03-16 12:10:00,233.8947,234.1085,233.8848,233.9146,9800.0
2026-03-16 12:15:00,233.9544,234.3422,233.9345,234.2826,41641.0
2026-03-16 12:20:00,234.2229,234.2229,233.6859,233.7853,11133.0
2026-03-16 12:25:00,233.7704,233.8898,233.6163,233.7257,13401.0
2026-03-16 12:30:00,233.6809,233.7754,233.2583,233.2583,8469.0
2026-03-16 12:35:00,233.3776,233.4671,233.129,233.2881,8424.0
2026-03-16 12:40:00,233.2583,233.7157,233.2583,233.6909,7765.0
2026-03-16 12:45:00,233.6223,233.7008,233.482,233.664,7171.0
2026-03-16 12:50:00,233.676,233.7853,233.507,233.5964,11089.0
2026-03-16 12:55:00,233.6163,233.6362,233.3279,233.3577,10658.0
2026-03-16 13:00:00,233.4075,233.7456,233.4075,233.7456,16881.0
2026-03-16 13:05:00,233.5666,233.8152,233.5666,233.7406,8291.0
2026-03-16 13:10:00,233.8251,233.8251,233.5765,233.6461,14616.0
2026-03-16 13:15:00,233.6461,233.7555,233.1588,233.2682,14660.0
2026-03-16 13:20:00,233.2155,233.6262,233.2155,233.5168,17577.0
2026-03-16 13:25:00,233.4771,233.6859,233.4273,233.6347,8332.0
2026-03-16 13:30:00,233.5168,233.855,233.5168,233.5268,10713.0
2026-03-16 13:35:00,233.497,233.7555,233.4572,233.6561,7823.0
2026-03-16 13:40:00,233.5964,234.1235,233.5566,234.0762,30298.0
2026-03-16 13:45:00,234.0787,234.3721,233.5069,233.6262,25972.0
2026-03-16 13:50:00,233.6362,233.7236,233.3776,233.7236,8719.0
2026-03-16 13:55:00,233.5815,233.855,233.5815,233.7903,16220.0
2026-03-16 14:00:00,233.7953,233.9146,233.7456,233.8003,10665.0
2026-03-16 14:05:00,233.7456,233.9693,233.6958,233.8052,12149.0
2026-03-16 14:10:00,233.8649,233.9047,233.3379,233.4575,9506.0
2026-03-16 14:15:00,233.4076,233.7406,233.4076,233.666,11786.0
2026-03-16 14:20:00,233.666,234.0936,233.5393,233.9355,14400.0
2026-03-16 14:25:00,233.8947,234.2726,233.8266,234.138,10463.0
2026-03-16 14:30:00,234.2428,234.3721,234.203,234.203,10003.0
2026-03-16 14:35:00,234.208,234.2826,234.1135,234.2771,9379.0
2026-03-16 14:40:00,234.2272,234.4815,234.1533,234.2229,19368.0
2026-03-16 14:45:00,234.2378,234.3522,234.1931,234.203,6377.0
2026-03-16 14:50:00,234.1831,234.3124,234.0936,234.2242,27177.0
2026-03-16 14:55:00,234.203,234.3572,234.1632,234.3522,9917.0
2026-03-16 15:00:00,234.3522,234.5113,234.3472,234.4069,12801.0
2026-03-16 15:05:00,234.3721,234.4069,234.1353,234.3223,24036.0
2026-03-16 15:10:00,234.3422,234.5063,234.0986,234.1931,19146.0
2026-03-16 15:15:00,234.1831,234.3721,234.1433,234.213,8247.0
2026-03-16 15:20:00,234.208,234.382,234.1732,234.1881,12886.0
2026-03-16 15:25:00,234.1931,234.3323,234.116,234.2627,59268.0
2026-03-16 15:30:00,234.2826,234.3422,234.024,234.024,15799.0
2026-03-16 15:35:00,233.9743,234.1235,233.8823,234.0688,53672.0
2026-03-16 15:40:00,234.0638,234.2627,233.6511,233.6511,62753.0
2026-03-16 15:45:00,233.6958,233.7257,233.3279,233.3592,40859.0
2026-03-16 15:50:00,233.3478,233.9146,233.0892,233.7456,118280.0
2026-03-16 15:55:00,233.666,233.7655,233.1191,233.1588,232701.0
2026-03-17 09:30:00,233.0992,234.3296,231.7169,233.7655,105737.0
2026-03-17 09:35:00,233.7655,233.9146,232.3732,232.9982,38960.0
2026-03-17 09:40:00,232.9848,233.0296,232.1544,232.9301,31444.0
2026-03-17 09:45:00,232.8605,233.1091,232.6566,232.9003,31198.0
2026-03-17 09:50:00,232.9251,233.0296,232.3533,233.0296,40747.0
2026-03-17 09:55:00,232.96,233.5566,232.957,232.957,14549.0
2026-03-17 10:00:00,232.9301,233.1259,232.5025,232.6069,54022.0
2026-03-17 10:05:00,232.6119,232.8307,231.8163,232.1694,18620.0
2026-03-17 10:10:00,232.0848,232.0848,230.2948,230.2948,29923.0
2026-03-17 10:15:00,230.1705,230.1705,229.4993,229.723,33578.0
2026-03-17 10:20:00,229.6285,229.7578,228.4949,228.5943,76864.0
2026-03-17 10:25:00,228.6043,228.8628,228.1468,228.7833,69488.0
2026-03-17 10:30:00,228.9026,229.1313,228.3656,228.4402,53441.0
2026-03-17 10:35:00,228.4402,229.0617,228.0076,229.0617,48786.0
2026-03-17 10:40:00,229.0518,229.2805,228.7534,229.196,24389.0
2026-03-17 10:45:00,229.196,229.7379,229.1214,229.4694,50621.0
2026-03-17 10:50:00,229.4645,229.6683,229.3004,229.4197,20457.0
2026-03-17 10:55:00,229.4247,229.5689,229.3103,229.4595,17912.0
2026-03-17 11:00:00,229.4595,229.5377,228.7336,228.8529,34665.0
2026-03-17 11:05:00,229.012,229.0418,228.475,228.5446,34025.0
2026-03-17 11:10:00,228.5545,229.1512,228.0374,229.0866,34123.0
2026-03-17 11:15:00,229.1015,229.3799,228.9821,229.1214,28561.0
2026-03-17 11:20:00,229.0915,229.5639,228.9931,229.4943,38664.0
2026-03-17 11:25:00,229.5042,229.6385,229.3799,229.3899,13850.0
2026-03-17 11:30:00,229.37,229.4794,229.0617,229.0717,24627.0
2026-03-17 11:35:00,229.0915,229.3402,228.3954,228.6937,19066.0
2026-03-17 11:40:00,228.4253,228.4253,227.7291,228.0921,44546.0
2026-03-17 11:45:00,228.0573,228.3358,227.8783,228.1021,33008.0
2026-03-17 11:50:00,228.1021,228.2661,227.3612,227.4905,101833.0
2026-03-17 11:55:00,227.4905,227.7093,227.3065,227.3065,29309.0
2026-03-17 12:00:00,227.2916,227.759,227.2319,227.6506,29744.0
2026-03-17 12:05:00,227.7988,228.2562,227.4805,228.2562,50127.0
2026-03-17 12:10:00,228.1518,228.6192,228.0474,228.301,35072.0
2026-03-17 12:15:00,228.301,228.7037,227.8087,228.6639,55291.0
2026-03-17 12:20:00,228.6838,228.8827,228.5297,228.7808,17231.0
2026-03-17 12:25:00,228.6838,228.8429,228.4451,228.7186,20830.0
2026-03-17 12:30:00,228.7087,229.0816,228.6016,229.0816,25072.0
2026-03-17 12:35:00,229.1512,229.2805,229.1114,229.181,6904.0
2026-03-17 12:40:00,229.1711,229.2606,229.0518,229.1462,12487.0
2026-03-17 12:45:00,229.1462,229.2606,228.9722,229.196,11812.0
2026-03-17 12:50:00,229.2407,229.4595,229.2407,229.3701,8222.0
2026-03-17 12:55:00,229.4446,229.539,229.2208,229.3203,10566.0
2026-03-17 13:00:00,229.3203,229.6882,229.2606,229.6385,11739.0
2026-03-17 13:05:00,229.5689,229.6882,229.4396,229.6186,8307.0
2026-03-17 13:10:00,229.6186,229.6981,229.4993,229.5589,14422.0
2026-03-17 13:15:00,229.4794,229.6087,229.4446,229.5042,19036.0
2026-03-17 13:20:00,229.5042,229.5231,229.191,229.191,13000.0
2026-03-17 13:25:00,229.1413,229.3103,229.0816,229.186,11235.0
2026-03-17 13:30:00,229.0915,229.3302,229.0717,229.2357,13583.0
2026-03-17 13:35:00,229.2705,229.8274,229.2507,229.7131,29063.0
2026-03-17 13:40:00,229.7131,230.0363,229.7131,229.9567,18313.0
2026-03-17 13:45:00,229.9169,230.1705,229.718,229.9915,18636.0
2026-03-17 13:50:00,229.9965,230.3247,229.9766,230.2451,9162.0
2026-03-17 13:55:00,230.3247,230.3247,230.0214,230.1954,11114.0
2026-03-17 14:00:00,230.255,230.7125,230.2153,230.6329,16151.0
2026-03-17 14:05:00,230.6379,230.6628,230.3644,230.5336,14189.0
2026-03-17 14:10:00,230.5981,230.7423,230.5037,230.6628,10957.0
2026-03-17 14:15:00,230.6628,230.7622,230.3843,230.4589,19312.0
2026-03-17 14:20:00,230.3048,230.3247,229.7877,229.7877,28174.0
2026-03-17 14:25:00,229.8715,229.8715,229.5892,229.6087,13282.0
2026-03-17 14:30:00,229.6087,229.6385,229.4993,229.5987,11264.0
2026-03-17 14:35:00,229.5589,229.7479,229.4893,229.6633,11859.0
2026-03-17 14:40:00,229.6633,229.7877,229.6633,229.7379,11653.0
2026-03-17 14:45:00,229.718,229.8772,229.6285,229.8772,13954.0
2026-03-17 14:50:00,229.8722,230.1059,229.8275,230.081,19458.0
2026-03-17 14:55:00,230.081,230.081,229.8125,229.8821,15637.0
2026-03-17 15:00:00,229.8871,230.0164,229.8374,230.0164,14289.0
2026-03-17 15:05:00,229.9915,230.2153,229.9915,230.1357,15862.0
2026-03-17 15:10:00,230.1357,230.4539,230.0861,230.4092,24159.0
2026-03-17 15:15:00,230.4092,230.5733,230.3644,230.4738,22853.0
2026-03-17 15:20:00,230.4639,230.4639,230.2849,230.3943,24523.0
2026-03-17 15:25:00,230.3943,230.3943,230.0064,230.1556,23018.0
2026-03-17 15:30:00,230.1258,230.2352,229.9517,230.2004,41035.0
2026-03-17 15:35:00,230.2749,230.4142,230.2749,230.3346,26234.0
2026-03-17 15:40:00,230.2948,230.5932,230.265,230.5385,50650.0
2026-03-17 15:45:00,230.5484,230.7423,230.5484,230.623,52885.0
2026-03-17 15:50:00,230.5832,230.623,229.8871,230.1755,137330.0
2026-03-17 15:55:00,230.255,230.439,230.0263,230.1258,265019.0
2026-03-18 09:30:00,230.2749,230.3296,228.8031,229.0567,90060.0
2026-03-18 09:35:00,229.1462,229.8671,228.7236,229.6087,18779.0
2026-03-18 09:40:00,229.728,230.0263,229.5291,229.7429,11173.0
2026-03-18 09:45:00,229.5092,230.0661,229.37,229.7479,15024.0
2026-03-18 09:50:00,229.718,229.8026,229.0866,229.0965,22672.0
2026-03-18 09:55:00,228.9162,229.1562,228.5247,228.8926,38927.0
2026-03-18 10:00:00,228.9424,229.002,228.5247,228.6788,30585.0
2026-03-18 10:05:00,228.6241,229.1375,228.6192,228.6838,25179.0
2026-03-18 10:10:00,228.654,228.7733,227.6098,227.6098,23830.0
2026-03-18 10:15:00,227.5203,227.8236,227.2916,227.5999,59724.0
2026-03-18 10:20:00,227.58,228.3556,227.4906,228.117,82379.0
2026-03-18 10:25:00,228.3358,228.3358,227.401,228.0523,53845.0
2026-03-18 10:30:00,228.0275,228.3407,227.7689,228.0871,25344.0
2026-03-18 10:35:00,228.117,228.1568,227.7988,227.8087,30754.0
2026-03-18 10:40:00,227.8733,228.0573,227.779,227.9231,60673.0
2026-03-18 10:45:00,228.0573,228.4451,228.0474,228.2363,15691.0
2026-03-18 10:50:00,228.3159,228.4153,228.117,228.3656,16544.0
2026-03-18 10:55:00,228.3167,228.654,228.3167,228.6291,15160.0
2026-03-18 11:00:00,228.6291,228.7634,228.3954,228.6241,25829.0
2026-03-18 11:05:00,228.6142,229.1413,228.6142,228.833,15021.0
2026-03-18 11:10:00,228.7236,228.9523,228.7236,228.7335,14579.0
2026-03-18 11:15:00,228.9623,229.0717,228.654,228.654,27536.0
2026-03-18 11:20:00,228.7733,229.012,228.5247,228.9125,26369.0
2026-03-18 11:25:00,229.007,229.2904,228.9424,229.2805,32883.0
2026-03-18 11:30:00,229.186,229.5738,228.8678,229.4297,36057.0
2026-03-18 11:35:00,229.36,229.6186,229.2979,229.5092,14023.0
2026-03-18 11:40:00,229.5092,229.7081,229.3625,229.6435,38309.0
2026-03-18 11:45:00,229.5689,229.6484,229.36,229.5092,12857.0
2026-03-18 11:50:00,229.6037,229.6484,229.5092,229.6037,10440.0
2026-03-18 11:55:00,229.6882,229.7568,229.4297,229.5913,13189.0
2026-03-18 12:00:00,229.5689,229.5838,229.2806,229.5397,14961.0
2026-03-18 12:05:00,229.6087,229.6484,229.4297,229.5589,11240.0
2026-03-18 12:10:00,229.4694,229.9269,229.2733,229.9269,22486.0
2026-03-18 12:15:00,229.8374,230.255,229.7827,230.2252,25866.0
2026-03-18 12:20:00,230.2948,230.5733,230.0959,230.1755,61640.0
2026-03-18 12:25:00,230.1357,230.1357,229.907,230.1357,11266.0
2026-03-18 12:30:00,230.091,230.2451,229.7678,229.9418,17110.0
2026-03-18 12:35:00,229.8672,230.0562,229.6186,229.9219,8364.0
2026-03-18 12:40:00,229.9319,230.4639,229.9216,230.3495,18865.0
2026-03-18 12:45:00,230.3943,230.9114,230.265,230.8617,13985.0
2026-03-18 12:50:00,230.8617,231.4981,230.7622,231.4732,22157.0
2026-03-18 12:55:00,231.4285,231.5627,231.0705,231.0705,21457.0
2026-03-18 13:00:00,231.1302,231.2793,231.0158,231.2296,10515.0
2026-03-18 13:05:00,231.2396,231.3987,231.16,231.2942,23507.0
2026-03-18 13:10:00,231.3191,231.3887,231.1799,231.2197,20148.0
2026-03-18 13:15:00,231.2296,231.3427,231.1799,231.2545,25160.0
2026-03-18 13:20:00,231.339,231.4484,231.1401,231.1401,15584.0
2026-03-18 13:25:00,231.1699,231.2495,230.8816,231.0705,19272.0
2026-03-18 13:30:00,231.1302,231.1799,230.8219,231.1426,16759.0
2026-03-18 13:35:00,231.1575,231.2793,231.155,231.2793,18861.0
2026-03-18 13:40:00,231.2793,231.3738,231.0506,231.3191,24219.0
2026-03-18 13:45:00,231.2893,231.4086,231.1998,231.3129,17895.0
2026-03-18 13:50:00,231.2545,231.3887,231.1898,231.3887,11882.0
2026-03-18 13:55:00,231.3092,231.5081,231.2197,231.5081,12026.0
2026-03-18 14:00:00,231.5578,231.5677,231.2564,231.4981,16698.0
2026-03-18 14:05:00,231.4583,231.6473,231.4285,231.4285,7472.0
2026-03-18 14:10:00,231.6274,231.7766,231.4683,231.6373,12902.0
2026-03-18 14:15:00,231.5081,231.6075,230.9412,231.0208,13555.0
2026-03-18 14:20:00,231.0407,231.1302,230.8618,231.0407,15224.0
2026-03-18 14:25:00,231.0854,231.2694,231.0854,231.2694,6149.0
2026-03-18 14:30:00,231.2396,231.339,230.5434,230.5534,17559.0
2026-03-18 14:35:00,230.6031,230.9611,230.4689,230.7523,17270.0
2026-03-18 14:40:00,230.6976,230.7821,230.4142,230.5235,15758.0
2026-03-18 14:45:00,230.434,230.5186,229.9468,230.151,78834.0
2026-03-18 14:50:00,230.0164,230.2749,229.8075,229.8175,20579.0
2026-03-18 14:55:00,229.8573,230.0114,229.8176,229.9319,16573.0
2026-03-18 15:00:00,229.8473,230.2053,229.8274,230.1755,17203.0
2026-03-18 15:05:00,230.0959,230.0959,229.5291,229.7578,47485.0
2026-03-18 15:10:00,229.7379,229.7379,229.2705,229.5589,28425.0
2026-03-18 15:15:00,229.5639,229.5689,229.2904,229.2904,17476.0
2026-03-18 15:20:00,229.3302,229.4794,229.0368,229.0717,18667.0
2026-03-18 15:25:00,229.007,229.5241,228.9125,229.3849,63731.0
2026-03-18 15:30:00,229.3849,229.5689,229.2208,229.3203,46129.0
2026-03-18 15:35:00,229.3302,229.6385,229.2805,229.4993,44323.0
2026-03-18 15:40:00,229.4993,229.4993,229.3004,229.4396,58148.0
2026-03-18 15:45:00,229.4396,229.4396,229.211,229.2705,62371.0
2026-03-18 15:50:00,229.2308,229.5987,229.186,229.186,81014.0
2026-03-18 15:55:00,229.2805,229.2805,228.5645,228.6241,251806.0
2026-03-19 09:30:00,226.9037,226.9535,225.7502,226.7446,95032.0
2026-03-19 09:35:00,226.7446,227.0579,226.2922,226.9336,40273.0
2026-03-19 09:40:00,226.8959,227.3612,226.6253,227.3562,26122.0
2026-03-19 09:45:00,227.3164,227.5601,227.1225,227.3612,27472.0
2026-03-19 09:50:00,227.3115,227.4358,226.4811,226.7745,28865.0
2026-03-19 09:55:00,226.7347,226.9336,226.3469,226.7944,14902.0
2026-03-19 10:00:00,226.864,227.6943,226.7049,227.3513,18049.0
2026-03-19 10:05:00,227.1126,227.6098,227.0977,227.6098,14218.0
2026-03-19 10:10:00,227.6048,227.8684,226.6949,226.7446,13633.0
2026-03-19 10:15:00,226.7546,227.1225,226.5855,226.9435,26254.0
2026-03-19 10:20:00,226.9783,227.4109,226.5955,226.6502,28637.0
2026-03-19 10:25:00,226.7645,226.7944,226.0237,226.1728,18260.0
2026-03-19 10:30:00,226.0982,227.0728,226.0187,227.0728,31127.0
2026-03-19 10:35:00,227.1524,227.2319,226.3469,226.3767,17700.0
2026-03-19 10:40:00,226.2872,226.8441,226.2872,226.7198,13892.0
2026-03-19 10:45:00,226.7198,226.8441,226.3941,226.6104,12671.0
2026-03-19 10:50:00,226.5756,226.7446,226.3667,226.3966,18258.0
2026-03-19 10:55:00,226.3866,226.5457,226.1877,226.2922,17093.0
2026-03-19 11:00:00,226.3667,226.8142,226.2076,226.7098,23485.0
2026-03-19 11:05:00,226.7596,227.4209,226.6949,226.9584,19431.0
2026-03-19 11:10:00,227.0827,227.0927,226.685,227.0032,20042.0
2026-03-19 11:15:00,226.9236,227.033,226.501,226.5557,36619.0
2026-03-19 11:20:00,226.5756,226.8142,226.327,226.5557,25848.0
2026-03-19 11:25:00,226.5159,226.7148,226.4761,226.7148,11377.0
2026-03-19 11:30:00,226.6352,226.6452,226.2887,226.3618,15016.0
2026-03-19 11:35:00,226.4364,226.496,226.1256,226.1961,22776.0
2026-03-19 11:40:00,226.3071,226.4364,226.0286,226.0982,34128.0
2026-03-19 11:45:00,226.148,226.317,225.7402,226.2574,53982.0
2026-03-19 11:50:00,226.2549,226.3369,226.0784,226.3369,14177.0
2026-03-19 11:55:00,226.3369,226.8242,226.2275,226.8242,59529.0
2026-03-19 12:00:00,226.8192,227.5899,226.7347,227.3513,31997.0
2026-03-19 12:05:00,227.3153,227.6297,227.2568,227.6198,31268.0
2026-03-19 12:10:00,227.5203,227.5402,227.2442,227.4706,22023.0
2026-03-19 12:15:00,227.4507,227.8684,227.4507,227.7888,16988.0
2026-03-19 12:20:00,227.7888,227.8584,227.3414,227.57,15931.0
2026-03-19 12:25:00,227.6396,227.8286,227.5203,227.8087,16144.0
2026-03-19 12:30:00,227.759,228.0076,227.7192,227.8982,15849.0
2026-03-19 12:35:00,227.8982,228.0374,227.6595,228.0275,17672.0
2026-03-19 12:40:00,227.9678,228.296,227.9678,228.1766,22115.0
2026-03-19 12:45:00,228.1418,228.296,227.8932,227.9579,17542.0
2026-03-19 12:50:00,227.9579,227.9877,227.222,227.4507,12921.0
2026-03-19 12:55:00,227.4059,227.58,227.3264,227.4954,15447.0
2026-03-19 13:00:00,227.5004,227.7391,227.4656,227.4656,13322.0
2026-03-19 13:05:00,227.5203,227.7291,227.3363,227.4457,20148.0
2026-03-19 13:10:00,227.4209,227.4385,226.8142,226.9037,30179.0
2026-03-19 13:15:00,227.043,227.1126,226.5855,227.0846,78834.0
2026-03-19 13:20:00,227.0827,227.4109,226.9932,227.2618,20019.0
2026-03-19 13:25:00,227.3363,227.6198,227.1623,227.5253,18089.0
2026-03-19 13:30:00,227.5253,227.5899,227.3065,227.391,25316.0
2026-03-19 13:35:00,227.4308,227.5402,227.2866,227.4943,20705.0
2026-03-19 13:40:00,227.3214,227.6595,227.3214,227.6496,18103.0
2026-03-19 13:45:00,227.7192,227.9352,227.7093,227.9352,18100.0
2026-03-19 13:50:00,227.9181,228.5148,227.9181,228.3855,15368.0
2026-03-19 13:55:00,228.4103,228.4322,228.1766,228.2761,20613.0
2026-03-19 14:00:00,228.2562,228.3059,228.0374,228.1766,43095.0
2026-03-19 14:05:00,228.1965,228.2363,227.9181,228.0573,25428.0
2026-03-19 14:10:00,228.0921,228.3457,227.9892,228.2612,47960.0
2026-03-19 14:15:00,228.2612,228.3159,227.8783,227.8783,29740.0
2026-03-19 14:20:00,227.8485,227.933,227.5402,227.58,37654.0
2026-03-19 14:25:00,227.5303,227.57,227.0231,227.033,31150.0
2026-03-19 14:30:00,227.0032,227.0032,225.9789,226.0634,51796.0
2026-03-19 14:35:00,226.0634,226.5557,225.8099,226.5259,76483.0
2026-03-19 14:40:00,226.5855,226.6253,226.3568,226.4562,18434.0
2026-03-19 14:45:00,226.4264,226.675,226.3667,226.5955,15786.0
2026-03-19 14:50:00,226.5358,226.8938,226.5209,226.8938,12776.0
2026-03-19 14:55:00,226.8938,227.5402,226.8739,227.5004,30470.0
2026-03-19 15:00:00,227.5104,228.5545,227.3811,228.5545,35920.0
2026-03-19 15:05:00,228.5645,229.3302,228.5645,228.8777,49390.0
2026-03-19 15:10:00,228.8529,229.1512,228.3755,228.6142,31232.0
2026-03-19 15:15:00,228.6838,228.7236,227.9678,228.5595,42137.0
2026-03-19 15:20:00,228.4551,228.4551,228.1021,228.2761,21633.0
2026-03-19 15:25:00,228.2065,228.2065,227.7988,227.9231,20302.0
2026-03-19 15:30:00,227.9231,228.1667,227.8286,227.9976,31324.0
2026-03-19 15:35:00,228.0026,228.1568,227.6695,228.1568,24697.0
2026-03-19 15:40:00,228.0772,228.3656,228.0722,228.296,31633.0
2026-03-19 15:45:00,228.2164,228.2512,227.7291,227.9429,41794.0
2026-03-19 15:50:00,227.9081,228.296,227.8485,227.9231,84394.0
2026-03-19 15:55:00,227.9231,228.107,227.6695,227.749,275619.0
2026-03-20 09:30:00,226.6701,228.2264,226.0684,227.7093,1066510.0
2026-03-20 09:35:00,227.3711,227.9778,227.1673,227.401,23661.0
2026-03-20 09:40:00,227.4102,228.0772,227.033,227.9678,113222.0
2026-03-20 09:45:00,227.9678,228.1866,227.3662,227.6297,25509.0
2026-03-20 09:50:00,227.4209,227.4209,226.8888,226.9684,8175.0
2026-03-20 09:55:00,226.9734,227.2319,226.8093,226.8093,22173.0
2026-03-20 10:00:00,226.675,226.675,226.0187,226.1877,23817.0
2026-03-20 10:05:00,226.3469,226.4165,225.9988,226.0286,10366.0
2026-03-20 10:10:00,226.1082,226.1977,225.2331,225.4021,29765.0
2026-03-20 10:15:00,225.2728,225.7402,225.2728,225.6507,14742.0
2026-03-20 10:20:00,225.6507,225.6507,225.1336,225.1734,19379.0
2026-03-20 10:25:00,225.2132,225.2231,224.6563,224.6563,25850.0
2026-03-20 10:30:00,224.6066,225.6408,224.6066,225.5473,29153.0
2026-03-20 10:35:00,225.5836,225.6259,225.1038,225.2331,21856.0
2026-03-20 10:40:00,225.3425,225.4668,225.1237,225.1336,28058.0
2026-03-20 10:45:00,225.1038,225.3773,225.0043,225.3226,10847.0
2026-03-20 10:50:00,225.2331,225.253,224.348,224.4168,20692.0
2026-03-20 10:55:00,224.4723,224.9646,224.1292,224.2883,28020.0
2026-03-20 11:00:00,224.358,224.5469,224.1492,224.1591,28002.0
2026-03-20 11:05:00,224.3281,224.4475,224.0099,224.2983,27644.0
2026-03-20 11:10:00,224.3828,224.8353,224.2287,224.2784,56915.0
2026-03-20 11:15:00,224.348,224.6314,224.2187,224.358,38323.0
2026-03-20 11:20:00,224.3381,225.1336,224.1193,224.2883,69062.0
2026-03-20 11:25:00,224.3381,224.3977,223.5127,223.7016,37147.0
2026-03-20 11:30:00,223.7116,223.8657,223.2342,223.3088,48001.0
2026-03-20 11:35:00,223.3038,223.5525,222.2099,222.2796,106500.0
2026-03-20 11:40:00,222.3591,222.6873,221.7923,221.8022,89125.0
2026-03-20 11:45:00,221.7823,222.3591,221.7624,222.2,75631.0
2026-03-20 11:50:00,222.2149,222.3442,221.7823,221.9414,62729.0
2026-03-20 11:55:00,221.9414,221.9564,220.9669,221.4939,71902.0
2026-03-20 12:00:00,221.4939,221.7923,221.2553,221.6133,49220.0
2026-03-20 12:05:00,221.5635,222.2,221.4044,221.9912,52786.0
2026-03-20 12:10:00,221.9912,222.0707,221.1956,221.3845,35593.0
2026-03-20 12:15:00,221.3845,221.5734,221.126,221.4492,38030.0
2026-03-20 12:20:00,221.4243,221.5188,221.1558,221.2404,39928.0
2026-03-20 12:25:00,221.2254,221.6729,221.0265,221.5536,110266.0
2026-03-20 12:30:00,221.5387,221.6232,220.7879,221.2254,55212.0
2026-03-20 12:35:00,221.2254,221.295,220.8873,220.9619,35629.0
2026-03-20 12:40:00,220.8873,221.3149,220.8873,221.0614,24785.0
2026-03-20 12:45:00,221.0614,221.3149,220.9967,221.1658,32642.0
2026-03-20 12:50:00,221.126,221.2155,220.7193,221.0862,39812.0
2026-03-20 12:55:00,221.0763,221.7227,221.0663,221.3597,30484.0
2026-03-20 13:00:00,221.4442,221.484,221.2155,221.4442,22212.0
2026-03-20 13:05:00,221.4392,221.484,220.763,221.3299,35205.0
2026-03-20 13:10:00,221.2652,221.2652,220.7183,220.8277,121974.0
2026-03-20 13:15:00,220.8724,220.9768,220.41,220.5094,36327.0
2026-03-20 13:20:00,220.5045,220.8177,220.4,220.5989,27507.0
2026-03-20 13:25:00,220.773,220.773,220.41,220.7282,19368.0
2026-03-20 13:30:00,220.7282,220.8078,220.0122,220.0619,26400.0
2026-03-20 13:35:00,220.0222,220.3603,219.9227,220.3155,53716.0
2026-03-20 13:40:00,220.2409,220.579,220.1962,220.4697,26017.0
2026-03-20 13:45:00,220.4846,220.6487,220.3404,220.6089,17191.0
2026-03-20 13:50:00,220.6138,220.7527,220.4,220.6039,20563.0
2026-03-20 13:55:00,220.6039,220.6884,220.1814,220.231,28070.0
2026-03-20 14:00:00,220.231,220.4348,219.4354,219.4851,58607.0
2026-03-20 14:05:00,219.5398,219.9426,219.5398,219.7039,76529.0
2026-03-20 14:10:00,219.6343,219.8531,219.5249,219.7785,32457.0
2026-03-20 14:15:00,219.7735,220.1166,219.7139,219.9376,42916.0
2026-03-20 14:20:00,219.9376,220.0321,219.2763,219.3061,29696.0
2026-03-20 14:25:00,219.4454,220.226,219.4255,219.8183,68823.0
2026-03-20 14:30:00,219.8771,220.1712,219.8183,219.9724,21343.0
2026-03-20 14:35:00,219.878,220.052,219.6343,219.7039,21808.0
2026-03-20 14:40:00,219.684,219.684,219.2365,219.2763,28935.0
2026-03-20 14:45:00,219.326,219.4802,218.8189,218.8189,43388.0
2026-03-20 14:50:00,218.789,219.1172,218.61,218.9631,49634.0
2026-03-20 14:55:00,219.0277,219.0277,218.6299,218.8288,27372.0
2026-03-20 15:00:00,218.8984,219.6726,218.8388,219.5697,56616.0
2026-03-20 15:05:00,219.6144,219.674,219.3261,219.3261,45613.0
2026-03-20 15:10:00,219.515,219.5697,219.1371,219.4057,41758.0
2026-03-20 15:15:00,219.4901,219.5746,219.2266,219.4106,64134.0
2026-03-20 15:20:00,219.4106,219.8531,219.3932,219.52,48744.0
2026-03-20 15:25:00,219.5548,219.9227,219.4354,219.9028,34245.0
2026-03-20 15:30:00,219.9028,220.1117,219.6095,219.6095,78018.0
2026-03-20 15:35:00,219.684,219.7338,218.9481,219.1818,79660.0
2026-03-20 15:40:00,219.157,219.7139,219.1172,219.6095,127794.0
2026-03-20 15:45:00,219.5846,220.052,219.4752,219.8083,167899.0
2026-03-20 15:50:00,219.7039,220.4895,218.9581,220.221,219321.0
2026-03-20 15:55:00,220.2658,220.4796,219.9923,220.4,465161.0
2026-03-23 09:30:00,223.7016,225.243,222.5779,222.6898,101881.0
2026-03-23 09:35:00,222.7867,223.3436,222.2597,223.0403,44078.0
2026-03-23 09:40:00,223.2256,224.2187,223.0552,223.5873,26586.0
2026-03-23 09:45:00,223.7414,224.0994,223.2939,224.0397,49488.0
2026-03-23 09:50:00,223.8856,224.5767,223.8011,223.8508,37393.0
2026-03-23 09:55:00,223.8607,224.8253,223.6121,224.4375,66703.0
2026-03-23 10:00:00,224.3629,225.2131,223.9801,224.0696,48591.0
2026-03-23 10:05:00,223.99,224.1591,223.5823,223.7513,33588.0
2026-03-23 10:10:00,223.7861,223.7861,222.916,223.1447,16695.0
2026-03-23 10:15:00,223.1845,223.9105,223.1845,223.6718,33562.0
2026-03-23 10:20:00,223.8558,225.1933,223.7961,224.9646,83934.0
2026-03-23 10:25:00,224.8005,224.9546,224.0596,224.1591,24378.0
2026-03-23 10:30:00,224.0994,224.0994,223.463,223.7364,27896.0
2026-03-23 10:35:00,223.8558,224.1541,223.5624,223.7513,23757.0
2026-03-23 10:40:00,223.7464,224.3182,223.7265,224.2187,23919.0
2026-03-23 10:45:00,224.0745,224.6463,224.0696,224.3878,18829.0
2026-03-23 10:50:00,224.3182,224.5568,224.1392,224.164,25850.0
2026-03-23 10:55:00,224.2585,224.5469,224.1392,224.5071,23427.0
2026-03-23 11:00:00,224.5054,225.1883,224.4176,225.0938,38586.0
2026-03-23 11:05:00,225.059,225.1335,224.6265,224.6265,41278.0
2026-03-23 11:10:00,224.7209,224.8949,224.5171,224.6165,23976.0
2026-03-23 11:15:00,224.706,224.885,224.2386,224.3928,32918.0
2026-03-23 11:20:00,224.358,224.7657,224.1193,224.7358,28034.0
2026-03-23 11:25:00,224.6463,224.7856,224.2784,224.3082,27453.0
2026-03-23 11:30:00,224.3878,224.5867,224.2685,224.4176,16739.0
2026-03-23 11:35:00,224.4127,224.4127,224.1342,224.2685,17970.0
2026-03-23 11:40:00,224.179,224.179,223.8707,224.169,16916.0
2026-03-23 11:45:00,224.0994,224.179,223.816,224.169,24858.0
2026-03-23 11:50:00,224.0546,224.1392,223.2293,223.2989,19180.0
2026-03-23 11:55:00,223.2044,223.3635,222.558,222.5855,15074.0
2026-03-23 12:00:00,222.6624,222.9657,222.5481,222.6283,24716.0
2026-03-23 12:05:00,222.7569,222.9956,222.5978,222.6674,27694.0
2026-03-23 12:10:00,222.6127,222.8414,222.4188,222.4884,13245.0
2026-03-23 12:15:00,222.4934,222.6226,222.2199,222.3243,14331.0
2026-03-23 12:20:00,222.3244,222.6326,222.1702,222.3342,27416.0
2026-03-23 12:25:00,222.2994,222.5182,222.1006,222.2,29556.0
2026-03-23 12:30:00,222.1901,222.7569,222.1503,222.5679,16407.0
2026-03-23 12:35:00,222.6276,222.9508,222.5978,222.8265,15247.0
2026-03-23 12:40:00,222.8227,222.9852,222.7668,222.8713,14087.0
2026-03-23 12:45:00,222.8911,223.0055,222.7072,222.916,14385.0
2026-03-23 12:50:00,222.9657,223.0154,222.6574,222.8862,11020.0
2026-03-23 12:55:00,222.9657,223.0652,222.6973,222.8563,13353.0
2026-03-23 13:00:00,222.916,222.9657,222.7221,222.7295,21482.0
2026-03-23 13:05:00,222.732,223.3038,222.5928,223.1473,11980.0
2026-03-23 13:10:00,223.2044,223.3038,222.9856,222.9856,10638.0
2026-03-23 13:15:00,222.8911,222.9657,222.6873,222.8961,9514.0
2026-03-23 13:20:00,222.8262,223.2279,222.6823,223.2279,23794.0
2026-03-23 13:25:00,223.1596,223.4132,223.1596,223.2491,10227.0
2026-03-23 13:30:00,223.2293,224.0,223.2293,223.9651,28099.0
2026-03-23 13:35:00,224.1093,224.3381,223.99,224.2088,20847.0
2026-03-23 13:40:00,224.1988,224.2486,223.4729,223.5027,20786.0
2026-03-23 13:45:00,223.4928,223.6916,223.4132,223.5922,16800.0
2026-03-23 13:50:00,223.5823,223.99,223.5226,223.9204,15529.0
2026-03-23 13:55:00,223.9303,224.0099,223.8011,223.8707,17077.0
2026-03-23 14:00:00,223.8309,224.1591,223.7712,224.0298,16090.0
2026-03-23 14:05:00,224.1093,224.1591,223.5624,223.8657,24647.0
2026-03-23 14:10:00,223.9303,224.0496,223.7464,223.9403,13539.0
2026-03-23 14:15:00,223.8508,223.8508,223.4321,223.4321,21923.0
2026-03-23 14:20:00,223.5276,223.5276,223.1258,223.274,32312.0
2026-03-23 14:25:00,223.1944,223.3038,223.0861,223.1149,15794.0
2026-03-23 14:30:00,223.4033,223.7812,223.3038,223.7812,17860.0
2026-03-23 14:35:00,223.9005,224.1889,223.8011,223.8955,26597.0
2026-03-23 14:40:00,223.99,224.0696,223.7315,223.7961,14701.0
2026-03-23 14:45:00,223.811,224.0795,223.7961,223.9801,17822.0
2026-03-23 14:50:00,223.9801,224.0298,223.7563,223.7563,20242.0
2026-03-23 14:55:00,223.7613,223.8309,223.3337,223.3486,25711.0
2026-03-23 15:00:00,223.3486,223.5723,223.3337,223.5624,47920.0
2026-03-23 15:05:00,223.642,223.8806,223.5525,223.8309,26427.0
2026-03-23 15:10:00,223.8308,223.8906,223.5127,223.5723,18701.0
2026-03-23 15:15:00,223.7215,223.7215,223.3734,223.453,13259.0
2026-03-23 15:20:00,223.5127,223.5127,222.9657,223.1497,46782.0
2026-03-23 15:25:00,223.2442,223.3138,222.8663,222.9956,27335.0
2026-03-23 15:30:00,223.0105,223.1845,222.9359,223.0204,22756.0
2026-03-23 15:35:00,223.0204,223.1497,222.8364,223.0254,44306.0
2026-03-23 15:40:00,223.09,223.2143,222.9061,223.0154,42568.0
2026-03-23 15:45:00,223.0602,223.2342,222.7768,222.8166,52581.0
2026-03-23 15:50:00,222.8414,222.9359,222.5083,222.6972,87918.0
2026-03-23 15:55:00,222.6773,222.6773,221.6729,221.7127,309598.0
2026-03-24 09:30:00,219.3857,220.9919,219.3559,220.6089,57295.0
2026-03-24 09:35:00,220.7779,221.2901,220.7779,220.8277,11332.0
2026-03-24 09:40:00,220.8723,221.116,220.7282,220.9221,6332.0
2026-03-24 09:45:00,221.0763,221.2652,220.5393,220.6288,16784.0
2026-03-24 09:50:00,220.5691,221.2553,220.5243,220.8177,19044.0
2026-03-24 09:55:00,220.937,221.126,220.6685,220.6685,33449.0
2026-03-24 10:00:00,220.6089,221.8519,220.5492,221.8519,26632.0
2026-03-24 10:05:00,221.7326,222.4287,221.5039,222.0309,20644.0
2026-03-24 10:10:00,222.0757,222.4834,222.0757,222.2646,21208.0
2026-03-24 10:15:00,222.3541,222.4635,221.4939,221.7227,19991.0
2026-03-24 10:20:00,221.9613,222.1105,221.7326,221.9613,22861.0
2026-03-24 10:25:00,222.0309,223.0353,221.9514,222.5282,26285.0
2026-03-24 10:30:00,222.5481,222.7668,222.4069,222.4069,12584.0
2026-03-24 10:35:00,222.5033,222.5083,221.5337,221.6829,33815.0
2026-03-24 10:40:00,221.6232,221.8321,221.3448,221.5735,50691.0
2026-03-24 10:45:00,221.5735,221.5859,220.9967,220.9967,34447.0
2026-03-24 10:50:00,221.1111,222.4784,220.8277,221.6531,61857.0
2026-03-24 10:55:00,221.5437,222.3342,221.4243,221.5287,14014.0
2026-03-24 11:00:00,221.7823,222.4088,221.7724,222.2696,26290.0
2026-03-24 11:05:00,222.1801,222.5481,222.1801,222.5331,10235.0
2026-03-24 11:10:00,222.5878,222.7072,222.3691,222.4983,17613.0
2026-03-24 11:15:00,222.558,222.8404,222.4784,222.7121,14810.0
2026-03-24 11:20:00,222.7072,223.0602,222.6923,222.9657,16531.0
2026-03-24 11:25:00,223.0353,223.2442,222.8364,223.2442,16903.0
2026-03-24 11:30:00,223.2442,223.4033,222.6873,223.0552,10758.0
2026-03-24 11:35:00,222.9856,223.1745,222.8961,223.0005,11413.0
2026-03-24 11:40:00,222.8962,223.1845,222.8962,223.1646,7323.0
2026-03-24 11:45:00,223.1596,223.3138,222.9956,223.0652,16088.0
2026-03-24 11:50:00,223.1049,223.1049,222.6972,222.8762,13870.0
2026-03-24 11:55:00,222.8066,222.8862,222.3392,222.3989,15040.0
2026-03-24 12:00:00,222.3989,222.4684,222.1602,222.2547,22542.0
2026-03-24 12:05:00,222.1602,222.2646,221.8519,222.2398,35163.0
2026-03-24 12:10:00,222.3641,222.4685,222.3193,222.4685,8022.0
2026-03-24 12:15:00,222.4784,222.7877,222.3094,222.4984,15346.0
2026-03-24 12:20:00,222.5878,222.8016,222.5083,222.5878,22003.0
2026-03-24 12:25:00,222.5083,222.5978,222.4088,222.5878,20177.0
2026-03-24 12:30:00,222.558,222.7619,222.4188,222.4387,13210.0
2026-03-24 12:35:00,222.4586,222.4586,222.0309,222.1702,10896.0
2026-03-24 12:40:00,222.0608,222.6574,222.0608,222.6574,12850.0
2026-03-24 12:45:00,222.7693,223.0751,222.5182,222.5182,8649.0
2026-03-24 12:50:00,222.5282,222.7967,222.5282,222.6674,10699.0
2026-03-24 12:55:00,222.6177,222.6823,222.3293,222.5928,14453.0
2026-03-24 13:00:00,222.5878,222.7967,222.2447,222.2447,21431.0
2026-03-24 13:05:00,222.1552,222.1552,221.9017,221.9017,23309.0
2026-03-24 13:10:00,221.8619,222.0608,221.7724,221.9017,10378.0
2026-03-24 13:15:00,221.9017,222.1702,221.7426,221.9912,25498.0
2026-03-24 13:20:00,221.8619,222.2597,221.8619,222.1473,13516.0
2026-03-24 13:25:00,222.1702,222.3044,221.8122,221.9812,37066.0
2026-03-24 13:30:00,222.021,222.1304,221.6829,221.7227,11233.0
2026-03-24 13:35:00,221.6829,221.9912,221.6829,221.9912,8287.0
2026-03-24 13:40:00,221.9613,221.9762,221.4243,221.4243,11652.0
2026-03-24 13:45:00,221.4243,221.7127,221.4243,221.5536,10655.0
2026-03-24 13:50:00,221.5685,221.8867,221.5188,221.6431,14866.0
2026-03-24 13:55:00,221.5188,222.1999,221.5188,221.9514,14183.0
2026-03-24 14:00:00,222.0011,222.0707,221.7725,221.7923,11638.0
2026-03-24 14:05:00,221.8321,221.9855,221.6232,221.6531,17058.0
2026-03-24 14:10:00,221.6431,221.8967,221.5138,221.5138,18422.0
2026-03-24 14:15:00,221.4741,221.6431,221.3249,221.6431,30753.0
2026-03-24 14:20:00,221.6431,221.7028,221.1956,221.3448,16923.0
2026-03-24 14:25:00,221.3821,221.6083,221.3547,221.3647,25608.0
2026-03-24 14:30:00,221.3547,221.6381,221.2752,221.5039,38056.0
2026-03-24 14:35:00,221.4641,221.8022,221.4641,221.7823,33465.0
2026-03-24 14:40:00,221.7823,221.7823,221.0962,221.2055,19914.0
2026-03-24 14:45:00,221.2055,221.2851,221.0862,221.1956,11459.0
2026-03-24 14:50:00,221.2155,221.3249,220.9983,221.2006,17680.0
2026-03-24 14:55:00,221.1906,221.295,221.0315,221.2752,15714.0
2026-03-24 15:00:00,221.2752,221.5337,221.1857,221.295,34839.0
2026-03-24 15:05:00,221.2254,221.2503,220.9868,221.1359,20497.0
2026-03-24 15:10:00,221.0962,221.2522,221.0067,221.0365,20368.0
2026-03-24 15:15:00,221.1011,221.1011,220.5741,220.6089,49330.0
2026-03-24 15:20:00,220.6288,220.7779,220.4647,220.6387,30745.0
2026-03-24 15:25:00,220.6089,220.6288,220.4299,220.6089,40719.0
2026-03-24 15:30:00,220.5989,220.7382,220.3006,220.6089,58770.0
2026-03-24 15:35:00,220.6188,220.6387,220.3802,220.5741,34143.0
2026-03-24 15:40:00,220.579,220.6238,220.3453,220.3453,47695.0
2026-03-24 15:45:00,220.3006,220.6586,220.1713,220.6586,59651.0
2026-03-24 15:50:00,220.6387,220.7978,220.3105,220.4547,118936.0
2026-03-24 15:55:00,220.3901,220.6089,220.0321,220.3105,456860.0
2026-03-25 09:30:00,222.5779,224.4971,222.2676,224.1491,102339.0
2026-03-25 09:35:00,223.9502,224.1093,223.1746,223.9005,47566.0
2026-03-25 09:40:00,223.6122,224.2088,223.5326,223.632,67561.0
2026-03-25 09:45:00,223.7016,223.9303,223.1746,223.3536,66273.0
2026-03-25 09:50:00,222.8563,223.2541,222.3591,222.8066,28492.0
2026-03-25 09:55:00,222.9558,223.7762,222.9558,223.5624,27234.0
2026-03-25 10:00:00,223.5624,223.8657,222.7271,222.7569,24987.0
2026-03-25 10:05:00,222.3964,222.6872,221.4044,222.0011,121565.0
2026-03-25 10:10:00,221.8221,222.1751,221.7326,222.1751,20814.0
2026-03-25 10:15:00,222.1204,222.6724,222.0309,222.0309,63308.0
2026-03-25 10:20:00,222.1851,222.3352,221.7724,221.7724,13882.0
2026-03-25 10:25:00,221.9762,222.6475,221.9414,222.558,10472.0
2026-03-25 10:30:00,222.558,223.8508,222.5331,223.8508,48497.0
2026-03-25 10:35:00,223.8607,224.1193,223.6569,223.9801,43632.0
2026-03-25 10:40:00,223.8607,224.3166,223.6917,224.0099,33020.0
2026-03-25 10:45:00,224.0696,224.358,223.9502,224.3132,12060.0
2026-03-25 10:50:00,224.189,224.3082,223.9005,223.9204,29752.0
2026-03-25 10:55:00,223.9204,224.1392,223.8011,224.0,15538.0
2026-03-25 11:00:00,224.0161,224.5209,224.0099,224.5209,13657.0
2026-03-25 11:05:00,224.4574,224.895,224.3878,224.8502,29168.0
2026-03-25 11:10:00,224.8552,225.1237,224.6265,224.8651,22190.0
2026-03-25 11:15:00,224.9148,225.0242,223.6718,224.0895,37763.0
2026-03-25 11:20:00,224.1292,225.1187,224.0795,225.0839,21895.0
2026-03-25 11:25:00,225.069,225.069,224.5022,224.9745,34974.0
2026-03-25 11:30:00,224.9745,225.074,224.706,224.9009,56302.0
2026-03-25 11:35:00,224.9745,225.0342,224.6066,224.7856,21009.0
2026-03-25 11:40:00,225.0242,225.4121,225.0143,225.3027,25141.0
2026-03-25 11:45:00,225.4021,225.5414,225.3027,225.3226,19730.0
2026-03-25 11:50:00,225.4121,225.8099,225.3226,225.7502,26860.0
2026-03-25 11:55:00,225.8695,226.3469,225.6806,226.3469,30416.0
2026-03-25 12:00:00,226.3021,226.3021,225.6806,225.9789,31698.0
2026-03-25 12:05:00,226.0187,226.148,225.8198,226.1032,40159.0
2026-03-25 12:10:00,225.9938,226.2076,225.8695,226.2076,18561.0
2026-03-25 12:15:00,226.2027,226.2971,225.7204,226.0784,63654.0
2026-03-25 12:20:00,226.0784,226.1578,225.3723,225.7204,45118.0
2026-03-25 12:25:00,225.7701,225.9988,225.5215,225.601,25895.0
2026-03-25 12:30:00,225.601,225.7999,225.4817,225.6955,24048.0
2026-03-25 12:35:00,225.6955,226.0386,225.5811,225.954,26471.0
2026-03-25 12:40:00,225.8795,225.9789,225.7303,225.78,9810.0
2026-03-25 12:45:00,225.7204,225.7204,225.4519,225.6557,19308.0
2026-03-25 12:50:00,225.6557,225.7303,225.3126,225.3524,20511.0
2026-03-25 12:55:00,225.3723,225.422,225.0938,225.3375,22902.0
2026-03-25 13:00:00,225.422,225.5115,225.1933,225.3972,16500.0
2026-03-25 13:05:00,225.3624,225.432,225.1933,225.2803,18082.0
2026-03-25 13:10:00,225.2728,225.4817,225.1933,225.3624,12638.0
2026-03-25 13:15:00,225.3524,225.4121,225.1833,225.4121,16684.0
2026-03-25 13:20:00,225.4319,225.8397,225.422,225.4916,15690.0
2026-03-25 13:25:00,225.4966,225.7204,225.4966,225.6905,10783.0
2026-03-25 13:30:00,225.7204,225.8198,225.611,225.7402,13745.0
2026-03-25 13:35:00,225.7204,225.8869,225.6807,225.8496,18322.0
2026-03-25 13:40:00,225.8546,226.2275,225.79,226.1181,28041.0
2026-03-25 13:45:00,226.1181,226.1479,225.8496,225.9009,41709.0
2026-03-25 13:50:00,225.8894,226.0784,225.5712,225.6259,25078.0
2026-03-25 13:55:00,225.6522,225.8198,225.3425,225.4966,48515.0
2026-03-25 14:00:00,225.4966,225.5911,225.1137,225.2132,22244.0
2026-03-25 14:05:00,225.1784,225.4817,225.0839,225.4668,26993.0
2026-03-25 14:10:00,225.422,225.5115,225.1436,225.4568,22713.0
2026-03-25 14:15:00,225.5314,226.0386,225.4717,225.7303,30066.0
2026-03-25 14:20:00,225.785,225.79,225.3723,225.4618,22695.0
2026-03-25 14:25:00,225.5314,225.5513,225.3375,225.4469,25207.0
2026-03-25 14:30:00,225.5314,225.5513,225.3077,225.422,18943.0
2026-03-25 14:35:00,225.4278,225.5314,225.3624,225.5314,34889.0
2026-03-25 14:40:00,225.5314,225.6905,225.5016,225.6507,47835.0
2026-03-25 14:45:00,225.6309,225.6309,225.3425,225.4341,18637.0
2026-03-25 14:50:00,225.4021,225.4519,225.2977,225.4071,20139.0
2026-03-25 14:55:00,225.3723,225.5513,225.0242,225.4419,52039.0
2026-03-25 15:00:00,225.4419,225.458,225.2629,225.3872,25508.0
2026-03-25 15:05:00,225.4717,225.6905,225.3822,225.6408,33830.0
2026-03-25 15:10:00,225.601,225.6756,225.1933,225.3275,56737.0
2026-03-25 15:15:00,225.3723,225.5712,225.2728,225.4817,30606.0
2026-03-25 15:20:00,225.4817,225.5911,224.6861,225.1237,106105.0
2026-03-25 15:25:00,225.1336,225.1933,224.6762,224.7756,44320.0
2026-03-25 15:30:00,224.7707,225.0342,224.7219,224.8204,54562.0
2026-03-25 15:35:00,224.885,225.4519,224.7061,225.2728,60264.0
2026-03-25 15:40:00,225.1933,225.3126,225.0342,225.1635,65351.0
2026-03-25 15:45:00,225.1635,225.2679,224.9248,225.0541,47131.0
2026-03-25 15:50:00,225.0043,225.4021,224.6265,224.8253,165170.0
2026-03-25 15:55:00,224.8552,225.0043,224.4475,224.537,300858.0
2026-03-26 09:30:00,223.4331,224.5668,223.1845,224.3679,47797.0
2026-03-26 09:35:00,224.4475,224.7358,223.9502,224.4823,21263.0
2026-03-26 09:40:00,224.4215,225.3624,224.0243,225.3624,11808.0
2026-03-26 09:45:00,225.3922,226.5756,225.1983,226.2275,77898.0
2026-03-26 09:50:00,226.2275,226.6651,225.3773,225.6554,65585.0
2026-03-26 09:55:00,225.7203,225.7203,225.2032,225.6507,8244.0
2026-03-26 10:00:00,225.6458,225.7402,225.2927,225.4419,9314.0
2026-03-26 10:05:00,225.3078,225.4369,224.9447,225.2728,25188.0
2026-03-26 10:10:00,225.3922,225.8695,224.9447,225.8695,12140.0
2026-03-26 10:15:00,225.8596,226.5756,225.6905,226.5408,32590.0
2026-03-26 10:20:00,226.3667,226.7645,226.2474,226.7635,57599.0
2026-03-26 10:25:00,226.5756,226.8341,226.3319,226.8341,36465.0
2026-03-26 10:30:00,226.7049,227.3811,226.7049,227.3214,34720.0
2026-03-26 10:35:00,227.2269,227.2269,226.6104,226.8242,19141.0
2026-03-26 10:40:00,226.8839,227.222,226.4016,226.9037,45926.0
2026-03-26 10:45:00,226.9037,226.9336,226.2574,226.3667,49985.0
2026-03-26 10:50:00,226.4364,226.8341,225.6706,225.6706,22977.0
2026-03-26 10:55:00,225.6706,225.7402,225.3723,225.3723,19544.0
2026-03-26 11:00:00,225.5513,226.0883,225.5513,225.8745,54482.0
2026-03-26 11:05:00,225.7104,226.317,225.6807,226.0187,31895.0
2026-03-26 11:10:00,225.9789,226.4364,225.9789,226.2325,9540.0
2026-03-26 11:15:00,226.3667,226.3667,225.969,226.2474,21035.0
2026-03-26 11:20:00,226.1877,226.2971,225.9796,226.1927,20623.0
2026-03-26 11:25:00,226.2474,226.3767,226.0386,226.0535,14507.0
2026-03-26 11:30:00,226.0535,226.1281,225.5612,226.0734,22212.0
2026-03-26 11:35:00,226.138,226.2474,226.0237,226.0535,16427.0
2026-03-26 11:40:00,225.9839,226.0535,225.4568,225.4568,16958.0
2026-03-26 11:45:00,225.4717,225.6358,225.1336,225.238,23386.0
2026-03-26 11:50:00,225.3922,225.7402,225.3922,225.7154,12786.0
2026-03-26 11:55:00,225.8297,225.8347,225.6507,225.8198,13279.0
2026-03-26 12:00:00,225.78,225.781,225.4619,225.4668,8014.0
2026-03-26 12:05:00,225.5712,226.0485,225.432,226.0087,28856.0
2026-03-26 12:10:00,226.0187,226.317,225.9491,226.2474,23938.0
2026-03-26 12:15:00,226.2922,226.2922,225.7005,226.0087,36147.0
2026-03-26 12:20:00,226.0535,226.2076,225.4021,225.5414,28919.0
2026-03-26 12:25:00,225.3922,225.7701,225.3574,225.7701,12352.0
2026-03-26 12:30:00,225.7005,225.7601,225.5016,225.7104,12021.0
2026-03-26 12:35:00,225.6507,225.7303,225.3226,225.3226,10866.0
2026-03-26 12:40:00,225.3325,225.4419,225.243,225.4369,12993.0
2026-03-26 12:45:00,225.4618,225.5314,225.2554,225.2728,19364.0
2026-03-26 12:50:00,225.243,225.4519,225.2331,225.3077,42808.0
2026-03-26 12:55:00,225.3077,225.8397,225.2728,225.7104,30355.0
2026-03-26 13:00:00,225.8099,226.0585,225.7402,225.8099,19236.0
2026-03-26 13:05:00,225.8894,225.9292,225.5712,225.8397,41344.0
2026-03-26 13:10:00,225.8596,226.0286,225.7204,225.7204,13990.0
2026-03-26 13:15:00,225.7204,225.79,225.5941,225.7726,12485.0
2026-03-26 13:20:00,225.7502,225.7601,225.2132,225.3673,15763.0
2026-03-26 13:25:00,225.432,225.432,225.1137,225.2629,18327.0
2026-03-26 13:30:00,225.3723,225.4519,225.2082,225.3176,10212.0
2026-03-26 13:35:00,225.3574,225.4519,225.1535,225.3425,21649.0
2026-03-26 13:40:00,225.2728,225.3723,225.0541,225.1287,26132.0
2026-03-26 13:45:00,225.2032,225.3624,225.0889,225.0889,7912.0
2026-03-26 13:50:00,225.2032,225.2032,224.9099,224.9099,10064.0
2026-03-26 13:55:00,224.9944,225.1436,224.9099,224.9397,14376.0
2026-03-26 14:00:00,224.9347,225.1933,224.8353,224.9148,22956.0
2026-03-26 14:05:00,224.9447,225.074,224.8651,224.9845,12199.0
2026-03-26 14:10:00,225.0342,225.1833,224.8072,225.074,16093.0
2026-03-26 14:15:00,225.0392,225.2331,225.0342,225.1585,9106.0
2026-03-26 14:20:00,225.1585,225.1585,224.9049,225.0193,21721.0
2026-03-26 14:25:00,225.0043,225.4916,224.9139,225.3425,27735.0
2026-03-26 14:30:00,225.3425,225.5264,225.2828,225.3574,35668.0
2026-03-26 14:35:00,225.3425,225.5612,225.064,225.1833,23853.0
2026-03-26 14:40:00,225.1983,225.253,224.9337,225.253,33149.0
2026-03-26 14:45:00,225.238,225.3425,225.1137,225.248,11823.0
2026-03-26 14:50:00,225.248,225.3425,225.0541,225.3226,24767.0
2026-03-26 14:55:00,225.3524,225.461,225.2432,225.2432,32797.0
2026-03-26 15:00:00,225.2977,225.3524,224.6961,224.7905,37426.0
2026-03-26 15:05:00,224.7905,224.7905,224.5171,224.701,34905.0
2026-03-26 15:10:00,224.6563,224.7856,224.5867,224.7856,26808.0
2026-03-26 15:15:00,224.8055,225.3922,224.6812,225.3822,37132.0
2026-03-26 15:20:00,225.3425,225.422,225.0242,225.0963,37424.0
2026-03-26 15:25:00,225.074,225.1336,224.8254,225.1287,47343.0
2026-03-26 15:30:00,225.1336,225.1635,224.5867,224.8542,48373.0
2026-03-26 15:35:00,224.8552,225.2132,224.8253,224.8701,63717.0
2026-03-26 15:40:00,224.8701,224.9447,224.5867,224.8005,96565.0
2026-03-26 15:45:00,224.8452,225.1833,224.716,225.0093,113361.0
2026-03-26 15:50:00,224.885,225.1336,224.4872,224.5867,190070.0
2026-03-26 15:55:00,224.5966,224.5966,223.7116,223.9502,585746.0
2026-03-27 09:30:00,224.9546,224.9546,223.5077,223.7911,32797.0
2026-03-27 09:35:00,223.7812,224.0198,223.453,224.0198,8526.0
2026-03-27 09:40:00,223.6564,223.811,223.2342,223.7513,34559.0
2026-03-27 09:45:00,223.6469,224.2386,223.4828,223.4828,19694.0
2026-03-27 09:50:00,223.4828,223.5723,222.7469,222.7569,33981.0
2026-03-27 09:55:00,222.737,223.3436,222.4486,223.3436,32973.0
2026-03-27 10:00:00,223.2243,223.8508,223.2243,223.5127,39795.0
2026-03-27 10:05:00,223.5251,223.7712,222.9757,223.7513,53996.0
2026-03-27 10:10:00,223.7165,223.9502,223.5425,223.9204,23245.0
2026-03-27 10:15:00,223.8558,224.4937,223.8558,224.4937,10344.0
2026-03-27 10:20:00,224.5867,224.6662,224.2386,224.2585,34752.0
2026-03-27 10:25:00,224.3182,224.537,223.8607,223.9651,15338.0
2026-03-27 10:30:00,224.0596,224.0696,223.6519,223.7513,12878.0
2026-03-27 10:35:00,223.8408,223.99,223.6867,223.7762,22857.0
2026-03-27 10:40:00,223.7762,224.1092,223.7762,224.0895,16866.0
2026-03-27 10:45:00,224.0795,224.2386,223.6519,224.0348,76151.0
2026-03-27 10:50:00,224.0099,224.1988,223.9602,223.9651,15392.0
2026-03-27 10:55:00,223.9751,224.2386,223.9751,224.169,11020.0
2026-03-27 11:00:00,224.169,224.169,223.9552,224.1491,13535.0
2026-03-27 11:05:00,224.0248,224.3729,223.99,224.0149,31368.0
2026-03-27 11:10:00,223.9154,223.9701,223.4431,223.5425,20189.0
2026-03-27 11:15:00,223.5773,223.6817,223.3536,223.463,34880.0
2026-03-27 11:20:00,223.5276,224.5071,223.5276,223.821,40713.0
2026-03-27 11:25:00,223.8607,224.0497,223.6618,223.7762,19546.0
2026-03-27 11:30:00,223.9105,224.4872,223.806,224.4872,22713.0
2026-03-27 11:35:00,224.4872,224.7856,224.174,224.174,13360.0
2026-03-27 11:40:00,224.1392,224.4325,224.0795,224.3231,24272.0
2026-03-27 11:45:00,224.3231,224.4027,224.169,224.358,18191.0
2026-03-27 11:50:00,224.353,224.5022,223.99,224.179,12368.0
2026-03-27 11:55:00,224.1591,224.1839,223.6917,223.821,12438.0
2026-03-27 12:00:00,223.7464,223.8408,223.5723,223.5723,13671.0
2026-03-27 12:05:00,223.5326,223.6519,223.458,223.4928,14097.0
2026-03-27 12:10:00,223.463,223.6022,223.0254,223.6022,24468.0
2026-03-27 12:15:00,223.6121,223.811,223.4829,223.6618,52873.0
2026-03-27 12:20:00,223.6618,223.7613,223.448,223.448,18131.0
2026-03-27 12:25:00,223.4232,223.5425,223.2193,223.5425,11024.0
2026-03-27 12:30:00,223.6519,223.7315,223.5276,223.7315,7182.0
2026-03-27 12:35:00,223.6618,223.7712,223.4431,223.4828,16907.0
2026-03-27 12:40:00,223.4132,223.4431,222.8961,222.9757,24825.0
2026-03-27 12:45:00,222.9359,223.3038,222.9359,223.3038,11378.0
2026-03-27 12:50:00,223.279,223.279,222.8464,222.8911,16640.0
2026-03-27 12:55:00,222.9727,223.0154,222.8315,222.8713,10177.0
2026-03-27 13:00:00,222.8713,223.2839,222.7569,223.2839,19049.0
2026-03-27 13:05:00,223.2342,223.9701,223.2342,223.6569,14579.0
2026-03-27 13:10:00,223.6569,223.6569,223.2044,223.5425,33929.0
2026-03-27 13:15:00,223.4679,223.6519,223.453,223.5624,9360.0
2026-03-27 13:20:00,223.5624,223.5922,223.4132,223.453,7279.0
2026-03-27 13:25:00,223.448,223.4836,223.1746,223.2939,9556.0
2026-03-27 13:30:00,223.3536,223.4232,223.1994,223.4232,8099.0
2026-03-27 13:35:00,223.4232,223.6817,223.3436,223.463,24602.0
2026-03-27 13:40:00,223.4232,223.6022,223.2641,223.3436,12119.0
2026-03-27 13:45:00,223.4232,223.4232,223.1447,223.3436,8009.0
2026-03-27 13:50:00,223.2442,223.3685,223.1747,223.3436,6718.0
2026-03-27 13:55:00,223.3536,223.3536,223.1348,223.2441,16619.0
2026-03-27 14:00:00,223.1746,223.2641,223.0353,223.0701,8611.0
2026-03-27 14:05:00,223.1049,223.2143,222.9369,223.095,12151.0
2026-03-27 14:10:00,223.0254,223.0403,222.6773,222.6773,23388.0
2026-03-27 14:15:00,222.7967,222.8066,222.558,222.8066,24762.0
2026-03-27 14:20:00,222.7221,222.7867,222.3989,222.4262,9558.0
2026-03-27 14:25:00,222.3492,222.4387,222.2398,222.2598,12174.0
2026-03-27 14:30:00,222.3392,222.4088,222.2994,222.379,9421.0
2026-03-27 14:35:00,222.2994,222.4884,222.2746,222.3193,15087.0
2026-03-27 14:40:00,222.3591,222.6077,222.2895,222.4536,19779.0
2026-03-27 14:45:00,222.4237,222.5207,222.3492,222.3989,17112.0
2026-03-27 14:50:00,222.3889,222.4983,222.379,222.4287,12382.0
2026-03-27 14:55:00,222.4835,222.7072,222.3591,222.7072,17299.0
2026-03-27 15:00:00,222.7072,222.7072,221.8022,221.8022,43228.0
2026-03-27 15:05:00,221.9166,222.1105,221.7923,221.9713,55796.0
2026-03-27 15:10:00,222.0508,222.3392,221.9315,222.2497,28296.0
2026-03-27 15:15:00,222.2298,222.4387,222.1006,222.4088,27666.0
2026-03-27 15:20:00,222.384,222.4685,222.1006,222.1751,29637.0
2026-03-27 15:25:00,222.1901,222.2398,221.9613,222.1901,31163.0
2026-03-27 15:30:00,222.2,222.8166,222.1801,222.7967,46141.0
2026-03-27 15:35:00,222.7768,222.7768,222.3989,222.4287,30761.0
2026-03-27 15:40:00,222.4635,222.4684,221.8022,221.8718,41756.0
2026-03-27 15:45:00,221.8171,221.9315,221.4442,221.8818,68763.0
2026-03-27 15:50:00,221.9116,222.0608,221.4442,221.8509,97365.0
2026-03-27 15:55:00,221.8519,222.2696,221.7823,221.9017,284625.0
2026-03-30 09:30:00,224.5469,225.0938,223.8707,224.1889,50558.0
2026-03-30 09:35:00,223.8906,224.0696,223.3138,223.3536,46688.0
2026-03-30 09:40:00,223.3055,223.463,222.8762,223.3088,56073.0
2026-03-30 09:45:00,223.4232,223.5823,222.2847,222.4586,45532.0
2026-03-30 09:50:00,222.3492,222.7967,222.3492,222.4983,12673.0
2026-03-30 09:55:00,222.5978,222.9906,222.3989,222.6525,29650.0
2026-03-30 10:00:00,222.7867,223.7414,222.7768,223.6917,52965.0
2026-03-30 10:05:00,223.6817,223.6917,223.0602,223.274,21286.0
2026-03-30 10:10:00,223.4232,223.4331,222.9782,223.2342,15826.0
2026-03-30 10:15:00,223.1049,223.1646,222.7867,222.9011,16763.0
2026-03-30 10:20:00,222.916,223.1149,222.6873,223.1049,14455.0
2026-03-30 10:25:00,223.1049,223.2143,222.9061,223.0353,19098.0
2026-03-30 10:30:00,223.0851,223.5226,222.9806,223.1139,22730.0
2026-03-30 10:35:00,223.1049,223.463,222.9061,223.269,19235.0
2026-03-30 10:40:00,223.3138,223.4132,223.0353,223.0403,14487.0
2026-03-30 10:45:00,223.1447,223.5401,222.7121,223.4411,39186.0
2026-03-30 10:50:00,223.2989,223.2989,222.8911,223.1447,13501.0
2026-03-30 10:55:00,223.1149,223.6022,223.0254,223.5525,16808.0
2026-03-30 11:00:00,223.6221,223.7016,223.3337,223.5127,17462.0
2026-03-30 11:05:00,223.5823,223.6519,222.8066,222.8812,16318.0
2026-03-30 11:10:00,222.9956,223.458,222.9309,223.4331,13109.0
2026-03-30 11:15:00,223.458,223.458,222.7668,223.2939,28680.0
2026-03-30 11:20:00,223.5226,223.5823,223.3436,223.4132,12699.0
2026-03-30 11:25:00,223.4132,223.5027,223.1746,223.1845,8152.0
2026-03-30 11:30:00,223.2143,223.7712,222.8961,223.7712,16552.0
2026-03-30 11:35:00,223.8309,223.99,223.7016,223.7464,7952.0
2026-03-30 11:40:00,223.7812,223.8806,223.7364,223.7486,12513.0
2026-03-30 11:45:00,223.8707,224.0248,223.6022,223.632,16121.0
2026-03-30 11:50:00,223.5823,224.0745,223.5525,224.0099,13190.0
2026-03-30 11:55:00,223.8955,223.9303,223.6718,223.811,12321.0
2026-03-30 12:00:00,223.8508,223.8554,223.2243,223.2342,11474.0
2026-03-30 12:05:00,223.2193,223.4878,223.1348,223.3337,30554.0
2026-03-30 12:10:00,223.3486,223.6319,223.3486,223.4679,5811.0
2026-03-30 12:15:00,223.5127,223.6121,223.3038,223.3834,9599.0
2026-03-30 12:20:00,223.4182,223.4198,222.8762,222.982,7620.0
2026-03-30 12:25:00,222.9707,223.0751,222.7967,223.0055,10337.0
2026-03-30 12:30:00,222.9061,223.3337,222.9061,223.1298,10454.0
2026-03-30 12:35:00,223.1149,223.2243,222.9458,223.2243,15815.0
2026-03-30 12:40:00,223.1895,223.1895,223.0353,223.0453,9021.0
2026-03-30 12:45:00,223.0453,223.0453,222.7271,222.7569,25120.0
2026-03-30 12:50:00,222.7569,223.0552,222.6077,222.6077,15133.0
2026-03-30 12:55:00,222.6574,222.9061,222.4436,222.9061,13963.0
2026-03-30 13:00:00,222.9757,223.0851,222.7668,222.7668,7168.0
2026-03-30 13:05:00,222.8961,223.1049,222.8961,223.1049,9703.0
2026-03-30 13:10:00,223.1139,223.1139,222.9259,222.9657,10443.0
2026-03-30 13:15:00,222.9458,222.9458,222.5779,222.5779,15753.0
2026-03-30 13:20:00,222.5381,222.7569,222.4586,222.6823,19578.0
2026-03-30 13:25:00,222.6773,222.9259,222.6376,222.733,9862.0
2026-03-30 13:30:00,222.6923,222.6923,221.9812,221.9812,30767.0
2026-03-30 13:35:00,222.1006,222.4884,221.9613,222.2398,19447.0
2026-03-30 13:40:00,222.2945,222.4784,222.1552,222.4784,17006.0
2026-03-30 13:45:00,222.3492,222.6673,222.2447,222.3691,20044.0
2026-03-30 13:50:00,222.3889,222.5779,222.3392,222.5282,15395.0
2026-03-30 13:55:00,222.5282,222.5829,222.3889,222.4685,12944.0
2026-03-30 14:00:00,222.4834,222.7867,222.4834,222.6574,18819.0
2026-03-30 14:05:00,222.6226,222.6226,222.2447,222.2696,13357.0
2026-03-30 14:10:00,222.3144,222.6276,222.3094,222.6276,26611.0
2026-03-30 14:15:00,222.6326,222.6983,222.5679,222.6773,8931.0
2026-03-30 14:20:00,222.6425,222.7171,222.3899,222.5381,18398.0
2026-03-30 14:25:00,222.4735,222.7619,222.375,222.6177,21289.0
2026-03-30 14:30:00,222.6077,222.8961,222.6077,222.7554,16252.0
2026-03-30 14:35:00,222.7519,222.9384,222.4784,222.4784,26399.0
2026-03-30 14:40:00,222.4198,222.6674,222.3889,222.5779,16567.0
2026-03-30 14:45:00,222.6475,222.8066,222.4983,222.6823,25547.0
2026-03-30 14:50:00,222.6823,222.7271,222.4586,222.5083,19184.0
2026-03-30 14:55:00,222.4784,222.5878,222.3889,222.5232,15872.0
2026-03-30 15:00:00,222.5232,222.7668,222.4387,222.6326,44148.0
2026-03-30 15:05:00,222.5729,222.6574,221.9117,222.026,34230.0
2026-03-30 15:10:00,221.9862,222.0608,221.7624,221.9762,21276.0
2026-03-30 15:15:00,221.9514,222.1204,221.9514,222.0309,20483.0
2026-03-30 15:20:00,222.0309,222.0309,221.6282,221.6332,32180.0
2026-03-30 15:25:00,221.6916,221.7127,221.3746,221.6779,33295.0
2026-03-30 15:30:00,221.6779,221.7426,221.4641,221.7226,23012.0
2026-03-30 15:35:00,221.7227,221.9365,221.5984,221.6829,29814.0
2026-03-30 15:40:00,221.7326,221.9116,221.6928,221.6928,35810.0
2026-03-30 15:45:00,221.7923,221.9315,221.5138,221.7028,49025.0
2026-03-30 15:50:00,221.7624,222.2298,221.663,222.1652,120553.0
2026-03-30 15:55:00,222.2,222.4586,222.0608,222.1801,285211.0
2026-03-31 09:30:00,224.4127,224.701,223.6718,223.7762,45631.0
2026-03-31 09:35:00,223.7712,223.8508,223.0254,223.6121,26704.0
2026-03-31 09:40:00,223.5446,224.0895,223.3437,223.5276,27216.0
2026-03-31 09:45:00,223.5525,224.0,223.2044,224.0,18623.0
2026-03-31 09:50:00,223.7116,223.9105,223.2889,223.8607,16979.0
2026-03-31 09:55:00,223.8607,224.0,223.3983,223.6121,14090.0
2026-03-31 10:00:00,223.6611,223.7165,222.8464,223.0801,24315.0
2026-03-31 10:05:00,223.2442,223.4878,223.0751,223.2243,33242.0
2026-03-31 10:10:00,223.1944,223.3933,223.0851,223.3237,17044.0
2026-03-31 10:15:00,223.4033,223.4232,222.7569,223.129,17047.0
2026-03-31 10:20:00,222.9757,223.1845,222.4586,222.8464,23688.0
2026-03-31 10:25:00,222.737,223.1149,222.7271,222.9707,13080.0
2026-03-31 10:30:00,222.9707,223.1895,222.6873,223.0254,10369.0
2026-03-31 10:35:00,222.9657,223.1547,222.5679,222.6425,14509.0
2026-03-31 10:40:00,222.6574,222.6624,222.0608,222.0906,19333.0
2026-03-31 10:45:00,222.1602,222.1602,221.842,221.8867,10695.0
2026-03-31 10:50:00,221.7923,221.7923,221.2652,221.663,35913.0
2026-03-31 10:55:00,221.6332,221.7525,220.8873,221.3005,12840.0
2026-03-31 11:00:00,221.3249,221.8818,221.295,221.8818,9012.0
2026-03-31 11:05:00,221.9812,222.4685,221.9812,222.3939,16563.0
2026-03-31 11:10:00,222.3939,223.1348,222.2597,223.0503,11781.0
2026-03-31 11:15:00,223.1586,223.1586,222.8563,222.9856,13251.0
2026-03-31 11:20:00,222.8762,222.8862,222.4188,222.5481,12639.0
2026-03-31 11:25:00,222.5381,222.8414,222.0508,222.0707,19464.0
2026-03-31 11:30:00,221.9116,222.0608,221.7525,222.0608,11127.0
2026-03-31 11:35:00,222.1204,222.1801,222.0309,222.0906,9543.0
2026-03-31 11:40:00,222.0757,222.1006,221.8619,222.1006,10059.0
2026-03-31 11:45:00,222.0558,222.2099,221.842,222.205,13636.0
2026-03-31 11:50:00,222.1105,222.3318,221.9564,221.9564,13691.0
2026-03-31 11:55:00,221.9663,222.0906,221.7228,221.9613,12229.0
2026-03-31 12:00:00,221.9414,222.2696,221.9166,222.1751,12909.0
2026-03-31 12:05:00,222.1702,222.7867,222.1702,222.6773,11952.0
2026-03-31 12:10:00,222.6475,222.6475,222.1453,222.3641,10924.0
2026-03-31 12:15:00,222.4685,222.6525,222.2497,222.2746,8636.0
2026-03-31 12:20:00,222.2497,222.6276,222.195,222.6276,13067.0
2026-03-31 12:25:00,222.6276,222.6624,222.4387,222.4387,8202.0
2026-03-31 12:30:00,222.4536,222.6755,222.3591,222.5878,8356.0
2026-03-31 12:35:00,222.6425,223.4878,222.5282,223.4878,16020.0
2026-03-31 12:40:00,223.632,225.422,223.632,224.2535,42313.0
2026-03-31 12:45:00,224.0795,224.0795,222.8461,223.3138,23698.0
2026-03-31 12:50:00,223.3337,223.9105,223.0851,223.2939,17278.0
2026-03-31 12:55:00,223.274,223.5525,223.0751,223.453,9222.0
2026-03-31 13:00:00,223.5525,224.2486,223.5127,224.0348,22482.0
2026-03-31 13:05:00,223.9751,223.9751,223.3933,223.3933,30481.0
2026-03-31 13:10:00,223.3933,223.7712,223.3237,223.6817,11355.0
2026-03-31 13:15:00,223.6768,224.0298,223.642,223.8906,10821.0
2026-03-31 13:20:00,223.8906,224.0497,223.6618,223.8359,9981.0
2026-03-31 13:25:00,223.821,223.8408,223.5723,223.8408,16490.0
2026-03-31 13:30:00,223.7812,224.1889,223.6817,224.164,13536.0
2026-03-31 13:35:00,224.2535,224.2535,223.5624,223.7215,27388.0
2026-03-31 13:40:00,223.6966,224.0596,223.6966,223.9801,22194.0
2026-03-31 13:45:00,223.9502,224.2983,223.9502,224.0696,19665.0
2026-03-31 13:50:00,224.0845,224.2635,224.0498,224.1839,11161.0
2026-03-31 13:55:00,224.2486,224.2486,223.9005,224.0845,15225.0
2026-03-31 14:00:00,224.1342,224.4077,223.9801,223.99,14369.0
2026-03-31 14:05:00,224.0198,224.2685,224.0198,224.1889,15306.0
2026-03-31 14:10:00,224.1839,224.1839,223.8309,224.0149,16007.0
2026-03-31 14:15:00,224.0546,224.3381,224.0546,224.2983,10971.0
2026-03-31 14:20:00,224.2336,224.2585,223.8856,223.8856,15642.0
2026-03-31 14:25:00,223.9204,224.1044,223.8599,224.0596,14911.0
2026-03-31 14:30:00,223.9502,224.0197,223.8408,223.9403,12296.0
2026-03-31 14:35:00,223.8707,224.1656,223.8611,223.9502,14403.0
2026-03-31 14:40:00,223.9204,223.9602,223.7513,223.8359,15770.0
2026-03-31 14:45:00,223.9303,224.0397,223.6918,223.8359,14170.0
2026-03-31 14:50:00,223.8906,224.21,223.8906,224.0497,14318.0
2026-03-31 14:55:00,224.0944,224.0944,223.9303,223.9602,13049.0
2026-03-31 15:00:00,223.9353,224.1391,223.9005,224.0825,14238.0
2026-03-31 15:05:00,223.9801,224.0497,223.7712,224.0397,26246.0
2026-03-31 15:10:00,224.1292,224.3679,224.1292,224.3132,14856.0
2026-03-31 15:15:00,224.358,224.6165,224.2883,224.5668,20843.0
2026-03-31 15:20:00,224.6066,224.7458,224.4375,224.4375,30525.0
2026-03-31 15:25:00,224.4872,224.4972,224.2983,224.4077,26497.0
2026-03-31 15:30:00,224.4574,224.706,224.4375,224.6613,28479.0
2026-03-31 15:35:00,224.6563,225.064,224.6563,224.9745,35907.0
2026-03-31 15:40:00,224.9049,225.1436,224.895,225.064,30074.0
2026-03-31 15:45:00,225.0342,225.3574,224.9745,225.0193,43202.0
2026-03-31 15:50:00,225.1336,225.2728,224.358,224.5668,129715.0
2026-03-31 15:55:00,224.537,224.8452,224.2187,224.6762,376353.0
