datetime,open,high,low,close,volume
2026-03-02 09:30:00,187.4489,187.4489,187.2301,187.2649,709.0
2026-03-02 09:35:00,187.0958,188.5133,186.7526,187.5583,34660.0
2026-03-02 09:40:00,187.0808,187.7225,185.5986,187.5384,10518.0
2026-03-02 09:45:00,187.3992,187.8966,186.2651,186.3895,13700.0
2026-03-02 09:50:00,186.5138,186.5635,185.8672,186.3447,12191.0
2026-03-02 09:55:00,186.3546,186.8023,185.8175,186.0661,9228.0
2026-03-02 10:00:00,186.0811,186.0811,184.0865,185.2902,20087.0
2026-03-02 10:05:00,185.3201,185.4195,183.793,183.793,16005.0
2026-03-02 10:10:00,184.0368,184.6426,184.0268,184.2532,13245.0
2026-03-02 10:15:00,184.0368,185.3201,183.8876,184.2656,12070.0
2026-03-02 10:20:00,184.2855,184.375,184.0567,184.2556,6295.0
2026-03-02 10:25:00,184.186,184.5143,183.2608,183.4697,12063.0
2026-03-02 10:30:00,183.7881,184.0467,182.9823,182.9823,25211.0
2026-03-02 10:35:00,183.042,184.0367,183.0121,183.8478,9371.0
2026-03-02 10:40:00,183.8478,184.0368,183.3603,183.7831,11639.0
2026-03-02 10:45:00,183.6027,184.0567,183.6027,183.9074,17717.0
2026-03-02 10:50:00,183.7483,184.1462,183.5692,183.808,8543.0
2026-03-02 10:55:00,183.7184,184.4546,183.4001,184.3849,12714.0
2026-03-02 11:00:00,184.4645,185.0316,183.9572,184.3103,19468.0
2026-03-02 11:05:00,184.3153,184.3302,183.9373,183.9671,10255.0
2026-03-02 11:10:00,183.9771,184.564,183.8279,184.5242,9551.0
2026-03-02 11:15:00,184.2954,184.3949,183.8677,184.1164,6547.0
2026-03-02 11:20:00,184.1661,184.1661,183.5792,183.9472,21793.0
2026-03-02 11:25:00,183.9472,184.176,183.7184,183.9622,9228.0
2026-03-02 11:30:00,183.808,184.0069,183.4399,183.4996,3748.0
2026-03-02 11:35:00,183.4996,183.808,183.231,183.6025,13749.0
2026-03-02 11:40:00,183.609,183.7582,183.4399,183.4946,4293.0
2026-03-02 11:45:00,183.4498,183.6786,183.1564,183.2708,9604.0
2026-03-02 11:50:00,183.4697,183.619,182.6888,182.6888,9993.0
2026-03-02 11:55:00,182.5646,182.7734,182.2461,182.3208,12892.0
2026-03-02 12:00:00,182.3481,182.853,182.2064,182.2163,13099.0
2026-03-02 12:05:00,182.1765,182.2014,181.5498,181.6393,26973.0
2026-03-02 12:10:00,181.6493,181.8283,181.0524,181.5,11877.0
2026-03-02 12:15:00,181.5,182.1865,181.5,181.8383,10906.0
2026-03-02 12:20:00,182.087,182.087,181.1718,181.3856,11714.0
2026-03-02 12:25:00,181.3359,181.5896,181.3359,181.4006,4929.0
2026-03-02 12:30:00,181.4254,181.9378,181.3762,181.6493,8279.0
2026-03-02 12:35:00,181.5896,181.9179,181.5846,181.7985,7021.0
2026-03-02 12:40:00,181.7985,182.1268,181.6393,182.087,11594.0
2026-03-02 12:45:00,182.1069,182.5744,182.0472,182.5297,13347.0
2026-03-02 12:50:00,182.6341,182.9316,182.6243,182.6739,11641.0
2026-03-02 12:55:00,182.7933,182.9723,182.6043,182.8928,9502.0
2026-03-02 13:00:00,182.8629,183.1116,182.5048,182.5048,5941.0
2026-03-02 13:05:00,182.455,182.7933,182.3904,182.5545,7263.0
2026-03-02 13:10:00,182.5645,182.5993,182.2262,182.465,5390.0
2026-03-02 13:15:00,182.3854,182.5147,181.9925,182.1566,6895.0
2026-03-02 13:20:00,182.1168,182.3791,181.9974,182.1765,15726.0
2026-03-02 13:25:00,182.2511,182.3455,181.8482,182.1565,7250.0
2026-03-02 13:30:00,182.0522,182.2859,181.888,182.0621,15559.0
2026-03-02 13:35:00,182.0571,182.3058,182.0571,182.2064,6402.0
2026-03-02 13:40:00,182.2113,182.4053,182.1168,182.3158,12065.0
2026-03-02 13:45:00,182.3158,182.7137,182.2262,182.5844,10065.0
2026-03-02 13:50:00,182.654,182.6739,182.4053,182.4053,8150.0
2026-03-02 13:55:00,182.5197,182.8132,182.3655,182.4749,17890.0
2026-03-02 14:00:00,182.6441,182.853,182.5446,182.7734,5549.0
2026-03-02 14:05:00,182.8231,183.808,182.8231,183.808,13459.0
2026-03-02 14:10:00,183.8377,184.2855,183.7881,184.1661,11454.0
2026-03-02 14:15:00,184.0965,184.7928,184.0965,184.6933,8530.0
2026-03-02 14:20:00,184.7928,185.1211,184.7928,184.9022,7189.0
2026-03-02 14:25:00,185.2305,185.2305,184.2657,184.8724,8844.0
2026-03-02 14:30:00,184.8127,185.0415,184.6734,184.8227,8110.0
2026-03-02 14:35:00,184.8426,185.2305,184.8426,185.0163,4512.0
2026-03-02 14:40:00,185.0465,185.0465,184.6436,184.8227,13636.0
2026-03-02 14:45:00,184.7928,185.0017,184.7679,184.9818,5496.0
2026-03-02 14:50:00,184.8823,185.131,184.8326,185.0465,5879.0
2026-03-02 14:55:00,185.0564,185.529,184.9818,185.2479,9601.0
2026-03-02 15:00:00,185.2604,185.529,185.1865,185.519,5146.0
2026-03-02 15:05:00,185.4295,185.5091,184.8326,184.8426,11306.0
2026-03-02 15:10:00,184.8624,184.8624,184.5093,184.6237,14533.0
2026-03-02 15:15:00,184.6635,185.0913,184.6138,184.9719,8631.0
2026-03-02 15:20:00,184.8426,185.1609,184.753,185.0266,15069.0
2026-03-02 15:25:00,184.9022,185.2106,184.8326,184.8326,9788.0
2026-03-02 15:30:00,184.8376,185.0117,184.7132,184.8127,14465.0
2026-03-02 15:35:00,184.8127,185.1111,184.6585,184.9669,16081.0
2026-03-02 15:40:00,185.0316,185.3598,184.9719,185.3598,19273.0
2026-03-02 15:45:00,185.3797,185.6881,185.3648,185.5489,25451.0
2026-03-02 15:50:00,185.5787,186.1457,185.519,185.8771,30221.0
2026-03-02 15:55:00,185.8274,186.4442,185.8075,186.285,122669.0
2026-03-03 09:30:00,183.5095,183.8876,182.4948,183.032,25990.0
2026-03-03 09:35:00,182.664,183.5592,182.2959,182.7137,27249.0
2026-03-03 09:40:00,182.8032,182.8977,181.0524,181.515,32425.0
2026-03-03 09:45:00,181.2513,182.6192,180.6346,181.8035,15888.0
2026-03-03 09:50:00,181.7836,182.6142,181.7786,182.0621,11918.0
2026-03-03 09:55:00,182.0571,182.3257,180.4555,180.8037,11130.0
2026-03-03 10:00:00,180.7738,181.1917,178.5953,178.7644,26499.0
2026-03-03 10:05:00,178.6151,178.8837,177.3418,177.3866,32024.0
2026-03-03 10:10:00,177.6701,178.2918,176.5559,176.8046,188387.0
2026-03-03 10:15:00,176.7648,177.3717,176.4466,176.9339,22350.0
2026-03-03 10:20:00,176.735,177.103,175.7899,176.8792,210546.0
2026-03-03 10:25:00,176.8792,177.5973,176.7549,177.1677,21380.0
2026-03-03 10:30:00,177.1031,177.4363,176.2873,176.6654,22046.0
2026-03-03 10:35:00,176.7947,176.8046,176.1779,176.4266,14107.0
2026-03-03 10:40:00,176.347,177.1154,176.2077,176.6455,27994.0
2026-03-03 10:45:00,176.5012,177.4761,176.3918,177.4761,16669.0
2026-03-03 10:50:00,177.3518,177.6601,177.1329,177.5955,10150.0
2026-03-03 10:55:00,177.5308,177.9835,177.2125,177.6353,12424.0
2026-03-03 11:00:00,177.8492,178.3267,177.2324,178.3267,17157.0
2026-03-03 11:05:00,178.3267,179.2717,178.0481,179.1523,18841.0
2026-03-03 11:10:00,179.2717,179.9581,179.2195,179.8089,27452.0
2026-03-03 11:15:00,179.7343,180.177,179.6696,179.6696,21245.0
2026-03-03 11:20:00,179.6696,180.3759,179.6,180.3262,15384.0
2026-03-03 11:25:00,180.3162,180.4456,179.7691,180.0427,19119.0
2026-03-03 11:30:00,180.0377,180.0377,179.222,179.5204,9945.0
2026-03-03 11:35:00,179.5701,179.6199,178.8439,179.0379,9155.0
2026-03-03 11:40:00,179.0379,179.1822,178.7843,179.0429,7039.0
2026-03-03 11:45:00,179.0131,179.7393,179.0131,179.4508,6576.0
2026-03-03 11:50:00,179.4408,179.8089,179.3811,179.7442,6411.0
2026-03-03 11:55:00,179.6895,179.799,179.5204,179.6099,6579.0
2026-03-03 12:00:00,179.5105,179.6497,179.2319,179.2319,8896.0
2026-03-03 12:05:00,179.3264,179.6497,179.2717,179.3463,9252.0
2026-03-03 12:10:00,179.2518,179.7791,179.212,179.7393,6718.0
2026-03-03 12:15:00,179.7492,180.0377,179.6497,180.0377,7406.0
2026-03-03 12:20:00,179.7492,180.6346,179.7492,180.2267,8770.0
2026-03-03 12:25:00,180.1969,180.3958,180.0775,180.3958,9144.0
2026-03-03 12:30:00,180.3162,180.3162,179.7094,179.789,9038.0
2026-03-03 12:35:00,179.7194,179.8487,179.212,179.3513,8763.0
2026-03-03 12:40:00,179.3712,179.5403,179.3115,179.4607,4926.0
2026-03-03 12:45:00,179.4607,179.8686,179.4607,179.7741,5229.0
2026-03-03 12:50:00,179.7741,180.0874,179.1576,179.3811,10474.0
2026-03-03 12:55:00,179.3811,180.0278,179.3811,180.0278,6455.0
2026-03-03 13:00:00,179.8984,180.545,179.8984,180.366,8619.0
2026-03-03 13:05:00,180.4854,180.7241,180.4058,180.5102,7299.0
2026-03-03 13:10:00,180.5102,180.7241,180.0576,180.1429,13788.0
2026-03-03 13:15:00,180.3162,180.8037,180.2963,180.6744,5677.0
2026-03-03 13:20:00,180.6624,180.7937,180.3272,180.5053,11242.0
2026-03-03 13:25:00,180.4903,180.6943,180.4555,180.5053,7513.0
2026-03-03 13:30:00,180.4456,181.0623,180.4257,180.7341,12465.0
2026-03-03 13:35:00,180.7142,181.0126,180.4257,180.8286,7876.0
2026-03-03 13:40:00,180.8435,181.2016,180.8335,180.943,7576.0
2026-03-03 13:45:00,180.9727,181.1817,180.8982,181.1718,6346.0
2026-03-03 13:50:00,181.1718,181.316,181.0574,181.0972,7626.0
2026-03-03 13:55:00,181.0524,181.3508,180.9629,181.2215,6508.0
2026-03-03 14:00:00,181.3807,181.3807,180.9479,181.2315,6472.0
2026-03-03 14:05:00,181.2315,181.2315,180.8932,180.9828,5634.0
2026-03-03 14:10:00,180.9927,181.4354,180.9529,181.4354,9235.0
2026-03-03 14:15:00,181.4304,181.7935,181.4304,181.7935,4733.0
2026-03-03 14:20:00,181.7239,181.7985,181.3409,181.4603,10235.0
2026-03-03 14:25:00,181.4901,181.5697,181.2722,181.4502,7916.0
2026-03-03 14:30:00,181.3608,181.6891,181.2911,181.3011,9552.0
2026-03-03 14:35:00,181.326,181.9726,181.326,181.7985,7533.0
2026-03-03 14:40:00,181.8582,182.2859,181.79,182.0323,6820.0
2026-03-03 14:45:00,182.0969,182.1268,181.6194,181.6194,10082.0
2026-03-03 14:50:00,181.699,182.0074,181.6791,181.898,7245.0
2026-03-03 14:55:00,181.8383,181.8383,181.4105,181.5398,11551.0
2026-03-03 15:00:00,181.5398,181.8283,181.3623,181.3757,6895.0
2026-03-03 15:05:00,181.3608,181.709,181.2513,181.6891,11881.0
2026-03-03 15:10:00,181.7388,181.9179,181.5896,181.888,9294.0
2026-03-03 15:15:00,181.7388,181.7736,181.5199,181.7228,10167.0
2026-03-03 15:20:00,181.7686,181.8482,181.4205,181.5896,8721.0
2026-03-03 15:25:00,181.51,181.6393,181.3906,181.4205,7687.0
2026-03-03 15:30:00,181.3807,181.5199,181.3309,181.4304,14489.0
2026-03-03 15:35:00,181.4304,181.6692,181.4304,181.5896,12105.0
2026-03-03 15:40:00,181.5697,181.6692,181.321,181.3608,15912.0
2026-03-03 15:45:00,181.3608,181.4702,181.2613,181.3011,28254.0
2026-03-03 15:50:00,181.2712,181.2712,180.4356,180.8236,57856.0
2026-03-03 15:55:00,180.8186,180.9927,180.4157,180.5848,133244.0
2026-03-04 09:30:00,180.3461,182.1467,180.0079,181.4304,19159.0
2026-03-04 09:35:00,181.4105,181.4105,180.3063,180.9927,7736.0
2026-03-04 09:40:00,181.0822,181.3235,180.2864,181.0623,7189.0
2026-03-04 09:45:00,181.0574,181.0922,179.7094,179.7592,10740.0
2026-03-04 09:50:00,179.6099,180.3759,179.5701,180.3759,8459.0
2026-03-04 09:55:00,180.1521,181.51,179.9581,181.0872,7553.0
2026-03-04 10:00:00,181.51,182.5446,181.0872,182.5003,18458.0
2026-03-04 10:05:00,182.5018,182.8729,181.6493,182.0472,26746.0
2026-03-04 10:10:00,182.0969,182.9226,181.9079,182.4485,9784.0
2026-03-04 10:15:00,182.4376,183.1464,182.4202,183.0718,20311.0
2026-03-04 10:20:00,183.0569,183.6985,182.9027,183.5593,10193.0
2026-03-04 10:25:00,183.4001,183.8527,182.4756,182.7336,11514.0
2026-03-04 10:30:00,182.5506,182.5506,181.4304,181.5995,17930.0
2026-03-04 10:35:00,181.3508,181.9378,181.1021,181.5995,5872.0
2026-03-04 10:40:00,181.5,181.5,180.9131,181.1718,10580.0
2026-03-04 10:45:00,181.1767,181.6294,180.9181,181.51,12555.0
2026-03-04 10:50:00,181.51,181.8383,181.2812,181.5995,10720.0
2026-03-04 10:55:00,181.7786,181.7786,181.4404,181.5647,9784.0
2026-03-04 11:00:00,181.5648,181.8383,181.2911,181.2911,16708.0
2026-03-04 11:05:00,181.2762,181.2762,180.9728,181.1817,10530.0
2026-03-04 11:10:00,181.2117,181.4404,181.1021,181.122,7758.0
2026-03-04 11:15:00,181.1121,181.4603,180.9828,181.4603,9416.0
2026-03-04 11:20:00,181.2513,181.6244,181.1618,181.6244,7494.0
2026-03-04 11:25:00,181.5498,181.7587,181.3608,181.51,10927.0
2026-03-04 11:30:00,181.4901,181.8482,181.4404,181.6095,11201.0
2026-03-04 11:35:00,181.6393,181.8184,181.4155,181.7985,11783.0
2026-03-04 11:40:00,181.6592,181.8134,181.4105,181.4105,7664.0
2026-03-04 11:45:00,181.505,181.6791,181.4304,181.5249,10399.0
2026-03-04 11:50:00,181.5299,181.5896,181.2016,181.5199,7249.0
2026-03-04 11:55:00,181.5398,181.6294,181.0922,181.4055,11857.0
2026-03-04 12:00:00,181.4702,181.5796,181.311,181.3508,9700.0
2026-03-04 12:05:00,181.3011,181.6194,181.2911,181.4652,7223.0
2026-03-04 12:10:00,181.4652,181.7885,181.3558,181.7686,10121.0
2026-03-04 12:15:00,181.7736,181.9527,181.5647,181.5946,10278.0
2026-03-04 12:20:00,181.5398,181.6493,181.2315,181.3807,8298.0
2026-03-04 12:25:00,181.3956,181.5681,181.2911,181.4752,7910.0
2026-03-04 12:30:00,181.5697,181.6493,181.1917,181.6493,7923.0
2026-03-04 12:35:00,181.7786,181.8482,181.5597,181.7985,6283.0
2026-03-04 12:40:00,181.8084,181.8283,181.6493,181.7488,6238.0
2026-03-04 12:45:00,181.7885,181.8184,181.6692,181.7537,3568.0
2026-03-04 12:50:00,181.8283,181.9278,181.7288,181.9278,9166.0
2026-03-04 12:55:00,181.9179,182.2959,181.7587,181.9974,19036.0
2026-03-04 13:00:00,182.0969,182.1548,181.9278,182.082,6826.0
2026-03-04 13:05:00,182.087,182.2561,181.9378,182.2461,5702.0
2026-03-04 13:10:00,182.2561,182.5135,182.2163,182.3954,4008.0
2026-03-04 13:15:00,182.3954,182.5446,182.3556,182.4003,3746.0
2026-03-04 13:20:00,182.4003,182.46,182.1914,182.2064,5572.0
2026-03-04 13:25:00,182.2362,182.311,182.1019,182.266,5518.0
2026-03-04 13:30:00,182.266,182.3556,181.9676,182.1293,6812.0
2026-03-04 13:35:00,182.1118,182.1467,181.9179,181.9179,6967.0
2026-03-04 13:40:00,181.9676,181.9676,181.4603,181.4603,14882.0
2026-03-04 13:45:00,181.4603,181.7786,181.4503,181.7139,7450.0
2026-03-04 13:50:00,181.6493,181.6493,181.4304,181.5,5325.0
2026-03-04 13:55:00,181.5299,181.6294,181.3906,181.5597,4519.0
2026-03-04 14:00:00,181.4921,181.5892,181.3309,181.5892,8390.0
2026-03-04 14:05:00,181.618,181.8184,181.5398,181.6194,6344.0
2026-03-04 14:10:00,181.5747,181.709,181.3508,181.6493,4702.0
2026-03-04 14:15:00,181.6194,181.8383,181.6194,181.8184,7742.0
2026-03-04 14:20:00,181.7587,181.8283,181.6592,181.8283,4439.0
2026-03-04 14:25:00,181.7686,181.7686,181.4603,181.4901,7694.0
2026-03-04 14:30:00,181.4901,181.7885,181.4901,181.7885,6844.0
2026-03-04 14:35:00,181.7885,181.9378,181.7537,181.8433,5867.0
2026-03-04 14:40:00,181.8482,182.1193,181.8482,181.9577,15701.0
2026-03-04 14:45:00,182.0074,182.1715,181.8582,182.082,12711.0
2026-03-04 14:50:00,182.2262,182.4053,182.2262,182.3854,3343.0
2026-03-04 14:55:00,182.3655,182.4849,182.3556,182.3705,5912.0
2026-03-04 15:00:00,182.5545,182.8629,182.3058,182.7435,9526.0
2026-03-04 15:05:00,182.8629,182.8629,182.276,182.4352,4897.0
2026-03-04 15:10:00,182.4452,182.5993,182.3655,182.5744,7305.0
2026-03-04 15:15:00,182.5048,182.7236,182.4849,182.6142,12527.0
2026-03-04 15:20:00,182.6142,182.664,182.0472,182.5545,45007.0
2026-03-04 15:25:00,182.6441,182.7037,182.3765,182.455,12079.0
2026-03-04 15:30:00,182.4849,182.8281,182.4849,182.5694,21110.0
2026-03-04 15:35:00,182.6142,182.9027,182.5694,182.6092,13461.0
2026-03-04 15:40:00,182.5943,182.8082,182.5545,182.5845,19493.0
2026-03-04 15:45:00,182.649,182.7137,181.9676,181.9875,28486.0
2026-03-04 15:50:00,181.9875,182.5446,181.5796,182.4799,48992.0
2026-03-04 15:55:00,182.4352,182.8729,181.898,182.0969,168742.0
2026-03-05 09:30:00,180.2765,182.2461,179.2806,182.2461,24398.0
2026-03-05 09:35:00,182.1765,182.2461,181.0425,181.7935,9252.0
2026-03-05 09:40:00,181.898,182.7336,180.7738,180.8236,5818.0
2026-03-05 09:45:00,180.8236,180.8236,179.5602,180.2267,10141.0
2026-03-05 09:50:00,180.3461,181.1917,180.3461,180.7788,6297.0
2026-03-05 09:55:00,180.5251,181.2812,180.4681,181.2712,5778.0
2026-03-05 10:00:00,181.1021,181.1558,180.3859,180.5848,8313.0
2026-03-05 10:05:00,180.739,181.3956,180.2864,180.5699,9626.0
2026-03-05 10:10:00,180.6047,180.6047,179.8387,180.2566,10168.0
2026-03-05 10:15:00,180.4058,180.7738,179.8586,180.0128,9242.0
2026-03-05 10:20:00,179.9681,180.3411,179.5602,179.9581,10462.0
2026-03-05 10:25:00,180.167,180.3461,179.7592,180.2466,9146.0
2026-03-05 10:30:00,179.9183,180.2566,179.033,179.0479,13873.0
2026-03-05 10:35:00,178.9136,179.1722,178.7246,178.9235,16316.0
2026-03-05 10:40:00,178.8638,179.1891,178.8042,178.9534,7653.0
2026-03-05 10:45:00,179.1523,179.2219,178.8241,178.9036,13938.0
2026-03-05 10:50:00,178.8638,179.4707,178.8638,179.3115,7039.0
2026-03-05 10:55:00,179.1324,179.2419,178.6549,178.9235,12235.0
2026-03-05 11:00:00,178.8439,179.222,178.7047,178.8241,15882.0
2026-03-05 11:05:00,178.8937,178.9832,178.5654,178.8937,9388.0
2026-03-05 11:10:00,178.8937,179.023,178.3664,178.3664,14876.0
2026-03-05 11:15:00,178.2966,178.8042,178.267,178.5555,19422.0
2026-03-05 11:20:00,178.5704,178.5704,177.9188,177.9188,14746.0
2026-03-05 11:25:00,177.9088,178.5356,177.69,178.4858,24147.0
2026-03-05 11:30:00,178.4858,178.8439,178.1774,178.4411,22317.0
2026-03-05 11:35:00,178.4411,178.4659,177.8691,177.8989,11959.0
2026-03-05 11:40:00,177.9188,178.0979,177.4313,177.9984,21908.0
2026-03-05 11:45:00,177.9039,178.257,177.9039,178.257,4857.0
2026-03-05 11:50:00,178.262,178.6848,178.068,178.6848,8649.0
2026-03-05 11:55:00,178.9136,179.59,178.8042,179.4806,10295.0
2026-03-05 12:00:00,179.5005,179.6995,179.1822,179.411,6639.0
2026-03-05 12:05:00,179.4259,179.6,179.1772,179.3612,5481.0
2026-03-05 12:10:00,179.3413,179.3413,178.5754,178.9285,26537.0
2026-03-05 12:15:00,179.0131,179.1324,178.8042,178.9385,3979.0
2026-03-05 12:20:00,178.9385,179.0628,178.8638,179.0131,5518.0
2026-03-05 12:25:00,178.8539,178.8539,178.446,178.6898,11447.0
2026-03-05 12:30:00,178.6798,178.6848,178.4311,178.4311,4370.0
2026-03-05 12:35:00,178.3963,178.4858,177.9884,178.262,12965.0
2026-03-05 12:40:00,178.262,178.635,178.0879,178.1078,4431.0
2026-03-05 12:45:00,178.2222,178.2968,178.0183,178.1476,13167.0
2026-03-05 12:50:00,178.1476,178.3863,178.0232,178.0481,12346.0
2026-03-05 12:55:00,178.0481,178.0916,177.5806,177.6751,8775.0
2026-03-05 13:00:00,177.6751,177.8392,177.2523,177.4909,12445.0
2026-03-05 13:05:00,177.4214,177.6004,176.919,177.2523,17954.0
2026-03-05 13:10:00,177.2423,177.506,177.1031,177.2324,6212.0
2026-03-05 13:15:00,177.123,177.7596,177.0633,177.7596,35890.0
2026-03-05 13:20:00,177.8492,178.3764,177.69,178.2272,9920.0
2026-03-05 13:25:00,178.1376,178.3266,177.7397,177.7397,4158.0
2026-03-05 13:30:00,177.9088,178.1874,177.8243,178.0083,13150.0
2026-03-05 13:35:00,177.9984,178.1476,177.8193,178.0904,6132.0
2026-03-05 13:40:00,178.0929,178.5306,178.0282,178.5057,8663.0
2026-03-05 13:45:00,178.4958,178.5853,178.257,178.456,5094.0
2026-03-05 13:50:00,178.461,178.6649,178.0581,178.5654,12679.0
2026-03-05 13:55:00,178.6002,178.7047,178.1924,178.1924,5944.0
2026-03-05 14:00:00,178.2073,178.4261,178.2073,178.4261,7710.0
2026-03-05 14:05:00,178.446,178.5604,178.1874,178.2819,5893.0
2026-03-05 14:10:00,178.3664,178.7544,178.0481,178.67,16523.0
2026-03-05 14:15:00,178.7445,179.0728,178.6798,178.9832,28077.0
2026-03-05 14:20:00,179.0031,179.1125,178.7146,179.0578,6873.0
2026-03-05 14:25:00,179.0529,179.1921,178.8142,178.9434,7836.0
2026-03-05 14:30:00,178.9186,179.003,178.7445,178.9584,6578.0
2026-03-05 14:35:00,178.9335,178.9534,178.4659,178.5306,5828.0
2026-03-05 14:40:00,178.3466,178.4958,178.2421,178.3963,6572.0
2026-03-05 14:45:00,178.3316,178.5853,178.3267,178.4958,6316.0
2026-03-05 14:50:00,178.4908,178.7047,178.3664,178.3664,7695.0
2026-03-05 14:55:00,178.4062,178.6251,178.2869,178.4659,7777.0
2026-03-05 15:00:00,178.4467,178.4759,178.0083,178.2123,19763.0
2026-03-05 15:05:00,178.3515,178.7445,178.1675,178.6201,10270.0
2026-03-05 15:10:00,178.7246,178.9136,178.6649,178.8937,9375.0
2026-03-05 15:15:00,178.8539,179.033,178.6052,178.9235,12242.0
2026-03-05 15:20:00,178.9932,179.5701,178.8837,179.4657,9713.0
2026-03-05 15:25:00,179.5701,179.6895,179.3911,179.3911,10792.0
2026-03-05 15:30:00,179.3612,179.3811,178.8837,179.1125,32824.0
2026-03-05 15:35:00,179.1125,179.3662,178.9932,179.0368,18513.0
2026-03-05 15:40:00,179.1225,179.3016,178.9534,179.212,24633.0
2026-03-05 15:45:00,179.212,179.3513,178.8937,178.9932,30272.0
2026-03-05 15:50:00,178.9932,179.5851,178.5853,179.4806,64254.0
2026-03-05 15:55:00,179.4806,179.8188,179.3762,179.8089,141168.0
2026-03-06 09:30:00,180.5152,180.5152,178.1774,178.1774,23374.0
2026-03-06 09:35:00,178.1774,179.5005,177.6801,178.6549,14099.0
2026-03-06 09:40:00,178.6649,178.9733,177.7895,178.6301,8620.0
2026-03-06 09:45:00,178.2869,178.4808,177.8293,178.3167,8524.0
2026-03-06 09:50:00,178.2272,179.8089,178.2172,179.1523,12024.0
2026-03-06 09:55:00,178.9932,179.1921,178.068,178.068,8818.0
2026-03-06 10:00:00,178.1774,178.6947,177.5706,177.8492,11464.0
2026-03-06 10:05:00,177.7497,178.0282,177.2622,178.0282,9710.0
2026-03-06 10:10:00,177.5905,178.1774,177.5905,178.0133,11365.0
2026-03-06 10:15:00,177.8691,178.5604,177.6601,177.8541,13204.0
2026-03-06 10:20:00,177.8442,178.1277,177.5109,178.0332,8526.0
2026-03-06 10:25:00,178.0332,178.2272,177.7515,177.9138,25036.0
2026-03-06 10:30:00,177.9735,178.3863,177.899,178.1874,19406.0
2026-03-06 10:35:00,178.257,178.456,177.8591,178.0382,11694.0
2026-03-06 10:40:00,177.8591,178.0481,177.6204,178.0183,23308.0
2026-03-06 10:45:00,178.0232,178.0232,177.5706,177.6135,11978.0
2026-03-06 10:50:00,177.6452,177.9387,177.5109,177.9387,13250.0
2026-03-06 10:55:00,177.9387,178.7992,177.9387,178.6599,8262.0
2026-03-06 11:00:00,178.8241,179.1026,178.6549,178.7693,8008.0
2026-03-06 11:05:00,178.7246,178.7246,178.0083,178.4162,7543.0
2026-03-06 11:10:00,178.4261,178.4759,177.9337,178.0879,5449.0
2026-03-06 11:15:00,177.9486,178.4261,177.8193,178.2073,7253.0
2026-03-06 11:20:00,178.3167,178.3366,177.7994,178.0083,8543.0
2026-03-06 11:25:00,178.1177,178.2172,177.9586,178.1675,7649.0
2026-03-06 11:30:00,178.3664,178.5697,177.8193,177.8193,7914.0
2026-03-06 11:35:00,178.1575,178.7345,178.0581,178.6699,4390.0
2026-03-06 11:40:00,178.6947,178.7644,178.4958,178.4958,3860.0
2026-03-06 11:45:00,178.6947,179.3115,178.6947,179.2319,16282.0
2026-03-06 11:50:00,179.2269,179.3811,179.0628,179.1424,5494.0
2026-03-06 11:55:00,179.1424,179.3911,179.0131,179.1076,8718.0
2026-03-06 12:00:00,179.0628,179.1523,178.7644,178.9932,9040.0
2026-03-06 12:05:00,178.8439,178.9832,178.2172,178.2769,6367.0
2026-03-06 12:10:00,178.5555,178.635,178.2172,178.3466,5690.0
2026-03-06 12:15:00,178.3466,179.1573,178.3466,179.1573,14994.0
2026-03-06 12:20:00,179.1573,179.4806,179.0529,179.3364,5012.0
2026-03-06 12:25:00,179.3364,179.3364,179.0628,179.2518,4135.0
2026-03-06 12:30:00,179.1026,179.3712,179.0926,179.2817,30093.0
2026-03-06 12:35:00,179.2419,179.2419,178.4858,178.5704,11262.0
2026-03-06 12:40:00,178.5704,178.5704,177.9443,178.073,5170.0
2026-03-06 12:45:00,178.073,178.2869,177.9188,178.1376,12049.0
2026-03-06 12:50:00,177.9785,178.4784,177.9785,178.0929,6108.0
2026-03-06 12:55:00,178.0282,178.1476,177.9586,178.1177,5859.0
2026-03-06 13:00:00,178.1774,178.7644,178.1774,178.7644,7621.0
2026-03-06 13:05:00,178.8241,178.8738,178.7097,178.8638,2580.0
2026-03-06 13:10:00,178.7843,179.0429,178.6849,178.9534,4837.0
2026-03-06 13:15:00,178.8638,179.3413,178.8589,179.3229,7766.0
2026-03-06 13:20:00,179.2419,179.3811,179.0429,179.1125,4644.0
2026-03-06 13:25:00,179.1424,179.401,179.1424,179.3214,5665.0
2026-03-06 13:30:00,179.3314,179.6,178.8837,179.0678,7432.0
2026-03-06 13:35:00,179.033,179.3115,178.7342,179.3115,7723.0
2026-03-06 13:40:00,179.1697,179.4906,179.0628,179.3911,4108.0
2026-03-06 13:45:00,179.4209,179.5005,179.2817,179.4707,6545.0
2026-03-06 13:50:00,179.6298,179.6298,179.1722,179.3413,4062.0
2026-03-06 13:55:00,179.3314,179.5105,179.1324,179.1324,5424.0
2026-03-06 14:00:00,179.2021,179.2817,178.9633,179.0678,8916.0
2026-03-06 14:05:00,179.0678,179.212,179.0031,179.1623,6835.0
2026-03-06 14:10:00,179.1523,179.4408,178.9444,179.0652,10949.0
2026-03-06 14:15:00,179.0041,179.2717,178.9886,179.2319,7273.0
2026-03-06 14:20:00,179.1324,179.1523,178.8042,178.9534,7826.0
2026-03-06 14:25:00,178.5763,179.1474,178.5754,178.9335,8724.0
2026-03-06 14:30:00,178.8241,179.3314,178.8241,179.2468,7260.0
2026-03-06 14:35:00,179.2468,179.6597,179.2021,179.3214,7407.0
2026-03-06 14:40:00,179.212,179.4607,179.1026,179.1722,3821.0
2026-03-06 14:45:00,179.1623,179.1978,179.0529,179.1978,2866.0
2026-03-06 14:50:00,179.0926,179.5751,178.9832,179.5105,8235.0
2026-03-06 14:55:00,179.5403,179.5602,179.3612,179.401,5137.0
2026-03-06 15:00:00,179.3861,179.6587,179.2667,179.2767,5767.0
2026-03-06 15:05:00,179.2667,179.5005,179.212,179.411,5379.0
2026-03-06 15:10:00,179.3214,179.3762,178.5455,178.5455,12304.0
2026-03-06 15:15:00,178.7395,178.8738,178.4361,178.6947,10315.0
2026-03-06 15:20:00,178.6151,178.6549,178.3565,178.5654,12742.0
2026-03-06 15:25:00,178.5654,178.8241,178.3366,178.3863,16856.0
2026-03-06 15:30:00,178.2968,178.5754,178.2869,178.3566,20264.0
2026-03-06 15:35:00,178.4162,178.4162,178.0183,178.2419,53292.0
2026-03-06 15:40:00,178.2719,178.554,178.257,178.3565,22546.0
2026-03-06 15:45:00,178.3565,178.456,178.1476,178.3814,24901.0
2026-03-06 15:50:00,178.3267,178.7445,178.0083,178.3466,49095.0
2026-03-06 15:55:00,178.4162,178.456,178.0183,178.2471,122280.0
2026-03-09 09:30:00,177.0235,177.1926,174.9145,175.4815,26522.0
2026-03-09 09:35:00,175.0936,175.0936,174.1386,174.1883,16279.0
2026-03-09 09:40:00,174.1585,174.4768,173.5119,174.4172,21961.0
2026-03-09 09:45:00,174.2281,175.7501,174.0093,175.0836,16589.0
2026-03-09 09:50:00,175.0836,175.1269,174.5913,174.7553,8476.0
2026-03-09 09:55:00,174.6894,175.392,174.5862,175.3124,15110.0
2026-03-09 10:00:00,175.1931,175.5512,174.6559,174.8946,7782.0
2026-03-09 10:05:00,174.7852,174.7852,173.6312,173.6312,13992.0
2026-03-09 10:10:00,173.7755,173.7805,172.9548,173.2184,18428.0
2026-03-09 10:15:00,173.2184,173.9098,173.0841,173.4522,10382.0
2026-03-09 10:20:00,173.3527,173.5318,173.094,173.2433,25570.0
2026-03-09 10:25:00,173.1408,173.3975,172.915,172.9946,12916.0
2026-03-09 10:30:00,172.9946,174.3425,172.9946,174.3375,19916.0
2026-03-09 10:35:00,174.3375,174.5265,174.0391,174.2182,15069.0
2026-03-09 10:40:00,174.2381,174.9245,174.1087,174.4768,13731.0
2026-03-09 10:45:00,174.3873,174.6658,174.2381,174.3475,6986.0
2026-03-09 10:50:00,174.3873,175.6507,174.258,175.3025,22037.0
2026-03-09 10:55:00,175.4343,175.8098,175.1533,175.3721,13649.0
2026-03-09 11:00:00,175.4268,175.8198,175.203,175.6109,11267.0
2026-03-09 11:05:00,175.7103,176.2276,175.7103,176.0784,15813.0
2026-03-09 11:10:00,176.1282,176.4266,175.8894,175.9342,18861.0
2026-03-09 11:15:00,176.0088,176.357,175.9491,176.3371,12448.0
2026-03-09 11:20:00,176.2973,176.3669,175.6308,175.7203,16047.0
2026-03-09 11:25:00,175.6308,175.6308,175.0239,175.1582,10936.0
2026-03-09 11:30:00,175.1533,175.4169,174.9842,175.0737,13633.0
2026-03-09 11:35:00,175.0438,175.2279,174.9344,175.1433,11796.0
2026-03-09 11:40:00,175.0836,175.3721,175.0637,175.1931,4209.0
2026-03-09 11:45:00,175.0438,175.1732,174.1585,174.4519,20718.0
2026-03-09 11:50:00,174.2928,174.3873,173.6113,173.6312,16038.0
2026-03-09 11:55:00,173.865,174.7355,173.7506,174.5663,16222.0
2026-03-09 12:00:00,174.4072,174.8448,174.3375,174.7157,22436.0
2026-03-09 12:05:00,174.7156,175.2925,174.7156,175.1234,30202.0
2026-03-09 12:10:00,175.0836,175.8297,175.0737,175.8297,28308.0
2026-03-09 12:15:00,175.5412,176.1381,175.5213,175.78,11882.0
2026-03-09 12:20:00,175.9789,175.9789,175.4915,175.7999,14153.0
2026-03-09 12:25:00,175.7501,175.9988,175.5412,175.7302,9385.0
2026-03-09 12:30:00,175.7601,175.7601,175.4418,175.7302,8004.0
2026-03-09 12:35:00,175.6009,175.8994,175.5014,175.8994,7706.0
2026-03-09 12:40:00,175.8994,175.8994,175.6208,175.7601,6192.0
2026-03-09 12:45:00,175.78,175.9292,175.6507,175.7501,10127.0
2026-03-09 12:50:00,175.8198,175.9392,175.5313,175.6258,8332.0
2026-03-09 12:55:00,175.5014,175.6009,175.1732,175.3224,13796.0
2026-03-09 13:00:00,175.3821,175.591,175.3025,175.402,20733.0
2026-03-09 13:05:00,175.392,175.6507,175.3821,175.4567,14142.0
2026-03-09 13:10:00,175.5711,175.7402,175.3423,175.6706,12057.0
2026-03-09 13:15:00,175.591,175.6507,174.9095,175.004,36812.0
2026-03-09 13:20:00,175.004,175.0239,174.5862,174.6509,10428.0
2026-03-09 13:25:00,174.6509,174.6608,173.8506,174.0341,17837.0
2026-03-09 13:30:00,173.9247,174.4171,173.9247,174.1147,21785.0
2026-03-09 13:35:00,174.1087,174.1286,173.6909,173.9247,29576.0
2026-03-09 13:40:00,173.9247,174.2182,173.7009,173.7506,13106.0
2026-03-09 13:45:00,173.8401,174.1087,173.7755,173.875,35758.0
2026-03-09 13:50:00,173.9595,174.1187,173.8103,173.9894,18393.0
2026-03-09 13:55:00,173.9595,174.059,173.7705,173.9894,10181.0
2026-03-09 14:00:00,174.049,174.5066,173.3925,174.4072,16259.0
2026-03-09 14:05:00,174.5166,174.8349,174.4768,174.6608,15882.0
2026-03-09 14:10:00,174.6608,174.9543,174.3387,174.8051,9938.0
2026-03-09 14:15:00,174.8051,175.3821,174.6857,175.2826,9580.0
2026-03-09 14:20:00,175.0936,175.591,175.0936,175.4119,15843.0
2026-03-09 14:25:00,175.397,175.5711,175.2826,175.3721,13523.0
2026-03-09 14:30:00,175.4517,175.9789,175.4418,175.9789,20044.0
2026-03-09 14:35:00,176.0187,176.1182,175.9292,176.0536,11862.0
2026-03-09 14:40:00,176.1182,176.1182,175.8795,176.0138,16132.0
2026-03-09 14:45:00,176.0138,176.1083,175.5631,175.581,18865.0
2026-03-09 14:50:00,175.6407,175.6606,175.2726,175.2726,10019.0
2026-03-09 14:55:00,175.203,175.2726,175.0438,175.1035,7858.0
2026-03-09 15:00:00,175.203,175.4617,175.0836,175.3224,11472.0
2026-03-09 15:05:00,175.3224,175.591,175.2627,175.5114,16553.0
2026-03-09 15:10:00,175.4716,175.7203,175.402,175.6805,16653.0
2026-03-09 15:15:00,175.6805,176.5659,175.5711,176.4266,61939.0
2026-03-09 15:20:00,176.5858,177.3916,176.4465,176.9936,42009.0
2026-03-09 15:25:00,176.9638,177.4114,176.7549,177.4114,19201.0
2026-03-09 15:30:00,177.3916,177.8094,176.9638,177.8094,22858.0
2026-03-09 15:35:00,177.8492,178.3366,177.5806,178.3018,25025.0
2026-03-09 15:40:00,178.2172,178.257,177.8193,177.9238,25578.0
2026-03-09 15:45:00,177.8193,177.8392,177.4413,177.7248,29530.0
2026-03-09 15:50:00,177.68,177.6999,177.113,177.297,42337.0
2026-03-09 15:55:00,177.2921,177.6402,176.9737,177.6005,171910.0
2026-03-10 09:30:00,178.7743,179.0429,177.3319,178.0929,21119.0
2026-03-10 09:35:00,177.8193,178.1874,176.0486,176.0784,16653.0
2026-03-10 09:40:00,176.3271,176.3271,173.4721,174.5564,18739.0
2026-03-10 09:45:00,174.1137,174.4669,173.9894,174.1684,13285.0
2026-03-10 09:50:00,174.0391,174.248,173.0344,173.1587,36813.0
2026-03-10 09:55:00,173.1587,173.2134,171.9343,172.0097,27297.0
2026-03-10 10:00:00,171.9998,172.4095,171.3532,171.4725,24468.0
2026-03-10 10:05:00,171.3532,172.0793,171.0647,171.4526,28935.0
2026-03-10 10:10:00,171.4825,172.0395,171.1641,171.3034,19682.0
2026-03-10 10:15:00,171.5272,171.7809,171.2935,171.6914,11093.0
2026-03-10 10:20:00,171.8008,172.2783,171.7411,171.7411,10633.0
2026-03-10 10:25:00,171.7411,171.95,171.4029,171.4029,12250.0
2026-03-10 10:30:00,171.4825,171.8356,171.4427,171.4775,17466.0
2026-03-10 10:35:00,171.4775,171.8207,171.4029,171.4875,17165.0
2026-03-10 10:40:00,171.572,172.4673,171.4924,172.3479,25266.0
2026-03-10 10:45:00,172.338,172.726,171.9998,172.6563,18990.0
2026-03-10 10:50:00,172.6464,173.2831,172.3181,173.0617,25130.0
2026-03-10 10:55:00,173.2333,173.492,172.9137,173.293,14081.0
2026-03-10 11:00:00,173.3825,173.8003,173.2632,173.6113,12751.0
2026-03-10 11:05:00,173.7025,173.7506,173.3328,173.3328,12300.0
2026-03-10 11:10:00,173.3328,173.7755,173.1438,173.7705,9706.0
2026-03-10 11:15:00,173.7904,173.8899,173.5318,173.5964,10461.0
2026-03-10 11:20:00,173.5318,174.049,173.492,173.6263,10955.0
2026-03-10 11:25:00,173.6263,173.9297,173.492,173.492,9056.0
2026-03-10 11:30:00,173.5417,173.8799,173.3726,173.7108,7576.0
2026-03-10 11:35:00,173.4721,173.5516,173.094,173.3179,12743.0
2026-03-10 11:40:00,173.4621,173.9695,173.4621,173.8003,13725.0
2026-03-10 11:45:00,173.8998,174.1983,173.8998,174.1784,7872.0
2026-03-10 11:50:00,174.2231,174.3674,174.1087,174.258,3458.0
2026-03-10 11:55:00,174.1784,174.6658,174.1784,174.6385,7928.0
2026-03-10 12:00:00,174.636,174.636,173.8998,174.1087,15583.0
2026-03-10 12:05:00,174.0888,174.1386,173.3129,173.3477,10629.0
2026-03-10 12:10:00,173.5318,173.6909,173.3776,173.3776,5731.0
2026-03-10 12:15:00,173.6312,173.6511,173.1836,173.5318,7551.0
2026-03-10 12:20:00,173.5715,173.5914,173.2532,173.3951,6758.0
2026-03-10 12:25:00,173.4223,173.6213,173.3054,173.3825,5244.0
2026-03-10 12:30:00,173.3825,173.9794,173.3825,173.9794,8469.0
2026-03-10 12:35:00,173.9297,174.0988,173.7705,173.875,10285.0
2026-03-10 12:40:00,173.8202,174.0689,173.3626,173.492,5232.0
2026-03-10 12:45:00,173.5318,173.6611,173.3975,173.5318,7771.0
2026-03-10 12:50:00,173.5019,173.84,173.4223,173.7058,5868.0
2026-03-10 12:55:00,173.5715,174.0142,173.5616,174.0142,10287.0
2026-03-10 13:00:00,174.0441,174.5962,173.9197,174.5265,11630.0
2026-03-10 13:05:00,174.5564,174.8349,174.4967,174.7006,7665.0
2026-03-10 13:10:00,174.636,174.7653,174.2778,174.2878,13242.0
2026-03-10 13:15:00,174.3355,174.3674,173.8551,173.9297,8102.0
2026-03-10 13:20:00,173.9943,174.432,173.8302,174.3375,6530.0
2026-03-10 13:25:00,174.3077,174.3823,174.1684,174.3375,4159.0
2026-03-10 13:30:00,174.3375,174.3375,173.9894,174.1137,6565.0
2026-03-10 13:35:00,173.9894,174.0665,172.6961,172.8056,45793.0
2026-03-10 13:40:00,172.8254,173.293,172.6066,172.9249,18866.0
2026-03-10 13:45:00,172.9597,173.9098,172.9597,173.7705,10434.0
2026-03-10 13:50:00,173.7805,174.3077,173.7705,173.9993,13692.0
2026-03-10 13:55:00,173.9595,174.1038,173.8501,173.9346,8396.0
2026-03-10 14:00:00,173.86,173.9595,173.492,173.5467,11324.0
2026-03-10 14:05:00,173.5119,173.6412,173.1836,173.1836,11477.0
2026-03-10 14:10:00,173.1935,173.2433,172.3579,172.3579,23642.0
2026-03-10 14:15:00,172.537,172.8851,172.4076,172.5718,10849.0
2026-03-10 14:20:00,172.3877,172.9647,172.2684,172.7061,9278.0
2026-03-10 14:25:00,172.6165,173.1413,172.5669,173.0543,8062.0
2026-03-10 14:30:00,173.094,173.4427,173.0642,173.0642,6244.0
2026-03-10 14:35:00,173.0642,173.1935,172.7313,173.0642,10241.0
2026-03-10 14:40:00,173.0642,173.4372,173.0642,173.3676,12545.0
2026-03-10 14:45:00,173.3676,173.9993,173.3626,173.5218,8955.0
2026-03-10 14:50:00,173.5865,173.7805,173.3825,173.477,9354.0
2026-03-10 14:55:00,173.477,173.477,173.1239,173.2731,8251.0
2026-03-10 15:00:00,173.2234,173.482,173.1836,173.4323,11032.0
2026-03-10 15:05:00,173.4323,173.5516,173.1935,173.2433,12041.0
2026-03-10 15:10:00,173.4422,173.9329,173.2532,173.9329,8133.0
2026-03-10 15:15:00,173.86,174.243,173.8501,174.0192,10643.0
2026-03-10 15:20:00,174.0192,174.0888,173.8302,173.8302,9976.0
2026-03-10 15:25:00,173.8302,173.87,173.6213,173.6959,12286.0
2026-03-10 15:30:00,173.7002,173.7904,173.3427,173.4621,14863.0
2026-03-10 15:35:00,173.4621,173.5715,173.3029,173.5168,18582.0
2026-03-10 15:40:00,173.482,173.7805,173.4124,173.5616,22309.0
2026-03-10 15:45:00,173.6113,173.7407,173.1836,173.2831,39014.0
2026-03-10 15:50:00,173.2234,173.2433,172.7061,172.9597,42685.0
2026-03-10 15:55:00,172.9597,173.094,172.4474,172.7459,118943.0
2026-03-11 09:30:00,172.0992,173.7207,170.8757,172.4972,27623.0
2026-03-11 09:35:00,172.4773,172.6414,171.7013,171.7262,7660.0
2026-03-11 09:40:00,171.7958,172.1341,171.4128,171.9202,8319.0
2026-03-11 09:45:00,171.9401,172.5569,171.9401,172.4226,14411.0
2026-03-11 09:50:00,172.4623,172.5203,171.8804,172.149,6466.0
2026-03-11 09:55:00,172.1689,172.4176,171.5571,171.7461,5389.0
2026-03-11 10:00:00,171.7834,172.6364,171.5621,171.8903,8856.0
2026-03-11 10:05:00,171.7113,171.761,171.3333,171.4924,9654.0
2026-03-11 10:10:00,171.4924,171.4924,171.0149,171.383,14427.0
2026-03-11 10:15:00,171.4377,171.5521,170.806,170.8458,20469.0
2026-03-11 10:20:00,170.8458,171.0249,170.402,170.4678,14087.0
2026-03-11 10:25:00,170.4678,170.5772,169.8908,170.1594,18017.0
2026-03-11 10:30:00,170.2141,170.5551,170.0102,170.239,8923.0
2026-03-11 10:35:00,170.4081,170.8558,170.1793,170.809,8179.0
2026-03-11 10:40:00,170.7563,171.2736,170.7563,171.2736,11795.0
2026-03-11 10:45:00,171.1641,171.2238,170.6866,171.0249,7003.0
2026-03-11 10:50:00,171.0647,171.4526,171.0348,171.2736,9730.0
2026-03-11 10:55:00,171.4924,171.4924,170.8955,170.9552,9250.0
2026-03-11 11:00:00,170.9353,171.0249,170.4031,170.5971,13103.0
2026-03-11 11:05:00,170.6071,170.6767,170.1992,170.2489,13025.0
2026-03-11 11:10:00,170.2489,170.4242,169.7515,169.7515,15400.0
2026-03-11 11:15:00,169.7913,170.2191,169.7913,170.0997,9581.0
2026-03-11 11:20:00,170.1047,170.239,169.9107,170.239,7286.0
2026-03-11 11:25:00,170.2389,170.2688,169.7615,169.7615,9910.0
2026-03-11 11:30:00,169.7316,169.8411,169.662,169.7615,8491.0
2026-03-11 11:35:00,169.8212,170.0102,169.7715,169.846,8741.0
2026-03-11 11:40:00,169.7714,170.0002,169.6918,169.943,10251.0
2026-03-11 11:45:00,169.9711,169.9711,169.5347,169.672,10570.0
2026-03-11 11:50:00,169.672,170.0699,169.6123,169.9306,9744.0
2026-03-11 11:55:00,170.0102,170.1395,169.4929,169.4929,8467.0
2026-03-11 12:00:00,169.5327,169.7701,169.4233,169.5128,17752.0
2026-03-11 12:05:00,169.4432,169.5377,169.2442,169.4531,11163.0
2026-03-11 12:10:00,169.5128,169.6023,169.3437,169.6023,13692.0
2026-03-11 12:15:00,169.6421,169.7665,169.468,169.5128,4388.0
2026-03-11 12:20:00,169.4879,169.9306,169.473,169.6123,16017.0
2026-03-11 12:25:00,169.7117,169.7117,169.5227,169.6371,4196.0
2026-03-11 12:30:00,169.7018,169.7615,169.5128,169.5327,6302.0
2026-03-11 12:35:00,169.5028,169.662,169.3039,169.4133,6663.0
2026-03-11 12:40:00,169.4233,169.5924,169.4133,169.5006,4883.0
2026-03-11 12:45:00,169.4531,169.5824,169.4133,169.5028,11773.0
2026-03-11 12:50:00,169.6023,169.6322,169.279,169.4133,11163.0
2026-03-11 12:55:00,169.4133,169.473,169.1746,169.4432,11707.0
2026-03-11 13:00:00,169.473,169.662,169.3039,169.5824,18218.0
2026-03-11 13:05:00,169.5526,170.0997,169.5277,170.0699,16021.0
2026-03-11 13:10:00,170.0699,170.0798,169.8511,170.0276,22280.0
2026-03-11 13:15:00,170.0301,170.2091,169.9803,170.05,8843.0
2026-03-11 13:20:00,170.0599,170.3434,170.0599,170.2788,4440.0
2026-03-11 13:25:00,170.2788,170.4379,170.1694,170.3882,37002.0
2026-03-11 13:30:00,170.3882,170.9204,170.3385,170.8955,10949.0
2026-03-11 13:35:00,170.9353,170.995,170.4181,170.5474,13811.0
2026-03-11 13:40:00,170.5971,170.5971,170.3086,170.4976,12020.0
2026-03-11 13:45:00,170.433,170.5374,170.0549,170.1892,5599.0
2026-03-11 13:50:00,170.2688,170.3484,169.8709,169.881,9102.0
2026-03-11 13:55:00,169.8809,169.9903,169.6123,169.8659,9511.0
2026-03-11 14:00:00,169.9505,170.0102,169.7316,169.9953,12536.0
2026-03-11 14:05:00,169.9405,169.9405,169.5824,169.6123,6544.0
2026-03-11 14:10:00,169.6123,169.6918,169.3736,169.5526,10322.0
2026-03-11 14:15:00,169.5426,169.6819,169.4342,169.6421,7624.0
2026-03-11 14:20:00,169.6521,169.7217,169.3238,169.4233,7451.0
2026-03-11 14:25:00,169.463,169.6918,169.4531,169.662,9223.0
2026-03-11 14:30:00,169.5576,169.8907,169.5576,169.7515,6094.0
2026-03-11 14:35:00,169.8013,169.8908,169.6769,169.6769,5261.0
2026-03-11 14:40:00,169.6023,169.6819,169.4731,169.667,6483.0
2026-03-11 14:45:00,169.7117,169.7913,169.5128,169.5675,4832.0
2026-03-11 14:50:00,169.5675,169.7814,169.5675,169.7714,6579.0
2026-03-11 14:55:00,169.7714,169.7714,169.5526,169.7018,8331.0
2026-03-11 15:00:00,169.6968,169.8709,169.2541,169.3039,8141.0
2026-03-11 15:05:00,169.2342,169.2342,168.896,169.1149,27369.0
2026-03-11 15:10:00,169.1149,169.1945,168.9756,169.1003,11582.0
2026-03-11 15:15:00,169.1547,169.3884,169.1099,169.3884,7785.0
2026-03-11 15:20:00,169.4168,169.4382,169.2442,169.4382,6551.0
2026-03-11 15:25:00,169.4531,169.7117,169.4531,169.5426,10388.0
2026-03-11 15:30:00,169.6421,169.7515,169.3138,169.7466,11662.0
2026-03-11 15:35:00,169.7913,169.9604,169.7913,169.8858,12368.0
2026-03-11 15:40:00,169.9306,170.1097,169.9008,169.9803,19039.0
2026-03-11 15:45:00,169.9903,170.0102,169.7117,169.7814,19538.0
2026-03-11 15:50:00,169.9008,170.04,169.5725,169.7913,45785.0
2026-03-11 15:55:00,169.7814,170.1097,169.6471,170.0351,117611.0
2026-03-12 09:30:00,169.7515,170.05,168.8065,169.4581,38059.0
2026-03-12 09:35:00,169.4581,169.463,168.2991,168.6175,20137.0
2026-03-12 09:40:00,168.523,169.0353,168.4285,168.5677,6251.0
2026-03-12 09:45:00,168.518,168.8363,168.1599,168.7518,11691.0
2026-03-12 09:50:00,168.7518,169.4531,168.5976,169.4332,17260.0
2026-03-12 09:55:00,169.4531,169.759,168.7567,168.7841,6298.0
2026-03-12 10:00:00,168.6672,169.4481,168.5876,168.8115,10500.0
2026-03-12 10:05:00,168.7965,168.8363,168.4434,168.508,6639.0
2026-03-12 10:10:00,168.4981,168.8453,167.7321,167.8565,32586.0
2026-03-12 10:15:00,167.8565,168.1698,167.8515,168.1698,8769.0
2026-03-12 10:20:00,168.1698,168.4782,168.0405,168.3041,6536.0
2026-03-12 10:25:00,168.2991,168.4484,167.4436,167.4486,13778.0
2026-03-12 10:30:00,167.4486,167.5454,166.9363,167.0457,31576.0
2026-03-12 10:35:00,167.1093,167.2695,166.9313,167.2695,16475.0
2026-03-12 10:40:00,167.2695,167.762,167.0606,167.3939,18921.0
2026-03-12 10:45:00,167.3143,167.9709,167.0059,167.1551,15054.0
2026-03-12 10:50:00,167.2944,167.3143,167.0059,167.0059,15586.0
2026-03-12 10:55:00,166.9761,167.0855,166.6826,166.8617,21884.0
2026-03-12 11:00:00,166.986,167.175,166.7423,166.7423,17813.0
2026-03-12 11:05:00,166.7373,167.1352,166.6975,166.996,17972.0
2026-03-12 11:10:00,167.0059,167.1651,166.6815,166.6826,9583.0
2026-03-12 11:15:00,166.7903,166.9711,166.4986,166.7821,11125.0
2026-03-12 11:20:00,166.8666,166.9263,166.442,166.608,10399.0
2026-03-12 11:25:00,166.6876,166.8069,166.3793,166.409,7468.0
2026-03-12 11:30:00,166.419,166.419,165.3943,165.5137,21371.0
2026-03-12 11:35:00,165.4441,165.8718,165.2451,165.8718,26951.0
2026-03-12 11:40:00,165.9494,165.9494,165.3894,165.4341,22166.0
2026-03-12 11:45:00,165.5237,165.6928,165.1407,165.3048,19953.0
2026-03-12 11:50:00,165.2849,165.4491,165.1357,165.4491,18271.0
2026-03-12 11:55:00,165.5734,165.7043,165.0263,165.0362,15040.0
2026-03-12 12:00:00,165.0909,165.5237,165.0909,165.4441,13371.0
2026-03-12 12:05:00,165.4441,165.7525,164.7925,164.7925,14923.0
2026-03-12 12:10:00,164.887,164.887,164.3001,164.5488,30173.0
2026-03-12 12:15:00,164.4692,164.8074,164.31,164.7179,15368.0
2026-03-12 12:20:00,164.698,165.3744,164.6482,164.8572,16378.0
2026-03-12 12:25:00,164.8373,164.9716,164.5388,164.7428,18937.0
2026-03-12 12:30:00,164.7875,164.7875,164.2901,164.3995,11987.0
2026-03-12 12:35:00,164.4891,164.9069,164.3498,164.7726,9392.0
2026-03-12 12:40:00,164.7278,164.8173,164.509,164.703,17325.0
2026-03-12 12:45:00,164.6731,164.6731,164.0514,164.3001,16449.0
2026-03-12 12:50:00,164.3863,164.6184,164.2901,164.5537,7745.0
2026-03-12 12:55:00,164.5537,164.7229,164.31,164.5021,16086.0
2026-03-12 13:00:00,164.5438,164.7925,163.9768,163.9967,27356.0
2026-03-12 13:05:00,163.9917,164.3598,163.8773,164.0166,17961.0
2026-03-12 13:10:00,164.0116,164.3797,163.9977,164.2404,20273.0
2026-03-12 13:15:00,164.1807,164.5587,164.1558,164.1558,12562.0
2026-03-12 13:20:00,164.1409,164.4692,164.121,164.1906,7447.0
2026-03-12 13:25:00,164.2304,164.4294,163.9718,163.9718,7592.0
2026-03-12 13:30:00,163.9718,164.2603,163.9718,164.1011,7628.0
2026-03-12 13:35:00,164.1409,164.4344,164.0961,164.2155,9617.0
2026-03-12 13:40:00,164.1707,164.3995,163.7629,163.8922,16476.0
2026-03-12 13:45:00,163.8375,164.0116,163.743,163.748,9225.0
2026-03-12 13:50:00,163.7629,164.0116,163.7032,163.9718,24141.0
2026-03-12 13:55:00,164.0414,164.2702,163.8126,164.2105,13464.0
2026-03-12 14:00:00,164.2105,164.3001,163.6883,163.6883,12472.0
2026-03-12 14:05:00,163.8027,163.8126,163.3003,163.3749,17233.0
2026-03-12 14:10:00,163.3103,163.6485,163.3103,163.4495,14392.0
2026-03-12 14:15:00,163.4744,163.8226,163.4744,163.5192,10269.0
2026-03-12 14:20:00,163.6236,163.6236,162.9422,163.0466,24416.0
2026-03-12 14:25:00,163.0466,163.4445,162.9472,163.3451,17539.0
2026-03-12 14:30:00,163.3351,163.554,163.2456,163.3103,15494.0
2026-03-12 14:35:00,163.3053,163.8226,163.2754,163.5888,13154.0
2026-03-12 14:40:00,163.5888,163.8823,163.3799,163.5042,14971.0
2026-03-12 14:45:00,163.5042,163.6634,163.2108,163.2854,14905.0
2026-03-12 14:50:00,163.2854,163.4346,163.1262,163.2506,13492.0
2026-03-12 14:55:00,163.2356,163.4595,163.0665,163.2157,11464.0
2026-03-12 15:00:00,163.1461,163.2753,162.967,163.2008,16746.0
2026-03-12 15:05:00,163.2008,163.5042,163.1362,163.2605,14570.0
2026-03-12 15:10:00,163.2605,163.5888,163.2555,163.4097,15633.0
2026-03-12 15:15:00,163.4097,163.5938,163.2953,163.3749,15102.0
2026-03-12 15:20:00,163.3451,163.5241,163.2953,163.5042,14371.0
2026-03-12 15:25:00,163.5042,164.2926,163.4943,164.2553,28278.0
2026-03-12 15:30:00,164.2553,164.3598,164.1409,164.2603,15802.0
2026-03-12 15:35:00,164.1807,164.31,163.9419,163.9419,19323.0
2026-03-12 15:40:00,163.9817,163.9944,163.2904,163.3749,35396.0
2026-03-12 15:45:00,163.3749,163.3898,162.8477,163.166,40531.0
2026-03-12 15:50:00,163.1262,163.3849,162.8178,163.365,62435.0
2026-03-12 15:55:00,163.3053,163.6435,162.7482,162.8775,205624.0
2026-03-13 09:30:00,164.5886,165.6032,164.1409,164.7726,34056.0
2026-03-13 09:35:00,164.9069,165.6032,164.499,165.4839,22402.0
2026-03-13 09:40:00,165.3546,166.1205,165.1357,166.0509,22174.0
2026-03-13 09:45:00,166.0554,166.3792,165.6132,165.8221,16712.0
2026-03-13 09:50:00,165.8221,166.2698,165.8221,166.1056,12274.0
2026-03-13 09:55:00,166.1181,167.2546,166.1181,166.8169,17045.0
2026-03-13 10:00:00,166.9263,166.9263,165.9795,166.4414,13045.0
2026-03-13 10:05:00,166.5483,166.5682,166.1305,166.2698,6322.0
2026-03-13 10:10:00,166.2797,166.5035,166.2101,166.2897,16271.0
2026-03-13 10:15:00,166.22,166.3742,166.0211,166.23,13984.0
2026-03-13 10:20:00,166.1653,166.7373,166.0112,166.4836,7095.0
2026-03-13 10:25:00,166.3493,166.8766,166.3493,166.5583,5691.0
2026-03-13 10:30:00,166.797,167.1253,166.5384,166.9165,9659.0
2026-03-13 10:35:00,166.911,167.2248,166.8666,166.9562,8596.0
2026-03-13 10:40:00,166.9562,167.1253,166.7174,166.7672,20688.0
2026-03-13 10:45:00,166.7473,167.752,166.5781,167.7421,9962.0
2026-03-13 10:50:00,167.762,167.8813,167.2148,167.2944,12503.0
2026-03-13 10:55:00,167.2944,167.2944,166.9263,167.18,22953.0
2026-03-13 11:00:00,167.1253,167.4536,167.0258,167.3889,8847.0
2026-03-13 11:05:00,167.4536,167.752,166.8169,167.185,13115.0
2026-03-13 11:10:00,167.185,167.3839,166.6776,167.3839,9896.0
2026-03-13 11:15:00,167.364,167.4635,166.9164,167.0258,10198.0
2026-03-13 11:20:00,167.0407,167.5083,166.991,167.3093,8496.0
2026-03-13 11:25:00,167.2447,167.5182,167.1402,167.4983,5480.0
2026-03-13 11:30:00,167.5729,167.9112,167.4237,167.9112,11333.0
2026-03-13 11:35:00,167.9609,168.2792,167.7222,168.0803,16185.0
2026-03-13 11:40:00,168.0504,168.2693,167.762,167.8216,8318.0
2026-03-13 11:45:00,167.8216,167.9012,167.2248,167.2248,14063.0
2026-03-13 11:50:00,167.4934,167.4934,166.8865,167.1153,7059.0
2026-03-13 11:55:00,167.0805,167.8117,167.0805,167.8117,15306.0
2026-03-13 12:00:00,167.8216,168.0206,167.6824,167.9112,7446.0
2026-03-13 12:05:00,167.7968,168.1698,167.7719,168.1698,12559.0
2026-03-13 12:10:00,168.0853,168.1599,167.1253,167.2546,9776.0
2026-03-13 12:15:00,167.2546,167.4138,166.8965,166.996,4836.0
2026-03-13 12:20:00,166.991,167.5033,166.9363,167.3044,7728.0
2026-03-13 12:25:00,167.3839,167.5232,167.1452,167.4138,16104.0
2026-03-13 12:30:00,167.4735,167.4834,167.0358,167.0556,12967.0
2026-03-13 12:35:00,167.0159,167.3043,166.8716,166.8716,11659.0
2026-03-13 12:40:00,166.9661,167.2248,166.4588,166.5732,14184.0
2026-03-13 12:45:00,166.5583,166.7572,166.1504,166.5185,7702.0
2026-03-13 12:50:00,166.6179,166.8865,166.5085,166.7572,9505.0
2026-03-13 12:55:00,166.7025,166.8368,166.6478,166.7124,6928.0
2026-03-13 13:00:00,166.797,166.8368,166.3792,166.4737,11323.0
2026-03-13 13:05:00,166.3593,166.5979,166.1106,166.3403,14274.0
2026-03-13 13:10:00,166.4588,166.4588,166.0509,166.2001,7456.0
2026-03-13 13:15:00,166.2897,166.5781,165.8321,165.8619,8659.0
2026-03-13 13:20:00,165.842,165.842,165.275,165.464,23639.0
2026-03-13 13:25:00,165.4043,166.3792,165.3744,166.3792,14125.0
2026-03-13 13:30:00,166.3692,166.3792,165.842,165.9266,9468.0
2026-03-13 13:35:00,165.9813,165.9813,165.5436,165.7873,5280.0
2026-03-13 13:40:00,165.8122,166.0907,165.7127,165.9713,10765.0
2026-03-13 13:45:00,166.0907,166.0907,165.2352,165.2352,7666.0
2026-03-13 13:50:00,165.2252,165.2746,165.0661,165.2153,5784.0
2026-03-13 13:55:00,165.0959,165.454,164.9865,165.4341,5556.0
2026-03-13 14:00:00,165.454,165.5535,165.2551,165.3595,6716.0
2026-03-13 14:05:00,165.3595,165.464,165.1655,165.3943,6941.0
2026-03-13 14:10:00,165.3794,165.5087,165.1556,165.2352,6571.0
2026-03-13 14:15:00,165.2451,165.3148,165.0163,165.0511,8489.0
2026-03-13 14:20:00,164.9765,165.2849,164.8771,165.1158,12324.0
2026-03-13 14:25:00,165.2352,165.4341,165.0511,165.1954,9963.0
2026-03-13 14:30:00,165.2153,165.3446,164.7378,165.2153,23542.0
2026-03-13 14:35:00,165.2501,165.3844,165.0661,165.1158,3335.0
2026-03-13 14:40:00,165.1556,165.2053,164.9218,165.0511,9439.0
2026-03-13 14:45:00,165.0362,165.265,164.9765,165.1655,6873.0
2026-03-13 14:50:00,165.1357,165.1954,164.9765,165.1655,7845.0
2026-03-13 14:55:00,164.9915,165.3546,164.9168,165.3197,7552.0
2026-03-13 15:00:00,165.2252,165.3943,165.1158,165.2053,6424.0
2026-03-13 15:05:00,165.1705,165.3148,165.0362,165.1456,4993.0
2026-03-13 15:10:00,165.1456,165.2501,165.0462,165.0462,7762.0
2026-03-13 15:15:00,165.086,165.6828,165.086,165.6281,11731.0
2026-03-13 15:20:00,165.6928,165.7027,165.3844,165.4441,7844.0
2026-03-13 15:25:00,165.3844,165.6231,165.3546,165.3546,9925.0
2026-03-13 15:30:00,165.4142,165.5237,165.1655,165.2153,14145.0
2026-03-13 15:35:00,165.2252,165.2252,164.6383,164.6532,13291.0
2026-03-13 15:40:00,164.6482,164.7179,164.5886,164.6482,17302.0
2026-03-13 15:45:00,164.6085,164.7079,164.509,164.509,25265.0
2026-03-13 15:50:00,164.499,164.7079,164.1509,164.5687,34339.0
2026-03-13 15:55:00,164.5388,164.7577,164.3896,164.4592,142090.0
2026-03-16 09:30:00,166.7174,167.3123,166.2946,166.9571,16212.0
2026-03-16 09:35:00,167.0755,168.3737,166.984,168.13,26897.0
2026-03-16 09:40:00,168.2046,169.2641,168.2046,169.2641,17685.0
2026-03-16 09:45:00,169.2641,169.4432,168.7667,169.1348,22360.0
2026-03-16 09:50:00,169.1099,169.3437,168.8263,169.1895,6639.0
2026-03-16 09:55:00,169.1149,169.284,168.5777,168.5777,15469.0
2026-03-16 10:00:00,168.6324,169.2939,168.4185,169.0054,13580.0
2026-03-16 10:05:00,168.906,169.473,168.6172,169.0651,13651.0
2026-03-16 10:10:00,169.0651,169.5227,168.7965,169.4829,26482.0
2026-03-16 10:15:00,169.4829,169.5923,169.0353,169.3188,12220.0
2026-03-16 10:20:00,169.2442,169.274,168.8164,168.9308,5823.0
2026-03-16 10:25:00,168.9308,169.4233,168.717,169.0552,5819.0
2026-03-16 10:30:00,169.0999,169.1845,168.5478,168.5478,25937.0
2026-03-16 10:35:00,168.6473,169.0154,168.5478,168.6871,5705.0
2026-03-16 10:40:00,168.6871,168.9855,168.5677,168.8562,6324.0
2026-03-16 10:45:00,168.8662,168.9855,168.5677,168.6622,5640.0
2026-03-16 10:50:00,168.6622,168.7866,168.5478,168.5478,5773.0
2026-03-16 10:55:00,168.7567,168.9259,168.5677,168.9259,3595.0
2026-03-16 11:00:00,168.9408,169.1845,168.9408,169.1746,5801.0
2026-03-16 11:05:00,168.9955,169.0999,168.7866,168.9806,6482.0
2026-03-16 11:10:00,168.9756,169.4829,168.8065,169.274,23533.0
2026-03-16 11:15:00,169.1646,169.5227,169.0378,169.5227,7957.0
2026-03-16 11:20:00,169.5227,169.9404,169.3536,169.7714,15581.0
2026-03-16 11:25:00,169.846,170.9453,169.846,170.816,15764.0
2026-03-16 11:30:00,170.9254,171.1244,170.6866,170.8458,22561.0
2026-03-16 11:35:00,170.8309,170.995,170.5673,170.6319,7815.0
2026-03-16 11:40:00,170.6195,170.7065,170.3385,170.4678,13627.0
2026-03-16 11:45:00,170.4728,170.5921,170.2987,170.4031,8223.0
2026-03-16 11:50:00,170.4081,170.6469,170.1992,170.5623,11845.0
2026-03-16 11:55:00,170.627,170.6469,170.0798,170.4081,11792.0
2026-03-16 12:00:00,170.3484,170.7065,170.1594,170.6966,9964.0
2026-03-16 12:05:00,170.6369,170.8955,170.3882,170.8856,14620.0
2026-03-16 12:10:00,170.8657,171.1045,170.7065,171.1045,17362.0
2026-03-16 12:15:00,171.1542,171.3731,171.0895,171.3532,12886.0
2026-03-16 12:20:00,171.184,171.3731,170.8758,170.9801,12135.0
2026-03-16 12:25:00,170.9702,171.1045,170.4777,170.5772,9292.0
2026-03-16 12:30:00,170.5772,170.8309,170.4081,170.8259,9012.0
2026-03-16 12:35:00,170.806,170.8657,170.4883,170.6667,11603.0
2026-03-16 12:40:00,170.7165,171.0348,170.6866,170.9851,8449.0
2026-03-16 12:45:00,170.9602,171.1343,170.6767,170.9353,19564.0
2026-03-16 12:50:00,170.9602,171.2039,170.7513,170.816,15402.0
2026-03-16 12:55:00,170.806,171.0647,170.6767,170.8806,8641.0
2026-03-16 13:00:00,170.8806,171.0348,170.6767,170.7364,9824.0
2026-03-16 13:05:00,170.8359,170.8856,170.4578,170.612,10114.0
2026-03-16 13:10:00,170.5275,170.6469,170.4479,170.627,6084.0
2026-03-16 13:15:00,170.6369,170.6469,170.2219,170.3584,12736.0
2026-03-16 13:20:00,170.239,171.6019,170.239,171.4725,19892.0
2026-03-16 13:25:00,171.4576,171.7511,171.4576,171.6814,13412.0
2026-03-16 13:30:00,171.6118,171.7809,171.5621,171.6566,10745.0
2026-03-16 13:35:00,171.6217,172.1689,171.5969,172.0992,20026.0
2026-03-16 13:40:00,172.0992,172.2086,171.4924,171.6367,16458.0
2026-03-16 13:45:00,171.6416,171.9003,171.4427,171.5422,9539.0
2026-03-16 13:50:00,171.5272,171.5521,171.2537,171.2984,7893.0
2026-03-16 13:55:00,171.2885,171.4029,171.184,171.2686,6343.0
2026-03-16 14:00:00,171.3432,171.4825,171.1442,171.2885,13348.0
2026-03-16 14:05:00,171.2736,171.2935,170.9652,171.0497,15985.0
2026-03-16 14:10:00,171.194,171.3581,171.1099,171.3532,7710.0
2026-03-16 14:15:00,171.3532,171.6019,171.3333,171.5919,7105.0
2026-03-16 14:20:00,171.6019,171.8108,171.3432,171.6615,10468.0
2026-03-16 14:25:00,171.7312,171.7312,171.3929,171.5272,8072.0
2026-03-16 14:30:00,171.5322,171.6118,171.2636,171.3233,11096.0
2026-03-16 14:35:00,171.3333,171.3432,171.0547,171.3333,7779.0
2026-03-16 14:40:00,171.3432,171.6665,171.2437,171.6317,10584.0
2026-03-16 14:45:00,171.6516,172.0992,171.582,171.9102,11447.0
2026-03-16 14:50:00,171.7312,171.8108,171.4526,171.4526,7496.0
2026-03-16 14:55:00,171.4327,171.4427,171.2935,171.3731,8342.0
2026-03-16 15:00:00,171.4128,171.4128,171.0348,171.3432,22907.0
2026-03-16 15:05:00,171.3432,171.3432,170.9154,170.9702,12093.0
2026-03-16 15:10:00,171.0348,171.189,170.5772,170.6766,12825.0
2026-03-16 15:15:00,170.627,170.7165,170.3385,170.3982,16934.0
2026-03-16 15:20:00,170.3723,170.6667,170.1196,170.2091,18036.0
2026-03-16 15:25:00,170.2191,170.2191,169.6023,169.9405,15488.0
2026-03-16 15:30:00,169.9405,170.229,169.9107,169.9903,15081.0
2026-03-16 15:35:00,169.9803,170.1495,169.9207,170.0201,15874.0
2026-03-16 15:40:00,169.9405,170.05,169.284,169.284,21051.0
2026-03-16 15:45:00,169.3387,169.4531,169.1497,169.4332,31486.0
2026-03-16 15:50:00,169.463,169.8411,169.3835,169.4282,38827.0
2026-03-16 15:55:00,169.4282,169.7217,169.0999,169.1447,126155.0
2026-03-17 09:30:00,170.6767,172.1888,169.7615,171.9003,24815.0
2026-03-17 09:35:00,172.1987,172.1987,170.1395,170.9801,9512.0
2026-03-17 09:40:00,171.0945,172.0632,170.7961,171.383,7130.0
2026-03-17 09:45:00,171.582,171.9898,171.3731,171.7386,10075.0
2026-03-17 09:50:00,171.582,171.6019,170.7215,170.9453,9324.0
2026-03-17 09:55:00,171.0746,171.4626,170.9254,171.2885,12178.0
2026-03-17 10:00:00,171.3034,171.3034,169.4531,170.1097,43911.0
2026-03-17 10:05:00,170.3882,170.6767,170.0102,170.1594,8115.0
2026-03-17 10:10:00,170.1495,171.4725,169.9455,171.4676,32480.0
2026-03-17 10:15:00,171.4676,171.5322,170.806,171.5322,8306.0
2026-03-17 10:20:00,171.1691,171.3432,170.637,171.0448,4334.0
2026-03-17 10:25:00,170.9801,171.0249,170.6867,170.8607,3916.0
2026-03-17 10:30:00,170.9254,171.0746,170.4578,170.9005,24941.0
2026-03-17 10:35:00,170.9005,171.005,170.5971,170.9652,4350.0
2026-03-17 10:40:00,170.8657,171.0846,170.7264,171.0846,3813.0
2026-03-17 10:45:00,170.9751,171.2935,170.612,171.0846,6816.0
2026-03-17 10:50:00,171.0647,171.3929,171.0647,171.3929,2059.0
2026-03-17 10:55:00,171.2039,171.2835,170.9055,171.0547,3118.0
2026-03-17 11:00:00,171.0597,171.3034,171.0398,171.0547,6722.0
2026-03-17 11:05:00,171.1144,171.4029,171.005,171.005,4790.0
2026-03-17 11:10:00,171.0249,171.1741,171.0199,171.0348,3081.0
2026-03-17 11:15:00,171.1442,171.4128,170.9453,171.4128,5722.0
2026-03-17 11:20:00,171.2089,171.2089,170.5971,170.6618,9453.0
2026-03-17 11:25:00,170.6866,171.1045,170.6618,171.0,7583.0
2026-03-17 11:30:00,171.005,171.194,170.6568,170.6568,15882.0
2026-03-17 11:35:00,170.7314,170.7314,169.8212,169.8908,8494.0
2026-03-17 11:40:00,169.7714,169.8709,169.4979,169.6421,5033.0
2026-03-17 11:45:00,169.6073,169.7913,169.2641,169.2641,2577.0
2026-03-17 11:50:00,169.4034,169.4034,168.9308,169.1447,5587.0
2026-03-17 11:55:00,169.085,169.2392,168.9169,169.1149,3279.0
2026-03-17 12:00:00,168.9756,169.1049,168.7269,169.1049,8186.0
2026-03-17 12:05:00,168.9209,169.0452,168.6871,168.6971,3729.0
2026-03-17 12:10:00,168.8512,169.274,168.8512,169.0552,4278.0
2026-03-17 12:15:00,169.0552,169.3238,168.9358,169.0253,31337.0
2026-03-17 12:20:00,169.1071,169.1071,168.7269,168.7269,7044.0
2026-03-17 12:25:00,168.717,169.3648,168.3539,169.3138,12444.0
2026-03-17 12:30:00,169.1895,169.1895,168.6573,169.0154,9597.0
2026-03-17 12:35:00,168.9855,169.2342,168.7667,169.1447,6265.0
2026-03-17 12:40:00,169.1264,169.4233,169.0246,169.4233,3674.0
2026-03-17 12:45:00,169.4332,169.672,169.4233,169.6123,2995.0
2026-03-17 12:50:00,169.6322,170.0201,169.5625,169.9604,6558.0
2026-03-17 12:55:00,169.7316,169.9107,169.662,169.8013,4574.0
2026-03-17 13:00:00,169.8809,170.2091,169.8361,170.1047,5402.0
2026-03-17 13:05:00,170.1047,171.3929,170.1047,170.9154,16868.0
2026-03-17 13:10:00,170.8359,171.1045,170.7115,171.1045,8573.0
2026-03-17 13:15:00,171.1343,171.1343,170.3683,170.7463,11140.0
2026-03-17 13:20:00,170.7861,170.8657,170.6219,170.8359,2559.0
2026-03-17 13:25:00,170.6966,170.7264,170.3335,170.6469,6313.0
2026-03-17 13:30:00,170.5573,170.8757,170.4777,170.6369,11892.0
2026-03-17 13:35:00,170.4489,170.6568,170.4131,170.5822,5789.0
2026-03-17 13:40:00,170.5872,170.6667,170.4389,170.4678,10508.0
2026-03-17 13:45:00,170.5921,171.0149,170.5076,170.6469,16822.0
2026-03-17 13:50:00,170.7613,170.806,170.2589,170.3036,6876.0
2026-03-17 13:55:00,170.3484,170.4245,170.1405,170.229,1891.0
2026-03-17 14:00:00,170.1793,170.4578,170.1793,170.3335,3406.0
2026-03-17 14:05:00,170.2688,170.3783,170.0002,170.0351,4180.0
2026-03-17 14:10:00,169.9614,170.3434,169.9107,170.3434,12872.0
2026-03-17 14:15:00,170.3434,170.3982,169.8908,169.9316,9311.0
2026-03-17 14:20:00,169.9157,169.9704,169.7217,169.7416,4852.0
2026-03-17 14:25:00,169.7366,169.8837,169.4979,169.851,13268.0
2026-03-17 14:30:00,169.7814,170.1097,169.672,170.0672,5987.0
2026-03-17 14:35:00,170.0052,170.3186,169.9505,170.2788,7214.0
2026-03-17 14:40:00,170.3285,170.7662,170.2539,170.617,9961.0
2026-03-17 14:45:00,170.627,170.8757,170.627,170.7513,7832.0
2026-03-17 14:50:00,170.7463,170.9353,170.7065,170.7772,6579.0
2026-03-17 14:55:00,170.7364,170.8259,170.6667,170.6866,4886.0
2026-03-17 15:00:00,170.7513,170.816,170.628,170.7215,4726.0
2026-03-17 15:05:00,170.627,170.6866,170.3484,170.3633,7310.0
2026-03-17 15:10:00,170.3683,170.5374,170.3683,170.4877,4105.0
2026-03-17 15:15:00,170.4877,170.6369,170.1504,170.234,9991.0
2026-03-17 15:20:00,170.229,170.2987,170.05,170.1395,6020.0
2026-03-17 15:25:00,170.239,170.2987,169.9008,170.0102,8864.0
2026-03-17 15:30:00,169.9455,170.229,169.861,170.2191,18971.0
2026-03-17 15:35:00,170.2191,170.4777,170.2191,170.3733,23566.0
2026-03-17 15:40:00,170.3733,170.4479,169.8809,169.8809,26899.0
2026-03-17 15:45:00,169.8709,170.1694,169.8411,169.9604,21155.0
2026-03-17 15:50:00,169.9604,170.1097,169.6869,169.8112,30796.0
2026-03-17 15:55:00,169.8112,170.229,169.3039,170.0599,118612.0
2026-03-18 09:30:00,168.1201,169.8908,167.4784,169.8908,14117.0
2026-03-18 09:35:00,169.4929,170.1992,169.1646,169.9306,11799.0
2026-03-18 09:40:00,169.672,170.0002,169.1149,169.5426,6621.0
2026-03-18 09:45:00,169.9405,170.0301,169.1348,169.6595,15985.0
2026-03-18 09:50:00,169.6073,170.1793,169.3934,169.6819,8835.0
2026-03-18 09:55:00,169.7316,169.8013,168.508,168.8363,13005.0
2026-03-18 10:00:00,168.7766,168.9458,168.4384,168.6374,7627.0
2026-03-18 10:05:00,168.4583,168.4583,167.9311,167.9311,8431.0
2026-03-18 10:10:00,167.8017,167.8017,167.3541,167.3939,16884.0
2026-03-18 10:15:00,167.3342,167.4237,166.9313,167.185,11290.0
2026-03-18 10:20:00,167.0159,167.3242,167.0159,167.2148,4432.0
2026-03-18 10:25:00,167.2596,167.3342,166.9363,167.0954,7244.0
2026-03-18 10:30:00,167.0358,167.3043,166.8467,167.1352,7773.0
2026-03-18 10:35:00,167.0954,167.3143,166.8368,167.2346,7451.0
2026-03-18 10:40:00,166.8069,167.0755,166.7871,167.0755,3814.0
2026-03-18 10:45:00,167.0755,167.1352,166.6876,166.8666,7872.0
2026-03-18 10:50:00,166.8666,166.996,166.797,166.8268,4818.0
2026-03-18 10:55:00,166.8069,166.8765,166.7174,166.8268,6261.0
2026-03-18 11:00:00,166.8169,167.3043,166.8169,166.996,13271.0
2026-03-18 11:05:00,167.0358,167.374,166.9164,167.3093,4369.0
2026-03-18 11:10:00,167.3043,167.4748,167.185,167.185,7789.0
2026-03-18 11:15:00,167.2496,167.374,167.1949,167.2248,2843.0
2026-03-18 11:20:00,167.1949,167.2646,166.8865,167.2546,8727.0
2026-03-18 11:25:00,167.2845,167.7968,167.2546,167.6525,20093.0
2026-03-18 11:30:00,167.7371,168.6075,167.7371,168.3986,13682.0
2026-03-18 11:35:00,168.329,168.4981,168.0654,168.3688,17213.0
2026-03-18 11:40:00,168.3588,168.8164,168.2892,168.7717,12873.0
2026-03-18 11:45:00,168.7766,169.0651,168.707,168.8264,10124.0
2026-03-18 11:50:00,168.8264,168.9855,168.6175,168.707,8170.0
2026-03-18 11:55:00,168.7766,168.8662,168.5876,168.7965,8093.0
2026-03-18 12:00:00,168.7965,168.7965,168.4981,168.5876,8438.0
2026-03-18 12:05:00,168.5379,168.6175,168.1897,168.2245,12620.0
2026-03-18 12:10:00,168.13,168.8562,168.13,168.7219,9047.0
2026-03-18 12:15:00,168.6176,168.9159,168.6176,168.9159,8889.0
2026-03-18 12:20:00,168.906,168.9607,168.7767,168.8761,5212.0
2026-03-18 12:25:00,168.9358,169.0751,168.6324,168.6324,13523.0
2026-03-18 12:30:00,168.5827,168.717,168.3787,168.4086,16398.0
2026-03-18 12:35:00,168.4832,168.9855,168.319,168.896,13174.0
2026-03-18 12:40:00,168.8836,169.3038,168.707,168.7269,13029.0
2026-03-18 12:45:00,168.717,169.085,168.6672,169.0005,4936.0
2026-03-18 12:50:00,168.8761,169.3138,168.8761,169.284,5857.0
2026-03-18 12:55:00,169.3636,169.6123,169.2641,169.5774,8705.0
2026-03-18 13:00:00,169.6123,170.5374,169.5526,170.3683,24440.0
2026-03-18 13:05:00,170.3086,170.9453,170.1196,170.8558,12592.0
2026-03-18 13:10:00,170.8607,171.5223,170.7762,171.3084,26104.0
2026-03-18 13:15:00,171.3109,171.3134,169.851,169.9604,33944.0
2026-03-18 13:20:00,169.8411,169.8709,168.5876,168.6622,18879.0
2026-03-18 13:25:00,168.6622,169.7515,168.6622,169.6521,9947.0
2026-03-18 13:30:00,169.6521,169.6521,168.9308,169.2342,14400.0
2026-03-18 13:35:00,169.2094,170.4379,169.2094,170.0549,20369.0
2026-03-18 13:40:00,169.9604,170.0301,169.4034,169.8261,9914.0
2026-03-18 13:45:00,169.7093,170.3982,169.7093,170.3982,9298.0
2026-03-18 13:50:00,170.2639,170.7165,170.244,170.5872,11873.0
2026-03-18 13:55:00,170.5921,170.7463,170.5822,170.7463,5751.0
2026-03-18 14:00:00,170.7961,171.0049,170.4927,170.5076,15167.0
2026-03-18 14:05:00,170.4976,170.8359,170.3086,170.7662,20309.0
2026-03-18 14:10:00,170.6792,170.7861,170.4768,170.6767,13670.0
2026-03-18 14:15:00,170.6767,170.7762,169.9853,170.1594,21552.0
2026-03-18 14:20:00,170.2887,170.6568,170.2887,170.5971,7111.0
2026-03-18 14:25:00,170.6071,171.2238,170.5673,171.0895,21025.0
2026-03-18 14:30:00,171.1442,171.2487,170.8757,170.9801,19218.0
2026-03-18 14:35:00,170.9652,170.9751,170.6369,170.7264,13875.0
2026-03-18 14:40:00,170.7065,170.7065,170.1892,170.418,10141.0
2026-03-18 14:45:00,170.3683,170.5673,170.3584,170.4379,3499.0
2026-03-18 14:50:00,170.3285,170.5374,169.8063,169.8063,16035.0
2026-03-18 14:55:00,169.7913,169.9704,169.5327,169.7764,15711.0
2026-03-18 15:00:00,169.7764,169.9107,169.4432,169.6819,11273.0
2026-03-18 15:05:00,169.6869,169.9604,169.6222,169.861,9521.0
2026-03-18 15:10:00,169.9107,170.1445,169.7018,170.0102,11354.0
2026-03-18 15:15:00,169.9704,170.229,169.861,170.0002,9677.0
2026-03-18 15:20:00,170.05,170.0898,169.7217,169.7814,7440.0
2026-03-18 15:25:00,169.8411,169.9903,169.7416,169.8659,11124.0
2026-03-18 15:30:00,169.8858,170.0574,169.7018,169.8809,11132.0
2026-03-18 15:35:00,169.856,169.9107,169.5675,169.8411,9200.0
2026-03-18 15:40:00,169.8411,170.0541,169.6819,169.861,13450.0
2026-03-18 15:45:00,169.8013,169.8212,169.085,169.3636,30734.0
2026-03-18 15:50:00,169.4233,169.7515,169.3437,169.5526,33536.0
2026-03-18 15:55:00,169.6023,169.9903,169.4929,169.5625,78998.0
2026-03-19 09:30:00,169.861,171.0945,169.7018,170.3982,21180.0
2026-03-19 09:35:00,170.3584,171.0448,170.0152,170.3385,10841.0
2026-03-19 09:40:00,170.3385,172.1788,170.3385,171.9998,21424.0
2026-03-19 09:45:00,171.9003,171.965,171.0945,171.6019,13709.0
2026-03-19 09:50:00,171.7312,171.7312,170.6543,170.8757,5515.0
2026-03-19 09:55:00,170.9055,171.2537,170.6767,170.8806,5858.0
2026-03-19 10:00:00,170.6717,170.9353,169.861,169.861,12822.0
2026-03-19 10:05:00,169.8908,170.1495,168.707,169.3089,21995.0
2026-03-19 10:10:00,169.2691,169.8958,168.9209,169.3337,18243.0
2026-03-19 10:15:00,169.1547,169.672,168.8861,169.5202,8670.0
2026-03-19 10:20:00,169.468,169.4929,169.1348,169.1348,8407.0
2026-03-19 10:25:00,169.1547,169.4929,169.1248,169.3337,10820.0
2026-03-19 10:30:00,169.3337,169.9008,169.284,169.9008,9269.0
2026-03-19 10:35:00,169.9903,170.2091,169.5128,169.6222,5698.0
2026-03-19 10:40:00,169.672,169.7316,169.3934,169.3934,4283.0
2026-03-19 10:45:00,169.5227,169.5725,169.3138,169.3337,3178.0
2026-03-19 10:50:00,169.3934,169.6521,168.9855,169.1149,53116.0
2026-03-19 10:55:00,169.2044,169.254,168.5379,168.6722,7236.0
2026-03-19 11:00:00,168.7567,168.7667,168.1201,168.3439,8630.0
2026-03-19 11:05:00,168.2395,168.508,168.1201,168.2494,10237.0
2026-03-19 11:10:00,168.13,168.2295,167.9908,168.2096,5977.0
2026-03-19 11:15:00,168.1798,168.5379,168.0405,168.1499,16432.0
2026-03-19 11:20:00,168.0902,168.3091,168.0604,168.2395,3663.0
2026-03-19 11:25:00,168.1847,168.4285,168.1101,168.4285,10611.0
2026-03-19 11:30:00,168.4384,168.6672,168.1201,168.1201,3861.0
2026-03-19 11:35:00,168.1201,168.2511,168.1002,168.1847,2803.0
2026-03-19 11:40:00,168.2494,168.4086,168.1997,168.2693,6857.0
2026-03-19 11:45:00,168.1897,168.2991,168.1798,168.2693,4299.0
2026-03-19 11:50:00,168.2593,168.319,168.1101,168.1798,5550.0
2026-03-19 11:55:00,168.1798,168.3389,168.0703,168.1599,6012.0
2026-03-19 12:00:00,168.1748,168.4583,168.0703,168.319,10509.0
2026-03-19 12:05:00,168.2593,168.334,168.2245,168.2494,3818.0
2026-03-19 12:10:00,168.2494,168.4484,167.7968,168.4285,12684.0
2026-03-19 12:15:00,168.3787,168.7567,168.3389,168.6125,7212.0
2026-03-19 12:20:00,168.6971,169.1547,168.6175,169.1348,8732.0
2026-03-19 12:25:00,169.3039,169.3039,168.9855,169.0651,8703.0
2026-03-19 12:30:00,169.0651,169.3238,169.0512,169.1845,5971.0
2026-03-19 12:35:00,169.1696,169.274,169.085,169.1746,3199.0
2026-03-19 12:40:00,169.085,169.4432,169.0253,169.2641,7644.0
2026-03-19 12:45:00,169.274,169.3039,168.8662,168.8662,5618.0
2026-03-19 12:50:00,168.8662,168.896,168.5279,168.5279,2311.0
2026-03-19 12:55:00,168.4981,168.6573,168.3787,168.4931,6511.0
2026-03-19 13:00:00,168.3787,168.4882,168.3688,168.4235,8003.0
2026-03-19 13:05:00,168.4285,168.508,168.2395,168.2743,10720.0
2026-03-19 13:10:00,168.2743,168.329,168.1599,168.1997,5569.0
2026-03-19 13:15:00,168.2792,168.3489,167.6227,168.1648,29707.0
2026-03-19 13:20:00,168.1648,168.5628,168.0902,168.3887,9903.0
2026-03-19 13:25:00,168.4583,168.6374,168.3141,168.4086,4541.0
2026-03-19 13:30:00,168.4384,168.4683,168.2046,168.3588,7752.0
2026-03-19 13:35:00,168.334,168.4384,168.2494,168.334,5195.0
2026-03-19 13:40:00,168.2991,168.7468,168.2892,168.7169,9774.0
2026-03-19 13:45:00,168.5876,168.8065,168.5876,168.7567,5044.0
2026-03-19 13:50:00,168.7766,169.0054,168.6971,168.9607,4116.0
2026-03-19 13:55:00,168.9557,169.0154,168.8264,168.9557,8289.0
2026-03-19 14:00:00,168.9159,168.9159,168.4981,168.6026,7381.0
2026-03-19 14:05:00,168.5677,168.8761,168.5379,168.7667,5808.0
2026-03-19 14:10:00,168.7667,168.906,168.6523,168.8562,5519.0
2026-03-19 14:15:00,168.8562,168.8761,168.6374,168.7717,8123.0
2026-03-19 14:20:00,168.8463,169.0552,168.8363,169.0054,9613.0
2026-03-19 14:25:00,169.0005,169.0452,168.3986,168.3986,21369.0
2026-03-19 14:30:00,168.3787,168.5578,168.2544,168.508,5227.0
2026-03-19 14:35:00,168.4583,168.717,168.4583,168.6672,8961.0
2026-03-19 14:40:00,168.6672,168.7766,168.5677,168.6971,5603.0
2026-03-19 14:45:00,168.6871,169.3855,168.6871,169.3039,6494.0
2026-03-19 14:50:00,169.3039,169.6819,169.2641,169.6222,5882.0
2026-03-19 14:55:00,169.7615,170.1694,169.7515,170.1644,17710.0
2026-03-19 15:00:00,170.1196,170.7861,170.04,170.4479,23527.0
2026-03-19 15:05:00,170.5673,171.0696,170.5325,170.622,17425.0
2026-03-19 15:10:00,170.4777,171.0348,170.4752,170.6568,15101.0
2026-03-19 15:15:00,170.5946,170.806,170.3186,170.3733,11599.0
2026-03-19 15:20:00,170.3285,170.3783,170.05,170.147,6277.0
2026-03-19 15:25:00,170.2091,170.229,169.8411,170.0102,14052.0
2026-03-19 15:30:00,170.0599,170.0798,169.2541,169.284,41784.0
2026-03-19 15:35:00,169.3586,169.3934,166.3096,168.5478,108868.0
2026-03-19 15:40:00,168.4185,168.5876,166.8865,167.2248,26596.0
2026-03-19 15:45:00,167.1502,167.4435,164.9566,165.0412,63332.0
2026-03-19 15:50:00,165.1556,166.0708,165.0064,165.9514,109755.0
2026-03-19 15:55:00,165.9315,165.9713,164.6085,165.653,185423.0
2026-03-20 09:30:00,164.1409,164.6383,162.2607,164.4244,150055.0
2026-03-20 09:35:00,164.2503,165.5038,163.3152,165.2799,18932.0
2026-03-20 09:40:00,165.6928,166.5085,165.464,166.22,6089.0
2026-03-20 09:45:00,166.23,166.9761,165.7525,165.8818,8119.0
2026-03-20 09:50:00,165.7923,165.9365,164.5289,165.1854,29988.0
2026-03-20 09:55:00,165.3048,165.7027,165.076,165.3222,3630.0
2026-03-20 10:00:00,165.1059,165.3197,164.34,164.34,13884.0
2026-03-20 10:05:00,165.0959,165.3247,164.8671,164.9069,3256.0
2026-03-20 10:10:00,164.9268,165.3695,164.7577,165.26,9568.0
2026-03-20 10:15:00,165.4043,166.3245,165.2253,166.3245,12418.0
2026-03-20 10:20:00,166.3245,166.7871,166.22,166.5185,15150.0
2026-03-20 10:25:00,166.6702,166.6925,165.6331,165.648,18570.0
2026-03-20 10:30:00,165.7027,166.1404,165.6679,165.8619,6405.0
2026-03-20 10:35:00,165.8619,166.3394,165.6978,165.837,6466.0
2026-03-20 10:40:00,165.9838,166.2897,165.6729,165.6729,6360.0
2026-03-20 10:45:00,165.6729,166.0609,165.6729,165.9763,7929.0
2026-03-20 10:50:00,166.0808,166.7871,166.0808,166.2996,10668.0
2026-03-20 10:55:00,166.2971,166.6677,166.22,166.3294,11059.0
2026-03-20 11:00:00,166.3245,166.6279,166.2897,166.3543,14085.0
2026-03-20 11:05:00,166.419,166.608,166.3742,166.5085,7618.0
2026-03-20 11:10:00,166.5085,167.374,166.4683,167.374,14683.0
2026-03-20 11:15:00,167.2845,167.4933,167.1253,167.2447,10047.0
2026-03-20 11:20:00,167.2994,167.9609,167.2049,167.5133,12434.0
2026-03-20 11:25:00,167.5133,167.5133,167.0358,167.1949,4894.0
2026-03-20 11:30:00,167.364,167.364,166.9761,167.0706,5019.0
2026-03-20 11:35:00,167.0059,167.3839,167.0059,167.3342,9587.0
2026-03-20 11:40:00,167.3342,167.7818,167.2745,167.7321,7893.0
2026-03-20 11:45:00,167.5829,167.9161,167.4934,167.7122,14570.0
2026-03-20 11:50:00,167.762,167.762,167.5033,167.6426,31133.0
2026-03-20 11:55:00,167.563,167.762,167.0258,167.5729,24742.0
2026-03-20 12:00:00,167.5729,167.6227,167.1104,167.3193,12517.0
2026-03-20 12:05:00,167.3193,167.4834,166.9412,167.2546,24517.0
2026-03-20 12:10:00,167.2845,168.3688,167.2845,168.0405,20223.0
2026-03-20 12:15:00,168.1101,169.2143,168.0405,169.2143,13380.0
2026-03-20 12:20:00,169.2143,169.2143,168.3588,168.5976,12244.0
2026-03-20 12:25:00,168.5379,169.1945,168.4981,169.1149,12051.0
2026-03-20 12:30:00,169.1149,169.4432,168.8363,169.3188,8678.0
2026-03-20 12:35:00,169.2641,169.5227,169.1149,169.2193,8656.0
2026-03-20 12:40:00,169.2939,169.5576,169.2939,169.4332,7333.0
2026-03-20 12:45:00,169.4531,169.4531,169.1792,169.4133,6376.0
2026-03-20 12:50:00,169.6023,169.6123,169.0303,169.1895,6405.0
2026-03-20 12:55:00,169.2044,169.5327,169.1149,169.3437,6112.0
2026-03-20 13:00:00,169.4133,169.5725,169.0403,169.1099,9086.0
2026-03-20 13:05:00,169.0154,169.0154,168.4086,168.702,16821.0
2026-03-20 13:10:00,168.8164,169.0751,168.6846,168.7468,10544.0
2026-03-20 13:15:00,168.8164,169.7018,168.8164,169.2541,20638.0
2026-03-20 13:20:00,169.2641,169.4133,168.9557,168.9557,18420.0
2026-03-20 13:25:00,168.9607,169.0651,168.4285,168.8662,24716.0
2026-03-20 13:30:00,168.8662,168.9955,168.6871,168.8711,13276.0
2026-03-20 13:35:00,168.9159,168.9259,167.8813,168.1599,27465.0
2026-03-20 13:40:00,168.1599,169.2641,168.1599,168.906,13609.0
2026-03-20 13:45:00,168.8463,169.2939,168.6125,168.9706,19235.0
2026-03-20 13:50:00,168.8562,169.463,168.8363,169.4581,15916.0
2026-03-20 13:55:00,169.4581,169.5924,168.9358,168.9756,11294.0
2026-03-20 14:00:00,168.9657,168.9657,168.4882,168.6423,14623.0
2026-03-20 14:05:00,168.6871,168.6871,168.3986,168.4484,29310.0
2026-03-20 14:10:00,168.4683,168.707,168.3787,168.6573,14310.0
2026-03-20 14:15:00,168.707,169.2442,168.6075,169.1248,13702.0
2026-03-20 14:20:00,169.2243,169.2243,168.6175,168.9855,18025.0
2026-03-20 14:25:00,168.8264,169.1048,168.6722,168.7766,8165.0
2026-03-20 14:30:00,168.7418,168.9159,168.1798,168.329,28609.0
2026-03-20 14:35:00,168.329,168.6921,168.324,168.5628,24893.0
2026-03-20 14:40:00,168.5628,168.7368,168.329,168.4882,13439.0
2026-03-20 14:45:00,168.4882,168.518,168.0902,168.0902,10549.0
2026-03-20 14:50:00,168.0902,168.2295,167.7719,168.1002,20089.0
2026-03-20 14:55:00,168.0803,168.4135,168.0504,168.329,18735.0
2026-03-20 15:00:00,168.2892,168.3986,167.7122,167.7818,24116.0
2026-03-20 15:05:00,167.8092,168.3489,167.7122,168.2643,37146.0
2026-03-20 15:10:00,168.2593,168.3986,168.0007,168.1698,11657.0
2026-03-20 15:15:00,168.1599,168.2892,167.9808,168.2544,24965.0
2026-03-20 15:20:00,168.4484,168.518,167.6724,167.8415,52139.0
2026-03-20 15:25:00,167.8813,168.3986,167.7122,168.2295,33088.0
2026-03-20 15:30:00,168.14,168.2693,167.8316,167.8913,23634.0
2026-03-20 15:35:00,167.951,168.3986,167.8415,168.3887,22257.0
2026-03-20 15:40:00,168.3887,168.717,168.2991,168.6523,25902.0
2026-03-20 15:45:00,168.6374,168.7667,168.1997,168.3887,51254.0
2026-03-20 15:50:00,168.4683,168.896,168.4484,168.7567,50518.0
2026-03-20 15:55:00,168.7567,169.463,168.5578,168.9557,226374.0
2026-03-23 09:30:00,171.4725,172.6762,169.5485,170.05,28842.0
2026-03-23 09:35:00,170.2987,170.7762,169.5327,170.6071,12326.0
2026-03-23 09:40:00,170.6021,170.617,170.0102,170.3385,12437.0
2026-03-23 09:45:00,169.9505,170.4479,168.8601,170.1843,19950.0
2026-03-23 09:50:00,170.3484,170.6518,169.7515,169.7515,11440.0
2026-03-23 09:55:00,169.463,170.2191,169.105,170.1296,6244.0
2026-03-23 10:00:00,170.1246,170.1594,168.9159,169.1149,23202.0
2026-03-23 10:05:00,169.3288,170.2788,169.1668,170.05,8253.0
2026-03-23 10:10:00,170.05,170.05,169.0353,169.8013,9119.0
2026-03-23 10:15:00,169.667,170.0798,169.4034,169.5517,6174.0
2026-03-23 10:20:00,169.5924,169.8908,169.5128,169.7018,5375.0
2026-03-23 10:25:00,169.6869,169.7018,168.8811,169.0353,7951.0
2026-03-23 10:30:00,169.0502,169.2939,168.8463,169.1746,4643.0
2026-03-23 10:35:00,169.182,169.4233,168.9657,169.2044,6232.0
2026-03-23 10:40:00,169.4133,169.662,169.2094,169.4979,5212.0
2026-03-23 10:45:00,169.5128,170.6369,169.5128,170.6369,8430.0
2026-03-23 10:50:00,170.2489,170.7861,170.0898,170.6966,7606.0
2026-03-23 10:55:00,170.4529,170.6021,170.1196,170.2141,7099.0
2026-03-23 11:00:00,170.3584,170.5175,170.1942,170.3235,7285.0
2026-03-23 11:05:00,170.2489,170.3783,170.1594,170.1594,4458.0
2026-03-23 11:10:00,170.1594,170.3086,169.9505,170.2191,6845.0
2026-03-23 11:15:00,170.2091,170.3584,169.9505,170.0002,5867.0
2026-03-23 11:20:00,169.9405,170.2589,169.9405,170.1345,8603.0
2026-03-23 11:25:00,170.1395,170.1395,168.4086,168.5926,10531.0
2026-03-23 11:30:00,168.6871,169.2143,168.6871,168.8463,7235.0
2026-03-23 11:35:00,168.8463,169.095,168.4882,168.707,8748.0
2026-03-23 11:40:00,168.6971,168.9955,168.5478,168.7766,5875.0
2026-03-23 11:45:00,168.7269,168.8164,168.3091,168.508,14774.0
2026-03-23 11:50:00,168.513,168.6573,168.1698,168.2345,8519.0
2026-03-23 11:55:00,168.13,168.13,167.185,167.5033,7423.0
2026-03-23 12:00:00,167.5033,167.8614,167.4834,167.563,5601.0
2026-03-23 12:05:00,167.5729,167.7022,167.3043,167.4287,9396.0
2026-03-23 12:10:00,167.2944,167.7023,166.797,166.8816,10524.0
2026-03-23 12:15:00,166.8816,167.1153,166.3991,166.613,24802.0
2026-03-23 12:20:00,166.613,167.1153,166.3792,166.9661,27394.0
2026-03-23 12:25:00,167.0755,167.4536,166.4787,166.5881,29370.0
2026-03-23 12:30:00,166.5483,166.8865,166.4886,166.8617,10370.0
2026-03-23 12:35:00,166.8865,167.0258,166.7622,166.9214,10308.0
2026-03-23 12:40:00,166.986,167.0855,166.3493,166.6876,24496.0
2026-03-23 12:45:00,166.4687,166.6279,166.1305,166.3842,10193.0
2026-03-23 12:50:00,166.3792,167.0656,166.2698,166.4787,13972.0
2026-03-23 12:55:00,166.5384,166.7373,166.3692,166.3891,7992.0
2026-03-23 13:00:00,166.409,166.6975,166.3195,166.5682,17526.0
2026-03-23 13:05:00,166.4787,167.0358,166.3792,166.9711,12119.0
2026-03-23 13:10:00,166.981,167.3342,166.8865,167.0059,13824.0
2026-03-23 13:15:00,167.0059,167.0954,166.4289,166.9462,18412.0
2026-03-23 13:20:00,166.8169,166.9462,166.1703,166.2499,19911.0
2026-03-23 13:25:00,166.3145,166.4687,165.6629,166.0111,26186.0
2026-03-23 13:30:00,166.1902,166.5781,165.9315,166.5781,29052.0
2026-03-23 13:35:00,166.5433,167.5073,166.4886,167.1402,20028.0
2026-03-23 13:40:00,167.0507,167.1651,166.6678,166.8741,10593.0
2026-03-23 13:45:00,166.8716,167.0855,166.7522,166.996,10492.0
2026-03-23 13:50:00,166.9761,167.2496,166.8169,167.2496,13624.0
2026-03-23 13:55:00,167.18,167.553,167.18,167.4337,15714.0
2026-03-23 14:00:00,167.4834,167.7023,167.205,167.7023,14640.0
2026-03-23 14:05:00,167.7122,167.7122,167.1949,167.3043,23020.0
2026-03-23 14:10:00,167.3043,167.364,167.0358,167.2894,19407.0
2026-03-23 14:15:00,167.3043,167.7421,167.2347,167.6326,10502.0
2026-03-23 14:20:00,167.6028,167.762,167.4138,167.6078,8753.0
2026-03-23 14:25:00,167.6078,167.7421,167.5431,167.6973,9308.0
2026-03-23 14:30:00,167.6973,168.0554,167.6525,168.0007,10962.0
2026-03-23 14:35:00,168.0703,168.1251,167.6525,168.1002,11007.0
2026-03-23 14:40:00,168.0604,168.3389,167.8914,168.1599,8614.0
2026-03-23 14:45:00,168.1002,168.9109,168.0405,168.8214,13168.0
2026-03-23 14:50:00,168.8264,169.1248,168.8264,169.0353,12604.0
2026-03-23 14:55:00,169.0353,169.5078,168.9209,169.4581,13957.0
2026-03-23 15:00:00,169.3934,169.4829,168.906,169.4829,14859.0
2026-03-23 15:05:00,169.4531,169.5526,169.1447,169.3337,14252.0
2026-03-23 15:10:00,169.3835,169.6918,169.2641,169.4133,17642.0
2026-03-23 15:15:00,169.463,169.463,169.2342,169.3437,17104.0
2026-03-23 15:20:00,169.2541,169.3336,169.0353,169.1248,13246.0
2026-03-23 15:25:00,169.1994,169.284,168.8363,168.9458,18120.0
2026-03-23 15:30:00,168.9458,168.9458,168.1499,168.6722,33543.0
2026-03-23 15:35:00,168.6523,169.0253,168.513,168.9955,18911.0
2026-03-23 15:40:00,169.0253,169.274,168.8861,169.1447,25682.0
2026-03-23 15:45:00,169.1547,169.2641,168.8861,169.0651,29474.0
2026-03-23 15:50:00,169.0502,169.1745,168.717,168.8363,53157.0
2026-03-23 15:55:00,168.8761,169.4282,168.717,169.2541,200136.0
2026-03-24 09:30:00,168.2792,168.2792,166.7075,167.4736,11774.0
2026-03-24 09:35:00,167.8913,168.1201,166.8716,166.8716,21531.0
2026-03-24 09:40:00,166.8632,167.6177,166.7075,167.5729,15527.0
2026-03-24 09:45:00,167.5779,167.8117,167.2546,167.558,25508.0
2026-03-24 09:50:00,167.4735,167.7122,167.3342,167.5033,8878.0
2026-03-24 09:55:00,167.4834,167.6973,167.2547,167.6973,4376.0
2026-03-24 10:00:00,167.8515,167.9908,167.185,167.6078,7384.0
2026-03-24 10:05:00,167.4436,168.1997,167.2944,168.1997,8630.0
2026-03-24 10:10:00,168.3688,168.4583,167.3889,167.6078,21660.0
2026-03-24 10:15:00,167.4138,167.6426,167.374,167.563,7204.0
2026-03-24 10:20:00,167.5431,167.8789,167.4635,167.7072,6403.0
2026-03-24 10:25:00,167.7122,168.0305,167.6498,167.9609,5280.0
2026-03-24 10:30:00,167.951,168.1698,167.8415,168.0106,7483.0
2026-03-24 10:35:00,168.0206,168.702,167.6923,168.702,9968.0
2026-03-24 10:40:00,168.712,169.095,168.707,168.9458,4004.0
2026-03-24 10:45:00,168.9408,168.9557,168.3489,168.4334,15032.0
2026-03-24 10:50:00,168.3588,168.6374,167.7222,168.3389,36689.0
2026-03-24 10:55:00,168.2494,169.3163,168.1499,169.1049,35158.0
2026-03-24 11:00:00,169.1149,170.9851,169.1149,170.6518,22536.0
2026-03-24 11:05:00,170.6518,171.0348,170.3484,170.8955,28048.0
2026-03-24 11:10:00,170.8955,171.2039,170.6966,170.9055,35608.0
2026-03-24 11:15:00,170.9528,172.3977,170.7563,172.3479,44025.0
2026-03-24 11:20:00,172.3977,172.4375,171.7212,171.9699,21691.0
2026-03-24 11:25:00,171.9998,172.4972,171.8307,172.4325,57705.0
2026-03-24 11:30:00,172.4375,173.5417,172.2883,173.2302,51997.0
2026-03-24 11:35:00,173.5417,173.9197,173.1041,173.6859,31712.0
2026-03-24 11:40:00,173.6859,173.6859,173.1537,173.3925,18975.0
2026-03-24 11:45:00,173.3477,173.3925,172.6961,172.8354,27386.0
2026-03-24 11:50:00,172.8354,173.0791,172.4972,172.4972,20114.0
2026-03-24 11:55:00,172.5071,172.6364,171.965,172.0893,10403.0
2026-03-24 12:00:00,172.0893,172.2684,171.8605,172.0147,19250.0
2026-03-24 12:05:00,172.0147,172.1987,171.96,171.9699,6317.0
2026-03-24 12:10:00,172.1142,172.1191,171.6914,171.8257,27755.0
2026-03-24 12:15:00,171.8257,172.2087,171.4178,171.9401,50198.0
2026-03-24 12:20:00,171.8704,172.3082,171.761,172.2684,14767.0
2026-03-24 12:25:00,172.149,172.3231,172.0396,172.1142,4534.0
2026-03-24 12:30:00,172.1142,172.5718,172.1142,172.5121,15277.0
2026-03-24 12:35:00,172.4773,172.711,172.1191,172.2883,67755.0
2026-03-24 12:40:00,172.338,173.1488,172.1291,173.0642,26117.0
2026-03-24 12:45:00,173.0791,173.2582,172.8453,173.1388,13478.0
2026-03-24 12:50:00,173.1289,173.2632,172.6116,172.8006,12386.0
2026-03-24 12:55:00,172.8851,173.0791,172.7508,172.9299,7942.0
2026-03-24 13:00:00,173.0145,173.094,172.3678,172.3728,12223.0
2026-03-24 13:05:00,172.333,172.7906,172.2485,172.7906,12746.0
2026-03-24 13:10:00,172.7906,172.7906,172.3579,172.4474,12955.0
2026-03-24 13:15:00,172.44,172.7658,172.2684,172.522,43527.0
2026-03-24 13:20:00,172.522,173.0667,171.9898,172.0147,29958.0
2026-03-24 13:25:00,171.9003,172.3579,171.6367,171.6814,12690.0
2026-03-24 13:30:00,171.6814,171.9003,171.6814,171.7113,4335.0
2026-03-24 13:35:00,171.7212,171.7312,171.4775,171.5322,7690.0
2026-03-24 13:40:00,171.6416,171.6416,170.617,170.7016,11347.0
2026-03-24 13:45:00,170.6966,170.6966,169.7815,170.04,6736.0
2026-03-24 13:50:00,169.9306,170.3683,169.7714,169.7864,9276.0
2026-03-24 13:55:00,169.7864,170.4976,169.7864,170.4131,7304.0
2026-03-24 14:00:00,170.5374,170.7264,170.3882,170.7264,16276.0
2026-03-24 14:05:00,170.622,171.5272,170.622,171.5272,12598.0
2026-03-24 14:10:00,171.5173,171.5173,171.1343,171.2586,11533.0
2026-03-24 14:15:00,171.1343,171.6864,170.9154,171.5571,11118.0
2026-03-24 14:20:00,171.3929,171.5621,171.005,171.3532,5750.0
2026-03-24 14:25:00,171.2238,171.4079,171.1045,171.3532,8063.0
2026-03-24 14:30:00,171.4079,171.9102,171.3631,171.582,8556.0
2026-03-24 14:35:00,171.6615,172.2286,171.6615,172.0595,8101.0
2026-03-24 14:40:00,171.8406,172.0296,171.383,171.7113,17063.0
2026-03-24 14:45:00,171.7013,171.9053,171.7013,171.9053,4240.0
2026-03-24 14:50:00,171.8605,172.0694,171.8008,171.9699,7437.0
2026-03-24 14:55:00,172.0147,172.2087,171.9401,172.139,6703.0
2026-03-24 15:00:00,172.2083,172.537,172.1589,172.4101,18022.0
2026-03-24 15:05:00,172.3778,172.3778,171.8605,171.95,11804.0
2026-03-24 15:10:00,171.95,172.1639,171.9003,171.9699,13350.0
2026-03-24 15:15:00,171.8903,172.1291,171.6118,171.8406,26084.0
2026-03-24 15:20:00,171.8804,171.965,171.6715,171.6914,10351.0
2026-03-24 15:25:00,171.7511,171.8008,171.6615,171.7511,10021.0
2026-03-24 15:30:00,171.6914,171.7809,171.4626,171.6118,34976.0
2026-03-24 15:35:00,171.5223,171.5422,171.3333,171.5272,8972.0
2026-03-24 15:40:00,171.4576,171.6068,171.1641,171.6068,22530.0
2026-03-24 15:45:00,171.5372,171.761,171.5372,171.6715,22149.0
2026-03-24 15:50:00,171.6217,171.6516,171.0249,171.2537,26279.0
2026-03-24 15:55:00,171.2935,171.7113,171.184,171.383,162302.0
2026-03-25 09:30:00,173.094,174.2555,173.094,174.0291,14190.0
2026-03-25 09:35:00,173.7009,173.7606,172.967,173.2632,6362.0
2026-03-25 09:40:00,173.4223,173.4422,172.8354,172.9597,7822.0
2026-03-25 09:45:00,173.0443,173.0443,171.9202,172.0893,5587.0
2026-03-25 09:50:00,171.8287,172.2883,170.6071,170.9403,10672.0
2026-03-25 09:55:00,170.8558,171.1144,169.3536,169.5227,7636.0
2026-03-25 10:00:00,169.4879,169.8112,169.1149,169.8112,9322.0
2026-03-25 10:05:00,169.7714,169.8759,168.8363,169.0204,6755.0
2026-03-25 10:10:00,169.1447,169.9405,169.0303,169.8908,8491.0
2026-03-25 10:15:00,169.9306,169.9405,169.5028,169.7217,5290.0
2026-03-25 10:20:00,169.7217,169.9604,169.5028,169.7416,6091.0
2026-03-25 10:25:00,169.5825,170.1395,169.5825,169.9405,6995.0
2026-03-25 10:30:00,169.9405,170.6667,169.7615,170.5026,6980.0
2026-03-25 10:35:00,170.6568,170.7264,170.1296,170.1395,4682.0
2026-03-25 10:40:00,170.2191,170.2937,169.8013,169.8013,6382.0
2026-03-25 10:45:00,169.7615,170.2987,169.7615,170.2987,3939.0
2026-03-25 10:50:00,170.3882,170.7513,170.1395,170.3484,8474.0
2026-03-25 10:55:00,170.3484,170.7115,170.3484,170.5126,3475.0
2026-03-25 11:00:00,170.5175,170.7662,170.4927,170.7662,3010.0
2026-03-25 11:05:00,170.6767,170.6767,169.8311,169.8411,7092.0
2026-03-25 11:10:00,169.6222,169.672,168.518,168.7368,10580.0
2026-03-25 11:15:00,168.8363,169.085,168.4086,168.8065,13103.0
2026-03-25 11:20:00,168.9259,169.8709,168.8065,169.8659,6089.0
2026-03-25 11:25:00,169.6819,170.229,169.5824,170.229,3572.0
2026-03-25 11:30:00,170.3633,170.5275,170.2589,170.4429,4372.0
2026-03-25 11:35:00,170.4429,170.4429,170.2489,170.2489,5266.0
2026-03-25 11:40:00,170.3683,170.4081,170.1395,170.2838,4126.0
2026-03-25 11:45:00,170.229,170.4479,170.1793,170.3783,3363.0
2026-03-25 11:50:00,170.3514,170.5374,170.3186,170.4013,3415.0
2026-03-25 11:55:00,170.5374,170.7762,170.3484,170.6518,6231.0
2026-03-25 12:00:00,170.5275,170.7762,170.5175,170.6767,4199.0
2026-03-25 12:05:00,170.6767,170.7563,170.6469,170.6767,2606.0
2026-03-25 12:10:00,170.6717,170.9254,170.4976,170.622,5973.0
2026-03-25 12:15:00,170.6095,170.7662,170.3882,170.7264,4677.0
2026-03-25 12:20:00,170.5872,170.9055,170.5076,170.7861,5109.0
2026-03-25 12:25:00,170.8508,171.2238,170.8508,171.0746,12772.0
2026-03-25 12:30:00,171.1691,171.4477,171.1691,171.3183,3481.0
2026-03-25 12:35:00,171.3333,171.5123,171.214,171.3333,8550.0
2026-03-25 12:40:00,171.3333,171.4228,171.1343,171.3581,6381.0
2026-03-25 12:45:00,171.2736,171.2935,170.7861,170.7861,7098.0
2026-03-25 12:50:00,170.7762,170.8458,170.4678,170.8458,3859.0
2026-03-25 12:55:00,170.8458,170.8657,170.5474,170.7513,4618.0
2026-03-25 13:00:00,170.7513,172.0595,170.7513,171.9202,17771.0
2026-03-25 13:05:00,172.0594,172.1191,171.8207,171.9003,6034.0
2026-03-25 13:10:00,171.8605,171.9003,171.6615,171.771,4439.0
2026-03-25 13:15:00,171.771,171.8605,171.6416,171.7013,7385.0
2026-03-25 13:20:00,171.6516,171.95,171.6516,171.8903,9542.0
2026-03-25 13:25:00,171.9003,172.1191,171.9003,172.0097,6922.0
2026-03-25 13:30:00,171.96,172.0246,171.8008,171.8008,6007.0
2026-03-25 13:35:00,171.8207,171.9749,171.6715,171.8008,3812.0
2026-03-25 13:40:00,171.9202,172.2186,171.7013,172.1788,8268.0
2026-03-25 13:45:00,172.1191,172.1191,171.9102,171.9102,5196.0
2026-03-25 13:50:00,171.8506,171.95,171.3929,171.5919,4582.0
2026-03-25 13:55:00,171.6416,171.6715,171.3084,171.4577,6219.0
2026-03-25 14:00:00,171.194,171.582,171.0846,171.5216,21061.0
2026-03-25 14:05:00,171.4327,171.9003,171.4327,171.5073,16508.0
2026-03-25 14:10:00,171.4327,171.771,171.3432,171.572,8793.0
2026-03-25 14:15:00,171.6864,172.0694,171.5521,171.8108,11460.0
2026-03-25 14:20:00,171.8108,172.0694,171.8108,171.9102,5457.0
2026-03-25 14:25:00,171.9102,171.9898,171.6715,171.8157,8248.0
2026-03-25 14:30:00,171.8108,172.3281,171.6914,172.2684,17102.0
2026-03-25 14:35:00,172.2684,172.5569,172.2684,172.5021,12475.0
2026-03-25 14:40:00,172.5469,172.5768,171.8207,171.9301,35086.0
2026-03-25 14:45:00,171.9202,172.4474,171.8008,172.2932,14196.0
2026-03-25 14:50:00,172.2932,172.4375,172.1092,172.1788,7437.0
2026-03-25 14:55:00,172.1291,172.4275,171.8008,172.3629,21859.0
2026-03-25 15:00:00,172.3629,172.726,172.0197,172.6414,15890.0
2026-03-25 15:05:00,172.5966,173.0592,172.5699,173.0543,8345.0
2026-03-25 15:10:00,173.0642,173.1736,172.7956,172.8553,17278.0
2026-03-25 15:15:00,172.8603,173.1239,172.6464,172.7757,11774.0
2026-03-25 15:20:00,172.7757,173.0642,172.7757,172.9747,11872.0
2026-03-25 15:25:00,173.0393,173.0891,172.7757,172.7757,15218.0
2026-03-25 15:30:00,172.7757,172.915,172.6464,172.8553,11997.0
2026-03-25 15:35:00,172.905,173.2532,172.7061,173.1836,25428.0
2026-03-25 15:40:00,173.2134,173.3825,173.109,173.109,17281.0
2026-03-25 15:45:00,173.1139,173.2333,172.8503,173.0891,22946.0
2026-03-25 15:50:00,173.0891,173.3875,173.0443,173.3776,57195.0
2026-03-25 15:55:00,173.4124,173.6611,173.0642,173.3228,131559.0
2026-03-26 09:30:00,172.3281,173.7805,171.9898,172.716,16380.0
2026-03-26 09:35:00,172.9896,173.4124,172.6364,172.8503,16669.0
2026-03-26 09:40:00,172.8199,173.3029,172.5569,173.3029,8590.0
2026-03-26 09:45:00,172.915,173.0045,172.3479,172.9498,11642.0
2026-03-26 09:50:00,173.3527,173.8401,172.4623,172.6315,11108.0
2026-03-26 09:55:00,172.6961,173.482,172.4275,173.482,6860.0
2026-03-26 10:00:00,173.5914,173.7805,173.3229,173.4621,5494.0
2026-03-26 10:05:00,173.6313,173.6313,172.4275,172.716,6934.0
2026-03-26 10:10:00,172.8851,172.9448,172.4275,172.4673,3614.0
2026-03-26 10:15:00,172.3181,172.6265,171.9799,172.3927,11758.0
2026-03-26 10:20:00,172.3927,172.9846,172.3877,172.8006,5397.0
2026-03-26 10:25:00,172.8254,173.2234,172.8254,173.2184,3159.0
2026-03-26 10:30:00,173.2035,173.3825,172.9448,173.1239,6596.0
2026-03-26 10:35:00,173.1239,173.293,172.0595,172.0595,21769.0
2026-03-26 10:40:00,172.2335,172.3355,171.6118,172.0794,8593.0
2026-03-26 10:45:00,172.0396,172.3877,171.9252,172.139,3099.0
2026-03-26 10:50:00,172.3082,172.721,172.139,172.721,3292.0
2026-03-26 10:55:00,172.711,172.8056,172.527,172.527,3769.0
2026-03-26 11:00:00,172.6464,172.7061,172.4574,172.4574,3177.0
2026-03-26 11:05:00,172.4574,172.6961,172.2037,172.2584,5201.0
2026-03-26 11:10:00,172.2634,172.4574,172.1689,172.4226,4231.0
2026-03-26 11:15:00,172.3579,172.3579,171.9102,171.9848,4970.0
2026-03-26 11:20:00,171.95,172.1191,171.8108,171.9898,4602.0
2026-03-26 11:25:00,172.1291,172.3579,171.9898,172.1888,10163.0
2026-03-26 11:30:00,172.2087,172.2087,171.9998,172.0296,6591.0
2026-03-26 11:35:00,172.1142,172.2883,172.1142,172.2286,2963.0
2026-03-26 11:40:00,172.3479,172.3479,172.0595,172.1291,7609.0
2026-03-26 11:45:00,172.149,172.2286,172.0992,172.1639,4166.0
2026-03-26 11:50:00,172.139,172.6663,172.0893,172.6663,5840.0
2026-03-26 11:55:00,172.6663,173.5914,172.6663,173.5914,8733.0
2026-03-26 12:00:00,173.5914,173.5914,173.2681,173.3427,17077.0
2026-03-26 12:05:00,173.2781,173.6263,173.2781,173.6113,6992.0
2026-03-26 12:10:00,173.6113,173.865,173.3328,173.3925,8370.0
2026-03-26 12:15:00,173.3925,173.3925,172.7309,172.9747,7027.0
2026-03-26 12:20:00,172.9747,173.0741,172.6464,172.8056,4011.0
2026-03-26 12:25:00,172.7608,172.7608,172.1241,172.2932,7630.0
2026-03-26 12:30:00,172.4076,172.4076,172.1788,172.2783,3277.0
2026-03-26 12:35:00,172.1987,172.6066,172.1987,172.4474,4591.0
2026-03-26 12:40:00,172.3877,173.2035,172.3877,173.1836,3627.0
2026-03-26 12:45:00,173.1836,173.7158,173.1637,173.6213,3123.0
2026-03-26 12:50:00,173.671,173.7705,173.1189,173.1189,5738.0
2026-03-26 12:55:00,173.1189,173.4024,172.9747,173.2582,4869.0
2026-03-26 13:00:00,173.2582,173.4223,173.1255,173.288,11852.0
2026-03-26 13:05:00,173.4024,173.4024,173.1438,173.2532,3336.0
2026-03-26 13:10:00,173.1637,173.2383,172.8453,172.8553,4764.0
2026-03-26 13:15:00,172.8851,172.9995,172.7658,172.8503,3805.0
2026-03-26 13:20:00,172.8453,173.5119,172.6961,173.1637,27558.0
2026-03-26 13:25:00,173.1687,173.5318,173.1687,173.4174,8586.0
2026-03-26 13:30:00,173.3328,173.5019,173.2433,173.3626,4882.0
2026-03-26 13:35:00,173.3179,173.6362,173.3129,173.5666,8211.0
2026-03-26 13:40:00,173.492,173.6611,173.3427,173.6511,6915.0
2026-03-26 13:45:00,173.666,173.666,173.1297,173.1297,6440.0
2026-03-26 13:50:00,173.1612,173.8202,173.0841,173.6113,34161.0
2026-03-26 13:55:00,173.6972,173.6972,173.3328,173.3427,6409.0
2026-03-26 14:00:00,173.3029,173.492,173.2731,173.3228,8435.0
2026-03-26 14:05:00,173.3228,173.5914,173.3228,173.5516,7915.0
2026-03-26 14:10:00,173.5615,173.6064,173.2731,173.3427,3836.0
2026-03-26 14:15:00,173.3776,173.6362,173.3776,173.5268,5078.0
2026-03-26 14:20:00,173.5119,173.6909,173.3228,173.6113,8822.0
2026-03-26 14:25:00,173.6859,173.9147,173.477,173.5516,19805.0
2026-03-26 14:30:00,173.5516,173.7158,173.0642,173.2134,15720.0
2026-03-26 14:35:00,173.3427,173.666,173.1836,173.5218,9749.0
2026-03-26 14:40:00,173.482,173.5715,173.0493,173.2532,13731.0
2026-03-26 14:45:00,173.1935,173.5217,173.1488,173.1935,9187.0
2026-03-26 14:50:00,173.2532,173.3925,173.1453,173.1836,6008.0
2026-03-26 14:55:00,173.2532,173.3156,173.0294,173.3156,7521.0
2026-03-26 15:00:00,173.3228,173.5516,173.0742,173.2184,6682.0
2026-03-26 15:05:00,173.1388,173.2731,173.0678,173.0678,8374.0
2026-03-26 15:10:00,173.1388,173.1388,172.9448,172.9995,4145.0
2026-03-26 15:15:00,172.9597,173.094,172.8851,173.0344,9661.0
2026-03-26 15:20:00,173.0478,173.1736,173.0344,173.1687,5563.0
2026-03-26 15:25:00,173.099,173.099,172.8453,173.0841,13270.0
2026-03-26 15:30:00,173.0592,173.0592,172.7608,172.9349,8947.0
2026-03-26 15:35:00,172.9846,173.0741,172.8851,173.0642,10564.0
2026-03-26 15:40:00,173.0194,173.2333,173.0194,173.2333,10263.0
2026-03-26 15:45:00,173.2234,173.6611,173.1736,173.6213,193440.0
2026-03-26 15:50:00,173.5417,173.7606,173.3229,173.7606,39926.0
2026-03-26 15:55:00,173.7606,174.2878,173.5617,174.1883,127629.0
2026-03-27 09:30:00,173.5,173.5,171.84,172.69,14064.0
2026-03-27 09:35:00,172.705,174.595,172.25,173.95,22023.0
2026-03-27 09:40:00,173.6,173.94,172.62,173.495,17451.0
2026-03-27 09:45:00,173.26,173.89,173.015,173.695,44026.0
2026-03-27 09:50:00,173.7,173.88,173.07,173.18,27538.0
2026-03-27 09:55:00,173.1,173.1,171.94,172.16,10000.0
2026-03-27 10:00:00,172.105,172.26,171.28,171.5,29050.0
2026-03-27 10:05:00,171.47,171.565,168.07,169.29,43077.0
2026-03-27 10:10:00,169.35,170.83,169.33,170.78,38737.0
2026-03-27 10:15:00,170.68,171.785,170.67,171.06,5829.0
2026-03-27 10:20:00,171.055,171.2,170.2,170.2,6292.0
2026-03-27 10:25:00,170.38,170.6,169.21,169.25,11788.0
2026-03-27 10:30:00,169.205,169.99,169.01,169.71,9138.0
2026-03-27 10:35:00,169.84,169.94,169.54,169.715,17932.0
2026-03-27 10:40:00,169.715,170.0,169.19,169.875,6659.0
2026-03-27 10:45:00,169.97,170.46,169.85,170.42,13359.0
2026-03-27 10:50:00,170.46,170.8,170.3,170.33,6987.0
2026-03-27 10:55:00,170.385,170.7,170.385,170.665,3138.0
2026-03-27 11:00:00,170.6,170.6,170.265,170.38,5092.0
2026-03-27 11:05:00,170.4,170.53,169.39,169.4,8640.0
2026-03-27 11:10:00,169.4,169.4,168.97,169.3,18265.0
2026-03-27 11:15:00,169.33,169.73,168.92,169.01,14973.0
2026-03-27 11:20:00,169.015,169.53,168.65,169.09,15987.0
2026-03-27 11:25:00,169.095,169.48,168.88,169.36,4256.0
2026-03-27 11:30:00,169.425,169.8299,169.425,169.75,5403.0
2026-03-27 11:35:00,169.785,169.83,169.28,169.5,7548.0
2026-03-27 11:40:00,169.5,169.5,169.2,169.37,5807.0
2026-03-27 11:45:00,169.37,169.605,169.36,169.59,5480.0
2026-03-27 11:50:00,169.61,169.8,169.35,169.52,22860.0
2026-03-27 11:55:00,169.565,169.565,168.82,169.145,5843.0
2026-03-27 12:00:00,168.88,169.53,168.88,169.185,8756.0
2026-03-27 12:05:00,169.13,169.17,168.2,168.235,11453.0
2026-03-27 12:10:00,168.235,168.38,167.7,167.8,29087.0
2026-03-27 12:15:00,167.88,168.43,167.74,167.96,21338.0
2026-03-27 12:20:00,167.96,168.26,167.83,167.875,22944.0
2026-03-27 12:25:00,167.95,168.15,167.71,167.845,23886.0
2026-03-27 12:30:00,167.92,168.2,167.78,168.2,24395.0
2026-03-27 12:35:00,168.155,168.25,167.725,167.8,24997.0
2026-03-27 12:40:00,167.745,167.91,167.11,167.3725,47330.0
2026-03-27 12:45:00,167.45,167.59,167.11,167.48,44840.0
2026-03-27 12:50:00,167.39,167.64,167.34,167.64,10474.0
2026-03-27 12:55:00,167.49,167.75,167.41,167.72,17933.0
2026-03-27 13:00:00,167.75,167.96,167.57,167.95,11994.0
2026-03-27 13:05:00,167.97,168.04,167.42,167.68,18414.0
2026-03-27 13:10:00,167.61,167.66,167.46,167.5,8719.0
2026-03-27 13:15:00,167.53,167.63,167.43,167.485,20149.0
2026-03-27 13:20:00,167.47,167.63,167.22,167.275,64304.0
2026-03-27 13:25:00,167.275,167.6,167.27,167.27,10882.0
2026-03-27 13:30:00,167.3478,167.95,167.3,167.9,11397.0
2026-03-27 13:35:00,167.9,168.38,167.71,168.21,26187.0
2026-03-27 13:40:00,168.22,168.43,168.0,168.39,6614.0
2026-03-27 13:45:00,168.38,168.57,167.93,168.38,15888.0
2026-03-27 13:50:00,168.3298,168.48,168.24,168.345,4197.0
2026-03-27 13:55:00,168.345,168.43,168.25,168.31,6838.0
2026-03-27 14:00:00,168.32,168.32,167.85,168.0,19933.0
2026-03-27 14:05:00,168.01,168.11,167.95,167.965,6843.0
2026-03-27 14:10:00,167.965,168.5,167.965,168.43,7151.0
2026-03-27 14:15:00,168.495,169.05,168.415,169.01,8415.0
2026-03-27 14:20:00,169.03,169.095,168.72,168.72,8979.0
2026-03-27 14:25:00,168.73,168.98,168.39,168.945,14230.0
2026-03-27 14:30:00,168.945,169.49,168.9,169.4892,9192.0
2026-03-27 14:35:00,169.42,170.5,169.25,170.5,13654.0
2026-03-27 14:40:00,170.505,170.55,169.6,169.905,17990.0
2026-03-27 14:45:00,169.83,169.91,169.58,169.72,8337.0
2026-03-27 14:50:00,169.63,169.63,169.27,169.41,12606.0
2026-03-27 14:55:00,169.4201,170.02,169.4201,169.768,10128.0
2026-03-27 15:00:00,169.79,169.89,169.24,169.43,9701.0
2026-03-27 15:05:00,169.285,169.415,169.03,169.075,8182.0
2026-03-27 15:10:00,169.04,169.105,168.89,168.99,10372.0
2026-03-27 15:15:00,168.99,169.39,168.975,169.255,17506.0
2026-03-27 15:20:00,169.255,169.53,169.13,169.52,10871.0
2026-03-27 15:25:00,169.54,169.61,169.25,169.27,21216.0
2026-03-27 15:30:00,169.42,169.52,169.15,169.5,15469.0
2026-03-27 15:35:00,169.495,169.63,169.27,169.62,20529.0
2026-03-27 15:40:00,169.59,169.66,169.4,169.56,20968.0
2026-03-27 15:45:00,169.5799,169.605,169.02,169.29,38832.0
2026-03-27 15:50:00,169.35,169.37,168.75,168.91,51004.0
2026-03-27 15:55:00,168.975,169.16,168.72,169.1,146691.0
2026-03-30 09:30:00,170.51,170.51,167.98,168.865,25390.0
2026-03-30 09:35:00,169.28,169.28,167.925,168.92,11081.0
2026-03-30 09:40:00,168.92,169.67,168.0,168.07,7854.0
2026-03-30 09:45:00,168.34,168.43,166.44,166.54,15455.0
2026-03-30 09:50:00,166.49,168.01,166.29,167.74,23313.0
2026-03-30 09:55:00,167.46,168.16,167.41,167.605,9570.0
2026-03-30 10:00:00,167.41,168.215,167.41,167.84,7641.0
2026-03-30 10:05:00,167.85,167.94,167.375,167.64,11877.0
2026-03-30 10:10:00,167.69,168.23,167.67,167.67,6488.0
2026-03-30 10:15:00,167.44,167.44,167.06,167.26,9483.0
2026-03-30 10:20:00,167.37,167.78,167.26,167.765,7638.0
2026-03-30 10:25:00,167.765,168.31,167.53,168.31,6133.0
2026-03-30 10:30:00,168.1925,168.99,168.1925,168.53,3667.0
2026-03-30 10:35:00,168.54,168.54,167.85,168.06,6789.0
2026-03-30 10:40:00,168.0,168.08,167.5955,168.02,7042.0
2026-03-30 10:45:00,167.905,168.11,167.3237,167.585,13054.0
2026-03-30 10:50:00,167.25,167.68,167.035,167.19,8094.0
2026-03-30 10:55:00,167.1,168.39,167.1,168.355,12278.0
2026-03-30 11:00:00,168.27,168.87,168.13,168.78,15147.0
2026-03-30 11:05:00,168.87,168.95,168.26,168.43,9232.0
2026-03-30 11:10:00,168.43,169.14,168.43,168.835,12007.0
2026-03-30 11:15:00,168.89,168.92,168.29,168.89,15172.0
2026-03-30 11:20:00,168.865,169.0,168.415,168.53,9074.0
2026-03-30 11:25:00,168.53,168.545,168.31,168.345,9057.0
2026-03-30 11:30:00,168.345,168.48,167.74,167.83,26184.0
2026-03-30 11:35:00,167.8825,168.555,167.835,168.385,9817.0
2026-03-30 11:40:00,168.39,168.39,168.02,168.12,10795.0
2026-03-30 11:45:00,168.17,168.17,167.91,168.15,9845.0
2026-03-30 11:50:00,168.15,168.54,167.9036,168.175,8270.0
2026-03-30 11:55:00,168.17,168.47,168.05,168.35,5440.0
2026-03-30 12:00:00,168.42,168.42,168.27,168.3,8088.0
2026-03-30 12:05:00,168.33,168.59,168.27,168.47,7867.0
2026-03-30 12:10:00,168.53,168.66,168.49,168.57,7897.0
2026-03-30 12:15:00,168.62,168.77,168.315,168.39,8039.0
2026-03-30 12:20:00,168.58,168.69,168.37,168.64,6752.0
2026-03-30 12:25:00,168.75,168.985,168.75,168.78,3555.0
2026-03-30 12:30:00,168.84,168.97,168.77,168.915,4222.0
2026-03-30 12:35:00,168.83,168.93,167.27,167.67,20276.0
2026-03-30 12:40:00,167.67,167.71,166.43,166.9833,24095.0
2026-03-30 12:45:00,166.8,166.82,164.61,166.25,59456.0
2026-03-30 12:50:00,165.83,165.98,164.63,164.775,27457.0
2026-03-30 12:55:00,164.775,165.64,164.63,165.5,27370.0
2026-03-30 13:00:00,165.67,165.69,165.11,165.3,17146.0
2026-03-30 13:05:00,165.3,166.4699,165.3,166.16,9945.0
2026-03-30 13:10:00,166.0288,166.1259,165.43,165.665,15027.0
2026-03-30 13:15:00,165.665,165.67,165.4201,165.44,11603.0
2026-03-30 13:20:00,165.44,165.67,165.37,165.61,15773.0
2026-03-30 13:25:00,165.5701,165.64,164.93,165.02,14787.0
2026-03-30 13:30:00,165.03,165.325,164.935,165.325,19026.0
2026-03-30 13:35:00,165.325,165.51,164.99,165.435,27116.0
2026-03-30 13:40:00,165.435,165.5099,165.17,165.45,25876.0
2026-03-30 13:45:00,165.2901,165.99,165.29,165.53,39587.0
2026-03-30 13:50:00,165.51,165.5699,164.5,165.28,41331.0
2026-03-30 13:55:00,165.275,165.67,165.0001,165.44,11781.0
2026-03-30 14:00:00,165.535,166.33,165.535,166.03,12452.0
2026-03-30 14:05:00,166.03,166.54,165.98,166.09,14351.0
2026-03-30 14:10:00,166.0301,166.62,165.92,166.45,9955.0
2026-03-30 14:15:00,166.3,166.46,166.11,166.11,6419.0
2026-03-30 14:20:00,166.2,166.29,165.88,165.935,10433.0
2026-03-30 14:25:00,166.06,166.12,165.935,165.975,8267.0
2026-03-30 14:30:00,166.1,166.42,166.1,166.15,8470.0
2026-03-30 14:35:00,166.165,166.32,165.985,166.175,9853.0
2026-03-30 14:40:00,166.08,166.345,166.08,166.3,8719.0
2026-03-30 14:45:00,166.27,166.27,165.93,166.02,8400.0
2026-03-30 14:50:00,166.06,166.4499,166.035,166.37,10346.0
2026-03-30 14:55:00,166.325,166.45,165.9,166.35,15364.0
2026-03-30 15:00:00,166.33,166.42,166.1,166.1,8597.0
2026-03-30 15:05:00,166.11,166.27,165.92,165.92,12493.0
2026-03-30 15:10:00,165.92,166.13,165.7,165.935,24796.0
2026-03-30 15:15:00,165.825,165.94,165.0053,165.08,33355.0
2026-03-30 15:20:00,165.055,165.37,164.73,165.2,23907.0
2026-03-30 15:25:00,165.2299,165.23,164.88,165.17,36472.0
2026-03-30 15:30:00,165.14,165.65,165.13,165.445,17602.0
2026-03-30 15:35:00,165.47,165.72,165.2,165.645,24650.0
2026-03-30 15:40:00,165.645,165.95,165.5,165.765,20382.0
2026-03-30 15:45:00,165.765,166.32,165.71,166.09,33779.0
2026-03-30 15:50:00,166.0,166.64,165.97,166.61,45393.0
2026-03-30 15:55:00,166.61,166.625,165.855,166.01,224437.0
2026-03-31 09:30:00,167.61,168.59,167.28,167.83,19424.0
2026-03-31 09:35:00,167.8,168.08,167.1105,167.955,6784.0
2026-03-31 09:40:00,168.3,169.28,168.21,168.805,8388.0
2026-03-31 09:45:00,169.08,169.5,168.57,169.5,12782.0
2026-03-31 09:50:00,169.64,169.735,169.24,169.31,4659.0
2026-03-31 09:55:00,169.4,170.34,169.32,170.05,10532.0
2026-03-31 10:00:00,169.89,170.4366,169.86,170.14,4711.0
2026-03-31 10:05:00,170.175,170.175,169.1201,169.84,9668.0
2026-03-31 10:10:00,169.855,169.86,169.605,169.605,4194.0
2026-03-31 10:15:00,169.74,170.0,169.35,169.925,6582.0
2026-03-31 10:20:00,169.83,170.265,169.58,170.265,5414.0
2026-03-31 10:25:00,170.275,170.5,170.25,170.45,5412.0
2026-03-31 10:30:00,170.455,170.76,170.1,170.665,8768.0
2026-03-31 10:35:00,170.58,170.73,170.105,170.1336,4848.0
2026-03-31 10:40:00,170.145,170.97,169.67,169.935,20743.0
2026-03-31 10:45:00,169.935,170.32,169.73,169.95,7098.0
2026-03-31 10:50:00,169.88,169.97,169.375,169.375,8256.0
2026-03-31 10:55:00,169.385,169.64,169.25,169.64,7669.0
2026-03-31 11:00:00,169.57,170.29,169.49,170.28,6356.0
2026-03-31 11:05:00,170.26,170.5,170.04,170.07,13256.0
2026-03-31 11:10:00,170.125,170.375,169.87,170.375,9457.0
2026-03-31 11:15:00,170.21,170.745,170.21,170.61,9274.0
2026-03-31 11:20:00,170.54,170.55,169.79,170.35,7599.0
2026-03-31 11:25:00,170.41,170.46,170.1,170.22,4472.0
2026-03-31 11:30:00,170.24,170.24,169.63,169.71,14068.0
2026-03-31 11:35:00,169.81,170.13,169.81,169.81,6804.0
2026-03-31 11:40:00,169.79,170.31,169.78,170.29,7222.0
2026-03-31 11:45:00,170.36,170.5,170.2,170.245,5540.0
2026-03-31 11:50:00,170.1976,170.475,170.14,170.14,6320.0
2026-03-31 11:55:00,170.02,170.38,170.02,170.255,4290.0
2026-03-31 12:00:00,170.4,170.9677,170.385,170.55,9575.0
2026-03-31 12:05:00,170.67,170.67,170.23,170.23,7009.0
2026-03-31 12:10:00,170.22,170.365,170.15,170.35,3614.0
2026-03-31 12:15:00,170.31,170.49,170.06,170.23,12415.0
2026-03-31 12:20:00,170.22,170.75,170.22,170.73,5841.0
2026-03-31 12:25:00,170.735,170.735,170.4,170.465,8340.0
2026-03-31 12:30:00,170.5,170.72,170.29,170.72,7247.0
2026-03-31 12:35:00,170.8,171.77,170.35,171.77,17994.0
2026-03-31 12:40:00,171.83,173.89,171.83,171.99,30917.0
2026-03-31 12:45:00,171.87,172.19,170.95,171.425,7925.0
2026-03-31 12:50:00,171.425,171.81,171.19,171.47,5851.0
2026-03-31 12:55:00,171.47,171.71,171.25,171.56,7971.0
2026-03-31 13:00:00,171.69,172.43,171.6,172.41,10232.0
2026-03-31 13:05:00,172.49,172.5,172.13,172.28,9282.0
2026-03-31 13:10:00,172.26,172.9999,172.26,172.81,5958.0
2026-03-31 13:15:00,172.81,173.095,172.725,172.82,9250.0
2026-03-31 13:20:00,172.83,173.37,172.6,173.17,7011.0
2026-03-31 13:25:00,173.27,173.325,172.925,172.93,12047.0
2026-03-31 13:30:00,172.975,173.3,172.8001,173.25,10184.0
2026-03-31 13:35:00,173.255,173.49,172.6,172.69,11051.0
2026-03-31 13:40:00,172.85,172.93,172.4,172.59,6521.0
2026-03-31 13:45:00,172.535,172.75,172.45,172.45,7392.0
2026-03-31 13:50:00,172.43,172.46,171.96,172.335,7233.0
2026-03-31 13:55:00,172.34,172.4499,172.16,172.4499,5549.0
2026-03-31 14:00:00,172.325,172.365,172.13,172.255,9567.0
2026-03-31 14:05:00,172.265,172.595,172.095,172.595,11053.0
2026-03-31 14:10:00,172.35,172.45,171.99,172.31,11725.0
2026-03-31 14:15:00,172.25,172.57,172.24,172.38,5227.0
2026-03-31 14:20:00,172.44,172.44,172.08,172.15,9210.0
2026-03-31 14:25:00,172.15,172.6,172.1,172.37,11436.0
2026-03-31 14:30:00,172.42,172.47,171.96,172.125,14075.0
2026-03-31 14:35:00,172.385,172.79,172.34,172.63,10802.0
2026-03-31 14:40:00,172.62,172.81,172.47,172.51,11849.0
2026-03-31 14:45:00,172.59,172.98,172.42,172.6,14715.0
2026-03-31 14:50:00,172.545,172.69,172.41,172.515,6216.0
2026-03-31 14:55:00,172.34,172.7,172.33,172.565,7091.0
2026-03-31 15:00:00,172.565,172.78,172.03,172.13,10586.0
2026-03-31 15:05:00,172.16,172.705,172.11,172.5,11586.0
2026-03-31 15:10:00,172.5,173.13,172.46,172.92,14632.0
2026-03-31 15:15:00,172.99,173.3,172.88,173.15,16755.0
2026-03-31 15:20:00,173.18,173.33,173.05,173.225,12250.0
2026-03-31 15:25:00,173.22,173.49,173.1,173.36,18575.0
2026-03-31 15:30:00,173.36,173.53,173.25,173.39,23412.0
2026-03-31 15:35:00,173.39,174.17,173.39,173.77,33169.0
2026-03-31 15:40:00,173.74,173.885,173.25,173.575,30610.0
2026-03-31 15:45:00,173.51,174.21,173.46,174.1,43878.0
2026-03-31 15:50:00,174.17,174.17,172.66,173.035,84693.0
2026-03-31 15:55:00,173.09,173.6,173.035,173.55,184751.0
