datetime,open,high,low,close,volume
2026-04-01 09:30:00,240.3521,241.6426,240.0245,241.3845,94628.0
2026-04-01 09:35:00,241.5235,241.5235,239.816,240.4117,46879.0
2026-04-01 09:40:00,240.4017,240.5308,238.7439,239.6324,36316.0
2026-04-01 09:45:00,239.6324,239.7267,238.3865,238.6446,42447.0
2026-04-01 09:50:00,238.6446,239.8359,238.5553,239.3991,35665.0
2026-04-01 09:55:00,239.3992,240.4017,239.1807,240.3918,33735.0
2026-04-01 10:00:00,240.4514,241.593,240.3819,241.3547,28908.0
2026-04-01 10:05:00,241.5135,242.134,241.3349,241.9255,33867.0
2026-04-01 10:10:00,241.9801,242.0695,241.3547,241.6029,21172.0
2026-04-01 10:15:00,241.593,242.0,241.4441,241.8808,25986.0
2026-04-01 10:20:00,241.8808,242.0795,241.5681,241.7419,21752.0
2026-04-01 10:25:00,241.6823,241.9007,241.3448,241.6972,18004.0
2026-04-01 10:30:00,241.6972,242.1191,241.6029,241.8312,29056.0
2026-04-01 10:35:00,241.8908,242.7643,241.588,242.5112,30394.0
2026-04-01 10:40:00,242.2978,242.7941,242.0595,242.7544,20766.0
2026-04-01 10:45:00,242.6998,243.0125,242.6255,242.948,28755.0
2026-04-01 10:50:00,242.948,243.2706,242.5261,243.1515,27386.0
2026-04-01 10:55:00,243.1416,243.1664,242.7049,242.8686,21567.0
2026-04-01 11:00:00,242.8041,243.3103,242.6551,242.7097,31622.0
2026-04-01 11:05:00,242.7147,243.3493,242.5956,243.2855,24572.0
2026-04-01 11:10:00,243.2855,243.6478,243.1962,243.4096,27640.0
2026-04-01 11:15:00,243.4394,243.4394,242.9927,243.1565,20122.0
2026-04-01 11:20:00,243.221,243.488,242.8835,243.0423,24985.0
2026-04-01 11:25:00,243.0324,243.2706,242.6651,243.1813,24804.0
2026-04-01 11:30:00,243.1019,243.4989,242.9331,243.4592,34649.0
2026-04-01 11:35:00,243.5486,243.9556,243.3778,243.5287,24118.0
2026-04-01 11:40:00,243.5287,243.6578,243.1614,243.5701,44356.0
2026-04-01 11:45:00,243.623,243.8662,243.3618,243.5188,28738.0
2026-04-01 11:50:00,243.4592,243.9357,243.4592,243.8662,19490.0
2026-04-01 11:55:00,243.9059,244.0846,243.7273,243.7968,29308.0
2026-04-01 12:00:00,243.757,244.0846,243.4989,244.0549,21652.0
2026-04-01 12:05:00,244.0549,244.2038,243.8762,244.0052,35821.0
2026-04-01 12:10:00,244.0102,244.1325,243.9059,244.0846,19662.0
2026-04-01 12:15:00,244.0846,244.4636,243.9556,244.3676,41958.0
2026-04-01 12:20:00,244.4122,244.4321,244.1045,244.1144,23154.0
2026-04-01 12:25:00,244.0747,244.0946,243.6081,243.6478,16871.0
2026-04-01 12:30:00,243.6627,243.8265,243.489,243.623,14531.0
2026-04-01 12:35:00,243.6776,243.8067,243.4195,243.5362,25712.0
2026-04-01 12:40:00,243.5287,243.9655,243.4989,243.8365,20029.0
2026-04-01 12:45:00,243.8752,243.9258,243.6379,243.7273,33094.0
2026-04-01 12:50:00,243.7223,243.7868,243.1813,243.2011,29228.0
2026-04-01 12:55:00,243.1714,243.4096,243.1614,243.3203,15889.0
2026-04-01 13:00:00,243.3203,243.35,242.9331,243.1111,76452.0
2026-04-01 13:05:00,243.0175,243.0721,242.6502,242.9976,18661.0
2026-04-01 13:10:00,243.0125,243.1614,242.6849,243.1614,28358.0
2026-04-01 13:15:00,243.1664,243.36,242.8735,243.2657,19426.0
2026-04-01 13:20:00,243.2657,243.4493,242.9629,243.0175,9022.0
2026-04-01 13:25:00,243.1019,243.4592,242.9827,243.3302,16747.0
2026-04-01 13:30:00,243.4195,243.4791,243.0026,243.1019,16096.0
2026-04-01 13:35:00,243.1033,243.3699,243.0026,243.2855,21121.0
2026-04-01 13:40:00,243.2541,243.3947,242.953,243.0919,14519.0
2026-04-01 13:45:00,243.1515,243.2011,242.9331,243.1366,19430.0
2026-04-01 13:50:00,243.1366,243.2309,242.9591,243.0373,22005.0
2026-04-01 13:55:00,243.0224,243.0274,242.5559,242.6849,20165.0
2026-04-01 14:00:00,242.6849,242.7445,242.2779,242.6055,86306.0
2026-04-01 14:05:00,242.6551,242.8636,242.5062,242.8041,24557.0
2026-04-01 14:10:00,242.8545,243.0125,242.6006,242.603,34716.0
2026-04-01 14:15:00,242.5708,242.6254,241.8213,241.9305,35577.0
2026-04-01 14:20:00,242.0198,242.0893,241.6228,241.722,21533.0
2026-04-01 14:25:00,241.727,242.129,241.6873,241.9404,21019.0
2026-04-01 14:30:00,241.9305,242.0397,241.8312,241.949,21161.0
2026-04-01 14:35:00,241.9851,242.0198,241.583,241.8808,27199.0
2026-04-01 14:40:00,241.8709,242.3175,241.8709,241.9801,16469.0
2026-04-01 14:45:00,242.0198,242.0794,241.603,241.7816,21631.0
2026-04-01 14:50:00,241.7865,241.9091,241.4838,241.7915,24949.0
2026-04-01 14:55:00,241.727,241.8114,241.5731,241.7667,21159.0
2026-04-01 15:00:00,241.7667,241.9503,241.6029,241.7121,20607.0
2026-04-01 15:05:00,241.722,242.7296,241.7022,242.3623,38087.0
2026-04-01 15:10:00,242.397,242.4765,241.9306,242.0893,165596.0
2026-04-01 15:15:00,242.0744,242.268,242.0198,242.2184,26880.0
2026-04-01 15:20:00,242.1191,242.2978,242.0297,242.0794,20574.0
2026-04-01 15:25:00,242.1191,242.407,242.0744,242.3424,26341.0
2026-04-01 15:30:00,242.3375,242.3375,241.7369,241.7915,41726.0
2026-04-01 15:35:00,241.8014,241.8709,241.6227,241.7816,40934.0
2026-04-01 15:40:00,241.7617,241.9603,241.6773,241.9106,48937.0
2026-04-01 15:45:00,241.9305,242.268,241.6625,242.2481,58653.0
2026-04-01 15:50:00,242.2581,242.3077,241.7419,241.7816,103506.0
2026-04-01 15:55:00,241.7319,242.0744,241.3448,241.3746,312891.0
2026-04-02 09:30:00,241.2257,242.6154,239.7217,242.2184,119134.0
2026-04-02 09:35:00,242.2531,242.6154,241.4043,241.5107,55608.0
2026-04-02 09:40:00,241.6444,242.0,240.6995,241.0569,37142.0
2026-04-02 09:45:00,241.0172,242.397,240.9973,242.1092,41267.0
2026-04-02 09:50:00,241.99,243.1316,241.99,242.8835,44872.0
2026-04-02 09:55:00,242.7941,243.1019,242.3673,242.8338,31764.0
2026-04-02 10:00:00,242.8338,242.9827,241.588,241.9206,40532.0
2026-04-02 10:05:00,241.9652,242.4169,241.3746,242.1489,24277.0
2026-04-02 10:10:00,242.1687,242.3573,241.593,241.9584,20177.0
2026-04-02 10:15:00,241.8808,242.2083,241.7419,241.7816,16779.0
2026-04-02 10:20:00,241.8253,242.2382,241.6129,242.1191,15970.0
2026-04-02 10:25:00,242.156,242.5756,241.7319,242.4467,34221.0
2026-04-02 10:30:00,242.4467,243.4096,242.4169,243.2805,33620.0
2026-04-02 10:35:00,243.3897,246.1792,243.2805,244.9563,60733.0
2026-04-02 10:40:00,244.6803,244.8093,243.767,244.1641,22807.0
2026-04-02 10:45:00,244.1591,244.251,243.6776,243.7205,16075.0
2026-04-02 10:50:00,243.5684,244.0251,243.4096,243.9854,18283.0
2026-04-02 10:55:00,244.0946,245.0674,244.0151,244.8589,26051.0
2026-04-02 11:00:00,244.7895,245.2659,244.2633,245.0179,22234.0
2026-04-02 11:05:00,245.0476,245.2064,244.5611,244.9384,14554.0
2026-04-02 11:10:00,245.0773,245.3305,244.8491,245.0029,27784.0
2026-04-02 11:15:00,245.0873,245.2598,244.6506,244.7795,27756.0
2026-04-02 11:20:00,244.7696,244.7795,243.9804,244.4321,17729.0
2026-04-02 11:25:00,244.5462,244.8986,244.3626,244.7448,22345.0
2026-04-02 11:30:00,244.8192,244.8218,244.308,244.5313,25699.0
2026-04-02 11:35:00,244.5909,244.8391,244.1492,244.313,28181.0
2026-04-02 11:40:00,244.3378,244.4914,244.0151,244.4222,18020.0
2026-04-02 11:45:00,244.313,244.4241,244.0946,244.2228,14087.0
2026-04-02 11:50:00,244.1789,244.7389,243.901,244.6902,20548.0
2026-04-02 11:55:00,244.4619,244.7398,244.1243,244.4222,15988.0
2026-04-02 12:00:00,244.4519,244.5711,244.2782,244.3725,15140.0
2026-04-02 12:05:00,244.3924,244.4321,243.8861,244.1839,23815.0
2026-04-02 12:10:00,244.174,244.174,243.8861,244.0675,12333.0
2026-04-02 12:15:00,244.0052,244.1839,243.5684,243.5684,17713.0
2026-04-02 12:20:00,243.5621,243.8662,243.3798,243.7273,19501.0
2026-04-02 12:25:00,243.7074,244.0946,243.5387,243.6776,18743.0
2026-04-02 12:30:00,243.8052,244.2435,243.5486,244.0846,13636.0
2026-04-02 12:35:00,244.1343,244.2435,243.8166,243.9357,14969.0
2026-04-02 12:40:00,244.0549,244.7994,244.0549,244.5909,23883.0
2026-04-02 12:45:00,244.4718,244.6306,244.3527,244.5115,15265.0
2026-04-02 12:50:00,244.5313,244.7299,244.4222,244.6306,15014.0
2026-04-02 12:55:00,244.6108,244.6505,244.2981,244.2981,14078.0
2026-04-02 13:00:00,244.2881,244.5016,244.0896,244.4619,13587.0
2026-04-02 13:05:00,244.4122,244.5601,244.2038,244.3626,15240.0
2026-04-02 13:10:00,244.3527,244.5413,244.0052,244.4569,14328.0
2026-04-02 13:15:00,244.5611,244.8886,244.5116,244.6803,17789.0
2026-04-02 13:20:00,244.6753,244.7994,244.6207,244.7051,11387.0
2026-04-02 13:25:00,244.7051,244.7547,244.4321,244.581,11840.0
2026-04-02 13:30:00,244.4719,244.7363,244.4718,244.4718,18359.0
2026-04-02 13:35:00,244.4718,244.6207,244.274,244.5859,19175.0
2026-04-02 13:40:00,244.6207,244.8887,244.4122,244.7746,41652.0
2026-04-02 13:45:00,244.7001,244.7597,243.9754,244.0648,15877.0
2026-04-02 13:50:00,244.0846,244.4121,244.0449,244.2732,22001.0
2026-04-02 13:55:00,244.2881,244.3626,243.9189,244.1442,16080.0
2026-04-02 14:00:00,244.1541,244.6306,244.1541,244.6108,19521.0
2026-04-02 14:05:00,244.6108,244.9086,244.581,244.6951,13936.0
2026-04-02 14:10:00,244.7398,245.0476,244.71,244.9284,23548.0
2026-04-02 14:15:00,244.9284,244.9632,244.7597,244.8192,19309.0
2026-04-02 14:20:00,244.7994,244.8589,244.447,244.447,20484.0
2026-04-02 14:25:00,244.4023,244.71,244.2981,244.5313,17296.0
2026-04-02 14:30:00,244.5611,244.9086,244.5514,244.7597,26209.0
2026-04-02 14:35:00,244.8192,245.1369,244.7696,244.9433,30000.0
2026-04-02 14:40:00,244.988,245.3751,244.9433,245.2957,21101.0
2026-04-02 14:45:00,245.3007,245.5141,245.261,245.39,18731.0
2026-04-02 14:50:00,245.3354,245.7226,245.1766,245.5191,28042.0
2026-04-02 14:55:00,245.5216,245.6828,245.3702,245.6828,20981.0
2026-04-02 15:00:00,245.663,245.7424,245.4546,245.5141,19211.0
2026-04-02 15:05:00,245.5141,245.7226,245.3057,245.3553,22922.0
2026-04-02 15:10:00,245.39,245.6332,245.3851,245.5191,17142.0
2026-04-02 15:15:00,245.5439,245.6332,245.3354,245.5638,24482.0
2026-04-02 15:20:00,245.534,245.5786,245.2312,245.4198,23004.0
2026-04-02 15:25:00,245.4049,245.4248,245.0773,245.127,22490.0
2026-04-02 15:30:00,245.0972,245.176,244.8689,244.9284,23427.0
2026-04-02 15:35:00,244.9384,245.127,244.9185,245.1071,40445.0
2026-04-02 15:40:00,245.117,245.2659,244.9483,245.1567,30809.0
2026-04-02 15:45:00,245.1071,245.7226,245.1071,245.7127,61789.0
2026-04-02 15:50:00,245.7325,245.9459,245.6233,245.9211,115837.0
2026-04-02 15:55:00,245.941,246.3979,245.8516,246.3381,264880.0
2026-04-06 09:30:00,246.3281,247.0825,244.849,245.2064,64847.0
2026-04-06 09:35:00,245.2858,246.1935,244.313,245.9938,36766.0
2026-04-06 09:40:00,246.1197,246.1743,244.9284,245.0476,30181.0
2026-04-06 09:45:00,244.9185,245.6184,243.8464,244.4122,36106.0
2026-04-06 09:50:00,244.4222,245.0078,244.2633,244.9582,16112.0
2026-04-06 09:55:00,244.9632,245.1468,244.6505,244.9135,17947.0
2026-04-06 10:00:00,244.7398,245.3057,244.174,244.2236,68323.0
2026-04-06 10:05:00,244.2732,244.6876,243.9457,244.0449,34367.0
2026-04-06 10:10:00,244.0697,244.6008,243.6578,244.4718,37650.0
2026-04-06 10:15:00,244.4122,244.988,244.3973,244.5967,19757.0
2026-04-06 10:20:00,244.5165,244.8093,244.2137,244.313,16150.0
2026-04-06 10:25:00,244.4222,244.7696,244.2832,244.303,21305.0
2026-04-06 10:30:00,244.3229,244.6802,244.1244,244.3427,31238.0
2026-04-06 10:35:00,244.3427,244.6306,243.6181,243.7322,42072.0
2026-04-06 10:40:00,243.5883,244.1789,243.5486,243.9903,14048.0
2026-04-06 10:45:00,243.7075,243.9804,242.953,243.0224,24269.0
2026-04-06 10:50:00,243.0324,243.7549,243.0324,243.5585,12118.0
2026-04-06 10:55:00,243.5287,243.7967,243.3997,243.4941,10269.0
2026-04-06 11:00:00,243.4195,243.5387,243.1217,243.2329,12710.0
2026-04-06 11:05:00,243.2855,243.6081,243.1565,243.6032,23175.0
2026-04-06 11:10:00,243.6032,243.6974,243.2805,243.5585,13808.0
2026-04-06 11:15:00,243.5784,243.7074,243.2607,243.2657,11502.0
2026-04-06 11:20:00,243.2657,243.5517,243.221,243.5517,10185.0
2026-04-06 11:25:00,243.3302,243.4394,243.0225,243.1714,15738.0
2026-04-06 11:30:00,243.0671,243.2702,242.9827,243.082,10422.0
2026-04-06 11:35:00,243.1118,243.3004,242.9728,243.1862,12335.0
2026-04-06 11:40:00,243.35,243.3896,243.0969,243.226,10822.0
2026-04-06 11:45:00,243.2309,243.4493,243.1714,243.3898,12068.0
2026-04-06 11:50:00,243.3897,243.747,243.3897,243.5585,19155.0
2026-04-06 11:55:00,243.5585,243.6975,243.4493,243.6677,20967.0
2026-04-06 12:00:00,243.6379,243.6876,243.0671,243.2458,44920.0
2026-04-06 12:05:00,243.3897,243.5362,243.0721,243.0722,18366.0
2026-04-06 12:10:00,243.0721,243.4394,242.953,243.3897,19462.0
2026-04-06 12:15:00,243.3302,243.5535,243.2111,243.5238,33109.0
2026-04-06 12:20:00,243.5188,243.6081,243.2607,243.4791,39779.0
2026-04-06 12:25:00,243.5436,244.0648,243.4195,243.9605,22498.0
2026-04-06 12:30:00,243.9655,244.2037,243.8265,244.0846,19572.0
2026-04-06 12:35:00,244.1392,244.5016,244.0648,244.4518,17454.0
2026-04-06 12:40:00,244.2931,244.8589,244.2931,244.8093,18601.0
2026-04-06 12:45:00,244.8192,244.8192,244.5363,244.6703,20229.0
2026-04-06 12:50:00,244.7001,244.7994,244.442,244.5512,20420.0
2026-04-06 12:55:00,244.5512,244.5609,244.2038,244.4025,12378.0
2026-04-06 13:00:00,244.3427,244.3874,244.0499,244.2683,14358.0
2026-04-06 13:05:00,244.2137,244.2236,243.928,243.928,12832.0
2026-04-06 13:10:00,243.9258,244.0549,243.3401,243.6081,15917.0
2026-04-06 13:15:00,243.4791,243.9457,243.4791,243.9059,13893.0
2026-04-06 13:20:00,243.8464,244.4419,243.7273,244.4073,13071.0
2026-04-06 13:25:00,244.5413,244.6306,244.3427,244.5611,9830.0
2026-04-06 13:30:00,244.6604,244.9483,244.4916,244.6455,17933.0
2026-04-06 13:35:00,244.7497,244.8887,244.4023,244.4916,16894.0
2026-04-06 13:40:00,244.4519,244.6108,244.4519,244.6058,18377.0
2026-04-06 13:45:00,244.5413,244.5562,244.2535,244.442,21532.0
2026-04-06 13:50:00,244.3924,244.6505,244.303,244.447,12699.0
2026-04-06 13:55:00,244.4817,244.6803,244.4817,244.6306,14244.0
2026-04-06 14:00:00,244.6455,244.7994,244.5214,244.7249,28400.0
2026-04-06 14:05:00,244.7895,244.8986,244.5711,244.8093,21866.0
2026-04-06 14:10:00,244.8887,245.3652,244.8887,244.9582,18328.0
2026-04-06 14:15:00,245.0178,245.3156,245.0144,245.261,14076.0
2026-04-06 14:20:00,245.2461,245.4943,245.0774,245.4496,13031.0
2026-04-06 14:25:00,245.395,245.4655,245.1667,245.4247,13282.0
2026-04-06 14:30:00,245.3503,245.3851,244.5909,244.6405,55234.0
2026-04-06 14:35:00,244.5909,244.6108,244.0779,244.3874,28676.0
2026-04-06 14:40:00,244.3874,244.4419,244.0251,244.0846,12866.0
2026-04-06 14:45:00,244.0449,244.2931,244.0449,244.2435,17479.0
2026-04-06 14:50:00,244.2385,244.3029,244.1541,244.2087,15693.0
2026-04-06 14:55:00,244.2534,244.6108,244.2038,244.6108,17500.0
2026-04-06 15:00:00,244.6008,244.7099,244.4321,244.4916,22912.0
2026-04-06 15:05:00,244.5115,244.5711,244.3725,244.5214,29121.0
2026-04-06 15:10:00,244.4817,244.6161,244.3973,244.5363,29356.0
2026-04-06 15:15:00,244.5363,244.6405,244.2335,244.3328,20300.0
2026-04-06 15:20:00,244.3725,244.442,244.2732,244.303,18725.0
2026-04-06 15:25:00,244.2981,244.5165,244.2732,244.3477,16663.0
2026-04-06 15:30:00,244.3229,244.5711,244.2931,244.5165,21566.0
2026-04-06 15:35:00,244.5512,244.9086,244.4817,244.6505,34820.0
2026-04-06 15:40:00,244.6157,244.8093,244.3824,244.8093,38568.0
2026-04-06 15:45:00,244.7597,244.9632,244.6207,244.9086,46759.0
2026-04-06 15:50:00,244.8887,244.8887,244.5611,244.6008,106836.0
2026-04-06 15:55:00,244.6306,244.9979,244.0251,244.9185,353176.0
2026-04-07 09:30:00,243.5287,243.9655,242.4368,242.5957,84552.0
2026-04-07 09:35:00,242.5956,242.5956,240.9378,240.9378,37640.0
2026-04-07 09:40:00,240.898,242.1588,240.7293,241.8858,25050.0
2026-04-07 09:45:00,242.0397,242.4963,241.6525,242.0496,36387.0
2026-04-07 09:50:00,242.0992,242.3871,241.5433,242.3325,20122.0
2026-04-07 09:55:00,242.3325,242.8289,241.99,242.2581,37776.0
2026-04-07 10:00:00,242.0496,242.0992,241.454,241.8511,16072.0
2026-04-07 10:05:00,241.8014,241.8014,240.6598,240.8584,23527.0
2026-04-07 10:10:00,241.0172,241.5979,240.7988,241.2952,21236.0
2026-04-07 10:15:00,241.3535,242.0099,241.1413,241.583,15087.0
2026-04-07 10:20:00,241.6376,242.2183,241.6178,242.1389,15339.0
2026-04-07 10:25:00,242.064,242.1588,241.8582,242.0893,14786.0
2026-04-07 10:30:00,242.0992,242.4765,241.5433,241.8511,22430.0
2026-04-07 10:35:00,241.8262,241.9206,241.2654,241.4639,19774.0
2026-04-07 10:40:00,241.3795,241.6525,240.8524,241.0917,15396.0
2026-04-07 10:45:00,241.1016,241.6029,240.8087,240.8584,21798.0
2026-04-07 10:50:00,240.8286,240.8286,240.5506,240.7889,19126.0
2026-04-07 10:55:00,240.7492,240.9924,240.3819,240.3819,26491.0
2026-04-07 11:00:00,240.3819,240.3918,239.8557,239.95,38854.0
2026-04-07 11:05:00,239.8855,239.8855,239.3395,239.8409,43144.0
2026-04-07 11:10:00,239.8756,240.3372,239.7763,239.8359,35308.0
2026-04-07 11:15:00,239.826,240.7095,239.8176,240.2727,57793.0
2026-04-07 11:20:00,240.1933,240.4811,240.0394,240.1833,41761.0
2026-04-07 11:25:00,240.1833,241.0569,240.1089,241.0569,18154.0
2026-04-07 11:30:00,241.1512,241.2257,240.8881,241.047,11821.0
2026-04-07 11:35:00,241.1959,241.3944,240.9676,241.2108,14323.0
2026-04-07 11:40:00,241.2108,241.3845,240.9279,240.9972,39576.0
2026-04-07 11:45:00,240.9279,241.0668,240.6855,240.9477,7362.0
2026-04-07 11:50:00,240.9477,241.0569,240.6152,241.0569,8510.0
2026-04-07 11:55:00,240.9973,241.3944,240.8187,241.0817,18844.0
2026-04-07 12:00:00,241.0648,242.814,241.0073,241.7816,26591.0
2026-04-07 12:05:00,241.7121,242.1687,241.6227,241.8213,12997.0
2026-04-07 12:10:00,241.727,242.1191,241.6227,242.0337,10252.0
2026-04-07 12:15:00,242.0,242.2184,241.7816,242.0,10492.0
2026-04-07 12:20:00,242.0794,242.5956,241.9305,242.1166,20509.0
2026-04-07 12:25:00,242.2233,242.5559,242.1787,242.3673,11855.0
2026-04-07 12:30:00,242.268,242.4368,242.1291,242.3325,19104.0
2026-04-07 12:35:00,242.3077,242.3176,241.861,241.861,14559.0
2026-04-07 12:40:00,242.0695,242.2184,241.9156,242.0,5612.0
2026-04-07 12:45:00,242.0794,242.4368,242.0794,242.3822,13793.0
2026-04-07 12:50:00,242.3276,242.536,242.2978,242.4368,13663.0
2026-04-07 12:55:00,242.407,242.5061,242.2879,242.3673,6255.0
2026-04-07 13:00:00,242.3077,242.546,242.2184,242.3375,16205.0
2026-04-07 13:05:00,242.3673,242.5658,242.2779,242.4368,8327.0
2026-04-07 13:10:00,242.397,242.5459,242.2779,242.4655,12735.0
2026-04-07 13:15:00,242.402,242.5062,242.1191,242.1975,10309.0
2026-04-07 13:20:00,242.134,242.1489,241.9305,242.0943,8752.0
2026-04-07 13:25:00,242.0459,242.0893,241.8214,241.9454,10203.0
2026-04-07 13:30:00,242.0099,242.3937,241.9404,242.3937,9170.0
2026-04-07 13:35:00,242.407,243.0324,242.407,242.5261,11411.0
2026-04-07 13:40:00,242.4765,242.4872,242.1588,242.2233,7453.0
2026-04-07 13:45:00,242.2184,242.263,241.9652,242.2581,8647.0
2026-04-07 13:50:00,242.2283,242.387,242.1687,242.1935,8433.0
2026-04-07 13:55:00,242.1935,242.2978,241.9135,242.1489,11589.0
2026-04-07 14:00:00,242.2233,242.3673,242.0497,242.1191,13211.0
2026-04-07 14:05:00,242.0595,242.1786,241.9305,242.0297,9701.0
2026-04-07 14:10:00,242.0099,242.0992,241.9106,242.0297,9639.0
2026-04-07 14:15:00,242.0297,242.1389,241.8908,242.1389,11857.0
2026-04-07 14:20:00,242.1886,242.2359,241.722,241.7468,7769.0
2026-04-07 14:25:00,241.7816,241.9603,241.6327,241.8654,8207.0
2026-04-07 14:30:00,241.7915,241.9106,241.6922,241.8064,8742.0
2026-04-07 14:35:00,241.8163,241.8709,241.5731,241.6625,10440.0
2026-04-07 14:40:00,241.722,241.722,241.4043,241.5632,11119.0
2026-04-07 14:45:00,241.6029,241.722,241.3746,241.4568,11235.0
2026-04-07 14:50:00,241.5385,241.5385,240.9576,241.0371,20292.0
2026-04-07 14:55:00,240.9527,241.2356,240.64,241.0271,18585.0
2026-04-07 15:00:00,240.9924,241.3547,240.9378,241.1462,12381.0
2026-04-07 15:05:00,241.1165,241.3845,240.9378,241.2058,19124.0
2026-04-07 15:10:00,241.2058,241.6625,241.176,241.6575,17931.0
2026-04-07 15:15:00,241.6823,243.0721,241.6327,242.953,29552.0
2026-04-07 15:20:00,242.953,243.2905,242.3921,242.6452,25419.0
2026-04-07 15:25:00,242.6055,242.8239,242.4467,242.7246,22032.0
2026-04-07 15:30:00,242.7246,242.8041,242.3077,242.4566,32813.0
2026-04-07 15:35:00,242.402,242.402,242.0992,242.2184,28874.0
2026-04-07 15:40:00,242.1588,242.541,242.1389,242.3475,39645.0
2026-04-07 15:45:00,242.3673,243.5089,242.3077,242.7148,52413.0
2026-04-07 15:50:00,242.7743,243.3103,242.7643,243.1366,53870.0
2026-04-07 15:55:00,243.1316,243.36,242.8239,243.3103,155837.0
2026-04-08 09:30:00,246.8146,248.1746,246.41,247.0776,140551.0
2026-04-08 09:35:00,247.0727,247.8817,244.5413,244.7299,106467.0
2026-04-08 09:40:00,244.7448,245.3255,243.4295,244.7547,70030.0
2026-04-08 09:45:00,244.7398,245.1071,243.8563,244.9125,51167.0
2026-04-08 09:50:00,244.7795,245.2064,244.2335,244.5512,51108.0
2026-04-08 09:55:00,244.581,244.7299,243.8265,244.1641,49289.0
2026-04-08 10:00:00,244.0549,244.7001,243.6677,244.4122,64064.0
2026-04-08 10:05:00,244.4122,244.5611,243.3997,243.8464,97890.0
2026-04-08 10:10:00,243.9556,244.2435,243.7273,244.1293,26208.0
2026-04-08 10:15:00,244.1293,244.4023,243.8662,244.0995,39556.0
2026-04-08 10:20:00,244.0946,244.4916,244.0251,244.1045,29402.0
2026-04-08 10:25:00,244.0151,244.4916,243.9953,244.1492,28225.0
2026-04-08 10:30:00,244.1938,244.313,243.8861,244.0946,28088.0
2026-04-08 10:35:00,244.04,244.2038,243.5486,243.9357,24288.0
2026-04-08 10:40:00,244.0747,244.5413,244.0052,244.2484,35447.0
2026-04-08 10:45:00,244.2484,244.3676,243.6578,244.2038,24628.0
2026-04-08 10:50:00,244.0995,244.2334,243.6975,243.7471,24388.0
2026-04-08 10:55:00,243.638,243.7868,242.7643,243.5585,36172.0
2026-04-08 11:00:00,243.5635,243.6776,243.1714,243.35,36039.0
2026-04-08 11:05:00,243.4295,243.5684,243.1118,243.1515,28900.0
2026-04-08 11:10:00,243.0522,243.221,242.6056,242.8735,21941.0
2026-04-08 11:15:00,242.8735,242.9334,241.9752,242.1588,40398.0
2026-04-08 11:20:00,242.1588,242.2879,241.6724,241.8014,57003.0
2026-04-08 11:25:00,241.8064,241.99,241.0371,241.5235,48482.0
2026-04-08 11:30:00,241.5632,241.7022,240.1384,240.7392,122435.0
2026-04-08 11:35:00,240.9328,241.3895,240.8584,241.0966,35551.0
2026-04-08 11:40:00,241.0222,241.5731,240.9477,241.5731,58806.0
2026-04-08 11:45:00,241.6724,241.8213,241.3944,241.5781,29179.0
2026-04-08 11:50:00,241.5806,242.7544,241.5533,242.5559,44657.0
2026-04-08 11:55:00,242.5559,242.7743,242.2382,242.4864,34561.0
2026-04-08 12:00:00,242.4268,242.9629,242.407,242.7643,30846.0
2026-04-08 12:05:00,242.7643,242.8438,242.5956,242.7594,21866.0
2026-04-08 12:10:00,242.7147,242.814,242.4467,242.4467,47390.0
2026-04-08 12:15:00,242.4814,242.5857,241.5135,241.5235,44238.0
2026-04-08 12:20:00,241.5235,241.8908,241.3249,241.583,34479.0
2026-04-08 12:25:00,241.5135,241.5185,241.0768,241.315,47002.0
2026-04-08 12:30:00,241.3163,241.3994,240.4216,240.5308,48571.0
2026-04-08 12:35:00,240.5407,240.7392,240.0245,240.2826,55931.0
2026-04-08 12:40:00,240.4265,240.5308,240.0642,240.1436,25277.0
2026-04-08 12:45:00,240.2131,240.4414,240.2032,240.3868,24452.0
2026-04-08 12:50:00,240.4315,240.4315,240.0543,240.3124,23840.0
2026-04-08 12:55:00,240.3571,240.4111,240.1238,240.1933,24275.0
2026-04-08 13:00:00,240.233,240.7121,240.233,240.6697,43197.0
2026-04-08 13:05:00,240.6251,240.9278,239.955,240.1536,38573.0
2026-04-08 13:10:00,240.1239,240.4315,239.8905,240.362,32005.0
2026-04-08 13:15:00,240.3496,240.4464,240.0444,240.233,23493.0
2026-04-08 13:20:00,240.2528,240.4314,240.1138,240.2925,20631.0
2026-04-08 13:25:00,240.2925,240.3819,239.8954,239.9054,30092.0
2026-04-08 13:30:00,239.9103,240.769,239.8954,240.635,41655.0
2026-04-08 13:35:00,240.635,240.6698,240.1536,240.4265,28876.0
2026-04-08 13:40:00,240.4315,240.64,240.2826,240.5879,37167.0
2026-04-08 13:45:00,240.5903,240.779,240.2429,240.4414,22411.0
2026-04-08 13:50:00,240.4563,240.6549,240.3025,240.5903,16977.0
2026-04-08 13:55:00,240.5953,241.1959,240.5109,241.0172,38310.0
2026-04-08 14:00:00,241.0172,241.186,240.7392,240.9924,69033.0
2026-04-08 14:05:00,240.9924,241.0966,240.769,240.8584,28819.0
2026-04-08 14:10:00,240.8584,241.0768,240.7293,240.8385,37201.0
2026-04-08 14:15:00,240.8286,241.1264,239.7267,239.816,51909.0
2026-04-08 14:20:00,239.7565,240.2379,239.7267,239.7465,30971.0
2026-04-08 14:25:00,239.7566,240.1833,239.5083,240.0361,59562.0
2026-04-08 14:30:00,240.094,240.4911,239.9947,240.0195,25525.0
2026-04-08 14:35:00,240.0046,240.2456,239.9451,239.9451,26697.0
2026-04-08 14:40:00,239.9649,239.9848,239.5083,239.9004,37914.0
2026-04-08 14:45:00,239.9283,240.0642,239.7068,239.7068,27728.0
2026-04-08 14:50:00,239.7762,239.9252,239.4884,239.6572,25584.0
2026-04-08 14:55:00,239.6274,239.6274,239.1808,239.2601,39542.0
2026-04-08 15:00:00,239.2601,239.4388,239.0665,239.1857,44097.0
2026-04-08 15:05:00,239.2303,239.816,239.0417,239.6771,67612.0
2026-04-08 15:10:00,239.7366,240.2727,239.7366,240.233,64006.0
2026-04-08 15:15:00,240.233,240.3839,239.9947,239.9947,45264.0
2026-04-08 15:20:00,239.9947,240.4315,239.9153,240.3322,43596.0
2026-04-08 15:25:00,240.362,240.4613,240.1536,240.3025,56641.0
2026-04-08 15:30:00,240.2925,240.8187,240.2727,240.7095,52763.0
2026-04-08 15:35:00,240.7293,240.8286,240.5705,240.6946,58168.0
2026-04-08 15:40:00,240.6797,240.6797,240.2032,240.4414,54556.0
2026-04-08 15:45:00,240.4216,240.779,240.2727,240.7392,102393.0
2026-04-08 15:50:00,240.769,240.8683,239.8458,239.955,145092.0
2026-04-08 15:55:00,239.9699,240.0344,239.6671,239.9947,401405.0
2026-04-09 09:30:00,239.1211,239.9749,237.503,237.6122,110818.0
2026-04-09 09:35:00,237.6122,238.2674,236.7089,237.0796,80993.0
2026-04-09 09:40:00,237.2003,237.7314,236.5103,237.4832,58754.0
2026-04-09 09:45:00,237.7115,237.7115,235.9346,236.1232,77387.0
2026-04-09 09:50:00,236.1381,236.1927,234.2966,234.8302,107722.0
2026-04-09 09:55:00,234.7036,235.2198,234.2768,235.0412,79889.0
2026-04-09 10:00:00,235.1106,235.2695,234.2966,234.8673,62621.0
2026-04-09 10:05:00,234.8724,235.8155,234.4555,234.932,54895.0
2026-04-09 10:10:00,234.8426,236.0396,234.7334,235.5921,69796.0
2026-04-09 10:15:00,235.5574,235.6963,234.5746,234.7235,49158.0
2026-04-09 10:20:00,234.725,235.4581,234.725,235.066,33848.0
2026-04-09 10:25:00,235.066,235.7559,234.5051,234.9866,50144.0
2026-04-09 10:30:00,234.8625,235.3489,234.8625,235.3191,36299.0
2026-04-09 10:35:00,235.329,235.329,234.8327,235.0412,24610.0
2026-04-09 10:40:00,234.9617,235.0412,234.3463,234.3463,33062.0
2026-04-09 10:45:00,234.4058,234.4555,233.6812,233.9293,53250.0
2026-04-09 10:50:00,233.8996,234.2073,233.5422,233.9889,30443.0
2026-04-09 10:55:00,233.835,233.9789,233.4032,233.969,30717.0
2026-04-09 11:00:00,233.8598,233.8747,232.0531,232.7877,64248.0
2026-04-09 11:05:00,232.753,233.2742,232.753,233.2642,25018.0
2026-04-09 11:10:00,233.2543,233.7456,233.1352,233.706,36730.0
2026-04-09 11:15:00,233.7308,234.0981,233.6117,234.0187,29134.0
2026-04-09 11:20:00,233.9541,234.0385,233.2146,233.4677,34148.0
2026-04-09 11:25:00,233.4628,233.7209,233.2047,233.3784,48745.0
2026-04-09 11:30:00,233.3039,233.9293,232.8473,233.8797,40064.0
2026-04-09 11:35:00,233.8996,234.2271,233.5819,233.6325,28071.0
2026-04-09 11:40:00,233.6117,234.3165,233.6117,234.1179,43877.0
2026-04-09 11:45:00,234.0981,234.4753,233.9144,234.2768,34856.0
2026-04-09 11:50:00,234.2023,234.5647,233.9889,234.1874,51191.0
2026-04-09 11:55:00,234.1775,234.3463,233.9293,234.1279,107445.0
2026-04-09 12:00:00,234.1328,235.2794,234.0782,234.922,66657.0
2026-04-09 12:05:00,234.9325,235.6864,234.8228,235.1901,49157.0
2026-04-09 12:10:00,235.1504,235.3787,235.1504,235.3191,34826.0
2026-04-09 12:15:00,235.3191,235.5722,235.1702,235.3588,38441.0
2026-04-09 12:20:00,235.3092,235.5276,234.9717,234.9717,33657.0
2026-04-09 12:25:00,234.9667,235.1267,234.5547,234.6441,28265.0
2026-04-09 12:30:00,234.6391,234.8228,234.3959,234.4852,24930.0
2026-04-09 12:35:00,234.515,234.6738,234.376,234.4654,23163.0
2026-04-09 12:40:00,234.5001,234.8327,234.4753,234.7781,40272.0
2026-04-09 12:45:00,234.7781,234.7781,234.3661,234.5547,51801.0
2026-04-09 12:50:00,234.5746,235.0014,234.525,234.7334,37248.0
2026-04-09 12:55:00,234.7433,234.7731,234.5448,234.6391,26868.0
2026-04-09 13:00:00,234.6639,234.9617,234.5795,234.8823,40296.0
2026-04-09 13:05:00,234.8228,234.922,234.6242,234.8178,30137.0
2026-04-09 13:10:00,234.8178,235.0709,234.6739,234.9717,45150.0
2026-04-09 13:15:00,234.9369,235.2099,234.8774,235.0908,40988.0
2026-04-09 13:20:00,235.0511,235.4581,235.0511,235.3141,51020.0
2026-04-09 13:25:00,235.3141,235.607,234.7781,234.8526,33663.0
2026-04-09 13:30:00,234.8625,234.9617,234.1527,234.5647,41857.0
2026-04-09 13:35:00,234.5646,235.1106,234.5051,235.0809,41935.0
2026-04-09 13:40:00,235.0809,235.1901,234.9121,235.0412,36472.0
2026-04-09 13:45:00,235.061,235.2496,234.8426,235.2099,39788.0
2026-04-09 13:50:00,235.1702,235.6268,235.0511,235.5574,34326.0
2026-04-09 13:55:00,235.5574,235.6368,235.0213,235.1007,27767.0
2026-04-09 14:00:00,235.0858,235.1404,234.4158,234.6193,28780.0
2026-04-09 14:05:00,234.5845,234.9419,234.5845,234.8327,33691.0
2026-04-09 14:10:00,234.8327,234.9121,234.3909,234.5547,35906.0
2026-04-09 14:15:00,234.52,234.6689,234.2271,234.4573,25588.0
2026-04-09 14:20:00,234.4753,234.6143,234.0286,234.2172,39500.0
2026-04-09 14:25:00,234.1874,234.4455,234.1676,234.252,35611.0
2026-04-09 14:30:00,234.252,234.3264,233.9988,234.0782,43331.0
2026-04-09 14:35:00,234.0981,234.3562,234.0584,234.2569,45484.0
2026-04-09 14:40:00,234.2371,234.525,234.1378,234.3165,68281.0
2026-04-09 14:45:00,234.2966,234.7533,234.2668,234.7334,27228.0
2026-04-09 14:50:00,234.659,234.8352,234.2867,234.4654,30854.0
2026-04-09 14:55:00,234.4654,234.5547,233.6017,233.6216,43495.0
2026-04-09 15:00:00,233.6514,233.8896,233.4925,233.8598,63695.0
2026-04-09 15:05:00,233.8301,233.9095,233.6414,233.9095,44323.0
2026-04-09 15:10:00,233.84,234.1775,233.7209,234.0187,47618.0
2026-04-09 15:15:00,234.0485,234.4952,234.0385,234.4009,60609.0
2026-04-09 15:20:00,234.4009,234.4257,233.6514,233.8301,67617.0
2026-04-09 15:25:00,233.8598,234.0782,233.8102,234.0485,64324.0
2026-04-09 15:30:00,234.0485,234.7831,234.0485,234.6044,77872.0
2026-04-09 15:35:00,234.6143,234.7433,234.1874,234.2321,69234.0
2026-04-09 15:40:00,234.2321,234.3363,233.979,234.2768,62159.0
2026-04-09 15:45:00,234.2768,235.0014,234.247,234.9468,124070.0
2026-04-09 15:50:00,234.9717,235.4482,234.8426,235.2397,158403.0
2026-04-09 15:55:00,235.2397,235.6467,235.0312,235.3985,363217.0
2026-04-10 09:30:00,237.4435,237.5203,232.5892,232.748,207585.0
2026-04-10 09:35:00,232.748,233.4131,231.9042,232.7083,101627.0
2026-04-10 09:40:00,232.8175,232.8175,231.9439,232.3112,89677.0
2026-04-10 09:45:00,232.3907,232.5644,231.0166,231.4476,110062.0
2026-04-10 09:50:00,231.4575,231.4575,230.6236,230.852,109405.0
2026-04-10 09:55:00,230.852,232.5882,230.713,232.5197,119134.0
2026-04-10 10:00:00,232.4502,233.1749,232.2417,232.7778,91999.0
2026-04-10 10:05:00,232.7431,233.4528,232.6885,232.8175,54842.0
2026-04-10 10:10:00,232.8175,233.572,232.6388,233.567,58523.0
2026-04-10 10:15:00,233.4975,233.7209,233.1849,233.294,49969.0
2026-04-10 10:20:00,233.1947,233.2742,232.7778,233.1848,47973.0
2026-04-10 10:25:00,233.2295,233.4727,233.0607,233.2915,35716.0
2026-04-10 10:30:00,233.2642,233.8003,233.2642,233.5918,41056.0
2026-04-10 10:35:00,233.5918,234.2668,233.5099,233.8996,52380.0
2026-04-10 10:40:00,233.9045,233.9045,232.8969,232.9813,64511.0
2026-04-10 10:45:00,233.0061,233.3387,232.1127,232.2417,68031.0
2026-04-10 10:50:00,232.202,232.5396,231.8149,232.0482,49034.0
2026-04-10 10:55:00,232.1325,232.4601,232.0432,232.4105,67194.0
2026-04-10 11:00:00,232.4155,232.9118,232.2517,232.5147,82929.0
2026-04-10 11:05:00,232.3708,232.5594,232.2417,232.4105,47685.0
2026-04-10 11:10:00,232.4353,233.2841,232.3609,233.0533,66464.0
2026-04-10 11:15:00,233.0806,233.5322,232.9217,233.2643,19360.0
2026-04-10 11:20:00,233.4082,233.7804,233.2742,233.701,24403.0
2026-04-10 11:25:00,233.701,233.7358,233.2146,233.2196,28249.0
2026-04-10 11:30:00,233.2245,233.2444,232.2318,232.3708,31745.0
2026-04-10 11:35:00,232.5583,232.6376,232.1574,232.1574,43368.0
2026-04-10 11:40:00,232.1574,232.2913,231.8744,232.2318,16393.0
2026-04-10 11:45:00,232.2219,232.3907,231.9859,232.2341,22179.0
2026-04-10 11:50:00,232.2417,232.2814,231.9843,232.1028,31783.0
2026-04-10 11:55:00,232.1276,232.1623,231.5469,231.6362,28117.0
2026-04-10 12:00:00,231.6958,231.7651,230.9314,231.2391,157002.0
2026-04-10 12:05:00,231.2689,231.4476,231.2193,231.254,23438.0
2026-04-10 12:10:00,231.2855,231.5816,231.2441,231.5816,25845.0
2026-04-10 12:15:00,231.5766,231.6263,231.4079,231.4823,67192.0
2026-04-10 12:20:00,231.4377,231.8148,231.3086,231.5469,42492.0
2026-04-10 12:25:00,231.5717,231.5717,231.0704,231.2242,29824.0
2026-04-10 12:30:00,231.259,231.259,230.8023,230.8867,28556.0
2026-04-10 12:35:00,230.8867,230.9215,230.7229,230.847,21831.0
2026-04-10 12:40:00,230.8123,230.8222,230.4648,230.5889,37632.0
2026-04-10 12:45:00,230.5641,230.5641,230.1074,230.1571,51462.0
2026-04-10 12:50:00,230.162,230.4053,229.9883,230.3015,62471.0
2026-04-10 12:55:00,230.3755,230.4152,230.0677,230.301,20342.0
2026-04-10 13:00:00,230.301,230.3705,230.1174,230.3257,28261.0
2026-04-10 13:05:00,230.2712,230.4747,230.1571,230.435,21694.0
2026-04-10 13:10:00,230.3953,230.4251,230.1174,230.2266,24206.0
2026-04-10 13:15:00,230.2266,230.4251,230.0181,230.1323,45375.0
2026-04-10 13:20:00,230.1323,230.3854,230.1074,230.1124,24198.0
2026-04-10 13:25:00,230.1174,230.3211,230.0876,230.2463,17520.0
2026-04-10 13:30:00,230.2018,230.4648,230.0578,230.0975,30538.0
2026-04-10 13:35:00,230.1174,230.2266,229.9784,230.2067,33537.0
2026-04-10 13:40:00,230.2613,230.3655,230.1273,230.182,23848.0
2026-04-10 13:45:00,230.1819,230.2861,229.9288,230.0677,32266.0
2026-04-10 13:50:00,230.0677,230.2563,230.0082,230.2365,12859.0
2026-04-10 13:55:00,230.2365,230.4053,230.1472,230.2067,36155.0
2026-04-10 14:00:00,230.2341,230.3953,229.8593,229.9288,47558.0
2026-04-10 14:05:00,229.9288,230.0131,229.474,229.5714,45978.0
2026-04-10 14:10:00,229.5615,229.5714,229.206,229.3034,63925.0
2026-04-10 14:15:00,229.3232,229.4423,229.1425,229.1743,65328.0
2026-04-10 14:20:00,229.214,229.3381,229.0353,229.0353,32715.0
2026-04-10 14:25:00,229.0353,229.2933,228.8269,229.1693,46893.0
2026-04-10 14:30:00,229.1693,229.6359,229.1693,229.4423,48533.0
2026-04-10 14:35:00,229.4324,229.5317,229.1842,229.2637,35970.0
2026-04-10 14:40:00,229.2637,229.2637,228.9162,229.0204,31799.0
2026-04-10 14:45:00,229.0353,229.1743,228.9559,229.1346,24403.0
2026-04-10 14:50:00,229.1247,229.4423,229.1247,229.3232,37847.0
2026-04-10 14:55:00,229.3232,229.5118,229.2537,229.4622,30879.0
2026-04-10 15:00:00,229.4523,229.6707,229.4225,229.5714,28462.0
2026-04-10 15:05:00,229.5615,229.7203,229.5118,229.6409,32802.0
2026-04-10 15:10:00,229.6309,229.9188,229.5416,229.8891,53388.0
2026-04-10 15:15:00,229.894,229.9288,229.76,229.8791,45687.0
2026-04-10 15:20:00,229.8692,229.8891,229.4721,229.6012,43782.0
2026-04-10 15:25:00,229.6409,229.7898,229.492,229.7898,56666.0
2026-04-10 15:30:00,229.7699,229.8196,229.492,229.626,66748.0
2026-04-10 15:35:00,229.626,229.626,229.4126,229.4672,59339.0
2026-04-10 15:40:00,229.4771,229.5416,229.1445,229.4672,87202.0
2026-04-10 15:45:00,229.4523,229.472,229.1842,229.2885,85176.0
2026-04-10 15:50:00,229.3034,229.5218,229.1048,229.1247,165847.0
2026-04-10 15:55:00,229.1247,229.7997,228.8566,229.0949,609263.0
2026-04-13 09:30:00,231.9241,232.0928,230.0082,231.1994,158287.0
2026-04-13 09:35:00,231.125,231.6362,230.5641,231.1696,68983.0
2026-04-13 09:40:00,231.1076,231.4277,230.3556,231.3582,71012.0
2026-04-13 09:45:00,231.3682,232.212,230.7279,232.1474,108709.0
2026-04-13 09:50:00,232.2219,232.7381,231.4377,232.2318,96068.0
2026-04-13 09:55:00,232.2914,233.0061,232.0631,232.9267,53881.0
2026-04-13 10:00:00,232.8969,233.7506,232.5594,232.6885,81404.0
2026-04-13 10:05:00,232.6885,233.3536,232.4899,232.5346,97888.0
2026-04-13 10:10:00,232.5346,232.8473,232.2914,232.4452,35899.0
2026-04-13 10:15:00,232.4452,232.4998,231.795,231.8943,29727.0
2026-04-13 10:20:00,231.9638,232.1226,231.3916,232.0333,53003.0
2026-04-13 10:25:00,231.9738,232.3112,231.8645,232.1425,20263.0
2026-04-13 10:30:00,232.1723,232.7579,232.1623,232.1623,25347.0
2026-04-13 10:35:00,232.1623,232.1623,231.1299,231.5766,28473.0
2026-04-13 10:40:00,231.5766,231.8496,231.2342,231.2342,18901.0
2026-04-13 10:45:00,231.3334,231.5965,230.9363,230.9363,27594.0
2026-04-13 10:50:00,230.9363,231.6263,230.8718,231.4873,28735.0
2026-04-13 10:55:00,231.4476,231.8248,231.3384,231.7653,37942.0
2026-04-13 11:00:00,231.7653,231.8943,231.1796,231.3086,38219.0
2026-04-13 11:05:00,231.3582,231.3682,230.5839,231.048,111393.0
2026-04-13 11:10:00,231.0356,231.2577,230.7924,230.8569,27677.0
2026-04-13 11:15:00,230.8917,231.0108,230.8321,230.8917,27210.0
2026-04-13 11:20:00,230.8619,231.0902,230.8321,230.9612,27298.0
2026-04-13 11:25:00,230.9115,231.12,230.6882,230.7209,28636.0
2026-04-13 11:30:00,230.713,230.9562,230.5939,230.9562,32145.0
2026-04-13 11:35:00,230.9612,231.6858,230.7726,231.6709,48343.0
2026-04-13 11:40:00,231.6958,231.8943,231.4377,231.7007,19167.0
2026-04-13 11:45:00,231.7007,231.8546,231.4674,231.6362,20171.0
2026-04-13 11:50:00,231.5369,232.1127,231.527,232.0036,16360.0
2026-04-13 11:55:00,232.0382,232.2914,231.7504,231.8248,48150.0
2026-04-13 12:00:00,231.8298,232.1921,231.7754,232.1325,23638.0
2026-04-13 12:05:00,232.1425,232.5495,232.0829,232.3162,51010.0
2026-04-13 12:10:00,232.3162,232.8771,232.2169,232.7876,95720.0
2026-04-13 12:15:00,232.8274,233.155,232.7977,232.8771,20745.0
2026-04-13 12:20:00,232.9069,233.1252,232.6686,233.1153,27526.0
2026-04-13 12:25:00,233.1252,233.6812,232.9864,233.5323,39647.0
2026-04-13 12:30:00,233.5223,233.9393,233.2565,233.7606,23056.0
2026-04-13 12:35:00,233.7606,234.1576,233.6514,233.8598,38122.0
2026-04-13 12:40:00,233.8499,234.0087,233.5936,233.8896,23205.0
2026-04-13 12:45:00,233.9194,234.247,233.6712,233.6712,33597.0
2026-04-13 12:50:00,233.6812,234.5448,233.5721,234.1577,147864.0
2026-04-13 12:55:00,234.18,234.2569,233.7607,234.1179,28511.0
2026-04-13 13:00:00,234.108,234.2569,233.8598,234.1279,41456.0
2026-04-13 13:05:00,234.1557,234.4257,234.0087,234.2867,25609.0
2026-04-13 13:10:00,234.3066,234.8724,234.3066,234.8476,40640.0
2026-04-13 13:15:00,234.8724,235.468,234.8128,235.2099,56940.0
2026-04-13 13:20:00,235.2546,235.4283,234.9915,235.0511,62171.0
2026-04-13 13:25:00,235.0461,235.1007,234.6777,234.8128,47406.0
2026-04-13 13:30:00,234.7632,234.922,234.5648,234.6937,38065.0
2026-04-13 13:35:00,234.6937,234.8922,234.6341,234.8426,26902.0
2026-04-13 13:40:00,234.8228,235.061,234.7926,234.8476,32069.0
2026-04-13 13:45:00,234.8128,234.9629,234.7533,234.8228,25274.0
2026-04-13 13:50:00,234.8525,234.8525,234.5448,234.6241,18159.0
2026-04-13 13:55:00,234.6044,234.7235,234.525,234.6441,27719.0
2026-04-13 14:00:00,234.6391,234.9915,234.6391,234.9816,20790.0
2026-04-13 14:05:00,234.9568,235.1553,234.922,235.1504,24047.0
2026-04-13 14:10:00,235.1007,235.5176,235.0908,235.3588,23365.0
2026-04-13 14:15:00,235.3886,235.5176,235.1901,235.2169,24276.0
2026-04-13 14:20:00,235.2198,235.4482,235.1007,235.3539,36539.0
2026-04-13 14:25:00,235.3588,235.5375,235.3191,235.5176,30366.0
2026-04-13 14:30:00,235.5028,235.7162,235.4581,235.5772,42925.0
2026-04-13 14:35:00,235.5474,235.6765,235.4382,235.6368,30193.0
2026-04-13 14:40:00,235.6566,235.8452,235.4978,235.7658,35975.0
2026-04-13 14:45:00,235.7509,236.1331,235.7263,236.0836,54543.0
2026-04-13 14:50:00,236.1133,236.3317,236.014,236.0934,51350.0
2026-04-13 14:55:00,236.0587,236.1032,235.7956,235.8353,45377.0
2026-04-13 15:00:00,235.8303,235.9247,235.6864,235.6963,37262.0
2026-04-13 15:05:00,235.7162,235.7261,235.1305,235.1404,41075.0
2026-04-13 15:10:00,235.1702,235.1752,234.8725,234.932,32158.0
2026-04-13 15:15:00,234.9489,234.9712,234.793,234.922,31939.0
2026-04-13 15:20:00,234.9121,235.2099,234.9121,235.1886,41026.0
2026-04-13 15:25:00,235.1801,235.2794,235.0809,235.2198,48562.0
2026-04-13 15:30:00,235.2447,235.741,235.2447,235.6864,65408.0
2026-04-13 15:35:00,235.6963,236.0041,235.6963,235.7956,50466.0
2026-04-13 15:40:00,235.7758,235.8651,235.6182,235.8241,56307.0
2026-04-13 15:45:00,235.8055,235.875,235.5375,235.5971,75363.0
2026-04-13 15:50:00,235.5971,236.0537,235.3539,235.9892,170476.0
2026-04-13 15:55:00,236.0339,236.292,235.8254,236.1133,383536.0
2026-04-14 09:30:00,237.0067,238.6362,236.3813,237.786,120620.0
2026-04-14 09:35:00,237.7736,239.7366,237.7215,239.548,70490.0
2026-04-14 09:40:00,239.548,239.5643,238.2376,238.2575,75635.0
2026-04-14 09:45:00,238.3419,238.5255,237.5229,237.5279,84231.0
2026-04-14 09:50:00,237.4534,237.5328,236.7784,236.962,39154.0
2026-04-14 09:55:00,236.9273,237.4584,236.5401,237.3144,32284.0
2026-04-14 10:00:00,237.3244,237.9993,237.2152,237.8207,43277.0
2026-04-14 10:05:00,237.9001,238.188,237.6321,237.92,34238.0
2026-04-14 10:10:00,238.0242,238.1041,237.7711,237.9398,22266.0
2026-04-14 10:15:00,237.9398,238.595,237.7711,238.456,46557.0
2026-04-14 10:20:00,238.461,239.6175,238.3468,239.419,45944.0
2026-04-14 10:25:00,239.5182,239.7738,238.9127,238.9127,51865.0
2026-04-14 10:30:00,238.8879,238.9524,238.5553,238.734,20767.0
2026-04-14 10:35:00,238.8134,238.9623,238.5454,238.7836,38523.0
2026-04-14 10:40:00,238.7936,238.9524,238.6347,238.739,44241.0
2026-04-14 10:45:00,238.7439,238.863,238.6248,238.7836,27281.0
2026-04-14 10:50:00,238.7836,238.7836,238.3369,238.5156,18174.0
2026-04-14 10:55:00,238.5007,238.6149,238.3171,238.4362,30559.0
2026-04-14 11:00:00,238.4263,238.6744,238.3965,238.6496,27875.0
2026-04-14 11:05:00,238.6397,238.6754,238.327,238.4163,18129.0
2026-04-14 11:10:00,238.4988,238.4988,237.9398,237.9895,25450.0
2026-04-14 11:15:00,237.9746,238.0887,237.8505,237.92,29132.0
2026-04-14 11:20:00,237.9895,237.9895,237.547,237.7611,36803.0
2026-04-14 11:25:00,237.7611,238.1732,237.7611,237.9795,26599.0
2026-04-14 11:30:00,237.9647,238.188,237.8009,238.049,32169.0
2026-04-14 11:35:00,237.9994,238.2376,237.9994,238.1582,29118.0
2026-04-14 11:40:00,238.188,238.188,237.8317,237.8604,20323.0
2026-04-14 11:45:00,237.9578,238.456,237.92,238.2972,24045.0
2026-04-14 11:50:00,238.2922,238.5553,238.215,238.3171,18382.0
2026-04-14 11:55:00,238.2922,238.4064,238.1086,238.327,33012.0
2026-04-14 12:00:00,238.327,238.3965,238.2277,238.3071,23028.0
2026-04-14 12:05:00,238.2525,238.2972,237.8555,237.92,24267.0
2026-04-14 12:10:00,237.9696,238.0788,237.7512,237.9696,16753.0
2026-04-14 12:15:00,238.059,238.1582,237.8207,238.0788,14287.0
2026-04-14 12:20:00,238.0788,238.1781,237.9498,238.1483,16086.0
2026-04-14 12:25:00,238.1781,238.6049,238.1682,238.351,32370.0
2026-04-14 12:30:00,238.466,238.5454,238.2972,238.5056,34737.0
2026-04-14 12:35:00,238.4759,238.595,238.4064,238.5057,21437.0
2026-04-14 12:40:00,238.466,238.6149,238.4461,238.6037,17543.0
2026-04-14 12:45:00,238.5752,238.9127,238.5355,238.7241,40095.0
2026-04-14 12:50:00,238.7241,238.7638,238.4461,238.5702,17583.0
2026-04-14 12:55:00,238.5702,238.5702,238.2575,238.327,19356.0
2026-04-14 13:00:00,238.3121,238.6943,238.3121,238.6943,42619.0
2026-04-14 13:05:00,238.6595,238.9127,238.3965,238.4759,35828.0
2026-04-14 13:10:00,238.5057,238.6238,238.3667,238.5255,18806.0
2026-04-14 13:15:00,238.5206,238.5642,238.3121,238.4411,20804.0
2026-04-14 13:20:00,238.4461,238.6446,238.3865,238.5454,26356.0
2026-04-14 13:25:00,238.5454,238.595,238.3965,238.4759,26723.0
2026-04-14 13:30:00,238.5057,238.7935,238.4809,238.6943,21872.0
2026-04-14 13:35:00,238.7146,238.7836,238.5156,238.5206,20095.0
2026-04-14 13:40:00,238.4866,238.868,238.4462,238.8134,16314.0
2026-04-14 13:45:00,238.8333,238.8927,238.7241,238.8035,15883.0
2026-04-14 13:50:00,238.8035,238.9325,238.6715,238.8333,24276.0
2026-04-14 13:55:00,238.8035,238.8333,238.0987,238.1533,28598.0
2026-04-14 14:00:00,238.1483,238.2178,237.513,237.6321,55253.0
2026-04-14 14:05:00,237.5949,237.776,237.4237,237.6807,31123.0
2026-04-14 14:10:00,237.6023,237.6817,237.2847,237.3393,31596.0
2026-04-14 14:15:00,237.3455,237.3455,236.7387,236.8975,31829.0
2026-04-14 14:20:00,236.9571,237.0066,236.6792,236.8479,29864.0
2026-04-14 14:25:00,236.7684,237.2549,236.6593,237.2003,40958.0
2026-04-14 14:30:00,237.1953,238.0093,237.1953,238.0093,23948.0
2026-04-14 14:35:00,237.9795,238.1384,237.8207,237.8207,40020.0
2026-04-14 14:40:00,237.9098,237.9098,237.513,237.5974,20903.0
2026-04-14 14:45:00,237.5974,237.642,237.3245,237.3245,15659.0
2026-04-14 14:50:00,237.3591,237.4633,237.1756,237.3144,32348.0
2026-04-14 14:55:00,237.3144,237.4137,237.2449,237.374,29598.0
2026-04-14 15:00:00,237.3244,237.7979,237.3244,237.7264,27775.0
2026-04-14 15:05:00,237.7512,238.0688,237.7116,237.8654,43727.0
2026-04-14 15:10:00,237.8654,238.059,237.8505,238.0242,22282.0
2026-04-14 15:15:00,238.0689,238.3467,238.0093,238.2972,27686.0
2026-04-14 15:20:00,238.2972,238.3568,238.1682,238.3381,22346.0
2026-04-14 15:25:00,238.3071,238.3568,238.2079,238.3319,26782.0
2026-04-14 15:30:00,238.3319,238.5702,238.2476,238.3171,41109.0
2026-04-14 15:35:00,238.2972,238.6446,238.2277,238.605,75709.0
2026-04-14 15:40:00,238.6049,238.7936,238.3419,238.739,51804.0
2026-04-14 15:45:00,238.739,238.8949,238.7042,238.7737,68856.0
2026-04-14 15:50:00,238.8333,238.9822,238.5752,238.6695,79473.0
2026-04-14 15:55:00,238.7042,238.863,238.466,238.5355,217988.0
2026-04-15 09:30:00,240.4811,242.5757,239.2254,242.3077,136441.0
2026-04-15 09:35:00,242.3424,243.6578,242.0099,242.9033,65159.0
2026-04-15 09:40:00,242.8388,243.8762,242.5162,242.5658,74717.0
2026-04-15 09:45:00,242.4467,242.9827,242.0297,242.9281,55869.0
2026-04-15 09:50:00,242.9728,243.4989,242.7147,243.0274,80709.0
2026-04-15 09:55:00,243.1813,243.1912,241.9106,242.0496,56820.0
2026-04-15 10:00:00,242.0496,242.2978,240.908,240.908,56525.0
2026-04-15 10:05:00,240.9477,241.4043,240.8484,241.3249,49565.0
2026-04-15 10:10:00,241.32,242.407,241.2356,242.2879,51248.0
2026-04-15 10:15:00,242.3673,242.6651,242.2184,242.2432,42142.0
2026-04-15 10:20:00,242.2184,242.4467,241.9603,242.0446,25305.0
2026-04-15 10:25:00,242.0446,242.1588,241.7915,242.0397,21264.0
2026-04-15 10:30:00,242.0198,242.1538,241.8014,241.9305,22501.0
2026-04-15 10:35:00,241.9404,242.1191,241.6029,241.6227,39136.0
2026-04-15 10:40:00,241.6327,241.8709,241.4441,241.7647,22031.0
2026-04-15 10:45:00,241.7121,241.8411,241.3349,241.7022,19810.0
2026-04-15 10:50:00,241.6823,241.9305,241.6228,241.8598,22838.0
2026-04-15 10:55:00,241.8014,241.995,241.7518,241.8908,19281.0
2026-04-15 11:00:00,241.8957,242.3176,241.8957,242.3176,27685.0
2026-04-15 11:05:00,242.3772,242.6006,242.2035,242.3524,18825.0
2026-04-15 11:10:00,242.397,242.5658,242.1787,242.4814,21864.0
2026-04-15 11:15:00,242.4963,242.7147,242.4345,242.6055,23897.0
2026-04-15 11:20:00,242.6055,242.8289,242.546,242.7445,38626.0
2026-04-15 11:25:00,242.7147,243.0324,242.6551,242.7246,24214.0
2026-04-15 11:30:00,242.7246,242.8537,242.5658,242.5658,25613.0
2026-04-15 11:35:00,242.5956,242.814,242.2978,242.2978,29671.0
2026-04-15 11:40:00,242.2978,242.3573,241.9801,242.0645,31414.0
2026-04-15 11:45:00,242.0645,242.2779,241.9404,242.1489,24201.0
2026-04-15 11:50:00,242.1687,242.4914,242.1687,242.2928,15140.0
2026-04-15 11:55:00,242.2879,242.407,242.0992,242.0992,15954.0
2026-04-15 12:00:00,242.1588,242.4566,242.0298,242.4368,16307.0
2026-04-15 12:05:00,242.407,242.5261,242.268,242.3921,22371.0
2026-04-15 12:10:00,242.3722,242.536,242.3176,242.4814,12160.0
2026-04-15 12:15:00,242.4864,242.7146,242.3325,242.6978,25014.0
2026-04-15 12:20:00,242.6601,242.9232,242.6601,242.7842,29715.0
2026-04-15 12:25:00,242.7743,242.8735,242.7201,242.7346,12919.0
2026-04-15 12:30:00,242.7247,242.7991,242.5559,242.6551,16205.0
2026-04-15 12:35:00,242.6303,242.6849,242.5062,242.5559,15286.0
2026-04-15 12:40:00,242.4963,242.6353,242.3077,242.4467,27328.0
2026-04-15 12:45:00,242.4764,243.0026,242.4169,243.0026,18233.0
2026-04-15 12:50:00,243.0025,243.1912,242.7147,242.953,25629.0
2026-04-15 12:55:00,242.9579,243.1912,242.7594,243.1912,13166.0
2026-04-15 13:00:00,243.1565,243.3103,243.0324,243.3103,20787.0
2026-04-15 13:05:00,243.3798,243.3798,243.1118,243.1316,18916.0
2026-04-15 13:10:00,243.1614,243.2111,242.8835,242.9281,13060.0
2026-04-15 13:15:00,242.9728,243.1019,242.9331,242.943,16440.0
2026-04-15 13:20:00,242.943,243.1416,242.9133,243.1316,15636.0
2026-04-15 13:25:00,243.1416,243.3798,243.1416,243.2706,24560.0
2026-04-15 13:30:00,243.2706,243.36,243.0224,243.1912,26721.0
2026-04-15 13:35:00,243.1912,243.4592,243.1912,243.3896,32621.0
2026-04-15 13:40:00,243.35,243.4989,243.2011,243.4195,28562.0
2026-04-15 13:45:00,243.4791,243.4989,243.0423,243.2954,74443.0
2026-04-15 13:50:00,243.3302,243.6677,243.2706,243.489,108996.0
2026-04-15 13:55:00,243.4989,243.6181,243.3699,243.5884,45459.0
2026-04-15 14:00:00,243.6032,243.6032,243.0125,243.4394,72949.0
2026-04-15 14:05:00,243.4245,243.9953,243.4245,243.8464,101087.0
2026-04-15 14:10:00,243.8315,244.1343,243.7719,244.1243,18565.0
2026-04-15 14:15:00,244.1293,244.2633,244.0003,244.0251,30967.0
2026-04-15 14:20:00,244.0549,244.0634,243.1416,243.5486,48559.0
2026-04-15 14:25:00,243.5684,243.6478,243.3203,243.633,23211.0
2026-04-15 14:30:00,243.6578,243.9112,243.6478,243.9112,24256.0
2026-04-15 14:35:00,243.9159,243.9257,243.5138,243.5833,27390.0
2026-04-15 14:40:00,243.5883,243.7074,243.4096,243.5585,20448.0
2026-04-15 14:45:00,243.5585,243.757,243.5138,243.6925,16203.0
2026-04-15 14:50:00,243.6925,243.9059,243.6677,243.901,19497.0
2026-04-15 14:55:00,243.901,244.169,243.8613,244.1492,49853.0
2026-04-15 15:00:00,244.1442,244.2534,243.889,244.2186,35419.0
2026-04-15 15:05:00,244.2186,244.2534,243.8365,243.896,47279.0
2026-04-15 15:10:00,243.9357,243.9357,243.3699,243.3997,26349.0
2026-04-15 15:15:00,243.3947,243.5486,243.2557,243.4493,49975.0
2026-04-15 15:20:00,243.4841,243.6081,243.3649,243.6081,39550.0
2026-04-15 15:25:00,243.6081,243.8265,243.3203,243.4046,51547.0
2026-04-15 15:30:00,243.3897,243.5387,243.3054,243.3103,38284.0
2026-04-15 15:35:00,243.3203,243.3699,243.0522,243.1366,37748.0
2026-04-15 15:40:00,243.1366,243.4394,243.0125,243.2111,46048.0
2026-04-15 15:45:00,243.1912,243.4841,243.1217,243.4692,71089.0
2026-04-15 15:50:00,243.5188,243.7074,243.3203,243.5635,108844.0
2026-04-15 15:55:00,243.5486,243.6478,243.0026,243.0224,252771.0
2026-04-16 09:30:00,246.9337,248.4128,244.8986,246.9039,201911.0
2026-04-16 09:35:00,246.787,247.8569,246.2487,246.8741,82334.0
2026-04-16 09:40:00,246.7843,247.2613,245.9906,246.2487,87286.0
2026-04-16 09:45:00,246.2487,246.4135,245.6829,246.4135,51643.0
2026-04-16 09:50:00,246.4175,246.9734,245.6829,245.7921,120897.0
2026-04-16 09:55:00,245.7027,246.3281,245.6332,245.9708,60992.0
2026-04-16 10:00:00,245.9906,246.2714,245.1667,245.6531,117971.0
2026-04-16 10:05:00,245.5141,245.7721,245.1965,245.6233,25166.0
2026-04-16 10:10:00,245.673,245.8119,245.0277,245.1567,28108.0
2026-04-16 10:15:00,245.1965,245.325,244.518,244.5611,29822.0
2026-04-16 10:20:00,244.6108,244.7299,244.3278,244.5909,24010.0
2026-04-16 10:25:00,244.4817,244.9084,244.4073,244.7845,17344.0
2026-04-16 10:30:00,244.6902,245.1965,244.6902,245.0624,26930.0
2026-04-16 10:35:00,245.117,245.4445,244.8244,244.8886,34174.0
2026-04-16 10:40:00,244.8887,245.4149,244.8341,245.4149,21611.0
2026-04-16 10:45:00,245.4346,245.8814,245.256,245.7921,28722.0
2026-04-16 10:50:00,245.7375,246.5167,245.7226,246.348,89695.0
2026-04-16 10:55:00,246.3863,246.5862,246.1991,246.2636,37876.0
2026-04-16 11:00:00,246.2636,246.4473,246.0204,246.3182,97029.0
2026-04-16 11:05:00,246.3877,246.5515,246.1296,246.4075,36775.0
2026-04-16 11:10:00,246.4373,246.6855,246.3976,246.5962,33014.0
2026-04-16 11:15:00,246.6279,246.9039,246.4292,246.5465,36345.0
2026-04-16 11:20:00,246.5614,246.9635,246.5019,246.8692,24643.0
2026-04-16 11:25:00,246.884,247.1124,246.5763,246.7699,46370.0
2026-04-16 11:30:00,246.6855,247.1024,246.5068,247.1024,30239.0
2026-04-16 11:35:00,246.9655,247.4697,246.9535,247.3109,34061.0
2026-04-16 11:40:00,247.3407,247.4598,247.0826,247.3109,36620.0
2026-04-16 11:45:00,247.3407,247.6583,247.2811,247.4747,28688.0
2026-04-16 11:50:00,247.4697,247.9462,247.4499,247.8668,31310.0
2026-04-16 11:55:00,247.8966,248.3532,247.8668,248.3185,38638.0
2026-04-16 12:00:00,248.3531,249.0531,248.2937,248.8794,50513.0
2026-04-16 12:05:00,248.8794,249.1275,248.7305,248.9935,37084.0
2026-04-16 12:10:00,248.9935,249.3856,248.9489,249.2963,39837.0
2026-04-16 12:15:00,249.2864,249.3192,248.9687,249.2467,33246.0
2026-04-16 12:20:00,249.207,249.2864,248.929,248.9439,34281.0
2026-04-16 12:25:00,248.9439,249.0183,248.6014,248.6957,34430.0
2026-04-16 12:30:00,248.6957,248.7702,248.0629,248.3929,58141.0
2026-04-16 12:35:00,248.4128,248.8973,248.383,248.8645,29973.0
2026-04-16 12:40:00,248.8992,248.9687,248.6809,248.8893,25870.0
2026-04-16 12:45:00,248.8,249.1275,248.8,248.8893,35873.0
2026-04-16 12:50:00,248.929,249.0183,248.5021,248.6808,86515.0
2026-04-16 12:55:00,248.6213,248.7801,248.5716,248.6163,22815.0
2026-04-16 13:00:00,248.6312,248.8793,248.4922,248.6907,39664.0
2026-04-16 13:05:00,248.6709,248.8397,248.5716,248.7801,28556.0
2026-04-16 13:10:00,248.8198,249.0134,248.6312,248.6759,37747.0
2026-04-16 13:15:00,248.6709,248.8,248.4327,248.7454,30219.0
2026-04-16 13:20:00,248.7801,249.0283,248.6149,248.9687,33988.0
2026-04-16 13:25:00,248.9687,249.0481,248.6113,248.9191,26816.0
2026-04-16 13:30:00,248.9191,249.1176,248.8794,249.1077,27102.0
2026-04-16 13:35:00,249.1077,249.1077,248.9489,249.0432,16232.0
2026-04-16 13:40:00,249.0481,249.1226,248.8694,249.0266,21133.0
2026-04-16 13:45:00,249.0382,249.0625,248.8645,248.9985,26979.0
2026-04-16 13:50:00,249.0035,249.1176,248.9092,249.0481,24726.0
2026-04-16 13:55:00,249.068,249.068,248.5716,248.8595,42658.0
2026-04-16 14:00:00,248.8099,249.0332,248.6808,248.8893,32158.0
2026-04-16 14:05:00,248.9091,249.207,248.6411,248.8198,45734.0
2026-04-16 14:10:00,248.7553,248.8595,248.6014,248.7106,28557.0
2026-04-16 14:15:00,248.7106,248.8694,248.5419,248.6808,33606.0
2026-04-16 14:20:00,248.661,248.8094,248.4823,248.5518,39411.0
2026-04-16 14:25:00,248.5518,248.6312,247.9165,248.0505,41869.0
2026-04-16 14:30:00,248.0505,248.3433,248.0256,248.2738,29098.0
2026-04-16 14:35:00,248.2937,248.5915,248.2549,248.3929,45734.0
2026-04-16 14:40:00,248.5021,248.7205,248.4426,248.5121,31844.0
2026-04-16 14:45:00,248.5021,248.6113,248.4525,248.601,25064.0
2026-04-16 14:50:00,248.6014,248.6362,248.3632,248.3929,33405.0
2026-04-16 14:55:00,248.4018,248.5716,248.3731,248.5715,29924.0
2026-04-16 15:00:00,248.5816,248.8883,248.4823,248.6411,35537.0
2026-04-16 15:05:00,248.651,248.8,248.4823,248.6362,36030.0
2026-04-16 15:10:00,248.6312,249.0581,247.9462,248.3036,103363.0
2026-04-16 15:15:00,248.3284,248.7007,248.1944,248.5319,67072.0
2026-04-16 15:20:00,248.5567,248.6411,248.4029,248.5419,44803.0
2026-04-16 15:25:00,248.5419,248.5816,248.1746,248.1746,46102.0
2026-04-16 15:30:00,248.1696,248.383,248.0285,248.1746,47759.0
2026-04-16 15:35:00,248.1249,248.3781,248.0455,248.3781,47649.0
2026-04-16 15:40:00,248.3929,248.6014,248.383,248.4575,49289.0
2026-04-16 15:45:00,248.4575,248.8296,248.4227,248.5865,67456.0
2026-04-16 15:50:00,248.6014,248.929,248.3433,248.8943,123845.0
2026-04-16 15:55:00,248.9091,249.2963,248.4922,249.1672,334108.0
2026-04-17 09:30:00,252.8105,253.7833,251.1129,251.6242,396908.0
2026-04-17 09:35:00,251.6242,252.1453,250.9541,250.9839,66727.0
2026-04-17 09:40:00,250.9541,251.2221,250.4875,250.4875,73616.0
2026-04-17 09:45:00,250.6265,251.0732,249.7529,250.3873,59673.0
2026-04-17 09:50:00,250.6067,251.51,250.5604,251.4008,41543.0
2026-04-17 09:55:00,251.4008,251.8475,251.371,251.4207,148932.0
2026-04-17 10:00:00,251.4207,252.0461,251.4107,251.9865,78942.0
2026-04-17 10:05:00,251.9319,252.1255,251.4008,251.8872,50238.0
2026-04-17 10:10:00,251.8457,252.1106,251.5001,251.6788,63692.0
2026-04-17 10:15:00,251.6986,251.7582,251.4802,251.7185,33872.0
2026-04-17 10:20:00,251.7572,252.2545,251.4802,252.1156,38463.0
2026-04-17 10:25:00,252.175,252.175,251.8079,252.051,54064.0
2026-04-17 10:30:00,252.0659,253.0288,251.9767,252.9494,145943.0
2026-04-17 10:35:00,252.9445,253.0686,252.6069,252.736,28175.0
2026-04-17 10:40:00,252.8119,252.9594,252.4233,252.5125,28984.0
2026-04-17 10:45:00,252.5126,252.6119,252.0957,252.1751,43566.0
2026-04-17 10:50:00,252.334,252.741,252.1255,252.6218,27029.0
2026-04-17 10:55:00,252.5921,252.731,252.4332,252.5573,21945.0
2026-04-17 11:00:00,252.5623,253.0488,252.4928,253.0487,52328.0
2026-04-17 11:05:00,253.0487,253.1678,252.334,252.3935,59323.0
2026-04-17 11:10:00,252.2545,252.5325,251.9518,252.0064,39871.0
2026-04-17 11:15:00,252.0361,252.2645,251.7234,251.8277,40936.0
2026-04-17 11:20:00,251.7483,251.8178,251.242,251.4902,88965.0
2026-04-17 11:25:00,251.5795,251.5795,251.0732,251.0881,36759.0
2026-04-17 11:30:00,251.1328,251.2221,250.6563,251.0186,77508.0
2026-04-17 11:35:00,251.0137,251.3213,250.9144,251.0286,29785.0
2026-04-17 11:40:00,251.0822,251.092,249.8026,249.8522,51439.0
2026-04-17 11:45:00,249.9018,250.2592,249.207,249.5544,45330.0
2026-04-17 11:50:00,249.5544,250.5272,249.5445,250.4151,29689.0
2026-04-17 11:55:00,250.4478,250.7655,250.3089,250.7159,55060.0
2026-04-17 12:00:00,250.7109,251.0037,250.6464,250.8251,32525.0
2026-04-17 12:05:00,250.8648,250.9839,250.4677,250.567,28098.0
2026-04-17 12:10:00,250.5372,250.8945,250.5322,250.5868,24154.0
2026-04-17 12:15:00,250.5868,250.7754,250.2294,250.7357,24116.0
2026-04-17 12:20:00,250.7357,250.9045,250.3982,250.6017,33448.0
2026-04-17 12:25:00,250.6551,251.1249,250.6464,251.0037,34403.0
2026-04-17 12:30:00,251.0137,251.4802,251.0037,251.3313,24015.0
2026-04-17 12:35:00,251.3512,251.4902,251.3413,251.3611,20214.0
2026-04-17 12:40:00,251.381,251.6986,251.381,251.6589,21220.0
2026-04-17 12:45:00,251.6688,251.747,251.6093,251.6609,19527.0
2026-04-17 12:50:00,251.6788,251.8872,251.6589,251.7681,145157.0
2026-04-17 12:55:00,251.7681,251.8227,251.51,251.5944,19388.0
2026-04-17 13:00:00,251.6391,251.7185,251.4405,251.5696,26728.0
2026-04-17 13:05:00,251.5299,251.5597,250.8251,250.9144,22868.0
2026-04-17 13:10:00,251.0186,251.0931,250.4677,250.7903,29920.0
2026-04-17 13:15:00,250.7357,250.835,250.2592,250.567,16934.0
2026-04-17 13:20:00,250.567,250.567,249.5185,249.8423,39518.0
2026-04-17 13:25:00,249.8324,250.0508,249.5246,250.0508,30722.0
2026-04-17 13:30:00,250.011,250.2294,249.9217,250.1004,29289.0
2026-04-17 13:35:00,250.0706,250.2642,249.8423,250.155,22814.0
2026-04-17 13:40:00,250.155,250.2691,249.9018,250.2195,23283.0
2026-04-17 13:45:00,250.2592,250.7258,250.2493,250.4875,25039.0
2026-04-17 13:50:00,250.4528,250.557,250.3188,250.4578,40541.0
2026-04-17 13:55:00,250.4736,250.557,250.1799,250.289,48117.0
2026-04-17 14:00:00,250.3386,250.6662,250.2096,250.3486,33121.0
2026-04-17 14:05:00,250.3486,250.4081,250.021,250.0408,26033.0
2026-04-17 14:10:00,250.0408,250.2791,250.0309,250.1798,27386.0
2026-04-17 14:15:00,250.2145,250.2741,249.9416,250.0508,27251.0
2026-04-17 14:20:00,250.1003,250.1004,249.8026,250.0309,34440.0
2026-04-17 14:25:00,250.0309,250.4627,249.9465,250.0508,33050.0
2026-04-17 14:30:00,250.0508,250.1401,249.8969,249.9118,36760.0
2026-04-17 14:35:00,249.9018,249.9911,249.7976,249.8621,27469.0
2026-04-17 14:40:00,249.8621,250.0508,249.7927,249.9962,26676.0
2026-04-17 14:45:00,249.9912,250.0706,249.9416,249.9813,30628.0
2026-04-17 14:50:00,249.9813,250.0706,249.8423,250.0027,39633.0
2026-04-17 14:55:00,249.9118,250.1301,249.8214,250.0805,35155.0
2026-04-17 15:00:00,250.1103,250.2493,249.9813,250.2294,34478.0
2026-04-17 15:05:00,250.2493,250.6364,250.2195,250.4875,54087.0
2026-04-17 15:10:00,250.4776,250.6563,250.3386,250.6464,37332.0
2026-04-17 15:15:00,250.6563,250.8945,250.6464,250.7754,36007.0
2026-04-17 15:20:00,250.7953,250.9243,250.6464,250.7456,37162.0
2026-04-17 15:25:00,250.7556,250.8151,250.6265,250.7159,28653.0
2026-04-17 15:30:00,250.696,251.1129,250.696,251.0335,41548.0
2026-04-17 15:35:00,251.0633,251.5497,250.974,251.4455,44418.0
2026-04-17 15:40:00,251.4107,251.7483,251.3115,251.7483,62782.0
2026-04-17 15:45:00,251.7185,251.8277,251.3611,251.4107,95013.0
2026-04-17 15:50:00,251.4207,251.6788,251.0633,251.6589,125147.0
2026-04-17 15:55:00,251.6887,251.917,251.5001,251.6291,365297.0
2026-04-20 09:30:00,253.138,255.4808,252.3935,254.9001,234666.0
2026-04-20 09:35:00,254.9001,255.2128,253.5153,253.7337,108939.0
2026-04-20 09:40:00,253.6245,254.091,253.2209,253.2522,75347.0
2026-04-20 09:45:00,253.2472,254.8405,253.1877,254.8058,65284.0
2026-04-20 09:50:00,254.7264,256.6125,254.6817,256.27,126990.0
2026-04-20 09:55:00,256.275,256.6125,256.0169,256.2005,76006.0
2026-04-20 10:00:00,256.1459,256.3246,255.6794,255.8481,76643.0
2026-04-20 10:05:00,255.7786,256.1062,255.7091,255.8382,44869.0
2026-04-20 10:10:00,255.863,256.2452,254.8554,255.0242,116950.0
2026-04-20 10:15:00,254.9199,255.2723,254.2399,254.3516,51654.0
2026-04-20 10:20:00,254.2896,254.5179,254.0116,254.4434,85155.0
2026-04-20 10:25:00,254.3789,254.5973,253.4954,253.5649,64277.0
2026-04-20 10:30:00,253.5649,253.5649,252.8502,253.0338,73974.0
2026-04-20 10:35:00,253.0338,253.0388,252.0461,252.0907,47292.0
2026-04-20 10:40:00,252.0709,252.2347,251.4273,251.6589,49074.0
2026-04-20 10:45:00,251.6093,252.5505,251.4008,252.2446,48241.0
2026-04-20 10:50:00,252.2843,252.3737,251.6093,252.0709,53819.0
2026-04-20 10:55:00,252.1352,252.1352,251.3512,251.5994,41667.0
2026-04-20 11:00:00,251.5994,251.9865,251.5994,251.8178,36303.0
2026-04-20 11:05:00,251.8178,251.8773,251.4008,251.5001,30222.0
2026-04-20 11:10:00,251.5794,252.0956,251.4802,251.8973,46579.0
2026-04-20 11:15:00,251.9468,252.2942,251.8103,252.1205,38092.0
2026-04-20 11:20:00,252.1553,252.2645,251.8078,251.9071,28287.0
2026-04-20 11:25:00,251.9071,252.1255,251.6589,252.0759,39311.0
2026-04-20 11:30:00,252.0759,252.0759,251.1526,251.4404,38037.0
2026-04-20 11:35:00,251.4388,251.4405,250.9045,251.1725,30481.0
2026-04-20 11:40:00,251.1675,251.4405,251.0236,251.3512,27432.0
2026-04-20 11:45:00,251.3512,251.4703,251.0732,251.4207,27743.0
2026-04-20 11:50:00,251.4207,251.7483,251.3016,251.6688,30607.0
2026-04-20 11:55:00,251.7086,251.788,251.3313,251.4004,26448.0
2026-04-20 12:00:00,251.3214,251.5001,251.3115,251.3115,18198.0
2026-04-20 12:05:00,251.3115,251.3313,250.974,251.1626,23032.0
2026-04-20 12:10:00,251.1616,251.2519,251.0137,251.103,17195.0
2026-04-20 12:15:00,251.1261,251.2122,250.8747,251.2121,19912.0
2026-04-20 12:20:00,251.2122,251.4405,251.1973,251.3413,24122.0
2026-04-20 12:25:00,251.3413,251.5894,251.2618,251.4405,29734.0
2026-04-20 12:30:00,251.4356,251.4802,251.2817,251.4405,23583.0
2026-04-20 12:35:00,251.3774,251.4404,251.2321,251.4107,21393.0
2026-04-20 12:40:00,251.3611,251.6887,251.3214,251.5051,27483.0
2026-04-20 12:45:00,251.5051,251.5051,251.2544,251.4058,17972.0
2026-04-20 12:50:00,251.4058,251.4058,251.2122,251.3908,17134.0
2026-04-20 12:55:00,251.3661,251.4753,251.2122,251.2767,23144.0
2026-04-20 13:00:00,251.2718,251.3363,251.0071,251.1576,23632.0
2026-04-20 13:05:00,251.1378,251.4207,251.0832,251.3115,25932.0
2026-04-20 13:10:00,251.3164,251.5696,251.2222,251.5696,16265.0
2026-04-20 13:15:00,251.5299,251.5944,251.2917,251.5695,18737.0
2026-04-20 13:20:00,251.5199,251.7779,251.4405,251.7779,25052.0
2026-04-20 13:25:00,251.7681,251.9766,251.7086,251.7979,28987.0
2026-04-20 13:30:00,251.7979,251.8376,251.0931,251.1824,33798.0
2026-04-20 13:35:00,251.1477,251.4306,251.1229,251.2221,31055.0
2026-04-20 13:40:00,251.2519,251.2668,250.974,251.2023,28195.0
2026-04-20 13:45:00,251.1427,251.1824,250.835,250.9526,28368.0
2026-04-20 13:50:00,250.954,251.2718,250.9293,251.2718,26669.0
2026-04-20 13:55:00,251.2519,251.3115,250.974,250.9889,30278.0
2026-04-20 14:00:00,251.0037,251.1129,250.7655,251.0583,32341.0
2026-04-20 14:05:00,251.0583,251.3909,251.0583,251.3512,25003.0
2026-04-20 14:10:00,251.3264,251.3462,250.7159,251.0534,32950.0
2026-04-20 14:15:00,250.984,251.381,250.984,251.2718,16662.0
2026-04-20 14:20:00,251.4008,251.5299,251.1924,251.5299,19330.0
2026-04-20 14:25:00,251.5299,251.649,251.3116,251.3116,42672.0
2026-04-20 14:30:00,251.3611,251.5894,251.123,251.4455,34082.0
2026-04-20 14:35:00,251.4405,251.5299,251.1775,251.1775,49059.0
2026-04-20 14:40:00,251.1775,251.2916,251.103,251.2271,21475.0
2026-04-20 14:45:00,251.2271,251.2271,250.9045,251.1427,27437.0
2026-04-20 14:50:00,251.1328,251.4008,251.1328,251.4008,15546.0
2026-04-20 14:55:00,251.3909,251.4404,251.0732,251.242,30030.0
2026-04-20 15:00:00,251.2519,251.4306,251.1725,251.4207,17911.0
2026-04-20 15:05:00,251.3909,251.4802,251.2172,251.3214,51628.0
2026-04-20 15:10:00,251.3016,251.3909,251.2221,251.2767,33141.0
2026-04-20 15:15:00,251.2569,251.3115,251.1477,251.3115,28080.0
2026-04-20 15:20:00,251.2912,251.4505,251.2519,251.2817,46539.0
2026-04-20 15:25:00,251.3016,251.3214,251.0137,251.1526,47841.0
2026-04-20 15:30:00,251.1725,251.2916,251.0931,251.1874,49646.0
2026-04-20 15:35:00,251.1725,251.3512,251.1229,251.1924,37355.0
2026-04-20 15:40:00,251.1725,251.2817,251.0683,251.1229,39999.0
2026-04-20 15:45:00,251.1328,251.4902,251.0633,251.4405,51292.0
2026-04-20 15:50:00,251.4802,251.5994,251.2618,251.4902,118845.0
2026-04-20 15:55:00,251.4703,251.9369,251.1626,251.8773,366621.0
2026-04-21 09:30:00,252.1453,253.5446,250.0259,251.3934,212835.0
2026-04-21 09:35:00,251.4306,251.639,250.2195,250.3126,44517.0
2026-04-21 09:40:00,250.3188,252.1851,250.1599,251.9567,61637.0
2026-04-21 09:45:00,251.917,252.9395,251.5983,252.87,58076.0
2026-04-21 09:50:00,252.9494,253.3267,252.5623,252.7112,81160.0
2026-04-21 09:55:00,252.7906,254.0712,252.5424,254.0712,83199.0
2026-04-21 10:00:00,254.1208,254.7214,253.4656,254.3094,61747.0
2026-04-21 10:05:00,254.2002,254.7363,253.6642,254.4286,69391.0
2026-04-21 10:10:00,254.3591,255.0738,254.2399,254.7362,49410.0
2026-04-21 10:15:00,254.7015,255.5304,254.5675,255.1731,89843.0
2026-04-21 10:20:00,255.1334,255.2029,254.4286,254.4583,65845.0
2026-04-21 10:25:00,254.4683,254.8455,254.3491,254.6668,65028.0
2026-04-21 10:30:00,254.6172,255.4361,254.5874,255.1234,58719.0
2026-04-21 10:35:00,255.1036,255.322,254.2896,254.4484,40445.0
2026-04-21 10:40:00,254.3491,254.4781,253.8726,254.0563,32147.0
2026-04-21 10:45:00,254.091,254.101,253.4656,253.4756,41550.0
2026-04-21 10:50:00,253.5449,254.3243,253.416,254.1307,20657.0
2026-04-21 10:55:00,254.2299,254.2299,252.945,253.0537,35599.0
2026-04-21 11:00:00,253.1579,253.2323,252.3141,252.6913,36568.0
2026-04-21 11:05:00,252.5325,253.3645,252.5275,253.3645,17542.0
2026-04-21 11:10:00,253.3068,253.4359,252.6634,252.6913,34823.0
2026-04-21 11:15:00,252.6417,253.1182,252.468,253.0586,20992.0
2026-04-21 11:20:00,253.0983,253.3763,252.7608,252.8055,31718.0
2026-04-21 11:25:00,252.7608,253.143,252.6218,253.1281,32815.0
2026-04-21 11:30:00,253.0437,253.6195,252.9694,253.1926,17454.0
2026-04-21 11:35:00,253.2125,253.2224,252.9048,253.1678,24903.0
2026-04-21 11:40:00,253.1083,253.6245,253.0586,253.416,15025.0
2026-04-21 11:45:00,253.416,253.6533,253.1976,253.1976,24627.0
2026-04-21 11:50:00,253.1678,253.3614,253.0586,253.2969,28803.0
2026-04-21 11:55:00,253.2621,253.6989,253.2373,253.5947,21783.0
2026-04-21 12:00:00,253.6542,253.9521,253.5551,253.7138,34832.0
2026-04-21 12:05:00,253.676,254.3491,253.6294,254.3491,27869.0
2026-04-21 12:10:00,254.3392,254.3491,254.0315,254.3094,32068.0
2026-04-21 12:15:00,254.2796,254.5019,254.0513,254.4484,35323.0
2026-04-21 12:20:00,254.4484,254.478,254.1506,254.3988,29824.0
2026-04-21 12:25:00,254.4087,254.8356,254.3392,254.8356,19570.0
2026-04-21 12:30:00,254.8256,255.1234,254.4186,254.9597,154857.0
2026-04-21 12:35:00,254.9596,255.2723,254.5478,254.5478,29471.0
2026-04-21 12:40:00,254.6569,254.8455,254.24,254.3293,21334.0
2026-04-21 12:45:00,254.2896,254.6569,254.1605,254.5824,41570.0
2026-04-21 12:50:00,254.5875,254.6469,254.1308,254.225,19104.0
2026-04-21 12:55:00,254.3194,254.3194,254.1307,254.2896,22648.0
2026-04-21 13:00:00,254.2895,254.6867,254.2856,254.3888,24381.0
2026-04-21 13:05:00,254.3094,254.3392,253.7932,254.1208,40224.0
2026-04-21 13:10:00,254.0315,254.1506,253.694,253.9521,30925.0
2026-04-21 13:15:00,253.9024,253.9322,253.3863,253.4259,32750.0
2026-04-21 13:20:00,253.3862,253.7486,253.2374,253.694,22023.0
2026-04-21 13:25:00,253.694,254.1307,253.6543,253.8577,23875.0
2026-04-21 13:30:00,253.9421,254.2995,253.9322,254.1456,16222.0
2026-04-21 13:35:00,254.1456,254.776,254.0414,254.6469,35744.0
2026-04-21 13:40:00,254.6966,255.2624,254.6668,254.9101,31818.0
2026-04-21 13:45:00,254.8951,254.8951,254.5328,254.7512,14268.0
2026-04-21 13:50:00,254.7462,255.2128,254.7065,254.915,27154.0
2026-04-21 13:55:00,254.8157,255.1929,254.7205,255.1284,18859.0
2026-04-21 14:00:00,255.0838,255.2823,254.9448,255.0242,33297.0
2026-04-21 14:05:00,254.9448,255.113,254.6668,254.6767,22026.0
2026-04-21 14:10:00,254.6767,255.044,254.6172,255.044,16478.0
2026-04-21 14:15:00,255.0291,255.2525,254.3888,254.5576,33729.0
2026-04-21 14:20:00,254.4484,254.7462,254.4386,254.6469,19198.0
2026-04-21 14:25:00,254.6122,254.7347,254.3243,254.3988,15965.0
2026-04-21 14:30:00,254.4484,255.1731,254.4484,255.1631,31771.0
2026-04-21 14:35:00,255.1731,255.2823,254.8157,254.8455,41047.0
2026-04-21 14:40:00,254.8455,254.9745,254.7214,254.9547,16606.0
2026-04-21 14:45:00,254.9349,255.044,254.8157,254.9547,36886.0
2026-04-21 14:50:00,255.0043,255.729,254.8951,255.59,29957.0
2026-04-21 14:55:00,255.59,255.6694,255.0227,255.441,37161.0
2026-04-21 15:00:00,255.3617,255.868,255.3021,255.7786,53507.0
2026-04-21 15:05:00,255.7439,255.9672,255.6496,255.6496,52103.0
2026-04-21 15:10:00,255.7191,255.8481,255.3319,255.4312,39377.0
2026-04-21 15:15:00,255.4709,255.8067,255.3617,255.8067,51721.0
2026-04-21 15:20:00,255.7637,256.1856,255.7191,256.0764,56059.0
2026-04-21 15:25:00,256.0367,256.2055,255.8034,255.9275,44036.0
2026-04-21 15:30:00,255.9226,255.9523,254.9944,255.0291,58705.0
2026-04-21 15:35:00,255.0688,255.0688,254.3392,254.5775,55623.0
2026-04-21 15:40:00,254.637,254.7462,253.7337,253.9223,82257.0
2026-04-21 15:45:00,253.9521,254.2896,253.8231,253.8925,87109.0
2026-04-21 15:50:00,253.9223,254.1506,253.3862,253.9471,119751.0
2026-04-21 15:55:00,253.9421,254.637,253.7833,253.8528,430192.0
2026-04-22 09:30:00,252.6516,255.322,252.1453,253.6344,156424.0
2026-04-22 09:35:00,253.4954,255.3418,252.9693,255.0887,111589.0
2026-04-22 09:40:00,255.0158,255.6198,254.7784,254.7784,36998.0
2026-04-22 09:45:00,254.9398,255.5081,254.4782,255.054,59315.0
2026-04-22 09:50:00,255.0961,255.4907,254.7661,255.2376,56102.0
2026-04-22 09:55:00,255.2376,255.3915,254.3591,254.4781,54087.0
2026-04-22 10:00:00,254.4782,255.6198,254.1208,255.3518,57662.0
2026-04-22 10:05:00,255.4014,255.6595,254.8455,255.2823,37631.0
2026-04-22 10:10:00,255.2177,255.3915,254.5328,254.7363,42449.0
2026-04-22 10:15:00,254.7958,254.9646,254.2002,254.3045,45190.0
2026-04-22 10:20:00,254.3491,254.3491,253.6046,254.0315,43753.0
2026-04-22 10:25:00,254.0464,254.4683,253.9024,253.9719,77131.0
2026-04-22 10:30:00,253.9521,254.0215,253.4756,253.5159,47073.0
2026-04-22 10:35:00,253.5351,253.9223,253.1996,253.8984,46551.0
2026-04-22 10:40:00,253.8925,254.3067,253.411,253.4557,52106.0
2026-04-22 10:45:00,253.4061,254.0215,253.2869,253.9818,71535.0
2026-04-22 10:50:00,254.0215,254.0215,252.8899,253.0189,71933.0
2026-04-22 10:55:00,252.9891,253.2572,252.731,253.2472,43534.0
2026-04-22 11:00:00,253.2026,253.2671,252.0554,252.1851,74284.0
2026-04-22 11:05:00,252.1453,252.3191,251.6986,251.9667,90242.0
2026-04-22 11:10:00,251.9766,252.4531,251.9468,252.3985,41494.0
2026-04-22 11:15:00,252.3985,252.4531,252.0371,252.2645,60116.0
2026-04-22 11:20:00,252.2744,252.736,252.2722,252.4928,56961.0
2026-04-22 11:25:00,252.4432,252.5176,251.8922,252.0957,49052.0
2026-04-22 11:30:00,252.0858,252.3538,251.8078,251.9121,37400.0
2026-04-22 11:35:00,251.9369,252.3042,251.7086,252.3042,30649.0
2026-04-22 11:40:00,252.3737,252.87,252.324,252.4332,36575.0
2026-04-22 11:45:00,252.4332,252.7112,252.2744,252.6996,78405.0
2026-04-22 11:50:00,252.5921,252.5921,251.7284,252.0858,89365.0
2026-04-22 11:55:00,252.0163,252.2446,251.5795,251.6589,57015.0
2026-04-22 12:00:00,251.6242,251.7284,250.8251,251.0484,101222.0
2026-04-22 12:05:00,251.0633,251.2817,250.557,251.2172,97886.0
2026-04-22 12:10:00,251.2221,251.3264,250.8846,251.1973,52498.0
2026-04-22 12:15:00,251.242,251.3115,251.0931,251.2321,47815.0
2026-04-22 12:20:00,251.2519,251.3214,250.9651,251.103,58610.0
2026-04-22 12:25:00,251.0732,251.1328,250.8747,251.0286,34409.0
2026-04-22 12:30:00,250.9839,251.1924,250.8281,250.9144,47898.0
2026-04-22 12:35:00,250.9392,251.2916,250.8618,251.2817,62278.0
2026-04-22 12:40:00,251.2569,251.3214,250.3486,250.4702,63262.0
2026-04-22 12:45:00,250.3783,250.7853,250.0607,250.7853,46092.0
2026-04-22 12:50:00,250.7556,250.8052,249.4353,249.614,134176.0
2026-04-22 12:55:00,249.5941,250.0905,249.5345,250.011,47963.0
2026-04-22 13:00:00,250.011,250.1997,249.7331,250.0855,46522.0
2026-04-22 13:05:00,250.0805,250.1302,249.4353,249.877,52627.0
2026-04-22 13:10:00,249.8621,250.1599,249.5594,249.5643,42667.0
2026-04-22 13:15:00,249.5594,249.5594,248.2837,248.5716,122438.0
2026-04-22 13:20:00,248.5816,248.8595,248.0157,248.0703,144538.0
2026-04-22 13:25:00,248.0703,248.4029,247.5591,247.8172,94117.0
2026-04-22 13:30:00,247.8172,247.8469,246.9734,247.0379,176675.0
2026-04-22 13:35:00,247.0379,247.7427,246.392,247.5541,228425.0
2026-04-22 13:40:00,247.5988,248.1746,247.3804,247.3903,225169.0
2026-04-22 13:45:00,247.3854,247.3903,246.0452,246.3877,129252.0
2026-04-22 13:50:00,246.3927,247.0975,246.348,246.8973,70995.0
2026-04-22 13:55:00,246.9629,247.1421,246.5366,247.0329,102259.0
2026-04-22 14:00:00,247.0032,247.0925,246.1197,246.2239,92045.0
2026-04-22 14:05:00,246.1991,246.2388,245.5935,245.9013,99822.0
2026-04-22 14:10:00,245.8616,245.9794,245.4049,245.8119,82160.0
2026-04-22 14:15:00,245.8318,246.7153,245.7821,246.5267,347870.0
2026-04-22 14:20:00,246.5464,247.2315,246.5167,247.1967,121226.0
2026-04-22 14:25:00,247.1967,247.8271,247.1769,247.7477,145663.0
2026-04-22 14:30:00,247.7477,248.1645,247.4797,247.8569,148106.0
2026-04-22 14:35:00,247.8569,247.8867,246.9635,247.0677,118176.0
2026-04-22 14:40:00,247.091,247.7378,246.884,247.1421,145857.0
2026-04-22 14:45:00,247.0826,247.2216,246.6558,246.9684,161961.0
2026-04-22 14:50:00,246.9734,247.2911,246.8394,247.2265,98712.0
2026-04-22 14:55:00,247.2265,247.3506,246.6458,247.0032,71369.0
2026-04-22 15:00:00,247.0032,247.301,246.7451,246.9635,132615.0
2026-04-22 15:05:00,246.9585,247.837,246.8692,247.837,94701.0
2026-04-22 15:10:00,247.842,248.2143,247.4995,247.6931,411985.0
2026-04-22 15:15:00,247.6931,248.0008,247.43,247.5293,204804.0
2026-04-22 15:20:00,247.4846,248.2143,247.3407,247.6782,283056.0
2026-04-22 15:25:00,247.6484,247.8073,247.4598,247.708,146222.0
2026-04-22 15:30:00,247.708,248.1348,247.5293,247.5343,223624.0
2026-04-22 15:35:00,247.5343,247.5343,246.9039,247.162,136760.0
2026-04-22 15:40:00,247.162,247.6782,246.9684,247.5013,155374.0
2026-04-22 15:45:00,247.5045,248.1845,247.2216,247.6038,258392.0
2026-04-22 15:50:00,247.6583,247.8867,247.3705,247.7675,298423.0
2026-04-22 15:55:00,247.7775,250.3486,247.6683,250.1599,1122093.0
2026-04-23 09:30:00,230.574,231.2093,225.7177,226.3743,1573751.0
2026-04-23 09:35:00,226.3352,226.345,222.1063,222.1063,1407540.0
2026-04-23 09:40:00,222.1063,224.2605,220.111,223.9626,1117945.0
2026-04-23 09:45:00,223.9626,226.1367,223.7224,224.8064,1085050.0
2026-04-23 09:50:00,224.8313,225.0844,221.868,223.0692,780732.0
2026-04-23 09:55:00,223.0692,224.7071,222.4835,223.3918,396398.0
2026-04-23 10:00:00,223.3918,224.0371,222.5035,223.0791,485714.0
2026-04-23 10:05:00,223.0779,223.9229,222.6424,223.8137,324977.0
2026-04-23 10:10:00,223.9229,225.8885,223.6252,225.3127,418144.0
2026-04-23 10:15:00,225.2829,226.0076,224.7568,225.3921,304307.0
2026-04-23 10:20:00,225.4021,226.7124,225.2731,226.5506,433088.0
2026-04-23 10:25:00,226.5437,227.1293,226.226,226.8911,395247.0
2026-04-23 10:30:00,226.8861,227.5959,226.6628,227.0748,371673.0
2026-04-23 10:35:00,227.0762,227.854,226.7372,227.854,262618.0
2026-04-23 10:40:00,227.8639,229.2502,227.7448,228.8666,407099.0
2026-04-23 10:45:00,228.8909,229.9089,228.7971,229.8791,374011.0
2026-04-23 10:50:00,229.899,230.028,228.0923,228.5837,281594.0
2026-04-23 10:55:00,228.5837,229.0352,227.7547,228.0575,230590.0
2026-04-23 11:00:00,228.0575,229.311,228.0129,229.0899,194206.0
2026-04-23 11:05:00,229.1241,229.7004,228.6879,229.5664,241577.0
2026-04-23 11:10:00,229.6409,230.1869,228.6681,228.7425,183620.0
2026-04-23 11:15:00,228.7425,229.6806,228.6616,229.5615,140003.0
2026-04-23 11:20:00,229.5912,229.8196,228.8195,229.7898,143009.0
2026-04-23 11:25:00,229.7848,230.5939,229.7848,230.1571,158288.0
2026-04-23 11:30:00,230.1521,230.9016,229.8394,229.9288,177549.0
2026-04-23 11:35:00,229.9288,230.5542,229.8493,230.0628,116100.0
2026-04-23 11:40:00,230.0628,230.5244,229.8891,230.1769,160468.0
2026-04-23 11:45:00,230.1769,230.1769,228.9758,229.3778,144998.0
2026-04-23 11:50:00,229.4026,229.6756,228.0228,228.1144,197243.0
2026-04-23 11:55:00,228.0526,228.3386,227.7746,228.0923,105946.0
2026-04-23 12:00:00,228.0923,228.122,226.6429,226.8762,169958.0
2026-04-23 12:05:00,226.8514,227.5264,226.1466,227.2683,163906.0
2026-04-23 12:10:00,227.2683,227.9434,226.9607,227.8739,143011.0
2026-04-23 12:15:00,227.8937,228.5588,227.854,228.3702,91339.0
2026-04-23 12:20:00,228.3702,228.4893,228.0129,228.2711,107824.0
2026-04-23 12:25:00,228.271,228.271,226.9934,227.3279,118505.0
2026-04-23 12:30:00,227.2981,227.5264,226.8564,227.1045,128110.0
2026-04-23 12:35:00,227.0996,227.1293,226.4593,226.4593,123844.0
2026-04-23 12:40:00,226.4593,226.6727,226.3402,226.6131,90040.0
2026-04-23 12:45:00,226.6231,226.9904,226.5238,226.8464,112111.0
2026-04-23 12:50:00,226.8911,227.5463,226.7869,227.3329,77357.0
2026-04-23 12:55:00,227.3477,227.5959,226.8117,227.174,120832.0
2026-04-23 13:00:00,227.174,227.2485,226.3352,226.3352,87006.0
2026-04-23 13:05:00,226.3352,226.3862,225.7297,225.7346,149301.0
2026-04-23 13:10:00,225.7346,225.8388,225.3822,225.7346,113063.0
2026-04-23 13:15:00,225.6999,226.4642,225.6999,226.2545,91451.0
2026-04-23 13:20:00,226.2061,226.494,226.087,226.1367,63262.0
2026-04-23 13:25:00,226.1664,226.6031,226.1019,226.5139,53698.0
2026-04-23 13:30:00,226.5238,227.179,226.5139,226.8712,50406.0
2026-04-23 13:35:00,226.8762,227.1393,226.2161,226.5585,69214.0
2026-04-23 13:40:00,226.5585,226.8018,226.1565,226.231,93418.0
2026-04-23 13:45:00,226.1863,226.4642,225.7397,225.7594,608978.0
2026-04-23 13:50:00,225.7842,226.9705,225.3524,226.7025,139819.0
2026-04-23 13:55:00,226.6628,227.5463,226.4742,227.4272,109050.0
2026-04-23 14:00:00,227.4569,228.4397,227.4272,228.1072,136131.0
2026-04-23 14:05:00,228.1022,228.5291,227.9136,228.2809,108220.0
2026-04-23 14:10:00,228.2841,229.2537,228.1518,229.1942,110773.0
2026-04-23 14:15:00,229.214,229.6012,228.3206,228.5588,142647.0
2026-04-23 14:20:00,228.5092,229.2933,228.5092,229.08,114345.0
2026-04-23 14:25:00,229.0353,229.3679,228.9758,229.0453,98730.0
2026-04-23 14:30:00,229.0453,229.7203,229.0453,229.5515,91723.0
2026-04-23 14:35:00,229.5515,229.7203,229.4026,229.4771,70620.0
2026-04-23 14:40:00,229.4771,229.6409,229.1892,229.353,95384.0
2026-04-23 14:45:00,229.353,229.4324,228.9064,229.1991,93224.0
2026-04-23 14:50:00,229.1942,229.6707,228.8169,229.6409,93399.0
2026-04-23 14:55:00,229.6161,229.8593,228.5787,228.9193,103174.0
2026-04-23 15:00:00,228.9212,229.6309,228.8269,229.6012,89941.0
2026-04-23 15:05:00,229.5962,230.3854,229.5515,230.2066,164718.0
2026-04-23 15:10:00,230.1968,230.5145,229.492,230.44,164480.0
2026-04-23 15:15:00,230.44,230.852,230.3358,230.569,143722.0
2026-04-23 15:20:00,230.569,230.7924,229.9585,230.2067,138686.0
2026-04-23 15:25:00,230.2216,230.8023,229.6806,230.7577,179954.0
2026-04-23 15:30:00,230.7577,231.1993,229.9585,230.2861,162072.0
2026-04-23 15:35:00,230.2663,230.2762,229.4423,229.621,194006.0
2026-04-23 15:40:00,229.6061,230.1571,229.0651,229.353,256837.0
2026-04-23 15:45:00,229.3728,230.0578,229.0601,229.7898,269331.0
2026-04-23 15:50:00,229.7898,230.3755,229.4175,230.0777,542142.0
2026-04-23 15:55:00,230.1273,230.713,229.2339,229.3232,1101546.0
2026-04-24 09:30:00,230.2365,231.1,228.5291,229.4026,283345.0
2026-04-24 09:35:00,229.4622,229.4622,225.6502,225.7396,234794.0
2026-04-24 09:40:00,225.7396,226.7769,224.3796,226.2508,253219.0
2026-04-24 09:45:00,226.2955,226.365,224.1513,224.1711,264504.0
2026-04-24 09:50:00,224.1513,225.0546,223.3571,224.7171,344421.0
2026-04-24 09:55:00,224.7221,224.8561,224.32,224.4193,158135.0
2026-04-24 10:00:00,224.4689,224.9057,224.2505,224.3697,185038.0
2026-04-24 10:05:00,224.3994,226.1068,224.1314,225.9977,173044.0
2026-04-24 10:10:00,225.9945,226.7521,225.7892,226.355,156742.0
2026-04-24 10:15:00,226.355,226.36,225.2235,225.273,155023.0
2026-04-24 10:20:00,225.273,225.551,224.598,225.0745,170269.0
2026-04-24 10:25:00,225.0745,225.1638,224.5483,224.7965,112838.0
2026-04-24 10:30:00,224.7767,226.5635,224.7767,226.2409,87927.0
2026-04-24 10:35:00,226.2409,226.9705,225.3425,226.4543,126870.0
2026-04-24 10:40:00,226.5039,226.8315,226.1873,226.7628,74559.0
2026-04-24 10:45:00,226.8018,227.2088,226.1575,226.4669,83418.0
2026-04-24 10:50:00,226.4593,226.8315,226.2657,226.772,68754.0
2026-04-24 10:55:00,226.8315,226.9307,225.4815,225.685,72731.0
2026-04-24 11:00:00,225.6899,225.7144,225.144,225.4021,85752.0
2026-04-24 11:05:00,225.4021,225.6745,225.3127,225.3525,62306.0
2026-04-24 11:10:00,225.3524,225.5807,225.2333,225.2532,117133.0
2026-04-24 11:15:00,225.2532,225.3326,224.9206,224.9305,87945.0
2026-04-24 11:20:00,224.9305,225.1638,224.7369,224.866,76118.0
2026-04-24 11:25:00,224.8759,224.9156,224.5285,224.5632,65030.0
2026-04-24 11:30:00,224.5632,224.8859,224.3597,224.5483,91033.0
2026-04-24 11:35:00,224.5384,224.7667,224.459,224.4987,209133.0
2026-04-24 11:40:00,224.469,225.0447,224.3498,224.995,134024.0
2026-04-24 11:45:00,225.0,225.268,224.598,224.6029,115644.0
2026-04-24 11:50:00,224.6079,224.6823,224.0619,224.1463,165848.0
2026-04-24 11:55:00,224.1216,224.2505,223.8534,224.0073,118150.0
2026-04-24 12:00:00,223.9974,223.9974,223.6499,223.8336,90328.0
2026-04-24 12:05:00,223.8634,224.0818,223.7244,223.8237,76978.0
2026-04-24 12:10:00,223.7939,224.052,223.5358,223.5457,95078.0
2026-04-24 12:15:00,223.5358,223.8236,223.5259,223.6251,91023.0
2026-04-24 12:20:00,223.6251,223.7145,223.506,223.5953,78614.0
2026-04-24 12:25:00,223.6152,223.8336,223.5656,223.7988,56382.0
2026-04-24 12:30:00,223.7741,223.8155,223.4266,223.5953,98364.0
2026-04-24 12:35:00,223.5756,223.8931,223.4663,223.8038,82053.0
2026-04-24 12:40:00,223.7939,224.191,223.7045,224.0867,107943.0
2026-04-24 12:45:00,224.0917,224.588,224.0718,224.4317,88698.0
2026-04-24 12:50:00,224.4292,225.0631,224.4292,224.8164,92215.0
2026-04-24 12:55:00,224.8958,225.0148,224.6675,224.866,69199.0
2026-04-24 13:00:00,224.8561,224.8958,224.469,224.593,93143.0
2026-04-24 13:05:00,224.593,224.7397,224.4292,224.6178,61485.0
2026-04-24 13:10:00,224.6178,224.9355,224.3597,224.6178,83649.0
2026-04-24 13:15:00,224.6426,225.0447,224.5493,224.9416,70040.0
2026-04-24 13:20:00,224.9747,225.6204,224.7742,225.4169,112705.0
2026-04-24 13:25:00,225.3822,225.7594,225.2631,225.5609,75476.0
2026-04-24 13:30:00,225.541,226.5238,225.5212,226.5238,77206.0
2026-04-24 13:35:00,226.5088,227.0847,226.5088,226.9904,71419.0
2026-04-24 13:40:00,226.9606,227.0599,226.7769,226.9507,56879.0
2026-04-24 13:45:00,227.0102,227.4768,226.9308,227.3379,85598.0
2026-04-24 13:50:00,227.3676,227.7348,227.3378,227.5184,95079.0
2026-04-24 13:55:00,227.5165,227.5264,227.0102,227.035,82868.0
2026-04-24 14:00:00,227.0251,227.4569,226.8018,227.447,63099.0
2026-04-24 14:05:00,227.4569,228.0823,227.4172,227.9384,77969.0
2026-04-24 14:10:00,227.9632,228.1022,227.6853,227.8441,74351.0
2026-04-24 14:15:00,227.8838,228.0923,227.7449,228.0724,71279.0
2026-04-24 14:20:00,228.0724,228.2114,227.9632,228.0923,64161.0
2026-04-24 14:25:00,228.112,228.5181,228.0823,228.4993,65021.0
2026-04-24 14:30:00,228.4993,228.8864,228.2809,228.8864,59862.0
2026-04-24 14:35:00,228.8964,228.9063,228.668,228.807,48853.0
2026-04-24 14:40:00,228.8566,228.946,228.539,228.6035,100867.0
2026-04-24 14:45:00,228.5787,228.8844,228.5092,228.5886,76898.0
2026-04-24 14:50:00,228.5589,228.7772,228.5588,228.6283,44918.0
2026-04-24 14:55:00,228.6283,229.0353,228.6085,229.0055,64453.0
2026-04-24 15:00:00,228.9759,229.353,228.8864,229.214,96108.0
2026-04-24 15:05:00,229.214,229.2834,228.9758,229.2339,67150.0
2026-04-24 15:10:00,229.2519,229.5505,229.1862,229.3927,91018.0
2026-04-24 15:15:00,229.3927,229.8096,229.3829,229.5267,91256.0
2026-04-24 15:20:00,229.5218,229.7104,229.3331,229.4523,83190.0
2026-04-24 15:25:00,229.4523,229.482,229.0304,229.1743,101455.0
2026-04-24 15:30:00,229.1942,229.2736,228.8368,228.9385,101451.0
2026-04-24 15:35:00,228.941,228.946,228.6383,228.6829,107613.0
2026-04-24 15:40:00,228.6829,229.214,228.6283,229.1842,134757.0
2026-04-24 15:45:00,229.1743,229.2041,228.8566,229.1098,123285.0
2026-04-24 15:50:00,229.1147,229.9089,228.9907,229.899,234286.0
2026-04-24 15:55:00,229.899,230.6832,229.8493,229.9188,497726.0
2026-04-27 09:30:00,228.271,229.6309,225.9878,226.0374,307732.0
2026-04-27 09:35:00,226.0374,227.174,225.7545,227.1293,183823.0
2026-04-27 09:40:00,227.1275,228.0871,226.9879,227.8888,123289.0
2026-04-27 09:45:00,227.8888,228.2808,226.3949,227.2038,127180.0
2026-04-27 09:50:00,227.2038,228.5092,227.0797,228.2809,127567.0
2026-04-27 09:55:00,228.2114,228.3206,227.0003,227.0102,102560.0
2026-04-27 10:00:00,227.0003,227.576,226.6826,227.4718,93976.0
2026-04-27 10:05:00,227.4718,227.7349,226.8911,227.1889,511388.0
2026-04-27 10:10:00,227.1393,227.2882,226.5536,226.901,99703.0
2026-04-27 10:15:00,226.901,227.3477,226.4941,226.638,85663.0
2026-04-27 10:20:00,226.5978,226.8613,226.1168,226.7968,96698.0
2026-04-27 10:25:00,226.8018,228.2113,226.8018,228.1568,76656.0
2026-04-27 10:30:00,228.1568,228.534,227.7746,228.0327,88316.0
2026-04-27 10:35:00,228.0724,228.539,227.6009,227.6009,53018.0
2026-04-27 10:40:00,227.6009,227.6649,226.9308,227.2485,63016.0
2026-04-27 10:45:00,227.2286,227.442,226.9804,227.1591,33063.0
2026-04-27 10:50:00,227.1591,227.1889,226.8315,227.1145,39125.0
2026-04-27 10:55:00,227.1145,227.3279,226.911,227.308,46640.0
2026-04-27 11:00:00,227.318,227.4172,226.7323,226.7323,57376.0
2026-04-27 11:05:00,226.8315,226.8613,226.5039,226.7124,55952.0
2026-04-27 11:10:00,226.7621,226.8216,226.4444,226.6628,32506.0
2026-04-27 11:15:00,226.6529,226.8215,226.1565,226.3104,73024.0
2026-04-27 11:20:00,226.2806,227.2385,226.2409,227.2385,43846.0
2026-04-27 11:25:00,227.2088,227.5066,227.0648,227.2286,59481.0
2026-04-27 11:30:00,227.2683,227.2981,226.7571,226.7571,31670.0
2026-04-27 11:35:00,226.7571,226.7645,226.4907,226.5238,33397.0
2026-04-27 11:40:00,226.5344,226.5834,226.1466,226.3799,75453.0
2026-04-27 11:45:00,226.3799,226.7025,226.3452,226.4047,39100.0
2026-04-27 11:50:00,226.3848,226.5139,226.226,226.3283,44892.0
2026-04-27 11:55:00,226.3352,226.5039,226.2359,226.36,26321.0
2026-04-27 12:00:00,226.36,226.7422,226.2359,226.7323,90841.0
2026-04-27 12:05:00,226.7521,226.7819,226.5734,226.7025,29678.0
2026-04-27 12:10:00,226.7273,226.7621,226.5734,226.6926,23969.0
2026-04-27 12:15:00,226.6429,226.9656,226.4891,226.7014,40174.0
2026-04-27 12:20:00,226.6727,226.7124,226.2558,226.3749,38437.0
2026-04-27 12:25:00,226.3799,226.4145,225.9977,226.1813,70109.0
2026-04-27 12:30:00,226.1863,226.1962,225.8091,225.8686,62056.0
2026-04-27 12:35:00,225.8637,226.1167,225.8587,226.1167,28649.0
2026-04-27 12:40:00,226.1168,226.1168,225.7694,225.8382,34521.0
2026-04-27 12:45:00,225.8289,225.8388,225.6006,225.6651,47443.0
2026-04-27 12:50:00,225.6651,225.8587,225.5212,225.8388,38981.0
2026-04-27 12:55:00,225.8388,225.9977,225.7296,225.958,35635.0
2026-04-27 13:00:00,225.9679,226.2012,225.958,226.1317,33168.0
2026-04-27 13:05:00,226.1317,226.226,225.958,226.1293,34211.0
2026-04-27 13:10:00,226.1069,226.4742,226.0572,226.4245,48287.0
2026-04-27 13:15:00,226.4245,226.7819,226.4245,226.6826,28736.0
2026-04-27 13:20:00,226.6876,226.8117,226.4444,226.7869,46674.0
2026-04-27 13:25:00,226.7967,226.9704,226.7621,226.9209,35652.0
2026-04-27 13:30:00,226.9407,227.0102,226.8415,226.8613,35643.0
2026-04-27 13:35:00,226.8613,226.9507,226.6231,226.6231,39782.0
2026-04-27 13:40:00,226.6131,226.9606,226.4444,226.7075,63146.0
2026-04-27 13:45:00,226.7075,226.8117,226.633,226.7372,41720.0
2026-04-27 13:50:00,226.6926,226.8663,226.6529,226.6727,28618.0
2026-04-27 13:55:00,226.6529,226.8812,226.5536,226.8664,34451.0
2026-04-27 14:00:00,226.8663,226.911,226.6926,226.8216,30590.0
2026-04-27 14:05:00,226.867,227.0301,226.8216,226.9854,46878.0
2026-04-27 14:10:00,226.9904,227.1691,226.8315,227.1095,58695.0
2026-04-27 14:15:00,227.0996,227.1244,226.9209,226.9209,27624.0
2026-04-27 14:20:00,226.9209,226.9308,226.6231,226.6529,51607.0
2026-04-27 14:25:00,226.6578,226.7621,226.4841,226.7621,47553.0
2026-04-27 14:30:00,226.7323,226.7521,226.5039,226.6653,30190.0
2026-04-27 14:35:00,226.6529,226.6529,226.0771,226.1118,65424.0
2026-04-27 14:40:00,226.0672,226.226,225.9381,225.948,73625.0
2026-04-27 14:45:00,225.958,225.9729,225.7296,225.8786,78122.0
2026-04-27 14:50:00,225.8786,225.9778,225.8388,225.8885,50229.0
2026-04-27 14:55:00,225.9083,225.9927,225.8025,225.8686,53019.0
2026-04-27 15:00:00,225.8686,225.9381,225.6006,225.6006,60533.0
2026-04-27 15:05:00,225.6006,225.7594,225.4616,225.6403,271631.0
2026-04-27 15:10:00,225.6105,225.7197,225.541,225.5907,48025.0
2026-04-27 15:15:00,225.5857,225.9431,225.5857,225.9183,58664.0
2026-04-27 15:20:00,225.948,226.1863,225.7743,226.1664,61671.0
2026-04-27 15:25:00,226.1764,226.5983,226.0473,226.5337,89755.0
2026-04-27 15:30:00,226.5238,226.5238,226.2558,226.3848,67854.0
2026-04-27 15:35:00,226.3997,226.4543,226.1267,226.2161,60185.0
2026-04-27 15:40:00,226.221,226.3848,226.1267,226.2161,79610.0
2026-04-27 15:45:00,226.2061,226.3451,226.0374,226.3203,119567.0
2026-04-27 15:50:00,226.3352,226.9606,226.1962,226.7422,168009.0
2026-04-27 15:55:00,226.7621,226.9507,226.2359,226.3451,497004.0
2026-04-28 09:30:00,228.8169,229.5813,227.6356,227.715,252981.0
2026-04-28 09:35:00,227.715,227.8142,226.7918,226.9953,86313.0
2026-04-28 09:40:00,226.9953,227.8739,226.9804,227.6555,62380.0
2026-04-28 09:45:00,227.7051,229.204,227.6654,228.6978,124635.0
2026-04-28 09:50:00,228.7177,229.1842,228.4993,228.4993,75177.0
2026-04-28 09:55:00,228.5291,229.0155,228.4496,228.4993,60208.0
2026-04-28 10:00:00,228.4993,229.2735,228.3283,229.075,56917.0
2026-04-28 10:05:00,229.0651,229.6309,228.9162,229.482,78632.0
2026-04-28 10:10:00,229.482,230.1472,229.4026,229.9883,83148.0
2026-04-28 10:15:00,229.9883,230.4747,229.9486,230.3109,122849.0
2026-04-28 10:20:00,230.301,230.6931,230.2712,230.6931,102148.0
2026-04-28 10:25:00,230.7031,230.9512,230.167,230.2266,64671.0
2026-04-28 10:30:00,230.2266,230.5641,229.899,230.0578,42252.0
2026-04-28 10:35:00,230.0975,230.6435,229.6508,229.9089,51419.0
2026-04-28 10:40:00,229.9089,230.1819,229.5813,229.7699,48722.0
2026-04-28 10:45:00,229.899,230.2166,229.6111,229.8444,40995.0
2026-04-28 10:50:00,229.8493,230.2762,229.7401,229.9337,40949.0
2026-04-28 10:55:00,229.9288,230.0528,229.4423,229.492,36747.0
2026-04-28 11:00:00,229.5019,230.0757,229.5019,229.8991,38944.0
2026-04-28 11:05:00,230.0032,230.1967,229.5813,229.8791,204173.0
2026-04-28 11:10:00,229.823,230.038,229.2637,229.8096,36549.0
2026-04-28 11:15:00,229.8642,229.9157,229.4623,229.7253,20753.0
2026-04-28 11:20:00,229.7997,229.8883,229.5317,229.8883,22943.0
2026-04-28 11:25:00,229.8295,230.3059,229.7153,230.1124,34783.0
2026-04-28 11:30:00,230.0777,230.5194,229.9883,230.172,30580.0
2026-04-28 11:35:00,230.1769,230.4102,230.0976,230.2077,28500.0
2026-04-28 11:40:00,230.2166,230.2663,229.7898,229.8593,24304.0
2026-04-28 11:45:00,229.8296,229.9585,229.6955,229.7203,20441.0
2026-04-28 11:50:00,229.7253,229.8492,229.6012,229.8492,19212.0
2026-04-28 11:55:00,229.8493,229.8493,229.3063,229.5317,30705.0
2026-04-28 12:00:00,229.5813,229.7401,229.487,229.5242,27060.0
2026-04-28 12:05:00,229.5267,229.9089,229.5118,229.8096,23663.0
2026-04-28 12:10:00,229.8394,230.028,229.7104,229.8096,36489.0
2026-04-28 12:15:00,229.8493,229.8493,229.5615,229.6508,23237.0
2026-04-28 12:20:00,229.6409,229.8095,229.5318,229.765,20136.0
2026-04-28 12:25:00,229.765,229.845,229.6806,229.76,17084.0
2026-04-28 12:30:00,229.7501,230.2752,229.6905,230.1571,61182.0
2026-04-28 12:35:00,230.1571,230.7328,230.0876,230.6882,56232.0
2026-04-28 12:40:00,230.6882,230.6882,230.3854,230.4251,39486.0
2026-04-28 12:45:00,230.3259,230.6434,230.3259,230.5839,28308.0
2026-04-28 12:50:00,230.5939,230.9761,230.5343,230.7527,49482.0
2026-04-28 12:55:00,230.7328,230.9016,230.6236,230.8321,24791.0
2026-04-28 13:00:00,230.7726,230.9016,230.5542,230.5641,25328.0
2026-04-28 13:05:00,230.5698,230.7378,230.5442,230.5939,23107.0
2026-04-28 13:10:00,230.5641,231.0206,230.5045,230.6733,42768.0
2026-04-28 13:15:00,230.6832,230.8817,230.5343,230.6435,50619.0
2026-04-28 13:20:00,230.6634,230.8023,230.5442,230.6385,27112.0
2026-04-28 13:25:00,230.61,231.0207,230.6038,230.9909,30234.0
2026-04-28 13:30:00,231.0058,231.0058,230.4053,230.4053,51141.0
2026-04-28 13:35:00,230.445,230.6434,230.0082,230.0392,43075.0
2026-04-28 13:40:00,230.0479,230.3556,230.0181,230.1472,20697.0
2026-04-28 13:45:00,230.1472,230.2563,230.028,230.0975,31472.0
2026-04-28 13:50:00,230.0578,230.1273,229.8593,229.8593,38683.0
2026-04-28 13:55:00,229.8196,229.9486,229.7302,229.8493,30749.0
2026-04-28 14:00:00,229.8345,230.1223,229.8196,229.9089,25035.0
2026-04-28 14:05:00,229.8493,229.9585,229.4969,229.8742,76084.0
2026-04-28 14:10:00,229.8593,230.0181,229.6409,229.7203,30799.0
2026-04-28 14:15:00,229.7302,230.0231,229.6309,229.9685,31353.0
2026-04-28 14:20:00,229.9585,230.2762,229.899,230.1372,22514.0
2026-04-28 14:25:00,230.1372,230.6593,230.1025,230.6485,35866.0
2026-04-28 14:30:00,230.6485,230.7726,230.5442,230.7626,50449.0
2026-04-28 14:35:00,230.7328,230.9016,230.5045,230.5045,33360.0
2026-04-28 14:40:00,230.445,230.7031,230.445,230.574,43116.0
2026-04-28 14:45:00,230.574,230.6534,230.3854,230.5343,30200.0
2026-04-28 14:50:00,230.5641,230.9959,230.5641,230.842,46093.0
2026-04-28 14:55:00,230.8371,230.8768,230.6138,230.8371,29553.0
2026-04-28 15:00:00,230.7825,230.7825,230.306,230.5343,74049.0
2026-04-28 15:05:00,230.5244,230.8569,230.4847,230.7229,24279.0
2026-04-28 15:10:00,230.7229,230.9016,230.6336,230.713,32036.0
2026-04-28 15:15:00,230.6733,231.1498,230.6634,231.1498,59393.0
2026-04-28 15:20:00,231.1448,231.1796,230.9512,231.072,36034.0
2026-04-28 15:25:00,231.1001,231.5667,231.0406,231.5617,84680.0
2026-04-28 15:30:00,231.5617,231.6144,230.9811,231.3471,68342.0
2026-04-28 15:35:00,231.2888,231.4327,231.1399,231.3061,55964.0
2026-04-28 15:40:00,231.2763,231.6759,231.2763,231.5284,73669.0
2026-04-28 15:45:00,231.5121,231.8496,231.4972,231.5866,110113.0
2026-04-28 15:50:00,231.6163,231.6908,231.1944,231.5071,164069.0
2026-04-28 15:55:00,231.4674,231.7851,231.1498,231.2987,338605.0
2026-04-29 09:30:00,228.6581,229.7898,227.7746,228.1419,158093.0
2026-04-29 09:35:00,228.1022,228.4383,226.8315,227.8491,69797.0
2026-04-29 09:40:00,227.8423,228.7673,227.4669,228.3702,52074.0
2026-04-29 09:45:00,228.4496,228.9759,228.1915,228.9162,76844.0
2026-04-29 09:50:00,228.9907,229.1644,228.4099,228.9261,31751.0
2026-04-29 09:55:00,228.9261,229.1445,228.7128,228.7499,26355.0
2026-04-29 10:00:00,228.7574,228.936,228.5241,228.7723,35929.0
2026-04-29 10:05:00,228.5886,228.8219,228.2312,228.3702,32624.0
2026-04-29 10:10:00,228.2312,228.4794,227.9037,227.9037,26973.0
2026-04-29 10:15:00,227.8639,228.3206,227.7349,227.9583,39060.0
2026-04-29 10:20:00,227.9583,228.2213,227.5165,227.7647,32412.0
2026-04-29 10:25:00,227.7696,227.9533,227.3775,227.7845,35205.0
2026-04-29 10:30:00,227.7913,227.7913,226.9755,227.1393,93420.0
2026-04-29 10:35:00,227.1641,227.2485,226.8514,227.0599,41489.0
2026-04-29 10:40:00,227.0549,227.9831,227.04,227.9831,41914.0
2026-04-29 10:45:00,227.9632,228.0129,227.3974,227.6753,37428.0
2026-04-29 10:50:00,227.7448,228.3702,227.5959,228.2759,36240.0
2026-04-29 10:55:00,228.2809,228.5191,228.2461,228.3355,28646.0
2026-04-29 11:00:00,228.3355,229.1545,228.3206,229.1048,33779.0
2026-04-29 11:05:00,229.1247,229.3034,228.827,229.0204,32801.0
2026-04-29 11:10:00,229.0204,229.1048,228.5985,228.6879,38233.0
2026-04-29 11:15:00,228.6383,228.9657,228.5787,228.8418,27291.0
2026-04-29 11:20:00,228.8964,229.0155,228.7191,228.8715,22723.0
2026-04-29 11:25:00,228.8964,228.9222,228.6606,228.8467,31071.0
2026-04-29 11:30:00,228.8467,228.8765,228.3206,228.4596,39932.0
2026-04-29 11:35:00,228.4893,228.5489,228.3007,228.3504,39662.0
2026-04-29 11:40:00,228.3504,228.6383,228.2511,228.6283,31404.0
2026-04-29 11:45:00,228.6184,228.8398,228.6184,228.7425,30198.0
2026-04-29 11:50:00,228.7425,228.8765,227.8838,228.0029,49341.0
2026-04-29 11:55:00,227.9434,228.2411,227.7647,227.9831,54052.0
2026-04-29 12:00:00,227.9853,228.2511,227.6257,227.7498,63519.0
2026-04-29 12:05:00,227.7349,227.8937,227.4272,227.5562,47019.0
2026-04-29 12:10:00,227.5264,227.8044,227.4371,227.7597,40445.0
2026-04-29 12:15:00,227.7597,227.9235,227.5364,227.5711,29177.0
2026-04-29 12:20:00,227.5959,227.6158,227.3477,227.4818,25991.0
2026-04-29 12:25:00,227.4966,227.5741,227.4272,227.4321,25970.0
2026-04-29 12:30:00,227.4073,227.5761,227.2882,227.4172,37480.0
2026-04-29 12:35:00,227.4073,228.0724,227.3875,227.988,35335.0
2026-04-29 12:40:00,228.0327,228.2164,227.9434,228.1618,28108.0
2026-04-29 12:45:00,228.1618,228.2311,227.9334,228.1965,21887.0
2026-04-29 12:50:00,228.1965,228.261,227.988,228.1915,21739.0
2026-04-29 12:55:00,228.1915,228.1915,227.854,228.0178,24793.0
2026-04-29 13:00:00,228.0228,228.2312,227.7945,227.8888,38293.0
2026-04-29 13:05:00,227.8838,227.9731,227.7448,227.8441,26210.0
2026-04-29 13:10:00,227.8441,227.998,227.715,227.993,22090.0
2026-04-29 13:15:00,227.993,228.1419,227.8838,228.0526,18877.0
2026-04-29 13:20:00,228.0823,228.1915,227.9632,227.9632,22013.0
2026-04-29 13:25:00,227.9583,228.539,227.9235,228.4546,38967.0
2026-04-29 13:30:00,228.4993,228.7375,228.1915,228.2958,41732.0
2026-04-29 13:35:00,228.2958,228.4496,228.0327,228.0327,49092.0
2026-04-29 13:40:00,228.0228,228.1121,227.7945,228.1072,27400.0
2026-04-29 13:45:00,228.0972,228.0972,227.7547,227.8838,53481.0
2026-04-29 13:50:00,227.8838,227.993,227.4371,227.452,44003.0
2026-04-29 13:55:00,227.4521,227.5086,226.9507,227.4371,68147.0
2026-04-29 14:00:00,227.4371,227.5165,226.7067,226.8166,61929.0
2026-04-29 14:05:00,226.8415,226.9704,226.5337,226.6529,62775.0
2026-04-29 14:10:00,226.6826,226.6826,226.2458,226.3253,87632.0
2026-04-29 14:15:00,226.2856,226.7869,226.2558,226.7869,75503.0
2026-04-29 14:20:00,226.8514,227.0002,226.8216,226.9606,31376.0
2026-04-29 14:25:00,226.9705,227.0996,226.8415,227.0748,30912.0
2026-04-29 14:30:00,227.0748,227.1492,226.4345,226.4494,95493.0
2026-04-29 14:35:00,226.4494,226.7025,225.9679,226.2409,111959.0
2026-04-29 14:40:00,226.2409,226.365,225.958,225.9977,73177.0
2026-04-29 14:45:00,225.9679,226.3377,225.8388,226.2458,61926.0
2026-04-29 14:50:00,226.226,226.365,225.958,226.0771,45809.0
2026-04-29 14:55:00,226.0672,226.3253,225.948,226.2954,50395.0
2026-04-29 15:00:00,226.2756,226.355,226.1565,226.2657,56473.0
2026-04-29 15:05:00,226.2756,226.4096,226.1664,226.2905,71584.0
2026-04-29 15:10:00,226.2905,226.4146,226.2111,226.2607,81527.0
2026-04-29 15:15:00,226.2657,226.6529,226.1367,226.628,109140.0
2026-04-29 15:20:00,226.628,227.1095,226.628,226.8514,74672.0
2026-04-29 15:25:00,226.8315,226.8712,226.2359,226.7621,98444.0
2026-04-29 15:30:00,226.7621,226.7621,226.0672,226.221,87360.0
2026-04-29 15:35:00,226.2161,226.5139,226.1367,226.4345,70282.0
2026-04-29 15:40:00,226.4146,226.4146,225.9282,225.958,101873.0
2026-04-29 15:45:00,225.9778,226.0374,225.2035,225.6204,269693.0
2026-04-29 15:50:00,225.6204,225.9381,225.3425,225.4815,309027.0
2026-04-29 15:55:00,225.4765,225.551,225.1638,225.3921,648219.0
2026-04-30 09:30:00,224.8759,225.1936,223.2578,223.5358,245572.0
2026-04-30 09:35:00,223.4861,225.4417,223.3968,224.8859,113332.0
2026-04-30 09:40:00,224.9804,225.9877,224.6218,225.7197,69240.0
2026-04-30 09:45:00,225.6602,225.8091,224.6178,224.6278,53236.0
2026-04-30 09:50:00,224.6575,224.6575,224.1612,224.2406,66162.0
2026-04-30 09:55:00,224.2406,225.0745,224.0819,224.5533,63030.0
2026-04-30 10:00:00,224.5533,225.1042,224.3498,224.5285,60352.0
2026-04-30 10:05:00,224.5285,225.139,224.2505,225.0129,78249.0
2026-04-30 10:10:00,224.871,225.1142,224.3498,224.4689,90631.0
2026-04-30 10:15:00,224.3598,225.0695,224.3597,225.0352,55745.0
2026-04-30 10:20:00,225.0248,225.3453,224.866,225.0794,48985.0
2026-04-30 10:25:00,225.0745,226.3253,225.0348,226.2856,59512.0
2026-04-30 10:30:00,226.2458,226.5733,225.7396,226.0225,60612.0
2026-04-30 10:35:00,226.0771,226.1863,225.5907,226.1466,36265.0
2026-04-30 10:40:00,226.2161,226.6727,226.087,226.3848,43418.0
2026-04-30 10:45:00,226.3749,226.8315,226.3749,226.7273,52740.0
2026-04-30 10:50:00,226.7025,227.1442,226.6727,227.0094,45966.0
2026-04-30 10:55:00,227.04,227.3071,226.7621,227.0301,39706.0
2026-04-30 11:00:00,227.0301,227.2931,226.9308,227.0003,34815.0
2026-04-30 11:05:00,227.0102,227.5165,226.8117,227.3974,49621.0
2026-04-30 11:10:00,227.3676,227.3974,227.0499,227.0499,41204.0
2026-04-30 11:15:00,226.9953,227.318,226.9507,227.2385,37659.0
2026-04-30 11:20:00,227.2336,227.4867,227.0698,227.2068,35847.0
2026-04-30 11:25:00,227.2634,228.0029,227.2286,228.0029,51539.0
2026-04-30 11:30:00,227.9533,228.0128,227.5761,227.715,41350.0
2026-04-30 11:35:00,227.6853,227.8739,227.5959,227.7299,31008.0
2026-04-30 11:40:00,227.7299,228.4596,227.6556,228.3801,63385.0
2026-04-30 11:45:00,228.3603,228.8791,228.3603,228.7674,46077.0
2026-04-30 11:50:00,228.8269,229.1693,228.7375,229.1693,58695.0
2026-04-30 11:55:00,229.1842,229.2735,228.7872,228.9261,44487.0
2026-04-30 12:00:00,228.8765,229.0155,228.4397,228.8566,46400.0
2026-04-30 12:05:00,228.8864,229.0254,228.4993,228.6283,38282.0
2026-04-30 12:10:00,228.6283,228.807,228.2412,228.3124,27329.0
2026-04-30 12:15:00,228.2556,228.3205,227.993,228.0327,24451.0
2026-04-30 12:20:00,228.0228,228.1419,227.8838,228.0823,25606.0
2026-04-30 12:25:00,228.1187,228.2107,227.9136,228.0625,36900.0
2026-04-30 12:30:00,228.122,228.2412,227.8639,227.8838,21927.0
2026-04-30 12:35:00,227.8639,227.9831,227.7845,227.8044,29110.0
2026-04-30 12:40:00,227.8143,227.9037,227.7547,227.7845,26779.0
2026-04-30 12:45:00,227.7448,228.122,227.6555,228.0526,39822.0
2026-04-30 12:50:00,228.0426,228.1219,227.7498,227.9136,31933.0
2026-04-30 12:55:00,227.8342,227.9632,227.6953,227.7349,34578.0
2026-04-30 13:00:00,227.7349,227.8937,227.5761,227.6714,26261.0
2026-04-30 13:05:00,227.6604,227.8143,227.4867,227.6654,24956.0
2026-04-30 13:10:00,227.6555,227.9333,227.5761,227.8045,38763.0
2026-04-30 13:15:00,227.8143,228.2114,227.8143,228.1122,29366.0
2026-04-30 13:20:00,228.1369,228.1816,227.715,228.0526,43218.0
2026-04-30 13:25:00,228.0129,228.122,227.8143,228.0724,24591.0
2026-04-30 13:30:00,227.9741,228.3007,227.9741,228.0823,38092.0
2026-04-30 13:35:00,228.0526,228.261,228.0228,228.122,27193.0
2026-04-30 13:40:00,228.122,228.3007,228.122,228.2759,28714.0
2026-04-30 13:45:00,228.2518,228.4546,228.2213,228.4546,41506.0
2026-04-30 13:50:00,228.4298,228.5787,228.3206,228.5489,30628.0
2026-04-30 13:55:00,228.539,228.6978,228.4993,228.668,33397.0
2026-04-30 14:00:00,228.6482,229.1743,228.6482,229.085,46546.0
2026-04-30 14:05:00,229.075,229.3728,229.0055,229.3679,56370.0
2026-04-30 14:10:00,229.3679,229.7004,229.3331,229.5267,47132.0
2026-04-30 14:15:00,229.5317,229.626,229.1247,229.214,37530.0
2026-04-30 14:20:00,229.2339,229.4601,229.2041,229.3133,31906.0
2026-04-30 14:25:00,229.3282,229.4969,229.2736,229.4423,30097.0
2026-04-30 14:30:00,229.4721,229.5912,229.3133,229.3778,33237.0
2026-04-30 14:35:00,229.3629,229.4126,229.0651,229.348,54873.0
2026-04-30 14:40:00,229.348,229.5665,225.1637,229.5665,46397.0
2026-04-30 14:45:00,229.5811,229.6508,229.4523,229.6508,28610.0
2026-04-30 14:50:00,229.6558,229.9089,229.5615,229.8345,48158.0
2026-04-30 14:55:00,229.8345,229.8345,229.6309,229.6607,38134.0
2026-04-30 15:00:00,229.6607,229.8444,229.6607,229.8295,53521.0
2026-04-30 15:05:00,229.8394,229.8543,229.4721,229.487,56639.0
2026-04-30 15:10:00,229.482,229.7004,229.2339,229.5615,57302.0
2026-04-30 15:15:00,229.5515,229.6012,229.3629,229.3629,39499.0
2026-04-30 15:20:00,229.353,229.3778,229.2438,229.3331,39907.0
2026-04-30 15:25:00,229.3232,229.492,229.1445,229.1445,52317.0
2026-04-30 15:30:00,229.1445,229.1842,228.7276,228.7524,69473.0
2026-04-30 15:35:00,228.7574,229.0055,228.7574,228.9857,47009.0
2026-04-30 15:40:00,228.9857,229.0155,228.7872,228.9956,55460.0
2026-04-30 15:45:00,228.9857,229.0749,228.7177,228.9559,72385.0
2026-04-30 15:50:00,228.9559,229.1594,228.5837,229.1545,210055.0
2026-04-30 15:55:00,229.1147,229.5813,228.9857,229.2835,409081.0
