datetime,open,high,low,close,volume
2026-03-02 09:30:00,293.3208,294.2163,291.7289,293.3009,415629.0
2026-03-02 09:35:00,293.4203,295.0519,292.7039,293.873,190439.0
2026-03-02 09:40:00,293.8855,295.9972,293.7785,295.8181,131601.0
2026-03-02 09:45:00,295.7087,296.1166,294.2561,294.6093,117546.0
2026-03-02 09:50:00,294.5147,295.1913,293.8879,294.2362,117982.0
2026-03-02 09:55:00,294.2362,295.1217,293.5099,294.9227,128708.0
2026-03-02 10:00:00,294.9227,296.425,294.4551,296.2758,163819.0
2026-03-02 10:05:00,296.3256,296.7932,295.1316,295.5943,138950.0
2026-03-02 10:10:00,295.5943,296.3156,295.4003,296.1664,86548.0
2026-03-02 10:15:00,296.3156,297.1613,296.1465,296.3554,108193.0
2026-03-02 10:20:00,296.3504,297.022,295.5097,295.5793,104380.0
2026-03-02 10:25:00,295.6987,296.5443,295.4997,295.5793,85761.0
2026-03-02 10:30:00,295.5196,295.848,294.8331,295.0271,133513.0
2026-03-02 10:35:00,294.9625,295.45,294.4252,295.1615,83233.0
2026-03-02 10:40:00,295.1217,295.45,294.5943,295.4003,63519.0
2026-03-02 10:45:00,295.45,295.45,294.7535,295.251,65179.0
2026-03-02 10:50:00,295.1316,295.8181,294.8232,295.6865,65555.0
2026-03-02 10:55:00,295.7037,296.4151,295.4401,296.1266,52354.0
2026-03-02 11:00:00,296.0271,297.3937,295.9972,297.1912,70537.0
2026-03-02 11:05:00,297.2359,297.4996,297.1031,297.3902,97103.0
2026-03-02 11:10:00,297.4697,297.6986,296.8529,296.9225,64413.0
2026-03-02 11:15:00,296.9374,297.3802,296.8728,297.115,105512.0
2026-03-02 11:20:00,297.0917,297.3703,296.7534,296.9723,50849.0
2026-03-02 11:25:00,297.0419,297.1315,295.7485,295.7982,82704.0
2026-03-02 11:30:00,295.8878,296.2211,295.6888,296.1166,76281.0
2026-03-02 11:35:00,296.1514,296.634,295.8679,296.5793,62130.0
2026-03-02 11:40:00,296.5892,297.2857,296.5643,297.1265,76532.0
2026-03-02 11:45:00,297.1365,297.3901,296.8131,297.2608,56810.0
2026-03-02 11:50:00,297.2708,297.2708,296.5245,296.5743,74592.0
2026-03-02 11:55:00,296.5743,296.8728,296.2758,296.4847,92129.0
2026-03-02 12:00:00,296.624,296.8827,296.3554,296.7434,62882.0
2026-03-02 12:05:00,296.7434,297.1713,296.634,296.9872,65019.0
2026-03-02 12:10:00,296.9325,298.1861,296.853,297.9523,79962.0
2026-03-02 12:15:00,297.9672,298.3949,297.8777,298.3851,51399.0
2026-03-02 12:20:00,298.3851,298.4646,297.9473,298.0568,40444.0
2026-03-02 12:25:00,298.007,298.007,297.0321,297.1165,60867.0
2026-03-02 12:30:00,297.1464,297.3883,296.9225,297.0966,59894.0
2026-03-02 12:35:00,297.0868,297.6986,296.9922,297.5693,75467.0
2026-03-02 12:40:00,297.6687,297.9722,297.3802,297.7284,44273.0
2026-03-02 12:45:00,297.7011,297.9274,297.5991,297.7235,47884.0
2026-03-02 12:50:00,297.6886,297.9175,297.5493,297.7881,46714.0
2026-03-02 12:55:00,297.7782,297.7881,297.1613,297.3647,42354.0
2026-03-02 13:00:00,297.3802,297.8972,297.3802,297.7755,35451.0
2026-03-02 13:05:00,297.8478,297.9473,297.5478,297.8727,41117.0
2026-03-02 13:10:00,297.8777,298.3851,297.813,297.8876,65153.0
2026-03-02 13:15:00,297.8876,297.9573,297.4896,297.5692,35044.0
2026-03-02 13:20:00,297.5245,297.7384,297.3404,297.3901,34018.0
2026-03-02 13:25:00,297.3703,297.7054,297.2907,297.5095,36106.0
2026-03-02 13:30:00,297.5493,297.7085,297.3802,297.5717,44898.0
2026-03-02 13:35:00,297.4797,297.5394,297.0419,297.4001,41449.0
2026-03-02 13:40:00,297.4598,297.4598,296.833,297.1116,58426.0
2026-03-02 13:45:00,297.0718,297.1994,296.7235,297.0419,41777.0
2026-03-02 13:50:00,297.1016,297.3403,297.0174,297.2359,45576.0
2026-03-02 13:55:00,297.1613,297.2807,296.9374,297.0071,45471.0
2026-03-02 14:00:00,297.0096,297.4501,296.8628,297.017,119202.0
2026-03-02 14:05:00,297.0121,297.2907,296.7933,297.1015,79474.0
2026-03-02 14:10:00,297.088,297.1006,296.3654,296.8081,56158.0
2026-03-02 14:15:00,296.8131,297.2608,296.8131,297.0767,50979.0
2026-03-02 14:20:00,297.0817,297.9594,297.0817,297.7334,55058.0
2026-03-02 14:25:00,297.7384,297.7881,297.4797,297.6339,41136.0
2026-03-02 14:30:00,297.6339,297.9972,297.6289,297.6638,45880.0
2026-03-02 14:35:00,297.6488,297.8379,297.5386,297.5891,34008.0
2026-03-02 14:40:00,297.5494,297.8976,297.2907,297.3305,48110.0
2026-03-02 14:45:00,297.3305,297.3975,297.1315,297.2708,50488.0
2026-03-02 14:50:00,297.2111,297.4398,297.0021,297.3901,41963.0
2026-03-02 14:55:00,297.3817,297.5394,297.2011,297.5195,49536.0
2026-03-02 15:00:00,297.4896,297.7483,297.3901,297.5195,41705.0
2026-03-02 15:05:00,297.5095,297.5691,296.1864,296.4847,61366.0
2026-03-02 15:10:00,296.3554,296.3853,295.7783,296.0818,76336.0
2026-03-02 15:15:00,296.0171,296.7633,295.9176,296.1863,75868.0
2026-03-02 15:20:00,296.2659,296.3455,295.9512,296.0163,65450.0
2026-03-02 15:25:00,296.0121,296.2559,295.848,295.8686,107384.0
2026-03-02 15:30:00,295.9176,296.3553,295.838,296.2758,74822.0
2026-03-02 15:35:00,296.2808,296.6141,296.1863,296.3654,66107.0
2026-03-02 15:40:00,296.3654,296.4698,296.1664,296.3952,83738.0
2026-03-02 15:45:00,296.3654,296.5345,296.1266,296.3405,82911.0
2026-03-02 15:50:00,296.3753,296.4151,295.7982,296.0768,117390.0
2026-03-02 15:55:00,296.0669,296.4151,295.6291,296.0271,551344.0
2026-03-03 09:30:00,290.8086,290.8533,288.0376,289.8833,407775.0
2026-03-03 09:35:00,289.8957,290.9031,289.4704,290.0624,138103.0
2026-03-03 09:40:00,289.9762,289.9762,288.8137,288.9729,107432.0
2026-03-03 09:45:00,288.8336,289.7489,288.565,288.754,107437.0
2026-03-03 09:50:00,288.6545,290.3658,288.356,289.5599,147013.0
2026-03-03 09:55:00,289.5151,291.3807,289.1202,291.2115,109143.0
2026-03-03 10:00:00,291.112,292.1169,291.0424,291.2065,135479.0
2026-03-03 10:05:00,291.3608,291.4104,290.3459,290.4255,124501.0
2026-03-03 10:10:00,290.4255,292.4552,289.729,292.2364,179864.0
2026-03-03 10:15:00,292.2363,292.6691,292.0075,292.0771,221528.0
2026-03-03 10:20:00,292.0721,292.1269,290.8931,291.1966,145087.0
2026-03-03 10:25:00,291.2115,292.4851,290.7041,292.3259,158329.0
2026-03-03 10:30:00,292.306,293.8995,292.2065,293.4203,218555.0
2026-03-03 10:35:00,293.4104,293.9576,293.1417,293.7206,100062.0
2026-03-03 10:40:00,293.6491,294.3556,293.2114,293.9874,193993.0
2026-03-03 10:45:00,294.077,294.6192,293.3606,293.7387,116281.0
2026-03-03 10:50:00,293.7238,293.7238,292.7736,293.3507,85356.0
2026-03-03 10:55:00,293.291,294.067,293.0522,293.9775,85365.0
2026-03-03 11:00:00,293.9874,294.3373,293.082,293.5297,100962.0
2026-03-03 11:05:00,293.5198,294.3058,293.4203,294.0262,95937.0
2026-03-03 11:10:00,294.0819,294.654,293.5942,294.4799,70786.0
2026-03-03 11:15:00,294.5446,295.2699,294.1168,294.3556,61451.0
2026-03-03 11:20:00,294.266,295.261,294.1168,295.0669,78373.0
2026-03-03 11:25:00,295.1913,295.2012,294.4551,294.4551,56025.0
2026-03-03 11:30:00,294.4153,295.1465,294.0073,295.1465,57043.0
2026-03-03 11:35:00,295.0719,295.5295,294.9326,295.45,79851.0
2026-03-03 11:40:00,295.3704,296.0559,295.251,296.0559,64353.0
2026-03-03 11:45:00,296.0171,297.0021,295.9176,296.2559,127700.0
2026-03-03 11:50:00,296.2559,296.9126,296.0967,296.8728,59825.0
2026-03-03 11:55:00,296.9126,297.0966,296.5544,296.9225,67279.0
2026-03-03 12:00:00,296.9524,297.1265,296.435,296.5245,79098.0
2026-03-03 12:05:00,296.5245,297.0209,296.5146,296.7683,77186.0
2026-03-03 12:10:00,296.7683,297.0817,296.4847,296.6887,66513.0
2026-03-03 12:15:00,296.644,296.833,296.4052,296.6439,54196.0
2026-03-03 12:20:00,296.7036,297.3703,296.5345,297.3305,59192.0
2026-03-03 12:25:00,297.3106,297.4498,296.9325,296.9623,46781.0
2026-03-03 12:30:00,296.9573,297.221,296.5942,296.6241,47532.0
2026-03-03 12:35:00,296.634,297.0519,296.4151,296.8831,61209.0
2026-03-03 12:40:00,296.9126,297.4598,296.8031,297.3504,57469.0
2026-03-03 12:45:00,297.3603,297.3901,296.8987,297.3006,51695.0
2026-03-03 12:50:00,297.3205,297.823,297.221,297.2956,57686.0
2026-03-03 12:55:00,297.2956,297.8279,297.221,297.7583,53355.0
2026-03-03 13:00:00,297.818,298.6636,297.7584,298.4746,107182.0
2026-03-03 13:05:00,298.4547,298.8328,298.1065,298.3204,56757.0
2026-03-03 13:10:00,298.3204,298.3553,297.7085,297.7185,61720.0
2026-03-03 13:15:00,297.7086,298.2059,297.3951,297.5344,77618.0
2026-03-03 13:20:00,297.42,299.3104,297.42,299.2251,133465.0
2026-03-03 13:25:00,299.2308,299.778,299.0915,299.38,78325.0
2026-03-03 13:30:00,299.4646,300.4347,299.3204,300.1362,115645.0
2026-03-03 13:35:00,300.1462,300.8625,299.7382,300.8028,133705.0
2026-03-03 13:40:00,300.7929,300.8426,299.972,300.2108,105262.0
2026-03-03 13:45:00,300.2158,300.2158,299.4596,299.8029,79309.0
2026-03-03 13:50:00,299.8029,300.0069,299.6387,299.6586,62668.0
2026-03-03 13:55:00,299.6586,299.6785,299.1309,299.4149,60217.0
2026-03-03 14:00:00,299.4149,299.4298,299.0816,299.2806,52880.0
2026-03-03 14:05:00,299.2408,299.3402,298.7433,298.7533,71167.0
2026-03-03 14:10:00,298.8229,299.012,298.5144,298.8527,62988.0
2026-03-03 14:15:00,298.9025,299.3204,298.7135,299.2955,86539.0
2026-03-03 14:20:00,299.2955,299.579,299.0419,299.0617,54339.0
2026-03-03 14:25:00,299.0716,299.0915,298.2785,298.6338,51030.0
2026-03-03 14:30:00,298.6736,298.9423,298.3254,298.5045,54822.0
2026-03-03 14:35:00,298.5045,299.7482,298.3254,299.3701,67218.0
2026-03-03 14:40:00,299.4198,299.8727,299.3502,299.7084,70236.0
2026-03-03 14:45:00,299.8377,300.3252,299.7382,299.9074,57166.0
2026-03-03 14:50:00,299.8974,300.1462,299.2906,299.589,77067.0
2026-03-03 14:55:00,299.579,299.579,298.8229,299.3204,101620.0
2026-03-03 15:00:00,299.3502,299.3502,298.8229,298.8428,50379.0
2026-03-03 15:05:00,298.803,298.8428,298.3751,298.4648,52530.0
2026-03-03 15:10:00,298.5443,298.773,298.3652,298.4647,50318.0
2026-03-03 15:15:00,298.4647,298.7488,298.1364,298.2011,63493.0
2026-03-03 15:20:00,298.201,298.4647,298.007,298.2259,68564.0
2026-03-03 15:25:00,298.2259,298.7333,297.9473,298.6935,101204.0
2026-03-03 15:30:00,298.6239,298.9322,298.4159,298.7433,139800.0
2026-03-03 15:35:00,298.7433,298.9223,298.2857,298.395,105017.0
2026-03-03 15:40:00,298.4149,298.5542,297.8279,298.1712,75079.0
2026-03-03 15:45:00,298.1364,298.2856,297.8578,298.1712,74299.0
2026-03-03 15:50:00,298.216,299.4497,297.9176,299.2109,269034.0
2026-03-03 15:55:00,299.2209,299.3005,298.4896,298.7433,728571.0
2026-03-04 09:30:00,298.4746,299.4795,296.8827,297.4299,306301.0
2026-03-04 09:35:00,297.4747,297.9971,295.7486,296.3853,172091.0
2026-03-04 09:40:00,296.2978,296.5862,294.8033,294.9724,291511.0
2026-03-04 09:45:00,294.9127,295.4202,294.3257,294.7038,254220.0
2026-03-04 09:50:00,294.7535,296.4549,294.5744,295.9674,150965.0
2026-03-04 09:55:00,295.8082,296.4449,295.0819,295.6888,146826.0
2026-03-04 10:00:00,295.9226,296.6937,295.5395,296.1813,145720.0
2026-03-04 10:05:00,296.1863,297.2807,295.8084,297.221,125475.0
2026-03-04 10:10:00,297.221,297.3504,295.8977,296.2659,114567.0
2026-03-04 10:15:00,296.3554,296.9524,295.5793,296.0171,92225.0
2026-03-04 10:20:00,295.9723,297.3205,295.8679,297.2708,112223.0
2026-03-04 10:25:00,297.2509,297.6885,296.7086,296.7633,93783.0
2026-03-04 10:30:00,296.823,297.4896,296.1067,296.4002,121125.0
2026-03-04 10:35:00,296.3057,296.8181,295.9972,296.4698,98493.0
2026-03-04 10:40:00,296.3654,296.823,296.3176,296.7434,65838.0
2026-03-04 10:45:00,296.7335,296.9424,296.4052,296.7832,59001.0
2026-03-04 10:50:00,296.7434,297.022,296.4947,296.9325,52437.0
2026-03-04 10:55:00,296.8628,297.4299,296.8131,297.3901,66682.0
2026-03-04 11:00:00,297.3504,297.5991,297.0407,297.3752,81827.0
2026-03-04 11:05:00,297.3305,297.42,296.9623,297.2658,64915.0
2026-03-04 11:10:00,297.221,297.2708,296.5883,296.6489,71394.0
2026-03-04 11:15:00,296.5942,297.4896,296.5544,297.221,80887.0
2026-03-04 11:20:00,297.1514,297.4996,296.833,296.9723,76005.0
2026-03-04 11:25:00,296.9126,297.4497,296.8529,297.1912,75506.0
2026-03-04 11:30:00,297.2559,297.5294,297.0221,297.3006,81407.0
2026-03-04 11:35:00,297.42,297.4896,296.7733,296.914,123341.0
2026-03-04 11:40:00,296.9374,297.5294,296.9325,297.2062,59990.0
2026-03-04 11:45:00,297.1514,297.512,297.0121,297.2509,73442.0
2026-03-04 11:50:00,297.2509,297.3354,296.9325,297.2011,80080.0
2026-03-04 11:55:00,297.2011,297.4299,297.0519,297.1066,54327.0
2026-03-04 12:00:00,297.0519,297.2509,296.9226,297.231,57473.0
2026-03-04 12:05:00,297.2011,297.2509,296.8031,297.0021,52427.0
2026-03-04 12:10:00,297.0021,297.3504,296.8131,297.2608,109243.0
2026-03-04 12:15:00,297.3404,297.3802,297.0817,297.2111,41780.0
2026-03-04 12:20:00,297.2111,297.5095,296.9822,297.1364,43307.0
2026-03-04 12:25:00,297.1912,297.2807,296.8628,296.9126,49271.0
2026-03-04 12:30:00,296.9026,296.9623,296.425,296.842,59693.0
2026-03-04 12:35:00,296.9026,297.0444,296.4847,296.7633,47546.0
2026-03-04 12:40:00,296.7633,296.8827,296.2858,296.5046,46618.0
2026-03-04 12:45:00,296.5046,296.6637,296.2957,296.3853,42381.0
2026-03-04 12:50:00,296.4052,296.5046,296.0967,296.43,46965.0
2026-03-04 12:55:00,296.4449,296.6439,296.3753,296.5046,38025.0
2026-03-04 13:00:00,296.4748,296.5942,296.1966,296.2659,44554.0
2026-03-04 13:05:00,296.2659,296.7036,296.2559,296.6539,35555.0
2026-03-04 13:10:00,296.6041,296.7932,296.4897,296.5444,31456.0
2026-03-04 13:15:00,296.5743,296.6439,296.2161,296.2808,33880.0
2026-03-04 13:20:00,296.241,296.7335,296.1564,296.2809,37329.0
2026-03-04 13:25:00,296.2858,296.6937,296.246,296.628,26704.0
2026-03-04 13:30:00,296.6937,296.9619,296.6041,296.9524,33898.0
2026-03-04 13:35:00,296.9524,297.0419,296.823,296.9126,39503.0
2026-03-04 13:40:00,296.9175,297.231,296.9175,296.9424,42002.0
2026-03-04 13:45:00,296.9623,297.0917,296.7932,296.9922,37468.0
2026-03-04 13:50:00,296.9623,296.9723,296.6439,296.9026,32710.0
2026-03-04 13:55:00,296.8927,297.2608,296.8927,297.0519,48501.0
2026-03-04 14:00:00,297.022,297.3703,296.9922,297.2757,41109.0
2026-03-04 14:05:00,297.2608,297.4299,297.2011,297.3553,41938.0
2026-03-04 14:10:00,297.3305,297.4399,296.8928,296.9374,47506.0
2026-03-04 14:15:00,296.9623,297.0917,296.7838,296.8628,49298.0
2026-03-04 14:20:00,296.823,296.9424,296.6738,296.8927,30686.0
2026-03-04 14:25:00,296.8927,296.9126,296.6141,296.7036,39479.0
2026-03-04 14:30:00,296.6937,296.8827,296.6811,296.8628,31277.0
2026-03-04 14:35:00,296.8678,297.0121,296.7385,296.8429,32715.0
2026-03-04 14:40:00,296.8628,297.0121,296.7633,296.9822,37729.0
2026-03-04 14:45:00,297.0021,297.2807,296.9822,297.2608,46212.0
2026-03-04 14:50:00,297.2409,297.5593,297.2011,297.4797,43893.0
2026-03-04 14:55:00,297.4697,297.4797,297.1315,297.2608,50044.0
2026-03-04 15:00:00,297.2708,297.3752,297.1912,297.3006,51213.0
2026-03-04 15:05:00,297.2956,297.3595,296.9325,297.0121,51374.0
2026-03-04 15:10:00,297.0121,297.2707,296.9325,297.1563,52648.0
2026-03-04 15:15:00,297.1563,297.4299,296.9822,296.9922,54477.0
2026-03-04 15:20:00,296.9971,297.231,296.7434,297.1116,75399.0
2026-03-04 15:25:00,297.1364,297.3877,297.0917,297.3255,53858.0
2026-03-04 15:30:00,297.3106,297.5493,297.2558,297.5095,87512.0
2026-03-04 15:35:00,297.5245,297.5593,297.3802,297.4896,73844.0
2026-03-04 15:40:00,297.4498,297.7384,297.3802,297.7085,115785.0
2026-03-04 15:45:00,297.6986,298.4348,297.6986,298.3255,116129.0
2026-03-04 15:50:00,298.3751,298.4547,297.5294,297.9672,164574.0
2026-03-04 15:55:00,297.9672,298.4348,297.6488,297.7881,471612.0
2026-03-05 09:30:00,296.4748,298.8378,295.3704,298.4846,257190.0
2026-03-05 09:35:00,298.41,299.7183,298.1264,299.5691,135460.0
2026-03-05 09:40:00,299.5765,299.7163,297.4896,298.007,119887.0
2026-03-05 09:45:00,298.0269,298.0269,296.3952,296.4151,117918.0
2026-03-05 09:50:00,296.435,296.5743,295.4997,296.3853,89982.0
2026-03-05 09:55:00,296.3355,297.5593,296.1664,297.4697,95176.0
2026-03-05 10:00:00,297.4001,297.4399,295.3804,295.4102,139438.0
2026-03-05 10:05:00,295.4599,295.4997,294.0571,294.3158,164228.0
2026-03-05 10:10:00,294.3755,295.6987,294.3755,295.2411,115029.0
2026-03-05 10:15:00,295.3505,295.5495,294.2859,294.4252,94825.0
2026-03-05 10:20:00,294.3954,294.5147,294.0272,294.0471,85845.0
2026-03-05 10:25:00,294.077,294.5147,293.5695,293.8282,79638.0
2026-03-05 10:30:00,293.8282,293.878,293.0124,293.4502,111249.0
2026-03-05 10:35:00,293.4526,293.4526,292.9228,293.2114,113957.0
2026-03-05 10:40:00,293.281,293.8581,292.883,293.0422,114778.0
2026-03-05 10:45:00,293.0721,293.6642,293.0223,293.3407,75604.0
2026-03-05 10:50:00,293.3009,294.3954,293.291,293.883,80455.0
2026-03-05 10:55:00,293.9335,294.4202,293.679,294.1765,84108.0
2026-03-05 11:00:00,294.2163,294.6391,293.3109,293.4203,71383.0
2026-03-05 11:05:00,293.4203,293.7287,292.6442,292.7736,101424.0
2026-03-05 11:10:00,292.7338,293.1765,292.6044,293.0024,109553.0
2026-03-05 11:15:00,293.0265,293.3109,292.6144,292.6144,76298.0
2026-03-05 11:20:00,292.7039,292.8034,292.2662,292.495,93658.0
2026-03-05 11:25:00,292.4851,293.0721,292.3159,292.5845,65767.0
2026-03-05 11:30:00,292.6343,293.1218,292.5547,292.893,98043.0
2026-03-05 11:35:00,292.8781,294.4053,292.7551,294.2386,65917.0
2026-03-05 11:40:00,294.2859,294.5047,293.485,293.5347,65588.0
2026-03-05 11:45:00,293.6193,294.1964,293.5994,293.8382,41103.0
2026-03-05 11:50:00,293.9476,294.276,293.8481,294.2575,84356.0
2026-03-05 11:55:00,294.2461,294.3058,292.9825,293.0124,78302.0
2026-03-05 12:00:00,293.0124,294.1267,293.0124,293.9899,62126.0
2026-03-05 12:05:00,293.9825,294.0073,293.3308,293.6491,47302.0
2026-03-05 12:10:00,293.674,294.266,293.2114,293.7884,42511.0
2026-03-05 12:15:00,293.8531,293.9476,293.2915,293.4502,35564.0
2026-03-05 12:20:00,293.4701,293.8083,293.2014,293.3059,53869.0
2026-03-05 12:25:00,293.2313,293.4303,292.8432,293.0522,49208.0
2026-03-05 12:30:00,293.0223,293.1716,292.6542,292.7587,39613.0
2026-03-05 12:35:00,292.7587,294.0372,292.7587,293.8461,72011.0
2026-03-05 12:40:00,293.9476,294.1864,293.3706,293.3706,84374.0
2026-03-05 12:45:00,293.4551,293.9178,293.3706,293.49,43550.0
2026-03-05 12:50:00,293.4651,294.0272,293.4004,293.4402,102229.0
2026-03-05 12:55:00,293.5049,293.9277,293.4303,293.7586,39340.0
2026-03-05 13:00:00,293.679,293.7486,293.2512,293.5496,43817.0
2026-03-05 13:05:00,293.5496,294.057,293.5099,293.9944,40836.0
2026-03-05 13:10:00,294.0272,294.2621,293.5198,294.256,50817.0
2026-03-05 13:15:00,294.077,294.1914,293.4215,293.49,53515.0
2026-03-05 13:20:00,293.5994,293.9674,293.1218,293.3258,53814.0
2026-03-05 13:25:00,293.3109,293.3407,293.0124,293.1964,35864.0
2026-03-05 13:30:00,293.2064,293.7586,293.0722,293.48,38130.0
2026-03-05 13:35:00,293.5186,293.7884,293.4104,293.5994,51340.0
2026-03-05 13:40:00,293.6193,293.9277,293.4303,293.6591,56006.0
2026-03-05 13:45:00,293.674,293.674,292.6641,292.9527,52612.0
2026-03-05 13:50:00,292.9129,293.082,292.6343,292.8034,49818.0
2026-03-05 13:55:00,292.7935,293.1118,292.6741,292.684,80729.0
2026-03-05 14:00:00,292.6741,292.8134,292.4453,292.5447,119734.0
2026-03-05 14:05:00,292.5796,292.9526,292.5349,292.7537,100729.0
2026-03-05 14:10:00,292.7537,293.0368,292.6741,292.9129,62497.0
2026-03-05 14:15:00,292.8731,292.8731,291.8483,292.2065,105156.0
2026-03-05 14:20:00,292.296,292.5249,292.0274,292.2463,79621.0
2026-03-05 14:25:00,292.3458,292.3458,291.52,291.7637,145370.0
2026-03-05 14:30:00,291.7587,291.7587,291.1717,291.2662,81142.0
2026-03-05 14:35:00,291.2613,291.5199,290.9528,291.0225,98073.0
2026-03-05 14:40:00,291.1021,291.7289,291.1021,291.6791,99194.0
2026-03-05 14:45:00,291.6393,291.8284,291.2662,291.704,58002.0
2026-03-05 14:50:00,291.699,291.8881,291.1319,291.2115,69686.0
2026-03-05 14:55:00,291.2016,291.5995,291.1817,291.311,125891.0
2026-03-05 15:00:00,291.3846,291.908,291.112,291.8931,157976.0
2026-03-05 15:05:00,291.8781,292.097,291.4105,292.0299,148385.0
2026-03-05 15:10:00,291.9975,292.296,291.6294,291.7538,166304.0
2026-03-05 15:15:00,291.7538,291.9179,291.6393,291.7687,230960.0
2026-03-05 15:20:00,291.8035,292.3159,291.6791,291.9478,251914.0
2026-03-05 15:25:00,291.9776,292.4154,291.5498,291.699,210918.0
2026-03-05 15:30:00,291.6791,291.8682,291.321,291.4503,220814.0
2026-03-05 15:35:00,291.4404,292.2662,291.4404,292.0423,248650.0
2026-03-05 15:40:00,292.0075,292.5646,291.7985,292.1269,179698.0
2026-03-05 15:45:00,292.1269,292.2861,291.4205,292.0075,230853.0
2026-03-05 15:50:00,292.0274,292.5149,291.7189,292.4254,388318.0
2026-03-05 15:55:00,292.4055,292.5149,291.7189,291.9279,925978.0
2026-03-06 09:30:00,284.8936,285.9283,282.5953,283.5106,785626.0
2026-03-06 09:35:00,283.5106,283.7594,282.2769,283.4012,382605.0
2026-03-06 09:40:00,283.4012,284.6747,283.3315,284.0877,295595.0
2026-03-06 09:45:00,284.0379,284.4857,282.6749,282.9136,263614.0
2026-03-06 09:50:00,282.9485,283.6002,282.6848,282.9485,146012.0
2026-03-06 09:55:00,282.8738,283.6299,282.645,283.3315,203149.0
2026-03-06 10:00:00,283.3614,285.0527,283.3491,284.8836,336959.0
2026-03-06 10:05:00,284.8836,285.6397,284.426,284.5553,161840.0
2026-03-06 10:10:00,284.4658,285.3911,284.4061,284.9325,136098.0
2026-03-06 10:15:00,284.9532,285.9044,284.7543,285.8338,132110.0
2026-03-06 10:20:00,285.8089,286.1192,285.1523,285.7176,166569.0
2026-03-06 10:25:00,285.6896,286.1969,285.1622,285.6796,97226.0
2026-03-06 10:30:00,285.6796,286.3686,285.5503,286.2592,117537.0
2026-03-06 10:35:00,286.2766,286.8336,286.0079,286.4905,115915.0
2026-03-06 10:40:00,286.4159,286.4159,285.5801,285.8985,77443.0
2026-03-06 10:45:00,285.8985,285.9383,284.6349,284.9935,96371.0
2026-03-06 10:50:00,285.0329,285.1523,284.5553,284.9931,139540.0
2026-03-06 10:55:00,284.9433,286.2965,284.9433,286.2567,190751.0
2026-03-06 11:00:00,286.1174,286.6049,286.0477,286.1522,87936.0
2026-03-06 11:05:00,286.1572,286.2567,285.2518,285.2916,76886.0
2026-03-06 11:10:00,285.2518,285.59,285.1025,285.1224,75147.0
2026-03-06 11:15:00,285.1772,285.6,285.0926,285.4607,61181.0
2026-03-06 11:20:00,285.4508,285.595,284.7145,285.1672,75095.0
2026-03-06 11:25:00,285.1672,285.2398,284.7046,284.814,71178.0
2026-03-06 11:30:00,284.8538,285.4508,284.5553,285.1224,95511.0
2026-03-06 11:35:00,285.1025,285.8686,285.0329,285.7393,98655.0
2026-03-06 11:40:00,285.7294,285.8487,285.1423,285.2319,80150.0
2026-03-06 11:45:00,285.217,286.1074,285.217,285.9343,85667.0
2026-03-06 11:50:00,285.9781,286.3262,285.5602,285.6299,64248.0
2026-03-06 11:55:00,285.6498,286.2865,285.5055,286.1074,54777.0
2026-03-06 12:00:00,286.0875,286.3462,285.8388,285.9831,66058.0
2026-03-06 12:05:00,285.988,285.988,285.1722,285.3015,65034.0
2026-03-06 12:10:00,285.2817,285.7393,285.1722,285.2518,61294.0
2026-03-06 12:15:00,285.2816,285.6199,284.9931,285.6199,59446.0
2026-03-06 12:20:00,285.61,286.0079,285.2468,285.804,98945.0
2026-03-06 12:25:00,285.7544,285.8985,285.3015,285.61,46965.0
2026-03-06 12:30:00,285.6249,285.7593,285.4111,285.5413,56322.0
2026-03-06 12:35:00,285.595,285.6697,285.1423,285.299,55956.0
2026-03-06 12:40:00,285.3513,285.4508,284.5653,284.8737,67162.0
2026-03-06 12:45:00,284.9135,285.5403,284.7643,285.3015,383308.0
2026-03-06 12:50:00,285.3864,285.5503,285.1025,285.2667,79534.0
2026-03-06 12:55:00,285.2518,285.5304,285.0229,285.1722,58519.0
2026-03-06 13:00:00,285.1324,285.9283,285.1125,285.4707,74521.0
2026-03-06 13:05:00,285.5503,285.987,285.3712,285.8885,48943.0
2026-03-06 13:10:00,285.8885,286.6348,285.707,286.4457,46012.0
2026-03-06 13:15:00,286.4059,286.585,286.0477,286.3263,63827.0
2026-03-06 13:20:00,286.396,286.6348,286.1235,286.1572,43504.0
2026-03-06 13:25:00,286.2765,286.3047,285.6498,285.9383,53925.0
2026-03-06 13:30:00,285.998,286.3064,285.8288,286.0129,50803.0
2026-03-06 13:35:00,285.998,286.1471,285.3215,285.6398,71810.0
2026-03-06 13:40:00,285.6398,285.9681,285.6,285.7782,43198.0
2026-03-06 13:45:00,285.7883,285.9811,285.5702,285.799,69956.0
2026-03-06 13:50:00,285.799,285.9084,285.3513,285.5353,108232.0
2026-03-06 13:55:00,285.5353,285.8885,285.3314,285.7393,83559.0
2026-03-06 14:00:00,285.7393,285.9084,285.1324,285.1921,73312.0
2026-03-06 14:05:00,285.1423,285.5353,285.0727,285.2866,47666.0
2026-03-06 14:10:00,285.2866,286.1572,285.1423,286.1572,232135.0
2026-03-06 14:15:00,286.1147,286.5452,286.0875,286.5061,68246.0
2026-03-06 14:20:00,286.4557,286.7442,286.2402,286.3661,60875.0
2026-03-06 14:25:00,286.3164,286.7541,286.0578,286.6547,52089.0
2026-03-06 14:30:00,286.6149,286.973,286.5552,286.8437,60329.0
2026-03-06 14:35:00,286.8437,286.9261,286.6049,286.8437,45405.0
2026-03-06 14:40:00,286.8437,287.4805,286.8437,286.9382,49991.0
2026-03-06 14:45:00,286.9382,287.2316,286.8188,287.0427,42949.0
2026-03-06 14:50:00,287.0526,287.4805,286.9866,287.3214,44483.0
2026-03-06 14:55:00,287.4904,287.6994,287.0527,287.1422,72467.0
2026-03-06 15:00:00,287.1422,287.7093,287.1422,287.58,115640.0
2026-03-06 15:05:00,287.575,287.6098,286.9531,287.0079,92611.0
2026-03-06 15:10:00,287.152,287.2118,286.5452,286.5751,92893.0
2026-03-06 15:15:00,286.5552,286.9929,286.4457,286.8835,94428.0
2026-03-06 15:20:00,286.8636,287.2218,286.7492,286.7492,93561.0
2026-03-06 15:25:00,286.7641,286.8039,286.2368,286.6348,170831.0
2026-03-06 15:30:00,286.6149,287.4506,286.5751,287.376,235000.0
2026-03-06 15:35:00,287.371,287.58,287.0924,287.5004,161999.0
2026-03-06 15:40:00,287.4954,287.9067,287.0725,287.0924,166331.0
2026-03-06 15:45:00,287.1223,287.2417,286.7442,287.1521,148612.0
2026-03-06 15:50:00,287.1919,287.2516,286.6547,287.0327,177766.0
2026-03-06 15:55:00,287.0128,288.5252,286.973,287.9083,785092.0
2026-03-09 09:30:00,284.0578,285.7493,283.6201,284.3862,347204.0
2026-03-09 09:35:00,284.4061,284.4061,283.3713,283.9981,171487.0
2026-03-09 09:40:00,283.8986,283.9574,282.5206,282.854,165385.0
2026-03-09 09:45:00,282.9326,283.2121,281.4411,281.4958,140871.0
2026-03-09 09:50:00,281.471,281.7645,280.1377,280.5805,280174.0
2026-03-09 09:55:00,280.5556,281.1725,280.1875,280.3765,154434.0
2026-03-09 10:00:00,280.3069,280.9635,280.0918,280.9536,149680.0
2026-03-09 10:05:00,280.9138,280.9535,279.1428,279.9686,215725.0
2026-03-09 10:10:00,279.9389,280.088,279.0333,279.491,153898.0
2026-03-09 10:15:00,279.5706,279.9487,279.3318,279.6801,127863.0
2026-03-09 10:20:00,279.6303,280.9834,279.2423,280.8143,129320.0
2026-03-09 10:25:00,280.8392,281.3118,280.2969,280.7447,91062.0
2026-03-09 10:30:00,280.7862,281.0396,280.277,280.6253,148563.0
2026-03-09 10:35:00,280.6253,280.9436,280.1178,280.3367,116168.0
2026-03-09 10:40:00,280.3367,280.5953,279.7,280.2671,198560.0
2026-03-09 10:45:00,280.2571,280.2571,279.7099,279.9089,125593.0
2026-03-09 10:50:00,279.9089,280.7745,279.7298,280.7745,232067.0
2026-03-09 10:55:00,280.8143,281.2919,280.4163,280.7845,154163.0
2026-03-09 11:00:00,280.7347,281.9087,280.685,281.8093,113825.0
2026-03-09 11:05:00,281.8292,281.8851,280.6302,280.685,114220.0
2026-03-09 11:10:00,280.7447,281.67,280.6651,281.4461,107848.0
2026-03-09 11:15:00,281.4312,281.7595,281.063,281.3964,149601.0
2026-03-09 11:20:00,281.3964,282.2968,281.3217,282.2371,127631.0
2026-03-09 11:25:00,282.2172,282.7246,281.9784,282.6948,75792.0
2026-03-09 11:30:00,282.6781,282.7047,281.7894,282.058,74444.0
2026-03-09 11:35:00,282.048,282.1773,281.6003,281.869,80070.0
2026-03-09 11:40:00,281.8192,281.9386,281.6502,281.8093,57710.0
2026-03-09 11:45:00,281.8789,282.4759,281.8192,281.8739,57862.0
2026-03-09 11:50:00,281.8391,282.5654,281.7396,282.1973,78816.0
2026-03-09 11:55:00,282.1575,282.6152,282.0779,282.3764,65783.0
2026-03-09 12:00:00,282.3764,282.7445,282.0679,282.7147,76996.0
2026-03-09 12:05:00,282.7047,282.8142,282.3366,282.5159,64271.0
2026-03-09 12:10:00,282.5307,282.854,282.3167,282.7047,59881.0
2026-03-09 12:15:00,282.6749,282.844,282.2072,282.645,66871.0
2026-03-09 12:20:00,282.7644,283.2619,282.3863,283.0679,82569.0
2026-03-09 12:25:00,283.0679,283.7494,283.0032,283.4758,119818.0
2026-03-09 12:30:00,283.5604,283.5604,282.844,283.3116,66273.0
2026-03-09 12:35:00,283.3017,283.63,283.2022,283.4708,65102.0
2026-03-09 12:40:00,283.4509,283.8787,283.3713,283.7693,77129.0
2026-03-09 12:45:00,283.7793,284.1872,283.7196,283.8688,71856.0
2026-03-09 12:50:00,283.8588,284.0479,283.6101,283.6599,61355.0
2026-03-09 12:55:00,283.6817,284.0678,283.4907,283.5504,81311.0
2026-03-09 13:00:00,283.5604,283.64,283.1624,283.3912,84895.0
2026-03-09 13:05:00,283.3315,283.5703,283.1524,283.5504,96283.0
2026-03-09 13:10:00,283.5504,283.6201,283.0927,283.3514,79631.0
2026-03-09 13:15:00,283.3912,284.3265,283.3514,284.0522,108163.0
2026-03-09 13:20:00,284.0678,284.1175,283.431,283.7295,64029.0
2026-03-09 13:25:00,283.7295,283.7793,283.426,283.4957,62549.0
2026-03-09 13:30:00,283.4886,283.7196,283.1723,283.4857,90079.0
2026-03-09 13:35:00,283.431,283.5604,283.1723,283.2793,45268.0
2026-03-09 13:40:00,283.2718,283.5604,282.9534,283.2072,92865.0
2026-03-09 13:45:00,283.1972,283.7743,283.043,283.5703,101708.0
2026-03-09 13:50:00,283.5703,284.1275,283.5007,284.1076,63104.0
2026-03-09 13:55:00,284.1076,284.2767,283.7992,283.9285,63007.0
2026-03-09 14:00:00,283.9384,284.3265,283.8091,283.8389,74679.0
2026-03-09 14:05:00,283.829,284.3464,283.6698,283.7196,73118.0
2026-03-09 14:10:00,283.6798,283.8688,283.4808,283.5305,110238.0
2026-03-09 14:15:00,283.5803,283.7793,283.3315,283.7375,107509.0
2026-03-09 14:20:00,283.7444,284.2598,283.5604,283.7146,83466.0
2026-03-09 14:25:00,283.7494,283.8141,283.2818,283.4708,64523.0
2026-03-09 14:30:00,283.4111,283.8191,283.3514,283.7793,77245.0
2026-03-09 14:35:00,283.7794,284.3563,283.7096,284.1524,70152.0
2026-03-09 14:40:00,284.1374,284.2867,283.9185,284.1772,64767.0
2026-03-09 14:45:00,284.1772,284.1872,283.8389,283.8389,65611.0
2026-03-09 14:50:00,283.8389,284.2867,283.8091,283.9136,67954.0
2026-03-09 14:55:00,283.8887,283.9384,282.3147,282.7147,121597.0
2026-03-09 15:00:00,282.7246,283.3614,282.5654,283.2669,156154.0
2026-03-09 15:05:00,283.2619,284.0877,283.1126,284.0081,84429.0
2026-03-09 15:10:00,284.028,284.1474,283.7793,284.1374,76865.0
2026-03-09 15:15:00,284.1175,285.4955,284.0281,285.4806,121672.0
2026-03-09 15:20:00,285.4508,287.4208,285.3911,287.3959,206559.0
2026-03-09 15:25:00,287.4506,288.3859,287.1919,288.2764,207547.0
2026-03-09 15:30:00,288.3112,288.4207,287.182,288.2366,161311.0
2026-03-09 15:35:00,288.2864,289.6295,287.7889,289.0873,260257.0
2026-03-09 15:40:00,289.0823,289.0823,287.759,288.3958,226950.0
2026-03-09 15:45:00,288.3461,288.8535,288.2764,288.7838,165125.0
2026-03-09 15:50:00,288.7838,288.9828,288.1675,288.2665,207441.0
2026-03-09 15:55:00,288.3063,288.9828,287.9481,288.4257,649923.0
2026-03-10 09:30:00,287.8287,290.326,287.8287,290.0275,361649.0
2026-03-10 09:35:00,290.0275,290.525,288.9331,289.2763,119083.0
2026-03-10 09:40:00,289.2017,289.5599,287.9083,288.5152,133954.0
2026-03-10 09:45:00,288.4157,288.6396,287.5402,288.0526,102072.0
2026-03-10 09:50:00,288.0575,288.1869,286.0477,287.0825,171048.0
2026-03-10 09:55:00,287.0775,287.1919,285.7691,286.6136,88652.0
2026-03-10 10:00:00,286.4756,287.0327,285.8985,287.0178,92817.0
2026-03-10 10:05:00,287.0875,287.5302,285.988,285.988,84223.0
2026-03-10 10:10:00,285.988,286.8436,285.7294,286.6994,91961.0
2026-03-10 10:15:00,286.6994,287.7988,286.5453,287.6795,77147.0
2026-03-10 10:20:00,287.6397,288.1869,287.5817,288.0774,218427.0
2026-03-10 10:25:00,288.0973,288.5948,287.968,288.3361,73575.0
2026-03-10 10:30:00,288.4107,289.6594,288.366,289.6097,78828.0
2026-03-10 10:35:00,289.5898,289.7886,289.351,289.7539,56958.0
2026-03-10 10:40:00,289.7539,290.0176,289.4506,289.744,68969.0
2026-03-10 10:45:00,289.7987,290.1071,289.4903,290.0524,86297.0
2026-03-10 10:50:00,290.0524,290.6046,290.0275,290.3733,56473.0
2026-03-10 10:55:00,290.4156,290.724,290.3459,290.3758,72991.0
2026-03-10 11:00:00,290.3758,290.5308,289.5798,289.5798,142605.0
2026-03-10 11:05:00,289.5898,289.6494,288.9132,289.0077,111192.0
2026-03-10 11:10:00,288.9629,289.0326,288.6346,289.0027,86093.0
2026-03-10 11:15:00,289.0027,289.53,288.9928,289.1918,68508.0
2026-03-10 11:20:00,289.1918,289.6097,289.0674,289.4654,58224.0
2026-03-10 11:25:00,289.4399,289.5699,289.2515,289.4903,52053.0
2026-03-10 11:30:00,289.4803,289.739,289.142,289.5997,76816.0
2026-03-10 11:35:00,289.5848,289.8284,289.2833,289.3808,46401.0
2026-03-10 11:40:00,289.351,289.8285,288.9928,289.52,70787.0
2026-03-10 11:45:00,289.5151,289.5699,288.754,289.1918,52730.0
2026-03-10 11:50:00,289.2714,289.3908,288.4854,288.6048,44397.0
2026-03-10 11:55:00,288.5849,288.7838,288.5451,288.6545,45795.0
2026-03-10 12:00:00,288.6147,288.6744,288.3361,288.5849,48521.0
2026-03-10 12:05:00,288.5351,288.555,287.9282,288.2316,55843.0
2026-03-10 12:10:00,288.2316,288.8236,288.157,288.6844,57672.0
2026-03-10 12:15:00,288.812,289.0127,288.4754,288.9082,65684.0
2026-03-10 12:20:00,288.8336,288.8833,288.5451,288.7241,41834.0
2026-03-10 12:25:00,288.7241,289.0525,288.4754,288.6495,62636.0
2026-03-10 12:30:00,288.6396,289.2316,288.6247,289.1669,45784.0
2026-03-10 12:35:00,289.1619,289.4405,289.0923,289.2913,57493.0
2026-03-10 12:40:00,289.2614,289.3808,289.147,289.2913,46388.0
2026-03-10 12:45:00,289.2614,289.351,288.7341,289.1768,44302.0
2026-03-10 12:50:00,289.1768,289.5301,289.0326,289.2664,42466.0
2026-03-10 12:55:00,289.3194,289.4803,289.0823,289.0823,35183.0
2026-03-10 13:00:00,289.0823,289.4903,288.9929,289.4505,33740.0
2026-03-10 13:05:00,289.4604,289.9479,289.4604,289.6594,42719.0
2026-03-10 13:10:00,289.6494,289.729,289.4128,289.6,45552.0
2026-03-10 13:15:00,289.5599,290.6245,289.5599,290.5996,59034.0
2026-03-10 13:20:00,290.6145,291.0225,290.4156,290.8185,67922.0
2026-03-10 13:25:00,290.8036,291.2712,290.724,291.2065,45491.0
2026-03-10 13:30:00,291.2065,291.2414,290.4156,290.4454,56435.0
2026-03-10 13:35:00,290.4454,290.515,289.5102,289.7589,66441.0
2026-03-10 13:40:00,289.739,290.0175,289.4206,289.9579,67018.0
2026-03-10 13:45:00,289.9579,290.4255,289.8186,290.326,58195.0
2026-03-10 13:50:00,290.3601,290.6046,290.2166,290.4454,47013.0
2026-03-10 13:55:00,290.4056,290.5598,290.1171,290.1668,57276.0
2026-03-10 14:00:00,290.1668,290.525,289.9579,290.4454,65052.0
2026-03-10 14:05:00,290.4653,290.6245,290.1867,290.1917,69135.0
2026-03-10 14:10:00,290.137,290.5947,288.2366,288.2665,95476.0
2026-03-10 14:15:00,288.2366,288.744,287.3909,287.5501,125785.0
2026-03-10 14:20:00,287.5103,288.5351,287.2118,288.3162,118290.0
2026-03-10 14:25:00,288.3461,289.351,288.2466,288.9032,77588.0
2026-03-10 14:30:00,288.9032,289.5251,288.744,288.9828,69049.0
2026-03-10 14:35:00,289.0226,289.2216,288.356,288.6097,65909.0
2026-03-10 14:40:00,288.5733,288.6645,288.0774,288.2466,65848.0
2026-03-10 14:45:00,288.2366,288.719,288.0675,288.555,62646.0
2026-03-10 14:50:00,288.5102,288.8236,288.1602,288.4754,74937.0
2026-03-10 14:55:00,288.4456,288.5351,288.1172,288.2068,62602.0
2026-03-10 15:00:00,288.2466,288.7341,288.2167,288.4058,70323.0
2026-03-10 15:05:00,288.3859,288.565,288.187,288.1968,59998.0
2026-03-10 15:10:00,288.2316,288.356,287.8287,288.162,81024.0
2026-03-10 15:15:00,288.1869,288.4854,288.0675,288.4008,72564.0
2026-03-10 15:20:00,288.3958,288.5251,287.7292,288.0675,73657.0
2026-03-10 15:25:00,288.1073,288.1172,287.4208,287.5899,93274.0
2026-03-10 15:30:00,287.6098,287.8187,287.4407,287.6297,91088.0
2026-03-10 15:35:00,287.6098,287.8735,287.4307,287.7889,86344.0
2026-03-10 15:40:00,287.7889,288.0376,287.3113,287.6795,141776.0
2026-03-10 15:45:00,287.6894,287.8385,287.3213,287.3561,108183.0
2026-03-10 15:50:00,287.381,287.759,287.3312,287.6098,194816.0
2026-03-10 15:55:00,287.6198,287.769,286.8636,287.2417,474583.0
2026-03-11 09:30:00,287.3511,289.0152,287.2516,287.7093,219196.0
2026-03-11 09:35:00,287.6048,288.6446,287.3312,287.381,102150.0
2026-03-11 09:40:00,287.381,287.8188,285.8686,286.2815,115483.0
2026-03-11 09:45:00,286.187,286.779,285.8885,286.1074,182650.0
2026-03-11 09:50:00,286.0676,287.5402,285.6,286.3761,146928.0
2026-03-11 09:55:00,286.4646,286.8984,285.8368,286.764,100321.0
2026-03-11 10:00:00,286.6397,287.9381,285.9234,285.9333,133772.0
2026-03-11 10:05:00,285.9681,286.8896,285.799,286.779,103076.0
2026-03-11 10:10:00,286.6646,286.7939,285.3214,285.8985,109902.0
2026-03-11 10:15:00,285.8786,286.2368,285.1821,286.0129,80141.0
2026-03-11 10:20:00,286.0129,286.0179,285.0926,285.1423,96279.0
2026-03-11 10:25:00,285.1224,285.1449,283.7295,284.3762,155920.0
2026-03-11 10:30:00,284.4011,285.1423,284.2369,284.809,80086.0
2026-03-11 10:35:00,284.9234,286.1869,284.8836,286.0577,67570.0
2026-03-11 10:40:00,286.0378,286.4557,285.7393,286.396,69073.0
2026-03-11 10:45:00,286.396,286.6746,286.2368,286.585,57565.0
2026-03-11 10:50:00,286.6149,286.9332,286.5054,286.7044,65974.0
2026-03-11 10:55:00,286.6845,286.8039,286.2865,286.7492,62854.0
2026-03-11 11:00:00,286.8039,287.2417,285.4408,285.7294,98614.0
2026-03-11 11:05:00,285.7592,285.799,285.0528,285.5154,85939.0
2026-03-11 11:10:00,285.5154,285.6796,284.6847,284.7294,93772.0
2026-03-11 11:15:00,284.7145,284.7444,284.2568,284.6051,83800.0
2026-03-11 11:20:00,284.6349,285.4408,284.61,285.3115,86571.0
2026-03-11 11:25:00,285.2319,285.5204,284.7344,284.7344,50980.0
2026-03-11 11:30:00,284.7941,284.9434,284.1673,284.7294,62397.0
2026-03-11 11:35:00,284.6648,285.0876,284.5653,284.8389,51997.0
2026-03-11 11:40:00,284.7991,284.8835,284.3066,284.3165,49947.0
2026-03-11 11:45:00,284.2966,284.4359,283.8091,284.1374,124854.0
2026-03-11 11:50:00,284.1374,285.0528,284.1374,285.0528,51935.0
2026-03-11 11:55:00,285.0528,285.0588,283.8986,283.9335,63202.0
2026-03-11 12:00:00,283.9335,283.9774,283.4211,283.6599,187203.0
2026-03-11 12:05:00,283.6599,284.421,283.6499,283.829,49874.0
2026-03-11 12:10:00,283.8389,284.2519,283.6599,284.1872,36920.0
2026-03-11 12:15:00,284.2368,284.5752,283.8895,284.1275,64909.0
2026-03-11 12:20:00,284.1275,284.426,283.7992,284.2867,45171.0
2026-03-11 12:25:00,284.2867,284.5454,284.1175,284.4906,39542.0
2026-03-11 12:30:00,284.4906,285.1125,284.4757,285.1025,45978.0
2026-03-11 12:35:00,285.0926,285.2219,284.7394,284.9732,44462.0
2026-03-11 12:40:00,284.9632,285.5976,284.9632,285.3911,57621.0
2026-03-11 12:45:00,285.3214,285.6597,285.2617,285.4557,39269.0
2026-03-11 12:50:00,285.4607,285.9383,285.4607,285.9084,44663.0
2026-03-11 12:55:00,285.9084,285.9084,285.4906,285.7691,35510.0
2026-03-11 13:00:00,285.6995,285.8587,285.5503,285.61,41389.0
2026-03-11 13:05:00,285.5901,285.8686,285.4707,285.5304,34819.0
2026-03-11 13:10:00,285.5353,285.5602,285.1224,285.3164,46929.0
2026-03-11 13:15:00,285.3314,285.7443,285.212,285.5304,44221.0
2026-03-11 13:20:00,285.5304,286.0577,285.2717,286.0477,31985.0
2026-03-11 13:25:00,286.0378,286.9332,286.0179,286.5701,64161.0
2026-03-11 13:30:00,286.585,286.6596,285.61,285.6896,76028.0
2026-03-11 13:35:00,285.6896,285.8188,284.3066,285.1722,84410.0
2026-03-11 13:40:00,285.1324,285.2816,284.3265,284.5603,59440.0
2026-03-11 13:45:00,284.5155,284.8637,284.1873,284.426,63786.0
2026-03-11 13:50:00,284.4857,285.0403,284.4857,284.5951,55234.0
2026-03-11 13:55:00,284.5901,284.8289,284.2369,284.7543,61596.0
2026-03-11 14:00:00,284.7444,285.3214,284.7145,284.9533,70305.0
2026-03-11 14:05:00,284.9831,285.0727,284.4359,284.5553,73613.0
2026-03-11 14:10:00,284.5653,285.0129,284.4906,284.9433,48278.0
2026-03-11 14:15:00,284.9632,285.4209,284.9632,285.3463,50526.0
2026-03-11 14:20:00,285.3911,285.5105,284.7344,284.9632,68502.0
2026-03-11 14:25:00,284.9011,285.4507,284.7543,285.3363,44507.0
2026-03-11 14:30:00,285.3115,285.3214,285.0229,285.2518,47148.0
2026-03-11 14:35:00,285.2916,285.2967,284.6996,284.7692,52915.0
2026-03-11 14:40:00,284.7643,285.2617,284.6649,285.2617,52424.0
2026-03-11 14:45:00,285.1921,285.406,285.0242,285.1135,50212.0
2026-03-11 14:50:00,285.1075,285.5254,285.0627,285.2319,59470.0
2026-03-11 14:55:00,285.2617,285.3213,284.5345,284.7643,63582.0
2026-03-11 15:00:00,284.7245,285.1324,284.5603,284.9035,55996.0
2026-03-11 15:05:00,284.9035,285.0428,284.5852,284.8836,57135.0
2026-03-11 15:10:00,284.8588,285.0528,284.7644,284.8538,58990.0
2026-03-11 15:15:00,284.8936,285.1324,284.7444,285.0528,58405.0
2026-03-11 15:20:00,285.0826,285.1523,284.7792,285.1125,115043.0
2026-03-11 15:25:00,285.0826,285.3413,284.9185,285.1175,71981.0
2026-03-11 15:30:00,285.1422,285.8388,285.0926,285.7095,120417.0
2026-03-11 15:35:00,285.7393,285.7393,285.3811,285.6199,79267.0
2026-03-11 15:40:00,285.6299,285.789,285.3115,285.6896,82164.0
2026-03-11 15:45:00,285.6896,285.7741,285.2518,285.3513,93107.0
2026-03-11 15:50:00,285.3314,285.7393,285.1523,285.5304,145122.0
2026-03-11 15:55:00,285.5403,286.0676,285.5403,286.0179,509921.0
2026-03-12 09:30:00,281.4013,282.446,280.4561,281.0829,416819.0
2026-03-12 09:35:00,281.1625,281.6103,280.0283,281.5108,199173.0
2026-03-12 09:40:00,281.4809,281.5307,280.4959,280.5855,141400.0
2026-03-12 09:45:00,280.5755,280.6949,279.5507,280.6601,195683.0
2026-03-12 09:50:00,280.7049,281.073,279.2821,279.5209,173313.0
2026-03-12 09:55:00,279.6005,279.7547,278.8642,279.1478,175111.0
2026-03-12 10:00:00,279.1428,280.0979,279.1428,279.6204,156457.0
2026-03-12 10:05:00,279.6502,279.7547,278.6155,279.3418,117673.0
2026-03-12 10:10:00,279.4164,279.8592,279.1527,279.4612,119644.0
2026-03-12 10:15:00,279.501,279.6204,278.5856,278.705,186109.0
2026-03-12 10:20:00,278.715,278.7448,277.9389,278.307,198050.0
2026-03-12 10:25:00,278.2971,278.7647,278.0384,278.0384,104223.0
2026-03-12 10:30:00,278.0881,278.2672,277.6902,278.0284,88870.0
2026-03-12 10:35:00,278.0583,278.5458,277.7673,278.3966,85855.0
2026-03-12 10:40:00,278.4016,279.0433,277.8394,278.9985,126763.0
2026-03-12 10:45:00,278.9985,279.899,278.8841,279.1813,117752.0
2026-03-12 10:50:00,279.1826,279.491,278.8443,279.3866,87049.0
2026-03-12 10:55:00,279.5308,279.8492,279.2025,279.5358,133053.0
2026-03-12 11:00:00,279.5308,279.7099,278.9339,279.1726,66453.0
2026-03-12 11:05:00,279.1726,279.5408,279.0831,279.1428,104845.0
2026-03-12 11:10:00,279.1826,279.2124,278.4165,278.7597,95683.0
2026-03-12 11:15:00,278.7597,279.4055,278.3468,278.9239,133824.0
2026-03-12 11:20:00,278.9538,279.2224,278.6105,279.1925,101560.0
2026-03-12 11:25:00,279.2124,279.7597,279.103,279.3517,97598.0
2026-03-12 11:30:00,279.4114,280.0616,279.2025,279.9835,91750.0
2026-03-12 11:35:00,279.9984,281.0431,279.5209,281.0183,144673.0
2026-03-12 11:40:00,281.0133,281.0531,280.0392,280.5158,106983.0
2026-03-12 11:45:00,280.5158,280.8143,280.0183,280.3964,155634.0
2026-03-12 11:50:00,280.3964,280.7049,280.1676,280.6153,103190.0
2026-03-12 11:55:00,280.6452,280.6651,280.2273,280.3218,86073.0
2026-03-12 12:00:00,280.3318,280.7447,280.2273,280.7248,70705.0
2026-03-12 12:05:00,280.7148,280.8442,279.6602,279.8144,79573.0
2026-03-12 12:10:00,279.8243,280.6253,279.72,280.3467,128695.0
2026-03-12 12:15:00,280.3467,280.8939,280.277,280.486,114831.0
2026-03-12 12:20:00,280.4909,281.7496,280.4462,281.0332,116370.0
2026-03-12 12:25:00,281.0232,281.1725,280.078,280.3467,83598.0
2026-03-12 12:30:00,280.4064,280.9436,280.0482,280.5656,80346.0
2026-03-12 12:35:00,280.5656,281.1028,280.3517,280.7944,65614.0
2026-03-12 12:40:00,280.8143,280.8243,280.4163,280.685,67375.0
2026-03-12 12:45:00,280.685,280.7944,279.8492,280.1974,77553.0
2026-03-12 12:50:00,280.0979,280.3367,279.9984,280.2371,75547.0
2026-03-12 12:55:00,280.2024,280.3566,279.7099,280.3167,732921.0
2026-03-12 13:00:00,280.3168,280.4661,279.8393,280.4661,83163.0
2026-03-12 13:05:00,280.3964,281.043,280.2671,280.3865,73660.0
2026-03-12 13:10:00,280.3666,280.7148,280.1129,280.1527,50236.0
2026-03-12 13:15:00,280.1377,280.277,279.8492,279.8492,48693.0
2026-03-12 13:20:00,279.8691,280.6601,279.8393,280.476,50817.0
2026-03-12 13:25:00,280.5059,280.5954,280.0979,280.1676,63061.0
2026-03-12 13:30:00,280.1974,280.6124,280.1228,280.1676,59889.0
2026-03-12 13:35:00,280.1676,280.4561,279.8293,280.4362,100351.0
2026-03-12 13:40:00,280.3815,280.6452,279.7398,279.8094,99302.0
2026-03-12 13:45:00,279.8044,279.9189,279.4811,279.7497,80231.0
2026-03-12 13:50:00,279.7597,280.1676,279.69,279.8815,92580.0
2026-03-12 13:55:00,279.8592,280.1875,279.7497,280.0681,79756.0
2026-03-12 14:00:00,280.088,280.4561,280.0482,280.2473,112948.0
2026-03-12 14:05:00,280.277,280.7148,280.1775,280.4313,72518.0
2026-03-12 14:10:00,280.3964,281.1327,280.3865,281.0879,63930.0
2026-03-12 14:15:00,281.0879,281.3317,280.3566,280.4387,66919.0
2026-03-12 14:20:00,280.4313,280.6352,280.277,280.5357,70196.0
2026-03-12 14:25:00,280.5059,280.7148,280.292,280.6601,65244.0
2026-03-12 14:30:00,280.6551,280.7755,280.476,280.5656,60265.0
2026-03-12 14:35:00,280.5457,280.8442,280.3566,280.5917,51364.0
2026-03-12 14:40:00,280.6054,280.7049,280.2074,280.4611,76216.0
2026-03-12 14:45:00,280.4959,280.8143,280.3566,280.4362,55222.0
2026-03-12 14:50:00,280.4064,280.7248,280.2969,280.5208,64761.0
2026-03-12 14:55:00,280.5158,280.884,280.3268,280.6601,56152.0
2026-03-12 15:00:00,280.6402,281.0332,280.3367,280.8143,82493.0
2026-03-12 15:05:00,280.7745,281.3416,280.7049,281.2421,72743.0
2026-03-12 15:10:00,281.2372,281.5108,280.9436,281.4511,85486.0
2026-03-12 15:15:00,281.4809,281.7098,281.267,281.3118,103816.0
2026-03-12 15:20:00,281.3217,281.5855,281.2521,281.3118,130457.0
2026-03-12 15:25:00,281.3018,281.5604,281.1725,281.5604,128358.0
2026-03-12 15:30:00,281.5605,281.8789,281.3416,281.7595,137052.0
2026-03-12 15:35:00,281.7595,281.8055,281.2222,281.5605,138316.0
2026-03-12 15:40:00,281.5705,281.5705,281.1824,281.5207,106756.0
2026-03-12 15:45:00,281.5058,281.5506,281.2222,281.4113,128855.0
2026-03-12 15:50:00,281.4013,281.5008,281.0531,281.3168,230343.0
2026-03-12 15:55:00,281.3416,281.6103,280.9237,281.4511,641967.0
2026-03-13 09:30:00,283.2271,284.7145,282.8937,284.0877,334802.0
2026-03-13 09:35:00,284.0878,285.4508,283.4012,285.2816,178778.0
2026-03-13 09:40:00,285.2816,285.5403,284.3165,285.5403,133669.0
2026-03-13 09:45:00,285.4707,285.7393,283.9185,284.0678,214274.0
2026-03-13 09:50:00,284.028,285.212,283.9185,285.1175,221358.0
2026-03-13 09:55:00,285.0926,285.0926,284.1884,284.5006,91318.0
2026-03-13 10:00:00,284.6051,285.1224,283.8986,284.3663,102131.0
2026-03-13 10:05:00,284.426,284.5842,283.5504,283.9185,69706.0
2026-03-13 10:10:00,283.8937,284.4459,283.6997,283.9534,87814.0
2026-03-13 10:15:00,284.0379,284.0379,283.3713,283.7793,54719.0
2026-03-13 10:20:00,283.8787,284.7344,283.7892,284.6797,61993.0
2026-03-13 10:25:00,284.6797,284.9433,284.5056,284.6797,54130.0
2026-03-13 10:30:00,284.7046,285.6896,284.5455,285.202,247137.0
2026-03-13 10:35:00,285.1274,285.3911,284.6449,284.8787,93750.0
2026-03-13 10:40:00,284.8861,284.9035,284.2071,284.4061,80940.0
2026-03-13 10:45:00,284.3663,284.6648,284.07,284.6001,74754.0
2026-03-13 10:50:00,284.6449,285.3513,284.5058,285.2617,63023.0
2026-03-13 10:55:00,285.1722,285.3314,284.426,284.6548,59615.0
2026-03-13 11:00:00,284.7344,284.9732,284.2369,284.2966,81105.0
2026-03-13 11:05:00,284.3364,284.804,284.2071,284.6946,77026.0
2026-03-13 11:10:00,284.8339,284.9533,284.424,284.8836,60634.0
2026-03-13 11:15:00,284.9533,284.9533,284.3762,284.3762,65846.0
2026-03-13 11:20:00,284.3762,284.7046,283.6599,283.6847,127223.0
2026-03-13 11:25:00,283.6499,283.6962,283.2519,283.4907,86279.0
2026-03-13 11:30:00,283.5604,284.1165,283.3813,283.9285,49279.0
2026-03-13 11:35:00,283.9583,283.9882,283.2619,283.5106,41615.0
2026-03-13 11:40:00,283.5106,283.6499,283.1723,283.63,48132.0
2026-03-13 11:45:00,283.64,284.9433,283.5803,284.5304,90895.0
2026-03-13 11:50:00,284.5653,284.8636,284.1673,284.5006,75697.0
2026-03-13 11:55:00,284.5752,284.6349,284.028,284.1971,69204.0
2026-03-13 12:00:00,284.2469,284.7145,284.1673,284.3165,55954.0
2026-03-13 12:05:00,284.3265,284.4658,284.0379,284.1175,62162.0
2026-03-13 12:10:00,284.1126,284.3762,283.6101,283.9285,105016.0
2026-03-13 12:15:00,283.9683,284.028,283.0927,283.1475,86784.0
2026-03-13 12:20:00,283.1375,283.5106,282.8937,283.0927,54563.0
2026-03-13 12:25:00,283.1425,283.4211,282.9883,283.0851,50119.0
2026-03-13 12:30:00,283.1723,283.3216,282.6649,282.7545,71269.0
2026-03-13 12:35:00,282.7744,283.3166,282.7644,283.0281,82963.0
2026-03-13 12:40:00,283.0206,283.1325,282.6251,282.65,55985.0
2026-03-13 12:45:00,282.6749,282.6948,282.2819,282.5754,53314.0
2026-03-13 12:50:00,282.5754,283.0579,282.4162,282.9286,54761.0
2026-03-13 12:55:00,282.9286,283.0629,282.4162,282.5555,79592.0
2026-03-13 13:00:00,282.655,283.0082,282.4062,282.854,101895.0
2026-03-13 13:05:00,282.8937,283.4609,282.7793,283.2619,78919.0
2026-03-13 13:10:00,283.2619,283.4211,282.7346,283.4211,65674.0
2026-03-13 13:15:00,283.4509,283.7594,283.1624,283.2544,69998.0
2026-03-13 13:20:00,283.247,283.3315,282.5157,282.5754,76349.0
2026-03-13 13:25:00,282.6152,282.6152,282.2669,282.5256,98353.0
2026-03-13 13:30:00,282.5455,282.645,281.8491,281.9386,83274.0
2026-03-13 13:35:00,281.9535,282.5654,281.8192,282.4958,63841.0
2026-03-13 13:40:00,282.4858,282.5654,281.9187,282.5057,101357.0
2026-03-13 13:45:00,282.5653,282.7644,281.8391,281.9038,75747.0
2026-03-13 13:50:00,281.8988,282.257,281.5207,281.9883,68875.0
2026-03-13 13:55:00,282.0082,282.3838,281.9684,282.063,52046.0
2026-03-13 14:00:00,282.0679,282.3664,281.9286,282.1873,46001.0
2026-03-13 14:05:00,282.2072,282.3664,282.048,282.3316,50474.0
2026-03-13 14:10:00,282.4162,282.5744,282.1475,282.3455,50601.0
2026-03-13 14:15:00,282.3067,282.5246,282.089,282.262,51773.0
2026-03-13 14:20:00,282.257,282.4958,282.2072,282.4162,59000.0
2026-03-13 14:25:00,282.4162,282.5306,282.1276,282.4162,43058.0
2026-03-13 14:30:00,282.3863,282.7246,282.2072,282.5953,64217.0
2026-03-13 14:35:00,282.5853,282.9833,282.5057,282.7445,44223.0
2026-03-13 14:40:00,282.7445,282.9534,282.5953,282.8937,44715.0
2026-03-13 14:45:00,282.8937,283.1425,282.8241,283.0295,40410.0
2026-03-13 14:50:00,283.0082,283.3116,282.8241,283.2619,68877.0
2026-03-13 14:55:00,283.2818,283.2818,282.7246,282.9435,52563.0
2026-03-13 15:00:00,282.9435,283.043,282.7246,282.849,56050.0
2026-03-13 15:05:00,282.8142,283.0727,282.6848,283.0082,59340.0
2026-03-13 15:10:00,282.9733,283.1823,282.6848,283.0027,73973.0
2026-03-13 15:15:00,283.0231,283.1624,282.7147,282.9684,56046.0
2026-03-13 15:20:00,282.9534,282.9534,282.3494,282.4659,61755.0
2026-03-13 15:25:00,282.456,282.456,281.8292,281.9684,96003.0
2026-03-13 15:30:00,281.9585,282.6749,281.9585,282.2271,155615.0
2026-03-13 15:35:00,282.2421,282.3167,281.859,281.9635,101933.0
2026-03-13 15:40:00,281.9983,282.0978,281.8093,282.0431,127882.0
2026-03-13 15:45:00,282.0281,282.1376,281.7297,282.053,103954.0
2026-03-13 15:50:00,282.0182,282.3067,281.8789,281.9983,110346.0
2026-03-13 15:55:00,281.9883,282.1873,281.859,282.0082,362623.0
2026-03-16 09:30:00,284.8936,285.4408,283.8887,284.5155,253592.0
2026-03-16 09:35:00,284.4658,285.1821,284.2451,285.1772,106783.0
2026-03-16 09:40:00,285.2219,287.1223,285.1622,287.1223,201266.0
2026-03-16 09:45:00,287.0477,287.565,286.6556,287.0676,114991.0
2026-03-16 09:50:00,287.1422,287.1919,286.1472,286.3164,87269.0
2026-03-16 09:55:00,286.391,287.8087,286.3363,287.3611,95309.0
2026-03-16 10:00:00,287.3611,287.3735,286.585,287.2218,93275.0
2026-03-16 10:05:00,287.2417,287.5402,287.0725,287.3014,69338.0
2026-03-16 10:10:00,287.3014,287.7491,286.2467,286.5452,90984.0
2026-03-16 10:15:00,286.6348,286.7641,285.8587,285.9532,73502.0
2026-03-16 10:20:00,285.9532,286.1374,285.5901,285.7195,84228.0
2026-03-16 10:25:00,285.799,285.8487,285.4408,285.5005,61123.0
2026-03-16 10:30:00,285.4756,285.8587,284.9035,284.9035,78348.0
2026-03-16 10:35:00,284.9831,285.3413,284.5354,284.5553,74968.0
2026-03-16 10:40:00,284.5653,284.5951,283.9384,284.1325,72592.0
2026-03-16 10:45:00,284.1076,284.3862,283.9782,284.3464,55275.0
2026-03-16 10:50:00,284.2519,285.3811,284.1175,285.3612,72833.0
2026-03-16 10:55:00,285.3413,285.8089,285.0727,285.7691,106174.0
2026-03-16 11:00:00,285.789,285.8288,285.3811,285.5652,41199.0
2026-03-16 11:05:00,285.5652,285.5652,285.0727,285.3413,49663.0
2026-03-16 11:10:00,285.3413,285.3413,284.7344,284.8538,42637.0
2026-03-16 11:15:00,284.8538,284.9333,284.3961,284.7543,56142.0
2026-03-16 11:20:00,284.804,285.2816,284.7444,285.1324,54418.0
2026-03-16 11:25:00,285.1423,285.6498,284.9085,285.5503,68209.0
2026-03-16 11:30:00,285.5652,286.0477,285.4508,286.0079,58439.0
2026-03-16 11:35:00,286.0477,286.4258,286.0477,286.1174,72990.0
2026-03-16 11:40:00,286.0875,286.2268,285.8885,285.9781,49586.0
2026-03-16 11:45:00,286.0179,286.4407,285.998,286.0776,56497.0
2026-03-16 11:50:00,286.0676,286.0975,285.1424,285.3712,95560.0
2026-03-16 11:55:00,285.3662,285.4995,284.804,284.8389,67563.0
2026-03-16 12:00:00,284.804,285.2418,284.6946,284.6946,72505.0
2026-03-16 12:05:00,284.7394,285.0418,284.5553,284.9135,45114.0
2026-03-16 12:10:00,284.9334,285.003,284.5951,284.9035,50320.0
2026-03-16 12:15:00,284.8538,285.0727,284.7842,284.819,45256.0
2026-03-16 12:20:00,284.8239,284.8538,283.9285,283.9683,59931.0
2026-03-16 12:25:00,283.9185,283.9185,283.3116,283.436,69479.0
2026-03-16 12:30:00,283.431,283.7594,283.1723,283.5605,46829.0
2026-03-16 12:35:00,283.6101,284.3454,283.5703,284.3454,40857.0
2026-03-16 12:40:00,284.3016,284.3265,284.0827,284.1573,31815.0
2026-03-16 12:45:00,284.1076,284.4061,283.9683,284.3464,42758.0
2026-03-16 12:50:00,284.2668,284.5056,284.11,284.1474,32533.0
2026-03-16 12:55:00,284.1474,284.227,283.7992,283.8937,32376.0
2026-03-16 13:00:00,283.9086,284.4756,283.8389,284.0976,51043.0
2026-03-16 13:05:00,284.0897,284.3364,283.7992,283.8389,30288.0
2026-03-16 13:10:00,283.8787,284.3457,283.8464,284.2618,34797.0
2026-03-16 13:15:00,284.2867,284.2867,283.7495,284.0568,24956.0
2026-03-16 13:20:00,284.0638,284.4558,283.9499,284.1374,46044.0
2026-03-16 13:25:00,284.1175,284.1872,283.9384,283.9981,28798.0
2026-03-16 13:30:00,284.023,284.1275,283.8091,283.8386,32245.0
2026-03-16 13:35:00,283.8937,284.0837,283.8588,283.9384,39541.0
2026-03-16 13:40:00,283.9185,284.0578,283.7942,283.9185,44374.0
2026-03-16 13:45:00,283.9285,284.2568,283.625,283.6798,30950.0
2026-03-16 13:50:00,283.635,283.8489,283.3614,283.7395,50346.0
2026-03-16 13:55:00,283.6897,283.9683,283.5703,283.8067,40973.0
2026-03-16 14:00:00,283.7793,284.1076,283.7096,284.0976,51159.0
2026-03-16 14:05:00,284.1474,284.4757,283.9484,284.1971,42745.0
2026-03-16 14:10:00,284.1971,284.3165,283.9683,284.2588,36089.0
2026-03-16 14:15:00,284.2519,284.4359,284.1772,284.2917,56069.0
2026-03-16 14:20:00,284.2568,284.4956,284.1822,284.3762,36612.0
2026-03-16 14:25:00,284.3762,284.4309,283.9782,284.227,45346.0
2026-03-16 14:30:00,284.2668,284.6946,284.227,284.615,37995.0
2026-03-16 14:35:00,284.61,284.8329,284.5454,284.6946,46150.0
2026-03-16 14:40:00,284.7493,284.7742,284.5354,284.7444,45410.0
2026-03-16 14:45:00,284.7543,284.8936,284.6449,284.804,38645.0
2026-03-16 14:50:00,284.7692,284.7742,284.3364,284.4757,33200.0
2026-03-16 14:55:00,284.4558,284.5951,284.3911,284.5951,45301.0
2026-03-16 15:00:00,284.6051,284.7742,284.4956,284.625,51342.0
2026-03-16 15:05:00,284.6053,285.2518,284.4658,285.2319,58935.0
2026-03-16 15:10:00,285.2518,285.5105,284.6648,284.9632,67238.0
2026-03-16 15:15:00,284.9433,285.2617,284.8836,284.9732,56252.0
2026-03-16 15:20:00,284.9334,285.3911,284.9035,284.9931,61191.0
2026-03-16 15:25:00,285.0229,285.1224,284.7444,285.0627,65405.0
2026-03-16 15:30:00,285.0279,285.1722,284.7644,284.8239,90769.0
2026-03-16 15:35:00,284.8289,284.8737,284.5056,284.6366,64808.0
2026-03-16 15:40:00,284.615,284.7344,284.2568,284.2966,113456.0
2026-03-16 15:45:00,284.3165,284.4359,284.1673,284.3265,82877.0
2026-03-16 15:50:00,284.3265,284.3663,284.0678,284.2767,132711.0
2026-03-16 15:55:00,284.2867,284.7742,284.2669,284.6747,462122.0
2026-03-17 09:30:00,287.5402,289.4206,287.4805,288.5749,204422.0
2026-03-17 09:35:00,288.4346,289.9778,288.3888,289.734,140107.0
2026-03-17 09:40:00,289.6992,290.2862,288.9729,289.0774,171071.0
2026-03-17 09:45:00,289.0326,289.7241,288.9331,289.3211,136902.0
2026-03-17 09:50:00,289.3062,289.5002,288.3859,289.0343,65087.0
2026-03-17 09:55:00,288.9928,289.2813,288.7056,288.8633,79105.0
2026-03-17 10:00:00,288.7888,288.7888,287.3859,287.8834,80427.0
2026-03-17 10:05:00,287.8187,288.4058,287.7292,288.2366,83039.0
2026-03-17 10:10:00,288.2267,288.2764,287.371,287.371,60087.0
2026-03-17 10:15:00,287.2914,287.3909,286.6845,286.9432,108425.0
2026-03-17 10:20:00,286.8934,287.2198,286.4457,286.5253,69418.0
2026-03-17 10:25:00,286.4855,286.6945,286.0477,286.6248,62115.0
2026-03-17 10:30:00,286.6348,286.9531,286.4855,286.9531,52333.0
2026-03-17 10:35:00,286.9283,287.0228,286.4208,286.6348,91747.0
2026-03-17 10:40:00,286.6049,287.2018,286.5552,287.0825,46220.0
2026-03-17 10:45:00,287.0029,287.1223,286.7342,286.8387,37188.0
2026-03-17 10:50:00,286.8437,287.1521,286.6497,286.9233,47035.0
2026-03-17 10:55:00,286.9034,287.0725,286.4955,286.7044,39599.0
2026-03-17 11:00:00,286.7094,286.8835,286.4159,286.5054,100043.0
2026-03-17 11:05:00,286.5104,286.5105,285.7493,285.9084,56218.0
2026-03-17 11:10:00,285.8836,286.0278,285.6697,285.6796,46166.0
2026-03-17 11:15:00,285.6945,286.0477,285.61,285.7119,51074.0
2026-03-17 11:20:00,285.7045,285.794,285.4508,285.7691,47604.0
2026-03-17 11:25:00,285.7343,286.0975,285.5304,285.7741,50090.0
2026-03-17 11:30:00,285.7691,286.177,285.5801,285.6398,42850.0
2026-03-17 11:35:00,285.6547,285.8487,284.9831,285.3811,124014.0
2026-03-17 11:40:00,285.3761,285.6198,285.1324,285.4806,31872.0
2026-03-17 11:45:00,285.5304,285.7294,285.3115,285.4358,44695.0
2026-03-17 11:50:00,285.4995,285.8637,285.401,285.6299,46380.0
2026-03-17 11:55:00,285.6348,285.7393,285.2717,285.6149,32272.0
2026-03-17 12:00:00,285.5874,285.6453,285.194,285.3314,40200.0
2026-03-17 12:05:00,285.3513,285.9184,285.3214,285.9084,48358.0
2026-03-17 12:10:00,285.8985,286.2567,285.7394,285.9383,45010.0
2026-03-17 12:15:00,285.9333,286.0079,285.6796,285.9184,60462.0
2026-03-17 12:20:00,285.9681,286.0278,285.2617,285.4209,133792.0
2026-03-17 12:25:00,285.3513,285.4159,284.9732,285.2617,55557.0
2026-03-17 12:30:00,285.2518,285.3761,284.9732,285.1821,44455.0
2026-03-17 12:35:00,285.1523,285.3793,284.9384,285.003,44301.0
2026-03-17 12:40:00,285.008,285.5402,285.003,285.4906,32033.0
2026-03-17 12:45:00,285.5154,285.789,285.401,285.4508,37054.0
2026-03-17 12:50:00,285.3811,285.6629,285.3811,285.5304,38619.0
2026-03-17 12:55:00,285.4806,285.7343,285.3027,285.3513,32657.0
2026-03-17 13:00:00,285.3861,285.6796,285.3513,285.6,48583.0
2026-03-17 13:05:00,285.5503,285.58,285.3015,285.4508,40233.0
2026-03-17 13:10:00,285.4756,285.6597,285.2319,285.5005,46962.0
2026-03-17 13:15:00,285.4806,285.5278,285.2816,285.4159,42007.0
2026-03-17 13:20:00,285.411,285.4906,285.2518,285.401,47974.0
2026-03-17 13:25:00,285.3811,285.9681,285.3214,285.8637,50513.0
2026-03-17 13:30:00,285.8189,286.0477,285.6627,285.7343,29993.0
2026-03-17 13:35:00,285.7691,286.0875,285.7691,286.0328,32940.0
2026-03-17 13:40:00,286.0612,286.0612,285.5801,285.6896,36046.0
2026-03-17 13:45:00,285.7393,285.8189,285.4806,285.6697,35110.0
2026-03-17 13:50:00,285.6896,285.9283,285.5105,285.8885,29690.0
2026-03-17 13:55:00,285.9184,285.9383,285.61,285.6299,45427.0
2026-03-17 14:00:00,285.7194,285.8786,285.2617,285.6299,35445.0
2026-03-17 14:05:00,285.6795,285.9781,285.5801,285.9781,34120.0
2026-03-17 14:10:00,285.9283,286.0477,285.7244,285.8537,44161.0
2026-03-17 14:15:00,285.8089,285.9781,285.6995,285.9681,32820.0
2026-03-17 14:20:00,285.9184,285.9184,285.3712,285.3712,41508.0
2026-03-17 14:25:00,285.3911,285.5004,285.1224,285.1423,27920.0
2026-03-17 14:30:00,285.1224,285.401,285.0628,285.3811,39859.0
2026-03-17 14:35:00,285.3164,285.6199,285.2635,285.5403,29878.0
2026-03-17 14:40:00,285.4707,285.6043,285.406,285.4906,31117.0
2026-03-17 14:45:00,285.5403,285.6398,285.411,285.6261,29070.0
2026-03-17 14:50:00,285.61,285.8686,285.4906,285.7095,41851.0
2026-03-17 14:55:00,285.7144,285.7144,285.4508,285.6746,32081.0
2026-03-17 15:00:00,285.6995,285.7247,285.5403,285.5403,41894.0
2026-03-17 15:05:00,285.5503,285.8388,285.5005,285.8388,38525.0
2026-03-17 15:10:00,285.8487,286.0378,285.8202,285.8786,43193.0
2026-03-17 15:15:00,285.8786,285.8786,285.0329,285.3811,142467.0
2026-03-17 15:20:00,285.3314,285.5005,285.1871,285.411,56239.0
2026-03-17 15:25:00,285.3911,285.4657,285.1324,285.3811,62229.0
2026-03-17 15:30:00,285.3513,285.3911,285.0926,285.2692,105132.0
2026-03-17 15:35:00,285.2617,286.0975,285.2418,285.8587,111009.0
2026-03-17 15:40:00,285.8786,285.9781,285.61,285.7194,92739.0
2026-03-17 15:45:00,285.7294,285.9394,285.6597,285.7194,82497.0
2026-03-17 15:50:00,285.6896,285.7493,285.212,285.4358,124082.0
2026-03-17 15:55:00,285.4209,285.5403,284.5056,285.4408,521985.0
2026-03-18 09:30:00,285.3811,285.6597,284.0578,284.4757,209586.0
2026-03-18 09:35:00,284.4757,284.6648,283.682,284.3414,58118.0
2026-03-18 09:40:00,284.3663,285.3811,284.1772,285.3811,174943.0
2026-03-18 09:45:00,285.2219,286.0776,285.0528,286.0278,94211.0
2026-03-18 09:50:00,285.9482,287.4009,285.8503,287.3412,119703.0
2026-03-18 09:55:00,287.3461,287.5601,285.7592,286.8785,95217.0
2026-03-18 10:00:00,286.9631,287.0128,285.6896,286.0875,67257.0
2026-03-18 10:05:00,286.1174,286.4159,285.8239,286.0776,57883.0
2026-03-18 10:10:00,285.988,286.0079,284.8339,285.2319,123259.0
2026-03-18 10:15:00,285.212,285.6697,285.1324,285.6597,56867.0
2026-03-18 10:20:00,285.7294,285.9184,285.4906,285.5602,37074.0
2026-03-18 10:25:00,285.6348,285.7691,285.0727,285.3015,46044.0
2026-03-18 10:30:00,285.3513,285.9283,285.3413,285.4906,53757.0
2026-03-18 10:35:00,285.4707,285.8288,285.4084,285.4309,39931.0
2026-03-18 10:40:00,285.4309,285.59,285.0428,285.3513,49726.0
2026-03-18 10:45:00,285.3513,285.8885,285.3116,285.7294,42900.0
2026-03-18 10:50:00,285.7393,286.197,285.7393,285.8886,46267.0
2026-03-18 10:55:00,285.8985,286.6944,285.7294,286.5751,80300.0
2026-03-18 11:00:00,286.5751,287.0029,286.3164,286.7144,100442.0
2026-03-18 11:05:00,286.6447,287.0427,286.5751,286.7442,43007.0
2026-03-18 11:10:00,286.7243,286.8734,286.3363,286.6746,57269.0
2026-03-18 11:15:00,286.6994,286.8735,286.0776,286.1373,43488.0
2026-03-18 11:20:00,286.1522,286.2616,285.789,286.2616,43499.0
2026-03-18 11:25:00,286.2616,286.3562,286.0477,286.3014,66832.0
2026-03-18 11:30:00,286.2567,286.6099,286.2467,286.5651,42316.0
2026-03-18 11:35:00,286.5751,286.6348,286.2767,286.4159,81091.0
2026-03-18 11:40:00,286.396,286.4059,285.6498,286.0377,100023.0
2026-03-18 11:45:00,286.0268,286.0726,285.7493,286.0378,47833.0
2026-03-18 11:50:00,285.998,286.1074,285.7592,286.0975,45687.0
2026-03-18 11:55:00,286.0975,286.187,285.7592,285.9582,49954.0
2026-03-18 12:00:00,286.003,286.003,285.6796,285.8239,66162.0
2026-03-18 12:05:00,285.8189,286.1074,285.6597,285.9483,43909.0
2026-03-18 12:10:00,285.993,286.3661,285.8786,286.3661,42527.0
2026-03-18 12:15:00,286.3562,286.4756,286.0179,286.2666,57698.0
2026-03-18 12:20:00,286.3462,286.6397,286.2666,286.6099,48355.0
2026-03-18 12:25:00,286.6099,286.6413,286.2766,286.4159,46145.0
2026-03-18 12:30:00,286.4159,286.5004,285.9791,286.1522,61220.0
2026-03-18 12:35:00,286.1224,286.386,285.9283,286.2766,62900.0
2026-03-18 12:40:00,286.3164,286.5751,286.2268,286.5154,58409.0
2026-03-18 12:45:00,286.4706,286.6447,286.3761,286.6049,53411.0
2026-03-18 12:50:00,286.6049,286.8735,286.4358,286.8138,35161.0
2026-03-18 12:55:00,286.784,286.9631,286.4855,286.5452,36005.0
2026-03-18 13:00:00,286.5452,286.5835,286.1572,286.4656,39332.0
2026-03-18 13:05:00,286.5004,286.6646,286.0382,286.1124,31395.0
2026-03-18 13:10:00,286.1149,286.366,286.0278,286.2616,28642.0
2026-03-18 13:15:00,286.2616,286.9034,286.2169,286.7044,55726.0
2026-03-18 13:20:00,286.7442,286.8337,286.595,286.6447,35974.0
2026-03-18 13:25:00,286.6348,286.6348,286.2567,286.2716,37786.0
2026-03-18 13:30:00,286.2766,286.386,285.9283,286.2865,31170.0
2026-03-18 13:35:00,286.2865,286.5651,286.2369,286.3412,47441.0
2026-03-18 13:40:00,286.3412,286.4258,285.9482,286.1522,112866.0
2026-03-18 13:45:00,286.1522,286.4955,285.9781,286.2517,54816.0
2026-03-18 13:50:00,286.2169,286.3353,285.8885,286.3213,73919.0
2026-03-18 13:55:00,286.3213,286.7541,286.187,286.7442,42873.0
2026-03-18 14:00:00,286.7541,286.9631,286.4797,286.9332,86600.0
2026-03-18 14:05:00,286.9034,287.1671,286.6349,286.7442,57135.0
2026-03-18 14:10:00,286.6746,286.8337,286.4457,286.784,60015.0
2026-03-18 14:15:00,286.7342,287.1223,286.1771,287.0228,110943.0
2026-03-18 14:20:00,287.0626,287.376,286.8337,287.0079,55194.0
2026-03-18 14:25:00,287.0327,287.3611,286.9432,287.3163,72468.0
2026-03-18 14:30:00,287.2516,287.4208,287.0079,287.0427,155362.0
2026-03-18 14:35:00,287.0427,287.9431,287.0118,287.1919,89684.0
2026-03-18 14:40:00,287.2019,287.4108,286.8536,287.1024,82582.0
2026-03-18 14:45:00,287.1024,287.2616,286.9133,286.9332,56022.0
2026-03-18 14:50:00,286.9631,286.9631,286.0875,286.187,68577.0
2026-03-18 14:55:00,286.1572,286.595,286.0477,286.5751,102138.0
2026-03-18 15:00:00,286.5552,286.9929,286.4656,286.9929,89186.0
2026-03-18 15:05:00,286.9432,287.4506,286.8934,287.4108,79953.0
2026-03-18 15:10:00,287.4108,287.4208,286.8238,286.8636,61112.0
2026-03-18 15:15:00,286.8934,286.9531,286.4955,286.4955,275778.0
2026-03-18 15:20:00,286.5004,286.6185,286.2219,286.2219,87587.0
2026-03-18 15:25:00,286.2268,286.5353,286.1572,286.3164,105257.0
2026-03-18 15:30:00,286.3064,286.4855,286.1373,286.2597,129013.0
2026-03-18 15:35:00,286.2567,286.2766,286.0179,286.1771,117251.0
2026-03-18 15:40:00,286.1671,286.5137,286.0229,286.1074,130485.0
2026-03-18 15:45:00,286.0875,286.386,285.7343,286.1423,103665.0
2026-03-18 15:50:00,286.1373,286.3064,285.8288,286.2666,186582.0
2026-03-18 15:55:00,286.2616,286.396,285.7494,286.2965,548271.0
2026-03-19 09:30:00,285.4309,285.8089,283.7693,285.1722,301205.0
2026-03-19 09:35:00,285.0826,285.8089,284.3563,284.804,128077.0
2026-03-19 09:40:00,284.7692,286.5751,284.625,285.9517,167315.0
2026-03-19 09:45:00,285.9184,286.6049,285.61,286.5402,167733.0
2026-03-19 09:50:00,286.5353,288.0476,286.5213,286.8536,122774.0
2026-03-19 09:55:00,286.8188,286.8636,285.61,286.187,81852.0
2026-03-19 10:00:00,286.187,286.4755,285.0229,285.1125,100591.0
2026-03-19 10:05:00,285.1175,285.4508,284.804,285.0403,65085.0
2026-03-19 10:10:00,285.1224,285.5502,284.0578,284.1723,101520.0
2026-03-19 10:15:00,284.0987,284.2469,283.5106,284.227,114035.0
2026-03-19 10:20:00,284.227,284.6946,283.8389,283.9782,106773.0
2026-03-19 10:25:00,284.018,284.1971,283.1823,283.4509,81137.0
2026-03-19 10:30:00,283.3912,284.5304,283.2121,284.3961,102077.0
2026-03-19 10:35:00,284.4757,284.8637,283.5902,283.8191,78388.0
2026-03-19 10:40:00,283.7594,284.227,283.5106,283.9086,59885.0
2026-03-19 10:45:00,283.9036,284.3663,283.8688,284.018,51336.0
2026-03-19 10:50:00,284.1573,284.2369,283.8986,284.0628,73790.0
2026-03-19 10:55:00,284.0628,284.5751,283.9285,284.3091,60950.0
2026-03-19 11:00:00,284.2075,284.7344,284.0578,284.7046,93260.0
2026-03-19 11:05:00,284.7543,285.0926,284.5454,284.9732,77472.0
2026-03-19 11:10:00,285.003,285.1323,284.4225,284.6449,69414.0
2026-03-19 11:15:00,284.6847,284.9632,284.3181,284.3639,61116.0
2026-03-19 11:20:00,284.426,284.5951,284.2369,284.4509,66125.0
2026-03-19 11:25:00,284.4508,284.8737,284.2767,284.7643,72150.0
2026-03-19 11:30:00,284.7643,284.9035,284.4459,284.4558,56648.0
2026-03-19 11:35:00,284.4459,284.5354,284.1674,284.3374,44617.0
2026-03-19 11:40:00,284.3563,284.5553,283.7395,283.7395,81175.0
2026-03-19 11:45:00,283.7067,283.7395,283.3514,283.6101,86420.0
2026-03-19 11:50:00,283.64,283.7594,283.3813,283.5206,51217.0
2026-03-19 11:55:00,283.5206,284.2318,283.3614,284.2169,84918.0
2026-03-19 12:00:00,284.1872,284.9732,284.028,284.6051,90657.0
2026-03-19 12:05:00,284.5404,284.9632,284.4359,284.7145,62340.0
2026-03-19 12:10:00,284.6797,284.6797,284.1275,284.1772,35495.0
2026-03-19 12:15:00,284.1705,284.426,284.1225,284.1474,39888.0
2026-03-19 12:20:00,284.1474,284.4658,284.1474,284.3663,49125.0
2026-03-19 12:25:00,284.4061,284.5653,284.2966,284.4359,43566.0
2026-03-19 12:30:00,284.4857,284.7543,284.3364,284.5006,50016.0
2026-03-19 12:35:00,284.4459,284.5852,284.1076,284.4658,37638.0
2026-03-19 12:40:00,284.4359,285.003,284.411,284.8936,38333.0
2026-03-19 12:45:00,284.8936,284.9533,284.5653,284.7145,49244.0
2026-03-19 12:50:00,284.7145,284.794,283.829,284.2369,88709.0
2026-03-19 12:55:00,284.2519,284.3165,284.0479,284.1822,40417.0
2026-03-19 13:00:00,284.2071,284.2668,284.018,284.1175,34960.0
2026-03-19 13:05:00,284.1275,284.3663,283.9384,284.1325,73620.0
2026-03-19 13:10:00,284.1573,284.416,284.0976,284.2618,43544.0
2026-03-19 13:15:00,284.2618,284.7842,284.232,284.7046,39518.0
2026-03-19 13:20:00,284.7195,284.7444,284.4537,284.5255,82415.0
2026-03-19 13:25:00,284.5454,284.9035,284.3563,284.819,102903.0
2026-03-19 13:30:00,284.8438,285.1423,284.5454,284.6747,58441.0
2026-03-19 13:35:00,284.6548,284.814,284.5454,284.5852,47128.0
2026-03-19 13:40:00,284.625,284.8239,284.5056,284.6648,40196.0
2026-03-19 13:45:00,284.6598,284.8438,284.5653,284.7742,30761.0
2026-03-19 13:50:00,284.814,285.1523,284.7601,285.013,43077.0
2026-03-19 13:55:00,284.9931,285.013,284.6747,284.7344,52138.0
2026-03-19 14:00:00,284.7344,284.7643,284.5454,284.625,51796.0
2026-03-19 14:05:00,284.6299,285.1224,284.5454,284.9732,79726.0
2026-03-19 14:10:00,284.9931,285.5293,284.9931,285.4906,57121.0
2026-03-19 14:15:00,285.4906,285.7095,285.212,285.3115,64280.0
2026-03-19 14:20:00,285.2717,285.4209,285.0627,285.3015,63161.0
2026-03-19 14:25:00,285.3015,285.4508,285.212,285.4358,44660.0
2026-03-19 14:30:00,285.411,285.5005,285.2219,285.4955,42368.0
2026-03-19 14:35:00,285.5105,285.5602,285.0528,285.202,37646.0
2026-03-19 14:40:00,285.1971,285.2319,284.9135,285.0031,49383.0
2026-03-19 14:45:00,285.003,285.0627,284.8914,284.9732,39927.0
2026-03-19 14:50:00,284.9682,285.212,284.9135,285.1622,44939.0
2026-03-19 14:55:00,285.1871,286.2766,285.1125,286.0925,102749.0
2026-03-19 15:00:00,286.0925,287.2715,286.0079,286.7144,100819.0
2026-03-19 15:05:00,286.7299,287.7391,286.6845,287.1621,109927.0
2026-03-19 15:10:00,287.2118,287.6795,286.7044,287.361,125073.0
2026-03-19 15:15:00,287.2417,287.5949,286.9531,287.3511,96030.0
2026-03-19 15:20:00,287.3909,287.3909,286.5452,286.7144,64779.0
2026-03-19 15:25:00,286.784,286.784,286.0477,286.2616,78505.0
2026-03-19 15:30:00,286.2965,286.4955,286.0875,286.2865,84092.0
2026-03-19 15:35:00,286.2666,286.7342,285.9383,286.6895,123311.0
2026-03-19 15:40:00,286.6547,287.0725,286.5502,286.8536,114479.0
2026-03-19 15:45:00,286.8636,287.2715,286.6547,287.0576,117567.0
2026-03-19 15:50:00,287.0526,287.0924,286.4955,286.6746,145505.0
2026-03-19 15:55:00,286.6547,286.7641,286.2865,286.5253,420704.0
2026-03-20 09:30:00,286.6248,287.2218,285.4159,285.9283,2272301.0
2026-03-20 09:35:00,285.8885,285.988,284.7742,285.8089,73544.0
2026-03-20 09:40:00,285.7832,286.197,285.3861,286.0627,99330.0
2026-03-20 09:45:00,286.1771,286.6746,285.993,286.3263,92692.0
2026-03-20 09:50:00,286.2815,286.3673,285.401,286.0527,68916.0
2026-03-20 09:55:00,286.0577,286.6248,285.7294,286.1671,76025.0
2026-03-20 10:00:00,286.197,287.5402,286.003,286.5154,75074.0
2026-03-20 10:05:00,286.5651,287.3213,286.4457,287.3014,82576.0
2026-03-20 10:10:00,287.3014,287.6397,285.6398,285.6398,110187.0
2026-03-20 10:15:00,285.6299,285.9283,285.3513,285.8089,79245.0
2026-03-20 10:20:00,285.794,286.2567,285.411,285.8189,48849.0
2026-03-20 10:25:00,285.8139,285.9084,285.1423,285.2269,76828.0
2026-03-20 10:30:00,285.1722,285.9781,285.1722,285.7343,63509.0
2026-03-20 10:35:00,285.7294,286.5452,285.1722,285.5652,64370.0
2026-03-20 10:40:00,285.5105,286.2069,285.4707,285.988,37464.0
2026-03-20 10:45:00,285.8885,286.59,285.7612,286.3263,72482.0
2026-03-20 10:50:00,286.3263,286.386,284.8538,284.9583,60364.0
2026-03-20 10:55:00,284.8936,285.8288,284.8837,285.2717,70506.0
2026-03-20 11:00:00,285.2717,286.2069,285.2717,285.9632,72405.0
2026-03-20 11:05:00,285.8487,286.2069,285.6796,285.988,73532.0
2026-03-20 11:10:00,285.998,286.197,285.7294,286.1671,64456.0
2026-03-20 11:15:00,286.1225,286.2666,285.5204,286.0766,222758.0
2026-03-20 11:20:00,285.8786,286.8934,285.4607,285.998,69759.0
2026-03-20 11:25:00,286.0328,286.1074,284.635,285.003,81038.0
2026-03-20 11:30:00,284.9433,285.6,284.9234,285.3712,59931.0
2026-03-20 11:35:00,285.5402,285.7094,285.0528,285.5602,42573.0
2026-03-20 11:40:00,285.6299,285.8587,285.411,285.7977,75436.0
2026-03-20 11:45:00,285.7393,286.0477,285.4508,285.8985,54323.0
2026-03-20 11:50:00,285.8288,286.3751,285.61,286.1646,58595.0
2026-03-20 11:55:00,286.1622,286.1622,285.3513,285.7194,61328.0
2026-03-20 12:00:00,285.7294,286.2765,285.5204,286.1074,54026.0
2026-03-20 12:05:00,286.1025,286.1074,285.4408,285.7144,61783.0
2026-03-20 12:10:00,285.6896,286.1373,285.6896,285.9632,36747.0
2026-03-20 12:15:00,285.8885,286.5651,285.7791,286.5452,63421.0
2026-03-20 12:20:00,286.585,286.983,286.5054,286.8238,51014.0
2026-03-20 12:25:00,286.8138,286.8835,286.5552,286.6945,55011.0
2026-03-20 12:30:00,286.6447,286.9432,286.2368,286.9283,48683.0
2026-03-20 12:35:00,286.9233,287.3412,286.7641,287.3312,59083.0
2026-03-20 12:40:00,287.3611,287.6496,287.0576,287.3909,69068.0
2026-03-20 12:45:00,287.4407,288.2366,287.3611,288.2366,81935.0
2026-03-20 12:50:00,288.2267,288.5152,288.0028,288.2316,96917.0
2026-03-20 12:55:00,288.2316,288.6446,287.7292,288.356,130658.0
2026-03-20 13:00:00,288.3262,289.2415,288.2366,288.9381,275985.0
2026-03-20 13:05:00,288.9381,288.9928,288.2714,288.6197,75665.0
2026-03-20 13:10:00,288.6247,288.7639,287.7988,287.8884,53828.0
2026-03-20 13:15:00,287.9381,288.0824,287.7391,287.8884,68392.0
2026-03-20 13:20:00,287.8436,288.5137,287.7889,287.9481,42531.0
2026-03-20 13:25:00,287.9779,288.0972,287.7192,287.9432,47750.0
2026-03-20 13:30:00,287.9431,288.0035,287.3014,287.4655,56412.0
2026-03-20 13:35:00,287.5302,287.759,287.0825,287.5617,50933.0
2026-03-20 13:40:00,287.5601,287.6098,287.2466,287.2864,35881.0
2026-03-20 13:45:00,287.3312,287.4659,287.0178,287.3561,58645.0
2026-03-20 13:50:00,287.3271,287.4407,287.0377,287.3511,52740.0
2026-03-20 13:55:00,287.4307,287.8386,287.4108,287.769,61537.0
2026-03-20 14:00:00,287.7541,287.774,287.3312,287.4158,42180.0
2026-03-20 14:05:00,287.4108,287.4606,286.9537,287.1223,42757.0
2026-03-20 14:10:00,287.2019,287.2019,286.7641,287.0646,42235.0
2026-03-20 14:15:00,287.1123,287.2616,286.6845,286.9929,54740.0
2026-03-20 14:20:00,286.973,287.1372,285.8487,286.1671,74349.0
2026-03-20 14:25:00,286.2268,286.386,286.008,286.2069,42522.0
2026-03-20 14:30:00,286.197,286.2965,285.7791,285.9831,55812.0
2026-03-20 14:35:00,285.9781,286.1058,285.6498,285.8985,60026.0
2026-03-20 14:40:00,285.8836,286.1423,285.7493,285.9535,35949.0
2026-03-20 14:45:00,285.9582,286.0278,285.6299,285.6846,47780.0
2026-03-20 14:50:00,285.6299,285.9184,285.4209,285.8885,154269.0
2026-03-20 14:55:00,285.8588,286.0577,285.6498,285.8288,73710.0
2026-03-20 15:00:00,285.8885,286.3363,285.8487,286.187,79672.0
2026-03-20 15:05:00,286.197,286.2169,285.5801,285.799,62926.0
2026-03-20 15:10:00,285.799,285.8189,285.401,285.6498,65743.0
2026-03-20 15:15:00,285.6795,285.8189,285.4928,285.7592,54890.0
2026-03-20 15:20:00,285.7294,285.7691,285.2816,285.3368,64489.0
2026-03-20 15:25:00,285.3314,285.61,285.2219,285.4309,84915.0
2026-03-20 15:30:00,285.4607,285.5204,284.6349,284.7245,96266.0
2026-03-20 15:35:00,284.7294,284.804,284.1275,284.6299,120399.0
2026-03-20 15:40:00,284.5951,285.4607,284.4807,285.4309,135258.0
2026-03-20 15:45:00,285.4408,285.4508,284.6408,284.7344,162026.0
2026-03-20 15:50:00,284.7543,285.7592,283.829,285.7493,318379.0
2026-03-20 15:55:00,285.7294,286.197,284.5553,285.2916,1029914.0
2026-03-23 09:30:00,292.8233,294.2561,289.7937,290.1668,422229.0
2026-03-23 09:35:00,290.1668,291.8184,289.938,291.7587,164900.0
2026-03-23 09:40:00,291.7388,292.5149,291.0175,291.7438,173232.0
2026-03-23 09:45:00,291.5995,291.6095,286.5154,290.0673,164861.0
2026-03-23 09:50:00,290.0275,291.2314,289.7091,290.6444,89906.0
2026-03-23 09:55:00,290.724,291.0722,290.3459,290.7389,107555.0
2026-03-23 10:00:00,290.6941,291.8781,290.4454,290.9379,119906.0
2026-03-23 10:05:00,291.0026,291.6791,290.525,291.4982,97789.0
2026-03-23 10:10:00,291.52,291.6692,290.724,291.0523,93430.0
2026-03-23 10:15:00,291.1319,291.7189,290.7837,291.7189,80948.0
2026-03-23 10:20:00,291.7289,292.1965,291.1618,291.6095,105648.0
2026-03-23 10:25:00,291.6294,291.6294,290.8434,290.9926,57428.0
2026-03-23 10:30:00,290.9827,291.321,290.6643,291.321,109396.0
2026-03-23 10:35:00,291.3409,291.5796,290.6742,291.2364,49459.0
2026-03-23 10:40:00,291.1618,291.4702,290.7837,291.2513,43012.0
2026-03-23 10:45:00,291.0523,292.1269,290.9926,292.0423,50187.0
2026-03-23 10:50:00,292.0423,292.3657,291.6891,291.7786,105941.0
2026-03-23 10:55:00,291.7388,292.0074,291.6194,291.8433,59728.0
2026-03-23 11:00:00,291.8433,292.8134,291.7985,292.6343,95340.0
2026-03-23 11:05:00,292.5945,292.7139,292.2264,292.4851,86734.0
2026-03-23 11:10:00,292.4453,292.8383,292.1997,292.3358,61195.0
2026-03-23 11:15:00,292.3109,292.3955,291.5896,291.6592,73593.0
2026-03-23 11:20:00,291.6393,292.068,291.4205,291.9727,61820.0
2026-03-23 11:25:00,291.9279,292.0671,291.3211,291.4702,56314.0
2026-03-23 11:30:00,291.4652,291.5647,290.7339,290.9031,69952.0
2026-03-23 11:35:00,290.8981,290.9926,290.3161,290.4056,71868.0
2026-03-23 11:40:00,290.4504,290.6145,289.6375,289.8484,404112.0
2026-03-23 11:45:00,289.8534,290.6643,289.7788,290.4753,53028.0
2026-03-23 11:50:00,290.5151,290.7339,289.8335,289.8335,50276.0
2026-03-23 11:55:00,289.8385,290.0474,289.4727,289.734,68320.0
2026-03-23 12:00:00,289.734,290.3161,289.4505,289.9479,110148.0
2026-03-23 12:05:00,289.8882,290.0574,289.55,289.9181,54853.0
2026-03-23 12:10:00,289.8086,290.0574,289.55,289.6594,105537.0
2026-03-23 12:15:00,289.6892,289.8683,288.9132,289.152,72981.0
2026-03-23 12:20:00,289.1918,289.3211,288.8236,289.0575,56512.0
2026-03-23 12:25:00,288.9629,289.3311,288.4754,288.5351,62175.0
2026-03-23 12:30:00,288.5351,289.2117,288.4157,289.1271,57701.0
2026-03-23 12:35:00,289.152,289.8833,289.152,289.3311,59294.0
2026-03-23 12:40:00,289.3012,289.5699,289.0226,289.2913,44056.0
2026-03-23 12:45:00,289.2913,289.54,289.0823,289.4306,72317.0
2026-03-23 12:50:00,289.3609,289.6693,289.0226,289.5201,38909.0
2026-03-23 12:55:00,289.5301,289.6793,289.2117,289.3896,44280.0
2026-03-23 13:00:00,289.4007,289.5997,288.6346,288.6843,96208.0
2026-03-23 13:05:00,288.7106,289.2614,288.4754,289.1321,35562.0
2026-03-23 13:10:00,289.2465,289.5102,289.1221,289.1768,31133.0
2026-03-23 13:15:00,289.2316,289.2515,288.8236,289.0127,30158.0
2026-03-23 13:20:00,289.0823,289.1221,288.6346,288.8784,79606.0
2026-03-23 13:25:00,288.8535,289.5699,288.7639,289.4504,55477.0
2026-03-23 13:30:00,289.4405,290.2265,289.3609,290.1867,66051.0
2026-03-23 13:35:00,290.1618,290.6444,290.0773,290.4504,49264.0
2026-03-23 13:40:00,290.4554,290.5548,289.8484,290.0176,32191.0
2026-03-23 13:45:00,289.928,290.1668,289.86,290.0375,44480.0
2026-03-23 13:50:00,290.0027,290.4156,289.928,290.3064,42460.0
2026-03-23 13:55:00,290.2812,290.8533,290.2066,290.8185,29484.0
2026-03-23 14:00:00,290.7638,290.8633,290.4355,290.8135,40420.0
2026-03-23 14:05:00,290.8036,290.8135,289.9181,290.2912,69285.0
2026-03-23 14:10:00,290.2862,290.7439,290.2514,290.525,40950.0
2026-03-23 14:15:00,290.53,290.6046,290.0794,290.1569,49316.0
2026-03-23 14:20:00,290.1668,290.3061,289.9003,290.2564,41029.0
2026-03-23 14:25:00,290.2613,290.4753,290.1071,290.2753,48623.0
2026-03-23 14:30:00,290.2663,291.0225,290.2266,290.8931,58089.0
2026-03-23 14:35:00,290.9628,291.6692,290.9628,291.2613,81416.0
2026-03-23 14:40:00,291.1932,291.2613,290.9031,291.0523,37801.0
2026-03-23 14:45:00,291.0026,291.2613,290.9031,291.0872,54570.0
2026-03-23 14:50:00,291.0424,291.1319,290.5151,290.6941,57696.0
2026-03-23 14:55:00,290.6991,290.913,290.6742,290.8135,36532.0
2026-03-23 15:00:00,290.8235,290.8732,290.3459,290.3857,41651.0
2026-03-23 15:05:00,290.3708,290.6145,290.336,290.5797,39542.0
2026-03-23 15:10:00,290.5449,290.5797,290.1768,290.3011,47777.0
2026-03-23 15:15:00,290.3111,290.3857,289.948,290.0872,46841.0
2026-03-23 15:20:00,290.0633,290.127,289.729,290.0764,64720.0
2026-03-23 15:25:00,290.0872,290.2165,289.8855,289.9479,62856.0
2026-03-23 15:30:00,289.938,289.9678,289.6296,289.8285,101204.0
2026-03-23 15:35:00,289.8584,290.1854,289.8196,289.9877,82984.0
2026-03-23 15:40:00,289.9728,290.1967,289.5649,290.1668,190675.0
2026-03-23 15:45:00,290.1768,290.2464,288.9619,288.9619,222949.0
2026-03-23 15:50:00,289.0127,289.6445,288.9729,289.4107,198685.0
2026-03-23 15:55:00,289.4206,289.4604,288.366,288.4655,718879.0
2026-03-24 09:30:00,284.7245,286.1771,283.9286,285.9681,346356.0
2026-03-24 09:35:00,286.0577,287.3611,285.4906,286.8337,139019.0
2026-03-24 09:40:00,286.8138,287.4257,286.3363,286.9332,108127.0
2026-03-24 09:45:00,286.9332,287.6098,286.9233,287.0974,99233.0
2026-03-24 09:50:00,287.1521,287.8735,286.7342,286.7342,77676.0
2026-03-24 09:55:00,286.7939,287.0924,286.3462,287.0702,61341.0
2026-03-24 10:00:00,286.9581,287.4307,286.7193,287.4307,75209.0
2026-03-24 10:05:00,287.4357,287.9806,286.8735,287.575,86717.0
2026-03-24 10:10:00,287.5352,287.6596,286.7651,287.5402,78586.0
2026-03-24 10:15:00,287.5004,287.5004,286.3263,286.784,69880.0
2026-03-24 10:20:00,286.774,287.2616,286.6646,286.9034,54575.0
2026-03-24 10:25:00,286.9084,288.0376,286.7243,287.7789,90793.0
2026-03-24 10:30:00,287.8088,288.9729,287.7541,288.754,137848.0
2026-03-24 10:35:00,288.8734,288.9828,288.3262,288.8535,86357.0
2026-03-24 10:40:00,288.8336,289.7191,288.7142,289.6296,133255.0
2026-03-24 10:45:00,289.5898,290.0673,288.9629,289.1321,73939.0
2026-03-24 10:50:00,289.1321,291.7985,288.8336,291.4006,178264.0
2026-03-24 10:55:00,291.3322,291.8334,290.9528,291.6393,185100.0
2026-03-24 11:00:00,291.6841,292.7736,291.6841,292.2662,131914.0
2026-03-24 11:05:00,292.1866,292.3557,291.7886,292.2861,57813.0
2026-03-24 11:10:00,292.2065,292.2264,291.6244,291.9776,62587.0
2026-03-24 11:15:00,292.0193,292.3358,291.8453,292.2662,76850.0
2026-03-24 11:20:00,292.2612,292.7437,292.107,292.7039,74263.0
2026-03-24 11:25:00,292.6442,293.2114,292.5945,292.8084,80002.0
2026-03-24 11:30:00,292.8084,293.0621,292.3757,292.5845,72974.0
2026-03-24 11:35:00,292.5497,293.4104,292.5497,293.1367,122108.0
2026-03-24 11:40:00,293.1716,293.3109,293.0149,293.2512,56435.0
2026-03-24 11:45:00,293.2127,293.8083,293.0124,293.7486,95429.0
2026-03-24 11:50:00,293.6889,293.9874,293.3308,293.3308,88508.0
2026-03-24 11:55:00,293.3308,293.3308,292.1766,292.2363,95328.0
2026-03-24 12:00:00,292.2662,292.3159,291.8582,291.9478,104553.0
2026-03-24 12:05:00,291.9428,292.2463,291.6145,292.1965,79835.0
2026-03-24 12:10:00,292.1219,292.604,292.0274,292.5149,98463.0
2026-03-24 12:15:00,292.6044,293.4701,292.5149,292.7736,45787.0
2026-03-24 12:20:00,292.7736,292.7736,292.5249,292.6492,33807.0
2026-03-24 12:25:00,292.6492,292.7039,292.2861,292.4204,53650.0
2026-03-24 12:30:00,292.4055,292.6641,292.0672,292.1866,50058.0
2026-03-24 12:35:00,292.2034,292.2034,291.2613,291.2911,93277.0
2026-03-24 12:40:00,291.3011,291.8184,291.1419,291.8184,61459.0
2026-03-24 12:45:00,291.7886,292.107,291.51,291.7687,35406.0
2026-03-24 12:50:00,291.7388,291.9677,291.6891,291.7786,32654.0
2026-03-24 12:55:00,291.8035,292.0771,291.5399,291.9279,38303.0
2026-03-24 13:00:00,291.9279,292.0471,291.0026,291.0424,72373.0
2026-03-24 13:05:00,291.0225,291.51,290.7936,291.2314,84682.0
2026-03-24 13:10:00,291.2812,291.4403,291.0324,291.1667,46515.0
2026-03-24 13:15:00,291.122,291.4901,291.122,291.3193,43674.0
2026-03-24 13:20:00,291.2662,291.4901,291.1618,291.2314,42332.0
2026-03-24 13:25:00,291.1817,291.3508,291.0523,291.1618,60773.0
2026-03-24 13:30:00,291.1518,291.6294,291.1518,291.4354,52347.0
2026-03-24 13:35:00,291.4105,291.5995,291.1817,291.5498,48757.0
2026-03-24 13:40:00,291.5299,291.704,291.2016,291.321,106486.0
2026-03-24 13:45:00,291.3011,291.3309,290.8832,291.2414,71017.0
2026-03-24 13:50:00,291.2414,291.6791,291.0822,291.4055,59838.0
2026-03-24 13:55:00,291.3906,291.9279,291.3608,291.8184,80761.0
2026-03-24 14:00:00,291.8085,292.0373,291.3409,291.4802,54053.0
2026-03-24 14:05:00,291.4802,291.6692,291.3309,291.505,65047.0
2026-03-24 14:10:00,291.5399,291.5896,291.3608,291.3906,61479.0
2026-03-24 14:15:00,291.3906,291.4503,291.0524,291.2762,60421.0
2026-03-24 14:20:00,291.3807,291.4503,291.1419,291.3906,42203.0
2026-03-24 14:25:00,291.4105,291.7189,291.3409,291.51,58866.0
2026-03-24 14:30:00,291.51,292.0324,291.4901,291.5541,73944.0
2026-03-24 14:35:00,291.5299,292.1468,291.4851,292.1468,122746.0
2026-03-24 14:40:00,292.0871,292.097,291.2812,291.5448,90256.0
2026-03-24 14:45:00,291.5473,291.7189,291.4802,291.5598,65679.0
2026-03-24 14:50:00,291.5598,291.908,291.3807,291.4006,157304.0
2026-03-24 14:55:00,291.3409,291.3409,290.7538,291.0822,67598.0
2026-03-24 15:00:00,291.0822,291.3308,290.923,291.2065,79218.0
2026-03-24 15:05:00,291.1518,291.7289,291.1419,291.6194,81730.0
2026-03-24 15:10:00,291.6592,291.7189,291.4652,291.6841,70837.0
2026-03-24 15:15:00,291.6692,291.6755,291.122,291.4703,88687.0
2026-03-24 15:20:00,291.5299,291.5995,291.3707,291.5697,74512.0
2026-03-24 15:25:00,291.5548,291.5796,291.1717,291.2215,79576.0
2026-03-24 15:30:00,291.1817,291.6791,291.0026,291.51,112125.0
2026-03-24 15:35:00,291.5249,291.6393,291.331,291.5498,100201.0
2026-03-24 15:40:00,291.5498,291.7488,291.3508,291.4702,98213.0
2026-03-24 15:45:00,291.4702,291.5001,290.6046,291.0125,158719.0
2026-03-24 15:50:00,291.0523,291.0722,290.6644,290.9429,197206.0
2026-03-24 15:55:00,290.9727,291.0224,290.3758,290.9727,703826.0
2026-03-25 09:30:00,292.6641,295.0023,292.6343,294.7436,290486.0
2026-03-25 09:35:00,294.6839,295.8778,294.5049,295.5147,155413.0
2026-03-25 09:40:00,295.3804,296.1365,295.062,295.5744,188023.0
2026-03-25 09:45:00,295.5744,295.848,294.6938,294.7088,113438.0
2026-03-25 09:50:00,294.6341,295.0321,293.9078,294.0322,111292.0
2026-03-25 09:55:00,293.9775,294.6938,293.7587,293.878,89668.0
2026-03-25 10:00:00,293.8382,294.6799,293.6989,294.4153,116714.0
2026-03-25 10:05:00,294.3854,294.5844,293.6193,294.1416,86581.0
2026-03-25 10:10:00,294.1118,294.2561,293.7486,294.0869,88379.0
2026-03-25 10:15:00,294.1715,294.5048,293.9277,294.1118,82966.0
2026-03-25 10:20:00,294.1168,294.4352,293.5894,293.7163,78681.0
2026-03-25 10:25:00,293.7486,294.4153,293.6491,294.077,74016.0
2026-03-25 10:30:00,293.9974,294.2959,293.7437,294.077,64261.0
2026-03-25 10:35:00,294.1068,294.3257,293.3507,293.7486,73368.0
2026-03-25 10:40:00,293.7039,294.0969,293.5099,293.7387,76362.0
2026-03-25 10:45:00,293.7586,293.9915,293.5546,293.9526,69528.0
2026-03-25 10:50:00,293.9576,294.1068,293.679,293.7088,92612.0
2026-03-25 10:55:00,293.679,294.1864,293.5795,294.1466,70181.0
2026-03-25 11:00:00,294.2063,294.4352,293.6491,293.8108,70434.0
2026-03-25 11:05:00,293.7984,293.8979,291.6194,291.9478,165389.0
2026-03-25 11:10:00,291.9478,292.1965,291.4205,291.9229,106166.0
2026-03-25 11:15:00,291.9478,292.1119,290.9628,291.7836,129397.0
2026-03-25 11:20:00,291.7836,292.9825,291.6592,292.6542,105068.0
2026-03-25 11:25:00,292.6243,293.5347,292.5249,293.48,60772.0
2026-03-25 11:30:00,293.5347,293.9775,293.4601,293.9228,90455.0
2026-03-25 11:35:00,293.9476,293.9675,292.8233,293.0223,85156.0
2026-03-25 11:40:00,293.0621,293.3507,292.7139,293.1716,85514.0
2026-03-25 11:45:00,293.1915,293.3009,292.9925,293.1268,31053.0
2026-03-25 11:50:00,293.1517,293.3407,293.0422,293.3308,65259.0
2026-03-25 11:55:00,293.3407,293.6193,293.0422,293.2014,58541.0
2026-03-25 12:00:00,293.1964,293.2711,292.8233,292.9228,61215.0
2026-03-25 12:05:00,292.9228,293.2512,292.883,293.1119,67811.0
2026-03-25 12:10:00,293.1119,293.291,292.9477,293.1915,45614.0
2026-03-25 12:15:00,293.1716,293.3009,292.9129,293.0571,50174.0
2026-03-25 12:20:00,293.082,293.48,292.883,293.4303,56701.0
2026-03-25 12:25:00,293.4104,293.6491,293.2114,293.5297,76948.0
2026-03-25 12:30:00,293.5596,294.0372,293.3606,293.9181,44671.0
2026-03-25 12:35:00,293.8382,294.0172,293.6989,293.7486,32642.0
2026-03-25 12:40:00,293.8083,293.9377,293.5894,293.7188,33374.0
2026-03-25 12:45:00,293.6889,293.8083,293.3208,293.5397,33214.0
2026-03-25 12:50:00,293.4949,293.6889,293.1517,293.684,47452.0
2026-03-25 12:55:00,293.7088,293.8282,293.48,293.6243,35020.0
2026-03-25 13:00:00,293.6243,293.9475,293.4701,293.6641,52180.0
2026-03-25 13:05:00,293.6641,293.7685,293.4402,293.4601,37015.0
2026-03-25 13:10:00,293.4701,293.6392,293.3109,293.3109,41873.0
2026-03-25 13:15:00,293.2114,293.2512,292.9925,293.1318,48845.0
2026-03-25 13:20:00,293.087,293.3805,293.0621,293.1865,38589.0
2026-03-25 13:25:00,293.1865,293.7486,293.1815,293.6044,62812.0
2026-03-25 13:30:00,293.5994,293.8083,293.3905,293.7586,37008.0
2026-03-25 13:35:00,293.8183,294.0173,293.7785,293.868,32515.0
2026-03-25 13:40:00,293.9128,294.1654,293.6939,293.7859,34671.0
2026-03-25 13:45:00,293.7928,293.7928,293.5248,293.6292,30140.0
2026-03-25 13:50:00,293.6343,293.8183,292.9626,293.0621,86687.0
2026-03-25 13:55:00,293.0621,293.9178,293.0223,293.5297,38949.0
2026-03-25 14:00:00,293.5297,293.6591,293.3109,293.3109,39972.0
2026-03-25 14:05:00,293.3109,293.5596,293.1815,293.291,27913.0
2026-03-25 14:10:00,293.3109,293.4402,293.2213,293.3457,35725.0
2026-03-25 14:15:00,293.3507,293.6093,293.2313,293.2462,33372.0
2026-03-25 14:20:00,293.2412,293.5894,293.1425,293.5248,50706.0
2026-03-25 14:25:00,293.5795,293.7238,293.49,293.5397,48058.0
2026-03-25 14:30:00,293.5596,293.8581,293.5372,293.7586,36365.0
2026-03-25 14:35:00,293.7486,293.7586,293.5099,293.6889,34718.0
2026-03-25 14:40:00,293.6889,293.7486,293.4701,293.6591,43928.0
2026-03-25 14:45:00,293.6093,293.7586,293.5695,293.6342,34675.0
2026-03-25 14:50:00,293.6392,293.9476,293.5695,293.9476,52503.0
2026-03-25 14:55:00,293.9377,293.9638,293.3109,293.7287,83153.0
2026-03-25 15:00:00,293.7138,293.7884,293.4054,293.6939,80720.0
2026-03-25 15:05:00,293.6939,293.9178,293.5994,293.7785,63617.0
2026-03-25 15:10:00,293.7984,293.7984,293.5198,293.6989,45252.0
2026-03-25 15:15:00,293.679,293.8282,293.49,293.5995,49869.0
2026-03-25 15:20:00,293.6292,293.7685,293.4601,293.6491,57016.0
2026-03-25 15:25:00,293.6491,293.7486,293.4402,293.6591,68966.0
2026-03-25 15:30:00,293.6491,293.9476,293.5397,293.8183,93552.0
2026-03-25 15:35:00,293.8083,293.9277,293.5894,293.9078,91554.0
2026-03-25 15:40:00,293.8879,294.1466,293.7884,293.8183,115362.0
2026-03-25 15:45:00,293.8083,294.1566,293.7486,294.0919,151027.0
2026-03-25 15:50:00,294.1168,294.4236,293.9775,294.4202,226915.0
2026-03-25 15:55:00,294.3954,294.475,293.7586,294.0471,714508.0
2026-03-26 09:30:00,291.1021,292.5845,291.1021,291.6692,160068.0
2026-03-26 09:35:00,291.6592,291.9738,291.2314,291.5697,74013.0
2026-03-26 09:40:00,291.5477,293.3805,291.321,293.291,96309.0
2026-03-26 09:45:00,293.3009,293.4998,292.0423,292.2861,117521.0
2026-03-26 09:50:00,292.2662,292.8134,292.2164,292.5447,67080.0
2026-03-26 09:55:00,292.495,292.9029,292.1567,292.8233,56656.0
2026-03-26 10:00:00,292.9029,293.3109,292.4154,293.087,59453.0
2026-03-26 10:05:00,293.0323,293.4004,292.9029,293.1915,78772.0
2026-03-26 10:10:00,293.1815,293.2711,292.4751,293.0124,72748.0
2026-03-26 10:15:00,292.9129,293.0521,292.3856,292.4801,128411.0
2026-03-26 10:20:00,292.4552,292.7598,291.9279,292.5199,59939.0
2026-03-26 10:25:00,292.4353,292.7237,292.2363,292.4453,84707.0
2026-03-26 10:30:00,292.4353,292.9925,292.4353,292.9527,53827.0
2026-03-26 10:35:00,292.9328,292.9925,292.5826,292.7835,52142.0
2026-03-26 10:40:00,292.8482,293.1616,292.2861,292.5746,112592.0
2026-03-26 10:45:00,292.4353,292.5447,291.8881,292.2264,57739.0
2026-03-26 10:50:00,292.2662,292.3557,290.7737,291.0424,112408.0
2026-03-26 10:55:00,291.0424,291.908,290.7936,291.4803,88356.0
2026-03-26 11:00:00,291.4752,291.9875,291.3608,291.6194,64241.0
2026-03-26 11:05:00,291.5995,292.0572,291.5896,291.8085,59722.0
2026-03-26 11:10:00,291.8085,291.9279,291.505,291.6393,59990.0
2026-03-26 11:15:00,291.6393,291.7388,291.3807,291.7388,44016.0
2026-03-26 11:20:00,291.7289,291.8732,291.5598,291.7886,52474.0
2026-03-26 11:25:00,291.7587,291.8284,291.2613,291.2613,62357.0
2026-03-26 11:30:00,291.3012,291.3012,290.7837,290.9479,55658.0
2026-03-26 11:35:00,290.9479,291.4702,290.8931,291.4205,82670.0
2026-03-26 11:40:00,291.3608,291.4503,290.8931,291.0921,60649.0
2026-03-26 11:45:00,291.112,291.6493,291.0523,291.5249,62353.0
2026-03-26 11:50:00,291.5249,291.7189,291.2812,291.5747,51068.0
2026-03-26 11:55:00,291.5796,291.6393,291.2016,291.3906,38388.0
2026-03-26 12:00:00,291.3508,291.4901,291.1021,291.3389,40513.0
2026-03-26 12:05:00,291.2712,291.5553,291.2415,291.52,44967.0
2026-03-26 12:10:00,291.51,291.51,291.1319,291.1916,34382.0
2026-03-26 12:15:00,291.2662,291.3309,290.2365,290.7091,53746.0
2026-03-26 12:20:00,290.7091,290.7837,290.1768,290.4454,56205.0
2026-03-26 12:25:00,290.4417,290.4417,289.5599,289.7469,47015.0
2026-03-26 12:30:00,289.7688,289.9081,289.6097,289.7788,42289.0
2026-03-26 12:35:00,289.7589,290.5449,289.7589,290.3758,47591.0
2026-03-26 12:40:00,290.4255,290.7041,290.2962,290.5748,28927.0
2026-03-26 12:45:00,290.5748,290.6643,290.3161,290.5748,60517.0
2026-03-26 12:50:00,290.5748,290.913,290.4952,290.7837,42151.0
2026-03-26 12:55:00,290.8135,290.9628,290.535,290.8484,38051.0
2026-03-26 13:00:00,290.8185,291.2613,290.744,290.8732,42405.0
2026-03-26 13:05:00,290.8135,290.923,290.525,290.8036,33322.0
2026-03-26 13:10:00,290.724,290.8334,290.1469,290.1967,28469.0
2026-03-26 13:15:00,290.1768,290.4554,290.0474,290.4255,36725.0
2026-03-26 13:20:00,290.3857,290.4205,289.9364,290.1768,65046.0
2026-03-26 13:25:00,290.1768,290.1768,289.2614,289.6047,70743.0
2026-03-26 13:30:00,289.5699,289.9081,289.4803,289.8374,34469.0
2026-03-26 13:35:00,289.8634,290.4554,289.8585,290.3857,37608.0
2026-03-26 13:40:00,290.3161,290.4554,290.1967,290.4291,22469.0
2026-03-26 13:45:00,290.3957,290.5748,290.2962,290.3758,40273.0
2026-03-26 13:50:00,290.336,290.336,289.7788,289.8186,47315.0
2026-03-26 13:55:00,289.8136,289.8833,289.5649,289.6892,73527.0
2026-03-26 14:00:00,289.6693,290.0773,289.5898,289.9032,53389.0
2026-03-26 14:05:00,289.9032,290.3061,289.9032,290.2564,39115.0
2026-03-26 14:10:00,290.2564,290.3857,290.0574,290.3459,39816.0
2026-03-26 14:15:00,290.2166,290.2166,289.739,289.8186,59507.0
2026-03-26 14:20:00,289.8285,290.0474,289.6992,290.0439,31766.0
2026-03-26 14:25:00,290.0326,290.2264,289.7589,289.9678,84625.0
2026-03-26 14:30:00,289.9181,290.2862,289.9081,290.2066,51151.0
2026-03-26 14:35:00,290.2066,290.6145,290.1469,290.5996,31401.0
2026-03-26 14:40:00,290.5648,290.6593,290.3559,290.6431,42186.0
2026-03-26 14:45:00,290.5847,291.1268,290.5001,291.0623,106234.0
2026-03-26 14:50:00,291.0324,291.1916,290.7937,290.9031,43080.0
2026-03-26 14:55:00,290.9031,291.1054,290.8533,290.9727,45189.0
2026-03-26 15:00:00,290.9827,291.01,290.5648,290.6842,59847.0
2026-03-26 15:05:00,290.7041,290.7837,290.5549,290.6494,48964.0
2026-03-26 15:10:00,290.6941,290.7439,290.1968,290.5051,56101.0
2026-03-26 15:15:00,290.5051,290.724,290.4056,290.4429,89069.0
2026-03-26 15:20:00,290.4404,290.5449,289.9877,290.1668,69641.0
2026-03-26 15:25:00,290.137,290.4056,290.127,290.3785,67746.0
2026-03-26 15:30:00,290.3658,290.3658,289.8882,290.2365,68815.0
2026-03-26 15:35:00,290.2365,290.5748,290.137,290.3559,95983.0
2026-03-26 15:40:00,290.3658,290.5847,290.2613,290.3235,81254.0
2026-03-26 15:45:00,290.3658,290.3857,290.0773,290.2514,81619.0
2026-03-26 15:50:00,290.2663,290.7537,290.1867,290.4902,212730.0
2026-03-26 15:55:00,290.4952,290.5549,289.938,290.137,501235.0
2026-03-27 09:30:00,287.6795,288.6446,285.8588,286.0378,256867.0
2026-03-27 09:35:00,286.1174,286.1273,285.1523,285.7493,125916.0
2026-03-27 09:40:00,285.6597,285.8885,285.1025,285.6398,82469.0
2026-03-27 09:45:00,285.6597,287.0327,285.6299,286.7144,121507.0
2026-03-27 09:50:00,286.6845,286.8337,285.6697,286.0079,90294.0
2026-03-27 09:55:00,286.0378,286.1671,284.7046,285.2418,90837.0
2026-03-27 10:00:00,285.212,285.6697,284.6548,285.2219,85545.0
2026-03-27 10:05:00,285.0329,285.2518,283.0629,283.7394,107243.0
2026-03-27 10:10:00,283.4708,284.7344,283.4609,284.5304,110660.0
2026-03-27 10:15:00,284.4558,285.0926,284.4558,284.6847,79704.0
2026-03-27 10:20:00,284.6051,284.7742,283.9782,284.5553,81454.0
2026-03-27 10:25:00,284.5553,284.8239,283.9185,284.1723,103915.0
2026-03-27 10:30:00,284.1899,284.6051,283.9683,284.5006,85098.0
2026-03-27 10:35:00,284.4757,284.8737,284.3961,284.717,77913.0
2026-03-27 10:40:00,284.6648,284.9234,284.2966,284.3464,105109.0
2026-03-27 10:45:00,284.3712,284.5653,283.64,284.5255,80078.0
2026-03-27 10:50:00,284.5006,285.0826,284.1026,284.1026,141818.0
2026-03-27 10:55:00,284.0678,284.615,283.8787,284.028,88838.0
2026-03-27 11:00:00,284.0777,284.6448,283.3514,284.5354,101580.0
2026-03-27 11:05:00,284.528,285.0627,284.0777,284.2071,91034.0
2026-03-27 11:10:00,284.217,284.3165,283.6101,284.0976,45146.0
2026-03-27 11:15:00,284.0976,284.2817,283.7494,283.8588,60285.0
2026-03-27 11:20:00,283.7793,284.8936,283.6599,284.0728,69564.0
2026-03-27 11:25:00,284.1772,284.6349,284.028,284.5354,46471.0
2026-03-27 11:30:00,284.5553,285.003,284.4658,284.9434,50393.0
2026-03-27 11:35:00,285.003,285.2616,284.8986,285.003,58553.0
2026-03-27 11:40:00,285.013,285.0329,284.5752,284.804,41807.0
2026-03-27 11:45:00,284.8438,285.1324,284.7245,285.018,35676.0
2026-03-27 11:50:00,284.9831,285.202,284.6747,284.7195,33025.0
2026-03-27 11:55:00,284.7195,284.7842,283.7295,284.1275,49548.0
2026-03-27 12:00:00,284.0976,284.1374,283.3912,283.436,64418.0
2026-03-27 12:05:00,283.436,283.5007,282.1376,282.3764,152813.0
2026-03-27 12:10:00,282.4311,283.3116,282.3565,283.1773,59122.0
2026-03-27 12:15:00,283.2121,283.5007,283.0231,283.242,70690.0
2026-03-27 12:20:00,283.2271,283.5902,283.1475,283.242,64560.0
2026-03-27 12:25:00,283.242,283.3514,282.9136,283.242,121031.0
2026-03-27 12:30:00,283.2917,283.5106,282.9236,283.4783,65382.0
2026-03-27 12:35:00,283.4907,283.5305,282.7346,282.9335,53133.0
2026-03-27 12:40:00,282.8937,283.3315,282.6649,283.237,56457.0
2026-03-27 12:45:00,283.1922,283.8389,283.1922,283.7992,40686.0
2026-03-27 12:50:00,283.8191,284.028,283.64,283.8937,59453.0
2026-03-27 12:55:00,283.8887,283.9484,283.7643,283.9484,32983.0
2026-03-27 13:00:00,283.9384,283.9981,283.7146,283.8091,49341.0
2026-03-27 13:05:00,283.8141,284.3066,283.4509,283.7395,63875.0
2026-03-27 13:10:00,283.7566,283.7793,283.1922,283.2868,41991.0
2026-03-27 13:15:00,283.2818,283.4889,283.1922,283.2022,28648.0
2026-03-27 13:20:00,283.2152,283.3016,282.9136,283.0032,41529.0
2026-03-27 13:25:00,282.9833,283.0728,282.3963,282.4211,65073.0
2026-03-27 13:30:00,282.3963,282.5903,282.3167,282.5903,34744.0
2026-03-27 13:35:00,282.5555,282.7744,282.4659,282.6848,41708.0
2026-03-27 13:40:00,282.6848,282.7097,282.1575,282.3714,62929.0
2026-03-27 13:45:00,282.4361,282.5803,282.0242,282.0242,73940.0
2026-03-27 13:50:00,282.0182,282.0779,281.6501,281.8888,52434.0
2026-03-27 13:55:00,281.8888,281.9585,281.66,281.864,97622.0
2026-03-27 14:00:00,281.8441,281.869,281.262,281.2919,65885.0
2026-03-27 14:05:00,281.262,281.471,280.8541,281.1944,54938.0
2026-03-27 14:10:00,281.1426,281.3416,281.0232,281.3118,39310.0
2026-03-27 14:15:00,281.3118,281.6003,281.1625,281.4909,57839.0
2026-03-27 14:20:00,281.4909,281.9684,281.3118,281.3217,94505.0
2026-03-27 14:25:00,281.3217,281.5804,281.1327,281.4511,72237.0
2026-03-27 14:30:00,281.4809,281.869,281.4063,281.7645,39269.0
2026-03-27 14:35:00,281.768,282.0829,281.6899,281.859,51493.0
2026-03-27 14:40:00,281.8789,282.5704,281.7844,282.0679,67241.0
2026-03-27 14:45:00,282.0679,282.2958,281.9784,282.1276,61291.0
2026-03-27 14:50:00,282.1525,282.2272,281.8789,281.9386,59831.0
2026-03-27 14:55:00,281.9783,282.2769,281.7894,282.2222,61202.0
2026-03-27 15:00:00,282.2172,282.4062,281.9336,282.058,125228.0
2026-03-27 15:05:00,282.0381,282.1973,281.6401,281.6799,61976.0
2026-03-27 15:10:00,281.6998,282.0978,281.6799,282.0977,91982.0
2026-03-27 15:15:00,282.0729,282.3366,282.048,282.1874,88354.0
2026-03-27 15:20:00,282.2123,282.3565,281.9883,282.0779,86250.0
2026-03-27 15:25:00,282.0978,282.2072,281.8441,281.9784,238248.0
2026-03-27 15:30:00,281.9784,282.0344,281.4013,281.8192,114620.0
2026-03-27 15:35:00,281.8341,281.8988,281.2919,281.3068,97745.0
2026-03-27 15:40:00,281.2819,281.3217,280.9635,281.1028,149787.0
2026-03-27 15:45:00,281.1028,281.3416,280.3268,280.4561,188202.0
2026-03-27 15:50:00,280.4511,281.0382,280.4064,280.9337,215311.0
2026-03-27 15:55:00,280.9536,281.7496,280.8342,281.1625,620285.0
2026-03-30 09:30:00,283.3017,285.799,282.9136,284.9533,247555.0
2026-03-30 09:35:00,284.9632,285.0428,284.0927,284.5205,94472.0
2026-03-30 09:40:00,284.4061,284.4459,283.7395,284.0877,69109.0
2026-03-30 09:45:00,284.1175,284.5553,283.033,283.5504,90285.0
2026-03-30 09:50:00,283.5653,284.2718,283.3365,283.5478,68274.0
2026-03-30 09:55:00,283.4708,283.5902,282.3565,282.9435,98414.0
2026-03-30 10:00:00,282.8937,283.9583,282.8838,283.6499,90684.0
2026-03-30 10:05:00,283.6499,283.7494,282.9385,283.635,58095.0
2026-03-30 10:10:00,283.5504,283.9285,283.3166,283.6648,51725.0
2026-03-30 10:15:00,283.6101,283.6499,282.9833,283.2818,66786.0
2026-03-30 10:20:00,283.2868,283.7992,283.2868,283.5106,48328.0
2026-03-30 10:25:00,283.5283,283.7793,283.4012,283.5604,63675.0
2026-03-30 10:30:00,283.5803,283.7493,283.1425,283.4136,58783.0
2026-03-30 10:35:00,283.3713,283.9285,283.0529,283.5803,42090.0
2026-03-30 10:40:00,283.5803,283.6101,282.4275,282.6649,65985.0
2026-03-30 10:45:00,282.6052,283.8539,282.218,283.4857,69172.0
2026-03-30 10:50:00,283.5405,283.7196,283.2221,283.5763,43397.0
2026-03-30 10:55:00,283.5504,284.5056,283.4211,284.5056,65053.0
2026-03-30 11:00:00,284.4359,285.2518,284.4359,284.8936,65061.0
2026-03-30 11:05:00,284.9035,285.0528,284.2568,284.6349,123863.0
2026-03-30 11:10:00,284.6349,284.7742,284.416,284.5105,84256.0
2026-03-30 11:15:00,284.5081,285.0528,284.1076,285.013,74282.0
2026-03-30 11:20:00,284.9931,285.2418,284.7493,285.1324,47598.0
2026-03-30 11:25:00,285.1125,285.3115,285.0279,285.0329,41869.0
2026-03-30 11:30:00,285.0229,285.6398,284.814,285.4906,54381.0
2026-03-30 11:35:00,285.5503,285.6796,285.0528,285.0777,40112.0
2026-03-30 11:40:00,285.0727,285.4508,284.9732,285.3065,48538.0
2026-03-30 11:45:00,285.3115,285.3413,285.0528,285.1025,46100.0
2026-03-30 11:50:00,285.0826,285.5304,285.0329,285.3015,63534.0
2026-03-30 11:55:00,285.2816,285.3314,284.8637,285.1374,42221.0
2026-03-30 12:00:00,285.1224,285.1503,284.2369,284.2917,52863.0
2026-03-30 12:05:00,284.2917,284.4259,283.9981,284.0827,51624.0
2026-03-30 12:10:00,284.0728,284.7315,284.028,284.707,40534.0
2026-03-30 12:15:00,284.7095,284.7294,284.0902,284.5404,57671.0
2026-03-30 12:20:00,284.5255,284.6548,284.3712,284.4952,45670.0
2026-03-30 12:25:00,284.4956,284.6051,284.2419,284.4906,64335.0
2026-03-30 12:30:00,284.4757,284.9433,284.3862,284.7941,51550.0
2026-03-30 12:35:00,284.7941,284.8737,284.4658,284.5503,60127.0
2026-03-30 12:40:00,284.5503,284.6051,284.3016,284.3563,39739.0
2026-03-30 12:45:00,284.3563,284.5155,284.1772,284.3613,34509.0
2026-03-30 12:50:00,284.3663,284.5852,284.3265,284.4857,34398.0
2026-03-30 12:55:00,284.5056,284.7643,284.4061,284.6548,38548.0
2026-03-30 13:00:00,284.6498,284.7941,284.2867,284.2867,31366.0
2026-03-30 13:05:00,284.2568,284.625,284.0728,284.5603,35627.0
2026-03-30 13:10:00,284.5553,284.5603,284.1772,284.2718,72846.0
2026-03-30 13:15:00,284.2718,284.3464,283.9708,284.1573,91071.0
2026-03-30 13:20:00,284.1424,284.2042,283.5454,283.6051,98364.0
2026-03-30 13:25:00,283.6101,283.8903,283.5803,283.6897,38486.0
2026-03-30 13:30:00,283.6499,283.8091,283.3116,283.3415,37249.0
2026-03-30 13:35:00,283.3216,283.5504,282.9237,283.5306,56792.0
2026-03-30 13:40:00,283.5255,283.9086,283.5255,283.8787,36929.0
2026-03-30 13:45:00,283.8489,283.9085,283.3116,283.3912,47041.0
2026-03-30 13:50:00,283.4012,283.9086,283.3912,283.6599,51622.0
2026-03-30 13:55:00,283.6648,283.8191,283.3415,283.5125,33843.0
2026-03-30 14:00:00,283.64,283.8687,283.4459,283.5007,48606.0
2026-03-30 14:05:00,283.5106,283.6002,283.1773,283.2917,25551.0
2026-03-30 14:10:00,283.2519,283.6997,283.1823,283.6002,47053.0
2026-03-30 14:15:00,283.63,283.63,283.3017,283.4459,32162.0
2026-03-30 14:20:00,283.4459,283.4708,282.9385,283.1425,34332.0
2026-03-30 14:25:00,283.1126,283.1722,282.844,282.8738,31163.0
2026-03-30 14:30:00,282.8341,282.8729,282.5953,282.8091,37726.0
2026-03-30 14:35:00,282.8092,283.0131,282.6749,282.9335,36461.0
2026-03-30 14:40:00,282.9087,283.0728,282.7246,282.7246,69245.0
2026-03-30 14:45:00,282.8042,282.9136,282.5505,282.6152,46036.0
2026-03-30 14:50:00,282.6301,282.8042,282.3963,282.655,41947.0
2026-03-30 14:55:00,282.655,282.9932,282.5157,282.7346,47651.0
2026-03-30 15:00:00,282.7744,282.8838,282.3167,282.3416,40567.0
2026-03-30 15:05:00,282.3366,282.4062,281.6799,281.7297,61969.0
2026-03-30 15:10:00,281.7894,281.8093,281.3217,281.5605,50132.0
2026-03-30 15:15:00,281.5804,281.7098,281.4312,281.4909,56093.0
2026-03-30 15:20:00,281.5008,281.6401,281.3615,281.3615,60248.0
2026-03-30 15:25:00,281.3814,281.3914,280.9436,281.063,83438.0
2026-03-30 15:30:00,281.063,281.2819,280.9039,281.272,111944.0
2026-03-30 15:35:00,281.2492,281.66,281.2492,281.4411,99211.0
2026-03-30 15:40:00,281.4411,281.8292,281.4212,281.7993,95020.0
2026-03-30 15:45:00,281.7794,282.1973,281.7496,281.9485,92665.0
2026-03-30 15:50:00,281.9784,282.7445,281.869,282.7196,162199.0
2026-03-30 15:55:00,282.7644,282.8937,282.0381,282.4162,519750.0
2026-03-31 09:30:00,287.0128,287.3412,283.6599,284.3862,200304.0
2026-03-31 09:35:00,284.3712,285.4508,283.5056,285.4309,107528.0
2026-03-31 09:40:00,285.4309,286.2467,285.3214,285.9482,120213.0
2026-03-31 09:45:00,285.9781,288.167,285.8587,287.7789,254169.0
2026-03-31 09:50:00,287.7988,288.7241,287.5899,288.6515,102931.0
2026-03-31 09:55:00,288.6247,288.953,288.2864,288.8734,84602.0
2026-03-31 10:00:00,288.8784,289.9081,288.7241,289.8136,149033.0
2026-03-31 10:05:00,289.8037,289.8484,288.3361,288.4704,105957.0
2026-03-31 10:10:00,288.4704,288.8833,288.0376,288.2167,92234.0
2026-03-31 10:15:00,288.1968,288.2864,287.6148,287.769,75392.0
2026-03-31 10:20:00,287.769,287.769,286.6049,287.3511,75601.0
2026-03-31 10:25:00,287.3511,288.2864,287.1422,288.2192,60838.0
2026-03-31 10:30:00,288.3063,288.4854,287.8983,288.1521,145308.0
2026-03-31 10:35:00,288.1521,288.2345,287.2914,287.4705,120928.0
2026-03-31 10:40:00,287.5004,288.0874,286.973,287.2715,133081.0
2026-03-31 10:45:00,287.2317,287.4407,286.9631,287.4058,150875.0
2026-03-31 10:50:00,287.4058,287.769,287.2715,287.5402,256685.0
2026-03-31 10:55:00,287.5601,287.7391,287.0825,287.1024,175698.0
2026-03-31 11:00:00,287.1074,287.8884,286.9979,287.759,82487.0
2026-03-31 11:05:00,287.7839,288.5152,287.5302,287.6247,64542.0
2026-03-31 11:10:00,287.6247,288.3063,287.5302,288.2685,51320.0
2026-03-31 11:15:00,288.2963,288.8137,288.1005,288.5252,94416.0
2026-03-31 11:20:00,288.5252,288.5451,287.9879,288.3262,67494.0
2026-03-31 11:25:00,288.366,288.5102,287.6098,287.6795,64055.0
2026-03-31 11:30:00,287.6894,287.8834,287.4407,287.8635,51842.0
2026-03-31 11:35:00,287.9381,288.0625,287.7196,287.8536,43201.0
2026-03-31 11:40:00,287.8386,288.0874,287.7391,287.9023,46274.0
2026-03-31 11:45:00,287.8884,287.8983,287.371,287.371,50961.0
2026-03-31 11:50:00,287.371,288.0028,287.2218,287.5899,58663.0
2026-03-31 11:55:00,287.5899,287.6496,287.1919,287.2218,49920.0
2026-03-31 12:00:00,287.2218,287.7889,287.0427,287.5601,44761.0
2026-03-31 12:05:00,287.5899,287.9282,287.3611,287.4009,49267.0
2026-03-31 12:10:00,287.3917,287.57,286.9034,287.4705,53255.0
2026-03-31 12:15:00,287.5175,288.0078,287.4805,287.8287,49673.0
2026-03-31 12:20:00,287.8934,288.5749,287.759,288.5351,58295.0
2026-03-31 12:25:00,288.5749,289.1122,288.5426,288.943,85948.0
2026-03-31 12:30:00,288.9754,289.0923,288.7863,289.0226,49944.0
2026-03-31 12:35:00,288.9729,290.2862,288.7739,290.2663,94024.0
2026-03-31 12:40:00,290.2066,292.5348,290.1867,291.504,180174.0
2026-03-31 12:45:00,291.4205,291.5995,290.1371,290.7339,97424.0
2026-03-31 12:50:00,290.6643,291.7189,290.2613,290.6843,82969.0
2026-03-31 12:55:00,290.6245,291.7786,290.3658,291.714,61936.0
2026-03-31 13:00:00,291.6692,292.4652,291.6692,292.1667,91555.0
2026-03-31 13:05:00,292.2065,292.3955,291.709,291.8632,72801.0
2026-03-31 13:10:00,291.9677,292.3458,291.7538,292.1318,69203.0
2026-03-31 13:15:00,292.1418,292.9725,292.117,292.8233,85285.0
2026-03-31 13:20:00,292.8631,292.9328,292.3557,292.495,84283.0
2026-03-31 13:25:00,292.5149,292.8034,292.2612,292.7238,94491.0
2026-03-31 13:30:00,292.7437,293.2092,292.6641,293.1417,61752.0
2026-03-31 13:35:00,293.092,293.1915,292.2464,292.5447,77809.0
2026-03-31 13:40:00,292.5199,292.7089,291.6792,291.908,76776.0
2026-03-31 13:45:00,291.8483,292.4333,291.7985,292.0672,55640.0
2026-03-31 13:50:00,292.1169,292.3458,291.9578,292.3458,52815.0
2026-03-31 13:55:00,292.3607,292.3607,291.7189,292.0274,73933.0
2026-03-31 14:00:00,292.0672,292.6044,292.0174,292.4303,45210.0
2026-03-31 14:05:00,292.4688,292.9626,292.4453,292.8731,54534.0
2026-03-31 14:10:00,292.8233,292.8233,292.3259,292.7636,50445.0
2026-03-31 14:15:00,292.7238,292.8621,292.5945,292.7338,62793.0
2026-03-31 14:20:00,292.7835,292.8134,292.2662,292.3756,41191.0
2026-03-31 14:25:00,292.3408,292.8134,292.1766,292.5796,48722.0
2026-03-31 14:30:00,292.5249,292.7089,292.3658,292.6194,40443.0
2026-03-31 14:35:00,292.5995,293.2263,292.5447,293.1019,58503.0
2026-03-31 14:40:00,293.1367,293.1416,292.5845,292.8134,87451.0
2026-03-31 14:45:00,292.8631,293.1218,292.6741,292.9179,48095.0
2026-03-31 14:50:00,292.9179,293.4104,292.9179,293.3905,83513.0
2026-03-31 14:55:00,293.3805,293.4601,293.1666,293.1915,53323.0
2026-03-31 15:00:00,293.2114,293.5815,293.0622,293.1119,65309.0
2026-03-31 15:05:00,293.092,293.092,292.2015,292.2562,76396.0
2026-03-31 15:10:00,292.2463,292.7835,292.2264,292.6641,69841.0
2026-03-31 15:15:00,292.6741,292.8233,292.4353,292.5746,61364.0
2026-03-31 15:20:00,292.6144,292.9328,292.4852,292.7039,73670.0
2026-03-31 15:25:00,292.7039,292.7537,292.2861,292.3956,84697.0
2026-03-31 15:30:00,292.4204,292.9129,292.4204,292.5547,108958.0
2026-03-31 15:35:00,292.5348,292.9626,292.4453,292.8929,103078.0
2026-03-31 15:40:00,292.8781,292.9527,292.4363,292.6641,121204.0
2026-03-31 15:45:00,292.6641,293.4203,292.5995,293.3606,142485.0
2026-03-31 15:50:00,293.3706,293.5596,292.5398,292.6144,238762.0
2026-03-31 15:55:00,292.6044,293.1517,291.8085,292.7338,854829.0
