datetime,open,high,low,close,volume
2026-03-02 09:30:00,508.6013,511.117,506.4691,509.2602,94019.0
2026-03-02 09:35:00,509.2402,512.3898,507.8825,512.0803,29164.0
2026-03-02 09:40:00,511.8948,515.1101,511.3466,514.3314,32810.0
2026-03-02 09:45:00,514.1218,515.0701,513.0137,514.5311,69025.0
2026-03-02 09:50:00,514.2515,515.6092,513.7524,513.7873,61184.0
2026-03-02 09:55:00,513.7873,515.1999,513.5528,515.0851,42293.0
2026-03-02 10:00:00,514.9204,516.1083,514.0569,515.5892,23494.0
2026-03-02 10:05:00,515.4694,516.6075,514.7607,515.15,23581.0
2026-03-02 10:10:00,515.1799,516.1283,515.0202,515.5643,17974.0
2026-03-02 10:15:00,515.8588,517.0766,515.5493,516.3679,20780.0
2026-03-02 10:20:00,516.3329,517.5558,516.1583,516.7971,33142.0
2026-03-02 10:25:00,516.897,517.1565,515.724,516.0884,22079.0
2026-03-02 10:30:00,516.0884,516.6873,514.8106,515.1001,24694.0
2026-03-02 10:35:00,514.7407,515.2299,513.7424,514.6109,33797.0
2026-03-02 10:40:00,514.3813,515.714,514.1019,515.4894,25125.0
2026-03-02 10:45:00,515.4994,516.1782,514.9354,515.17,19952.0
2026-03-02 10:50:00,515.2598,516.1782,514.7607,515.8188,18526.0
2026-03-02 10:55:00,515.6591,516.7772,515.3097,516.5626,19145.0
2026-03-02 11:00:00,516.5626,517.0667,516.1283,516.7173,17049.0
2026-03-02 11:05:00,516.867,516.867,516.0185,516.7772,17602.0
2026-03-02 11:10:00,516.8371,516.9169,515.5553,515.9686,29651.0
2026-03-02 11:15:00,515.8837,515.9786,514.4274,514.6808,24616.0
2026-03-02 11:20:00,514.6509,514.8256,513.7624,514.4013,24947.0
2026-03-02 11:25:00,514.4612,514.8106,513.5927,513.8373,20398.0
2026-03-02 11:30:00,513.8472,514.1218,513.2534,514.012,19780.0
2026-03-02 11:35:00,514.0519,514.4512,513.8123,514.1717,46145.0
2026-03-02 11:40:00,514.2865,515.3896,513.7923,515.125,108801.0
2026-03-02 11:45:00,515.13,515.4994,513.8922,514.2216,22017.0
2026-03-02 11:50:00,514.2216,515.749,514.1617,514.8755,23650.0
2026-03-02 11:55:00,514.7108,515.5892,514.1118,514.4861,41788.0
2026-03-02 12:00:00,514.4861,515.4944,514.1417,514.6858,90513.0
2026-03-02 12:05:00,514.6908,515.3996,514.4811,514.5311,20291.0
2026-03-02 12:10:00,514.541,514.8805,514.3015,514.7108,18337.0
2026-03-02 12:15:00,514.7507,515.3397,514.4712,514.8805,16478.0
2026-03-02 12:20:00,514.9803,515.0801,514.6509,514.6609,11070.0
2026-03-02 12:25:00,514.7956,515.5992,514.4512,515.17,33471.0
2026-03-02 12:30:00,515.17,516.288,515.17,515.7689,24838.0
2026-03-02 12:35:00,515.9187,515.9187,515.0601,515.5343,22919.0
2026-03-02 12:40:00,515.6192,517.4261,515.2997,517.2763,36976.0
2026-03-02 12:45:00,517.3761,518.4343,516.9868,518.3045,21218.0
2026-03-02 12:50:00,518.1848,519.2829,517.9153,518.8236,40476.0
2026-03-02 12:55:00,518.8087,519.0333,518.1049,518.9135,29436.0
2026-03-02 13:00:00,518.9484,519.802,518.8662,519.4925,21930.0
2026-03-02 13:05:00,519.4925,520.0615,519.4226,519.9617,18325.0
2026-03-02 13:10:00,519.9816,520.2512,519.782,520.2013,28278.0
2026-03-02 13:15:00,520.2512,521.0997,520.0316,521.0298,40083.0
2026-03-02 13:20:00,521.0099,522.088,520.7104,521.8285,37119.0
2026-03-02 13:25:00,521.8285,522.3875,521.7087,522.3476,32059.0
2026-03-02 13:30:00,522.3476,522.8866,521.9782,522.7269,49404.0
2026-03-02 13:35:00,522.6171,522.7319,521.0997,521.5839,57098.0
2026-03-02 13:40:00,521.3643,521.6188,520.4087,520.7004,42284.0
2026-03-02 13:45:00,520.7054,521.1696,520.0665,520.5806,24616.0
2026-03-02 13:50:00,520.5107,521.0448,520.3811,520.6904,28440.0
2026-03-02 13:55:00,520.6006,521.7087,520.4009,521.3742,41088.0
2026-03-02 14:00:00,521.3742,521.8285,521.3094,521.8285,45591.0
2026-03-02 14:05:00,521.8285,521.8384,521.2794,521.7736,33181.0
2026-03-02 14:10:00,521.7736,523.3259,521.6988,523.1162,73041.0
2026-03-02 14:15:00,523.1162,524.0646,523.1162,523.8949,58141.0
2026-03-02 14:20:00,523.855,524.3541,523.855,523.8649,42395.0
2026-03-02 14:25:00,523.8949,524.5587,523.6753,524.4939,31676.0
2026-03-02 14:30:00,524.424,524.8832,524.3591,524.3591,38350.0
2026-03-02 14:35:00,524.4838,525.0729,524.3341,524.6236,30207.0
2026-03-02 14:40:00,524.6636,525.2525,523.9548,524.1544,25561.0
2026-03-02 14:45:00,524.2642,524.2942,523.3259,523.4157,25869.0
2026-03-02 14:50:00,523.4806,523.7052,522.8267,522.9116,18643.0
2026-03-02 14:55:00,522.9116,523.0663,522.6104,522.7968,16839.0
2026-03-02 15:00:00,522.8068,522.9639,522.2078,522.3076,18243.0
2026-03-02 15:05:00,522.3126,522.3975,520.2512,520.3161,25364.0
2026-03-02 15:10:00,520.2112,521.0199,520.0415,520.6006,26988.0
2026-03-02 15:15:00,520.6106,521.489,520.5157,521.0598,27303.0
2026-03-02 15:20:00,520.7503,521.0298,520.0316,520.0715,28661.0
2026-03-02 15:25:00,520.1514,520.3111,519.8219,519.9567,31997.0
2026-03-02 15:30:00,520.0615,520.5107,519.6822,520.5107,27799.0
2026-03-02 15:35:00,520.4608,521.2894,520.3288,521.0897,42224.0
2026-03-02 15:40:00,521.0847,521.3094,520.6061,520.6505,50539.0
2026-03-02 15:45:00,520.5806,521.8484,520.5407,521.5739,46091.0
2026-03-02 15:50:00,521.4791,521.5689,520.7754,521.0698,75180.0
2026-03-02 15:55:00,521.0698,521.9383,519.8918,520.1114,232288.0
2026-03-03 09:30:00,512.7242,521.3493,512.1152,521.2894,98191.0
2026-03-03 09:35:00,521.3792,522.1479,515.9576,516.6424,57878.0
2026-03-03 09:40:00,516.6808,516.897,515.0102,515.8388,35235.0
2026-03-03 09:45:00,515.6491,516.0285,514.3015,515.0052,68391.0
2026-03-03 09:50:00,514.9603,518.065,514.6908,517.3462,71096.0
2026-03-03 09:55:00,517.3462,517.6157,516.2181,517.471,44791.0
2026-03-03 10:00:00,517.486,517.9352,515.9985,515.9985,42510.0
2026-03-03 10:05:00,516.2231,516.6674,513.6825,514.0419,52239.0
2026-03-03 10:10:00,514.2216,515.9848,513.9921,514.3314,51118.0
2026-03-03 10:15:00,514.0719,515.6292,513.8972,514.6259,58142.0
2026-03-03 10:20:00,514.6708,514.9404,513.4529,514.2116,44198.0
2026-03-03 10:25:00,514.2116,514.6059,512.4247,513.6426,101329.0
2026-03-03 10:30:00,513.5028,517.1066,513.2906,516.1682,59053.0
2026-03-03 10:35:00,516.1682,517.4974,515.0701,517.461,136194.0
2026-03-03 10:40:00,517.461,518.8736,515.714,516.0584,44219.0
2026-03-03 10:45:00,515.8887,516.5076,515.2099,516.2381,33567.0
2026-03-03 10:50:00,516.2481,516.4877,515.0851,515.3596,39740.0
2026-03-03 10:55:00,515.4794,516.4278,515.3347,516.3354,29129.0
2026-03-03 11:00:00,516.288,516.6374,515.2199,515.729,48683.0
2026-03-03 11:05:00,515.749,516.4577,515.5343,516.1183,44400.0
2026-03-03 11:10:00,516.1982,516.9868,515.749,516.9319,31930.0
2026-03-03 11:15:00,517.0966,517.5259,516.0085,516.4247,42541.0
2026-03-03 11:20:00,516.3379,517.466,516.1083,517.456,26844.0
2026-03-03 11:25:00,517.5359,517.6656,516.9519,517.1465,39535.0
2026-03-03 11:30:00,517.0717,517.1266,516.0584,516.9431,29887.0
2026-03-03 11:35:00,517.1865,517.2464,516.288,517.0417,25396.0
2026-03-03 11:40:00,516.9269,516.9469,515.5194,516.3729,34745.0
2026-03-03 11:45:00,516.2481,517.4959,515.8188,515.8737,38468.0
2026-03-03 11:50:00,515.9386,516.7373,515.3696,516.1832,30213.0
2026-03-03 11:55:00,516.1782,516.7572,515.2798,516.7223,32582.0
2026-03-03 12:00:00,516.4577,517.0367,515.8188,516.8071,29678.0
2026-03-03 12:05:00,516.7273,517.1765,516.308,516.3629,25124.0
2026-03-03 12:10:00,516.308,517.7755,516.308,517.7655,15018.0
2026-03-03 12:15:00,517.7056,517.8853,516.9768,517.5359,26075.0
2026-03-03 12:20:00,517.7555,518.2347,517.6656,518.2247,18782.0
2026-03-03 12:25:00,518.2247,518.7638,517.9852,518.7638,19165.0
2026-03-03 12:30:00,518.7638,518.7638,517.8784,517.9851,27972.0
2026-03-03 12:35:00,517.9751,518.1401,517.6557,517.7804,13854.0
2026-03-03 12:40:00,517.7804,519.1231,517.6607,519.1007,17819.0
2026-03-03 12:45:00,519.1331,519.5324,518.8336,519.4675,12090.0
2026-03-03 12:50:00,519.5823,519.9118,518.9684,519.0832,40851.0
2026-03-03 12:55:00,519.193,519.8319,518.9572,519.8319,24215.0
2026-03-03 13:00:00,519.8219,520.9699,519.752,520.371,35387.0
2026-03-03 13:05:00,520.5207,520.5307,519.9567,520.4159,18487.0
2026-03-03 13:10:00,520.3035,520.6804,519.7748,520.1014,24059.0
2026-03-03 13:15:00,520.3111,521.2195,520.2013,520.92,26239.0
2026-03-03 13:20:00,520.7503,522.7968,520.7503,522.7968,23978.0
2026-03-03 13:25:00,522.7768,523.845,522.5173,523.5605,24805.0
2026-03-03 13:30:00,523.5754,524.0945,522.9116,523.9498,25292.0
2026-03-03 13:35:00,523.9448,524.7434,523.4757,524.5837,29323.0
2026-03-03 13:40:00,524.5438,525.0928,524.3241,525.0729,32264.0
2026-03-03 13:45:00,524.973,525.7417,524.6037,525.3923,29145.0
2026-03-03 13:50:00,525.2663,525.4522,524.5637,524.7434,30929.0
2026-03-03 13:55:00,524.8033,524.8033,523.5755,523.9448,28488.0
2026-03-03 14:00:00,524.0147,524.4839,523.9448,524.4589,24703.0
2026-03-03 14:05:00,524.4539,524.6536,523.6654,524.0047,40831.0
2026-03-03 14:10:00,524.0846,524.6037,523.9348,524.2942,21499.0
2026-03-03 14:15:00,524.409,525.572,524.2942,525.2525,29434.0
2026-03-03 14:20:00,525.2475,525.7517,525.1827,525.3823,22540.0
2026-03-03 14:25:00,525.1827,525.552,525.003,525.2683,28105.0
2026-03-03 14:30:00,525.3006,525.3624,523.3259,523.5655,28357.0
2026-03-03 14:35:00,523.4656,524.3741,523.1761,523.9747,29557.0
2026-03-03 14:40:00,523.9049,524.6037,523.9049,524.2343,28097.0
2026-03-03 14:45:00,524.2842,525.1926,524.2842,525.1926,29445.0
2026-03-03 14:50:00,525.0878,525.3723,524.7933,525.1627,25448.0
2026-03-03 14:55:00,525.1377,525.5071,524.384,525.4772,20180.0
2026-03-03 15:00:00,525.4821,525.7317,525.0329,525.5221,29946.0
2026-03-03 15:05:00,525.4272,525.8864,525.0429,525.0878,37686.0
2026-03-03 15:10:00,525.0729,525.3823,523.6453,523.815,40354.0
2026-03-03 15:15:00,523.805,523.805,522.7319,523.0713,33566.0
2026-03-03 15:20:00,523.0364,523.6004,523.0064,523.4756,34239.0
2026-03-03 15:25:00,523.4756,523.6054,522.9765,523.2161,23282.0
2026-03-03 15:30:00,523.1312,523.7451,523.0713,523.0713,35060.0
2026-03-03 15:35:00,523.0563,523.1761,522.098,522.5722,49185.0
2026-03-03 15:40:00,522.5722,522.6171,521.8684,521.8983,44548.0
2026-03-03 15:45:00,522.0281,523.0364,522.0181,522.7514,56353.0
2026-03-03 15:50:00,522.3076,522.647,521.509,522.6021,64868.0
2026-03-03 15:55:00,522.667,523.4157,522.0081,523.1961,220857.0
2026-03-04 09:30:00,523.256,524.6236,519.3827,520.6355,98785.0
2026-03-04 09:35:00,521.0897,522.4873,519.5374,521.2284,31345.0
2026-03-04 09:40:00,521.3698,523.0464,520.8601,520.9899,39600.0
2026-03-04 09:45:00,521.3992,521.7186,520.0515,520.8701,32388.0
2026-03-04 09:50:00,520.8601,524.424,520.2312,524.1295,24937.0
2026-03-04 09:55:00,523.9747,524.6835,522.6071,523.8849,30782.0
2026-03-04 10:00:00,524.0846,524.424,521.7785,521.8983,40241.0
2026-03-04 10:05:00,521.8983,522.697,521.0298,522.2976,29390.0
2026-03-04 10:10:00,522.5672,523.825,522.4773,523.6553,23463.0
2026-03-04 10:15:00,523.3858,523.7751,522.4474,523.276,25671.0
2026-03-04 10:20:00,523.0763,524.4939,522.7419,524.4439,18841.0
2026-03-04 10:25:00,524.5238,525.2126,523.7751,524.2343,26746.0
2026-03-04 10:30:00,524.2493,525.2524,522.7396,523.2909,35819.0
2026-03-04 10:35:00,523.1212,523.4457,522.4574,523.1861,17898.0
2026-03-04 10:40:00,523.251,523.7052,522.5073,523.0913,19059.0
2026-03-04 10:45:00,522.8068,523.1062,522.2235,522.8866,16367.0
2026-03-04 10:50:00,522.7469,523.4357,522.5472,523.3957,21182.0
2026-03-04 10:55:00,523.266,524.0846,523.266,523.7252,20883.0
2026-03-04 11:00:00,523.9448,524.0147,523.5754,523.9049,17232.0
2026-03-04 11:05:00,523.8999,524.8333,523.7202,524.8333,36379.0
2026-03-04 11:10:00,524.8183,525.0229,522.7369,523.0214,48704.0
2026-03-04 11:15:00,523.0663,523.9348,523.0214,523.9348,37822.0
2026-03-04 11:20:00,523.835,524.2443,523.226,523.3758,26141.0
2026-03-04 11:25:00,523.3758,523.84,522.8667,523.7302,19602.0
2026-03-04 11:30:00,523.6254,524.0826,523.6254,523.8949,14178.0
2026-03-04 11:35:00,524.0047,524.3341,522.687,522.9116,20720.0
2026-03-04 11:40:00,522.8617,523.0863,522.1579,522.6071,25180.0
2026-03-04 11:45:00,522.6321,523.0108,522.098,522.8167,20791.0
2026-03-04 11:50:00,522.5272,523.1512,522.3376,522.8068,19934.0
2026-03-04 11:55:00,522.7515,522.954,522.2777,522.4674,9245.0
2026-03-04 12:00:00,522.4674,522.7369,521.8186,521.9882,14942.0
2026-03-04 12:05:00,522.1479,522.4075,521.8634,522.1828,16230.0
2026-03-04 12:10:00,522.1779,522.1779,521.3593,521.3593,11936.0
2026-03-04 12:15:00,521.499,521.6587,521.1297,521.2694,15510.0
2026-03-04 12:20:00,521.1796,521.539,520.8303,520.95,10847.0
2026-03-04 12:25:00,521.0698,521.2623,520.6705,520.6705,14720.0
2026-03-04 12:30:00,520.5956,520.8102,519.772,520.6222,15760.0
2026-03-04 12:35:00,520.5357,520.7304,519.6722,519.862,36725.0
2026-03-04 12:40:00,520.0915,520.0915,519.4526,520.0016,18098.0
2026-03-04 12:45:00,520.0166,520.4409,520.0166,520.2612,14867.0
2026-03-04 12:50:00,520.2811,520.8901,520.0316,520.6904,16469.0
2026-03-04 12:55:00,520.5507,521.5277,520.1204,521.3543,17836.0
2026-03-04 13:00:00,521.1396,521.3393,520.4508,521.2694,45720.0
2026-03-04 13:05:00,521.2694,521.7336,521.1396,521.7236,12702.0
2026-03-04 13:10:00,521.5689,522.1679,521.539,521.6887,12354.0
2026-03-04 13:15:00,521.6887,521.9982,521.5038,521.8085,8863.0
2026-03-04 13:20:00,521.6288,522.1978,521.5191,521.7386,14332.0
2026-03-04 13:25:00,521.8784,521.9982,521.2345,521.7785,9076.0
2026-03-04 13:30:00,521.7536,522.0181,521.6488,521.9582,10716.0
2026-03-04 13:35:00,522.0381,522.3076,521.7885,522.2178,13544.0
2026-03-04 13:40:00,522.2178,522.3376,521.5255,521.539,18439.0
2026-03-04 13:45:00,521.5839,521.5839,520.8701,521.0897,10520.0
2026-03-04 13:50:00,520.9749,521.5689,520.8622,521.4217,13996.0
2026-03-04 13:55:00,521.3393,521.4491,520.92,521.2694,12239.0
2026-03-04 14:00:00,521.3393,521.7286,521.0698,521.6488,36549.0
2026-03-04 14:05:00,521.6488,521.816,521.2794,521.7436,12116.0
2026-03-04 14:10:00,521.6687,521.7486,521.0248,521.0248,12747.0
2026-03-04 14:15:00,521.0248,521.0797,520.5207,520.7353,15658.0
2026-03-04 14:20:00,520.6904,521.2095,520.4159,521.2095,18487.0
2026-03-04 14:25:00,521.2095,521.7985,520.8901,521.7885,32312.0
2026-03-04 14:30:00,521.7536,522.5173,521.5889,522.4973,13273.0
2026-03-04 14:35:00,522.4973,523.1263,522.4274,523.1262,14487.0
2026-03-04 14:40:00,522.9964,523.3259,522.8267,522.9914,31481.0
2026-03-04 14:45:00,522.9914,523.0763,522.4374,522.6271,38485.0
2026-03-04 14:50:00,522.5871,523.266,522.5223,523.266,16573.0
2026-03-04 14:55:00,523.266,523.266,522.8766,523.1412,24681.0
2026-03-04 15:00:00,523.246,523.4057,522.5871,523.1013,15944.0
2026-03-04 15:05:00,523.1013,523.3458,522.8467,523.3149,24441.0
2026-03-04 15:10:00,523.236,523.3458,522.7968,523.3059,27814.0
2026-03-04 15:15:00,523.3009,523.4706,522.5921,522.6221,19764.0
2026-03-04 15:20:00,522.6171,522.8367,522.2178,522.4674,25091.0
2026-03-04 15:25:00,522.3825,522.7469,522.2976,522.5971,27106.0
2026-03-04 15:30:00,522.5871,522.6599,522.2028,522.2028,33233.0
2026-03-04 15:35:00,522.2228,522.647,522.1878,522.2976,24350.0
2026-03-04 15:40:00,522.4075,523.1861,522.1978,522.8068,55257.0
2026-03-04 15:45:00,522.7169,524.1345,522.7169,524.0646,59597.0
2026-03-04 15:50:00,523.9747,524.1544,522.098,522.5272,127771.0
2026-03-04 15:55:00,522.4773,523.276,521.8285,521.8884,243948.0
2026-03-05 09:30:00,520.2013,524.2443,519.1631,522.8766,91348.0
2026-03-05 09:35:00,523.0264,524.414,522.3875,522.8267,45673.0
2026-03-05 09:40:00,523.5682,523.5682,521.4691,522.4674,49796.0
2026-03-05 09:45:00,522.3376,522.3476,520.3909,520.5207,61034.0
2026-03-05 09:50:00,520.2412,520.7803,519.7371,520.2312,31637.0
2026-03-05 09:55:00,520.1963,520.2212,517.8553,518.0899,51366.0
2026-03-05 10:00:00,518.0899,518.2047,515.3796,515.6092,52114.0
2026-03-05 10:05:00,515.5194,515.9586,513.2732,514.8455,71846.0
2026-03-05 10:10:00,514.8505,515.709,514.1118,515.4395,54139.0
2026-03-05 10:15:00,515.4195,515.9786,513.3232,513.8023,50411.0
2026-03-05 10:20:00,513.8023,514.4612,512.7741,513.8423,38097.0
2026-03-05 10:25:00,513.7923,514.2066,512.3948,513.1235,43477.0
2026-03-05 10:30:00,513.1135,515.0202,512.9438,514.3015,41317.0
2026-03-05 10:35:00,514.1118,514.6608,513.403,513.7324,37609.0
2026-03-05 10:40:00,514.0419,514.7307,513.6176,514.6908,33558.0
2026-03-05 10:45:00,514.6908,514.9953,513.8123,514.2765,28525.0
2026-03-05 10:50:00,514.1817,514.3164,513.6326,514.0369,33281.0
2026-03-05 10:55:00,513.9421,514.2016,512.3049,513.5078,39120.0
2026-03-05 11:00:00,513.6326,514.3514,513.1335,513.413,33855.0
2026-03-05 11:05:00,513.413,513.6027,512.7941,512.9039,36943.0
2026-03-05 11:10:00,512.9039,513.383,511.8657,513.2732,31939.0
2026-03-05 11:15:00,513.2633,514.2416,513.1435,513.6476,28817.0
2026-03-05 11:20:00,513.8772,514.002,513.3631,513.6825,36220.0
2026-03-05 11:25:00,513.5727,514.2715,513.1135,514.1218,39952.0
2026-03-05 11:30:00,514.1218,515.2199,513.6926,514.8405,18144.0
2026-03-05 11:35:00,514.7108,515.729,514.7108,515.3996,10192.0
2026-03-05 11:40:00,515.4894,515.739,515.1899,515.4944,14923.0
2026-03-05 11:45:00,515.4794,516.3379,515.3896,516.3379,13826.0
2026-03-05 11:50:00,516.308,516.6774,515.8288,516.5376,15262.0
2026-03-05 11:55:00,516.7273,518.4842,516.4852,517.2364,39163.0
2026-03-05 12:00:00,517.2374,518.4842,516.4178,518.1848,21016.0
2026-03-05 12:05:00,518.2147,518.4543,517.3612,518.2446,15638.0
2026-03-05 12:10:00,518.1748,519.5922,518.1448,519.183,29585.0
2026-03-05 12:15:00,519.0233,519.198,518.2546,518.2546,14978.0
2026-03-05 12:20:00,518.4044,518.634,517.5758,518.1648,14534.0
2026-03-05 12:25:00,518.1648,518.7638,517.9652,518.397,11106.0
2026-03-05 12:30:00,518.4593,519.3228,518.2446,518.5491,17705.0
2026-03-05 12:35:00,518.5891,520.361,518.5441,520.0465,20189.0
2026-03-05 12:40:00,520.3111,520.4009,519.772,519.8668,14994.0
2026-03-05 12:45:00,519.6921,520.94,519.6622,520.4009,20811.0
2026-03-05 12:50:00,520.4508,520.94,520.1913,520.1963,18803.0
2026-03-05 12:55:00,520.2512,521.0398,520.0588,520.6705,17846.0
2026-03-05 13:00:00,520.5107,520.5107,519.6422,520.3261,22086.0
2026-03-05 13:05:00,520.1713,520.5007,519.792,520.5007,21117.0
2026-03-05 13:10:00,520.5207,521.7885,520.4309,521.5889,16494.0
2026-03-05 13:15:00,521.6837,521.7686,520.6555,520.8102,17644.0
2026-03-05 13:20:00,520.8102,521.5539,520.6505,521.4491,29861.0
2026-03-05 13:25:00,521.3992,521.6388,520.2759,521.0199,21488.0
2026-03-05 13:30:00,521.2195,521.519,520.4908,520.8394,40801.0
2026-03-05 13:35:00,520.6605,521.0248,520.0715,521.0248,20732.0
2026-03-05 13:40:00,520.9799,521.6687,520.9799,521.5839,16869.0
2026-03-05 13:45:00,521.5839,521.6578,520.1014,520.1014,22185.0
2026-03-05 13:50:00,519.9816,520.5706,519.9309,520.0865,25217.0
2026-03-05 13:55:00,520.0815,520.6804,520.0815,520.3909,25496.0
2026-03-05 14:00:00,520.331,520.8002,520.1214,520.4409,35809.0
2026-03-05 14:05:00,520.5357,520.8801,520.0317,520.4558,22419.0
2026-03-05 14:10:00,520.4558,520.92,520.2322,520.7255,19445.0
2026-03-05 14:15:00,520.5706,520.5706,519.213,520.2312,61121.0
2026-03-05 14:20:00,520.2612,520.4209,518.7396,519.3028,63429.0
2026-03-05 14:25:00,519.3028,519.3927,517.6457,518.8736,25488.0
2026-03-05 14:30:00,518.8786,519.1032,518.3644,518.9734,40247.0
2026-03-05 14:35:00,518.9734,519.6372,518.3495,518.4094,45130.0
2026-03-05 14:40:00,518.4094,518.4743,517.4161,518.3944,126376.0
2026-03-05 14:45:00,518.4942,519.8718,518.1049,519.6273,31821.0
2026-03-05 14:50:00,519.6273,520.1813,519.4526,519.4825,21457.0
2026-03-05 14:55:00,519.4326,519.6244,519.0033,519.2928,72011.0
2026-03-05 15:00:00,519.2329,520.8901,518.9235,520.8402,36892.0
2026-03-05 15:05:00,520.8402,520.91,520.0221,520.5307,25931.0
2026-03-05 15:10:00,520.5357,520.8302,520.0715,520.7603,21487.0
2026-03-05 15:15:00,520.8302,521.0298,520.1713,520.5706,24843.0
2026-03-05 15:20:00,520.5906,520.8186,519.9916,520.8186,27736.0
2026-03-05 15:25:00,520.8202,521.0199,520.6106,520.7753,25134.0
2026-03-05 15:30:00,520.6505,521.1696,520.4508,520.9999,24249.0
2026-03-05 15:35:00,521.1696,521.499,520.91,521.0099,26906.0
2026-03-05 15:40:00,521.0099,521.5889,520.8102,521.519,30249.0
2026-03-05 15:45:00,521.514,522.0081,521.0698,522.0032,34129.0
2026-03-05 15:50:00,522.0581,522.9266,520.8601,522.667,108645.0
2026-03-05 15:55:00,522.687,523.7951,521.9383,523.4357,365112.0
2026-03-06 09:30:00,518.7438,521.3892,516.3879,517.446,64112.0
2026-03-06 09:35:00,517.446,517.8004,515.8188,515.8188,27104.0
2026-03-06 09:40:00,516.0085,516.3978,513.5877,514.9054,24717.0
2026-03-06 09:45:00,514.591,514.591,511.3466,511.5762,31109.0
2026-03-06 09:50:00,511.5762,514.2016,511.3166,513.6176,34846.0
2026-03-06 09:55:00,513.3132,514.6209,513.1335,514.2416,29266.0
2026-03-06 10:00:00,514.2166,515.3397,513.5028,514.1916,29232.0
2026-03-06 10:05:00,514.5111,515.0701,513.433,514.1018,37076.0
2026-03-06 10:10:00,514.3114,516.7572,514.0619,516.5326,32561.0
2026-03-06 10:15:00,516.7572,518.1055,516.3978,517.3961,32756.0
2026-03-06 10:20:00,517.2963,519.0233,517.1965,518.0699,36694.0
2026-03-06 10:25:00,518.065,518.4343,517.2108,517.9851,19071.0
2026-03-06 10:30:00,517.8803,519.4725,517.7455,519.0682,29922.0
2026-03-06 10:35:00,519.173,519.4526,518.4443,518.9035,19607.0
2026-03-06 10:40:00,518.8736,518.8736,517.4111,517.9352,15125.0
2026-03-06 10:45:00,518.1049,518.2446,517.1865,517.7804,19760.0
2026-03-06 10:50:00,517.7804,517.7804,516.5176,516.7672,16958.0
2026-03-06 10:55:00,516.9768,518.1548,516.9669,517.7655,23814.0
2026-03-06 11:00:00,517.8653,519.6921,517.8553,519.3427,19170.0
2026-03-06 11:05:00,519.3028,519.3128,518.2147,518.5841,17145.0
2026-03-06 11:10:00,518.624,519.1681,517.486,517.486,14770.0
2026-03-06 11:15:00,517.486,517.9951,517.0367,517.732,20023.0
2026-03-06 11:20:00,518.0699,518.3644,516.9169,517.8903,20819.0
2026-03-06 11:25:00,518.055,518.624,517.0317,517.4161,18903.0
2026-03-06 11:30:00,517.4061,517.5558,516.5526,516.5526,17924.0
2026-03-06 11:35:00,516.6175,517.0966,516.2282,516.7872,16359.0
2026-03-06 11:40:00,516.7872,517.1266,515.8371,515.9286,23180.0
2026-03-06 11:45:00,515.9286,516.857,515.8188,516.1083,56977.0
2026-03-06 11:50:00,516.278,516.298,515.13,515.4295,170874.0
2026-03-06 11:55:00,515.4095,515.6466,514.7108,515.2299,23102.0
2026-03-06 12:00:00,515.2299,515.8388,514.6509,515.4694,28960.0
2026-03-06 12:05:00,515.4595,515.4595,513.8522,513.8622,22214.0
2026-03-06 12:10:00,514.0918,514.9503,513.423,514.5061,27526.0
2026-03-06 12:15:00,514.5061,514.6998,513.4429,513.6775,18304.0
2026-03-06 12:20:00,513.5228,514.0419,512.4846,513.6626,23477.0
2026-03-06 12:25:00,513.6526,513.8722,512.8839,513.5627,12993.0
2026-03-06 12:30:00,513.5627,513.8822,513.0736,513.7119,9785.0
2026-03-06 12:35:00,513.6576,513.6576,512.6443,512.7741,18417.0
2026-03-06 12:40:00,512.854,513.0935,511.666,511.7359,16853.0
2026-03-06 12:45:00,511.9256,512.4147,511.7459,512.4147,12056.0
2026-03-06 12:50:00,512.3898,513.5328,512.3188,513.2233,23536.0
2026-03-06 12:55:00,513.2034,513.972,512.9238,513.1485,16194.0
2026-03-06 13:00:00,513.2832,514.3514,513.1584,514.2515,36002.0
2026-03-06 13:05:00,514.1218,514.9404,514.0519,514.6858,17197.0
2026-03-06 13:10:00,514.9004,515.699,514.3913,515.3546,15596.0
2026-03-06 13:15:00,515.4744,515.699,514.8505,515.5892,15370.0
2026-03-06 13:20:00,515.6491,515.6491,514.002,514.2166,18176.0
2026-03-06 13:25:00,514.2216,514.7207,513.7674,513.9447,15636.0
2026-03-06 13:30:00,514.1218,514.4762,513.6726,513.8123,15286.0
2026-03-06 13:35:00,513.7225,514.2416,513.4429,513.8522,12713.0
2026-03-06 13:40:00,513.6626,514.0519,513.4829,513.8522,11712.0
2026-03-06 13:45:00,513.7624,514.0818,513.4114,513.8722,15885.0
2026-03-06 13:50:00,513.962,513.962,512.8639,513.6176,17542.0
2026-03-06 13:55:00,513.5278,513.992,513.413,513.5777,17075.0
2026-03-06 14:00:00,513.5827,514.2615,513.5328,514.1118,15046.0
2026-03-06 14:05:00,514.2316,514.8504,514.1667,514.5011,17153.0
2026-03-06 14:10:00,514.3414,515.5992,514.3414,515.5992,16587.0
2026-03-06 14:15:00,515.5992,515.729,515.1101,515.5593,13181.0
2026-03-06 14:20:00,515.4495,515.9187,515.2199,515.2798,15237.0
2026-03-06 14:25:00,515.2548,516.0934,515.0102,515.8887,20656.0
2026-03-06 14:30:00,515.8388,517.2564,515.8388,517.2564,32863.0
2026-03-06 14:35:00,517.0966,517.486,516.6873,516.9868,16423.0
2026-03-06 14:40:00,517.1066,518.3045,517.1066,517.7455,37360.0
2026-03-06 14:45:00,517.7455,518.7604,517.3262,518.619,21370.0
2026-03-06 14:50:00,518.619,519.4176,518.4743,519.0632,26583.0
2026-03-06 14:55:00,519.0832,519.4226,518.3694,518.624,32997.0
2026-03-06 15:00:00,518.7138,519.4526,518.6639,519.203,16301.0
2026-03-06 15:05:00,519.0933,519.8718,519.0033,519.8219,21140.0
2026-03-06 15:10:00,519.7321,519.8519,518.3145,518.5541,23491.0
2026-03-06 15:15:00,518.5541,519.1431,518.2446,518.9534,23263.0
2026-03-06 15:20:00,518.9634,519.6223,518.6639,518.8935,27298.0
2026-03-06 15:25:00,518.8835,519.183,518.4144,519.183,29050.0
2026-03-06 15:30:00,519.1281,519.4625,518.8038,519.0882,26316.0
2026-03-06 15:35:00,519.0882,519.2529,518.6639,519.1381,25403.0
2026-03-06 15:40:00,519.2329,519.6822,518.3545,518.4443,45991.0
2026-03-06 15:45:00,518.5092,519.7021,518.4044,519.6073,33589.0
2026-03-06 15:50:00,519.6322,519.7021,517.466,519.2329,75606.0
2026-03-06 15:55:00,519.2379,521.6488,519.0832,521.4291,232185.0
2026-03-09 09:30:00,515.3796,519.9916,515.0601,517.0268,91506.0
2026-03-09 09:35:00,516.6399,518.8636,515.4694,515.4694,57345.0
2026-03-09 09:40:00,515.6741,516.2181,514.3015,515.9171,36863.0
2026-03-09 09:45:00,515.6092,516.0484,514.551,514.9404,48040.0
2026-03-09 09:50:00,514.9553,516.6075,514.8355,515.5693,41688.0
2026-03-09 09:55:00,515.4395,516.9469,514.8206,514.8904,34944.0
2026-03-09 10:00:00,515.13,515.9286,513.9421,515.5842,35725.0
2026-03-09 10:05:00,515.3397,515.5593,512.7142,514.0219,32365.0
2026-03-09 10:10:00,513.8423,514.0219,511.9455,512.819,41051.0
2026-03-09 10:15:00,513.0436,514.8006,511.8557,512.0653,44593.0
2026-03-09 10:20:00,511.9455,513.7025,511.3166,512.5545,39621.0
2026-03-09 10:25:00,512.5195,513.4429,512.1152,512.3798,31796.0
2026-03-09 10:30:00,512.3798,513.403,511.9056,512.834,48703.0
2026-03-09 10:35:00,512.9438,513.8922,512.1152,513.2383,37656.0
2026-03-09 10:40:00,513.3731,513.8123,511.9448,513.0037,47189.0
2026-03-09 10:45:00,513.0836,514.4213,512.6643,512.6992,37458.0
2026-03-09 10:50:00,512.804,512.824,511.6361,512.7741,48755.0
2026-03-09 10:55:00,512.6244,513.3531,510.5908,510.9622,135029.0
2026-03-09 11:00:00,510.8275,510.9572,509.5597,510.538,39352.0
2026-03-09 11:05:00,510.4581,510.4781,508.2319,508.4815,34647.0
2026-03-09 11:10:00,508.5015,509.9689,508.4116,509.7144,39022.0
2026-03-09 11:15:00,509.909,511.2867,509.4199,511.2368,24118.0
2026-03-09 11:20:00,511.1968,512.1152,510.9174,511.5462,38154.0
2026-03-09 11:25:00,511.4265,512.0953,511.0421,511.3615,34557.0
2026-03-09 11:30:00,511.3665,512.1152,510.0173,510.0173,31303.0
2026-03-09 11:35:00,510.2185,511.1269,509.8817,510.3825,30172.0
2026-03-09 11:40:00,510.4581,511.107,509.8292,510.8275,26411.0
2026-03-09 11:45:00,510.8275,511.2417,510.6416,511.0271,19315.0
2026-03-09 11:50:00,510.9872,511.077,510.3982,510.8075,25892.0
2026-03-09 11:55:00,510.6428,511.2866,510.3084,510.528,26124.0
2026-03-09 12:00:00,510.4731,511.2467,509.7393,510.9572,26798.0
2026-03-09 12:05:00,510.9572,511.1569,510.4681,510.6478,15869.0
2026-03-09 12:10:00,510.6478,511.3166,510.5579,511.1269,21834.0
2026-03-09 12:15:00,511.0171,511.2118,510.3183,511.117,45875.0
2026-03-09 12:20:00,511.117,512.1152,510.1287,511.117,67442.0
2026-03-09 12:25:00,511.4264,512.7092,511.4165,512.1751,31607.0
2026-03-09 12:30:00,512.0254,512.255,511.5562,512.0454,13750.0
2026-03-09 12:35:00,512.0953,512.5645,511.3565,512.0454,14102.0
2026-03-09 12:40:00,511.9555,512.1751,511.661,512.1152,12156.0
2026-03-09 12:45:00,512.2326,514.3514,512.1102,514.1417,39805.0
2026-03-09 12:50:00,514.1417,515.0901,514.1255,514.1255,34939.0
2026-03-09 12:55:00,514.2665,514.7407,512.3748,512.3818,40601.0
2026-03-09 13:00:00,512.6194,513.2575,512.1152,512.5595,16444.0
2026-03-09 13:05:00,512.5944,512.8938,512.2051,512.3648,16291.0
2026-03-09 13:10:00,512.4247,512.5744,511.4314,511.7658,20114.0
2026-03-09 13:15:00,511.7658,511.9954,511.5034,511.7658,14598.0
2026-03-09 13:20:00,511.6061,511.9654,511.3216,511.4464,19210.0
2026-03-09 13:25:00,511.4464,511.4963,510.1187,510.2934,21564.0
2026-03-09 13:30:00,510.3034,510.6578,509.6794,510.2683,26441.0
2026-03-09 13:35:00,510.1486,510.2385,509.4698,509.7094,17309.0
2026-03-09 13:40:00,509.5796,509.8591,508.8209,508.8209,18617.0
2026-03-09 13:45:00,508.8808,510.3283,508.8209,510.1187,29206.0
2026-03-09 13:50:00,510.1985,511.4464,510.1985,510.8824,55654.0
2026-03-09 13:55:00,510.9373,511.0171,509.5097,509.8492,19953.0
2026-03-09 14:00:00,509.8292,510.6627,509.8292,510.2584,16880.0
2026-03-09 14:05:00,510.2185,510.6977,509.0655,509.1903,25088.0
2026-03-09 14:10:00,509.2602,509.556,508.4815,508.9707,19039.0
2026-03-09 14:15:00,509.0006,509.2202,508.791,509.1054,24265.0
2026-03-09 14:20:00,509.1404,509.7393,508.9507,509.6545,23057.0
2026-03-09 14:25:00,509.6545,510.4481,509.4998,510.3183,35234.0
2026-03-09 14:30:00,510.4381,511.5862,510.3384,511.3665,19972.0
2026-03-09 14:35:00,511.2068,512.0204,511.0171,511.7159,15829.0
2026-03-09 14:40:00,511.656,511.7545,511.2467,511.3466,11024.0
2026-03-09 14:45:00,511.3416,511.8457,511.2068,511.5263,15533.0
2026-03-09 14:50:00,511.4214,512.1352,511.4214,511.5911,21960.0
2026-03-09 14:55:00,511.6261,511.7158,510.6278,511.0471,21073.0
2026-03-09 15:00:00,511.0471,512.0753,511.0371,511.6161,28435.0
2026-03-09 15:05:00,511.671,511.7958,510.2884,510.538,31349.0
2026-03-09 15:10:00,510.3491,510.6278,509.8691,510.0987,30687.0
2026-03-09 15:15:00,510.0987,511.2967,509.6994,511.1519,62172.0
2026-03-09 15:20:00,511.0995,513.6027,510.8927,513.423,78289.0
2026-03-09 15:25:00,513.5827,515.6391,513.1684,515.6092,41398.0
2026-03-09 15:30:00,515.6292,516.9768,514.581,516.6374,63419.0
2026-03-09 15:35:00,516.7173,518.5242,516.4478,518.3594,50743.0
2026-03-09 15:40:00,518.1648,518.2446,516.283,517.2913,65472.0
2026-03-09 15:45:00,517.1965,517.6457,516.4128,516.7023,59678.0
2026-03-09 15:50:00,516.6873,516.7872,515.8238,516.4028,68328.0
2026-03-09 15:55:00,516.288,517.0767,515.8288,517.0467,165689.0
2026-03-10 09:30:00,516.0584,517.446,513.8173,514.1567,73028.0
2026-03-10 09:35:00,513.8123,515.8238,513.2732,513.5528,21652.0
2026-03-10 09:40:00,513.5528,514.2366,511.5961,511.9405,25779.0
2026-03-10 09:45:00,511.666,514.3514,511.666,514.017,28789.0
2026-03-10 09:50:00,514.0369,514.581,512.8989,514.1417,25614.0
2026-03-10 09:55:00,514.1767,514.1767,512.0553,512.275,22675.0
2026-03-10 10:00:00,512.0454,512.6443,511.7359,512.0503,26467.0
2026-03-10 10:05:00,512.3548,513.1534,511.117,511.2597,26026.0
2026-03-10 10:10:00,511.2567,511.3665,510.2984,510.6578,21909.0
2026-03-10 10:15:00,510.6578,512.4047,510.1187,512.2151,27288.0
2026-03-10 10:20:00,512.0454,512.844,511.4164,511.7159,28534.0
2026-03-10 10:25:00,511.7359,512.6144,511.656,511.9455,43214.0
2026-03-10 10:30:00,511.9705,512.235,510.4182,512.1751,182373.0
2026-03-10 10:35:00,512.4646,513.3381,511.7958,513.1085,64242.0
2026-03-10 10:40:00,512.9738,514.1218,512.8639,513.9271,24718.0
2026-03-10 10:45:00,514.0918,515.1101,513.3431,515.0452,20886.0
2026-03-10 10:50:00,515.4095,515.9286,515.0701,515.5793,14780.0
2026-03-10 10:55:00,515.7989,515.9187,515.2398,515.3571,19774.0
2026-03-10 11:00:00,515.4245,515.4245,514.3115,514.6008,25125.0
2026-03-10 11:05:00,514.4312,515.0901,514.4013,514.8455,20873.0
2026-03-10 11:10:00,514.8206,514.9803,514.3314,514.6891,55499.0
2026-03-10 11:15:00,514.7607,515.7589,514.6608,515.145,13981.0
2026-03-10 11:20:00,515.145,515.145,513.9121,514.1517,11846.0
2026-03-10 11:25:00,514.1567,514.541,513.8123,514.5011,15956.0
2026-03-10 11:30:00,514.5211,514.5211,513.7144,514.2665,14257.0
2026-03-10 11:35:00,514.2615,515.0302,514.2615,514.9204,11882.0
2026-03-10 11:40:00,515.2498,516.1083,514.8405,515.7789,20903.0
2026-03-10 11:45:00,515.9436,515.9985,515.2997,515.6891,11781.0
2026-03-10 11:50:00,515.709,515.719,514.7408,514.7408,9698.0
2026-03-10 11:55:00,514.9309,515.7889,514.9309,515.5094,11307.0
2026-03-10 12:00:00,515.5942,515.8089,514.7706,515.0402,7634.0
2026-03-10 12:05:00,514.9903,515.0352,514.1817,514.581,9660.0
2026-03-10 12:10:00,514.581,515.4245,514.581,515.2748,13257.0
2026-03-10 12:15:00,515.2799,515.8323,515.0402,515.472,18012.0
2026-03-10 12:20:00,515.6192,515.8688,515.1301,515.5493,9859.0
2026-03-10 12:25:00,515.3596,515.9386,514.8905,515.3247,12951.0
2026-03-10 12:30:00,515.3996,516.7472,515.3996,516.7123,11097.0
2026-03-10 12:35:00,516.7073,517.4311,516.5076,517.1216,17054.0
2026-03-10 12:40:00,517.2064,517.5259,517.1166,517.2314,14020.0
2026-03-10 12:45:00,517.1267,517.2014,516.6973,517.1266,11687.0
2026-03-10 12:50:00,517.1266,517.476,516.7772,517.174,17799.0
2026-03-10 12:55:00,517.1765,517.6956,517.1765,517.3262,13011.0
2026-03-10 13:00:00,517.451,517.6548,517.2164,517.5259,18541.0
2026-03-10 13:05:00,517.5858,518.055,517.3113,517.4909,16972.0
2026-03-10 13:10:00,517.4261,517.5259,516.857,517.0717,18259.0
2026-03-10 13:15:00,517.0667,518.4343,517.0667,518.2446,15835.0
2026-03-10 13:20:00,518.2446,518.2446,517.8154,518.1648,15850.0
2026-03-10 13:25:00,518.0051,518.1447,517.1565,517.2464,39358.0
2026-03-10 13:30:00,517.1965,517.1965,515.4228,515.5793,21504.0
2026-03-10 13:35:00,515.3696,515.5992,514.2915,514.6509,22111.0
2026-03-10 13:40:00,514.6509,515.8987,514.2116,515.8987,19961.0
2026-03-10 13:45:00,515.8987,516.882,515.7989,516.882,17326.0
2026-03-10 13:50:00,516.8071,516.882,516.1982,516.5176,18522.0
2026-03-10 13:55:00,516.5176,516.9767,516.2681,516.288,14030.0
2026-03-10 14:00:00,516.4428,516.857,515.8388,516.6324,20869.0
2026-03-10 14:05:00,516.5376,516.6662,515.9885,515.9985,17792.0
2026-03-10 14:10:00,515.9885,516.1212,513.4929,513.4929,19802.0
2026-03-10 14:15:00,513.2915,513.7724,512.3448,512.3448,20354.0
2026-03-10 14:20:00,512.5145,512.9238,512.0054,512.7242,23143.0
2026-03-10 14:25:00,512.6942,513.7524,512.6094,513.3431,16384.0
2026-03-10 14:30:00,513.5428,514.1118,513.1135,513.428,26641.0
2026-03-10 14:35:00,513.5827,513.8223,512.7242,513.3331,14951.0
2026-03-10 14:40:00,513.403,513.9121,513.2453,513.6326,22369.0
2026-03-10 14:45:00,513.6725,513.912,513.4729,513.6251,14891.0
2026-03-10 14:50:00,513.7225,513.8123,512.9039,513.2333,14856.0
2026-03-10 14:55:00,513.2333,513.5927,512.6743,513.4929,22002.0
2026-03-10 15:00:00,513.7424,514.6209,513.6726,514.3065,23481.0
2026-03-10 15:05:00,514.1916,514.4213,513.5977,513.8622,21809.0
2026-03-10 15:10:00,513.972,514.6009,513.6825,514.4911,26426.0
2026-03-10 15:15:00,514.4911,514.8805,514.1168,514.2665,20546.0
2026-03-10 15:20:00,514.1417,514.2615,513.1135,513.413,21497.0
2026-03-10 15:25:00,513.5727,513.6907,513.2133,513.2533,24381.0
2026-03-10 15:30:00,513.2533,513.2533,512.5545,513.1734,31323.0
2026-03-10 15:35:00,513.1734,513.7125,512.8839,513.4779,25852.0
2026-03-10 15:40:00,513.4954,514.1717,513.0187,513.7824,29462.0
2026-03-10 15:45:00,513.8522,514.2216,513.4579,513.7025,30765.0
2026-03-10 15:50:00,513.8423,514.6409,513.4131,513.4131,45122.0
2026-03-10 15:55:00,513.423,513.8223,512.8689,513.5927,144278.0
2026-03-11 09:30:00,512.1951,512.3748,509.6196,511.3665,74325.0
2026-03-11 09:35:00,511.0621,512.9388,511.0621,512.4746,33989.0
2026-03-11 09:40:00,512.3748,512.804,511.5163,511.6162,23136.0
2026-03-11 09:45:00,511.8257,512.1652,510.9972,512.1652,20161.0
2026-03-11 09:50:00,512.0653,513.902,511.8757,513.8522,30416.0
2026-03-11 09:55:00,513.8972,514.4213,512.9338,513.383,26350.0
2026-03-11 10:00:00,513.5128,514.4113,510.6178,510.6178,29803.0
2026-03-11 10:05:00,510.4182,511.9555,510.4182,511.8806,21703.0
2026-03-11 10:10:00,511.646,511.9505,509.8192,510.3333,24769.0
2026-03-11 10:15:00,510.3383,510.7576,509.909,509.9839,16247.0
2026-03-11 10:20:00,509.7992,509.909,507.6879,507.9225,24931.0
2026-03-11 10:25:00,507.9824,507.9924,506.8244,507.6529,21721.0
2026-03-11 10:30:00,507.7178,508.9607,507.4533,508.6295,19822.0
2026-03-11 10:35:00,508.8109,509.4798,508.5514,508.8309,31910.0
2026-03-11 10:40:00,508.8259,509.2901,508.222,508.5264,46822.0
2026-03-11 10:45:00,508.6462,508.8708,507.9025,508.8209,94165.0
2026-03-11 10:50:00,508.8209,509.365,508.6113,509.1504,30672.0
2026-03-11 10:55:00,509.0405,509.0705,508.3018,508.6412,21629.0
2026-03-11 11:00:00,508.7011,508.9507,506.2054,507.0041,27119.0
2026-03-11 11:05:00,507.2437,507.2536,505.3469,505.4917,32476.0
2026-03-11 11:10:00,505.4917,505.8361,504.9576,504.9576,27041.0
2026-03-11 11:15:00,504.9177,505.911,504.4884,505.906,20396.0
2026-03-11 11:20:00,505.7962,506.1156,504.9077,505.9858,20252.0
2026-03-11 11:25:00,506.0707,506.0956,504.728,504.728,16457.0
2026-03-11 11:30:00,504.7779,504.9876,503.6598,504.4086,37106.0
2026-03-11 11:35:00,504.4784,504.8777,503.8396,504.0791,22074.0
2026-03-11 11:40:00,504.0791,505.3769,503.9194,504.718,31803.0
2026-03-11 11:45:00,504.8378,505.0673,502.9211,503.0759,22460.0
2026-03-11 11:50:00,503.0759,504.4285,502.981,504.0192,16426.0
2026-03-11 11:55:00,504.0192,504.708,503.6947,503.7796,15198.0
2026-03-11 12:00:00,503.7796,504.6082,503.6998,503.9444,18439.0
2026-03-11 12:05:00,503.7497,504.1091,503.3304,503.4103,11229.0
2026-03-11 12:10:00,503.4901,504.069,503.4004,503.8795,20618.0
2026-03-11 12:15:00,503.8894,504.6032,503.8096,503.9244,14718.0
2026-03-11 12:20:00,503.6898,504.6581,503.5301,504.2688,14235.0
2026-03-11 12:25:00,504.4086,504.8178,504.149,504.6581,16606.0
2026-03-11 12:30:00,504.748,504.9077,504.139,504.9077,17566.0
2026-03-11 12:35:00,504.8029,505.0724,504.0841,504.4086,14599.0
2026-03-11 12:40:00,504.4185,504.8378,504.1789,504.5483,16696.0
2026-03-11 12:45:00,504.5084,504.6082,503.9294,504.3137,17928.0
2026-03-11 12:50:00,504.3337,505.8561,504.3337,505.6364,18149.0
2026-03-11 12:55:00,505.5666,506.6946,505.5166,506.5748,12909.0
2026-03-11 13:00:00,506.6347,506.6746,505.8211,505.9758,15540.0
2026-03-11 13:05:00,505.876,506.1056,505.297,505.5466,19512.0
2026-03-11 13:10:00,505.4068,505.7063,504.6981,504.9077,14702.0
2026-03-11 13:15:00,505.0674,505.4368,504.9077,505.4268,19604.0
2026-03-11 13:20:00,505.292,505.896,505.1024,505.896,16948.0
2026-03-11 13:25:00,505.896,506.44,505.8261,506.2304,15100.0
2026-03-11 13:30:00,506.2304,506.2653,505.5966,505.7313,18619.0
2026-03-11 13:35:00,505.7313,505.8261,504.129,504.4585,24551.0
2026-03-11 13:40:00,504.4185,504.6681,504.0192,504.154,17513.0
2026-03-11 13:45:00,504.154,504.5683,503.565,504.0492,20786.0
2026-03-11 13:50:00,503.9993,504.2688,502.8413,502.9586,19417.0
2026-03-11 13:55:00,502.8413,502.9939,502.2223,502.9161,41636.0
2026-03-11 14:00:00,503.0309,503.2006,502.4569,502.981,29450.0
2026-03-11 14:05:00,502.8744,503.4003,502.1624,502.1724,43721.0
2026-03-11 14:10:00,502.2523,502.4419,501.853,501.9528,40502.0
2026-03-11 14:15:00,502.0876,502.9111,501.9827,502.5751,22560.0
2026-03-11 14:20:00,502.7215,503.2006,502.4419,502.8013,18537.0
2026-03-11 14:25:00,502.8013,503.8395,502.8013,503.6898,17240.0
2026-03-11 14:30:00,503.5002,503.6898,503.0808,503.2206,15426.0
2026-03-11 14:35:00,503.2206,503.2406,502.7015,502.9311,18665.0
2026-03-11 14:40:00,502.8013,503.1907,502.4819,502.6316,23252.0
2026-03-11 14:45:00,502.6367,503.3005,502.422,502.9186,20075.0
2026-03-11 14:50:00,503.0259,503.9793,503.0259,503.8894,14915.0
2026-03-11 14:55:00,504.0092,504.169,503.2306,503.7397,25593.0
2026-03-11 15:00:00,503.7397,504.1091,503.2905,503.7147,23422.0
2026-03-11 15:05:00,503.7098,504.2388,503.3304,503.9394,20100.0
2026-03-11 15:10:00,503.9444,504.0791,503.5001,503.7347,16930.0
2026-03-11 15:15:00,503.7347,504.2388,503.3903,504.2239,23882.0
2026-03-11 15:20:00,504.169,504.6481,504.0891,504.3936,26767.0
2026-03-11 15:25:00,504.3936,504.9476,504.2937,504.6182,25581.0
2026-03-11 15:30:00,504.5982,504.7929,503.7746,504.2239,35789.0
2026-03-11 15:35:00,504.3187,505.1273,504.2438,505.0325,21348.0
2026-03-11 15:40:00,504.9975,505.0874,504.5783,504.743,36140.0
2026-03-11 15:45:00,504.8678,504.8977,503.8795,503.8795,44814.0
2026-03-11 15:50:00,504.0292,504.169,502.4419,504.159,95148.0
2026-03-11 15:55:00,504.129,504.6282,502.981,503.0808,199254.0
2026-03-12 09:30:00,499.1377,502.6815,499.1377,500.9645,85694.0
2026-03-12 09:35:00,501.244,503.997,501.1442,503.2206,22625.0
2026-03-12 09:40:00,503.6049,504.3786,501.9478,501.9827,27818.0
2026-03-12 09:45:00,501.9328,502.5318,501.2041,501.3139,26878.0
2026-03-12 09:50:00,501.3838,502.7764,500.8247,501.4636,38000.0
2026-03-12 09:55:00,501.4387,502.5096,500.5253,502.3222,31988.0
2026-03-12 10:00:00,502.6266,504.3487,502.6266,503.4502,32396.0
2026-03-12 10:05:00,503.4502,504.743,502.9311,503.8096,38440.0
2026-03-12 10:10:00,504.0392,504.3187,503.4203,503.6099,23888.0
2026-03-12 10:15:00,503.59,504.0691,502.7913,502.8213,21138.0
2026-03-12 10:20:00,502.7614,504.5982,502.3421,504.4086,23154.0
2026-03-12 10:25:00,504.2189,504.708,503.5101,503.7526,19621.0
2026-03-12 10:30:00,503.5101,503.5301,502.5418,503.5101,21149.0
2026-03-12 10:35:00,503.5176,504.174,502.9111,502.971,21191.0
2026-03-12 10:40:00,503.0209,503.8196,502.1325,503.2755,29099.0
2026-03-12 10:45:00,503.2705,504.5084,503.0709,504.1939,21203.0
2026-03-12 10:50:00,504.2366,504.2366,502.981,502.981,26289.0
2026-03-12 10:55:00,502.986,503.3803,502.6815,502.8762,30276.0
2026-03-12 11:00:00,503.1407,503.6598,502.5717,502.8712,15158.0
2026-03-12 11:05:00,502.7714,503.3703,502.1325,502.1325,22689.0
2026-03-12 11:10:00,502.1549,502.1574,500.2957,500.2957,18331.0
2026-03-12 11:15:00,500.0661,500.2158,499.507,499.6368,15933.0
2026-03-12 11:20:00,499.7167,499.9463,499.0877,499.3124,31782.0
2026-03-12 11:25:00,499.3909,499.6967,498.1194,498.1394,17605.0
2026-03-12 11:30:00,498.2542,499.3822,498.2542,499.2025,35254.0
2026-03-12 11:35:00,499.3273,500.1359,498.0995,499.8614,36683.0
2026-03-12 11:40:00,499.6568,500.5253,499.4172,499.9962,27636.0
2026-03-12 11:45:00,500.086,501.4237,499.9513,500.7349,22479.0
2026-03-12 11:50:00,500.7798,500.9046,499.9064,500.655,19397.0
2026-03-12 11:55:00,500.655,500.655,499.3972,499.7865,14673.0
2026-03-12 12:00:00,499.8963,500.2557,499.3772,499.6867,19513.0
2026-03-12 12:05:00,499.7566,500.0661,497.5005,497.6502,27894.0
2026-03-12 12:10:00,497.6353,498.4988,497.3607,498.2292,25163.0
2026-03-12 12:15:00,498.4289,498.918,498.1693,498.918,13009.0
2026-03-12 12:20:00,499.1907,500.0411,498.4588,498.4588,16824.0
2026-03-12 12:25:00,498.4738,498.4888,497.1711,497.9397,24200.0
2026-03-12 12:30:00,497.8174,498.0595,497.0214,497.6103,28254.0
2026-03-12 12:35:00,497.6103,498.5587,497.5105,498.0495,31803.0
2026-03-12 12:40:00,498.0895,498.1993,497.4106,497.6652,20696.0
2026-03-12 12:45:00,497.6435,497.9098,496.8316,497.2809,22567.0
2026-03-12 12:50:00,497.3957,497.8399,496.9315,497.3607,36194.0
2026-03-12 12:55:00,497.6203,498.1893,497.1711,497.6502,37065.0
2026-03-12 13:00:00,497.6502,498.2392,497.2609,498.2192,23636.0
2026-03-12 13:05:00,498.3091,498.7284,497.0213,497.0213,23280.0
2026-03-12 13:10:00,497.1361,497.5503,496.7618,497.2809,16718.0
2026-03-12 13:15:00,497.1461,497.5005,496.4423,496.602,20801.0
2026-03-12 13:20:00,496.642,497.8998,496.5122,497.5754,16033.0
2026-03-12 13:25:00,497.6003,497.9597,497.3707,497.5404,27929.0
2026-03-12 13:30:00,497.7001,498.4389,497.5404,498.4389,16027.0
2026-03-12 13:35:00,498.6136,499.4471,498.2592,499.2075,17227.0
2026-03-12 13:40:00,499.2175,499.3673,498.4189,498.6984,19588.0
2026-03-12 13:45:00,498.7084,499.2774,498.5287,498.5287,13666.0
2026-03-12 13:50:00,498.5087,498.9081,497.7151,498.2392,34302.0
2026-03-12 13:55:00,498.2392,498.5537,497.8299,498.359,21798.0
2026-03-12 14:00:00,498.2941,498.7982,497.9198,498.2093,35322.0
2026-03-12 14:05:00,498.2673,498.6385,497.8649,497.9297,12471.0
2026-03-12 14:10:00,497.9098,498.1993,497.7201,497.9846,15221.0
2026-03-12 14:15:00,498.1094,498.2791,497.5404,497.6402,16578.0
2026-03-12 14:20:00,497.6702,498.339,497.6204,497.9397,17366.0
2026-03-12 14:25:00,497.9397,498.2093,497.6103,497.8759,23480.0
2026-03-12 14:30:00,497.8898,497.9297,497.3208,497.4805,14670.0
2026-03-12 14:35:00,497.4007,497.4007,496.602,496.9514,16209.0
2026-03-12 14:40:00,496.9015,497.2908,496.5771,496.9115,18096.0
2026-03-12 14:45:00,496.8915,496.9614,496.4723,496.607,19471.0
2026-03-12 14:50:00,496.607,497.0712,496.3626,496.5421,17725.0
2026-03-12 14:55:00,496.5421,497.0214,496.2184,497.0213,22719.0
2026-03-12 15:00:00,497.0263,497.3707,496.3325,497.0213,21068.0
2026-03-12 15:05:00,497.0213,497.4506,496.9215,497.2908,26875.0
2026-03-12 15:10:00,497.2809,497.6602,497.0912,497.5254,19845.0
2026-03-12 15:15:00,497.5254,498.3091,497.5254,497.9996,21353.0
2026-03-12 15:20:00,497.9896,498.7933,497.9297,498.2093,25626.0
2026-03-12 15:25:00,498.1693,498.354,497.6502,498.354,25758.0
2026-03-12 15:30:00,498.334,498.4137,497.8499,497.9497,19136.0
2026-03-12 15:35:00,497.9198,497.9896,497.181,497.4306,37592.0
2026-03-12 15:40:00,497.4356,497.4356,496.7019,496.8416,40911.0
2026-03-12 15:45:00,496.7817,496.8516,495.8035,496.2526,53454.0
2026-03-12 15:50:00,495.9132,496.9315,495.4341,496.8516,62027.0
2026-03-12 15:55:00,496.7767,497.3108,495.9032,496.2526,172734.0
2026-03-13 09:30:00,495.7036,499.7067,495.5938,499.0877,73522.0
2026-03-13 09:35:00,499.0877,500.5652,499.0877,500.5652,22448.0
2026-03-13 09:40:00,500.2432,500.9944,499.4671,500.3156,35420.0
2026-03-13 09:45:00,500.1659,500.9046,499.3173,499.3173,27285.0
2026-03-13 09:50:00,499.1377,499.8714,498.6086,499.3423,25945.0
2026-03-13 09:55:00,499.6667,500.1659,498.6086,499.6418,37157.0
2026-03-13 10:00:00,499.6368,499.8714,498.0995,498.7883,24765.0
2026-03-13 10:05:00,498.9879,498.9879,497.3507,497.5704,17056.0
2026-03-13 10:10:00,497.5704,497.5704,496.1328,496.2277,35308.0
2026-03-13 10:15:00,496.1528,496.5022,495.2244,495.2544,47024.0
2026-03-13 10:20:00,495.5289,497.3707,495.5289,497.3458,28287.0
2026-03-13 10:25:00,497.231,498.4788,496.8816,498.3191,11735.0
2026-03-13 10:30:00,498.2592,498.6934,497.8499,498.0046,19587.0
2026-03-13 10:35:00,498.0096,498.8082,497.6003,498.5487,19613.0
2026-03-13 10:40:00,498.4439,498.5785,497.5205,497.5803,24642.0
2026-03-13 10:45:00,497.3208,497.6003,496.0929,496.9514,24838.0
2026-03-13 10:50:00,496.9764,497.2509,496.4723,496.7368,20011.0
2026-03-13 10:55:00,496.7518,497.1411,496.2826,496.5072,22331.0
2026-03-13 11:00:00,496.607,496.9015,496.023,496.4273,21488.0
2026-03-13 11:05:00,496.5521,497.191,496.3425,496.8316,22307.0
2026-03-13 11:10:00,496.8516,497.176,496.2726,497.0163,14655.0
2026-03-13 11:15:00,496.9914,497.2659,496.4523,496.8416,18828.0
2026-03-13 11:20:00,496.8466,496.8516,496.033,496.033,24996.0
2026-03-13 11:25:00,496.0829,496.3325,495.3742,495.4141,36717.0
2026-03-13 11:30:00,495.4141,495.9232,495.3542,495.7835,19592.0
2026-03-13 11:35:00,495.8633,496.023,494.6654,495.0797,21090.0
2026-03-13 11:40:00,495.0048,495.2444,494.6255,495.1246,20383.0
2026-03-13 11:45:00,495.2094,496.3774,494.8551,495.8084,36453.0
2026-03-13 11:50:00,495.6337,495.9831,494.9449,495.3442,34435.0
2026-03-13 11:55:00,495.3442,495.6137,494.6454,494.91,24294.0
2026-03-13 12:00:00,494.8051,495.3592,494.6155,495.2544,12376.0
2026-03-13 12:05:00,495.2643,495.5039,494.915,495.444,26053.0
2026-03-13 12:10:00,495.5089,496.3026,495.3742,496.2427,47190.0
2026-03-13 12:15:00,496.2427,497.5604,496.2427,497.5005,12539.0
2026-03-13 12:20:00,497.5254,497.5254,496.3026,496.6569,22567.0
2026-03-13 12:25:00,496.7318,496.7967,495.9532,496.597,29833.0
2026-03-13 12:30:00,496.642,497.3408,496.5721,496.6919,32242.0
2026-03-13 12:35:00,496.7218,497.3408,496.3525,496.4922,21928.0
2026-03-13 12:40:00,496.5721,496.8416,496.0829,496.1728,14258.0
2026-03-13 12:45:00,496.1628,496.8865,495.9532,496.8816,16394.0
2026-03-13 12:50:00,496.8516,497.4306,496.5621,497.0712,24684.0
2026-03-13 12:55:00,497.0662,497.7201,496.652,496.652,27196.0
2026-03-13 13:00:00,496.8716,497.0912,496.5322,496.6619,36123.0
2026-03-13 13:05:00,496.5921,497.3008,496.4822,496.9814,22989.0
2026-03-13 13:10:00,496.9514,497.9497,496.7618,497.9497,15650.0
2026-03-13 13:15:00,497.8499,497.9797,497.0013,497.4156,28360.0
2026-03-13 13:20:00,497.5404,497.6103,496.4723,497.3557,37313.0
2026-03-13 13:25:00,497.221,497.8299,496.9614,497.4955,39448.0
2026-03-13 13:30:00,497.6003,498.2392,497.191,497.6103,43928.0
2026-03-13 13:35:00,497.5903,497.9497,497.2609,497.6103,18018.0
2026-03-13 13:40:00,497.6103,497.9397,497.4406,497.7501,26175.0
2026-03-13 13:45:00,497.6502,497.6602,495.484,495.5089,41975.0
2026-03-13 13:50:00,495.464,495.8134,494.5456,495.0148,36792.0
2026-03-13 13:55:00,494.865,496.5671,494.7053,496.3924,36244.0
2026-03-13 14:00:00,496.3924,496.7917,496.3325,496.5122,16904.0
2026-03-13 14:05:00,496.5272,496.8117,496.0829,496.7717,23443.0
2026-03-13 14:10:00,496.8616,497.1711,496.672,496.9315,15210.0
2026-03-13 14:15:00,496.9315,496.9315,496.2926,496.3874,13739.0
2026-03-13 14:20:00,496.3225,496.8117,496.2726,496.5771,17142.0
2026-03-13 14:25:00,496.5771,497.0612,496.5421,497.0612,18724.0
2026-03-13 14:30:00,497.0513,497.5803,496.8017,497.3857,16793.0
2026-03-13 14:35:00,497.201,498.0795,497.1911,497.8149,20520.0
2026-03-13 14:40:00,497.6003,498.0995,497.4206,497.765,25069.0
2026-03-13 14:45:00,497.765,498.2292,497.4905,498.1793,27711.0
2026-03-13 14:50:00,498.1194,498.4188,497.6602,498.1494,39402.0
2026-03-13 14:55:00,498.2093,498.8382,497.8499,498.6785,24439.0
2026-03-13 15:00:00,498.4988,498.9779,497.9996,498.0246,45087.0
2026-03-13 15:05:00,498.0096,498.0795,497.0213,497.3108,47722.0
2026-03-13 15:10:00,497.3807,497.77,496.8416,497.4655,23897.0
2026-03-13 15:15:00,497.4007,498.0595,497.3907,497.8698,20249.0
2026-03-13 15:20:00,497.8698,497.8698,496.8616,497.2859,23762.0
2026-03-13 15:25:00,497.221,497.3557,496.1728,496.2976,45791.0
2026-03-13 15:30:00,496.1829,497.3707,496.1829,497.181,46083.0
2026-03-13 15:35:00,497.176,497.176,496.043,496.1927,32284.0
2026-03-13 15:40:00,496.2926,496.4822,495.9831,496.1628,26234.0
2026-03-13 15:45:00,496.1229,496.8117,496.023,496.4573,40019.0
2026-03-13 15:50:00,496.3026,497.0213,496.3026,496.7867,49367.0
2026-03-13 15:55:00,496.8117,497.3707,496.2926,497.2809,183881.0
2026-03-16 09:30:00,497.76,501.3239,497.76,501.0494,65581.0
2026-03-16 09:35:00,500.9146,502.7314,500.5053,502.422,31589.0
2026-03-16 09:40:00,502.493,503.2306,502.1624,502.6316,32475.0
2026-03-16 09:45:00,502.5817,504.4734,502.5817,503.9094,29919.0
2026-03-16 09:50:00,504.0492,504.3486,503.0699,503.4302,22353.0
2026-03-16 09:55:00,503.4302,505.1273,503.1607,504.6382,30842.0
2026-03-16 10:00:00,504.6431,505.8061,504.0292,504.6182,54441.0
2026-03-16 10:05:00,504.6082,506.0158,504.3986,505.886,54300.0
2026-03-16 10:10:00,505.886,506.1655,504.6282,504.8628,48712.0
2026-03-16 10:15:00,504.8628,505.0674,504.129,504.5882,23639.0
2026-03-16 10:20:00,504.5034,505.4817,504.4785,505.4817,27904.0
2026-03-16 10:25:00,505.4218,505.6065,504.5982,504.5982,22646.0
2026-03-16 10:30:00,504.5283,504.5283,502.9161,503.0709,20391.0
2026-03-16 10:35:00,503.2206,503.8695,503.1807,503.3549,17569.0
2026-03-16 10:40:00,503.1707,503.4602,502.8812,503.1707,16953.0
2026-03-16 10:45:00,503.1707,503.3204,501.9628,502.2523,29176.0
2026-03-16 10:50:00,502.0826,503.8795,501.9428,503.8795,20860.0
2026-03-16 10:55:00,503.8795,504.9576,503.7697,504.9576,20872.0
2026-03-16 11:00:00,504.8777,504.9876,503.8795,504.0891,26695.0
2026-03-16 11:05:00,503.9094,504.2388,503.565,504.0273,28823.0
2026-03-16 11:10:00,503.9394,504.0292,503.3125,503.7297,50229.0
2026-03-16 11:15:00,503.7996,504.5583,503.5999,504.5184,13337.0
2026-03-16 11:20:00,504.4884,504.6382,504.1191,504.3337,20394.0
2026-03-16 11:25:00,504.3337,504.6282,504.0292,504.3836,20653.0
2026-03-16 11:30:00,504.3786,504.9576,503.9493,504.2488,30561.0
2026-03-16 11:35:00,504.2488,504.9975,504.2289,504.4335,17125.0
2026-03-16 11:40:00,504.2888,504.4185,503.7197,503.7197,20446.0
2026-03-16 11:45:00,503.7447,503.7597,503.0908,503.2206,18580.0
2026-03-16 11:50:00,503.3104,503.3104,501.7931,502.7814,18837.0
2026-03-16 11:55:00,502.4719,502.8213,502.2024,502.4869,22484.0
2026-03-16 12:00:00,502.392,502.9511,502.2822,502.5717,18210.0
2026-03-16 12:05:00,502.402,502.7614,502.1924,502.7514,12393.0
2026-03-16 12:10:00,502.8313,503.4702,502.6216,503.0209,20288.0
2026-03-16 12:15:00,503.0209,503.6099,502.8612,503.1457,17739.0
2026-03-16 12:20:00,503.001,503.1208,501.6833,501.7282,36665.0
2026-03-16 12:25:00,501.6265,502.0327,501.274,501.4936,20736.0
2026-03-16 12:30:00,501.7831,502.2012,501.6234,502.0127,14009.0
2026-03-16 12:35:00,501.8729,502.8413,501.8729,502.8413,13777.0
2026-03-16 12:40:00,502.8413,503.4187,502.6617,503.0709,16690.0
2026-03-16 12:45:00,503.1308,504.089,503.0709,503.7896,26211.0
2026-03-16 12:50:00,503.6199,503.7397,502.971,503.0359,14015.0
2026-03-16 12:55:00,503.1008,503.2206,502.2922,502.4905,21447.0
2026-03-16 13:00:00,502.4619,503.2106,502.432,502.9656,27483.0
2026-03-16 13:05:00,502.9511,503.1507,502.6915,502.8013,16157.0
2026-03-16 13:10:00,502.8013,503.2006,502.432,502.8962,15739.0
2026-03-16 13:15:00,503.0309,503.1406,502.6017,502.8113,12081.0
2026-03-16 13:20:00,502.9833,503.2406,502.6815,502.7215,18273.0
2026-03-16 13:25:00,502.6815,502.7614,502.2673,502.402,13015.0
2026-03-16 13:30:00,502.412,502.6216,501.7152,501.818,14189.0
2026-03-16 13:35:00,501.8231,502.1804,501.6833,501.7382,19179.0
2026-03-16 13:40:00,501.6134,501.9728,501.3838,501.6633,17409.0
2026-03-16 13:45:00,501.6034,501.9927,501.1342,501.2041,16469.0
2026-03-16 13:50:00,501.1342,501.9628,501.0743,501.7731,16522.0
2026-03-16 13:55:00,501.6234,501.9927,501.5136,501.5585,14346.0
2026-03-16 14:00:00,501.5585,502.0227,501.4537,502.0002,28344.0
2026-03-16 14:05:00,502.1225,502.2772,501.823,502.0826,16560.0
2026-03-16 14:10:00,502.0826,502.2123,501.7631,502.1025,13489.0
2026-03-16 14:15:00,502.2373,502.9311,502.0227,502.8113,13757.0
2026-03-16 14:20:00,502.8313,502.8328,502.2722,502.6965,23397.0
2026-03-16 14:25:00,502.6965,503.5001,502.5717,503.4003,24277.0
2026-03-16 14:30:00,503.5101,504.5232,503.5001,504.4285,26962.0
2026-03-16 14:35:00,504.5283,505.282,504.2788,505.2371,29106.0
2026-03-16 14:40:00,505.3968,505.4168,505.0674,505.307,20954.0
2026-03-16 14:45:00,505.2421,505.4566,505.1373,505.2734,23333.0
2026-03-16 14:50:00,505.1373,505.3336,504.9177,504.9776,23889.0
2026-03-16 14:55:00,504.9776,505.4567,504.7586,504.7586,39594.0
2026-03-16 15:00:00,504.8178,504.9027,504.3487,504.8148,33741.0
2026-03-16 15:05:00,504.7679,505.2411,504.5783,505.2411,26908.0
2026-03-16 15:10:00,505.3769,505.6264,504.6481,505.4118,29708.0
2026-03-16 15:15:00,505.4068,505.8161,505.0774,505.5366,24499.0
2026-03-16 15:20:00,505.5366,506.2254,505.5366,505.8161,30084.0
2026-03-16 15:25:00,505.9659,506.0357,505.5766,506.0258,26423.0
2026-03-16 15:30:00,506.1156,506.2753,505.7862,506.1456,37554.0
2026-03-16 15:35:00,506.1456,506.4999,506.0158,506.4351,30134.0
2026-03-16 15:40:00,506.3951,506.3951,505.6664,506.1256,48224.0
2026-03-16 15:45:00,506.1256,506.9841,505.896,506.8016,50691.0
2026-03-16 15:50:00,506.8843,507.4633,506.5249,506.8244,125515.0
2026-03-16 15:55:00,506.8294,507.7029,506.5149,507.623,380110.0
2026-03-17 09:30:00,509.6695,511.7359,508.801,510.3683,103586.0
2026-03-17 09:35:00,510.7775,513.0037,510.568,512.804,43393.0
2026-03-17 09:40:00,512.9837,514.6009,512.9837,513.7824,35350.0
2026-03-17 09:45:00,513.6027,515.5393,513.0606,514.8505,41622.0
2026-03-17 09:50:00,514.8106,516.0684,514.6109,514.7856,46990.0
2026-03-17 09:55:00,514.6009,515.5293,514.6009,515.2798,20098.0
2026-03-17 10:00:00,515.3047,515.3047,513.9571,514.576,31997.0
2026-03-17 10:05:00,514.561,514.9602,513.7524,514.8056,25805.0
2026-03-17 10:10:00,514.8904,514.8904,513.4629,513.6326,29239.0
2026-03-17 10:15:00,513.6326,513.6326,510.518,511.4963,26323.0
2026-03-17 10:20:00,511.3665,511.9355,511.2967,511.696,39690.0
2026-03-17 10:25:00,511.7359,512.255,511.1369,511.7958,24988.0
2026-03-17 10:30:00,511.7159,512.6743,511.6061,511.9405,32755.0
2026-03-17 10:35:00,512.0753,512.0853,510.3183,511.0271,22168.0
2026-03-17 10:40:00,511.0271,511.4464,510.6178,511.2867,21191.0
2026-03-17 10:45:00,511.3266,511.3715,510.8524,511.2667,13604.0
2026-03-17 10:50:00,511.2767,511.4464,510.6579,511.2867,18644.0
2026-03-17 10:55:00,511.3765,511.5961,510.9473,511.112,13566.0
2026-03-17 11:00:00,511.2068,511.2196,509.7893,509.7893,17928.0
2026-03-17 11:05:00,509.939,510.498,509.7244,509.8941,18984.0
2026-03-17 11:10:00,510.0288,511.4858,510.0189,511.2567,25252.0
2026-03-17 11:15:00,511.2567,511.7059,511.1968,511.6061,14705.0
2026-03-17 11:20:00,511.6061,511.7708,510.5479,511.7359,49153.0
2026-03-17 11:25:00,511.7309,511.8457,511.117,511.2517,24586.0
2026-03-17 11:30:00,511.2467,511.4663,511.087,511.2467,14895.0
2026-03-17 11:35:00,511.2168,511.7559,511.097,511.647,26355.0
2026-03-17 11:40:00,511.646,511.8557,511.2667,511.676,14769.0
2026-03-17 11:45:00,511.666,512.1352,511.0358,511.1519,43077.0
2026-03-17 11:50:00,511.087,511.1369,510.6677,510.7676,27152.0
2026-03-17 11:55:00,510.7676,510.7676,509.33,509.4548,15916.0
2026-03-17 12:00:00,509.35,509.35,508.5214,509.0006,15203.0
2026-03-17 12:05:00,509.0006,509.2103,507.8527,508.6712,17061.0
2026-03-17 12:10:00,508.6213,509.33,508.5714,508.5813,68755.0
2026-03-17 12:15:00,508.7935,509.2191,508.5115,509.0106,14021.0
2026-03-17 12:20:00,509.1204,509.1703,508.791,508.8309,10499.0
2026-03-17 12:25:00,508.7111,509.0505,508.6412,508.8609,8480.0
2026-03-17 12:30:00,508.9408,509.6046,508.9407,509.5796,10893.0
2026-03-17 12:35:00,509.6545,509.7693,508.659,508.781,10844.0
2026-03-17 12:40:00,508.8459,509.1404,508.5214,509.1304,12268.0
2026-03-17 12:45:00,509.1004,509.37,509.0206,509.2402,9622.0
2026-03-17 12:50:00,509.2452,509.2453,508.5664,508.5664,11827.0
2026-03-17 12:55:00,508.5664,508.5813,508.2419,508.4466,10409.0
2026-03-17 13:00:00,508.4615,510.2185,508.3617,509.8691,28703.0
2026-03-17 13:05:00,509.7294,509.7643,509.1504,509.5297,13981.0
2026-03-17 13:10:00,509.5946,510.7676,509.4648,510.2495,21289.0
2026-03-17 13:15:00,510.3932,510.3982,509.7194,509.812,18238.0
2026-03-17 13:20:00,509.8092,509.8092,508.9365,509.6295,22851.0
2026-03-17 13:25:00,509.6295,510.6178,509.37,510.498,31492.0
2026-03-17 13:30:00,510.3683,510.528,510.1936,510.2185,11259.0
2026-03-17 13:35:00,510.3183,510.5579,510.1037,510.3084,16856.0
2026-03-17 13:40:00,510.2185,510.3084,509.6096,509.6894,30203.0
2026-03-17 13:45:00,509.7393,509.7493,509.1803,509.5397,20008.0
2026-03-17 13:50:00,509.5696,510.0089,509.4399,509.7693,13363.0
2026-03-17 13:55:00,509.7793,509.8591,509.4598,509.7643,9680.0
2026-03-17 14:00:00,509.8392,509.8891,508.9707,509.3201,18972.0
2026-03-17 14:05:00,509.2901,509.2901,508.5314,508.5813,10328.0
2026-03-17 14:10:00,508.5863,508.5913,507.8726,508.1221,10982.0
2026-03-17 14:15:00,508.1421,508.3418,507.9924,508.0722,13241.0
2026-03-17 14:20:00,507.9924,508.2419,507.1239,507.1239,20719.0
2026-03-17 14:25:00,507.1937,507.3434,506.9442,507.1538,20616.0
2026-03-17 14:30:00,507.1837,507.3135,506.6048,506.8893,13869.0
2026-03-17 14:35:00,506.8943,507.0739,506.6347,506.7695,16289.0
2026-03-17 14:40:00,506.7645,507.3234,506.7196,507.1089,16608.0
2026-03-17 14:45:00,507.1089,507.7977,507.1039,507.7628,16394.0
2026-03-17 14:50:00,507.7528,508.2419,507.5432,508.1122,14685.0
2026-03-17 14:55:00,508.1122,508.1271,507.8326,507.9874,11834.0
2026-03-17 15:00:00,508.0523,508.2719,507.5132,507.5631,18162.0
2026-03-17 15:05:00,507.5731,507.643,506.7844,507.4134,21761.0
2026-03-17 15:10:00,507.4134,507.9824,507.2636,507.7927,23216.0
2026-03-17 15:15:00,507.8027,508.1471,507.7328,507.8726,18801.0
2026-03-17 15:20:00,507.8526,508.0223,507.623,507.7977,25251.0
2026-03-17 15:25:00,507.7578,508.0123,507.2736,507.6629,19413.0
2026-03-17 15:30:00,507.623,507.8825,507.603,507.7029,23045.0
2026-03-17 15:35:00,507.7328,507.9424,507.3335,507.3335,21927.0
2026-03-17 15:40:00,507.3135,507.4084,506.8244,506.9342,30483.0
2026-03-17 15:45:00,506.9042,506.9641,506.4151,506.7745,32499.0
2026-03-17 15:50:00,506.6846,507.034,506.2354,507.014,53413.0
2026-03-17 15:55:00,506.9641,507.3288,505.6264,505.906,167699.0
2026-03-18 09:30:00,502.8812,502.8812,499.1726,502.1025,64190.0
2026-03-18 09:35:00,502.1624,502.7215,501.5185,501.843,26706.0
2026-03-18 09:40:00,501.9228,502.4519,501.1342,502.0526,23584.0
2026-03-18 09:45:00,502.0526,502.8712,501.4836,502.3421,28166.0
2026-03-18 09:50:00,502.1425,502.7814,502.0676,502.402,13814.0
2026-03-18 09:55:00,502.402,502.5767,500.9645,501.9628,20118.0
2026-03-18 10:00:00,501.9728,502.1225,499.527,500.2058,38149.0
2026-03-18 10:05:00,500.086,500.2957,498.7383,499.0778,29115.0
2026-03-18 10:10:00,498.943,498.9779,496.0829,496.4523,29486.0
2026-03-18 10:15:00,496.3799,497.5803,496.1828,497.3208,25005.0
2026-03-18 10:20:00,497.231,498.0096,497.0912,497.5803,13349.0
2026-03-18 10:25:00,497.6552,497.9896,496.3325,496.3674,31966.0
2026-03-18 10:30:00,496.5441,496.7518,495.9032,495.9032,25217.0
2026-03-18 10:35:00,496.1029,496.2427,495.1446,495.3542,28944.0
2026-03-18 10:40:00,495.2544,495.5238,492.1597,492.4692,65851.0
2026-03-18 10:45:00,492.559,493.3376,490.7323,491.401,41489.0
2026-03-18 10:50:00,491.391,491.9551,490.9718,491.436,31870.0
2026-03-18 10:55:00,491.3511,491.9401,490.5225,491.5807,26603.0
2026-03-18 11:00:00,491.7305,492.1397,489.9535,490.5525,54320.0
2026-03-18 11:05:00,490.6024,492.3843,490.3728,492.1996,32892.0
2026-03-18 11:10:00,492.3194,493.148,491.6506,492.9134,38632.0
2026-03-18 11:15:00,493.138,493.3876,492.5091,493.0482,31341.0
2026-03-18 11:20:00,493.0582,495.3991,493.0582,494.875,47088.0
2026-03-18 11:25:00,494.895,494.895,492.559,492.6988,20392.0
2026-03-18 11:30:00,492.7886,493.0981,492.3594,492.9783,19097.0
2026-03-18 11:35:00,492.8535,492.8984,491.6606,492.3993,24364.0
2026-03-18 11:40:00,492.2695,492.2695,491.3511,491.6656,18906.0
2026-03-18 11:45:00,491.6656,492.1297,491.2762,491.8602,18528.0
2026-03-18 11:50:00,491.8602,491.8602,490.6124,491.2114,23461.0
2026-03-18 11:55:00,491.1465,491.351,490.263,490.9219,19871.0
2026-03-18 12:00:00,490.6623,491.1515,490.1532,491.0716,22617.0
2026-03-18 12:05:00,491.0616,492.7786,490.7921,492.4991,28036.0
2026-03-18 12:10:00,492.3793,493.2279,492.3694,493.0583,15969.0
2026-03-18 12:15:00,493.148,493.2778,492.7187,493.2678,13254.0
2026-03-18 12:20:00,493.2678,493.5174,493.0781,493.4275,15801.0
2026-03-18 12:25:00,493.2678,493.3177,492.9384,493.0382,12882.0
2026-03-18 12:30:00,493.163,493.707,492.579,492.7387,19663.0
2026-03-18 12:35:00,492.4891,492.4891,491.9101,492.1248,18241.0
2026-03-18 12:40:00,492.0898,492.0898,491.1924,491.5707,16109.0
2026-03-18 12:45:00,491.5058,491.715,491.2014,491.5807,13777.0
2026-03-18 12:50:00,491.5807,492.3793,491.4809,492.3294,13610.0
2026-03-18 12:55:00,492.3294,492.4691,491.3811,491.3811,18672.0
2026-03-18 13:00:00,491.3811,491.4609,490.9019,491.1211,17824.0
2026-03-18 13:05:00,491.2213,491.3095,490.7921,490.7921,13985.0
2026-03-18 13:10:00,490.7721,490.862,489.9336,490.0633,66146.0
2026-03-18 13:15:00,489.9735,489.9735,489.4045,489.7339,23229.0
2026-03-18 13:20:00,489.5842,489.9282,489.2148,489.694,25668.0
2026-03-18 13:25:00,489.6041,490.2928,489.2747,489.7439,26751.0
2026-03-18 13:30:00,489.7888,489.8337,488.4461,489.0251,45184.0
2026-03-18 13:35:00,488.9253,489.2535,488.3263,489.2535,21208.0
2026-03-18 13:40:00,489.1649,489.1948,488.0368,488.3762,35238.0
2026-03-18 13:45:00,488.4911,488.8854,488.3064,488.3164,22879.0
2026-03-18 13:50:00,488.3164,489.5652,488.1766,489.3945,47705.0
2026-03-18 13:55:00,489.3945,489.7738,489.2747,489.4444,56832.0
2026-03-18 14:00:00,489.3645,490.2031,489.3446,489.9036,40901.0
2026-03-18 14:05:00,489.9036,490.0434,489.1349,489.7539,28558.0
2026-03-18 14:10:00,489.7539,490.0583,488.4861,488.7656,25189.0
2026-03-18 14:15:00,488.5559,488.5659,487.8971,488.4461,30642.0
2026-03-18 14:20:00,488.4062,489.6091,488.3762,489.6091,28534.0
2026-03-18 14:25:00,489.6091,490.0384,489.2398,489.7389,40123.0
2026-03-18 14:30:00,489.664,489.9236,489.1549,489.7589,32544.0
2026-03-18 14:35:00,489.7589,490.258,489.2547,489.5742,56669.0
2026-03-18 14:40:00,489.5842,489.704,488.9153,489.2148,31138.0
2026-03-18 14:45:00,489.2148,489.3346,488.1566,488.5509,20884.0
2026-03-18 14:50:00,488.5759,488.8854,488.1566,488.4162,23595.0
2026-03-18 14:55:00,488.3862,488.536,488.0568,488.4511,27767.0
2026-03-18 15:00:00,488.4561,489.2348,488.2565,489.2348,35674.0
2026-03-18 15:05:00,489.2348,490.3728,489.0451,490.0434,31164.0
2026-03-18 15:10:00,490.0434,490.0534,489.4943,489.7639,23516.0
2026-03-18 15:15:00,489.704,490.0633,489.2847,489.4744,39239.0
2026-03-18 15:20:00,489.3945,489.4644,488.8355,489.0601,51547.0
2026-03-18 15:25:00,489.0601,489.2348,488.7556,488.8205,40163.0
2026-03-18 15:30:00,488.7556,489.2447,488.4661,488.7706,42891.0
2026-03-18 15:35:00,488.7706,489.3645,488.3962,488.9403,41324.0
2026-03-18 15:40:00,488.9353,489.1648,488.2365,488.3263,41968.0
2026-03-18 15:45:00,488.3862,488.4361,487.5876,487.6176,55548.0
2026-03-18 15:50:00,487.6076,488.4511,487.4379,488.2165,76719.0
2026-03-18 15:55:00,488.1666,488.506,487.0785,487.5277,201335.0
2026-03-19 09:30:00,489.674,493.2378,488.5859,491.3511,118856.0
2026-03-19 09:35:00,491.5558,492.6539,490.4127,492.5357,59139.0
2026-03-19 09:40:00,492.7317,496.2227,492.4592,494.9649,51879.0
2026-03-19 09:45:00,494.7452,494.9649,492.4442,493.0831,33261.0
2026-03-19 09:50:00,492.9883,493.9965,491.6506,492.3494,22094.0
2026-03-19 09:55:00,492.3993,492.7786,491.431,492.1597,24256.0
2026-03-19 10:00:00,492.1697,492.7587,491.1515,491.1714,29388.0
2026-03-19 10:05:00,491.3311,492.9514,491.0516,492.4392,30573.0
2026-03-19 10:10:00,492.4243,493.0781,490.812,490.842,33681.0
2026-03-19 10:15:00,490.9119,490.9119,489.4993,490.5325,26701.0
2026-03-19 10:20:00,490.5325,490.5325,489.1499,489.3446,24165.0
2026-03-19 10:25:00,489.3546,489.644,488.8654,489.105,22266.0
2026-03-19 10:30:00,489.0601,489.9835,488.9752,489.9336,29292.0
2026-03-19 10:35:00,490.0334,490.8071,489.9336,490.0284,22099.0
2026-03-19 10:40:00,489.9236,490.4926,489.3546,489.4744,27788.0
2026-03-19 10:45:00,489.2947,490.5824,489.165,490.0833,26849.0
2026-03-19 10:50:00,490.0334,490.4427,488.4337,488.6558,31620.0
2026-03-19 10:55:00,488.7356,489.5642,488.2764,488.5759,69057.0
2026-03-19 11:00:00,488.5659,490.1382,488.3573,488.8804,69803.0
2026-03-19 11:05:00,488.8454,490.3279,488.7157,490.1332,42373.0
2026-03-19 11:10:00,490.1232,490.243,488.6657,489.9336,69178.0
2026-03-19 11:15:00,490.1232,490.4327,489.115,489.1499,43981.0
2026-03-19 11:20:00,489.09,489.09,488.2265,488.5859,35184.0
2026-03-19 11:25:00,488.6009,489.6141,488.5759,489.5193,14723.0
2026-03-19 11:30:00,489.4244,490.0234,489.1649,489.3546,25013.0
2026-03-19 11:35:00,489.4494,489.5442,488.516,488.6558,23694.0
2026-03-19 11:40:00,488.6757,488.9752,488.2664,488.2664,18305.0
2026-03-19 11:45:00,488.3164,488.6558,487.8771,488.1067,23347.0
2026-03-19 11:50:00,487.8971,488.4711,487.8472,488.0269,57575.0
2026-03-19 11:55:00,488.0568,488.8804,488.0318,488.5834,46891.0
2026-03-19 12:00:00,488.5809,489.9685,488.4561,489.3995,40531.0
2026-03-19 12:05:00,489.3945,489.3945,488.3663,488.6907,27627.0
2026-03-19 12:10:00,488.6458,488.6458,487.947,488.0743,17746.0
2026-03-19 12:15:00,488.2165,488.7406,487.6874,488.5659,23943.0
2026-03-19 12:20:00,488.5659,489.0527,488.3962,488.7756,27731.0
2026-03-19 12:25:00,488.9053,489.5012,488.7656,488.8954,29865.0
2026-03-19 12:30:00,488.8255,488.9612,488.0768,488.7456,24928.0
2026-03-19 12:35:00,488.6657,488.6657,487.8272,488.1367,20675.0
2026-03-19 12:40:00,488.0169,488.9352,488.0169,488.8055,17883.0
2026-03-19 12:45:00,488.8055,488.8055,488.3962,488.5859,10511.0
2026-03-19 12:50:00,488.4861,488.7555,487.9869,488.4262,19042.0
2026-03-19 12:55:00,488.526,488.526,487.8072,487.8072,20148.0
2026-03-19 13:00:00,487.927,487.957,487.5976,487.8871,15946.0
2026-03-19 13:05:00,487.8871,487.9969,487.0935,487.1783,27849.0
2026-03-19 13:10:00,487.2282,487.8372,487.1783,487.5477,18378.0
2026-03-19 13:15:00,487.5676,488.7706,487.5676,488.7706,23035.0
2026-03-19 13:20:00,488.7306,488.7306,488.1167,488.3014,24143.0
2026-03-19 13:25:00,488.3663,488.6158,488.1866,488.3363,18139.0
2026-03-19 13:30:00,488.4461,488.526,487.6974,488.1607,21257.0
2026-03-19 13:35:00,487.9769,488.1267,487.8172,487.937,22675.0
2026-03-19 13:40:00,487.8472,488.0269,487.5776,487.7423,21531.0
2026-03-19 13:45:00,487.7423,488.2664,487.6974,487.7873,14631.0
2026-03-19 13:50:00,487.8671,488.4461,487.6675,487.942,14890.0
2026-03-19 13:55:00,487.8571,487.967,487.2382,487.4678,12316.0
2026-03-19 14:00:00,487.5377,487.5377,487.0985,487.4079,20233.0
2026-03-19 14:05:00,487.4424,488.0568,487.3281,487.8372,24427.0
2026-03-19 14:10:00,487.8721,488.4262,487.448,488.4262,24195.0
2026-03-19 14:15:00,488.4361,488.5659,488.0818,488.4461,26458.0
2026-03-19 14:20:00,488.4212,488.4561,487.0286,487.3929,20181.0
2026-03-19 14:25:00,487.3181,487.5078,486.779,486.8589,15841.0
2026-03-19 14:30:00,486.779,487.2981,486.4695,487.1683,15676.0
2026-03-19 14:35:00,487.0985,487.338,487.0186,487.1933,16627.0
2026-03-19 14:40:00,487.1933,487.3331,487.0585,487.0785,17438.0
2026-03-19 14:45:00,487.1234,488.1516,487.0386,488.0867,19526.0
2026-03-19 14:50:00,488.0169,488.8255,487.7873,488.496,25934.0
2026-03-19 14:55:00,488.4361,489.9435,488.4262,489.6041,41264.0
2026-03-19 15:00:00,489.5542,490.7621,489.2298,490.6922,35755.0
2026-03-19 15:05:00,490.6922,492.4692,490.6922,491.5607,28620.0
2026-03-19 15:10:00,491.421,492.564,490.8621,491.6905,24217.0
2026-03-19 15:15:00,491.3353,492.02,491.0117,491.406,24122.0
2026-03-19 15:20:00,491.431,491.431,490.6523,490.9718,20785.0
2026-03-19 15:25:00,490.9618,491.1618,490.3628,490.862,23240.0
2026-03-19 15:30:00,490.842,490.9418,490.3678,490.7222,29424.0
2026-03-19 15:35:00,490.832,491.0816,490.1132,491.0616,30281.0
2026-03-19 15:40:00,491.0466,491.421,490.9817,491.0616,35792.0
2026-03-19 15:45:00,491.0616,491.5807,490.6024,491.2912,36797.0
2026-03-19 15:50:00,491.3012,491.3711,490.5126,490.7422,53669.0
2026-03-19 15:55:00,490.812,491.2812,490.0583,490.283,187015.0
2026-03-20 09:30:00,491.6206,493.9167,490.6324,491.8502,592118.0
2026-03-20 09:35:00,491.6805,492.1547,490.9817,492.0848,18792.0
2026-03-20 09:40:00,491.9907,492.4143,491.0067,492.3893,30626.0
2026-03-20 09:45:00,492.0948,492.6489,491.0517,491.97,30668.0
2026-03-20 09:50:00,491.97,492.0898,490.1582,492.0898,22183.0
2026-03-20 09:55:00,491.965,493.0981,490.9867,491.4111,14440.0
2026-03-20 10:00:00,491.411,491.6606,490.7922,490.9618,19080.0
2026-03-20 10:05:00,490.8021,491.9559,490.7621,491.401,19717.0
2026-03-20 10:10:00,491.5158,491.8103,490.6024,490.822,24983.0
2026-03-20 10:15:00,490.9768,491.9401,490.9618,491.5208,26229.0
2026-03-20 10:20:00,491.5208,492.554,491.2413,492.3694,13237.0
2026-03-20 10:25:00,492.6489,492.7836,491.985,492.4842,15565.0
2026-03-20 10:30:00,492.4792,492.7287,491.3012,491.3711,26000.0
2026-03-20 10:35:00,491.2912,491.8103,490.852,491.3212,15286.0
2026-03-20 10:40:00,491.5208,492.2945,490.6723,491.0416,19390.0
2026-03-20 10:45:00,491.0816,492.01,490.9268,491.8702,9829.0
2026-03-20 10:50:00,491.8702,491.99,490.9718,491.1015,12798.0
2026-03-20 10:55:00,490.9418,491.7454,490.9219,491.1265,20128.0
2026-03-20 11:00:00,491.2114,492.2196,491.1316,491.3486,24251.0
2026-03-20 11:05:00,491.4809,491.8003,491.1714,491.6905,16278.0
2026-03-20 11:10:00,491.6905,492.3893,491.6007,492.1996,22054.0
2026-03-20 11:15:00,492.4392,492.4792,491.7205,492.0699,21578.0
2026-03-20 11:20:00,492.01,493.4675,491.7205,492.8136,30385.0
2026-03-20 11:25:00,492.8136,492.9084,491.9901,492.5091,18474.0
2026-03-20 11:30:00,492.6688,493.6371,492.579,493.2354,19470.0
2026-03-20 11:35:00,493.0881,493.757,492.7886,493.757,104995.0
2026-03-20 11:40:00,493.757,494.0365,493.3876,493.722,19075.0
2026-03-20 11:45:00,493.722,494.316,493.168,493.9267,22018.0
2026-03-20 11:50:00,493.8268,494.9549,493.717,494.915,25125.0
2026-03-20 11:55:00,494.8551,495.384,494.6554,495.1795,17995.0
2026-03-20 12:00:00,495.2843,495.474,494.885,494.9798,18231.0
2026-03-20 12:05:00,494.9449,495.8334,494.865,495.8134,31528.0
2026-03-20 12:10:00,495.8134,495.9931,495.1346,495.2194,25912.0
2026-03-20 12:15:00,495.1995,495.9621,494.9649,495.9621,16947.0
2026-03-20 12:20:00,495.8533,497.0712,495.7635,497.0263,20093.0
2026-03-20 12:25:00,496.9914,497.4606,496.4323,497.0862,29073.0
2026-03-20 12:30:00,497.0862,497.0862,495.9731,496.4723,25208.0
2026-03-20 12:35:00,496.1757,496.612,495.8533,496.4922,23653.0
2026-03-20 12:40:00,496.4922,496.622,495.9532,496.2027,17415.0
2026-03-20 12:45:00,496.1229,496.7218,495.9631,496.7218,26955.0
2026-03-20 12:50:00,496.5372,496.8217,496.0929,496.622,15525.0
2026-03-20 12:55:00,496.622,497.5304,496.4623,497.2709,17907.0
2026-03-20 13:00:00,497.1511,497.6303,497.0213,497.3308,14110.0
2026-03-20 13:05:00,497.3308,497.3807,496.2626,497.0413,21949.0
2026-03-20 13:10:00,497.0413,497.1411,496.5921,496.7917,96221.0
2026-03-20 13:15:00,496.9315,497.4905,496.7618,497.1411,15981.0
2026-03-20 13:20:00,497.1012,497.6303,497.0812,497.201,12154.0
2026-03-20 13:25:00,497.196,497.6402,497.0514,497.6203,25076.0
2026-03-20 13:30:00,497.6203,497.6802,497.1511,497.3707,17230.0
2026-03-20 13:35:00,497.4106,497.9297,497.0762,497.8399,15552.0
2026-03-20 13:40:00,497.9198,498.354,497.3507,497.6303,12755.0
2026-03-20 13:45:00,497.6892,497.6892,497.0513,497.1312,14023.0
2026-03-20 13:50:00,497.2659,497.79,497.0863,497.6303,13057.0
2026-03-20 13:55:00,497.77,497.9078,497.6303,497.6303,11595.0
2026-03-20 14:00:00,497.76,497.9597,497.4206,497.76,11287.0
2026-03-20 14:05:00,497.8,498.1494,497.201,497.3807,22469.0
2026-03-20 14:10:00,497.3607,497.3607,496.612,496.8416,17852.0
2026-03-20 14:15:00,496.8366,496.8915,495.8833,496.4423,24936.0
2026-03-20 14:20:00,496.4822,496.7019,495.454,496.1089,30131.0
2026-03-20 14:25:00,495.9931,496.5611,495.9931,496.5222,15056.0
2026-03-20 14:30:00,496.5721,496.9414,496.4024,496.7268,15854.0
2026-03-20 14:35:00,496.7218,496.7817,495.9731,496.063,92487.0
2026-03-20 14:40:00,496.0131,496.3724,495.9232,495.9276,18028.0
2026-03-20 14:45:00,496.033,496.1229,495.6836,495.8383,24281.0
2026-03-20 14:50:00,495.7236,495.9232,495.4021,495.6587,20849.0
2026-03-20 14:55:00,495.6587,495.9368,495.2445,495.444,22643.0
2026-03-20 15:00:00,495.474,496.1927,495.474,496.1528,21085.0
2026-03-20 15:05:00,495.9731,496.1927,495.6437,496.1927,42353.0
2026-03-20 15:10:00,496.1828,496.5222,495.9532,496.0355,22963.0
2026-03-20 15:15:00,496.028,496.1828,495.3742,496.0445,34934.0
2026-03-20 15:20:00,496.0706,496.2226,495.5938,495.6836,24717.0
2026-03-20 15:25:00,495.5538,495.5938,494.9449,495.464,38743.0
2026-03-20 15:30:00,495.5239,495.7835,494.3559,494.5206,23381.0
2026-03-20 15:35:00,494.5356,494.6255,494.0265,494.1862,26615.0
2026-03-20 15:40:00,494.1962,496.2926,494.1962,495.9881,46904.0
2026-03-20 15:45:00,495.9032,495.9382,495.1146,495.2194,41294.0
2026-03-20 15:50:00,495.0547,496.7418,494.2261,496.7418,67349.0
2026-03-20 15:55:00,496.6729,497.4106,495.6537,495.8633,234186.0
2026-03-23 09:30:00,505.1772,505.5266,500.2557,500.4953,93312.0
2026-03-23 09:35:00,500.4055,502.7414,499.5569,502.432,28709.0
2026-03-23 09:40:00,502.4489,502.9611,501.254,501.254,77638.0
2026-03-23 09:45:00,501.0543,503.001,500.1359,502.8712,65852.0
2026-03-23 09:50:00,502.6216,503.4851,501.843,502.9111,25666.0
2026-03-23 09:55:00,502.8912,503.3703,500.4055,503.1008,56331.0
2026-03-23 10:00:00,503.2905,504.2189,502.5418,503.0709,31931.0
2026-03-23 10:05:00,503.0209,503.9693,502.432,503.4901,22756.0
2026-03-23 10:10:00,503.4203,503.9294,503.1608,503.9294,22123.0
2026-03-23 10:15:00,504.1191,504.6282,503.58,504.6282,31723.0
2026-03-23 10:20:00,504.5383,505.3519,504.129,504.728,22594.0
2026-03-23 10:25:00,504.4684,504.5583,502.1325,502.9511,29364.0
2026-03-23 10:30:00,502.8712,503.2106,502.392,502.9161,19095.0
2026-03-23 10:35:00,502.9161,503.6299,502.2822,502.5917,17594.0
2026-03-23 10:40:00,502.7115,503.3903,502.3721,502.9311,16700.0
2026-03-23 10:45:00,503.0958,505.1273,502.8413,504.4684,40539.0
2026-03-23 10:50:00,504.4185,504.6481,503.7597,503.7946,58197.0
2026-03-23 10:55:00,503.7896,504.0791,503.0209,503.565,22393.0
2026-03-23 11:00:00,503.4502,505.1573,502.9611,505.0075,29678.0
2026-03-23 11:05:00,505.0375,505.1123,504.2788,504.6881,23678.0
2026-03-23 11:10:00,504.718,505.2162,504.3387,504.4385,13836.0
2026-03-23 11:15:00,504.6981,504.6981,503.6698,504.0891,16521.0
2026-03-23 11:20:00,504.129,505.1273,504.0293,505.0674,13999.0
2026-03-23 11:25:00,504.9376,504.9776,503.4702,503.7397,16415.0
2026-03-23 11:30:00,503.59,503.8994,503.3703,503.6798,12741.0
2026-03-23 11:35:00,503.6998,503.9793,503.3604,503.7447,15909.0
2026-03-23 11:40:00,503.8894,503.9294,502.5118,503.0709,15912.0
2026-03-23 11:45:00,503.0209,503.0259,502.2722,502.6147,11614.0
2026-03-23 11:50:00,502.6516,502.8413,501.3139,501.3139,18102.0
2026-03-23 11:55:00,501.274,501.9628,500.9595,501.7282,26991.0
2026-03-23 12:00:00,501.7631,503.0609,501.6333,502.9061,24427.0
2026-03-23 12:05:00,502.8113,503.4203,502.402,503.0259,21235.0
2026-03-23 12:10:00,503.0209,503.59,502.8338,502.8338,24318.0
2026-03-23 12:15:00,502.9211,503.0209,501.813,501.853,27382.0
2026-03-23 12:20:00,501.9328,502.6117,501.808,502.402,28046.0
2026-03-23 12:25:00,502.2922,502.5817,501.8031,502.1075,24417.0
2026-03-23 12:30:00,502.1125,503.3903,502.1125,503.001,29972.0
2026-03-23 12:35:00,503.0709,503.4502,502.6216,502.6915,29010.0
2026-03-23 12:40:00,502.9411,503.555,502.8962,503.3404,34049.0
2026-03-23 12:45:00,503.4402,504.129,502.3721,502.7314,22688.0
2026-03-23 12:50:00,502.7314,503.1308,502.0826,502.5817,16806.0
2026-03-23 12:55:00,502.6017,503.0409,502.6017,502.6815,18525.0
2026-03-23 13:00:00,502.8013,503.4203,502.7514,502.971,41645.0
2026-03-23 13:05:00,502.971,503.7896,502.1325,502.2373,43203.0
2026-03-23 13:10:00,502.2323,503.59,501.7931,501.9079,40203.0
2026-03-23 13:15:00,501.9728,501.9728,501.3139,501.7531,15535.0
2026-03-23 13:20:00,501.7631,502.9411,501.7132,502.7165,36743.0
2026-03-23 13:25:00,502.7115,502.9511,502.5118,502.6516,14619.0
2026-03-23 13:30:00,502.6416,504.0363,502.4769,503.9294,46057.0
2026-03-23 13:35:00,503.8595,505.1972,503.5151,504.4285,27081.0
2026-03-23 13:40:00,504.2987,504.8478,504.129,504.3586,21166.0
2026-03-23 13:45:00,504.3586,504.6282,504.1091,504.5882,19660.0
2026-03-23 13:50:00,504.4285,505.0375,504.2688,505.0075,16521.0
2026-03-23 13:55:00,504.8578,505.5466,504.7879,505.1772,17988.0
2026-03-23 14:00:00,505.322,505.3419,504.823,505.2371,13873.0
2026-03-23 14:05:00,505.2371,505.2371,504.4984,504.9426,27756.0
2026-03-23 14:10:00,504.9376,505.5067,504.9376,505.2371,11682.0
2026-03-23 14:15:00,505.1872,505.3669,504.9776,505.1872,12521.0
2026-03-23 14:20:00,505.1173,505.2072,504.6581,505.0375,12300.0
2026-03-23 14:25:00,504.9277,505.1573,504.5583,504.7779,13973.0
2026-03-23 14:30:00,504.8977,505.4767,504.5882,505.4767,25124.0
2026-03-23 14:35:00,505.4867,506.0689,505.4517,505.9359,21946.0
2026-03-23 14:40:00,505.901,506.1605,505.7363,505.9209,15605.0
2026-03-23 14:45:00,505.9159,506.0956,505.7063,505.7986,15478.0
2026-03-23 14:50:00,505.8011,505.913,504.9876,505.1173,16798.0
2026-03-23 14:55:00,505.2671,505.4128,504.718,505.1922,12037.0
2026-03-23 15:00:00,505.1922,505.7262,504.7979,505.7262,18685.0
2026-03-23 15:05:00,505.7263,505.7263,505.3469,505.5408,19532.0
2026-03-23 15:10:00,505.6414,505.6464,504.2039,504.2738,28789.0
2026-03-23 15:15:00,504.2339,504.6681,504.1839,504.3886,20458.0
2026-03-23 15:20:00,504.2588,504.5034,503.7397,503.7896,28448.0
2026-03-23 15:25:00,503.7846,503.9693,503.5101,503.8246,15210.0
2026-03-23 15:30:00,503.8246,503.8795,503.011,503.0459,34948.0
2026-03-23 15:35:00,503.1507,503.6399,502.5118,503.3654,25756.0
2026-03-23 15:40:00,503.3703,503.4103,502.7314,503.001,22360.0
2026-03-23 15:45:00,503.0759,503.4203,502.6916,502.8338,21245.0
2026-03-23 15:50:00,502.6716,502.7339,501.7681,501.9129,53123.0
2026-03-23 15:55:00,502.0027,502.0726,499.5769,499.8265,218150.0
2026-03-24 09:30:00,494.7852,498.1393,494.7502,495.6237,61274.0
2026-03-24 09:35:00,495.8683,495.9931,493.6172,493.7669,21645.0
2026-03-24 09:40:00,493.9117,496.1428,493.5972,495.1446,19025.0
2026-03-24 09:45:00,494.9499,495.9731,493.4824,493.4824,20671.0
2026-03-24 09:50:00,493.6671,494.885,493.6571,494.4058,16598.0
2026-03-24 09:55:00,494.326,494.7752,493.3876,493.737,15120.0
2026-03-24 10:00:00,493.5074,494.3684,493.0232,494.3684,20056.0
2026-03-24 10:05:00,494.6604,494.9449,492.3843,494.2261,32224.0
2026-03-24 10:10:00,494.3958,494.6155,492.5411,493.757,30760.0
2026-03-24 10:15:00,493.757,494.5955,493.4575,494.0365,15295.0
2026-03-24 10:20:00,494.0964,494.3509,493.3377,493.5224,15720.0
2026-03-24 10:25:00,493.5274,494.6654,493.138,494.1363,24157.0
2026-03-24 10:30:00,494.1213,496.4922,494.1113,496.073,37589.0
2026-03-24 10:35:00,496.1378,496.3075,494.865,495.3442,18977.0
2026-03-24 10:40:00,495.3941,495.6335,494.8551,495.5289,23675.0
2026-03-24 10:45:00,495.5289,495.7535,494.3809,494.3809,21931.0
2026-03-24 10:50:00,494.3859,496.8915,494.0564,495.9132,34389.0
2026-03-24 10:55:00,495.9432,497.2459,495.4241,496.1778,22571.0
2026-03-24 11:00:00,496.2926,497.79,496.2926,497.4606,15128.0
2026-03-24 11:05:00,497.231,497.9697,496.7792,497.7101,22103.0
2026-03-24 11:10:00,497.7051,498.7184,497.3707,498.374,24046.0
2026-03-24 11:15:00,498.3041,498.9779,498.0346,498.7633,22574.0
2026-03-24 11:20:00,498.7633,500.0062,498.5886,499.7316,31174.0
2026-03-24 11:25:00,499.537,499.7366,498.8452,499.2874,22183.0
2026-03-24 11:30:00,499.2874,499.6468,499.1426,499.6068,16009.0
2026-03-24 11:35:00,499.6068,499.9463,499.4471,499.9363,14119.0
2026-03-24 11:40:00,499.9163,499.9363,498.6036,498.8881,13095.0
2026-03-24 11:45:00,498.7883,499.2145,498.5636,499.1377,10072.0
2026-03-24 11:50:00,499.0628,499.517,498.958,499.3872,13204.0
2026-03-24 11:55:00,499.4182,499.4182,498.5487,498.6285,16485.0
2026-03-24 12:00:00,498.4139,498.7883,498.2192,498.6984,21854.0
2026-03-24 12:05:00,498.7284,499.4771,498.5587,499.3523,10345.0
2026-03-24 12:10:00,499.4122,500.096,499.4072,499.6418,16913.0
2026-03-24 12:15:00,499.6019,500.2857,499.3872,499.7965,12441.0
2026-03-24 12:20:00,499.7266,499.7416,498.8581,499.6368,18436.0
2026-03-24 12:25:00,499.6368,499.9363,499.4072,499.8315,20471.0
2026-03-24 12:30:00,499.8714,500.3342,499.8614,500.0346,14223.0
2026-03-24 12:35:00,499.9113,499.9113,499.0378,499.2425,15853.0
2026-03-24 12:40:00,499.1476,500.1409,499.1377,500.1409,12758.0
2026-03-24 12:45:00,500.0361,500.3256,499.3173,499.6068,14182.0
2026-03-24 12:50:00,499.6568,499.8664,499.537,499.7216,9615.0
2026-03-24 12:55:00,499.6817,500.1958,499.3872,499.9662,10864.0
2026-03-24 13:00:00,499.8464,500.0161,498.5886,498.7009,16868.0
2026-03-24 13:05:00,498.6984,498.8082,498.0795,498.7334,20106.0
2026-03-24 13:10:00,498.7334,499.1476,498.5686,498.8981,15972.0
2026-03-24 13:15:00,498.8881,499.1576,498.7284,498.8452,10560.0
2026-03-24 13:20:00,498.8981,499.3984,498.8981,499.2924,17396.0
2026-03-24 13:25:00,499.2874,499.2924,498.8382,498.933,14485.0
2026-03-24 13:30:00,498.933,499.6867,498.8282,498.913,14280.0
2026-03-24 13:35:00,499.0179,499.6717,498.7982,499.5569,14144.0
2026-03-24 13:40:00,499.6218,499.9463,499.2974,499.3623,24662.0
2026-03-24 13:45:00,499.4122,499.4371,498.8032,499.2125,15744.0
2026-03-24 13:50:00,499.0828,499.6717,498.7284,498.8881,12988.0
2026-03-24 13:55:00,498.9879,500.2358,498.9879,500.126,24004.0
2026-03-24 14:00:00,500.2258,500.7249,500.2208,500.5852,23669.0
2026-03-24 14:05:00,500.5852,500.7748,499.6867,499.7067,14300.0
2026-03-24 14:10:00,499.6218,500.076,499.3872,499.8315,18389.0
2026-03-24 14:15:00,499.8265,500.0361,498.4988,499.3673,71477.0
2026-03-24 14:20:00,499.1177,499.6667,498.7184,499.527,14366.0
2026-03-24 14:25:00,499.4421,500.0461,499.4072,500.0307,12527.0
2026-03-24 14:30:00,500.0111,501.0843,500.0111,500.7449,15072.0
2026-03-24 14:35:00,500.5452,501.6733,500.5452,501.5934,17186.0
2026-03-24 14:40:00,501.6633,501.8628,500.116,500.8198,18333.0
2026-03-24 14:45:00,500.8148,500.9645,500.106,500.2258,13967.0
2026-03-24 14:50:00,500.1559,500.3655,499.9463,499.9463,12450.0
2026-03-24 14:55:00,500.1459,500.2008,499.3937,499.3937,15266.0
2026-03-24 15:00:00,499.5569,500.1958,499.4521,500.1759,11652.0
2026-03-24 15:05:00,500.1809,500.3855,499.9962,500.3156,18657.0
2026-03-24 15:10:00,500.1759,500.6066,499.9762,500.6051,15509.0
2026-03-24 15:15:00,500.5352,500.5951,499.6667,499.8564,18202.0
2026-03-24 15:20:00,499.8564,500.1559,499.7266,500.1359,14521.0
2026-03-24 15:25:00,500.096,500.6351,500.086,500.4105,20207.0
2026-03-24 15:30:00,500.3855,500.695,499.7312,499.7312,27180.0
2026-03-24 15:35:00,499.7566,500.2607,499.4173,500.2358,37220.0
2026-03-24 15:40:00,500.2557,500.2557,499.5669,499.6118,29327.0
2026-03-24 15:45:00,499.6118,499.7666,499.2275,499.5769,27911.0
2026-03-24 15:50:00,499.6168,499.6468,498.5187,498.6235,44785.0
2026-03-24 15:55:00,498.5487,498.6036,497.6802,498.0296,142884.0
2026-03-25 09:30:00,500.4254,504.6232,500.4254,503.8695,44231.0
2026-03-25 09:35:00,503.5201,505.3799,502.9411,503.9094,23169.0
2026-03-25 09:40:00,503.8929,504.0542,502.3771,502.5518,13879.0
2026-03-25 09:45:00,502.7215,503.1707,501.4636,501.4636,21689.0
2026-03-25 09:50:00,501.5235,501.8929,499.7766,500.1559,15855.0
2026-03-25 09:55:00,500.2857,500.3256,499.3872,499.9413,29617.0
2026-03-25 10:00:00,499.9363,500.2058,498.0296,498.3041,23288.0
2026-03-25 10:05:00,498.3041,498.4638,496.6719,497.9397,27331.0
2026-03-25 10:10:00,498.0795,498.8182,497.5105,498.3201,24490.0
2026-03-25 10:15:00,498.5287,498.7981,497.6402,497.7101,17962.0
2026-03-25 10:20:00,497.8599,498.2095,496.8117,497.0313,29300.0
2026-03-25 10:25:00,496.9365,499.0578,496.7518,499.0578,26719.0
2026-03-25 10:30:00,499.0278,499.3273,498.4488,499.0778,12619.0
2026-03-25 10:35:00,499.1177,499.3373,497.7101,498.3165,17411.0
2026-03-25 10:40:00,498.4488,498.9779,498.2492,498.379,14773.0
2026-03-25 10:45:00,498.379,498.7284,498.3091,498.6385,16177.0
2026-03-25 10:50:00,498.4389,498.8881,498.1494,498.7183,30753.0
2026-03-25 10:55:00,498.6385,499.6368,498.6186,499.1277,19535.0
2026-03-25 11:00:00,499.24,499.9962,499.1676,499.6967,19707.0
2026-03-25 11:05:00,499.7018,499.7117,497.221,497.4356,12607.0
2026-03-25 11:10:00,497.3907,497.5803,493.707,494.1962,65464.0
2026-03-25 11:15:00,494.4158,495.7335,494.1912,495.1046,46844.0
2026-03-25 11:20:00,495.0497,497.9198,495.0497,497.9198,23550.0
2026-03-25 11:25:00,497.755,498.6186,497.5704,498.5786,12210.0
2026-03-25 11:30:00,498.7284,499.0229,498.4189,498.4988,16604.0
2026-03-25 11:35:00,498.5187,498.5387,497.3507,497.4156,17563.0
2026-03-25 11:40:00,497.4606,497.79,496.9415,497.2409,19443.0
2026-03-25 11:45:00,497.3607,497.76,497.2285,497.6103,14694.0
2026-03-25 11:50:00,497.7401,498.0795,497.6802,497.8798,13398.0
2026-03-25 11:55:00,497.9946,499.0578,497.6203,498.9729,18209.0
2026-03-25 12:00:00,498.9729,499.2075,498.6685,499.0278,20837.0
2026-03-25 12:05:00,498.9779,499.3523,498.7483,499.3273,16743.0
2026-03-25 12:10:00,499.3373,499.6767,499.1976,499.2674,25261.0
2026-03-25 12:15:00,499.3323,500.4055,499.1776,500.3655,27808.0
2026-03-25 12:20:00,500.3655,501.1442,500.106,501.0693,24032.0
2026-03-25 12:25:00,501.0344,501.244,500.675,501.2041,23619.0
2026-03-25 12:30:00,501.2141,501.843,500.9745,501.3888,17806.0
2026-03-25 12:35:00,501.4337,502.0726,501.4237,501.7531,15100.0
2026-03-25 12:40:00,501.7531,502.2523,501.3339,502.1624,20342.0
2026-03-25 12:45:00,502.1824,502.2722,501.274,501.6633,16845.0
2026-03-25 12:50:00,501.6633,501.7332,500.8996,501.1941,29634.0
2026-03-25 12:55:00,501.1941,501.4537,500.9495,501.1891,15285.0
2026-03-25 13:00:00,501.1891,501.4137,500.5852,501.1043,33041.0
2026-03-25 13:05:00,501.0244,501.0643,500.7648,500.8846,17119.0
2026-03-25 13:10:00,500.8846,502.4819,500.8846,502.4769,18330.0
2026-03-25 13:15:00,502.4769,502.5118,502.0327,502.427,24532.0
2026-03-25 13:20:00,502.427,502.427,502.0127,502.0227,13855.0
2026-03-25 13:25:00,502.2623,502.7314,502.1724,502.432,17659.0
2026-03-25 13:30:00,502.4519,502.5617,502.0626,502.4619,17050.0
2026-03-25 13:35:00,502.5218,502.5568,501.9528,502.1704,20345.0
2026-03-25 13:40:00,502.2822,503.4702,502.2157,502.9311,46392.0
2026-03-25 13:45:00,502.9161,502.9161,502.1974,502.4969,15750.0
2026-03-25 13:50:00,502.4519,502.8912,501.7132,501.833,23732.0
2026-03-25 13:55:00,501.8979,502.6815,501.6883,502.1723,18651.0
2026-03-25 14:00:00,502.0027,502.3072,501.7132,502.0426,14436.0
2026-03-25 14:05:00,502.0177,502.3222,501.7731,502.1125,22457.0
2026-03-25 14:10:00,502.1774,502.1774,501.6932,501.9079,15059.0
2026-03-25 14:15:00,501.9079,502.3521,501.7032,502.0571,15510.0
2026-03-25 14:20:00,502.1275,502.1275,501.6633,501.828,15360.0
2026-03-25 14:25:00,501.8929,501.9427,501.4337,501.4337,15586.0
2026-03-25 14:30:00,501.4836,501.6733,501.231,501.3339,13651.0
2026-03-25 14:35:00,501.3838,501.7132,501.3039,501.6483,16294.0
2026-03-25 14:40:00,501.6483,501.6883,501.3139,501.6034,20344.0
2026-03-25 14:45:00,501.5884,501.5934,501.1142,501.1142,12255.0
2026-03-25 14:50:00,501.0543,501.7082,501.0094,501.4686,21603.0
2026-03-25 14:55:00,501.4986,501.6134,500.5752,501.5335,20912.0
2026-03-25 15:00:00,501.5784,501.5784,500.6451,500.9645,16451.0
2026-03-25 15:05:00,500.9695,501.0843,500.7259,500.8896,11641.0
2026-03-25 15:10:00,500.8846,501.1043,500.6351,501.1043,10881.0
2026-03-25 15:15:00,501.0643,501.5035,500.9645,501.234,21703.0
2026-03-25 15:20:00,501.1442,501.6833,501.0843,501.6234,18432.0
2026-03-25 15:25:00,501.6533,501.6982,501.0044,501.254,16260.0
2026-03-25 15:30:00,501.234,501.3438,500.7449,500.8647,20809.0
2026-03-25 15:35:00,500.8148,501.0494,500.7349,500.9246,20510.0
2026-03-25 15:40:00,500.9246,501.274,500.7648,500.9346,53997.0
2026-03-25 15:45:00,501.0643,501.4537,500.5253,501.3239,66135.0
2026-03-25 15:50:00,501.4437,502.1025,501.0643,501.5036,56570.0
2026-03-25 15:55:00,501.5335,502.1225,501.3339,501.8929,155261.0
2026-03-26 09:30:00,499.6468,503.2005,499.3723,500.5727,110781.0
2026-03-26 09:35:00,500.4706,503.8146,500.1958,501.2839,30615.0
2026-03-26 09:40:00,501.3413,503.1507,500.9944,502.7963,24172.0
2026-03-26 09:45:00,502.9361,503.4702,501.7531,502.8213,28631.0
2026-03-26 09:50:00,502.8213,503.9294,502.3721,503.1807,30159.0
2026-03-26 09:55:00,503.3154,503.3154,502.1125,503.1108,23403.0
2026-03-26 10:00:00,502.981,503.2206,502.6017,502.9411,23816.0
2026-03-26 10:05:00,502.8013,502.9211,501.813,502.2223,23846.0
2026-03-26 10:10:00,502.1524,503.1208,501.8431,502.8063,22282.0
2026-03-26 10:15:00,502.8013,503.1507,500.8747,501.1442,28212.0
2026-03-26 10:20:00,501.1442,501.9029,501.0144,501.5535,18483.0
2026-03-26 10:25:00,501.6982,501.6982,500.8448,501.5635,28757.0
2026-03-26 10:30:00,501.4337,502.8612,501.4337,502.397,35099.0
2026-03-26 10:35:00,502.397,502.6616,501.9129,502.5318,17917.0
2026-03-26 10:40:00,502.5318,503.3504,501.6497,502.4869,41159.0
2026-03-26 10:45:00,502.4869,503.3204,502.412,502.7864,18371.0
2026-03-26 10:50:00,502.7913,503.0359,501.5834,501.7881,31216.0
2026-03-26 10:55:00,501.6034,503.2157,501.4437,503.1607,32593.0
2026-03-26 11:00:00,503.1607,503.545,502.7215,502.8812,28555.0
2026-03-26 11:05:00,502.9561,503.585,502.8013,503.4851,37274.0
2026-03-26 11:10:00,503.4851,503.7996,503.1308,503.2106,18177.0
2026-03-26 11:15:00,503.2056,503.2106,502.0526,502.7314,22990.0
2026-03-26 11:20:00,502.7314,502.8612,502.2922,502.3271,17489.0
2026-03-26 11:25:00,502.3222,502.4619,501.6234,501.6234,16329.0
2026-03-26 11:30:00,501.5934,501.9827,501.2241,501.6733,21413.0
2026-03-26 11:35:00,501.7032,502.3022,501.7032,502.1425,22684.0
2026-03-26 11:40:00,502.1325,502.1325,501.4936,501.7283,17649.0
2026-03-26 11:45:00,501.7432,502.4719,501.7432,501.843,18711.0
2026-03-26 11:50:00,501.9328,501.9328,501.0643,501.229,24908.0
2026-03-26 11:55:00,501.239,501.843,500.9994,501.6234,39025.0
2026-03-26 12:00:00,501.5784,501.6134,500.922,501.0494,31810.0
2026-03-26 12:05:00,501.0543,501.4936,500.8297,500.9296,31351.0
2026-03-26 12:10:00,500.9296,501.0743,500.5852,500.7399,26492.0
2026-03-26 12:15:00,500.7449,501.0643,500.4654,500.7049,38294.0
2026-03-26 12:20:00,500.7049,500.7848,500.071,500.5502,60109.0
2026-03-26 12:25:00,500.5502,500.5502,499.7266,499.8864,42571.0
2026-03-26 12:30:00,499.9612,500.2957,499.7167,499.9413,63425.0
2026-03-26 12:35:00,499.9263,500.7392,499.8165,500.5552,33558.0
2026-03-26 12:40:00,500.6151,501.2839,500.5352,501.0044,31543.0
2026-03-26 12:45:00,500.9994,501.3738,500.9495,501.249,18108.0
2026-03-26 12:50:00,501.249,501.3139,500.086,500.4354,39981.0
2026-03-26 12:55:00,500.4454,500.8048,500.0361,500.7449,92897.0
2026-03-26 13:00:00,500.7449,501.1342,500.5154,500.7998,35618.0
2026-03-26 13:05:00,500.8747,500.9745,500.4554,500.5951,23272.0
2026-03-26 13:10:00,500.6351,500.6351,500.076,500.076,28560.0
2026-03-26 13:15:00,500.076,500.4155,499.3797,499.7266,34032.0
2026-03-26 13:20:00,499.7266,499.7266,499.2874,499.5869,51425.0
2026-03-26 13:25:00,499.5919,499.7466,499.0378,499.5342,42416.0
2026-03-26 13:30:00,499.7167,499.8215,499.3373,499.6168,20608.0
2026-03-26 13:35:00,499.6168,499.8664,499.2175,499.4321,17654.0
2026-03-26 13:40:00,499.2974,499.4371,499.1676,499.2375,13027.0
2026-03-26 13:45:00,499.2375,499.527,498.9879,499.2125,31030.0
2026-03-26 13:50:00,499.2125,499.6867,499.0079,499.0378,84282.0
2026-03-26 13:55:00,499.1377,499.7216,498.978,499.4671,44544.0
2026-03-26 14:00:00,499.5669,499.9113,499.2213,499.8015,22521.0
2026-03-26 14:05:00,499.8416,500.1359,499.3872,499.6978,21752.0
2026-03-26 14:10:00,499.6618,500.1559,499.6468,499.9912,16511.0
2026-03-26 14:15:00,499.9912,500.1858,499.4222,499.4222,19098.0
2026-03-26 14:20:00,499.4222,499.5569,498.4788,498.968,36863.0
2026-03-26 14:25:00,498.8831,499.527,498.1894,499.527,69730.0
2026-03-26 14:30:00,499.5669,500.2556,499.3972,500.0661,22645.0
2026-03-26 14:35:00,500.1709,500.8247,500.1659,500.7149,20018.0
2026-03-26 14:40:00,500.7648,501.1841,500.7648,501.1192,17730.0
2026-03-26 14:45:00,501.1192,501.2839,500.9246,501.0543,19400.0
2026-03-26 14:50:00,501.0543,501.1342,500.2258,500.3542,24895.0
2026-03-26 14:55:00,500.3156,500.7599,500.2607,500.693,20166.0
2026-03-26 15:00:00,500.675,500.68,499.9862,500.076,18686.0
2026-03-26 15:05:00,500.1309,500.5352,499.9862,500.2058,22077.0
2026-03-26 15:10:00,500.2807,500.4953,499.9862,500.116,16403.0
2026-03-26 15:15:00,500.1359,500.1858,499.8265,500.117,23045.0
2026-03-26 15:20:00,500.091,500.1858,499.2775,499.547,41952.0
2026-03-26 15:25:00,499.537,499.7167,499.3473,499.3703,26589.0
2026-03-26 15:30:00,499.4321,499.7466,499.1177,499.2874,49860.0
2026-03-26 15:35:00,499.4172,499.7067,499.3273,499.4571,40095.0
2026-03-26 15:40:00,499.3872,499.8664,499.2599,499.7566,57216.0
2026-03-26 15:45:00,499.7666,500.3655,499.4572,500.2258,40510.0
2026-03-26 15:50:00,500.3556,500.8048,499.8565,500.2907,70496.0
2026-03-26 15:55:00,500.2258,500.7449,499.4871,499.8764,207769.0
2026-03-27 09:30:00,498.5886,499.1876,491.0816,491.1515,107670.0
2026-03-27 09:35:00,491.1564,491.6206,488.9652,489.5542,72872.0
2026-03-27 09:40:00,489.5667,490.3229,488.1566,489.2647,34936.0
2026-03-27 09:45:00,489.2348,489.4644,487.4678,487.8571,24128.0
2026-03-27 09:50:00,487.8771,488.7806,486.6692,487.5676,47150.0
2026-03-27 09:55:00,487.4179,487.7873,486.5494,487.6176,29650.0
2026-03-27 10:00:00,487.5327,488.2864,485.1618,486.195,57435.0
2026-03-27 10:05:00,486.205,486.5594,482.1671,482.4365,48059.0
2026-03-27 10:10:00,482.2768,486.727,482.2768,486.3997,56777.0
2026-03-27 10:15:00,486.3997,488.7157,486.3997,487.957,71613.0
2026-03-27 10:20:00,487.957,488.6857,486.799,487.0286,30216.0
2026-03-27 10:25:00,487.1783,487.922,486.9289,487.2582,28896.0
2026-03-27 10:30:00,486.9886,488.0019,486.4695,487.8522,26378.0
2026-03-27 10:35:00,487.8472,487.8472,486.4496,487.1309,40300.0
2026-03-27 10:40:00,487.1584,488.1666,486.9587,487.9769,37402.0
2026-03-27 10:45:00,487.7873,488.2465,487.0186,487.7224,18676.0
2026-03-27 10:50:00,487.9469,488.1366,486.6193,486.774,15474.0
2026-03-27 10:55:00,486.6991,487.6575,486.0353,487.4978,28441.0
2026-03-27 11:00:00,487.5227,488.501,487.1424,488.4461,37065.0
2026-03-27 11:05:00,488.526,488.7256,487.7923,487.8372,37437.0
2026-03-27 11:10:00,487.7274,487.7644,484.5628,485.7308,27354.0
2026-03-27 11:15:00,485.6919,486.1501,485.1418,485.4912,20649.0
2026-03-27 11:20:00,485.3914,486.2499,485.1019,485.1668,25896.0
2026-03-27 11:25:00,485.4214,485.5811,484.5129,484.5578,15758.0
2026-03-27 11:30:00,484.7126,485.1119,484.1635,484.2334,29946.0
2026-03-27 11:35:00,484.473,485.041,483.7542,483.874,34310.0
2026-03-27 11:40:00,483.874,484.1136,482.2968,482.9307,48036.0
2026-03-27 11:45:00,482.9157,484.473,482.6661,484.473,23700.0
2026-03-27 11:50:00,484.483,485.042,483.9639,484.3033,22120.0
2026-03-27 11:55:00,484.2534,484.2534,482.7959,483.2407,35136.0
2026-03-27 12:00:00,483.3649,483.5447,482.746,483.29,20646.0
2026-03-27 12:05:00,483.2152,483.5146,482.5064,482.5064,14495.0
2026-03-27 12:10:00,482.5362,482.756,481.7926,482.6811,20319.0
2026-03-27 12:15:00,482.746,483.4148,482.6461,482.8658,15956.0
2026-03-27 12:20:00,482.8907,485.1618,482.8258,484.3782,61844.0
2026-03-27 12:25:00,484.3831,484.8723,483.6943,484.3133,43075.0
2026-03-27 12:30:00,484.3133,486.1601,482.8558,482.9856,164216.0
2026-03-27 12:35:00,482.8459,483.3049,481.9873,482.4764,24365.0
2026-03-27 12:40:00,482.167,482.2369,480.8992,481.0639,24872.0
2026-03-27 12:45:00,481.0218,481.7577,480.8992,481.3284,20254.0
2026-03-27 12:50:00,481.3234,481.548,480.7744,481.2436,20013.0
2026-03-27 12:55:00,481.1288,481.7277,480.9092,481.6678,20733.0
2026-03-27 13:00:00,481.6678,481.9173,481.1787,481.8974,35582.0
2026-03-27 13:05:00,481.8974,482.8358,481.4183,481.6479,36454.0
2026-03-27 13:10:00,481.573,481.7776,480.0307,480.5847,26169.0
2026-03-27 13:15:00,480.6696,481.0789,480.0207,480.5248,26662.0
2026-03-27 13:20:00,480.5398,480.5398,479.7212,480.2303,47059.0
2026-03-27 13:25:00,480.2303,480.425,479.6713,480.2153,26551.0
2026-03-27 13:30:00,480.1255,480.8903,479.7911,480.8542,23930.0
2026-03-27 13:35:00,480.8992,481.5281,479.9708,481.3783,35201.0
2026-03-27 13:40:00,481.4283,481.548,480.6995,481.3135,34353.0
2026-03-27 13:45:00,481.3534,483.1353,480.9491,482.7759,50236.0
2026-03-27 13:50:00,482.7759,483.0954,482.3666,483.0954,29895.0
2026-03-27 13:55:00,483.0405,483.919,482.6561,483.914,30846.0
2026-03-27 14:00:00,483.874,484.2334,483.305,483.4947,30162.0
2026-03-27 14:05:00,483.4947,484.1635,482.9456,482.9656,34206.0
2026-03-27 14:10:00,482.9856,483.7709,482.9756,483.3649,23475.0
2026-03-27 14:15:00,483.3699,483.7343,483.2052,483.5546,23231.0
2026-03-27 14:20:00,483.4448,483.9239,482.7759,482.8708,22924.0
2026-03-27 14:25:00,482.8708,483.1751,482.756,483.0455,22094.0
2026-03-27 14:30:00,483.0455,483.8041,482.9456,483.2651,24117.0
2026-03-27 14:35:00,483.2723,483.5246,482.5264,483.1752,28676.0
2026-03-27 14:40:00,483.2052,483.894,482.9157,483.1353,26646.0
2026-03-27 14:45:00,483.0654,483.6744,482.8658,482.9007,29936.0
2026-03-27 14:50:00,482.9007,483.3449,482.8358,483.1453,27660.0
2026-03-27 14:55:00,483.2551,484.2284,482.9656,483.7432,43233.0
2026-03-27 15:00:00,483.6644,483.8936,483.2052,483.285,23994.0
2026-03-27 15:05:00,483.335,483.4947,482.8358,483.1752,31430.0
2026-03-27 15:10:00,483.1752,484.2883,483.0554,483.899,32693.0
2026-03-27 15:15:00,483.7742,484.2534,483.2927,483.6494,31613.0
2026-03-27 15:20:00,483.7043,483.7592,483.2251,483.3649,35145.0
2026-03-27 15:25:00,483.4448,484.0387,483.1353,483.904,34597.0
2026-03-27 15:30:00,483.9938,485.1518,483.864,484.6627,56025.0
2026-03-27 15:35:00,484.6028,484.6527,483.9639,483.9938,39261.0
2026-03-27 15:40:00,483.9938,484.166,483.315,483.8491,56819.0
2026-03-27 15:45:00,483.894,484.3233,481.6479,481.9174,72173.0
2026-03-27 15:50:00,481.8974,482.7759,481.7377,482.6511,98790.0
2026-03-27 15:55:00,482.746,483.3949,482.4764,483.1453,326246.0
2026-03-30 09:30:00,487.1883,491.3212,487.0485,489.7139,82148.0
2026-03-30 09:35:00,489.3645,492.0599,488.4938,491.9151,31992.0
2026-03-30 09:40:00,491.97,492.6489,489.6835,489.8587,38739.0
2026-03-30 09:45:00,489.4943,490.842,488.6458,488.6458,29116.0
2026-03-30 09:50:00,489.0351,489.4744,488.1339,488.3513,45286.0
2026-03-30 09:55:00,488.3862,488.8454,487.4179,487.8771,23117.0
2026-03-30 10:00:00,487.8771,489.6041,486.1601,488.2016,29278.0
2026-03-30 10:05:00,488.2016,489.2947,487.7074,488.7556,43173.0
2026-03-30 10:10:00,488.6059,489.1399,488.1566,488.506,56559.0
2026-03-30 10:15:00,488.4162,489.1649,487.5976,488.3563,38756.0
2026-03-30 10:20:00,488.1816,489.8387,488.1267,489.6241,32794.0
2026-03-30 10:25:00,489.5243,490.1332,488.526,489.9336,20239.0
2026-03-30 10:30:00,489.9485,490.9219,489.7289,490.6352,19049.0
2026-03-30 10:35:00,490.6773,491.1515,490.5425,491.0167,17162.0
2026-03-30 10:40:00,491.0117,492.3594,490.4227,491.6706,28783.0
2026-03-30 10:45:00,491.9601,493.138,491.4759,492.2895,36309.0
2026-03-30 10:50:00,492.2895,492.8485,491.3112,492.01,22640.0
2026-03-30 10:55:00,492.0799,493.9067,491.6306,493.3427,22241.0
2026-03-30 11:00:00,493.0881,494.6853,492.867,494.2012,48437.0
2026-03-30 11:05:00,494.3459,494.4757,492.5191,493.1031,29706.0
2026-03-30 11:10:00,493.0681,493.4175,492.02,492.2995,36380.0
2026-03-30 11:15:00,492.4692,492.7786,491.6706,492.7687,29983.0
2026-03-30 11:20:00,492.6788,492.9284,492.1547,492.6888,15154.0
2026-03-30 11:25:00,492.7088,493.0082,492.5391,492.589,14435.0
2026-03-30 11:30:00,492.6389,492.9284,492.2196,492.5291,29018.0
2026-03-30 11:35:00,492.3893,493.2183,492.3394,492.9641,15495.0
2026-03-30 11:40:00,492.579,493.1181,492.3594,492.4991,10580.0
2026-03-30 11:45:00,492.3893,492.8286,491.99,492.6988,15327.0
2026-03-30 11:50:00,492.6089,493.2778,492.1996,493.148,22174.0
2026-03-30 11:55:00,493.128,493.6422,492.639,493.5473,16778.0
2026-03-30 12:00:00,493.5473,493.6322,493.168,493.3277,14643.0
2026-03-30 12:05:00,493.3177,493.5274,492.9683,493.3876,20312.0
2026-03-30 12:10:00,493.3377,494.1363,493.3277,493.9816,12926.0
2026-03-30 12:15:00,493.9067,494.5556,493.4276,493.4276,14353.0
2026-03-30 12:20:00,493.5972,494.326,493.5274,494.1263,10037.0
2026-03-30 12:25:00,494.1064,494.4333,493.8468,493.9666,8157.0
2026-03-30 12:30:00,494.0664,494.0664,493.6372,493.6372,18652.0
2026-03-30 12:35:00,493.6272,493.6272,492.9883,493.1879,10279.0
2026-03-30 12:40:00,493.168,493.2179,492.547,492.8286,11418.0
2026-03-30 12:45:00,492.7687,493.1081,492.3993,492.5391,12937.0
2026-03-30 12:50:00,492.3893,492.7886,492.2106,492.2246,14382.0
2026-03-30 12:55:00,492.2601,493.3477,492.1348,493.2578,11463.0
2026-03-30 13:00:00,493.2578,493.6871,492.9284,493.0382,13685.0
2026-03-30 13:05:00,492.9484,493.1979,492.589,492.6688,9950.0
2026-03-30 13:10:00,492.6688,492.8435,492.1098,492.1417,11081.0
2026-03-30 13:15:00,492.1897,492.3095,491.4509,491.8203,16907.0
2026-03-30 13:20:00,491.8353,491.9151,491.441,491.5607,10802.0
2026-03-30 13:25:00,491.5707,492.5589,491.5707,492.3194,12250.0
2026-03-30 13:30:00,492.3195,492.6088,491.7688,492.3793,18770.0
2026-03-30 13:35:00,492.2595,492.2595,491.6107,491.6107,16650.0
2026-03-30 13:40:00,491.733,492.3993,491.5607,492.3993,22557.0
2026-03-30 13:45:00,492.3594,492.519,491.401,491.8453,41027.0
2026-03-30 13:50:00,491.99,491.99,491.3212,491.4809,20513.0
2026-03-30 13:55:00,491.5657,491.9151,491.4809,491.7804,11349.0
2026-03-30 14:00:00,491.8802,492.1097,491.4609,491.5757,18663.0
2026-03-30 14:05:00,491.5757,491.9601,491.3112,491.5607,15071.0
2026-03-30 14:10:00,491.3361,491.5707,491.0965,491.4909,14864.0
2026-03-30 14:15:00,491.6007,492.2995,491.4509,492.1098,16111.0
2026-03-30 14:20:00,492.1098,492.2196,491.5508,491.645,10757.0
2026-03-30 14:25:00,491.5807,491.6706,491.1914,491.1914,12573.0
2026-03-30 14:30:00,491.391,491.5508,491.0816,491.0816,14925.0
2026-03-30 14:35:00,491.1365,492.2072,491.0117,491.7255,20998.0
2026-03-30 14:40:00,491.8053,492.2894,491.6356,492.2246,19725.0
2026-03-30 14:45:00,492.0899,492.4093,492.0,492.4092,17883.0
2026-03-30 14:50:00,492.2795,492.3294,491.7804,492.1298,14675.0
2026-03-30 14:55:00,492.1897,492.4591,492.0413,492.0413,15130.0
2026-03-30 15:00:00,492.1897,492.4178,491.8003,492.2995,17941.0
2026-03-30 15:05:00,492.2795,492.4093,491.501,491.7205,29924.0
2026-03-30 15:10:00,491.8203,491.8702,490.7072,491.0217,31526.0
2026-03-30 15:15:00,491.0516,491.3461,490.9817,491.2712,31297.0
2026-03-30 15:20:00,491.2712,491.4909,490.9424,491.2613,37786.0
2026-03-30 15:25:00,491.2613,491.2712,490.7322,490.8719,36967.0
2026-03-30 15:30:00,490.8719,491.441,490.64,491.2363,31814.0
2026-03-30 15:35:00,491.2363,492.2346,491.2363,491.8752,32887.0
2026-03-30 15:40:00,491.8103,492.3718,491.5707,491.9901,45438.0
2026-03-30 15:45:00,492.0549,492.9633,491.99,492.3793,46118.0
2026-03-30 15:50:00,492.3594,493.0632,492.2595,492.9833,83178.0
2026-03-30 15:55:00,492.9883,493.178,491.8303,493.148,321790.0
2026-03-31 09:30:00,499.1377,500.3406,495.474,496.8716,169000.0
2026-03-31 09:35:00,496.8716,498.7783,495.7136,497.7201,118106.0
2026-03-31 09:40:00,497.6303,499.7067,496.5122,496.5122,75499.0
2026-03-31 09:45:00,496.4922,498.369,496.3924,498.1294,71330.0
2026-03-31 09:50:00,498.1294,499.0977,497.6153,498.6186,50324.0
2026-03-31 09:55:00,498.4988,498.4988,495.2544,495.2743,32238.0
2026-03-31 10:00:00,495.5839,495.5839,492.7786,493.7869,61781.0
2026-03-31 10:05:00,493.6272,494.9948,492.3943,494.5755,33866.0
2026-03-31 10:10:00,494.5755,494.6554,493.2678,493.3976,35265.0
2026-03-31 10:15:00,493.4175,494.0864,492.4692,493.656,26549.0
2026-03-31 10:20:00,493.4575,493.4575,492.01,492.8984,24268.0
2026-03-31 10:25:00,492.7786,492.8885,492.1697,492.2795,24571.0
2026-03-31 10:30:00,492.1697,493.1979,492.0998,492.8535,26564.0
2026-03-31 10:35:00,492.9733,493.0856,491.0516,491.1764,37208.0
2026-03-31 10:40:00,491.1714,491.7604,490.812,490.822,21456.0
2026-03-31 10:45:00,490.812,491.5529,489.9835,491.2263,24086.0
2026-03-31 10:50:00,491.1814,491.5907,490.4227,490.7122,22422.0
2026-03-31 10:55:00,490.6823,491.1814,489.7339,490.6523,36871.0
2026-03-31 11:00:00,490.6423,492.7187,490.4626,492.6938,29213.0
2026-03-31 11:05:00,492.6938,492.8984,492.2346,492.5191,19090.0
2026-03-31 11:10:00,492.5191,493.6372,492.3993,493.5872,29109.0
2026-03-31 11:15:00,493.5422,495.0048,493.5373,495.0048,32210.0
2026-03-31 11:20:00,494.7852,494.89,494.1563,494.2204,26634.0
2026-03-31 11:25:00,494.1463,494.336,493.4694,493.4694,31050.0
2026-03-31 11:30:00,493.4076,493.8169,492.4593,492.8735,31801.0
2026-03-31 11:35:00,492.9284,493.8767,492.8485,493.4675,27030.0
2026-03-31 11:40:00,493.6122,494.5255,493.4475,494.3709,16372.0
2026-03-31 11:45:00,494.331,494.4058,493.9965,494.1671,22531.0
2026-03-31 11:50:00,494.1563,494.8351,493.4824,493.4824,54995.0
2026-03-31 11:55:00,493.6771,493.747,493.0382,493.2678,16057.0
2026-03-31 12:00:00,493.2229,493.8368,493.0582,493.4675,23235.0
2026-03-31 12:05:00,493.4675,494.3559,493.4675,494.0165,15640.0
2026-03-31 12:10:00,493.9317,494.1662,493.2678,493.6272,22009.0
2026-03-31 12:15:00,493.6272,493.757,493.0132,493.2878,19298.0
2026-03-31 12:20:00,493.1879,493.4475,492.0399,492.2545,98701.0
2026-03-31 12:25:00,492.3993,492.6888,491.6606,492.4093,19700.0
2026-03-31 12:30:00,492.4392,492.4692,491.1714,491.8303,19462.0
2026-03-31 12:35:00,491.7404,493.4225,491.3062,493.2977,35162.0
2026-03-31 12:40:00,493.2578,496.5322,493.2578,493.4874,81132.0
2026-03-31 12:45:00,493.4325,494.3827,492.1048,494.311,25715.0
2026-03-31 12:50:00,494.306,494.6953,493.0981,493.4874,30225.0
2026-03-31 12:55:00,493.6072,495.1146,493.2878,495.1146,19781.0
2026-03-31 13:00:00,494.915,497.5055,494.915,496.9115,60622.0
2026-03-31 13:05:00,496.9015,497.6402,496.1229,496.7967,24464.0
2026-03-31 13:10:00,496.8865,497.1711,496.1878,496.642,22742.0
2026-03-31 13:15:00,496.7917,497.4705,496.7468,497.4606,16990.0
2026-03-31 13:20:00,497.6274,497.9597,497.0712,497.2908,16024.0
2026-03-31 13:25:00,497.2908,497.4007,496.7518,497.2908,22021.0
2026-03-31 13:30:00,497.4007,498.2492,496.7118,498.1244,31858.0
2026-03-31 13:35:00,498.1194,498.389,497.0005,497.4905,32308.0
2026-03-31 13:40:00,497.4905,497.8599,496.7568,497.0213,24215.0
2026-03-31 13:45:00,497.0213,498.5487,497.0113,497.9198,31891.0
2026-03-31 13:50:00,497.9797,498.4279,497.8898,498.4279,20243.0
2026-03-31 13:55:00,498.4189,498.6186,497.805,498.1593,23881.0
2026-03-31 14:00:00,498.2292,498.6685,497.9547,498.389,27235.0
2026-03-31 14:05:00,498.349,499.2075,498.1693,498.9979,26671.0
2026-03-31 14:10:00,499.0977,499.3972,498.1244,499.0578,26049.0
2026-03-31 14:15:00,498.928,499.6568,498.7683,499.6568,22243.0
2026-03-31 14:20:00,499.6667,499.8554,499.0778,499.1027,25110.0
2026-03-31 14:25:00,499.1377,500.116,499.0877,499.8963,24313.0
2026-03-31 14:30:00,499.8365,500.0461,499.4072,499.6268,25728.0
2026-03-31 14:35:00,499.6268,499.9962,499.5969,499.8963,23805.0
2026-03-31 14:40:00,499.9013,500.0062,499.1826,499.7641,39934.0
2026-03-31 14:45:00,499.779,499.9962,498.7483,499.1526,32349.0
2026-03-31 14:50:00,499.1476,499.3772,498.6984,499.2874,32368.0
2026-03-31 14:55:00,499.3615,499.6268,498.8082,499.2175,40228.0
2026-03-31 15:00:00,499.0478,499.4172,498.6785,498.7483,21969.0
2026-03-31 15:05:00,498.6884,499.0678,497.6654,497.6654,30966.0
2026-03-31 15:10:00,497.9297,498.9081,497.9297,498.8831,28667.0
2026-03-31 15:15:00,498.8581,499.3373,498.7284,498.938,27939.0
2026-03-31 15:20:00,498.8981,499.2874,498.7982,499.1377,39444.0
2026-03-31 15:25:00,499.1027,499.3952,498.6984,498.6984,33571.0
2026-03-31 15:30:00,498.8182,499.4771,498.8182,499.3024,39750.0
2026-03-31 15:35:00,499.2175,499.9812,499.0378,499.497,38379.0
2026-03-31 15:40:00,499.537,500.0461,499.2974,499.7616,54845.0
2026-03-31 15:45:00,499.7266,500.5452,499.4072,500.2058,54022.0
2026-03-31 15:50:00,500.2457,500.5352,498.1743,498.1743,100494.0
2026-03-31 15:55:00,498.2791,499.9962,498.0995,498.7982,338592.0
