datetime,open,high,low,close,volume
2026-03-02 09:30:00,122.6071,122.7958,121.9023,122.2349,232944.0
2026-03-02 09:35:00,122.3689,122.5079,121.8329,122.3292,99555.0
2026-03-02 09:40:00,122.3121,122.5913,122.0016,122.1704,124142.0
2026-03-02 09:45:00,122.1853,122.3292,121.952,122.0066,108807.0
2026-03-02 09:50:00,122.0066,122.4582,121.9024,122.2796,108197.0
2026-03-02 09:55:00,122.2796,122.2796,121.6244,121.7733,115673.0
2026-03-02 10:00:00,121.7435,122.0314,121.4268,122.0314,108193.0
2026-03-02 10:05:00,122.0215,122.1505,121.7137,121.7137,79549.0
2026-03-02 10:10:00,121.7038,121.7634,121.4556,121.6095,74748.0
2026-03-02 10:15:00,121.5748,121.6766,121.2372,121.4145,84870.0
2026-03-02 10:20:00,121.3861,121.3861,120.9096,120.9494,80708.0
2026-03-02 10:25:00,120.9096,120.9791,120.597,120.597,77077.0
2026-03-02 10:30:00,120.597,120.9047,120.3935,120.5523,275472.0
2026-03-02 10:35:00,120.5523,120.8699,120.5076,120.592,107298.0
2026-03-02 10:40:00,120.6019,120.86,120.4729,120.6515,112050.0
2026-03-02 10:45:00,120.6664,120.8501,120.6515,120.8104,121897.0
2026-03-02 10:50:00,120.8005,121.0939,120.6813,120.8114,99055.0
2026-03-02 10:55:00,120.8104,121.133,120.721,121.0188,67459.0
2026-03-02 11:00:00,120.999,121.4209,120.999,121.3066,55366.0
2026-03-02 11:05:00,121.2869,121.3067,120.8898,120.9444,116722.0
2026-03-02 11:10:00,120.9226,121.0586,120.8898,120.9389,61389.0
2026-03-02 11:15:00,120.9196,120.9196,120.5523,120.8898,79686.0
2026-03-02 11:20:00,120.8501,120.9196,120.7607,120.8898,57785.0
2026-03-02 11:25:00,120.88,121.0685,120.8005,121.0188,80672.0
2026-03-02 11:30:00,120.9891,121.0188,120.8203,120.9642,60156.0
2026-03-02 11:35:00,120.9394,121.0486,120.731,120.8104,68230.0
2026-03-02 11:40:00,120.8005,121.0387,120.8005,120.9692,64678.0
2026-03-02 11:45:00,120.999,121.1082,120.9593,120.9593,64204.0
2026-03-02 11:50:00,120.9494,121.0188,120.8005,120.8203,85805.0
2026-03-02 11:55:00,120.8451,120.9295,120.7508,120.8402,51493.0
2026-03-02 12:00:00,120.86,120.8898,120.6019,120.6615,59733.0
2026-03-02 12:05:00,120.6565,120.731,120.5721,120.5821,57080.0
2026-03-02 12:10:00,120.5821,120.6339,120.4232,120.5126,83772.0
2026-03-02 12:15:00,120.4927,120.5622,120.3835,120.4332,63549.0
2026-03-02 12:20:00,120.453,120.453,120.1651,120.2644,78993.0
2026-03-02 12:25:00,120.2843,120.4034,120.2545,120.324,60844.0
2026-03-02 12:30:00,120.314,120.3389,120.185,120.185,63472.0
2026-03-02 12:35:00,120.2148,120.3885,120.1949,120.2545,71218.0
2026-03-02 12:40:00,120.2545,120.4878,120.2545,120.4133,84857.0
2026-03-02 12:45:00,120.4034,120.5622,120.3339,120.5523,85850.0
2026-03-02 12:50:00,120.5622,120.7508,120.5622,120.6813,76143.0
2026-03-02 12:55:00,120.6913,120.721,120.6267,120.7012,44219.0
2026-03-02 13:00:00,120.6813,120.7508,120.592,120.6515,72417.0
2026-03-02 13:05:00,120.6515,120.7459,120.5424,120.6119,43933.0
2026-03-02 13:10:00,120.6118,120.6813,120.5226,120.6118,42089.0
2026-03-02 13:15:00,120.6218,120.6515,120.3935,120.6515,58044.0
2026-03-02 13:20:00,120.6565,120.8104,120.6218,120.7884,61626.0
2026-03-02 13:25:00,120.8005,120.8302,120.7459,120.7806,60589.0
2026-03-02 13:30:00,120.7905,120.7905,120.6218,120.6813,68840.0
2026-03-02 13:35:00,120.6863,120.7409,120.6118,120.7013,54905.0
2026-03-02 13:40:00,120.7111,120.731,120.5324,120.6218,50774.0
2026-03-02 13:45:00,120.6317,120.6615,120.4829,120.6615,84393.0
2026-03-02 13:50:00,120.6615,120.6813,120.5622,120.6714,53740.0
2026-03-02 13:55:00,120.6714,120.6714,120.5721,120.5821,61601.0
2026-03-02 14:00:00,120.5721,120.7012,120.5424,120.6515,57676.0
2026-03-02 14:05:00,120.6615,120.7508,120.6489,120.7359,68841.0
2026-03-02 14:10:00,120.7359,120.8948,120.721,120.8898,89110.0
2026-03-02 14:15:00,120.8948,120.9494,120.86,120.8898,79319.0
2026-03-02 14:20:00,120.8799,120.9901,120.8799,120.9196,89565.0
2026-03-02 14:25:00,120.9245,121.0139,120.86,120.9394,73774.0
2026-03-02 14:30:00,120.9394,121.1082,120.9394,121.1032,83388.0
2026-03-02 14:35:00,121.1032,121.138,120.9494,120.9593,62656.0
2026-03-02 14:40:00,120.9544,121.0387,120.8997,120.9543,105507.0
2026-03-02 14:45:00,120.9494,121.1677,120.8937,121.0983,46183.0
2026-03-02 14:50:00,121.0784,121.138,120.8997,120.9642,81663.0
2026-03-02 14:55:00,120.9642,121.0089,120.7905,120.7905,65567.0
2026-03-02 15:00:00,120.7905,120.86,120.6714,120.731,112185.0
2026-03-02 15:05:00,120.731,120.7707,120.5126,120.5324,94851.0
2026-03-02 15:10:00,120.5275,120.5374,120.1949,120.1949,116830.0
2026-03-02 15:15:00,120.1751,120.4629,120.1651,120.2594,111353.0
2026-03-02 15:20:00,120.2743,120.324,120.1552,120.2346,125849.0
2026-03-02 15:25:00,120.2148,120.3488,120.2148,120.2671,105431.0
2026-03-02 15:30:00,120.2644,120.6168,120.2445,120.5821,132090.0
2026-03-02 15:35:00,120.5821,120.7011,120.4927,120.6764,110941.0
2026-03-02 15:40:00,120.6764,120.721,120.597,120.6714,119232.0
2026-03-02 15:45:00,120.6615,120.6962,120.5324,120.6267,202771.0
2026-03-02 15:50:00,120.6317,120.6813,120.3835,120.4927,365579.0
2026-03-02 15:55:00,120.4828,120.6714,120.448,120.4629,754497.0
2026-03-03 09:30:00,118.7952,119.2221,118.2691,118.9342,272331.0
2026-03-03 09:35:00,118.9044,119.5894,118.8746,119.0583,103059.0
2026-03-03 09:40:00,119.0632,119.1526,118.5173,118.6364,109690.0
2026-03-03 09:45:00,118.6364,118.7853,118.3584,118.4974,71821.0
2026-03-03 09:50:00,118.4776,118.6463,118.3981,118.6165,60176.0
2026-03-03 09:55:00,118.5967,118.7456,118.2294,118.4051,103082.0
2026-03-03 10:00:00,118.3882,118.6265,117.892,117.9713,130715.0
2026-03-03 10:05:00,117.9316,118.3187,117.8819,118.0408,88158.0
2026-03-03 10:10:00,118.011,118.0606,117.743,117.9663,76701.0
2026-03-03 10:15:00,117.9663,118.0805,117.8323,118.006,95269.0
2026-03-03 10:20:00,117.9713,118.4279,117.9415,118.3833,91655.0
2026-03-03 10:25:00,118.3833,118.6761,118.2294,118.5322,98274.0
2026-03-03 10:30:00,118.5322,118.8051,118.4974,118.6314,99384.0
2026-03-03 10:35:00,118.5868,118.9342,118.5371,118.5868,136652.0
2026-03-03 10:40:00,118.5967,119.0335,118.557,118.8796,125369.0
2026-03-03 10:45:00,118.8796,118.9441,118.5272,118.7158,78638.0
2026-03-03 10:50:00,118.7257,119.0186,118.6265,118.9392,56722.0
2026-03-03 10:55:00,118.9739,119.1923,118.9044,119.1377,74914.0
2026-03-03 11:00:00,119.1526,119.1923,118.825,118.9739,79473.0
2026-03-03 11:05:00,118.9739,118.9739,118.7059,118.7654,116979.0
2026-03-03 11:10:00,118.7654,119.1923,118.7257,119.1129,70351.0
2026-03-03 11:15:00,119.1228,119.3015,118.8349,118.8548,63658.0
2026-03-03 11:20:00,118.8399,118.9143,118.6513,118.8002,66758.0
2026-03-03 11:25:00,118.8051,118.8746,118.6066,118.6215,142301.0
2026-03-03 11:30:00,118.6215,118.7654,118.4776,118.6016,82363.0
2026-03-03 11:35:00,118.6265,118.8697,118.5784,118.8697,105415.0
2026-03-03 11:40:00,118.8796,119.1228,118.7605,119.0632,88149.0
2026-03-03 11:45:00,119.0533,119.2891,119.0235,119.232,123274.0
2026-03-03 11:50:00,119.2171,119.2519,118.954,119.093,81449.0
2026-03-03 11:55:00,119.0881,119.2965,119.0632,119.1625,65779.0
2026-03-03 12:00:00,119.1576,119.3611,119.0831,119.3213,71962.0
2026-03-03 12:05:00,119.3263,119.7085,119.3114,119.6709,121151.0
2026-03-03 12:10:00,119.6589,119.778,119.5447,119.7751,93762.0
2026-03-03 12:15:00,119.8078,119.8971,119.6986,119.8574,59698.0
2026-03-03 12:20:00,119.8773,119.9765,119.778,119.8475,90124.0
2026-03-03 12:25:00,119.8475,119.8971,119.7482,119.7581,64177.0
2026-03-03 12:30:00,119.7383,119.7433,119.5348,119.6787,48396.0
2026-03-03 12:35:00,119.6787,119.7283,119.4802,119.5447,58882.0
2026-03-03 12:40:00,119.5397,119.8227,119.5397,119.8078,49283.0
2026-03-03 12:45:00,119.8078,119.8228,119.6787,119.8028,52815.0
2026-03-03 12:50:00,119.7978,119.8177,119.5993,119.6489,47312.0
2026-03-03 12:55:00,119.6291,119.917,119.6092,119.8673,48161.0
2026-03-03 13:00:00,119.8673,120.0013,119.8425,119.907,45783.0
2026-03-03 13:05:00,119.8921,119.9368,119.8078,119.8425,62182.0
2026-03-03 13:10:00,119.8375,119.8425,119.2667,119.3313,131512.0
2026-03-03 13:15:00,119.3511,119.5199,119.3462,119.4851,37381.0
2026-03-03 13:20:00,119.4901,119.5596,119.4405,119.4702,97962.0
2026-03-03 13:25:00,119.4405,119.5397,119.4206,119.4752,40908.0
2026-03-03 13:30:00,119.4752,119.5695,119.3809,119.3908,48324.0
2026-03-03 13:35:00,119.4008,119.5298,119.381,119.505,47809.0
2026-03-03 13:40:00,119.505,119.639,119.4504,119.51,44625.0
2026-03-03 13:45:00,119.5397,119.5447,119.3313,119.51,52228.0
2026-03-03 13:50:00,119.51,119.6986,119.5,119.5,68648.0
2026-03-03 13:55:00,119.4901,119.7184,119.4504,119.505,121222.0
2026-03-03 14:00:00,119.5298,119.6142,119.4554,119.4653,45375.0
2026-03-03 14:05:00,119.4653,119.4702,119.366,119.4405,44138.0
2026-03-03 14:10:00,119.4603,119.6192,119.4008,119.5894,46025.0
2026-03-03 14:15:00,119.5943,119.7383,119.5646,119.7283,87221.0
2026-03-03 14:20:00,119.7283,119.9567,119.7184,119.9368,75309.0
2026-03-03 14:25:00,119.9467,119.9467,119.8177,119.8475,55321.0
2026-03-03 14:30:00,119.8375,119.8673,119.6092,119.7135,104837.0
2026-03-03 14:35:00,119.7234,120.046,119.6489,119.7879,157092.0
2026-03-03 14:40:00,119.773,119.9963,119.7383,119.917,140134.0
2026-03-03 14:45:00,119.907,120.0262,119.8673,120.0162,127347.0
2026-03-03 14:50:00,120.0162,120.0857,119.7581,119.8425,90188.0
2026-03-03 14:55:00,119.8475,119.8475,119.6986,119.7829,48135.0
2026-03-03 15:00:00,119.7681,119.8078,119.6043,119.6589,88550.0
2026-03-03 15:05:00,119.6589,119.8326,119.639,119.8177,75005.0
2026-03-03 15:10:00,119.8028,119.907,119.7333,119.7333,56543.0
2026-03-03 15:15:00,119.7482,119.8971,119.7482,119.8524,70255.0
2026-03-03 15:20:00,119.907,119.9467,119.8375,119.8971,95837.0
2026-03-03 15:25:00,119.8971,119.8971,119.644,119.6886,94430.0
2026-03-03 15:30:00,119.6787,119.6936,119.6194,119.6291,83670.0
2026-03-03 15:35:00,119.634,119.6936,119.4355,119.4504,90911.0
2026-03-03 15:40:00,119.4603,119.4702,119.2866,119.2866,102899.0
2026-03-03 15:45:00,119.2866,119.4355,119.2767,119.3114,124189.0
2026-03-03 15:50:00,119.3114,119.3114,118.9044,119.0086,263591.0
2026-03-03 15:55:00,119.0037,119.0037,118.7357,118.9342,729378.0
2026-03-04 09:30:00,118.557,119.3313,118.2294,118.7257,347003.0
2026-03-04 09:35:00,118.7158,118.7952,118.2691,118.5272,87976.0
2026-03-04 09:40:00,118.5075,118.7358,118.3287,118.3882,63879.0
2026-03-04 09:45:00,118.4081,118.418,117.6437,117.7033,95026.0
2026-03-04 09:50:00,117.6437,117.6586,117.1176,117.2168,94726.0
2026-03-04 09:55:00,117.2168,117.2665,116.9985,117.1573,90844.0
2026-03-04 10:00:00,117.1771,117.5013,117.0282,117.2466,82319.0
2026-03-04 10:05:00,117.2359,117.9811,117.1771,117.7033,74940.0
2026-03-04 10:10:00,117.743,117.9911,117.6536,117.9713,71267.0
2026-03-04 10:15:00,117.9911,118.3535,117.9415,118.279,113061.0
2026-03-04 10:20:00,118.279,118.5967,118.2741,118.557,67647.0
2026-03-04 10:25:00,118.547,118.8846,118.4379,118.8647,64353.0
2026-03-04 10:30:00,118.8548,118.8846,118.6166,118.7754,56504.0
2026-03-04 10:35:00,118.7555,118.8995,118.6364,118.8051,73861.0
2026-03-04 10:40:00,118.7654,118.954,118.6066,118.9342,54742.0
2026-03-04 10:45:00,118.9342,119.1427,118.751,119.0136,71929.0
2026-03-04 10:50:00,119.0136,119.1576,118.7704,118.9392,61452.0
2026-03-04 10:55:00,118.9342,118.9441,118.6761,118.8647,81678.0
2026-03-04 11:00:00,118.8573,119.0086,118.7903,118.9243,42779.0
2026-03-04 11:05:00,118.9243,119.0235,118.8647,118.9888,36123.0
2026-03-04 11:10:00,118.9938,119.0007,118.686,118.8548,54425.0
2026-03-04 11:15:00,118.8647,118.9143,118.7158,118.7158,40988.0
2026-03-04 11:20:00,118.7059,118.7456,118.5968,118.7059,48702.0
2026-03-04 11:25:00,118.7059,118.9243,117.5345,118.9243,95951.0
2026-03-04 11:30:00,118.9292,118.9987,118.8647,118.9143,43323.0
2026-03-04 11:35:00,118.9143,118.9143,118.7257,118.7257,58690.0
2026-03-04 11:40:00,118.7555,118.9987,118.7307,118.9689,55807.0
2026-03-04 11:45:00,118.9838,118.9938,118.8846,118.9441,52529.0
2026-03-04 11:50:00,118.9223,119.0533,118.8549,118.8846,71108.0
2026-03-04 11:55:00,118.9243,119.0136,118.8995,118.9342,41937.0
2026-03-04 12:00:00,118.9392,119.1476,118.9143,119.0682,48626.0
2026-03-04 12:05:00,119.0732,119.0831,118.8846,118.9292,39157.0
2026-03-04 12:10:00,118.9045,119.0484,118.9045,119.0186,28922.0
2026-03-04 12:15:00,119.0531,119.1327,118.9739,119.0434,40106.0
2026-03-04 12:20:00,119.0186,119.0434,118.8548,118.8945,30971.0
2026-03-04 12:25:00,118.8746,119.0235,118.825,118.8746,33801.0
2026-03-04 12:30:00,118.8647,118.954,118.7754,118.9342,38832.0
2026-03-04 12:35:00,118.9392,119.0632,118.8945,119.0632,51768.0
2026-03-04 12:40:00,119.0583,119.1129,119.0086,119.093,24087.0
2026-03-04 12:45:00,119.093,119.1526,119.0434,119.0781,28840.0
2026-03-04 12:50:00,119.0434,119.1625,119.0434,119.1377,26602.0
2026-03-04 12:55:00,119.1377,119.2618,119.103,119.1824,36104.0
2026-03-04 13:00:00,119.1923,119.3213,119.1327,119.1526,66549.0
2026-03-04 13:05:00,119.1526,119.3511,119.1327,119.3462,49620.0
2026-03-04 13:10:00,119.3511,119.3511,119.2419,119.2578,32452.0
2026-03-04 13:15:00,119.2519,119.3511,119.2171,119.2965,53543.0
2026-03-04 13:20:00,119.3114,119.4413,119.2419,119.4305,33898.0
2026-03-04 13:25:00,119.4206,119.5,119.371,119.5,32154.0
2026-03-04 13:30:00,119.4752,119.4901,119.4008,119.4207,35941.0
2026-03-04 13:35:00,119.4305,119.4802,119.3859,119.4008,38067.0
2026-03-04 13:40:00,119.4157,119.4851,119.3908,119.4603,37320.0
2026-03-04 13:45:00,119.4603,119.5199,119.4305,119.505,34540.0
2026-03-04 13:50:00,119.5199,119.5943,119.5,119.5397,38526.0
2026-03-04 13:55:00,119.5497,119.6489,119.5397,119.644,60090.0
2026-03-04 14:00:00,119.644,119.644,119.5298,119.5348,38777.0
2026-03-04 14:05:00,119.5348,119.5646,119.4308,119.4603,45527.0
2026-03-04 14:10:00,119.4802,119.634,119.4057,119.5894,71483.0
2026-03-04 14:15:00,119.5943,119.6688,119.5596,119.5993,47143.0
2026-03-04 14:20:00,119.5895,119.6241,119.5447,119.5546,38722.0
2026-03-04 14:25:00,119.5199,119.5596,119.4504,119.5298,52150.0
2026-03-04 14:30:00,119.5397,119.6886,119.5248,119.6688,41817.0
2026-03-04 14:35:00,119.6589,119.7383,119.5943,119.639,49285.0
2026-03-04 14:40:00,119.6489,119.6886,119.5546,119.5695,31899.0
2026-03-04 14:45:00,119.5794,119.6806,119.5794,119.6589,36525.0
2026-03-04 14:50:00,119.6589,119.7481,119.634,119.6698,41366.0
2026-03-04 14:55:00,119.6837,119.7383,119.6589,119.7184,37174.0
2026-03-04 15:00:00,119.7184,119.9645,119.7184,119.9645,43258.0
2026-03-04 15:05:00,119.9467,119.9666,119.8624,119.9497,37492.0
2026-03-04 15:10:00,119.9517,119.9676,119.8078,119.8375,62421.0
2026-03-04 15:15:00,119.8276,119.9864,119.7581,119.7581,53656.0
2026-03-04 15:20:00,119.7581,119.7681,119.5397,119.6887,70958.0
2026-03-04 15:25:00,119.6986,119.8574,119.6787,119.8276,53861.0
2026-03-04 15:30:00,119.8177,119.8673,119.7581,119.7581,71715.0
2026-03-04 15:35:00,119.7482,119.7879,119.6886,119.7135,64523.0
2026-03-04 15:40:00,119.7085,119.9368,119.6986,119.7681,84169.0
2026-03-04 15:45:00,119.7482,119.8276,119.6489,119.7581,116547.0
2026-03-04 15:50:00,119.7482,119.917,119.639,119.639,191303.0
2026-03-04 15:55:00,119.639,119.7184,119.3809,119.3809,466321.0
2026-03-05 09:30:00,118.2393,118.6513,116.8505,117.4253,350241.0
2026-03-05 09:35:00,117.3955,117.4055,116.2341,116.2738,120727.0
2026-03-05 09:40:00,116.2792,116.3929,115.8668,116.249,168040.0
2026-03-05 09:45:00,116.249,116.6907,116.0951,116.2341,149627.0
2026-03-05 09:50:00,116.1745,116.3433,115.914,115.9561,157621.0
2026-03-05 09:55:00,115.9561,116.3532,115.9263,116.2936,98116.0
2026-03-05 10:00:00,116.3135,116.7006,116.2639,116.3333,133588.0
2026-03-05 10:05:00,116.3433,116.3612,116.0207,116.2837,156404.0
2026-03-05 10:10:00,116.2738,116.4723,116.0256,116.1348,119694.0
2026-03-05 10:15:00,116.1547,116.2142,115.9164,116.1348,95895.0
2026-03-05 10:20:00,116.105,116.1398,115.4697,115.5541,161581.0
2026-03-05 10:25:00,115.559,115.6186,115.3307,115.3704,146598.0
2026-03-05 10:30:00,115.3704,115.7179,115.2612,115.569,203926.0
2026-03-05 10:35:00,115.5789,115.976,115.5094,115.8866,91123.0
2026-03-05 10:40:00,115.8966,115.9164,115.6032,115.8072,140628.0
2026-03-05 10:45:00,115.837,115.933,115.5293,115.7377,75060.0
2026-03-05 10:50:00,115.7477,115.8965,115.2464,115.2811,114923.0
2026-03-05 10:55:00,115.2761,115.2762,114.3579,114.6756,564285.0
2026-03-05 11:00:00,114.7004,114.9535,114.6855,114.7153,95207.0
2026-03-05 11:05:00,114.7153,114.7153,114.2239,114.3083,190790.0
2026-03-05 11:10:00,114.3083,114.6805,114.0304,114.5068,195878.0
2026-03-05 11:15:00,114.5366,114.6458,114.4125,114.4175,134628.0
2026-03-05 11:20:00,114.4125,114.5763,114.0799,114.1594,212318.0
2026-03-05 11:25:00,114.1891,114.5441,114.1196,114.209,115551.0
2026-03-05 11:30:00,114.1792,114.1891,113.8332,113.9112,148898.0
2026-03-05 11:35:00,113.8814,114.4175,113.8318,113.9807,192202.0
2026-03-05 11:40:00,113.9608,114.0204,113.6928,113.7424,116291.0
2026-03-05 11:45:00,113.7623,114.1196,113.7027,114.0551,109930.0
2026-03-05 11:50:00,114.0551,114.2189,113.9211,114.0105,124513.0
2026-03-05 11:55:00,114.0204,114.0799,113.8914,113.931,60458.0
2026-03-05 12:00:00,113.931,114.1594,113.9112,114.0105,103516.0
2026-03-05 12:05:00,114.0105,114.1296,113.7921,113.9013,92831.0
2026-03-05 12:10:00,113.9261,113.9409,113.6729,113.7623,172787.0
2026-03-05 12:15:00,113.7623,114.0353,113.7623,113.9559,162179.0
2026-03-05 12:20:00,114.0204,114.1991,113.8119,113.8119,57811.0
2026-03-05 12:25:00,113.8218,114.1742,113.6134,114.1395,110551.0
2026-03-05 12:30:00,114.1445,114.4869,114.1445,114.4373,69410.0
2026-03-05 12:35:00,114.4373,114.7053,114.3877,114.5763,105670.0
2026-03-05 12:40:00,114.5664,114.7302,114.4274,114.6756,54744.0
2026-03-05 12:45:00,114.6706,114.7679,114.5623,114.6061,66809.0
2026-03-05 12:50:00,114.6011,114.7103,114.5267,114.611,46537.0
2026-03-05 12:55:00,114.611,114.9207,114.5763,114.6458,71894.0
2026-03-05 13:00:00,114.6458,114.884,114.6458,114.6805,69036.0
2026-03-05 13:05:00,114.7053,114.8344,114.6358,114.8145,54522.0
2026-03-05 13:10:00,114.8145,115.028,114.7749,114.9932,49956.0
2026-03-05 13:15:00,114.9932,114.9932,114.6259,114.6557,54735.0
2026-03-05 13:20:00,114.6756,114.9883,114.6656,114.8939,57391.0
2026-03-05 13:25:00,114.8691,114.9883,114.745,114.7848,55567.0
2026-03-05 13:30:00,114.7748,114.7947,114.4969,114.6557,65778.0
2026-03-05 13:35:00,114.7004,114.9833,114.6458,114.9634,74628.0
2026-03-05 13:40:00,114.9436,115.1222,114.9237,114.9833,71009.0
2026-03-05 13:45:00,115.023,115.1718,114.9833,115.0925,65288.0
2026-03-05 13:50:00,115.0826,115.2712,115.0627,115.2712,99231.0
2026-03-05 13:55:00,115.2712,115.2712,114.9337,115.018,104116.0
2026-03-05 14:00:00,115.0081,115.0329,114.7252,114.7947,82888.0
2026-03-05 14:05:00,114.7848,114.9188,114.6656,114.6904,57129.0
2026-03-05 14:10:00,114.6954,115.1223,114.6408,115.0826,63454.0
2026-03-05 14:15:00,115.0875,115.152,115.0031,115.0826,63937.0
2026-03-05 14:20:00,115.0925,115.1322,114.8195,114.8542,68208.0
2026-03-05 14:25:00,114.8542,114.884,114.6458,114.755,66741.0
2026-03-05 14:30:00,114.7351,114.9932,114.7351,114.9138,205837.0
2026-03-05 14:35:00,114.9138,114.9436,114.6557,114.9237,69776.0
2026-03-05 14:40:00,114.9039,114.9535,114.755,114.8642,61123.0
2026-03-05 14:45:00,114.8742,114.9138,114.6954,114.8592,67590.0
2026-03-05 14:50:00,114.8741,115.1123,114.7153,115.0329,117846.0
2026-03-05 14:55:00,115.0478,115.152,114.9039,114.9883,67084.0
2026-03-05 15:00:00,114.9734,115.0528,114.8493,115.033,95343.0
2026-03-05 15:05:00,115.0131,115.0131,114.8642,114.8642,111004.0
2026-03-05 15:10:00,114.8939,115.152,114.884,115.1223,149681.0
2026-03-05 15:15:00,115.1173,115.2116,115.0826,115.152,143274.0
2026-03-05 15:20:00,115.1818,115.3109,115.023,115.0726,168916.0
2026-03-05 15:25:00,115.0974,115.1719,114.9138,115.0677,140362.0
2026-03-05 15:30:00,115.0528,115.4499,115.023,115.2811,275310.0
2026-03-05 15:35:00,115.2811,115.4201,115.1322,115.1322,167644.0
2026-03-05 15:40:00,115.1372,115.162,114.9436,115.1471,138116.0
2026-03-05 15:45:00,115.1322,115.152,114.8542,115.018,167296.0
2026-03-05 15:50:00,115.023,115.2811,115.018,115.157,414777.0
2026-03-05 15:55:00,115.162,115.2612,114.9337,115.1818,845290.0
2026-03-06 09:30:00,114.3132,114.3877,113.3354,113.3454,261707.0
2026-03-06 09:35:00,113.4049,113.6729,113.0178,113.1567,181570.0
2026-03-06 09:40:00,113.1567,113.7325,112.988,113.524,187043.0
2026-03-06 09:45:00,113.524,113.7325,113.2858,113.5836,110097.0
2026-03-06 09:50:00,113.5836,113.8516,113.4148,113.4744,96423.0
2026-03-06 09:55:00,113.4843,113.6928,113.3999,113.6829,62302.0
2026-03-06 10:00:00,113.6432,114.0005,113.6332,113.8764,91579.0
2026-03-06 10:05:00,113.8715,113.931,113.4744,113.5737,86590.0
2026-03-06 10:10:00,113.524,113.7424,113.4148,113.6928,66835.0
2026-03-06 10:15:00,113.6928,113.8417,113.5389,113.6928,57690.0
2026-03-06 10:20:00,113.6729,113.7821,113.4843,113.534,72349.0
2026-03-06 10:25:00,113.5241,113.5588,113.2759,113.3454,53191.0
2026-03-06 10:30:00,113.3652,113.5836,113.3454,113.4198,74580.0
2026-03-06 10:35:00,113.4545,113.6829,113.4446,113.5737,75095.0
2026-03-06 10:40:00,113.6134,113.7821,113.4347,113.6135,72495.0
2026-03-06 10:45:00,113.6134,113.6829,113.3751,113.4297,56739.0
2026-03-06 10:50:00,113.4545,113.6134,113.3454,113.5687,79827.0
2026-03-06 10:55:00,113.5637,113.6432,113.5141,113.5786,60981.0
2026-03-06 11:00:00,113.5935,113.9062,113.534,113.807,78895.0
2026-03-06 11:05:00,113.802,113.9608,113.5737,113.6134,68112.0
2026-03-06 11:10:00,113.6134,113.6183,113.4049,113.4943,69414.0
2026-03-06 11:15:00,113.5091,113.6878,113.3851,113.3851,62945.0
2026-03-06 11:20:00,113.4148,113.5439,113.2362,113.4645,74055.0
2026-03-06 11:25:00,113.4744,113.5042,113.3156,113.3702,43670.0
2026-03-06 11:30:00,113.395,113.4446,113.2262,113.395,55813.0
2026-03-06 11:35:00,113.3652,113.4446,113.2858,113.4099,49141.0
2026-03-06 11:40:00,113.4099,113.5141,113.3156,113.3851,48977.0
2026-03-06 11:45:00,113.3999,113.5836,113.3851,113.4843,89392.0
2026-03-06 11:50:00,113.4744,113.6218,113.3751,113.3751,91813.0
2026-03-06 11:55:00,113.3652,113.4446,113.2659,113.3255,55406.0
2026-03-06 12:00:00,113.3255,113.5636,113.2272,113.4099,57577.0
2026-03-06 12:05:00,113.4099,113.4794,113.1964,113.2858,61229.0
2026-03-06 12:10:00,113.3553,113.4099,113.251,113.3255,38744.0
2026-03-06 12:15:00,113.3056,113.524,113.2659,113.5141,43407.0
2026-03-06 12:20:00,113.5042,113.7027,113.4843,113.6134,48529.0
2026-03-06 12:25:00,113.6035,113.663,113.3553,113.3652,49043.0
2026-03-06 12:30:00,113.3751,113.5042,113.3205,113.39,46532.0
2026-03-06 12:35:00,113.3851,113.4694,113.2461,113.4595,42381.0
2026-03-06 12:40:00,113.4496,113.6233,113.3454,113.5538,66167.0
2026-03-06 12:45:00,113.5836,113.802,113.524,113.7226,43817.0
2026-03-06 12:50:00,113.7623,113.8119,113.6432,113.7126,51658.0
2026-03-06 12:55:00,113.6829,113.7821,113.6134,113.7366,46493.0
2026-03-06 13:00:00,113.7275,114.0204,113.7126,113.936,94883.0
2026-03-06 13:05:00,113.931,114.1891,113.931,114.1792,58696.0
2026-03-06 13:10:00,114.1594,114.3678,114.1196,114.2388,63438.0
2026-03-06 13:15:00,114.2785,114.3083,114.0601,114.0909,64104.0
2026-03-06 13:20:00,114.1097,114.1494,114.0204,114.1296,40558.0
2026-03-06 13:25:00,114.1445,114.1594,114.0502,114.1544,67875.0
2026-03-06 13:30:00,114.1395,114.1494,113.931,113.9807,44994.0
2026-03-06 13:35:00,113.9658,113.9807,113.8814,113.9112,37352.0
2026-03-06 13:40:00,113.8913,114.1097,113.8814,114.0998,44172.0
2026-03-06 13:45:00,114.0805,114.1792,114.0601,114.1792,35938.0
2026-03-06 13:50:00,114.1494,114.1643,113.9807,114.0204,39517.0
2026-03-06 13:55:00,113.9906,114.1792,113.9906,114.1097,39249.0
2026-03-06 14:00:00,114.1196,114.1872,114.0899,114.1693,36724.0
2026-03-06 14:05:00,114.1792,114.1941,114.0402,114.075,47780.0
2026-03-06 14:10:00,114.0849,114.209,114.0849,114.1742,53450.0
2026-03-06 14:15:00,114.1594,114.2288,114.0998,114.1742,56202.0
2026-03-06 14:20:00,114.1742,114.2189,114.1097,114.1494,37114.0
2026-03-06 14:25:00,114.1196,114.3302,114.0799,114.2735,46662.0
2026-03-06 14:30:00,114.2586,114.5166,114.1991,114.4671,72649.0
2026-03-06 14:35:00,114.477,114.6408,114.4671,114.6063,57845.0
2026-03-06 14:40:00,114.5887,114.6359,114.4869,114.4969,48042.0
2026-03-06 14:45:00,114.4671,114.5961,114.4323,114.4671,38639.0
2026-03-06 14:50:00,114.4572,114.5018,114.3728,114.4869,40173.0
2026-03-06 14:55:00,114.4721,114.5961,114.4175,114.4373,337383.0
2026-03-06 15:00:00,114.4671,114.5664,114.4671,114.5465,53893.0
2026-03-06 15:05:00,114.5465,114.7103,114.4869,114.6507,87106.0
2026-03-06 15:10:00,114.6507,114.884,114.616,114.8046,93564.0
2026-03-06 15:15:00,114.8145,114.9138,114.7947,114.9138,72048.0
2026-03-06 15:20:00,114.9138,115.1322,114.8939,115.0925,89074.0
2026-03-06 15:25:00,115.0925,115.2017,115.0726,115.1669,85478.0
2026-03-06 15:30:00,115.1421,115.2265,115.0826,115.162,97353.0
2026-03-06 15:35:00,115.152,115.2513,114.9634,115.2414,126173.0
2026-03-06 15:40:00,115.2454,115.2712,115.1024,115.2364,101680.0
2026-03-06 15:45:00,115.2414,115.5094,115.1719,115.4499,143299.0
2026-03-06 15:50:00,115.4499,115.4499,114.9436,115.0925,271703.0
2026-03-06 15:55:00,115.0826,115.1421,114.884,114.9436,686107.0
2026-03-09 09:30:00,114.1395,114.5961,113.9807,114.0998,227203.0
2026-03-09 09:35:00,114.07,114.7053,113.8615,114.0105,138529.0
2026-03-09 09:40:00,114.0085,114.755,113.9062,114.6557,90496.0
2026-03-09 09:45:00,114.616,114.8145,114.2983,114.5167,77562.0
2026-03-09 09:50:00,114.5465,114.6272,114.1941,114.284,58227.0
2026-03-09 09:55:00,114.2388,114.4671,114.1296,114.1643,48216.0
2026-03-09 10:00:00,114.1494,114.1643,113.4646,113.5987,86998.0
2026-03-09 10:05:00,113.6382,113.6829,113.2759,113.4989,94153.0
2026-03-09 10:10:00,113.534,114.348,113.405,114.2934,89727.0
2026-03-09 10:15:00,114.2934,114.2983,114.0899,114.1296,82882.0
2026-03-09 10:20:00,114.1196,114.3579,113.941,114.1891,65435.0
2026-03-09 10:25:00,114.1693,114.2775,113.9211,114.075,45171.0
2026-03-09 10:30:00,114.1097,114.1991,113.9807,114.1544,54363.0
2026-03-09 10:35:00,114.1097,114.1493,113.8218,113.8615,41115.0
2026-03-09 10:40:00,113.8566,114.1296,113.8218,113.8814,52412.0
2026-03-09 10:45:00,113.8864,114.1991,113.7811,114.1991,79977.0
2026-03-09 10:50:00,114.1891,115.0677,114.1643,115.0528,246046.0
2026-03-09 10:55:00,115.0429,115.4499,115.0131,115.1967,183219.0
2026-03-09 11:00:00,115.1967,115.291,114.9008,115.2761,123533.0
2026-03-09 11:05:00,115.2811,115.4399,115.2066,115.4399,82715.0
2026-03-09 11:10:00,115.4598,115.5988,115.3605,115.4399,100729.0
2026-03-09 11:15:00,115.4499,115.4896,115.2316,115.3307,76332.0
2026-03-09 11:20:00,115.3335,115.4499,115.152,115.2811,62441.0
2026-03-09 11:25:00,115.2811,115.5094,115.2712,115.3456,50017.0
2026-03-09 11:30:00,115.3407,115.3704,114.9138,114.9783,48530.0
2026-03-09 11:35:00,114.9641,115.1918,114.9641,115.1223,45421.0
2026-03-09 11:40:00,115.1223,115.3109,115.0826,115.1123,47274.0
2026-03-09 11:45:00,115.0925,115.3704,115.0329,115.3208,49493.0
2026-03-09 11:50:00,115.291,115.3307,115.1421,115.2513,25159.0
2026-03-09 11:55:00,115.2265,115.3109,115.069,115.1223,31603.0
2026-03-09 12:00:00,115.1421,115.1421,114.7848,114.8542,76041.0
2026-03-09 12:05:00,114.8642,115.142,114.8542,115.0528,48987.0
2026-03-09 12:10:00,115.0478,115.1818,114.9883,115.0031,38091.0
2026-03-09 12:15:00,114.9639,115.0627,114.8741,115.018,34537.0
2026-03-09 12:20:00,115.023,115.3704,114.9436,115.3506,48443.0
2026-03-09 12:25:00,115.3208,115.3804,115.1918,115.2414,47829.0
2026-03-09 12:30:00,115.2414,115.291,115.113,115.2612,42641.0
2026-03-09 12:35:00,115.2712,115.3307,115.1322,115.1322,35304.0
2026-03-09 12:40:00,115.1719,115.3208,115.1421,115.3208,40843.0
2026-03-09 12:45:00,115.301,115.4101,115.291,115.3208,49007.0
2026-03-09 12:50:00,115.301,115.4399,115.2811,115.3516,30826.0
2026-03-09 12:55:00,115.3704,115.4499,115.1967,115.2215,48776.0
2026-03-09 13:00:00,115.2712,115.2811,115.1024,115.1818,27476.0
2026-03-09 13:05:00,115.162,115.2414,115.1223,115.2116,33868.0
2026-03-09 13:10:00,115.2315,115.2414,114.9833,115.018,58671.0
2026-03-09 13:15:00,115.0131,115.0925,114.9833,115.0627,30263.0
2026-03-09 13:20:00,115.0528,115.1024,114.8939,114.9634,71742.0
2026-03-09 13:25:00,114.9684,114.9783,114.8344,114.9485,25824.0
2026-03-09 13:30:00,114.9237,114.9883,114.8542,114.9436,32254.0
2026-03-09 13:35:00,114.9485,114.9585,114.7302,114.8046,35330.0
2026-03-09 13:40:00,114.8145,114.9982,114.7748,114.9734,39821.0
2026-03-09 13:45:00,114.9535,114.9833,114.6954,114.6954,53330.0
2026-03-09 13:50:00,114.6656,114.7947,114.6656,114.7679,30124.0
2026-03-09 13:55:00,114.7848,114.8245,114.4969,114.5869,59544.0
2026-03-09 14:00:00,114.5564,114.6358,114.5267,114.616,44478.0
2026-03-09 14:05:00,114.611,114.9039,114.611,114.884,72603.0
2026-03-09 14:10:00,114.884,115.152,114.884,115.1223,38848.0
2026-03-09 14:15:00,115.1421,115.2215,115.0925,115.1719,66286.0
2026-03-09 14:20:00,115.1761,115.291,115.0131,115.0577,44929.0
2026-03-09 14:25:00,115.0577,115.1123,114.9436,115.1074,23127.0
2026-03-09 14:30:00,115.1074,115.1967,115.0031,115.1769,58224.0
2026-03-09 14:35:00,115.1719,115.2166,115.0726,115.0875,44272.0
2026-03-09 14:40:00,115.0875,115.112,115.0031,115.0974,47748.0
2026-03-09 14:45:00,115.1223,115.3407,115.1223,115.3258,41450.0
2026-03-09 14:50:00,115.3258,115.4201,115.2612,115.3754,41527.0
2026-03-09 14:55:00,115.3605,115.3903,115.1372,115.2265,39417.0
2026-03-09 15:00:00,115.2215,115.2811,115.1322,115.1322,35637.0
2026-03-09 15:05:00,115.1322,115.2315,115.0925,115.2017,39011.0
2026-03-09 15:10:00,115.2116,115.2612,115.1421,115.2166,35777.0
2026-03-09 15:15:00,115.2116,115.5491,115.1521,115.5392,89263.0
2026-03-09 15:20:00,115.5243,116.0455,115.4995,115.8618,84839.0
2026-03-09 15:25:00,115.8668,116.0157,115.7675,116.0008,80693.0
2026-03-09 15:30:00,116.0008,116.1447,115.7973,116.1447,104872.0
2026-03-09 15:35:00,116.1447,116.3333,116.0355,116.3036,98482.0
2026-03-09 15:40:00,116.3135,116.3135,115.9788,116.1249,84126.0
2026-03-09 15:45:00,116.1249,116.1447,116.0256,116.0653,84978.0
2026-03-09 15:50:00,116.0554,116.244,115.8009,116.1348,219227.0
2026-03-09 15:55:00,116.1447,116.4028,116.0752,116.2639,500207.0
2026-03-10 09:30:00,116.383,116.4475,115.8171,116.3234,238220.0
2026-03-10 09:35:00,116.2738,116.6014,116.0852,116.5319,105315.0
2026-03-10 09:40:00,116.5319,116.8396,116.3929,116.8396,75992.0
2026-03-10 09:45:00,116.7801,116.7801,116.3779,116.5418,55137.0
2026-03-10 09:50:00,116.5021,116.5914,116.3333,116.5021,63780.0
2026-03-10 09:55:00,116.4922,116.656,116.3433,116.4823,50509.0
2026-03-10 10:00:00,116.4773,116.5815,116.3831,116.5815,69211.0
2026-03-10 10:05:00,116.5914,116.8495,116.4376,116.4376,41064.0
2026-03-10 10:10:00,116.4723,116.5418,116.3929,116.4871,27621.0
2026-03-10 10:15:00,116.512,116.6472,116.512,116.5991,30384.0
2026-03-10 10:20:00,116.651,116.8595,116.5716,116.8297,39293.0
2026-03-10 10:25:00,116.8545,117.0382,116.7602,116.8694,60513.0
2026-03-10 10:30:00,116.8992,117.0382,116.8694,116.9985,53713.0
2026-03-10 10:35:00,117.0183,117.2268,116.9786,117.0183,97417.0
2026-03-10 10:40:00,117.0034,117.5145,116.9687,117.5047,190349.0
2026-03-10 10:45:00,117.4898,117.5246,117.2963,117.3608,98872.0
2026-03-10 10:50:00,117.3608,117.5444,117.3459,117.4948,58306.0
2026-03-10 10:55:00,117.4948,117.5047,117.3161,117.3657,51970.0
2026-03-10 11:00:00,117.3657,117.604,117.3509,117.5643,55072.0
2026-03-10 11:05:00,117.5742,117.6437,117.5246,117.6437,60308.0
2026-03-10 11:10:00,117.6437,117.6834,117.5345,117.5742,73929.0
2026-03-10 11:15:00,117.5941,117.6933,117.5345,117.6487,68911.0
2026-03-10 11:20:00,117.6487,117.8621,117.6338,117.7678,61551.0
2026-03-10 11:25:00,117.7579,117.7579,117.6338,117.7231,45536.0
2026-03-10 11:30:00,117.7033,117.8621,117.6437,117.8224,54611.0
2026-03-10 11:35:00,117.8224,117.9316,117.6735,117.9117,51266.0
2026-03-10 11:40:00,117.9316,118.0408,117.8919,117.9911,58626.0
2026-03-10 11:45:00,117.9911,118.0606,117.8919,118.0358,52395.0
2026-03-10 11:50:00,118.0706,118.1301,118.0408,118.0656,52415.0
2026-03-10 11:55:00,118.0606,118.0805,117.8869,117.9763,49252.0
2026-03-10 12:00:00,117.9713,118.011,117.6437,117.7033,53897.0
2026-03-10 12:05:00,117.7182,117.7182,117.5345,117.5401,45865.0
2026-03-10 12:10:00,117.5643,117.7628,117.5246,117.6933,96063.0
2026-03-10 12:15:00,117.6884,117.8178,117.6735,117.7182,57533.0
2026-03-10 12:20:00,117.7033,117.7926,117.5544,117.604,62830.0
2026-03-10 12:25:00,117.6238,117.733,117.4352,117.4551,82460.0
2026-03-10 12:30:00,117.4551,117.5246,117.3856,117.465,53473.0
2026-03-10 12:35:00,117.4849,117.604,117.4452,117.599,50437.0
2026-03-10 12:40:00,117.6189,117.6189,117.5444,117.5643,31601.0
2026-03-10 12:45:00,117.5444,117.5792,117.4055,117.4452,34040.0
2026-03-10 12:50:00,117.4551,117.7777,117.4352,117.7182,36500.0
2026-03-10 12:55:00,117.738,117.7727,117.5941,117.6139,33743.0
2026-03-10 13:00:00,117.6139,117.7827,117.5544,117.743,38845.0
2026-03-10 13:05:00,117.7628,117.9018,117.6834,117.6834,37814.0
2026-03-10 13:10:00,117.733,117.7827,117.6933,117.7132,29211.0
2026-03-10 13:15:00,117.7033,117.8025,117.6735,117.7827,33511.0
2026-03-10 13:20:00,117.8125,117.8224,117.6735,117.7231,29256.0
2026-03-10 13:25:00,117.743,117.8025,117.7033,117.7827,39944.0
2026-03-10 13:30:00,117.7827,117.7827,117.5047,117.6238,46348.0
2026-03-10 13:35:00,117.604,117.6636,117.4551,117.5444,44180.0
2026-03-10 13:40:00,117.5444,117.5742,117.3757,117.4452,37444.0
2026-03-10 13:45:00,117.4551,117.4948,117.2764,117.3558,90889.0
2026-03-10 13:50:00,117.3757,117.5635,117.336,117.5146,33483.0
2026-03-10 13:55:00,117.5146,117.5395,117.2963,117.3459,57046.0
2026-03-10 14:00:00,117.336,117.3557,117.1672,117.3557,69012.0
2026-03-10 14:05:00,117.3558,117.4387,117.2466,117.3955,55987.0
2026-03-10 14:10:00,117.4055,117.4601,116.929,116.9339,166824.0
2026-03-10 14:15:00,116.9339,117.1672,116.8644,116.9389,139176.0
2026-03-10 14:20:00,116.9091,117.0084,116.7503,116.7503,88370.0
2026-03-10 14:25:00,116.7205,116.79,116.512,116.6709,248749.0
2026-03-10 14:30:00,116.6709,116.7503,116.5319,116.651,300120.0
2026-03-10 14:35:00,116.651,116.7503,116.5269,116.5865,125395.0
2026-03-10 14:40:00,116.5865,116.5865,116.4525,116.5368,60095.0
2026-03-10 14:45:00,116.5368,116.7155,116.4872,116.6433,60425.0
2026-03-10 14:50:00,116.6312,116.7354,116.5319,116.5617,150542.0
2026-03-10 14:55:00,116.5666,116.681,116.5567,116.6163,62169.0
2026-03-10 15:00:00,116.6411,116.7503,116.6077,116.7106,124273.0
2026-03-10 15:05:00,116.6609,116.7006,116.4525,116.5319,67617.0
2026-03-10 15:10:00,116.5716,116.8172,116.522,116.788,113708.0
2026-03-10 15:15:00,116.7999,116.8942,116.7006,116.8893,79016.0
2026-03-10 15:20:00,116.9091,116.9538,116.7602,116.7701,73041.0
2026-03-10 15:25:00,116.7801,116.8049,116.5319,116.5815,57099.0
2026-03-10 15:30:00,116.5815,116.651,116.3879,116.3929,71616.0
2026-03-10 15:35:00,116.4028,116.4326,116.2738,116.4227,84959.0
2026-03-10 15:40:00,116.4128,116.5949,116.3433,116.5517,102663.0
2026-03-10 15:45:00,116.5617,116.646,116.4326,116.4872,90916.0
2026-03-10 15:50:00,116.4723,116.4723,116.2539,116.3135,206952.0
2026-03-10 15:55:00,116.3234,116.4624,116.1745,116.2242,606976.0
2026-03-11 09:30:00,115.9065,116.0113,115.3704,115.708,211903.0
2026-03-11 09:35:00,115.708,116.0355,115.0974,116.0355,90937.0
2026-03-11 09:40:00,116.0099,116.0355,115.4002,115.7427,66183.0
2026-03-11 09:45:00,115.7675,116.0256,115.3981,115.6105,67446.0
2026-03-11 09:50:00,115.7179,115.7179,115.4499,115.6186,43906.0
2026-03-11 09:55:00,115.6285,115.6682,115.5045,115.6682,43091.0
2026-03-11 10:00:00,115.6583,116.0107,115.6583,115.9859,80586.0
2026-03-11 10:05:00,115.9859,116.0554,115.698,115.8023,43885.0
2026-03-11 10:10:00,115.8072,115.9263,115.5442,115.8171,36622.0
2026-03-11 10:15:00,115.8668,115.8668,115.3704,115.4201,54528.0
2026-03-11 10:20:00,115.4598,115.7963,115.3704,115.4697,77201.0
2026-03-11 10:25:00,115.4499,115.5293,114.4423,114.745,254252.0
2026-03-11 10:30:00,114.745,115.0031,114.6558,114.9138,99789.0
2026-03-11 10:35:00,114.9535,115.291,114.8393,115.1471,66150.0
2026-03-11 10:40:00,115.1818,115.3721,115.0826,115.2677,61708.0
2026-03-11 10:45:00,115.2612,115.6852,115.2612,115.5442,63994.0
2026-03-11 10:50:00,115.5442,115.5888,115.3903,115.569,57172.0
2026-03-11 10:55:00,115.6185,115.837,115.5094,115.837,60653.0
2026-03-11 11:00:00,115.7973,115.8519,115.5988,115.708,58127.0
2026-03-11 11:05:00,115.7278,115.7477,115.1918,115.3307,99528.0
2026-03-11 11:10:00,115.3158,115.8668,115.3158,115.7874,153045.0
2026-03-11 11:15:00,115.7675,115.9363,115.6285,115.8072,78076.0
2026-03-11 11:20:00,115.8023,115.9164,115.6484,115.7973,66346.0
2026-03-11 11:25:00,115.837,115.8519,115.7278,115.7526,57950.0
2026-03-11 11:30:00,115.7675,115.9462,115.7186,115.832,76279.0
2026-03-11 11:35:00,115.7774,115.9561,115.7377,115.8866,40288.0
2026-03-11 11:40:00,115.8866,115.976,115.6881,115.6881,34232.0
2026-03-11 11:45:00,115.6782,115.9561,115.5293,115.9313,65009.0
2026-03-11 11:50:00,115.8966,115.9368,115.708,115.7576,34098.0
2026-03-11 11:55:00,115.7576,115.7973,115.3804,115.4598,33704.0
2026-03-11 12:00:00,115.4647,115.5193,115.3109,115.3804,69719.0
2026-03-11 12:05:00,115.3903,115.4697,115.2414,115.3109,27623.0
2026-03-11 12:10:00,115.3506,115.43,115.2513,115.43,25167.0
2026-03-11 12:15:00,115.4201,115.7576,115.4002,115.6484,45949.0
2026-03-11 12:20:00,115.6087,115.7774,115.559,115.6385,43363.0
2026-03-11 12:25:00,115.6682,115.7179,115.5728,115.698,23377.0
2026-03-11 12:30:00,115.7228,115.8122,115.6087,115.7973,55389.0
2026-03-11 12:35:00,115.8122,115.9164,115.7973,115.8767,32178.0
2026-03-11 12:40:00,115.9115,116.0157,115.8668,115.9363,20694.0
2026-03-11 12:45:00,115.9263,115.9858,115.7228,115.8072,35635.0
2026-03-11 12:50:00,115.8122,115.842,115.7278,115.8072,16942.0
2026-03-11 12:55:00,115.8023,115.8966,115.7774,115.8122,25650.0
2026-03-11 13:00:00,115.8271,115.8668,115.7377,115.8618,25888.0
2026-03-11 13:05:00,115.8539,115.9611,115.8539,115.9363,32155.0
2026-03-11 13:10:00,115.9363,115.9561,115.837,115.9164,21308.0
2026-03-11 13:15:00,115.9115,115.9958,115.8767,115.9363,20754.0
2026-03-11 13:20:00,115.9611,116.0653,115.9462,116.0256,22477.0
2026-03-11 13:25:00,116.0058,116.0951,115.9164,115.9859,27744.0
2026-03-11 13:30:00,115.9661,116.0266,115.8966,115.9561,24849.0
2026-03-11 13:35:00,115.9661,115.9909,115.6782,115.7923,50345.0
2026-03-11 13:40:00,115.7973,115.8122,115.5789,115.698,41121.0
2026-03-11 13:45:00,115.6831,115.9462,115.6583,115.9462,33288.0
2026-03-11 13:50:00,115.976,116.0752,115.832,115.842,33006.0
2026-03-11 13:55:00,115.837,115.976,115.837,115.9462,30809.0
2026-03-11 14:00:00,115.9164,115.9462,115.837,115.9462,40967.0
2026-03-11 14:05:00,115.971,115.9859,115.7774,115.837,65185.0
2026-03-11 14:10:00,115.8469,115.9561,115.708,115.9462,42071.0
2026-03-11 14:15:00,115.9561,116.0256,115.8767,115.9809,26789.0
2026-03-11 14:20:00,115.9463,115.9809,115.8072,115.8469,62852.0
2026-03-11 14:25:00,115.8668,116.0058,115.7675,115.9313,57253.0
2026-03-11 14:30:00,115.9661,115.976,115.7576,115.7774,54343.0
2026-03-11 14:35:00,115.7874,115.837,115.6186,115.6285,80193.0
2026-03-11 14:40:00,115.6087,115.6186,115.5094,115.5144,51884.0
2026-03-11 14:45:00,115.5293,115.5839,115.4101,115.4499,40772.0
2026-03-11 14:50:00,115.4662,115.5293,115.3903,115.5069,38043.0
2026-03-11 14:55:00,115.4945,115.5193,115.2414,115.3208,46962.0
2026-03-11 15:00:00,115.3109,115.3407,115.0826,115.0974,43903.0
2026-03-11 15:05:00,115.0875,115.0875,114.9833,115.0409,53498.0
2026-03-11 15:10:00,115.0429,115.301,115.0329,115.2811,59727.0
2026-03-11 15:15:00,115.2811,115.4101,115.2315,115.3506,45610.0
2026-03-11 15:20:00,115.3407,115.3407,115.0429,115.0826,91468.0
2026-03-11 15:25:00,115.0826,115.2066,115.0826,115.1818,62332.0
2026-03-11 15:30:00,115.1818,115.3853,115.1223,115.3704,79377.0
2026-03-11 15:35:00,115.3704,115.4499,115.301,115.4449,82511.0
2026-03-11 15:40:00,115.4499,115.4896,115.3804,115.3804,99975.0
2026-03-11 15:45:00,115.4002,115.4101,115.2315,115.2414,89915.0
2026-03-11 15:50:00,115.2315,115.4052,114.9982,115.4052,167942.0
2026-03-11 15:55:00,115.3903,115.4697,115.296,115.3704,319420.0
2026-03-12 09:30:00,114.621,114.9734,113.4943,113.8764,264738.0
2026-03-12 09:35:00,113.8814,114.0651,113.4943,113.9013,115365.0
2026-03-12 09:40:00,113.9658,113.9658,113.4645,113.5637,66704.0
2026-03-12 09:45:00,113.6035,114.1196,113.4992,114.0799,57709.0
2026-03-12 09:50:00,114.0601,114.6011,114.0601,114.5018,50361.0
2026-03-12 09:55:00,114.4472,114.7302,114.3281,114.6458,53846.0
2026-03-12 10:00:00,114.745,114.8344,114.5267,114.7252,65940.0
2026-03-12 10:05:00,114.7153,114.7798,114.5267,114.6507,65948.0
2026-03-12 10:10:00,114.6507,114.755,114.5564,114.5664,55795.0
2026-03-12 10:15:00,114.5763,114.5763,114.2187,114.2686,47917.0
2026-03-12 10:20:00,114.2686,114.4373,114.1296,114.1296,36699.0
2026-03-12 10:25:00,114.1097,114.1693,113.7672,113.7821,36274.0
2026-03-12 10:30:00,113.7821,114.1494,113.7325,114.1395,57759.0
2026-03-12 10:35:00,114.1594,114.2288,114.0651,114.1494,45516.0
2026-03-12 10:40:00,114.1445,114.3629,114.0204,114.3579,36062.0
2026-03-12 10:45:00,114.3182,114.5961,114.2983,114.3182,54450.0
2026-03-12 10:50:00,114.3579,114.4373,114.2189,114.2785,39165.0
2026-03-12 10:55:00,114.2884,114.4869,114.2834,114.4224,40741.0
2026-03-12 11:00:00,114.4075,114.4671,114.2388,114.2388,51744.0
2026-03-12 11:05:00,114.2388,114.3182,114.1891,114.2686,53739.0
2026-03-12 11:10:00,114.2983,114.3877,114.1792,114.2636,31802.0
2026-03-12 11:15:00,114.2636,114.2686,113.9807,114.0204,80590.0
2026-03-12 11:20:00,114.0353,114.1246,113.9311,114.1246,92675.0
2026-03-12 11:25:00,114.1097,114.338,114.07,114.1196,57109.0
2026-03-12 11:30:00,114.1296,114.1296,113.9211,113.9807,44696.0
2026-03-12 11:35:00,113.9509,114.3082,113.9509,114.3082,73632.0
2026-03-12 11:40:00,114.2884,114.5067,114.1048,114.4224,55456.0
2026-03-12 11:45:00,114.4075,115.152,114.1495,114.1891,87200.0
2026-03-12 11:50:00,114.1891,114.2983,114.1048,114.2583,75282.0
2026-03-12 11:55:00,114.2686,114.2785,114.1742,114.1991,46140.0
2026-03-12 12:00:00,114.2189,114.2983,114.1494,114.2983,54977.0
2026-03-12 12:05:00,114.2686,114.3579,113.8218,113.8516,66938.0
2026-03-12 12:10:00,113.8615,113.8864,113.5935,113.7226,64065.0
2026-03-12 12:15:00,113.7027,114.0303,113.6928,114.0303,158926.0
2026-03-12 12:20:00,114.0502,114.2735,113.941,113.9906,69380.0
2026-03-12 12:25:00,113.9509,114.0502,113.8764,113.9807,81319.0
2026-03-12 12:30:00,113.9608,114.3678,113.8913,114.2781,81546.0
2026-03-12 12:35:00,114.2884,114.4671,114.209,114.4373,47425.0
2026-03-12 12:40:00,114.4125,114.5167,114.3678,114.4323,49602.0
2026-03-12 12:45:00,114.4175,114.4175,114.0998,114.2189,41617.0
2026-03-12 12:50:00,114.1991,114.2437,114.1345,114.1742,52193.0
2026-03-12 12:55:00,114.1842,114.2288,114.1097,114.1395,45107.0
2026-03-12 13:00:00,114.1196,114.3182,114.0452,114.3182,44497.0
2026-03-12 13:05:00,114.3182,114.4274,114.2686,114.3083,47449.0
2026-03-12 13:10:00,114.348,114.4373,114.2834,114.3033,32587.0
2026-03-12 13:15:00,114.2785,114.3281,114.209,114.2785,31501.0
2026-03-12 13:20:00,114.2686,114.3579,114.2338,114.3132,56454.0
2026-03-12 13:25:00,114.338,114.4373,114.2983,114.3787,56587.0
2026-03-12 13:30:00,114.3976,114.8145,114.3976,114.755,80226.0
2026-03-12 13:35:00,114.7748,114.9932,114.7699,114.9485,44368.0
2026-03-12 13:40:00,114.9346,115.0031,114.8543,114.9337,60950.0
2026-03-12 13:45:00,114.9287,115.023,114.8741,115.0105,78145.0
2026-03-12 13:50:00,115.023,115.0429,114.9188,114.9634,49416.0
2026-03-12 13:55:00,114.9734,115.0221,114.884,114.9982,55080.0
2026-03-12 14:00:00,114.9932,115.1322,114.9932,115.0925,67686.0
2026-03-12 14:05:00,115.0826,115.2513,114.9932,115.152,74514.0
2026-03-12 14:10:00,115.1323,115.2364,114.9932,115.2364,66025.0
2026-03-12 14:15:00,115.2588,115.3506,115.1173,115.1818,79375.0
2026-03-12 14:20:00,115.162,115.162,114.9039,115.0131,82304.0
2026-03-12 14:25:00,115.023,115.0986,114.9536,114.9982,58905.0
2026-03-12 14:30:00,114.9833,114.9833,114.8246,114.9088,54094.0
2026-03-12 14:35:00,114.9088,115.1471,114.9039,115.1173,77868.0
2026-03-12 14:40:00,115.1123,115.2017,115.0925,115.1918,52576.0
2026-03-12 14:45:00,115.1918,115.2215,115.0677,115.1223,73939.0
2026-03-12 14:50:00,115.1024,115.2017,114.9833,114.9833,61890.0
2026-03-12 14:55:00,114.9684,115.0577,114.9237,115.0131,70632.0
2026-03-12 15:00:00,115.023,115.1223,114.9932,115.0429,78238.0
2026-03-12 15:05:00,115.0329,115.296,115.023,115.2017,74951.0
2026-03-12 15:10:00,115.2612,115.3305,115.1818,115.2066,76909.0
2026-03-12 15:15:00,115.2315,115.3307,115.1818,115.2662,78154.0
2026-03-12 15:20:00,115.2612,115.3903,115.1521,115.2662,83807.0
2026-03-12 15:25:00,115.2811,115.3704,115.1918,115.301,122639.0
2026-03-12 15:30:00,115.296,115.4796,115.1868,115.4697,110353.0
2026-03-12 15:35:00,115.4697,115.7328,115.4697,115.6385,172270.0
2026-03-12 15:40:00,115.6385,115.7477,115.6186,115.6484,115118.0
2026-03-12 15:45:00,115.6285,115.6285,115.301,115.5243,170710.0
2026-03-12 15:50:00,115.5094,115.559,115.2712,115.2811,203303.0
2026-03-12 15:55:00,115.2811,115.2811,115.0528,115.0627,555923.0
2026-03-13 09:30:00,116.0653,116.6272,115.5541,116.4624,172696.0
2026-03-13 09:35:00,116.6312,117.0329,116.5162,116.8098,65377.0
2026-03-13 09:40:00,116.8122,116.9885,116.4773,116.4773,41579.0
2026-03-13 09:45:00,116.4823,116.5865,116.2242,116.2837,41659.0
2026-03-13 09:50:00,116.2539,116.4624,116.1646,116.3731,27131.0
2026-03-13 09:55:00,116.4525,116.5617,116.244,116.2837,54630.0
2026-03-13 10:00:00,116.2688,116.4823,116.1447,116.1447,40406.0
2026-03-13 10:05:00,116.1547,116.2142,115.9661,116.105,45765.0
2026-03-13 10:10:00,116.105,116.105,115.7973,115.8171,66991.0
2026-03-13 10:15:00,115.8171,115.8171,115.5789,115.708,49170.0
2026-03-13 10:20:00,115.698,115.698,115.4697,115.5491,45294.0
2026-03-13 10:25:00,115.5193,115.5243,115.3804,115.5094,39379.0
2026-03-13 10:30:00,115.4995,115.8767,115.4995,115.842,71252.0
2026-03-13 10:35:00,115.8271,115.8271,115.569,115.5839,47417.0
2026-03-13 10:40:00,115.5839,115.6335,115.3655,115.4499,53488.0
2026-03-13 10:45:00,115.4002,115.7377,115.3605,115.6881,62366.0
2026-03-13 10:50:00,115.698,115.7774,115.5243,115.5938,39898.0
2026-03-13 10:55:00,115.5938,115.5988,115.291,115.3804,62029.0
2026-03-13 11:00:00,115.4002,115.4995,115.0131,115.162,50750.0
2026-03-13 11:05:00,115.1818,115.3109,115.0429,115.2712,36550.0
2026-03-13 11:10:00,115.301,115.3704,115.1734,115.3605,44988.0
2026-03-13 11:15:00,115.3804,115.4002,115.1024,115.1868,46265.0
2026-03-13 11:20:00,115.2214,115.3208,115.0925,115.1421,45457.0
2026-03-13 11:25:00,115.1818,115.1918,115.0131,115.0329,34924.0
2026-03-13 11:30:00,115.0429,115.162,114.9982,115.1223,58618.0
2026-03-13 11:35:00,115.152,115.4101,115.0329,115.2712,54470.0
2026-03-13 11:40:00,115.301,115.3208,115.0329,115.1223,45187.0
2026-03-13 11:45:00,115.1322,115.3605,115.0627,115.0677,59892.0
2026-03-13 11:50:00,115.0627,115.1223,115.0031,115.0329,34524.0
2026-03-13 11:55:00,115.0776,115.152,115.0031,115.023,47310.0
2026-03-13 12:00:00,115.0131,115.2215,114.9833,115.2066,31597.0
2026-03-13 12:05:00,115.1918,115.3506,115.162,115.2364,62378.0
2026-03-13 12:10:00,115.2612,115.3095,115.1223,115.1918,43146.0
2026-03-13 12:15:00,115.1967,115.2215,114.9734,115.0329,36465.0
2026-03-13 12:20:00,115.0329,115.2215,114.9734,115.1024,55864.0
2026-03-13 12:25:00,115.1024,115.1918,114.9932,115.1223,67969.0
2026-03-13 12:30:00,115.1322,115.1918,115.0031,115.018,56846.0
2026-03-13 12:35:00,115.0131,115.1322,114.9833,115.0776,41725.0
2026-03-13 12:40:00,115.0528,115.3407,115.0528,115.1322,40188.0
2026-03-13 12:45:00,115.1024,115.5094,115.0726,115.4995,53374.0
2026-03-13 12:50:00,115.5243,115.7278,115.5243,115.6285,47160.0
2026-03-13 12:55:00,115.6385,115.7278,115.3903,115.5293,49654.0
2026-03-13 13:00:00,115.5491,115.698,115.5392,115.6285,53025.0
2026-03-13 13:05:00,115.6285,115.7477,115.5491,115.703,59755.0
2026-03-13 13:10:00,115.703,115.7923,115.6682,115.7879,54252.0
2026-03-13 13:15:00,115.8072,115.9214,115.7874,115.9214,52111.0
2026-03-13 13:20:00,115.9065,115.9363,115.7675,115.8519,44729.0
2026-03-13 13:25:00,115.8999,115.9363,115.7377,115.9363,38432.0
2026-03-13 13:30:00,115.9263,115.9263,115.559,115.7228,90705.0
2026-03-13 13:35:00,115.7228,115.8866,115.6682,115.8569,102987.0
2026-03-13 13:40:00,115.8569,115.9462,115.8072,115.9164,44443.0
2026-03-13 13:45:00,115.9262,115.9462,115.7576,115.9263,52280.0
2026-03-13 13:50:00,115.9164,115.9909,115.7526,115.7526,168773.0
2026-03-13 13:55:00,115.7278,115.8866,115.6881,115.7675,98538.0
2026-03-13 14:00:00,115.7675,115.9561,115.7278,115.8618,55755.0
2026-03-13 14:05:00,115.8668,115.9412,115.6484,115.7196,49674.0
2026-03-13 14:10:00,115.7228,115.7725,115.6484,115.7179,38778.0
2026-03-13 14:15:00,115.7179,115.7427,115.5988,115.5988,33927.0
2026-03-13 14:20:00,115.6087,115.6087,115.4896,115.4995,38213.0
2026-03-13 14:25:00,115.4945,115.5193,115.3903,115.3953,45777.0
2026-03-13 14:30:00,115.3953,115.6732,115.3953,115.6385,41469.0
2026-03-13 14:35:00,115.6434,115.6881,115.5888,115.6434,30773.0
2026-03-13 14:40:00,115.6484,115.7675,115.6484,115.7276,44531.0
2026-03-13 14:45:00,115.7228,115.8618,115.708,115.842,68989.0
2026-03-13 14:50:00,115.8271,116.0752,115.7973,116.0554,56305.0
2026-03-13 14:55:00,116.0455,116.0951,115.9263,116.0951,55335.0
2026-03-13 15:00:00,116.0852,116.1348,115.9065,115.9313,72193.0
2026-03-13 15:05:00,115.9313,115.9859,115.8916,115.9313,85506.0
2026-03-13 15:10:00,115.9462,115.9661,115.7675,115.7874,81403.0
2026-03-13 15:15:00,115.7874,115.8668,115.7526,115.7526,92824.0
2026-03-13 15:20:00,115.7477,115.7923,115.5988,115.6484,72983.0
2026-03-13 15:25:00,115.6285,115.6285,115.4499,115.5392,60115.0
2026-03-13 15:30:00,115.5293,115.708,115.5094,115.5243,94005.0
2026-03-13 15:35:00,115.5243,115.5293,115.1918,115.1918,83068.0
2026-03-13 15:40:00,115.1868,115.1868,114.9535,114.9932,85183.0
2026-03-13 15:45:00,114.9833,115.1917,114.9535,115.1719,112303.0
2026-03-13 15:50:00,115.1818,115.1918,114.9783,115.1074,174408.0
2026-03-13 15:55:00,115.1024,115.1024,114.6855,114.7848,552204.0
2026-03-16 09:30:00,115.34,115.83,114.22,115.0,293605.0
2026-03-16 09:35:00,115.0512,115.3499,114.77,115.1,109441.0
2026-03-16 09:40:00,115.1024,115.6999,115.1024,115.56,103338.0
2026-03-16 09:45:00,115.51,115.66,115.31,115.61,71327.0
2026-03-16 09:50:00,115.66,115.665,115.34,115.44,63787.0
2026-03-16 09:55:00,115.45,115.72,115.29,115.655,98098.0
2026-03-16 10:00:00,115.655,116.06,115.47,115.575,94669.0
2026-03-16 10:05:00,115.575,115.75,115.42,115.465,44113.0
2026-03-16 10:10:00,115.46,115.59,115.28,115.38,79969.0
2026-03-16 10:15:00,115.33,115.395,115.11,115.185,93222.0
2026-03-16 10:20:00,115.18,115.7,115.18,115.45,123724.0
2026-03-16 10:25:00,115.45,115.6,115.26,115.26,104652.0
2026-03-16 10:30:00,115.3,115.39,115.11,115.21,92791.0
2026-03-16 10:35:00,115.24,115.295,115.06,115.21,55694.0
2026-03-16 10:40:00,115.23,115.345,115.185,115.27,46408.0
2026-03-16 10:45:00,115.3,115.505,115.3,115.3762,99423.0
2026-03-16 10:50:00,115.37,115.425,115.23,115.37,86353.0
2026-03-16 10:55:00,115.43,115.44,115.16,115.18,65300.0
2026-03-16 11:00:00,115.18,115.31,115.145,115.19,90652.0
2026-03-16 11:05:00,115.175,115.175,114.755,114.86,87985.0
2026-03-16 11:10:00,114.86,115.08,114.8175,114.965,90849.0
2026-03-16 11:15:00,114.98,115.06,114.75,115.005,89283.0
2026-03-16 11:20:00,115.04,115.1165,114.89,115.0854,87771.0
2026-03-16 11:25:00,115.05,115.25,114.995,115.16,62836.0
2026-03-16 11:30:00,115.155,115.41,115.155,115.345,60198.0
2026-03-16 11:35:00,115.355,115.525,115.245,115.29,90931.0
2026-03-16 11:40:00,115.27,115.32,114.995,115.25,96568.0
2026-03-16 11:45:00,115.25,115.46,115.2,115.435,67205.0
2026-03-16 11:50:00,115.435,115.45,115.21,115.3,77953.0
2026-03-16 11:55:00,115.305,115.305,115.05,115.06,82948.0
2026-03-16 12:00:00,115.05,115.1996,115.0,115.025,119985.0
2026-03-16 12:05:00,115.0,115.0,114.845,114.89,66377.0
2026-03-16 12:10:00,114.96,115.09,114.935,115.07,53530.0
2026-03-16 12:15:00,115.06,115.1,114.905,115.005,60974.0
2026-03-16 12:20:00,115.0,115.04,114.61,114.6178,75598.0
2026-03-16 12:25:00,114.61,114.81,114.565,114.7,76063.0
2026-03-16 12:30:00,114.73,114.96,114.695,114.945,71543.0
2026-03-16 12:35:00,114.9527,114.98,114.875,114.945,59487.0
2026-03-16 12:40:00,114.935,115.01,114.83,114.91,68227.0
2026-03-16 12:45:00,114.94,114.97,114.75,114.935,46056.0
2026-03-16 12:50:00,114.97,115.25,114.96,115.24,83033.0
2026-03-16 12:55:00,115.26,115.45,115.26,115.375,64962.0
2026-03-16 13:00:00,115.37,115.49,115.215,115.3,52989.0
2026-03-16 13:05:00,115.31,115.61,115.31,115.51,68262.0
2026-03-16 13:10:00,115.53,115.635,115.53,115.59,36537.0
2026-03-16 13:15:00,115.55,115.59,115.285,115.405,72957.0
2026-03-16 13:20:00,115.405,115.57,115.405,115.48,47884.0
2026-03-16 13:25:00,115.48,115.615,115.465,115.565,65025.0
2026-03-16 13:30:00,115.58,115.6133,115.295,115.36,105077.0
2026-03-16 13:35:00,115.38,115.55,115.36,115.3751,63799.0
2026-03-16 13:40:00,115.39,115.39,115.145,115.145,42648.0
2026-03-16 13:45:00,115.15,115.22,115.05,115.11,44974.0
2026-03-16 13:50:00,115.11,115.24,115.03,115.178,41086.0
2026-03-16 13:55:00,115.2199,115.27,115.185,115.265,35867.0
2026-03-16 14:00:00,115.27,115.31,115.215,115.2653,41743.0
2026-03-16 14:05:00,115.27,115.365,115.22,115.35,43916.0
2026-03-16 14:10:00,115.35,115.4421,115.16,115.265,53512.0
2026-03-16 14:15:00,115.27,115.41,115.26,115.345,63044.0
2026-03-16 14:20:00,115.36,115.455,115.335,115.415,65978.0
2026-03-16 14:25:00,115.415,115.415,115.27,115.3,32897.0
2026-03-16 14:30:00,115.29,115.31,115.155,115.16,65849.0
2026-03-16 14:35:00,115.17,115.1858,115.04,115.13,47265.0
2026-03-16 14:40:00,115.135,115.22,115.08,115.15,47323.0
2026-03-16 14:45:00,115.15,115.2525,115.15,115.21,38226.0
2026-03-16 14:50:00,115.19,115.21,115.08,115.0833,40008.0
2026-03-16 14:55:00,115.08,115.1,114.96,115.01,71623.0
2026-03-16 15:00:00,115.02,115.155,115.01,115.035,55901.0
2026-03-16 15:05:00,115.035,115.19,115.0,115.07,88874.0
2026-03-16 15:10:00,115.08,115.17,114.96,115.05,80021.0
2026-03-16 15:15:00,115.05,115.14,114.925,114.95,96525.0
2026-03-16 15:20:00,114.935,115.14,114.935,115.095,57214.0
2026-03-16 15:25:00,115.08,115.16,115.01,115.16,77344.0
2026-03-16 15:30:00,115.17,115.25,115.0006,115.0006,82995.0
2026-03-16 15:35:00,115.01,115.022,114.885,115.01,97451.0
2026-03-16 15:40:00,115.0,115.025,114.905,114.94,93453.0
2026-03-16 15:45:00,114.935,115.08,114.88,115.025,126726.0
2026-03-16 15:50:00,115.04,115.255,114.975,115.11,216126.0
2026-03-16 15:55:00,115.14,115.46,115.13,115.42,612406.0
2026-03-17 09:30:00,115.78,116.39,114.38,115.08,367101.0
2026-03-17 09:35:00,115.11,115.3399,114.82,115.04,88371.0
2026-03-17 09:40:00,115.1,115.57,114.9687,115.465,75883.0
2026-03-17 09:45:00,115.46,116.03,115.38,115.42,73959.0
2026-03-17 09:50:00,115.44,115.52,115.27,115.42,76660.0
2026-03-17 09:55:00,115.45,115.5625,115.33,115.47,38898.0
2026-03-17 10:00:00,115.43,116.065,115.43,115.965,58721.0
2026-03-17 10:05:00,115.99,116.245,115.861,116.18,119132.0
2026-03-17 10:10:00,116.18,116.24,116.06,116.18,66684.0
2026-03-17 10:15:00,116.185,116.5,116.185,116.33,116960.0
2026-03-17 10:20:00,116.315,116.43,116.18,116.38,52943.0
2026-03-17 10:25:00,116.38,116.47,116.25,116.39,36140.0
2026-03-17 10:30:00,116.44,116.69,116.33,116.675,45356.0
2026-03-17 10:35:00,116.7,116.7,116.49,116.58,35357.0
2026-03-17 10:40:00,116.6,116.63,116.4,116.535,35143.0
2026-03-17 10:45:00,116.56,116.79,116.48,116.72,67389.0
2026-03-17 10:50:00,116.725,116.8,116.49,116.5,67451.0
2026-03-17 10:55:00,116.5,116.525,116.18,116.37,93624.0
2026-03-17 11:00:00,116.37,116.47,116.14,116.22,82110.0
2026-03-17 11:05:00,116.2,116.26,116.07,116.195,54799.0
2026-03-17 11:10:00,116.195,116.39,116.07,116.28,93642.0
2026-03-17 11:15:00,116.28,116.64,116.28,116.5,86252.0
2026-03-17 11:20:00,116.5,116.685,116.37,116.46,60024.0
2026-03-17 11:25:00,116.49,116.61,116.32,116.37,46408.0
2026-03-17 11:30:00,116.34,116.36,116.19,116.2,65267.0
2026-03-17 11:35:00,116.19,116.22,116.03,116.07,68405.0
2026-03-17 11:40:00,116.04,116.07,115.9,115.9793,51201.0
2026-03-17 11:45:00,115.97,116.11,115.93,115.97,58929.0
2026-03-17 11:50:00,115.965,116.07,115.85,116.01,69274.0
2026-03-17 11:55:00,116.015,116.03,115.86,115.87,50554.0
2026-03-17 12:00:00,115.86,115.9,115.61,115.858,41033.0
2026-03-17 12:05:00,115.83,115.87,115.62,115.73,55025.0
2026-03-17 12:10:00,115.73,115.845,115.7,115.75,42594.0
2026-03-17 12:15:00,115.77,115.89,115.71,115.8,50300.0
2026-03-17 12:20:00,115.78,115.93,115.6,115.885,55420.0
2026-03-17 12:25:00,115.88,115.96,115.725,115.9,43233.0
2026-03-17 12:30:00,115.88,115.98,115.72,115.77,45853.0
2026-03-17 12:35:00,115.78,115.885,115.72,115.8137,35704.0
2026-03-17 12:40:00,115.85,115.94,115.79,115.94,29835.0
2026-03-17 12:45:00,115.935,115.969,115.82,115.85,33293.0
2026-03-17 12:50:00,115.85,115.85,115.69,115.76,57713.0
2026-03-17 12:55:00,115.73,115.755,115.43,115.435,53227.0
2026-03-17 13:00:00,115.435,115.66,115.36,115.64,36919.0
2026-03-17 13:05:00,115.65,115.76,115.56,115.76,36633.0
2026-03-17 13:10:00,115.76,115.86,115.48,115.575,44536.0
2026-03-17 13:15:00,115.56,115.705,115.53,115.6602,50409.0
2026-03-17 13:20:00,115.67,115.8323,115.57,115.795,49208.0
2026-03-17 13:25:00,115.805,115.89,115.74,115.84,31344.0
2026-03-17 13:30:00,115.82,115.875,115.69,115.7,116362.0
2026-03-17 13:35:00,115.717,115.9,115.61,115.9,46755.0
2026-03-17 13:40:00,115.9,115.98,115.8,115.855,39237.0
2026-03-17 13:45:00,115.87,115.97,115.82,115.955,46825.0
2026-03-17 13:50:00,115.94,116.04,115.79,115.96,69872.0
2026-03-17 13:55:00,115.96,115.99,115.87,115.93,59199.0
2026-03-17 14:00:00,115.96,116.2,115.9,116.145,40993.0
2026-03-17 14:05:00,116.145,116.29,116.14,116.235,30221.0
2026-03-17 14:10:00,116.24,116.36,116.23,116.3,77679.0
2026-03-17 14:15:00,116.33,116.405,116.24,116.38,45796.0
2026-03-17 14:20:00,116.36,116.4699,116.31,116.325,35968.0
2026-03-17 14:25:00,116.301,116.375,116.22,116.315,32309.0
2026-03-17 14:30:00,116.325,116.35,116.27,116.33,33360.0
2026-03-17 14:35:00,116.33,116.35,116.2,116.24,45425.0
2026-03-17 14:40:00,116.25,116.2656,116.09,116.115,43402.0
2026-03-17 14:45:00,116.14,116.2433,116.11,116.195,41081.0
2026-03-17 14:50:00,116.1938,116.3151,116.095,116.28,55668.0
2026-03-17 14:55:00,116.28,116.2825,116.13,116.27,46648.0
2026-03-17 15:00:00,116.25,116.28,116.12,116.17,49344.0
2026-03-17 15:05:00,116.19,116.27,116.13,116.17,65511.0
2026-03-17 15:10:00,116.16,116.17,116.07,116.12,67089.0
2026-03-17 15:15:00,116.13,116.185,116.09,116.145,56128.0
2026-03-17 15:20:00,116.145,116.18,116.05,116.15,87759.0
2026-03-17 15:25:00,116.15,116.195,115.91,115.965,120597.0
2026-03-17 15:30:00,115.97,116.185,115.94,116.18,187514.0
2026-03-17 15:35:00,116.18,116.25,116.09,116.145,120530.0
2026-03-17 15:40:00,116.14,116.16,116.0701,116.155,139249.0
2026-03-17 15:45:00,116.15,116.17,115.95,116.0101,134802.0
2026-03-17 15:50:00,116.02,116.04,115.7,115.78,243375.0
2026-03-17 15:55:00,115.79,115.91,115.58,115.87,480279.0
2026-03-18 09:30:00,115.06,115.54,114.83,115.495,196929.0
2026-03-18 09:35:00,115.47,115.56,115.085,115.25,50835.0
2026-03-18 09:40:00,115.19,115.19,113.85,113.93,100837.0
2026-03-18 09:45:00,113.93,114.379,113.645,113.715,84475.0
2026-03-18 09:50:00,113.72,113.89,113.58,113.835,85220.0
2026-03-18 09:55:00,113.98,114.11,113.345,113.7573,80604.0
2026-03-18 10:00:00,113.8,114.17,113.715,113.8,54566.0
2026-03-18 10:05:00,113.73,113.965,113.58,113.7783,49631.0
2026-03-18 10:10:00,113.87,114.28,113.86,114.16,64949.0
2026-03-18 10:15:00,114.16,114.46,114.05,114.271,76870.0
2026-03-18 10:20:00,114.27,114.43,114.15,114.15,54144.0
2026-03-18 10:25:00,114.1675,114.32,114.07,114.07,38525.0
2026-03-18 10:30:00,114.09,114.29,113.92,114.24,44021.0
2026-03-18 10:35:00,114.24,114.615,114.17,114.505,32034.0
2026-03-18 10:40:00,114.485,114.5,114.28,114.44,47752.0
2026-03-18 10:45:00,114.42,114.62,114.41,114.57,56533.0
2026-03-18 10:50:00,114.56,114.61,114.45,114.5,40952.0
2026-03-18 10:55:00,114.54,114.62,114.33,114.5,42223.0
2026-03-18 11:00:00,114.51,114.61,114.42,114.44,44125.0
2026-03-18 11:05:00,114.48,114.612,114.46,114.495,82687.0
2026-03-18 11:10:00,114.48,114.53,114.1,114.11,58805.0
2026-03-18 11:15:00,114.12,114.5336,114.12,114.38,159888.0
2026-03-18 11:20:00,114.3601,114.395,113.76,114.0,121483.0
2026-03-18 11:25:00,113.975,114.23,113.95,114.095,60562.0
2026-03-18 11:30:00,114.115,114.2495,114.01,114.17,65067.0
2026-03-18 11:35:00,114.17,114.32,114.115,114.14,45216.0
2026-03-18 11:40:00,114.165,114.175,113.995,114.04,74038.0
2026-03-18 11:45:00,114.02,114.1,113.66,113.79,130415.0
2026-03-18 11:50:00,113.79,114.065,113.73,113.89,73580.0
2026-03-18 11:55:00,113.87,114.0,113.84,113.86,50075.0
2026-03-18 12:00:00,113.86,113.86,113.61,113.77,67179.0
2026-03-18 12:05:00,113.78,114.06,113.78,113.97,82256.0
2026-03-18 12:10:00,114.0,114.11,113.85,113.95,94504.0
2026-03-18 12:15:00,113.94,114.06,113.86,113.965,37114.0
2026-03-18 12:20:00,113.99,114.2399,113.96,114.23,29082.0
2026-03-18 12:25:00,114.26,114.4,114.21,114.32,53950.0
2026-03-18 12:30:00,114.33,114.415,114.27,114.385,50648.0
2026-03-18 12:35:00,114.41,114.6,114.285,114.55,103050.0
2026-03-18 12:40:00,114.53,114.86,114.45,114.77,59365.0
2026-03-18 12:45:00,114.78,114.835,114.64,114.72,21639.0
2026-03-18 12:50:00,114.705,114.78,114.42,114.5375,40074.0
2026-03-18 12:55:00,114.52,114.6025,114.44,114.6025,21941.0
2026-03-18 13:00:00,114.6218,114.67,114.51,114.54,34484.0
2026-03-18 13:05:00,114.59,114.75,114.56,114.63,49975.0
2026-03-18 13:10:00,114.66,114.69,114.47,114.57,39062.0
2026-03-18 13:15:00,114.54,114.87,114.54,114.855,25000.0
2026-03-18 13:20:00,114.82,114.87,114.73,114.76,34014.0
2026-03-18 13:25:00,114.755,114.755,114.51,114.55,25509.0
2026-03-18 13:30:00,114.55,114.665,114.44,114.65,33880.0
2026-03-18 13:35:00,114.64,114.78,114.57,114.62,46311.0
2026-03-18 13:40:00,114.6,114.6,114.46,114.58,38917.0
2026-03-18 13:45:00,114.56,114.775,114.54,114.63,58133.0
2026-03-18 13:50:00,114.625,114.66,114.59,114.625,28745.0
2026-03-18 13:55:00,114.625,114.685,114.55,114.685,43731.0
2026-03-18 14:00:00,114.67,114.71,114.47,114.475,61329.0
2026-03-18 14:05:00,114.395,114.525,114.39,114.46,32071.0
2026-03-18 14:10:00,114.48,114.615,114.39,114.61,36817.0
2026-03-18 14:15:00,114.635,114.64,114.38,114.38,32278.0
2026-03-18 14:20:00,114.345,114.56,114.305,114.38,60748.0
2026-03-18 14:25:00,114.39,114.435,114.32,114.4256,28150.0
2026-03-18 14:30:00,114.41,114.44,114.06,114.08,63519.0
2026-03-18 14:35:00,114.07,114.24,114.05,114.075,70335.0
2026-03-18 14:40:00,114.07,114.3,113.98,114.28,92171.0
2026-03-18 14:45:00,114.27,114.36,114.21,114.26,80060.0
2026-03-18 14:50:00,114.27,114.3,114.17,114.3,36437.0
2026-03-18 14:55:00,114.27,114.41,114.23,114.23,65236.0
2026-03-18 15:00:00,114.23,114.37,114.22,114.34,41885.0
2026-03-18 15:05:00,114.32,114.44,114.3,114.4,49843.0
2026-03-18 15:10:00,114.3701,114.39,114.1648,114.325,41107.0
2026-03-18 15:15:00,114.32,114.3795,114.2816,114.35,63095.0
2026-03-18 15:20:00,114.3599,114.36,114.25,114.3116,58036.0
2026-03-18 15:25:00,114.28,114.31,114.2,114.25,50110.0
2026-03-18 15:30:00,114.25,114.34,114.18,114.315,68622.0
2026-03-18 15:35:00,114.3,114.34,114.26,114.31,79668.0
2026-03-18 15:40:00,114.31,114.4,114.27,114.36,81172.0
2026-03-18 15:45:00,114.39,114.46,114.35,114.4,98351.0
2026-03-18 15:50:00,114.41,114.52,114.37,114.395,126049.0
2026-03-18 15:55:00,114.37,114.51,114.27,114.49,460864.0
2026-03-19 09:30:00,114.66,115.76,114.66,115.15,217917.0
2026-03-19 09:35:00,115.15,115.255,114.855,114.88,108384.0
2026-03-19 09:40:00,114.9068,115.1399,114.56,114.68,88764.0
2026-03-19 09:45:00,114.68,114.74,114.5,114.64,85091.0
2026-03-19 09:50:00,114.62,114.67,114.145,114.495,69996.0
2026-03-19 09:55:00,114.46,114.52,114.26,114.435,65958.0
2026-03-19 10:00:00,114.45,114.62,114.32,114.365,94722.0
2026-03-19 10:05:00,114.39,114.52,114.04,114.445,55183.0
2026-03-19 10:10:00,114.48,114.82,114.42,114.5,81925.0
2026-03-19 10:15:00,114.47,114.52,114.24,114.38,59253.0
2026-03-19 10:20:00,114.38,114.505,114.16,114.24,78869.0
2026-03-19 10:25:00,114.24,114.3,114.07,114.18,47425.0
2026-03-19 10:30:00,114.18,114.3,114.1,114.21,90571.0
2026-03-19 10:35:00,114.19,114.24,114.06,114.1201,53551.0
2026-03-19 10:40:00,114.145,114.245,114.06,114.15,55341.0
2026-03-19 10:45:00,114.15,114.315,114.095,114.23,65429.0
2026-03-19 10:50:00,114.27,114.28,114.065,114.065,73702.0
2026-03-19 10:55:00,114.09,114.13,113.9,114.054,77723.0
2026-03-19 11:00:00,114.01,114.05,113.83,113.98,84649.0
2026-03-19 11:05:00,113.97,114.11,113.85,113.97,54640.0
2026-03-19 11:10:00,113.98,114.16,113.97,114.16,54685.0
2026-03-19 11:15:00,114.135,114.265,114.13,114.17,53128.0
2026-03-19 11:20:00,114.165,114.165,113.96,114.05,58097.0
2026-03-19 11:25:00,114.06,114.13,113.99,114.13,42691.0
2026-03-19 11:30:00,114.08,114.09,113.97,113.98,46909.0
2026-03-19 11:35:00,113.99,113.99,113.82,113.87,46327.0
2026-03-19 11:40:00,113.885,114.05,113.88,113.93,45027.0
2026-03-19 11:45:00,113.92,114.1,113.85,114.08,47149.0
2026-03-19 11:50:00,114.07,114.1,113.88,113.9101,54154.0
2026-03-19 11:55:00,113.905,114.07,113.905,114.04,52217.0
2026-03-19 12:00:00,114.045,114.1,113.94,113.965,58677.0
2026-03-19 12:05:00,113.945,114.17,113.945,114.12,70114.0
2026-03-19 12:10:00,114.12,114.21,114.0398,114.06,34567.0
2026-03-19 12:15:00,114.055,114.17,113.985,114.11,42120.0
2026-03-19 12:20:00,114.085,114.2,114.02,114.12,40626.0
2026-03-19 12:25:00,114.1,114.23,114.02,114.21,59339.0
2026-03-19 12:30:00,114.21,114.44,114.0951,114.415,92398.0
2026-03-19 12:35:00,114.4,114.41,114.16,114.23,39362.0
2026-03-19 12:40:00,114.23,114.44,114.23,114.34,31937.0
2026-03-19 12:45:00,114.34,114.395,114.28,114.325,67591.0
2026-03-19 12:50:00,114.325,114.34,114.22,114.32,49972.0
2026-03-19 12:55:00,114.315,114.315,114.17,114.22,54945.0
2026-03-19 13:00:00,114.24,114.32,114.04,114.04,138434.0
2026-03-19 13:05:00,114.0558,114.14,114.0195,114.06,75544.0
2026-03-19 13:10:00,114.05,114.05,113.75,113.78,102464.0
2026-03-19 13:15:00,113.795,113.93,113.77,113.92,58245.0
2026-03-19 13:20:00,113.92,114.28,113.91,114.235,43791.0
2026-03-19 13:25:00,114.235,114.26,114.13,114.145,35319.0
2026-03-19 13:30:00,114.14,114.2,114.04,114.185,54891.0
2026-03-19 13:35:00,114.18,114.25,114.0975,114.14,35327.0
2026-03-19 13:40:00,114.12,114.29,114.105,114.27,45196.0
2026-03-19 13:45:00,114.265,114.34,114.2,114.26,35843.0
2026-03-19 13:50:00,114.26,114.37,114.26,114.33,52054.0
2026-03-19 13:55:00,114.33,114.35,114.18,114.195,87156.0
2026-03-19 14:00:00,114.18,114.235,114.15,114.202,75495.0
2026-03-19 14:05:00,114.19,114.235,114.14,114.205,60673.0
2026-03-19 14:10:00,114.21,114.42,114.2,114.42,136262.0
2026-03-19 14:15:00,114.42,114.475,114.24,114.345,54681.0
2026-03-19 14:20:00,114.35,114.4,114.24,114.2401,50078.0
2026-03-19 14:25:00,114.2401,114.2899,114.0,114.0,43001.0
2026-03-19 14:30:00,113.99,114.05,113.92,114.018,52935.0
2026-03-19 14:35:00,114.02,114.09,113.975,114.0,37013.0
2026-03-19 14:40:00,114.025,114.055,113.955,114.04,45054.0
2026-03-19 14:45:00,114.03,114.1614,114.025,114.13,57226.0
2026-03-19 14:50:00,114.13,114.3,114.085,114.29,47762.0
2026-03-19 14:55:00,114.29,114.465,114.2601,114.4495,55843.0
2026-03-19 15:00:00,114.44,114.84,114.435,114.84,72085.0
2026-03-19 15:05:00,114.85,115.16,114.85,115.04,100684.0
2026-03-19 15:10:00,115.05,115.14,114.865,114.99,80554.0
2026-03-19 15:15:00,114.985,115.095,114.88,114.985,73213.0
2026-03-19 15:20:00,114.985,115.0,114.86,114.92,62628.0
2026-03-19 15:25:00,114.9,114.905,114.715,114.75,81653.0
2026-03-19 15:30:00,114.76,114.77,114.61,114.635,103896.0
2026-03-19 15:35:00,114.64,114.7,114.56,114.7,74662.0
2026-03-19 15:40:00,114.69,114.79,114.67,114.73,83694.0
2026-03-19 15:45:00,114.73,114.77,114.62,114.69,120272.0
2026-03-19 15:50:00,114.7,114.73,114.26,114.34,264381.0
2026-03-19 15:55:00,114.35,114.42,114.12,114.24,671021.0
2026-03-20 09:30:00,114.245,114.91,114.02,114.48,2411211.0
2026-03-20 09:35:00,114.47,114.635,114.1381,114.27,54687.0
2026-03-20 09:40:00,114.2547,114.76,114.2547,114.715,46629.0
2026-03-20 09:45:00,114.725,114.735,114.415,114.505,77545.0
2026-03-20 09:50:00,114.505,115.09,114.39,115.05,55178.0
2026-03-20 09:55:00,115.1,115.17,114.7,114.865,76822.0
2026-03-20 10:00:00,114.81,114.825,113.845,113.845,65349.0
2026-03-20 10:05:00,113.8,113.87,113.24,113.24,56427.0
2026-03-20 10:10:00,113.24,113.55,113.24,113.38,65342.0
2026-03-20 10:15:00,113.38,113.39,113.04,113.2,72985.0
2026-03-20 10:20:00,113.2,113.21,112.72,113.1501,74696.0
2026-03-20 10:25:00,113.15,113.32,113.09,113.09,51706.0
2026-03-20 10:30:00,113.075,113.5,113.065,113.47,87425.0
2026-03-20 10:35:00,113.48,113.85,113.44,113.71,242844.0
2026-03-20 10:40:00,113.71,113.71,113.52,113.59,47477.0
2026-03-20 10:45:00,113.52,113.775,113.52,113.74,56674.0
2026-03-20 10:50:00,113.72,113.87,113.61,113.84,103287.0
2026-03-20 10:55:00,113.88,113.93,113.73,113.847,58047.0
2026-03-20 11:00:00,113.83,113.98,113.792,113.975,79741.0
2026-03-20 11:05:00,113.98,114.21,113.92,114.195,71313.0
2026-03-20 11:10:00,114.19,114.37,114.15,114.37,162694.0
2026-03-20 11:15:00,114.38,114.443,114.25,114.325,119785.0
2026-03-20 11:20:00,114.34,114.89,114.315,114.8,788120.0
2026-03-20 11:25:00,114.85,114.925,114.72,114.825,103574.0
2026-03-20 11:30:00,114.825,115.04,114.7,114.895,81905.0
2026-03-20 11:35:00,114.895,115.04,114.8,115.02,125549.0
2026-03-20 11:40:00,115.02,115.15,114.93,115.075,171252.0
2026-03-20 11:45:00,115.08,115.18,114.71,114.82,305765.0
2026-03-20 11:50:00,114.79,114.845,114.33,114.735,338300.0
2026-03-20 11:55:00,114.735,114.77,114.645,114.675,42252.0
2026-03-20 12:00:00,114.65,114.73,114.595,114.655,48859.0
2026-03-20 12:05:00,114.68,114.685,114.581,114.65,49119.0
2026-03-20 12:10:00,114.66,114.68,114.55,114.61,102750.0
2026-03-20 12:15:00,114.61,114.7,114.56,114.64,74695.0
2026-03-20 12:20:00,114.65,114.71,114.265,114.3925,185908.0
2026-03-20 12:25:00,114.54,114.66,114.48,114.6448,70888.0
2026-03-20 12:30:00,114.64,114.65,114.27,114.465,89295.0
2026-03-20 12:35:00,114.46,114.49,114.385,114.45,38764.0
2026-03-20 12:40:00,114.45,114.83,114.41,114.76,43234.0
2026-03-20 12:45:00,114.74,114.745,114.54,114.66,50804.0
2026-03-20 12:50:00,114.66,114.82,114.66,114.77,27167.0
2026-03-20 12:55:00,114.765,114.93,114.75,114.87,37008.0
2026-03-20 13:00:00,114.87,114.88,114.61,114.695,47986.0
2026-03-20 13:05:00,114.72,114.725,114.475,114.57,45622.0
2026-03-20 13:10:00,114.57,114.585,114.475,114.53,17984.0
2026-03-20 13:15:00,114.53,114.55,114.47,114.525,32838.0
2026-03-20 13:20:00,114.52,114.7,114.49,114.6219,27622.0
2026-03-20 13:25:00,114.63,114.68,114.52,114.57,28722.0
2026-03-20 13:30:00,114.57,114.61,114.13,114.22,34720.0
2026-03-20 13:35:00,114.24,114.44,114.21,114.43,37004.0
2026-03-20 13:40:00,114.43,114.56,114.34,114.35,49873.0
2026-03-20 13:45:00,114.34,114.34,114.03,114.05,103144.0
2026-03-20 13:50:00,114.055,114.1899,114.02,114.1,32600.0
2026-03-20 13:55:00,114.14,114.16,113.975,114.0,36494.0
2026-03-20 14:00:00,114.01,114.17,114.01,114.09,89676.0
2026-03-20 14:05:00,114.06,114.17,114.04,114.075,56531.0
2026-03-20 14:10:00,114.075,114.075,113.87,114.0,45116.0
2026-03-20 14:15:00,114.01,114.03,113.885,113.97,75506.0
2026-03-20 14:20:00,113.97,114.0153,113.73,113.73,44412.0
2026-03-20 14:25:00,113.76,113.86,113.54,113.69,82703.0
2026-03-20 14:30:00,113.69,113.825,113.5,113.76,138310.0
2026-03-20 14:35:00,113.76,113.83,113.63,113.645,56524.0
2026-03-20 14:40:00,113.65,113.78,113.65,113.74,38189.0
2026-03-20 14:45:00,113.7,113.759,113.6401,113.69,38640.0
2026-03-20 14:50:00,113.67,113.84,113.62,113.76,42895.0
2026-03-20 14:55:00,113.75,113.76,113.6,113.675,58158.0
2026-03-20 15:00:00,113.66,113.78,113.59,113.64,43190.0
2026-03-20 15:05:00,113.635,113.87,113.52,113.87,161702.0
2026-03-20 15:10:00,113.87,113.8799,113.7,113.76,87563.0
2026-03-20 15:15:00,113.74,113.74,113.6,113.62,59658.0
2026-03-20 15:20:00,113.61,113.62,113.34,113.37,193550.0
2026-03-20 15:25:00,113.37,113.42,113.2,113.285,99415.0
2026-03-20 15:30:00,113.3,113.43,113.245,113.36,128137.0
2026-03-20 15:35:00,113.375,113.51,113.29,113.505,134488.0
2026-03-20 15:40:00,113.495,113.745,113.35,113.71,132770.0
2026-03-20 15:45:00,113.74,113.785,113.35,113.37,197358.0
2026-03-20 15:50:00,113.39,113.85,113.32,113.81,209835.0
2026-03-20 15:55:00,113.8,114.22,113.63,114.17,735555.0
2026-03-23 09:30:00,116.17,116.37,114.9782,115.065,281697.0
2026-03-23 09:35:00,115.21,115.43,115.005,115.27,117803.0
2026-03-23 09:40:00,115.2067,115.87,115.065,115.59,121019.0
2026-03-23 09:45:00,115.56,115.8,115.4,115.51,173732.0
2026-03-23 09:50:00,115.51,115.705,115.07,115.08,89495.0
2026-03-23 09:55:00,115.05,115.38,114.77,114.89,105310.0
2026-03-23 10:00:00,114.92,115.39,114.82,114.98,114163.0
2026-03-23 10:05:00,114.96,115.53,114.96,115.51,147110.0
2026-03-23 10:10:00,115.49,115.51,115.04,115.17,108727.0
2026-03-23 10:15:00,115.19,115.535,115.125,115.485,99120.0
2026-03-23 10:20:00,115.475,116.0,115.37,115.97,98629.0
2026-03-23 10:25:00,115.96,116.135,115.74,115.88,98487.0
2026-03-23 10:30:00,115.86,115.87,115.42,115.795,125078.0
2026-03-23 10:35:00,115.772,115.9,115.6,115.7884,67489.0
2026-03-23 10:40:00,115.745,115.975,115.69,115.93,67925.0
2026-03-23 10:45:00,115.94,116.145,115.875,116.085,63439.0
2026-03-23 10:50:00,116.095,116.225,115.985,116.19,59890.0
2026-03-23 10:55:00,116.19,116.22,116.025,116.13,53307.0
2026-03-23 11:00:00,116.14,116.255,116.11,116.17,66084.0
2026-03-23 11:05:00,116.165,116.24,116.01,116.15,75708.0
2026-03-23 11:10:00,116.165,116.29,116.12,116.1648,68920.0
2026-03-23 11:15:00,116.19,116.32,116.09,116.3101,50863.0
2026-03-23 11:20:00,116.32,116.47,116.26,116.465,61670.0
2026-03-23 11:25:00,116.45,116.46,116.255,116.31,53545.0
2026-03-23 11:30:00,116.31,116.34,116.16,116.2201,46228.0
2026-03-23 11:35:00,116.22,116.27,116.135,116.135,39048.0
2026-03-23 11:40:00,116.14,116.29,116.12,116.22,56523.0
2026-03-23 11:45:00,116.21,116.34,116.12,116.33,39176.0
2026-03-23 11:50:00,116.325,116.36,116.09,116.22,57986.0
2026-03-23 11:55:00,116.2,116.25,115.78,115.82,63794.0
2026-03-23 12:00:00,115.86,115.88,115.7,115.77,33480.0
2026-03-23 12:05:00,115.755,115.85,115.54,115.56,40966.0
2026-03-23 12:10:00,115.565,115.815,115.54,115.77,29427.0
2026-03-23 12:15:00,115.77,115.8,115.5468,115.6,36904.0
2026-03-23 12:20:00,115.6,115.62,115.43,115.56,51821.0
2026-03-23 12:25:00,115.53,115.53,115.2,115.315,104098.0
2026-03-23 12:30:00,115.31,115.59,115.205,115.45,45039.0
2026-03-23 12:35:00,115.48,115.555,115.45,115.45,35413.0
2026-03-23 12:40:00,115.45,115.62,115.43,115.58,47262.0
2026-03-23 12:45:00,115.56,115.62,115.42,115.5899,58623.0
2026-03-23 12:50:00,115.59,115.68,115.515,115.56,33266.0
2026-03-23 12:55:00,115.58,115.6,115.305,115.39,44730.0
2026-03-23 13:00:00,115.395,115.51,115.395,115.435,38850.0
2026-03-23 13:05:00,115.44,115.69,115.41,115.6575,30461.0
2026-03-23 13:10:00,115.6777,115.68,115.375,115.375,34886.0
2026-03-23 13:15:00,115.36,115.405,115.2801,115.405,37023.0
2026-03-23 13:20:00,115.405,115.405,115.25,115.32,21621.0
2026-03-23 13:25:00,115.31,115.44,115.3,115.39,27905.0
2026-03-23 13:30:00,115.37,115.71,115.37,115.71,42043.0
2026-03-23 13:35:00,115.715,115.875,115.69,115.85,44734.0
2026-03-23 13:40:00,115.84,115.84,115.605,115.645,24510.0
2026-03-23 13:45:00,115.66,115.665,115.495,115.55,36036.0
2026-03-23 13:50:00,115.55,115.68,115.55,115.66,24217.0
2026-03-23 13:55:00,115.66,115.8,115.65,115.8,36321.0
2026-03-23 14:00:00,115.77,115.79,115.62,115.68,27990.0
2026-03-23 14:05:00,115.6802,115.69,115.32,115.57,52086.0
2026-03-23 14:10:00,115.6,115.635,115.535,115.63,731818.0
2026-03-23 14:15:00,115.615,115.68,115.53,115.63,35175.0
2026-03-23 14:20:00,115.62,115.6599,115.55,115.59,23085.0
2026-03-23 14:25:00,115.6197,115.63,115.505,115.58,36966.0
2026-03-23 14:30:00,115.605,115.7503,115.58,115.7503,54553.0
2026-03-23 14:35:00,115.76,115.905,115.71,115.81,63777.0
2026-03-23 14:40:00,115.805,115.8599,115.77,115.8154,28884.0
2026-03-23 14:45:00,115.81,115.92,115.765,115.92,45243.0
2026-03-23 14:50:00,115.92,115.97,115.82,115.86,36104.0
2026-03-23 14:55:00,115.875,115.88,115.795,115.82,28220.0
2026-03-23 15:00:00,115.8,115.82,115.69,115.82,60562.0
2026-03-23 15:05:00,115.8,115.91,115.7878,115.9,47964.0
2026-03-23 15:10:00,115.8923,115.8978,115.79,115.83,86186.0
2026-03-23 15:15:00,115.82,115.84,115.721,115.84,58595.0
2026-03-23 15:20:00,115.83,115.905,115.65,115.66,79255.0
2026-03-23 15:25:00,115.675,115.68,115.44,115.595,68914.0
2026-03-23 15:30:00,115.595,115.73,115.56,115.65,109824.0
2026-03-23 15:35:00,115.65,115.695,115.61,115.65,76829.0
2026-03-23 15:40:00,115.65,115.75,115.59,115.73,94648.0
2026-03-23 15:45:00,115.73,115.9,115.71,115.85,141003.0
2026-03-23 15:50:00,115.86,116.06,115.79,115.82,218513.0
2026-03-23 15:55:00,115.83,115.88,115.59,115.69,502535.0
2026-03-24 09:30:00,114.7,115.055,114.02,114.83,237054.0
2026-03-24 09:35:00,114.83,115.735,114.83,115.7,108275.0
2026-03-24 09:40:00,115.7206,116.14,115.565,115.84,163866.0
2026-03-24 09:45:00,115.84,116.15,115.73,115.83,94062.0
2026-03-24 09:50:00,115.83,115.85,115.515,115.65,50251.0
2026-03-24 09:55:00,115.65,115.885,115.56,115.75,83327.0
2026-03-24 10:00:00,115.7,116.08,115.58,116.0025,113002.0
2026-03-24 10:05:00,116.01,116.515,115.995,116.39,52833.0
2026-03-24 10:10:00,116.4,116.54,116.335,116.43,72276.0
2026-03-24 10:15:00,116.465,116.48,115.835,115.94,77748.0
2026-03-24 10:20:00,115.965,116.07,115.69,116.03,64573.0
2026-03-24 10:25:00,116.03,116.37,115.885,116.16,74051.0
2026-03-24 10:30:00,116.17,116.325,116.06,116.2,72696.0
2026-03-24 10:35:00,116.21,116.22,115.51,115.7,55671.0
2026-03-24 10:40:00,115.68,116.13,115.6,116.06,69162.0
2026-03-24 10:45:00,116.085,116.17,115.8691,115.8691,58252.0
2026-03-24 10:50:00,115.92,116.435,115.87,116.08,79217.0
2026-03-24 10:55:00,116.12,116.18,115.81,115.97,74170.0
2026-03-24 11:00:00,116.005,116.165,115.825,115.88,88122.0
2026-03-24 11:05:00,115.85,115.99,115.8,115.935,55150.0
2026-03-24 11:10:00,115.91,115.92,115.7,115.76,50380.0
2026-03-24 11:15:00,115.76,115.955,115.69,115.755,76440.0
2026-03-24 11:20:00,115.75,115.82,115.69,115.75,92626.0
2026-03-24 11:25:00,115.75,115.83,115.5,115.81,76606.0
2026-03-24 11:30:00,115.81,115.87,115.715,115.775,40284.0
2026-03-24 11:35:00,115.8,115.95,115.78,115.9399,60899.0
2026-03-24 11:40:00,115.9,115.99,115.89,115.93,31798.0
2026-03-24 11:45:00,115.925,115.9567,115.82,115.845,44613.0
2026-03-24 11:50:00,115.82,115.845,115.66,115.7,55744.0
2026-03-24 11:55:00,115.71,115.76,115.54,115.69,50898.0
2026-03-24 12:00:00,115.68,115.68,115.545,115.64,49196.0
2026-03-24 12:05:00,115.65,115.71,115.585,115.66,37026.0
2026-03-24 12:10:00,115.66,115.75,115.57,115.675,40946.0
2026-03-24 12:15:00,115.66,116.01,115.65,116.0,36893.0
2026-03-24 12:20:00,115.995,116.05,115.88,115.95,37377.0
2026-03-24 12:25:00,115.95,116.055,115.9,116.025,41369.0
2026-03-24 12:30:00,116.05,116.05,115.885,115.885,38812.0
2026-03-24 12:35:00,115.88,115.94,115.7201,115.775,49150.0
2026-03-24 12:40:00,115.76,115.955,115.75,115.87,23817.0
2026-03-24 12:45:00,115.87,115.92,115.58,115.585,24016.0
2026-03-24 12:50:00,115.6,115.73,115.6,115.67,19272.0
2026-03-24 12:55:00,115.645,115.72,115.53,115.6,35346.0
2026-03-24 13:00:00,115.62,115.71,115.59,115.6,30448.0
2026-03-24 13:05:00,115.59,115.61,115.49,115.54,43020.0
2026-03-24 13:10:00,115.5184,115.58,115.47,115.525,43281.0
2026-03-24 13:15:00,115.5,115.68,115.5,115.67,24826.0
2026-03-24 13:20:00,115.665,115.745,115.665,115.7,27639.0
2026-03-24 13:25:00,115.67,115.75,115.65,115.72,32380.0
2026-03-24 13:30:00,115.72,115.79,115.61,115.61,33055.0
2026-03-24 13:35:00,115.63,115.72,115.595,115.72,152005.0
2026-03-24 13:40:00,115.72,115.765,115.46,115.48,30426.0
2026-03-24 13:45:00,115.49,115.54,115.44,115.51,21018.0
2026-03-24 13:50:00,115.48,115.54,115.39,115.465,31306.0
2026-03-24 13:55:00,115.44,115.67,115.405,115.655,39812.0
2026-03-24 14:00:00,115.67,115.74,115.6049,115.72,35903.0
2026-03-24 14:05:00,115.73,115.77,115.65,115.7,35929.0
2026-03-24 14:10:00,115.69,115.74,115.67,115.705,29918.0
2026-03-24 14:15:00,115.705,115.83,115.67,115.79,42021.0
2026-03-24 14:20:00,115.775,115.8299,115.695,115.77,28870.0
2026-03-24 14:25:00,115.77,115.92,115.75,115.86,35069.0
2026-03-24 14:30:00,115.86,115.97,115.79,115.9,43015.0
2026-03-24 14:35:00,115.91,116.145,115.88,116.145,34854.0
2026-03-24 14:40:00,116.1399,116.1399,116.04,116.105,35809.0
2026-03-24 14:45:00,116.105,116.16,116.07,116.125,31667.0
2026-03-24 14:50:00,116.125,116.21,116.03,116.1,54068.0
2026-03-24 14:55:00,116.1,116.12,115.995,116.1,53328.0
2026-03-24 15:00:00,116.09,116.219,116.09,116.2,45193.0
2026-03-24 15:05:00,116.19,116.2,116.02,116.175,39283.0
2026-03-24 15:10:00,116.175,116.36,116.13,116.335,52049.0
2026-03-24 15:15:00,116.34,116.35,116.21,116.235,53430.0
2026-03-24 15:20:00,116.26,116.3699,116.26,116.34,42881.0
2026-03-24 15:25:00,116.3402,116.3402,116.1336,116.161,41818.0
2026-03-24 15:30:00,116.16,116.265,116.09,116.2484,76601.0
2026-03-24 15:35:00,116.255,116.27,116.12,116.185,70851.0
2026-03-24 15:40:00,116.18,116.28,116.18,116.23,61281.0
2026-03-24 15:45:00,116.26,116.32,116.131,116.131,103245.0
2026-03-24 15:50:00,116.15,116.16,116.015,116.095,148554.0
2026-03-24 15:55:00,116.091,116.39,116.01,116.375,304713.0
2026-03-25 09:30:00,117.3,117.85,116.83,117.33,426051.0
2026-03-25 09:35:00,117.34,117.4,116.7952,117.09,70120.0
2026-03-25 09:40:00,117.07,117.68,117.04,117.56,101418.0
2026-03-25 09:45:00,117.56,117.99,117.34,117.55,166698.0
2026-03-25 09:50:00,117.555,118.09,117.44,117.93,80948.0
2026-03-25 09:55:00,117.97,118.3,117.88,118.08,314172.0
2026-03-25 10:00:00,118.09,118.6,117.88,118.56,178482.0
2026-03-25 10:05:00,118.59,118.755,118.39,118.69,77182.0
2026-03-25 10:10:00,118.695,118.9,118.65,118.89,79598.0
2026-03-25 10:15:00,118.88,119.0,118.45,118.54,94305.0
2026-03-25 10:20:00,118.49,119.18,118.45,119.04,113660.0
2026-03-25 10:25:00,119.02,119.14,118.58,118.72,70819.0
2026-03-25 10:30:00,118.7051,118.91,118.6,118.91,65942.0
2026-03-25 10:35:00,118.9,118.97,118.7347,118.81,40715.0
2026-03-25 10:40:00,118.77,118.96,118.77,118.865,52154.0
2026-03-25 10:45:00,118.91,119.0,118.62,118.76,129038.0
2026-03-25 10:50:00,118.76,118.81,118.52,118.73,60817.0
2026-03-25 10:55:00,118.73,118.89,118.64,118.76,75791.0
2026-03-25 11:00:00,118.79,119.0,118.77,118.97,50886.0
2026-03-25 11:05:00,118.97,119.08,118.875,119.04,70640.0
2026-03-25 11:10:00,119.01,119.315,118.97,119.205,70593.0
2026-03-25 11:15:00,119.185,119.22,118.62,119.095,92439.0
2026-03-25 11:20:00,119.11,119.41,119.095,119.33,91172.0
2026-03-25 11:25:00,119.265,119.55,119.19,119.55,73901.0
2026-03-25 11:30:00,119.55,119.67,119.475,119.54,65305.0
2026-03-25 11:35:00,119.52,119.6,119.32,119.36,66753.0
2026-03-25 11:40:00,119.37,119.55,119.32,119.5,31585.0
2026-03-25 11:45:00,119.55,119.66,119.463,119.49,70616.0
2026-03-25 11:50:00,119.53,119.5399,119.3,119.41,52107.0
2026-03-25 11:55:00,119.4,119.6,119.375,119.58,41631.0
2026-03-25 12:00:00,119.57,119.695,119.53,119.63,49486.0
2026-03-25 12:05:00,119.63,119.68,119.515,119.56,84132.0
2026-03-25 12:10:00,119.545,119.8,119.48,119.73,125623.0
2026-03-25 12:15:00,119.73,119.94,119.62,119.925,207054.0
2026-03-25 12:20:00,119.925,120.07,119.81,120.05,134706.0
2026-03-25 12:25:00,120.09,120.12,119.7,119.76,161202.0
2026-03-25 12:30:00,119.77,119.825,119.54,119.825,87994.0
2026-03-25 12:35:00,119.73,119.99,119.73,119.975,42163.0
2026-03-25 12:40:00,119.97,119.99,119.82,119.85,44045.0
2026-03-25 12:45:00,119.83,119.85,119.625,119.74,41617.0
2026-03-25 12:50:00,119.73,119.895,119.69,119.84,45469.0
2026-03-25 12:55:00,119.88,119.88,119.64,119.72,44390.0
2026-03-25 13:00:00,119.7,119.93,119.69,119.755,36396.0
2026-03-25 13:05:00,119.74,119.81,119.65,119.65,65224.0
2026-03-25 13:10:00,119.65,119.77,119.6101,119.74,47049.0
2026-03-25 13:15:00,119.725,119.835,119.61,119.735,40857.0
2026-03-25 13:20:00,119.71,119.71,119.63,119.6625,39534.0
2026-03-25 13:25:00,119.665,119.7299,119.585,119.7,34082.0
2026-03-25 13:30:00,119.67,119.73,119.59,119.685,36343.0
2026-03-25 13:35:00,119.685,119.76,119.54,119.65,43516.0
2026-03-25 13:40:00,119.6325,119.6325,119.41,119.58,54536.0
2026-03-25 13:45:00,119.58,119.61,119.36,119.55,61341.0
2026-03-25 13:50:00,119.55,119.59,119.4101,119.44,31379.0
2026-03-25 13:55:00,119.44,119.52,119.312,119.39,43076.0
2026-03-25 14:00:00,119.385,119.49,119.33,119.39,34534.0
2026-03-25 14:05:00,119.36,119.43,119.315,119.38,37960.0
2026-03-25 14:10:00,119.35,119.4,119.26,119.31,39205.0
2026-03-25 14:15:00,119.305,119.43,119.27,119.395,31971.0
2026-03-25 14:20:00,119.39,119.4071,119.25,119.25,31945.0
2026-03-25 14:25:00,119.26,119.27,119.03,119.15,51771.0
2026-03-25 14:30:00,119.16,119.24,119.045,119.07,44068.0
2026-03-25 14:35:00,119.09,119.145,119.02,119.13,41690.0
2026-03-25 14:40:00,119.14,119.15,119.06,119.11,34952.0
2026-03-25 14:45:00,119.09,119.155,119.06,119.155,35511.0
2026-03-25 14:50:00,119.16,119.21,119.1301,119.1703,32533.0
2026-03-25 14:55:00,119.19,119.19,118.89,119.02,72963.0
2026-03-25 15:00:00,119.05,119.08,118.9,119.04,41177.0
2026-03-25 15:05:00,119.02,119.08,118.98,119.06,39313.0
2026-03-25 15:10:00,119.07,119.08,118.89,118.91,43469.0
2026-03-25 15:15:00,118.91,118.99,118.83,118.97,71765.0
2026-03-25 15:20:00,118.96,119.08,118.93,119.01,74847.0
2026-03-25 15:25:00,119.0,119.01,118.81,118.84,107449.0
2026-03-25 15:30:00,118.84,118.91,118.81,118.81,98308.0
2026-03-25 15:35:00,118.81,118.9,118.75,118.87,83955.0
2026-03-25 15:40:00,118.86,118.965,118.81,118.81,137605.0
2026-03-25 15:45:00,118.81,119.2,118.81,119.185,128132.0
2026-03-25 15:50:00,119.19,119.4,119.06,119.21,245031.0
2026-03-25 15:55:00,119.23,119.41,119.2,119.37,622576.0
2026-03-26 09:30:00,118.955,119.94,118.955,119.28,234671.0
2026-03-26 09:35:00,119.24,119.24,118.65,118.985,45715.0
2026-03-26 09:40:00,118.9973,119.285,118.825,119.23,53620.0
2026-03-26 09:45:00,119.27,119.74,119.17,119.56,50676.0
2026-03-26 09:50:00,119.59,119.64,119.32,119.39,52464.0
2026-03-26 09:55:00,119.36,119.44,119.1,119.26,43615.0
2026-03-26 10:00:00,119.2865,119.33,118.9187,118.95,48706.0
2026-03-26 10:05:00,118.96,119.52,118.92,119.51,75544.0
2026-03-26 10:10:00,119.46,119.84,119.41,119.83,49347.0
2026-03-26 10:15:00,119.815,119.8175,119.635,119.67,76103.0
2026-03-26 10:20:00,119.665,119.84,119.6054,119.695,48010.0
2026-03-26 10:25:00,119.695,119.81,119.65,119.79,91325.0
2026-03-26 10:30:00,119.8,119.82,119.64,119.78,46662.0
2026-03-26 10:35:00,119.79,119.84,119.705,119.82,55521.0
2026-03-26 10:40:00,119.8,119.91,119.6308,119.685,72330.0
2026-03-26 10:45:00,119.68,120.06,119.68,119.85,73341.0
2026-03-26 10:50:00,119.83,120.0,119.83,119.9,60965.0
2026-03-26 10:55:00,119.89,119.965,119.75,119.95,60064.0
2026-03-26 11:00:00,119.9,119.94,119.79,119.905,51901.0
2026-03-26 11:05:00,119.93,120.05,119.8601,119.935,62790.0
2026-03-26 11:10:00,119.925,120.06,119.845,119.86,74720.0
2026-03-26 11:15:00,119.9,119.95,119.6,119.82,50308.0
2026-03-26 11:20:00,119.84,119.895,119.74,119.755,38191.0
2026-03-26 11:25:00,119.755,119.852,119.72,119.825,56838.0
2026-03-26 11:30:00,119.825,119.86,119.65,119.82,57413.0
2026-03-26 11:35:00,119.82,119.92,119.7801,119.84,57235.0
2026-03-26 11:40:00,119.79,119.79,119.36,119.385,77978.0
2026-03-26 11:45:00,119.39,119.64,119.39,119.64,55950.0
2026-03-26 11:50:00,119.65,119.75,119.595,119.65,68459.0
2026-03-26 11:55:00,119.65,119.65,119.4515,119.49,23633.0
2026-03-26 12:00:00,119.49,119.56,119.43,119.51,42370.0
2026-03-26 12:05:00,119.56,119.79,119.55,119.79,47607.0
2026-03-26 12:10:00,119.76,119.82,119.7301,119.8,32674.0
2026-03-26 12:15:00,119.8,119.8199,119.58,119.67,39492.0
2026-03-26 12:20:00,119.69,119.7,119.51,119.5513,30062.0
2026-03-26 12:25:00,119.53,119.57,119.39,119.49,35851.0
2026-03-26 12:30:00,119.465,119.4899,119.37,119.48,31746.0
2026-03-26 12:35:00,119.475,119.49,119.41,119.42,17395.0
2026-03-26 12:40:00,119.43,119.62,119.42,119.59,30177.0
2026-03-26 12:45:00,119.61,119.68,119.605,119.66,26057.0
2026-03-26 12:50:00,119.66,119.78,119.655,119.72,38023.0
2026-03-26 12:55:00,119.71,119.81,119.695,119.81,25781.0
2026-03-26 13:00:00,119.81,119.91,119.81,119.825,38206.0
2026-03-26 13:05:00,119.85,119.9,119.8373,119.865,37530.0
2026-03-26 13:10:00,119.865,119.87,119.7401,119.8,32371.0
2026-03-26 13:15:00,119.8,119.8,119.57,119.57,21724.0
2026-03-26 13:20:00,119.565,119.595,119.46,119.5,45788.0
2026-03-26 13:25:00,119.5,119.58,119.46,119.56,37286.0
2026-03-26 13:30:00,119.57,119.59,119.46,119.535,36909.0
2026-03-26 13:35:00,119.55,119.59,119.34,119.37,28448.0
2026-03-26 13:40:00,119.35,119.39,119.27,119.39,36355.0
2026-03-26 13:45:00,119.4,119.4599,119.39,119.43,25845.0
2026-03-26 13:50:00,119.41,119.445,119.3645,119.385,19908.0
2026-03-26 13:55:00,119.39,119.4,119.21,119.215,28863.0
2026-03-26 14:00:00,119.24,119.37,119.2,119.33,66130.0
2026-03-26 14:05:00,119.34,119.43,119.32,119.38,27818.0
2026-03-26 14:10:00,119.4,119.4088,119.24,119.3001,32314.0
2026-03-26 14:15:00,119.34,119.3572,119.27,119.29,26669.0
2026-03-26 14:20:00,119.2949,119.2949,119.1251,119.22,30935.0
2026-03-26 14:25:00,119.22,119.3,119.19,119.27,31517.0
2026-03-26 14:30:00,119.25,119.3,119.18,119.28,39966.0
2026-03-26 14:35:00,119.265,119.36,119.24,119.34,24669.0
2026-03-26 14:40:00,119.33,119.35,119.28,119.31,25621.0
2026-03-26 14:45:00,119.31,119.3134,119.19,119.29,58092.0
2026-03-26 14:50:00,119.29,119.35,119.26,119.26,41931.0
2026-03-26 14:55:00,119.23,119.245,119.125,119.18,61159.0
2026-03-26 15:00:00,119.195,119.21,118.91,118.96,42553.0
2026-03-26 15:05:00,118.98,119.02,118.92,118.95,51807.0
2026-03-26 15:10:00,118.94,118.94,118.77,118.915,41652.0
2026-03-26 15:15:00,118.9,118.9897,118.88,118.965,41884.0
2026-03-26 15:20:00,118.975,118.99,118.9,118.9201,36795.0
2026-03-26 15:25:00,118.93,119.005,118.93,118.94,77922.0
2026-03-26 15:30:00,118.945,118.96,118.81,118.86,76690.0
2026-03-26 15:35:00,118.85,118.965,118.8301,118.905,67139.0
2026-03-26 15:40:00,118.9,118.9899,118.88,118.91,84897.0
2026-03-26 15:45:00,118.91,119.0,118.83,118.99,140398.0
2026-03-26 15:50:00,119.01,119.02,118.87,118.945,155088.0
2026-03-26 15:55:00,118.96,119.035,118.86,118.93,434690.0
2026-03-27 09:30:00,119.285,119.43,118.6,119.27,166602.0
2026-03-27 09:35:00,119.2,119.56,119.07,119.54,102579.0
2026-03-27 09:40:00,119.54,120.47,119.495,120.16,110200.0
2026-03-27 09:45:00,120.16,120.56,119.87,120.56,112754.0
2026-03-27 09:50:00,120.56,120.78,120.14,120.345,89081.0
2026-03-27 09:55:00,120.315,120.425,119.695,119.89,82975.0
2026-03-27 10:00:00,119.88,120.075,119.7,119.96,57303.0
2026-03-27 10:05:00,119.945,120.2293,119.85,120.175,71101.0
2026-03-27 10:10:00,120.175,120.23,119.9,120.02,81468.0
2026-03-27 10:15:00,119.9859,120.15,119.85,120.08,43032.0
2026-03-27 10:20:00,120.12,120.27,119.905,119.905,54330.0
2026-03-27 10:25:00,119.93,120.07,119.625,119.66,63668.0
2026-03-27 10:30:00,119.66,119.97,119.59,119.89,41776.0
2026-03-27 10:35:00,119.915,119.92,119.715,119.715,62966.0
2026-03-27 10:40:00,119.695,119.84,119.55,119.71,60753.0
2026-03-27 10:45:00,119.68,120.0,119.63,119.99,79394.0
2026-03-27 10:50:00,119.99,120.26,119.925,120.14,71591.0
2026-03-27 10:55:00,120.13,120.43,120.125,120.33,82322.0
2026-03-27 11:00:00,120.34,120.485,120.31,120.46,79987.0
2026-03-27 11:05:00,120.46,120.57,120.135,120.215,61831.0
2026-03-27 11:10:00,120.215,120.68,120.1726,120.65,135045.0
2026-03-27 11:15:00,120.6,120.86,120.37,120.37,119488.0
2026-03-27 11:20:00,120.38,120.77,120.38,120.75,83429.0
2026-03-27 11:25:00,120.725,120.85,120.68,120.785,80463.0
2026-03-27 11:30:00,120.785,121.0,120.77,120.81,71965.0
2026-03-27 11:35:00,120.84,121.07,120.77,120.78,79016.0
2026-03-27 11:40:00,120.83,120.94,120.7499,120.84,69851.0
2026-03-27 11:45:00,120.825,120.945,120.825,120.9,49572.0
2026-03-27 11:50:00,120.9,120.94,120.58,120.68,60805.0
2026-03-27 11:55:00,120.68,120.71,120.445,120.505,57705.0
2026-03-27 12:00:00,120.5,120.57,120.395,120.4703,72955.0
2026-03-27 12:05:00,120.45,120.55,120.42,120.49,39962.0
2026-03-27 12:10:00,120.525,120.59,120.495,120.58,45627.0
2026-03-27 12:15:00,120.605,120.68,120.56,120.6,45516.0
2026-03-27 12:20:00,120.609,120.72,120.48,120.48,69565.0
2026-03-27 12:25:00,120.4779,120.67,120.375,120.55,58788.0
2026-03-27 12:30:00,120.55,120.64,120.53,120.595,44165.0
2026-03-27 12:35:00,120.595,120.61,120.45,120.53,48290.0
2026-03-27 12:40:00,120.51,120.58,120.21,120.35,91518.0
2026-03-27 12:45:00,120.35,120.57,120.3,120.57,92728.0
2026-03-27 12:50:00,120.53,120.65,120.5,120.58,58298.0
2026-03-27 12:55:00,120.57,120.64,120.44,120.59,66915.0
2026-03-27 13:00:00,120.57,120.81,120.5,120.75,71445.0
2026-03-27 13:05:00,120.76,120.83,120.57,120.615,78004.0
2026-03-27 13:10:00,120.61,120.71,120.54,120.64,50000.0
2026-03-27 13:15:00,120.67,120.69,120.48,120.6,48095.0
2026-03-27 13:20:00,120.57,120.62,120.34,120.39,61416.0
2026-03-27 13:25:00,120.41,120.44,120.31,120.34,34170.0
2026-03-27 13:30:00,120.37,120.59,120.37,120.58,45621.0
2026-03-27 13:35:00,120.56,120.63,120.46,120.6,41941.0
2026-03-27 13:40:00,120.6,120.6,120.23,120.3,58468.0
2026-03-27 13:45:00,120.295,120.44,120.25,120.34,60887.0
2026-03-27 13:50:00,120.34,120.38,120.245,120.36,35638.0
2026-03-27 13:55:00,120.36,120.37,120.24,120.25,35338.0
2026-03-27 14:00:00,120.255,120.39,120.1,120.1,66427.0
2026-03-27 14:05:00,120.1675,120.355,120.1675,120.22,88771.0
2026-03-27 14:10:00,120.22,120.25,120.11,120.22,52561.0
2026-03-27 14:15:00,120.22,120.35,120.22,120.35,48386.0
2026-03-27 14:20:00,120.34,120.52,120.2706,120.4,58919.0
2026-03-27 14:25:00,120.38,120.39,120.2501,120.29,39118.0
2026-03-27 14:30:00,120.28,120.33,120.245,120.285,29738.0
2026-03-27 14:35:00,120.28,120.36,120.1204,120.25,60073.0
2026-03-27 14:40:00,120.255,120.39,120.19,120.35,47815.0
2026-03-27 14:45:00,120.35,120.37,120.296,120.33,37679.0
2026-03-27 14:50:00,120.33,120.335,120.195,120.21,40827.0
2026-03-27 14:55:00,120.2,120.2499,120.18,120.22,57676.0
2026-03-27 15:00:00,120.235,120.25,120.05,120.05,65008.0
2026-03-27 15:05:00,120.07,120.14,119.9,119.955,111179.0
2026-03-27 15:10:00,119.96,119.98,119.9101,119.96,51587.0
2026-03-27 15:15:00,119.93,120.16,119.9,120.14,84459.0
2026-03-27 15:20:00,120.155,120.32,120.145,120.27,75390.0
2026-03-27 15:25:00,120.29,120.29,120.065,120.18,156997.0
2026-03-27 15:30:00,120.21,120.31,120.15,120.3,109547.0
2026-03-27 15:35:00,120.29,120.3,119.8,120.02,99457.0
2026-03-27 15:40:00,120.02,120.03,119.61,119.6101,134859.0
2026-03-27 15:45:00,119.63,119.73,119.445,119.72,152863.0
2026-03-27 15:50:00,119.715,119.725,119.44,119.56,197927.0
2026-03-27 15:55:00,119.55,119.83,119.46,119.63,500782.0
2026-03-30 09:30:00,120.565,121.535,120.16,120.75,274964.0
2026-03-30 09:35:00,120.75,121.48,120.3,121.209,148848.0
2026-03-30 09:40:00,121.17,121.64,120.92,121.366,151216.0
2026-03-30 09:45:00,121.33,121.63,120.8478,121.53,190818.0
2026-03-30 09:50:00,121.51,121.54,120.9,121.045,112726.0
2026-03-30 09:55:00,121.045,121.24,120.96,120.96,85149.0
2026-03-30 10:00:00,120.99,121.06,120.43,120.52,69902.0
2026-03-30 10:05:00,120.55,120.87,120.1,120.21,76903.0
2026-03-30 10:10:00,120.195,120.38,119.6727,119.6938,107044.0
2026-03-30 10:15:00,119.695,119.695,119.35,119.52,117610.0
2026-03-30 10:20:00,119.495,119.56,119.25,119.44,73712.0
2026-03-30 10:25:00,119.44,119.9,119.44,119.48,131686.0
2026-03-30 10:30:00,119.45,119.8499,119.21,119.21,124540.0
2026-03-30 10:35:00,119.21,119.385,119.025,119.19,99851.0
2026-03-30 10:40:00,119.19,119.48,119.11,119.475,68682.0
2026-03-30 10:45:00,119.475,119.75,119.2351,119.2351,98155.0
2026-03-30 10:50:00,119.2,119.27,118.92,119.07,100120.0
2026-03-30 10:55:00,119.07,119.07,118.64,118.715,159935.0
2026-03-30 11:00:00,118.67,119.0,117.835,118.08,144442.0
2026-03-30 11:05:00,118.085,118.28,117.9175,118.28,241859.0
2026-03-30 11:10:00,118.31,118.72,118.24,118.575,82131.0
2026-03-30 11:15:00,118.575,118.805,118.38,118.65,91235.0
2026-03-30 11:20:00,118.58,118.64,118.26,118.355,114935.0
2026-03-30 11:25:00,118.355,118.47,117.95,117.995,79002.0
2026-03-30 11:30:00,118.01,118.0644,117.745,117.85,121803.0
2026-03-30 11:35:00,117.87,118.24,117.85,118.1804,65825.0
2026-03-30 11:40:00,118.18,118.27,117.98,118.075,64874.0
2026-03-30 11:45:00,118.11,118.22,117.97,118.03,216447.0
2026-03-30 11:50:00,118.05,118.135,117.985,118.085,57399.0
2026-03-30 11:55:00,118.085,118.155,117.795,117.86,64436.0
2026-03-30 12:00:00,117.88,117.88,117.46,117.535,120936.0
2026-03-30 12:05:00,117.53,117.82,117.53,117.69,66068.0
2026-03-30 12:10:00,117.67,117.71,117.5,117.55,52852.0
2026-03-30 12:15:00,117.55,117.87,117.55,117.795,101331.0
2026-03-30 12:20:00,117.795,118.015,117.75,117.8,50187.0
2026-03-30 12:25:00,117.83,117.83,117.5403,117.58,50789.0
2026-03-30 12:30:00,117.58,117.74,117.56,117.64,45591.0
2026-03-30 12:35:00,117.65,117.68,117.565,117.625,36483.0
2026-03-30 12:40:00,117.59,117.81,117.58,117.614,29362.0
2026-03-30 12:45:00,117.59,117.64,117.52,117.59,38931.0
2026-03-30 12:50:00,117.56,117.6999,117.49,117.58,40829.0
2026-03-30 12:55:00,117.56,117.63,117.31,117.42,54121.0
2026-03-30 13:00:00,117.4399,117.44,117.22,117.265,64877.0
2026-03-30 13:05:00,117.26,117.4,117.22,117.38,37465.0
2026-03-30 13:10:00,117.4,117.49,117.345,117.355,41044.0
2026-03-30 13:15:00,117.37,117.44,117.32,117.33,45137.0
2026-03-30 13:20:00,117.32,117.64,117.2765,117.63,46079.0
2026-03-30 13:25:00,117.61,117.63,117.48,117.48,39304.0
2026-03-30 13:30:00,117.52,117.62,117.43,117.62,51821.0
2026-03-30 13:35:00,117.61,117.94,117.49,117.88,61260.0
2026-03-30 13:40:00,117.86,117.97,117.8,117.91,61840.0
2026-03-30 13:45:00,117.9,118.0,117.8401,117.935,93676.0
2026-03-30 13:50:00,117.92,118.08,117.8,118.06,61605.0
2026-03-30 13:55:00,118.06,118.19,118.025,118.165,59217.0
2026-03-30 14:00:00,118.15,118.23,117.98,118.125,63130.0
2026-03-30 14:05:00,118.14,118.15,117.8,118.025,51364.0
2026-03-30 14:10:00,118.0499,118.15,117.7833,118.15,56148.0
2026-03-30 14:15:00,118.15,118.19,117.905,118.01,55876.0
2026-03-30 14:20:00,118.03,118.08,117.9275,118.04,48281.0
2026-03-30 14:25:00,118.06,118.09,118.02,118.035,40350.0
2026-03-30 14:30:00,118.045,118.1437,117.81,117.85,71019.0
2026-03-30 14:35:00,117.87,118.08,117.85,118.075,45646.0
2026-03-30 14:40:00,118.06,118.16,117.98,117.99,52832.0
2026-03-30 14:45:00,118.01,118.18,118.0,118.13,51982.0
2026-03-30 14:50:00,118.12,118.2253,117.97,118.01,60414.0
2026-03-30 14:55:00,118.01,118.08,117.93,118.015,66313.0
2026-03-30 15:00:00,117.99,118.11,117.9801,118.02,48815.0
2026-03-30 15:05:00,118.02,118.04,117.865,117.925,73286.0
2026-03-30 15:10:00,117.925,117.99,117.84,117.935,52570.0
2026-03-30 15:15:00,117.935,118.0,117.89,117.93,66930.0
2026-03-30 15:20:00,117.93,117.93,117.64,117.64,65629.0
2026-03-30 15:25:00,117.655,117.69,117.5401,117.651,112168.0
2026-03-30 15:30:00,117.67,117.78,117.571,117.62,109277.0
2026-03-30 15:35:00,117.63,117.925,117.61,117.895,130106.0
2026-03-30 15:40:00,117.92,118.0091,117.775,118.0,144338.0
2026-03-30 15:45:00,117.98,118.045,117.73,117.8,164876.0
2026-03-30 15:50:00,117.79,117.98,117.67,117.94,356850.0
2026-03-30 15:55:00,117.94,118.15,117.77,118.11,815676.0
2026-03-31 09:30:00,119.03,120.08,118.77,119.87,320650.0
2026-03-31 09:35:00,119.795,119.925,119.34,119.655,109299.0
2026-03-31 09:40:00,119.6517,119.98,119.48,119.89,100493.0
2026-03-31 09:45:00,119.92,120.25,119.85,119.89,130527.0
2026-03-31 09:50:00,119.9701,120.45,119.93,120.365,101029.0
2026-03-31 09:55:00,120.355,120.84,120.13,120.81,137409.0
2026-03-31 10:00:00,120.81,121.235,120.75,121.13,120173.0
2026-03-31 10:05:00,121.16,121.27,120.67,120.67,115935.0
2026-03-31 10:10:00,120.73,120.94,120.58,120.73,79872.0
2026-03-31 10:15:00,120.735,120.8425,120.33,120.435,109301.0
2026-03-31 10:20:00,120.44,120.58,120.18,120.355,105438.0
2026-03-31 10:25:00,120.32,120.51,120.22,120.39,97810.0
2026-03-31 10:30:00,120.43,120.43,120.1,120.21,101149.0
2026-03-31 10:35:00,120.21,120.3,119.98,120.0175,98873.0
2026-03-31 10:40:00,120.015,120.2,119.77,119.795,81393.0
2026-03-31 10:45:00,119.81,119.905,119.425,119.475,87886.0
2026-03-31 10:50:00,119.48,119.67,119.425,119.62,86427.0
2026-03-31 10:55:00,119.608,119.66,119.37,119.55,65414.0
2026-03-31 11:00:00,119.55,119.87,119.5301,119.72,56135.0
2026-03-31 11:05:00,119.69,120.33,119.66,120.235,166056.0
2026-03-31 11:10:00,120.275,120.68,120.23,120.59,84893.0
2026-03-31 11:15:00,120.66,120.8,120.58,120.59,71104.0
2026-03-31 11:20:00,120.62,120.685,120.4001,120.52,55145.0
2026-03-31 11:25:00,120.55,120.55,120.15,120.35,86207.0
2026-03-31 11:30:00,120.375,120.42,120.19,120.38,74225.0
2026-03-31 11:35:00,120.39,120.51,120.39,120.475,46747.0
2026-03-31 11:40:00,120.505,120.53,120.42,120.46,30448.0
2026-03-31 11:45:00,120.47,120.53,120.255,120.35,52298.0
2026-03-31 11:50:00,120.36,120.42,120.24,120.24,57429.0
2026-03-31 11:55:00,120.2999,120.2999,119.8909,119.959,57502.0
2026-03-31 12:00:00,119.92,120.14,119.87,119.9,62923.0
2026-03-31 12:05:00,119.9,120.12,119.8801,120.08,38056.0
2026-03-31 12:10:00,120.08,120.12,119.835,120.12,36728.0
2026-03-31 12:15:00,120.11,120.18,120.05,120.15,46033.0
2026-03-31 12:20:00,120.15,120.35,120.135,120.35,57899.0
2026-03-31 12:25:00,120.36,120.375,120.16,120.18,33153.0
2026-03-31 12:30:00,120.17,120.2199,120.09,120.125,31211.0
2026-03-31 12:35:00,120.11,120.29,120.1,120.25,68763.0
2026-03-31 12:40:00,120.26,120.5999,120.24,120.24,96310.0
2026-03-31 12:45:00,120.18,120.38,119.9,120.355,85620.0
2026-03-31 12:50:00,120.43,120.52,120.24,120.24,75159.0
2026-03-31 12:55:00,120.27,120.3799,120.1225,120.34,40330.0
2026-03-31 13:00:00,120.36,120.4,120.2575,120.31,50559.0
2026-03-31 13:05:00,120.29,120.3,120.09,120.09,37110.0
2026-03-31 13:10:00,120.11,120.28,120.11,120.195,592728.0
2026-03-31 13:15:00,120.195,120.24,120.0,120.1,46752.0
2026-03-31 13:20:00,120.075,120.17,119.88,120.08,64077.0
2026-03-31 13:25:00,120.075,120.18,120.005,120.03,31220.0
2026-03-31 13:30:00,120.03,120.03,119.89,119.99,44945.0
2026-03-31 13:35:00,119.97,120.14,119.96,120.125,35895.0
2026-03-31 13:40:00,120.101,120.23,120.0307,120.14,37216.0
2026-03-31 13:45:00,120.11,120.13,120.05,120.0809,31507.0
2026-03-31 13:50:00,120.1,120.2501,120.055,120.25,42732.0
2026-03-31 13:55:00,120.24,120.26,119.98,120.005,33382.0
2026-03-31 14:00:00,120.005,120.195,119.99,119.9902,67963.0
2026-03-31 14:05:00,120.01,120.07,119.87,119.98,46775.0
2026-03-31 14:10:00,120.0,120.065,119.99,120.025,37975.0
2026-03-31 14:15:00,120.04,120.17,119.99,120.08,43775.0
2026-03-31 14:20:00,120.05,120.05,119.87,119.88,39145.0
2026-03-31 14:25:00,119.91,120.0399,119.86,119.98,29367.0
2026-03-31 14:30:00,119.97,119.97,119.83,119.87,37178.0
2026-03-31 14:35:00,119.87,120.0,119.8101,119.8101,35148.0
2026-03-31 14:40:00,119.825,119.98,119.34,119.44,110795.0
2026-03-31 14:45:00,119.38,119.53,119.28,119.48,103830.0
2026-03-31 14:50:00,119.49,119.62,119.455,119.51,81436.0
2026-03-31 14:55:00,119.5,119.5199,119.32,119.47,95061.0
2026-03-31 15:00:00,119.47,119.53,119.41,119.45,95920.0
2026-03-31 15:05:00,119.45,119.52,119.38,119.5,74240.0
2026-03-31 15:10:00,119.5,119.59,119.45,119.495,106672.0
2026-03-31 15:15:00,119.495,119.71,119.495,119.67,75585.0
2026-03-31 15:20:00,119.65,119.77,119.57,119.71,59414.0
2026-03-31 15:25:00,119.7399,119.94,119.66,119.9,80553.0
2026-03-31 15:30:00,119.9,120.07,119.9,119.99,107413.0
2026-03-31 15:35:00,120.0,120.29,119.99,120.27,148970.0
2026-03-31 15:40:00,120.27,120.28,120.135,120.14,100381.0
2026-03-31 15:45:00,120.12,120.31,120.04,120.245,173783.0
2026-03-31 15:50:00,120.27,120.32,120.06,120.2,236128.0
2026-03-31 15:55:00,120.19,120.38,120.17,120.29,677717.0
