datetime,open,high,low,close,volume
2026-03-02 09:30:00,161.7911,164.5665,161.3037,164.4273,330781.0
2026-03-02 09:35:00,164.4322,165.5713,163.721,164.6262,119571.0
2026-03-02 09:40:00,164.6262,166.2577,164.6262,165.8995,95820.0
2026-03-02 09:45:00,165.8249,166.4964,165.6807,166.2347,106420.0
2026-03-02 09:50:00,166.2278,166.3422,165.7006,165.9642,87233.0
2026-03-02 09:55:00,165.9592,166.5661,165.5016,166.377,92518.0
2026-03-02 10:00:00,166.3571,167.0634,166.0488,166.8247,87296.0
2026-03-02 10:05:00,166.8297,167.0932,166.4666,166.8197,103107.0
2026-03-02 10:10:00,166.8197,167.8394,166.8197,167.7299,142379.0
2026-03-02 10:15:00,167.7349,168.2671,167.5708,168.0433,278715.0
2026-03-02 10:20:00,167.9985,168.7148,167.7896,167.8244,429528.0
2026-03-02 10:25:00,167.8294,168.1179,167.6006,167.6951,84581.0
2026-03-02 10:30:00,167.6404,167.7996,166.8993,166.8993,239171.0
2026-03-02 10:35:00,166.9092,166.9839,166.2378,166.6984,100617.0
2026-03-02 10:40:00,166.6954,166.9839,166.188,166.5561,93476.0
2026-03-02 10:45:00,166.6158,166.9043,166.2676,166.5263,102025.0
2026-03-02 10:50:00,166.4268,167.0386,166.3373,166.9142,51979.0
2026-03-02 10:55:00,166.9092,167.5907,166.7849,167.3121,68858.0
2026-03-02 11:00:00,167.2574,168.0383,167.1928,167.9637,64856.0
2026-03-02 11:05:00,167.9488,168.0794,167.3819,167.6951,57102.0
2026-03-02 11:10:00,167.6951,168.2224,167.6504,167.8443,72172.0
2026-03-02 11:15:00,167.8443,168.0483,167.72,167.7747,84116.0
2026-03-02 11:20:00,167.7747,168.2671,167.7001,168.098,56141.0
2026-03-02 11:25:00,168.0682,168.1478,167.2027,167.3519,72859.0
2026-03-02 11:30:00,167.3022,167.6603,167.3022,167.5409,54765.0
2026-03-02 11:35:00,167.6,168.0284,167.4116,167.7697,40404.0
2026-03-02 11:40:00,167.7697,168.2273,167.7697,168.1378,47591.0
2026-03-02 11:45:00,168.1378,168.4462,168.0383,168.3865,46011.0
2026-03-02 11:50:00,168.3865,168.4263,167.9587,167.9886,41652.0
2026-03-02 11:55:00,167.9786,167.9985,167.5807,167.5807,47691.0
2026-03-02 12:00:00,167.5807,167.8742,167.521,167.7548,51194.0
2026-03-02 12:05:00,167.7648,168.0085,167.725,167.7896,45150.0
2026-03-02 12:10:00,167.7648,168.3069,167.7001,168.1478,32739.0
2026-03-02 12:15:00,168.1826,168.5009,168.1378,168.4561,56279.0
2026-03-02 12:20:00,168.5108,168.5656,168.2771,168.3368,59567.0
2026-03-02 12:25:00,168.287,168.297,167.7001,167.7001,48618.0
2026-03-02 12:30:00,167.6802,167.9488,167.5011,167.7548,66160.0
2026-03-02 12:35:00,167.7299,167.8195,167.5908,167.7996,33705.0
2026-03-02 12:40:00,167.8294,167.9786,167.4365,167.6255,53714.0
2026-03-02 12:45:00,167.5708,167.5807,167.138,167.2723,42995.0
2026-03-02 12:50:00,167.2276,167.332,167.138,167.2723,46064.0
2026-03-02 12:55:00,167.2922,167.3221,166.9341,167.3022,61787.0
2026-03-02 13:00:00,167.332,167.6703,167.2823,167.6006,63614.0
2026-03-02 13:05:00,167.6056,167.6702,166.964,167.153,64651.0
2026-03-02 13:10:00,167.1729,167.2425,166.954,167.0634,48365.0
2026-03-02 13:15:00,167.1182,167.3619,167.0336,167.143,45120.0
2026-03-02 13:20:00,167.143,167.143,166.8744,166.8943,29963.0
2026-03-02 13:25:00,166.8844,167.1032,166.8545,166.9441,41902.0
2026-03-02 13:30:00,166.9032,167.1231,166.7849,167.1231,66612.0
2026-03-02 13:35:00,167.0435,167.0585,166.7948,166.8446,57123.0
2026-03-02 13:40:00,166.8645,166.964,166.7252,166.8844,88888.0
2026-03-02 13:45:00,166.8645,167.0172,166.5362,166.959,62236.0
2026-03-02 13:50:00,167.0038,167.2723,166.9839,167.143,37276.0
2026-03-02 13:55:00,167.1331,167.2276,166.9789,167.1522,41668.0
2026-03-02 14:00:00,167.0236,167.3121,166.9341,167.0988,45632.0
2026-03-02 14:05:00,167.0763,167.2524,167.0137,167.1132,71491.0
2026-03-02 14:10:00,167.1231,167.4337,167.0236,167.3967,142575.0
2026-03-02 14:15:00,167.3967,167.6305,167.3519,167.4216,89725.0
2026-03-02 14:20:00,167.4514,167.7299,167.4117,167.5316,57612.0
2026-03-02 14:25:00,167.4514,167.5011,167.2226,167.4415,84471.0
2026-03-02 14:30:00,167.4415,167.6504,167.3022,167.3022,53022.0
2026-03-02 14:35:00,167.2808,167.4912,167.1331,167.1629,49240.0
2026-03-02 14:40:00,167.1679,167.329,167.0684,167.153,56728.0
2026-03-02 14:45:00,167.1529,167.153,166.8695,166.9368,74719.0
2026-03-02 14:50:00,166.9477,167.148,166.7998,167.0634,45013.0
2026-03-02 14:55:00,167.0734,167.2425,167.0039,167.0585,51793.0
2026-03-02 15:00:00,167.0535,167.1231,166.8545,166.8844,48933.0
2026-03-02 15:05:00,166.8744,167.0236,166.4417,166.4865,147078.0
2026-03-02 15:10:00,166.4367,166.4964,165.8896,166.0687,98234.0
2026-03-02 15:15:00,166.0736,166.6158,166.009,166.2477,61191.0
2026-03-02 15:20:00,166.2179,166.3571,166.1184,166.2278,58027.0
2026-03-02 15:25:00,166.188,166.3059,166.0239,166.0786,89792.0
2026-03-02 15:30:00,166.0985,166.3723,166.0985,166.2726,73899.0
2026-03-02 15:35:00,166.2477,166.4666,166.1383,166.2477,92381.0
2026-03-02 15:40:00,166.2477,166.3427,166.0786,166.2477,130691.0
2026-03-02 15:45:00,166.2378,166.4268,166.1632,166.198,127172.0
2026-03-02 15:50:00,166.2278,166.2776,165.5016,165.8349,281604.0
2026-03-02 15:55:00,165.8399,166.1184,165.5762,166.1085,669410.0
2026-03-03 09:30:00,161.612,161.6717,159.6623,161.0749,225836.0
2026-03-03 09:35:00,161.2241,162.1889,160.9455,161.1694,78118.0
2026-03-03 09:40:00,161.1644,161.1942,159.911,160.0801,90822.0
2026-03-03 09:45:00,160.0801,161.2838,159.9607,160.3288,84749.0
2026-03-03 09:50:00,160.2293,160.7267,159.911,160.1597,134417.0
2026-03-03 09:55:00,160.1099,160.9356,159.8762,160.7167,106175.0
2026-03-03 10:00:00,160.7516,161.3136,160.3735,160.6919,96335.0
2026-03-03 10:05:00,160.6869,160.7963,160.1298,160.3984,102445.0
2026-03-03 10:10:00,160.3089,161.0485,159.7916,160.7365,105541.0
2026-03-03 10:15:00,160.6073,160.7864,160.0005,160.2741,62488.0
2026-03-03 10:20:00,160.1796,160.2442,159.543,159.5926,93286.0
2026-03-03 10:25:00,159.6125,159.7966,159.1151,159.6424,137981.0
2026-03-03 10:30:00,159.6623,160.9853,159.5528,160.6421,114416.0
2026-03-03 10:35:00,160.667,160.9028,160.4133,160.7466,75294.0
2026-03-03 10:40:00,160.6372,161.1544,160.5476,160.8311,84217.0
2026-03-03 10:45:00,160.866,161.1543,160.3596,160.6769,76554.0
2026-03-03 10:50:00,160.5124,160.6173,160.1696,160.3885,46649.0
2026-03-03 10:55:00,160.4084,160.7864,160.2293,160.7764,67012.0
2026-03-03 11:00:00,160.7665,160.8579,160.3139,160.7366,43707.0
2026-03-03 11:05:00,160.7565,161.5026,160.7466,161.423,55923.0
2026-03-03 11:10:00,161.4131,162.0,161.1345,161.8806,42008.0
2026-03-03 11:15:00,161.8707,162.0696,161.5623,161.8011,109000.0
2026-03-03 11:20:00,161.7463,162.5272,161.7414,162.4303,143220.0
2026-03-03 11:25:00,162.4327,162.5272,162.03,162.378,111640.0
2026-03-03 11:30:00,162.4178,162.5571,161.9204,162.383,83868.0
2026-03-03 11:35:00,162.4676,162.5869,162.2089,162.3507,83814.0
2026-03-03 11:40:00,162.388,162.8456,162.2406,162.6317,69943.0
2026-03-03 11:45:00,162.7268,163.4325,162.6864,163.1639,72080.0
2026-03-03 11:50:00,163.2037,163.6414,163.144,163.5718,89444.0
2026-03-03 11:55:00,163.5718,163.8404,163.4823,163.6613,75093.0
2026-03-03 12:00:00,163.8105,164.1288,163.5121,163.711,73974.0
2026-03-03 12:05:00,163.7011,164.0791,163.6414,163.7757,54486.0
2026-03-03 12:10:00,163.8006,163.9796,163.343,163.4076,59603.0
2026-03-03 12:15:00,163.4076,163.5817,163.1341,163.4574,45741.0
2026-03-03 12:20:00,163.5121,163.8851,163.4425,163.7608,38697.0
2026-03-03 12:25:00,163.7608,163.8901,163.4524,163.6613,44109.0
2026-03-03 12:30:00,163.6613,163.7135,163.4623,163.5519,54588.0
2026-03-03 12:35:00,163.4822,163.721,163.3927,163.5519,27356.0
2026-03-03 12:40:00,163.5519,164.0682,163.4623,163.8846,41599.0
2026-03-03 12:45:00,163.91,164.089,163.7309,164.0294,46816.0
2026-03-03 12:50:00,164.0194,164.1736,163.722,163.8254,46127.0
2026-03-03 12:55:00,163.8254,164.1288,163.8254,164.0692,37212.0
2026-03-03 13:00:00,164.099,164.6362,164.099,164.3377,48425.0
2026-03-03 13:05:00,164.3377,164.6163,164.2681,164.5367,40441.0
2026-03-03 13:10:00,164.5069,164.5665,164.2283,164.3129,26543.0
2026-03-03 13:15:00,164.3875,164.5417,164.3278,164.3775,36122.0
2026-03-03 13:20:00,164.3875,165.2728,164.3178,165.2629,78439.0
2026-03-03 13:25:00,165.2629,165.4121,165.0888,165.248,64669.0
2026-03-03 13:30:00,165.248,165.7802,165.233,165.5713,60918.0
2026-03-03 13:35:00,165.4817,165.9692,165.3226,165.8598,79409.0
2026-03-03 13:40:00,165.8001,165.9393,165.1634,165.2977,38665.0
2026-03-03 13:45:00,165.2629,165.3474,164.9843,164.9843,82776.0
2026-03-03 13:50:00,164.9893,165.4967,164.9744,165.3972,79153.0
2026-03-03 13:55:00,165.3425,165.3524,165.049,165.2032,50180.0
2026-03-03 14:00:00,165.2231,165.4725,165.0639,165.2281,48360.0
2026-03-03 14:05:00,165.2828,165.3325,164.8551,164.8551,49106.0
2026-03-03 14:10:00,164.855,165.0377,164.6363,164.9197,43421.0
2026-03-03 14:15:00,164.9197,165.1982,164.8152,165.1982,47178.0
2026-03-03 14:20:00,165.1634,165.3922,165.1336,165.1783,47958.0
2026-03-03 14:25:00,165.1037,165.1574,164.865,165.054,46612.0
2026-03-03 14:30:00,165.0938,165.3077,164.666,164.7755,39646.0
2026-03-03 14:35:00,164.7754,165.4718,164.676,165.3773,50494.0
2026-03-03 14:40:00,165.3723,165.82,165.3723,165.6807,40757.0
2026-03-03 14:45:00,165.7802,166.4467,165.7603,166.4467,138264.0
2026-03-03 14:50:00,166.2975,166.3273,166.009,166.198,62926.0
2026-03-03 14:55:00,166.0687,166.0786,165.7802,165.8399,39791.0
2026-03-03 15:00:00,165.9692,166.064,165.7205,165.8797,69138.0
2026-03-03 15:05:00,165.7901,165.9682,165.5613,165.8299,54573.0
2026-03-03 15:10:00,165.8498,165.9095,165.6807,165.7007,58486.0
2026-03-03 15:15:00,165.7503,165.8697,165.4618,165.4718,82497.0
2026-03-03 15:20:00,165.4718,165.6956,165.3126,165.631,93217.0
2026-03-03 15:25:00,165.5812,165.9941,165.432,165.8697,59578.0
2026-03-03 15:30:00,165.8647,165.9692,165.5912,165.621,49349.0
2026-03-03 15:35:00,165.621,165.8001,165.3624,165.3773,54133.0
2026-03-03 15:40:00,165.3723,165.5613,165.1236,165.2525,121370.0
2026-03-03 15:45:00,165.2231,165.3624,165.0838,165.1833,107555.0
2026-03-03 15:50:00,165.243,165.4221,164.7804,164.9843,134475.0
2026-03-03 15:55:00,164.9843,165.1634,164.8699,164.9943,380799.0
2026-03-04 09:30:00,166.7003,167.72,166.0388,166.7103,160422.0
2026-03-04 09:35:00,166.7053,167.2603,166.1681,166.6854,114395.0
2026-03-04 09:40:00,166.775,167.0236,165.7205,166.1283,112579.0
2026-03-04 09:45:00,166.1234,166.6257,165.6547,165.8995,93371.0
2026-03-04 09:50:00,165.8946,167.2276,165.7951,166.6158,70541.0
2026-03-04 09:55:00,166.6606,167.3917,166.4268,167.3917,41301.0
2026-03-04 10:00:00,167.4216,168.0682,166.765,167.1331,87256.0
2026-03-04 10:05:00,167.211,167.521,166.8346,167.4763,55700.0
2026-03-04 10:10:00,167.3917,167.9488,167.143,167.6106,63815.0
2026-03-04 10:15:00,167.6305,167.9785,167.3619,167.5807,30991.0
2026-03-04 10:20:00,167.5857,167.8394,167.3519,167.6603,56435.0
2026-03-04 10:25:00,167.6603,168.2373,167.5608,167.8294,185474.0
2026-03-04 10:30:00,167.8443,168.3169,167.4514,167.4614,78527.0
2026-03-04 10:35:00,167.5111,167.5111,167.046,167.1729,35784.0
2026-03-04 10:40:00,167.3022,167.6006,167.2724,167.4365,30783.0
2026-03-04 10:45:00,167.4315,167.531,167.1929,167.531,42178.0
2026-03-04 10:50:00,167.3818,167.5409,167.1928,167.342,37076.0
2026-03-04 10:55:00,167.3121,167.6106,167.2922,167.5409,27953.0
2026-03-04 11:00:00,167.6259,167.7498,167.5608,167.5708,29690.0
2026-03-04 11:05:00,167.5509,167.569,167.2674,167.3519,26409.0
2026-03-04 11:10:00,167.4116,167.4912,166.9043,166.9291,54274.0
2026-03-04 11:15:00,166.8894,167.2327,166.6456,167.138,84231.0
2026-03-04 11:20:00,167.1281,167.3121,167.0236,167.1032,88411.0
2026-03-04 11:25:00,167.0236,167.521,167.0236,167.4912,56809.0
2026-03-04 11:30:00,167.5807,167.6752,167.4216,167.5708,45252.0
2026-03-04 11:35:00,167.6255,167.8443,167.3022,167.4415,128577.0
2026-03-04 11:40:00,167.3569,167.8891,167.332,167.8891,23727.0
2026-03-04 11:45:00,167.8195,167.8692,167.6305,167.71,23579.0
2026-03-04 11:50:00,167.6902,167.7697,167.5608,167.6205,31763.0
2026-03-04 11:55:00,167.6603,167.6603,167.3718,167.4365,22038.0
2026-03-04 12:00:00,167.4265,167.6205,167.3121,167.6205,82789.0
2026-03-04 12:05:00,167.6215,167.7299,167.5708,167.6951,24709.0
2026-03-04 12:10:00,167.6504,167.7399,167.4116,167.4912,47890.0
2026-03-04 12:15:00,167.4812,167.6205,167.337,167.4017,24871.0
2026-03-04 12:20:00,167.4017,167.5509,167.0933,167.2524,18652.0
2026-03-04 12:25:00,167.2823,167.342,167.0535,167.1231,19783.0
2026-03-04 12:30:00,167.1331,167.2326,166.8943,167.2326,21902.0
2026-03-04 12:35:00,167.2326,167.2674,167.0038,167.2226,14412.0
2026-03-04 12:40:00,167.2326,167.3121,166.7849,166.9391,22836.0
2026-03-04 12:45:00,167.0535,167.2127,166.965,167.0223,26566.0
2026-03-04 12:50:00,166.9938,167.1629,166.8446,166.9988,20669.0
2026-03-04 12:55:00,166.9938,167.0734,166.8943,166.9441,16437.0
2026-03-04 13:00:00,167.0087,167.0932,166.8545,166.8943,17990.0
2026-03-04 13:05:00,166.9043,167.2922,166.8894,167.1629,33590.0
2026-03-04 13:10:00,167.0833,167.0833,166.8446,166.8446,19823.0
2026-03-04 13:15:00,166.9242,166.9242,166.6257,166.6755,23414.0
2026-03-04 13:20:00,166.6257,166.7053,166.4766,166.5362,19251.0
2026-03-04 13:25:00,166.5362,166.7202,166.4964,166.7003,24360.0
2026-03-04 13:30:00,166.7849,166.8844,166.7252,166.8844,21147.0
2026-03-04 13:35:00,166.8645,166.9391,166.7153,166.7451,75568.0
2026-03-04 13:40:00,166.7451,166.9092,166.7153,166.7401,26997.0
2026-03-04 13:45:00,166.7053,166.8149,166.5362,166.6755,46893.0
2026-03-04 13:50:00,166.6755,166.7948,166.5462,166.6755,33325.0
2026-03-04 13:55:00,166.6556,166.8147,166.5362,166.765,36565.0
2026-03-04 14:00:00,166.7948,166.9291,166.7252,166.9043,30087.0
2026-03-04 14:05:00,166.8545,167.0634,166.7849,167.0485,34947.0
2026-03-04 14:10:00,167.0435,167.0634,166.765,166.8247,32512.0
2026-03-04 14:15:00,166.8346,166.9092,166.7451,166.7948,37678.0
2026-03-04 14:20:00,166.7153,166.8545,166.6655,166.8545,20072.0
2026-03-04 14:25:00,166.8247,166.8247,166.6257,166.7053,31232.0
2026-03-04 14:30:00,166.7391,166.8048,166.6158,166.7053,33946.0
2026-03-04 14:35:00,166.7352,166.7844,166.5611,166.6158,27194.0
2026-03-04 14:40:00,166.5859,166.8695,166.5113,166.7849,36788.0
2026-03-04 14:45:00,166.8247,167.0933,166.7252,167.0933,35069.0
2026-03-04 14:50:00,167.0336,167.2117,166.9739,167.0336,36422.0
2026-03-04 14:55:00,167.0211,167.0236,166.8446,166.9441,34920.0
2026-03-04 15:00:00,166.9391,167.0038,166.8545,166.949,25020.0
2026-03-04 15:05:00,166.964,166.9839,166.6854,166.8048,46293.0
2026-03-04 15:10:00,166.7551,166.8844,166.6805,166.8545,37933.0
2026-03-04 15:15:00,166.8048,166.8844,166.7153,166.7352,48328.0
2026-03-04 15:20:00,166.76,166.7948,166.3671,166.5213,65461.0
2026-03-04 15:25:00,166.5462,166.6357,166.4616,166.5113,60077.0
2026-03-04 15:30:00,166.4964,166.7153,166.4964,166.6431,76341.0
2026-03-04 15:35:00,166.6332,166.6805,166.5163,166.5859,66204.0
2026-03-04 15:40:00,166.5884,166.6655,166.4765,166.5462,69916.0
2026-03-04 15:45:00,166.5263,166.8545,166.5263,166.7501,106043.0
2026-03-04 15:50:00,166.8048,166.8247,166.4666,166.5661,169850.0
2026-03-04 15:55:00,166.571,166.8496,166.5138,166.576,397105.0
2026-03-05 09:30:00,164.5168,166.6456,164.3477,166.5163,89647.0
2026-03-05 09:35:00,166.5163,167.0962,166.3273,166.6954,39993.0
2026-03-05 09:40:00,166.8545,166.8545,165.7195,165.8747,34422.0
2026-03-05 09:45:00,165.8001,165.8001,164.9346,164.9893,41733.0
2026-03-05 09:50:00,164.9993,165.4718,164.855,165.2828,44366.0
2026-03-05 09:55:00,165.437,166.2477,165.2927,166.2477,40973.0
2026-03-05 10:00:00,166.0289,166.2477,164.7655,164.7655,63589.0
2026-03-05 10:05:00,164.8749,164.9197,164.298,164.7207,60803.0
2026-03-05 10:10:00,164.7854,165.2629,164.4521,165.1783,57110.0
2026-03-05 10:15:00,165.1634,165.1634,164.6859,164.8053,30907.0
2026-03-05 10:20:00,164.7953,164.865,164.2582,164.2582,28984.0
2026-03-05 10:25:00,164.2383,164.6312,164.2233,164.2656,30764.0
2026-03-05 10:30:00,164.4571,164.4571,163.6911,163.8379,50819.0
2026-03-05 10:35:00,163.8304,164.0293,163.721,163.7409,27114.0
2026-03-05 10:40:00,163.7608,164.089,163.5718,163.6663,59070.0
2026-03-05 10:45:00,163.7409,164.2184,163.711,163.8602,42934.0
2026-03-05 10:50:00,164.0692,164.3925,163.9597,164.2184,18935.0
2026-03-05 10:55:00,164.1786,164.3079,163.9353,164.1388,32688.0
2026-03-05 11:00:00,164.2283,164.2681,163.6116,163.6116,20974.0
2026-03-05 11:05:00,163.6116,163.7309,163.144,163.2584,33216.0
2026-03-05 11:10:00,163.154,163.3529,163.0246,163.0843,26788.0
2026-03-05 11:15:00,163.1838,163.3131,162.6964,162.7162,45857.0
2026-03-05 11:20:00,162.7262,162.7759,162.3163,162.5272,53427.0
2026-03-05 11:25:00,162.5073,162.766,162.3681,162.4775,31909.0
2026-03-05 11:30:00,162.567,163.124,162.567,162.7262,28666.0
2026-03-05 11:35:00,162.7312,163.2037,162.6466,163.0823,43133.0
2026-03-05 11:40:00,163.1639,163.2136,162.7262,162.7809,24757.0
2026-03-05 11:45:00,162.8754,163.1838,162.5372,162.5969,27823.0
2026-03-05 11:50:00,162.6168,162.9053,162.577,162.8655,39527.0
2026-03-05 11:55:00,162.95,162.95,162.1094,162.2089,44725.0
2026-03-05 12:00:00,162.2587,162.9053,162.2238,162.7461,41631.0
2026-03-05 12:05:00,162.7461,162.7461,162.3382,162.4775,43591.0
2026-03-05 12:10:00,162.4775,162.5969,162.1691,162.388,37487.0
2026-03-05 12:15:00,162.4477,162.4477,162.0398,162.0995,31746.0
2026-03-05 12:20:00,162.1492,162.388,162.0995,162.2785,42032.0
2026-03-05 12:25:00,162.2825,162.2825,161.8906,161.9727,38775.0
2026-03-05 12:30:00,161.9702,161.9901,161.622,161.7215,32711.0
2026-03-05 12:35:00,161.7613,162.567,161.7613,162.3929,56964.0
2026-03-05 12:40:00,162.4725,162.5272,161.9304,161.9304,32961.0
2026-03-05 12:45:00,161.9751,162.2736,161.8607,161.8607,36009.0
2026-03-05 12:50:00,161.9005,162.2983,161.8011,161.8011,86916.0
2026-03-05 12:55:00,161.7911,161.8508,161.4429,161.622,74275.0
2026-03-05 13:00:00,161.5524,161.5971,161.1793,161.5723,47521.0
2026-03-05 13:05:00,161.5126,161.806,161.4848,161.6469,68675.0
2026-03-05 13:10:00,161.7662,161.9702,161.6419,161.9005,65676.0
2026-03-05 13:15:00,161.9304,161.9801,161.3285,161.3683,45457.0
2026-03-05 13:20:00,161.4529,161.4628,161.0351,161.1246,43136.0
2026-03-05 13:25:00,161.1345,161.244,160.9057,161.0948,39424.0
2026-03-05 13:30:00,161.1942,161.423,161.1246,161.2738,34819.0
2026-03-05 13:35:00,161.2589,161.5623,161.1645,161.4877,36347.0
2026-03-05 13:40:00,161.5026,161.7683,161.4728,161.627,39191.0
2026-03-05 13:45:00,161.6021,161.6021,161.0749,161.244,36375.0
2026-03-05 13:50:00,161.2141,161.2141,160.9455,161.0871,23805.0
2026-03-05 13:55:00,161.0649,161.2191,160.9256,161.0913,39935.0
2026-03-05 14:00:00,161.1246,161.2838,161.0301,161.0301,51067.0
2026-03-05 14:05:00,161.0948,161.1644,160.7416,160.7963,56255.0
2026-03-05 14:10:00,160.8013,160.8759,160.5775,160.7864,38962.0
2026-03-05 14:15:00,160.7167,160.7962,160.2989,160.7962,58932.0
2026-03-05 14:20:00,160.7864,161.0102,160.6073,160.8262,42824.0
2026-03-05 14:25:00,160.8162,160.8262,160.3686,160.3984,46553.0
2026-03-05 14:30:00,160.3487,160.3885,160.0005,160.2293,77416.0
2026-03-05 14:35:00,160.2989,160.7217,160.284,160.6571,33558.0
2026-03-05 14:40:00,160.5576,160.7068,160.3188,160.468,49809.0
2026-03-05 14:45:00,160.4581,160.7167,160.2293,160.2591,83186.0
2026-03-05 14:50:00,160.3139,160.4283,159.901,159.911,101159.0
2026-03-05 14:55:00,159.9408,160.1398,159.901,159.9358,46893.0
2026-03-05 15:00:00,159.9358,160.4162,159.6722,160.2094,81646.0
2026-03-05 15:05:00,160.2094,160.5576,160.0403,160.4382,78449.0
2026-03-05 15:10:00,160.4283,161.0997,160.3785,160.9406,93632.0
2026-03-05 15:15:00,160.9057,161.3932,160.9057,161.244,86439.0
2026-03-05 15:20:00,161.244,161.7513,161.1843,161.3982,115367.0
2026-03-05 15:25:00,161.433,161.5822,161.0251,161.045,80363.0
2026-03-05 15:30:00,161.0052,161.1544,160.8162,160.9953,116910.0
2026-03-05 15:35:00,161.0251,161.2738,161.0251,161.2092,64842.0
2026-03-05 15:40:00,161.1843,161.5026,161.0848,161.5026,104662.0
2026-03-05 15:45:00,161.5325,161.6916,161.1893,161.6916,123442.0
2026-03-05 15:50:00,161.6916,162.01,161.5026,161.9702,128274.0
2026-03-05 15:55:00,161.9503,161.9503,161.3633,161.6817,603245.0
2026-03-06 09:30:00,158.6774,158.6774,154.569,155.1882,263982.0
2026-03-06 09:35:00,155.0564,155.8274,154.5342,155.0962,164293.0
2026-03-06 09:40:00,155.0962,156.4442,155.0962,155.8821,146085.0
2026-03-06 09:45:00,155.8871,156.3497,155.1261,155.3648,93406.0
2026-03-06 09:50:00,155.3151,156.1805,155.2852,155.6334,150528.0
2026-03-06 09:55:00,155.6533,156.2402,155.5439,156.0015,98699.0
2026-03-06 10:00:00,156.0114,157.7523,155.912,157.5981,243782.0
2026-03-06 10:05:00,157.5981,157.9293,156.2701,156.4989,146988.0
2026-03-06 10:10:00,156.4989,157.6095,156.4989,157.1853,139721.0
2026-03-06 10:15:00,157.2549,157.7423,157.218,157.6578,62046.0
2026-03-06 10:20:00,157.6528,158.3193,157.6528,158.1104,43270.0
2026-03-06 10:25:00,158.1104,158.379,157.6329,158.0408,126219.0
2026-03-06 10:30:00,158.19,158.4636,158.1005,158.4089,94884.0
2026-03-06 10:35:00,158.4486,159.1649,158.4486,158.7769,97579.0
2026-03-06 10:40:00,158.6973,158.6973,158.19,158.2895,120991.0
2026-03-06 10:45:00,158.2895,158.4188,157.807,158.1502,54008.0
2026-03-06 10:50:00,158.1651,158.1651,157.7125,158.001,61476.0
2026-03-06 10:55:00,158.001,158.8466,158.001,158.4486,69558.0
2026-03-06 11:00:00,158.4984,159.0455,158.4587,158.8863,76594.0
2026-03-06 11:05:00,158.8714,158.9759,158.2298,158.2298,64834.0
2026-03-06 11:10:00,158.2298,158.3442,157.9314,158.0408,61155.0
2026-03-06 11:15:00,158.0209,158.4437,157.9612,158.4437,66127.0
2026-03-06 11:20:00,158.4437,158.4437,157.6528,157.8468,90412.0
2026-03-06 11:25:00,157.9065,157.9413,157.4131,157.4738,68643.0
2026-03-06 11:30:00,157.4837,157.7821,157.2649,157.613,104394.0
2026-03-06 11:35:00,157.613,158.1303,157.613,158.0458,66331.0
2026-03-06 11:40:00,158.0608,158.1502,157.8717,157.9015,61474.0
2026-03-06 11:45:00,157.9314,158.5979,157.9237,158.5282,89346.0
2026-03-06 11:50:00,158.5282,158.9411,158.4536,158.4536,66323.0
2026-03-06 11:55:00,158.4984,158.9858,158.4387,158.9212,44507.0
2026-03-06 12:00:00,158.9212,159.2345,158.8267,158.9659,69394.0
2026-03-06 12:05:00,158.9062,158.9212,158.4786,158.6774,69649.0
2026-03-06 12:10:00,158.6774,158.7968,158.3193,158.3342,51654.0
2026-03-06 12:15:00,158.3342,158.4188,158.0905,158.277,39695.0
2026-03-06 12:20:00,158.2945,158.7172,158.2198,158.6028,22774.0
2026-03-06 12:25:00,158.6028,158.7421,158.3392,158.568,45303.0
2026-03-06 12:30:00,158.6103,158.6227,158.3929,158.5382,33640.0
2026-03-06 12:35:00,158.5382,158.5879,157.8518,157.991,36852.0
2026-03-06 12:40:00,157.991,157.991,157.4439,157.5135,42043.0
2026-03-06 12:45:00,157.5135,157.9612,157.5135,157.9138,67619.0
2026-03-06 12:50:00,157.9314,158.1353,157.8916,158.006,57095.0
2026-03-06 12:55:00,157.991,158.2149,157.8219,158.0109,31577.0
2026-03-06 13:00:00,158.0806,158.5382,158.0607,158.379,42067.0
2026-03-06 13:05:00,158.3243,158.6376,158.2497,158.6078,20888.0
2026-03-06 13:10:00,158.6376,159.1151,158.4586,158.9958,34407.0
2026-03-06 13:15:00,158.956,159.0455,158.6476,158.8863,20914.0
2026-03-06 13:20:00,158.9162,158.9759,158.4387,158.5232,31172.0
2026-03-06 13:25:00,158.5183,158.6924,158.2099,158.4287,50663.0
2026-03-06 13:30:00,158.4287,158.7171,158.4287,158.6078,26358.0
2026-03-06 13:35:00,158.5481,158.5979,158.0607,158.1452,32531.0
2026-03-06 13:40:00,158.0984,158.3094,158.0905,158.1502,25037.0
2026-03-06 13:45:00,158.1801,158.2696,157.8219,157.9513,65945.0
2026-03-06 13:50:00,157.9164,158.0308,157.5882,157.6628,45175.0
2026-03-06 13:55:00,157.6468,157.8219,157.5235,157.7509,27105.0
2026-03-06 14:00:00,157.7573,157.9314,157.7292,157.7524,30793.0
2026-03-06 14:05:00,157.7523,157.9761,157.7026,157.812,40168.0
2026-03-06 14:10:00,157.7523,158.1701,157.7225,158.1701,39676.0
2026-03-06 14:15:00,158.1602,158.3935,158.0806,158.3244,39173.0
2026-03-06 14:20:00,158.2994,158.379,158.0209,158.1751,78446.0
2026-03-06 14:25:00,158.1204,158.5677,158.001,158.4685,51936.0
2026-03-06 14:30:00,158.4884,158.6695,158.4388,158.5979,41117.0
2026-03-06 14:35:00,158.6227,158.7371,158.379,158.7371,47281.0
2026-03-06 14:40:00,158.7371,159.1649,158.6675,158.7272,61163.0
2026-03-06 14:45:00,158.6774,158.956,158.6179,158.8863,49367.0
2026-03-06 14:50:00,158.8565,158.946,158.7322,158.8217,43864.0
2026-03-06 14:55:00,158.8565,158.9958,158.7023,158.8863,59929.0
2026-03-06 15:00:00,158.9261,159.2445,158.9261,159.0654,51497.0
2026-03-06 15:05:00,159.0853,159.1052,158.8964,158.9311,54725.0
2026-03-06 15:10:00,158.946,158.9857,158.6376,158.7172,53953.0
2026-03-06 15:15:00,158.6774,159.0505,158.6476,158.8664,59513.0
2026-03-06 15:20:00,158.8664,159.0604,158.6874,158.6875,57620.0
2026-03-06 15:25:00,158.6874,158.7371,158.3293,158.4337,121168.0
2026-03-06 15:30:00,158.4287,158.7471,158.4089,158.6625,73721.0
2026-03-06 15:35:00,158.6476,158.7471,158.4089,158.7371,82893.0
2026-03-06 15:40:00,158.7371,159.0853,158.6476,158.8167,115025.0
2026-03-06 15:45:00,158.8068,159.0057,158.6774,159.0057,158851.0
2026-03-06 15:50:00,159.0455,159.3127,158.9162,159.0157,245083.0
2026-03-06 15:55:00,159.0455,159.5131,158.9361,159.3738,654786.0
2026-03-09 09:30:00,157.0957,157.3345,155.6782,156.28,167562.0
2026-03-09 09:35:00,156.3894,156.5884,155.5837,156.4491,82944.0
2026-03-09 09:40:00,156.361,156.4658,155.2852,155.6483,117302.0
2026-03-09 09:45:00,155.514,155.6832,154.9868,155.141,117307.0
2026-03-09 09:50:00,155.141,155.3847,154.3004,154.5491,84053.0
2026-03-09 09:55:00,154.4496,155.2405,154.3999,154.758,84790.0
2026-03-09 10:00:00,154.6685,155.3648,154.5292,155.3449,114731.0
2026-03-09 10:05:00,155.2852,155.2853,153.5843,154.1711,193097.0
2026-03-09 10:10:00,154.2009,154.2059,153.3667,153.7433,80897.0
2026-03-09 10:15:00,153.7433,153.9124,153.4449,153.6538,60315.0
2026-03-09 10:20:00,153.5444,154.5491,153.2658,154.4098,99441.0
2026-03-09 10:25:00,154.38,154.4695,153.8627,154.2606,54714.0
2026-03-09 10:30:00,154.3402,154.6536,154.1114,154.5889,67498.0
2026-03-09 10:35:00,154.5889,154.8077,154.3204,154.6386,60709.0
2026-03-09 10:40:00,154.6784,154.8475,154.4297,154.7381,69928.0
2026-03-09 10:45:00,154.7481,154.8376,154.5392,154.6138,61773.0
2026-03-09 10:50:00,154.6287,155.4345,154.4795,155.4345,70941.0
2026-03-09 10:55:00,155.4742,155.5688,154.9072,155.1112,40174.0
2026-03-09 11:00:00,155.1112,155.5041,155.0465,155.4046,79642.0
2026-03-09 11:05:00,155.4046,155.4544,155.0863,155.1559,79980.0
2026-03-09 11:10:00,155.1659,155.5837,155.1062,155.2653,43422.0
2026-03-09 11:15:00,155.3549,155.4842,155.1559,155.4295,42865.0
2026-03-09 11:20:00,155.4394,156.0761,155.4345,156.0761,32333.0
2026-03-09 11:25:00,155.9617,156.1805,155.8423,156.086,48208.0
2026-03-09 11:30:00,156.0811,156.0811,155.4245,155.5041,38283.0
2026-03-09 11:35:00,155.6006,155.6006,155.0863,155.2454,57540.0
2026-03-09 11:40:00,155.2057,155.4245,155.0166,155.4245,40773.0
2026-03-09 11:45:00,155.3648,155.8125,155.2355,155.5021,58048.0
2026-03-09 11:50:00,155.4444,155.8423,155.4444,155.7627,48894.0
2026-03-09 11:55:00,155.7528,155.9617,155.6633,155.8572,63310.0
2026-03-09 12:00:00,155.902,156.3298,155.7329,156.28,63668.0
2026-03-09 12:05:00,156.29,156.5536,156.2552,156.3646,52416.0
2026-03-09 12:10:00,156.3795,156.5872,156.2303,156.5387,32294.0
2026-03-09 12:15:00,156.5089,156.5586,156.2801,156.5586,35702.0
2026-03-09 12:20:00,156.4989,156.8371,156.2701,156.7078,89441.0
2026-03-09 12:25:00,156.6978,157.1156,156.6381,156.857,47817.0
2026-03-09 12:30:00,156.8371,156.8868,156.4989,156.7476,41815.0
2026-03-09 12:35:00,156.7675,156.9764,156.7177,156.8222,33360.0
2026-03-09 12:40:00,156.8421,157.2499,156.8421,157.1952,46772.0
2026-03-09 12:45:00,157.2251,157.3096,156.9168,157.0361,43042.0
2026-03-09 12:50:00,157.046,157.1256,156.847,156.852,27318.0
2026-03-09 12:55:00,156.8421,157.0361,156.7675,156.8769,65636.0
2026-03-09 13:00:00,156.8819,156.9963,156.7376,156.8371,36428.0
2026-03-09 13:05:00,156.8371,156.8371,156.5287,156.6083,32388.0
2026-03-09 13:10:00,156.6182,156.6879,156.3486,156.5735,37957.0
2026-03-09 13:15:00,156.5934,156.658,156.3745,156.4243,38320.0
2026-03-09 13:20:00,156.4491,156.4889,156.2701,156.3994,47146.0
2026-03-09 13:25:00,156.3994,156.5088,156.2999,156.4193,34520.0
2026-03-09 13:30:00,156.4193,156.4193,156.1109,156.1706,33765.0
2026-03-09 13:35:00,156.1408,156.28,156.0711,156.2203,33085.0
2026-03-09 13:40:00,156.2303,156.2701,155.8921,156.0363,71732.0
2026-03-09 13:45:00,156.0363,156.3696,156.0313,156.2104,31573.0
2026-03-09 13:50:00,156.2253,156.3646,156.1706,156.2999,28024.0
2026-03-09 13:55:00,156.3099,156.3795,156.1308,156.2004,35834.0
2026-03-09 14:00:00,156.2203,156.3745,156.1308,156.3546,61167.0
2026-03-09 14:05:00,156.3596,156.5586,156.0214,156.0761,69444.0
2026-03-09 14:10:00,156.1308,156.3696,156.0725,156.3432,58994.0
2026-03-09 14:15:00,156.2887,156.6879,156.2054,156.6879,66574.0
2026-03-09 14:20:00,156.6879,156.8968,156.4521,156.4521,66673.0
2026-03-09 14:25:00,156.4491,156.6879,156.4292,156.5188,74205.0
2026-03-09 14:30:00,156.4889,156.8371,156.4093,156.7874,68961.0
2026-03-09 14:35:00,156.7525,156.8918,156.6381,156.7973,30497.0
2026-03-09 14:40:00,156.7923,156.8371,156.6381,156.6879,38445.0
2026-03-09 14:45:00,156.6879,156.7874,156.3746,156.3746,65190.0
2026-03-09 14:50:00,156.3497,156.9217,156.3099,156.7476,56093.0
2026-03-09 14:55:00,156.7476,156.862,156.4193,156.5188,44470.0
2026-03-09 15:00:00,156.5486,156.8669,156.5486,156.7973,40100.0
2026-03-09 15:05:00,156.7874,157.0261,156.7376,156.9913,34814.0
2026-03-09 15:10:00,156.9963,157.1156,156.847,156.8868,59360.0
2026-03-09 15:15:00,156.8968,157.8319,156.8321,157.7921,80291.0
2026-03-09 15:20:00,157.7921,159.1649,157.7523,159.0704,163578.0
2026-03-09 15:25:00,159.1052,160.284,158.8963,160.2591,199059.0
2026-03-09 15:30:00,160.2591,160.4581,159.4733,160.4581,105088.0
2026-03-09 15:35:00,160.4531,161.0052,160.1199,160.7963,104086.0
2026-03-09 15:40:00,160.7267,160.7267,159.9159,160.2293,141059.0
2026-03-09 15:45:00,160.1895,160.5277,160.1199,160.2044,124778.0
2026-03-09 15:50:00,160.2094,160.3785,159.8413,159.9408,146212.0
2026-03-09 15:55:00,159.8811,160.1099,159.5528,159.6424,522341.0
2026-03-10 09:30:00,160.9903,162.1492,160.4581,161.9403,158445.0
2026-03-10 09:35:00,161.8757,162.2189,161.1545,161.6518,58690.0
2026-03-10 09:40:00,161.4971,161.9304,160.3985,160.7665,51383.0
2026-03-10 09:45:00,160.7665,160.8013,160.2492,160.5078,52319.0
2026-03-10 09:50:00,160.5078,160.5078,159.5777,159.9707,85734.0
2026-03-10 09:55:00,160.0303,160.1,159.2644,159.6125,39548.0
2026-03-10 10:00:00,159.7021,160.1845,159.4434,159.9508,45933.0
2026-03-10 10:05:00,159.9607,160.3835,159.3031,159.4683,34149.0
2026-03-10 10:10:00,159.3439,159.4831,159.0256,159.4135,31354.0
2026-03-10 10:15:00,159.3937,160.245,159.3091,160.1298,45502.0
2026-03-10 10:20:00,160.1845,160.8859,160.1,160.7167,54404.0
2026-03-10 10:25:00,160.7565,161.1246,160.5377,160.7466,43210.0
2026-03-10 10:30:00,160.7665,161.3136,160.7366,161.2638,31628.0
2026-03-10 10:35:00,161.2042,161.3661,160.8958,161.3661,43917.0
2026-03-10 10:40:00,161.3633,161.7314,161.3633,161.6319,29417.0
2026-03-10 10:45:00,161.6668,161.7215,161.2241,161.5524,28313.0
2026-03-10 10:50:00,161.6668,161.7662,161.4715,161.6519,23468.0
2026-03-10 10:55:00,161.6966,161.7513,161.5822,161.6717,50905.0
2026-03-10 11:00:00,161.6618,161.7613,161.494,161.5723,44091.0
2026-03-10 11:05:00,161.5921,161.5921,161.1544,161.3335,31441.0
2026-03-10 11:10:00,161.3086,161.6319,161.2539,161.5872,35664.0
2026-03-10 11:15:00,161.6419,161.8707,161.5424,161.7463,30086.0
2026-03-10 11:20:00,161.7463,161.8011,161.5126,161.5525,33936.0
2026-03-10 11:25:00,161.5524,161.7712,161.5175,161.7513,56351.0
2026-03-10 11:30:00,161.7513,161.8309,161.5921,161.5921,23549.0
2026-03-10 11:35:00,161.6916,161.8259,161.5822,161.6717,24505.0
2026-03-10 11:40:00,161.7065,161.9403,161.5524,161.7712,34500.0
2026-03-10 11:45:00,161.7712,161.8011,161.3783,161.4927,21076.0
2026-03-10 11:50:00,161.5623,161.6021,161.0607,161.1594,20450.0
2026-03-10 11:55:00,161.1544,161.3435,161.1047,161.244,30152.0
2026-03-10 12:00:00,161.1743,161.2639,160.9794,161.0898,31763.0
2026-03-10 12:05:00,161.0898,161.0898,160.7466,160.8859,31539.0
2026-03-10 12:10:00,160.9057,161.3832,160.8262,161.3534,31094.0
2026-03-10 12:15:00,161.4031,161.4031,161.1446,161.2291,38603.0
2026-03-10 12:20:00,161.2838,161.3335,161.1047,161.2639,20081.0
2026-03-10 12:25:00,161.2291,161.4927,161.0649,161.1345,30921.0
2026-03-10 12:30:00,161.1942,161.4628,161.1644,161.4429,33828.0
2026-03-10 12:35:00,161.4529,161.6046,161.3633,161.4628,23684.0
2026-03-10 12:40:00,161.4628,161.5424,161.4031,161.5126,15785.0
2026-03-10 12:45:00,161.4827,161.4827,161.1246,161.3683,21295.0
2026-03-10 12:50:00,161.3335,161.5921,161.2539,161.4529,17801.0
2026-03-10 12:55:00,161.4479,161.4827,161.2688,161.2738,14562.0
2026-03-10 13:00:00,161.2738,161.5325,161.234,161.3857,16883.0
2026-03-10 13:05:00,161.4131,161.7065,161.4131,161.5871,20660.0
2026-03-10 13:10:00,161.5126,161.7215,161.4131,161.5325,23821.0
2026-03-10 13:15:00,161.5325,162.0746,161.5325,162.0398,33084.0
2026-03-10 13:20:00,162.0398,162.3183,162.0199,162.2587,23899.0
2026-03-10 13:25:00,162.2587,162.572,162.2587,162.5471,30846.0
2026-03-10 13:30:00,162.567,162.6267,162.2323,162.2323,37453.0
2026-03-10 13:35:00,162.2736,162.2736,161.4827,161.6419,27269.0
2026-03-10 13:40:00,161.612,161.8408,161.4827,161.7513,21150.0
2026-03-10 13:45:00,161.7115,162.199,161.7115,162.1451,24425.0
2026-03-10 13:50:00,162.194,162.2089,162.0413,162.1194,28656.0
2026-03-10 13:55:00,162.0895,162.1592,161.9933,162.01,23529.0
2026-03-10 14:00:00,162.0249,162.189,161.7911,162.189,53817.0
2026-03-10 14:05:00,162.1293,162.2089,162.0249,162.0497,32133.0
2026-03-10 14:10:00,162.0597,162.3084,160.6671,160.6671,45960.0
2026-03-10 14:15:00,160.6769,161.0649,160.0751,160.1597,42353.0
2026-03-10 14:20:00,160.1348,160.6372,159.7717,160.4879,42543.0
2026-03-10 14:25:00,160.5427,160.9754,160.4879,160.6272,45699.0
2026-03-10 14:30:00,160.662,161.1147,160.5128,160.8361,45203.0
2026-03-10 14:35:00,160.8013,160.9256,160.3244,160.4183,36056.0
2026-03-10 14:40:00,160.289,160.5815,160.1497,160.4183,54470.0
2026-03-10 14:45:00,160.3586,160.5576,160.289,160.4382,33311.0
2026-03-10 14:50:00,160.4283,160.5775,160.09,160.3387,34191.0
2026-03-10 14:55:00,160.3536,160.4482,160.1,160.3139,41116.0
2026-03-10 15:00:00,160.3586,160.7963,160.3586,160.5576,34481.0
2026-03-10 15:05:00,160.5277,160.7715,160.3686,160.4482,48915.0
2026-03-10 15:10:00,160.4979,160.6073,160.279,160.4879,52235.0
2026-03-10 15:15:00,160.5128,160.8361,160.5128,160.7167,37706.0
2026-03-10 15:20:00,160.7068,160.7068,160.1746,160.4291,48162.0
2026-03-10 15:25:00,160.468,160.468,160.1447,160.2194,48934.0
2026-03-10 15:30:00,160.2392,160.3487,160.0602,160.2144,109550.0
2026-03-10 15:35:00,160.2144,160.478,160.1149,160.478,76179.0
2026-03-10 15:40:00,160.4581,160.6372,160.1884,160.4283,74845.0
2026-03-10 15:45:00,160.4183,160.4979,159.9309,160.09,77202.0
2026-03-10 15:50:00,160.1,160.1995,159.911,159.9906,122707.0
2026-03-10 15:55:00,160.0303,160.1,159.6871,159.911,318552.0
2026-03-11 09:30:00,159.1649,160.3885,158.8366,159.6125,83941.0
2026-03-11 09:35:00,159.4534,160.0736,159.4534,159.9508,35982.0
2026-03-11 09:40:00,159.9508,160.468,158.9908,159.4932,92334.0
2026-03-11 09:45:00,159.3987,159.7419,159.0455,159.3211,110459.0
2026-03-11 09:50:00,159.1649,159.523,158.8565,159.2295,106877.0
2026-03-11 09:55:00,159.3191,160.0222,159.1052,159.8214,77751.0
2026-03-11 10:00:00,159.7618,160.9107,159.5628,159.6175,112791.0
2026-03-11 10:05:00,159.5777,160.2989,159.4832,160.1,92219.0
2026-03-11 10:10:00,160.0204,160.1124,159.2892,159.6026,83447.0
2026-03-11 10:15:00,159.6275,159.7021,158.9162,159.2843,52552.0
2026-03-11 10:20:00,159.1947,159.2843,158.4089,158.4138,56928.0
2026-03-11 10:25:00,158.4138,158.4138,157.8567,158.2696,54429.0
2026-03-11 10:30:00,158.2298,158.7769,158.1651,158.578,54206.0
2026-03-11 10:35:00,158.6476,159.324,158.578,159.2047,44578.0
2026-03-11 10:40:00,159.2443,159.4434,159.1151,159.4086,42206.0
2026-03-11 10:45:00,159.3837,159.5081,159.2345,159.4782,47310.0
2026-03-11 10:50:00,159.4782,159.6225,159.3788,159.5429,35950.0
2026-03-11 10:55:00,159.6225,160.0204,159.5628,159.9159,51207.0
2026-03-11 11:00:00,159.9508,160.3487,158.9361,159.1748,91443.0
2026-03-11 11:05:00,159.1748,159.1748,158.2994,158.5083,82780.0
2026-03-11 11:10:00,158.5083,158.5581,157.9214,158.0408,62562.0
2026-03-11 11:15:00,157.9413,158.0308,157.6429,158.001,65048.0
2026-03-11 11:20:00,158.0109,158.4089,157.8617,158.3094,48715.0
2026-03-11 11:25:00,158.2696,158.5183,157.9363,157.9612,61133.0
2026-03-11 11:30:00,157.9264,158.0607,157.613,158.001,44199.0
2026-03-11 11:35:00,158.001,158.1229,157.7374,157.7374,41028.0
2026-03-11 11:40:00,157.7374,157.8497,157.4638,157.4837,64681.0
2026-03-11 11:45:00,157.4837,157.5334,157.0261,157.0808,109841.0
2026-03-11 11:50:00,157.0957,157.4738,157.0758,157.4738,212977.0
2026-03-11 11:55:00,157.5036,157.613,157.1355,157.2101,69470.0
2026-03-11 12:00:00,157.2101,157.3991,157.1604,157.24,52003.0
2026-03-11 12:05:00,157.24,157.7026,157.235,157.245,39178.0
2026-03-11 12:10:00,157.2748,157.6876,157.2052,157.6727,35897.0
2026-03-11 12:15:00,157.6578,157.802,157.4887,157.5235,51032.0
2026-03-11 12:20:00,157.5185,157.8319,157.4439,157.5931,50068.0
2026-03-11 12:25:00,157.6777,157.9612,157.6777,157.7921,35896.0
2026-03-11 12:30:00,157.8219,158.2298,157.8219,158.2149,42011.0
2026-03-11 12:35:00,158.1801,158.2248,157.9513,158.0358,37447.0
2026-03-11 12:40:00,158.1403,158.5431,158.1403,158.4386,39570.0
2026-03-11 12:45:00,158.3591,158.4685,158.2596,158.4685,40202.0
2026-03-11 12:50:00,158.4984,158.6725,158.4387,158.6575,32843.0
2026-03-11 12:55:00,158.6078,158.6675,158.3493,158.6277,27774.0
2026-03-11 13:00:00,158.6277,158.6774,158.4685,158.5481,27350.0
2026-03-11 13:05:00,158.578,158.6973,158.5382,158.588,25713.0
2026-03-11 13:10:00,158.5382,158.6773,158.3342,158.4685,30714.0
2026-03-11 13:15:00,158.4586,158.4884,158.2596,158.2696,20385.0
2026-03-11 13:20:00,158.2696,158.8267,158.2298,158.7905,42086.0
2026-03-11 13:25:00,158.7769,159.2047,158.7769,159.0356,30280.0
2026-03-11 13:30:00,159.0555,159.1251,158.8963,158.9808,22055.0
2026-03-11 13:35:00,159.0256,159.0405,158.1701,158.4934,55702.0
2026-03-11 13:40:00,158.4984,158.6973,158.1204,158.374,69299.0
2026-03-11 13:45:00,158.3591,158.5282,158.2895,158.379,27736.0
2026-03-11 13:50:00,158.5083,158.8963,158.4984,158.6774,25045.0
2026-03-11 13:55:00,158.6376,158.7172,158.4387,158.7172,25731.0
2026-03-11 14:00:00,158.7123,158.9958,158.7073,158.8764,28690.0
2026-03-11 14:05:00,158.8764,158.8894,158.5979,158.6078,35587.0
2026-03-11 14:10:00,158.6526,158.6973,158.4486,158.6874,37658.0
2026-03-11 14:15:00,158.7023,159.1151,158.7023,159.1102,42468.0
2026-03-11 14:20:00,159.0853,159.1798,158.7023,158.8167,45220.0
2026-03-11 14:25:00,158.8217,159.1649,158.767,159.1002,45752.0
2026-03-11 14:30:00,159.1002,159.2494,158.9858,159.2494,24403.0
2026-03-11 14:35:00,159.2445,159.2445,158.8672,158.8672,28195.0
2026-03-11 14:40:00,158.8764,159.0704,158.8267,159.0057,21917.0
2026-03-11 14:45:00,158.9858,159.1151,158.9361,158.9759,19374.0
2026-03-11 14:50:00,158.9759,159.2146,158.7272,159.0555,88483.0
2026-03-11 14:55:00,159.0952,159.1549,158.767,158.8664,30326.0
2026-03-11 15:00:00,158.8913,159.2047,158.7769,159.1848,36621.0
2026-03-11 15:05:00,159.0952,159.3042,159.0256,159.1649,29882.0
2026-03-11 15:10:00,159.145,159.2146,159.0356,159.1549,33935.0
2026-03-11 15:15:00,159.1848,159.3638,159.1212,159.3489,35943.0
2026-03-11 15:20:00,159.324,159.4434,159.1748,159.4434,36613.0
2026-03-11 15:25:00,159.4932,159.6324,159.3589,159.3837,50833.0
2026-03-11 15:30:00,159.4036,159.712,159.4036,159.6921,49555.0
2026-03-11 15:35:00,159.6871,159.9259,159.6573,159.8911,45053.0
2026-03-11 15:40:00,159.9209,160.0204,159.7916,159.9209,61806.0
2026-03-11 15:45:00,159.9309,159.9508,159.7319,159.8214,75277.0
2026-03-11 15:50:00,159.7816,160.0204,159.712,159.9109,81137.0
2026-03-11 15:55:00,159.911,160.0801,159.8612,160.0303,299531.0
2026-03-12 09:30:00,153.5643,154.9868,152.0025,154.0915,604337.0
2026-03-12 09:35:00,153.7732,154.6287,153.7433,154.5689,162564.0
2026-03-12 09:40:00,154.4904,155.4345,154.2298,154.9022,257876.0
2026-03-12 09:45:00,154.8177,154.9072,153.8876,154.6784,136466.0
2026-03-12 09:50:00,154.6784,154.86,153.3952,153.614,196718.0
2026-03-12 09:55:00,153.5842,153.8925,153.0669,153.4946,150178.0
2026-03-12 10:00:00,153.5344,154.4098,153.5344,154.1363,154708.0
2026-03-12 10:05:00,154.1363,154.2855,153.7831,154.191,94644.0
2026-03-12 10:10:00,154.1761,154.3899,154.0517,154.0915,128745.0
2026-03-12 10:15:00,154.0318,154.2606,153.1067,153.2447,107229.0
2026-03-12 10:20:00,153.2459,153.3753,152.7983,153.3056,141894.0
2026-03-12 10:25:00,153.3653,153.9323,153.3653,153.4399,97623.0
2026-03-12 10:30:00,153.4151,153.5444,152.9972,153.1664,160705.0
2026-03-12 10:35:00,153.1962,153.5543,153.0271,153.3653,258089.0
2026-03-12 10:40:00,153.3952,154.0516,153.328,153.9622,103958.0
2026-03-12 10:45:00,154.0517,154.7381,153.9124,153.9323,96277.0
2026-03-12 10:50:00,154.0119,154.2109,153.4747,154.1213,107858.0
2026-03-12 10:55:00,154.2308,154.4994,154.1412,154.191,105476.0
2026-03-12 11:00:00,154.1611,154.191,153.425,153.5245,73037.0
2026-03-12 11:05:00,153.5195,153.6538,153.1863,153.2957,55206.0
2026-03-12 11:10:00,153.2459,153.425,152.9773,153.3205,100795.0
2026-03-12 11:15:00,153.3653,153.7532,153.2758,153.5046,57288.0
2026-03-12 11:20:00,153.5295,153.6041,153.1788,153.5543,146139.0
2026-03-12 11:25:00,153.5543,153.8826,153.5145,153.6986,94612.0
2026-03-12 11:30:00,153.6041,153.9522,153.4449,153.8627,76369.0
2026-03-12 11:35:00,153.8876,154.768,153.4698,154.6622,63228.0
2026-03-12 11:40:00,154.6884,154.753,154.0816,154.5441,74627.0
2026-03-12 11:45:00,154.4297,154.4297,153.7931,154.1313,68722.0
2026-03-12 11:50:00,154.0617,154.2805,153.7632,154.2308,84551.0
2026-03-12 11:55:00,154.3153,154.4198,154.0318,154.0318,47676.0
2026-03-12 12:00:00,154.0318,154.2109,153.8925,154.0915,38181.0
2026-03-12 12:05:00,154.0915,154.2208,153.3156,153.4747,56741.0
2026-03-12 12:10:00,153.5344,153.8627,153.2957,153.7632,78727.0
2026-03-12 12:15:00,153.7384,154.1114,153.6936,153.8925,58078.0
2026-03-12 12:20:00,153.9124,154.6884,153.8979,154.0318,65454.0
2026-03-12 12:25:00,153.992,154.0716,153.5013,153.609,61971.0
2026-03-12 12:30:00,153.614,153.8329,153.3255,153.5369,70766.0
2026-03-12 12:35:00,153.4847,153.8826,153.4525,153.6687,81731.0
2026-03-12 12:40:00,153.6637,153.7732,153.5344,153.7185,84488.0
2026-03-12 12:45:00,153.6836,153.803,153.1963,153.5145,92406.0
2026-03-12 12:50:00,153.4747,153.6041,153.3454,153.4797,53198.0
2026-03-12 12:55:00,153.4349,153.6737,153.1116,153.6339,54777.0
2026-03-12 13:00:00,153.6588,153.8329,153.4151,153.6936,80428.0
2026-03-12 13:05:00,153.6886,154.1711,153.6339,153.6538,82005.0
2026-03-12 13:10:00,153.6538,153.9771,153.4648,153.4648,44144.0
2026-03-12 13:15:00,153.4499,153.4499,153.226,153.3554,45623.0
2026-03-12 13:20:00,153.3106,153.8826,153.2907,153.7533,62257.0
2026-03-12 13:25:00,153.7881,153.7881,153.4449,153.4897,77109.0
2026-03-12 13:30:00,153.5046,153.813,153.4747,153.5742,66028.0
2026-03-12 13:35:00,153.5742,153.7384,153.42,153.624,53628.0
2026-03-12 13:40:00,153.6538,153.7433,153.1962,153.2584,68047.0
2026-03-12 13:45:00,153.2559,153.2857,153.047,153.2111,82560.0
2026-03-12 13:50:00,153.2237,153.4946,153.0271,153.0271,56350.0
2026-03-12 13:55:00,153.0445,153.1664,152.8878,153.0171,89805.0
2026-03-12 14:00:00,153.0171,153.1863,152.659,152.669,111596.0
2026-03-12 14:05:00,152.6739,152.9475,152.475,152.7336,157303.0
2026-03-12 14:10:00,152.7287,153.2857,152.669,153.226,59633.0
2026-03-12 14:15:00,153.226,153.2658,152.654,152.659,60139.0
2026-03-12 14:20:00,152.6391,152.8033,152.6192,152.6477,78246.0
2026-03-12 14:25:00,152.669,152.7684,152.4501,152.7585,66884.0
2026-03-12 14:30:00,152.7585,152.8779,152.6093,152.6093,64701.0
2026-03-12 14:35:00,152.6093,152.659,152.3407,152.4184,110301.0
2026-03-12 14:40:00,152.4004,152.4999,152.0622,152.4103,145329.0
2026-03-12 14:45:00,152.4053,152.6056,152.3108,152.3307,96466.0
2026-03-12 14:50:00,152.3556,152.6192,152.3009,152.4103,86631.0
2026-03-12 14:55:00,152.4004,152.6093,152.3307,152.5595,86213.0
2026-03-12 15:00:00,152.6192,152.9226,152.48,152.9226,93995.0
2026-03-12 15:05:00,152.8928,153.1962,152.8928,152.9972,127745.0
2026-03-12 15:10:00,152.9873,153.047,152.7188,152.9475,112370.0
2026-03-12 15:15:00,152.9773,153.2509,152.1517,153.0221,360853.0
2026-03-12 15:20:00,153.0171,153.4151,152.9674,153.2459,85343.0
2026-03-12 15:25:00,153.2459,153.5046,153.2161,153.4349,110305.0
2026-03-12 15:30:00,153.4847,153.9025,153.4548,153.7035,113450.0
2026-03-12 15:35:00,153.7035,153.7135,153.3355,153.6439,91228.0
2026-03-12 15:40:00,153.6538,153.6538,153.425,153.5245,162399.0
2026-03-12 15:45:00,153.5245,153.6041,153.0569,153.2658,134420.0
2026-03-12 15:50:00,153.2161,153.4449,153.1664,153.3703,206691.0
2026-03-12 15:55:00,153.3852,153.5941,153.037,153.4747,699980.0
2026-03-13 09:30:00,154.0766,155.1858,153.2459,154.7083,186711.0
2026-03-13 09:35:00,154.8873,155.4742,154.5988,155.4394,63461.0
2026-03-13 09:40:00,155.4146,156.1606,155.2852,156.0761,152043.0
2026-03-13 09:45:00,156.0413,156.1805,155.1858,155.5091,114617.0
2026-03-13 09:50:00,155.4146,155.721,155.2852,155.6832,60281.0
2026-03-13 09:55:00,155.6832,155.7279,155.1858,155.4842,65710.0
2026-03-13 10:00:00,155.5339,155.6832,155.1112,155.4096,80144.0
2026-03-13 10:05:00,155.4096,155.5737,155.1659,155.3002,51981.0
2026-03-13 10:10:00,155.335,155.8622,155.1758,155.6832,122062.0
2026-03-13 10:15:00,155.6633,155.7926,155.3449,155.4643,98164.0
2026-03-13 10:20:00,155.4693,156.0562,155.4693,155.8324,139762.0
2026-03-13 10:25:00,155.8423,156.0739,155.6235,155.8622,100087.0
2026-03-13 10:30:00,155.8423,156.4193,155.8423,156.1905,77267.0
2026-03-13 10:35:00,156.1905,156.4193,155.8025,156.1885,66661.0
2026-03-13 10:40:00,156.1209,156.1408,155.5886,155.8373,56877.0
2026-03-13 10:45:00,155.8025,155.8722,155.2206,155.2853,51652.0
2026-03-13 10:50:00,155.4394,155.9318,155.4046,155.9318,64148.0
2026-03-13 10:55:00,155.9318,155.9816,155.2952,155.335,56260.0
2026-03-13 11:00:00,155.3847,155.4842,154.9371,154.9868,36512.0
2026-03-13 11:05:00,155.0465,155.141,154.8475,155.141,32985.0
2026-03-13 11:10:00,155.2554,155.4345,154.9271,155.3449,37450.0
2026-03-13 11:15:00,155.3499,155.4345,155.1957,155.1957,28580.0
2026-03-13 11:20:00,155.1866,155.2007,154.5789,154.5789,42275.0
2026-03-13 11:25:00,154.559,154.5789,154.191,154.4198,44756.0
2026-03-13 11:30:00,154.4596,154.7083,154.2806,154.7083,30322.0
2026-03-13 11:35:00,154.6138,154.6287,154.1512,154.37,31961.0
2026-03-13 11:40:00,154.37,154.5193,154.0318,154.4098,27646.0
2026-03-13 11:45:00,154.37,155.0365,154.164,154.7878,76127.0
2026-03-13 11:50:00,154.8276,154.8674,154.4098,154.6436,43670.0
2026-03-13 11:55:00,154.6884,154.7481,154.2905,154.4795,32239.0
2026-03-13 12:00:00,154.4695,154.7855,154.3402,154.5093,30669.0
2026-03-13 12:05:00,154.4795,154.5839,154.2706,154.4894,39877.0
2026-03-13 12:10:00,154.5143,154.6884,154.0733,154.3104,49186.0
2026-03-13 12:15:00,154.2173,154.37,154.0915,154.2009,58449.0
2026-03-13 12:20:00,154.2308,154.5257,154.1412,154.1412,36461.0
2026-03-13 12:25:00,154.2706,154.3999,154.1314,154.2407,36367.0
2026-03-13 12:30:00,154.2357,154.4198,153.9224,153.9721,62088.0
2026-03-13 12:35:00,154.0219,154.5093,153.9622,154.2731,48023.0
2026-03-13 12:40:00,154.2009,154.2905,154.0418,154.0517,32333.0
2026-03-13 12:45:00,153.992,154.0617,153.7732,153.9473,38285.0
2026-03-13 12:50:00,154.002,154.2706,153.9522,154.2159,28607.0
2026-03-13 12:55:00,154.181,154.3584,153.7831,153.8826,42010.0
2026-03-13 13:00:00,153.9124,154.2656,153.8528,154.0716,30165.0
2026-03-13 13:05:00,154.0567,154.2222,154.0219,154.1213,21742.0
2026-03-13 13:10:00,154.1263,154.2706,153.8776,154.2407,24719.0
2026-03-13 13:15:00,154.3203,154.4745,154.0617,154.2209,41242.0
2026-03-13 13:20:00,154.2726,154.3348,153.8229,153.9622,37599.0
2026-03-13 13:25:00,153.9323,154.0119,153.7437,153.8577,45302.0
2026-03-13 13:30:00,153.8627,154.0716,153.6188,153.6886,68371.0
2026-03-13 13:35:00,153.6836,153.8627,153.5792,153.8528,56912.0
2026-03-13 13:40:00,153.8229,153.8925,153.6439,153.803,34031.0
2026-03-13 13:45:00,153.7781,153.8329,153.2061,153.2509,44150.0
2026-03-13 13:50:00,153.1962,153.3653,153.0569,153.3056,34384.0
2026-03-13 13:55:00,153.2857,153.4996,153.2758,153.3952,28387.0
2026-03-13 14:00:00,153.43,153.4647,153.1465,153.4101,55815.0
2026-03-13 14:05:00,153.4051,153.5245,153.3454,153.5245,28203.0
2026-03-13 14:10:00,153.5245,153.5891,153.2957,153.4747,38677.0
2026-03-13 14:15:00,153.4548,153.5344,153.3255,153.3653,36464.0
2026-03-13 14:20:00,153.3852,153.5642,153.3713,153.4757,33656.0
2026-03-13 14:25:00,153.5434,153.5742,153.3554,153.5145,39174.0
2026-03-13 14:30:00,153.5145,153.8229,153.4449,153.7831,45411.0
2026-03-13 14:35:00,153.7334,153.9672,153.6886,153.9523,59840.0
2026-03-13 14:40:00,153.9124,154.0318,153.803,153.9373,29092.0
2026-03-13 14:45:00,153.9224,154.0289,153.803,153.9323,35907.0
2026-03-13 14:50:00,153.9323,154.0119,153.6762,153.9224,69783.0
2026-03-13 14:55:00,153.9274,153.9547,153.5842,153.7135,45956.0
2026-03-13 15:00:00,153.7135,153.7334,153.4548,153.5444,43890.0
2026-03-13 15:05:00,153.5444,153.793,153.4349,153.7334,63428.0
2026-03-13 15:10:00,153.7334,153.9373,153.6737,153.9373,53141.0
2026-03-13 15:15:00,154.002,154.0716,153.7931,153.8627,72951.0
2026-03-13 15:20:00,153.7931,153.7931,153.4051,153.6737,65580.0
2026-03-13 15:25:00,153.6737,153.7234,153.3056,153.42,141717.0
2026-03-13 15:30:00,153.425,153.7334,153.3156,153.4051,110244.0
2026-03-13 15:35:00,153.3952,153.5444,153.3952,153.42,89566.0
2026-03-13 15:40:00,153.4449,153.5678,153.3454,153.5643,79827.0
2026-03-13 15:45:00,153.5842,153.6936,153.435,153.6041,74461.0
2026-03-13 15:50:00,153.624,153.7533,153.4349,153.5146,113612.0
2026-03-13 15:55:00,153.5394,154.1114,153.5145,154.0517,527280.0
2026-03-16 09:30:00,155.6434,156.4292,155.2852,155.6931,146229.0
2026-03-16 09:35:00,155.5241,155.8821,155.3908,155.7428,54300.0
2026-03-16 09:40:00,155.7727,156.3994,155.6434,156.1606,121429.0
2026-03-16 09:45:00,156.1656,156.8073,156.0612,156.3795,93760.0
2026-03-16 09:50:00,156.3894,156.5983,156.28,156.479,96212.0
2026-03-16 09:55:00,156.474,157.5135,156.469,157.5135,88897.0
2026-03-16 10:00:00,157.4489,157.6677,157.1128,157.623,60046.0
2026-03-16 10:05:00,157.6329,157.9314,157.5434,157.8369,60862.0
2026-03-16 10:10:00,157.8369,158.2547,157.2748,157.5533,78607.0
2026-03-16 10:15:00,157.5434,157.7026,157.2947,157.3892,57373.0
2026-03-16 10:20:00,157.4041,157.6279,157.3693,157.3942,43874.0
2026-03-16 10:25:00,157.3544,157.4837,157.1156,157.1156,63240.0
2026-03-16 10:30:00,157.1256,157.1505,156.4243,156.4243,48461.0
2026-03-16 10:35:00,156.469,156.7376,156.2157,156.2203,42150.0
2026-03-16 10:40:00,156.1905,156.2402,155.1659,155.3449,61249.0
2026-03-16 10:45:00,155.3201,155.6263,155.0465,155.4146,85534.0
2026-03-16 10:50:00,155.3648,156.4591,155.2952,156.4491,64891.0
2026-03-16 10:55:00,156.4392,156.6879,156.2601,156.6481,41672.0
2026-03-16 11:00:00,156.6481,156.668,156.3498,156.4641,49393.0
2026-03-16 11:05:00,156.4591,156.663,156.3596,156.5785,52265.0
2026-03-16 11:10:00,156.5387,156.5586,155.9618,156.0214,31452.0
2026-03-16 11:15:00,156.0438,156.1905,155.6832,156.1606,36908.0
2026-03-16 11:20:00,156.1606,156.2701,156.0612,156.101,29971.0
2026-03-16 11:25:00,156.1805,156.2303,155.9816,156.2054,37280.0
2026-03-16 11:30:00,156.2899,156.3994,156.0711,156.285,28319.0
2026-03-16 11:35:00,156.2999,156.3845,156.1706,156.1805,33269.0
2026-03-16 11:40:00,156.2402,156.3497,156.1656,156.285,23911.0
2026-03-16 11:45:00,156.2999,156.4292,156.1606,156.2303,38709.0
2026-03-16 11:50:00,156.1756,156.1756,155.5936,156.0363,54341.0
2026-03-16 11:55:00,156.0015,156.2104,155.5837,155.6085,82536.0
2026-03-16 12:00:00,155.5638,155.8025,155.34,155.34,36845.0
2026-03-16 12:05:00,155.3424,155.4643,155.2156,155.3151,42885.0
2026-03-16 12:10:00,155.3151,155.6384,155.2405,155.4643,48976.0
2026-03-16 12:15:00,155.4394,155.7578,155.4146,155.6633,42446.0
2026-03-16 12:20:00,155.6135,155.6633,154.6983,154.7481,51947.0
2026-03-16 12:25:00,154.6934,154.7282,154.288,154.4596,90721.0
2026-03-16 12:30:00,154.4982,154.758,154.2805,154.5541,47703.0
2026-03-16 12:35:00,154.5715,154.9172,154.564,154.9072,60462.0
2026-03-16 12:40:00,154.9072,155.0763,154.7878,154.8525,43916.0
2026-03-16 12:45:00,154.8475,155.0664,154.6685,154.8376,55516.0
2026-03-16 12:50:00,154.8376,155.2355,154.8094,155.0316,62495.0
2026-03-16 12:55:00,155.0714,155.0714,154.5789,154.6361,28840.0
2026-03-16 13:00:00,154.6884,154.947,154.574,154.6783,77414.0
2026-03-16 13:05:00,154.5889,154.8376,154.4596,154.4596,43866.0
2026-03-16 13:10:00,154.4596,154.6287,154.2606,154.2606,101117.0
2026-03-16 13:15:00,154.2656,154.5889,153.9821,154.5889,119294.0
2026-03-16 13:20:00,154.569,154.8276,154.569,154.6486,43502.0
2026-03-16 13:25:00,154.6436,154.6685,154.5342,154.5988,36125.0
2026-03-16 13:30:00,154.5789,154.7182,154.4745,154.5292,32658.0
2026-03-16 13:35:00,154.5143,154.7182,154.5107,154.6585,57750.0
2026-03-16 13:40:00,154.6784,154.758,154.4297,154.4894,33851.0
2026-03-16 13:45:00,154.4944,154.768,154.2407,154.2407,37833.0
2026-03-16 13:50:00,154.2109,154.6386,154.1512,154.4894,43964.0
2026-03-16 13:55:00,154.4645,154.6884,154.3999,154.569,29506.0
2026-03-16 14:00:00,154.6088,154.8973,154.5392,154.8973,40030.0
2026-03-16 14:05:00,154.8973,155.2553,154.8774,155.0763,36599.0
2026-03-16 14:10:00,155.0564,155.0962,154.9072,155.0266,26578.0
2026-03-16 14:15:00,155.0266,155.1161,154.9694,154.9694,33324.0
2026-03-16 14:20:00,154.9321,155.136,154.8276,155.0415,54033.0
2026-03-16 14:25:00,155.0415,155.0664,154.8077,154.9669,39575.0
2026-03-16 14:30:00,155.0166,155.3282,154.957,155.3201,35892.0
2026-03-16 14:35:00,155.335,155.3499,155.2057,155.2504,34578.0
2026-03-16 14:40:00,155.3002,155.3151,155.1161,155.3051,91993.0
2026-03-16 14:45:00,155.325,155.4245,155.2454,155.2554,31657.0
2026-03-16 14:50:00,155.2454,155.313,155.0465,155.0664,30419.0
2026-03-16 14:55:00,155.0763,155.136,154.9669,155.1069,48605.0
2026-03-16 15:00:00,155.146,155.2355,154.947,154.9669,43398.0
2026-03-16 15:05:00,154.947,155.3449,154.8775,155.3449,75077.0
2026-03-16 15:10:00,155.4345,155.5538,154.9371,155.136,47975.0
2026-03-16 15:15:00,155.1261,155.2007,154.9769,155.0266,40384.0
2026-03-16 15:20:00,155.0166,155.2554,155.0166,155.1659,40367.0
2026-03-16 15:25:00,155.136,155.2653,155.0266,155.2454,59362.0
2026-03-16 15:30:00,155.2454,155.2952,155.0465,155.0863,53579.0
2026-03-16 15:35:00,155.0962,155.1957,154.957,154.9868,49236.0
2026-03-16 15:40:00,154.9818,154.9968,154.6685,154.7352,55399.0
2026-03-16 15:45:00,154.7481,154.8774,154.6884,154.7978,72849.0
2026-03-16 15:50:00,154.7978,154.9122,154.6187,154.8674,191565.0
2026-03-16 15:55:00,154.8824,155.0117,154.8276,154.8973,358773.0
2026-03-17 09:30:00,156.479,159.3638,156.479,158.9808,192282.0
2026-03-17 09:35:00,158.9411,159.7384,158.8963,159.6672,129829.0
2026-03-17 09:40:00,159.6672,159.8016,158.2198,158.2198,144304.0
2026-03-17 09:45:00,158.1502,159.2345,158.0209,159.0125,84824.0
2026-03-17 09:50:00,159.0952,159.1748,158.6248,158.9212,47663.0
2026-03-17 09:55:00,158.9062,159.1649,158.6874,158.9808,150640.0
2026-03-17 10:00:00,158.956,158.956,158.1204,158.4785,333664.0
2026-03-17 10:05:00,158.568,159.0007,158.4884,158.9311,77588.0
2026-03-17 10:10:00,158.9162,158.9162,158.2099,158.2298,130783.0
2026-03-17 10:15:00,158.2596,158.3342,157.7921,158.1801,67846.0
2026-03-17 10:20:00,158.1801,158.6575,158.1602,158.4387,37785.0
2026-03-17 10:25:00,158.379,158.4387,158.1204,158.4039,32977.0
2026-03-17 10:30:00,158.3392,158.568,158.2895,158.4089,33194.0
2026-03-17 10:35:00,158.4536,158.5282,157.9861,158.1303,35691.0
2026-03-17 10:40:00,158.1552,158.5581,158.1005,158.4685,38822.0
2026-03-17 10:45:00,158.4685,158.5879,158.379,158.4437,25327.0
2026-03-17 10:50:00,158.4486,158.6774,158.3591,158.5133,50963.0
2026-03-17 10:55:00,158.5879,158.6078,158.2795,158.4387,52154.0
2026-03-17 11:00:00,158.4387,158.578,158.1204,158.1403,48011.0
2026-03-17 11:05:00,158.1701,158.1801,157.7374,157.802,49597.0
2026-03-17 11:10:00,157.8219,158.0259,157.6953,157.7473,50793.0
2026-03-17 11:15:00,157.7423,158.001,157.7125,157.7374,56114.0
2026-03-17 11:20:00,157.7125,157.9214,157.5135,157.802,32162.0
2026-03-17 11:25:00,157.7921,158.1452,157.7125,157.812,42352.0
2026-03-17 11:30:00,157.9513,158.1104,157.6628,157.6727,29086.0
2026-03-17 11:35:00,157.6677,157.9114,157.4937,157.6081,30056.0
2026-03-17 11:40:00,157.6081,157.6518,157.4041,157.5384,75135.0
2026-03-17 11:45:00,157.5334,157.7026,157.4937,157.5434,38631.0
2026-03-17 11:50:00,157.5334,157.8194,157.5235,157.7374,35055.0
2026-03-17 11:55:00,157.7971,157.9314,157.6628,157.8518,25569.0
2026-03-17 12:00:00,157.8219,157.8717,157.613,157.7026,26235.0
2026-03-17 12:05:00,157.7423,157.8965,157.5334,157.7821,30230.0
2026-03-17 12:10:00,157.7622,157.9612,157.6628,157.812,31033.0
2026-03-17 12:15:00,157.8518,157.9612,157.7225,157.9513,42025.0
2026-03-17 12:20:00,157.9612,158.0308,157.7324,158.0308,54464.0
2026-03-17 12:25:00,157.9314,158.0506,157.7821,157.991,30685.0
2026-03-17 12:30:00,158.001,158.0706,157.812,158.0408,39557.0
2026-03-17 12:35:00,158.0259,158.1502,157.6528,157.7422,39203.0
2026-03-17 12:40:00,157.7423,157.9413,157.6677,157.9413,29853.0
2026-03-17 12:45:00,157.9612,158.0905,157.8418,157.9264,36661.0
2026-03-17 12:50:00,157.9264,158.0408,157.8916,157.8916,33511.0
2026-03-17 12:55:00,157.9065,157.9711,157.7558,157.7672,49627.0
2026-03-17 13:00:00,157.7565,158.1403,157.7565,158.1303,47902.0
2026-03-17 13:05:00,158.1104,158.1502,158.0408,158.1303,28559.0
2026-03-17 13:10:00,158.1303,158.19,157.9363,158.1701,54093.0
2026-03-17 13:15:00,158.1701,158.2721,158.1104,158.2447,26921.0
2026-03-17 13:20:00,158.2199,158.3591,158.1403,158.2795,68858.0
2026-03-17 13:25:00,158.2795,158.3094,158.1204,158.1905,24627.0
2026-03-17 13:30:00,158.1701,158.2497,158.0209,158.1701,31896.0
2026-03-17 13:35:00,158.19,158.3126,158.1303,158.2795,36073.0
2026-03-17 13:40:00,158.3094,158.3094,157.9315,157.9711,31178.0
2026-03-17 13:45:00,157.9811,157.9811,157.6976,157.8717,20969.0
2026-03-17 13:50:00,157.8717,158.1005,157.7921,158.0408,25587.0
2026-03-17 13:55:00,158.0408,158.0408,157.9115,157.9115,19302.0
2026-03-17 14:00:00,157.9314,157.9761,157.5235,157.6777,54787.0
2026-03-17 14:05:00,157.6926,157.812,157.6528,157.7523,24782.0
2026-03-17 14:10:00,157.7772,157.8517,157.6702,157.7523,19108.0
2026-03-17 14:15:00,157.7622,157.812,157.6735,157.7821,26512.0
2026-03-17 14:20:00,157.7772,157.7821,157.5135,157.5135,33203.0
2026-03-17 14:25:00,157.5135,157.5782,157.3743,157.3743,28813.0
2026-03-17 14:30:00,157.3892,157.5732,157.3544,157.5135,29739.0
2026-03-17 14:35:00,157.5434,157.6578,157.5235,157.6379,27005.0
2026-03-17 14:40:00,157.6031,157.623,157.5135,157.5583,30437.0
2026-03-17 14:45:00,157.5533,157.7523,157.5533,157.7225,34167.0
2026-03-17 14:50:00,157.7175,157.7418,157.6329,157.6828,25453.0
2026-03-17 14:55:00,157.6727,157.6727,157.4588,157.5832,33964.0
2026-03-17 15:00:00,157.6031,157.7224,157.4863,157.5633,76353.0
2026-03-17 15:05:00,157.4838,157.613,157.4041,157.5833,44270.0
2026-03-17 15:10:00,157.613,157.7722,157.613,157.6827,42385.0
2026-03-17 15:15:00,157.6578,157.7523,157.5633,157.5882,47041.0
2026-03-17 15:20:00,157.5732,157.6827,157.5036,157.6031,50921.0
2026-03-17 15:25:00,157.5931,157.6031,157.4439,157.5235,58449.0
2026-03-17 15:30:00,157.4937,157.6827,157.434,157.5931,80976.0
2026-03-17 15:35:00,157.5981,157.7523,157.5931,157.7026,60901.0
2026-03-17 15:40:00,157.6827,157.7324,157.6031,157.6926,84159.0
2026-03-17 15:45:00,157.7225,158.1502,157.6628,158.1005,118652.0
2026-03-17 15:50:00,158.1204,158.1403,157.5111,157.5434,166299.0
2026-03-17 15:55:00,157.5334,157.6329,156.8769,157.0062,527047.0
2026-03-18 09:30:00,156.2004,156.8669,155.703,156.8632,153566.0
2026-03-18 09:35:00,156.857,156.9266,156.5088,156.8172,66071.0
2026-03-18 09:40:00,156.8172,157.2748,156.673,157.1787,73440.0
2026-03-18 09:45:00,157.2151,157.5633,156.8371,157.3942,172945.0
2026-03-18 09:50:00,157.3942,158.3691,157.3942,158.3143,168700.0
2026-03-18 09:55:00,158.2596,158.4113,157.7523,158.0109,76236.0
2026-03-18 10:00:00,158.0507,158.1005,156.9167,157.3146,54833.0
2026-03-18 10:05:00,157.2698,157.5104,157.0762,157.1753,48943.0
2026-03-18 10:10:00,157.1256,157.1976,156.6133,156.7177,57224.0
2026-03-18 10:15:00,156.7177,157.1455,156.5983,157.0957,68552.0
2026-03-18 10:20:00,157.1007,157.2186,156.9963,157.1355,41239.0
2026-03-18 10:25:00,157.1803,157.424,156.8271,157.2748,196448.0
2026-03-18 10:30:00,157.2847,157.9463,157.2151,157.6031,94654.0
2026-03-18 10:35:00,157.5981,157.7821,157.4553,157.4588,112711.0
2026-03-18 10:40:00,157.4638,157.7026,157.4051,157.6329,40111.0
2026-03-18 10:45:00,157.6827,157.8418,157.4688,157.6528,61987.0
2026-03-18 10:50:00,157.6478,158.001,157.4738,157.7374,300145.0
2026-03-18 10:55:00,157.7374,158.3989,157.5533,158.3317,54330.0
2026-03-18 11:00:00,158.3989,158.7272,158.3392,158.6376,61045.0
2026-03-18 11:05:00,158.6725,159.0803,158.5979,158.8366,27582.0
2026-03-18 11:10:00,158.8565,158.9659,158.5431,158.8764,37752.0
2026-03-18 11:15:00,158.8267,158.8664,158.3492,158.4188,38490.0
2026-03-18 11:20:00,158.4387,158.6078,158.1701,158.5083,69249.0
2026-03-18 11:25:00,158.5083,158.6178,158.3989,158.4188,34334.0
2026-03-18 11:30:00,158.4188,158.7222,158.4188,158.7172,37870.0
2026-03-18 11:35:00,158.6973,159.0057,158.6857,158.9261,52692.0
2026-03-18 11:40:00,158.9361,159.0654,158.8018,158.946,133194.0
2026-03-18 11:45:00,158.9659,159.0754,158.8366,158.951,32672.0
2026-03-18 11:50:00,158.9759,159.1052,158.8217,159.0754,103805.0
2026-03-18 11:55:00,159.0754,159.1947,158.8963,159.0654,40387.0
2026-03-18 12:00:00,158.9958,159.1549,158.8018,159.135,127441.0
2026-03-18 12:05:00,159.1151,159.3091,158.8515,159.2246,66813.0
2026-03-18 12:10:00,159.2246,159.3439,159.005,159.3439,111262.0
2026-03-18 12:15:00,159.3439,159.3937,159.0157,159.3638,141927.0
2026-03-18 12:20:00,159.3191,159.4335,159.2445,159.4235,66589.0
2026-03-18 12:25:00,159.4534,159.4633,159.1649,159.2644,40245.0
2026-03-18 12:30:00,159.2345,159.3439,158.9311,159.0405,58398.0
2026-03-18 12:35:00,159.0356,159.2146,158.728,159.0306,46435.0
2026-03-18 12:40:00,159.0654,159.0654,158.8466,159.0057,29102.0
2026-03-18 12:45:00,159.0057,159.0903,158.5979,158.6277,94045.0
2026-03-18 12:50:00,158.6575,158.6575,158.4089,158.5979,38379.0
2026-03-18 12:55:00,158.5382,158.8366,158.5382,158.7172,63383.0
2026-03-18 13:00:00,158.7123,158.956,158.6078,158.9212,101666.0
2026-03-18 13:05:00,158.9484,159.2942,158.946,159.1649,91234.0
2026-03-18 13:10:00,159.2146,159.4384,159.1699,159.324,31217.0
2026-03-18 13:15:00,159.2843,159.6125,159.1848,159.5628,28413.0
2026-03-18 13:20:00,159.5528,159.5528,159.2544,159.3937,54143.0
2026-03-18 13:25:00,159.3937,159.4036,159.2453,159.2644,59285.0
2026-03-18 13:30:00,159.2843,159.5628,159.1549,159.523,63021.0
2026-03-18 13:35:00,159.523,159.6424,159.4335,159.6324,46275.0
2026-03-18 13:40:00,159.5827,159.722,159.4306,159.6822,57799.0
2026-03-18 13:45:00,159.6822,159.8015,159.2494,159.3489,94551.0
2026-03-18 13:50:00,159.3489,159.4434,159.2146,159.4235,34665.0
2026-03-18 13:55:00,159.4235,159.4932,159.2544,159.4882,185771.0
2026-03-18 14:00:00,159.5031,159.7319,159.3738,159.5528,60700.0
2026-03-18 14:05:00,159.5479,159.5528,159.3141,159.3539,48566.0
2026-03-18 14:10:00,159.3738,159.4832,159.2942,159.4235,28743.0
2026-03-18 14:15:00,159.3838,159.3838,158.8863,159.3539,128518.0
2026-03-18 14:20:00,159.329,159.3937,159.2047,159.3091,33813.0
2026-03-18 14:25:00,159.3141,159.3738,159.145,159.3738,75756.0
2026-03-18 14:30:00,159.3539,159.4136,159.0654,159.0654,71302.0
2026-03-18 14:35:00,159.1251,159.6374,159.0256,159.1002,68350.0
2026-03-18 14:40:00,158.9958,159.1549,158.8167,158.8814,74522.0
2026-03-18 14:45:00,158.8466,159.1201,158.7471,159.0157,102512.0
2026-03-18 14:50:00,158.9908,158.9958,158.1403,158.1403,171577.0
2026-03-18 14:55:00,158.1303,158.2298,157.7722,158.1701,203725.0
2026-03-18 15:00:00,158.185,158.4387,158.1204,158.4089,115819.0
2026-03-18 15:05:00,158.3989,158.6575,158.3492,158.6277,79258.0
2026-03-18 15:10:00,158.568,158.6575,158.2994,158.5382,48944.0
2026-03-18 15:15:00,158.5382,158.5581,158.2198,158.2198,97593.0
2026-03-18 15:20:00,158.2298,158.2596,157.6827,157.7324,70633.0
2026-03-18 15:25:00,157.7026,157.9015,157.6926,157.8418,67234.0
2026-03-18 15:30:00,157.8219,157.9015,157.6926,157.792,71060.0
2026-03-18 15:35:00,157.7821,157.7921,157.5036,157.5882,57417.0
2026-03-18 15:40:00,157.6031,157.6628,157.3196,157.3549,195823.0
2026-03-18 15:45:00,157.3693,157.7622,157.1554,157.6827,97693.0
2026-03-18 15:50:00,157.6926,158.1005,157.6876,158.0507,251443.0
2026-03-18 15:55:00,158.0308,158.3392,157.6429,158.3193,1367651.0
2026-03-19 09:30:00,156.1706,157.1753,155.713,156.6481,109730.0
2026-03-19 09:35:00,156.6879,156.8371,156.0711,156.1557,74471.0
2026-03-19 09:40:00,156.1643,157.5732,156.1643,157.5036,158136.0
2026-03-19 09:45:00,157.3942,157.9314,157.0957,157.817,113927.0
2026-03-19 09:50:00,157.7862,158.757,157.7324,158.4387,123233.0
2026-03-19 09:55:00,158.4387,158.4685,157.9015,158.2696,70814.0
2026-03-19 10:00:00,158.2397,158.3492,157.7523,157.9977,47319.0
2026-03-19 10:05:00,158.001,158.1602,157.5633,157.727,43821.0
2026-03-19 10:10:00,157.6926,158.1701,157.2052,157.2251,57816.0
2026-03-19 10:15:00,157.2151,157.5583,156.8817,157.0908,78456.0
2026-03-19 10:20:00,157.1355,157.3643,156.8321,156.8321,46350.0
2026-03-19 10:25:00,156.9465,156.9963,156.3994,156.4541,48832.0
2026-03-19 10:30:00,156.4193,157.2846,156.3795,157.2846,66385.0
2026-03-19 10:35:00,157.2748,157.5732,156.9366,157.0459,38759.0
2026-03-19 10:40:00,156.9565,157.5817,156.8868,157.0261,166553.0
2026-03-19 10:45:00,157.0261,157.1455,156.8769,157.0162,42606.0
2026-03-19 10:50:00,157.0758,157.3046,157.041,157.1256,33996.0
2026-03-19 10:55:00,157.0559,157.3743,156.9565,157.2748,47811.0
2026-03-19 11:00:00,157.2748,157.7323,157.1156,157.7323,59880.0
2026-03-19 11:05:00,157.7324,157.991,157.5235,157.8418,51256.0
2026-03-19 11:10:00,157.802,157.9811,157.6528,157.7921,41995.0
2026-03-19 11:15:00,157.7821,157.9811,157.6031,157.6031,59294.0
2026-03-19 11:20:00,157.6081,157.8916,157.5981,157.613,86076.0
2026-03-19 11:25:00,157.613,157.7026,157.3544,157.5732,48509.0
2026-03-19 11:30:00,157.5931,157.7423,157.2748,157.2748,43992.0
2026-03-19 11:35:00,157.3494,157.3842,157.1206,157.2847,49045.0
2026-03-19 11:40:00,157.2947,157.4539,156.9863,156.9863,34276.0
2026-03-19 11:45:00,156.9565,157.0559,156.7973,156.857,24466.0
2026-03-19 11:50:00,156.8739,156.9167,156.5138,156.5188,27816.0
2026-03-19 11:55:00,156.5237,156.8669,156.3596,156.7774,51880.0
2026-03-19 12:00:00,156.7973,157.2847,156.668,156.8868,52349.0
2026-03-19 12:05:00,156.9465,157.1156,156.857,156.9913,26961.0
2026-03-19 12:10:00,156.9614,156.9764,156.5194,156.5436,27093.0
2026-03-19 12:15:00,156.5486,156.668,156.4093,156.4093,53752.0
2026-03-19 12:20:00,156.4093,156.7127,156.3894,156.668,54114.0
2026-03-19 12:25:00,156.658,156.9266,156.6083,156.7177,59152.0
2026-03-19 12:30:00,156.7078,156.8172,156.4292,156.7476,355263.0
2026-03-19 12:35:00,156.7575,156.847,156.3447,156.7078,44085.0
2026-03-19 12:40:00,156.7078,157.1256,156.6929,157.046,26554.0
2026-03-19 12:45:00,157.0361,157.1156,156.9465,156.9714,28038.0
2026-03-19 12:50:00,156.9963,157.0559,156.1905,156.4392,46186.0
2026-03-19 12:55:00,156.4491,156.5188,156.2303,156.3894,33874.0
2026-03-19 13:00:00,156.3894,156.3894,156.1805,156.2502,18320.0
2026-03-19 13:05:00,156.2353,156.3099,155.9716,155.9766,39643.0
2026-03-19 13:10:00,155.9816,156.1507,155.9219,156.0413,27761.0
2026-03-19 13:15:00,156.0486,156.9415,156.0413,156.9067,54273.0
2026-03-19 13:20:00,156.8769,156.8968,156.6182,156.6978,47605.0
2026-03-19 13:25:00,156.7277,156.9565,156.6182,156.8918,44168.0
2026-03-19 13:30:00,156.9266,156.9913,156.7028,156.7177,62488.0
2026-03-19 13:35:00,156.673,156.8321,156.5884,156.7675,29915.0
2026-03-19 13:40:00,156.7376,156.7923,156.4342,156.4591,55018.0
2026-03-19 13:45:00,156.4591,156.5785,156.3795,156.5188,85468.0
2026-03-19 13:50:00,156.5287,156.8868,156.5287,156.8023,47032.0
2026-03-19 13:55:00,156.7774,156.7774,156.4591,156.4989,30509.0
2026-03-19 14:00:00,156.5163,156.5387,156.3397,156.4292,26005.0
2026-03-19 14:05:00,156.3994,156.7376,156.3545,156.673,28053.0
2026-03-19 14:10:00,156.673,156.9465,156.6083,156.9167,61973.0
2026-03-19 14:15:00,156.9067,157.045,156.7786,156.8421,63027.0
2026-03-19 14:20:00,156.852,156.862,156.6431,156.7127,22328.0
2026-03-19 14:25:00,156.6879,156.7874,156.5685,156.6252,29135.0
2026-03-19 14:30:00,156.5834,156.7973,156.5387,156.7874,32613.0
2026-03-19 14:35:00,156.8172,156.847,156.5063,156.5586,40026.0
2026-03-19 14:40:00,156.5586,156.5586,156.3497,156.3696,25929.0
2026-03-19 14:45:00,156.3497,156.5685,156.3298,156.4989,48290.0
2026-03-19 14:50:00,156.4591,156.6889,156.4491,156.6889,32226.0
2026-03-19 14:55:00,156.6978,157.5533,156.6889,157.419,60704.0
2026-03-19 15:00:00,157.4091,158.1801,157.3494,157.6727,71159.0
2026-03-19 15:05:00,157.6628,158.568,157.6429,158.2298,139533.0
2026-03-19 15:10:00,158.2198,158.7819,158.0209,158.5183,97139.0
2026-03-19 15:15:00,158.5183,158.6625,158.2795,158.5404,89522.0
2026-03-19 15:20:00,158.5382,158.5382,157.9413,158.0806,58229.0
2026-03-19 15:25:00,158.0607,158.0607,157.6379,157.7722,62436.0
2026-03-19 15:30:00,157.7523,157.9861,157.6429,157.8369,148499.0
2026-03-19 15:35:00,157.8219,158.0109,157.531,157.991,93704.0
2026-03-19 15:40:00,157.9811,158.1303,157.9115,157.9612,133636.0
2026-03-19 15:45:00,157.9513,158.1502,157.8468,158.0608,146959.0
2026-03-19 15:50:00,158.0607,158.0706,157.7523,157.9463,126614.0
2026-03-19 15:55:00,157.9612,158.0607,157.613,157.7026,488825.0
2026-03-20 09:30:00,157.5334,157.5732,156.4292,156.9167,1383872.0
2026-03-20 09:35:00,156.8868,157.9015,156.5785,157.4986,163182.0
2026-03-20 09:40:00,157.4258,158.5979,157.3942,158.5979,88688.0
2026-03-20 09:45:00,158.5481,159.0704,158.5481,158.8764,151860.0
2026-03-20 09:50:00,158.8764,158.8764,158.2198,158.5282,119063.0
2026-03-20 09:55:00,158.568,159.0754,158.3691,158.8267,274706.0
2026-03-20 10:00:00,158.767,159.5926,158.578,159.2843,73747.0
2026-03-20 10:05:00,159.3837,159.9408,159.2793,159.9309,101372.0
2026-03-20 10:10:00,159.9508,160.0204,158.5183,158.5481,97171.0
2026-03-20 10:15:00,158.5083,158.6874,158.0209,158.2795,150659.0
2026-03-20 10:20:00,158.3192,158.6227,158.2348,158.3392,37315.0
2026-03-20 10:25:00,158.3442,158.4188,157.9811,158.1054,85832.0
2026-03-20 10:30:00,158.1054,158.7371,158.1005,158.4387,36336.0
2026-03-20 10:35:00,158.5581,159.6026,158.5581,158.7918,247425.0
2026-03-20 10:40:00,158.7272,159.1787,158.5979,158.7123,39796.0
2026-03-20 10:45:00,158.6924,159.4632,158.6924,159.1649,46175.0
2026-03-20 10:50:00,159.2047,159.2892,158.3591,158.3591,45305.0
2026-03-20 10:55:00,158.2945,159.2345,158.2099,159.0206,52739.0
2026-03-20 11:00:00,159.1251,159.4583,158.946,159.2644,164784.0
2026-03-20 11:05:00,159.2644,159.339,159.0903,159.2246,30688.0
2026-03-20 11:10:00,159.1748,159.4733,158.9695,159.4086,45013.0
2026-03-20 11:15:00,159.3539,159.4733,159.1052,159.1052,67092.0
2026-03-20 11:20:00,159.1052,160.1597,159.0256,159.426,83519.0
2026-03-20 11:25:00,159.3589,159.3837,158.568,158.8466,66066.0
2026-03-20 11:30:00,158.8863,159.3738,158.8863,159.3042,40058.0
2026-03-20 11:35:00,159.2892,159.4434,159.1151,159.3091,29192.0
2026-03-20 11:40:00,159.2743,159.3638,159.1649,159.2544,35652.0
2026-03-20 11:45:00,159.2942,159.4932,159.1251,159.4232,45860.0
2026-03-20 11:50:00,159.3837,159.6424,159.2743,159.5727,35846.0
2026-03-20 11:55:00,159.5827,159.6026,159.2544,159.4832,47677.0
2026-03-20 12:00:00,159.4534,159.9707,159.4287,159.9458,45324.0
2026-03-20 12:05:00,159.9408,160.2611,159.8115,160.2094,86310.0
2026-03-20 12:10:00,160.1623,160.8062,160.1597,160.5178,353206.0
2026-03-20 12:15:00,160.5178,160.9057,160.1597,160.9057,179286.0
2026-03-20 12:20:00,160.866,160.9057,160.5725,160.7416,69242.0
2026-03-20 12:25:00,160.7543,160.7543,160.4183,160.5576,57451.0
2026-03-20 12:30:00,160.5675,160.5824,160.0104,160.2492,138566.0
2026-03-20 12:35:00,160.2641,160.5277,160.1696,160.4879,38445.0
2026-03-20 12:40:00,160.4581,160.9306,160.3089,160.8709,74335.0
2026-03-20 12:45:00,160.8709,161.055,160.7217,161.0351,73269.0
2026-03-20 12:50:00,161.055,161.2738,160.9953,161.0749,62910.0
2026-03-20 12:55:00,161.0579,161.5275,161.0351,161.4678,58326.0
2026-03-20 13:00:00,161.4479,162.0398,161.4479,161.9901,107888.0
2026-03-20 13:05:00,161.9901,162.2189,161.4031,162.0796,242435.0
2026-03-20 13:10:00,162.0895,162.2885,161.7115,161.7215,246084.0
2026-03-20 13:15:00,161.6618,161.9801,161.3236,161.7513,333772.0
2026-03-20 13:20:00,161.7812,162.2189,161.5822,161.8707,235260.0
2026-03-20 13:25:00,161.8309,161.9204,161.5127,161.6817,113887.0
2026-03-20 13:30:00,161.7016,161.7911,161.2539,161.5872,60824.0
2026-03-20 13:35:00,161.5723,161.7613,161.3136,161.7115,65174.0
2026-03-20 13:40:00,161.7115,161.8408,161.4031,161.4827,49726.0
2026-03-20 13:45:00,161.5126,161.5325,161.1743,161.3783,40458.0
2026-03-20 13:50:00,161.3236,161.7414,161.1345,161.7215,94562.0
2026-03-20 13:55:00,161.7414,161.8359,161.433,161.5921,134533.0
2026-03-20 14:00:00,161.5921,161.7016,161.1445,161.2887,69535.0
2026-03-20 14:05:00,161.2937,161.5822,161.2341,161.4976,79543.0
2026-03-20 14:10:00,161.5126,161.5513,161.1743,161.3484,110581.0
2026-03-20 14:15:00,161.3832,161.4728,161.1544,161.3435,62160.0
2026-03-20 14:20:00,161.3534,161.413,160.5476,160.7466,95074.0
2026-03-20 14:25:00,160.7466,160.8958,160.1597,160.5327,128975.0
2026-03-20 14:30:00,160.4879,160.5874,159.8413,159.8811,165029.0
2026-03-20 14:35:00,159.7319,159.8314,159.4633,159.6921,136351.0
2026-03-20 14:40:00,159.6822,159.7518,159.5088,159.5528,68410.0
2026-03-20 14:45:00,159.5379,159.6026,159.3141,159.3489,91190.0
2026-03-20 14:50:00,159.3464,159.7816,159.2644,159.7816,92365.0
2026-03-20 14:55:00,159.7816,160.0005,159.722,159.9309,66932.0
2026-03-20 15:00:00,159.9309,160.2144,159.8115,160.1398,110080.0
2026-03-20 15:05:00,160.1138,160.1597,159.7518,159.9806,58147.0
2026-03-20 15:10:00,159.9408,159.9906,159.7518,159.9657,54975.0
2026-03-20 15:15:00,159.9657,160.0502,159.7518,159.9209,49365.0
2026-03-20 15:20:00,159.901,159.906,159.6225,159.712,55216.0
2026-03-20 15:25:00,159.722,159.8911,159.712,159.8015,65257.0
2026-03-20 15:30:00,159.8115,159.8911,159.3141,159.339,72443.0
2026-03-20 15:35:00,159.3738,159.3738,158.8167,158.8863,88708.0
2026-03-20 15:40:00,158.8645,159.7717,158.8565,159.7518,116258.0
2026-03-20 15:45:00,159.712,159.7916,159.4733,159.6424,152820.0
2026-03-20 15:50:00,159.6125,160.5178,159.6026,160.478,193535.0
2026-03-20 15:55:00,160.478,160.7764,160.3785,160.6272,669463.0
2026-03-23 09:30:00,165.3922,167.0236,163.8801,164.3477,690369.0
2026-03-23 09:35:00,164.3974,165.3027,163.8117,165.2281,128788.0
2026-03-23 09:40:00,165.2176,166.1085,165.1336,165.6757,176893.0
2026-03-23 09:45:00,165.5812,165.7901,164.4074,164.865,257876.0
2026-03-23 09:50:00,164.7555,165.805,164.7406,165.7553,102069.0
2026-03-23 09:55:00,165.7105,165.7901,165.1137,165.5315,81303.0
2026-03-23 10:00:00,165.5315,165.9493,164.8451,164.8451,106003.0
2026-03-23 10:05:00,164.9213,165.621,164.7257,165.3624,316309.0
2026-03-23 10:10:00,165.3027,165.8896,165.1833,165.631,152151.0
2026-03-23 10:15:00,165.6608,165.999,165.5116,165.8448,62835.0
2026-03-23 10:20:00,165.82,166.188,165.621,165.999,75174.0
2026-03-23 10:25:00,165.9642,165.9642,165.1883,165.3922,106583.0
2026-03-23 10:30:00,165.4121,165.7702,165.3425,165.7404,52153.0
2026-03-23 10:35:00,165.7255,165.8995,165.5315,165.7603,106970.0
2026-03-23 10:40:00,165.7553,166.0,165.5315,165.7066,105923.0
2026-03-23 10:45:00,165.7006,166.1154,165.5414,165.9592,84924.0
2026-03-23 10:50:00,165.9692,166.4069,165.7304,166.203,50417.0
2026-03-23 10:55:00,166.1781,166.4765,166.1234,166.4069,42124.0
2026-03-23 11:00:00,166.387,167.0137,166.2179,166.9739,120511.0
2026-03-23 11:05:00,166.8396,167.1231,166.6954,166.8545,37963.0
2026-03-23 11:10:00,166.8844,167.2624,166.4719,166.5064,125771.0
2026-03-23 11:15:00,166.5312,166.6058,166.0985,166.1482,54220.0
2026-03-23 11:20:00,166.198,166.3969,166.1283,166.387,70416.0
2026-03-23 11:25:00,166.387,166.4467,165.9791,166.0289,55732.0
2026-03-23 11:30:00,165.9841,166.0886,165.7106,165.8448,97281.0
2026-03-23 11:35:00,165.8598,165.8647,165.2529,165.437,186102.0
2026-03-23 11:40:00,165.3922,165.4022,164.5516,164.7655,66851.0
2026-03-23 11:45:00,164.7158,164.9645,164.3478,164.7854,57519.0
2026-03-23 11:50:00,164.8451,165.1037,164.666,164.8451,188566.0
2026-03-23 11:55:00,164.8351,164.9744,164.6163,164.8202,228916.0
2026-03-23 12:00:00,164.865,165.243,164.8152,164.9993,76628.0
2026-03-23 12:05:00,164.8849,165.1535,164.8152,164.9296,57984.0
2026-03-23 12:10:00,164.9296,165.1535,164.6909,164.7754,50584.0
2026-03-23 12:15:00,164.7456,164.8053,164.0368,164.1438,53429.0
2026-03-23 12:20:00,164.1686,164.487,163.9199,164.2681,61522.0
2026-03-23 12:25:00,164.2582,164.3925,163.3033,163.3033,51984.0
2026-03-23 12:30:00,163.3778,164.0393,163.3778,164.0393,57100.0
2026-03-23 12:35:00,164.0692,164.5466,163.9,163.905,45716.0
2026-03-23 12:40:00,163.9498,164.1288,163.7807,164.0095,51839.0
2026-03-23 12:45:00,163.9697,164.2084,163.8602,164.0194,26204.0
2026-03-23 12:50:00,163.9995,164.1686,163.7061,164.0045,32908.0
2026-03-23 12:55:00,164.0393,164.1288,163.8602,163.91,36006.0
2026-03-23 13:00:00,163.9995,164.0493,163.4325,163.5021,35043.0
2026-03-23 13:05:00,163.4973,163.8801,163.3629,163.8801,49381.0
2026-03-23 13:10:00,163.9,164.1288,163.8105,163.9299,35573.0
2026-03-23 13:15:00,163.8801,163.9498,163.532,163.5917,36975.0
2026-03-23 13:20:00,163.5917,163.6862,163.3629,163.4723,43262.0
2026-03-23 13:25:00,163.3629,163.7011,163.3131,163.4972,59781.0
2026-03-23 13:30:00,163.5419,164.1388,163.5021,164.0592,78294.0
2026-03-23 13:35:00,164.094,164.9744,164.094,164.7555,135315.0
2026-03-23 13:40:00,164.666,164.6959,164.3626,164.4571,33163.0
2026-03-23 13:45:00,164.4571,164.676,164.2584,164.5466,49584.0
2026-03-23 13:50:00,164.5168,165.0739,164.5168,165.0631,57202.0
2026-03-23 13:55:00,165.0142,165.3673,164.8948,165.3425,58804.0
2026-03-23 14:00:00,165.3474,165.3474,165.054,165.2529,56639.0
2026-03-23 14:05:00,165.2529,165.2977,164.7058,165.0739,94755.0
2026-03-23 14:10:00,165.0938,165.3723,165.0241,165.1833,46847.0
2026-03-23 14:15:00,165.1833,165.243,165.0042,165.0739,44071.0
2026-03-23 14:20:00,165.0739,165.3027,164.9993,165.3027,49092.0
2026-03-23 14:25:00,165.2868,165.4221,165.2082,165.3027,67614.0
2026-03-23 14:30:00,165.3823,165.7802,165.3425,165.7056,60544.0
2026-03-23 14:35:00,165.7404,165.9891,165.432,165.6558,114216.0
2026-03-23 14:40:00,165.631,165.648,165.3823,165.4469,45139.0
2026-03-23 14:45:00,165.3027,165.5215,165.3027,165.4718,56719.0
2026-03-23 14:50:00,165.5215,165.5215,165.0639,165.2131,50549.0
2026-03-23 14:55:00,165.1933,165.3524,165.1634,165.3176,45713.0
2026-03-23 15:00:00,165.3226,165.3226,164.9893,165.0142,39690.0
2026-03-23 15:05:00,165.0241,165.2032,164.9247,165.0838,93810.0
2026-03-23 15:10:00,165.0838,165.0838,164.7555,164.8252,59112.0
2026-03-23 15:15:00,164.8252,164.8948,164.4472,164.5466,70878.0
2026-03-23 15:20:00,164.5466,164.5964,164.3178,164.5566,72448.0
2026-03-23 15:25:00,164.5466,164.6163,163.9498,163.9766,94910.0
2026-03-23 15:30:00,163.9398,164.3477,163.7409,164.2283,130752.0
2026-03-23 15:35:00,164.2482,164.3328,164.099,164.2233,87141.0
2026-03-23 15:40:00,164.2233,164.3079,163.9846,164.1885,125867.0
2026-03-23 15:45:00,164.2084,164.4671,163.9796,163.9995,120757.0
2026-03-23 15:50:00,163.9796,164.1189,163.7309,164.089,258808.0
2026-03-23 15:55:00,164.099,164.099,163.333,163.5021,821373.0
2026-03-24 09:30:00,161.5872,162.2189,161.5872,161.7812,112994.0
2026-03-24 09:35:00,161.7812,163.3927,161.3832,162.8257,80856.0
2026-03-24 09:40:00,162.7759,163.0147,162.3482,162.567,51535.0
2026-03-24 09:45:00,162.6765,163.0943,162.4676,162.6267,37736.0
2026-03-24 09:50:00,162.5571,163.0246,162.4477,162.4775,21075.0
2026-03-24 09:55:00,162.5322,162.8257,162.2388,162.7063,17565.0
2026-03-24 10:00:00,162.6964,163.1341,162.4576,162.96,37242.0
2026-03-24 10:05:00,163.0296,163.3529,162.7262,163.2932,32775.0
2026-03-24 10:10:00,163.3131,163.5618,163.0644,163.5419,38532.0
2026-03-24 10:15:00,163.4673,163.4673,162.6964,163.2634,37119.0
2026-03-24 10:20:00,163.2485,163.532,163.1441,163.1441,20869.0
2026-03-24 10:25:00,163.1467,163.4126,162.9649,163.1788,30006.0
2026-03-24 10:30:00,163.1788,163.6712,163.144,163.6439,25162.0
2026-03-24 10:35:00,163.6613,163.8503,163.5121,163.716,60621.0
2026-03-24 10:40:00,163.5917,164.0493,163.5917,163.9597,41996.0
2026-03-24 10:45:00,163.8602,164.0393,163.4723,163.6414,45991.0
2026-03-24 10:50:00,163.6116,165.0673,163.4623,164.7904,105593.0
2026-03-24 10:55:00,164.855,165.0739,164.2283,164.7457,59632.0
2026-03-24 11:00:00,164.9247,165.3823,164.7705,164.8451,41938.0
2026-03-24 11:05:00,164.8099,164.8451,164.487,164.7257,28027.0
2026-03-24 11:10:00,164.6163,164.8749,164.5715,164.661,29744.0
2026-03-24 11:15:00,164.7245,164.9545,164.6562,164.855,30928.0
2026-03-24 11:20:00,164.9147,165.4917,164.8351,165.4917,43681.0
2026-03-24 11:25:00,165.5315,165.708,165.3325,165.5214,29912.0
2026-03-24 11:30:00,165.4817,165.5316,165.2185,165.2579,31004.0
2026-03-24 11:35:00,165.2131,165.4221,165.1933,165.2131,19703.0
2026-03-24 11:40:00,165.2281,165.3226,165.1535,165.3126,17236.0
2026-03-24 11:45:00,165.2828,165.8001,165.2131,165.7503,52136.0
2026-03-24 11:50:00,165.7105,165.9493,165.4917,165.82,88077.0
2026-03-24 11:55:00,165.8697,165.8697,165.1535,165.2778,62577.0
2026-03-24 12:00:00,165.233,165.4519,165.1833,165.3524,39956.0
2026-03-24 12:05:00,165.3574,165.6409,165.2529,165.5116,133641.0
2026-03-24 12:10:00,165.5314,165.7354,165.4693,165.7105,40671.0
2026-03-24 12:15:00,165.7105,166.009,165.5762,165.6757,47519.0
2026-03-24 12:20:00,165.6757,165.6757,165.2927,165.3474,27921.0
2026-03-24 12:25:00,165.3325,165.3425,165.0839,165.2629,23841.0
2026-03-24 12:30:00,165.2629,165.4718,165.1087,165.2032,32118.0
2026-03-24 12:35:00,165.1734,165.1933,164.9843,165.054,348067.0
2026-03-24 12:40:00,165.054,165.3524,164.9446,165.3325,24615.0
2026-03-24 12:45:00,165.4284,165.4617,165.2281,165.2281,17643.0
2026-03-24 12:50:00,165.2927,165.3723,165.2131,165.2828,42286.0
2026-03-24 12:55:00,165.2878,165.432,165.1037,165.3126,21733.0
2026-03-24 13:00:00,165.3375,165.3922,164.8401,164.8948,113627.0
2026-03-24 13:05:00,164.8749,165.1535,164.7754,164.9346,104145.0
2026-03-24 13:10:00,164.9247,165.0241,164.671,164.9843,83647.0
2026-03-24 13:15:00,164.9843,165.1336,164.9346,165.044,41138.0
2026-03-24 13:20:00,165.0088,165.3126,165.0088,165.1336,74671.0
2026-03-24 13:25:00,165.1385,165.3624,165.044,165.1783,26859.0
2026-03-24 13:30:00,165.1734,165.4022,165.0639,165.0987,27893.0
2026-03-24 13:35:00,165.1435,165.3325,165.0639,165.2529,29986.0
2026-03-24 13:40:00,165.2529,165.3126,164.9147,164.9936,48474.0
2026-03-24 13:45:00,165.0042,165.2018,164.9122,165.1634,190949.0
2026-03-24 13:50:00,165.1336,165.5116,165.0341,165.1137,39223.0
2026-03-24 13:55:00,165.1137,165.5215,165.1087,165.3723,30063.0
2026-03-24 14:00:00,165.3425,165.5414,165.1435,165.2231,18954.0
2026-03-24 14:05:00,165.2181,165.3027,165.1412,165.2032,18286.0
2026-03-24 14:10:00,165.2131,165.4618,165.2131,165.3872,29560.0
2026-03-24 14:15:00,165.3126,165.4419,165.1833,165.4419,34007.0
2026-03-24 14:20:00,165.4171,165.4618,165.3198,165.4022,17504.0
2026-03-24 14:25:00,165.4221,165.6011,165.4196,165.5613,18673.0
2026-03-24 14:30:00,165.5464,165.999,165.4917,165.7205,31126.0
2026-03-24 14:35:00,165.7205,166.2427,165.7056,166.193,53169.0
2026-03-24 14:40:00,166.1781,166.1781,165.4022,165.5812,28443.0
2026-03-24 14:45:00,165.5613,165.621,165.3922,165.4817,23367.0
2026-03-24 14:50:00,165.4967,165.6906,165.4519,165.5066,66789.0
2026-03-24 14:55:00,165.4618,165.5215,165.3723,165.5215,40251.0
2026-03-24 15:00:00,165.4917,165.7006,165.4817,165.5713,41127.0
2026-03-24 15:05:00,165.5713,165.6864,165.4783,165.6608,36076.0
2026-03-24 15:10:00,165.6608,165.7205,165.5215,165.7205,30859.0
2026-03-24 15:15:00,165.7155,165.82,165.4817,165.5563,63545.0
2026-03-24 15:20:00,165.5613,165.7304,165.4519,165.7155,42078.0
2026-03-24 15:25:00,165.7105,165.7503,165.5414,165.6011,52946.0
2026-03-24 15:30:00,165.5613,165.7603,165.3723,165.5016,72911.0
2026-03-24 15:35:00,165.5016,165.6011,165.2778,165.5842,58006.0
2026-03-24 15:40:00,165.616,165.7006,165.5315,165.631,44019.0
2026-03-24 15:45:00,165.6409,165.6409,165.2032,165.4569,79891.0
2026-03-24 15:50:00,165.4718,165.5613,165.1311,165.2181,149228.0
2026-03-24 15:55:00,165.233,165.2529,164.7953,165.0042,611932.0
2026-03-25 09:30:00,165.9294,167.2027,165.9294,167.0535,126195.0
2026-03-25 09:35:00,167.0535,167.9289,167.0535,167.6852,134919.0
2026-03-25 09:40:00,167.6802,167.7498,167.2425,167.3818,84159.0
2026-03-25 09:45:00,167.3917,167.6205,167.0734,167.1231,109313.0
2026-03-25 09:50:00,167.0833,167.2127,166.3323,166.4168,50131.0
2026-03-25 09:55:00,166.3571,166.8545,166.1283,166.2676,53873.0
2026-03-25 10:00:00,166.2875,166.571,166.009,166.5661,52691.0
2026-03-25 10:05:00,166.5561,166.5959,166.1383,166.5163,34525.0
2026-03-25 10:10:00,166.4964,166.7948,166.2875,166.5959,35600.0
2026-03-25 10:15:00,166.5959,166.765,166.3124,166.3124,49635.0
2026-03-25 10:20:00,166.3174,166.775,166.0189,166.1482,214439.0
2026-03-25 10:25:00,166.1333,166.7252,165.9891,166.3273,97052.0
2026-03-25 10:30:00,166.2626,166.377,166.0488,166.3074,92815.0
2026-03-25 10:35:00,166.3074,166.4367,165.5514,165.9045,72511.0
2026-03-25 10:40:00,165.8847,165.8995,165.4454,165.4454,43582.0
2026-03-25 10:45:00,165.5613,165.8299,165.4519,165.7503,38603.0
2026-03-25 10:50:00,165.6906,165.7901,165.2828,165.2878,45213.0
2026-03-25 10:55:00,165.2878,165.5116,165.243,165.3425,63755.0
2026-03-25 11:00:00,165.4171,165.5812,165.0739,165.1634,33523.0
2026-03-25 11:05:00,165.1535,165.2032,163.4822,163.5867,108370.0
2026-03-25 11:10:00,163.6215,164.0493,163.4424,163.9498,315819.0
2026-03-25 11:15:00,163.8404,163.9697,163.144,163.3877,99375.0
2026-03-25 11:20:00,163.4424,164.2681,163.3131,164.0194,67542.0
2026-03-25 11:25:00,163.9597,164.6959,163.8901,164.6959,50210.0
2026-03-25 11:30:00,164.6163,165.0391,164.5268,164.9943,81224.0
2026-03-25 11:35:00,165.0142,165.0142,164.0841,164.089,78048.0
2026-03-25 11:40:00,164.0194,164.5118,164.0194,164.5069,87684.0
2026-03-25 11:45:00,164.5019,164.5466,164.2781,164.5168,25134.0
2026-03-25 11:50:00,164.5466,164.676,164.4906,164.676,28208.0
2026-03-25 11:55:00,164.671,164.865,164.4969,164.855,33595.0
2026-03-25 12:00:00,164.855,164.86,164.4074,164.5118,22573.0
2026-03-25 12:05:00,164.5566,164.7456,164.4472,164.5616,17780.0
2026-03-25 12:10:00,164.5466,164.676,164.4372,164.6561,20734.0
2026-03-25 12:15:00,164.6561,164.6561,164.487,164.6461,21392.0
2026-03-25 12:20:00,164.666,165.1336,164.5466,165.1336,23334.0
2026-03-25 12:25:00,165.0888,165.2231,164.9346,165.044,32300.0
2026-03-25 12:30:00,165.1037,165.4221,164.9843,165.4022,18833.0
2026-03-25 12:35:00,165.4221,165.5215,165.1933,165.3574,28749.0
2026-03-25 12:40:00,165.3773,165.3773,165.2231,165.233,21213.0
2026-03-25 12:45:00,165.2131,165.2828,165.1336,165.2728,29432.0
2026-03-25 12:50:00,165.3027,165.3176,165.0042,165.2927,31383.0
2026-03-25 12:55:00,165.2747,165.3922,165.2231,165.3226,18935.0
2026-03-25 13:00:00,165.3375,165.437,165.1833,165.4022,29168.0
2026-03-25 13:05:00,165.3275,165.5116,165.1286,165.1286,34051.0
2026-03-25 13:10:00,165.1286,165.2828,165.1286,165.2082,19185.0
2026-03-25 13:15:00,165.1883,165.233,165.0042,165.0888,22721.0
2026-03-25 13:20:00,165.0689,165.1734,164.9545,165.0241,14503.0
2026-03-25 13:25:00,165.0341,165.1634,164.9744,164.9943,17954.0
2026-03-25 13:30:00,164.9346,165.034,164.7008,164.9943,21932.0
2026-03-25 13:35:00,164.9993,165.1933,164.9993,165.1535,25932.0
2026-03-25 13:40:00,165.1336,165.3126,165.0042,165.2678,34233.0
2026-03-25 13:45:00,165.2728,165.3126,165.0639,165.235,41011.0
2026-03-25 13:50:00,165.233,165.4718,165.1435,165.233,67509.0
2026-03-25 13:55:00,165.3126,165.6509,165.2231,165.2977,33369.0
2026-03-25 14:00:00,165.243,165.3773,165.1833,165.233,37280.0
2026-03-25 14:05:00,165.3027,165.4022,165.1336,165.1933,34997.0
2026-03-25 14:10:00,165.243,165.4768,165.1833,165.4519,26789.0
2026-03-25 14:15:00,165.432,165.6011,165.243,165.243,28675.0
2026-03-25 14:20:00,165.2828,165.3324,165.0241,165.1186,26509.0
2026-03-25 14:25:00,165.1087,165.1933,165.0042,165.0042,24922.0
2026-03-25 14:30:00,165.0241,165.2828,165.0241,165.2529,19355.0
2026-03-25 14:35:00,165.2231,165.3474,165.1236,165.3068,24206.0
2026-03-25 14:40:00,165.3077,165.3524,165.1236,165.2629,17896.0
2026-03-25 14:45:00,165.233,165.233,165.1037,165.1137,20092.0
2026-03-25 14:50:00,165.1236,165.2927,165.1236,165.2927,19372.0
2026-03-25 14:55:00,165.2762,165.2762,164.7904,165.0341,45114.0
2026-03-25 15:00:00,164.9744,164.9744,164.6561,164.7754,34929.0
2026-03-25 15:05:00,164.8003,164.8849,164.6461,164.7754,34584.0
2026-03-25 15:10:00,164.7754,164.9346,164.7058,164.8849,43415.0
2026-03-25 15:15:00,164.8849,164.9545,164.7456,164.8749,35727.0
2026-03-25 15:20:00,164.8252,165.1236,164.7257,165.0341,40234.0
2026-03-25 15:25:00,165.0341,165.0639,164.7854,164.8998,45733.0
2026-03-25 15:30:00,164.9147,165.2131,164.8749,165.0838,90888.0
2026-03-25 15:35:00,165.0938,165.1435,164.8749,165.1435,71846.0
2026-03-25 15:40:00,165.0938,165.1634,164.8451,164.8998,68620.0
2026-03-25 15:45:00,164.8849,164.9794,164.7158,164.7257,133657.0
2026-03-25 15:50:00,164.7058,164.8749,164.6362,164.7257,136485.0
2026-03-25 15:55:00,164.7431,164.8351,164.6362,164.8351,466800.0
2026-03-26 09:30:00,163.7906,164.1985,163.4922,164.0194,79983.0
2026-03-26 09:35:00,164.1189,164.1288,163.5121,163.6712,45489.0
2026-03-26 09:40:00,163.6907,165.1235,163.6907,165.049,64445.0
2026-03-26 09:45:00,164.9744,165.4618,164.4571,164.6213,59163.0
2026-03-26 09:50:00,164.6163,165.2529,164.6113,165.0341,47581.0
2026-03-26 09:55:00,165.059,165.1774,164.5566,164.9794,58407.0
2026-03-26 10:00:00,165.1112,165.3574,164.7257,164.8799,44680.0
2026-03-26 10:05:00,164.8401,165.233,164.7158,164.9794,37294.0
2026-03-26 10:10:00,164.9943,164.9943,164.2582,164.5815,44106.0
2026-03-26 10:15:00,164.5765,165.044,164.5665,164.6511,58577.0
2026-03-26 10:20:00,164.6859,164.9943,164.6785,164.8252,53187.0
2026-03-26 10:25:00,164.8152,165.0639,164.6262,164.6262,32708.0
2026-03-26 10:30:00,164.661,164.9346,164.661,164.8849,28387.0
2026-03-26 10:35:00,164.8849,164.8849,164.4621,164.6461,37345.0
2026-03-26 10:40:00,164.7357,165.0341,164.104,164.2134,61890.0
2026-03-26 10:45:00,164.1388,164.3626,163.9796,164.2781,61774.0
2026-03-26 10:50:00,164.298,164.4472,162.9252,162.9848,73482.0
2026-03-26 10:55:00,162.9848,163.6613,162.7262,163.343,60047.0
2026-03-26 11:00:00,163.2733,163.517,163.0893,163.4524,37906.0
2026-03-26 11:05:00,163.4424,163.8404,163.4275,163.7011,44379.0
2026-03-26 11:10:00,163.7707,164.0592,163.7458,163.7856,32627.0
2026-03-26 11:15:00,163.8105,163.9199,163.5618,163.7508,51766.0
2026-03-26 11:20:00,163.7309,163.91,163.5668,163.7066,53227.0
2026-03-26 11:25:00,163.6116,163.7615,163.5494,163.5917,26276.0
2026-03-26 11:30:00,163.517,163.5419,163.0744,163.1937,53554.0
2026-03-26 11:35:00,163.1937,163.6364,163.0843,163.3828,99956.0
2026-03-26 11:40:00,163.3828,163.5519,163.3131,163.4623,70537.0
2026-03-26 11:45:00,163.4275,164.0542,163.4275,163.9181,58551.0
2026-03-26 11:50:00,164.0194,164.0294,163.8105,163.9431,30211.0
2026-03-26 11:55:00,163.9746,164.0592,163.6911,163.8404,35323.0
2026-03-26 12:00:00,163.8254,164.0095,163.8155,163.9299,43827.0
2026-03-26 12:05:00,163.9299,164.1885,163.8006,164.0692,456097.0
2026-03-26 12:10:00,164.0642,164.1288,163.8602,163.9548,38688.0
2026-03-26 12:15:00,163.9548,163.9796,163.343,163.6016,56504.0
2026-03-26 12:20:00,163.5121,163.5419,162.9351,163.1042,43688.0
2026-03-26 12:25:00,163.0943,163.0943,162.209,162.3382,39310.0
2026-03-26 12:30:00,162.4278,162.6466,162.2587,162.6367,31169.0
2026-03-26 12:35:00,162.6267,163.0346,162.6267,162.9401,21515.0
2026-03-26 12:40:00,162.95,163.2335,162.95,163.0883,30676.0
2026-03-26 12:45:00,163.1142,163.1738,162.6317,162.8356,106166.0
2026-03-26 12:50:00,162.8356,162.9749,162.6367,162.9152,35828.0
2026-03-26 12:55:00,162.9152,162.9152,162.3382,162.8655,75155.0
2026-03-26 13:00:00,162.8008,163.1241,162.6217,162.6416,47013.0
2026-03-26 13:05:00,162.6466,162.8397,162.6068,162.8397,23994.0
2026-03-26 13:10:00,162.7809,162.8058,162.567,162.5869,34998.0
2026-03-26 13:15:00,162.5869,162.7063,162.4576,162.6765,35590.0
2026-03-26 13:20:00,162.6665,162.7063,162.2288,162.3681,60001.0
2026-03-26 13:25:00,162.3432,162.3432,161.6319,161.8707,53937.0
2026-03-26 13:30:00,161.8707,162.2388,161.8408,162.2089,40288.0
2026-03-26 13:35:00,162.2388,162.5471,162.2288,162.4974,26691.0
2026-03-26 13:40:00,162.4974,162.6167,162.3979,162.4377,25433.0
2026-03-26 13:45:00,162.4128,162.4576,162.3084,162.4377,19947.0
2026-03-26 13:50:00,162.4676,162.4676,162.1691,162.199,21275.0
2026-03-26 13:55:00,162.194,162.2487,162.0597,162.1293,59822.0
2026-03-26 14:00:00,162.1293,162.3979,162.1094,162.3084,38061.0
2026-03-26 14:05:00,162.3084,162.5919,162.3034,162.5213,31064.0
2026-03-26 14:10:00,162.577,162.756,162.5173,162.7312,19105.0
2026-03-26 14:15:00,162.6864,162.7361,162.5969,162.6765,19406.0
2026-03-26 14:20:00,162.6267,163.0943,162.6168,163.0843,71188.0
2026-03-26 14:25:00,163.0744,163.2136,162.7958,162.8754,34103.0
2026-03-26 14:30:00,162.9351,163.1738,162.9351,163.144,27743.0
2026-03-26 14:35:00,163.1341,163.4788,163.1271,163.4788,29492.0
2026-03-26 14:40:00,163.4623,163.6116,163.2684,163.3703,50021.0
2026-03-26 14:45:00,163.3241,163.5718,163.2435,163.4773,69589.0
2026-03-26 14:50:00,163.4424,163.4723,163.154,163.2385,43142.0
2026-03-26 14:55:00,163.2932,163.4623,163.144,163.333,36982.0
2026-03-26 15:00:00,163.2733,163.2733,162.8754,162.9998,17012.0
2026-03-26 15:05:00,162.9749,162.9948,162.7242,162.9252,36902.0
2026-03-26 15:10:00,162.9649,163.0495,162.8655,163.0047,40785.0
2026-03-26 15:15:00,162.9948,163.1241,162.8058,162.8207,37438.0
2026-03-26 15:20:00,162.7461,162.8108,162.6168,162.7361,33210.0
2026-03-26 15:25:00,162.7361,162.7859,162.6068,162.6665,38895.0
2026-03-26 15:30:00,162.6665,162.8854,162.388,162.8854,325989.0
2026-03-26 15:35:00,162.8505,163.1937,162.8108,162.9102,51810.0
2026-03-26 15:40:00,162.9252,163.0843,162.7212,162.771,87960.0
2026-03-26 15:45:00,162.756,162.8655,162.6566,162.756,108977.0
2026-03-26 15:50:00,162.8058,163.0744,162.6765,162.7113,238469.0
2026-03-26 15:55:00,162.7162,162.756,162.2388,162.3581,428375.0
2026-03-27 09:30:00,160.1597,160.3885,158.5382,158.7322,213098.0
2026-03-27 09:35:00,158.7615,158.9013,158.1825,158.7172,83280.0
2026-03-27 09:40:00,158.6675,158.936,158.0109,158.384,132690.0
2026-03-27 09:45:00,158.3691,159.4633,158.2994,159.1649,131136.0
2026-03-27 09:50:00,159.1916,159.2395,158.0905,158.0905,104479.0
2026-03-27 09:55:00,158.0955,158.1204,156.8968,157.623,117382.0
2026-03-27 10:00:00,157.4738,158.19,157.3842,158.1005,169887.0
2026-03-27 10:05:00,158.1154,158.1154,156.5088,157.0261,84331.0
2026-03-27 10:10:00,157.0211,157.7406,156.9973,157.6429,68636.0
2026-03-27 10:15:00,157.6777,158.6476,157.6429,158.4637,50694.0
2026-03-27 10:20:00,158.3989,158.568,158.0607,158.4984,75273.0
2026-03-27 10:25:00,158.4785,158.6675,158.1999,158.4387,30263.0
2026-03-27 10:30:00,158.2596,158.7371,158.2099,158.6874,49702.0
2026-03-27 10:35:00,158.6973,158.757,158.4387,158.5829,31876.0
2026-03-27 10:40:00,158.5829,158.8564,158.5829,158.5979,34459.0
2026-03-27 10:45:00,158.6476,158.8863,158.2099,158.8466,42599.0
2026-03-27 10:50:00,158.8267,159.1052,158.7869,158.7869,31969.0
2026-03-27 10:55:00,158.8565,158.9858,158.6575,158.6625,39535.0
2026-03-27 11:00:00,158.7222,159.0853,158.379,159.0853,39026.0
2026-03-27 11:05:00,159.0952,159.4434,159.0057,159.0505,29610.0
2026-03-27 11:10:00,159.0952,159.0952,158.7172,158.9261,32667.0
2026-03-27 11:15:00,158.9361,158.9858,158.6277,158.7471,23035.0
2026-03-27 11:20:00,158.7172,159.4932,158.578,159.0057,43689.0
2026-03-27 11:25:00,159.0604,159.1947,158.9361,159.1052,50391.0
2026-03-27 11:30:00,159.1002,159.4136,159.0356,159.4036,32271.0
2026-03-27 11:35:00,159.3887,159.6125,159.334,159.4633,24698.0
2026-03-27 11:40:00,159.4633,159.4832,159.1649,159.2594,20596.0
2026-03-27 11:45:00,159.2544,159.5131,159.2544,159.5131,16635.0
2026-03-27 11:50:00,159.523,159.5727,159.2793,159.2942,19249.0
2026-03-27 11:55:00,159.2892,159.3638,158.6774,158.8565,30167.0
2026-03-27 12:00:00,158.9659,158.9958,158.6178,158.6625,27030.0
2026-03-27 12:05:00,158.6575,158.7272,157.8617,158.2099,45680.0
2026-03-27 12:10:00,158.1452,158.7967,158.0806,158.6973,12560.0
2026-03-27 12:15:00,158.6277,158.8862,158.578,158.7172,39161.0
2026-03-27 12:20:00,158.767,158.946,158.757,158.8565,37049.0
2026-03-27 12:25:00,158.8366,158.9212,158.7172,158.7769,30172.0
2026-03-27 12:30:00,158.7769,158.8863,158.7272,158.767,26502.0
2026-03-27 12:35:00,158.7471,158.8316,158.2602,158.2602,51623.0
2026-03-27 12:40:00,158.353,158.7663,158.0806,158.7123,24027.0
2026-03-27 12:45:00,158.7222,159.0157,158.6973,159.0007,24196.0
2026-03-27 12:50:00,159.0007,159.1102,158.8117,158.8167,27696.0
2026-03-27 12:55:00,158.8068,158.9062,158.7073,158.7073,25462.0
2026-03-27 13:00:00,158.7123,158.8963,158.5581,158.8136,23107.0
2026-03-27 13:05:00,158.9062,159.2743,158.5337,159.0057,42922.0
2026-03-27 13:10:00,158.767,158.767,158.4387,158.5282,13432.0
2026-03-27 13:15:00,158.4685,158.578,158.389,158.4586,17411.0
2026-03-27 13:20:00,158.4536,158.4984,158.2348,158.3989,15071.0
2026-03-27 13:25:00,158.3342,158.3541,157.8617,157.8617,42191.0
2026-03-27 13:30:00,157.8866,157.9015,157.7026,157.7821,42947.0
2026-03-27 13:35:00,157.802,157.8319,157.5434,157.7622,39248.0
2026-03-27 13:40:00,157.7423,157.9513,157.6926,157.8766,35829.0
2026-03-27 13:45:00,157.9413,158.1005,157.6876,157.7324,47729.0
2026-03-27 13:50:00,157.7026,157.7225,157.3046,157.424,54079.0
2026-03-27 13:55:00,157.3842,157.4041,157.1753,157.3245,31144.0
2026-03-27 14:00:00,157.2997,157.434,157.1753,157.1853,51818.0
2026-03-27 14:05:00,157.1902,157.235,156.9167,157.1454,28420.0
2026-03-27 14:10:00,157.1455,157.2897,157.1057,157.235,19951.0
2026-03-27 14:15:00,157.3544,157.6329,157.107,157.618,38716.0
2026-03-27 14:20:00,157.618,157.8219,157.5036,157.5086,32336.0
2026-03-27 14:25:00,157.5086,157.5633,157.3146,157.3842,51862.0
2026-03-27 14:30:00,157.3743,157.7821,157.3643,157.6528,36094.0
2026-03-27 14:35:00,157.6546,157.7523,157.5036,157.5384,27007.0
2026-03-27 14:40:00,157.5429,158.0557,157.5429,157.623,52560.0
2026-03-27 14:45:00,157.5235,157.7026,157.5135,157.6528,28213.0
2026-03-27 14:50:00,157.6727,157.6727,157.424,157.434,18917.0
2026-03-27 14:55:00,157.4738,157.6727,157.3046,157.6237,42510.0
2026-03-27 15:00:00,157.5981,157.6329,157.1853,157.2798,43269.0
2026-03-27 15:05:00,157.2698,157.3544,156.9316,156.9764,36436.0
2026-03-27 15:10:00,157.0062,157.2151,156.9316,157.1952,34215.0
2026-03-27 15:15:00,157.1455,157.2947,157.1455,157.2499,26642.0
2026-03-27 15:20:00,157.2499,157.2499,157.0808,157.1156,29910.0
2026-03-27 15:25:00,157.1107,157.3519,157.0659,157.3345,65672.0
2026-03-27 15:30:00,157.3531,157.5434,157.2251,157.5434,62778.0
2026-03-27 15:35:00,157.5981,157.5981,157.4041,157.4041,62109.0
2026-03-27 15:40:00,157.3942,157.4239,157.1231,157.3295,88790.0
2026-03-27 15:45:00,157.3345,157.4141,156.9266,156.9863,92915.0
2026-03-27 15:50:00,157.0062,157.2002,156.8458,157.1156,161477.0
2026-03-27 15:55:00,157.1256,157.6329,157.1057,157.4937,478022.0
2026-03-30 09:30:00,159.3141,160.3984,158.3392,159.9906,115119.0
2026-03-30 09:35:00,159.8214,159.9,159.0057,159.5479,57180.0
2026-03-30 09:40:00,159.4235,159.4484,158.8814,159.2843,17221.0
2026-03-30 09:45:00,159.2345,159.4335,158.2994,158.5231,46403.0
2026-03-30 09:50:00,158.4337,159.2544,158.4337,158.6575,22090.0
2026-03-30 09:55:00,158.5979,158.6376,157.9115,158.2895,90636.0
2026-03-30 10:00:00,158.3094,158.9759,158.2895,158.6675,24394.0
2026-03-30 10:05:00,158.6675,158.6924,158.2198,158.6376,31034.0
2026-03-30 10:10:00,158.6973,158.9547,158.5581,158.8267,19687.0
2026-03-30 10:15:00,158.8963,158.946,158.389,158.5482,51820.0
2026-03-30 10:20:00,158.7371,159.145,158.7371,158.9411,12929.0
2026-03-30 10:25:00,158.9411,159.0157,158.7172,158.8416,50089.0
2026-03-30 10:30:00,158.7869,158.9858,158.389,158.389,21233.0
2026-03-30 10:35:00,158.3273,158.7137,158.2198,158.568,39865.0
2026-03-30 10:40:00,158.6774,158.6874,157.6429,157.7921,38662.0
2026-03-30 10:45:00,157.7573,158.384,157.3842,158.0706,69759.0
2026-03-30 10:50:00,158.006,158.2696,157.8418,158.2696,17598.0
2026-03-30 10:55:00,158.2497,159.1616,158.1801,158.9759,47295.0
2026-03-30 11:00:00,159.0654,159.6623,159.0455,159.4633,40244.0
2026-03-30 11:05:00,159.4782,159.5827,158.6675,158.7918,36421.0
2026-03-30 11:10:00,158.8863,158.946,158.5382,158.6078,31332.0
2026-03-30 11:15:00,158.5481,159.0256,158.4884,159.0057,48037.0
2026-03-30 11:20:00,159.0157,159.0455,158.8664,159.0356,26333.0
2026-03-30 11:25:00,159.0754,159.1905,159.0057,159.0505,27298.0
2026-03-30 11:30:00,159.0505,159.3738,158.8267,159.3589,117681.0
2026-03-30 11:35:00,159.4335,159.7816,159.4285,159.523,62919.0
2026-03-30 11:40:00,159.523,159.901,159.4876,159.7618,36751.0
2026-03-30 11:45:00,159.7717,159.7866,159.3638,159.4235,58844.0
2026-03-30 11:50:00,159.4723,159.6921,159.4186,159.6424,54751.0
2026-03-30 11:55:00,159.6076,159.6076,159.1849,159.4434,23962.0
2026-03-30 12:00:00,159.3141,159.334,158.8565,159.1052,31079.0
2026-03-30 12:05:00,159.0952,159.0952,158.8466,158.9062,19562.0
2026-03-30 12:10:00,158.8466,158.9759,158.8267,158.9261,19679.0
2026-03-30 12:15:00,158.8565,159.3931,158.6973,159.2544,99643.0
2026-03-30 12:20:00,159.2445,159.2942,158.7272,158.9013,54774.0
2026-03-30 12:25:00,158.8963,158.9858,158.8615,158.8863,14779.0
2026-03-30 12:30:00,158.956,159.1236,158.8913,159.1236,13669.0
2026-03-30 12:35:00,159.0853,159.135,158.8615,158.9361,21885.0
2026-03-30 12:40:00,158.951,158.951,158.7968,158.8267,27403.0
2026-03-30 12:45:00,158.8664,158.8664,158.5784,158.5829,38803.0
2026-03-30 12:50:00,158.563,158.8863,158.5083,158.8068,57000.0
2026-03-30 12:55:00,158.8018,158.8963,158.6774,158.7769,71729.0
2026-03-30 13:00:00,158.8962,158.9521,158.4586,158.4586,44714.0
2026-03-30 13:05:00,158.4188,158.7172,158.4039,158.6078,52821.0
2026-03-30 13:10:00,158.6874,158.7044,158.3369,158.3591,33695.0
2026-03-30 13:15:00,158.4387,158.4387,158.0507,158.1253,27844.0
2026-03-30 13:20:00,158.1403,158.1999,157.9214,158.0557,16906.0
2026-03-30 13:25:00,158.0557,158.2198,157.9811,158.1204,22088.0
2026-03-30 13:30:00,158.0905,158.0905,157.7921,157.7921,48647.0
2026-03-30 13:35:00,157.7821,158.0203,157.6827,157.8717,55507.0
2026-03-30 13:40:00,157.8717,158.4636,157.8485,158.4636,62688.0
2026-03-30 13:45:00,158.4849,158.5829,158.1503,158.2895,50338.0
2026-03-30 13:50:00,158.2696,158.6575,158.1701,158.6575,45918.0
2026-03-30 13:55:00,158.5282,158.5481,158.3293,158.3641,37553.0
2026-03-30 14:00:00,158.3939,158.6178,158.3409,158.3409,25132.0
2026-03-30 14:05:00,158.3591,158.4188,158.19,158.2895,16818.0
2026-03-30 14:10:00,158.3672,158.5979,158.2795,158.573,39134.0
2026-03-30 14:15:00,158.563,158.5822,158.3691,158.5133,18358.0
2026-03-30 14:20:00,158.4287,158.4486,158.1005,158.1502,27293.0
2026-03-30 14:25:00,158.1999,158.2099,157.9115,157.9214,28518.0
2026-03-30 14:30:00,157.9164,158.1602,157.7523,158.1602,68598.0
2026-03-30 14:35:00,158.1651,158.4735,158.1205,158.2845,40486.0
2026-03-30 14:40:00,158.2845,158.4287,158.2596,158.2696,53718.0
2026-03-30 14:45:00,158.2945,158.2945,158.0507,158.0706,71785.0
2026-03-30 14:50:00,158.0706,158.1005,157.7226,158.0607,54337.0
2026-03-30 14:55:00,158.0159,158.0507,157.7125,157.8219,107402.0
2026-03-30 15:00:00,157.802,157.9314,157.4141,157.4141,106519.0
2026-03-30 15:05:00,157.4141,157.4489,156.882,156.9614,146217.0
2026-03-30 15:10:00,156.9614,157.0112,156.6381,156.857,88090.0
2026-03-30 15:15:00,156.8073,157.046,156.7476,157.0261,221114.0
2026-03-30 15:20:00,157.0261,157.1853,157.0162,157.1206,81254.0
2026-03-30 15:25:00,157.1107,157.1107,156.489,156.6481,122633.0
2026-03-30 15:30:00,156.6182,156.6978,156.3994,156.673,175875.0
2026-03-30 15:35:00,156.673,156.8868,156.6033,156.658,81185.0
2026-03-30 15:40:00,156.663,157.1156,156.658,156.9515,86494.0
2026-03-30 15:45:00,156.9515,157.1554,156.847,157.041,99327.0
2026-03-30 15:50:00,157.0559,157.5434,156.9664,157.5036,212915.0
2026-03-30 15:55:00,157.5334,157.8816,157.3146,157.4837,520947.0
2026-03-31 09:30:00,160.6571,161.1445,159.1918,159.4434,96900.0
2026-03-31 09:35:00,159.4981,159.9707,158.8148,159.7518,48982.0
2026-03-31 09:40:00,159.7518,160.0104,159.3439,159.523,33471.0
2026-03-31 09:45:00,159.523,160.5775,159.523,160.4283,81306.0
2026-03-31 09:50:00,160.468,161.3832,160.2542,161.3335,64958.0
2026-03-31 09:55:00,161.2539,161.7016,161.0749,161.4827,59930.0
2026-03-31 10:00:00,161.5623,161.8309,161.3557,161.6668,55144.0
2026-03-31 10:05:00,161.7812,161.7812,160.6769,160.6769,96006.0
2026-03-31 10:10:00,160.856,161.2738,160.6994,160.7963,49768.0
2026-03-31 10:15:00,160.8311,161.045,160.4879,160.7167,51493.0
2026-03-31 10:20:00,160.6869,160.8063,160.0503,160.5874,70588.0
2026-03-31 10:25:00,160.5874,160.9454,160.4581,160.851,30305.0
2026-03-31 10:30:00,160.851,161.0152,160.6769,160.7267,65763.0
2026-03-31 10:35:00,160.7068,160.7715,159.6722,159.7518,55092.0
2026-03-31 10:40:00,159.7319,160.1099,159.3439,159.4633,35885.0
2026-03-31 10:45:00,159.4882,159.6125,159.3141,159.4235,29066.0
2026-03-31 10:50:00,159.4235,159.5131,159.2295,159.3539,32012.0
2026-03-31 10:55:00,159.2942,159.4434,159.1549,159.3987,26843.0
2026-03-31 11:00:00,159.3539,160.0701,159.3539,160.0701,29859.0
2026-03-31 11:05:00,160.1298,160.6173,160.0801,160.1398,40317.0
2026-03-31 11:10:00,160.1248,160.468,160.09,160.4432,24958.0
2026-03-31 11:15:00,160.478,160.6272,160.3885,160.4509,28757.0
2026-03-31 11:20:00,160.4337,160.4337,160.1324,160.4039,40611.0
2026-03-31 11:25:00,160.3624,160.6073,159.9906,160.1,40398.0
2026-03-31 11:30:00,160.0104,160.1597,159.8612,160.1597,33902.0
2026-03-31 11:35:00,160.2119,160.3089,160.1199,160.1207,24234.0
2026-03-31 11:40:00,160.1547,160.2392,160.09,160.1149,25117.0
2026-03-31 11:45:00,160.0701,160.1895,159.9906,160.1149,27321.0
2026-03-31 11:50:00,160.0602,160.3686,160.0005,160.0552,32619.0
2026-03-31 11:55:00,160.0751,160.1199,159.7518,159.7717,27755.0
2026-03-31 12:00:00,159.7319,160.2293,159.6275,160.0403,36636.0
2026-03-31 12:05:00,160.0403,160.1597,160.0403,160.0552,24979.0
2026-03-31 12:10:00,160.09,160.09,159.7021,160.0701,35788.0
2026-03-31 12:15:00,160.1,160.3735,160.0552,160.2492,22975.0
2026-03-31 12:20:00,160.2122,160.7665,160.1895,160.7217,36483.0
2026-03-31 12:25:00,160.7565,160.7864,160.5476,160.6372,20825.0
2026-03-31 12:30:00,160.6372,160.7068,160.5327,160.6173,24476.0
2026-03-31 12:35:00,160.6073,161.6817,160.4879,161.5822,48619.0
2026-03-31 12:40:00,161.6419,163.7508,161.6419,162.6168,111888.0
2026-03-31 12:45:00,162.5073,162.7361,161.9403,162.4477,102635.0
2026-03-31 12:50:00,162.4477,163.0346,162.0696,162.4974,70370.0
2026-03-31 12:55:00,162.3681,162.9077,162.2288,162.8157,70016.0
2026-03-31 13:00:00,162.8953,163.4424,162.8854,163.2435,44643.0
2026-03-31 13:05:00,163.2634,163.2733,162.7063,162.7063,39822.0
2026-03-31 13:10:00,162.8058,162.9586,162.624,162.8356,34661.0
2026-03-31 13:15:00,162.8357,163.5618,162.8357,163.4922,40437.0
2026-03-31 13:20:00,163.4972,163.9498,163.2932,163.8453,64502.0
2026-03-31 13:25:00,163.8503,163.8702,163.5021,163.6314,100200.0
2026-03-31 13:30:00,163.6911,164.0542,163.6911,164.0294,51420.0
2026-03-31 13:35:00,164.0393,164.0791,163.333,163.5121,102504.0
2026-03-31 13:40:00,163.4874,163.6812,163.0445,163.3231,76337.0
2026-03-31 13:45:00,163.2335,163.6811,163.2335,163.5419,22514.0
2026-03-31 13:50:00,163.5718,163.7608,163.4623,163.7409,27782.0
2026-03-31 13:55:00,163.6961,163.7807,163.3828,163.6116,69036.0
2026-03-31 14:00:00,163.6016,163.721,163.4673,163.5917,31813.0
2026-03-31 14:05:00,163.6066,164.0194,163.5668,163.8602,45083.0
2026-03-31 14:10:00,163.8602,163.8602,163.532,163.6911,37249.0
2026-03-31 14:15:00,163.7707,163.9199,163.6712,163.721,60043.0
2026-03-31 14:20:00,163.721,163.721,163.4026,163.4524,21456.0
2026-03-31 14:25:00,163.4922,163.9299,163.3529,163.7807,42096.0
2026-03-31 14:30:00,163.7757,164.0294,163.7608,163.9398,30669.0
2026-03-31 14:35:00,163.9398,164.3377,163.9299,164.1786,51714.0
2026-03-31 14:40:00,164.1288,164.1288,163.7887,164.0194,50479.0
2026-03-31 14:45:00,164.0194,164.2582,163.9398,164.0393,35095.0
2026-03-31 14:50:00,164.094,164.3775,164.094,164.3477,35149.0
2026-03-31 14:55:00,164.2781,164.3178,164.099,164.2134,48589.0
2026-03-31 15:00:00,164.2134,164.4273,164.1637,164.1985,36131.0
2026-03-31 15:05:00,164.2084,164.2084,163.4325,163.4424,66175.0
2026-03-31 15:10:00,163.4623,163.6911,163.4026,163.6016,75110.0
2026-03-31 15:15:00,163.5668,163.7409,163.338,163.527,57021.0
2026-03-31 15:20:00,163.5718,163.6513,163.2634,163.333,166595.0
2026-03-31 15:25:00,163.333,163.5492,163.1738,163.1738,84337.0
2026-03-31 15:30:00,163.1888,163.6016,163.1242,163.4325,85347.0
2026-03-31 15:35:00,163.4325,163.5817,163.4026,163.532,75087.0
2026-03-31 15:40:00,163.532,163.726,163.4225,163.6513,103029.0
2026-03-31 15:45:00,163.6663,163.9896,163.6314,163.8951,105438.0
2026-03-31 15:50:00,163.8901,164.0194,163.3828,163.4822,233104.0
2026-03-31 15:55:00,163.5021,163.8006,163.2982,163.6414,531765.0
