datetime,open,high,low,close,volume
2026-03-02 09:30:00,401.283,416.4959,396.815,415.8162,2144606.0
2026-03-02 09:35:00,415.9861,417.4154,413.1474,415.4463,1259916.0
2026-03-02 09:40:00,415.4463,416.8057,406.4107,409.1793,1090874.0
2026-03-02 09:45:00,408.9994,415.0565,408.2998,413.2674,661356.0
2026-03-02 09:50:00,413.1174,415.2563,410.8085,412.0629,416461.0
2026-03-02 09:55:00,412.0629,413.6162,408.1098,408.7295,479250.0
2026-03-02 10:00:00,408.5096,411.3392,406.8104,410.6286,541318.0
2026-03-02 10:05:00,410.7885,411.6781,409.2393,410.5386,317485.0
2026-03-02 10:10:00,410.4387,411.1084,406.8605,406.9574,389945.0
2026-03-02 10:15:00,407.0753,407.44,400.6233,401.213,695676.0
2026-03-02 10:20:00,401.238,403.302,399.6138,401.4129,779249.0
2026-03-02 10:25:00,401.3429,402.3924,398.5942,399.6287,588820.0
2026-03-02 10:30:00,399.6237,401.0829,398.1444,399.2839,486984.0
2026-03-02 10:35:00,399.6037,401.9926,398.2124,401.5374,474989.0
2026-03-02 10:40:00,401.5978,403.9317,400.5334,402.3325,430701.0
2026-03-02 10:45:00,402.4874,404.5514,401.9526,404.2266,355498.0
2026-03-02 10:50:00,404.2216,406.8104,403.8218,404.7824,437643.0
2026-03-02 10:55:00,404.8513,406.9002,404.3115,405.0712,348010.0
2026-03-02 11:00:00,405.1811,407.7499,404.4316,407.5075,357781.0
2026-03-02 11:05:00,407.5001,409.0593,406.5806,407.0703,342390.0
2026-03-02 11:10:00,407.1202,413.3073,406.4605,412.2628,638212.0
2026-03-02 11:15:00,412.2678,412.3978,408.0348,408.1747,358892.0
2026-03-02 11:20:00,408.1747,409.5521,407.7201,409.2342,240683.0
2026-03-02 11:25:00,408.9894,409.3592,406.4405,407.65,281409.0
2026-03-02 11:30:00,407.62,410.0089,407.3401,409.9989,266744.0
2026-03-02 11:35:00,409.8153,409.9989,408.3097,409.1893,208758.0
2026-03-02 11:40:00,409.1893,410.3733,408.7396,409.8739,221082.0
2026-03-02 11:45:00,409.759,411.0684,409.4292,409.9965,209134.0
2026-03-02 11:50:00,409.9539,410.5486,408.2297,409.809,200379.0
2026-03-02 11:55:00,409.809,411.0083,409.3893,410.3587,120963.0
2026-03-02 12:00:00,410.3587,411.1084,410.059,410.8135,162940.0
2026-03-02 12:05:00,410.8085,410.9884,410.0789,410.4937,111750.0
2026-03-02 12:10:00,410.6286,412.3078,409.3961,411.944,219978.0
2026-03-02 12:15:00,411.923,412.943,411.858,412.5827,228430.0
2026-03-02 12:20:00,412.4777,413.7871,412.118,413.3973,309355.0
2026-03-02 12:25:00,413.3973,414.3069,412.8076,413.6711,217520.0
2026-03-02 12:30:00,413.7272,414.2568,412.3178,412.7976,177576.0
2026-03-02 12:35:00,412.9575,414.5867,412.6277,413.3873,173677.0
2026-03-02 12:40:00,413.4473,413.947,411.858,412.2828,155740.0
2026-03-02 12:45:00,412.3328,413.6172,411.858,413.0275,130191.0
2026-03-02 12:50:00,413.1674,414.7567,412.9376,413.422,246357.0
2026-03-02 12:55:00,413.5123,414.7067,412.3078,414.3751,196320.0
2026-03-02 13:00:00,414.5368,414.6867,413.0775,414.1969,139795.0
2026-03-02 13:05:00,414.132,415.1865,412.9075,414.8444,258653.0
2026-03-02 13:10:00,414.9366,415.4064,414.1969,415.0465,195718.0
2026-03-02 13:15:00,415.0165,415.8062,414.007,414.1769,243654.0
2026-03-02 13:20:00,414.147,414.4968,412.0658,412.4627,293405.0
2026-03-02 13:25:00,412.4178,412.4178,411.3882,411.8855,175929.0
2026-03-02 13:30:00,411.808,411.928,410.3587,411.5082,182780.0
2026-03-02 13:35:00,411.5382,411.9779,410.2987,410.7685,107669.0
2026-03-02 13:40:00,410.8485,412.4569,410.5087,412.2665,176773.0
2026-03-02 13:45:00,412.2278,413.5772,411.2032,412.7914,241485.0
2026-03-02 13:50:00,412.7976,412.8775,410.7385,411.5432,201145.0
2026-03-02 13:55:00,411.4182,412.0079,410.0089,410.0635,153143.0
2026-03-02 14:00:00,410.0988,410.7984,409.5891,410.4287,152528.0
2026-03-02 14:05:00,410.4087,411.2883,409.859,410.8785,167661.0
2026-03-02 14:10:00,410.7985,411.3283,410.1388,410.8035,100566.0
2026-03-02 14:15:00,410.8485,412.0079,410.8085,411.2183,140680.0
2026-03-02 14:20:00,411.3284,412.1078,411.1884,411.1884,89948.0
2026-03-02 14:25:00,411.3083,412.4577,411.0084,411.5682,78774.0
2026-03-02 14:30:00,411.6381,413.0874,411.5682,412.9425,124640.0
2026-03-02 14:35:00,412.8426,413.3073,411.9773,412.5377,140031.0
2026-03-02 14:40:00,412.5827,412.8576,411.2383,411.3583,141301.0
2026-03-02 14:45:00,411.4881,412.5476,411.3286,412.008,118352.0
2026-03-02 14:50:00,411.9988,412.3278,410.9484,411.9877,131171.0
2026-03-02 14:55:00,411.963,412.0578,411.3083,411.4332,119538.0
2026-03-02 15:00:00,411.4782,412.8076,411.1284,412.3044,178697.0
2026-03-02 15:05:00,412.3278,412.6322,410.3587,411.1583,207728.0
2026-03-02 15:10:00,411.1484,411.1484,409.1693,409.3492,181773.0
2026-03-02 15:15:00,409.3392,410.1788,408.3098,409.2833,218984.0
2026-03-02 15:20:00,409.3307,409.5191,408.1897,409.2942,157365.0
2026-03-02 15:25:00,409.1493,409.6091,407.9599,408.0242,190279.0
2026-03-02 15:30:00,407.9698,411.1384,407.9398,410.9385,230932.0
2026-03-02 15:35:00,410.9734,412.423,410.3287,412.2179,198878.0
2026-03-02 15:40:00,412.3028,412.5676,411.1583,411.6381,193061.0
2026-03-02 15:45:00,411.6381,412.5877,411.3483,412.4228,189083.0
2026-03-02 15:50:00,412.4777,414.067,411.8081,412.3578,413911.0
2026-03-02 15:55:00,412.3178,413.5971,411.968,412.4278,788160.0
2026-03-03 09:30:00,386.3699,386.9195,379.2932,381.6521,3021981.0
2026-03-03 09:35:00,381.5621,389.9083,379.9929,385.9401,1423178.0
2026-03-03 09:40:00,385.9301,386.8196,381.912,382.8216,693189.0
2026-03-03 09:45:00,382.7916,387.6693,382.1,386.5498,784818.0
2026-03-03 09:50:00,386.3899,389.4884,385.4104,388.259,751636.0
2026-03-03 09:55:00,388.4289,389.3785,383.5312,383.5312,532251.0
2026-03-03 10:00:00,383.4313,386.06,383.1514,384.8406,571701.0
2026-03-03 10:05:00,384.7117,388.129,383.9411,384.8206,490097.0
2026-03-03 10:10:00,384.9805,385.2704,382.072,384.021,515685.0
2026-03-03 10:15:00,384.021,384.5208,380.6626,381.2513,558208.0
2026-03-03 10:20:00,381.1523,381.5222,377.0243,377.2092,1012021.0
2026-03-03 10:25:00,377.2092,377.2941,374.3755,375.9048,976720.0
2026-03-03 10:30:00,375.7948,379.643,375.7948,378.0138,731511.0
2026-03-03 10:35:00,378.0138,379.823,377.9038,379.2032,529604.0
2026-03-03 10:40:00,379.1233,380.7825,378.4036,378.8534,496783.0
2026-03-03 10:45:00,378.8234,381.0324,378.0238,378.9024,391358.0
2026-03-03 10:50:00,378.9933,380.8224,377.4542,378.4366,372289.0
2026-03-03 10:55:00,378.4236,383.1214,378.3137,383.0814,434197.0
2026-03-03 11:00:00,382.9815,385.4903,381.822,385.3907,519467.0
2026-03-03 11:05:00,385.4503,387.2495,383.8211,384.3708,549384.0
2026-03-03 11:10:00,384.5707,385.6401,382.1319,384.2059,397377.0
2026-03-03 11:15:00,384.1709,386.3799,384.1609,385.2904,340372.0
2026-03-03 11:20:00,385.0505,385.9301,384.041,385.3404,261463.0
2026-03-03 11:25:00,385.3554,386.6698,384.4508,384.9007,285396.0
2026-03-03 11:30:00,384.7806,384.9406,383.0814,384.5807,268946.0
2026-03-03 11:35:00,384.6207,386.02,383.921,384.6007,255405.0
2026-03-03 11:40:00,384.6007,385.8202,382.5717,384.2759,393023.0
2026-03-03 11:45:00,384.4158,386.3899,384.3059,384.9606,288289.0
2026-03-03 11:50:00,384.9955,385.4503,383.6812,385.1905,269161.0
2026-03-03 11:55:00,385.2504,387.0695,384.5409,384.9905,234986.0
2026-03-03 12:00:00,384.9905,385.1604,383.6212,384.3508,274633.0
2026-03-03 12:05:00,384.5308,384.9206,383.5012,383.8311,265659.0
2026-03-03 12:10:00,383.8311,385.7302,382.5518,385.3371,344579.0
2026-03-03 12:15:00,385.3304,386.6698,384.1409,386.5398,240968.0
2026-03-03 12:20:00,386.4998,386.6198,385.0305,386.3199,217357.0
2026-03-03 12:25:00,386.3499,386.5798,384.6807,385.3104,159116.0
2026-03-03 12:30:00,385.2504,385.3454,381.942,382.8665,311124.0
2026-03-03 12:35:00,382.8408,382.9315,381.4122,381.7521,274136.0
2026-03-03 12:40:00,381.812,384.9905,381.792,384.5807,260741.0
2026-03-03 12:45:00,384.4743,384.6307,383.3413,383.5412,154116.0
2026-03-03 12:50:00,383.5112,383.6711,381.4423,381.812,233526.0
2026-03-03 12:55:00,381.787,381.902,380.7126,381.0224,237992.0
2026-03-03 13:00:00,381.1723,382.6916,381.0724,381.9404,194463.0
2026-03-03 13:05:00,382.0319,383.4012,382.0319,383.0704,232279.0
2026-03-03 13:10:00,383.0315,383.0514,381.1523,382.4067,167151.0
2026-03-03 13:15:00,382.3549,382.9214,381.5223,382.8016,156392.0
2026-03-03 13:20:00,382.8016,384.3908,382.6216,384.111,207514.0
2026-03-03 13:25:00,384.051,384.5807,383.3214,383.4553,207868.0
2026-03-03 13:30:00,383.4042,384.4773,383.2214,383.8211,146214.0
2026-03-03 13:35:00,383.966,384.5208,383.0914,383.6412,151295.0
2026-03-03 13:40:00,383.911,384.8906,383.4414,383.931,238665.0
2026-03-03 13:45:00,384.021,384.021,382.122,383.6011,237871.0
2026-03-03 13:50:00,383.5993,383.6012,382.0219,382.2368,159888.0
2026-03-03 13:55:00,382.1319,382.9529,381.3224,382.8915,207057.0
2026-03-03 14:00:00,382.9915,383.3513,381.9521,382.6316,167782.0
2026-03-03 14:05:00,382.6616,382.8216,381.0424,381.1423,184799.0
2026-03-03 14:10:00,381.0924,381.6921,380.4628,381.5607,204670.0
2026-03-03 14:15:00,381.5422,381.7221,380.0528,380.1952,235924.0
2026-03-03 14:20:00,380.2228,381.1523,379.743,380.0628,302587.0
2026-03-03 14:25:00,379.9999,380.3727,379.1233,379.1932,244136.0
2026-03-03 14:30:00,379.1932,379.5331,378.2237,378.3314,327881.0
2026-03-03 14:35:00,378.3237,380.9423,378.1237,379.9979,320400.0
2026-03-03 14:40:00,380.0628,381.922,379.8829,381.5671,286120.0
2026-03-03 14:45:00,381.5621,382.6416,380.8625,381.1823,285692.0
2026-03-03 14:50:00,381.1024,381.5322,379.3232,380.2328,282034.0
2026-03-03 14:55:00,380.3077,381.1523,379.748,381.0274,156906.0
2026-03-03 15:00:00,380.9424,382.0219,380.2329,380.7525,247806.0
2026-03-03 15:05:00,380.7425,381.3622,380.5226,381.1323,236685.0
2026-03-03 15:10:00,381.1323,381.7321,380.6126,380.6126,224429.0
2026-03-03 15:15:00,380.5726,381.6021,380.3427,380.9964,213437.0
2026-03-03 15:20:00,381.1223,382.2418,380.6726,382.1669,261286.0
2026-03-03 15:25:00,382.152,382.2418,381.5123,381.709,235387.0
2026-03-03 15:30:00,381.6521,382.3618,380.6826,381.1423,277344.0
2026-03-03 15:35:00,381.1823,381.861,380.8525,381.2923,301017.0
2026-03-03 15:40:00,381.2324,381.6421,380.6326,381.1623,279046.0
2026-03-03 15:45:00,381.2023,381.5621,380.4227,380.6226,289757.0
2026-03-03 15:50:00,380.6876,383.0215,379.4631,379.8629,844995.0
2026-03-03 15:55:00,379.8929,380.4627,378.9834,379.6187,1049849.0
2026-03-04 09:30:00,393.4516,395.3757,388.8188,393.6715,1736741.0
2026-03-04 09:35:00,393.5566,393.7165,388.269,389.1966,904383.0
2026-03-04 09:40:00,389.1136,391.3175,387.6693,388.1508,675255.0
2026-03-04 09:45:00,387.9692,394.4861,387.4283,392.7669,823776.0
2026-03-04 09:50:00,392.7769,393.5366,389.3885,390.518,595738.0
2026-03-04 09:55:00,390.428,391.1777,389.0686,390.443,430940.0
2026-03-04 10:00:00,390.6779,393.0268,390.2381,392.1097,581383.0
2026-03-04 10:05:00,392.1219,394.4061,391.3777,394.0163,528129.0
2026-03-04 10:10:00,393.9614,394.6161,392.677,393.0868,469635.0
2026-03-04 10:15:00,393.1667,396.3253,392.6971,396.1453,894060.0
2026-03-04 10:20:00,396.0754,399.0539,395.9504,398.934,687789.0
2026-03-04 10:25:00,398.8141,402.2225,397.6147,401.6128,870892.0
2026-03-04 10:30:00,401.5728,402.3025,399.8936,400.5533,633896.0
2026-03-04 10:35:00,400.6333,400.7512,399.254,399.7265,522355.0
2026-03-04 10:40:00,399.5638,400.5532,398.4143,399.5338,387897.0
2026-03-04 10:45:00,399.5338,401.9926,398.8441,399.9236,392507.0
2026-03-04 10:50:00,399.9136,404.1515,399.7137,403.8218,562890.0
2026-03-04 10:55:00,403.8917,407.0102,403.5719,406.7904,606664.0
2026-03-04 11:00:00,406.7305,407.3101,404.9003,404.9454,521995.0
2026-03-04 11:05:00,404.9912,405.7323,403.6219,404.4965,438751.0
2026-03-04 11:10:00,404.4915,405.0812,402.3325,402.3924,383580.0
2026-03-04 11:15:00,402.3325,402.9722,401.183,401.4129,443776.0
2026-03-04 11:20:00,401.4079,402.1825,400.8132,401.5028,281196.0
2026-03-04 11:25:00,401.5028,403.4791,401.1429,402.4024,289480.0
2026-03-04 11:30:00,402.3325,404.2716,401.7128,402.1126,275933.0
2026-03-04 11:35:00,402.0826,403.5719,401.6228,403.1571,228245.0
2026-03-04 11:40:00,403.0221,404.8013,402.9922,403.9657,203885.0
2026-03-04 11:45:00,404.0217,404.6014,403.6718,404.1916,157947.0
2026-03-04 11:50:00,404.2316,406.1206,403.8683,405.571,287953.0
2026-03-04 11:55:00,405.5909,406.1206,404.5214,405.7409,215580.0
2026-03-04 12:00:00,405.7109,406.4605,404.9912,406.0607,225871.0
2026-03-04 12:05:00,406.0207,407.4301,405.6909,406.2356,276451.0
2026-03-04 12:10:00,406.3106,406.8104,406.0057,406.3806,194976.0
2026-03-04 12:15:00,406.3806,406.8803,405.8108,406.6305,202770.0
2026-03-04 12:20:00,406.5631,407.69,406.3206,407.0203,228466.0
2026-03-04 12:25:00,407.0303,407.2902,406.0208,406.3206,196714.0
2026-03-04 12:30:00,406.3806,407.0902,405.2011,406.6504,264822.0
2026-03-04 12:35:00,406.8266,407.0603,404.6214,406.5005,246058.0
2026-03-04 12:40:00,406.5805,406.5805,404.7763,404.8083,144793.0
2026-03-04 12:45:00,404.7738,405.481,404.4115,404.6513,156552.0
2026-03-04 12:50:00,404.5114,405.5664,404.1516,405.241,160771.0
2026-03-04 12:55:00,405.1811,405.511,404.3815,404.4115,103796.0
2026-03-04 13:00:00,404.3715,405.2211,404.2116,404.6564,139970.0
2026-03-04 13:05:00,404.7003,404.7014,403.1621,403.3301,158099.0
2026-03-04 13:10:00,403.222,403.3504,402.2225,402.3337,200574.0
2026-03-04 13:15:00,402.4324,402.5723,400.8532,401.6178,287875.0
2026-03-04 13:20:00,401.4829,403.012,401.373,402.6973,298624.0
2026-03-04 13:25:00,402.6973,403.8318,402.5051,403.227,193180.0
2026-03-04 13:30:00,403.1721,403.8817,403.1721,403.332,141038.0
2026-03-04 13:35:00,403.4618,404.9912,403.312,404.7813,171828.0
2026-03-04 13:40:00,404.7413,405.2311,404.3115,404.8613,172786.0
2026-03-04 13:45:00,404.8713,405.5409,404.5806,405.2211,134781.0
2026-03-04 13:50:00,405.381,405.5109,404.5414,404.7713,134480.0
2026-03-04 13:55:00,404.7513,405.1725,404.1916,404.8413,133326.0
2026-03-04 14:00:00,404.9013,405.3211,404.6614,405.1012,108446.0
2026-03-04 14:05:00,405.0512,405.411,404.6414,404.7164,95908.0
2026-03-04 14:10:00,404.7164,405.491,403.9417,405.3212,153785.0
2026-03-04 14:15:00,405.3635,405.551,404.5914,404.9013,118114.0
2026-03-04 14:20:00,404.9612,405.0712,404.2616,404.4115,82109.0
2026-03-04 14:25:00,404.3815,404.7413,404.1716,404.5114,89169.0
2026-03-04 14:30:00,404.5614,405.0612,402.9022,403.252,179702.0
2026-03-04 14:35:00,403.1421,404.1216,403.1321,403.8318,123969.0
2026-03-04 14:40:00,403.8817,404.0217,402.9722,403.312,91777.0
2026-03-04 14:45:00,403.312,403.342,402.6123,402.7273,139719.0
2026-03-04 14:50:00,402.7123,403.222,402.3925,402.4624,118874.0
2026-03-04 14:55:00,402.3824,403.1971,402.2425,402.6273,166982.0
2026-03-04 15:00:00,402.6523,402.6523,401.0631,401.413,224894.0
2026-03-04 15:05:00,401.4929,401.8025,400.6632,400.9031,227668.0
2026-03-04 15:10:00,400.8778,401.3129,400.0735,401.0381,484001.0
2026-03-04 15:15:00,400.9631,401.0531,399.8436,399.9336,193362.0
2026-03-04 15:20:00,399.8936,400.9731,399.8136,400.5233,214584.0
2026-03-04 15:25:00,400.5633,401.3929,400.5333,401.073,188682.0
2026-03-04 15:30:00,401.0031,401.0381,399.7637,400.1935,235578.0
2026-03-04 15:35:00,400.2035,401.5328,400.0385,401.273,192248.0
2026-03-04 15:40:00,401.3179,402.1724,401.073,402.0625,223936.0
2026-03-04 15:45:00,401.9376,402.1126,401.2031,401.5778,211046.0
2026-03-04 15:50:00,401.4229,401.5178,400.0435,400.4708,374749.0
2026-03-04 15:55:00,400.5133,401.7727,400.0835,400.4633,1093805.0
2026-03-05 09:30:00,398.4143,404.3415,398.1594,401.128,1125063.0
2026-03-05 09:35:00,401.123,404.3115,398.964,399.5537,576151.0
2026-03-05 09:40:00,399.3505,400.0335,396.965,397.4247,471196.0
2026-03-05 09:45:00,397.4347,400.5865,396.6651,399.4354,534957.0
2026-03-05 09:50:00,399.6537,402.3125,399.3089,400.5633,427815.0
2026-03-05 09:55:00,400.4333,402.4924,399.7037,400.0285,410283.0
2026-03-05 10:00:00,400.0285,401.6927,399.7537,401.083,302954.0
2026-03-05 10:05:00,401.243,401.4948,398.9341,400.2334,294592.0
2026-03-05 10:10:00,400.2734,402.022,399.8136,400.6932,307882.0
2026-03-05 10:15:00,400.6133,400.6133,397.8356,398.2244,321782.0
2026-03-05 10:20:00,398.2893,399.1012,395.9654,396.1054,396731.0
2026-03-05 10:25:00,396.1054,396.3942,394.926,395.7255,468639.0
2026-03-05 10:30:00,395.7255,395.8805,393.3167,395.4457,589163.0
2026-03-05 10:35:00,395.4557,398.5841,394.816,398.4743,419379.0
2026-03-05 10:40:00,398.6042,399.014,396.3053,397.9045,382050.0
2026-03-05 10:45:00,398.0345,398.8141,396.815,398.7741,223384.0
2026-03-05 10:50:00,398.6678,401.4129,398.4247,400.4184,365941.0
2026-03-05 10:55:00,400.4564,401.7926,399.7137,401.3379,253389.0
2026-03-05 11:00:00,401.213,401.6027,399.8136,400.0035,261114.0
2026-03-05 11:05:00,400.1335,401.163,398.8941,399.1539,194338.0
2026-03-05 11:10:00,399.2239,400.6133,397.9245,399.5737,228910.0
2026-03-05 11:15:00,399.4338,400.5032,397.4012,397.5747,166861.0
2026-03-05 11:20:00,397.5497,398.5741,396.8351,397.0049,189671.0
2026-03-05 11:25:00,396.965,397.3748,396.0154,396.2653,191596.0
2026-03-05 11:30:00,396.2353,397.2848,395.6456,396.82,314169.0
2026-03-05 11:35:00,396.885,397.5959,396.1355,396.785,211295.0
2026-03-05 11:40:00,396.825,397.5447,395.0159,395.4257,272835.0
2026-03-05 11:45:00,395.4457,397.0649,395.2158,395.2308,268835.0
2026-03-05 11:50:00,395.2258,395.8455,394.756,395.1758,203555.0
2026-03-05 11:55:00,395.2658,395.9055,394.2362,394.4012,150729.0
2026-03-05 12:00:00,394.4461,395.791,393.9164,395.7155,208307.0
2026-03-05 12:05:00,395.6256,396.5252,394.0163,394.1113,222465.0
2026-03-05 12:10:00,393.9963,394.4961,393.1168,393.8614,221446.0
2026-03-05 12:15:00,393.7265,393.8643,391.0177,391.0777,262131.0
2026-03-05 12:20:00,391.2276,392.497,390.0682,392.1622,299224.0
2026-03-05 12:25:00,392.0813,392.7069,390.3181,390.3181,177388.0
2026-03-05 12:30:00,390.428,390.9078,386.8697,386.9306,508012.0
2026-03-05 12:35:00,386.9396,387.8191,384.3809,384.5377,733158.0
2026-03-05 12:40:00,384.6107,384.8206,381.7371,383.6462,766701.0
2026-03-05 12:45:00,383.6712,383.7261,381.2123,381.4522,345233.0
2026-03-05 12:50:00,381.5821,382.7116,380.3227,382.5117,666837.0
2026-03-05 12:55:00,382.5817,382.5817,380.1228,381.1223,381520.0
2026-03-05 13:00:00,381.0924,382.6216,380.8325,382.1423,339768.0
2026-03-05 13:05:00,382.2918,384.7007,381.9521,383.4812,403157.0
2026-03-05 13:10:00,383.4513,386.0301,383.1915,384.7557,420195.0
2026-03-05 13:15:00,384.8306,385.9201,383.2364,383.5864,295733.0
2026-03-05 13:20:00,383.6512,385.3204,383.0215,384.081,227652.0
2026-03-05 13:25:00,384.106,384.106,382.4018,382.6966,213344.0
2026-03-05 13:30:00,382.5717,383.921,382.3719,383.3563,195901.0
2026-03-05 13:35:00,383.3563,386.5598,383.0315,385.5603,297215.0
2026-03-05 13:40:00,385.5053,387.2995,385.1505,386.8097,215977.0
2026-03-05 13:45:00,386.8097,386.9396,384.3908,385.0605,325556.0
2026-03-05 13:50:00,385.1197,385.1505,384.1409,384.3234,177198.0
2026-03-05 13:55:00,384.3209,385.1405,383.9011,384.6457,116537.0
2026-03-05 14:00:00,384.6107,386.9595,384.2209,386.7797,326771.0
2026-03-05 14:05:00,386.7747,387.8092,385.9501,386.3499,281774.0
2026-03-05 14:10:00,386.4599,386.5698,385.5003,386.26,133618.0
2026-03-05 14:15:00,386.3899,387.3195,385.5803,387.1545,147395.0
2026-03-05 14:20:00,387.1795,387.7493,385.2104,385.2805,164391.0
2026-03-05 14:25:00,385.5548,385.98,384.5108,385.5353,212449.0
2026-03-05 14:30:00,385.5503,385.5503,383.5313,384.3359,205115.0
2026-03-05 14:35:00,384.3309,385.0405,383.6812,384.9306,127473.0
2026-03-05 14:40:00,384.9905,385.9501,384.3809,384.8406,194297.0
2026-03-05 14:45:00,384.8906,392.2971,384.2209,385.2304,136993.0
2026-03-05 14:50:00,385.2846,386.0201,384.051,384.051,142066.0
2026-03-05 14:55:00,384.041,385.92,383.5212,385.7602,185915.0
2026-03-05 15:00:00,385.6302,389.1186,385.0905,388.399,294643.0
2026-03-05 15:05:00,388.4489,388.5389,386.5898,388.0291,221494.0
2026-03-05 15:10:00,388.0391,389.1486,387.6293,388.289,238565.0
2026-03-05 15:15:00,388.289,390.1182,388.0191,389.6984,222645.0
2026-03-05 15:20:00,389.7883,390.6078,389.0986,390.483,236637.0
2026-03-05 15:25:00,390.548,391.7973,390.448,390.493,355008.0
2026-03-05 15:30:00,390.523,392.5169,390.408,392.0073,307835.0
2026-03-05 15:35:00,391.9773,392.7969,391.7474,392.0373,244959.0
2026-03-05 15:40:00,392.0423,392.8269,391.7274,392.2771,285787.0
2026-03-05 15:45:00,392.3571,392.4871,390.7179,392.1072,284064.0
2026-03-05 15:50:00,392.2472,394.0763,392.2472,394.0063,433263.0
2026-03-05 15:55:00,394.0863,397.0749,394.0763,396.835,1265737.0
2026-03-06 09:30:00,379.9629,383.2913,377.1742,379.9139,1975536.0
2026-03-06 09:35:00,380.1728,381.5621,378.0238,381.2123,711439.0
2026-03-06 09:40:00,381.1873,383.5301,380.4926,382.2618,753571.0
2026-03-06 09:45:00,382.2668,385.1205,381.0424,384.3309,700533.0
2026-03-06 09:50:00,384.4708,386.5897,384.1748,385.9401,588345.0
2026-03-06 09:55:00,385.8801,388.6787,385.0205,388.289,714029.0
2026-03-06 10:00:00,388.359,389.3185,386.8197,387.6935,734207.0
2026-03-06 10:05:00,388.1391,388.1391,383.6212,383.6212,594020.0
2026-03-06 10:10:00,383.831,388.0891,382.3818,387.6043,632978.0
2026-03-06 10:15:00,387.6043,388.5089,386.6997,387.8792,342133.0
2026-03-06 10:20:00,387.8992,389.7683,386.5398,389.3184,394817.0
2026-03-06 10:25:00,389.2785,390.3281,388.369,389.1236,435211.0
2026-03-06 10:30:00,389.3084,390.2681,387.7393,388.3432,356308.0
2026-03-06 10:35:00,388.314,389.8483,387.8192,389.0287,242587.0
2026-03-06 10:40:00,389.0287,389.5684,387.5394,387.7194,320062.0
2026-03-06 10:45:00,387.9192,387.9292,386.08,386.6698,338005.0
2026-03-06 10:50:00,386.7747,387.1595,384.8706,386.4999,377941.0
2026-03-06 10:55:00,386.8897,389.3185,386.5798,388.7541,476035.0
2026-03-06 11:00:00,388.7188,389.9182,388.379,388.6988,294239.0
2026-03-06 11:05:00,388.5789,389.8183,387.8692,388.8887,238916.0
2026-03-06 11:10:00,388.892,389.0886,386.9196,387.4894,240687.0
2026-03-06 11:15:00,387.5094,388.8188,387.1496,388.299,141017.0
2026-03-06 11:20:00,388.5789,388.6688,386.3299,388.0522,192533.0
2026-03-06 11:25:00,388.1091,388.7288,386.9196,387.9485,212611.0
2026-03-06 11:30:00,387.9692,389.3885,387.3195,388.404,229854.0
2026-03-06 11:35:00,388.3589,389.6684,387.9292,389.4085,177578.0
2026-03-06 11:40:00,389.4785,390.408,388.7838,389.6884,206104.0
2026-03-06 11:45:00,389.7583,390.538,388.6988,389.5384,308506.0
2026-03-06 11:50:00,389.5184,390.1282,388.1562,388.2315,187478.0
2026-03-06 11:55:00,388.389,390.3181,387.4195,389.6384,268443.0
2026-03-06 12:00:00,389.7183,390.9976,388.7489,389.9882,201713.0
2026-03-06 12:05:00,389.8183,390.2381,388.0391,388.399,170609.0
2026-03-06 12:10:00,388.399,388.8188,387.6393,387.7293,129577.0
2026-03-06 12:15:00,387.9292,387.9292,386.3199,386.9366,189825.0
2026-03-06 12:20:00,387.0738,387.0738,385.3304,385.9201,163276.0
2026-03-06 12:25:00,385.9601,386.1999,384.9306,385.4703,194676.0
2026-03-06 12:30:00,385.4703,386.0201,384.6907,385.8501,207805.0
2026-03-06 12:35:00,385.7924,385.9041,383.7422,384.2309,264895.0
2026-03-06 12:40:00,384.2209,385.1105,383.6612,385.0505,166081.0
2026-03-06 12:45:00,385.0305,385.3603,384.6308,384.8006,153341.0
2026-03-06 12:50:00,384.8006,385.5962,383.9012,384.4308,132723.0
2026-03-06 12:55:00,384.6707,384.8105,383.5213,383.6312,110238.0
2026-03-06 13:00:00,383.5412,384.7506,383.2214,383.2614,162485.0
2026-03-06 13:05:00,383.2514,384.8306,383.1714,384.4258,158878.0
2026-03-06 13:10:00,384.3047,386.2699,384.1409,385.9401,258196.0
2026-03-06 13:15:00,385.8601,386.0001,384.7107,384.9206,170038.0
2026-03-06 13:20:00,385.0105,385.9751,384.656,385.8701,156619.0
2026-03-06 13:25:00,385.8003,385.9201,384.2409,384.8206,192279.0
2026-03-06 13:30:00,384.8206,386.15,384.8206,385.6352,153644.0
2026-03-06 13:35:00,385.6302,386.3199,385.2804,385.9901,179178.0
2026-03-06 13:40:00,385.9701,387.0882,385.3205,386.6398,170504.0
2026-03-06 13:45:00,386.7397,387.0196,386.12,386.7697,130442.0
2026-03-06 13:50:00,386.6648,386.9404,382.9315,383.4263,419323.0
2026-03-06 13:55:00,383.4263,384.001,382.9215,383.5162,208280.0
2026-03-06 14:00:00,383.5112,383.6112,381.792,381.942,297015.0
2026-03-06 14:05:00,381.942,382.9965,381.0924,382.7016,337034.0
2026-03-06 14:10:00,382.8815,384.001,382.7016,383.5712,268686.0
2026-03-06 14:15:00,383.6062,383.6412,381.832,381.9819,187832.0
2026-03-06 14:20:00,381.8621,382.0444,380.5227,381.2223,257053.0
2026-03-06 14:25:00,381.0224,382.4018,380.7925,382.1619,151372.0
2026-03-06 14:30:00,382.1419,382.6343,381.2624,381.767,147250.0
2026-03-06 14:35:00,381.797,381.882,380.6426,381.1024,123591.0
2026-03-06 14:40:00,381.0324,381.5721,380.6226,380.7425,235180.0
2026-03-06 14:45:00,380.7525,380.9714,379.8429,380.3727,260212.0
2026-03-06 14:50:00,380.3327,381.1124,379.2832,379.813,363646.0
2026-03-06 14:55:00,379.8629,379.8829,378.6235,378.7035,357286.0
2026-03-06 15:00:00,378.6435,380.2626,378.6235,380.1528,383816.0
2026-03-06 15:05:00,380.1528,380.4127,378.2037,378.2366,475073.0
2026-03-06 15:10:00,378.2937,378.4336,375.5949,376.4245,578582.0
2026-03-06 15:15:00,376.3546,376.6244,374.7953,374.7953,454245.0
2026-03-06 15:20:00,374.8053,374.8253,372.5963,372.6963,556614.0
2026-03-06 15:25:00,372.6813,372.6813,370.4373,371.0271,671406.0
2026-03-06 15:30:00,371.0221,371.9866,369.2679,369.3328,673689.0
2026-03-06 15:35:00,369.3278,369.4378,367.6086,368.2683,844882.0
2026-03-06 15:40:00,368.2384,371.5796,367.2788,371.3119,974496.0
2026-03-06 15:45:00,371.3119,372.4064,370.8671,371.6368,571626.0
2026-03-06 15:50:00,371.5468,372.4264,370.5073,370.9471,657527.0
2026-03-06 15:55:00,370.9471,371.187,369.5877,370.2024,1497942.0
2026-03-09 09:30:00,363.7904,368.6282,361.3316,364.5501,1940049.0
2026-03-09 09:35:00,364.5001,365.8295,361.0317,361.6264,940044.0
2026-03-09 09:40:00,361.6264,363.1807,357.5134,358.4542,1179279.0
2026-03-09 09:45:00,358.203,362.0812,357.7333,360.6319,656569.0
2026-03-09 09:50:00,360.5619,360.5769,357.8332,358.9527,564622.0
2026-03-09 09:55:00,358.9227,363.8304,357.5034,362.8809,755046.0
2026-03-09 10:00:00,362.8359,367.2387,361.6614,366.7091,681419.0
2026-03-09 10:05:00,366.6391,366.829,361.8414,363.0289,505303.0
2026-03-09 10:10:00,363.1907,363.1907,359.4426,361.7177,508595.0
2026-03-09 10:15:00,361.8113,365.2817,361.0817,364.725,371673.0
2026-03-09 10:20:00,364.64,368.5082,362.9708,368.4682,636854.0
2026-03-09 10:25:00,368.4183,368.6181,365.6315,366.6291,415443.0
2026-03-09 10:30:00,366.5941,370.5773,366.5941,370.332,821587.0
2026-03-09 10:35:00,370.3574,372.7162,370.1579,370.7553,889306.0
2026-03-09 10:40:00,370.6372,372.0165,370.1774,371.9766,560225.0
2026-03-09 10:45:00,372.0266,373.2585,371.4069,372.1919,378084.0
2026-03-09 10:50:00,372.0516,373.196,371.2669,372.9109,309701.0
2026-03-09 10:55:00,372.8362,373.326,371.3769,373.0962,467950.0
2026-03-09 11:00:00,373.1661,374.0856,372.6663,372.8762,320764.0
2026-03-09 11:05:00,372.8062,375.6449,372.7862,375.455,437332.0
2026-03-09 11:10:00,375.365,376.4845,374.8353,375.2301,392739.0
2026-03-09 11:15:00,375.2301,376.1247,374.5704,375.1751,293366.0
2026-03-09 11:20:00,375.0853,377.2542,374.8953,376.8244,379940.0
2026-03-09 11:25:00,376.6644,378.7331,376.5345,377.7439,394954.0
2026-03-09 11:30:00,377.7389,377.7389,375.1451,375.6459,401968.0
2026-03-09 11:35:00,375.6349,376.0746,374.7153,375.445,301077.0
2026-03-09 11:40:00,375.335,375.335,374.2256,374.7403,260174.0
2026-03-09 11:45:00,374.7453,375.6149,374.3256,375.1102,252521.0
2026-03-09 11:50:00,375.1201,376.8144,374.7503,376.6244,233663.0
2026-03-09 11:55:00,376.6298,377.2242,375.808,377.0243,320006.0
2026-03-09 12:00:00,377.0542,379.9729,376.7544,378.8554,564212.0
2026-03-09 12:05:00,379.0221,379.823,378.3836,379.4581,330110.0
2026-03-09 12:10:00,379.4231,379.748,378.6435,379.5431,230917.0
2026-03-09 12:15:00,379.6082,379.723,377.3941,378.1387,335171.0
2026-03-09 12:20:00,378.1587,378.7235,376.8244,378.7135,314943.0
2026-03-09 12:25:00,378.6735,380.3227,377.634,379.6082,468076.0
2026-03-09 12:30:00,379.703,380.0029,378.1337,379.2532,327147.0
2026-03-09 12:35:00,379.2053,380.7225,379.2053,380.3177,335025.0
2026-03-09 12:40:00,380.3477,381.3223,380.3477,380.5776,304107.0
2026-03-09 12:45:00,380.6323,380.8525,379.2182,379.9979,339821.0
2026-03-09 12:50:00,379.9979,380.5126,379.4731,379.8829,236310.0
2026-03-09 12:55:00,379.9829,380.4826,378.7135,379.5981,237471.0
2026-03-09 13:00:00,379.663,379.823,378.7435,379.2432,197163.0
2026-03-09 13:05:00,379.2833,379.703,378.5136,379.638,197115.0
2026-03-09 13:10:00,379.623,380.2727,379.3232,379.8429,202826.0
2026-03-09 13:15:00,379.8479,380.0528,378.5735,378.9335,169709.0
2026-03-09 13:20:00,378.8334,379.4431,378.1751,378.8534,210197.0
2026-03-09 13:25:00,378.8334,379.2231,378.3336,378.7035,154529.0
2026-03-09 13:30:00,378.7734,379.0233,377.654,377.789,196649.0
2026-03-09 13:35:00,377.7439,378.4836,377.0943,378.0288,184673.0
2026-03-09 13:40:00,378.0288,378.8234,359.5324,378.3156,215916.0
2026-03-09 13:45:00,378.3436,379.6031,378.3336,378.5835,231547.0
2026-03-09 13:50:00,378.4036,379.4231,377.8891,379.3732,138856.0
2026-03-09 13:55:00,379.3032,379.6529,378.1537,378.1637,146694.0
2026-03-09 14:00:00,378.1038,378.6335,376.9243,377.1642,200100.0
2026-03-09 14:05:00,377.1642,377.624,376.4245,376.6894,175975.0
2026-03-09 14:10:00,376.6294,378.0838,376.6294,377.2741,160337.0
2026-03-09 14:15:00,377.3091,377.8639,377.0043,377.8539,156039.0
2026-03-09 14:20:00,377.8639,378.7235,377.1342,378.5386,188631.0
2026-03-09 14:25:00,378.6235,378.8033,377.9738,378.2136,139947.0
2026-03-09 14:30:00,378.1337,379.3032,377.5368,379.2282,154485.0
2026-03-09 14:35:00,379.1733,379.4731,378.4136,378.5136,146692.0
2026-03-09 14:40:00,378.5051,379.1533,378.4236,378.7135,93900.0
2026-03-09 14:45:00,378.6898,379.4331,378.4336,378.8734,143583.0
2026-03-09 14:50:00,378.7235,379.5721,378.7135,379.0133,118556.0
2026-03-09 14:55:00,379.0583,379.0733,377.1842,377.8139,211283.0
2026-03-09 15:00:00,377.7139,378.3636,377.2841,377.7339,132552.0
2026-03-09 15:05:00,377.669,378.3236,377.1742,378.0638,167525.0
2026-03-09 15:10:00,378.0637,379.3232,378.0388,378.8734,192754.0
2026-03-09 15:15:00,378.8294,381.762,378.3237,381.7021,425974.0
2026-03-09 15:20:00,381.5521,386.09,381.2423,385.1905,771546.0
2026-03-09 15:25:00,385.2129,387.9191,384.3808,387.7143,551918.0
2026-03-09 15:30:00,387.6493,388.1181,385.5804,387.1945,545216.0
2026-03-09 15:35:00,387.1745,389.8183,386.2999,388.8837,510145.0
2026-03-09 15:40:00,388.8188,388.876,385.3904,386.4998,443374.0
2026-03-09 15:45:00,386.4299,387.8592,386.4099,387.3794,367357.0
2026-03-09 15:50:00,387.3694,387.9192,386.0401,386.9146,574141.0
2026-03-09 15:55:00,386.9171,389.3985,386.7647,389.1286,1218253.0
2026-03-10 09:30:00,393.8264,402.8122,393.4566,400.7932,2309717.0
2026-03-10 09:35:00,400.8931,406.7103,399.9136,405.8408,1463281.0
2026-03-10 09:40:00,405.7109,407.56,404.0117,406.915,1198140.0
2026-03-10 09:45:00,406.7954,408.4096,405.3112,408.2097,966553.0
2026-03-10 09:50:00,408.1098,408.2997,405.9108,406.0058,588316.0
2026-03-10 09:55:00,406.1217,407.2048,405.7109,406.6904,611508.0
2026-03-10 10:00:00,406.6504,407.9998,405.0812,405.8358,759723.0
2026-03-10 10:05:00,405.8908,407.55,404.5437,404.5754,531143.0
2026-03-10 10:10:00,404.6264,406.8104,404.5864,406.6654,502298.0
2026-03-10 10:15:00,406.6105,407.205,405.0112,406.9604,416014.0
2026-03-10 10:20:00,406.9889,408.7095,406.1007,408.2297,586038.0
2026-03-10 10:25:00,408.2447,411.808,408.2447,410.3587,1060297.0
2026-03-10 10:30:00,410.3187,412.2079,410.0489,411.6431,700041.0
2026-03-10 10:35:00,411.6381,413.2973,410.6024,413.2574,652311.0
2026-03-10 10:40:00,413.2973,413.7072,411.808,412.9675,543231.0
2026-03-10 10:45:00,413.0737,413.1974,411.3483,412.3078,376954.0
2026-03-10 10:50:00,412.2478,413.4873,411.9781,412.4978,362648.0
2026-03-10 10:55:00,412.5777,414.7067,412.3078,414.102,586310.0
2026-03-10 11:00:00,414.097,415.1165,413.6072,414.047,525193.0
2026-03-10 11:05:00,413.987,414.107,411.948,412.6676,449829.0
2026-03-10 11:10:00,412.7336,412.7336,411.5582,411.7081,354892.0
2026-03-10 11:15:00,411.7831,413.2474,411.5582,412.6776,356578.0
2026-03-10 11:20:00,412.7176,413.8071,412.4379,412.9475,236749.0
2026-03-10 11:25:00,412.9525,412.9875,412.1579,412.5878,168313.0
2026-03-10 11:30:00,412.5778,413.4073,412.1929,412.5361,190776.0
2026-03-10 11:35:00,412.6876,413.8071,412.5282,413.5123,190744.0
2026-03-10 11:40:00,413.3873,413.6672,412.2378,412.7076,204531.0
2026-03-10 11:45:00,412.7276,412.7276,411.6981,411.988,201551.0
2026-03-10 11:50:00,411.983,412.9675,411.918,412.4028,206207.0
2026-03-10 11:55:00,412.4577,412.6077,411.808,412.3978,200614.0
2026-03-10 12:00:00,412.3578,412.3878,410.1988,410.5286,342553.0
2026-03-10 12:05:00,410.6886,411.1883,409.3692,411.0084,372430.0
2026-03-10 12:10:00,411.0078,411.7081,410.6086,411.4562,205766.0
2026-03-10 12:15:00,411.4332,412.008,410.8885,411.6881,195558.0
2026-03-10 12:20:00,411.6281,411.6581,410.6486,411.4882,127765.0
2026-03-10 12:25:00,411.4083,412.7876,411.1184,411.1584,241899.0
2026-03-10 12:30:00,411.3882,411.3882,410.1889,411.0484,230937.0
2026-03-10 12:35:00,411.0684,411.3982,410.3087,411.0584,166876.0
2026-03-10 12:40:00,410.9085,411.5382,410.5886,411.2983,113522.0
2026-03-10 12:45:00,411.3283,411.3982,410.2908,411.1184,142762.0
2026-03-10 12:50:00,411.0185,412.9075,410.7386,412.7776,210113.0
2026-03-10 12:55:00,412.7026,413.0075,411.818,412.8076,169706.0
2026-03-10 13:00:00,412.6776,414.0469,412.6776,413.9271,347372.0
2026-03-10 13:05:00,413.9421,414.077,412.9975,413.185,190479.0
2026-03-10 13:10:00,413.2374,413.8071,412.7276,413.0974,130849.0
2026-03-10 13:15:00,413.0575,414.6067,413.0475,414.6067,253982.0
2026-03-10 13:20:00,414.5867,414.7567,414.0092,414.3831,197111.0
2026-03-10 13:25:00,414.3968,415.0865,414.1256,414.7167,293303.0
2026-03-10 13:30:00,414.6317,415.0066,413.8172,414.007,205275.0
2026-03-10 13:35:00,414.112,414.2068,412.188,413.1474,265491.0
2026-03-10 13:40:00,413.0575,413.9687,412.5877,412.7798,157701.0
2026-03-10 13:45:00,412.6976,413.1773,412.1679,412.2275,157932.0
2026-03-10 13:50:00,412.2278,413.4773,412.2278,413.1874,164714.0
2026-03-10 13:55:00,413.2374,413.6871,412.5678,413.6272,138240.0
2026-03-10 14:00:00,413.5817,413.947,413.1074,413.1475,136213.0
2026-03-10 14:05:00,413.1474,413.2074,411.5082,411.818,199522.0
2026-03-10 14:10:00,411.7881,412.5776,408.7095,408.7518,341263.0
2026-03-10 14:15:00,408.7795,409.9489,407.67,408.0698,535847.0
2026-03-10 14:20:00,408.1697,409.1093,406.0508,408.2797,439291.0
2026-03-10 14:25:00,408.4918,410.3787,408.2297,408.5396,325272.0
2026-03-10 14:30:00,408.5496,410.3709,407.8399,409.9639,225528.0
2026-03-10 14:35:00,409.9689,410.7285,408.3696,408.9532,207188.0
2026-03-10 14:40:00,408.7495,409.4591,407.8699,408.0998,181160.0
2026-03-10 14:45:00,407.9598,408.9094,407.6,408.2697,137158.0
2026-03-10 14:50:00,408.3896,409.839,407.61,408.9094,203920.0
2026-03-10 14:55:00,408.8994,408.8994,407.2402,407.52,173524.0
2026-03-10 15:00:00,407.4851,407.8199,406.5605,406.5705,227307.0
2026-03-10 15:05:00,406.5755,408.1198,406.2506,407.4701,232913.0
2026-03-10 15:10:00,407.4401,407.8099,406.4805,407.45,199273.0
2026-03-10 15:15:00,407.3601,408.4096,407.1202,408.3347,238167.0
2026-03-10 15:20:00,408.3553,408.6495,406.2506,407.65,254717.0
2026-03-10 15:25:00,407.53,407.6699,405.1112,405.2211,291369.0
2026-03-10 15:30:00,405.1412,405.1911,403.9117,403.9117,417355.0
2026-03-10 15:35:00,404.1316,404.8113,403.0721,404.3915,386357.0
2026-03-10 15:40:00,404.4615,405.1112,403.3121,403.4619,346334.0
2026-03-10 15:45:00,403.4969,403.5019,401.153,401.4329,425443.0
2026-03-10 15:50:00,401.6128,402.7113,401.0631,402.5224,452613.0
2026-03-10 15:55:00,402.4024,403.352,401.4129,403.0521,788745.0
2026-03-11 09:30:00,410.5786,413.2274,408.2447,409.2441,1517958.0
2026-03-11 09:35:00,409.2143,409.3492,405.6009,409.0793,862688.0
2026-03-11 09:40:00,409.1025,410.7585,406.9603,408.8594,725972.0
2026-03-11 09:45:00,408.9044,412.1079,408.6695,411.9679,827265.0
2026-03-11 09:50:00,411.998,413.4773,410.2088,410.9434,624771.0
2026-03-11 09:55:00,410.9934,413.3373,410.6386,413.1524,433043.0
2026-03-11 10:00:00,413.1424,416.176,412.8676,414.5468,788571.0
2026-03-11 10:05:00,414.4318,415.2964,412.6975,413.9454,456159.0
2026-03-11 10:10:00,413.947,417.1256,413.1274,416.9307,515282.0
2026-03-11 10:15:00,416.8312,417.4754,414.8566,415.9331,464784.0
2026-03-11 10:20:00,415.9961,417.8052,415.5363,416.5109,708341.0
2026-03-11 10:25:00,416.4147,417.3555,414.7168,416.9407,514337.0
2026-03-11 10:30:00,416.7957,417.1356,412.6676,412.9909,540585.0
2026-03-11 10:35:00,413.2274,415.5463,413.2274,414.4467,345453.0
2026-03-11 10:40:00,414.3069,415.5963,413.9771,415.2164,242290.0
2026-03-11 10:45:00,415.1215,419.6044,414.8766,418.881,619210.0
2026-03-11 10:50:00,418.8677,419.4245,417.7509,418.8048,391643.0
2026-03-11 10:55:00,418.8048,421.5035,418.7248,420.9088,725950.0
2026-03-11 11:00:00,420.9538,421.5735,419.5944,421.5035,561838.0
2026-03-11 11:05:00,421.5535,422.553,420.7539,421.3236,528709.0
2026-03-11 11:10:00,421.1837,421.6834,419.1347,420.529,476343.0
2026-03-11 11:15:00,420.454,420.574,418.7548,419.4845,417279.0
2026-03-11 11:20:00,419.5725,420.5539,419.0047,420.1592,364916.0
2026-03-11 11:25:00,420.3641,420.6839,417.6553,417.7529,316292.0
2026-03-11 11:30:00,417.6753,418.5049,416.4659,417.978,420665.0
2026-03-11 11:35:00,417.9402,418.1201,416.9357,417.4854,285313.0
2026-03-11 11:40:00,417.4854,417.7953,416.0361,416.3495,235538.0
2026-03-11 11:45:00,416.256,416.3659,415.0067,415.8462,311488.0
2026-03-11 11:50:00,415.7212,417.7853,415.7212,417.3331,320910.0
2026-03-11 11:55:00,417.3904,417.7953,416.7857,417.1854,206863.0
2026-03-11 12:00:00,417.2055,417.3055,415.9061,416.6458,209679.0
2026-03-11 12:05:00,416.6058,416.6758,415.3764,416.5608,228446.0
2026-03-11 12:10:00,416.6958,417.5107,415.8162,416.9157,210210.0
2026-03-11 12:15:00,416.9107,417.0556,416.0062,416.281,149636.0
2026-03-11 12:20:00,416.3209,417.5754,415.8163,417.0057,155775.0
2026-03-11 12:25:00,417.1456,418.255,416.107,418.1701,211781.0
2026-03-11 12:30:00,418.2051,419.4845,418.1451,419.3645,307743.0
2026-03-11 12:35:00,419.3095,419.8043,418.4549,418.7047,291915.0
2026-03-11 12:40:00,418.6199,419.6043,418.415,418.9297,162088.0
2026-03-11 12:45:00,418.9297,419.4044,418.4749,418.8048,128151.0
2026-03-11 12:50:00,418.8048,419.7743,418.7548,419.7393,151671.0
2026-03-11 12:55:00,419.7393,420.274,419.5045,420.2341,203460.0
2026-03-11 13:00:00,420.1392,420.2341,419.5045,419.8943,152142.0
2026-03-11 13:05:00,419.8543,421.3036,419.7344,420.5041,328716.0
2026-03-11 13:10:00,420.504,421.6733,420.2064,421.2986,427352.0
2026-03-11 13:15:00,421.2929,421.5035,419.6444,419.9542,221031.0
2026-03-11 13:20:00,420.1042,420.6838,419.7503,420.1342,141995.0
2026-03-11 13:25:00,420.1342,420.7039,419.9529,420.554,109877.0
2026-03-11 13:30:00,420.514,420.7739,420.0542,420.3241,146106.0
2026-03-11 13:35:00,420.2941,420.9038,417.1056,418.9494,288161.0
2026-03-11 13:40:00,418.8448,420.2341,417.8553,419.8744,175945.0
2026-03-11 13:45:00,419.9642,420.9138,419.4645,420.7639,176334.0
2026-03-11 13:50:00,420.7439,421.8384,420.6339,421.0143,274859.0
2026-03-11 13:55:00,420.9138,421.2736,420.0942,420.9138,166716.0
2026-03-11 14:00:00,420.8338,421.1037,420.2553,420.3041,102452.0
2026-03-11 14:05:00,420.3641,421.1037,419.7144,420.8438,155440.0
2026-03-11 14:10:00,420.8039,420.9638,419.6344,420.6439,148110.0
2026-03-11 14:15:00,420.6339,420.6339,419.8543,420.0242,142871.0
2026-03-11 14:20:00,420.0292,420.9338,419.9043,420.569,140247.0
2026-03-11 14:25:00,420.6439,421.2636,420.0342,421.1437,131198.0
2026-03-11 14:30:00,421.1037,421.7134,407.6371,421.5335,161157.0
2026-03-11 14:35:00,421.5935,422.463,421.4236,422.0833,240684.0
2026-03-11 14:40:00,422.2331,422.363,421.3136,421.7233,158043.0
2026-03-11 14:45:00,421.6635,422.1232,420.6339,420.8688,166843.0
2026-03-11 14:50:00,420.8138,421.0236,420.1043,420.469,229703.0
2026-03-11 14:55:00,420.534,420.9285,420.1342,420.3687,199893.0
2026-03-11 15:00:00,420.414,420.5939,419.3047,419.5344,183321.0
2026-03-11 15:05:00,419.4695,419.6044,418.7348,419.4745,170415.0
2026-03-11 15:10:00,419.5045,420.0642,419.1046,419.1246,192028.0
2026-03-11 15:15:00,419.1246,419.5095,418.5649,419.1047,201798.0
2026-03-11 15:20:00,419.2546,419.2546,418.6201,419.2045,125590.0
2026-03-11 15:25:00,419.1196,419.8043,418.9247,419.3945,213578.0
2026-03-11 15:30:00,419.3345,420.544,418.345,419.9242,316314.0
2026-03-11 15:35:00,420.0642,420.2289,419.5045,419.6494,231353.0
2026-03-11 15:40:00,419.6844,420.0442,418.9047,419.5045,198187.0
2026-03-11 15:45:00,419.5444,419.6509,419.0946,419.2846,224455.0
2026-03-11 15:50:00,419.3545,419.6344,418.4849,419.2846,446453.0
2026-03-11 15:55:00,419.2346,419.3145,417.8352,418.425,938019.0
2026-03-12 09:30:00,409.804,413.3473,407.4101,412.2578,1741132.0
2026-03-12 09:35:00,412.1929,413.5372,409.3792,409.8889,847087.0
2026-03-12 09:40:00,409.6201,409.719,406.3106,408.0248,1115798.0
2026-03-12 09:45:00,408.0098,408.0708,402.9122,405.1162,1120448.0
2026-03-12 09:50:00,405.2311,406.5505,402.3525,402.9622,839435.0
2026-03-12 09:55:00,403.0747,404.2716,402.3025,403.5869,670705.0
2026-03-12 10:00:00,403.5919,407.0103,403.5919,406.3306,781788.0
2026-03-12 10:05:00,406.2406,406.8703,404.3915,405.421,444367.0
2026-03-12 10:10:00,405.3936,406.7795,404.4465,405.8358,381382.0
2026-03-12 10:15:00,405.8358,406.4306,403.222,404.5764,401534.0
2026-03-12 10:20:00,404.4915,405.6109,402.5624,403.1453,379849.0
2026-03-12 10:25:00,403.1121,403.9878,402.0126,402.1026,413742.0
2026-03-12 10:30:00,402.0826,403.1821,400.9131,401.5557,663044.0
2026-03-12 10:35:00,401.6155,402.5024,399.3239,400.4733,668531.0
2026-03-12 10:40:00,400.4333,401.6628,399.064,401.4629,505081.0
2026-03-12 10:45:00,401.4029,403.4319,398.6942,398.9141,636877.0
2026-03-12 10:50:00,398.944,400.6731,398.5243,400.0736,356688.0
2026-03-12 10:55:00,400.1935,400.9631,399.5338,399.9886,297077.0
2026-03-12 11:00:00,399.8636,401.0031,398.931,399.8136,345356.0
2026-03-12 11:05:00,399.8336,400.0635,398.5242,398.944,318492.0
2026-03-12 11:10:00,398.8791,398.944,396.4802,398.4143,661802.0
2026-03-12 11:15:00,398.3943,399.7737,398.1744,398.7741,464950.0
2026-03-12 11:20:00,398.7241,399.7536,397.5448,399.4138,443925.0
2026-03-12 11:25:00,399.4638,401.7128,399.2939,401.203,426159.0
2026-03-12 11:30:00,401.203,402.0526,400.2077,400.7132,347689.0
2026-03-12 11:35:00,400.7632,403.312,399.4238,403.312,338659.0
2026-03-12 11:40:00,403.2021,404.8113,401.5824,404.1966,616349.0
2026-03-12 11:45:00,404.2116,404.5314,402.0018,403.6019,362078.0
2026-03-12 11:50:00,403.6019,404.5214,402.5324,404.2316,255938.0
2026-03-12 11:55:00,404.2316,404.6913,403.0821,404.4718,233024.0
2026-03-12 12:00:00,404.5229,406.3906,404.2915,406.2706,369544.0
2026-03-12 12:05:00,406.2256,406.3506,402.1226,402.7023,388329.0
2026-03-12 12:10:00,402.7023,404.3015,402.3525,404.1216,239154.0
2026-03-12 12:15:00,404.1816,405.8108,403.8118,404.1116,241096.0
2026-03-12 12:20:00,404.1916,405.8208,404.0917,404.7014,211140.0
2026-03-12 12:25:00,404.7613,405.0012,403.9817,404.2866,165324.0
2026-03-12 12:30:00,404.4015,406.6105,404.0617,405.9863,259770.0
2026-03-12 12:35:00,405.8308,407.2402,405.531,406.9403,215140.0
2026-03-12 12:40:00,406.9183,407.7063,406.5806,407.4101,252994.0
2026-03-12 12:45:00,407.3101,407.51,405.1711,406.6754,280451.0
2026-03-12 12:50:00,406.5805,407.1402,405.6109,405.9248,170183.0
2026-03-12 12:55:00,405.9833,406.6604,405.6809,406.2906,128279.0
2026-03-12 13:00:00,406.2206,407.5599,405.9608,407.4701,144375.0
2026-03-12 13:05:00,407.3101,407.9921,406.1407,406.3406,250505.0
2026-03-12 13:10:00,406.3256,407.0502,406.1407,406.3306,124591.0
2026-03-12 13:15:00,406.2406,406.7582,405.9008,406.1507,107556.0
2026-03-12 13:20:00,406.1544,407.4601,405.9009,406.7904,138112.0
2026-03-12 13:25:00,406.9003,407.0203,405.7309,405.9058,152608.0
2026-03-12 13:30:00,405.9808,406.5105,405.3111,405.4211,140996.0
2026-03-12 13:35:00,405.421,406.8703,405.411,406.5205,136490.0
2026-03-12 13:40:00,406.5805,406.7104,405.4111,406.3806,112367.0
2026-03-12 13:45:00,406.2406,406.2406,404.9712,405.2211,143360.0
2026-03-12 13:50:00,405.3909,406.0106,405.1711,405.461,80599.0
2026-03-12 13:55:00,405.451,406.0267,404.4016,406.0107,166638.0
2026-03-12 14:00:00,406.0507,406.9603,405.2712,405.361,170558.0
2026-03-12 14:05:00,405.3951,407.1001,404.9113,406.4505,187729.0
2026-03-12 14:10:00,406.3806,407.7699,406.3006,407.3802,157419.0
2026-03-12 14:15:00,407.7,408.0218,406.5321,407.0164,231954.0
2026-03-12 14:20:00,406.9103,406.9303,405.9683,406.7004,118134.0
2026-03-12 14:25:00,406.6504,407.1702,406.4768,407.0403,107819.0
2026-03-12 14:30:00,407.0103,407.5599,406.6105,406.7704,130556.0
2026-03-12 14:35:00,406.7704,407.0403,405.7409,406.3206,190540.0
2026-03-12 14:40:00,406.2906,406.4056,405.2111,405.381,132668.0
2026-03-12 14:45:00,405.381,405.6309,404.6214,404.8413,141472.0
2026-03-12 14:50:00,404.8706,406.1407,404.7914,406.0507,180865.0
2026-03-12 14:55:00,406.1307,406.8254,405.3331,405.516,229226.0
2026-03-12 15:00:00,405.411,406.1407,404.0317,404.6615,297641.0
2026-03-12 15:05:00,404.6914,405.501,403.1221,403.7918,224639.0
2026-03-12 15:10:00,403.8302,404.1416,402.9722,404.1416,195238.0
2026-03-12 15:15:00,404.1416,404.5414,403.392,404.1116,180706.0
2026-03-12 15:20:00,404.2016,404.9712,403.8617,404.5514,201584.0
2026-03-12 15:25:00,404.6713,405.1012,404.3715,404.9213,167943.0
2026-03-12 15:30:00,404.9712,406.5105,404.9013,406.1607,289330.0
2026-03-12 15:35:00,406.1457,406.4005,405.5809,406.2057,206814.0
2026-03-12 15:40:00,406.2206,406.3306,404.9875,406.1757,240501.0
2026-03-12 15:45:00,406.1507,406.5995,405.6709,406.2256,255802.0
2026-03-12 15:50:00,406.1507,406.2706,404.3115,404.9462,455225.0
2026-03-12 15:55:00,404.9912,405.501,404.0017,405.1312,807560.0
2026-03-13 09:30:00,413.5572,419.6044,412.8076,418.5099,2347237.0
2026-03-13 09:35:00,418.5499,420.6839,415.8362,418.5549,1684698.0
2026-03-13 09:40:00,418.4451,423.7525,418.345,422.9978,1365507.0
2026-03-13 09:45:00,422.9486,424.4721,422.3032,423.4626,1088819.0
2026-03-13 09:50:00,423.5526,426.0614,422.693,425.0019,1114174.0
2026-03-13 09:55:00,424.9861,427.7106,424.802,426.841,1049395.0
2026-03-13 10:00:00,426.866,429.15,426.8011,427.6906,1037272.0
2026-03-13 10:05:00,427.6906,428.4203,425.4517,426.2363,978576.0
2026-03-13 10:10:00,426.2463,426.4012,425.2018,425.4317,621819.0
2026-03-13 10:15:00,425.4117,426.2213,424.1823,426.0514,862795.0
2026-03-13 10:20:00,426.0514,427.1209,424.4122,425.2218,641129.0
2026-03-13 10:25:00,425.2718,425.3167,423.0029,423.5826,720558.0
2026-03-13 10:30:00,423.5726,425.2218,423.1928,425.0419,616130.0
2026-03-13 10:35:00,424.9819,425.4516,423.4126,424.6671,389562.0
2026-03-13 10:40:00,424.702,424.802,421.1037,421.4116,596795.0
2026-03-13 10:45:00,421.3186,422.0233,420.414,421.6553,592330.0
2026-03-13 10:50:00,421.6535,422.8629,420.534,420.8388,519850.0
2026-03-13 10:55:00,420.8039,421.0138,415.7762,417.8152,1121752.0
2026-03-13 11:00:00,417.9152,418.5049,416.4459,418.355,456516.0
2026-03-13 11:05:00,418.4,422.593,418.345,421.8033,676207.0
2026-03-13 11:10:00,421.6834,422.608,420.2741,422.2332,415666.0
2026-03-13 11:15:00,422.1832,422.3731,419.9942,420.0442,307856.0
2026-03-13 11:20:00,420.1542,422.9029,419.8143,421.3286,333653.0
2026-03-13 11:25:00,421.3386,422.7205,421.1037,422.3931,244377.0
2026-03-13 11:30:00,422.2782,422.6729,421.4141,422.2582,263970.0
2026-03-13 11:35:00,422.2682,422.3731,419.8043,421.0687,323335.0
2026-03-13 11:40:00,421.1587,421.5135,417.4354,418.245,379631.0
2026-03-13 11:45:00,418.285,421.3836,418.28,420.294,359290.0
2026-03-13 11:50:00,420.414,420.7739,418.9348,419.8293,214236.0
2026-03-13 11:55:00,419.6844,420.3041,419.2046,420.1242,182405.0
2026-03-13 12:00:00,420.1273,421.2237,419.6734,420.0192,238462.0
2026-03-13 12:05:00,419.9043,420.8039,419.1946,420.1542,222803.0
2026-03-13 12:10:00,420.1243,421.7433,419.0448,420.1442,302175.0
2026-03-13 12:15:00,420.1442,420.9038,419.3046,420.7739,203416.0
2026-03-13 12:20:00,420.7789,423.3026,420.474,422.2932,414157.0
2026-03-13 12:25:00,422.2932,422.4831,421.1038,421.486,217976.0
2026-03-13 12:30:00,421.4036,422.1232,420.0742,420.6838,281581.0
2026-03-13 12:35:00,420.564,422.9928,420.414,422.8329,298148.0
2026-03-13 12:40:00,422.9318,425.6516,422.593,424.682,711255.0
2026-03-13 12:45:00,424.6374,425.0819,422.553,422.6823,446462.0
2026-03-13 12:50:00,422.7729,423.8924,422.603,423.5426,265948.0
2026-03-13 12:55:00,423.5926,424.1022,420.8039,420.9138,294145.0
2026-03-13 13:00:00,421.0287,421.5735,420.4941,421.0138,254428.0
2026-03-13 13:05:00,420.9888,421.1237,419.8693,420.9138,282715.0
2026-03-13 13:10:00,420.9258,422.0933,419.8319,421.7944,232894.0
2026-03-13 13:15:00,421.8034,422.8129,420.9561,422.0233,229028.0
2026-03-13 13:20:00,422.0108,422.7928,421.0138,422.3831,162561.0
2026-03-13 13:25:00,422.3032,422.9129,421.4336,422.5031,172243.0
2026-03-13 13:30:00,422.4331,422.7216,421.6734,421.9933,155509.0
2026-03-13 13:35:00,422.1032,422.1932,421.3036,421.9609,145071.0
2026-03-13 13:40:00,421.9033,422.0333,420.8039,421.2586,164650.0
2026-03-13 13:45:00,421.2386,421.6035,419.8243,419.9542,230644.0
2026-03-13 13:50:00,419.9443,421.4735,419.3046,420.7439,282002.0
2026-03-13 13:55:00,420.6139,421.6235,420.1342,421.4865,207136.0
2026-03-13 14:00:00,421.5035,422.4831,421.0537,422.2283,192393.0
2026-03-13 14:05:00,422.2432,422.7429,421.0138,421.4036,305706.0
2026-03-13 14:10:00,421.4036,421.9633,421.1137,421.5989,156278.0
2026-03-13 14:15:00,421.7384,422.7529,421.6035,421.8833,199288.0
2026-03-13 14:20:00,421.9183,422.0133,420.6039,421.1737,206676.0
2026-03-13 14:25:00,421.1137,422.603,420.604,422.4031,212687.0
2026-03-13 14:30:00,422.4231,423.5526,422.0233,423.4826,283801.0
2026-03-13 14:35:00,423.5026,423.7225,422.8329,423.3427,221700.0
2026-03-13 14:40:00,423.4526,425.2318,423.2827,425.1668,396572.0
2026-03-13 14:45:00,425.1668,426.0014,424.732,425.4617,414206.0
2026-03-13 14:50:00,425.4517,426.0214,424.742,425.6416,293087.0
2026-03-13 14:55:00,425.7016,425.7016,424.702,425.3017,198054.0
2026-03-13 15:00:00,425.3517,425.4017,422.9229,422.9329,300676.0
2026-03-13 15:05:00,422.9878,424.1517,422.6957,424.0323,288771.0
2026-03-13 15:10:00,424.0323,424.1022,422.5031,422.553,256065.0
2026-03-13 15:15:00,422.603,424.1665,422.563,423.2727,230402.0
2026-03-13 15:20:00,423.1827,423.5126,421.8672,423.2677,251629.0
2026-03-13 15:25:00,423.2327,424.0323,422.8029,423.1128,330932.0
2026-03-13 15:30:00,423.1727,424.3722,422.583,423.7252,262060.0
2026-03-13 15:35:00,423.6325,424.0024,423.1528,423.6125,194274.0
2026-03-13 15:40:00,423.6025,424.762,423.3717,424.3721,395901.0
2026-03-13 15:45:00,424.2422,425.2818,423.7725,424.9037,487413.0
2026-03-13 15:50:00,424.9019,425.3018,423.7225,425.1768,529472.0
2026-03-13 15:55:00,425.1618,426.1014,424.9119,425.9315,1284659.0
2026-03-16 09:30:00,445.9521,453.9783,445.8722,448.9407,3649857.0
2026-03-16 09:35:00,448.9907,451.0797,447.6713,448.5509,1084289.0
2026-03-16 09:40:00,448.4866,451.6695,448.0113,451.3996,1130082.0
2026-03-16 09:45:00,451.2871,454.6481,451.0398,452.9089,1543772.0
2026-03-16 09:50:00,453.0988,453.7935,450.9898,452.2701,912547.0
2026-03-16 09:55:00,452.469,452.679,450.1003,451.7094,766331.0
2026-03-16 10:00:00,451.6895,451.9693,449.4605,449.6404,738221.0
2026-03-16 10:05:00,449.6404,450.52,447.5514,447.6054,729134.0
2026-03-16 10:10:00,447.6064,449.7702,446.9082,447.1315,623929.0
2026-03-16 10:15:00,447.0066,447.6214,444.333,445.6573,945657.0
2026-03-16 10:20:00,445.5723,447.4113,445.2325,446.237,705690.0
2026-03-16 10:25:00,446.237,447.1016,445.4823,446.0571,477837.0
2026-03-16 10:30:00,446.0741,447.2314,445.0126,446.5918,604236.0
2026-03-16 10:35:00,446.5668,447.4714,444.8227,444.8368,431355.0
2026-03-16 10:40:00,444.8426,446.5918,444.6527,446.5319,401762.0
2026-03-16 10:45:00,446.5319,447.4614,445.8222,446.8717,424468.0
2026-03-16 10:50:00,446.6318,448.341,445.8623,448.2111,480947.0
2026-03-16 10:55:00,448.1011,448.1011,445.9642,447.7813,400329.0
2026-03-16 11:00:00,447.7063,447.7713,446.7019,447.2465,329459.0
2026-03-16 11:05:00,447.2465,447.3315,445.4224,445.9927,343121.0
2026-03-16 11:10:00,445.9721,447.4614,445.1925,447.2015,345878.0
2026-03-16 11:15:00,447.2015,447.7413,446.6018,447.4414,263911.0
2026-03-16 11:20:00,447.5114,447.5514,446.352,447.0216,266368.0
2026-03-16 11:25:00,447.0816,448.2272,446.4919,447.8543,278588.0
2026-03-16 11:30:00,447.9212,448.9907,447.5114,447.7913,377792.0
2026-03-16 11:35:00,447.7313,448.0911,446.3719,446.9017,302217.0
2026-03-16 11:40:00,446.905,448.421,446.6918,448.0911,294221.0
2026-03-16 11:45:00,448.1211,449.4805,447.8712,449.2856,338845.0
2026-03-16 11:50:00,449.2906,449.4105,448.5309,449.1306,282449.0
2026-03-16 11:55:00,449.1207,449.2206,447.8912,448.8828,290661.0
2026-03-16 12:00:00,448.8958,449.8703,448.391,449.2956,398751.0
2026-03-16 12:05:00,449.1906,450.9398,449.1796,450.3381,396763.0
2026-03-16 12:10:00,450.2401,450.3446,447.9912,448.5009,269077.0
2026-03-16 12:15:00,448.4909,449.1956,448.2621,448.5709,213917.0
2026-03-16 12:20:00,448.6109,448.7608,447.4314,448.5059,249145.0
2026-03-16 12:25:00,448.3917,449.4905,448.1911,448.748,228922.0
2026-03-16 12:30:00,448.7908,449.7404,448.291,448.301,271351.0
2026-03-16 12:35:00,448.301,449.2705,448.1211,448.8608,158137.0
2026-03-16 12:40:00,448.8923,449.7404,448.4111,449.4806,213687.0
2026-03-16 12:45:00,449.5604,449.9003,448.9407,449.4105,247795.0
2026-03-16 12:50:00,449.3605,450.1402,449.2906,449.8558,203554.0
2026-03-16 12:55:00,449.8803,450.1902,448.8908,448.95,261355.0
2026-03-16 13:00:00,448.9607,450.6399,448.8608,450.1152,290325.0
2026-03-16 13:05:00,450.0302,450.7199,449.4905,450.3901,264848.0
2026-03-16 13:10:00,450.3851,450.6699,449.2906,450.6699,357581.0
2026-03-16 13:15:00,450.6899,450.7299,449.3555,450.2301,257795.0
2026-03-16 13:20:00,450.1752,451.4596,450.1302,450.6899,446075.0
2026-03-16 13:25:00,450.7299,450.9198,448.8808,448.9207,341343.0
2026-03-16 13:30:00,448.9208,449.9113,448.9157,449.5005,223355.0
2026-03-16 13:35:00,449.5205,449.7703,448.5009,448.5609,259934.0
2026-03-16 13:40:00,448.5609,448.7308,446.8617,447.0716,252650.0
2026-03-16 13:45:00,447.1116,447.4414,446.5818,446.7318,293750.0
2026-03-16 13:50:00,446.7618,447.9012,446.7318,447.4592,309121.0
2026-03-16 13:55:00,447.4914,449.3805,447.1116,448.6109,451666.0
2026-03-16 14:00:00,448.7158,448.8208,447.2715,448.441,288551.0
2026-03-16 14:05:00,448.361,448.6201,446.8217,447.3414,267362.0
2026-03-16 14:10:00,447.3415,447.4513,446.162,446.7118,248745.0
2026-03-16 14:15:00,446.6418,447.5614,446.162,446.8717,254274.0
2026-03-16 14:20:00,446.8417,447.3615,446.4819,447.2614,239056.0
2026-03-16 14:25:00,447.1716,447.2255,446.5419,447.0116,180563.0
2026-03-16 14:30:00,446.9816,447.1978,445.8922,446.2063,259016.0
2026-03-16 14:35:00,446.252,446.3119,444.8028,446.0071,516193.0
2026-03-16 14:40:00,446.0021,446.2819,445.7023,446.182,202140.0
2026-03-16 14:45:00,446.182,446.3919,445.8422,446.152,193316.0
2026-03-16 14:50:00,446.157,446.3519,445.7022,446.3519,187167.0
2026-03-16 14:55:00,446.232,446.4219,445.6924,445.7222,154374.0
2026-03-16 15:00:00,445.7522,446.9916,445.7522,446.142,229579.0
2026-03-16 15:05:00,446.1121,447.0516,444.073,446.7468,518780.0
2026-03-16 15:10:00,446.7917,447.4614,443.4433,444.7327,645307.0
2026-03-16 15:15:00,444.7827,446.1519,444.4406,445.1205,317056.0
2026-03-16 15:20:00,445.1075,446.8817,444.5428,446.4819,323158.0
2026-03-16 15:25:00,446.5219,446.7618,445.1225,446.0966,273220.0
2026-03-16 15:30:00,446.0615,446.9916,445.3637,446.4719,301741.0
2026-03-16 15:35:00,446.5219,446.5918,445.4525,445.4525,254408.0
2026-03-16 15:40:00,445.5023,446.5517,444.5354,444.5828,398947.0
2026-03-16 15:45:00,444.5728,444.6526,439.1753,439.3452,1186742.0
2026-03-16 15:50:00,439.2952,441.7841,437.541,439.3558,1054652.0
2026-03-16 15:55:00,439.5051,441.7541,439.4602,441.5742,1241820.0
2026-03-17 09:30:00,452.3242,454.0883,448.1412,451.2344,2151326.0
2026-03-17 09:35:00,450.9899,451.9893,446.292,447.0316,1252865.0
2026-03-17 09:40:00,447.2915,448.2809,445.2425,448.2197,985970.0
2026-03-17 09:45:00,448.2311,448.9707,445.0126,446.6718,762281.0
2026-03-17 09:50:00,446.6717,448.8108,444.9327,448.451,682234.0
2026-03-17 09:55:00,448.451,449.5804,446.9916,449.4755,721793.0
2026-03-17 10:00:00,449.5904,451.1597,448.0811,448.5609,812989.0
2026-03-17 10:05:00,448.4909,449.6104,448.341,448.8763,377038.0
2026-03-17 10:10:00,448.8637,449.7903,447.9412,448.1911,450467.0
2026-03-17 10:15:00,448.1111,451.7693,447.4314,451.6645,670793.0
2026-03-17 10:20:00,451.6695,452.7889,450.54,452.4641,986782.0
2026-03-17 10:25:00,452.4891,456.2472,451.5595,453.5986,1449653.0
2026-03-17 10:30:00,453.6535,454.2383,452.0593,453.2586,570908.0
2026-03-17 10:35:00,453.0888,456.6072,452.589,455.2278,989549.0
2026-03-17 10:40:00,455.3177,456.7071,454.3182,455.3977,767725.0
2026-03-17 10:45:00,455.4357,456.0074,454.3482,455.6876,567281.0
2026-03-17 10:50:00,455.6576,456.997,455.2878,456.1774,645162.0
2026-03-17 10:55:00,456.2573,457.9264,455.9675,456.2173,813007.0
2026-03-17 11:00:00,456.2024,457.5667,455.8075,456.5173,552961.0
2026-03-17 11:05:00,456.5572,456.7371,454.798,456.1374,497468.0
2026-03-17 11:10:00,456.2073,456.6871,455.8038,456.3073,291295.0
2026-03-17 11:15:00,456.3498,458.0665,455.9025,457.232,508926.0
2026-03-17 11:20:00,457.2269,457.3568,455.1799,455.2028,351693.0
2026-03-17 11:25:00,455.1578,455.7276,454.2882,455.1891,429441.0
2026-03-17 11:30:00,455.1878,456.7671,454.828,455.3085,328289.0
2026-03-17 11:35:00,455.3328,455.4577,453.2188,454.808,418305.0
2026-03-17 11:40:00,454.823,456.3273,454.4832,456.2973,292182.0
2026-03-17 11:45:00,456.3173,456.737,454.9879,455.1478,310099.0
2026-03-17 11:50:00,455.2078,455.5177,454.2683,454.868,265502.0
2026-03-17 11:55:00,454.848,454.9679,453.6535,453.7184,236681.0
2026-03-17 12:00:00,453.5686,454.1882,452.5091,453.6181,418370.0
2026-03-17 12:05:00,453.6136,454.6531,453.2987,454.4782,244645.0
2026-03-17 12:10:00,454.4882,455.3378,454.2483,454.4681,230270.0
2026-03-17 12:15:00,454.4282,455.3078,454.2882,455.2329,183229.0
2026-03-17 12:20:00,455.2328,455.7875,454.3347,455.3677,294344.0
2026-03-17 12:25:00,455.2278,455.3077,454.6481,454.818,134542.0
2026-03-17 12:30:00,454.868,455.5477,453.9584,454.0983,239921.0
2026-03-17 12:35:00,454.1583,454.2882,452.9089,454.0633,320371.0
2026-03-17 12:40:00,454.1222,455.2518,453.9484,454.9729,222623.0
2026-03-17 12:45:00,455.0279,455.6176,454.5581,455.3477,183748.0
2026-03-17 12:50:00,455.3378,455.7875,454.7881,455.4177,220267.0
2026-03-17 12:55:00,455.2179,456.1174,454.6581,454.788,260300.0
2026-03-17 13:00:00,454.728,456.1174,454.5881,455.5876,285827.0
2026-03-17 13:05:00,455.5277,456.5872,454.9439,456.3023,249549.0
2026-03-17 13:10:00,456.2373,456.6671,455.7176,456.4454,186894.0
2026-03-17 13:15:00,456.3373,457.2269,456.1874,456.967,245026.0
2026-03-17 13:20:00,456.947,457.2769,456.5372,456.7091,186057.0
2026-03-17 13:25:00,456.7471,457.1869,456.3873,456.927,163600.0
2026-03-17 13:30:00,456.917,457.3967,455.5876,455.6976,259084.0
2026-03-17 13:35:00,455.7376,455.9575,455.2979,455.6976,194369.0
2026-03-17 13:40:00,455.6976,455.8575,454.908,454.9429,193360.0
2026-03-17 13:45:00,454.9979,456.2972,454.888,456.1374,202318.0
2026-03-17 13:50:00,456.1624,457.2868,455.7276,457.1919,226433.0
2026-03-17 13:55:00,457.1469,457.2269,456.4944,456.927,209623.0
2026-03-17 14:00:00,456.927,457.5867,456.6802,457.3168,218257.0
2026-03-17 14:05:00,457.2419,458.7861,456.967,458.2851,496608.0
2026-03-17 14:10:00,458.2564,458.8661,457.9565,458.3164,241836.0
2026-03-17 14:15:00,458.2764,459.2358,458.2264,458.7062,319549.0
2026-03-17 14:20:00,458.6962,459.0759,458.0065,458.6262,305594.0
2026-03-17 14:25:00,458.7262,459.166,458.2364,458.3963,258448.0
2026-03-17 14:30:00,458.3963,458.9861,458.0365,458.9079,268667.0
2026-03-17 14:35:00,458.9061,459.6158,458.6862,459.3159,399541.0
2026-03-17 14:40:00,459.4159,459.7557,459.106,459.4659,260255.0
2026-03-17 14:45:00,459.4458,461.1051,459.3759,459.8397,667243.0
2026-03-17 14:50:00,459.8656,460.1755,459.196,459.2758,282610.0
2026-03-17 14:55:00,459.2359,459.7257,458.6962,459.5798,305326.0
2026-03-17 15:00:00,459.5908,460.3654,459.4658,460.0456,299203.0
2026-03-17 15:05:00,460.0356,460.2854,459.8157,459.9456,242827.0
2026-03-17 15:10:00,459.9086,460.5853,459.8457,460.2455,239380.0
2026-03-17 15:15:00,460.1855,461.245,460.1305,460.8452,438623.0
2026-03-17 15:20:00,460.9351,461.6347,460.8552,461.5648,366437.0
2026-03-17 15:25:00,461.5149,462.4644,461.2651,461.6248,667209.0
2026-03-17 15:30:00,461.6748,462.5143,461.0851,461.205,501458.0
2026-03-17 15:35:00,461.225,461.225,460.3754,460.7452,486817.0
2026-03-17 15:40:00,460.7392,460.8951,459.3859,460.3454,503527.0
2026-03-17 15:45:00,460.3254,461.255,459.9256,460.9551,440856.0
2026-03-17 15:50:00,460.9351,461.7148,458.5063,461.1361,804820.0
2026-03-17 15:55:00,461.155,461.8847,459.6657,461.4649,1267414.0
2026-03-18 09:30:00,464.5435,467.762,461.1051,462.4276,2363282.0
2026-03-18 09:35:00,462.5094,465.4131,461.7048,463.5639,1081874.0
2026-03-18 09:40:00,463.5562,463.5739,458.0865,459.7857,1301931.0
2026-03-18 09:45:00,459.8956,464.1536,459.5858,463.7938,900071.0
2026-03-18 09:50:00,463.7688,463.9637,461.225,463.8238,651415.0
2026-03-18 09:55:00,463.7439,465.7829,462.3745,465.263,928751.0
2026-03-18 10:00:00,465.1832,466.9823,463.8138,465.3331,963547.0
2026-03-18 10:05:00,465.2831,466.8324,464.6934,466.6025,610636.0
2026-03-18 10:10:00,466.6025,467.2022,464.0037,464.0558,692740.0
2026-03-18 10:15:00,464.1836,465.5129,462.5944,463.1077,687020.0
2026-03-18 10:20:00,462.9642,464.1037,461.285,461.5904,647176.0
2026-03-18 10:25:00,461.6648,462.2845,459.336,461.32,604218.0
2026-03-18 10:30:00,461.3549,463.6938,461.1151,462.4944,487568.0
2026-03-18 10:35:00,462.4344,463.1841,461.9447,462.0946,273279.0
2026-03-18 10:40:00,462.1346,463.5739,461.8347,463.0242,346806.0
2026-03-18 10:45:00,463.0192,464.9633,463.0192,464.3136,433524.0
2026-03-18 10:50:00,464.3036,466.3425,464.3036,465.7829,607417.0
2026-03-18 10:55:00,465.8329,466.6825,465.3431,466.5825,411392.0
2026-03-18 11:00:00,466.5625,468.7965,466.3826,468.6815,796906.0
2026-03-18 11:05:00,468.5816,471.1204,468.4217,469.741,1038986.0
2026-03-18 11:10:00,469.7111,470.3806,468.502,469.0614,639181.0
2026-03-18 11:15:00,469.0062,470.0109,467.9519,468.8714,491560.0
2026-03-18 11:20:00,468.8814,469.3512,467.3871,467.9619,427747.0
2026-03-18 11:25:00,467.9904,468.1518,467.2222,467.2472,418056.0
2026-03-18 11:30:00,467.3076,467.732,466.0728,467.1551,416597.0
2026-03-18 11:35:00,467.1373,469.1413,466.9323,468.6515,478897.0
2026-03-18 11:40:00,468.5316,469.6211,468.4017,469.1913,372245.0
2026-03-18 11:45:00,469.2613,469.6611,468.1058,468.3217,362029.0
2026-03-18 11:50:00,468.2717,469.1812,468.0576,468.6815,327660.0
2026-03-18 11:55:00,468.7013,468.7195,466.7924,467.1477,365344.0
2026-03-18 12:00:00,467.1872,467.662,465.7929,467.2122,450348.0
2026-03-18 12:05:00,467.1672,467.1672,465.603,465.8429,356400.0
2026-03-18 12:10:00,466.0328,466.8224,465.4531,466.4626,352162.0
2026-03-18 12:15:00,466.3676,468.1118,466.0827,468.1118,423925.0
2026-03-18 12:20:00,468.0768,469.2013,467.622,468.4017,418553.0
2026-03-18 12:25:00,468.4217,469.0414,468.1921,468.7365,207807.0
2026-03-18 12:30:00,468.7365,469.6311,467.7919,467.8719,398520.0
2026-03-18 12:35:00,467.8469,467.8542,466.7424,467.692,364283.0
2026-03-18 12:40:00,467.6521,467.752,466.3326,466.8524,310359.0
2026-03-18 12:45:00,466.8224,466.9603,465.553,466.4026,367561.0
2026-03-18 12:50:00,466.3776,468.5816,465.9028,466.1777,195193.0
2026-03-18 12:55:00,466.1777,467.0322,465.533,465.5331,242885.0
2026-03-18 13:00:00,465.533,465.7828,464.8133,465.573,252011.0
2026-03-18 13:05:00,465.5311,465.8529,464.4535,464.6934,314627.0
2026-03-18 13:10:00,464.6934,465.2132,463.8738,464.2386,367798.0
2026-03-18 13:15:00,464.3635,465.6219,464.1137,465.1832,263638.0
2026-03-18 13:20:00,465.2231,465.7029,464.9533,465.313,208280.0
2026-03-18 13:25:00,465.2451,465.6093,464.7334,465.1632,170096.0
2026-03-18 13:30:00,465.2032,465.4201,464.1836,465.1332,224929.0
2026-03-18 13:35:00,465.243,466.0527,465.2332,465.9028,239306.0
2026-03-18 13:40:00,465.9564,465.9927,465.3131,465.503,187351.0
2026-03-18 13:45:00,465.463,466.0617,465.0332,465.3531,228451.0
2026-03-18 13:50:00,465.3981,465.8429,465.1633,465.8215,163709.0
2026-03-18 13:55:00,465.8529,466.7624,465.6929,465.8628,237732.0
2026-03-18 14:00:00,466.0028,468.3817,465.7329,468.1318,407448.0
2026-03-18 14:05:00,468.0618,468.4516,467.3522,468.3717,316346.0
2026-03-18 14:10:00,468.3017,468.3717,467.612,467.8519,245287.0
2026-03-18 14:15:00,467.7919,468.4017,466.7125,467.6434,274870.0
2026-03-18 14:20:00,467.642,468.1717,466.7924,467.8269,245098.0
2026-03-18 14:25:00,467.8419,468.2809,467.4822,467.7631,202914.0
2026-03-18 14:30:00,467.692,467.9619,466.2677,466.2827,353893.0
2026-03-18 14:35:00,466.3126,468.3017,466.3126,468.1718,342934.0
2026-03-18 14:40:00,468.0318,470.0109,467.582,468.9399,689539.0
2026-03-18 14:45:00,468.8015,469.4212,467.692,468.5516,428510.0
2026-03-18 14:50:00,468.6316,469.0314,467.1123,468.2018,391964.0
2026-03-18 14:55:00,468.2123,468.8515,467.0323,467.9269,431419.0
2026-03-18 15:00:00,467.9564,468.0317,466.7824,467.8619,391073.0
2026-03-18 15:05:00,467.9119,468.4387,466.0328,466.5794,409600.0
2026-03-18 15:10:00,466.4626,466.7124,465.3922,466.1977,549985.0
2026-03-18 15:15:00,466.2527,466.2976,465.4131,465.483,401689.0
2026-03-18 15:20:00,465.483,466.6625,464.4535,464.9333,547634.0
2026-03-18 15:25:00,464.9233,465.4231,464.0338,464.7284,421391.0
2026-03-18 15:30:00,464.7034,466.7185,464.4635,464.9833,594072.0
2026-03-18 15:35:00,464.9633,467.1622,464.1936,467.0291,624370.0
2026-03-18 15:40:00,467.1222,468.0418,464.4335,466.2927,813634.0
2026-03-18 15:45:00,466.3576,467.5621,465.7229,466.7307,1156114.0
2026-03-18 15:50:00,466.6325,468.4716,466.0827,468.1318,1159965.0
2026-03-18 15:55:00,468.2118,468.2118,461.3849,461.6248,2225920.0
2026-03-19 09:30:00,424.772,429.7997,420.9138,427.6007,4805044.0
2026-03-19 09:35:00,427.5607,434.3375,423.6025,434.3367,2589716.0
2026-03-19 09:40:00,434.2076,437.436,432.8982,434.7948,2417132.0
2026-03-19 09:45:00,434.6574,437.2362,431.289,434.3425,1564246.0
2026-03-19 09:50:00,434.2476,438.785,433.0801,437.1212,1249549.0
2026-03-19 09:55:00,437.0803,439.695,435.7269,439.1353,1198621.0
2026-03-19 10:00:00,439.0953,443.2934,438.1558,442.4638,1511918.0
2026-03-19 10:05:00,442.3439,445.4644,440.3953,441.7341,1623736.0
2026-03-19 10:10:00,441.7541,447.4814,440.2658,447.4514,1573379.0
2026-03-19 10:15:00,447.4714,449.2006,445.0326,445.4873,1279338.0
2026-03-19 10:20:00,445.4923,447.4914,443.4143,446.4919,1096660.0
2026-03-19 10:25:00,446.5419,449.5804,446.5419,449.5055,1035966.0
2026-03-19 10:30:00,449.5195,455.7875,448.2611,455.3876,1663457.0
2026-03-19 10:35:00,455.2798,455.4577,450.3739,451.2746,1104980.0
2026-03-19 10:40:00,451.2297,453.4695,450.9198,452.7092,852420.0
2026-03-19 10:45:00,452.669,456.0774,451.8194,455.8415,811998.0
2026-03-19 10:50:00,456.0524,457.007,452.8889,453.2887,1079445.0
2026-03-19 10:55:00,453.3187,453.4585,450.4102,450.525,802497.0
2026-03-19 11:00:00,450.48,450.48,447.8912,448.9807,890017.0
2026-03-19 11:05:00,449.0707,450.7398,446.0921,446.212,963976.0
2026-03-19 11:10:00,446.192,447.2915,445.3424,446.8267,689861.0
2026-03-19 11:15:00,446.7717,447.5414,443.8231,444.2915,935923.0
2026-03-19 11:20:00,444.2129,445.7072,443.4133,443.5133,600827.0
2026-03-19 11:25:00,443.5133,443.5133,441.4642,442.1603,869109.0
2026-03-19 11:30:00,441.904,442.4637,438.3557,438.9138,1117228.0
2026-03-19 11:35:00,438.9654,439.4686,436.7564,438.6555,1619617.0
2026-03-19 11:40:00,438.6455,440.1648,438.1493,438.9254,862422.0
2026-03-19 11:45:00,438.9354,439.775,437.4562,438.2457,608206.0
2026-03-19 11:50:00,438.2357,438.3957,434.3975,434.7523,1075722.0
2026-03-19 11:55:00,434.8173,437.2462,434.6884,437.2012,783118.0
2026-03-19 12:00:00,437.2062,440.5146,436.1967,438.4856,955330.0
2026-03-19 12:05:00,438.4557,439.4312,437.8659,438.6056,459485.0
2026-03-19 12:10:00,438.6147,438.7105,434.8973,436.4865,743736.0
2026-03-19 12:15:00,436.6765,439.494,436.3094,439.0054,510786.0
2026-03-19 12:20:00,438.9404,439.4652,437.2962,438.2357,415828.0
2026-03-19 12:25:00,438.2557,440.1348,438.0959,439.2852,465479.0
2026-03-19 12:30:00,439.3052,441.7441,438.4656,441.6391,687407.0
2026-03-19 12:35:00,441.6841,442.8236,440.1049,442.8236,642771.0
2026-03-19 12:40:00,442.8236,444.0729,442.4688,444.009,642644.0
2026-03-19 12:45:00,444.053,445.2924,443.4088,443.5033,659173.0
2026-03-19 12:50:00,443.5433,445.0924,442.124,445.0675,549587.0
2026-03-19 12:55:00,445.0326,445.9921,444.133,445.6323,540005.0
2026-03-19 13:00:00,445.6323,447.0415,444.153,445.0426,515496.0
2026-03-19 13:05:00,445.0975,445.6322,441.2143,441.7741,548704.0
2026-03-19 13:10:00,441.7201,443.5932,441.2943,442.9335,482751.0
2026-03-19 13:15:00,443.0335,444.0729,442.5137,443.0635,360786.0
2026-03-19 13:20:00,443.0834,444.7427,442.3638,444.2432,334699.0
2026-03-19 13:25:00,444.143,444.9487,442.8536,443.5202,370604.0
2026-03-19 13:30:00,443.5632,444.7927,443.4633,444.4428,324852.0
2026-03-19 13:35:00,444.4428,445.2225,443.8931,444.3429,272709.0
2026-03-19 13:40:00,444.2829,444.3829,443.0136,444.0821,351341.0
2026-03-19 13:45:00,444.029,444.3129,442.7336,443.3233,244149.0
2026-03-19 13:50:00,443.1884,443.7931,442.7936,443.3323,273282.0
2026-03-19 13:55:00,443.2434,444.6727,442.1539,444.183,908654.0
2026-03-19 14:00:00,444.093,444.3929,442.8536,443.2934,215618.0
2026-03-19 14:05:00,443.4533,444.3228,442.9036,443.0085,322017.0
2026-03-19 14:10:00,443.0385,446.4269,442.9935,445.5273,417095.0
2026-03-19 14:15:00,445.4923,446.1121,444.3329,445.8472,307486.0
2026-03-19 14:20:00,445.8472,446.6417,444.4178,445.5023,446114.0
2026-03-19 14:25:00,445.5324,446.3519,445.1325,445.2225,273799.0
2026-03-19 14:30:00,445.1725,445.4424,443.6032,444.083,338442.0
2026-03-19 14:35:00,444.123,444.6527,443.5632,444.2279,279919.0
2026-03-19 14:40:00,444.2538,444.5878,443.5133,444.4389,347241.0
2026-03-19 14:45:00,444.4228,444.4438,443.1035,444.098,287247.0
2026-03-19 14:50:00,444.033,444.2829,442.6637,443.6083,372038.0
2026-03-19 14:55:00,443.5233,445.9022,442.6837,445.2425,502453.0
2026-03-19 15:00:00,445.2724,447.5113,445.0725,446.0821,710334.0
2026-03-19 15:05:00,446.0921,450.3901,446.0621,449.5255,932834.0
2026-03-19 15:10:00,449.4205,452.3691,448.9357,451.4396,896094.0
2026-03-19 15:15:00,451.4496,453.1688,450.3202,452.9189,704148.0
2026-03-19 15:20:00,452.694,452.8889,450.8898,451.8444,552623.0
2026-03-19 15:25:00,451.7994,452.3691,450.1002,450.6799,683573.0
2026-03-19 15:30:00,450.6699,450.7699,449.0307,449.2506,583368.0
2026-03-19 15:35:00,449.2308,449.7903,446.8917,448.4909,543939.0
2026-03-19 15:40:00,448.5009,448.9462,446.4319,446.5518,674931.0
2026-03-19 15:45:00,446.5545,447.8968,445.8122,446.6918,582089.0
2026-03-19 15:50:00,446.5918,446.8617,444.5128,444.7727,839808.0
2026-03-19 15:55:00,444.8027,444.9126,443.7931,444.033,1373966.0
2026-03-20 09:30:00,443.7082,444.043,432.7983,438.7955,3204594.0
2026-03-20 09:35:00,438.6975,440.9943,437.596,440.7945,914048.0
2026-03-20 09:40:00,440.674,448.8908,440.6646,447.1516,1678617.0
2026-03-20 09:45:00,447.1516,448.1711,440.6292,443.2834,1124300.0
2026-03-20 09:50:00,443.1434,443.2833,438.3757,439.3402,823793.0
2026-03-20 09:55:00,439.3302,439.6601,434.9073,437.3361,938826.0
2026-03-20 10:00:00,437.2062,437.746,434.0477,436.7714,858178.0
2026-03-20 10:05:00,436.9163,438.4356,434.8873,436.1867,1058654.0
2026-03-20 10:10:00,436.3266,436.6765,431.5089,432.8782,1022700.0
2026-03-20 10:15:00,432.7583,435.8468,432.5984,434.5974,779782.0
2026-03-20 10:20:00,434.6374,434.7456,429.14,430.4794,1121267.0
2026-03-20 10:25:00,430.5843,431.5216,428.6002,430.3544,1027778.0
2026-03-20 10:30:00,430.3644,433.6648,430.1795,433.5929,693034.0
2026-03-20 10:35:00,433.6779,434.4975,431.5089,433.5178,605682.0
2026-03-20 10:40:00,433.5079,433.5179,430.4194,431.3489,591266.0
2026-03-20 10:45:00,431.3489,431.4289,428.1504,428.9401,795615.0
2026-03-20 10:50:00,428.8701,429.15,424.9119,425.4217,1106350.0
2026-03-20 10:55:00,425.5117,427.4108,425.0605,426.5794,753563.0
2026-03-20 11:00:00,426.8011,429.2399,425.7049,426.3163,722217.0
2026-03-20 11:05:00,426.2563,427.7106,426.1813,427.3358,396127.0
2026-03-20 11:10:00,427.4108,430.5892,427.041,429.9646,554754.0
2026-03-20 11:15:00,430.1194,430.4993,429.09,429.3749,453433.0
2026-03-20 11:20:00,429.3,432.3983,428.6502,430.5393,581152.0
2026-03-20 11:25:00,430.5993,431.5888,429.6097,430.1745,470081.0
2026-03-20 11:30:00,430.3075,431.6488,429.5806,430.5993,358578.0
2026-03-20 11:35:00,430.6043,431.279,428.8101,428.9051,341228.0
2026-03-20 11:40:00,428.99,430.1095,428.6802,429.3149,257680.0
2026-03-20 11:45:00,429.3998,430.2993,428.8201,430.0795,440450.0
2026-03-20 11:50:00,429.9896,430.6992,428.8001,430.0395,323231.0
2026-03-20 11:55:00,429.9946,431.4989,429.7098,430.4643,369117.0
2026-03-20 12:00:00,430.5493,432.6333,429.9996,432.1086,512294.0
2026-03-20 12:05:00,432.0386,432.0386,429.7997,430.0895,511763.0
2026-03-20 12:10:00,430.0895,432.4583,429.8097,431.3347,541054.0
2026-03-20 12:15:00,431.3889,431.7887,429.6897,430.6842,328733.0
2026-03-20 12:20:00,430.7692,430.8292,429.23,429.5898,244940.0
2026-03-20 12:25:00,429.5698,430.3994,427.6107,430.2494,400500.0
2026-03-20 12:30:00,430.2494,430.3444,427.4509,428.1854,365603.0
2026-03-20 12:35:00,428.3403,429.4998,427.6707,429.075,236878.0
2026-03-20 12:40:00,429.04,429.16,428.0005,428.97,215197.0
2026-03-20 12:45:00,428.9551,429.06,427.201,428.0655,298438.0
2026-03-20 12:50:00,428.1005,428.2704,427.2009,427.5207,364613.0
2026-03-20 12:55:00,427.5157,428.8601,427.2508,427.8756,205208.0
2026-03-20 13:00:00,427.9705,428.4103,427.4827,428.1154,178875.0
2026-03-20 13:05:00,428.2004,428.5902,426.1813,427.6806,398144.0
2026-03-20 13:10:00,427.7106,427.9205,426.7111,426.8011,278799.0
2026-03-20 13:15:00,426.7661,426.921,425.3018,426.0314,360833.0
2026-03-20 13:20:00,426.0939,426.5712,424.5821,424.6121,426226.0
2026-03-20 13:25:00,424.6121,425.1017,422.6031,422.7629,569468.0
2026-03-20 13:30:00,422.7679,423.3627,421.0637,422.1047,666281.0
2026-03-20 13:35:00,422.1632,422.4431,420.0142,421.0237,712112.0
2026-03-20 13:40:00,420.9038,422.4931,420.8039,422.2666,382045.0
2026-03-20 13:45:00,422.3831,422.4131,420.554,420.8238,471467.0
2026-03-20 13:50:00,420.7441,421.8633,420.6739,420.6941,433272.0
2026-03-20 13:55:00,420.7057,421.9633,420.454,421.2836,399230.0
2026-03-20 14:00:00,421.2786,421.3636,419.2246,419.4396,889948.0
2026-03-20 14:05:00,419.4045,420.0842,418.5761,419.6244,502978.0
2026-03-20 14:10:00,419.5744,421.8161,418.9847,420.6581,440812.0
2026-03-20 14:15:00,420.7389,420.8138,419.2046,419.6294,368991.0
2026-03-20 14:20:00,419.7044,419.9443,416.5758,417.4954,947144.0
2026-03-20 14:25:00,417.4954,419.7044,417.4954,419.6094,490479.0
2026-03-20 14:30:00,419.6444,420.584,417.9852,418.7449,473225.0
2026-03-20 14:35:00,418.7536,419.3046,417.7353,419.2746,419517.0
2026-03-20 14:40:00,419.2906,420.1941,418.9447,419.7344,280169.0
2026-03-20 14:45:00,419.7763,420.6438,419.6844,420.424,371533.0
2026-03-20 14:50:00,420.3741,421.6435,419.9343,420.419,390320.0
2026-03-20 14:55:00,420.399,421.1238,419.9143,420.5615,335932.0
2026-03-20 15:00:00,420.534,422.1132,419.4045,419.4277,488494.0
2026-03-20 15:05:00,419.5244,419.7843,418.305,419.0447,507476.0
2026-03-20 15:10:00,419.0387,420.2041,418.5847,420.0842,412918.0
2026-03-20 15:15:00,420.1641,421.5335,419.8843,421.2536,419162.0
2026-03-20 15:20:00,421.2395,421.2642,418.305,418.4849,747720.0
2026-03-20 15:25:00,418.4799,418.6549,415.6823,415.9161,634325.0
2026-03-20 15:30:00,415.9761,417.1556,415.1666,417.0206,679522.0
2026-03-20 15:35:00,417.0556,419.1325,416.5958,418.8148,638679.0
2026-03-20 15:40:00,418.9646,419.7742,418.3451,419.3645,708944.0
2026-03-20 15:45:00,419.3245,420.4939,417.2855,417.4558,786538.0
2026-03-20 15:50:00,417.5654,419.8943,417.0556,418.977,821322.0
2026-03-20 15:55:00,418.9897,422.8029,418.8148,422.8029,1876470.0
2026-03-23 09:30:00,425.9465,428.6802,419.8043,426.2163,2155472.0
2026-03-23 09:35:00,426.4812,426.7911,420.7639,423.1228,1233141.0
2026-03-23 09:40:00,422.9978,423.7925,420.2341,420.2341,973368.0
2026-03-23 09:45:00,420.0542,444.063,419.9942,426.0614,1634885.0
2026-03-23 09:50:00,426.1214,426.971,421.8534,422.2882,767860.0
2026-03-23 09:55:00,422.2332,422.6957,418.0002,419.4995,1190295.0
2026-03-23 10:00:00,419.5944,420.6439,416.3059,417.2154,1119408.0
2026-03-23 10:05:00,417.0656,422.4531,416.7757,421.3236,954545.0
2026-03-23 10:10:00,421.2936,424.1723,420.6039,422.3881,692569.0
2026-03-23 10:15:00,422.5031,423.2027,420.8039,422.2932,594800.0
2026-03-23 10:20:00,422.1232,426.2013,421.7134,425.7915,995285.0
2026-03-23 10:25:00,425.7575,427.3508,423.6526,424.1473,809307.0
2026-03-23 10:30:00,423.9224,425.2918,422.0633,423.6025,655389.0
2026-03-23 10:35:00,423.5476,424.0723,420.9138,422.0233,589984.0
2026-03-23 10:40:00,422.0033,423.3027,421.1938,422.3731,542647.0
2026-03-23 10:45:00,422.2382,423.1028,420.504,420.9838,402471.0
2026-03-23 10:50:00,420.9188,421.1936,419.4545,420.7939,491655.0
2026-03-23 10:55:00,420.8638,421.0837,419.2246,419.5694,398196.0
2026-03-23 11:00:00,419.6344,419.7943,418.6748,419.3021,501257.0
2026-03-23 11:05:00,419.2596,421.1237,418.1151,420.684,661047.0
2026-03-23 11:10:00,420.684,421.1037,417.9852,418.8148,438331.0
2026-03-23 11:15:00,418.7948,419.4045,418.1051,419.0946,357708.0
2026-03-23 11:20:00,419.1546,419.2306,416.0361,416.6658,725374.0
2026-03-23 11:25:00,416.5758,417.3055,412.5377,414.3768,1121913.0
2026-03-23 11:30:00,414.3569,416.196,413.0475,413.7172,1055330.0
2026-03-23 11:35:00,413.8071,413.8471,410.2088,410.7136,873808.0
2026-03-23 11:40:00,410.6886,411.6131,410.1094,410.1094,785220.0
2026-03-23 11:45:00,410.1088,410.3287,407.0603,407.8049,1195638.0
2026-03-23 11:50:00,407.69,408.1997,404.2617,406.0584,1135282.0
2026-03-23 11:55:00,405.9658,406.0758,402.4124,402.9322,999873.0
2026-03-23 12:00:00,402.9572,405.6197,402.7623,403.512,727668.0
2026-03-23 12:05:00,403.6119,406.3106,403.2071,405.6909,747570.0
2026-03-23 12:10:00,405.6939,407.8099,405.1611,407.72,545339.0
2026-03-23 12:15:00,407.7811,408.0098,404.5214,404.8963,585544.0
2026-03-23 12:20:00,404.9712,405.8108,404.0417,404.1316,484529.0
2026-03-23 12:25:00,404.0886,404.2516,401.463,401.7977,837115.0
2026-03-23 12:30:00,401.7427,405.0812,401.4429,404.5114,563595.0
2026-03-23 12:35:00,404.4215,405.511,404.3665,405.2111,386229.0
2026-03-23 12:40:00,405.1412,405.7699,404.4515,405.371,318125.0
2026-03-23 12:45:00,405.3112,406.2806,404.6114,405.0512,425086.0
2026-03-23 12:50:00,405.1611,405.461,403.8118,404.2391,367216.0
2026-03-23 12:55:00,404.4615,404.6387,402.5525,403.382,360355.0
2026-03-23 13:00:00,403.352,403.8118,401.3329,401.9127,416144.0
2026-03-23 13:05:00,401.9726,404.5514,401.7428,404.3715,355109.0
2026-03-23 13:10:00,404.3215,404.4815,402.0327,402.1675,322182.0
2026-03-23 13:15:00,402.0626,404.0217,402.0626,403.342,251426.0
2026-03-23 13:20:00,403.382,403.382,401.7727,402.0876,349168.0
2026-03-23 13:25:00,402.0026,403.8867,401.9876,403.6818,252450.0
2026-03-23 13:30:00,403.7018,406.0706,403.6419,405.396,409565.0
2026-03-23 13:35:00,405.406,406.1107,404.6514,404.9612,406880.0
2026-03-23 13:40:00,404.9013,405.0612,403.5319,404.4299,355025.0
2026-03-23 13:45:00,404.3765,404.6214,402.5224,403.312,263592.0
2026-03-23 13:50:00,403.322,404.3615,403.2021,403.9467,276612.0
2026-03-23 13:55:00,403.9017,406.1507,403.1822,405.9208,294896.0
2026-03-23 14:00:00,405.8309,408.1098,405.361,407.8649,575070.0
2026-03-23 14:05:00,407.8899,408.4396,405.3111,406.1607,543385.0
2026-03-23 14:10:00,406.1607,407.1102,405.6609,406.5105,320918.0
2026-03-23 14:15:00,406.5856,406.9002,405.3111,405.8658,276500.0
2026-03-23 14:20:00,405.8008,406.7304,404.8113,406.2856,272509.0
2026-03-23 14:25:00,406.3406,406.7103,405.8108,405.9108,242132.0
2026-03-23 14:30:00,405.9958,408.4396,405.9608,408.4296,337249.0
2026-03-23 14:35:00,408.4146,409.0392,406.4905,407.0603,530256.0
2026-03-23 14:40:00,407.0253,407.8099,406.0711,406.9203,299944.0
2026-03-23 14:45:00,406.9903,407.4001,406.2806,406.7904,251309.0
2026-03-23 14:50:00,406.8504,406.9203,404.9013,405.571,382848.0
2026-03-23 14:55:00,405.5211,405.6509,404.5015,405.1811,316113.0
2026-03-23 15:00:00,405.1347,405.4709,404.0317,404.6114,342748.0
2026-03-23 15:05:00,404.5115,406.7304,404.5115,406.4905,280595.0
2026-03-23 15:10:00,406.4006,406.7283,405.501,405.501,337795.0
2026-03-23 15:15:00,405.5809,405.7809,404.1766,405.5809,359510.0
2026-03-23 15:20:00,405.4911,405.7209,404.9114,405.421,203454.0
2026-03-23 15:25:00,405.4211,406.7003,405.3111,406.353,305829.0
2026-03-23 15:30:00,406.3506,406.5605,405.5809,406.3306,311915.0
2026-03-23 15:35:00,406.4006,407.63,406.1707,406.5555,428697.0
2026-03-23 15:40:00,406.6005,406.9502,405.8608,406.5005,388115.0
2026-03-23 15:45:00,406.5105,406.9749,405.5909,405.8209,425454.0
2026-03-23 15:50:00,405.9308,407.59,405.471,405.9008,708421.0
2026-03-23 15:55:00,406.0307,406.2406,404.0417,404.0417,1380513.0
2026-03-24 09:30:00,401.093,404.7913,398.1844,400.9931,1946105.0
2026-03-24 09:35:00,400.8831,402.1625,397.3248,397.6146,1031997.0
2026-03-24 09:40:00,397.7596,397.9845,390.8178,391.5075,1816476.0
2026-03-24 09:45:00,391.3276,393.5365,390.4986,392.0318,1371218.0
2026-03-24 09:50:00,392.0123,394.9258,389.9882,393.3966,1109117.0
2026-03-24 09:55:00,393.3167,399.1839,392.517,397.8645,1167247.0
2026-03-24 10:00:00,397.8745,398.984,396.9351,398.2333,624926.0
2026-03-24 10:05:00,398.1144,399.7037,396.6261,398.6642,614842.0
2026-03-24 10:10:00,398.7191,398.924,393.7236,396.0154,774925.0
2026-03-24 10:15:00,396.1553,397.1048,394.9659,395.8755,506188.0
2026-03-24 10:20:00,395.7725,395.8855,390.8178,392.7519,702795.0
2026-03-24 10:25:00,392.7369,393.4166,391.2776,392.592,612912.0
2026-03-24 10:30:00,392.527,395.4157,391.9773,394.846,656051.0
2026-03-24 10:35:00,394.9059,394.9059,391.4775,391.8024,592608.0
2026-03-24 10:40:00,391.7174,393.6065,391.5076,392.2921,507281.0
2026-03-24 10:45:00,392.5069,395.2158,391.2176,393.8214,870985.0
2026-03-24 10:50:00,393.7065,396.3651,393.2967,395.6656,760917.0
2026-03-24 10:55:00,395.7056,397.3648,392.1572,393.8964,816209.0
2026-03-24 11:00:00,394.0213,395.8155,391.8772,391.9573,501252.0
2026-03-24 11:05:00,392.0073,393.9564,391.6375,393.3916,453082.0
2026-03-24 11:10:00,393.3916,393.8864,392.0672,393.6965,402031.0
2026-03-24 11:15:00,393.6965,394.9159,393.3666,394.5753,414897.0
2026-03-24 11:20:00,394.5111,395.0658,393.5676,394.5811,403516.0
2026-03-24 11:25:00,394.5811,395.9254,393.2767,393.9764,621075.0
2026-03-24 11:30:00,393.9864,394.526,392.557,393.6615,386809.0
2026-03-24 11:35:00,393.6165,394.5061,393.2367,394.1963,238422.0
2026-03-24 11:40:00,394.2162,394.546,392.8269,393.1967,319809.0
2026-03-24 11:45:00,393.1967,393.6366,392.1172,392.612,396690.0
2026-03-24 11:50:00,392.617,395.0159,392.507,394.9359,429592.0
2026-03-24 11:55:00,395.0159,395.0159,392.527,393.2355,364764.0
2026-03-24 12:00:00,393.3067,394.686,392.617,392.9868,288391.0
2026-03-24 12:05:00,393.0168,394.0862,392.617,394.0162,257968.0
2026-03-24 12:10:00,394.0163,394.0763,392.6671,393.0968,250839.0
2026-03-24 12:15:00,393.0668,394.4461,393.0268,394.2612,325121.0
2026-03-24 12:20:00,394.3261,395.0858,393.9963,394.4961,323677.0
2026-03-24 12:25:00,394.5161,394.636,393.4267,393.7665,220441.0
2026-03-24 12:30:00,393.8364,394.786,393.6765,394.5861,185742.0
2026-03-24 12:35:00,394.5561,394.696,393.3866,393.7565,234682.0
2026-03-24 12:40:00,393.7565,395.0657,393.5566,395.0059,195906.0
2026-03-24 12:45:00,394.9909,395.3657,394.4162,394.8809,211420.0
2026-03-24 12:50:00,394.816,394.9144,393.1169,393.5166,244128.0
2026-03-24 12:55:00,393.5466,393.6065,392.1972,392.7119,291164.0
2026-03-24 13:00:00,392.7769,394.0063,392.2272,392.692,285426.0
2026-03-24 13:05:00,392.607,392.677,391.2476,391.3026,425794.0
2026-03-24 13:10:00,391.3026,392.1972,390.8978,391.5325,329561.0
2026-03-24 13:15:00,391.4425,391.7537,389.9084,390.9278,373544.0
2026-03-24 13:20:00,390.9877,391.4075,390.428,390.8178,304570.0
2026-03-24 13:25:00,390.8978,391.5575,390.4281,391.3276,204345.0
2026-03-24 13:30:00,391.4275,391.8274,389.4585,389.8783,564508.0
2026-03-24 13:35:00,389.8783,390.0558,388.7288,389.7183,515016.0
2026-03-24 13:40:00,389.7083,389.8683,388.8687,389.4543,322970.0
2026-03-24 13:45:00,389.3585,390.2581,389.1486,390.0182,281920.0
2026-03-24 13:50:00,389.9982,391.1677,388.8288,390.8378,378428.0
2026-03-24 13:55:00,390.8078,392.4571,390.7479,391.2176,422846.0
2026-03-24 14:00:00,391.2976,392.4771,390.1781,392.4021,338960.0
2026-03-24 14:05:00,392.4021,392.9768,392.1172,392.2479,253206.0
2026-03-24 14:10:00,392.3671,393.0768,392.0173,392.9169,222470.0
2026-03-24 14:15:00,392.9468,393.0167,391.7074,392.567,211890.0
2026-03-24 14:20:00,392.502,392.8269,391.4175,392.0073,177732.0
2026-03-24 14:25:00,392.0023,393.1168,391.7174,392.5921,228942.0
2026-03-24 14:30:00,392.592,393.8964,392.1772,393.5665,280265.0
2026-03-24 14:35:00,393.4766,394.846,393.4066,394.816,275787.0
2026-03-24 14:40:00,394.826,394.826,392.497,393.3067,367115.0
2026-03-24 14:45:00,393.1767,393.5166,392.567,392.9468,203013.0
2026-03-24 14:50:00,393.0168,393.7065,392.7169,393.2417,219950.0
2026-03-24 14:55:00,393.2217,394.656,392.1272,394.3462,344583.0
2026-03-24 15:00:00,394.4062,399.8136,393.5665,394.4561,428546.0
2026-03-24 15:05:00,394.526,394.846,393.9664,394.4067,194775.0
2026-03-24 15:10:00,394.3262,395.2057,394.1763,395.1608,232925.0
2026-03-24 15:15:00,395.1558,397.0849,394.746,396.6251,634807.0
2026-03-24 15:20:00,396.5052,396.945,395.0159,396.6471,414701.0
2026-03-24 15:25:00,396.675,397.4148,395.0658,395.2458,1060066.0
2026-03-24 15:30:00,395.3157,397.4447,394.696,397.0549,504791.0
2026-03-24 15:35:00,397.0449,397.3348,395.9954,396.945,428624.0
2026-03-24 15:40:00,397.0849,397.5846,395.6756,396.0349,462026.0
2026-03-24 15:45:00,395.9954,397.4747,395.4157,397.4148,419819.0
2026-03-24 15:50:00,397.5047,398.2144,396.4052,397.2648,824133.0
2026-03-24 15:55:00,397.2348,397.7145,394.5511,395.4757,1135851.0
2026-03-25 09:30:00,382.8216,383.8211,371.208,377.8239,4552266.0
2026-03-25 09:35:00,377.7739,383.5411,376.2946,382.6416,2534313.0
2026-03-25 09:40:00,382.6366,386.8197,378.8534,379.8829,1996057.0
2026-03-25 09:45:00,379.823,380.3227,377.1042,377.684,1183598.0
2026-03-25 09:50:00,377.4641,377.9937,373.0361,374.3055,1738308.0
2026-03-25 09:55:00,374.3205,381.0124,374.2456,380.7835,1245767.0
2026-03-25 10:00:00,380.7375,384.051,379.0934,382.3368,1091601.0
2026-03-25 10:05:00,382.2318,383.0914,381.0225,382.6216,731870.0
2026-03-25 10:10:00,382.6216,383.1514,380.5326,382.9915,657617.0
2026-03-25 10:15:00,382.9915,386.17,381.3223,386.0201,904005.0
2026-03-25 10:20:00,385.9701,388.7388,385.7652,386.9546,1453827.0
2026-03-25 10:25:00,387.0496,388.4789,382.0617,382.8316,1035405.0
2026-03-25 10:30:00,382.8815,384.1609,380.7525,380.9624,721407.0
2026-03-25 10:35:00,381.0624,383.4713,380.1198,382.6366,920110.0
2026-03-25 10:40:00,382.7516,382.9915,380.3327,381.832,555585.0
2026-03-25 10:45:00,381.8221,382.6216,379.3682,380.0229,743682.0
2026-03-25 10:50:00,379.9445,381.3123,378.5036,378.5735,705582.0
2026-03-25 10:55:00,378.7035,379.3031,377.7039,378.8084,785223.0
2026-03-25 11:00:00,378.8784,378.9434,377.0343,377.579,523669.0
2026-03-25 11:05:00,377.674,378.1937,376.3746,376.4245,642028.0
2026-03-25 11:10:00,376.5145,376.8244,375.385,376.3396,842081.0
2026-03-25 11:15:00,376.3396,377.6739,373.4359,374.5654,1296414.0
2026-03-25 11:20:00,374.3455,377.2441,374.2056,376.8244,649713.0
2026-03-25 11:25:00,376.8343,377.1242,375.2851,377.0343,540508.0
2026-03-25 11:30:00,376.9843,378.1537,376.3246,377.564,570873.0
2026-03-25 11:35:00,377.604,378.1537,375.7249,376.7644,467916.0
2026-03-25 11:40:00,376.6544,378.0238,376.3046,377.9295,463045.0
2026-03-25 11:45:00,377.9638,378.0738,376.4845,377.8339,405735.0
2026-03-25 11:50:00,377.734,379.1633,377.734,378.2437,496911.0
2026-03-25 11:55:00,378.2617,380.3727,378.0438,380.0828,501053.0
2026-03-25 12:00:00,380.1029,380.2028,378.2637,378.9134,382364.0
2026-03-25 12:05:00,379.0133,381.6321,378.1444,381.2723,604439.0
2026-03-25 12:10:00,381.4022,381.7221,380.6226,380.9124,410735.0
2026-03-25 12:15:00,380.8425,381.0124,379.573,380.4777,287651.0
2026-03-25 12:20:00,380.5226,382.0819,380.3227,382.0819,387824.0
2026-03-25 12:25:00,382.0019,382.5217,380.9924,381.2823,400696.0
2026-03-25 12:30:00,381.2914,381.5021,379.4806,380.3777,369567.0
2026-03-25 12:35:00,380.2827,380.2827,379.3832,379.673,267588.0
2026-03-25 12:40:00,379.678,379.8629,378.2338,379.1133,339750.0
2026-03-25 12:45:00,379.0487,379.6229,378.0238,378.5286,297432.0
2026-03-25 12:50:00,378.5286,379.3731,378.1138,379.0883,222030.0
2026-03-25 12:55:00,379.0883,379.6031,378.4636,378.5835,211558.0
2026-03-25 13:00:00,378.5535,379.623,377.1243,377.2142,481557.0
2026-03-25 13:05:00,377.1992,377.8239,376.4245,376.7143,470198.0
2026-03-25 13:10:00,376.5495,378.688,376.2246,378.3736,374350.0
2026-03-25 13:15:00,378.3237,379.3531,378.0038,378.3986,426536.0
2026-03-25 13:20:00,378.3986,379.813,378.2237,379.3682,298495.0
2026-03-25 13:25:00,379.3632,380.7925,379.1033,380.4628,408588.0
2026-03-25 13:30:00,380.4207,381.962,379.4231,381.6121,443797.0
2026-03-25 13:35:00,381.6221,383.3112,381.4822,383.0865,417407.0
2026-03-25 13:40:00,383.0864,384.7107,382.9315,383.4114,691937.0
2026-03-25 13:45:00,383.4113,383.5412,380.8925,381.4022,608453.0
2026-03-25 13:50:00,381.4522,382.0219,380.4327,380.6626,392183.0
2026-03-25 13:55:00,380.6626,382.3218,380.4327,381.5921,321502.0
2026-03-25 14:00:00,381.5422,382.6017,381.3622,381.6971,241596.0
2026-03-25 14:05:00,381.7011,383.3712,381.1223,382.0869,322552.0
2026-03-25 14:10:00,382.0319,383.1214,381.5022,381.777,306085.0
2026-03-25 14:15:00,381.822,382.3818,381.4222,382.1619,303979.0
2026-03-25 14:20:00,382.2068,382.8116,381.9313,382.7216,194991.0
2026-03-25 14:25:00,382.6916,383.1414,381.1766,381.6321,343438.0
2026-03-25 14:30:00,381.6521,382.3518,381.3223,382.0319,194246.0
2026-03-25 14:35:00,382.0219,382.4716,381.7431,382.0419,155730.0
2026-03-25 14:40:00,382.1069,382.6716,381.3422,382.1918,255802.0
2026-03-25 14:45:00,382.0819,382.2218,381.4522,381.952,182609.0
2026-03-25 14:50:00,382.0219,382.2118,380.6326,381.3023,221105.0
2026-03-25 14:55:00,381.2723,381.2823,379.5531,380.0528,342219.0
2026-03-25 15:00:00,380.0429,380.3927,378.8234,379.823,425499.0
2026-03-25 15:05:00,379.723,379.9329,377.7239,378.6835,457353.0
2026-03-25 15:10:00,378.6635,379.6429,377.9938,379.5281,359190.0
2026-03-25 15:15:00,379.633,380.0928,379.0533,379.9369,330235.0
2026-03-25 15:20:00,379.8529,381.2723,379.6031,379.9729,320568.0
2026-03-25 15:25:00,380.0528,380.5926,379.5331,379.658,232282.0
2026-03-25 15:30:00,379.718,380.1528,378.9434,379.4231,319092.0
2026-03-25 15:35:00,379.4917,380.3126,378.9933,380.1278,342827.0
2026-03-25 15:40:00,380.1278,381.1523,380.0628,380.3627,413780.0
2026-03-25 15:45:00,380.3127,381.592,380.1328,381.1723,377555.0
2026-03-25 15:50:00,381.3023,382.8815,381.1623,381.792,768733.0
2026-03-25 15:55:00,381.7321,382.5417,381.2623,381.912,1086056.0
2026-03-26 09:30:00,369.8476,373.9957,364.5201,373.7058,2679894.0
2026-03-26 09:35:00,373.7258,374.0756,368.4583,369.018,1192310.0
2026-03-26 09:40:00,369.02,369.2829,365.0298,368.6232,1366237.0
2026-03-26 09:45:00,368.7581,369.6277,365.5796,365.7039,1058161.0
2026-03-26 09:50:00,365.8994,368.1984,365.2497,367.4287,823170.0
2026-03-26 09:55:00,367.4337,367.5487,362.8309,364.4301,1308504.0
2026-03-26 10:00:00,364.63,365.2997,362.9208,364.0503,1049695.0
2026-03-26 10:05:00,363.9703,365.6396,363.6505,364.635,1016246.0
2026-03-26 10:10:00,364.5701,366.5991,363.5305,366.2657,867345.0
2026-03-26 10:15:00,366.2793,367.7326,365.8795,366.829,727226.0
2026-03-26 10:20:00,366.7871,368.0684,365.9894,367.1489,602652.0
2026-03-26 10:25:00,367.1888,367.3388,364.4701,364.8012,524628.0
2026-03-26 10:30:00,364.8199,366.6715,364.73,366.6091,496136.0
2026-03-26 10:35:00,366.7391,367.3987,365.3797,366.1892,546062.0
2026-03-26 10:40:00,366.0994,367.1689,364.2702,364.62,590233.0
2026-03-26 10:45:00,364.61,365.1197,361.4315,362.3311,1095281.0
2026-03-26 10:50:00,362.3911,362.621,360.8818,360.9667,811511.0
2026-03-26 10:55:00,360.9418,363.6705,360.5419,362.9008,879954.0
2026-03-26 11:00:00,362.8309,364.2002,362.7811,364.0003,500449.0
2026-03-26 11:05:00,363.9703,365.0199,362.8509,363.3306,494324.0
2026-03-26 11:10:00,363.3406,364.1702,362.511,362.606,433422.0
2026-03-26 11:15:00,362.606,363.1807,361.3316,362.2012,587964.0
2026-03-26 11:20:00,362.2012,365.0199,361.9313,364.76,516785.0
2026-03-26 11:25:00,364.74,365.5696,364.2302,365.4024,414931.0
2026-03-26 11:30:00,365.2897,365.4097,363.5605,363.8904,426212.0
2026-03-26 11:35:00,363.8904,364.61,363.4607,364.4751,374249.0
2026-03-26 11:40:00,364.4201,365.4678,364.0603,365.1898,301892.0
2026-03-26 11:45:00,365.2447,367.0788,364.72,366.6041,575346.0
2026-03-26 11:50:00,366.6091,367.2088,365.7195,365.8595,498851.0
2026-03-26 11:55:00,365.8245,366.5591,365.3198,366.3043,376702.0
2026-03-26 12:00:00,366.2993,366.6891,365.5896,366.4342,307560.0
2026-03-26 12:05:00,366.4192,367.2288,365.9894,367.0589,306503.0
2026-03-26 12:10:00,367.0489,367.1689,366.0594,366.819,369514.0
2026-03-26 12:15:00,366.789,366.909,365.0099,365.3997,412674.0
2026-03-26 12:20:00,365.3901,365.4397,363.8304,363.9903,371285.0
2026-03-26 12:25:00,363.9853,364.3602,363.2107,363.4657,406509.0
2026-03-26 12:30:00,363.4757,363.6939,362.1112,362.7147,413819.0
2026-03-26 12:35:00,362.7659,362.9508,361.8313,361.9313,320646.0
2026-03-26 12:40:00,361.9813,362.1312,361.4115,361.9313,359955.0
2026-03-26 12:45:00,361.9313,362.1011,359.9322,360.6269,555569.0
2026-03-26 12:50:00,360.6719,361.6214,358.4729,361.5415,891671.0
2026-03-26 12:55:00,361.5715,361.9173,360.9318,360.9318,328995.0
2026-03-26 13:00:00,360.9268,361.3116,360.1821,360.2271,355569.0
2026-03-26 13:05:00,360.2271,361.2515,359.3625,359.9622,579250.0
2026-03-26 13:10:00,359.8423,360.5419,359.4125,359.8173,317510.0
2026-03-26 13:15:00,359.7773,360.322,359.4195,359.6224,262892.0
2026-03-26 13:20:00,359.6024,359.6649,358.0032,358.6828,587479.0
2026-03-26 13:25:00,358.6778,359.0199,357.4334,358.9527,590578.0
2026-03-26 13:30:00,358.8727,360.1321,358.6828,359.6325,394172.0
2026-03-26 13:35:00,359.6324,359.7623,357.9931,358.303,393257.0
2026-03-26 13:40:00,358.253,358.5615,357.0736,357.1485,405795.0
2026-03-26 13:45:00,357.1485,357.5733,354.9446,355.6795,741068.0
2026-03-26 13:50:00,355.6992,356.044,354.245,354.2949,886784.0
2026-03-26 13:55:00,354.265,355.0345,353.905,354.0949,716930.0
2026-03-26 14:00:00,354.075,355.0745,353.4253,353.6452,704421.0
2026-03-26 14:05:00,353.6402,356.0091,353.5452,355.4044,718055.0
2026-03-26 14:10:00,355.4593,355.7142,354.4648,355.0345,373522.0
2026-03-26 14:15:00,355.0045,355.0344,353.6951,354.1449,457139.0
2026-03-26 14:20:00,354.2148,354.9345,354.085,354.2449,319822.0
2026-03-26 14:25:00,354.2949,354.5747,352.6756,352.7596,453632.0
2026-03-26 14:30:00,352.7256,353.5552,352.6656,352.9905,475449.0
2026-03-26 14:35:00,353.0105,353.2353,351.756,353.1055,646415.0
2026-03-26 14:40:00,353.1704,353.675,352.1459,352.6106,391338.0
2026-03-26 14:45:00,352.5657,353.8051,352.0659,353.7301,429734.0
2026-03-26 14:50:00,353.6951,355.3243,353.3553,355.0769,508630.0
2026-03-26 14:55:00,355.0546,356.2939,354.6147,356.214,484961.0
2026-03-26 15:00:00,356.214,356.5838,355.3544,355.934,568879.0
2026-03-26 15:05:00,355.8141,355.9341,354.2349,354.255,456819.0
2026-03-26 15:10:00,354.3648,354.7571,353.5352,354.6847,435448.0
2026-03-26 15:15:00,354.7146,357.1135,354.4948,357.0852,572275.0
2026-03-26 15:20:00,357.0636,357.1035,355.6306,356.134,513804.0
2026-03-26 15:25:00,356.1376,357.2035,355.8641,357.1235,405355.0
2026-03-26 15:30:00,357.1935,357.6833,355.9941,356.9036,504631.0
2026-03-26 15:35:00,356.9435,357.6333,356.4738,357.4284,537662.0
2026-03-26 15:40:00,357.3934,357.4534,355.5143,356.079,493351.0
2026-03-26 15:45:00,356.079,356.2339,354.5347,355.8641,730274.0
2026-03-26 15:50:00,355.8941,357.3634,355.5343,356.447,931176.0
2026-03-26 15:55:00,356.4488,356.4988,349.8369,355.2644,1425801.0
2026-03-27 09:30:00,359.6923,359.8323,353.8951,357.2934,2135522.0
2026-03-27 09:35:00,357.2935,363.2506,356.3839,362.9608,1791618.0
2026-03-27 09:40:00,362.8209,364.2902,359.5324,362.6409,1445485.0
2026-03-27 09:45:00,362.474,367.1289,362.2013,366.2443,1366880.0
2026-03-27 09:50:00,366.2493,366.7889,359.8323,360.437,1277414.0
2026-03-27 09:55:00,360.3638,360.422,357.5333,359.4325,970689.0
2026-03-27 10:00:00,359.3825,361.4414,358.8327,359.2675,988527.0
2026-03-27 10:05:00,359.2675,361.0016,357.385,359.8723,753516.0
2026-03-27 10:10:00,359.8723,362.8209,359.2326,362.471,772331.0
2026-03-27 10:15:00,362.3661,363.3206,361.6324,363.0608,707769.0
2026-03-27 10:20:00,363.1007,363.2007,360.1221,361.0017,575765.0
2026-03-27 10:25:00,361.0017,361.8612,360.0022,360.7628,372803.0
2026-03-27 10:30:00,360.5719,361.1117,359.3325,360.0822,427755.0
2026-03-27 10:35:00,360.1421,361.0117,358.1731,359.0127,426208.0
2026-03-27 10:40:00,358.9527,361.0717,358.6528,360.3021,478682.0
2026-03-27 10:45:00,360.482,362.8209,359.5324,362.8208,646239.0
2026-03-27 10:50:00,362.8209,364.3352,362.4511,362.8509,683380.0
2026-03-27 10:55:00,362.7909,364.53,362.651,363.6005,448080.0
2026-03-27 11:00:00,363.6305,364.611,363.2332,363.8654,436790.0
2026-03-27 11:05:00,363.8304,365.2597,362.8409,364.4701,619957.0
2026-03-27 11:10:00,364.5301,366.1093,364.1603,364.3202,697145.0
2026-03-27 11:15:00,364.2397,364.9299,362.6709,363.4157,584627.0
2026-03-27 11:20:00,363.4156,366.4892,362.7509,365.1098,574249.0
2026-03-27 11:25:00,365.1298,368.2019,365.0698,367.1289,744070.0
2026-03-27 11:30:00,367.1289,368.5282,366.4492,367.7137,772576.0
2026-03-27 11:35:00,367.7486,368.1684,365.4497,365.7295,559143.0
2026-03-27 11:40:00,365.6246,365.8994,364.4802,365.0698,447371.0
2026-03-27 11:45:00,365.0898,366.749,364.6501,366.6891,527499.0
2026-03-27 11:50:00,366.6391,367.3887,365.6896,366.2593,500081.0
2026-03-27 11:55:00,366.3084,366.9689,365.9595,366.4842,300611.0
2026-03-27 12:00:00,366.4992,367.1009,365.0499,366.6441,411293.0
2026-03-27 12:05:00,366.6441,366.7455,364.6201,364.78,315907.0
2026-03-27 12:10:00,364.75,365.3797,364.3302,365.0049,355947.0
2026-03-27 12:15:00,364.925,364.925,363.6905,364.0903,381658.0
2026-03-27 12:20:00,364.0403,364.3602,363.4306,363.6305,323414.0
2026-03-27 12:25:00,363.6455,364.1702,363.1507,363.6505,299905.0
2026-03-27 12:30:00,363.6405,364.1703,363.1307,363.8304,282720.0
2026-03-27 12:35:00,363.8303,364.0103,362.6596,362.7959,381182.0
2026-03-27 12:40:00,362.7209,364.5201,362.3412,364.2102,448241.0
2026-03-27 12:45:00,364.1003,365.4097,363.9104,365.1998,331496.0
2026-03-27 12:50:00,364.9799,365.3297,364.4501,364.9899,309668.0
2026-03-27 12:55:00,364.8799,364.8799,364.0804,364.3602,186814.0
2026-03-27 13:00:00,364.4301,364.6299,363.1307,363.4301,264248.0
2026-03-27 13:05:00,363.4406,364.71,362.531,363.9404,259406.0
2026-03-27 13:10:00,363.8304,363.9803,363.0808,363.8404,146883.0
2026-03-27 13:15:00,363.8854,364.0203,362.0013,362.3711,315617.0
2026-03-27 13:20:00,362.3011,362.481,360.462,360.6469,438251.0
2026-03-27 13:25:00,360.5419,360.6418,358.183,358.183,753107.0
2026-03-27 13:30:00,358.213,359.6123,358.0331,358.6878,547037.0
2026-03-27 13:35:00,358.6529,359.3125,357.7432,357.8332,414387.0
2026-03-27 13:40:00,357.7882,358.1231,357.0376,357.6533,431672.0
2026-03-27 13:45:00,357.6533,358.9122,357.4534,358.6028,370862.0
2026-03-27 13:50:00,358.5129,359.7023,358.4229,359.6324,336365.0
2026-03-27 13:55:00,359.6324,359.7823,358.363,358.8828,304560.0
2026-03-27 14:00:00,358.9377,359.1926,358.0931,358.253,229680.0
2026-03-27 14:05:00,358.318,358.6828,357.7333,358.373,200741.0
2026-03-27 14:10:00,358.308,359.8323,357.6333,358.5529,191972.0
2026-03-27 14:15:00,358.5529,359.6024,358.0831,359.3625,246804.0
2026-03-27 14:20:00,359.2026,359.4324,357.8332,358.248,251373.0
2026-03-27 14:25:00,358.223,359.2724,358.0231,358.7528,168585.0
2026-03-27 14:30:00,358.7628,359.0319,357.6533,357.9731,177617.0
2026-03-27 14:35:00,357.9981,358.1729,357.1335,357.8932,287544.0
2026-03-27 14:40:00,357.8132,359.2226,357.5333,358.3431,245867.0
2026-03-27 14:45:00,358.4379,359.2126,357.2735,357.3834,249294.0
2026-03-27 14:50:00,357.2235,357.8232,356.5838,356.6488,272427.0
2026-03-27 14:55:00,356.7337,357.1935,356.3939,357.1635,281276.0
2026-03-27 15:00:00,357.0985,357.4634,355.8941,356.159,360326.0
2026-03-27 15:05:00,356.159,356.7437,355.4543,355.8841,336828.0
2026-03-27 15:10:00,355.8641,356.154,355.5044,356.0339,319928.0
2026-03-27 15:15:00,355.9591,357.059,355.2944,356.4888,420571.0
2026-03-27 15:20:00,356.4888,357.5933,356.114,357.3734,365831.0
2026-03-27 15:25:00,357.3,357.3334,355.4143,355.8441,336794.0
2026-03-27 15:30:00,355.8591,356.8237,355.4643,356.7937,290919.0
2026-03-27 15:35:00,356.7937,357.2635,356.434,356.8488,267751.0
2026-03-27 15:40:00,356.8487,357.6233,356.2839,356.8936,370895.0
2026-03-27 15:45:00,356.8936,357.6732,356.7187,357.2385,365729.0
2026-03-27 15:50:00,357.2035,357.7333,356.054,357.0336,537328.0
2026-03-27 15:55:00,357.1035,357.6033,356.134,357.1735,1422147.0
2026-03-30 09:30:00,362.66,362.81,352.64,354.6699,2763639.0
2026-03-30 09:35:00,354.49,355.14,345.15,345.63,2226705.0
2026-03-30 09:40:00,345.579,346.7,342.6,345.03,2122800.0
2026-03-30 09:45:00,344.84,345.6788,342.6,344.4999,1421573.0
2026-03-30 09:50:00,344.3351,346.45,342.81,343.18,1119420.0
2026-03-30 09:55:00,343.32,343.67,340.6101,343.185,1381733.0
2026-03-30 10:00:00,343.13,345.19,342.73,344.39,1065232.0
2026-03-30 10:05:00,344.4746,345.11,342.24,344.54,877239.0
2026-03-30 10:10:00,344.525,347.25,344.03,346.125,977070.0
2026-03-30 10:15:00,346.17,346.5903,343.5766,344.435,675357.0
2026-03-30 10:20:00,344.355,344.88,342.61,343.245,538799.0
2026-03-30 10:25:00,343.27,343.27,339.68,339.825,1025810.0
2026-03-30 10:30:00,339.77,342.04,339.6,339.89,754825.0
2026-03-30 10:35:00,340.12,340.65,337.37,340.12,1153124.0
2026-03-30 10:40:00,340.0954,340.91,338.01,339.37,778364.0
2026-03-30 10:45:00,339.38,341.16,338.5,339.56,956212.0
2026-03-30 10:50:00,339.57,340.0886,337.68,339.73,765304.0
2026-03-30 10:55:00,339.72,340.8755,338.35,340.39,602745.0
2026-03-30 11:00:00,340.395,342.4,340.3,341.0765,803861.0
2026-03-30 11:05:00,341.25,342.2,338.7001,339.48,568229.0
2026-03-30 11:10:00,339.55,340.0,337.45,337.5659,504565.0
2026-03-30 11:15:00,337.44,337.4799,335.72,336.105,937799.0
2026-03-30 11:20:00,336.13,337.37,336.12,337.03,730271.0
2026-03-30 11:25:00,337.0424,339.12,337.0424,337.2418,607141.0
2026-03-30 11:30:00,337.31,339.0,336.73,338.88,597982.0
2026-03-30 11:35:00,338.86,339.43,337.51,337.65,484261.0
2026-03-30 11:40:00,337.6,338.5,337.07,338.015,387358.0
2026-03-30 11:45:00,338.015,338.28,336.63,336.86,943322.0
2026-03-30 11:50:00,336.91,337.3399,335.4315,335.685,651429.0
2026-03-30 11:55:00,335.67,335.725,332.88,333.32,1230502.0
2026-03-30 12:00:00,333.37,333.5399,331.16,331.54,1222861.0
2026-03-30 12:05:00,331.57,332.01,330.03,330.48,1152969.0
2026-03-30 12:10:00,330.42,332.5,330.25,331.77,1120059.0
2026-03-30 12:15:00,331.75,332.92,330.46,332.605,757461.0
2026-03-30 12:20:00,332.605,333.39,330.39,330.74,790533.0
2026-03-30 12:25:00,330.75,331.04,329.29,330.13,901426.0
2026-03-30 12:30:00,330.155,330.64,329.76,329.88,504029.0
2026-03-30 12:35:00,329.915,331.04,329.65,330.602,588231.0
2026-03-30 12:40:00,330.602,331.84,329.98,330.46,583978.0
2026-03-30 12:45:00,330.41,330.8763,329.85,330.48,334431.0
2026-03-30 12:50:00,330.53,330.87,329.65,330.32,514968.0
2026-03-30 12:55:00,330.32,330.5999,329.52,330.03,408386.0
2026-03-30 13:00:00,329.95,330.1199,328.45,328.45,694659.0
2026-03-30 13:05:00,328.45,329.5799,328.25,328.969,586487.0
2026-03-30 13:10:00,328.99,329.1699,327.88,328.405,578314.0
2026-03-30 13:15:00,328.425,329.6365,327.88,329.31,517442.0
2026-03-30 13:20:00,329.25,329.43,326.68,326.85,823517.0
2026-03-30 13:25:00,326.83,327.3635,325.11,325.285,1150321.0
2026-03-30 13:30:00,325.27,326.65,324.78,325.935,885968.0
2026-03-30 13:35:00,325.99,327.73,325.67,327.525,706881.0
2026-03-30 13:40:00,327.58,328.45,327.2074,327.87,583887.0
2026-03-30 13:45:00,327.89,328.89,327.5,328.3357,695316.0
2026-03-30 13:50:00,328.2601,329.1099,327.6,328.135,463211.0
2026-03-30 13:55:00,328.1693,328.6499,327.65,328.295,349091.0
2026-03-30 14:00:00,328.2201,328.538,327.2001,327.35,365159.0
2026-03-30 14:05:00,327.35,327.72,325.98,326.565,550937.0
2026-03-30 14:10:00,326.565,327.82,326.51,327.49,351388.0
2026-03-30 14:15:00,327.49,327.7,326.22,326.77,337221.0
2026-03-30 14:20:00,326.748,327.15,325.83,326.11,332508.0
2026-03-30 14:25:00,326.105,326.36,325.1901,325.465,426040.0
2026-03-30 14:30:00,325.465,325.7084,324.65,325.17,593715.0
2026-03-30 14:35:00,325.16,325.38,324.2,324.345,514433.0
2026-03-30 14:40:00,324.27,325.0,324.02,324.145,445641.0
2026-03-30 14:45:00,324.18,324.869,323.1,323.2499,704607.0
2026-03-30 14:50:00,323.19,324.57,322.72,323.955,751825.0
2026-03-30 14:55:00,323.955,324.35,322.32,322.895,640282.0
2026-03-30 15:00:00,322.95,323.21,321.88,322.25,628718.0
2026-03-30 15:05:00,322.1701,322.445,320.6201,321.38,1648639.0
2026-03-30 15:10:00,321.41,322.11,320.0501,320.705,879159.0
2026-03-30 15:15:00,320.68,321.338,320.36,320.845,715568.0
2026-03-30 15:20:00,320.85,321.65,319.85,320.0401,691229.0
2026-03-30 15:25:00,320.1,320.41,318.85,319.335,1064820.0
2026-03-30 15:30:00,319.3699,321.86,318.4,321.68,1258553.0
2026-03-30 15:35:00,321.76,322.99,320.4,321.85,1412443.0
2026-03-30 15:40:00,321.92,322.7,321.59,322.36,773425.0
2026-03-30 15:45:00,322.35,323.19,321.41,322.69,968508.0
2026-03-30 15:50:00,322.73,323.2,320.5701,322.4503,1397757.0
2026-03-30 15:55:00,322.425,323.3,321.756,321.8,2179163.0
2026-03-31 09:30:00,321.67,325.0,319.0,322.8,3400163.0
2026-03-31 09:35:00,322.9,323.0,314.4,314.4001,2199598.0
2026-03-31 09:40:00,314.5,317.18,311.49,316.72,2980756.0
2026-03-31 09:45:00,316.645,318.99,315.76,318.73,1692919.0
2026-03-31 09:50:00,318.96,320.0,316.16,318.265,1570355.0
2026-03-31 09:55:00,318.2725,327.49,317.68,325.6201,2536602.0
2026-03-31 10:00:00,325.68,328.5999,324.5401,328.095,1955054.0
2026-03-31 10:05:00,328.095,328.2299,325.67,325.81,1281270.0
2026-03-31 10:10:00,325.77,326.42,323.07,324.64,1189622.0
2026-03-31 10:15:00,324.58,329.125,324.0001,327.625,1280545.0
2026-03-31 10:20:00,327.7,328.38,325.76,326.809,919219.0
2026-03-31 10:25:00,326.88,326.88,323.78,324.47,843727.0
2026-03-31 10:30:00,324.55,328.69,324.46,328.0,1132058.0
2026-03-31 10:35:00,327.97,329.42,326.8001,328.25,964779.0
2026-03-31 10:40:00,328.24,329.12,325.21,326.64,953971.0
2026-03-31 10:45:00,326.84,328.8514,324.83,325.38,836888.0
2026-03-31 10:50:00,325.33,325.75,323.19,323.85,748573.0
2026-03-31 10:55:00,323.7501,324.0899,321.76,322.5001,943835.0
2026-03-31 11:00:00,322.57,324.64,322.5001,323.2545,703189.0
2026-03-31 11:05:00,323.25,325.8,321.91,322.3351,851612.0
2026-03-31 11:10:00,322.37,323.98,321.9,323.135,573879.0
2026-03-31 11:15:00,323.23,324.0,322.5,323.06,486407.0
2026-03-31 11:20:00,323.05,324.0099,321.8,323.86,520116.0
2026-03-31 11:25:00,323.83,324.36,322.61,323.7151,484890.0
2026-03-31 11:30:00,323.63,323.86,321.8,322.385,418533.0
2026-03-31 11:35:00,322.35,323.18,320.23,320.38,694084.0
2026-03-31 11:40:00,320.435,320.92,318.88,319.105,729329.0
2026-03-31 11:45:00,319.0301,319.04,316.7,316.995,1000611.0
2026-03-31 11:50:00,316.995,320.15,316.55,319.07,892261.0
2026-03-31 11:55:00,319.225,319.44,317.79,318.7,399375.0
2026-03-31 12:00:00,318.6,321.45,318.55,320.93,615046.0
2026-03-31 12:05:00,320.915,323.39,320.6498,323.12,682291.0
2026-03-31 12:10:00,323.13,324.25,322.4001,323.86,490969.0
2026-03-31 12:15:00,323.8887,324.2799,323.0,323.15,539327.0
2026-03-31 12:20:00,323.14,324.3999,322.81,324.03,407743.0
2026-03-31 12:25:00,323.99,324.15,322.66,323.3801,251882.0
2026-03-31 12:30:00,323.55,323.92,323.0,323.71,196813.0
2026-03-31 12:35:00,323.73,326.615,323.2,326.56,602700.0
2026-03-31 12:40:00,326.56,332.2799,326.52,331.31,1472601.0
2026-03-31 12:45:00,331.41,333.06,328.38,330.16,1366015.0
2026-03-31 12:50:00,330.08,331.5,328.58,330.375,734618.0
2026-03-31 12:55:00,330.33,330.54,328.01,328.21,576683.0
2026-03-31 13:00:00,328.21,331.405,327.3701,330.865,863248.0
2026-03-31 13:05:00,330.65,331.03,328.85,329.3276,737440.0
2026-03-31 13:10:00,329.27,331.0,329.01,330.8,510684.0
2026-03-31 13:15:00,330.9399,331.38,330.01,330.97,507768.0
2026-03-31 13:20:00,330.97,331.06,329.86,329.915,374507.0
2026-03-31 13:25:00,329.87,330.0299,328.06,328.335,566980.0
2026-03-31 13:30:00,328.24,329.69,328.2101,328.67,337061.0
2026-03-31 13:35:00,328.705,329.839,327.025,328.36,535961.0
2026-03-31 13:40:00,328.36,329.22,327.62,328.2,289753.0
2026-03-31 13:45:00,328.07,328.265,327.29,327.525,352217.0
2026-03-31 13:50:00,327.525,327.61,326.27,326.62,518659.0
2026-03-31 13:55:00,326.61,326.81,324.4,324.69,567094.0
2026-03-31 14:00:00,324.67,326.49,323.85,324.87,624056.0
2026-03-31 14:05:00,324.9,326.84,324.72,326.26,424533.0
2026-03-31 14:10:00,326.25,326.99,325.15,326.74,297532.0
2026-03-31 14:15:00,326.7764,328.42,326.58,327.46,489042.0
2026-03-31 14:20:00,327.445,327.9,326.98,327.01,252597.0
2026-03-31 14:25:00,327.045,328.3099,326.6001,328.245,304715.0
2026-03-31 14:30:00,328.245,328.4199,327.07,327.759,249899.0
2026-03-31 14:35:00,327.67,329.49,327.49,328.7,363636.0
2026-03-31 14:40:00,328.73,330.2,328.4,329.5801,581695.0
2026-03-31 14:45:00,329.74,331.1434,329.5401,330.56,393606.0
2026-03-31 14:50:00,330.61,331.75,330.3401,331.3801,454501.0
2026-03-31 14:55:00,331.44,332.8,331.4,332.42,497392.0
2026-03-31 15:00:00,332.38,334.1,332.36,333.3,813197.0
2026-03-31 15:05:00,333.28,333.66,331.29,332.1322,671616.0
2026-03-31 15:10:00,332.11,333.99,332.11,333.835,497888.0
2026-03-31 15:15:00,333.8,335.33,333.7001,334.69,753867.0
2026-03-31 15:20:00,334.74,336.575,334.43,336.07,857703.0
2026-03-31 15:25:00,336.1,336.98,335.87,336.05,738887.0
2026-03-31 15:30:00,336.1,336.18,334.89,335.76,643463.0
2026-03-31 15:35:00,335.72,336.855,335.5,336.6501,525865.0
2026-03-31 15:40:00,336.65,336.88,335.0,335.215,708242.0
2026-03-31 15:45:00,335.22,336.4,334.66,335.7701,708441.0
2026-03-31 15:50:00,335.83,336.949,335.0,336.575,1098337.0
2026-03-31 15:55:00,336.7,337.83,336.12,337.615,1923775.0
