datetime,open,high,low,close,volume
2026-03-02 09:30:00,175.0006,179.2604,174.6306,179.0304,12053432.0
2026-03-02 09:35:00,179.0405,179.9103,178.5404,179.0824,7011122.0
2026-03-02 09:40:00,179.0804,180.0602,178.7954,179.5703,5899702.0
2026-03-02 09:45:00,179.5703,180.1403,179.1204,180.0305,4342511.0
2026-03-02 09:50:00,180.0204,180.0943,178.892,179.4904,4183956.0
2026-03-02 09:55:00,179.5004,179.8403,179.2704,179.6903,2619320.0
2026-03-02 10:00:00,179.6803,180.0103,179.0404,179.9503,2912526.0
2026-03-02 10:05:00,179.9603,180.6198,179.8503,180.3992,4231350.0
2026-03-02 10:10:00,180.3903,180.9603,180.3174,180.6788,3246979.0
2026-03-02 10:15:00,180.6803,181.1403,180.4503,180.9803,3537603.0
2026-03-02 10:20:00,180.9853,181.2803,180.2953,181.2103,3579339.0
2026-03-02 10:25:00,181.2303,181.3703,180.2603,180.4903,2661814.0
2026-03-02 10:30:00,180.4803,180.8603,180.0003,180.5603,2575603.0
2026-03-02 10:35:00,180.5703,180.8803,180.0753,180.6758,2303079.0
2026-03-02 10:40:00,180.6703,181.3503,180.4503,181.0994,3253795.0
2026-03-02 10:45:00,181.0903,181.3203,180.9703,181.1003,1946764.0
2026-03-02 10:50:00,181.1103,181.3203,180.3703,180.6303,2223266.0
2026-03-02 10:55:00,180.6203,181.1403,180.5153,180.6603,2094211.0
2026-03-02 11:00:00,180.6703,180.6903,180.0953,180.3203,2094411.0
2026-03-02 11:05:00,180.331,181.1103,180.2803,181.0703,1900290.0
2026-03-02 11:10:00,181.0503,181.2102,180.8603,181.1003,2045831.0
2026-03-02 11:15:00,181.1003,181.7102,180.8303,181.4502,2601449.0
2026-03-02 11:20:00,181.4302,181.8002,181.1053,181.5252,2518023.0
2026-03-02 11:25:00,181.5002,181.5552,180.6453,180.9103,2656690.0
2026-03-02 11:30:00,180.9103,181.3103,180.8303,181.2453,1768370.0
2026-03-02 11:35:00,181.2556,181.9202,181.1103,181.8702,1807866.0
2026-03-02 11:40:00,181.8702,182.6752,181.8652,182.6252,2972540.0
2026-03-02 11:45:00,182.6252,183.1702,182.5902,182.9552,3385980.0
2026-03-02 11:50:00,182.9802,183.0102,182.5402,182.7001,2463481.0
2026-03-02 11:55:00,182.6952,182.9902,182.5543,182.6202,1770791.0
2026-03-02 12:00:00,182.6164,182.6301,182.2502,182.3402,1433148.0
2026-03-02 12:05:00,182.3282,182.4902,182.1602,182.4452,1721319.0
2026-03-02 12:10:00,182.4352,182.5402,182.1702,182.4702,1200121.0
2026-03-02 12:15:00,182.4802,183.2202,182.4703,182.9002,1788969.0
2026-03-02 12:20:00,182.9102,183.4501,182.8902,183.2951,1855481.0
2026-03-02 12:25:00,183.2951,183.3271,183.0402,183.0502,1447566.0
2026-03-02 12:30:00,183.0452,183.0462,182.5002,182.5572,1625012.0
2026-03-02 12:35:00,182.5602,182.6752,182.2602,182.3632,1753970.0
2026-03-02 12:40:00,182.3652,182.5702,182.2502,182.4752,1354549.0
2026-03-02 12:45:00,182.4802,182.7602,182.3902,182.7252,1495746.0
2026-03-02 12:50:00,182.7203,182.8302,182.4302,182.6499,1390692.0
2026-03-02 12:55:00,182.6502,182.8001,182.5002,182.6952,971433.0
2026-03-02 13:00:00,182.7002,182.8302,182.5902,182.8302,793119.0
2026-03-02 13:05:00,182.8402,182.9302,182.6502,182.6652,797627.0
2026-03-02 13:10:00,182.6602,182.6702,182.4002,182.5652,944935.0
2026-03-02 13:15:00,182.5602,182.8302,180.2508,182.6952,815708.0
2026-03-02 13:20:00,182.6912,182.7802,182.3902,182.4039,880583.0
2026-03-02 13:25:00,182.4002,182.5602,182.2002,182.4353,1018307.0
2026-03-02 13:30:00,182.4402,182.4702,182.1702,182.2649,1176725.0
2026-03-02 13:35:00,182.2552,182.5452,182.0902,182.1852,1372560.0
2026-03-02 13:40:00,182.1902,182.5802,182.1402,182.4252,1232281.0
2026-03-02 13:45:00,182.4252,182.4302,182.0902,182.2802,1403830.0
2026-03-02 13:50:00,182.2852,182.4002,182.1102,182.2502,1151228.0
2026-03-02 13:55:00,182.2552,182.3102,182.0342,182.0552,1017264.0
2026-03-02 14:00:00,182.0602,182.2302,181.9402,182.1252,1578400.0
2026-03-02 14:05:00,182.1202,182.4602,182.0402,182.4302,1028466.0
2026-03-02 14:10:00,182.4152,182.7002,182.2602,182.6102,1463466.0
2026-03-02 14:15:00,182.6201,182.8602,182.6002,182.7002,1477678.0
2026-03-02 14:20:00,182.7002,182.9002,182.5302,182.5752,1127381.0
2026-03-02 14:25:00,182.5703,182.7102,182.3702,182.6352,1195105.0
2026-03-02 14:30:00,182.6352,182.7102,182.4352,182.5502,1037586.0
2026-03-02 14:35:00,182.5402,182.7602,182.4502,182.6102,919605.0
2026-03-02 14:40:00,182.6131,182.8902,182.6052,182.6452,896149.0
2026-03-02 14:45:00,182.6452,182.8602,182.6202,182.8599,882573.0
2026-03-02 14:50:00,182.8552,183.0402,182.6702,183.0052,1361770.0
2026-03-02 14:55:00,183.0102,183.0102,182.7252,182.7975,895055.0
2026-03-02 15:00:00,182.8002,182.8252,182.4502,182.7192,1340487.0
2026-03-02 15:05:00,182.7252,182.8402,181.8902,182.0302,2196492.0
2026-03-02 15:10:00,182.0402,182.0402,181.6352,181.8202,2112167.0
2026-03-02 15:15:00,181.8102,182.5302,181.6503,182.3652,2108488.0
2026-03-02 15:20:00,182.3702,182.5402,182.1202,182.2652,1469941.0
2026-03-02 15:25:00,182.2602,182.3902,182.0302,182.1402,1189975.0
2026-03-02 15:30:00,182.1502,182.4252,182.0252,182.3802,1247887.0
2026-03-02 15:35:00,182.3802,182.4073,181.9802,182.3302,1639790.0
2026-03-02 15:40:00,182.3252,182.4002,182.0052,182.2202,1392449.0
2026-03-02 15:45:00,182.2102,182.4702,182.0502,182.2602,1926423.0
2026-03-02 15:50:00,182.2702,182.8202,182.0502,182.8152,2669341.0
2026-03-02 15:55:00,182.8152,182.8201,182.3402,182.3402,6962096.0
2026-03-03 09:30:00,178.4804,180.5203,177.9804,178.0604,8600982.0
2026-03-03 09:35:00,178.0504,180.0903,178.0304,179.2304,5280515.0
2026-03-03 09:40:00,179.2305,179.3804,178.3104,178.4354,3227610.0
2026-03-03 09:45:00,178.4104,179.3154,178.2354,178.8604,3252737.0
2026-03-03 09:50:00,178.8654,179.6603,178.6404,178.9655,2918427.0
2026-03-03 09:55:00,178.9954,179.1217,178.4604,178.8304,2340305.0
2026-03-03 10:00:00,178.8304,179.7703,178.7304,178.9904,2658604.0
2026-03-03 10:05:00,178.9804,179.7204,178.6304,179.6005,2729043.0
2026-03-03 10:10:00,179.6203,180.0303,179.2004,179.9003,3097762.0
2026-03-03 10:15:00,179.9103,180.0003,178.5704,178.7354,2515058.0
2026-03-03 10:20:00,178.7254,178.7905,177.8603,178.2054,3523028.0
2026-03-03 10:25:00,178.2004,178.3553,177.7104,177.7604,2877832.0
2026-03-03 10:30:00,177.7504,178.7304,177.6105,177.6704,3068981.0
2026-03-03 10:35:00,177.6854,178.3154,177.6505,178.0754,2340131.0
2026-03-03 10:40:00,178.0754,178.2954,177.1905,177.3505,2717928.0
2026-03-03 10:45:00,177.3255,177.9305,177.2505,177.4171,1927742.0
2026-03-03 10:50:00,177.4055,177.7904,176.9305,176.9525,2549441.0
2026-03-03 10:55:00,176.9605,177.6105,176.9105,177.5076,2644983.0
2026-03-03 11:00:00,177.5006,178.9104,177.3805,178.8954,3516570.0
2026-03-03 11:05:00,178.8905,179.9953,178.8704,179.5403,4557249.0
2026-03-03 11:10:00,179.5453,179.7903,179.0854,179.5603,2418551.0
2026-03-03 11:15:00,179.5673,179.9403,179.4504,179.6348,1917430.0
2026-03-03 11:20:00,179.6503,179.8403,179.1505,179.7503,1993641.0
2026-03-03 11:25:00,179.7603,179.8303,179.2904,179.3054,1585341.0
2026-03-03 11:30:00,179.3054,179.5503,178.9304,179.4704,1905069.0
2026-03-03 11:35:00,179.4805,179.7853,179.2404,179.4803,1557274.0
2026-03-03 11:40:00,179.4704,179.8303,179.0554,179.8203,1658305.0
2026-03-03 11:45:00,179.8203,180.5203,179.7403,180.2203,2420968.0
2026-03-03 11:50:00,180.2253,180.3454,179.9403,180.3424,1430035.0
2026-03-03 11:55:00,180.3453,180.6403,179.9753,180.0253,2198230.0
2026-03-03 12:00:00,180.0403,180.2353,179.6303,180.1303,1768733.0
2026-03-03 12:05:00,180.1303,180.1703,179.6703,179.7266,1425890.0
2026-03-03 12:10:00,179.7303,179.8103,179.3304,179.7953,1381448.0
2026-03-03 12:15:00,179.8003,179.9803,179.5403,179.9103,1060163.0
2026-03-03 12:20:00,179.9253,179.9503,179.4904,179.9403,1205218.0
2026-03-03 12:25:00,179.9403,180.2103,179.7903,180.0953,1290721.0
2026-03-03 12:30:00,180.0903,180.1253,179.0504,179.1404,1466820.0
2026-03-03 12:35:00,179.1454,179.3904,178.9704,179.0904,1450080.0
2026-03-03 12:40:00,179.0954,179.8403,179.0704,179.8353,1298044.0
2026-03-03 12:45:00,179.8303,180.0203,179.6403,179.9853,1177316.0
2026-03-03 12:50:00,179.9803,180.0403,179.5503,179.6453,1062234.0
2026-03-03 12:55:00,179.6503,179.7503,179.4904,179.5803,799845.0
2026-03-03 13:00:00,179.5703,180.1803,179.5553,180.0303,1402997.0
2026-03-03 13:05:00,180.0303,180.1403,179.7603,179.9803,942422.0
2026-03-03 13:10:00,179.9803,180.0303,179.4404,179.6653,1059384.0
2026-03-03 13:15:00,179.6753,179.9363,179.5453,179.9133,1000087.0
2026-03-03 13:20:00,179.9203,180.4003,179.9003,180.3203,1543866.0
2026-03-03 13:25:00,180.3203,180.3603,180.0803,180.1603,1146295.0
2026-03-03 13:30:00,180.1603,180.4803,180.0003,180.3703,1113400.0
2026-03-03 13:35:00,180.3703,180.5803,180.2103,180.5632,1293280.0
2026-03-03 13:40:00,180.5603,180.8903,180.4703,180.5606,1503373.0
2026-03-03 13:45:00,180.5903,180.5903,180.2103,180.5303,1215214.0
2026-03-03 13:50:00,180.5253,180.8003,180.4303,180.5203,1098279.0
2026-03-03 13:55:00,180.5203,180.6402,180.3103,180.5053,902536.0
2026-03-03 14:00:00,180.5053,180.624,180.0303,180.1803,1240541.0
2026-03-03 14:05:00,180.1803,180.2703,179.7003,179.7653,1310416.0
2026-03-03 14:10:00,179.7703,180.0603,179.6653,180.0003,942975.0
2026-03-03 14:15:00,180.0103,180.3003,179.8003,179.9102,984540.0
2026-03-03 14:20:00,179.9103,180.0703,179.6453,179.6653,990759.0
2026-03-03 14:25:00,179.6603,179.7232,179.4304,179.5403,1099316.0
2026-03-03 14:30:00,179.5503,179.6903,179.2154,179.2704,1230505.0
2026-03-03 14:35:00,179.2604,180.1253,179.1404,179.8503,3066799.0
2026-03-03 14:40:00,179.8653,180.4803,179.7604,180.4303,1635231.0
2026-03-03 14:45:00,180.4335,180.8603,180.4335,180.6304,1629544.0
2026-03-03 14:50:00,180.6353,180.6903,179.8303,180.0653,1461335.0
2026-03-03 14:55:00,180.0803,180.1453,179.8903,180.0503,1032664.0
2026-03-03 15:00:00,180.0603,180.2303,179.7603,179.9653,1100367.0
2026-03-03 15:05:00,179.9753,180.1003,179.7503,180.0203,1077134.0
2026-03-03 15:10:00,180.0153,180.1003,179.6404,179.6453,1108678.0
2026-03-03 15:15:00,179.6403,179.8003,179.4904,179.7103,1167897.0
2026-03-03 15:20:00,179.7103,180.0373,179.7003,179.9003,1196185.0
2026-03-03 15:25:00,179.9032,180.2253,179.6253,180.1953,1339378.0
2026-03-03 15:30:00,180.1903,180.4303,180.1553,180.2353,1521349.0
2026-03-03 15:35:00,180.2403,180.5553,180.0503,180.1203,1767382.0
2026-03-03 15:40:00,180.1203,180.3053,179.9603,180.2453,1417657.0
2026-03-03 15:45:00,180.2304,180.3304,179.9603,180.1153,1363079.0
2026-03-03 15:50:00,180.1103,180.3503,179.8903,180.2203,2582579.0
2026-03-03 15:55:00,180.2103,180.3103,179.9003,180.0403,3518770.0
2026-03-04 09:30:00,180.4303,182.2402,180.0503,182.1802,8833838.0
2026-03-04 09:35:00,182.1752,182.3202,181.1603,181.2193,3982698.0
2026-03-04 09:40:00,181.2303,181.6302,180.7703,181.5803,3249775.0
2026-03-04 09:45:00,181.5702,182.9502,181.2403,182.5952,4119309.0
2026-03-04 09:50:00,182.6302,182.7302,181.8302,181.8902,3073024.0
2026-03-04 09:55:00,181.8902,182.0102,180.5703,180.9603,3476550.0
2026-03-04 10:00:00,180.9703,181.81,180.9403,181.1403,3236934.0
2026-03-04 10:05:00,181.1703,182.0602,181.0153,181.9202,2778325.0
2026-03-04 10:10:00,181.9302,182.9052,181.8602,182.1602,3237870.0
2026-03-04 10:15:00,182.1702,182.5501,181.9902,182.4252,2102354.0
2026-03-04 10:20:00,182.4202,182.9202,182.2902,182.8878,2073073.0
2026-03-04 10:25:00,182.8798,183.5401,182.7602,183.4601,3156985.0
2026-03-04 10:30:00,183.4651,183.6301,182.8852,182.9352,2607375.0
2026-03-04 10:35:00,182.9352,183.0402,182.4102,182.4402,2000003.0
2026-03-04 10:40:00,182.4502,182.7102,182.3002,182.5702,1703468.0
2026-03-04 10:45:00,182.5602,182.6152,182.1502,182.4604,1749156.0
2026-03-04 10:50:00,182.4602,182.6702,182.1602,182.5102,1768339.0
2026-03-04 10:55:00,182.4902,183.0602,182.4252,182.7903,2028796.0
2026-03-04 11:00:00,182.8102,183.3301,182.6402,183.0302,1713476.0
2026-03-04 11:05:00,183.0402,183.1002,182.4712,182.5252,1713045.0
2026-03-04 11:10:00,182.5302,182.5802,181.7902,181.9602,2111037.0
2026-03-04 11:15:00,181.9602,182.3402,181.9002,182.0302,1660481.0
2026-03-04 11:20:00,182.0102,182.4102,181.9403,182.0352,1580862.0
2026-03-04 11:25:00,182.0376,182.7102,181.9002,182.3902,1639067.0
2026-03-04 11:30:00,182.3902,182.7564,182.311,182.6877,1107551.0
2026-03-04 11:35:00,182.7002,182.9501,182.3502,182.6102,1514828.0
2026-03-04 11:40:00,182.6152,183.1352,182.5602,183.0002,1615107.0
2026-03-04 11:45:00,183.0102,183.1102,182.8002,182.8402,1085424.0
2026-03-04 11:50:00,182.8402,183.0502,182.6902,182.9152,1202630.0
2026-03-04 11:55:00,182.9202,183.0202,182.6102,182.6801,1004465.0
2026-03-04 12:00:00,182.6902,182.9502,182.6002,182.8102,1049025.0
2026-03-04 12:05:00,182.8202,183.1102,182.7602,182.8052,1736703.0
2026-03-04 12:10:00,182.8002,182.9152,182.6402,182.6801,953867.0
2026-03-04 12:15:00,182.6703,182.6852,182.4702,182.5216,1056444.0
2026-03-04 12:20:00,182.5252,182.6501,182.4002,182.6501,1093177.0
2026-03-04 12:25:00,182.6402,182.7802,182.4302,182.4802,1102681.0
2026-03-04 12:30:00,182.4802,182.6202,182.1802,182.5002,1208066.0
2026-03-04 12:35:00,182.5102,182.8502,182.5052,182.8252,1061211.0
2026-03-04 12:40:00,182.8203,183.2002,182.8203,182.8702,1867109.0
2026-03-04 12:45:00,182.8702,183.1702,182.8352,183.0902,984053.0
2026-03-04 12:50:00,183.1002,183.3501,183.0202,183.1903,1220882.0
2026-03-04 12:55:00,183.1902,183.2651,182.8902,182.9802,1027537.0
2026-03-04 13:00:00,182.9802,183.0802,182.8202,182.8702,725374.0
2026-03-04 13:05:00,182.8652,183.1206,182.7952,182.9552,850136.0
2026-03-04 13:10:00,182.9602,183.1202,182.8902,182.9402,659840.0
2026-03-04 13:15:00,182.9352,183.0402,182.7602,182.7702,844469.0
2026-03-04 13:20:00,182.7702,182.8302,182.5702,182.594,979027.0
2026-03-04 13:25:00,182.5952,183.0502,182.3752,183.0401,1612599.0
2026-03-04 13:30:00,183.0302,183.6201,182.9602,183.2551,2352037.0
2026-03-04 13:35:00,183.2551,183.3501,183.1102,183.1652,1295153.0
2026-03-04 13:40:00,183.1702,184.0801,183.1402,183.8151,2919395.0
2026-03-04 13:45:00,183.8101,183.9701,183.5201,183.9028,1921344.0
2026-03-04 13:50:00,183.9001,184.6101,183.8301,184.3401,2852574.0
2026-03-04 13:55:00,184.3451,184.5351,184.1601,184.5101,2346332.0
2026-03-04 14:00:00,184.5201,184.6901,184.3601,184.47,1768531.0
2026-03-04 14:05:00,184.4551,184.5601,184.0701,184.1802,1482619.0
2026-03-04 14:10:00,184.1895,184.3301,184.1201,184.1401,970835.0
2026-03-04 14:15:00,184.1351,184.6301,184.1201,184.5701,1458930.0
2026-03-04 14:20:00,184.5604,184.6401,184.2201,184.4052,1185652.0
2026-03-04 14:25:00,184.4001,184.5251,184.0901,184.2951,1342186.0
2026-03-04 14:30:00,184.2951,184.3301,183.8301,183.9651,1447350.0
2026-03-04 14:35:00,183.9601,184.0401,183.8901,183.9663,1070361.0
2026-03-04 14:40:00,183.9651,184.0401,183.7001,183.7701,1152972.0
2026-03-04 14:45:00,183.7601,183.8601,183.5401,183.8051,1143886.0
2026-03-04 14:50:00,183.8051,183.9401,183.6602,183.9151,1121111.0
2026-03-04 14:55:00,183.9201,184.0501,183.6701,183.8151,1689871.0
2026-03-04 15:00:00,183.8101,183.8501,183.4101,183.4651,1270382.0
2026-03-04 15:05:00,183.4701,183.6451,183.3601,183.5501,1213277.0
2026-03-04 15:10:00,183.5601,183.5601,183.1902,183.3099,1304777.0
2026-03-04 15:15:00,183.3101,183.3201,183.0802,183.1902,1954460.0
2026-03-04 15:20:00,183.1952,183.26,182.6602,182.6902,1770025.0
2026-03-04 15:25:00,182.6902,183.1602,182.5902,183.0602,2052122.0
2026-03-04 15:30:00,183.0652,183.0702,182.6702,182.7152,1797269.0
2026-03-04 15:35:00,182.7102,183.0802,182.6702,182.9502,1682238.0
2026-03-04 15:40:00,182.9502,183.3001,182.8902,183.0652,1634299.0
2026-03-04 15:45:00,183.0602,183.2002,182.8802,183.0852,2666302.0
2026-03-04 15:50:00,183.0802,183.1802,182.5902,183.0552,3321675.0
2026-03-04 15:55:00,183.0402,183.3301,182.8902,182.8902,6352779.0
2026-03-05 09:30:00,181.1603,181.9102,180.7903,181.7202,6039200.0
2026-03-05 09:35:00,181.7103,182.4502,181.2653,181.4602,4213088.0
2026-03-05 09:40:00,181.4496,181.6738,180.9903,181.0803,3348616.0
2026-03-05 09:45:00,181.0903,182.3502,180.8903,181.8202,3689149.0
2026-03-05 09:50:00,181.8152,182.5301,181.6402,182.2453,2621182.0
2026-03-05 09:55:00,182.2302,182.7902,181.9802,182.4527,2303316.0
2026-03-05 10:00:00,182.4502,182.7802,182.0402,182.0925,2213611.0
2026-03-05 10:05:00,182.0952,182.2502,181.8002,182.1202,1982697.0
2026-03-05 10:10:00,182.1202,182.6452,182.1002,182.5752,2704342.0
2026-03-05 10:15:00,182.5802,182.6902,182.1802,182.5102,2263108.0
2026-03-05 10:20:00,182.5102,182.6052,181.9902,182.0099,2001353.0
2026-03-05 10:25:00,182.0002,182.0602,181.4352,181.6852,2329788.0
2026-03-05 10:30:00,181.6902,181.6989,180.8403,181.5352,2941502.0
2026-03-05 10:35:00,181.5302,182.2602,181.3802,182.223,2232699.0
2026-03-05 10:40:00,182.2302,182.7502,182.2002,182.4872,2559589.0
2026-03-05 10:45:00,182.4902,183.0702,182.3228,183.0202,2477674.0
2026-03-05 10:50:00,183.0202,183.8101,182.9002,183.5701,2916824.0
2026-03-05 10:55:00,183.5751,183.9101,183.3901,183.9101,2234866.0
2026-03-05 11:00:00,183.9001,184.0301,183.5302,183.6251,2407570.0
2026-03-05 11:05:00,183.6201,184.0501,183.2003,183.2801,2194573.0
2026-03-05 11:10:00,183.2801,183.7401,183.0102,183.4401,2148705.0
2026-03-05 11:15:00,183.44,183.6101,183.0002,183.0202,1572636.0
2026-03-05 11:20:00,183.0152,183.3401,182.8602,183.0552,1766262.0
2026-03-05 11:25:00,183.0502,183.3901,182.7102,182.7702,1413171.0
2026-03-05 11:30:00,182.7902,183.6601,182.7602,183.4007,1820687.0
2026-03-05 11:35:00,183.4063,183.5351,183.0602,183.2102,1561871.0
2026-03-05 11:40:00,183.2302,183.441,182.8852,183.0302,1184937.0
2026-03-05 11:45:00,183.0402,183.4151,182.9402,182.9687,983416.0
2026-03-05 11:50:00,182.9902,183.2101,182.8702,183.1347,916957.0
2026-03-05 11:55:00,183.1352,183.3801,182.9552,183.0102,1236051.0
2026-03-05 12:00:00,183.0102,183.6401,182.9002,183.6101,1164589.0
2026-03-05 12:05:00,183.6001,183.8201,183.0402,183.0402,1275649.0
2026-03-05 12:10:00,183.0352,183.0402,182.5352,182.8052,1621437.0
2026-03-05 12:15:00,182.801,182.8102,181.8552,181.9802,1764820.0
2026-03-05 12:20:00,181.9802,182.1502,181.7432,182.0352,1348805.0
2026-03-05 12:25:00,182.0252,182.2302,181.0503,181.0603,2753514.0
2026-03-05 12:30:00,181.0603,181.2103,179.7203,180.1503,5787940.0
2026-03-05 12:35:00,180.1503,180.5203,179.4904,179.6203,4186518.0
2026-03-05 12:40:00,179.6103,179.8603,179.1954,179.3504,2829696.0
2026-03-05 12:45:00,179.3404,179.4504,178.2704,178.3404,4056454.0
2026-03-05 12:50:00,178.3504,178.8804,177.8704,178.3204,4087808.0
2026-03-05 12:55:00,178.3204,178.7404,178.0704,178.6804,2669493.0
2026-03-05 13:00:00,178.6604,179.1804,178.6354,179.1104,2698656.0
2026-03-05 13:05:00,179.1104,179.9003,179.0104,179.7503,2630701.0
2026-03-05 13:10:00,179.7203,179.9153,179.3104,179.8203,2543256.0
2026-03-05 13:15:00,179.8203,180.1103,179.0204,179.1154,2108936.0
2026-03-05 13:20:00,179.1204,179.6703,179.0804,179.5197,1507597.0
2026-03-05 13:25:00,179.5154,179.6265,178.7604,178.8703,1697397.0
2026-03-05 13:30:00,178.8604,179.4604,178.7904,179.3654,1465943.0
2026-03-05 13:35:00,179.3654,179.8453,179.1804,179.7203,1446559.0
2026-03-05 13:40:00,179.7253,180.1803,179.6203,179.9303,1764342.0
2026-03-05 13:45:00,179.9203,180.0553,179.6003,179.8853,1500927.0
2026-03-05 13:50:00,179.8903,179.9203,179.4104,179.4714,1136981.0
2026-03-05 13:55:00,179.4704,180.0303,179.4604,179.9653,1043232.0
2026-03-05 14:00:00,179.9603,180.3861,179.8626,180.2853,1631566.0
2026-03-05 14:05:00,180.2603,180.6003,180.1303,180.5703,2001495.0
2026-03-05 14:10:00,180.5803,180.7903,180.3903,180.7203,1211365.0
2026-03-05 14:15:00,180.7203,180.8503,180.5353,180.8203,1451847.0
2026-03-05 14:20:00,180.8403,181.0103,180.4304,180.7203,1942658.0
2026-03-05 14:25:00,180.7153,180.8203,180.2803,180.7203,1375764.0
2026-03-05 14:30:00,180.7203,180.7203,180.1003,180.1703,1400780.0
2026-03-05 14:35:00,180.1753,180.3253,179.8803,180.1753,1468601.0
2026-03-05 14:40:00,180.1703,180.5703,180.1203,180.4201,2199129.0
2026-03-05 14:45:00,180.4004,180.8503,180.3103,180.7703,1132670.0
2026-03-05 14:50:00,180.7802,180.8803,180.1568,180.1753,1388882.0
2026-03-05 14:55:00,180.1703,180.7103,180.0803,180.5603,1149621.0
2026-03-05 15:00:00,180.5703,181.1903,180.4003,181.1053,1549346.0
2026-03-05 15:05:00,181.0903,181.5201,180.6703,181.4702,2242909.0
2026-03-05 15:10:00,181.4902,181.8702,181.4502,181.6102,2010424.0
2026-03-05 15:15:00,181.6202,182.1308,181.5402,181.9103,1938231.0
2026-03-05 15:20:00,181.9102,182.18,181.7602,182.1252,1475057.0
2026-03-05 15:25:00,182.1252,182.3802,181.8402,181.8652,2111216.0
2026-03-05 15:30:00,181.8702,182.3002,181.6903,182.254,3129594.0
2026-03-05 15:35:00,182.2502,182.4502,182.1702,182.2202,2093424.0
2026-03-05 15:40:00,182.2302,182.3902,181.9903,182.1902,1873351.0
2026-03-05 15:45:00,182.2002,182.5102,182.0802,182.5052,2039378.0
2026-03-05 15:50:00,182.5102,182.9902,182.4302,182.9752,3358083.0
2026-03-05 15:55:00,182.9902,183.4101,182.8602,183.3201,8043421.0
2026-03-06 09:30:00,179.8303,181.4302,179.6303,180.9503,6922360.0
2026-03-06 09:35:00,180.9553,181.2803,179.9403,181.0403,4253879.0
2026-03-06 09:40:00,181.0303,181.5402,180.7403,181.1503,3032596.0
2026-03-06 09:45:00,181.1403,182.1302,181.1403,181.7363,4272433.0
2026-03-06 09:50:00,181.7352,182.3302,181.5502,181.7902,2765757.0
2026-03-06 09:55:00,181.7902,181.9852,181.2221,181.8602,2649441.0
2026-03-06 10:00:00,181.8802,182.5602,181.8502,182.5067,3275161.0
2026-03-06 10:05:00,182.5302,182.7463,181.6202,181.6252,2651485.0
2026-03-06 10:10:00,181.6257,182.2802,181.4302,182.1902,2445130.0
2026-03-06 10:15:00,182.1802,182.4902,182.0052,182.0732,2124562.0
2026-03-06 10:20:00,182.0803,182.1602,181.7902,182.0302,1608643.0
2026-03-06 10:25:00,182.0102,182.1302,181.6852,181.8102,1422101.0
2026-03-06 10:30:00,181.8102,182.1182,181.6702,181.8763,1520863.0
2026-03-06 10:35:00,181.8702,182.3952,181.6702,182.2002,2214746.0
2026-03-06 10:40:00,182.1903,182.2002,181.6102,181.9152,1710807.0
2026-03-06 10:45:00,181.9002,182.0202,181.4102,181.5301,1390502.0
2026-03-06 10:50:00,181.5352,181.5402,180.8903,181.5052,2261802.0
2026-03-06 10:55:00,181.5102,182.2703,181.5052,181.9396,1954907.0
2026-03-06 11:00:00,181.9402,182.1202,181.7902,182.0163,1299504.0
2026-03-06 11:05:00,182.0102,182.0652,181.3902,181.4552,1567483.0
2026-03-06 11:10:00,181.4602,181.5102,181.2103,181.3703,1262195.0
2026-03-06 11:15:00,181.3711,181.6302,181.0803,181.3753,1783528.0
2026-03-06 11:20:00,181.3753,181.7642,181.0103,181.4402,1677992.0
2026-03-06 11:25:00,181.4302,181.7702,181.2003,181.7102,1369111.0
2026-03-06 11:30:00,181.7202,181.7901,181.2203,181.3003,1242295.0
2026-03-06 11:35:00,181.2903,181.7802,181.2803,181.6802,1385470.0
2026-03-06 11:40:00,181.7002,181.8702,181.5152,181.7602,1182292.0
2026-03-06 11:45:00,181.7602,182.1112,181.7352,181.9892,1515171.0
2026-03-06 11:50:00,181.9802,182.4473,181.9752,182.0802,1728857.0
2026-03-06 11:55:00,182.0822,182.4002,181.9402,182.3003,1389192.0
2026-03-06 12:00:00,182.3102,182.4802,182.0802,182.1802,1924053.0
2026-03-06 12:05:00,182.1702,182.3001,181.6502,181.7702,1462902.0
2026-03-06 12:10:00,181.7652,181.9102,181.4902,181.6104,1299874.0
2026-03-06 12:15:00,181.6152,181.7602,181.3603,181.6702,1251815.0
2026-03-06 12:20:00,181.6702,181.9002,181.3102,181.3303,1497465.0
2026-03-06 12:25:00,181.3303,181.4263,181.0203,181.1303,1373362.0
2026-03-06 12:30:00,181.1253,181.2003,180.9403,181.0903,1183834.0
2026-03-06 12:35:00,181.0803,181.1203,180.5103,180.7103,1612936.0
2026-03-06 12:40:00,180.7103,180.9103,180.6803,180.8253,1251338.0
2026-03-06 12:45:00,180.8369,181.0203,180.7503,180.9103,1072793.0
2026-03-06 12:50:00,180.9068,181.1303,180.7603,180.8703,1014185.0
2026-03-06 12:55:00,180.8603,181.0603,180.7704,180.8153,1043482.0
2026-03-06 13:00:00,180.8103,181.1153,180.6103,180.7053,1212775.0
2026-03-06 13:05:00,180.7202,181.0803,180.6753,180.9702,889445.0
2026-03-06 13:10:00,180.9803,181.5902,180.8703,181.5552,1525162.0
2026-03-06 13:15:00,181.5702,181.8152,181.5002,181.6402,1426614.0
2026-03-06 13:20:00,181.6452,181.7701,181.5202,181.6802,1070162.0
2026-03-06 13:25:00,181.6902,181.6902,181.2603,181.4503,1090902.0
2026-03-06 13:30:00,181.4402,181.7601,181.3802,181.5802,1104454.0
2026-03-06 13:35:00,181.5802,181.6102,181.2103,181.2504,1567529.0
2026-03-06 13:40:00,181.2503,181.5102,181.1203,181.4302,1144448.0
2026-03-06 13:45:00,181.4402,181.4752,181.0753,181.2903,1824470.0
2026-03-06 13:50:00,181.2803,181.3053,180.7903,180.8903,1081147.0
2026-03-06 13:55:00,180.8903,180.9953,180.8303,180.8603,706928.0
2026-03-06 14:00:00,180.8603,180.9953,180.5903,180.6102,958188.0
2026-03-06 14:05:00,180.6053,180.8393,180.5303,180.7303,954715.0
2026-03-06 14:10:00,180.7403,180.9103,180.5903,180.8927,907791.0
2026-03-06 14:15:00,180.8903,180.8973,180.2553,180.5103,2351556.0
2026-03-06 14:20:00,180.5003,180.5503,180.1703,180.3353,1318292.0
2026-03-06 14:25:00,180.3403,180.5502,180.1803,180.5203,1136963.0
2026-03-06 14:30:00,180.5103,180.7603,180.4503,180.5203,1097558.0
2026-03-06 14:35:00,180.5353,180.5802,180.0004,180.0853,1278462.0
2026-03-06 14:40:00,180.0853,180.4503,180.0744,180.1378,973478.0
2026-03-06 14:45:00,180.1303,180.19,179.9203,180.0103,1374365.0
2026-03-06 14:50:00,180.0003,180.1703,179.8803,180.1403,1193957.0
2026-03-06 14:55:00,180.1403,180.2003,179.9853,180.0403,1020627.0
2026-03-06 15:00:00,180.0403,180.3077,179.9403,180.1874,1267828.0
2026-03-06 15:05:00,180.1803,180.2403,179.7403,179.8053,1359411.0
2026-03-06 15:10:00,179.7953,179.8903,178.3504,178.8104,5055158.0
2026-03-06 15:15:00,178.8084,179.3543,178.5604,178.9004,2869235.0
2026-03-06 15:20:00,178.8904,178.9404,177.8904,177.9154,3699280.0
2026-03-06 15:25:00,177.9154,177.9304,176.9405,177.1255,4695215.0
2026-03-06 15:30:00,177.1255,177.5005,176.9905,177.2005,3385872.0
2026-03-06 15:35:00,177.1955,177.9104,176.8106,177.2902,5457310.0
2026-03-06 15:40:00,177.2806,178.0904,176.9905,177.7504,4754325.0
2026-03-06 15:45:00,177.7204,178.1804,177.5905,178.0754,2810005.0
2026-03-06 15:50:00,178.0704,178.3703,177.8704,178.2404,3777491.0
2026-03-06 15:55:00,178.2404,178.2404,177.5905,177.6804,6072603.0
2026-03-09 09:30:00,176.8205,178.1487,176.4905,177.5105,6625446.0
2026-03-09 09:35:00,177.5205,177.8104,176.1405,176.2405,3462030.0
2026-03-09 09:40:00,176.2405,176.7005,175.6106,176.1155,4051013.0
2026-03-09 09:45:00,176.1005,176.5205,175.5506,176.1055,2743977.0
2026-03-09 09:50:00,176.1005,176.7005,175.9905,176.3505,2320638.0
2026-03-09 09:55:00,176.3505,177.3605,175.9905,176.9255,3554782.0
2026-03-09 10:00:00,176.9205,178.0004,176.7505,177.8354,3459961.0
2026-03-09 10:05:00,177.8385,177.8704,176.8005,176.9206,2356942.0
2026-03-09 10:10:00,176.9305,177.0406,176.2405,176.9406,2370196.0
2026-03-09 10:15:00,176.9605,177.8404,176.8305,177.7003,2402050.0
2026-03-09 10:20:00,177.6854,178.2904,177.2505,178.2354,2726115.0
2026-03-09 10:25:00,178.2354,178.5004,177.7443,178.1004,2816484.0
2026-03-09 10:30:00,178.0804,178.4204,177.9804,178.2054,2220180.0
2026-03-09 10:35:00,178.2054,178.9004,178.0904,178.6654,2190056.0
2026-03-09 10:40:00,178.6604,179.0794,178.5904,179.0504,2014905.0
2026-03-09 10:45:00,179.0504,179.3404,178.8904,179.2204,2000787.0
2026-03-09 10:50:00,179.2204,179.2804,178.7304,178.8903,1742646.0
2026-03-09 10:55:00,178.8903,179.1304,178.6804,178.7304,1943984.0
2026-03-09 11:00:00,178.7454,179.0589,178.7404,178.8704,1324060.0
2026-03-09 11:05:00,178.8604,179.2089,178.7804,178.9704,1296471.0
2026-03-09 11:10:00,178.9704,179.4904,178.9404,179.0224,1590178.0
2026-03-09 11:15:00,179.0404,179.3804,178.6404,178.8803,1417860.0
2026-03-09 11:20:00,178.8604,179.1504,178.7803,179.0804,1134502.0
2026-03-09 11:25:00,179.0604,179.2143,178.9104,179.1754,1043526.0
2026-03-09 11:30:00,179.1504,179.2404,179.0004,179.1654,1594528.0
2026-03-09 11:35:00,179.1504,179.2404,178.7904,179.1204,1273896.0
2026-03-09 11:40:00,179.1254,179.2204,178.8004,178.8554,1092178.0
2026-03-09 11:45:00,178.8704,179.4504,178.8104,179.4032,1531569.0
2026-03-09 11:50:00,179.4054,179.9903,179.2104,179.9153,2322885.0
2026-03-09 11:55:00,179.9053,180.1203,179.7103,179.7303,1734725.0
2026-03-09 12:00:00,179.7303,180.0603,179.5503,179.7553,1348439.0
2026-03-09 12:05:00,179.7653,179.9103,179.5703,179.8103,1030625.0
2026-03-09 12:10:00,179.8203,179.8203,179.5503,179.6503,882434.0
2026-03-09 12:15:00,179.6503,179.9504,179.6042,179.8453,853422.0
2026-03-09 12:20:00,179.8453,180.0503,179.5703,179.9903,1239408.0
2026-03-09 12:25:00,180.0003,180.6176,179.9403,180.4803,1877422.0
2026-03-09 12:30:00,180.4803,180.5303,176.5005,180.3353,1493524.0
2026-03-09 12:35:00,180.3363,180.9003,180.3203,180.6903,1698260.0
2026-03-09 12:40:00,180.6903,180.7903,180.5153,180.5353,1355165.0
2026-03-09 12:45:00,180.5353,180.7103,180.4703,180.4954,954437.0
2026-03-09 12:50:00,180.4953,180.5003,180.1803,180.2253,2195983.0
2026-03-09 12:55:00,180.2203,180.3903,180.0353,180.1497,1177313.0
2026-03-09 13:00:00,180.1503,180.1503,179.8103,179.9203,1289497.0
2026-03-09 13:05:00,179.9153,179.9403,179.6003,179.8603,1346114.0
2026-03-09 13:10:00,179.8603,180.0353,179.7803,179.9003,1006531.0
2026-03-09 13:15:00,179.9153,179.9303,179.5004,179.5853,938621.0
2026-03-09 13:20:00,179.5803,179.6703,179.1904,179.2589,1384545.0
2026-03-09 13:25:00,179.2604,179.4804,179.1704,179.3804,1104638.0
2026-03-09 13:30:00,179.3904,179.6503,179.3254,179.4304,1055840.0
2026-03-09 13:35:00,179.4304,179.4804,179.1304,179.2254,1209664.0
2026-03-09 13:40:00,179.2154,179.3704,179.0104,179.1354,1048693.0
2026-03-09 13:45:00,179.1404,179.5403,179.1304,179.4204,923767.0
2026-03-09 13:50:00,179.4304,179.6453,179.3404,179.6103,791334.0
2026-03-09 13:55:00,179.6004,179.6903,179.3904,179.6503,820121.0
2026-03-09 14:00:00,179.6503,180.0264,179.6303,179.7443,1220799.0
2026-03-09 14:05:00,179.7503,179.9803,179.6603,179.7403,974458.0
2026-03-09 14:10:00,179.7303,179.9903,179.6703,179.9253,895837.0
2026-03-09 14:15:00,179.9253,180.0713,179.8653,179.9953,807209.0
2026-03-09 14:20:00,179.9903,180.2103,179.7723,180.0803,2182029.0
2026-03-09 14:25:00,180.0764,180.1203,179.8903,179.8953,653833.0
2026-03-09 14:30:00,179.8903,180.4803,179.7753,180.3053,2307015.0
2026-03-09 14:35:00,180.3153,180.4703,180.1353,180.2503,1079011.0
2026-03-09 14:40:00,180.2564,180.3703,180.0403,180.2103,1127316.0
2026-03-09 14:45:00,180.2153,180.4053,180.1903,180.2742,820009.0
2026-03-09 14:50:00,180.2703,180.3053,179.8103,179.8154,1006390.0
2026-03-09 14:55:00,179.8153,179.8153,179.3004,179.3204,1389291.0
2026-03-09 15:00:00,179.3294,179.5353,179.2804,179.4154,1046295.0
2026-03-09 15:05:00,179.4104,179.6403,179.3154,179.61,1111371.0
2026-03-09 15:10:00,179.6045,180.2053,179.5054,179.8153,1924158.0
2026-03-09 15:15:00,179.8154,180.8503,179.6803,180.7803,2127374.0
2026-03-09 15:20:00,180.7703,181.8702,180.5903,181.5102,4834791.0
2026-03-09 15:25:00,181.5102,182.0702,181.2703,182.0202,3212619.0
2026-03-09 15:30:00,182.0052,182.4302,181.4402,182.2502,3350999.0
2026-03-09 15:35:00,182.2602,182.9002,181.9602,182.8252,3783202.0
2026-03-09 15:40:00,182.8202,182.8302,181.5652,181.8003,3444028.0
2026-03-09 15:45:00,181.7902,182.1902,181.5402,182.0952,2377919.0
2026-03-09 15:50:00,182.0902,182.1102,181.5228,181.8602,3044492.0
2026-03-09 15:55:00,181.8702,182.8202,181.8602,182.6302,6101669.0
2026-03-10 09:30:00,182.3902,183.2801,182.0002,182.2205,5445497.0
2026-03-10 09:35:00,182.2102,183.2701,182.0502,183.0952,3489955.0
2026-03-10 09:40:00,183.0902,183.5501,182.7102,183.3701,3357388.0
2026-03-10 09:45:00,183.3501,183.8601,183.1702,183.5201,3200841.0
2026-03-10 09:50:00,183.5301,183.7001,182.9702,182.9802,2071713.0
2026-03-10 09:55:00,182.9752,183.0902,182.4702,182.7602,2296152.0
2026-03-10 10:00:00,182.7702,182.8202,182.1903,182.7502,2453909.0
2026-03-10 10:05:00,182.7602,183.0502,182.2702,182.3102,2018483.0
2026-03-10 10:10:00,182.3002,183.2102,182.2852,183.1181,2122660.0
2026-03-10 10:15:00,183.1002,183.4401,182.8802,183.4251,1971318.0
2026-03-10 10:20:00,183.4301,183.8701,183.3201,183.8201,2073839.0
2026-03-10 10:25:00,183.8201,184.2151,183.6401,184.0401,2813696.0
2026-03-10 10:30:00,184.0301,184.4801,184.0001,184.4301,2452750.0
2026-03-10 10:35:00,184.4151,184.9001,184.2501,184.8951,2754688.0
2026-03-10 10:40:00,184.9001,184.9801,184.5501,184.8501,2781741.0
2026-03-10 10:45:00,184.8501,185.33,184.7301,185.255,3700978.0
2026-03-10 10:50:00,185.2507,185.36,185.11,185.35,2035411.0
2026-03-10 10:55:00,185.3426,185.7,185.275,185.46,2599915.0
2026-03-10 11:00:00,185.46,185.74,185.295,185.6661,2375876.0
2026-03-10 11:05:00,185.67,185.72,185.23,185.33,2181784.0
2026-03-10 11:10:00,185.34,185.905,185.275,185.745,2787673.0
2026-03-10 11:15:00,185.75,186.26,185.745,186.15,3139220.0
2026-03-10 11:20:00,186.145,186.43,185.84,186.04,2579201.0
2026-03-10 11:25:00,186.035,186.07,185.74,185.96,1894994.0
2026-03-10 11:30:00,185.965,186.11,185.4299,185.51,2425570.0
2026-03-10 11:35:00,185.515,185.9699,185.4335,185.685,2456253.0
2026-03-10 11:40:00,185.68,186.075,185.5201,185.65,2486064.0
2026-03-10 11:45:00,185.66,185.82,185.51,185.6161,1366131.0
2026-03-10 11:50:00,185.62,185.81,185.55,185.63,1110706.0
2026-03-10 11:55:00,185.625,185.935,185.6,185.915,1252540.0
2026-03-10 12:00:00,185.92,185.925,185.26,185.31,1714486.0
2026-03-10 12:05:00,185.31,185.37,185.0401,185.3501,1776236.0
2026-03-10 12:10:00,185.36,185.63,185.2801,185.5097,1441273.0
2026-03-10 12:15:00,185.5,185.555,185.23,185.3099,1275118.0
2026-03-10 12:20:00,185.31,185.32,185.0351,185.195,1188098.0
2026-03-10 12:25:00,185.19,185.61,185.14,185.2977,1452755.0
2026-03-10 12:30:00,185.31,185.61,185.265,185.605,1248111.0
2026-03-10 12:35:00,185.6,185.715,185.46,185.67,951406.0
2026-03-10 12:40:00,185.67,185.79,185.41,185.77,1047189.0
2026-03-10 12:45:00,185.785,185.81,185.22,185.2575,1326280.0
2026-03-10 12:50:00,185.275,185.6287,185.23,185.605,1148744.0
2026-03-10 12:55:00,185.61,185.73,185.54,185.625,795097.0
2026-03-10 13:00:00,185.61,185.845,185.545,185.76,950978.0
2026-03-10 13:05:00,185.76,185.92,185.69,185.75,931884.0
2026-03-10 13:10:00,185.755,185.86,185.5428,185.62,920000.0
2026-03-10 13:15:00,185.6124,185.98,185.6,185.9751,1092216.0
2026-03-10 13:20:00,185.9751,186.1,185.855,186.04,1571981.0
2026-03-10 13:25:00,186.035,186.215,185.96,186.125,1138845.0
2026-03-10 13:30:00,186.12,186.12,185.47,185.5,1448066.0
2026-03-10 13:35:00,185.53,185.639,185.0951,185.51,1918897.0
2026-03-10 13:40:00,185.5,185.777,185.34,185.3821,1259489.0
2026-03-10 13:45:00,185.3899,185.715,185.255,185.44,1107391.0
2026-03-10 13:50:00,185.4422,185.78,185.44,185.71,784344.0
2026-03-10 13:55:00,185.7,185.76,185.52,185.71,780775.0
2026-03-10 14:00:00,185.71,185.81,185.5608,185.735,845553.0
2026-03-10 14:05:00,185.74,185.77,185.37,185.4439,868484.0
2026-03-10 14:10:00,185.45,185.75,184.5902,184.6201,1815909.0
2026-03-10 14:15:00,184.6301,185.0901,184.1101,184.3151,2712202.0
2026-03-10 14:20:00,184.3151,184.8465,184.0901,184.6101,2450773.0
2026-03-10 14:25:00,184.6201,185.28,184.5601,184.88,1948998.0
2026-03-10 14:30:00,184.8801,185.26,184.7251,185.0801,1446340.0
2026-03-10 14:35:00,185.0951,185.14,184.5901,184.7001,1530081.0
2026-03-10 14:40:00,184.6951,184.7101,184.3503,184.3601,1368154.0
2026-03-10 14:45:00,184.37,184.6101,184.2302,184.5601,1153639.0
2026-03-10 14:50:00,184.5601,184.9151,184.5201,184.7951,1510105.0
2026-03-10 14:55:00,184.8001,184.9501,184.3601,184.3701,1210073.0
2026-03-10 15:00:00,184.3751,184.4451,184.0001,184.3102,1703308.0
2026-03-10 15:05:00,184.3001,184.6801,184.2001,184.5602,1349886.0
2026-03-10 15:10:00,184.5601,184.7901,184.3301,184.724,1646591.0
2026-03-10 15:15:00,184.7202,184.9301,184.6201,184.8871,1395667.0
2026-03-10 15:20:00,184.8831,185.0201,184.4901,184.9451,1808629.0
2026-03-10 15:25:00,184.9401,184.9601,184.3501,184.3851,1356678.0
2026-03-10 15:30:00,184.3901,184.4301,184.1001,184.1501,1734469.0
2026-03-10 15:35:00,184.1501,184.2851,183.8651,184.1801,2372249.0
2026-03-10 15:40:00,184.1901,184.4851,183.6701,183.7901,2534017.0
2026-03-10 15:45:00,183.7901,183.8201,183.2401,183.3251,2734319.0
2026-03-10 15:50:00,183.3201,184.2301,183.3101,184.1251,4011752.0
2026-03-10 15:55:00,184.1201,184.8301,184.0401,184.7501,7105474.0
2026-03-11 09:30:00,185.91,186.87,184.95,184.95,5461089.0
2026-03-11 09:35:00,184.95,186.03,184.94,185.99,4376270.0
2026-03-11 09:40:00,185.9816,186.965,185.82,186.07,4011409.0
2026-03-11 09:45:00,186.07,186.46,185.9301,186.01,2821037.0
2026-03-11 09:50:00,186.02,186.55,185.67,186.375,2815012.0
2026-03-11 09:55:00,186.38,186.99,186.0801,186.8975,2839229.0
2026-03-11 10:00:00,186.885,187.62,186.44,187.21,4865383.0
2026-03-11 10:05:00,187.215,187.57,186.8323,186.96,2436842.0
2026-03-11 10:10:00,186.97,187.45,186.85,187.415,1995590.0
2026-03-11 10:15:00,187.41,187.455,186.93,187.37,1764031.0
2026-03-11 10:20:00,187.36,187.55,186.7,186.89,2282852.0
2026-03-11 10:25:00,186.89,186.985,186.4,186.91,1801731.0
2026-03-11 10:30:00,186.8901,186.94,185.8701,185.935,2250041.0
2026-03-11 10:35:00,185.935,186.495,185.935,186.32,1760983.0
2026-03-11 10:40:00,186.3201,186.45,185.89,186.235,1914655.0
2026-03-11 10:45:00,186.23,186.5,186.1,186.225,1133728.0
2026-03-11 10:50:00,186.22,186.45,186.12,186.29,1130236.0
2026-03-11 10:55:00,186.29,186.61,186.1,186.435,1467288.0
2026-03-11 11:00:00,186.44,186.77,186.115,186.6,2244604.0
2026-03-11 11:05:00,186.6061,186.6301,186.24,186.4451,1078728.0
2026-03-11 11:10:00,186.445,186.5839,185.45,186.13,2427447.0
2026-03-11 11:15:00,186.13,186.17,185.445,185.625,1929558.0
2026-03-11 11:20:00,185.63,185.93,185.44,185.9001,1438011.0
2026-03-11 11:25:00,185.905,186.11,185.0608,185.0761,1586718.0
2026-03-11 11:30:00,185.08,185.57,184.84,185.455,2013063.0
2026-03-11 11:35:00,185.46,185.67,185.28,185.555,1565999.0
2026-03-11 11:40:00,185.555,185.8065,185.45,185.485,1077411.0
2026-03-11 11:45:00,185.4828,185.56,185.22,185.4301,1315084.0
2026-03-11 11:50:00,185.44,185.788,185.4319,185.71,1129658.0
2026-03-11 11:55:00,185.7,185.75,185.46,185.605,883427.0
2026-03-11 12:00:00,185.605,185.675,185.3292,185.4417,965196.0
2026-03-11 12:05:00,185.445,185.53,185.26,185.44,1201524.0
2026-03-11 12:10:00,185.4403,185.72,185.33,185.6835,1184620.0
2026-03-11 12:15:00,185.685,185.74,185.31,185.36,979659.0
2026-03-11 12:20:00,185.36,185.68,185.34,185.5139,887040.0
2026-03-11 12:25:00,185.515,185.56,185.27,185.555,948988.0
2026-03-11 12:30:00,185.55,186.07,185.53,185.975,1498973.0
2026-03-11 12:35:00,185.975,185.975,185.5601,185.64,841955.0
2026-03-11 12:40:00,185.64,185.79,185.56,185.6699,815717.0
2026-03-11 12:45:00,185.665,185.83,185.49,185.585,856860.0
2026-03-11 12:50:00,185.585,185.7099,185.55,185.6639,530080.0
2026-03-11 12:55:00,185.67,185.82,185.66,185.715,688297.0
2026-03-11 13:00:00,185.71,185.87,185.6,185.6101,785000.0
2026-03-11 13:05:00,185.615,185.87,185.59,185.725,924911.0
2026-03-11 13:10:00,185.73,185.73,185.44,185.52,802309.0
2026-03-11 13:15:00,185.52,185.695,185.25,185.305,861656.0
2026-03-11 13:20:00,185.32,185.54,185.272,185.5399,1078310.0
2026-03-11 13:25:00,185.53,185.68,185.46,185.61,639860.0
2026-03-11 13:30:00,185.62,185.7,185.41,185.45,750551.0
2026-03-11 13:35:00,185.45,185.6099,184.45,184.8523,1973869.0
2026-03-11 13:40:00,184.82,185.1998,184.68,185.1471,1960835.0
2026-03-11 13:45:00,185.145,185.23,184.95,185.16,931479.0
2026-03-11 13:50:00,185.16,185.42,185.15,185.205,953045.0
2026-03-11 13:55:00,185.18,185.2596,184.94,185.13,1098303.0
2026-03-11 14:00:00,185.1396,185.231,185.035,185.07,751405.0
2026-03-11 14:05:00,185.07,185.21,184.9415,185.025,823668.0
2026-03-11 14:10:00,185.03,185.047,184.7134,184.96,1041667.0
2026-03-11 14:15:00,184.955,185.095,184.83,184.9899,815839.0
2026-03-11 14:20:00,184.99,185.21,184.86,185.03,970739.0
2026-03-11 14:25:00,185.02,185.23,184.9699,185.154,689225.0
2026-03-11 14:30:00,185.16,185.25,185.0807,185.22,759289.0
2026-03-11 14:35:00,185.2351,185.43,185.1,185.195,1085537.0
2026-03-11 14:40:00,185.2,185.265,185.02,185.195,706597.0
2026-03-11 14:45:00,185.19,185.325,185.14,185.225,697303.0
2026-03-11 14:50:00,185.23,185.59,185.17,185.53,1085292.0
2026-03-11 14:55:00,185.53,185.74,185.47,185.605,1287324.0
2026-03-11 15:00:00,185.605,185.675,185.25,185.32,928071.0
2026-03-11 15:05:00,185.33,185.47,185.245,185.41,663706.0
2026-03-11 15:10:00,185.41,185.49,185.245,185.375,889573.0
2026-03-11 15:15:00,185.37,185.7,185.32,185.635,1147087.0
2026-03-11 15:20:00,185.635,185.7061,185.345,185.61,911413.0
2026-03-11 15:25:00,185.61,185.7,185.355,185.36,811809.0
2026-03-11 15:30:00,185.37,185.58,185.23,185.48,1100545.0
2026-03-11 15:35:00,185.49,185.56,185.36,185.515,854973.0
2026-03-11 15:40:00,185.5189,185.67,185.43,185.535,1090262.0
2026-03-11 15:45:00,185.54,185.635,185.42,185.5499,938897.0
2026-03-11 15:50:00,185.55,185.84,185.32,185.799,1916802.0
2026-03-11 15:55:00,185.8,186.04,185.795,186.01,4430268.0
2026-03-12 09:30:00,184.05,184.86,183.52,184.41,5560149.0
2026-03-12 09:35:00,184.3801,184.77,184.21,184.38,2187163.0
2026-03-12 09:40:00,184.38,184.4,183.52,183.66,2869723.0
2026-03-12 09:45:00,183.65,183.68,182.9201,183.43,3230257.0
2026-03-12 09:50:00,183.42,183.7999,182.83,182.92,3218238.0
2026-03-12 09:55:00,182.89,183.105,182.05,182.38,3550696.0
2026-03-12 10:00:00,182.385,183.23,182.345,183.06,2981380.0
2026-03-12 10:05:00,183.06,183.08,182.33,182.56,2085813.0
2026-03-12 10:10:00,182.58,183.17,182.28,183.12,2343834.0
2026-03-12 10:15:00,183.12,183.23,182.595,182.765,1919015.0
2026-03-12 10:20:00,182.76,182.83,182.47,182.6,1408151.0
2026-03-12 10:25:00,182.605,182.8199,182.085,182.085,1519910.0
2026-03-12 10:30:00,182.085,182.23,181.91,182.09,2184579.0
2026-03-12 10:35:00,182.08,182.41,181.78,182.065,2281902.0
2026-03-12 10:40:00,182.05,182.33,181.75,182.26,1998713.0
2026-03-12 10:45:00,182.26,182.93,181.85,181.965,2390498.0
2026-03-12 10:50:00,181.965,182.24,181.85,182.21,1399423.0
2026-03-12 10:55:00,182.205,182.675,182.195,182.385,1693570.0
2026-03-12 11:00:00,182.385,182.5,181.99,182.47,1601336.0
2026-03-12 11:05:00,182.475,182.63,181.95,182.08,1424153.0
2026-03-12 11:10:00,182.08,182.24,181.8,182.1717,1508275.0
2026-03-12 11:15:00,182.18,182.55,182.13,182.475,1548734.0
2026-03-12 11:20:00,182.48,182.73,182.29,182.56,1367045.0
2026-03-12 11:25:00,182.55,182.96,182.51,182.88,1725556.0
2026-03-12 11:30:00,182.87,183.18,182.7701,182.99,1721207.0
2026-03-12 11:35:00,182.995,183.95,182.8,183.925,2025221.0
2026-03-12 11:40:00,183.94,184.175,183.5,184.01,2542310.0
2026-03-12 11:45:00,184.0001,184.04,183.455,183.8701,1775409.0
2026-03-12 11:50:00,183.865,184.12,183.69,184.0799,1310237.0
2026-03-12 11:55:00,184.08,184.3791,183.78,184.3201,1399602.0
2026-03-12 12:00:00,184.34,184.91,184.215,184.84,2340893.0
2026-03-12 12:05:00,184.83,184.94,184.0,184.1,2173453.0
2026-03-12 12:10:00,184.1074,184.755,184.04,184.6703,1815963.0
2026-03-12 12:15:00,184.6726,184.89,184.36,184.385,1596072.0
2026-03-12 12:20:00,184.4,184.89,184.38,184.43,1552402.0
2026-03-12 12:25:00,184.44,184.4999,184.17,184.26,1367319.0
2026-03-12 12:30:00,184.24,184.645,184.21,184.36,1198704.0
2026-03-12 12:35:00,184.36,184.685,184.2251,184.605,1395412.0
2026-03-12 12:40:00,184.61,184.72,184.38,184.4401,1120077.0
2026-03-12 12:45:00,184.44,184.505,183.915,184.095,1386471.0
2026-03-12 12:50:00,184.09,184.24,183.7,183.78,1289272.0
2026-03-12 12:55:00,183.78,184.0199,183.78,183.995,1011690.0
2026-03-12 13:00:00,183.995,184.5272,183.9401,184.4246,1250659.0
2026-03-12 13:05:00,184.42,184.58,183.97,184.04,1202054.0
2026-03-12 13:10:00,184.04,184.265,183.76,183.7893,1041622.0
2026-03-12 13:15:00,183.775,183.94,183.535,183.57,999518.0
2026-03-12 13:20:00,183.57,184.04,183.55,183.94,1118265.0
2026-03-12 13:25:00,183.935,184.1,183.72,183.76,916671.0
2026-03-12 13:30:00,183.77,184.06,183.67,183.97,895162.0
2026-03-12 13:35:00,183.975,184.19,183.88,183.94,935143.0
2026-03-12 13:40:00,183.94,184.06,183.729,183.765,919752.0
2026-03-12 13:45:00,183.76,183.76,183.415,183.6,1306309.0
2026-03-12 13:50:00,183.59,183.74,183.48,183.54,1043123.0
2026-03-12 13:55:00,183.55,183.58,183.165,183.5461,1302895.0
2026-03-12 14:00:00,183.55,183.925,183.55,183.685,1218076.0
2026-03-12 14:05:00,183.69,184.005,183.52,183.8,1245655.0
2026-03-12 14:10:00,183.8,183.85,183.59,183.73,832969.0
2026-03-12 14:15:00,183.73,183.86,183.48,183.53,957135.0
2026-03-12 14:20:00,183.53,183.53,183.25,183.415,1301437.0
2026-03-12 14:25:00,183.42,183.565,183.37,183.555,754837.0
2026-03-12 14:30:00,183.54,183.62,183.375,183.42,913214.0
2026-03-12 14:35:00,183.42,183.45,183.1532,183.345,923306.0
2026-03-12 14:40:00,183.34,183.4,183.12,183.15,914369.0
2026-03-12 14:45:00,183.155,183.22,182.93,182.95,938369.0
2026-03-12 14:50:00,182.96,183.3278,182.95,183.18,1157941.0
2026-03-12 14:55:00,183.19,183.265,183.03,183.09,984764.0
2026-03-12 15:00:00,183.09,183.44,183.0,183.14,1225149.0
2026-03-12 15:05:00,183.135,183.39,183.04,183.2,1188543.0
2026-03-12 15:10:00,183.195,183.25,182.78,183.01,1603587.0
2026-03-12 15:15:00,183.0161,183.12,182.89,182.955,1292938.0
2026-03-12 15:20:00,182.955,183.41,182.93,183.3,1326808.0
2026-03-12 15:25:00,183.35,183.6,183.28,183.44,1553687.0
2026-03-12 15:30:00,183.435,183.67,183.4125,183.52,1193709.0
2026-03-12 15:35:00,183.53,183.555,183.16,183.1761,1071953.0
2026-03-12 15:40:00,183.175,183.18,182.7201,182.985,1760548.0
2026-03-12 15:45:00,182.995,183.115,182.7701,183.0918,1444665.0
2026-03-12 15:50:00,183.08,183.59,183.0,183.5697,2555982.0
2026-03-12 15:55:00,183.58,183.62,183.01,183.01,4520039.0
2026-03-13 09:30:00,184.92,186.09,184.7,185.28,6635197.0
2026-03-13 09:35:00,185.29,185.44,184.415,184.8935,3908263.0
2026-03-13 09:40:00,184.8927,185.58,184.64,185.5706,2619674.0
2026-03-13 09:45:00,185.57,185.906,184.85,184.865,3210441.0
2026-03-13 09:50:00,184.87,185.77,184.6699,185.645,2743990.0
2026-03-13 09:55:00,185.65,185.71,184.8,184.875,2079834.0
2026-03-13 10:00:00,184.8888,185.1,184.0102,184.095,2865054.0
2026-03-13 10:05:00,184.095,184.4299,183.86,184.02,2536079.0
2026-03-13 10:10:00,184.01,184.1699,183.75,183.995,1909480.0
2026-03-13 10:15:00,183.9961,184.12,183.61,183.875,1974648.0
2026-03-13 10:20:00,183.87,184.3,183.84,184.025,2245773.0
2026-03-13 10:25:00,184.0377,184.33,183.91,183.9221,1822698.0
2026-03-13 10:30:00,183.925,184.25,183.66,183.74,2175037.0
2026-03-13 10:35:00,183.73,183.76,183.04,183.5426,2695102.0
2026-03-13 10:40:00,183.54,183.56,182.88,182.9,2238184.0
2026-03-13 10:45:00,182.9,182.9,182.3678,182.4801,2400011.0
2026-03-13 10:50:00,182.485,182.75,182.27,182.52,2251226.0
2026-03-13 10:55:00,182.5111,182.645,182.01,182.125,2404640.0
2026-03-13 11:00:00,182.1,182.38,181.66,182.3,3503322.0
2026-03-13 11:05:00,182.2835,182.51,182.19,182.402,1715191.0
2026-03-13 11:10:00,182.405,182.845,182.2799,182.7573,1981551.0
2026-03-13 11:15:00,182.735,182.765,182.03,182.075,2001025.0
2026-03-13 11:20:00,182.07,182.32,181.835,181.855,2184414.0
2026-03-13 11:25:00,181.85,182.0,181.7615,181.8834,1844534.0
2026-03-13 11:30:00,181.89,182.25,181.8,182.05,1933121.0
2026-03-13 11:35:00,182.06,182.095,181.42,181.6184,1906727.0
2026-03-13 11:40:00,181.615,181.68,180.92,181.1402,2395978.0
2026-03-13 11:45:00,181.1302,181.41,180.75,181.355,2958550.0
2026-03-13 11:50:00,181.36,181.55,181.05,181.3,1750312.0
2026-03-13 11:55:00,181.29,181.37,181.02,181.0601,1224255.0
2026-03-13 12:00:00,181.05,181.48,181.0115,181.1801,1535769.0
2026-03-13 12:05:00,181.19,181.495,181.1,181.405,1347094.0
2026-03-13 12:10:00,181.41,181.58,180.88,181.16,1671433.0
2026-03-13 12:15:00,181.16,181.335,181.05,181.085,1316659.0
2026-03-13 12:20:00,181.085,181.525,181.05,181.13,1447180.0
2026-03-13 12:25:00,181.1299,181.22,180.72,181.135,1664191.0
2026-03-13 12:30:00,181.135,181.465,181.09,181.275,1409181.0
2026-03-13 12:35:00,181.275,181.76,181.275,181.47,1799759.0
2026-03-13 12:40:00,181.46,181.65,181.26,181.3002,1229477.0
2026-03-13 12:45:00,181.3,181.375,181.1307,181.335,1539031.0
2026-03-13 12:50:00,181.34,181.73,181.33,181.71,1148829.0
2026-03-13 12:55:00,181.7,181.75,180.98,181.07,1608401.0
2026-03-13 13:00:00,181.075,181.2,180.94,181.02,972284.0
2026-03-13 13:05:00,181.02,181.39,180.925,181.315,910041.0
2026-03-13 13:10:00,181.315,181.505,181.01,181.505,952596.0
2026-03-13 13:15:00,181.51,181.6699,181.33,181.5101,1004336.0
2026-03-13 13:20:00,181.52,181.555,181.21,181.425,889921.0
2026-03-13 13:25:00,181.415,181.59,181.32,181.54,856843.0
2026-03-13 13:30:00,181.54,181.5892,181.28,181.525,1027715.0
2026-03-13 13:35:00,181.526,181.57,181.37,181.375,826565.0
2026-03-13 13:40:00,181.38,181.425,181.08,181.22,1032314.0
2026-03-13 13:45:00,181.205,181.2999,180.61,180.67,1344180.0
2026-03-13 13:50:00,180.6798,180.845,180.495,180.675,1342818.0
2026-03-13 13:55:00,180.68,180.85,180.45,180.515,1034308.0
2026-03-13 14:00:00,180.515,180.54,180.29,180.44,1410732.0
2026-03-13 14:05:00,180.43,180.51,180.19,180.29,1454885.0
2026-03-13 14:10:00,180.3,180.455,180.2521,180.36,968418.0
2026-03-13 14:15:00,180.35,180.62,180.23,180.35,1054781.0
2026-03-13 14:20:00,180.36,180.41,180.0,180.19,1407417.0
2026-03-13 14:25:00,180.19,180.56,180.1611,180.54,1251499.0
2026-03-13 14:30:00,180.54,180.79,180.38,180.67,1236247.0
2026-03-13 14:35:00,180.67,180.85,180.59,180.665,1283399.0
2026-03-13 14:40:00,180.67,181.045,180.66,180.98,1184975.0
2026-03-13 14:45:00,180.98,181.09,180.86,181.0161,897045.0
2026-03-13 14:50:00,181.01,181.14,180.335,180.905,1246976.0
2026-03-13 14:55:00,180.905,181.1099,180.8201,181.02,1214733.0
2026-03-13 15:00:00,181.015,181.0399,180.7,180.75,1023289.0
2026-03-13 15:05:00,180.745,180.87,180.585,180.7572,1237996.0
2026-03-13 15:10:00,180.7578,180.93,180.71,180.825,907638.0
2026-03-13 15:15:00,180.83,180.98,180.76,180.8701,1186741.0
2026-03-13 15:20:00,180.87,180.87,180.4,180.5,1440239.0
2026-03-13 15:25:00,180.5,180.745,180.28,180.71,1715280.0
2026-03-13 15:30:00,180.7,180.825,180.48,180.56,1751281.0
2026-03-13 15:35:00,180.55,180.66,180.3205,180.3339,1412883.0
2026-03-13 15:40:00,180.3369,180.46,180.175,180.425,2078831.0
2026-03-13 15:45:00,180.43,180.61,180.3,180.435,1879153.0
2026-03-13 15:50:00,180.44,180.49,180.08,180.25,2382426.0
2026-03-13 15:55:00,180.26,180.4,179.94,180.26,6852795.0
2026-03-16 09:30:00,182.97,184.49,182.8402,184.45,7073467.0
2026-03-16 09:35:00,184.46,185.05,184.13,184.485,5670237.0
2026-03-16 09:40:00,184.49,184.505,183.95,184.2601,2919914.0
2026-03-16 09:45:00,184.25,184.72,184.01,184.34,2659481.0
2026-03-16 09:50:00,184.34,184.41,184.02,184.315,1781681.0
2026-03-16 09:55:00,184.315,184.62,184.15,184.52,2017141.0
2026-03-16 10:00:00,184.51,184.549,183.9,184.0101,2291105.0
2026-03-16 10:05:00,184.02,184.2,183.875,183.95,1769156.0
2026-03-16 10:10:00,183.955,184.365,183.9001,184.25,2205040.0
2026-03-16 10:15:00,184.252,184.425,184.2,184.21,1590750.0
2026-03-16 10:20:00,184.2001,184.45,184.1915,184.435,1285417.0
2026-03-16 10:25:00,184.44,184.48,184.06,184.07,1386997.0
2026-03-16 10:30:00,184.07,184.235,183.76,183.825,1984273.0
2026-03-16 10:35:00,183.83,183.97,183.46,183.6114,2020544.0
2026-03-16 10:40:00,183.62,183.77,183.5,183.596,1461435.0
2026-03-16 10:45:00,183.59,183.88,183.305,183.57,1661327.0
2026-03-16 10:50:00,183.5701,183.885,183.35,183.78,1771433.0
2026-03-16 10:55:00,183.78,184.1,183.65,184.1,1741005.0
2026-03-16 11:00:00,184.105,184.12,183.8101,183.8101,1450286.0
2026-03-16 11:05:00,183.815,184.13,183.7,184.125,1722986.0
2026-03-16 11:10:00,184.125,184.72,183.97,184.68,2153430.0
2026-03-16 11:15:00,184.6701,184.7299,184.42,184.7299,1450898.0
2026-03-16 11:20:00,184.725,184.92,184.61,184.855,1437725.0
2026-03-16 11:25:00,184.855,184.865,184.625,184.7278,1177529.0
2026-03-16 11:30:00,184.72,184.94,184.62,184.9016,1727716.0
2026-03-16 11:35:00,184.91,184.935,184.7,184.705,1017474.0
2026-03-16 11:40:00,184.705,184.82,184.59,184.595,1357947.0
2026-03-16 11:45:00,184.59,184.85,184.52,184.7379,1189907.0
2026-03-16 11:50:00,184.74,184.745,184.45,184.455,1439715.0
2026-03-16 11:55:00,184.455,184.6,184.11,184.1115,1579357.0
2026-03-16 12:00:00,184.115,184.27,184.02,184.03,1263351.0
2026-03-16 12:05:00,184.02,184.41,184.01,184.08,1238715.0
2026-03-16 12:10:00,184.08,184.17,183.92,183.9913,1450264.0
2026-03-16 12:15:00,183.99,184.1099,183.85,183.91,1283353.0
2026-03-16 12:20:00,183.91,183.93,183.63,183.72,1090714.0
2026-03-16 12:25:00,183.725,183.99,183.64,183.9,1415170.0
2026-03-16 12:30:00,183.905,184.22,183.78,184.026,1452328.0
2026-03-16 12:35:00,184.02,184.23,184.0194,184.1674,1001354.0
2026-03-16 12:40:00,184.16,184.455,184.09,184.365,1096515.0
2026-03-16 12:45:00,184.365,184.44,184.215,184.33,824221.0
2026-03-16 12:50:00,184.33,184.55,184.29,184.39,886918.0
2026-03-16 12:55:00,184.4,184.52,184.34,184.44,822004.0
2026-03-16 13:00:00,184.44,184.95,184.435,184.67,2072481.0
2026-03-16 13:05:00,184.68,184.8699,184.63,184.735,1050134.0
2026-03-16 13:10:00,184.735,185.02,184.726,184.8697,1895055.0
2026-03-16 13:15:00,184.8616,184.875,184.66,184.79,992877.0
2026-03-16 13:20:00,184.785,184.965,184.78,184.944,1189282.0
2026-03-16 13:25:00,184.95,185.06,184.75,184.7601,1368682.0
2026-03-16 13:30:00,184.77,184.91,184.67,184.74,935982.0
2026-03-16 13:35:00,184.74,184.8,184.33,184.345,1335003.0
2026-03-16 13:40:00,184.345,184.45,184.31,184.325,1279021.0
2026-03-16 13:45:00,184.335,184.515,184.27,184.45,1273973.0
2026-03-16 13:50:00,184.45,184.595,184.35,184.555,1103409.0
2026-03-16 13:55:00,184.555,184.58,184.385,184.4865,948948.0
2026-03-16 14:00:00,184.49,184.72,184.46,184.695,1042117.0
2026-03-16 14:05:00,184.6927,185.15,184.6735,185.116,2100676.0
2026-03-16 14:10:00,185.115,185.37,185.1,185.24,1938231.0
2026-03-16 14:15:00,185.25,185.53,185.245,185.425,2421798.0
2026-03-16 14:20:00,185.4277,185.47,185.165,185.27,1705079.0
2026-03-16 14:25:00,185.2602,185.33,184.82,184.935,1800991.0
2026-03-16 14:30:00,184.9399,185.05,184.555,184.585,1944322.0
2026-03-16 14:35:00,184.59,184.64,184.475,184.62,1592450.0
2026-03-16 14:40:00,184.62,184.69,184.34,184.45,1621362.0
2026-03-16 14:45:00,184.45,184.465,184.29,184.375,1235853.0
2026-03-16 14:50:00,184.37,184.3782,184.02,184.036,2160825.0
2026-03-16 14:55:00,184.03,184.185,183.775,183.83,2195727.0
2026-03-16 15:00:00,183.835,183.985,183.46,183.585,1984083.0
2026-03-16 15:05:00,183.586,188.8,183.41,187.58,9414115.0
2026-03-16 15:10:00,187.57,188.88,185.36,185.51,15585508.0
2026-03-16 15:15:00,185.52,185.98,184.1,184.25,8307449.0
2026-03-16 15:20:00,184.23,184.3,182.36,182.74,9402056.0
2026-03-16 15:25:00,182.74,182.8,181.68,181.8338,7610682.0
2026-03-16 15:30:00,181.85,182.95,181.41,182.8675,7183954.0
2026-03-16 15:35:00,182.84,183.43,182.84,183.363,4399165.0
2026-03-16 15:40:00,183.37,183.62,183.1,183.545,3201907.0
2026-03-16 15:45:00,183.55,183.56,183.13,183.4399,2816820.0
2026-03-16 15:50:00,183.43,183.655,183.0,183.07,4034180.0
2026-03-16 15:55:00,183.07,183.37,182.795,183.13,5133416.0
2026-03-17 09:30:00,185.06,185.4,183.26,183.53,7983264.0
2026-03-17 09:35:00,183.54,184.3799,183.36,184.01,4385951.0
2026-03-17 09:40:00,184.0,184.11,183.53,184.0517,3234421.0
2026-03-17 09:45:00,184.0597,184.28,183.41,183.8806,3836041.0
2026-03-17 09:50:00,183.88,183.99,183.12,183.44,3008821.0
2026-03-17 09:55:00,183.445,183.5,182.96,183.098,2863262.0
2026-03-17 10:00:00,183.1,183.24,182.37,182.57,3592940.0
2026-03-17 10:05:00,182.58,182.7407,181.91,181.935,3509656.0
2026-03-17 10:10:00,181.98,182.61,181.9,182.37,3783399.0
2026-03-17 10:15:00,182.37,183.02,182.22,183.01,2466685.0
2026-03-17 10:20:00,183.02,183.59,182.83,183.4585,3881874.0
2026-03-17 10:25:00,183.4501,183.56,182.91,183.09,2728404.0
2026-03-17 10:30:00,183.08,183.27,182.64,183.08,2447079.0
2026-03-17 10:35:00,183.07,183.41,183.01,183.08,1682152.0
2026-03-17 10:40:00,183.09,183.4,182.96,183.1599,1698619.0
2026-03-17 10:45:00,183.154,183.33,183.04,183.1351,1409679.0
2026-03-17 10:50:00,183.14,183.195,182.76,183.0898,1831153.0
2026-03-17 10:55:00,183.09,183.34,182.92,183.02,1858599.0
2026-03-17 11:00:00,183.01,183.21,182.8494,182.885,1594390.0
2026-03-17 11:05:00,182.8723,182.97,182.35,182.375,1977963.0
2026-03-17 11:10:00,182.375,182.715,182.2403,182.615,1830747.0
2026-03-17 11:15:00,182.615,182.881,182.48,182.66,1571918.0
2026-03-17 11:20:00,182.6651,182.7951,182.4,182.525,2448142.0
2026-03-17 11:25:00,182.525,182.73,182.4,182.435,1336711.0
2026-03-17 11:30:00,182.435,182.576,182.12,182.1618,1726316.0
2026-03-17 11:35:00,182.19,182.285,181.6804,181.9901,2789261.0
2026-03-17 11:40:00,181.995,182.37,181.92,182.34,1520437.0
2026-03-17 11:45:00,182.345,182.48,182.22,182.2865,1523060.0
2026-03-17 11:50:00,182.285,182.58,182.285,182.385,1208376.0
2026-03-17 11:55:00,182.385,182.46,182.1601,182.17,1098176.0
2026-03-17 12:00:00,182.18,182.185,181.935,181.9586,1190161.0
2026-03-17 12:05:00,181.95,182.11,181.74,181.949,1752350.0
2026-03-17 12:10:00,181.95,182.12,181.92,181.9899,1484793.0
2026-03-17 12:15:00,181.98,183.1,181.96,182.8,3969584.0
2026-03-17 12:20:00,182.805,182.83,182.34,182.65,2391489.0
2026-03-17 12:25:00,182.64,182.78,182.56,182.6983,1298768.0
2026-03-17 12:30:00,182.7,182.95,182.31,182.43,2016861.0
2026-03-17 12:35:00,182.44,182.53,182.34,182.4551,1221853.0
2026-03-17 12:40:00,182.45,182.65,182.334,182.59,1180943.0
2026-03-17 12:45:00,182.5801,182.6,182.23,182.31,1237221.0
2026-03-17 12:50:00,182.31,182.37,181.87,182.1401,1566235.0
2026-03-17 12:55:00,182.14,182.35,181.95,182.06,1295069.0
2026-03-17 13:00:00,182.06,182.63,182.055,182.52,2275334.0
2026-03-17 13:05:00,182.52,182.565,182.21,182.5102,1330597.0
2026-03-17 13:10:00,182.5,182.51,182.2,182.422,1068648.0
2026-03-17 13:15:00,182.42,182.71,182.3445,182.665,1259666.0
2026-03-17 13:20:00,182.664,182.7,182.51,182.58,779357.0
2026-03-17 13:25:00,182.58,182.58,182.36,182.41,784011.0
2026-03-17 13:30:00,182.41,182.79,182.4,182.71,1095431.0
2026-03-17 13:35:00,182.71,183.2,182.68,183.0499,1921411.0
2026-03-17 13:40:00,183.04,183.09,182.8214,182.84,932046.0
2026-03-17 13:45:00,182.846,182.932,182.7,182.825,938367.0
2026-03-17 13:50:00,182.82,183.185,182.74,183.185,1248820.0
2026-03-17 13:55:00,183.2,183.23,182.91,182.98,1077873.0
2026-03-17 14:00:00,183.0,183.34,182.96,183.21,1476749.0
2026-03-17 14:05:00,183.215,183.47,183.21,183.44,1855488.0
2026-03-17 14:10:00,183.435,183.46,183.2101,183.25,1178747.0
2026-03-17 14:15:00,183.26,183.34,183.085,183.1799,1109106.0
2026-03-17 14:20:00,183.175,183.24,183.03,183.12,1631522.0
2026-03-17 14:25:00,183.125,183.28,183.02,183.04,1094086.0
2026-03-17 14:30:00,183.03,183.1599,182.85,182.915,1212005.0
2026-03-17 14:35:00,182.91,183.08,182.85,182.865,934163.0
2026-03-17 14:40:00,182.865,182.9,182.64,182.68,927194.0
2026-03-17 14:45:00,182.685,182.84,182.643,182.685,1011048.0
2026-03-17 14:50:00,182.685,182.69,182.54,182.595,925934.0
2026-03-17 14:55:00,182.595,182.605,182.31,182.34,1484109.0
2026-03-17 15:00:00,182.33,182.49,182.22,182.285,1216603.0
2026-03-17 15:05:00,182.28,182.35,182.06,182.25,1643025.0
2026-03-17 15:10:00,182.245,182.38,182.2,182.275,1083536.0
2026-03-17 15:15:00,182.2703,182.48,182.25,182.37,1170941.0
2026-03-17 15:20:00,182.37,182.39,182.2101,182.3292,965927.0
2026-03-17 15:25:00,182.3251,182.69,182.21,182.6401,2210039.0
2026-03-17 15:30:00,182.64,182.93,182.46,182.5751,2569502.0
2026-03-17 15:35:00,182.575,182.74,182.36,182.465,1425818.0
2026-03-17 15:40:00,182.47,182.64,182.28,182.375,1771777.0
2026-03-17 15:45:00,182.375,182.47,182.29,182.39,1465540.0
2026-03-17 15:50:00,182.4,182.45,181.91,182.4,2764325.0
2026-03-17 15:55:00,182.39,182.395,181.81,181.96,4889134.0
2026-03-18 09:30:00,182.48,182.82,180.72,180.91,6479211.0
2026-03-18 09:35:00,180.9,181.68,180.8,181.59,3569168.0
2026-03-18 09:40:00,181.5912,182.1999,181.3,181.6429,3574249.0
2026-03-18 09:45:00,181.65,182.101,181.625,181.925,2819915.0
2026-03-18 09:50:00,181.95,182.18,181.61,182.045,2800901.0
2026-03-18 09:55:00,182.045,182.6,182.03,182.4662,2550742.0
2026-03-18 10:00:00,182.47,182.83,182.2,182.7001,2695049.0
2026-03-18 10:05:00,182.7,183.38,182.66,183.115,3235251.0
2026-03-18 10:10:00,183.125,183.2,182.41,182.4299,2639403.0
2026-03-18 10:15:00,182.45,182.94,182.42,182.74,2045376.0
2026-03-18 10:20:00,182.7306,182.895,182.615,182.79,1492883.0
2026-03-18 10:25:00,182.78,182.8,182.13,182.2795,2219087.0
2026-03-18 10:30:00,182.28,182.81,182.255,182.375,2153688.0
2026-03-18 10:35:00,182.375,182.6993,182.235,182.415,1628314.0
2026-03-18 10:40:00,182.415,182.43,182.1,182.1097,2025210.0
2026-03-18 10:45:00,182.1,182.2779,181.865,181.875,1674148.0
2026-03-18 10:50:00,181.865,182.32,181.84,182.26,1722726.0
2026-03-18 10:55:00,182.25,182.77,182.22,182.76,1928946.0
2026-03-18 11:00:00,182.765,183.09,182.61,183.06,2495119.0
2026-03-18 11:05:00,183.06,183.24,182.92,183.01,1993255.0
2026-03-18 11:10:00,183.01,183.12,182.78,182.945,1874644.0
2026-03-18 11:15:00,182.95,182.9899,182.41,182.455,1759512.0
2026-03-18 11:20:00,182.4574,182.63,182.27,182.4921,1922376.0
2026-03-18 11:25:00,182.49,182.63,182.45,182.54,1191235.0
2026-03-18 11:30:00,182.54,182.5999,182.41,182.48,1016855.0
2026-03-18 11:35:00,182.495,182.665,182.32,182.615,1521292.0
2026-03-18 11:40:00,182.61,182.705,182.37,182.49,1068999.0
2026-03-18 11:45:00,182.495,182.55,182.325,182.365,1030308.0
2026-03-18 11:50:00,182.361,182.665,182.335,182.65,1636627.0
2026-03-18 11:55:00,182.64,182.6699,182.4501,182.47,949492.0
2026-03-18 12:00:00,182.47,182.61,182.36,182.605,895024.0
2026-03-18 12:05:00,182.6,182.73,182.45,182.48,982529.0
2026-03-18 12:10:00,182.49,182.815,182.43,182.69,1010289.0
2026-03-18 12:15:00,182.699,182.7099,182.365,182.63,1310145.0
2026-03-18 12:20:00,182.64,182.665,182.542,182.6101,731213.0
2026-03-18 12:25:00,182.62,182.85,182.54,182.74,1440183.0
2026-03-18 12:30:00,182.74,182.755,182.28,182.32,1336292.0
2026-03-18 12:35:00,182.31,182.395,182.1,182.29,1428303.0
2026-03-18 12:40:00,182.2956,182.37,182.18,182.2801,908489.0
2026-03-18 12:45:00,182.28,182.38,182.1701,182.375,801609.0
2026-03-18 12:50:00,182.37,182.58,182.26,182.54,1066125.0
2026-03-18 12:55:00,182.535,182.67,182.4,182.425,1033216.0
2026-03-18 13:00:00,182.42,182.4372,182.0,182.185,1448737.0
2026-03-18 13:05:00,182.178,182.185,181.97,182.035,853945.0
2026-03-18 13:10:00,182.04,182.13,181.91,181.955,794842.0
2026-03-18 13:15:00,181.95,182.06,181.83,181.975,1102343.0
2026-03-18 13:20:00,181.97,182.085,181.88,182.04,840656.0
2026-03-18 13:25:00,182.045,182.075,181.94,182.07,778514.0
2026-03-18 13:30:00,182.07,182.32,181.82,182.3199,1237748.0
2026-03-18 13:35:00,182.32,182.52,182.26,182.455,1064474.0
2026-03-18 13:40:00,182.455,182.46,182.34,182.385,843316.0
2026-03-18 13:45:00,182.3882,182.725,182.38,182.495,1359668.0
2026-03-18 13:50:00,182.49,182.6985,182.45,182.61,889814.0
2026-03-18 13:55:00,182.62,182.735,182.56,182.63,722690.0
2026-03-18 14:00:00,182.64,183.15,182.59,183.01,2464162.0
2026-03-18 14:05:00,183.005,183.03,182.795,182.83,1100063.0
2026-03-18 14:10:00,182.83,182.85,182.56,182.694,1122952.0
2026-03-18 14:15:00,182.695,182.72,182.35,182.4702,1296790.0
2026-03-18 14:20:00,182.478,182.54,182.03,182.1694,1226645.0
2026-03-18 14:25:00,182.1782,182.33,182.105,182.315,928097.0
2026-03-18 14:30:00,182.31,182.395,181.663,181.675,2118244.0
2026-03-18 14:35:00,181.67,182.09,181.6,181.6799,2086066.0
2026-03-18 14:40:00,181.68,182.12,181.62,181.9,1511047.0
2026-03-18 14:45:00,181.89,181.95,181.72,181.73,1091716.0
2026-03-18 14:50:00,181.73,181.745,181.09,181.175,1965092.0
2026-03-18 14:55:00,181.18,181.43,181.13,181.225,1777904.0
2026-03-18 15:00:00,181.22,181.49,181.15,181.45,1487930.0
2026-03-18 15:05:00,181.45,181.68,181.3,181.425,2070521.0
2026-03-18 15:10:00,181.435,181.435,181.07,181.2478,1527598.0
2026-03-18 15:15:00,181.24,181.335,181.015,181.05,1487623.0
2026-03-18 15:20:00,181.044,181.2072,180.88,180.985,2282805.0
2026-03-18 15:25:00,180.98,181.35,180.8901,181.245,1807174.0
2026-03-18 15:30:00,181.23,181.385,181.015,181.13,1732358.0
2026-03-18 15:35:00,181.125,181.1398,180.84,180.925,1496572.0
2026-03-18 15:40:00,180.935,181.01,180.7,180.8,1862131.0
2026-03-18 15:45:00,180.8,180.97,180.705,180.77,1608957.0
2026-03-18 15:50:00,180.765,180.9,180.5,180.73,2658292.0
2026-03-18 15:55:00,180.725,180.735,180.33,180.35,4075107.0
2026-03-19 09:30:00,178.01,178.03,176.27,176.63,7971068.0
2026-03-19 09:35:00,176.62,176.875,175.785,176.63,6073722.0
2026-03-19 09:40:00,176.62,176.8,176.08,176.345,5340789.0
2026-03-19 09:45:00,176.34,176.7,176.03,176.65,3864151.0
2026-03-19 09:50:00,176.65,177.6296,176.46,177.47,4412893.0
2026-03-19 09:55:00,177.47,177.68,177.03,177.673,2717786.0
2026-03-19 10:00:00,177.66,177.9599,177.34,177.47,3194537.0
2026-03-19 10:05:00,177.48,177.75,177.22,177.405,2500889.0
2026-03-19 10:10:00,177.4,178.18,177.31,178.085,2718652.0
2026-03-19 10:15:00,178.09,178.37,177.87,178.09,2439540.0
2026-03-19 10:20:00,178.1,178.3993,177.7,177.88,2079430.0
2026-03-19 10:25:00,177.885,178.08,177.36,177.59,2010091.0
2026-03-19 10:30:00,177.59,178.47,177.555,178.4,2364215.0
2026-03-19 10:35:00,178.4028,178.46,177.65,177.88,2215021.0
2026-03-19 10:40:00,177.875,178.1,177.66,177.81,1519826.0
2026-03-19 10:45:00,177.815,178.03,177.63,178.02,1361474.0
2026-03-19 10:50:00,178.02,178.395,177.95,178.16,1820932.0
2026-03-19 10:55:00,178.16,178.39,177.93,178.195,1609418.0
2026-03-19 11:00:00,178.19,178.57,178.025,178.45,1597228.0
2026-03-19 11:05:00,178.46,178.966,178.35,178.58,2346078.0
2026-03-19 11:10:00,178.59,179.05,178.5,178.875,1897934.0
2026-03-19 11:15:00,178.8724,179.02,177.965,178.39,1799991.0
2026-03-19 11:20:00,178.39,178.515,178.2,178.29,1728263.0
2026-03-19 11:25:00,178.29,178.4,178.06,178.235,1604779.0
2026-03-19 11:30:00,178.24,178.24,177.8,177.87,1546820.0
2026-03-19 11:35:00,177.86,178.04,177.69,178.02,1335629.0
2026-03-19 11:40:00,178.01,178.15,177.8,177.825,1332334.0
2026-03-19 11:45:00,177.82,178.065,177.665,177.975,1303016.0
2026-03-19 11:50:00,177.97,178.0499,177.81,177.8899,960539.0
2026-03-19 11:55:00,177.885,178.36,177.82,178.3098,1653556.0
2026-03-19 12:00:00,178.3001,178.7351,178.16,178.56,1593252.0
2026-03-19 12:05:00,178.555,178.94,178.51,178.635,1592026.0
2026-03-19 12:10:00,178.635,178.735,178.34,178.61,1365043.0
2026-03-19 12:15:00,178.61,178.738,178.33,178.4618,991345.0
2026-03-19 12:20:00,178.465,178.79,178.395,178.51,1121622.0
2026-03-19 12:25:00,178.51,178.87,178.42,178.785,1117598.0
2026-03-19 12:30:00,178.79,178.9,178.38,178.579,1402771.0
2026-03-19 12:35:00,178.57,178.665,178.34,178.655,1143726.0
2026-03-19 12:40:00,178.655,178.8,178.33,178.415,1290080.0
2026-03-19 12:45:00,178.4235,178.46,178.18,178.2399,1227069.0
2026-03-19 12:50:00,178.23,178.2474,178.06,178.21,953960.0
2026-03-19 12:55:00,178.22,178.2298,178.06,178.156,816431.0
2026-03-19 13:00:00,178.16,178.2,177.91,177.92,991525.0
2026-03-19 13:05:00,177.922,177.9499,177.57,177.585,1385150.0
2026-03-19 13:10:00,177.58,177.86,177.56,177.685,1073236.0
2026-03-19 13:15:00,177.685,178.17,177.63,178.121,1493488.0
2026-03-19 13:20:00,178.12,178.54,178.065,178.4362,1552133.0
2026-03-19 13:25:00,178.435,178.75,178.38,178.545,1143298.0
2026-03-19 13:30:00,178.55,178.75,178.31,178.395,1033010.0
2026-03-19 13:35:00,178.395,178.41,178.23,178.25,697843.0
2026-03-19 13:40:00,178.24,178.27,178.06,178.155,815559.0
2026-03-19 13:45:00,178.15,178.18,177.97,178.155,858074.0
2026-03-19 13:50:00,178.155,178.55,178.1312,178.42,1010791.0
2026-03-19 13:55:00,178.424,178.424,178.18,178.2301,608723.0
2026-03-19 14:00:00,178.22,178.26,178.08,178.115,834549.0
2026-03-19 14:05:00,178.115,178.485,178.085,178.4198,836579.0
2026-03-19 14:10:00,178.42,178.93,178.42,178.87,1225306.0
2026-03-19 14:15:00,178.86,178.935,178.71,178.93,859130.0
2026-03-19 14:20:00,178.93,179.24,178.915,178.965,1872045.0
2026-03-19 14:25:00,178.96,179.1199,178.78,178.9699,1243665.0
2026-03-19 14:30:00,178.98,178.99,178.7012,178.785,1005362.0
2026-03-19 14:35:00,178.785,178.87,178.51,178.63,1029337.0
2026-03-19 14:40:00,178.635,178.655,178.235,178.275,894066.0
2026-03-19 14:45:00,178.278,178.4,178.21,178.285,812761.0
2026-03-19 14:50:00,178.285,178.285,178.09,178.2,908957.0
2026-03-19 14:55:00,178.2,178.73,178.105,178.65,1463657.0
2026-03-19 15:00:00,178.65,179.09,178.59,178.825,2019553.0
2026-03-19 15:05:00,178.815,179.795,178.79,179.595,3467450.0
2026-03-19 15:10:00,179.595,179.935,179.2601,179.705,2576610.0
2026-03-19 15:15:00,179.71,179.98,179.64,179.82,1998595.0
2026-03-19 15:20:00,179.83,179.855,179.19,179.32,1968442.0
2026-03-19 15:25:00,179.31,179.345,178.87,179.135,1871208.0
2026-03-19 15:30:00,179.13,179.15,178.5615,178.57,2303841.0
2026-03-19 15:35:00,178.575,178.675,178.3024,178.58,1861040.0
2026-03-19 15:40:00,178.58,178.68,178.22,178.39,1951792.0
2026-03-19 15:45:00,178.39,178.52,178.17,178.294,2160085.0
2026-03-19 15:50:00,178.29,178.65,177.91,178.36,3269295.0
2026-03-19 15:55:00,178.36,178.88,178.36,178.505,4913173.0
2026-03-20 09:30:00,178.0,178.26,176.75,177.155,19390862.0
2026-03-20 09:35:00,177.14,177.47,176.88,177.02,2835255.0
2026-03-20 09:40:00,177.03,178.035,176.99,177.7135,3301754.0
2026-03-20 09:45:00,177.725,177.8298,177.08,177.39,2936731.0
2026-03-20 09:50:00,177.39,177.51,176.64,176.8385,2808319.0
2026-03-20 09:55:00,176.8485,176.91,175.84,175.84,3441425.0
2026-03-20 10:00:00,175.85,176.188,175.61,176.03,4141012.0
2026-03-20 10:05:00,176.02,176.31,175.81,176.15,3564394.0
2026-03-20 10:10:00,176.15,176.33,175.43,175.5699,2733483.0
2026-03-20 10:15:00,175.555,176.265,175.46,176.2225,2583357.0
2026-03-20 10:20:00,176.2223,176.25,175.67,175.845,1998965.0
2026-03-20 10:25:00,175.84,175.995,175.515,175.74,2341518.0
2026-03-20 10:30:00,175.75,175.99,175.62,175.945,2331809.0
2026-03-20 10:35:00,175.95,176.0999,175.56,175.685,3054726.0
2026-03-20 10:40:00,175.68,175.79,175.525,175.68,1895904.0
2026-03-20 10:45:00,175.67,175.695,175.25,175.495,2786849.0
2026-03-20 10:50:00,175.495,175.65,175.0,175.06,3154058.0
2026-03-20 10:55:00,175.07,175.885,175.07,175.855,2651024.0
2026-03-20 11:00:00,175.8475,176.25,175.55,175.6199,2639198.0
2026-03-20 11:05:00,175.6351,175.86,175.55,175.83,1284734.0
2026-03-20 11:10:00,175.83,176.1351,175.8,176.09,1580337.0
2026-03-20 11:15:00,176.085,176.2,175.63,175.643,1855264.0
2026-03-20 11:20:00,175.65,176.11,175.6,175.66,1847720.0
2026-03-20 11:25:00,175.67,175.7589,175.475,175.695,2192509.0
2026-03-20 11:30:00,175.7,175.85,175.56,175.82,1152897.0
2026-03-20 11:35:00,175.8207,175.93,175.57,175.7551,1153130.0
2026-03-20 11:40:00,175.765,175.9399,175.615,175.845,1205665.0
2026-03-20 11:45:00,175.8401,175.98,175.69,175.87,1805991.0
2026-03-20 11:50:00,175.86,176.01,175.72,176.0,1054839.0
2026-03-20 11:55:00,176.0,176.04,175.835,175.8599,901790.0
2026-03-20 12:00:00,175.86,176.21,175.78,176.11,1224005.0
2026-03-20 12:05:00,176.1,176.14,175.885,176.05,1397203.0
2026-03-20 12:10:00,176.04,176.42,176.0,176.3723,1169797.0
2026-03-20 12:15:00,176.37,176.45,176.07,176.42,1233823.0
2026-03-20 12:20:00,176.425,176.45,176.12,176.14,1002148.0
2026-03-20 12:25:00,176.145,176.19,175.87,175.9885,1453004.0
2026-03-20 12:30:00,175.985,175.985,175.54,175.625,1323309.0
2026-03-20 12:35:00,175.63,175.82,175.5515,175.62,894008.0
2026-03-20 12:40:00,175.63,175.84,175.615,175.715,727807.0
2026-03-20 12:45:00,175.71,175.79,175.435,175.525,904096.0
2026-03-20 12:50:00,175.53,175.66,175.4,175.6191,819776.0
2026-03-20 12:55:00,175.62,175.905,175.5202,175.6,1203657.0
2026-03-20 13:00:00,175.61,175.93,175.61,175.8301,850976.0
2026-03-20 13:05:00,175.835,175.89,175.48,175.73,1300074.0
2026-03-20 13:10:00,175.72,175.78,175.35,175.395,832607.0
2026-03-20 13:15:00,175.39,175.46,175.26,175.365,965700.0
2026-03-20 13:20:00,175.37,175.5,175.345,175.385,934406.0
2026-03-20 13:25:00,175.3827,175.4,175.03,175.07,1316856.0
2026-03-20 13:30:00,175.065,175.09,174.8,174.9,3620720.0
2026-03-20 13:35:00,174.9,174.95,174.53,174.7999,1967355.0
2026-03-20 13:40:00,174.795,174.89,174.55,174.595,1333725.0
2026-03-20 13:45:00,174.6,174.75,174.51,174.68,1240983.0
2026-03-20 13:50:00,174.67,174.89,174.61,174.835,1260417.0
2026-03-20 13:55:00,174.84,175.0,174.831,174.94,1721858.0
2026-03-20 14:00:00,174.93,175.005,174.64,174.65,1224016.0
2026-03-20 14:05:00,174.6599,174.77,174.56,174.7124,1175564.0
2026-03-20 14:10:00,174.72,174.81,174.55,174.625,958711.0
2026-03-20 14:15:00,174.63,174.685,174.58,174.675,852678.0
2026-03-20 14:20:00,174.6699,174.77,173.955,174.055,3067365.0
2026-03-20 14:25:00,174.05,174.37,174.05,174.2601,1653617.0
2026-03-20 14:30:00,174.265,174.34,173.84,173.9999,1874588.0
2026-03-20 14:35:00,174.0,174.01,173.605,173.765,1679634.0
2026-03-20 14:40:00,173.765,173.92,173.615,173.6394,1438193.0
2026-03-20 14:45:00,173.635,173.78,173.43,173.52,1628635.0
2026-03-20 14:50:00,173.51,173.71,173.46,173.53,1591051.0
2026-03-20 14:55:00,173.52,173.61,173.27,173.46,1972331.0
2026-03-20 15:00:00,173.46,173.76,173.44,173.52,1816069.0
2026-03-20 15:05:00,173.52,175.8,172.98,173.345,2350587.0
2026-03-20 15:10:00,173.35,173.41,173.0,173.21,1750014.0
2026-03-20 15:15:00,173.205,173.35,173.04,173.23,1898418.0
2026-03-20 15:20:00,173.22,173.22,172.67,172.72,2544975.0
2026-03-20 15:25:00,172.705,172.8599,172.3701,172.425,2615054.0
2026-03-20 15:30:00,172.425,172.67,172.26,172.315,3159304.0
2026-03-20 15:35:00,172.315,172.38,171.72,172.08,3854953.0
2026-03-20 15:40:00,172.075,172.79,171.97,172.75,3381377.0
2026-03-20 15:45:00,172.75,173.04,172.62,172.695,3387333.0
2026-03-20 15:50:00,172.7,172.79,172.125,172.65,4045016.0
2026-03-20 15:55:00,172.66,173.01,172.44,173.0,6776664.0
2026-03-23 09:30:00,177.255,177.68,175.8701,177.0,8291418.0
2026-03-23 09:35:00,177.01,177.58,176.71,177.315,4240874.0
2026-03-23 09:40:00,177.3294,177.48,176.54,176.56,4179521.0
2026-03-23 09:45:00,176.57,177.5,176.45,177.45,3446635.0
2026-03-23 09:50:00,177.45,177.53,176.93,177.33,2845054.0
2026-03-23 09:55:00,177.32,177.93,177.21,177.83,3258700.0
2026-03-23 10:00:00,177.83,177.96,177.16,177.27,3276137.0
2026-03-23 10:05:00,177.28,177.285,176.685,176.925,3311446.0
2026-03-23 10:10:00,176.91,177.515,176.73,177.328,3008925.0
2026-03-23 10:15:00,177.325,177.69,177.25,177.55,2217360.0
2026-03-23 10:20:00,177.54,178.2279,177.43,178.025,3411544.0
2026-03-23 10:25:00,178.02,178.04,177.66,177.865,2156971.0
2026-03-23 10:30:00,177.865,178.015,177.6,177.865,2237725.0
2026-03-23 10:35:00,177.87,178.085,177.65,177.75,2417075.0
2026-03-23 10:40:00,177.73,177.8085,177.39,177.455,1979291.0
2026-03-23 10:45:00,177.455,177.75,177.23,177.665,1971071.0
2026-03-23 10:50:00,177.66,177.725,177.26,177.6,1898378.0
2026-03-23 10:55:00,177.6,177.77,177.385,177.665,1667609.0
2026-03-23 11:00:00,177.665,178.27,177.53,178.155,2655208.0
2026-03-23 11:05:00,178.15,178.31,178.04,178.205,1731952.0
2026-03-23 11:10:00,178.205,178.37,177.96,178.0,1682948.0
2026-03-23 11:15:00,177.995,178.045,177.69,177.7065,1736731.0
2026-03-23 11:20:00,177.7101,177.835,177.4,177.7699,2070588.0
2026-03-23 11:25:00,177.76,177.8251,177.41,177.58,1519097.0
2026-03-23 11:30:00,177.59,177.78,177.325,177.3601,1783008.0
2026-03-23 11:35:00,177.36,177.375,176.7203,176.79,2383748.0
2026-03-23 11:40:00,176.78,176.96,176.53,176.675,2839259.0
2026-03-23 11:45:00,176.675,176.71,176.165,176.24,2238979.0
2026-03-23 11:50:00,176.24,176.368,175.5,175.6099,2786064.0
2026-03-23 11:55:00,175.6,175.7,175.04,175.125,2513914.0
2026-03-23 12:00:00,175.12,175.555,175.105,175.13,2438415.0
2026-03-23 12:05:00,175.135,175.755,175.07,175.56,2046191.0
2026-03-23 12:10:00,175.55,175.75,175.4101,175.625,1550539.0
2026-03-23 12:15:00,175.625,175.66,175.19,175.205,1595577.0
2026-03-23 12:20:00,175.2055,175.37,175.03,175.321,1761386.0
2026-03-23 12:25:00,175.32,175.335,174.76,174.81,2220449.0
2026-03-23 12:30:00,174.82,175.4,174.8,175.4,1580589.0
2026-03-23 12:35:00,175.3999,175.63,175.35,175.41,1527173.0
2026-03-23 12:40:00,175.4,175.65,175.39,175.58,1271163.0
2026-03-23 12:45:00,175.59,175.87,175.535,175.7343,1271640.0
2026-03-23 12:50:00,175.74,175.89,175.57,175.681,1230632.0
2026-03-23 12:55:00,175.69,175.78,175.4504,175.53,1310636.0
2026-03-23 13:00:00,175.535,175.69,175.19,175.225,1301358.0
2026-03-23 13:05:00,175.23,175.6096,175.16,175.56,1491308.0
2026-03-23 13:10:00,175.565,175.57,175.27,175.315,970611.0
2026-03-23 13:15:00,175.32,175.46,175.07,175.295,871234.0
2026-03-23 13:20:00,175.29,176.66,174.97,175.18,1085489.0
2026-03-23 13:25:00,175.185,175.435,175.15,175.28,991322.0
2026-03-23 13:30:00,175.28,175.825,175.27,175.59,1393663.0
2026-03-23 13:35:00,175.58,176.05,175.56,175.97,1668379.0
2026-03-23 13:40:00,175.95,176.038,175.64,175.82,1268948.0
2026-03-23 13:45:00,175.835,175.895,175.65,175.8201,956878.0
2026-03-23 13:50:00,175.82,176.03,175.75,175.96,1039956.0
2026-03-23 13:55:00,175.95,176.22,175.8299,176.19,1075627.0
2026-03-23 14:00:00,176.19,176.39,176.08,176.33,946677.0
2026-03-23 14:05:00,176.33,176.36,175.84,176.165,1378707.0
2026-03-23 14:10:00,176.16,176.41,176.115,176.195,986757.0
2026-03-23 14:15:00,176.2,176.28,175.99,176.065,1020926.0
2026-03-23 14:20:00,176.06,176.24,176.03,176.185,763854.0
2026-03-23 14:25:00,176.185,176.3195,176.08,176.105,972700.0
2026-03-23 14:30:00,176.1,176.65,176.09,176.6235,1458273.0
2026-03-23 14:35:00,176.63,176.96,176.42,176.6099,1844548.0
2026-03-23 14:40:00,176.61,176.695,176.37,176.5301,1199543.0
2026-03-23 14:45:00,176.53,176.76,176.44,176.6601,1239704.0
2026-03-23 14:50:00,176.66,176.71,176.49,176.555,999871.0
2026-03-23 14:55:00,176.575,176.71,176.48,176.585,1053935.0
2026-03-23 15:00:00,176.58,176.65,176.265,176.41,1345717.0
2026-03-23 15:05:00,176.4,176.645,176.345,176.6096,1141277.0
2026-03-23 15:10:00,176.6,176.62,176.375,176.445,1203169.0
2026-03-23 15:15:00,176.445,176.57,176.25,176.445,1352746.0
2026-03-23 15:20:00,176.445,176.5,176.21,176.33,1220103.0
2026-03-23 15:25:00,176.34,176.435,176.18,176.23,1269478.0
2026-03-23 15:30:00,176.225,176.51,176.17,176.47,1236445.0
2026-03-23 15:35:00,176.47,176.65,176.365,176.4699,1583235.0
2026-03-23 15:40:00,176.46,176.62,176.41,176.58,1183974.0
2026-03-23 15:45:00,176.57,176.7,176.48,176.61,1844921.0
2026-03-23 15:50:00,176.615,176.67,175.82,175.89,3263652.0
2026-03-23 15:55:00,175.92,176.1,175.5,175.51,5763280.0
2026-03-24 09:30:00,174.83,175.9,174.6818,175.635,3927271.0
2026-03-24 09:35:00,175.635,175.68,175.0517,175.145,2614562.0
2026-03-24 09:40:00,175.14,175.19,174.4,174.7601,2634115.0
2026-03-24 09:45:00,174.76,175.305,174.6701,174.69,2090873.0
2026-03-24 09:50:00,174.68,174.8201,174.09,174.38,2910366.0
2026-03-24 09:55:00,174.39,175.11,174.355,174.935,2573526.0
2026-03-24 10:00:00,174.94,175.33,174.67,174.7564,2295292.0
2026-03-24 10:05:00,174.7478,174.92,174.52,174.83,1930799.0
2026-03-24 10:10:00,174.8399,174.93,174.01,174.2899,2249359.0
2026-03-24 10:15:00,174.29,174.74,174.195,174.6701,1925272.0
2026-03-24 10:20:00,174.67,174.715,174.12,174.315,1980959.0
2026-03-24 10:25:00,174.3106,174.59,173.98,174.25,2181680.0
2026-03-24 10:30:00,174.255,174.56,174.135,174.545,1782717.0
2026-03-24 10:35:00,174.54,174.77,174.208,174.3199,1754534.0
2026-03-24 10:40:00,174.315,174.68,174.24,174.65,1626595.0
2026-03-24 10:45:00,174.64,174.8499,174.195,174.4401,2187252.0
2026-03-24 10:50:00,174.46,175.35,174.295,174.955,2909397.0
2026-03-24 10:55:00,174.95,175.375,174.22,174.7706,2842865.0
2026-03-24 11:00:00,174.79,175.39,174.78,175.21,1970311.0
2026-03-24 11:05:00,175.19,175.326,175.14,175.185,1407537.0
2026-03-24 11:10:00,175.19,175.6,175.0693,175.405,1877859.0
2026-03-24 11:15:00,175.405,175.89,175.38,175.815,2217933.0
2026-03-24 11:20:00,175.81,176.09,175.64,175.975,2496518.0
2026-03-24 11:25:00,175.98,176.16,175.56,175.615,2040761.0
2026-03-24 11:30:00,175.61,175.9,175.4,175.595,1669071.0
2026-03-24 11:35:00,175.5999,175.87,175.56,175.725,1453273.0
2026-03-24 11:40:00,175.72,175.85,175.585,175.6199,1130000.0
2026-03-24 11:45:00,175.62,175.7398,175.5,175.7299,1162936.0
2026-03-24 11:50:00,175.7299,175.85,175.68,175.76,1013640.0
2026-03-24 11:55:00,175.76,175.76,175.2201,175.33,1364993.0
2026-03-24 12:00:00,175.34,175.4099,175.04,175.185,1260971.0
2026-03-24 12:05:00,175.19,175.3499,174.92,175.335,1411679.0
2026-03-24 12:10:00,175.3398,175.4,174.98,175.205,1197742.0
2026-03-24 12:15:00,175.21,175.5,175.205,175.4001,996878.0
2026-03-24 12:20:00,175.405,175.715,175.35,175.575,1035993.0
2026-03-24 12:25:00,175.58,175.6,175.27,175.325,1169859.0
2026-03-24 12:30:00,175.33,175.48,175.12,175.12,1057258.0
2026-03-24 12:35:00,175.12,175.135,174.67,174.68,1356689.0
2026-03-24 12:40:00,174.69,175.13,174.685,175.1186,1073816.0
2026-03-24 12:45:00,175.12,175.3897,175.1,175.265,987310.0
2026-03-24 12:50:00,175.26,175.42,175.1914,175.2075,818356.0
2026-03-24 12:55:00,175.2,175.25,174.95,175.145,947902.0
2026-03-24 13:00:00,175.145,175.29,174.82,174.83,1015857.0
2026-03-24 13:05:00,174.84,174.94,174.53,174.665,1282693.0
2026-03-24 13:10:00,174.68,174.7799,174.41,174.59,1111770.0
2026-03-24 13:15:00,174.58,174.66,174.385,174.485,870834.0
2026-03-24 13:20:00,174.48,174.725,174.45,174.565,800813.0
2026-03-24 13:25:00,174.57,174.751,174.505,174.7073,742383.0
2026-03-24 13:30:00,174.7,174.92,174.58,174.6443,770528.0
2026-03-24 13:35:00,174.65,174.875,174.58,174.77,652067.0
2026-03-24 13:40:00,174.77,174.845,174.415,174.585,769138.0
2026-03-24 13:45:00,174.5802,174.75,174.49,174.665,793899.0
2026-03-24 13:50:00,174.66,175.0,174.59,174.95,934067.0
2026-03-24 13:55:00,174.94,175.38,174.87,175.365,1743650.0
2026-03-24 14:00:00,175.37,175.6,175.27,175.525,1180619.0
2026-03-24 14:05:00,175.52,175.565,175.17,175.2899,950993.0
2026-03-24 14:10:00,175.285,175.42,175.2,175.275,880252.0
2026-03-24 14:15:00,175.28,175.38,175.06,175.3,1373743.0
2026-03-24 14:20:00,175.32,175.44,175.23,175.345,817044.0
2026-03-24 14:25:00,175.3322,175.565,175.31,175.43,1007353.0
2026-03-24 14:30:00,175.43,175.85,175.31,175.735,1238555.0
2026-03-24 14:35:00,175.72,176.18,175.7101,176.15,1429823.0
2026-03-24 14:40:00,176.15,176.22,175.72,175.785,1404320.0
2026-03-24 14:45:00,175.7899,175.885,175.52,175.59,1201789.0
2026-03-24 14:50:00,175.5901,175.77,175.53,175.6799,1048896.0
2026-03-24 14:55:00,175.67,175.67,175.3,175.495,1142538.0
2026-03-24 15:00:00,175.49,175.74,175.485,175.59,1096098.0
2026-03-24 15:05:00,175.58,175.655,175.455,175.6,998366.0
2026-03-24 15:10:00,175.59,175.76,175.565,175.679,873288.0
2026-03-24 15:15:00,175.675,175.75,175.57,175.715,1022870.0
2026-03-24 15:20:00,175.72,175.755,175.4301,175.605,1383516.0
2026-03-24 15:25:00,175.6,175.72,175.48,175.515,1143467.0
2026-03-24 15:30:00,175.5178,175.62,175.24,175.36,1492861.0
2026-03-24 15:35:00,175.36,175.475,175.15,175.255,2143764.0
2026-03-24 15:40:00,175.25,175.36,175.11,175.13,1818481.0
2026-03-24 15:45:00,175.13,175.13,174.86,175.075,1656744.0
2026-03-24 15:50:00,175.08,175.31,175.06,175.11,1782441.0
2026-03-24 15:55:00,175.115,175.32,174.96,175.31,4366012.0
2026-03-25 09:30:00,177.1,178.83,176.85,178.76,6689955.0
2026-03-25 09:35:00,178.755,179.81,178.75,179.525,5442154.0
2026-03-25 09:40:00,179.52,179.84,179.1,179.21,3762957.0
2026-03-25 09:45:00,179.2,179.23,178.5,178.535,2853350.0
2026-03-25 09:50:00,178.54,178.705,178.157,178.515,2918188.0
2026-03-25 09:55:00,178.515,178.83,178.07,178.155,2985760.0
2026-03-25 10:00:00,178.165,178.975,177.89,178.78,3331138.0
2026-03-25 10:05:00,178.78,179.4499,178.76,179.39,2740314.0
2026-03-25 10:10:00,179.395,179.55,179.15,179.33,2759836.0
2026-03-25 10:15:00,179.32,179.64,179.15,179.4399,2615749.0
2026-03-25 10:20:00,179.435,180.255,179.41,179.86,4038177.0
2026-03-25 10:25:00,179.88,180.31,179.855,180.06,2883530.0
2026-03-25 10:30:00,180.05,180.33,179.83,180.095,2828058.0
2026-03-25 10:35:00,180.1,180.235,179.98,180.135,1609812.0
2026-03-25 10:40:00,180.14,180.63,180.03,180.55,3122917.0
2026-03-25 10:45:00,180.55,181.03,180.48,180.855,3267344.0
2026-03-25 10:50:00,180.85,181.22,180.735,181.03,3660652.0
2026-03-25 10:55:00,181.03,181.06,180.4,180.5,2485540.0
2026-03-25 11:00:00,180.5075,180.535,180.19,180.285,2062817.0
2026-03-25 11:05:00,180.285,180.285,179.83,179.89,2443511.0
2026-03-25 11:10:00,179.89,180.04,179.73,179.85,1804042.0
2026-03-25 11:15:00,179.855,179.98,179.2,179.7,3209890.0
2026-03-25 11:20:00,179.7,180.27,179.65,180.115,2673708.0
2026-03-25 11:25:00,180.12,180.21,179.91,180.0,1943295.0
2026-03-25 11:30:00,179.995,180.0559,179.695,179.94,1679874.0
2026-03-25 11:35:00,179.94,179.985,179.46,179.6401,2038402.0
2026-03-25 11:40:00,179.64,179.8,179.25,179.55,1639088.0
2026-03-25 11:45:00,179.55,179.64,179.34,179.515,1515523.0
2026-03-25 11:50:00,179.5101,179.685,179.18,179.245,1366282.0
2026-03-25 11:55:00,179.245,179.49,179.14,179.375,1238417.0
2026-03-25 12:00:00,179.38,179.44,178.92,178.94,1679337.0
2026-03-25 12:05:00,178.935,179.24,178.73,179.165,1450739.0
2026-03-25 12:10:00,179.16,179.17,178.945,179.1497,1230666.0
2026-03-25 12:15:00,179.14,179.22,178.88,178.955,1069154.0
2026-03-25 12:20:00,178.955,179.26,178.85,179.26,1704185.0
2026-03-25 12:25:00,179.26,179.4399,179.06,179.12,1535171.0
2026-03-25 12:30:00,179.11,179.3397,178.9738,179.23,1160245.0
2026-03-25 12:35:00,179.23,179.26,179.0,179.085,960531.0
2026-03-25 12:40:00,179.09,179.2299,178.94,179.195,942563.0
2026-03-25 12:45:00,179.2,179.225,179.03,179.155,759736.0
2026-03-25 12:50:00,179.155,179.3,178.9,179.245,1131601.0
2026-03-25 12:55:00,179.24,179.2679,178.87,178.9275,939594.0
2026-03-25 13:00:00,178.93,179.16,178.67,178.69,1248197.0
2026-03-25 13:05:00,178.69,178.86,178.51,178.575,1357910.0
2026-03-25 13:10:00,178.575,178.995,178.53,178.935,1010575.0
2026-03-25 13:15:00,178.925,178.93,178.545,178.71,787548.0
2026-03-25 13:20:00,178.712,178.97,178.67,178.875,850735.0
2026-03-25 13:25:00,178.87,179.13,178.84,178.93,883333.0
2026-03-25 13:30:00,178.94,178.95,178.66,178.78,849020.0
2026-03-25 13:35:00,178.785,179.18,178.76,179.1594,1225561.0
2026-03-25 13:40:00,179.15,179.57,179.09,179.36,1248907.0
2026-03-25 13:45:00,179.36,179.37,179.075,179.09,1917518.0
2026-03-25 13:50:00,179.085,179.26,178.8,178.84,1133153.0
2026-03-25 13:55:00,178.845,179.27,178.83,178.985,1192536.0
2026-03-25 14:00:00,178.98,179.05,178.8,179.03,1103983.0
2026-03-25 14:05:00,179.035,179.145,178.85,179.02,760398.0
2026-03-25 14:10:00,179.02,179.165,179.0001,179.055,594639.0
2026-03-25 14:15:00,179.055,179.3,179.05,179.1225,773307.0
2026-03-25 14:20:00,179.125,179.32,179.125,179.25,848257.0
2026-03-25 14:25:00,179.255,179.2999,178.99,179.02,1039641.0
2026-03-25 14:30:00,179.02,179.145,178.87,179.065,1156253.0
2026-03-25 14:35:00,179.065,179.2,178.935,179.045,1169976.0
2026-03-25 14:40:00,179.045,179.05,178.755,178.805,1002594.0
2026-03-25 14:45:00,178.8,178.865,178.73,178.79,835164.0
2026-03-25 14:50:00,178.7825,178.83,178.56,178.675,1458060.0
2026-03-25 14:55:00,178.68,178.6999,178.07,178.3137,1984171.0
2026-03-25 15:00:00,178.305,178.34,177.83,177.98,1928083.0
2026-03-25 15:05:00,177.9729,178.07,177.89,177.985,1055548.0
2026-03-25 15:10:00,177.985,178.48,177.95,178.46,1446231.0
2026-03-25 15:15:00,178.46,178.66,178.44,178.635,1370543.0
2026-03-25 15:20:00,178.635,178.84,178.6001,178.67,1191883.0
2026-03-25 15:25:00,178.66,178.75,178.48,178.6,1315162.0
2026-03-25 15:30:00,178.595,178.655,178.25,178.35,1276469.0
2026-03-25 15:35:00,178.35,178.62,178.3,178.565,1120726.0
2026-03-25 15:40:00,178.57,178.81,178.515,178.565,1295133.0
2026-03-25 15:45:00,178.565,178.71,178.485,178.68,1019317.0
2026-03-25 15:50:00,178.67,179.12,178.67,178.825,2445508.0
2026-03-25 15:55:00,178.825,178.9,178.53,178.67,3030594.0
2026-03-26 09:30:00,176.07,176.51,175.46,176.105,4817674.0
2026-03-26 09:35:00,176.1,176.16,175.37,175.41,3191667.0
2026-03-26 09:40:00,175.4024,175.99,175.17,175.96,3324168.0
2026-03-26 09:45:00,175.985,176.04,175.4,175.52,3088850.0
2026-03-26 09:50:00,175.5198,175.97,175.48,175.875,2601715.0
2026-03-26 09:55:00,175.88,175.91,175.2,175.68,2765869.0
2026-03-26 10:00:00,175.69,175.87,175.405,175.56,2358910.0
2026-03-26 10:05:00,175.555,175.815,175.2,175.215,2620012.0
2026-03-26 10:10:00,175.21,175.38,175.0,175.25,2964704.0
2026-03-26 10:15:00,175.255,175.44,175.13,175.195,1966968.0
2026-03-26 10:20:00,175.19,175.38,175.05,175.25,1638087.0
2026-03-26 10:25:00,175.25,175.31,174.8099,174.82,2042339.0
2026-03-26 10:30:00,174.815,175.1,174.71,174.9199,2413114.0
2026-03-26 10:35:00,174.92,175.0,174.59,174.77,2195528.0
2026-03-26 10:40:00,174.77,175.1599,173.86,173.955,3727620.0
2026-03-26 10:45:00,173.95,174.12,173.5301,173.775,3516606.0
2026-03-26 10:50:00,173.77,173.94,173.26,173.2799,2989866.0
2026-03-26 10:55:00,173.27,173.7471,173.01,173.6123,3257355.0
2026-03-26 11:00:00,173.62,174.0399,173.6,173.865,2665249.0
2026-03-26 11:05:00,173.86,174.1,173.685,173.85,1997546.0
2026-03-26 11:10:00,173.855,174.135,173.84,173.965,1801300.0
2026-03-26 11:15:00,173.97,174.21,173.85,174.04,2019903.0
2026-03-26 11:20:00,174.035,174.28,173.93,174.105,1541651.0
2026-03-26 11:25:00,174.1019,174.23,174.0,174.0701,1411178.0
2026-03-26 11:30:00,174.07,174.0799,173.705,173.82,1594789.0
2026-03-26 11:35:00,173.84,174.14,173.76,174.13,1597579.0
2026-03-26 11:40:00,174.12,174.485,174.07,174.44,1910576.0
2026-03-26 11:45:00,174.435,174.83,174.39,174.55,2188179.0
2026-03-26 11:50:00,174.5414,174.765,174.48,174.63,1318996.0
2026-03-26 11:55:00,174.63,174.71,174.49,174.6599,1038041.0
2026-03-26 12:00:00,174.655,174.735,174.41,174.58,1604590.0
2026-03-26 12:05:00,174.58,174.6499,174.5,174.5429,1036236.0
2026-03-26 12:10:00,174.535,174.58,174.22,174.43,2067318.0
2026-03-26 12:15:00,174.42,174.43,173.84,174.36,1751014.0
2026-03-26 12:20:00,174.35,174.375,173.95,174.1,1096923.0
2026-03-26 12:25:00,174.11,174.135,173.77,173.775,1173334.0
2026-03-26 12:30:00,173.785,173.9,173.59,173.865,1340349.0
2026-03-26 12:35:00,173.87,173.97,173.76,173.78,1068049.0
2026-03-26 12:40:00,173.78,173.97,173.7401,173.885,1260553.0
2026-03-26 12:45:00,173.8827,173.92,173.47,173.61,1616852.0
2026-03-26 12:50:00,173.62,173.8595,173.525,173.85,1151642.0
2026-03-26 12:55:00,173.855,173.91,173.725,173.83,1037584.0
2026-03-26 13:00:00,173.82,174.0,173.64,173.655,1149216.0
2026-03-26 13:05:00,173.655,173.75,173.57,173.725,811446.0
2026-03-26 13:10:00,173.725,173.89,173.5701,173.805,752778.0
2026-03-26 13:15:00,173.805,173.965,173.69,173.78,1043881.0
2026-03-26 13:20:00,173.78,173.78,173.33,173.45,1148593.0
2026-03-26 13:25:00,173.45,173.55,173.34,173.5401,854697.0
2026-03-26 13:30:00,173.54,173.715,173.41,173.64,930734.0
2026-03-26 13:35:00,173.65,173.67,173.365,173.39,977640.0
2026-03-26 13:40:00,173.385,173.4199,172.98,172.98,2220551.0
2026-03-26 13:45:00,172.98,173.05,172.64,172.6601,2098850.0
2026-03-26 13:50:00,172.67,172.68,172.265,172.265,2527150.0
2026-03-26 13:55:00,172.27,172.35,171.84,171.93,3275488.0
2026-03-26 14:00:00,171.92,172.5,171.915,172.16,2562354.0
2026-03-26 14:05:00,172.15,172.29,171.9715,172.165,1866888.0
2026-03-26 14:10:00,172.165,172.43,172.075,172.395,1595698.0
2026-03-26 14:15:00,172.4,172.4076,172.06,172.185,1426714.0
2026-03-26 14:20:00,172.185,172.375,172.155,172.345,1186549.0
2026-03-26 14:25:00,172.345,172.47,172.015,172.095,1486278.0
2026-03-26 14:30:00,172.095,172.315,172.06,172.235,1231030.0
2026-03-26 14:35:00,172.24,172.29,172.05,172.285,1832109.0
2026-03-26 14:40:00,172.285,172.38,172.03,172.15,1273352.0
2026-03-26 14:45:00,172.15,172.37,171.97,172.35,1562168.0
2026-03-26 14:50:00,172.35,172.505,172.28,172.465,1060627.0
2026-03-26 14:55:00,172.465,176.4799,172.12,172.2923,1283140.0
2026-03-26 15:00:00,172.295,172.3501,172.155,172.22,1155009.0
2026-03-26 15:05:00,172.225,172.285,171.66,171.905,2066342.0
2026-03-26 15:10:00,171.91,172.01,171.55,171.96,2375092.0
2026-03-26 15:15:00,171.9699,172.39,171.966,172.275,1995691.0
2026-03-26 15:20:00,172.28,172.3,172.02,172.185,1380733.0
2026-03-26 15:25:00,172.185,172.2499,171.98,172.125,1372849.0
2026-03-26 15:30:00,172.1232,172.15,171.72,171.9199,1525524.0
2026-03-26 15:35:00,171.93,172.08,171.8401,172.0296,1436739.0
2026-03-26 15:40:00,172.03,172.08,171.76,171.825,1743159.0
2026-03-26 15:45:00,171.82,171.87,171.58,171.845,2087787.0
2026-03-26 15:50:00,171.85,171.93,171.28,171.34,3711260.0
2026-03-26 15:55:00,171.335,171.698,171.14,171.22,6698923.0
2026-03-27 09:30:00,170.0,170.62,169.47,169.69,8506002.0
2026-03-27 09:35:00,169.72,170.89,169.08,170.775,5266438.0
2026-03-27 09:40:00,170.775,170.97,169.73,170.13,4359832.0
2026-03-27 09:45:00,170.12,170.76,170.1,170.21,3198953.0
2026-03-27 09:50:00,170.215,170.355,168.8,168.81,4790613.0
2026-03-27 09:55:00,168.81,168.84,168.16,168.4129,4068131.0
2026-03-27 10:00:00,168.41,168.89,168.15,168.775,3667142.0
2026-03-27 10:05:00,168.78,169.14,168.28,168.85,3535595.0
2026-03-27 10:10:00,168.86,169.39,168.55,168.8551,3258623.0
2026-03-27 10:15:00,168.85,169.13,168.49,168.725,2800456.0
2026-03-27 10:20:00,168.73,168.99,168.075,168.4001,2656916.0
2026-03-27 10:25:00,168.405,168.53,167.8,167.85,3507540.0
2026-03-27 10:30:00,167.83,168.2,167.8,168.1378,2382536.0
2026-03-27 10:35:00,168.1399,168.28,167.57,167.61,2726802.0
2026-03-27 10:40:00,167.6001,168.09,167.55,168.0,2418463.0
2026-03-27 10:45:00,167.99,168.72,167.95,168.6901,2842228.0
2026-03-27 10:50:00,168.69,168.92,168.32,168.46,2784892.0
2026-03-27 10:55:00,168.44,168.755,168.28,168.67,1860959.0
2026-03-27 11:00:00,168.68,169.125,168.56,168.945,2377243.0
2026-03-27 11:05:00,168.9451,168.99,168.655,168.835,1827704.0
2026-03-27 11:10:00,168.83,168.94,168.595,168.62,1647761.0
2026-03-27 11:15:00,168.62,168.62,168.25,168.455,1936546.0
2026-03-27 11:20:00,168.47,169.31,168.29,168.975,2634803.0
2026-03-27 11:25:00,168.97,169.5699,168.84,169.55,2215587.0
2026-03-27 11:30:00,169.56,169.94,169.42,169.78,2150845.0
2026-03-27 11:35:00,169.78,169.88,169.38,169.46,2293828.0
2026-03-27 11:40:00,169.455,169.505,169.18,169.3503,1648221.0
2026-03-27 11:45:00,169.36,169.6768,169.33,169.535,1315900.0
2026-03-27 11:50:00,169.53,169.73,169.42,169.55,1259158.0
2026-03-27 11:55:00,169.5451,169.725,169.47,169.55,1283917.0
2026-03-27 12:00:00,169.56,169.64,169.13,169.525,1515400.0
2026-03-27 12:05:00,169.525,169.5496,169.23,169.295,1032651.0
2026-03-27 12:10:00,169.295,169.34,169.16,169.34,1110632.0
2026-03-27 12:15:00,169.34,169.34,168.92,168.98,1496080.0
2026-03-27 12:20:00,168.97,169.1,168.93,168.965,1075510.0
2026-03-27 12:25:00,168.965,168.98,168.71,168.82,1338984.0
2026-03-27 12:30:00,168.81,168.89,168.53,168.625,1283923.0
2026-03-27 12:35:00,168.635,168.6999,168.435,168.45,1559299.0
2026-03-27 12:40:00,168.455,168.95,168.37,168.875,1368844.0
2026-03-27 12:45:00,168.876,169.16,168.85,169.135,1439686.0
2026-03-27 12:50:00,169.13,169.2,168.89,168.93,1501939.0
2026-03-27 12:55:00,168.935,168.96,168.8,168.865,773800.0
2026-03-27 13:00:00,168.865,168.9399,168.58,168.725,937214.0
2026-03-27 13:05:00,168.72,169.27,168.5898,168.96,1661979.0
2026-03-27 13:10:00,168.96,168.9901,168.635,168.685,1200237.0
2026-03-27 13:15:00,168.68,168.74,168.35,168.465,1145419.0
2026-03-27 13:20:00,168.46,168.465,168.14,168.355,1603935.0
2026-03-27 13:25:00,168.355,168.37,167.83,167.84,2032680.0
2026-03-27 13:30:00,167.84,168.1,167.83,168.07,1116772.0
2026-03-27 13:35:00,168.075,168.2279,168.05,168.1,969215.0
2026-03-27 13:40:00,168.09,168.145,167.87,167.91,1307789.0
2026-03-27 13:45:00,167.91,168.07,167.76,167.787,1666357.0
2026-03-27 13:50:00,167.785,167.97,167.74,167.82,1195062.0
2026-03-27 13:55:00,167.83,167.93,167.605,167.875,1390133.0
2026-03-27 14:00:00,167.87,167.967,167.81,167.9526,1389587.0
2026-03-27 14:05:00,167.95,168.06,167.79,167.9,1358043.0
2026-03-27 14:10:00,167.909,168.02,167.77,168.015,1284381.0
2026-03-27 14:15:00,168.02,168.24,167.92,168.1801,1420803.0
2026-03-27 14:20:00,168.185,168.22,167.91,167.99,1143706.0
2026-03-27 14:25:00,167.995,168.11,167.93,168.0,1069949.0
2026-03-27 14:30:00,168.005,168.05,167.8,167.93,975662.0
2026-03-27 14:35:00,167.93,167.96,167.785,167.945,1046966.0
2026-03-27 14:40:00,167.9499,168.28,167.8,167.98,1444397.0
2026-03-27 14:45:00,167.99,168.0,167.605,167.715,1669141.0
2026-03-27 14:50:00,167.72,167.76,167.31,167.395,1834025.0
2026-03-27 14:55:00,167.4,167.6,167.3801,167.465,1312216.0
2026-03-27 15:00:00,167.46,167.66,167.34,167.375,1380102.0
2026-03-27 15:05:00,167.38,167.59,167.28,167.3851,1576396.0
2026-03-27 15:10:00,167.38,167.49,167.22,167.45,1741841.0
2026-03-27 15:15:00,167.445,167.73,167.38,167.705,1688052.0
2026-03-27 15:20:00,167.705,167.72,167.535,167.705,1360791.0
2026-03-27 15:25:00,167.705,167.7099,167.32,167.43,1621261.0
2026-03-27 15:30:00,167.44,167.59,167.32,167.395,1645285.0
2026-03-27 15:35:00,167.4,167.56,167.27,167.37,2007669.0
2026-03-27 15:40:00,167.38,167.51,167.25,167.495,1964602.0
2026-03-27 15:45:00,167.495,167.53,167.09,167.45,2725939.0
2026-03-27 15:50:00,167.45,167.7199,167.01,167.45,3664098.0
2026-03-27 15:55:00,167.46,167.93,167.4,167.46,6112402.0
2026-03-30 09:30:00,168.78,169.45,167.7,168.28,7345149.0
2026-03-30 09:35:00,168.3,168.415,167.3,167.785,3729503.0
2026-03-30 09:40:00,167.785,168.04,166.771,167.8801,3945994.0
2026-03-30 09:45:00,167.88,167.9,167.28,167.635,2672488.0
2026-03-30 09:50:00,167.635,167.755,167.05,167.065,2590917.0
2026-03-30 09:55:00,167.065,167.14,166.21,166.27,3551217.0
2026-03-30 10:00:00,166.275,168.56,166.26,166.76,3068951.0
2026-03-30 10:05:00,166.76,167.1299,166.4,167.08,2274865.0
2026-03-30 10:10:00,167.08,168.065,166.91,167.91,3243591.0
2026-03-30 10:15:00,167.91,168.08,167.5626,167.735,2264348.0
2026-03-30 10:20:00,167.73,167.97,167.35,167.425,1990746.0
2026-03-30 10:25:00,167.43,167.56,166.855,166.905,2179137.0
2026-03-30 10:30:00,166.92,167.2,166.6,167.0,2163465.0
2026-03-30 10:35:00,167.015,167.13,166.56,167.0623,1971852.0
2026-03-30 10:40:00,167.07,167.32,166.27,166.6,2699994.0
2026-03-30 10:45:00,166.61,167.69,166.608,167.3685,2787302.0
2026-03-30 10:50:00,167.3685,167.6235,167.21,167.5223,1651892.0
2026-03-30 10:55:00,167.53,168.01,167.34,167.95,1963884.0
2026-03-30 11:00:00,167.96,168.18,167.89,168.05,2112415.0
2026-03-30 11:05:00,168.05,168.25,167.325,167.42,2316010.0
2026-03-30 11:10:00,167.42,167.55,166.984,167.075,1635631.0
2026-03-30 11:15:00,167.0779,167.08,166.555,166.675,2504175.0
2026-03-30 11:20:00,166.675,167.08,166.54,167.0597,1791193.0
2026-03-30 11:25:00,167.06,167.26,166.92,167.005,1508278.0
2026-03-30 11:30:00,167.0,167.52,166.85,167.455,1828200.0
2026-03-30 11:35:00,167.46,167.935,167.45,167.54,2175921.0
2026-03-30 11:40:00,167.53,167.99,167.42,167.9,1537662.0
2026-03-30 11:45:00,167.905,167.93,167.63,167.72,1297409.0
2026-03-30 11:50:00,167.73,168.02,167.6351,167.655,1792988.0
2026-03-30 11:55:00,167.65,167.68,167.29,167.36,1492083.0
2026-03-30 12:00:00,167.35,167.41,166.9401,167.015,2440378.0
2026-03-30 12:05:00,167.02,167.245,166.83,166.99,1649849.0
2026-03-30 12:10:00,166.985,167.15,166.91,167.055,1052516.0
2026-03-30 12:15:00,167.055,167.0701,166.665,166.96,1603343.0
2026-03-30 12:20:00,166.9573,167.11,166.63,166.7666,1627749.0
2026-03-30 12:25:00,166.7699,166.8,166.35,166.475,1466324.0
2026-03-30 12:30:00,166.48,166.58,166.24,166.525,1345723.0
2026-03-30 12:35:00,166.53,166.785,166.445,166.73,1237197.0
2026-03-30 12:40:00,166.725,166.82,166.62,166.755,1117333.0
2026-03-30 12:45:00,166.76,166.905,166.6426,166.78,1164822.0
2026-03-30 12:50:00,166.775,166.92,166.73,166.76,1025726.0
2026-03-30 12:55:00,166.755,166.768,166.41,166.585,1824069.0
2026-03-30 13:00:00,166.585,166.82,166.38,166.395,1226537.0
2026-03-30 13:05:00,166.4,166.62,166.4,166.595,962351.0
2026-03-30 13:10:00,166.615,166.64,166.03,166.18,1668659.0
2026-03-30 13:15:00,166.17,166.25,165.85,166.115,1891152.0
2026-03-30 13:20:00,166.105,166.2399,166.005,166.21,1334681.0
2026-03-30 13:25:00,166.21,166.2101,165.81,165.875,1569942.0
2026-03-30 13:30:00,165.87,165.935,165.59,165.663,1485415.0
2026-03-30 13:35:00,165.665,166.06,165.66,166.021,1613268.0
2026-03-30 13:40:00,166.025,166.23,165.95,166.195,1139424.0
2026-03-30 13:45:00,166.18,166.45,166.15,166.2201,1328739.0
2026-03-30 13:50:00,166.2201,166.39,166.11,166.18,1111229.0
2026-03-30 13:55:00,166.185,166.25,166.01,166.185,1050571.0
2026-03-30 14:00:00,166.17,166.23,165.965,166.065,1203919.0
2026-03-30 14:05:00,166.07,166.27,165.8,166.071,1318241.0
2026-03-30 14:10:00,166.08,166.19,165.9999,166.145,868496.0
2026-03-30 14:15:00,166.145,166.195,165.845,166.168,975871.0
2026-03-30 14:20:00,166.165,166.26,165.94,166.035,899087.0
2026-03-30 14:25:00,166.03,166.05,165.64,165.695,1213813.0
2026-03-30 14:30:00,165.7,165.93,165.655,165.825,1344919.0
2026-03-30 14:35:00,165.825,166.07,165.72,165.755,1092741.0
2026-03-30 14:40:00,165.75,165.82,165.54,165.55,1200840.0
2026-03-30 14:45:00,165.56,165.675,165.4,165.515,1167993.0
2026-03-30 14:50:00,165.5175,165.5199,165.2,165.3204,1562195.0
2026-03-30 14:55:00,165.321,165.44,165.18,165.285,1198945.0
2026-03-30 15:00:00,165.28,165.47,165.1501,165.3801,1457875.0
2026-03-30 15:05:00,165.3845,165.385,164.79,164.82,3329400.0
2026-03-30 15:10:00,164.815,164.865,164.51,164.675,2175390.0
2026-03-30 15:15:00,164.6707,164.7965,164.585,164.69,1696266.0
2026-03-30 15:20:00,164.695,164.765,164.4101,164.595,1561783.0
2026-03-30 15:25:00,164.6,164.69,164.295,164.4631,1914139.0
2026-03-30 15:30:00,164.47,164.745,164.27,164.345,1821628.0
2026-03-30 15:35:00,164.35,164.86,164.35,164.6501,1930968.0
2026-03-30 15:40:00,164.655,164.93,164.59,164.71,2166793.0
2026-03-30 15:45:00,164.71,164.93,164.52,164.89,2240990.0
2026-03-30 15:50:00,164.9,165.16,164.57,165.12,3272450.0
2026-03-30 15:55:00,165.115,165.54,165.02,165.06,6800102.0
2026-03-31 09:30:00,166.97,168.68,166.96,168.66,6789858.0
2026-03-31 09:35:00,168.66,168.73,167.97,168.49,3765888.0
2026-03-31 09:40:00,168.4875,168.73,168.11,168.26,3127242.0
2026-03-31 09:45:00,168.27,169.1,168.27,169.035,3273643.0
2026-03-31 09:50:00,169.0201,169.36,168.665,169.33,2693541.0
2026-03-31 09:55:00,169.32,170.16,169.04,170.105,4078475.0
2026-03-31 10:00:00,170.12,170.16,169.56,169.76,2863413.0
2026-03-31 10:05:00,169.77,169.85,169.27,169.365,2529663.0
2026-03-31 10:10:00,169.365,169.975,169.21,169.915,2527587.0
2026-03-31 10:15:00,169.92,170.8798,169.86,170.6,3856939.0
2026-03-31 10:20:00,170.5925,170.945,170.33,170.76,2640248.0
2026-03-31 10:25:00,170.7599,171.075,170.53,170.98,2549088.0
2026-03-31 10:30:00,170.98,171.38,170.76,171.02,3072373.0
2026-03-31 10:35:00,171.025,171.1,170.47,170.63,2387858.0
2026-03-31 10:40:00,170.64,170.875,170.29,170.3901,2454773.0
2026-03-31 10:45:00,170.4,170.64,170.1501,170.1901,2331253.0
2026-03-31 10:50:00,170.2,170.26,169.75,169.865,2392525.0
2026-03-31 10:55:00,169.85,170.07,169.56,170.0451,2678692.0
2026-03-31 11:00:00,170.04,170.39,169.985,170.1803,2122983.0
2026-03-31 11:05:00,170.175,170.59,170.01,170.06,2053361.0
2026-03-31 11:10:00,170.055,170.72,170.02,170.645,1736843.0
2026-03-31 11:15:00,170.65,170.74,170.37,170.4,1551589.0
2026-03-31 11:20:00,170.4,170.71,170.08,170.6301,1820813.0
2026-03-31 11:25:00,170.64,170.695,170.305,170.305,1388431.0
2026-03-31 11:30:00,170.3,170.33,170.07,170.26,1250265.0
2026-03-31 11:35:00,170.26,170.615,170.26,170.32,1605925.0
2026-03-31 11:40:00,170.32,170.3899,169.995,170.105,1268290.0
2026-03-31 11:45:00,170.1,170.11,169.805,170.025,1334683.0
2026-03-31 11:50:00,170.02,170.415,169.86,170.359,1383727.0
2026-03-31 11:55:00,170.36,170.515,169.8203,169.845,1589612.0
2026-03-31 12:00:00,169.84,170.3903,169.755,170.16,1398104.0
2026-03-31 12:05:00,170.16,170.765,170.14,170.745,1568396.0
2026-03-31 12:10:00,170.74,170.78,170.342,170.645,1847304.0
2026-03-31 12:15:00,170.6426,171.06,170.63,171.023,1954338.0
2026-03-31 12:20:00,171.02,171.22,170.78,171.22,1814282.0
2026-03-31 12:25:00,171.22,171.28,170.987,171.05,1516094.0
2026-03-31 12:30:00,171.05,171.06,170.755,170.945,1189455.0
2026-03-31 12:35:00,170.94,172.35,170.82,172.34,2934428.0
2026-03-31 12:40:00,172.34,173.73,172.31,173.2603,6201552.0
2026-03-31 12:45:00,173.27,173.88,172.42,173.105,4458529.0
2026-03-31 12:50:00,173.1,173.62,172.7003,173.2701,3074268.0
2026-03-31 12:55:00,173.2699,173.305,172.885,172.915,2109584.0
2026-03-31 13:00:00,172.92,173.75,172.76,173.505,2644884.0
2026-03-31 13:05:00,173.51,173.51,172.88,172.99,2482041.0
2026-03-31 13:10:00,173.0,173.4,172.935,173.37,1574018.0
2026-03-31 13:15:00,173.36,173.875,173.29,173.7701,2394502.0
2026-03-31 13:20:00,173.78,173.88,173.57,173.667,1908190.0
2026-03-31 13:25:00,173.665,173.74,173.13,173.275,2227719.0
2026-03-31 13:30:00,173.28,173.73,173.142,173.635,2103028.0
2026-03-31 13:35:00,173.64,173.72,172.725,172.99,2526508.0
2026-03-31 13:40:00,173.0,173.34,172.7,172.95,1996553.0
2026-03-31 13:45:00,172.94,173.1299,172.72,172.94,1322915.0
2026-03-31 13:50:00,172.9599,173.1,172.71,172.8,1300035.0
2026-03-31 13:55:00,172.785,172.8,172.28,172.43,1759178.0
2026-03-31 14:00:00,172.43,173.055,172.4201,173.015,1719520.0
2026-03-31 14:05:00,173.0151,173.14,172.85,173.055,1193386.0
2026-03-31 14:10:00,173.065,173.09,172.775,173.0298,1119590.0
2026-03-31 14:15:00,173.028,173.36,173.0,173.085,1574076.0
2026-03-31 14:20:00,173.11,173.27,173.0,173.1127,1366432.0
2026-03-31 14:25:00,173.11,173.47,173.04,173.265,1367058.0
2026-03-31 14:30:00,173.26,173.305,173.02,173.21,1469436.0
2026-03-31 14:35:00,173.2,173.735,173.085,173.59,1776674.0
2026-03-31 14:40:00,173.59,173.59,173.32,173.42,1475976.0
2026-03-31 14:45:00,173.425,173.75,173.41,173.55,1479301.0
2026-03-31 14:50:00,173.55,173.77,173.525,173.6701,1361920.0
2026-03-31 14:55:00,173.67,174.01,173.65,173.715,2260264.0
2026-03-31 15:00:00,173.71,174.15,173.665,173.948,2113124.0
2026-03-31 15:05:00,173.94,173.99,173.58,173.6099,1664367.0
2026-03-31 15:10:00,173.605,174.22,173.59,173.91,1943725.0
2026-03-31 15:15:00,173.9,174.12,173.87,174.0101,1709947.0
2026-03-31 15:20:00,174.02,174.275,173.88,174.1951,2169582.0
2026-03-31 15:25:00,174.195,174.2051,173.895,173.935,2236657.0
2026-03-31 15:30:00,173.935,174.19,173.855,174.025,2047264.0
2026-03-31 15:35:00,174.025,174.4396,174.0,174.335,1956471.0
2026-03-31 15:40:00,174.32,174.56,174.15,174.21,2438961.0
2026-03-31 15:45:00,174.215,174.48,174.14,174.26,2088429.0
2026-03-31 15:50:00,174.27,174.62,174.045,174.215,4024923.0
2026-03-31 15:55:00,174.22,174.54,173.905,174.31,7795586.0
