datetime,open,high,low,close,volume
2026-03-02 09:30:00,27.116,27.1553,26.8701,26.8701,1565674.0
2026-03-02 09:35:00,26.8652,27.0225,26.8209,27.0225,755481.0
2026-03-02 09:40:00,27.0238,27.0914,26.9389,27.0373,457208.0
2026-03-02 09:45:00,27.0373,27.1209,26.9979,27.0668,361849.0
2026-03-02 09:50:00,27.0733,27.0963,27.0177,27.054,302863.0
2026-03-02 09:55:00,27.052,27.052,26.9881,27.0274,275553.0
2026-03-02 10:00:00,27.0225,27.0668,26.9586,27.0622,451843.0
2026-03-02 10:05:00,27.0619,27.0864,27.0028,27.0028,327231.0
2026-03-02 10:10:00,27.0063,27.0068,26.934,26.9881,492546.0
2026-03-02 10:15:00,26.993,26.9979,26.934,26.9537,276390.0
2026-03-02 10:20:00,26.9537,26.9542,26.7816,26.7866,490786.0
2026-03-02 10:25:00,26.7865,26.8111,26.7373,26.7717,500739.0
2026-03-02 10:30:00,26.7619,26.8897,26.7619,26.8897,495414.0
2026-03-02 10:35:00,26.8897,26.9242,26.8603,26.8799,526078.0
2026-03-02 10:40:00,26.8848,26.9291,26.8701,26.8947,260286.0
2026-03-02 10:45:00,26.8996,26.9635,26.8996,26.9586,352243.0
2026-03-02 10:50:00,26.962,26.9878,26.9192,26.9242,300878.0
2026-03-02 10:55:00,26.9192,26.9488,26.8897,26.9291,240292.0
2026-03-02 11:00:00,26.934,27.0028,26.934,26.993,316256.0
2026-03-02 11:05:00,26.9979,27.0078,26.9438,26.9635,252539.0
2026-03-02 11:10:00,26.9684,26.9744,26.939,26.9672,241442.0
2026-03-02 11:15:00,26.9586,26.9586,26.9094,26.9488,228516.0
2026-03-02 11:20:00,26.9389,26.9684,26.9193,26.9488,277929.0
2026-03-02 11:25:00,26.9537,26.9979,26.9389,26.993,401819.0
2026-03-02 11:30:00,26.9881,26.9881,26.9192,26.9537,562499.0
2026-03-02 11:35:00,26.9537,26.9783,26.9094,26.9291,580352.0
2026-03-02 11:40:00,26.9291,26.9979,26.9192,26.9832,287818.0
2026-03-02 11:45:00,26.9832,27.0127,26.9783,26.9784,239344.0
2026-03-02 11:50:00,26.9832,26.9881,26.9389,26.9537,224986.0
2026-03-02 11:55:00,26.955,26.9783,26.9513,26.9635,275480.0
2026-03-02 12:00:00,26.9684,26.9783,26.9192,26.9242,225376.0
2026-03-02 12:05:00,26.9242,26.9584,26.9094,26.9143,303891.0
2026-03-02 12:10:00,26.9143,26.918,26.8799,26.8848,192079.0
2026-03-02 12:15:00,26.8799,26.8966,26.8504,26.8601,370135.0
2026-03-02 12:20:00,26.8602,26.8602,26.7717,26.8011,268594.0
2026-03-02 12:25:00,26.7985,26.8406,26.7963,26.8352,212308.0
2026-03-02 12:30:00,26.8356,26.8406,26.7914,26.797,262721.0
2026-03-02 12:35:00,26.8012,26.8307,26.7963,26.8209,170942.0
2026-03-02 12:40:00,26.8258,26.875,26.8209,26.8659,267643.0
2026-03-02 12:45:00,26.8652,26.8995,26.8406,26.8897,412805.0
2026-03-02 12:50:00,26.8926,26.8996,26.8701,26.8799,339461.0
2026-03-02 12:55:00,26.8799,26.8848,26.8504,26.8631,284913.0
2026-03-02 13:00:00,26.8602,26.8799,26.8307,26.8356,263683.0
2026-03-02 13:05:00,26.8356,26.8602,26.8307,26.8503,276125.0
2026-03-02 13:10:00,26.8455,26.8593,26.8209,26.8258,261480.0
2026-03-02 13:15:00,26.8258,26.8362,26.7324,26.7912,432132.0
2026-03-02 13:20:00,26.7866,26.8091,26.757,26.8088,439098.0
2026-03-02 13:25:00,26.8106,26.8209,26.7914,26.816,298714.0
2026-03-02 13:30:00,26.8111,26.8504,26.8012,26.8356,639040.0
2026-03-02 13:35:00,26.8356,26.8504,26.8012,26.8504,432692.0
2026-03-02 13:40:00,26.8455,26.8602,26.7717,26.7938,841651.0
2026-03-02 13:45:00,26.7963,26.8208,26.7717,26.8208,547086.0
2026-03-02 13:50:00,26.816,26.8209,26.7914,26.8111,426900.0
2026-03-02 13:55:00,26.8135,26.8209,26.7422,26.7422,521921.0
2026-03-02 14:00:00,26.7422,26.7668,26.7225,26.7471,683176.0
2026-03-02 14:05:00,26.7471,26.757,26.7225,26.7471,422563.0
2026-03-02 14:10:00,26.7471,26.7668,26.7373,26.7471,335380.0
2026-03-02 14:15:00,26.7496,26.7766,26.7422,26.7619,265077.0
2026-03-02 14:20:00,26.762,26.8012,26.7619,26.7766,348527.0
2026-03-02 14:25:00,26.7766,26.8111,26.7717,26.8011,398421.0
2026-03-02 14:30:00,26.7963,26.8307,26.7914,26.8307,299028.0
2026-03-02 14:35:00,26.8258,26.8356,26.8012,26.8061,317037.0
2026-03-02 14:40:00,26.8052,26.8368,26.7963,26.8356,333401.0
2026-03-02 14:45:00,26.8356,26.8799,26.8307,26.8574,642660.0
2026-03-02 14:50:00,26.8553,26.9094,26.8504,26.8897,516681.0
2026-03-02 14:55:00,26.8947,26.9291,26.8897,26.8931,390800.0
2026-03-02 15:00:00,26.8947,26.9093,26.8799,26.8848,333480.0
2026-03-02 15:05:00,26.8834,26.9094,26.8013,26.816,574891.0
2026-03-02 15:10:00,26.816,26.816,26.752,26.757,577270.0
2026-03-02 15:15:00,26.757,26.8061,26.752,26.7546,525606.0
2026-03-02 15:20:00,26.752,26.7815,26.7225,26.7554,648154.0
2026-03-02 15:25:00,26.7527,26.7816,26.7324,26.7471,480733.0
2026-03-02 15:30:00,26.7471,26.7963,26.7471,26.7958,589139.0
2026-03-02 15:35:00,26.7963,26.8307,26.7914,26.8258,483684.0
2026-03-02 15:40:00,26.8258,26.8406,26.8111,26.8307,430582.0
2026-03-02 15:45:00,26.8258,26.8504,26.8112,26.8455,539497.0
2026-03-02 15:50:00,26.8455,26.8602,26.8012,26.8258,976393.0
2026-03-02 15:55:00,26.8258,26.8701,26.7816,26.7816,2129991.0
2026-03-03 09:30:00,26.28,26.4373,26.1816,26.3861,1281208.0
2026-03-03 09:35:00,26.3783,26.5062,26.3685,26.4422,456054.0
2026-03-03 09:40:00,26.4373,26.4521,26.3045,26.3144,479443.0
2026-03-03 09:45:00,26.3193,26.3242,26.2308,26.2455,709409.0
2026-03-03 09:50:00,26.2455,26.2603,26.1816,26.2062,491096.0
2026-03-03 09:55:00,26.2111,26.2259,26.1134,26.1718,478248.0
2026-03-03 10:00:00,26.1767,26.1875,26.039,26.0635,713248.0
2026-03-03 10:05:00,26.0587,26.098,25.9652,25.98,388694.0
2026-03-03 10:10:00,25.9849,26.0242,25.916,26.01,610494.0
2026-03-03 10:15:00,26.0046,26.0341,25.9849,25.9898,299219.0
2026-03-03 10:20:00,25.9898,26.0242,25.9652,26.0151,322314.0
2026-03-03 10:25:00,26.0154,26.0832,25.9947,26.0685,304221.0
2026-03-03 10:30:00,26.0685,26.1275,26.0341,26.098,502476.0
2026-03-03 10:35:00,26.098,26.1128,26.0537,26.0537,360992.0
2026-03-03 10:40:00,26.0537,26.1127,26.0439,26.0831,291930.0
2026-03-03 10:45:00,26.0783,26.0931,26.0144,26.0429,274058.0
2026-03-03 10:50:00,26.0341,26.1078,26.0095,26.1078,237496.0
2026-03-03 10:55:00,26.1078,26.1718,26.098,26.1718,267377.0
2026-03-03 11:00:00,26.1668,26.1717,26.1029,26.1325,279727.0
2026-03-03 11:05:00,26.1348,26.1619,26.1226,26.1472,279995.0
2026-03-03 11:10:00,26.1472,26.1619,26.1324,26.1472,238998.0
2026-03-03 11:15:00,26.1451,26.1816,26.0931,26.098,405151.0
2026-03-03 11:20:00,26.098,26.1275,26.0636,26.1227,722517.0
2026-03-03 11:25:00,26.1275,26.1423,26.1029,26.1078,581105.0
2026-03-03 11:30:00,26.1078,26.1373,26.0537,26.0783,635177.0
2026-03-03 11:35:00,26.0766,26.1521,26.0734,26.1472,407209.0
2026-03-03 11:40:00,26.1485,26.1816,26.1128,26.1767,466508.0
2026-03-03 11:45:00,26.1767,26.211,26.157,26.2062,271787.0
2026-03-03 11:50:00,26.2013,26.2209,26.1767,26.1964,510189.0
2026-03-03 11:55:00,26.1914,26.2406,26.1914,26.2062,241729.0
2026-03-03 12:00:00,26.2013,26.2062,26.1324,26.1472,391933.0
2026-03-03 12:05:00,26.1472,26.1679,26.1226,26.1373,308424.0
2026-03-03 12:10:00,26.1373,26.1718,26.1275,26.1629,292384.0
2026-03-03 12:15:00,26.1668,26.2013,26.1521,26.1865,290664.0
2026-03-03 12:20:00,26.1865,26.2406,26.1718,26.2125,268074.0
2026-03-03 12:25:00,26.216,26.2357,26.2062,26.2259,291807.0
2026-03-03 12:30:00,26.2259,26.2455,26.1816,26.2062,503470.0
2026-03-03 12:35:00,26.2075,26.2178,26.1816,26.1865,278020.0
2026-03-03 12:40:00,26.1865,26.2701,26.1823,26.2652,273277.0
2026-03-03 12:45:00,26.2701,26.2898,26.2603,26.2849,251955.0
2026-03-03 12:50:00,26.2849,26.2898,26.2308,26.2577,234329.0
2026-03-03 12:55:00,26.2554,26.3291,26.2504,26.3144,263603.0
2026-03-03 13:00:00,26.3144,26.3547,26.3123,26.3439,302478.0
2026-03-03 13:05:00,26.3439,26.3586,26.3291,26.334,203425.0
2026-03-03 13:10:00,26.339,26.339,26.2603,26.2652,241706.0
2026-03-03 13:15:00,26.2652,26.2996,26.2603,26.2947,158480.0
2026-03-03 13:20:00,26.2898,26.3193,26.275,26.2849,226693.0
2026-03-03 13:25:00,26.28,26.2898,26.2701,26.2849,96055.0
2026-03-03 13:30:00,26.281,26.3095,26.2701,26.275,181693.0
2026-03-03 13:35:00,26.275,26.3193,26.2701,26.3144,170626.0
2026-03-03 13:40:00,26.3095,26.3242,26.3009,26.3203,188338.0
2026-03-03 13:45:00,26.3242,26.3291,26.2947,26.3242,177710.0
2026-03-03 13:50:00,26.3242,26.3734,26.3242,26.334,419074.0
2026-03-03 13:55:00,26.334,26.3537,26.2898,26.3095,355509.0
2026-03-03 14:00:00,26.3095,26.329,26.2898,26.2996,259624.0
2026-03-03 14:05:00,26.3062,26.3094,26.275,26.2947,177605.0
2026-03-03 14:10:00,26.2947,26.3193,26.2898,26.3144,379634.0
2026-03-03 14:15:00,26.3144,26.3242,26.2701,26.2701,327343.0
2026-03-03 14:20:00,26.2708,26.2873,26.2603,26.2799,287743.0
2026-03-03 14:25:00,26.2701,26.2996,26.2603,26.2611,474353.0
2026-03-03 14:30:00,26.2603,26.2652,26.2062,26.2112,510385.0
2026-03-03 14:35:00,26.2138,26.2849,26.2013,26.2554,479706.0
2026-03-03 14:40:00,26.2504,26.3439,26.2504,26.3291,555406.0
2026-03-03 14:45:00,26.332,26.3537,26.3021,26.334,268739.0
2026-03-03 14:50:00,26.3389,26.3636,26.3095,26.3439,956237.0
2026-03-03 14:55:00,26.3439,26.3586,26.3144,26.339,348478.0
2026-03-03 15:00:00,26.339,26.3636,26.3095,26.3242,419409.0
2026-03-03 15:05:00,26.3242,26.3488,26.2996,26.3439,436980.0
2026-03-03 15:10:00,26.3439,26.3685,26.3193,26.3242,310955.0
2026-03-03 15:15:00,26.3271,26.339,26.2898,26.2947,557896.0
2026-03-03 15:20:00,26.2947,26.339,26.2947,26.3363,491300.0
2026-03-03 15:25:00,26.334,26.4078,26.3095,26.3832,1078660.0
2026-03-03 15:30:00,26.3832,26.3881,26.3488,26.3537,446617.0
2026-03-03 15:35:00,26.3537,26.3586,26.2406,26.2455,423631.0
2026-03-03 15:40:00,26.2455,26.2504,26.215,26.2209,336860.0
2026-03-03 15:45:00,26.2198,26.2503,26.2013,26.2259,637188.0
2026-03-03 15:50:00,26.2307,26.2307,26.1521,26.1865,776657.0
2026-03-03 15:55:00,26.1865,26.1914,26.1324,26.1619,2081758.0
2026-03-04 09:30:00,26.3242,26.339,26.1177,26.1373,975665.0
2026-03-04 09:35:00,26.1373,26.1914,26.0734,26.1718,350561.0
2026-03-04 09:40:00,26.1781,26.2176,26.1275,26.1472,253591.0
2026-03-04 09:45:00,26.1472,26.1472,26.039,26.0439,452912.0
2026-03-04 09:50:00,26.0439,26.0439,25.9849,25.9996,334698.0
2026-03-04 09:55:00,25.9996,25.9996,25.9308,25.9849,532182.0
2026-03-04 10:00:00,25.98,26.0046,25.916,25.9308,406732.0
2026-03-04 10:05:00,25.9308,26.098,25.921,26.0783,435592.0
2026-03-04 10:10:00,26.0783,26.161,26.0734,26.1423,398864.0
2026-03-04 10:15:00,26.1324,26.1718,26.1029,26.1718,212063.0
2026-03-04 10:20:00,26.1619,26.1914,26.1521,26.1908,213848.0
2026-03-04 10:25:00,26.1911,26.1914,26.1472,26.1718,197220.0
2026-03-04 10:30:00,26.1815,26.1914,26.1521,26.1767,147917.0
2026-03-04 10:35:00,26.1767,26.2209,26.1668,26.1964,185220.0
2026-03-04 10:40:00,26.1942,26.216,26.1643,26.2062,226132.0
2026-03-04 10:45:00,26.2057,26.2406,26.1816,26.231,159742.0
2026-03-04 10:50:00,26.2308,26.2504,26.1915,26.2455,214086.0
2026-03-04 10:55:00,26.243,26.2603,26.2259,26.2603,169868.0
2026-03-04 11:00:00,26.2554,26.2603,26.2308,26.2357,217162.0
2026-03-04 11:05:00,26.2357,26.2455,26.2111,26.2259,166761.0
2026-03-04 11:10:00,26.2259,26.2259,26.1767,26.2062,192500.0
2026-03-04 11:15:00,26.2062,26.211,26.1226,26.1275,212065.0
2026-03-04 11:20:00,26.1318,26.1423,26.1029,26.1078,208938.0
2026-03-04 11:25:00,26.1116,26.1324,26.0872,26.1178,353963.0
2026-03-04 11:30:00,26.1177,26.1423,26.1029,26.1177,241475.0
2026-03-04 11:35:00,26.1167,26.1226,26.0734,26.0734,362843.0
2026-03-04 11:40:00,26.0734,26.1226,26.0734,26.1177,208247.0
2026-03-04 11:45:00,26.1177,26.1226,26.098,26.1029,148965.0
2026-03-04 11:50:00,26.1029,26.1323,26.0832,26.1165,246475.0
2026-03-04 11:55:00,26.1177,26.1226,26.1029,26.1029,337965.0
2026-03-04 12:00:00,26.1078,26.1409,26.1029,26.1373,328673.0
2026-03-04 12:05:00,26.1373,26.1423,26.0931,26.1005,374981.0
2026-03-04 12:10:00,26.1029,26.13,26.098,26.1078,333902.0
2026-03-04 12:15:00,26.1078,26.1373,26.0931,26.095,362716.0
2026-03-04 12:20:00,26.0996,26.1029,26.0636,26.0783,497489.0
2026-03-04 12:25:00,26.0734,26.1078,26.0636,26.0707,457263.0
2026-03-04 12:30:00,26.0685,26.0734,26.0341,26.0636,588838.0
2026-03-04 12:35:00,26.0734,26.0882,26.0341,26.0882,517408.0
2026-03-04 12:40:00,26.0884,26.0931,26.0537,26.0685,421120.0
2026-03-04 12:45:00,26.0734,26.0832,26.0636,26.0685,284662.0
2026-03-04 12:50:00,26.0685,26.0931,26.0685,26.086,126892.0
2026-03-04 12:55:00,26.0882,26.1128,26.0833,26.1029,180079.0
2026-03-04 13:00:00,26.1029,26.1226,26.0931,26.098,136371.0
2026-03-04 13:05:00,26.098,26.1324,26.0832,26.1293,196774.0
2026-03-04 13:10:00,26.1312,26.1521,26.1177,26.1373,155422.0
2026-03-04 13:15:00,26.1373,26.1521,26.1226,26.1472,280669.0
2026-03-04 13:20:00,26.1423,26.1718,26.1373,26.169,236487.0
2026-03-04 13:25:00,26.1628,26.1914,26.1521,26.1914,212256.0
2026-03-04 13:30:00,26.1964,26.2013,26.1718,26.1767,128517.0
2026-03-04 13:35:00,26.1767,26.1914,26.1718,26.1751,208146.0
2026-03-04 13:40:00,26.1755,26.1816,26.1619,26.1754,141676.0
2026-03-04 13:45:00,26.1718,26.1816,26.1521,26.1668,181483.0
2026-03-04 13:50:00,26.1718,26.1874,26.1668,26.1767,230489.0
2026-03-04 13:55:00,26.1767,26.1816,26.1423,26.1472,218064.0
2026-03-04 14:00:00,26.1472,26.1521,26.1226,26.1373,175880.0
2026-03-04 14:05:00,26.1324,26.1521,26.1163,26.1373,206625.0
2026-03-04 14:10:00,26.1362,26.1718,26.1324,26.157,333092.0
2026-03-04 14:15:00,26.157,26.1718,26.1423,26.1457,171903.0
2026-03-04 14:20:00,26.1423,26.1619,26.1128,26.1373,386716.0
2026-03-04 14:25:00,26.1373,26.1521,26.1226,26.1324,223627.0
2026-03-04 14:30:00,26.1399,26.1619,26.1324,26.1518,255484.0
2026-03-04 14:35:00,26.1519,26.1619,26.1423,26.1472,288471.0
2026-03-04 14:40:00,26.1472,26.1619,26.1324,26.1423,181917.0
2026-03-04 14:45:00,26.1423,26.1619,26.1373,26.1472,148395.0
2026-03-04 14:50:00,26.1423,26.2012,26.1423,26.1865,307000.0
2026-03-04 14:55:00,26.1865,26.1914,26.1718,26.1865,273612.0
2026-03-04 15:00:00,26.1865,26.2111,26.1816,26.2083,264580.0
2026-03-04 15:05:00,26.205,26.2111,26.1816,26.2111,210866.0
2026-03-04 15:10:00,26.2015,26.2209,26.1816,26.1964,272481.0
2026-03-04 15:15:00,26.1914,26.2209,26.1914,26.2049,284236.0
2026-03-04 15:20:00,26.2037,26.216,26.1914,26.2013,497013.0
2026-03-04 15:25:00,26.2014,26.2357,26.1914,26.2259,341415.0
2026-03-04 15:30:00,26.2209,26.2405,26.2111,26.2111,289107.0
2026-03-04 15:35:00,26.2111,26.2111,26.1816,26.1865,1112034.0
2026-03-04 15:40:00,26.1914,26.2406,26.1914,26.216,750362.0
2026-03-04 15:45:00,26.216,26.2308,26.1964,26.2062,630356.0
2026-03-04 15:50:00,26.2062,26.2406,26.1619,26.1964,923727.0
2026-03-04 15:55:00,26.1964,26.2062,26.1521,26.157,1520304.0
2026-03-05 09:30:00,25.9554,25.9849,25.8669,25.9505,1345560.0
2026-03-05 09:35:00,25.95,25.9554,25.8177,25.8324,1081179.0
2026-03-05 09:40:00,25.8324,25.857,25.7685,25.8423,685981.0
2026-03-05 09:45:00,25.8472,25.9357,25.8275,25.8816,580133.0
2026-03-05 09:50:00,25.8816,25.98,25.8669,25.9406,533968.0
2026-03-05 09:55:00,25.9456,26.0316,25.9406,26.0292,471335.0
2026-03-05 10:00:00,26.0341,26.1177,26.0242,26.0783,400211.0
2026-03-05 10:05:00,26.0734,26.1189,26.0272,26.1177,327688.0
2026-03-05 10:10:00,26.1173,26.157,26.0931,26.098,371272.0
2026-03-05 10:15:00,26.098,26.1078,26.0439,26.0882,314265.0
2026-03-05 10:20:00,26.0882,26.098,26.0242,26.039,369923.0
2026-03-05 10:25:00,26.0351,26.0734,26.0144,26.0685,237459.0
2026-03-05 10:30:00,26.0734,26.1521,26.0636,26.1373,489975.0
2026-03-05 10:35:00,26.1336,26.2062,26.1226,26.157,658045.0
2026-03-05 10:40:00,26.1619,26.2209,26.1423,26.216,785257.0
2026-03-05 10:45:00,26.216,26.2467,26.1816,26.216,736772.0
2026-03-05 10:50:00,26.216,26.2701,26.1373,26.1488,704126.0
2026-03-05 10:55:00,26.1472,26.1472,25.9947,26.0333,692984.0
2026-03-05 11:00:00,26.0341,26.0832,26.0243,26.039,317332.0
2026-03-05 11:05:00,26.0341,26.0685,26.0047,26.0587,293003.0
2026-03-05 11:10:00,26.0587,26.1029,26.0144,26.0537,272275.0
2026-03-05 11:15:00,26.0488,26.0734,26.0439,26.0537,207842.0
2026-03-05 11:20:00,26.0537,26.1029,26.0341,26.0587,347287.0
2026-03-05 11:25:00,26.0587,26.1029,26.0537,26.0587,357251.0
2026-03-05 11:30:00,26.0537,26.0537,25.9259,25.9554,492005.0
2026-03-05 11:35:00,25.9505,26.0144,25.9406,25.9701,284657.0
2026-03-05 11:40:00,25.9701,25.98,25.9456,25.9603,440335.0
2026-03-05 11:45:00,25.9603,25.9849,25.9456,25.98,403762.0
2026-03-05 11:50:00,25.9805,25.9849,25.9111,25.9603,320911.0
2026-03-05 11:55:00,25.9603,25.9996,25.9603,25.9652,393382.0
2026-03-05 12:00:00,25.9652,25.9947,25.9389,25.9505,327471.0
2026-03-05 12:05:00,25.9552,25.9849,25.9308,25.9505,449046.0
2026-03-05 12:10:00,25.9554,25.9603,25.916,25.9357,259978.0
2026-03-05 12:15:00,25.9406,26.0045,25.9357,25.98,677026.0
2026-03-05 12:20:00,25.98,26.0046,25.9557,25.9557,273361.0
2026-03-05 12:25:00,25.9603,25.9751,25.916,25.9701,254601.0
2026-03-05 12:30:00,25.9701,25.9849,25.9652,25.9724,221096.0
2026-03-05 12:35:00,25.9687,26.0144,25.9652,25.9947,249784.0
2026-03-05 12:40:00,26.0046,26.0242,25.9788,26.0181,224188.0
2026-03-05 12:45:00,26.0242,26.0341,25.9947,26.0095,255773.0
2026-03-05 12:50:00,26.0095,26.0292,25.9751,25.9812,222396.0
2026-03-05 12:55:00,25.98,26.0242,25.9554,25.9701,282557.0
2026-03-05 13:00:00,25.9701,26.0144,25.9701,25.9898,192057.0
2026-03-05 13:05:00,25.9849,26.0144,25.9751,26.0046,203539.0
2026-03-05 13:10:00,26.0095,26.0439,25.9947,26.038,232005.0
2026-03-05 13:15:00,26.039,26.0439,25.98,25.9946,366662.0
2026-03-05 13:20:00,25.9878,26.039,25.986,26.0193,224829.0
2026-03-05 13:25:00,26.0242,26.0587,26.017,26.0488,260044.0
2026-03-05 13:30:00,26.0439,26.0636,25.9947,26.0193,239176.0
2026-03-05 13:35:00,26.0193,26.0783,26.0177,26.0783,271711.0
2026-03-05 13:40:00,26.0783,26.1226,26.0783,26.1078,313733.0
2026-03-05 13:45:00,26.1078,26.1423,26.098,26.1373,733315.0
2026-03-05 13:50:00,26.1373,26.1423,26.1029,26.1373,168634.0
2026-03-05 13:55:00,26.1373,26.157,26.1128,26.1275,345552.0
2026-03-05 14:00:00,26.1275,26.1373,26.0832,26.1029,403135.0
2026-03-05 14:05:00,26.098,26.1324,26.0832,26.098,289076.0
2026-03-05 14:10:00,26.1006,26.1128,26.0636,26.1078,350054.0
2026-03-05 14:15:00,26.109,26.1275,26.0931,26.1177,248068.0
2026-03-05 14:20:00,26.1198,26.1324,26.0832,26.0832,250031.0
2026-03-05 14:25:00,26.0882,26.0931,26.0144,26.0193,264691.0
2026-03-05 14:30:00,26.0172,26.0341,25.9947,26.0095,242361.0
2026-03-05 14:35:00,26.0095,26.0439,25.9849,26.034,416709.0
2026-03-05 14:40:00,26.0292,26.0636,26.0144,26.0537,371700.0
2026-03-05 14:45:00,26.0587,26.0636,26.0193,26.039,454158.0
2026-03-05 14:50:00,26.039,26.0832,26.0181,26.0538,449184.0
2026-03-05 14:55:00,26.0587,26.0734,26.0386,26.0553,309190.0
2026-03-05 15:00:00,26.0587,26.0931,26.0144,26.0882,337993.0
2026-03-05 15:05:00,26.0882,26.0931,26.0488,26.0488,395544.0
2026-03-05 15:10:00,26.044,26.0832,26.044,26.0783,262731.0
2026-03-05 15:15:00,26.0783,26.1029,26.0636,26.0882,321469.0
2026-03-05 15:20:00,26.0882,26.1226,26.0833,26.1128,415087.0
2026-03-05 15:25:00,26.1101,26.1324,26.098,26.1078,447267.0
2026-03-05 15:30:00,26.1078,26.1521,26.1029,26.1497,458079.0
2026-03-05 15:35:00,26.1472,26.1816,26.122,26.1472,470600.0
2026-03-05 15:40:00,26.1472,26.1914,26.1373,26.1865,489559.0
2026-03-05 15:45:00,26.1865,26.2111,26.1423,26.1865,608707.0
2026-03-05 15:50:00,26.1914,26.2308,26.1668,26.2111,669735.0
2026-03-05 15:55:00,26.2189,26.2209,26.1521,26.157,1689704.0
2026-03-06 09:30:00,26.1029,26.1324,25.8669,25.9161,2733546.0
2026-03-06 09:35:00,25.916,25.9849,25.8275,25.8669,1390967.0
2026-03-06 09:40:00,25.8669,25.9062,25.798,25.8666,885171.0
2026-03-06 09:45:00,25.862,25.9456,25.8521,25.9456,654201.0
2026-03-06 09:50:00,25.9396,26.0341,25.8521,25.862,538259.0
2026-03-06 09:55:00,25.857,25.8865,25.8177,25.8767,449085.0
2026-03-06 10:00:00,25.8767,25.9259,25.8669,25.9259,410168.0
2026-03-06 10:05:00,25.9259,25.9357,25.8374,25.857,385722.0
2026-03-06 10:10:00,25.8521,25.9062,25.8374,25.8915,365261.0
2026-03-06 10:15:00,25.8915,25.9406,25.857,25.9308,272195.0
2026-03-06 10:20:00,25.9259,25.9259,25.8767,25.8865,358891.0
2026-03-06 10:25:00,25.8865,25.9013,25.8374,25.8718,433355.0
2026-03-06 10:30:00,25.8718,25.9357,25.8718,25.9308,470537.0
2026-03-06 10:35:00,25.9357,25.9849,25.9357,25.9701,379788.0
2026-03-06 10:40:00,25.9701,25.9751,25.9259,25.9554,343152.0
2026-03-06 10:45:00,25.9603,25.98,25.8915,25.8964,291716.0
2026-03-06 10:50:00,25.9013,25.9372,25.8767,25.9308,384006.0
2026-03-06 10:55:00,25.9308,25.9751,25.916,25.9303,285401.0
2026-03-06 11:00:00,25.9357,25.9849,25.9259,25.9849,474079.0
2026-03-06 11:05:00,25.9849,25.9947,25.9603,25.9726,413621.0
2026-03-06 11:10:00,25.9701,25.9849,25.9456,25.9603,414237.0
2026-03-06 11:15:00,25.9603,26.0341,25.9457,26.0193,686174.0
2026-03-06 11:20:00,26.0193,26.0242,25.9554,26.0144,581612.0
2026-03-06 11:25:00,26.0095,26.0144,25.9652,25.9701,454931.0
2026-03-06 11:30:00,25.9701,25.9909,25.9259,25.9898,516911.0
2026-03-06 11:35:00,25.9849,26.0193,25.9751,25.9971,381964.0
2026-03-06 11:40:00,26.0046,26.0144,25.9751,25.9996,355566.0
2026-03-06 11:45:00,26.0007,26.0439,25.9603,25.9676,423624.0
2026-03-06 11:50:00,25.9701,26.0242,25.9652,25.9996,489902.0
2026-03-06 11:55:00,25.9996,26.0341,25.9947,26.0095,354063.0
2026-03-06 12:00:00,26.0095,26.0193,25.9666,26.0095,315870.0
2026-03-06 12:05:00,26.0069,26.0301,25.9849,26.0217,438696.0
2026-03-06 12:10:00,26.0242,26.0636,26.0193,26.043,555467.0
2026-03-06 12:15:00,26.0439,26.0931,26.0341,26.0907,654771.0
2026-03-06 12:20:00,26.0882,26.1096,26.0833,26.0892,316222.0
2026-03-06 12:25:00,26.0882,26.0931,26.0439,26.0488,237108.0
2026-03-06 12:30:00,26.0488,26.0825,26.0342,26.0636,260955.0
2026-03-06 12:35:00,26.0636,26.0734,26.0341,26.0537,300974.0
2026-03-06 12:40:00,26.0499,26.0636,26.0242,26.0242,245641.0
2026-03-06 12:45:00,26.0244,26.0341,25.9849,26.0242,222005.0
2026-03-06 12:50:00,26.0239,26.0341,26.0046,26.0046,271856.0
2026-03-06 12:55:00,26.0017,26.023,25.9849,25.9996,208866.0
2026-03-06 13:00:00,25.9996,26.0636,25.9947,26.0433,350946.0
2026-03-06 13:05:00,26.0423,26.1521,26.0341,26.1472,3867976.0
2026-03-06 13:10:00,26.1472,26.2209,26.1324,26.2062,550654.0
2026-03-06 13:15:00,26.2062,26.2308,26.2013,26.2111,351507.0
2026-03-06 13:20:00,26.216,26.2554,26.1865,26.2357,558295.0
2026-03-06 13:25:00,26.2357,26.2406,26.2062,26.2179,356373.0
2026-03-06 13:30:00,26.216,26.2406,26.2013,26.2204,373047.0
2026-03-06 13:35:00,26.216,26.2406,26.2013,26.2259,449043.0
2026-03-06 13:40:00,26.2212,26.2503,26.2013,26.2259,342303.0
2026-03-06 13:45:00,26.2259,26.2406,26.2013,26.2209,310020.0
2026-03-06 13:50:00,26.2259,26.2308,26.1914,26.2073,378068.0
2026-03-06 13:55:00,26.2062,26.2406,26.1964,26.216,211864.0
2026-03-06 14:00:00,26.2209,26.2308,26.2013,26.2062,235878.0
2026-03-06 14:05:00,26.2111,26.2406,26.2013,26.2248,244340.0
2026-03-06 14:10:00,26.2209,26.2947,26.2209,26.275,958737.0
2026-03-06 14:15:00,26.2701,26.275,26.2406,26.2549,228098.0
2026-03-06 14:20:00,26.2603,26.3045,26.2504,26.2947,370798.0
2026-03-06 14:25:00,26.2996,26.3783,26.2702,26.3537,549481.0
2026-03-06 14:30:00,26.3537,26.3783,26.3488,26.3679,305715.0
2026-03-06 14:35:00,26.3636,26.3783,26.339,26.3734,344685.0
2026-03-06 14:40:00,26.3685,26.4078,26.3625,26.3734,247270.0
2026-03-06 14:45:00,26.3734,26.4029,26.3685,26.3734,238051.0
2026-03-06 14:50:00,26.3685,26.4275,26.3586,26.4226,607162.0
2026-03-06 14:55:00,26.4226,26.4275,26.3783,26.3832,659226.0
2026-03-06 15:00:00,26.3858,26.4472,26.3843,26.4422,576095.0
2026-03-06 15:05:00,26.4422,26.4472,26.4176,26.4226,229530.0
2026-03-06 15:10:00,26.4226,26.457,26.4176,26.4521,357067.0
2026-03-06 15:15:00,26.4472,26.4767,26.4275,26.4713,573281.0
2026-03-06 15:20:00,26.4767,26.5308,26.4717,26.516,589714.0
2026-03-06 15:25:00,26.5122,26.5455,26.4963,26.5455,592644.0
2026-03-06 15:30:00,26.5406,26.5652,26.516,26.5504,923240.0
2026-03-06 15:35:00,26.5504,26.5996,26.5357,26.5947,1107780.0
2026-03-06 15:40:00,26.5947,26.6144,26.5751,26.6094,1025871.0
2026-03-06 15:45:00,26.6144,26.6832,26.6094,26.6586,1250749.0
2026-03-06 15:50:00,26.6586,26.6734,26.5455,26.5652,1352034.0
2026-03-06 15:55:00,26.5701,26.634,26.5553,26.5898,2660432.0
2026-03-09 09:30:00,26.4668,26.6635,26.3693,26.4372,1947178.0
2026-03-09 09:35:00,26.4422,26.6045,26.4422,26.5111,765882.0
2026-03-09 09:40:00,26.5111,26.6045,26.398,26.5258,805885.0
2026-03-09 09:45:00,26.5308,26.5308,26.4029,26.4422,530276.0
2026-03-09 09:50:00,26.4472,26.4661,26.3193,26.334,492607.0
2026-03-09 09:55:00,26.3291,26.3586,26.2013,26.2554,622462.0
2026-03-09 10:00:00,26.2554,26.28,26.1533,26.1949,348974.0
2026-03-09 10:05:00,26.1964,26.2062,26.0734,26.0832,523831.0
2026-03-09 10:10:00,26.0882,26.1128,26.0449,26.0636,748702.0
2026-03-09 10:15:00,26.0636,26.0734,26.0341,26.0341,471962.0
2026-03-09 10:20:00,26.0341,26.0635,25.9751,26.0292,572983.0
2026-03-09 10:25:00,26.0292,26.0341,25.9357,25.9406,505090.0
2026-03-09 10:30:00,25.9456,26.0046,25.921,25.98,1652958.0
2026-03-09 10:35:00,25.9751,26.0046,25.9652,25.9842,828700.0
2026-03-09 10:40:00,25.98,26.0242,25.9652,25.9701,706465.0
2026-03-09 10:45:00,25.9751,26.039,25.9554,26.0242,811985.0
2026-03-09 10:50:00,26.0193,26.1324,26.0144,26.1177,613405.0
2026-03-09 10:55:00,26.1196,26.1275,26.0488,26.0783,1292314.0
2026-03-09 11:00:00,26.0783,26.1521,26.0439,26.1472,543499.0
2026-03-09 11:05:00,26.1472,26.2062,26.1423,26.2062,521229.0
2026-03-09 11:10:00,26.2062,26.2357,26.1619,26.2111,755844.0
2026-03-09 11:15:00,26.2111,26.2308,26.1668,26.2209,353568.0
2026-03-09 11:20:00,26.2209,26.2406,26.1816,26.1865,338757.0
2026-03-09 11:25:00,26.1865,26.2308,26.1767,26.2208,218300.0
2026-03-09 11:30:00,26.216,26.2357,26.1521,26.1668,350550.0
2026-03-09 11:35:00,26.1619,26.1668,26.1324,26.1373,161050.0
2026-03-09 11:40:00,26.1324,26.1718,26.1078,26.1472,319747.0
2026-03-09 11:45:00,26.1423,26.1619,26.1324,26.157,241094.0
2026-03-09 11:50:00,26.1521,26.1668,26.1324,26.157,346165.0
2026-03-09 11:55:00,26.157,26.1964,26.1521,26.1668,327221.0
2026-03-09 12:00:00,26.1668,26.1718,26.1324,26.157,231914.0
2026-03-09 12:05:00,26.1595,26.1964,26.1521,26.1596,278693.0
2026-03-09 12:10:00,26.157,26.1767,26.1373,26.1521,241180.0
2026-03-09 12:15:00,26.157,26.1668,26.1324,26.157,174284.0
2026-03-09 12:20:00,26.1536,26.22,26.1324,26.2113,376291.0
2026-03-09 12:25:00,26.216,26.2209,26.1914,26.216,343956.0
2026-03-09 12:30:00,26.2188,26.2209,26.1753,26.1989,260241.0
2026-03-09 12:35:00,26.1964,26.2111,26.1816,26.1865,239232.0
2026-03-09 12:40:00,26.1891,26.2603,26.1891,26.2505,266549.0
2026-03-09 12:45:00,26.2603,26.2849,26.2505,26.2535,262305.0
2026-03-09 12:50:00,26.2554,26.2603,26.2111,26.216,213975.0
2026-03-09 12:55:00,26.2175,26.2279,26.1629,26.179,227591.0
2026-03-09 13:00:00,26.1767,26.1816,26.1472,26.1668,336484.0
2026-03-09 13:05:00,26.1668,26.1865,26.1521,26.1771,273144.0
2026-03-09 13:10:00,26.1816,26.1914,26.1423,26.1815,269035.0
2026-03-09 13:15:00,26.1806,26.1865,26.1718,26.1767,148142.0
2026-03-09 13:20:00,26.1767,26.1914,26.1423,26.157,230322.0
2026-03-09 13:25:00,26.157,26.1718,26.1324,26.1668,303849.0
2026-03-09 13:30:00,26.1668,26.2111,26.157,26.1984,414550.0
2026-03-09 13:35:00,26.1964,26.1964,26.1521,26.157,332900.0
2026-03-09 13:40:00,26.1545,26.1914,26.1522,26.1619,350731.0
2026-03-09 13:45:00,26.1618,26.1668,26.1177,26.1291,381633.0
2026-03-09 13:50:00,26.1275,26.1324,26.0783,26.0832,566012.0
2026-03-09 13:55:00,26.0843,26.1028,26.039,26.0587,572106.0
2026-03-09 14:00:00,26.0537,26.0696,26.0439,26.0536,304516.0
2026-03-09 14:05:00,26.0488,26.1103,26.0488,26.1103,586301.0
2026-03-09 14:10:00,26.1078,26.1767,26.0931,26.1668,415404.0
2026-03-09 14:15:00,26.1661,26.2111,26.1619,26.2062,281170.0
2026-03-09 14:20:00,26.2039,26.2357,26.1619,26.1767,306550.0
2026-03-09 14:25:00,26.1719,26.1778,26.1424,26.157,257945.0
2026-03-09 14:30:00,26.1521,26.2013,26.1423,26.1964,229903.0
2026-03-09 14:35:00,26.1964,26.2111,26.1816,26.1964,261409.0
2026-03-09 14:40:00,26.1964,26.1964,26.1718,26.1839,314875.0
2026-03-09 14:45:00,26.1865,26.2406,26.1865,26.2357,254527.0
2026-03-09 14:50:00,26.2308,26.2603,26.2209,26.2248,241033.0
2026-03-09 14:55:00,26.2209,26.2259,26.157,26.1855,391007.0
2026-03-09 15:00:00,26.1865,26.2209,26.1521,26.1559,245122.0
2026-03-09 15:05:00,26.157,26.1718,26.1423,26.157,285928.0
2026-03-09 15:10:00,26.157,26.1767,26.1521,26.1565,273990.0
2026-03-09 15:15:00,26.157,26.2259,26.1373,26.2259,575768.0
2026-03-09 15:20:00,26.2259,26.3193,26.2156,26.2947,622019.0
2026-03-09 15:25:00,26.2986,26.3488,26.2898,26.3439,802299.0
2026-03-09 15:30:00,26.3439,26.4176,26.3095,26.4127,643025.0
2026-03-09 15:35:00,26.4153,26.4275,26.3783,26.4078,681817.0
2026-03-09 15:40:00,26.4029,26.4029,26.334,26.3636,543315.0
2026-03-09 15:45:00,26.3648,26.3753,26.3193,26.3439,553882.0
2026-03-09 15:50:00,26.3439,26.3586,26.275,26.3439,886785.0
2026-03-09 15:55:00,26.339,26.3783,26.3291,26.3587,1968800.0
2026-03-10 09:30:00,26.3783,26.3881,26.1445,26.2259,850146.0
2026-03-10 09:35:00,26.2209,26.2259,26.0832,26.1324,440214.0
2026-03-10 09:40:00,26.1373,26.2603,26.1177,26.2504,514954.0
2026-03-10 09:45:00,26.2504,26.2554,26.1373,26.1668,252605.0
2026-03-10 09:50:00,26.1668,26.2062,26.1521,26.1619,284192.0
2026-03-10 09:55:00,26.1619,26.2111,26.1161,26.2014,347934.0
2026-03-10 10:00:00,26.2015,26.2357,26.1718,26.216,311265.0
2026-03-10 10:05:00,26.216,26.3242,26.2111,26.2603,517213.0
2026-03-10 10:10:00,26.2505,26.28,26.2433,26.275,344219.0
2026-03-10 10:15:00,26.275,26.3291,26.2701,26.329,201390.0
2026-03-10 10:20:00,26.3291,26.3783,26.3291,26.3686,300798.0
2026-03-10 10:25:00,26.3734,26.3931,26.3586,26.3931,187752.0
2026-03-10 10:30:00,26.3931,26.4176,26.3723,26.4063,237253.0
2026-03-10 10:35:00,26.4078,26.4176,26.3586,26.3636,200797.0
2026-03-10 10:40:00,26.3636,26.4176,26.3586,26.4079,215560.0
2026-03-10 10:45:00,26.4127,26.4176,26.3783,26.3956,179592.0
2026-03-10 10:50:00,26.3977,26.4078,26.3832,26.3931,110374.0
2026-03-10 10:55:00,26.3931,26.4176,26.3881,26.3931,211431.0
2026-03-10 11:00:00,26.3931,26.4865,26.3881,26.4767,937465.0
2026-03-10 11:05:00,26.4742,26.4767,26.4373,26.4571,208138.0
2026-03-10 11:10:00,26.457,26.4668,26.4374,26.44,134560.0
2026-03-10 11:15:00,26.4422,26.4865,26.4422,26.4863,636533.0
2026-03-10 11:20:00,26.4865,26.5947,26.4799,26.5701,558325.0
2026-03-10 11:25:00,26.575,26.5848,26.5357,26.5799,309719.0
2026-03-10 11:30:00,26.5848,26.6832,26.5652,26.6684,1064404.0
2026-03-10 11:35:00,26.6684,26.8111,26.6636,26.8061,1552094.0
2026-03-10 11:40:00,26.8111,26.8406,26.7724,26.7865,775851.0
2026-03-10 11:45:00,26.7865,26.7865,26.693,26.7362,475661.0
2026-03-10 11:50:00,26.7422,26.8061,26.7422,26.7865,508437.0
2026-03-10 11:55:00,26.7865,26.8209,26.7619,26.8012,388397.0
2026-03-10 12:00:00,26.8012,26.8012,26.7619,26.7865,359542.0
2026-03-10 12:05:00,26.7865,26.7865,26.7138,26.7176,460736.0
2026-03-10 12:10:00,26.7176,26.7816,26.7127,26.7176,445076.0
2026-03-10 12:15:00,26.7224,26.7914,26.7127,26.7865,333751.0
2026-03-10 12:20:00,26.7914,26.8209,26.7325,26.7471,1035857.0
2026-03-10 12:25:00,26.7471,26.7592,26.6684,26.6819,506310.0
2026-03-10 12:30:00,26.6783,26.7078,26.6488,26.6833,562068.0
2026-03-10 12:35:00,26.6881,26.752,26.6881,26.7422,410883.0
2026-03-10 12:40:00,26.7384,26.752,26.7127,26.7482,212824.0
2026-03-10 12:45:00,26.743,26.752,26.698,26.7078,285031.0
2026-03-10 12:50:00,26.7078,26.8012,26.703,26.7694,405965.0
2026-03-10 12:55:00,26.7619,26.7766,26.7471,26.7471,179424.0
2026-03-10 13:00:00,26.7471,26.7816,26.7324,26.7716,291036.0
2026-03-10 13:05:00,26.7668,26.8012,26.752,26.757,324405.0
2026-03-10 13:10:00,26.757,26.7865,26.7324,26.7471,308790.0
2026-03-10 13:15:00,26.7518,26.7816,26.7471,26.7756,183725.0
2026-03-10 13:20:00,26.7766,26.7816,26.7471,26.7717,175907.0
2026-03-10 13:25:00,26.7668,26.7816,26.7619,26.7717,196483.0
2026-03-10 13:30:00,26.7668,26.7717,26.7127,26.7165,349152.0
2026-03-10 13:35:00,26.7176,26.7421,26.6832,26.698,479711.0
2026-03-10 13:40:00,26.6997,26.7127,26.6832,26.7126,410633.0
2026-03-10 13:45:00,26.7078,26.752,26.7029,26.7373,524302.0
2026-03-10 13:50:00,26.7324,26.7716,26.7324,26.7617,260242.0
2026-03-10 13:55:00,26.7619,26.7619,26.7275,26.7312,159558.0
2026-03-10 14:00:00,26.7275,26.752,26.7127,26.752,301468.0
2026-03-10 14:05:00,26.7471,26.7619,26.7324,26.7497,479774.0
2026-03-10 14:10:00,26.752,26.7668,26.6832,26.6929,494586.0
2026-03-10 14:15:00,26.6832,26.7225,26.6537,26.6635,531382.0
2026-03-10 14:20:00,26.6586,26.7029,26.6291,26.6734,626540.0
2026-03-10 14:25:00,26.6734,26.693,26.644,26.6783,532944.0
2026-03-10 14:30:00,26.6832,26.7127,26.6734,26.7029,390097.0
2026-03-10 14:35:00,26.7062,26.7127,26.6684,26.6881,323900.0
2026-03-10 14:40:00,26.6832,26.7029,26.6389,26.6635,565214.0
2026-03-10 14:45:00,26.6596,26.7127,26.6537,26.6881,530817.0
2026-03-10 14:50:00,26.6783,26.752,26.6684,26.7127,870114.0
2026-03-10 14:55:00,26.7126,26.7816,26.7029,26.7766,746956.0
2026-03-10 15:00:00,26.7766,26.8209,26.7717,26.816,539791.0
2026-03-10 15:05:00,26.8111,26.8209,26.7325,26.762,616752.0
2026-03-10 15:10:00,26.762,26.7816,26.7339,26.7791,528210.0
2026-03-10 15:15:00,26.7814,26.7914,26.752,26.7865,503987.0
2026-03-10 15:20:00,26.787,26.7914,26.752,26.7668,439199.0
2026-03-10 15:25:00,26.765,26.7717,26.7225,26.7275,456668.0
2026-03-10 15:30:00,26.7225,26.7275,26.6314,26.6432,675373.0
2026-03-10 15:35:00,26.6439,26.6695,26.5996,26.6586,647695.0
2026-03-10 15:40:00,26.6619,26.7225,26.6439,26.7029,597249.0
2026-03-10 15:45:00,26.703,26.7324,26.6832,26.6881,696004.0
2026-03-10 15:50:00,26.6832,26.693,26.634,26.6389,943078.0
2026-03-10 15:55:00,26.6389,26.7127,26.6144,26.7078,2366136.0
2026-03-11 09:30:00,26.752,26.8996,26.7029,26.8209,1179711.0
2026-03-11 09:35:00,26.8307,26.9143,26.7717,26.9143,498042.0
2026-03-11 09:40:00,26.9143,26.9192,26.7914,26.8859,687921.0
2026-03-11 09:45:00,26.8799,26.8996,26.8012,26.8701,381698.0
2026-03-11 09:50:00,26.8719,26.875,26.7324,26.7766,293658.0
2026-03-11 09:55:00,26.7766,26.7776,26.6684,26.6783,384547.0
2026-03-11 10:00:00,26.6832,26.7324,26.6783,26.7176,593215.0
2026-03-11 10:05:00,26.7176,26.758,26.693,26.7225,166253.0
2026-03-11 10:10:00,26.7275,26.7275,26.6094,26.6488,293133.0
2026-03-11 10:15:00,26.6488,26.6783,26.6144,26.6586,330458.0
2026-03-11 10:20:00,26.6635,26.7225,26.6635,26.6684,211394.0
2026-03-11 10:25:00,26.6635,26.6684,26.5947,26.6094,245608.0
2026-03-11 10:30:00,26.6144,26.6832,26.6144,26.6586,255657.0
2026-03-11 10:35:00,26.6611,26.7225,26.6439,26.703,274797.0
2026-03-11 10:40:00,26.7078,26.7766,26.7029,26.7668,236645.0
2026-03-11 10:45:00,26.7668,26.8406,26.7619,26.7963,334843.0
2026-03-11 10:50:00,26.7991,26.8761,26.7865,26.8761,392007.0
2026-03-11 10:55:00,26.875,26.9192,26.8701,26.9094,478426.0
2026-03-11 11:00:00,26.9094,26.9438,26.8897,26.9425,510332.0
2026-03-11 11:05:00,26.9438,26.9586,26.8799,26.8897,494812.0
2026-03-11 11:10:00,26.8848,26.929,26.875,26.875,453596.0
2026-03-11 11:15:00,26.875,26.8799,26.8308,26.8356,289832.0
2026-03-11 11:20:00,26.8356,26.8799,26.8307,26.8605,321395.0
2026-03-11 11:25:00,26.8652,26.8701,26.7717,26.7719,385856.0
2026-03-11 11:30:00,26.7756,26.7914,26.752,26.7619,450743.0
2026-03-11 11:35:00,26.7717,26.8307,26.752,26.816,436053.0
2026-03-11 11:40:00,26.8111,26.8209,26.7766,26.7766,315616.0
2026-03-11 11:45:00,26.7772,26.8111,26.7619,26.7963,349920.0
2026-03-11 11:50:00,26.7914,26.8012,26.6766,26.6921,386792.0
2026-03-11 11:55:00,26.693,26.7225,26.6193,26.6242,403684.0
2026-03-11 12:00:00,26.6291,26.634,26.5947,26.6193,469569.0
2026-03-11 12:05:00,26.6193,26.634,26.5848,26.5996,373262.0
2026-03-11 12:10:00,26.6045,26.634,26.5553,26.6243,618545.0
2026-03-11 12:15:00,26.6291,26.7225,26.6145,26.698,678304.0
2026-03-11 12:20:00,26.694,26.7029,26.6242,26.6832,880378.0
2026-03-11 12:25:00,26.6832,26.7078,26.6635,26.7078,484640.0
2026-03-11 12:30:00,26.7126,26.752,26.7029,26.7471,646781.0
2026-03-11 12:35:00,26.7476,26.757,26.7275,26.757,435454.0
2026-03-11 12:40:00,26.757,26.8012,26.752,26.7816,512670.0
2026-03-11 12:45:00,26.7816,26.7914,26.7324,26.7471,398001.0
2026-03-11 12:50:00,26.7471,26.7619,26.7324,26.757,392595.0
2026-03-11 12:55:00,26.757,26.7816,26.7354,26.7422,608889.0
2026-03-11 13:00:00,26.7373,26.7619,26.7324,26.757,246306.0
2026-03-11 13:05:00,26.757,26.7914,26.752,26.7668,223834.0
2026-03-11 13:10:00,26.7668,26.7717,26.7324,26.7519,266664.0
2026-03-11 13:15:00,26.7471,26.7816,26.7422,26.7616,200381.0
2026-03-11 13:20:00,26.7619,26.7816,26.752,26.757,219224.0
2026-03-11 13:25:00,26.757,26.7717,26.752,26.7716,165425.0
2026-03-11 13:30:00,26.7668,26.7914,26.752,26.7668,357584.0
2026-03-11 13:35:00,26.7639,26.7717,26.6832,26.7078,325623.0
2026-03-11 13:40:00,26.7078,26.7225,26.6735,26.6832,376951.0
2026-03-11 13:45:00,26.686,26.7225,26.6734,26.7224,332540.0
2026-03-11 13:50:00,26.7225,26.752,26.6933,26.6957,324381.0
2026-03-11 13:55:00,26.693,26.7029,26.6734,26.6881,285889.0
2026-03-11 14:00:00,26.6881,26.7717,26.6734,26.7668,451807.0
2026-03-11 14:05:00,26.762,26.7816,26.703,26.7127,520464.0
2026-03-11 14:10:00,26.7078,26.7225,26.6832,26.7207,261540.0
2026-03-11 14:15:00,26.7176,26.752,26.7128,26.7338,297166.0
2026-03-11 14:20:00,26.7373,26.7422,26.7225,26.7373,243450.0
2026-03-11 14:25:00,26.7373,26.7717,26.7127,26.757,392167.0
2026-03-11 14:30:00,26.757,26.7717,26.7324,26.7482,456540.0
2026-03-11 14:35:00,26.7504,26.7816,26.7324,26.738,462783.0
2026-03-11 14:40:00,26.7325,26.7422,26.6734,26.6783,909017.0
2026-03-11 14:45:00,26.6783,26.7225,26.6783,26.698,650358.0
2026-03-11 14:50:00,26.7029,26.7029,26.6635,26.6881,347946.0
2026-03-11 14:55:00,26.6881,26.7029,26.634,26.6635,654893.0
2026-03-11 15:00:00,26.6594,26.6734,26.6094,26.6108,448539.0
2026-03-11 15:05:00,26.6114,26.6144,26.5848,26.6094,294101.0
2026-03-11 15:10:00,26.6046,26.6537,26.6046,26.6291,505461.0
2026-03-11 15:15:00,26.6291,26.7127,26.6291,26.698,565348.0
2026-03-11 15:20:00,26.698,26.7225,26.6832,26.7078,640892.0
2026-03-11 15:25:00,26.7029,26.7619,26.7029,26.752,749643.0
2026-03-11 15:30:00,26.7482,26.7963,26.7324,26.7865,492414.0
2026-03-11 15:35:00,26.7913,26.8307,26.7865,26.8306,512833.0
2026-03-11 15:40:00,26.8307,26.8602,26.8307,26.8553,457348.0
2026-03-11 15:45:00,26.8553,26.8701,26.821,26.8356,722929.0
2026-03-11 15:50:00,26.8356,26.8701,26.8012,26.8652,810056.0
2026-03-11 15:55:00,26.8652,26.8996,26.8111,26.8504,1975876.0
2026-03-12 09:30:00,26.6635,26.6734,26.3537,26.3931,1145533.0
2026-03-12 09:35:00,26.398,26.4226,26.3016,26.3636,967576.0
2026-03-12 09:40:00,26.3647,26.3832,26.3242,26.3439,398864.0
2026-03-12 09:45:00,26.3439,26.4078,26.2996,26.3785,279385.0
2026-03-12 09:50:00,26.3783,26.4324,26.3715,26.4127,234089.0
2026-03-12 09:55:00,26.4127,26.4522,26.3586,26.4521,228915.0
2026-03-12 10:00:00,26.4521,26.5111,26.4373,26.5111,191393.0
2026-03-12 10:05:00,26.5062,26.5111,26.4275,26.4619,176933.0
2026-03-12 10:10:00,26.4668,26.5308,26.4619,26.516,231027.0
2026-03-12 10:15:00,26.516,26.5209,26.4472,26.457,169874.0
2026-03-12 10:20:00,26.4544,26.457,26.398,26.4077,174534.0
2026-03-12 10:25:00,26.4002,26.4176,26.3734,26.3734,128649.0
2026-03-12 10:30:00,26.3685,26.4373,26.3685,26.3881,445149.0
2026-03-12 10:35:00,26.3931,26.4373,26.3796,26.4176,408111.0
2026-03-12 10:40:00,26.4176,26.4914,26.398,26.478,456463.0
2026-03-12 10:45:00,26.4805,26.5258,26.4767,26.5209,386692.0
2026-03-12 10:50:00,26.5209,26.5406,26.4914,26.4914,161555.0
2026-03-12 10:55:00,26.4914,26.5258,26.4865,26.516,394050.0
2026-03-12 11:00:00,26.516,26.516,26.4619,26.4668,523738.0
2026-03-12 11:05:00,26.4608,26.4816,26.457,26.4766,329749.0
2026-03-12 11:10:00,26.4717,26.4865,26.4275,26.4422,319901.0
2026-03-12 11:15:00,26.4422,26.4472,26.3881,26.394,553490.0
2026-03-12 11:20:00,26.398,26.4127,26.3783,26.4029,341524.0
2026-03-12 11:25:00,26.398,26.4373,26.3881,26.4127,362827.0
2026-03-12 11:30:00,26.4078,26.4373,26.3881,26.4127,258496.0
2026-03-12 11:35:00,26.4078,26.4472,26.3881,26.4422,282644.0
2026-03-12 11:40:00,26.4472,26.4945,26.4078,26.4816,329628.0
2026-03-12 11:45:00,26.4767,26.4865,26.4373,26.4422,274156.0
2026-03-12 11:50:00,26.4422,26.4472,26.3906,26.4373,493859.0
2026-03-12 11:55:00,26.4335,26.4373,26.4078,26.4176,287331.0
2026-03-12 12:00:00,26.4226,26.4472,26.4226,26.4422,293301.0
2026-03-12 12:05:00,26.4373,26.4427,26.2603,26.2652,836509.0
2026-03-12 12:10:00,26.2655,26.2701,26.1914,26.2209,693658.0
2026-03-12 12:15:00,26.2259,26.3259,26.2209,26.3242,460734.0
2026-03-12 12:20:00,26.3242,26.398,26.3095,26.3199,470747.0
2026-03-12 12:25:00,26.3193,26.3439,26.2849,26.334,423472.0
2026-03-12 12:30:00,26.334,26.388,26.3095,26.3647,363520.0
2026-03-12 12:35:00,26.3636,26.4324,26.3586,26.4127,403354.0
2026-03-12 12:40:00,26.4127,26.4373,26.3881,26.4275,363496.0
2026-03-12 12:45:00,26.4187,26.4226,26.3586,26.3881,306256.0
2026-03-12 12:50:00,26.3931,26.3931,26.339,26.3434,301132.0
2026-03-12 12:55:00,26.3488,26.3636,26.3291,26.3488,250796.0
2026-03-12 13:00:00,26.34,26.4176,26.3291,26.4127,249242.0
2026-03-12 13:05:00,26.4127,26.4521,26.398,26.4324,314866.0
2026-03-12 13:10:00,26.4373,26.457,26.4226,26.4275,200889.0
2026-03-12 13:15:00,26.4226,26.4914,26.4127,26.4619,386553.0
2026-03-12 13:20:00,26.4619,26.5022,26.457,26.4717,242686.0
2026-03-12 13:25:00,26.4717,26.5062,26.4668,26.5012,379236.0
2026-03-12 13:30:00,26.5012,26.5406,26.4963,26.5209,391565.0
2026-03-12 13:35:00,26.5258,26.5799,26.5209,26.5701,466730.0
2026-03-12 13:40:00,26.5701,26.6045,26.5553,26.5948,351745.0
2026-03-12 13:45:00,26.5996,26.6242,26.575,26.5996,430727.0
2026-03-12 13:50:00,26.6042,26.6094,26.5652,26.5701,270039.0
2026-03-12 13:55:00,26.5652,26.6012,26.5652,26.5799,485074.0
2026-03-12 14:00:00,26.5799,26.6144,26.5751,26.5898,326516.0
2026-03-12 14:05:00,26.5848,26.6144,26.5553,26.5898,309424.0
2026-03-12 14:10:00,26.5898,26.6094,26.575,26.6094,363953.0
2026-03-12 14:15:00,26.6094,26.6144,26.5652,26.5701,352991.0
2026-03-12 14:20:00,26.5652,26.572,26.4865,26.4961,261412.0
2026-03-12 14:25:00,26.489,26.4963,26.4668,26.4668,320390.0
2026-03-12 14:30:00,26.4767,26.516,26.457,26.4914,285504.0
2026-03-12 14:35:00,26.4914,26.5062,26.4767,26.5062,248402.0
2026-03-12 14:40:00,26.5012,26.516,26.4865,26.5111,234187.0
2026-03-12 14:45:00,26.5091,26.516,26.4767,26.4962,242542.0
2026-03-12 14:50:00,26.4914,26.5258,26.4668,26.4717,323581.0
2026-03-12 14:55:00,26.4717,26.4766,26.4078,26.4422,504281.0
2026-03-12 15:00:00,26.4422,26.4914,26.4078,26.4329,441465.0
2026-03-12 15:05:00,26.4275,26.4668,26.4226,26.4619,351868.0
2026-03-12 15:10:00,26.4619,26.4963,26.4619,26.4717,543572.0
2026-03-12 15:15:00,26.4766,26.4963,26.4472,26.4914,478918.0
2026-03-12 15:20:00,26.4914,26.5062,26.4472,26.4736,655239.0
2026-03-12 15:25:00,26.4762,26.4963,26.457,26.4816,449006.0
2026-03-12 15:30:00,26.4865,26.516,26.4472,26.5111,1088486.0
2026-03-12 15:35:00,26.5111,26.575,26.5064,26.5504,483225.0
2026-03-12 15:40:00,26.5553,26.5848,26.5357,26.5407,390430.0
2026-03-12 15:45:00,26.5358,26.5455,26.4963,26.5062,416980.0
2026-03-12 15:50:00,26.5062,26.5062,26.4226,26.4717,949464.0
2026-03-12 15:55:00,26.4717,26.4767,26.398,26.4176,1788758.0
2026-03-13 09:30:00,26.575,26.6842,26.5455,26.6832,853225.0
2026-03-13 09:35:00,26.6881,26.8012,26.6783,26.7865,465664.0
2026-03-13 09:40:00,26.7865,26.8307,26.7422,26.7471,277640.0
2026-03-13 09:45:00,26.7471,26.7717,26.6586,26.6734,249076.0
2026-03-13 09:50:00,26.6734,26.6734,26.5848,26.634,311606.0
2026-03-13 09:55:00,26.6389,26.6635,26.5848,26.5848,372201.0
2026-03-13 10:00:00,26.5848,26.634,26.5258,26.5286,305444.0
2026-03-13 10:05:00,26.5308,26.5529,26.5012,26.5111,235524.0
2026-03-13 10:10:00,26.5149,26.5209,26.4668,26.5062,213381.0
2026-03-13 10:15:00,26.5062,26.5357,26.4275,26.4608,289047.0
2026-03-13 10:20:00,26.4619,26.4767,26.4373,26.457,187281.0
2026-03-13 10:25:00,26.457,26.457,26.4176,26.4422,139656.0
2026-03-13 10:30:00,26.4471,26.5357,26.4471,26.5258,207220.0
2026-03-13 10:35:00,26.5259,26.5357,26.5062,26.5062,196905.0
2026-03-13 10:40:00,26.5062,26.5062,26.4668,26.4679,153914.0
2026-03-13 10:45:00,26.4668,26.5341,26.4668,26.5258,170869.0
2026-03-13 10:50:00,26.5308,26.5455,26.4903,26.5012,131000.0
2026-03-13 10:55:00,26.4963,26.4963,26.4275,26.4324,257049.0
2026-03-13 11:00:00,26.4324,26.457,26.3488,26.3832,432442.0
2026-03-13 11:05:00,26.3832,26.4078,26.3488,26.3931,192328.0
2026-03-13 11:10:00,26.398,26.4127,26.3783,26.4029,170809.0
2026-03-13 11:15:00,26.4048,26.4127,26.343,26.3439,310242.0
2026-03-13 11:20:00,26.3439,26.3586,26.3095,26.3144,594966.0
2026-03-13 11:25:00,26.315,26.3291,26.2701,26.274,523138.0
2026-03-13 11:30:00,26.275,26.3095,26.2701,26.3045,483400.0
2026-03-13 11:35:00,26.3045,26.3095,26.2604,26.2801,409943.0
2026-03-13 11:40:00,26.2813,26.2996,26.2504,26.2652,393849.0
2026-03-13 11:45:00,26.2664,26.3193,26.2406,26.2652,452320.0
2026-03-13 11:50:00,26.2647,26.2751,26.2406,26.2701,404279.0
2026-03-13 11:55:00,26.2663,26.2701,26.2259,26.2407,411402.0
2026-03-13 12:00:00,26.2357,26.275,26.2308,26.2652,318805.0
2026-03-13 12:05:00,26.2652,26.2996,26.2603,26.2652,414140.0
2026-03-13 12:10:00,26.2652,26.2897,26.2603,26.2652,377047.0
2026-03-13 12:15:00,26.2652,26.28,26.2308,26.2455,258721.0
2026-03-13 12:20:00,26.2455,26.329,26.2341,26.2554,784052.0
2026-03-13 12:25:00,26.2554,26.2996,26.2406,26.275,407496.0
2026-03-13 12:30:00,26.275,26.2947,26.2308,26.2308,755241.0
2026-03-13 12:35:00,26.2352,26.28,26.2259,26.2504,344488.0
2026-03-13 12:40:00,26.2554,26.2898,26.2406,26.2406,192442.0
2026-03-13 12:45:00,26.2407,26.3045,26.2406,26.3034,438783.0
2026-03-13 12:50:00,26.3039,26.339,26.2898,26.2901,529317.0
2026-03-13 12:55:00,26.2947,26.3193,26.2504,26.2652,421216.0
2026-03-13 13:00:00,26.2652,26.2996,26.2504,26.2603,248043.0
2026-03-13 13:05:00,26.2668,26.28,26.2357,26.2652,313750.0
2026-03-13 13:10:00,26.2652,26.2996,26.2504,26.2996,186379.0
2026-03-13 13:15:00,26.2947,26.3192,26.2898,26.3144,370573.0
2026-03-13 13:20:00,26.3144,26.3291,26.275,26.326,838255.0
2026-03-13 13:25:00,26.3242,26.3291,26.2701,26.2947,308510.0
2026-03-13 13:30:00,26.2947,26.3045,26.2504,26.2777,425604.0
2026-03-13 13:35:00,26.275,26.3291,26.2701,26.3242,406753.0
2026-03-13 13:40:00,26.3242,26.3242,26.2947,26.3242,543086.0
2026-03-13 13:45:00,26.3242,26.3389,26.28,26.2996,442162.0
2026-03-13 13:50:00,26.2996,26.3242,26.2822,26.2899,349268.0
2026-03-13 13:55:00,26.292,26.339,26.28,26.2947,552171.0
2026-03-13 14:00:00,26.2947,26.3832,26.2947,26.3687,636273.0
2026-03-13 14:05:00,26.3699,26.3782,26.3291,26.3391,410626.0
2026-03-13 14:10:00,26.3439,26.3684,26.3329,26.3488,445443.0
2026-03-13 14:15:00,26.3537,26.3636,26.3242,26.3242,344655.0
2026-03-13 14:20:00,26.3242,26.329,26.2554,26.2652,613575.0
2026-03-13 14:25:00,26.2647,26.28,26.2308,26.2357,360274.0
2026-03-13 14:30:00,26.2406,26.3095,26.2357,26.3045,390517.0
2026-03-13 14:35:00,26.3045,26.329,26.2898,26.3242,317838.0
2026-03-13 14:40:00,26.3193,26.339,26.3096,26.334,245462.0
2026-03-13 14:45:00,26.334,26.3685,26.3292,26.3636,410065.0
2026-03-13 14:50:00,26.3636,26.3685,26.3488,26.3615,283386.0
2026-03-13 14:55:00,26.3588,26.3746,26.3391,26.3734,351959.0
2026-03-13 15:00:00,26.3734,26.3881,26.342,26.3488,261065.0
2026-03-13 15:05:00,26.3488,26.3488,26.3095,26.3242,271612.0
2026-03-13 15:10:00,26.3242,26.3291,26.2996,26.3026,250544.0
2026-03-13 15:15:00,26.3094,26.3193,26.2947,26.3101,288701.0
2026-03-13 15:20:00,26.3144,26.3151,26.2701,26.275,297839.0
2026-03-13 15:25:00,26.275,26.275,26.1914,26.2062,438808.0
2026-03-13 15:30:00,26.2062,26.2603,26.2062,26.2504,411204.0
2026-03-13 15:35:00,26.2504,26.2603,26.2013,26.2013,311224.0
2026-03-13 15:40:00,26.2062,26.2111,26.1718,26.1767,285238.0
2026-03-13 15:45:00,26.1797,26.1914,26.1619,26.1865,568331.0
2026-03-13 15:50:00,26.1914,26.2209,26.1521,26.2062,669671.0
2026-03-13 15:55:00,26.2062,26.2259,26.1373,26.1619,1471675.0
2026-03-16 09:30:00,26.2554,26.3685,26.2209,26.2898,742266.0
2026-03-16 09:35:00,26.2947,26.3586,26.2701,26.3193,365540.0
2026-03-16 09:40:00,26.3291,26.4472,26.3242,26.4373,430811.0
2026-03-16 09:45:00,26.4324,26.4472,26.3488,26.3931,397481.0
2026-03-16 09:50:00,26.398,26.4078,26.3291,26.3537,179585.0
2026-03-16 09:55:00,26.3488,26.4176,26.3144,26.3931,309856.0
2026-03-16 10:00:00,26.3931,26.4275,26.3095,26.3144,180791.0
2026-03-16 10:05:00,26.3095,26.3291,26.2898,26.2988,157048.0
2026-03-16 10:10:00,26.2898,26.3193,26.2652,26.275,324634.0
2026-03-16 10:15:00,26.2701,26.2701,26.2062,26.2145,359446.0
2026-03-16 10:20:00,26.216,26.2662,26.2112,26.2308,243991.0
2026-03-16 10:25:00,26.2222,26.2603,26.2209,26.2209,231309.0
2026-03-16 10:30:00,26.216,26.2209,26.1423,26.1521,357527.0
2026-03-16 10:35:00,26.1472,26.1792,26.1128,26.1668,489925.0
2026-03-16 10:40:00,26.1668,26.1914,26.1619,26.1718,238985.0
2026-03-16 10:45:00,26.1718,26.2406,26.1718,26.2209,336699.0
2026-03-16 10:50:00,26.2259,26.2308,26.1954,26.228,212206.0
2026-03-16 10:55:00,26.2259,26.2406,26.2014,26.2242,387641.0
2026-03-16 11:00:00,26.2307,26.2406,26.1718,26.1816,388529.0
2026-03-16 11:05:00,26.1816,26.2013,26.1177,26.1177,420241.0
2026-03-16 11:10:00,26.1178,26.1472,26.1029,26.1373,388266.0
2026-03-16 11:15:00,26.1423,26.1423,26.0882,26.1226,322313.0
2026-03-16 11:20:00,26.1177,26.1521,26.1177,26.1472,175996.0
2026-03-16 11:25:00,26.1472,26.1619,26.1324,26.1522,290640.0
2026-03-16 11:30:00,26.157,26.1767,26.1472,26.1649,390264.0
2026-03-16 11:35:00,26.1668,26.1767,26.1455,26.1588,465468.0
2026-03-16 11:40:00,26.1521,26.1914,26.1275,26.1823,571729.0
2026-03-16 11:45:00,26.1865,26.2013,26.1668,26.1767,600591.0
2026-03-16 11:50:00,26.1767,26.1816,26.1472,26.1624,528114.0
2026-03-16 11:55:00,26.1682,26.1816,26.1029,26.1029,424565.0
2026-03-16 12:00:00,26.1029,26.1398,26.0931,26.1078,311792.0
2026-03-16 12:05:00,26.1029,26.1226,26.1029,26.1126,190927.0
2026-03-16 12:10:00,26.1128,26.1423,26.1078,26.1324,189407.0
2026-03-16 12:15:00,26.1275,26.1619,26.1128,26.1523,474652.0
2026-03-16 12:20:00,26.1522,26.1522,26.0931,26.098,534884.0
2026-03-16 12:25:00,26.0931,26.1324,26.0832,26.1029,388201.0
2026-03-16 12:30:00,26.1078,26.1472,26.1078,26.1423,216533.0
2026-03-16 12:35:00,26.1481,26.157,26.1226,26.1423,254228.0
2026-03-16 12:40:00,26.14,26.1472,26.1227,26.1373,257104.0
2026-03-16 12:45:00,26.1406,26.1423,26.1128,26.1227,138031.0
2026-03-16 12:50:00,26.1275,26.1619,26.1226,26.1482,193121.0
2026-03-16 12:55:00,26.1472,26.2111,26.1472,26.1668,289914.0
2026-03-16 13:00:00,26.1718,26.2111,26.1668,26.1865,246926.0
2026-03-16 13:05:00,26.1865,26.2209,26.1865,26.216,178256.0
2026-03-16 13:10:00,26.216,26.2406,26.2062,26.2209,241549.0
2026-03-16 13:15:00,26.216,26.2174,26.1865,26.2062,180936.0
2026-03-16 13:20:00,26.2062,26.2406,26.1914,26.2259,225932.0
2026-03-16 13:25:00,26.2236,26.2504,26.2236,26.2357,117887.0
2026-03-16 13:30:00,26.2357,26.2504,26.2013,26.2209,233446.0
2026-03-16 13:35:00,26.216,26.2455,26.216,26.225,211107.0
2026-03-16 13:40:00,26.2259,26.2308,26.1816,26.1855,228737.0
2026-03-16 13:45:00,26.1865,26.1914,26.1521,26.162,161231.0
2026-03-16 13:50:00,26.162,26.1914,26.1521,26.1767,201242.0
2026-03-16 13:55:00,26.1757,26.1914,26.1668,26.1816,183567.0
2026-03-16 14:00:00,26.1816,26.1914,26.162,26.1767,224308.0
2026-03-16 14:05:00,26.1767,26.2111,26.1767,26.2062,197528.0
2026-03-16 14:10:00,26.2072,26.2307,26.1914,26.1964,140691.0
2026-03-16 14:15:00,26.1964,26.2111,26.1914,26.2014,187029.0
2026-03-16 14:20:00,26.2052,26.2111,26.1816,26.1913,195472.0
2026-03-16 14:25:00,26.1865,26.1914,26.1668,26.1865,192690.0
2026-03-16 14:30:00,26.1865,26.1914,26.1718,26.1767,160520.0
2026-03-16 14:35:00,26.1767,26.1885,26.1619,26.1718,202119.0
2026-03-16 14:40:00,26.1767,26.2208,26.1718,26.1964,257370.0
2026-03-16 14:45:00,26.1964,26.2111,26.1914,26.2062,149365.0
2026-03-16 14:50:00,26.2062,26.2072,26.1767,26.1767,238243.0
2026-03-16 14:55:00,26.1767,26.1816,26.157,26.1767,183243.0
2026-03-16 15:00:00,26.1767,26.1964,26.1619,26.1668,171050.0
2026-03-16 15:05:00,26.1668,26.1816,26.1521,26.1683,253339.0
2026-03-16 15:10:00,26.1718,26.1914,26.1324,26.1521,479130.0
2026-03-16 15:15:00,26.152,26.1718,26.1423,26.1472,309433.0
2026-03-16 15:20:00,26.1462,26.1816,26.1423,26.1668,258225.0
2026-03-16 15:25:00,26.1668,26.1865,26.1521,26.1865,310479.0
2026-03-16 15:30:00,26.1817,26.2013,26.1718,26.1718,429956.0
2026-03-16 15:35:00,26.1767,26.1767,26.1423,26.1668,424507.0
2026-03-16 15:40:00,26.1668,26.1668,26.1226,26.1285,347091.0
2026-03-16 15:45:00,26.1275,26.1423,26.1226,26.1265,433143.0
2026-03-16 15:50:00,26.1275,26.1816,26.1226,26.1816,702254.0
2026-03-16 15:55:00,26.1816,26.2209,26.1619,26.1816,1291790.0
2026-03-17 09:30:00,26.3734,26.5947,26.3734,26.5603,2195815.0
2026-03-17 09:35:00,26.5603,26.6537,26.5553,26.5907,808748.0
2026-03-17 09:40:00,26.5898,26.7127,26.575,26.7127,651970.0
2026-03-17 09:45:00,26.7078,26.8083,26.5553,26.575,979089.0
2026-03-17 09:50:00,26.5701,26.6045,26.4767,26.5455,472843.0
2026-03-17 09:55:00,26.5406,26.6488,26.5406,26.5898,410969.0
2026-03-17 10:00:00,26.5848,26.6144,26.516,26.6044,321692.0
2026-03-17 10:05:00,26.6045,26.6881,26.5799,26.6488,490763.0
2026-03-17 10:10:00,26.6537,26.7029,26.6439,26.6929,205316.0
2026-03-17 10:15:00,26.6881,26.7078,26.6439,26.6586,317558.0
2026-03-17 10:20:00,26.6537,26.7029,26.6537,26.698,336817.0
2026-03-17 10:25:00,26.7029,26.7078,26.6439,26.698,342839.0
2026-03-17 10:30:00,26.7029,26.7471,26.6637,26.7471,368271.0
2026-03-17 10:35:00,26.7471,26.752,26.7029,26.7275,221522.0
2026-03-17 10:40:00,26.7275,26.7518,26.693,26.7324,478068.0
2026-03-17 10:45:00,26.7422,26.816,26.7324,26.7963,634109.0
2026-03-17 10:50:00,26.7963,26.8258,26.7817,26.816,573324.0
2026-03-17 10:55:00,26.8209,26.8553,26.7963,26.8553,622498.0
2026-03-17 11:00:00,26.8602,26.8848,26.8406,26.8406,440579.0
2026-03-17 11:05:00,26.8455,26.9192,26.8307,26.8937,442450.0
2026-03-17 11:10:00,26.8922,26.9389,26.8897,26.9242,439612.0
2026-03-17 11:15:00,26.9242,26.9783,26.9192,26.9635,617851.0
2026-03-17 11:20:00,26.9635,27.0028,26.9094,26.9242,445196.0
2026-03-17 11:25:00,26.9199,26.9488,26.8406,26.8553,306238.0
2026-03-17 11:30:00,26.8553,26.875,26.8111,26.816,290320.0
2026-03-17 11:35:00,26.8111,26.8307,26.7816,26.7963,235839.0
2026-03-17 11:40:00,26.7963,26.8111,26.752,26.7668,231520.0
2026-03-17 11:45:00,26.7668,26.7914,26.7324,26.7373,205105.0
2026-03-17 11:50:00,26.7412,26.7412,26.6771,26.7078,359920.0
2026-03-17 11:55:00,26.7078,26.7225,26.6734,26.6734,356194.0
2026-03-17 12:00:00,26.6734,26.6734,26.6242,26.6537,405668.0
2026-03-17 12:05:00,26.6586,26.6734,26.6242,26.6537,317217.0
2026-03-17 12:10:00,26.6488,26.6981,26.6389,26.6684,509334.0
2026-03-17 12:15:00,26.6723,26.698,26.6537,26.698,345752.0
2026-03-17 12:20:00,26.7029,26.7127,26.6439,26.6783,388788.0
2026-03-17 12:25:00,26.6734,26.6906,26.6242,26.6586,287526.0
2026-03-17 12:30:00,26.6537,26.6684,26.6045,26.6291,372896.0
2026-03-17 12:35:00,26.6291,26.6439,26.6045,26.6193,248133.0
2026-03-17 12:40:00,26.6193,26.634,26.5848,26.6291,587847.0
2026-03-17 12:45:00,26.6291,26.634,26.6094,26.6291,242309.0
2026-03-17 12:50:00,26.6291,26.6439,26.6144,26.6389,183459.0
2026-03-17 12:55:00,26.6389,26.6439,26.5947,26.6046,367986.0
2026-03-17 13:00:00,26.6045,26.6439,26.6045,26.6389,230162.0
2026-03-17 13:05:00,26.6439,26.6536,26.634,26.6389,188759.0
2026-03-17 13:10:00,26.6439,26.6734,26.634,26.6635,233825.0
2026-03-17 13:15:00,26.6684,26.7029,26.6635,26.7028,236666.0
2026-03-17 13:20:00,26.698,26.7225,26.6832,26.7176,279334.0
2026-03-17 13:25:00,26.7176,26.7225,26.6783,26.698,382778.0
2026-03-17 13:30:00,26.693,26.7324,26.693,26.7078,267479.0
2026-03-17 13:35:00,26.7078,26.7324,26.693,26.7275,156563.0
2026-03-17 13:40:00,26.7275,26.7324,26.6832,26.6881,278002.0
2026-03-17 13:45:00,26.6881,26.7324,26.6833,26.7275,211066.0
2026-03-17 13:50:00,26.7275,26.7963,26.7275,26.7766,514090.0
2026-03-17 13:55:00,26.7766,26.8111,26.7717,26.7963,321259.0
2026-03-17 14:00:00,26.8011,26.9684,26.7914,26.9487,1263584.0
2026-03-17 14:05:00,26.9438,26.9487,26.8897,26.9045,604789.0
2026-03-17 14:10:00,26.9045,26.9733,26.8996,26.9684,736501.0
2026-03-17 14:15:00,26.9635,27.0471,26.9586,27.0127,1163948.0
2026-03-17 14:20:00,27.0127,27.0914,27.0078,27.0619,1051157.0
2026-03-17 14:25:00,27.0569,27.1307,27.052,27.1209,661709.0
2026-03-17 14:30:00,27.1209,27.17,27.0963,27.1357,1144625.0
2026-03-17 14:35:00,27.1405,27.1553,27.0963,27.1209,598403.0
2026-03-17 14:40:00,27.1209,27.1356,27.0864,27.1012,508890.0
2026-03-17 14:45:00,27.1012,27.1455,27.0904,27.1307,489826.0
2026-03-17 14:50:00,27.1307,27.1848,27.0766,27.17,1007419.0
2026-03-17 14:55:00,27.17,27.2143,27.1307,27.1996,1293283.0
2026-03-17 15:00:00,27.1996,27.234,27.1651,27.2192,1347767.0
2026-03-17 15:05:00,27.2192,27.234,27.1848,27.2143,864869.0
2026-03-17 15:10:00,27.2094,27.234,27.2045,27.2241,781787.0
2026-03-17 15:15:00,27.2291,27.2536,27.2143,27.2389,1012756.0
2026-03-17 15:20:00,27.2389,27.3028,27.2389,27.2438,977590.0
2026-03-17 15:25:00,27.2439,27.2487,27.0668,27.0963,1374327.0
2026-03-17 15:30:00,27.0914,27.1946,27.0471,27.1897,1557321.0
2026-03-17 15:35:00,27.1897,27.2094,27.17,27.1848,1005716.0
2026-03-17 15:40:00,27.1897,27.1898,27.116,27.1209,887914.0
2026-03-17 15:45:00,27.1233,27.125,27.0401,27.0569,2410184.0
2026-03-17 15:50:00,27.0668,27.0766,26.993,27.0176,1854705.0
2026-03-17 15:55:00,27.0127,27.0274,26.9881,27.0176,3864539.0
2026-03-18 09:30:00,26.693,26.7914,26.5698,26.6586,1257084.0
2026-03-18 09:35:00,26.6586,26.7029,26.6144,26.693,570162.0
2026-03-18 09:40:00,26.693,26.693,26.4767,26.4816,1142575.0
2026-03-18 09:45:00,26.4816,26.5652,26.4472,26.5012,1003964.0
2026-03-18 09:50:00,26.5012,26.5455,26.4668,26.5111,929223.0
2026-03-18 09:55:00,26.5111,26.5357,26.4143,26.5209,871798.0
2026-03-18 10:00:00,26.5209,26.5308,26.4472,26.457,576811.0
2026-03-18 10:05:00,26.4521,26.516,26.3931,26.5111,795958.0
2026-03-18 10:10:00,26.5062,26.5258,26.4717,26.4816,305334.0
2026-03-18 10:15:00,26.4816,26.5848,26.4717,26.5799,329383.0
2026-03-18 10:20:00,26.575,26.6241,26.575,26.5799,245646.0
2026-03-18 10:25:00,26.575,26.5947,26.5554,26.5701,163778.0
2026-03-18 10:30:00,26.5701,26.6439,26.5603,26.6144,356865.0
2026-03-18 10:35:00,26.6144,26.6488,26.5949,26.6193,309733.0
2026-03-18 10:40:00,26.6193,26.7127,26.6045,26.693,465202.0
2026-03-18 10:45:00,26.693,26.8012,26.6832,26.762,452339.0
2026-03-18 10:50:00,26.7717,26.7816,26.7422,26.7669,576969.0
2026-03-18 10:55:00,26.7648,26.7816,26.7324,26.7668,404194.0
2026-03-18 11:00:00,26.7716,26.7914,26.7422,26.7481,263465.0
2026-03-18 11:05:00,26.7506,26.7717,26.7471,26.757,148946.0
2026-03-18 11:10:00,26.757,26.7914,26.7422,26.7609,502731.0
2026-03-18 11:15:00,26.7599,26.7867,26.7275,26.7471,248752.0
2026-03-18 11:20:00,26.7422,26.7717,26.6537,26.7321,472291.0
2026-03-18 11:25:00,26.7305,26.752,26.7225,26.7363,178130.0
2026-03-18 11:30:00,26.7324,26.7914,26.7324,26.7865,211521.0
2026-03-18 11:35:00,26.7865,26.816,26.752,26.7668,415269.0
2026-03-18 11:40:00,26.7668,26.8061,26.7619,26.7766,512203.0
2026-03-18 11:45:00,26.7717,26.8012,26.7619,26.7865,441329.0
2026-03-18 11:50:00,26.7865,26.8012,26.7619,26.7865,323402.0
2026-03-18 11:55:00,26.7865,26.7963,26.7324,26.752,359014.0
2026-03-18 12:00:00,26.752,26.7619,26.6734,26.752,692427.0
2026-03-18 12:05:00,26.7471,26.7914,26.7471,26.7766,323939.0
2026-03-18 12:10:00,26.7766,26.8061,26.7619,26.7963,239321.0
2026-03-18 12:15:00,26.7963,26.8208,26.7914,26.816,264817.0
2026-03-18 12:20:00,26.816,26.8459,26.8111,26.8356,449287.0
2026-03-18 12:25:00,26.8356,26.8975,26.816,26.8947,511471.0
2026-03-18 12:30:00,26.8947,26.9192,26.8602,26.9143,298418.0
2026-03-18 12:35:00,26.9192,26.9291,26.8897,26.9035,311884.0
2026-03-18 12:40:00,26.8996,26.9094,26.8652,26.8765,269904.0
2026-03-18 12:45:00,26.875,26.8867,26.8505,26.8553,139274.0
2026-03-18 12:50:00,26.8553,26.8701,26.7953,26.8015,275949.0
2026-03-18 12:55:00,26.8061,26.8307,26.7766,26.8307,257047.0
2026-03-18 13:00:00,26.8258,26.8406,26.8012,26.8061,298641.0
2026-03-18 13:05:00,26.8061,26.837,26.8021,26.8258,154720.0
2026-03-18 13:10:00,26.8307,26.8406,26.8012,26.8127,179176.0
2026-03-18 13:15:00,26.8114,26.8996,26.8061,26.8937,253152.0
2026-03-18 13:20:00,26.8947,26.9094,26.8701,26.8993,278290.0
2026-03-18 13:25:00,26.8973,26.8973,26.8307,26.8455,232568.0
2026-03-18 13:30:00,26.8502,26.8601,26.8111,26.8379,244339.0
2026-03-18 13:35:00,26.8356,26.8504,26.7914,26.8061,360880.0
2026-03-18 13:40:00,26.8061,26.8209,26.7766,26.813,556706.0
2026-03-18 13:45:00,26.8124,26.8356,26.8012,26.8079,132027.0
2026-03-18 13:50:00,26.8042,26.8406,26.8012,26.8406,200778.0
2026-03-18 13:55:00,26.8406,26.8799,26.8312,26.875,195493.0
2026-03-18 14:00:00,26.8718,26.8848,26.816,26.8258,561785.0
2026-03-18 14:05:00,26.8209,26.8897,26.816,26.8701,499723.0
2026-03-18 14:10:00,26.8652,26.9192,26.8602,26.8848,933931.0
2026-03-18 14:15:00,26.8848,26.8897,26.8224,26.8224,375487.0
2026-03-18 14:20:00,26.8306,26.8553,26.8012,26.8258,462622.0
2026-03-18 14:25:00,26.8258,26.8405,26.8057,26.8356,230725.0
2026-03-18 14:30:00,26.8356,26.8406,26.8012,26.8061,283700.0
2026-03-18 14:35:00,26.8061,26.8504,26.8012,26.8405,748018.0
2026-03-18 14:40:00,26.8356,26.8455,26.8013,26.8329,301042.0
2026-03-18 14:45:00,26.8356,26.8406,26.7816,26.7816,232443.0
2026-03-18 14:50:00,26.7865,26.7914,26.752,26.7739,399410.0
2026-03-18 14:55:00,26.7766,26.8012,26.7717,26.7766,318928.0
2026-03-18 15:00:00,26.7766,26.8071,26.7717,26.7914,255272.0
2026-03-18 15:05:00,26.7963,26.8111,26.7816,26.7963,276895.0
2026-03-18 15:10:00,26.7963,26.8111,26.752,26.8052,514087.0
2026-03-18 15:15:00,26.8061,26.8307,26.7963,26.8258,457349.0
2026-03-18 15:20:00,26.8258,26.8258,26.7924,26.8061,721801.0
2026-03-18 15:25:00,26.8061,26.8209,26.7914,26.8061,369025.0
2026-03-18 15:30:00,26.8061,26.8209,26.7816,26.8071,573861.0
2026-03-18 15:35:00,26.8061,26.8061,26.752,26.7865,688253.0
2026-03-18 15:40:00,26.7865,26.8209,26.7717,26.8037,674718.0
2026-03-18 15:45:00,26.8061,26.8602,26.8012,26.816,715975.0
2026-03-18 15:50:00,26.816,26.8799,26.8012,26.875,1867883.0
2026-03-18 15:55:00,26.8701,26.8897,26.8504,26.8799,2752189.0
2026-03-19 09:30:00,26.8406,27.0766,26.816,27.052,1701231.0
2026-03-19 09:35:00,27.052,27.0766,26.9684,27.0028,665942.0
2026-03-19 09:40:00,27.0028,27.1258,26.9881,27.0078,769757.0
2026-03-19 09:45:00,27.0176,27.0176,26.8745,26.9389,433113.0
2026-03-19 09:50:00,26.934,26.993,26.8406,26.9094,511748.0
2026-03-19 09:55:00,26.9045,27.0028,26.8947,26.9881,316764.0
2026-03-19 10:00:00,26.993,26.993,26.9192,26.934,294041.0
2026-03-19 10:05:00,26.934,26.9881,26.8996,26.9733,370454.0
2026-03-19 10:10:00,26.9733,26.9979,26.9488,26.9586,317487.0
2026-03-19 10:15:00,26.9488,26.9684,26.9094,26.9537,322914.0
2026-03-19 10:20:00,26.9491,26.9979,26.8701,26.875,518397.0
2026-03-19 10:25:00,26.875,26.9438,26.8209,26.9143,786616.0
2026-03-19 10:30:00,26.9192,26.9192,26.8406,26.8848,336475.0
2026-03-19 10:35:00,26.8848,26.9291,26.8799,26.8799,357613.0
2026-03-19 10:40:00,26.8799,26.9488,26.8701,26.9291,216591.0
2026-03-19 10:45:00,26.934,26.9783,26.9094,26.9438,473420.0
2026-03-19 10:50:00,26.9488,26.9488,26.8848,26.9242,571269.0
2026-03-19 10:55:00,26.9291,26.9291,26.8602,26.8996,405548.0
2026-03-19 11:00:00,26.8996,26.9094,26.8209,26.8701,507977.0
2026-03-19 11:05:00,26.8652,26.9192,26.8406,26.8652,829856.0
2026-03-19 11:10:00,26.8652,26.8897,26.8012,26.8848,306487.0
2026-03-19 11:15:00,26.8848,26.8996,26.8602,26.875,280543.0
2026-03-19 11:20:00,26.8799,26.8897,26.8406,26.8554,209481.0
2026-03-19 11:25:00,26.8553,26.9389,26.8553,26.934,340795.0
2026-03-19 11:30:00,26.934,26.9389,26.8799,26.8799,210635.0
2026-03-19 11:35:00,26.8799,26.8996,26.8307,26.8406,386663.0
2026-03-19 11:40:00,26.8356,26.8504,26.8111,26.8258,363269.0
2026-03-19 11:45:00,26.8258,26.8652,26.8057,26.8602,209346.0
2026-03-19 11:50:00,26.858,26.8701,26.8012,26.8258,237935.0
2026-03-19 11:55:00,26.8307,26.8504,26.8234,26.8504,315292.0
2026-03-19 12:00:00,26.8455,26.8553,26.8111,26.816,215898.0
2026-03-19 12:05:00,26.816,26.8996,26.8111,26.8947,323176.0
2026-03-19 12:10:00,26.8947,26.8996,26.8307,26.8455,337788.0
2026-03-19 12:15:00,26.8406,26.8897,26.8307,26.8848,345112.0
2026-03-19 12:20:00,26.8848,26.8897,26.8553,26.8897,408617.0
2026-03-19 12:25:00,26.8897,26.9389,26.872,26.934,687524.0
2026-03-19 12:30:00,26.934,26.9684,26.8897,26.9489,574449.0
2026-03-19 12:35:00,26.9586,26.9684,26.9094,26.9488,282213.0
2026-03-19 12:40:00,26.9438,26.9881,26.9389,26.9733,426849.0
2026-03-19 12:45:00,26.9733,26.9783,26.8996,26.9165,422054.0
2026-03-19 12:50:00,26.9192,26.9291,26.8701,26.8897,339964.0
2026-03-19 12:55:00,26.8897,26.9242,26.8732,26.9035,287203.0
2026-03-19 13:00:00,26.9094,26.9586,26.8897,26.9045,661181.0
2026-03-19 13:05:00,26.9021,26.929,26.8602,26.8652,345143.0
2026-03-19 13:10:00,26.8701,26.8701,26.8406,26.8701,293002.0
2026-03-19 13:15:00,26.8701,26.905,26.8637,26.9045,233952.0
2026-03-19 13:20:00,26.9045,26.9488,26.8996,26.9438,511077.0
2026-03-19 13:25:00,26.9438,26.9841,26.9291,26.9537,511590.0
2026-03-19 13:30:00,26.9537,26.9979,26.9291,26.9979,582777.0
2026-03-19 13:35:00,26.9881,27.0078,26.9783,26.9783,254906.0
2026-03-19 13:40:00,26.9783,27.0078,26.9635,26.998,349361.0
2026-03-19 13:45:00,27.0028,27.0028,26.9586,26.9635,258487.0
2026-03-19 13:50:00,26.9635,26.9979,26.9586,26.9832,294938.0
2026-03-19 13:55:00,26.9832,26.9881,26.9586,26.9635,250718.0
2026-03-19 14:00:00,26.9635,26.9881,26.9488,26.9832,365324.0
2026-03-19 14:05:00,26.9832,26.9979,26.9684,26.9979,270793.0
2026-03-19 14:10:00,26.9979,27.0668,26.9881,27.0668,537605.0
2026-03-19 14:15:00,27.0668,27.0728,27.0274,27.0569,400182.0
2026-03-19 14:20:00,27.0569,27.0668,27.0275,27.0324,353310.0
2026-03-19 14:25:00,27.0373,27.0373,26.9684,26.9684,377144.0
2026-03-19 14:30:00,26.9635,26.9684,26.9192,26.9488,410929.0
2026-03-19 14:35:00,26.9438,26.9586,26.9094,26.9291,441953.0
2026-03-19 14:40:00,26.9242,26.9389,26.9094,26.9242,324100.0
2026-03-19 14:45:00,26.9242,26.9586,26.9094,26.9438,371577.0
2026-03-19 14:50:00,26.9448,27.0078,26.9291,27.0028,415441.0
2026-03-19 14:55:00,27.0028,27.0274,26.9979,27.0079,411605.0
2026-03-19 15:00:00,27.0175,27.1553,27.0078,27.1455,912747.0
2026-03-19 15:05:00,27.1504,27.2733,27.1455,27.1897,1661928.0
2026-03-19 15:10:00,27.1869,27.2204,27.1356,27.1897,632955.0
2026-03-19 15:15:00,27.1946,27.2241,27.1651,27.1932,681110.0
2026-03-19 15:20:00,27.1897,27.2241,27.1651,27.1996,973354.0
2026-03-19 15:25:00,27.1996,27.2241,27.1651,27.2045,833566.0
2026-03-19 15:30:00,27.2094,27.2143,27.175,27.1858,687834.0
2026-03-19 15:35:00,27.1897,27.2143,27.1651,27.2141,820586.0
2026-03-19 15:40:00,27.2094,27.2241,27.175,27.175,630528.0
2026-03-19 15:45:00,27.175,27.1848,27.1455,27.17,753445.0
2026-03-19 15:50:00,27.175,27.175,27.0766,27.1012,1274668.0
2026-03-19 15:55:00,27.1061,27.1061,26.9389,26.9733,2957655.0
2026-03-20 09:30:00,26.9586,27.0766,26.9143,26.9143,4606465.0
2026-03-20 09:35:00,26.9192,26.9783,26.8897,26.9684,366406.0
2026-03-20 09:40:00,26.9648,27.0225,26.9488,27.0078,281816.0
2026-03-20 09:45:00,27.0078,27.0471,26.9832,27.0422,429038.0
2026-03-20 09:50:00,27.0373,27.0717,27.0176,27.0619,230868.0
2026-03-20 09:55:00,27.0619,27.0963,27.0176,27.0668,325792.0
2026-03-20 10:00:00,27.0569,27.0569,26.8799,26.9045,393071.0
2026-03-20 10:05:00,26.9045,26.9045,26.7225,26.7275,629979.0
2026-03-20 10:10:00,26.7275,26.752,26.698,26.7275,670007.0
2026-03-20 10:15:00,26.7225,26.7275,26.6144,26.6193,464620.0
2026-03-20 10:20:00,26.6145,26.6832,26.4767,26.6734,699852.0
2026-03-20 10:25:00,26.6635,26.7324,26.634,26.634,406673.0
2026-03-20 10:30:00,26.6389,26.7717,26.6291,26.7373,427405.0
2026-03-20 10:35:00,26.7373,26.7618,26.6832,26.7275,298868.0
2026-03-20 10:40:00,26.7275,26.7324,26.693,26.7078,245640.0
2026-03-20 10:45:00,26.7078,26.7471,26.6734,26.6783,323519.0
2026-03-20 10:50:00,26.6783,26.6891,26.6242,26.6389,235699.0
2026-03-20 10:55:00,26.634,26.6389,26.6045,26.6045,272435.0
2026-03-20 11:00:00,26.6094,26.6488,26.5947,26.6291,240006.0
2026-03-20 11:05:00,26.634,26.6635,26.6144,26.6635,215130.0
2026-03-20 11:10:00,26.6635,26.6783,26.6488,26.6684,226471.0
2026-03-20 11:15:00,26.6733,26.6734,26.6045,26.6193,215799.0
2026-03-20 11:20:00,26.6193,26.693,26.6193,26.6389,244382.0
2026-03-20 11:25:00,26.6389,26.6488,26.5947,26.6094,225555.0
2026-03-20 11:30:00,26.6143,26.6635,26.6045,26.6586,209688.0
2026-03-20 11:35:00,26.6586,26.6634,26.6144,26.6389,303313.0
2026-03-20 11:40:00,26.6389,26.6439,26.6045,26.6193,150705.0
2026-03-20 11:45:00,26.6193,26.6242,26.5553,26.5996,345279.0
2026-03-20 11:50:00,26.5957,26.6094,26.5652,26.5898,263623.0
2026-03-20 11:55:00,26.5898,26.6094,26.5652,26.5848,287668.0
2026-03-20 12:00:00,26.5875,26.6144,26.5553,26.5652,425003.0
2026-03-20 12:05:00,26.5652,26.5652,26.4717,26.4865,634929.0
2026-03-20 12:10:00,26.4963,26.5012,26.457,26.4816,320053.0
2026-03-20 12:15:00,26.4865,26.516,26.4865,26.5086,308491.0
2026-03-20 12:20:00,26.5111,26.5947,26.5012,26.5701,424644.0
2026-03-20 12:25:00,26.575,26.634,26.5553,26.6291,359343.0
2026-03-20 12:30:00,26.6291,26.634,26.5652,26.5898,342689.0
2026-03-20 12:35:00,26.5848,26.5946,26.5553,26.5701,212336.0
2026-03-20 12:40:00,26.5652,26.6144,26.5455,26.6094,418990.0
2026-03-20 12:45:00,26.6094,26.6144,26.5308,26.5455,261365.0
2026-03-20 12:50:00,26.5406,26.5652,26.5308,26.5308,218807.0
2026-03-20 12:55:00,26.5308,26.5527,26.516,26.5308,288331.0
2026-03-20 13:00:00,26.5357,26.5455,26.4963,26.5111,169363.0
2026-03-20 13:05:00,26.5153,26.5153,26.4619,26.4914,195479.0
2026-03-20 13:10:00,26.4914,26.4963,26.4767,26.4816,97327.0
2026-03-20 13:15:00,26.4865,26.5258,26.4865,26.5093,343030.0
2026-03-20 13:20:00,26.5111,26.5553,26.5012,26.5308,151666.0
2026-03-20 13:25:00,26.5308,26.5357,26.4865,26.4963,165351.0
2026-03-20 13:30:00,26.4963,26.5062,26.3931,26.4029,402528.0
2026-03-20 13:35:00,26.398,26.5012,26.398,26.4963,221853.0
2026-03-20 13:40:00,26.4866,26.5258,26.4767,26.4816,295580.0
2026-03-20 13:45:00,26.4767,26.4865,26.4275,26.4373,243384.0
2026-03-20 13:50:00,26.4373,26.4717,26.4275,26.4569,154454.0
2026-03-20 13:55:00,26.457,26.4668,26.4177,26.4422,121512.0
2026-03-20 14:00:00,26.4472,26.4619,26.3881,26.4029,279513.0
2026-03-20 14:05:00,26.4029,26.4275,26.3881,26.3931,232213.0
2026-03-20 14:10:00,26.3931,26.4174,26.3636,26.4127,296489.0
2026-03-20 14:15:00,26.4127,26.4176,26.3727,26.4078,279181.0
2026-03-20 14:20:00,26.4077,26.4226,26.3734,26.4029,787440.0
2026-03-20 14:25:00,26.4029,26.4472,26.398,26.4176,241251.0
2026-03-20 14:30:00,26.4176,26.4865,26.398,26.4816,388144.0
2026-03-20 14:35:00,26.4816,26.5111,26.457,26.4619,297770.0
2026-03-20 14:40:00,26.4619,26.4865,26.4472,26.4738,324207.0
2026-03-20 14:45:00,26.4717,26.5062,26.4472,26.4717,378180.0
2026-03-20 14:50:00,26.4717,26.4767,26.4472,26.4472,192989.0
2026-03-20 14:55:00,26.4472,26.457,26.4275,26.4472,208488.0
2026-03-20 15:00:00,26.4569,26.4741,26.4275,26.4472,403287.0
2026-03-20 15:05:00,26.457,26.5012,26.4275,26.5012,1488899.0
2026-03-20 15:10:00,26.5012,26.5062,26.457,26.4914,324797.0
2026-03-20 15:15:00,26.4914,26.5258,26.4767,26.4963,377085.0
2026-03-20 15:20:00,26.4963,26.5062,26.4318,26.457,409770.0
2026-03-20 15:25:00,26.4619,26.4816,26.4275,26.4373,399354.0
2026-03-20 15:30:00,26.4275,26.457,26.4029,26.4078,1815782.0
2026-03-20 15:35:00,26.4078,26.4372,26.3586,26.3932,518111.0
2026-03-20 15:40:00,26.3931,26.5455,26.3586,26.5062,2113089.0
2026-03-20 15:45:00,26.5012,26.5257,26.4275,26.4324,766265.0
2026-03-20 15:50:00,26.4324,26.5455,26.4176,26.5357,1325634.0
2026-03-20 15:55:00,26.5308,26.575,26.516,26.5357,3011596.0
2026-03-23 09:30:00,26.5848,26.7422,26.5456,26.5504,1459023.0
2026-03-23 09:35:00,26.5504,26.5799,26.4865,26.5406,446813.0
2026-03-23 09:40:00,26.5406,26.6242,26.4963,26.5292,402444.0
2026-03-23 09:45:00,26.5258,26.5553,26.4472,26.4667,571322.0
2026-03-23 09:50:00,26.4619,26.4865,26.4078,26.4177,400647.0
2026-03-23 09:55:00,26.4179,26.4373,26.3419,26.3537,378492.0
2026-03-23 10:00:00,26.3537,26.516,26.3291,26.4078,390582.0
2026-03-23 10:05:00,26.4078,26.4373,26.3783,26.4275,260161.0
2026-03-23 10:10:00,26.4275,26.4275,26.3193,26.3468,279386.0
2026-03-23 10:15:00,26.3439,26.4078,26.339,26.3881,284058.0
2026-03-23 10:20:00,26.3882,26.4816,26.3783,26.4717,315873.0
2026-03-23 10:25:00,26.4668,26.4816,26.4176,26.4324,232925.0
2026-03-23 10:30:00,26.4275,26.4373,26.3095,26.3586,406920.0
2026-03-23 10:35:00,26.3537,26.4127,26.3193,26.3439,304936.0
2026-03-23 10:40:00,26.3439,26.398,26.334,26.3881,233747.0
2026-03-23 10:45:00,26.3832,26.4275,26.3734,26.4077,354520.0
2026-03-23 10:50:00,26.4029,26.4472,26.3783,26.4226,386769.0
2026-03-23 10:55:00,26.4226,26.4275,26.398,26.4127,437322.0
2026-03-23 11:00:00,26.4127,26.4472,26.4029,26.4176,291750.0
2026-03-23 11:05:00,26.4176,26.4264,26.3881,26.3881,283619.0
2026-03-23 11:10:00,26.3931,26.4275,26.3881,26.4029,229591.0
2026-03-23 11:15:00,26.398,26.4373,26.398,26.4275,185672.0
2026-03-23 11:20:00,26.4324,26.4667,26.398,26.457,284705.0
2026-03-23 11:25:00,26.4521,26.457,26.4176,26.4177,270766.0
2026-03-23 11:30:00,26.4176,26.4275,26.3881,26.4029,197034.0
2026-03-23 11:35:00,26.4029,26.4127,26.339,26.3439,251332.0
2026-03-23 11:40:00,26.339,26.3832,26.3291,26.3734,276869.0
2026-03-23 11:45:00,26.3734,26.4078,26.3439,26.3893,422208.0
2026-03-23 11:50:00,26.3931,26.4078,26.342,26.3685,199741.0
2026-03-23 11:55:00,26.3636,26.3685,26.2947,26.3034,334620.0
2026-03-23 12:00:00,26.3027,26.339,26.2701,26.2898,373031.0
2026-03-23 12:05:00,26.2849,26.2996,26.2406,26.2554,362266.0
2026-03-23 12:10:00,26.2504,26.325,26.2504,26.3144,368380.0
2026-03-23 12:15:00,26.3144,26.3193,26.2652,26.28,177542.0
2026-03-23 12:20:00,26.2849,26.3193,26.2701,26.3144,193736.0
2026-03-23 12:25:00,26.3144,26.3144,26.216,26.2259,584060.0
2026-03-23 12:30:00,26.2259,26.2701,26.1914,26.2504,383490.0
2026-03-23 12:35:00,26.2455,26.275,26.2357,26.2406,260638.0
2026-03-23 12:40:00,26.2406,26.3193,26.2357,26.3119,433656.0
2026-03-23 12:45:00,26.3144,26.3362,26.2996,26.3045,173471.0
2026-03-23 12:50:00,26.3045,26.329,26.275,26.2996,223064.0
2026-03-23 12:55:00,26.2996,26.3095,26.2504,26.2652,124767.0
2026-03-23 13:00:00,26.2652,26.2996,26.2652,26.275,161829.0
2026-03-23 13:05:00,26.2778,26.334,26.2701,26.3193,190138.0
2026-03-23 13:10:00,26.3242,26.339,26.2898,26.2995,187498.0
2026-03-23 13:15:00,26.2898,26.339,26.28,26.3242,196744.0
2026-03-23 13:20:00,26.3242,26.3291,26.2996,26.3144,115212.0
2026-03-23 13:25:00,26.3144,26.3488,26.3144,26.334,220545.0
2026-03-23 13:30:00,26.334,26.4275,26.3291,26.4275,407644.0
2026-03-23 13:35:00,26.4275,26.4767,26.4211,26.4668,382861.0
2026-03-23 13:40:00,26.4619,26.4767,26.4275,26.4422,346252.0
2026-03-23 13:45:00,26.4422,26.4472,26.4078,26.4226,217716.0
2026-03-23 13:50:00,26.4226,26.4472,26.4079,26.4226,295794.0
2026-03-23 13:55:00,26.4226,26.4668,26.4176,26.4668,367731.0
2026-03-23 14:00:00,26.4521,26.4668,26.4127,26.4176,302991.0
2026-03-23 14:05:00,26.4226,26.4226,26.3586,26.4079,1287863.0
2026-03-23 14:10:00,26.4127,26.4275,26.3882,26.4078,422891.0
2026-03-23 14:15:00,26.4079,26.4472,26.4029,26.4127,295500.0
2026-03-23 14:20:00,26.4079,26.4176,26.398,26.4029,151698.0
2026-03-23 14:25:00,26.4029,26.4176,26.3783,26.3832,267131.0
2026-03-23 14:30:00,26.3832,26.457,26.3832,26.4465,539192.0
2026-03-23 14:35:00,26.4472,26.4668,26.4275,26.4422,291708.0
2026-03-23 14:40:00,26.4374,26.4472,26.4176,26.4324,261942.0
2026-03-23 14:45:00,26.4304,26.457,26.4176,26.457,290463.0
2026-03-23 14:50:00,26.4522,26.4668,26.4373,26.4521,287968.0
2026-03-23 14:55:00,26.4473,26.457,26.4127,26.4242,327103.0
2026-03-23 15:00:00,26.4226,26.4275,26.398,26.4077,254494.0
2026-03-23 15:05:00,26.4029,26.4275,26.3783,26.4127,391835.0
2026-03-23 15:10:00,26.4176,26.4226,26.398,26.4127,238334.0
2026-03-23 15:15:00,26.4127,26.4176,26.3881,26.4029,230439.0
2026-03-23 15:20:00,26.4078,26.4275,26.3783,26.3783,318076.0
2026-03-23 15:25:00,26.3829,26.398,26.3586,26.3882,411240.0
2026-03-23 15:30:00,26.3931,26.4078,26.3783,26.3881,424657.0
2026-03-23 15:35:00,26.3931,26.398,26.3783,26.3931,257890.0
2026-03-23 15:40:00,26.3931,26.4078,26.3685,26.3925,503340.0
2026-03-23 15:45:00,26.3931,26.4472,26.3931,26.4324,607083.0
2026-03-23 15:50:00,26.4373,26.4668,26.398,26.4176,816889.0
2026-03-23 15:55:00,26.4078,26.4275,26.3144,26.339,2180731.0
2026-03-24 09:30:00,26.1619,26.1914,26.0046,26.1668,1445144.0
2026-03-24 09:35:00,26.1668,26.275,26.1423,26.2603,593258.0
2026-03-24 09:40:00,26.2603,26.3783,26.2603,26.3439,341634.0
2026-03-24 09:45:00,26.339,26.3636,26.2947,26.2947,276109.0
2026-03-24 09:50:00,26.2898,26.3193,26.2701,26.3144,284489.0
2026-03-24 09:55:00,26.3144,26.3439,26.28,26.2947,440425.0
2026-03-24 10:00:00,26.2898,26.4176,26.28,26.4029,797467.0
2026-03-24 10:05:00,26.4029,26.4963,26.3881,26.4522,233504.0
2026-03-24 10:10:00,26.4521,26.4865,26.4373,26.4705,282123.0
2026-03-24 10:15:00,26.4717,26.4717,26.3734,26.4274,228126.0
2026-03-24 10:20:00,26.4226,26.457,26.4127,26.4521,213486.0
2026-03-24 10:25:00,26.4472,26.5062,26.4275,26.4717,186081.0
2026-03-24 10:30:00,26.4668,26.4865,26.4521,26.4521,333274.0
2026-03-24 10:35:00,26.4521,26.457,26.3734,26.398,205269.0
2026-03-24 10:40:00,26.3931,26.457,26.3832,26.4422,202004.0
2026-03-24 10:45:00,26.4422,26.4422,26.3832,26.3881,195643.0
2026-03-24 10:50:00,26.3881,26.5062,26.3744,26.4472,461689.0
2026-03-24 10:55:00,26.4472,26.4668,26.4078,26.457,255235.0
2026-03-24 11:00:00,26.4521,26.4914,26.4226,26.4422,216089.0
2026-03-24 11:05:00,26.4422,26.4668,26.4275,26.4521,147860.0
2026-03-24 11:10:00,26.4521,26.4522,26.4226,26.4422,167179.0
2026-03-24 11:15:00,26.4422,26.4668,26.4226,26.4619,310463.0
2026-03-24 11:20:00,26.4619,26.5062,26.457,26.5012,263965.0
2026-03-24 11:25:00,26.5012,26.5455,26.4964,26.5455,325294.0
2026-03-24 11:30:00,26.5454,26.6144,26.542,26.5846,415912.0
2026-03-24 11:35:00,26.5848,26.6537,26.5848,26.6488,318344.0
2026-03-24 11:40:00,26.644,26.6734,26.634,26.6635,373363.0
2026-03-24 11:45:00,26.6635,26.6832,26.6551,26.6783,214698.0
2026-03-24 11:50:00,26.6734,26.6832,26.6537,26.6684,368551.0
2026-03-24 11:55:00,26.6635,26.6684,26.6094,26.6291,363723.0
2026-03-24 12:00:00,26.6291,26.634,26.575,26.5799,404300.0
2026-03-24 12:05:00,26.5799,26.5996,26.5652,26.5947,767035.0
2026-03-24 12:10:00,26.5947,26.6045,26.5603,26.5947,286153.0
2026-03-24 12:15:00,26.5898,26.6832,26.5898,26.6783,418379.0
2026-03-24 12:20:00,26.6783,26.6832,26.6439,26.6586,446548.0
2026-03-24 12:25:00,26.6586,26.6832,26.6439,26.6783,503588.0
2026-03-24 12:30:00,26.6783,26.6832,26.6242,26.6291,251901.0
2026-03-24 12:35:00,26.6243,26.634,26.5848,26.5898,220767.0
2026-03-24 12:40:00,26.5848,26.6242,26.5848,26.6045,304526.0
2026-03-24 12:45:00,26.6045,26.6241,26.575,26.575,286062.0
2026-03-24 12:50:00,26.5799,26.6044,26.5701,26.575,165193.0
2026-03-24 12:55:00,26.5701,26.5848,26.5553,26.5816,219127.0
2026-03-24 13:00:00,26.5799,26.5946,26.5504,26.5603,608000.0
2026-03-24 13:05:00,26.5553,26.5701,26.5111,26.5504,500806.0
2026-03-24 13:10:00,26.5456,26.5652,26.5258,26.5357,193045.0
2026-03-24 13:15:00,26.5406,26.5701,26.5357,26.5603,168304.0
2026-03-24 13:20:00,26.5553,26.575,26.5455,26.5652,158847.0
2026-03-24 13:25:00,26.5603,26.5848,26.5553,26.5748,202035.0
2026-03-24 13:30:00,26.5724,26.5848,26.5553,26.5603,359055.0
2026-03-24 13:35:00,26.5652,26.5947,26.5504,26.5701,401028.0
2026-03-24 13:40:00,26.575,26.5918,26.4963,26.5209,211227.0
2026-03-24 13:45:00,26.5258,26.5455,26.5062,26.5209,229223.0
2026-03-24 13:50:00,26.5224,26.5406,26.4963,26.5012,359397.0
2026-03-24 13:55:00,26.5012,26.5652,26.4963,26.5553,575045.0
2026-03-24 14:00:00,26.5603,26.5848,26.5357,26.5627,182271.0
2026-03-24 14:05:00,26.5603,26.575,26.5209,26.5256,419072.0
2026-03-24 14:10:00,26.5257,26.5357,26.516,26.5259,181485.0
2026-03-24 14:15:00,26.5259,26.5652,26.5111,26.5553,256152.0
2026-03-24 14:20:00,26.5552,26.5652,26.5357,26.5553,259123.0
2026-03-24 14:25:00,26.5553,26.5947,26.5504,26.5898,157824.0
2026-03-24 14:30:00,26.5898,26.6242,26.575,26.5898,267705.0
2026-03-24 14:35:00,26.5898,26.6537,26.5848,26.6537,327343.0
2026-03-24 14:40:00,26.6439,26.6473,26.5947,26.6116,247005.0
2026-03-24 14:45:00,26.6094,26.6242,26.5996,26.6193,153080.0
2026-03-24 14:50:00,26.6193,26.6439,26.6045,26.6144,292706.0
2026-03-24 14:55:00,26.6193,26.6242,26.5947,26.6193,219703.0
2026-03-24 15:00:00,26.6193,26.6537,26.6144,26.6389,236021.0
2026-03-24 15:05:00,26.6389,26.6488,26.5947,26.6242,411667.0
2026-03-24 15:10:00,26.6242,26.6439,26.6144,26.6291,286634.0
2026-03-24 15:15:00,26.6291,26.6338,26.6045,26.6243,278206.0
2026-03-24 15:20:00,26.6261,26.6635,26.6242,26.6537,302752.0
2026-03-24 15:25:00,26.6488,26.6488,26.5947,26.6046,333232.0
2026-03-24 15:30:00,26.6094,26.6242,26.5947,26.6144,341375.0
2026-03-24 15:35:00,26.6144,26.6144,26.576,26.6045,299117.0
2026-03-24 15:40:00,26.5996,26.634,26.5996,26.6242,281864.0
2026-03-24 15:45:00,26.6173,26.6291,26.5947,26.5948,485887.0
2026-03-24 15:50:00,26.5947,26.6045,26.5357,26.5603,931373.0
2026-03-24 15:55:00,26.5553,26.5652,26.516,26.5406,1701855.0
2026-03-25 09:30:00,26.7324,26.8111,26.6875,26.7176,1108609.0
2026-03-25 09:35:00,26.7176,26.7422,26.6242,26.6291,440387.0
2026-03-25 09:40:00,26.6307,26.7422,26.6242,26.7078,386232.0
2026-03-25 09:45:00,26.7029,26.8111,26.6439,26.6439,525652.0
2026-03-25 09:50:00,26.6448,26.698,26.5947,26.6783,359578.0
2026-03-25 09:55:00,26.6783,26.7422,26.6684,26.698,252698.0
2026-03-25 10:00:00,26.698,26.8012,26.6684,26.7816,349781.0
2026-03-25 10:05:00,26.7914,26.8012,26.7137,26.7699,358276.0
2026-03-25 10:10:00,26.7717,26.8307,26.7619,26.8307,258077.0
2026-03-25 10:15:00,26.8307,26.8652,26.816,26.8258,463697.0
2026-03-25 10:20:00,26.8258,26.9242,26.816,26.8848,372529.0
2026-03-25 10:25:00,26.8893,26.9192,26.8111,26.8406,315339.0
2026-03-25 10:30:00,26.8406,26.8553,26.8111,26.8553,261355.0
2026-03-25 10:35:00,26.8553,26.875,26.8406,26.8504,183159.0
2026-03-25 10:40:00,26.8553,26.8996,26.8504,26.8783,390729.0
2026-03-25 10:45:00,26.875,26.8995,26.8652,26.8848,223460.0
2026-03-25 10:50:00,26.8897,26.8996,26.8602,26.8848,164585.0
2026-03-25 10:55:00,26.8848,26.9094,26.8602,26.875,214270.0
2026-03-25 11:00:00,26.875,26.9192,26.8602,26.9094,310038.0
2026-03-25 11:05:00,26.9127,26.9192,26.8799,26.8947,286810.0
2026-03-25 11:10:00,26.8947,26.8947,26.8504,26.8652,315633.0
2026-03-25 11:15:00,26.8652,26.8799,26.7619,26.8406,421643.0
2026-03-25 11:20:00,26.8406,26.9291,26.8307,26.9045,316378.0
2026-03-25 11:25:00,26.9016,26.9389,26.8996,26.9291,236592.0
2026-03-25 11:30:00,26.9291,26.9783,26.9192,26.939,542661.0
2026-03-25 11:35:00,26.9389,26.9463,26.9094,26.9365,256096.0
2026-03-25 11:40:00,26.9293,26.9684,26.9291,26.9635,291247.0
2026-03-25 11:45:00,26.9635,26.9979,26.9586,26.9635,309568.0
2026-03-25 11:50:00,26.9635,26.9783,26.9438,26.9635,338450.0
2026-03-25 11:55:00,26.9635,26.9979,26.9586,26.9808,364266.0
2026-03-25 12:00:00,26.9832,26.9881,26.9488,26.9798,463384.0
2026-03-25 12:05:00,26.9832,27.0078,26.9684,26.9881,334160.0
2026-03-25 12:10:00,26.9881,26.9881,26.9291,26.9389,258442.0
2026-03-25 12:15:00,26.9389,26.9537,26.9242,26.934,337759.0
2026-03-25 12:20:00,26.934,26.9586,26.9192,26.9586,355131.0
2026-03-25 12:25:00,26.9586,26.9783,26.9192,26.9242,386262.0
2026-03-25 12:30:00,26.9291,26.9635,26.8996,26.9635,398008.0
2026-03-25 12:35:00,26.9635,26.9832,26.9586,26.9832,292112.0
2026-03-25 12:40:00,26.9832,26.9979,26.9783,26.9881,176192.0
2026-03-25 12:45:00,26.9881,26.993,26.9291,26.9389,312626.0
2026-03-25 12:50:00,26.9438,27.0028,26.9389,27.0028,271078.0
2026-03-25 12:55:00,27.0028,27.0176,26.9783,27.0028,261843.0
2026-03-25 13:00:00,27.0028,27.0373,26.9906,27.0177,337726.0
2026-03-25 13:05:00,27.0245,27.0274,27.0078,27.0175,264359.0
2026-03-25 13:10:00,27.0127,27.0668,27.0078,27.0619,526178.0
2026-03-25 13:15:00,27.0619,27.0766,26.9979,27.0142,382135.0
2026-03-25 13:20:00,27.0127,27.0373,26.9979,27.0078,240583.0
2026-03-25 13:25:00,27.0028,27.0274,26.9783,26.9979,302501.0
2026-03-25 13:30:00,27.0078,27.0176,26.9881,27.0176,280596.0
2026-03-25 13:35:00,27.0078,27.0274,26.9291,26.9438,286815.0
2026-03-25 13:40:00,26.9438,26.9881,26.9291,26.9832,354468.0
2026-03-25 13:45:00,26.9881,26.9881,26.9488,26.9552,353367.0
2026-03-25 13:50:00,26.9535,26.9586,26.9094,26.9242,260860.0
2026-03-25 13:55:00,26.9242,26.9783,26.9192,26.9438,320458.0
2026-03-25 14:00:00,26.9488,26.9782,26.934,26.9488,227375.0
2026-03-25 14:05:00,26.9537,26.9783,26.9291,26.9291,224880.0
2026-03-25 14:10:00,26.9242,26.9389,26.8897,26.9045,324839.0
2026-03-25 14:15:00,26.906,26.9291,26.8996,26.9094,195788.0
2026-03-25 14:20:00,26.9143,26.9192,26.8799,26.8799,276034.0
2026-03-25 14:25:00,26.8837,26.8995,26.8602,26.8652,250802.0
2026-03-25 14:30:00,26.8701,26.907,26.8602,26.8652,299254.0
2026-03-25 14:35:00,26.8652,26.8971,26.8602,26.8947,250535.0
2026-03-25 14:40:00,26.8947,26.9192,26.8799,26.8999,310123.0
2026-03-25 14:45:00,26.8996,26.9389,26.8947,26.9292,304470.0
2026-03-25 14:50:00,26.9389,26.9488,26.9291,26.934,257755.0
2026-03-25 14:55:00,26.934,26.934,26.8701,26.8947,340433.0
2026-03-25 15:00:00,26.8947,26.8996,26.8701,26.8947,248950.0
2026-03-25 15:05:00,26.8897,26.8996,26.8701,26.875,282867.0
2026-03-25 15:10:00,26.875,26.8897,26.8504,26.8504,248800.0
2026-03-25 15:15:00,26.8526,26.8897,26.8504,26.8897,274043.0
2026-03-25 15:20:00,26.8848,26.9148,26.8799,26.8848,309857.0
2026-03-25 15:25:00,26.8799,26.8848,26.8602,26.8677,239591.0
2026-03-25 15:30:00,26.8602,26.9045,26.8553,26.8848,437084.0
2026-03-25 15:35:00,26.8848,26.8947,26.8455,26.8632,350939.0
2026-03-25 15:40:00,26.8652,26.8897,26.8504,26.8504,363246.0
2026-03-25 15:45:00,26.8553,26.8602,26.8307,26.8406,1142078.0
2026-03-25 15:50:00,26.8504,26.8897,26.8356,26.875,856879.0
2026-03-25 15:55:00,26.875,26.8799,26.8307,26.8602,2340077.0
2026-03-26 09:30:00,26.8012,27.0569,26.7914,26.9389,1106292.0
2026-03-26 09:35:00,26.9438,26.9881,26.8897,26.9585,396027.0
2026-03-26 09:40:00,26.9585,27.0569,26.9488,27.052,317692.0
2026-03-26 09:45:00,27.052,27.1809,27.0274,27.1553,474870.0
2026-03-26 09:50:00,27.1651,27.2438,27.1651,27.2241,454418.0
2026-03-26 09:55:00,27.2143,27.2536,27.2045,27.2389,422282.0
2026-03-26 10:00:00,27.2389,27.2832,27.2094,27.2143,288365.0
2026-03-26 10:05:00,27.2094,27.3077,27.2094,27.2881,408312.0
2026-03-26 10:10:00,27.2881,27.3471,27.2536,27.3323,377102.0
2026-03-26 10:15:00,27.3323,27.3422,27.2734,27.2782,350603.0
2026-03-26 10:20:00,27.2756,27.2822,27.2438,27.2536,220406.0
2026-03-26 10:25:00,27.2559,27.2635,27.2242,27.2389,204006.0
2026-03-26 10:30:00,27.2389,27.2536,27.1897,27.1897,222635.0
2026-03-26 10:35:00,27.1897,27.2143,27.1504,27.1651,289131.0
2026-03-26 10:40:00,27.17,27.1799,27.1161,27.1602,295178.0
2026-03-26 10:45:00,27.1602,27.2438,27.1555,27.2291,294883.0
2026-03-26 10:50:00,27.2274,27.2733,27.2241,27.2389,296693.0
2026-03-26 10:55:00,27.234,27.2389,27.1946,27.2142,274230.0
2026-03-26 11:00:00,27.2143,27.2536,27.1981,27.2487,417515.0
2026-03-26 11:05:00,27.2487,27.2536,27.175,27.1946,425751.0
2026-03-26 11:10:00,27.1971,27.2438,27.1946,27.2389,203936.0
2026-03-26 11:15:00,27.234,27.2438,27.1897,27.1948,203179.0
2026-03-26 11:20:00,27.1996,27.2143,27.175,27.1897,174367.0
2026-03-26 11:25:00,27.1946,27.2094,27.175,27.1897,146693.0
2026-03-26 11:30:00,27.1848,27.2143,27.1651,27.1943,356278.0
2026-03-26 11:35:00,27.1897,27.1946,27.175,27.175,182938.0
2026-03-26 11:40:00,27.1845,27.1845,27.1405,27.1504,231318.0
2026-03-26 11:45:00,27.1504,27.2094,27.1455,27.1946,262096.0
2026-03-26 11:50:00,27.1897,27.2045,27.1848,27.1946,143794.0
2026-03-26 11:55:00,27.1996,27.2143,27.1799,27.1996,250353.0
2026-03-26 12:00:00,27.1946,27.2143,27.175,27.1799,193695.0
2026-03-26 12:05:00,27.1848,27.2291,27.175,27.2214,195612.0
2026-03-26 12:10:00,27.2241,27.234,27.1946,27.2291,142278.0
2026-03-26 12:15:00,27.2291,27.234,27.1946,27.2326,214289.0
2026-03-26 12:20:00,27.2291,27.234,27.1996,27.2142,150469.0
2026-03-26 12:25:00,27.2094,27.2143,27.175,27.2094,247042.0
2026-03-26 12:30:00,27.2094,27.2143,27.175,27.1996,182796.0
2026-03-26 12:35:00,27.1996,27.2045,27.1848,27.1897,166330.0
2026-03-26 12:40:00,27.1897,27.2389,27.1897,27.2291,231841.0
2026-03-26 12:45:00,27.2241,27.2536,27.2241,27.2487,272408.0
2026-03-26 12:50:00,27.2487,27.2536,27.2291,27.2437,155241.0
2026-03-26 12:55:00,27.234,27.2635,27.2241,27.2635,126237.0
2026-03-26 13:00:00,27.2586,27.2733,27.2291,27.2291,163937.0
2026-03-26 13:05:00,27.2291,27.2437,27.2168,27.2241,134363.0
2026-03-26 13:10:00,27.2241,27.234,27.2143,27.2291,135252.0
2026-03-26 13:15:00,27.2291,27.234,27.175,27.1799,183367.0
2026-03-26 13:20:00,27.1799,27.2045,27.1553,27.175,318515.0
2026-03-26 13:25:00,27.1799,27.2143,27.175,27.2143,148970.0
2026-03-26 13:30:00,27.2094,27.2143,27.1848,27.2133,129507.0
2026-03-26 13:35:00,27.2143,27.2241,27.1848,27.2043,271289.0
2026-03-26 13:40:00,27.1996,27.1996,27.1651,27.1847,242915.0
2026-03-26 13:45:00,27.1799,27.2045,27.1799,27.1897,134171.0
2026-03-26 13:50:00,27.1848,27.2045,27.175,27.1996,186182.0
2026-03-26 13:55:00,27.1996,27.2045,27.1651,27.1671,187770.0
2026-03-26 14:00:00,27.1662,27.1946,27.1553,27.1651,1066511.0
2026-03-26 14:05:00,27.17,27.2045,27.1651,27.1799,193780.0
2026-03-26 14:10:00,27.1799,27.1946,27.1553,27.1651,354486.0
2026-03-26 14:15:00,27.1749,27.1848,27.1553,27.1651,306700.0
2026-03-26 14:20:00,27.17,27.175,27.1356,27.1658,248102.0
2026-03-26 14:25:00,27.17,27.1848,27.1456,27.1553,227792.0
2026-03-26 14:30:00,27.1504,27.1602,27.0914,27.1012,238200.0
2026-03-26 14:35:00,27.1012,27.1455,27.0964,27.1405,302423.0
2026-03-26 14:40:00,27.1405,27.1455,27.1061,27.1209,187860.0
2026-03-26 14:45:00,27.116,27.1258,27.1061,27.1209,174253.0
2026-03-26 14:50:00,27.1209,27.1356,27.1061,27.1089,148094.0
2026-03-26 14:55:00,27.111,27.1258,27.0914,27.111,164004.0
2026-03-26 15:00:00,27.111,27.1356,27.0864,27.0914,281970.0
2026-03-26 15:05:00,27.0963,27.1061,27.0668,27.0963,321215.0
2026-03-26 15:10:00,27.1012,27.1012,27.0471,27.0914,355840.0
2026-03-26 15:15:00,27.0914,27.116,27.0766,27.111,231941.0
2026-03-26 15:20:00,27.111,27.116,27.0797,27.0815,267494.0
2026-03-26 15:25:00,27.0815,27.1356,27.0815,27.111,342826.0
2026-03-26 15:30:00,27.116,27.116,27.0668,27.0963,415703.0
2026-03-26 15:35:00,27.0953,27.116,27.0717,27.0864,394395.0
2026-03-26 15:40:00,27.0815,27.0963,27.0569,27.0619,363243.0
2026-03-26 15:45:00,27.0583,27.0963,27.0471,27.0874,431774.0
2026-03-26 15:50:00,27.0914,27.0963,27.0569,27.0717,753331.0
2026-03-26 15:55:00,27.0717,27.1258,27.0569,27.1061,1806166.0
2026-03-27 09:30:00,27.2733,27.2733,27.0471,27.1357,1008248.0
2026-03-27 09:35:00,27.1356,27.1848,27.116,27.1661,247823.0
2026-03-27 09:40:00,27.17,27.2536,27.1651,27.2291,356663.0
2026-03-27 09:45:00,27.2241,27.293,27.2094,27.2733,262486.0
2026-03-27 09:50:00,27.2832,27.3127,27.2143,27.2389,276469.0
2026-03-27 09:55:00,27.2389,27.2487,27.1455,27.1602,247041.0
2026-03-27 10:00:00,27.1553,27.1799,27.116,27.1209,366821.0
2026-03-27 10:05:00,27.1258,27.1848,27.0963,27.1405,347221.0
2026-03-27 10:10:00,27.1405,27.175,27.0864,27.116,212375.0
2026-03-27 10:15:00,27.116,27.1356,27.0766,27.1307,202390.0
2026-03-27 10:20:00,27.1307,27.1553,27.0815,27.0815,385760.0
2026-03-27 10:25:00,27.0864,27.1356,27.0373,27.0471,342239.0
2026-03-27 10:30:00,27.0472,27.0815,27.0324,27.0619,345289.0
2026-03-27 10:35:00,27.0619,27.0864,26.9881,26.993,198699.0
2026-03-27 10:40:00,26.9881,26.9881,26.9389,26.9684,910777.0
2026-03-27 10:45:00,26.9684,27.0274,26.9301,26.993,605156.0
2026-03-27 10:50:00,26.9979,27.0471,26.9684,26.9783,406099.0
2026-03-27 10:55:00,26.9783,27.0717,26.9783,27.0176,274957.0
2026-03-27 11:00:00,27.0176,27.0373,26.993,27.0225,142644.0
2026-03-27 11:05:00,27.0225,27.0422,26.9143,26.9192,267936.0
2026-03-27 11:10:00,26.9242,26.9478,26.9045,26.9438,249676.0
2026-03-27 11:15:00,26.9438,26.9832,26.8848,26.8848,348004.0
2026-03-27 11:20:00,26.8897,26.9684,26.8848,26.922,306396.0
2026-03-27 11:25:00,26.9291,26.9586,26.9094,26.9438,221480.0
2026-03-27 11:30:00,26.9488,26.9733,26.9389,26.9537,146040.0
2026-03-27 11:35:00,26.9585,26.9979,26.9242,26.9291,209789.0
2026-03-27 11:40:00,26.9291,26.9586,26.9192,26.9438,103565.0
2026-03-27 11:45:00,26.9438,26.9783,26.9291,26.9438,189556.0
2026-03-27 11:50:00,26.9438,26.9537,26.8848,26.8996,249206.0
2026-03-27 11:55:00,26.8995,26.9094,26.8455,26.8455,253245.0
2026-03-27 12:00:00,26.8406,26.8455,26.8111,26.8258,266496.0
2026-03-27 12:05:00,26.8258,26.8455,26.8111,26.8258,214647.0
2026-03-27 12:10:00,26.8307,26.8553,26.8209,26.8406,189735.0
2026-03-27 12:15:00,26.8455,26.8691,26.8307,26.8601,188567.0
2026-03-27 12:20:00,26.8553,26.8897,26.8505,26.8652,237382.0
2026-03-27 12:25:00,26.8603,26.8701,26.8307,26.8652,332101.0
2026-03-27 12:30:00,26.8652,26.8799,26.8504,26.8729,235526.0
2026-03-27 12:35:00,26.8701,26.8848,26.8209,26.8307,294816.0
2026-03-27 12:40:00,26.8258,26.8307,26.7914,26.7963,211981.0
2026-03-27 12:45:00,26.7963,26.8307,26.7914,26.8258,162093.0
2026-03-27 12:50:00,26.8307,26.8406,26.8111,26.816,194853.0
2026-03-27 12:55:00,26.8111,26.8356,26.8012,26.816,203557.0
2026-03-27 13:00:00,26.8112,26.8406,26.8061,26.8258,248054.0
2026-03-27 13:05:00,26.8307,26.8701,26.7963,26.8061,326509.0
2026-03-27 13:10:00,26.8057,26.8209,26.8012,26.8131,172127.0
2026-03-27 13:15:00,26.816,26.8191,26.7914,26.816,141024.0
2026-03-27 13:20:00,26.816,26.8356,26.8111,26.8209,106313.0
2026-03-27 13:25:00,26.8209,26.8209,26.7914,26.7939,259546.0
2026-03-27 13:30:00,26.7915,26.8504,26.7915,26.8462,136325.0
2026-03-27 13:35:00,26.8503,26.8799,26.8406,26.8553,200183.0
2026-03-27 13:40:00,26.8553,26.8601,26.8111,26.8307,214110.0
2026-03-27 13:45:00,26.8258,26.8504,26.8209,26.8406,230386.0
2026-03-27 13:50:00,26.8365,26.8504,26.8307,26.8316,115614.0
2026-03-27 13:55:00,26.8406,26.8406,26.816,26.816,91634.0
2026-03-27 14:00:00,26.8111,26.8258,26.7963,26.8012,250170.0
2026-03-27 14:05:00,26.8012,26.8111,26.8012,26.8111,121371.0
2026-03-27 14:10:00,26.8111,26.8111,26.7668,26.7787,324986.0
2026-03-27 14:15:00,26.7816,26.8111,26.7816,26.8061,175966.0
2026-03-27 14:20:00,26.8111,26.8283,26.8061,26.8061,118230.0
2026-03-27 14:25:00,26.8061,26.8061,26.7717,26.7865,155923.0
2026-03-27 14:30:00,26.7865,26.7914,26.7619,26.7668,158738.0
2026-03-27 14:35:00,26.7668,26.7716,26.7422,26.7619,301222.0
2026-03-27 14:40:00,26.7619,26.8012,26.752,26.7914,188952.0
2026-03-27 14:45:00,26.7914,26.8012,26.7816,26.7865,145573.0
2026-03-27 14:50:00,26.7865,26.7914,26.7619,26.7865,129551.0
2026-03-27 14:55:00,26.7865,26.7963,26.7668,26.7766,178428.0
2026-03-27 15:00:00,26.7766,26.7963,26.7127,26.7176,273755.0
2026-03-27 15:05:00,26.722,26.7225,26.6832,26.698,198890.0
2026-03-27 15:10:00,26.698,26.7225,26.693,26.698,244021.0
2026-03-27 15:15:00,26.6932,26.7224,26.6832,26.7176,292327.0
2026-03-27 15:20:00,26.7176,26.7471,26.7127,26.7341,231330.0
2026-03-27 15:25:00,26.7373,26.7373,26.693,26.7078,236036.0
2026-03-27 15:30:00,26.7078,26.7324,26.6955,26.7227,336378.0
2026-03-27 15:35:00,26.7275,26.7275,26.6537,26.6734,381603.0
2026-03-27 15:40:00,26.6832,26.6832,26.6144,26.6241,418873.0
2026-03-27 15:45:00,26.6193,26.6242,26.575,26.5947,568034.0
2026-03-27 15:50:00,26.6045,26.6291,26.5848,26.6094,752916.0
2026-03-27 15:55:00,26.6144,26.634,26.5848,26.5848,1814936.0
2026-03-30 09:30:00,26.9684,27.0373,26.8799,26.9389,1208582.0
2026-03-30 09:35:00,26.934,27.0011,26.8406,26.9783,477422.0
2026-03-30 09:40:00,26.9783,26.9783,26.8602,26.9075,276099.0
2026-03-30 09:45:00,26.9045,27.0127,26.8947,26.9586,699567.0
2026-03-30 09:50:00,26.9586,26.9635,26.8799,26.9305,364710.0
2026-03-30 09:55:00,26.9291,26.9881,26.9094,26.934,270617.0
2026-03-30 10:00:00,26.9291,26.9881,26.9143,26.934,482629.0
2026-03-30 10:05:00,26.9389,26.9488,26.7816,26.8307,398369.0
2026-03-30 10:10:00,26.8307,26.8652,26.7619,26.7668,336937.0
2026-03-30 10:15:00,26.7717,26.7816,26.7029,26.7717,435840.0
2026-03-30 10:20:00,26.78,26.8111,26.757,26.7865,173207.0
2026-03-30 10:25:00,26.7865,26.8578,26.7865,26.8455,223744.0
2026-03-30 10:30:00,26.8504,26.9438,26.8406,26.9045,355663.0
2026-03-30 10:35:00,26.9045,26.9438,26.8799,26.9143,359318.0
2026-03-30 10:40:00,26.9094,26.9389,26.8897,26.9356,390404.0
2026-03-30 10:45:00,26.934,26.9783,26.9291,26.9291,609521.0
2026-03-30 10:50:00,26.9242,26.9733,26.9192,26.9537,384705.0
2026-03-30 10:55:00,26.9537,26.9586,26.9192,26.934,237005.0
2026-03-30 11:00:00,26.9291,26.9488,26.8356,26.8702,483583.0
2026-03-30 11:05:00,26.875,26.9094,26.8504,26.8848,236060.0
2026-03-30 11:10:00,26.8896,26.9488,26.8896,26.9094,142683.0
2026-03-30 11:15:00,26.9143,27.0274,26.8947,27.0274,616564.0
2026-03-30 11:20:00,27.0225,27.0766,26.9979,27.0225,612176.0
2026-03-30 11:25:00,27.0225,27.0259,26.9488,26.9537,228243.0
2026-03-30 11:30:00,26.9586,27.0078,26.8897,26.9979,348327.0
2026-03-30 11:35:00,26.9979,27.0373,26.9921,27.0324,235937.0
2026-03-30 11:40:00,27.0324,27.0373,26.9979,27.0225,283668.0
2026-03-30 11:45:00,27.0225,27.0471,27.0078,27.0128,229741.0
2026-03-30 11:50:00,27.0127,27.0569,27.0079,27.0422,323687.0
2026-03-30 11:55:00,27.0422,27.0471,27.0127,27.0225,223232.0
2026-03-30 12:00:00,27.0273,27.0471,26.9389,26.9488,438651.0
2026-03-30 12:05:00,26.9488,27.0176,26.9488,27.0028,444609.0
2026-03-30 12:10:00,26.9979,26.9979,26.9291,26.9537,1884357.0
2026-03-30 12:15:00,26.9579,27.0668,26.9488,27.0619,685487.0
2026-03-30 12:20:00,27.0619,27.0963,27.0569,27.0619,256793.0
2026-03-30 12:25:00,27.0668,27.0864,27.0569,27.0815,236255.0
2026-03-30 12:30:00,27.0766,27.1061,27.0766,27.0914,259645.0
2026-03-30 12:35:00,27.0914,27.116,27.0864,27.1061,321139.0
2026-03-30 12:40:00,27.1012,27.1061,27.0864,27.0963,171805.0
2026-03-30 12:45:00,27.0914,27.116,27.0815,27.1012,382367.0
2026-03-30 12:50:00,27.0963,27.1061,27.0864,27.0914,199307.0
2026-03-30 12:55:00,27.0914,27.1061,27.0864,27.1012,245830.0
2026-03-30 13:00:00,27.1061,27.1258,27.0974,27.1012,220033.0
2026-03-30 13:05:00,27.1061,27.1258,27.0963,27.1209,141834.0
2026-03-30 13:10:00,27.1209,27.1258,27.0619,27.0717,354324.0
2026-03-30 13:15:00,27.0717,27.0914,27.0422,27.052,301659.0
2026-03-30 13:20:00,27.0471,27.0619,27.0274,27.0422,288557.0
2026-03-30 13:25:00,27.0422,27.0422,26.993,27.0274,229321.0
2026-03-30 13:30:00,27.0274,27.0373,27.0078,27.0373,185050.0
2026-03-30 13:35:00,27.0324,27.0963,27.0274,27.0914,332741.0
2026-03-30 13:40:00,27.0914,27.0963,27.0668,27.0765,191906.0
2026-03-30 13:45:00,27.0766,27.0914,27.0374,27.052,303477.0
2026-03-30 13:50:00,27.052,27.0667,27.0274,27.0422,300285.0
2026-03-30 13:55:00,27.0422,27.0766,27.0324,27.0766,271253.0
2026-03-30 14:00:00,27.0668,27.1061,27.0668,27.1012,346745.0
2026-03-30 14:05:00,27.0964,27.1061,27.0766,27.0914,307108.0
2026-03-30 14:10:00,27.0962,27.116,27.0766,27.116,297480.0
2026-03-30 14:15:00,27.1061,27.1257,27.0864,27.0864,267558.0
2026-03-30 14:20:00,27.0963,27.1455,27.0864,27.1455,378068.0
2026-03-30 14:25:00,27.1455,27.1455,27.116,27.1356,376187.0
2026-03-30 14:30:00,27.1405,27.1651,27.1356,27.1651,343288.0
2026-03-30 14:35:00,27.1602,27.2241,27.1602,27.2094,478843.0
2026-03-30 14:40:00,27.2094,27.2143,27.1848,27.2045,404026.0
2026-03-30 14:45:00,27.2045,27.2143,27.1848,27.1897,283957.0
2026-03-30 14:50:00,27.1897,27.1922,27.1455,27.1602,286458.0
2026-03-30 14:55:00,27.1602,27.175,27.1356,27.17,318575.0
2026-03-30 15:00:00,27.17,27.1946,27.1651,27.175,356351.0
2026-03-30 15:05:00,27.1799,27.1848,27.1455,27.1504,349958.0
2026-03-30 15:10:00,27.1553,27.1553,27.126,27.1405,383801.0
2026-03-30 15:15:00,27.1405,27.1651,27.1258,27.1602,348390.0
2026-03-30 15:20:00,27.1602,27.175,27.1553,27.1601,419524.0
2026-03-30 15:25:00,27.1602,27.1848,27.1356,27.1799,473756.0
2026-03-30 15:30:00,27.1848,27.2241,27.1602,27.1602,1148278.0
2026-03-30 15:35:00,27.1602,27.234,27.1553,27.2192,931307.0
2026-03-30 15:40:00,27.2241,27.2733,27.2241,27.2733,809723.0
2026-03-30 15:45:00,27.2684,27.293,27.2536,27.2832,965630.0
2026-03-30 15:50:00,27.2831,27.3127,27.2536,27.3127,1636063.0
2026-03-30 15:55:00,27.3127,27.3618,27.2635,27.3077,3565527.0
2026-03-31 09:30:00,27.529,27.5389,27.3422,27.4553,1773970.0
2026-03-31 09:35:00,27.4553,27.5094,27.4258,27.5045,546021.0
2026-03-31 09:40:00,27.5094,27.5585,27.4651,27.534,2243429.0
2026-03-31 09:45:00,27.534,27.6618,27.5192,27.6324,1352463.0
2026-03-31 09:50:00,27.6274,27.7012,27.6077,27.7012,939601.0
2026-03-31 09:55:00,27.7012,27.7651,27.6864,27.7454,892259.0
2026-03-31 10:00:00,27.7454,27.8389,27.7257,27.8241,881125.0
2026-03-31 10:05:00,27.8241,27.8438,27.7356,27.7454,615472.0
2026-03-31 10:10:00,27.7454,27.8241,27.7257,27.7419,1529354.0
2026-03-31 10:15:00,27.7405,27.7454,27.6176,27.652,637701.0
2026-03-31 10:20:00,27.6569,27.7553,27.6471,27.7553,563235.0
2026-03-31 10:25:00,27.7503,27.7749,27.7307,27.7651,257798.0
2026-03-31 10:30:00,27.77,27.7749,27.7257,27.7503,279588.0
2026-03-31 10:35:00,27.7504,27.7651,27.711,27.7255,278354.0
2026-03-31 10:40:00,27.7208,27.7356,27.529,27.534,546021.0
2026-03-31 10:45:00,27.534,27.5782,27.4799,27.4995,293410.0
2026-03-31 10:50:00,27.5045,27.5094,27.3913,27.4159,284758.0
2026-03-31 10:55:00,27.4181,27.4602,27.3913,27.4258,488549.0
2026-03-31 11:00:00,27.4307,27.4602,27.4209,27.4307,272184.0
2026-03-31 11:05:00,27.4307,27.4995,27.4209,27.4848,300949.0
2026-03-31 11:10:00,27.4848,27.5192,27.47,27.4996,343108.0
2026-03-31 11:15:00,27.4996,27.534,27.4799,27.5045,410284.0
2026-03-31 11:20:00,27.5045,27.5094,27.4602,27.4833,226595.0
2026-03-31 11:25:00,27.486,27.486,27.3717,27.4192,414167.0
2026-03-31 11:30:00,27.411,27.4405,27.3913,27.4308,284378.0
2026-03-31 11:35:00,27.4356,27.4602,27.4258,27.4258,279845.0
2026-03-31 11:40:00,27.4258,27.4405,27.411,27.4258,202444.0
2026-03-31 11:45:00,27.4258,27.4307,27.3864,27.4159,230363.0
2026-03-31 11:50:00,27.4159,27.4405,27.4012,27.4258,229204.0
2026-03-31 11:55:00,27.4209,27.4258,27.3913,27.4061,178234.0
2026-03-31 12:00:00,27.4104,27.4504,27.3963,27.4356,227299.0
2026-03-31 12:05:00,27.4357,27.47,27.4307,27.4651,104559.0
2026-03-31 12:10:00,27.4603,27.4651,27.4307,27.4553,142732.0
2026-03-31 12:15:00,27.4553,27.47,27.4209,27.4356,164449.0
2026-03-31 12:20:00,27.4307,27.529,27.4307,27.5241,276047.0
2026-03-31 12:25:00,27.5192,27.5585,27.4897,27.4911,343278.0
2026-03-31 12:30:00,27.4946,27.4946,27.4504,27.4553,102164.0
2026-03-31 12:35:00,27.4602,27.4897,27.4504,27.4749,233873.0
2026-03-31 12:40:00,27.4761,27.5733,27.4553,27.4553,417706.0
2026-03-31 12:45:00,27.4504,27.4553,27.3274,27.4454,701986.0
2026-03-31 12:50:00,27.4454,27.5045,27.4454,27.47,226831.0
2026-03-31 12:55:00,27.47,27.4946,27.4405,27.4848,165470.0
2026-03-31 13:00:00,27.4897,27.5389,27.4799,27.5192,200982.0
2026-03-31 13:05:00,27.5143,27.5241,27.4553,27.4602,199646.0
2026-03-31 13:10:00,27.4602,27.4995,27.4505,27.4946,179000.0
2026-03-31 13:15:00,27.4946,27.5094,27.4602,27.4848,163530.0
2026-03-31 13:20:00,27.4799,27.4848,27.4405,27.4454,137393.0
2026-03-31 13:25:00,27.4454,27.4602,27.3815,27.3815,208648.0
2026-03-31 13:30:00,27.3864,27.4405,27.3766,27.4356,174633.0
2026-03-31 13:35:00,27.4356,27.4553,27.4012,27.4258,272702.0
2026-03-31 13:40:00,27.4307,27.4651,27.411,27.4209,283982.0
2026-03-31 13:45:00,27.4258,27.4503,27.4209,27.4258,97859.0
2026-03-31 13:50:00,27.4258,27.4601,27.4209,27.4601,211810.0
2026-03-31 13:55:00,27.4504,27.4651,27.411,27.4159,190813.0
2026-03-31 14:00:00,27.4159,27.47,27.411,27.4357,165471.0
2026-03-31 14:05:00,27.4356,27.4504,27.411,27.4356,202900.0
2026-03-31 14:10:00,27.4356,27.4504,27.411,27.4405,167597.0
2026-03-31 14:15:00,27.4308,27.4602,27.4307,27.4405,225302.0
2026-03-31 14:20:00,27.4417,27.4454,27.3913,27.4061,143634.0
2026-03-31 14:25:00,27.4061,27.4307,27.3935,27.4159,184808.0
2026-03-31 14:30:00,27.4111,27.4159,27.3766,27.3864,163040.0
2026-03-31 14:35:00,27.3815,27.4503,27.3815,27.4061,201345.0
2026-03-31 14:40:00,27.411,27.4405,27.352,27.3963,203615.0
2026-03-31 14:45:00,27.3963,27.4405,27.3916,27.4405,196980.0
2026-03-31 14:50:00,27.4405,27.4602,27.4209,27.4321,171187.0
2026-03-31 14:55:00,27.4356,27.4504,27.4209,27.4454,165544.0
2026-03-31 15:00:00,27.4504,27.4799,27.4406,27.4651,230287.0
2026-03-31 15:05:00,27.4651,27.47,27.4307,27.4699,199150.0
2026-03-31 15:10:00,27.4651,27.4848,27.4602,27.4651,210745.0
2026-03-31 15:15:00,27.47,27.5094,27.4651,27.5045,258717.0
2026-03-31 15:20:00,27.5045,27.5389,27.4848,27.5143,393201.0
2026-03-31 15:25:00,27.5192,27.5389,27.5095,27.534,241893.0
2026-03-31 15:30:00,27.531,27.5585,27.5241,27.5438,468817.0
2026-03-31 15:35:00,27.5438,27.5881,27.5438,27.5782,458660.0
2026-03-31 15:40:00,27.5781,27.5881,27.5684,27.5782,360522.0
2026-03-31 15:45:00,27.5684,27.5979,27.5585,27.5684,372387.0
2026-03-31 15:50:00,27.5733,27.5881,27.5192,27.529,778730.0
2026-03-31 15:55:00,27.5389,27.6176,27.534,27.6176,2479133.0
