datetime,open,high,low,close,volume
2026-04-01 09:30:00,142.8705,143.069,142.1657,142.4238,288949.0
2026-04-01 09:35:00,142.4436,142.7216,142.3047,142.3444,40896.0
2026-04-01 09:40:00,142.3841,142.9598,142.1905,142.9598,57197.0
2026-04-01 09:45:00,142.9698,143.3867,142.7762,143.347,81547.0
2026-04-01 09:50:00,143.2279,143.625,143.0591,143.486,58143.0
2026-04-01 09:55:00,143.3917,143.5654,143.1088,143.2974,75818.0
2026-04-01 10:00:00,143.2775,143.3669,142.9201,143.2775,96731.0
2026-04-01 10:05:00,143.3172,143.5319,142.94,143.0194,306960.0
2026-04-01 10:10:00,142.9996,143.1634,142.8457,143.1187,84271.0
2026-04-01 10:15:00,143.1385,143.1385,142.9301,143.0591,59783.0
2026-04-01 10:20:00,143.0393,143.486,142.9797,143.4165,61210.0
2026-04-01 10:25:00,143.4612,143.5257,143.3471,143.3471,53563.0
2026-04-01 10:30:00,143.3966,143.8235,143.3966,143.8235,68015.0
2026-04-01 10:35:00,143.7987,143.9128,143.6349,143.6647,75442.0
2026-04-01 10:40:00,143.6647,143.7044,143.3768,143.6448,52520.0
2026-04-01 10:45:00,143.7242,143.893,143.6746,143.893,70221.0
2026-04-01 10:50:00,143.9029,143.9029,143.5356,143.6448,62305.0
2026-04-01 10:55:00,143.6349,143.7342,143.5753,143.62,59716.0
2026-04-01 11:00:00,143.625,143.6448,143.4363,143.5654,49857.0
2026-04-01 11:05:00,143.5853,143.5853,143.218,143.352,53055.0
2026-04-01 11:10:00,143.3569,143.3967,143.1385,143.3123,81245.0
2026-04-01 11:15:00,143.3371,143.4165,143.2378,143.3669,63644.0
2026-04-01 11:20:00,143.3271,143.3917,143.2279,143.2725,56875.0
2026-04-01 11:25:00,143.2676,143.4066,143.2577,143.2974,70346.0
2026-04-01 11:30:00,143.2676,143.2775,142.8506,142.9698,55083.0
2026-04-01 11:35:00,143.0095,143.1187,142.8606,142.8903,49947.0
2026-04-01 11:40:00,142.8506,142.9301,142.6471,142.6968,75174.0
2026-04-01 11:45:00,142.6819,142.6819,142.399,142.533,55586.0
2026-04-01 11:50:00,142.5231,142.5429,142.3741,142.4536,80224.0
2026-04-01 11:55:00,142.4734,142.5032,142.3543,142.399,71397.0
2026-04-01 12:00:00,142.399,142.4287,142.2054,142.2749,78762.0
2026-04-01 12:05:00,142.2848,142.4833,142.2749,142.389,87396.0
2026-04-01 12:10:00,142.3841,142.4635,142.1855,142.4585,45326.0
2026-04-01 12:15:00,142.4734,142.5727,142.3642,142.3791,56910.0
2026-04-01 12:20:00,142.3741,142.3741,142.1756,142.2553,95784.0
2026-04-01 12:25:00,142.2798,142.4436,142.2798,142.3444,31299.0
2026-04-01 12:30:00,142.3543,142.6124,142.3047,142.6025,70705.0
2026-04-01 12:35:00,142.6124,142.6124,142.4039,142.4831,31832.0
2026-04-01 12:40:00,142.4833,142.533,142.4337,142.4933,33131.0
2026-04-01 12:45:00,142.4933,142.5429,142.4139,142.4139,39958.0
2026-04-01 12:50:00,142.4139,142.4541,142.3146,142.394,47710.0
2026-04-01 12:55:00,142.3841,142.5181,142.3642,142.4486,44006.0
2026-04-01 13:00:00,142.4436,142.5925,142.4436,142.5727,45360.0
2026-04-01 13:05:00,142.5777,142.6769,142.5379,142.5578,31522.0
2026-04-01 13:10:00,142.5628,142.672,142.5231,142.672,39072.0
2026-04-01 13:15:00,142.6422,142.7712,142.5925,142.7571,27705.0
2026-04-01 13:20:00,142.7613,142.9301,142.7563,142.9052,35623.0
2026-04-01 13:25:00,142.9102,142.9102,142.7812,142.8308,48021.0
2026-04-01 13:30:00,142.8392,142.9499,142.8109,142.9301,44448.0
2026-04-01 13:35:00,142.9301,142.9301,142.7216,142.8407,39733.0
2026-04-01 13:40:00,142.8407,143.0492,142.8308,143.0492,60982.0
2026-04-01 13:45:00,143.0591,143.0889,142.9797,143.0293,59731.0
2026-04-01 13:50:00,143.0343,143.347,143.0343,143.0988,191431.0
2026-04-01 13:55:00,143.074,143.0978,142.8705,142.8705,72283.0
2026-04-01 14:00:00,142.8606,143.0095,142.7812,142.8804,98958.0
2026-04-01 14:05:00,142.8804,142.9896,142.8159,142.9896,70730.0
2026-04-01 14:10:00,142.9996,143.2626,142.9598,143.218,107818.0
2026-04-01 14:15:00,143.218,143.3669,143.1782,143.2676,96300.0
2026-04-01 14:20:00,143.2378,143.2428,143.0194,143.0293,90509.0
2026-04-01 14:25:00,143.0205,143.1088,142.935,142.9499,54111.0
2026-04-01 14:30:00,142.9598,143.1584,142.9499,143.1485,49348.0
2026-04-01 14:35:00,143.1385,143.347,143.1088,143.1683,50264.0
2026-04-01 14:40:00,143.1683,143.1782,143.0492,143.1038,50937.0
2026-04-01 14:45:00,143.0988,143.1882,143.0691,143.1634,51175.0
2026-04-01 14:50:00,143.1634,143.2378,143.1286,143.1783,44022.0
2026-04-01 14:55:00,143.1882,143.2428,143.1584,143.208,49530.0
2026-04-01 15:00:00,143.2179,143.2775,143.1584,143.2279,58388.0
2026-04-01 15:05:00,143.213,143.2577,143.0492,143.1584,78593.0
2026-04-01 15:10:00,143.1683,143.2775,143.1187,143.2279,76276.0
2026-04-01 15:15:00,143.2377,143.2874,143.1385,143.1683,74683.0
2026-04-01 15:20:00,143.1683,143.218,143.0988,143.1683,53516.0
2026-04-01 15:25:00,143.1584,143.3271,143.1336,143.3073,71809.0
2026-04-01 15:30:00,143.3073,143.5009,143.3073,143.4761,76710.0
2026-04-01 15:35:00,143.486,143.5753,143.4761,143.5058,73742.0
2026-04-01 15:40:00,143.5058,143.5853,143.3172,143.3271,95464.0
2026-04-01 15:45:00,143.3073,143.3073,143.0988,143.1088,123575.0
2026-04-01 15:50:00,143.0889,143.1584,142.9499,143.0194,175667.0
2026-04-01 15:55:00,143.0095,143.2974,142.9797,143.0591,986150.0
2026-04-02 09:30:00,143.0393,143.1584,141.9572,142.1309,243229.0
2026-04-02 09:35:00,142.1309,142.6422,142.116,142.4436,59054.0
2026-04-02 09:40:00,142.4635,143.0492,142.4039,142.801,62117.0
2026-04-02 09:45:00,142.8109,142.8904,142.6223,142.7017,67218.0
2026-04-02 09:50:00,142.6819,142.7216,142.3344,142.3841,32489.0
2026-04-02 09:55:00,142.3543,142.4536,142.1855,142.2004,32402.0
2026-04-02 10:00:00,142.2153,142.4635,142.0714,142.0813,61968.0
2026-04-02 10:05:00,142.0813,142.2252,141.9374,142.116,85533.0
2026-04-02 10:10:00,142.121,142.121,141.5403,141.6544,77275.0
2026-04-02 10:15:00,141.6594,142.0365,141.6395,142.0267,74964.0
2026-04-02 10:20:00,142.0336,142.5429,141.9572,142.0267,253466.0
2026-04-02 10:25:00,142.0416,142.3219,142.0416,142.1657,85257.0
2026-04-02 10:30:00,142.1756,142.2054,141.9473,141.9473,52442.0
2026-04-02 10:35:00,141.987,142.4337,141.982,142.2798,105959.0
2026-04-02 10:40:00,142.3444,142.4833,142.2451,142.4039,54306.0
2026-04-02 10:45:00,142.3692,142.4833,142.2282,142.4734,39019.0
2026-04-02 10:50:00,142.4387,142.5528,142.3741,142.4039,32654.0
2026-04-02 10:55:00,142.4139,142.533,142.2848,142.3096,50727.0
2026-04-02 11:00:00,142.255,142.4039,142.0763,142.1735,39521.0
2026-04-02 11:05:00,142.1855,142.2153,142.0217,142.0614,32417.0
2026-04-02 11:10:00,142.0565,142.0565,141.7537,141.9622,37735.0
2026-04-02 11:15:00,141.9622,142.0962,141.9076,141.9771,35618.0
2026-04-02 11:20:00,141.9671,142.0019,141.8976,141.8976,48303.0
2026-04-02 11:25:00,141.8877,141.9473,141.714,141.9274,49080.0
2026-04-02 11:30:00,141.9473,142.0267,141.8381,141.9423,37166.0
2026-04-02 11:35:00,141.9175,142.0962,141.9026,141.9671,33402.0
2026-04-02 11:40:00,141.9771,142.1358,141.8579,142.121,44806.0
2026-04-02 11:45:00,142.116,142.2947,142.0565,142.1855,47104.0
2026-04-02 11:50:00,142.1955,142.2451,142.0863,142.1706,52743.0
2026-04-02 11:55:00,142.1657,142.2451,141.9473,141.9681,35052.0
2026-04-02 12:00:00,141.9771,142.116,141.8778,141.9969,56863.0
2026-04-02 12:05:00,142.0168,142.0962,141.9274,142.0168,46552.0
2026-04-02 12:10:00,142.0366,142.0565,141.9374,141.9522,19419.0
2026-04-02 12:15:00,141.9473,142.1359,141.9374,142.0962,36436.0
2026-04-02 12:20:00,142.116,142.2748,142.116,142.2153,57162.0
2026-04-02 12:25:00,142.1955,142.3444,142.1855,142.2261,21833.0
2026-04-02 12:30:00,142.2252,142.3047,142.1657,142.1657,42877.0
2026-04-02 12:35:00,142.2054,142.3444,142.2054,142.2699,32383.0
2026-04-02 12:40:00,142.2654,142.3245,142.0466,142.0466,37117.0
2026-04-02 12:45:00,142.0515,142.0664,141.8381,142.0217,36926.0
2026-04-02 12:50:00,142.0168,142.0863,141.9671,142.0466,16842.0
2026-04-02 12:55:00,142.0565,142.1012,141.9671,141.987,20161.0
2026-04-02 13:00:00,142.0068,142.1642,141.9125,142.1642,29983.0
2026-04-02 13:05:00,142.1409,142.2549,142.0962,142.2549,34090.0
2026-04-02 13:10:00,142.2252,142.245,142.1061,142.121,35541.0
2026-04-02 13:15:00,142.1359,142.1607,142.0763,142.1111,22528.0
2026-04-02 13:20:00,142.1409,142.2848,142.116,142.2798,27392.0
2026-04-02 13:25:00,142.2898,142.3423,142.2302,142.255,23868.0
2026-04-02 13:30:00,142.26,142.26,142.0466,142.0598,44011.0
2026-04-02 13:35:00,142.0714,142.2252,142.0366,142.1756,25409.0
2026-04-02 13:40:00,142.1657,142.1657,141.9572,142.1657,43840.0
2026-04-02 13:45:00,142.1558,142.1756,141.9969,142.0217,24891.0
2026-04-02 13:50:00,142.0267,142.0913,141.982,142.0217,32712.0
2026-04-02 13:55:00,142.0664,142.116,141.9274,142.0763,36615.0
2026-04-02 14:00:00,142.1061,142.2054,142.0895,142.116,41932.0
2026-04-02 14:05:00,142.126,142.1657,141.9771,142.121,29072.0
2026-04-02 14:10:00,142.121,142.2153,142.116,142.116,25386.0
2026-04-02 14:15:00,142.1309,142.2649,142.116,142.1458,26408.0
2026-04-02 14:20:00,142.126,142.1607,142.0366,142.0913,43515.0
2026-04-02 14:25:00,142.0912,142.1905,142.0912,142.1458,21474.0
2026-04-02 14:30:00,142.1657,142.1756,141.987,142.0565,27815.0
2026-04-02 14:35:00,142.1061,142.1061,142.0168,142.1012,32011.0
2026-04-02 14:40:00,142.0912,142.265,142.0912,142.265,23929.0
2026-04-02 14:45:00,142.2352,142.3245,142.2352,142.3146,26389.0
2026-04-02 14:50:00,142.2997,142.4833,142.2997,142.4635,24630.0
2026-04-02 14:55:00,142.4833,142.5131,142.4188,142.5032,26823.0
2026-04-02 15:00:00,142.4784,142.5578,142.4337,142.4337,29175.0
2026-04-02 15:05:00,142.4337,142.4536,142.3444,142.4139,37242.0
2026-04-02 15:10:00,142.4238,142.4436,142.3444,142.3493,26227.0
2026-04-02 15:15:00,142.3444,142.394,142.2798,142.3853,34975.0
2026-04-02 15:20:00,142.394,142.4238,142.2947,142.3047,93321.0
2026-04-02 15:25:00,142.3146,142.3543,142.2252,142.2749,34088.0
2026-04-02 15:30:00,142.2749,142.3444,142.2451,142.2749,35547.0
2026-04-02 15:35:00,142.2947,142.3344,142.2352,142.3096,33365.0
2026-04-02 15:40:00,142.3145,142.3245,142.1955,142.2302,49053.0
2026-04-02 15:45:00,142.2153,142.2699,141.9572,141.9572,90572.0
2026-04-02 15:50:00,141.9671,142.0962,141.9374,142.0515,125441.0
2026-04-02 15:55:00,142.0565,142.1558,141.9969,142.0962,268077.0
2026-04-06 09:30:00,141.9671,141.9671,141.2574,141.5997,154064.0
2026-04-06 09:35:00,141.5204,141.7487,141.3268,141.3814,62550.0
2026-04-06 09:40:00,141.3914,141.6197,141.3417,141.5849,29879.0
2026-04-06 09:45:00,141.5998,141.9175,141.5998,141.9125,47738.0
2026-04-06 09:50:00,141.8976,142.0664,141.8182,142.0366,43660.0
2026-04-06 09:55:00,142.0267,142.265,142.0068,142.265,40101.0
2026-04-06 10:00:00,142.2252,142.4635,142.1639,142.265,49512.0
2026-04-06 10:05:00,142.2352,142.3841,142.1508,142.3047,51508.0
2026-04-06 10:10:00,142.2947,142.4085,142.255,142.3543,51210.0
2026-04-06 10:15:00,142.3741,142.5628,142.3444,142.4933,53933.0
2026-04-06 10:20:00,142.5231,142.5428,142.3245,142.5131,98028.0
2026-04-06 10:25:00,142.5131,142.6025,142.4536,142.4784,43146.0
2026-04-06 10:30:00,142.5048,142.5528,142.4039,142.4536,49383.0
2026-04-06 10:35:00,142.4436,142.4536,142.1458,142.3841,55206.0
2026-04-06 10:40:00,142.3791,142.5925,142.3543,142.5578,53878.0
2026-04-06 10:45:00,142.5427,142.5578,142.3741,142.4039,28610.0
2026-04-06 10:50:00,142.399,142.5131,142.3344,142.4933,57039.0
2026-04-06 10:55:00,142.5032,142.5707,142.4238,142.5707,45824.0
2026-04-06 11:00:00,142.5528,142.6223,142.3642,142.4089,64441.0
2026-04-06 11:05:00,142.4337,142.4833,142.0664,142.0664,72724.0
2026-04-06 11:10:00,142.1061,142.116,141.9225,141.9423,54156.0
2026-04-06 11:15:00,141.9473,142.0118,141.8579,141.8728,53617.0
2026-04-06 11:20:00,141.8728,142.0267,141.8153,141.9969,40524.0
2026-04-06 11:25:00,142.0168,142.0813,141.9671,141.9671,32564.0
2026-04-06 11:30:00,141.9671,141.9969,141.8282,141.8282,69666.0
2026-04-06 11:35:00,141.8182,141.848,141.6346,141.6644,58839.0
2026-04-06 11:40:00,141.6693,141.8083,141.6395,141.7388,54022.0
2026-04-06 11:45:00,141.7289,141.7587,141.5998,141.5998,97433.0
2026-04-06 11:50:00,141.5998,141.6991,141.5601,141.6693,79122.0
2026-04-06 11:55:00,141.6594,141.7686,141.5998,141.6048,80916.0
2026-04-06 12:00:00,141.5899,141.7587,141.5849,141.6594,78152.0
2026-04-06 12:05:00,141.6395,141.6792,141.4708,141.5353,51004.0
2026-04-06 12:10:00,141.5303,141.5601,141.4112,141.5006,77427.0
2026-04-06 12:15:00,141.5006,141.5502,141.4509,141.4906,40248.0
2026-04-06 12:20:00,141.5006,141.5651,141.3417,141.4211,105261.0
2026-04-06 12:25:00,141.4112,141.4807,141.302,141.302,41872.0
2026-04-06 12:30:00,141.2921,141.3219,141.2028,141.302,85423.0
2026-04-06 12:35:00,141.302,141.3666,141.2474,141.302,40555.0
2026-04-06 12:40:00,141.2871,141.4211,141.2325,141.4112,70125.0
2026-04-06 12:45:00,141.4112,141.4112,141.2524,141.2524,40321.0
2026-04-06 12:50:00,141.2524,141.3418,141.2028,141.2425,60180.0
2026-04-06 12:55:00,141.2623,141.312,141.2128,141.2673,34404.0
2026-04-06 13:00:00,141.2623,141.2722,141.1135,141.1333,58132.0
2026-04-06 13:05:00,141.1432,141.1531,141.0439,141.0737,39259.0
2026-04-06 13:10:00,141.0737,141.173,141.0439,141.1283,81147.0
2026-04-06 13:15:00,141.1233,141.1333,140.9347,140.9893,88518.0
2026-04-06 13:20:00,140.9744,141.0638,140.9149,141.0638,79465.0
2026-04-06 13:25:00,141.0638,141.0936,141.0042,141.034,42958.0
2026-04-06 13:30:00,141.0141,141.1531,140.9496,141.1531,48338.0
2026-04-06 13:35:00,141.1531,141.2226,141.0042,141.039,79527.0
2026-04-06 13:40:00,141.0326,141.0525,140.9049,141.0241,84382.0
2026-04-06 13:45:00,141.0538,141.1432,141.034,141.0638,44093.0
2026-04-06 13:50:00,141.0737,141.1879,141.034,141.1233,52074.0
2026-04-06 13:55:00,141.1084,141.17,141.0638,141.0638,37851.0
2026-04-06 14:00:00,141.0737,141.1531,140.9943,141.039,60980.0
2026-04-06 14:05:00,141.0439,141.0737,140.8851,140.9352,62680.0
2026-04-06 14:10:00,140.9546,141.0737,140.9446,141.039,41303.0
2026-04-06 14:15:00,141.039,141.1333,141.0043,141.0588,47986.0
2026-04-06 14:20:00,141.0588,141.0836,141.0042,141.034,46418.0
2026-04-06 14:25:00,141.034,141.0906,140.9347,141.0906,55995.0
2026-04-06 14:30:00,141.0936,141.1829,141.0836,141.1134,56897.0
2026-04-06 14:35:00,141.1035,141.1333,141.0439,141.1233,39180.0
2026-04-06 14:40:00,141.1333,141.1928,141.1035,141.1184,64632.0
2026-04-06 14:45:00,141.1035,141.1531,141.0638,141.1333,46004.0
2026-04-06 14:50:00,141.1283,141.2722,141.1035,141.1184,83345.0
2026-04-06 14:55:00,141.1134,141.2127,141.0538,141.1928,149843.0
2026-04-06 15:00:00,141.1978,141.2971,141.1978,141.2623,43235.0
2026-04-06 15:05:00,141.2623,141.2896,141.2077,141.2325,48776.0
2026-04-06 15:10:00,141.2325,141.3616,141.2226,141.3318,87451.0
2026-04-06 15:15:00,141.3318,141.3715,141.2822,141.2921,58489.0
2026-04-06 15:20:00,141.2822,141.302,141.2524,141.2971,45702.0
2026-04-06 15:25:00,141.2921,141.4013,141.2823,141.3814,55828.0
2026-04-06 15:30:00,141.3814,141.4807,141.3517,141.4211,86020.0
2026-04-06 15:35:00,141.4211,141.5303,141.3417,141.5105,93287.0
2026-04-06 15:40:00,141.5204,141.6098,141.4807,141.5006,92134.0
2026-04-06 15:45:00,141.5055,141.6793,141.3814,141.6197,132212.0
2026-04-06 15:50:00,141.6147,141.6495,141.5105,141.5601,112616.0
2026-04-06 15:55:00,141.5601,141.7289,141.5403,141.6991,397054.0
2026-04-07 09:30:00,141.4807,141.4857,140.8652,140.9844,153368.0
2026-04-07 09:35:00,141.0489,141.0836,140.4086,140.9049,61606.0
2026-04-07 09:40:00,140.858,140.9744,140.6468,140.9446,69305.0
2026-04-07 09:45:00,140.9149,140.9149,140.4284,140.828,64092.0
2026-04-07 09:50:00,140.7858,140.9695,140.756,140.9695,27896.0
2026-04-07 09:55:00,140.9645,141.5105,140.9347,141.4708,61693.0
2026-04-07 10:00:00,141.4509,141.5601,141.3814,141.5552,50417.0
2026-04-07 10:05:00,141.5701,141.7289,141.4807,141.5105,47508.0
2026-04-07 10:10:00,141.4906,141.5502,141.1928,141.5055,47546.0
2026-04-07 10:15:00,141.4906,141.5493,141.3715,141.5055,37644.0
2026-04-07 10:20:00,141.5055,141.6495,141.4311,141.4906,41659.0
2026-04-07 10:25:00,141.5155,141.5403,141.3814,141.3914,34728.0
2026-04-07 10:30:00,141.4132,141.6395,141.3963,141.5204,34844.0
2026-04-07 10:35:00,141.5204,141.698,141.441,141.6743,74125.0
2026-04-07 10:40:00,141.6991,141.7289,141.5155,141.6594,38453.0
2026-04-07 10:45:00,141.6594,141.6594,141.436,141.5155,69615.0
2026-04-07 10:50:00,141.4807,141.5105,141.2524,141.3268,36858.0
2026-04-07 10:55:00,141.312,141.3169,140.9744,141.0042,42839.0
2026-04-07 11:00:00,140.9844,141.0588,140.8553,140.8553,66266.0
2026-04-07 11:05:00,140.8553,140.9049,140.7263,140.7511,42527.0
2026-04-07 11:10:00,140.7362,140.8355,140.5873,140.7511,46882.0
2026-04-07 11:15:00,140.7511,140.8206,140.6568,140.7859,84335.0
2026-04-07 11:20:00,140.8206,140.8553,140.627,140.6568,45537.0
2026-04-07 11:25:00,140.6518,140.7014,140.5477,140.6865,49570.0
2026-04-07 11:30:00,140.6766,140.7759,140.6071,140.6965,32049.0
2026-04-07 11:35:00,140.71,140.7759,140.6369,140.6766,43562.0
2026-04-07 11:40:00,140.6667,140.6766,140.5277,140.5277,35487.0
2026-04-07 11:45:00,140.5178,140.5575,140.4185,140.493,34871.0
2026-04-07 11:50:00,140.4681,140.5277,140.4086,140.4186,33911.0
2026-04-07 11:55:00,140.4582,140.5773,140.359,140.3788,32326.0
2026-04-07 12:00:00,140.4086,140.5873,140.3788,140.5575,56825.0
2026-04-07 12:05:00,140.5476,140.7263,140.5278,140.6617,50536.0
2026-04-07 12:10:00,140.6617,140.8106,140.6468,140.7958,45972.0
2026-04-07 12:15:00,140.8106,140.8454,140.6865,140.6865,38892.0
2026-04-07 12:20:00,140.6667,140.7858,140.6369,140.7263,49803.0
2026-04-07 12:25:00,140.7362,140.8355,140.7263,140.8057,45176.0
2026-04-07 12:30:00,140.7957,140.8057,140.7064,140.7759,42135.0
2026-04-07 12:35:00,140.7676,140.7759,140.6171,140.627,38598.0
2026-04-07 12:40:00,140.627,140.627,140.488,140.5694,49227.0
2026-04-07 12:45:00,140.6171,140.6568,140.4781,140.5178,58959.0
2026-04-07 12:50:00,140.4979,140.6171,140.4384,140.5449,80368.0
2026-04-07 12:55:00,140.5376,140.6071,140.5079,140.5972,24783.0
2026-04-07 13:00:00,140.5773,140.6468,140.488,140.5575,26688.0
2026-04-07 13:05:00,140.5476,140.622,140.3887,140.5227,60096.0
2026-04-07 13:10:00,140.5227,140.6369,140.4086,140.5227,75061.0
2026-04-07 13:15:00,140.5227,140.5227,140.3391,140.4334,43142.0
2026-04-07 13:20:00,140.4334,140.5376,140.3093,140.4384,111300.0
2026-04-07 13:25:00,140.4284,140.5376,140.3987,140.4681,53609.0
2026-04-07 13:30:00,140.4681,140.5128,140.3292,140.3292,47752.0
2026-04-07 13:35:00,140.3093,140.4582,140.2696,140.2696,53487.0
2026-04-07 13:40:00,140.2696,140.4383,140.21,140.4086,33082.0
2026-04-07 13:45:00,140.4086,140.4086,140.2795,140.3886,27051.0
2026-04-07 13:50:00,140.3986,140.4185,140.2994,140.359,42882.0
2026-04-07 13:55:00,140.3887,140.4185,140.3192,140.3689,31928.0
2026-04-07 14:00:00,140.359,140.5376,140.359,140.5178,32771.0
2026-04-07 14:05:00,140.4979,140.5079,140.4284,140.5079,27012.0
2026-04-07 14:10:00,140.5178,140.7858,140.4972,140.7263,28790.0
2026-04-07 14:15:00,140.746,140.766,140.6171,140.7263,35557.0
2026-04-07 14:20:00,140.7263,140.766,140.7064,140.7163,40675.0
2026-04-07 14:25:00,140.7163,140.7511,140.6667,140.7362,48182.0
2026-04-07 14:30:00,140.7362,140.7461,140.5873,140.6071,40946.0
2026-04-07 14:35:00,140.5972,140.627,140.4185,140.4434,83916.0
2026-04-07 14:40:00,140.4504,140.6468,140.4284,140.622,55951.0
2026-04-07 14:45:00,140.6071,140.6171,140.2994,140.3093,84822.0
2026-04-07 14:50:00,140.3093,140.3838,140.2498,140.2498,63173.0
2026-04-07 14:55:00,140.2597,140.3093,140.1852,140.1902,49414.0
2026-04-07 15:00:00,140.1902,140.21,139.9817,140.0016,60904.0
2026-04-07 15:05:00,139.9817,139.9916,139.7435,139.7981,83606.0
2026-04-07 15:10:00,139.803,139.9222,139.7935,139.9122,44668.0
2026-04-07 15:15:00,139.9073,140.081,139.8328,140.0661,68018.0
2026-04-07 15:20:00,140.0661,140.2994,140.0413,140.1604,77908.0
2026-04-07 15:25:00,140.1642,140.2299,140.1306,140.21,95752.0
2026-04-07 15:30:00,140.2054,140.2054,140.0909,140.1157,102563.0
2026-04-07 15:35:00,140.1108,140.1406,139.8576,139.8825,106120.0
2026-04-07 15:40:00,139.8775,139.942,139.7832,139.8328,109487.0
2026-04-07 15:45:00,139.8328,140.1306,139.7137,139.9023,205649.0
2026-04-07 15:50:00,139.942,140.1207,139.9172,140.0214,182094.0
2026-04-07 15:55:00,140.0214,140.2696,140.0214,140.2498,437020.0
2026-04-08 09:30:00,142.1061,143.2477,140.8355,142.5579,568424.0
2026-04-08 09:35:00,142.5578,142.9946,142.3195,142.6521,140731.0
2026-04-08 09:40:00,142.6471,143.0194,142.5727,142.8755,123000.0
2026-04-08 09:45:00,142.8655,143.1683,142.5429,142.8209,156007.0
2026-04-08 09:50:00,142.8209,142.9052,142.2848,142.3593,97731.0
2026-04-08 09:55:00,142.3344,142.8804,142.1558,142.8109,117202.0
2026-04-08 10:00:00,142.7911,143.2378,142.7315,143.2378,134846.0
2026-04-08 10:05:00,143.218,143.2775,142.9598,143.0939,164013.0
2026-04-08 10:10:00,143.1063,143.2279,143.0442,143.1634,81041.0
2026-04-08 10:15:00,143.1683,143.2477,142.9201,143.0095,78648.0
2026-04-08 10:20:00,143.0095,143.2874,142.9896,143.2676,158212.0
2026-04-08 10:25:00,143.2279,143.2279,142.7563,142.7663,124510.0
2026-04-08 10:30:00,142.7812,142.9996,142.7117,142.8457,115725.0
2026-04-08 10:35:00,142.8407,142.8904,142.7117,142.8159,77537.0
2026-04-08 10:40:00,142.8209,143.1882,142.8109,143.0442,70579.0
2026-04-08 10:45:00,143.0442,143.3073,143.0012,143.1658,76193.0
2026-04-08 10:50:00,143.1584,143.3271,143.1286,143.1981,83437.0
2026-04-08 10:55:00,143.2081,143.2974,143.069,143.1385,86251.0
2026-04-08 11:00:00,143.1385,143.2775,143.0542,143.1931,59285.0
2026-04-08 11:05:00,143.1882,143.1882,142.8209,142.8804,92314.0
2026-04-08 11:10:00,142.8804,142.9201,142.7315,142.8506,75822.0
2026-04-08 11:15:00,142.8308,142.9003,142.7315,142.8506,43961.0
2026-04-08 11:20:00,142.8655,143.0245,142.8308,143.0244,64074.0
2026-04-08 11:25:00,143.0244,143.0641,142.8606,142.9648,96787.0
2026-04-08 11:30:00,142.9797,143.3271,142.9201,143.2378,51277.0
2026-04-08 11:35:00,143.2428,143.3172,143.208,143.2676,62384.0
2026-04-08 11:40:00,143.2775,143.3172,143.1683,143.208,56573.0
2026-04-08 11:45:00,143.2279,143.4562,143.1882,143.4512,66673.0
2026-04-08 11:50:00,143.4512,143.4512,143.2279,143.2775,56036.0
2026-04-08 11:55:00,143.2775,143.486,143.2279,143.4363,138861.0
2026-04-08 12:00:00,143.4463,143.7242,143.4463,143.6547,62779.0
2026-04-08 12:05:00,143.6498,143.6944,143.6121,143.6547,86806.0
2026-04-08 12:10:00,143.6746,143.6994,143.5753,143.6547,131918.0
2026-04-08 12:15:00,143.6547,143.749,143.625,143.6746,75411.0
2026-04-08 12:20:00,143.6845,143.8632,143.6448,143.8334,250455.0
2026-04-08 12:25:00,143.8334,143.8831,143.7143,143.7839,60027.0
2026-04-08 12:30:00,143.8036,143.8434,143.5902,143.7242,49754.0
2026-04-08 12:35:00,143.7292,143.8335,143.7044,143.8086,338722.0
2026-04-08 12:40:00,143.8136,143.8831,143.5803,143.6349,132895.0
2026-04-08 12:45:00,143.6547,143.6781,143.5668,143.5753,44073.0
2026-04-08 12:50:00,143.5753,143.5853,143.3966,143.4562,35270.0
2026-04-08 12:55:00,143.4562,143.6051,143.4463,143.5654,36162.0
2026-04-08 13:00:00,143.5753,143.7242,143.5555,143.7242,42753.0
2026-04-08 13:05:00,143.7044,143.754,143.6746,143.7342,32391.0
2026-04-08 13:10:00,143.744,143.8582,143.744,143.7739,41156.0
2026-04-08 13:15:00,143.7838,143.8384,143.7342,143.7441,35379.0
2026-04-08 13:20:00,143.7342,143.754,143.4512,143.5454,55321.0
2026-04-08 13:25:00,143.5158,143.5853,143.4661,143.5058,55821.0
2026-04-08 13:30:00,143.5058,143.6448,143.4463,143.615,84678.0
2026-04-08 13:35:00,143.615,143.7093,143.4785,143.5356,133490.0
2026-04-08 13:40:00,143.5158,143.6448,143.5158,143.615,46811.0
2026-04-08 13:45:00,143.615,143.6746,143.5753,143.6051,49088.0
2026-04-08 13:50:00,143.6051,143.7639,143.6051,143.6498,55235.0
2026-04-08 13:55:00,143.6498,143.6944,143.5555,143.5952,37727.0
2026-04-08 14:00:00,143.5902,143.6944,143.5257,143.5753,42326.0
2026-04-08 14:05:00,143.558,143.625,143.5158,143.5555,45011.0
2026-04-08 14:10:00,143.5654,143.6399,143.5058,143.6399,63705.0
2026-04-08 14:15:00,143.6448,143.6796,143.5058,143.5058,57048.0
2026-04-08 14:20:00,143.486,143.5257,143.4264,143.5257,42734.0
2026-04-08 14:25:00,143.5257,143.749,143.5257,143.6796,41283.0
2026-04-08 14:30:00,143.6845,143.7242,143.5505,143.5555,48398.0
2026-04-08 14:35:00,143.5455,143.5455,143.4363,143.4661,46977.0
2026-04-08 14:40:00,143.4661,143.5207,143.4215,143.4959,44520.0
2026-04-08 14:45:00,143.4959,143.5158,143.3867,143.4215,42016.0
2026-04-08 14:50:00,143.4115,143.5853,143.4115,143.5753,50422.0
2026-04-08 14:55:00,143.5654,143.6994,143.5654,143.5803,50076.0
2026-04-08 15:00:00,143.5853,143.7044,143.5257,143.7044,59393.0
2026-04-08 15:05:00,143.6994,143.7242,143.4959,143.5356,62756.0
2026-04-08 15:10:00,143.5356,143.6399,143.5058,143.5555,60236.0
2026-04-08 15:15:00,143.5257,143.6001,143.486,143.5356,60469.0
2026-04-08 15:20:00,143.5356,143.6696,143.5257,143.62,68363.0
2026-04-08 15:25:00,143.615,143.6547,143.5555,143.5555,84925.0
2026-04-08 15:30:00,143.5555,143.7193,143.5555,143.6448,78230.0
2026-04-08 15:35:00,143.6399,143.7639,143.6399,143.7639,77491.0
2026-04-08 15:40:00,143.7689,143.8036,143.6449,143.7639,105413.0
2026-04-08 15:45:00,143.7838,143.7937,143.6547,143.7888,130303.0
2026-04-08 15:50:00,143.8036,144.032,143.7549,144.0121,237984.0
2026-04-08 15:55:00,144.0111,144.0518,143.7838,143.8632,728846.0
2026-04-09 09:30:00,143.3371,143.5108,141.9572,143.1981,202941.0
2026-04-09 09:35:00,143.1385,143.218,142.8606,143.218,64005.0
2026-04-09 09:40:00,143.2037,143.4711,143.2031,143.2974,58616.0
2026-04-09 09:45:00,143.3172,143.6845,143.1286,143.6597,62907.0
2026-04-09 09:50:00,143.625,144.0121,143.5555,143.8593,51875.0
2026-04-09 09:55:00,143.8036,144.1312,143.7937,144.0518,43748.0
2026-04-09 10:00:00,144.1312,144.3893,144.0816,144.1809,97033.0
2026-04-09 10:05:00,144.1312,144.2206,143.9625,144.2107,34004.0
2026-04-09 10:10:00,144.2007,144.2603,143.8632,143.9724,54615.0
2026-04-09 10:15:00,144.0121,144.1907,143.9923,144.1114,37658.0
2026-04-09 10:20:00,144.0717,144.0915,143.9972,144.0419,32194.0
2026-04-09 10:25:00,144.0469,144.1164,143.9625,144.0022,45173.0
2026-04-09 10:30:00,143.9923,144.1908,143.9625,144.1412,57228.0
2026-04-09 10:35:00,144.1561,144.2007,144.0369,144.0766,30501.0
2026-04-09 10:40:00,144.0816,144.1412,143.9774,143.9823,36973.0
2026-04-09 10:45:00,143.9724,143.9823,143.8235,143.8334,36326.0
2026-04-09 10:50:00,143.8483,143.9326,143.6448,143.8434,31873.0
2026-04-09 10:55:00,143.8434,143.8533,143.7342,143.7342,50292.0
2026-04-09 11:00:00,143.7441,143.7987,143.5555,143.7143,58204.0
2026-04-09 11:05:00,143.7193,143.774,143.6547,143.664,28826.0
2026-04-09 11:10:00,143.6944,143.7143,143.6448,143.6597,32853.0
2026-04-09 11:15:00,143.6349,143.7888,143.6051,143.7888,35039.0
2026-04-09 11:20:00,143.7739,143.9724,143.749,143.9228,58372.0
2026-04-09 11:25:00,143.9029,144.4241,143.893,144.3893,99036.0
2026-04-09 11:30:00,144.3794,144.7467,144.3496,144.6971,98527.0
2026-04-09 11:35:00,144.6872,144.8559,144.6772,144.7765,45415.0
2026-04-09 11:40:00,144.7864,144.8559,144.7219,144.7666,46308.0
2026-04-09 11:45:00,144.7368,145.0545,144.7169,145.0197,67704.0
2026-04-09 11:50:00,145.0247,145.0743,144.9353,144.9949,38349.0
2026-04-09 11:55:00,144.985,145.0743,144.9453,144.985,39440.0
2026-04-09 12:00:00,144.9949,145.2232,144.985,145.0992,46079.0
2026-04-09 12:05:00,145.1091,145.1438,145.0346,145.0346,37157.0
2026-04-09 12:10:00,145.0396,145.114,144.9453,145.0445,52543.0
2026-04-09 12:15:00,145.0247,145.2679,145.0247,145.2629,32894.0
2026-04-09 12:20:00,145.2729,145.2927,145.0892,145.1686,41572.0
2026-04-09 12:25:00,145.1835,145.2232,145.1438,145.1885,43482.0
2026-04-09 12:30:00,145.1835,145.2977,145.1637,145.2927,28246.0
2026-04-09 12:35:00,145.2927,145.3324,145.253,145.2729,24238.0
2026-04-09 12:40:00,145.2679,145.3126,145.2232,145.3126,43294.0
2026-04-09 12:45:00,145.2927,145.4118,145.2927,145.3275,30693.0
2026-04-09 12:50:00,145.3126,145.5012,145.3126,145.3821,46920.0
2026-04-09 12:55:00,145.3771,145.4863,145.2927,145.4168,70541.0
2026-04-09 13:00:00,145.4218,145.4714,145.3721,145.4416,46335.0
2026-04-09 13:05:00,145.4615,145.5012,145.3622,145.4267,32263.0
2026-04-09 13:10:00,145.4218,145.5012,145.3721,145.4764,25149.0
2026-04-09 13:15:00,145.4615,145.5061,145.4118,145.5012,38073.0
2026-04-09 13:20:00,145.5012,145.531,145.4317,145.4813,47083.0
2026-04-09 13:25:00,145.4813,145.6004,145.4714,145.5955,33303.0
2026-04-09 13:30:00,145.6104,145.7087,145.5508,145.665,44106.0
2026-04-09 13:35:00,145.66,145.6997,145.5707,145.66,36250.0
2026-04-09 13:40:00,145.66,145.7096,145.6402,145.6699,22722.0
2026-04-09 13:45:00,145.665,145.7245,145.6451,145.6749,31260.0
2026-04-09 13:50:00,145.665,145.7458,145.6501,145.6749,47061.0
2026-04-09 13:55:00,145.6749,145.7494,145.6738,145.7196,23583.0
2026-04-09 14:00:00,145.7196,145.7196,145.5806,145.6302,38028.0
2026-04-09 14:05:00,145.6402,145.7494,145.5508,145.6004,65765.0
2026-04-09 14:10:00,145.6004,145.6402,145.5458,145.6104,32103.0
2026-04-09 14:15:00,145.6054,145.6851,145.6004,145.6851,24129.0
2026-04-09 14:20:00,145.6699,145.6899,145.5707,145.6054,44686.0
2026-04-09 14:25:00,145.6104,145.7096,145.5707,145.5905,45681.0
2026-04-09 14:30:00,145.5806,145.6997,145.5806,145.6599,53532.0
2026-04-09 14:35:00,145.6352,145.8238,145.6104,145.7791,113694.0
2026-04-09 14:40:00,145.794,145.8685,145.7593,145.799,37149.0
2026-04-09 14:45:00,145.799,145.8288,145.6799,145.7096,31231.0
2026-04-09 14:50:00,145.6997,145.7196,145.6203,145.6253,39893.0
2026-04-09 14:55:00,145.6302,145.6799,145.6004,145.66,30329.0
2026-04-09 15:00:00,145.66,145.7394,145.6153,145.6402,49851.0
2026-04-09 15:05:00,145.6402,145.7394,145.6104,145.7295,32734.0
2026-04-09 15:10:00,145.7295,145.7593,145.5111,145.5111,40498.0
2026-04-09 15:15:00,145.531,145.5508,145.3822,145.4019,54988.0
2026-04-09 15:20:00,145.3969,145.5905,145.3969,145.5806,58489.0
2026-04-09 15:25:00,145.5905,145.6104,145.4813,145.5409,62187.0
2026-04-09 15:30:00,145.5409,145.7543,145.5409,145.6302,82550.0
2026-04-09 15:35:00,145.6203,145.8089,145.6104,145.6699,72354.0
2026-04-09 15:40:00,145.66,145.8089,145.6302,145.7494,73531.0
2026-04-09 15:45:00,145.7394,145.799,145.6501,145.6799,99916.0
2026-04-09 15:50:00,145.6799,145.7543,145.5806,145.6898,147931.0
2026-04-09 15:55:00,145.6799,145.6898,145.392,145.5707,431129.0
2026-04-10 09:30:00,145.8139,145.8139,144.4291,144.6276,266881.0
2026-04-10 09:35:00,144.6077,145.114,144.568,145.0942,102813.0
2026-04-10 09:40:00,145.0753,145.2034,144.7864,144.9204,73449.0
2026-04-10 09:45:00,144.9453,145.0346,144.3993,144.975,103812.0
2026-04-10 09:50:00,144.9353,145.3672,144.9155,145.1339,58625.0
2026-04-10 09:55:00,145.0823,145.2608,145.0048,145.0991,76565.0
2026-04-10 10:00:00,145.0942,145.3821,145.0247,145.3225,58114.0
2026-04-10 10:05:00,145.2715,145.4118,145.1934,145.2283,73367.0
2026-04-10 10:10:00,145.2282,145.3423,145.1835,145.2381,37371.0
2026-04-10 10:15:00,145.2133,145.2232,145.0743,145.0942,31925.0
2026-04-10 10:20:00,145.0942,145.1041,144.9056,144.98,39638.0
2026-04-10 10:25:00,145.0048,145.1339,144.985,145.0048,42066.0
2026-04-10 10:30:00,145.0148,145.1587,144.8858,144.9254,56679.0
2026-04-10 10:35:00,144.9056,144.9155,144.6087,144.7864,102126.0
2026-04-10 10:40:00,144.8063,144.8311,144.6673,144.7169,43797.0
2026-04-10 10:45:00,144.7269,144.7964,144.6772,144.7219,53545.0
2026-04-10 10:50:00,144.7219,144.7666,144.5829,144.5879,66007.0
2026-04-10 10:55:00,144.5929,144.6132,144.4489,144.4489,47528.0
2026-04-10 11:00:00,144.4489,144.6077,144.1908,144.6077,104224.0
2026-04-10 11:05:00,144.6127,144.6127,144.4241,144.4985,69353.0
2026-04-10 11:10:00,144.4886,144.5482,144.439,144.439,66843.0
2026-04-10 11:15:00,144.4291,144.434,144.2404,144.3099,61901.0
2026-04-10 11:20:00,144.3099,144.3993,144.2901,144.3893,67445.0
2026-04-10 11:25:00,144.3993,144.439,144.3347,144.3794,67932.0
2026-04-10 11:30:00,144.3794,144.6673,144.3695,144.5383,78112.0
2026-04-10 11:35:00,144.5283,144.6077,144.4886,144.5829,59259.0
2026-04-10 11:40:00,144.5681,144.6623,144.5635,144.6375,39169.0
2026-04-10 11:45:00,144.6375,144.7368,144.6276,144.6574,42244.0
2026-04-10 11:50:00,144.6474,144.8162,144.6474,144.8112,39155.0
2026-04-10 11:55:00,144.8162,144.841,144.7418,144.7666,41184.0
2026-04-10 12:00:00,144.7666,144.8162,144.6673,144.6673,72289.0
2026-04-10 12:05:00,144.6872,144.6872,144.568,144.6822,56976.0
2026-04-10 12:10:00,144.6772,144.6822,144.5531,144.6343,42280.0
2026-04-10 12:15:00,144.6276,144.6772,144.4886,144.5184,45544.0
2026-04-10 12:20:00,144.5184,144.6077,144.3596,144.4291,56111.0
2026-04-10 12:25:00,144.4291,144.5432,144.4291,144.5234,30798.0
2026-04-10 12:30:00,144.5184,144.6276,144.5184,144.6177,34076.0
2026-04-10 12:35:00,144.6127,144.6772,144.5432,144.5581,38678.0
2026-04-10 12:40:00,144.5482,144.6673,144.5474,144.6276,32027.0
2026-04-10 12:45:00,144.6375,144.6772,144.568,144.6276,35567.0
2026-04-10 12:50:00,144.6474,144.7318,144.5879,144.5879,36389.0
2026-04-10 12:55:00,144.568,144.6226,144.5383,144.5531,29261.0
2026-04-10 13:00:00,144.558,144.558,144.4191,144.4191,31819.0
2026-04-10 13:05:00,144.3993,144.4489,144.3893,144.4489,28033.0
2026-04-10 13:10:00,144.4439,144.4886,144.4191,144.4588,33452.0
2026-04-10 13:15:00,144.4489,144.5581,144.4142,144.5581,41337.0
2026-04-10 13:20:00,144.5482,144.5581,144.3449,144.3695,48612.0
2026-04-10 13:25:00,144.3596,144.3844,144.2604,144.3199,43732.0
2026-04-10 13:30:00,144.3298,144.3993,144.166,144.2454,55407.0
2026-04-10 13:35:00,144.2454,144.2494,144.161,144.1908,65050.0
2026-04-10 13:40:00,144.1908,144.2901,144.1561,144.2007,48693.0
2026-04-10 13:45:00,144.2007,144.2901,144.2007,144.2404,39881.0
2026-04-10 13:50:00,144.2305,144.2692,144.2206,144.2653,27326.0
2026-04-10 13:55:00,144.2702,144.3695,144.2702,144.3695,41456.0
2026-04-10 14:00:00,144.3596,144.4291,144.3397,144.3596,32108.0
2026-04-10 14:05:00,144.3645,144.3893,144.3,144.3596,41022.0
2026-04-10 14:10:00,144.3596,144.3893,144.2702,144.3149,42521.0
2026-04-10 14:15:00,144.3149,144.4145,144.3,144.3893,38153.0
2026-04-10 14:20:00,144.3893,144.4489,144.3298,144.4387,36606.0
2026-04-10 14:25:00,144.4489,144.578,144.4241,144.5667,34148.0
2026-04-10 14:30:00,144.568,144.7467,144.5581,144.7169,69210.0
2026-04-10 14:35:00,144.7169,144.7269,144.6574,144.702,39907.0
2026-04-10 14:40:00,144.702,144.7269,144.632,144.6425,34259.0
2026-04-10 14:45:00,144.6177,144.702,144.6177,144.6226,37986.0
2026-04-10 14:50:00,144.6177,144.6474,144.5283,144.5879,41188.0
2026-04-10 14:55:00,144.578,144.578,144.4886,144.5482,39540.0
2026-04-10 15:00:00,144.5581,144.578,144.4536,144.4936,54916.0
2026-04-10 15:05:00,144.4886,144.5065,144.3794,144.4439,48131.0
2026-04-10 15:10:00,144.439,144.4588,144.3903,144.4578,39046.0
2026-04-10 15:15:00,144.4539,144.4688,144.3347,144.3347,52762.0
2026-04-10 15:20:00,144.3347,144.3347,144.1263,144.1363,60110.0
2026-04-10 15:25:00,144.1213,144.1709,144.0717,144.1302,65600.0
2026-04-10 15:30:00,144.1412,144.1511,144.022,144.1064,86902.0
2026-04-10 15:35:00,144.1015,144.1412,143.9327,143.9724,116558.0
2026-04-10 15:40:00,143.9724,143.9923,143.8731,143.9426,118991.0
2026-04-10 15:45:00,143.9426,143.9426,143.754,143.764,121648.0
2026-04-10 15:50:00,143.7739,144.0369,143.7068,143.9029,154994.0
2026-04-10 15:55:00,143.9128,144.1213,143.8731,144.1213,396281.0
2026-04-13 09:30:00,143.9426,143.9625,143.4066,143.4661,176661.0
2026-04-13 09:35:00,143.4215,143.5853,143.3173,143.5207,59000.0
2026-04-13 09:40:00,143.4831,143.6051,143.3569,143.6051,35170.0
2026-04-13 09:45:00,143.5854,143.6845,143.4165,143.6101,32010.0
2026-04-13 09:50:00,143.6051,143.7441,143.3768,143.4463,29533.0
2026-04-13 09:55:00,143.4215,143.6944,143.4215,143.6845,34016.0
2026-04-13 10:00:00,143.6448,143.7838,143.4463,143.5257,32113.0
2026-04-13 10:05:00,143.5257,143.8632,143.3471,143.7938,40414.0
2026-04-13 10:10:00,143.8185,144.032,143.7937,144.0121,44894.0
2026-04-13 10:15:00,144.0171,144.0171,143.7838,143.8235,33536.0
2026-04-13 10:20:00,143.8136,143.8632,143.4996,143.5009,62132.0
2026-04-13 10:25:00,143.4959,143.4959,143.2378,143.3372,47460.0
2026-04-13 10:30:00,143.3768,143.3867,143.208,143.2775,27089.0
2026-04-13 10:35:00,143.2577,143.3371,143.2378,143.2775,23968.0
2026-04-13 10:40:00,143.2874,143.3371,143.1683,143.1832,23696.0
2026-04-13 10:45:00,143.1833,143.1833,142.9052,142.9824,32808.0
2026-04-13 10:50:00,142.9797,142.9888,142.7216,142.7216,30060.0
2026-04-13 10:55:00,142.7117,142.7117,142.3047,142.5131,84051.0
2026-04-13 11:00:00,142.4833,142.5926,142.4287,142.5826,56385.0
2026-04-13 11:05:00,142.5826,142.5826,142.4536,142.5032,34545.0
2026-04-13 11:10:00,142.5231,142.5429,142.3344,142.3543,57858.0
2026-04-13 11:15:00,142.3543,142.3543,142.1264,142.2352,62404.0
2026-04-13 11:20:00,142.2153,142.2749,141.9374,141.9572,57685.0
2026-04-13 11:25:00,141.9572,141.9572,141.8282,141.9423,51897.0
2026-04-13 11:30:00,141.8976,141.9076,141.7785,141.7835,44062.0
2026-04-13 11:35:00,141.7785,141.8282,141.5998,141.6395,46398.0
2026-04-13 11:40:00,141.6346,141.7239,141.5899,141.719,34176.0
2026-04-13 11:45:00,141.709,141.7487,141.6395,141.6941,38307.0
2026-04-13 11:50:00,141.6941,141.987,141.6693,141.9076,80089.0
2026-04-13 11:55:00,141.9125,141.9522,141.8282,141.848,42980.0
2026-04-13 12:00:00,141.848,141.9572,141.848,141.9423,35688.0
2026-04-13 12:05:00,141.9374,142.0267,141.8877,141.9472,47881.0
2026-04-13 12:10:00,141.9473,141.9572,141.8877,141.9572,28676.0
2026-04-13 12:15:00,141.9473,142.0217,141.8778,141.9423,30551.0
2026-04-13 12:20:00,141.9572,142.0366,141.9175,142.0118,35917.0
2026-04-13 12:25:00,142.0118,142.0466,141.9076,141.9274,29092.0
2026-04-13 12:30:00,141.9473,142.1309,141.9274,142.0565,37035.0
2026-04-13 12:35:00,142.0565,142.1359,142.0267,142.1111,43233.0
2026-04-13 12:40:00,142.0863,142.126,141.9076,142.126,42277.0
2026-04-13 12:45:00,142.1359,142.1706,141.9969,142.0466,38170.0
2026-04-13 12:50:00,142.0267,142.1359,141.987,141.992,44221.0
2026-04-13 12:55:00,141.9969,142.1458,141.9671,142.0863,32555.0
2026-04-13 13:00:00,142.1061,142.2054,142.0317,142.1657,38633.0
2026-04-13 13:05:00,142.1458,142.2401,142.126,142.1955,21502.0
2026-04-13 13:10:00,142.1955,142.3047,142.1458,142.2749,43339.0
2026-04-13 13:15:00,142.2749,142.2749,142.0863,142.126,50278.0
2026-04-13 13:20:00,142.1012,142.2227,142.0614,142.1657,57224.0
2026-04-13 13:25:00,142.1756,142.2352,142.116,142.1508,42885.0
2026-04-13 13:30:00,142.1508,142.255,142.1508,142.2451,54855.0
2026-04-13 13:35:00,142.2451,142.2451,142.1061,142.116,58801.0
2026-04-13 13:40:00,142.1111,142.2053,142.0445,142.0962,58506.0
2026-04-13 13:45:00,142.0962,142.2352,142.0962,142.1409,40340.0
2026-04-13 13:50:00,142.1409,142.2352,142.116,142.2352,29089.0
2026-04-13 13:55:00,142.2352,142.2451,142.1905,142.2302,28270.0
2026-04-13 14:00:00,142.2302,142.2302,142.0714,142.0763,66112.0
2026-04-13 14:05:00,142.0962,142.0962,142.0068,142.0664,49372.0
2026-04-13 14:10:00,142.0863,142.2153,142.0763,142.2153,65692.0
2026-04-13 14:15:00,142.2352,142.3542,142.2253,142.3195,55085.0
2026-04-13 14:20:00,142.3188,142.3939,142.3047,142.3048,55407.0
2026-04-13 14:25:00,142.3096,142.3146,142.1111,142.126,74398.0
2026-04-13 14:30:00,142.126,142.1508,142.0366,142.0416,52582.0
2026-04-13 14:35:00,142.0416,142.0565,141.9671,142.0515,50134.0
2026-04-13 14:40:00,142.0366,142.0366,141.9076,141.9671,49731.0
2026-04-13 14:45:00,141.9721,142.0466,141.9175,141.9771,47696.0
2026-04-13 14:50:00,141.9968,142.0466,141.9274,141.987,48732.0
2026-04-13 14:55:00,141.992,142.0565,141.9473,142.0366,55791.0
2026-04-13 15:00:00,142.0317,142.1955,142.0317,142.126,41239.0
2026-04-13 15:05:00,142.116,142.2411,141.9565,142.2411,55458.0
2026-04-13 15:10:00,142.2252,142.3344,142.2054,142.2699,48997.0
2026-04-13 15:15:00,142.2699,142.3344,142.2352,142.2451,44109.0
2026-04-13 15:20:00,142.265,142.2947,142.2153,142.2501,48954.0
2026-04-13 15:25:00,142.2525,142.3096,142.2252,142.2947,68911.0
2026-04-13 15:30:00,142.2997,142.3195,142.1955,142.2252,62141.0
2026-04-13 15:35:00,142.2252,142.2848,142.1756,142.2798,60778.0
2026-04-13 15:40:00,142.2749,142.3295,142.1359,142.255,83666.0
2026-04-13 15:45:00,142.2451,142.255,142.116,142.1806,96291.0
2026-04-13 15:50:00,142.1955,142.4585,142.1955,142.3693,202361.0
2026-04-13 15:55:00,142.3841,142.672,142.3751,142.5231,458167.0
2026-04-14 09:30:00,142.1955,142.8655,141.7289,142.6918,216787.0
2026-04-14 09:35:00,142.7017,143.3073,142.5232,143.2676,111799.0
2026-04-14 09:40:00,143.2775,143.3172,142.3344,142.4536,96727.0
2026-04-14 09:45:00,142.3841,142.4734,141.9175,142.2153,113148.0
2026-04-14 09:50:00,142.2203,142.4039,141.987,142.4039,60897.0
2026-04-14 09:55:00,142.4139,142.8308,142.4139,142.7911,53804.0
2026-04-14 10:00:00,142.8109,143.069,142.801,142.9896,40319.0
2026-04-14 10:05:00,142.9896,143.0988,142.94,143.0988,46737.0
2026-04-14 10:10:00,143.0889,143.1485,142.9896,143.079,79408.0
2026-04-14 10:15:00,143.0969,143.5753,143.0591,143.5406,87311.0
2026-04-14 10:20:00,143.5058,143.6597,143.4661,143.5753,50464.0
2026-04-14 10:25:00,143.5753,143.625,143.4711,143.5058,50831.0
2026-04-14 10:30:00,143.5058,143.5058,143.347,143.3966,47712.0
2026-04-14 10:35:00,143.3867,143.3867,143.2874,143.3073,57271.0
2026-04-14 10:40:00,143.3023,143.4264,143.2477,143.3768,48904.0
2026-04-14 10:45:00,143.3966,143.5555,143.3966,143.5158,34048.0
2026-04-14 10:50:00,143.4959,143.5802,143.4761,143.5058,24068.0
2026-04-14 10:55:00,143.486,143.4909,143.3669,143.3669,24590.0
2026-04-14 11:00:00,143.3575,143.4463,143.2726,143.4413,45529.0
2026-04-14 11:05:00,143.4562,143.4761,143.3371,143.4334,24120.0
2026-04-14 11:10:00,143.4661,143.5058,143.3669,143.4463,48592.0
2026-04-14 11:15:00,143.4363,143.4562,143.3172,143.3371,33362.0
2026-04-14 11:20:00,143.3271,143.4043,143.2626,143.2676,32264.0
2026-04-14 11:25:00,143.2626,143.2775,143.1584,143.2378,59951.0
2026-04-14 11:30:00,143.2328,143.2328,143.0244,143.0244,43192.0
2026-04-14 11:35:00,143.0194,143.069,142.9052,143.0492,43729.0
2026-04-14 11:40:00,143.0393,143.0492,142.9102,142.9698,22167.0
2026-04-14 11:45:00,142.9797,143.1782,142.9598,143.074,77931.0
2026-04-14 11:50:00,143.074,143.2448,143.0393,143.2105,40112.0
2026-04-14 11:55:00,143.1882,143.347,143.1782,143.2874,43957.0
2026-04-14 12:00:00,143.2725,143.3371,143.2428,143.2825,46391.0
2026-04-14 12:05:00,143.2974,143.3271,143.208,143.218,42833.0
2026-04-14 12:10:00,143.2328,143.2825,143.1882,143.2577,21324.0
2026-04-14 12:15:00,143.2527,143.2676,143.1782,143.2279,25462.0
2026-04-14 12:20:00,143.2378,143.4661,143.2229,143.4463,39912.0
2026-04-14 12:25:00,143.4463,143.4463,143.3966,143.4165,30028.0
2026-04-14 12:30:00,143.4066,143.4463,143.3768,143.3768,43689.0
2026-04-14 12:35:00,143.3768,143.4363,143.367,143.4069,28087.0
2026-04-14 12:40:00,143.4066,143.4661,143.3582,143.3867,27249.0
2026-04-14 12:45:00,143.3867,143.3966,143.3222,143.347,30035.0
2026-04-14 12:50:00,143.3271,143.347,143.1782,143.1882,29350.0
2026-04-14 12:55:00,143.1486,143.1882,143.0939,143.1683,24052.0
2026-04-14 13:00:00,143.1782,143.218,143.1584,143.1981,26791.0
2026-04-14 13:05:00,143.1882,143.2577,143.1882,143.2279,27969.0
2026-04-14 13:10:00,143.218,143.2477,143.1385,143.1385,22086.0
2026-04-14 13:15:00,143.1385,143.1584,143.0939,143.0988,38770.0
2026-04-14 13:20:00,143.1088,143.2378,143.089,143.2279,36698.0
2026-04-14 13:25:00,143.2378,143.2577,143.1931,143.2527,47309.0
2026-04-14 13:30:00,143.2577,143.2676,143.1883,143.2504,34354.0
2026-04-14 13:35:00,143.2527,143.2775,143.1782,143.1931,55001.0
2026-04-14 13:40:00,143.1882,143.1882,143.0988,143.1782,31778.0
2026-04-14 13:45:00,143.1733,143.1733,143.0591,143.1385,49473.0
2026-04-14 13:50:00,143.1435,143.1435,143.0591,143.0989,32612.0
2026-04-14 13:55:00,143.1187,143.208,143.0889,143.1931,19244.0
2026-04-14 14:00:00,143.1782,143.3271,143.1782,143.2825,63048.0
2026-04-14 14:05:00,143.3619,143.4066,143.3271,143.3917,25449.0
2026-04-14 14:10:00,143.3867,143.4165,143.3471,143.4165,26510.0
2026-04-14 14:15:00,143.3966,143.4264,143.3669,143.3966,28028.0
2026-04-14 14:20:00,143.3867,143.3867,143.3172,143.3569,30868.0
2026-04-14 14:25:00,143.3569,143.4363,143.347,143.3768,29564.0
2026-04-14 14:30:00,143.3669,143.3867,143.342,143.3768,27111.0
2026-04-14 14:35:00,143.3768,143.4562,143.3569,143.3917,51170.0
2026-04-14 14:40:00,143.3966,143.4314,143.3669,143.3669,34097.0
2026-04-14 14:45:00,143.3669,143.4066,143.3222,143.3271,28416.0
2026-04-14 14:50:00,143.3222,143.3222,143.208,143.3172,44715.0
2026-04-14 14:55:00,143.347,143.347,143.2874,143.2974,24313.0
2026-04-14 15:00:00,143.2874,143.5058,143.2725,143.4486,33277.0
2026-04-14 15:05:00,143.4363,143.4688,143.3669,143.3768,32097.0
2026-04-14 15:10:00,143.3768,143.4711,143.3768,143.4115,31728.0
2026-04-14 15:15:00,143.4115,143.4959,143.3867,143.4761,42202.0
2026-04-14 15:20:00,143.4711,143.5407,143.4463,143.4761,43706.0
2026-04-14 15:25:00,143.4761,143.5555,143.4066,143.5307,66121.0
2026-04-14 15:30:00,143.5753,143.6051,143.4562,143.481,58367.0
2026-04-14 15:35:00,143.4761,143.5058,143.4066,143.4463,67252.0
2026-04-14 15:40:00,143.4264,143.5356,143.3966,143.5356,79862.0
2026-04-14 15:45:00,143.5356,143.5654,143.4959,143.5058,80663.0
2026-04-14 15:50:00,143.5158,143.5455,143.2577,143.2577,145027.0
2026-04-14 15:55:00,143.2775,143.4612,143.1534,143.347,463490.0
2026-04-15 09:30:00,143.3073,143.3501,142.2848,142.6223,179381.0
2026-04-15 09:35:00,142.7613,142.8506,142.3146,142.662,63720.0
2026-04-15 09:40:00,142.663,143.2477,142.662,142.8705,78860.0
2026-04-15 09:45:00,142.9102,142.9499,142.6869,142.7117,68986.0
2026-04-15 09:50:00,142.6819,142.7514,141.987,142.1359,85279.0
2026-04-15 09:55:00,142.1409,142.3195,142.0565,142.1558,55901.0
2026-04-15 10:00:00,142.1409,142.2848,141.9572,142.1607,74675.0
2026-04-15 10:05:00,142.1359,142.2252,141.9274,142.0168,64787.0
2026-04-15 10:10:00,141.992,142.1756,141.9473,142.1559,53138.0
2026-04-15 10:15:00,142.1657,142.255,142.1259,142.255,88450.0
2026-04-15 10:20:00,142.255,142.255,142.0565,142.0565,56551.0
2026-04-15 10:25:00,142.0068,142.0118,141.7289,141.8232,94510.0
2026-04-15 10:30:00,141.8182,141.8381,141.2623,141.2722,151579.0
2026-04-15 10:35:00,141.2623,141.4609,141.2226,141.446,76863.0
2026-04-15 10:40:00,141.4609,141.6594,141.446,141.5502,74662.0
2026-04-15 10:45:00,141.5502,141.7686,141.5502,141.675,75814.0
2026-04-15 10:50:00,141.6991,141.7259,141.5353,141.5899,46319.0
2026-04-15 10:55:00,141.6395,141.7487,141.6296,141.6892,42455.0
2026-04-15 11:00:00,141.6987,141.7587,141.6197,141.6693,46482.0
2026-04-15 11:05:00,141.6594,141.7089,141.6496,141.6536,45912.0
2026-04-15 11:10:00,141.6495,141.8579,141.6495,141.7984,41310.0
2026-04-15 11:15:00,141.8033,141.8679,141.7537,141.848,82258.0
2026-04-15 11:20:00,141.8358,141.9374,141.8133,141.843,58488.0
2026-04-15 11:25:00,141.848,142.0565,141.7686,141.9175,91044.0
2026-04-15 11:30:00,141.9076,142.1257,141.843,142.1061,46849.0
2026-04-15 11:35:00,142.1012,142.265,142.0366,142.255,48866.0
2026-04-15 11:40:00,142.255,142.4089,142.2451,142.3791,36312.0
2026-04-15 11:45:00,142.3841,142.3841,142.3146,142.374,29338.0
2026-04-15 11:50:00,142.3642,142.4089,142.3047,142.3047,34824.0
2026-04-15 11:55:00,142.2997,142.3146,142.1855,142.2848,38154.0
2026-04-15 12:00:00,142.2848,142.3146,142.2302,142.2618,26640.0
2026-04-15 12:05:00,142.2452,142.3344,142.2059,142.2501,42239.0
2026-04-15 12:10:00,142.2252,142.2252,142.1061,142.1061,31495.0
2026-04-15 12:15:00,142.1111,142.1589,142.0267,142.0565,39591.0
2026-04-15 12:20:00,142.0466,142.0466,141.9274,141.9721,31915.0
2026-04-15 12:25:00,141.9721,142.0863,141.9274,142.0565,23549.0
2026-04-15 12:30:00,142.0863,142.2699,142.0863,142.2252,23352.0
2026-04-15 12:35:00,142.2302,142.3394,142.2252,142.265,26808.0
2026-04-15 12:40:00,142.265,142.5231,142.265,142.4933,33653.0
2026-04-15 12:45:00,142.5032,142.6903,142.4436,142.6273,40048.0
2026-04-15 12:50:00,142.6273,142.8308,142.5727,142.7861,22666.0
2026-04-15 12:55:00,142.7812,142.8705,142.662,142.7514,25144.0
2026-04-15 13:00:00,142.7464,142.8134,142.7017,142.7017,21121.0
2026-04-15 13:05:00,142.672,142.6819,142.5925,142.5925,22163.0
2026-04-15 13:10:00,142.6025,142.6223,142.5528,142.5777,19388.0
2026-04-15 13:15:00,142.5677,142.6323,142.5578,142.6025,22557.0
2026-04-15 13:20:00,142.6124,142.6372,142.5777,142.5925,14324.0
2026-04-15 13:25:00,142.5925,142.5925,142.4883,142.5181,22681.0
2026-04-15 13:30:00,142.5032,142.5032,142.3791,142.4039,34098.0
2026-04-15 13:35:00,142.4039,142.4337,142.3394,142.3791,24309.0
2026-04-15 13:40:00,142.3642,142.4039,142.3146,142.4039,32184.0
2026-04-15 13:45:00,142.394,142.394,142.3146,142.3233,26257.0
2026-04-15 13:50:00,142.3245,142.3543,142.255,142.3245,33174.0
2026-04-15 13:55:00,142.3184,142.3543,142.2749,142.3245,34425.0
2026-04-15 14:00:00,142.3444,142.4337,142.265,142.3344,35624.0
2026-04-15 14:05:00,142.3245,142.3245,142.1855,142.1855,32602.0
2026-04-15 14:10:00,142.1681,142.2252,142.1261,142.1458,25419.0
2026-04-15 14:15:00,142.1458,142.2252,142.116,142.1955,25721.0
2026-04-15 14:20:00,142.2054,142.3344,142.1756,142.3245,32399.0
2026-04-15 14:25:00,142.3147,142.3147,142.2153,142.2982,33321.0
2026-04-15 14:30:00,142.2947,142.3841,142.265,142.3047,58543.0
2026-04-15 14:35:00,142.3245,142.3343,142.1657,142.2054,34387.0
2026-04-15 14:40:00,142.2203,142.3741,142.2004,142.3146,30442.0
2026-04-15 14:45:00,142.3146,142.4238,142.3146,142.3543,31756.0
2026-04-15 14:50:00,142.3642,142.4238,142.3543,142.3941,42581.0
2026-04-15 14:55:00,142.394,142.4535,142.3741,142.4486,29087.0
2026-04-15 15:00:00,142.4436,142.4436,142.3345,142.4039,39488.0
2026-04-15 15:05:00,142.4039,142.4238,142.2354,142.2451,46581.0
2026-04-15 15:10:00,142.265,142.3444,142.1955,142.3146,39307.0
2026-04-15 15:15:00,142.3146,142.3662,142.2947,142.3048,37291.0
2026-04-15 15:20:00,142.3245,142.3841,142.3245,142.3642,42509.0
2026-04-15 15:25:00,142.3642,142.4337,142.3096,142.4337,57840.0
2026-04-15 15:30:00,142.4436,142.4436,142.3146,142.4089,61602.0
2026-04-15 15:35:00,142.4139,142.4139,142.1586,142.2054,58439.0
2026-04-15 15:40:00,142.2004,142.2848,142.1061,142.179,77590.0
2026-04-15 15:45:00,142.1756,142.3295,142.0813,142.3295,104238.0
2026-04-15 15:50:00,142.3444,142.4436,142.2294,142.3543,139458.0
2026-04-15 15:55:00,142.3543,142.4734,142.2848,142.3245,328745.0
2026-04-16 09:30:00,142.1558,142.4536,141.9572,141.9721,153612.0
2026-04-16 09:35:00,142.1159,142.394,141.8083,142.1663,56554.0
2026-04-16 09:40:00,142.247,142.4635,141.9076,142.4089,52918.0
2026-04-16 09:45:00,142.4139,142.4734,142.2451,142.4733,71146.0
2026-04-16 09:50:00,142.4685,143.079,142.4387,143.0641,52232.0
2026-04-16 09:55:00,143.0492,143.0929,142.6422,142.9251,97555.0
2026-04-16 10:00:00,142.94,143.2378,142.94,142.9747,103230.0
2026-04-16 10:05:00,142.9896,143.0839,142.7613,142.7911,61456.0
2026-04-16 10:10:00,142.7911,142.9598,142.7613,142.7712,47395.0
2026-04-16 10:15:00,142.7613,142.9499,142.7613,142.9003,30291.0
2026-04-16 10:20:00,142.9152,142.9598,142.8109,142.8209,34135.0
2026-04-16 10:25:00,142.8209,142.8209,142.7216,142.8209,32889.0
2026-04-16 10:30:00,142.8308,142.8308,142.6571,142.6819,42633.0
2026-04-16 10:35:00,142.672,142.6917,142.4238,142.4883,52058.0
2026-04-16 10:40:00,142.5181,142.5726,142.3741,142.4039,55999.0
2026-04-16 10:45:00,142.389,142.4436,142.3543,142.4039,53494.0
2026-04-16 10:50:00,142.399,142.5628,142.3692,142.4635,62822.0
2026-04-16 10:55:00,142.4734,142.4933,142.3356,142.4039,34113.0
2026-04-16 11:00:00,142.4129,142.4133,142.26,142.2798,52267.0
2026-04-16 11:05:00,142.2749,142.3543,142.2104,142.3224,40895.0
2026-04-16 11:10:00,142.3146,142.4337,142.3146,142.4337,74857.0
2026-04-16 11:15:00,142.4436,142.5528,142.3928,142.4635,45854.0
2026-04-16 11:20:00,142.4619,142.4933,142.3741,142.4734,38782.0
2026-04-16 11:25:00,142.4833,142.5131,142.3741,142.5032,46669.0
2026-04-16 11:30:00,142.5231,142.5528,142.2749,142.2749,36228.0
2026-04-16 11:35:00,142.2749,142.3096,142.1855,142.2004,67995.0
2026-04-16 11:40:00,142.1955,142.2252,142.1359,142.1558,31114.0
2026-04-16 11:45:00,142.1657,142.2898,142.1558,142.1786,41651.0
2026-04-16 11:50:00,142.1855,142.2401,142.1409,142.1756,28195.0
2026-04-16 11:55:00,142.1657,142.1657,142.0863,142.1012,28757.0
2026-04-16 12:00:00,142.0912,142.1657,142.0863,142.116,70970.0
2026-04-16 12:05:00,142.1061,142.1905,142.0739,142.1061,26087.0
2026-04-16 12:10:00,142.1111,142.1912,142.0863,142.0994,46839.0
2026-04-16 12:15:00,142.0912,142.1359,141.982,141.987,48330.0
2026-04-16 12:20:00,141.987,141.987,141.843,141.9225,58458.0
2026-04-16 12:25:00,141.9374,141.9671,141.8878,141.9622,43691.0
2026-04-16 12:30:00,141.987,142.1706,141.9522,142.1309,88868.0
2026-04-16 12:35:00,142.1558,142.2352,142.0863,142.0863,96589.0
2026-04-16 12:40:00,142.0763,142.0962,141.9572,141.982,35430.0
2026-04-16 12:45:00,141.982,141.9969,141.7686,141.8162,42735.0
2026-04-16 12:50:00,141.7885,141.848,141.719,141.8182,51670.0
2026-04-16 12:55:00,141.8232,141.8877,141.7562,141.7785,31595.0
2026-04-16 13:00:00,141.7885,141.7885,141.6991,141.7686,25546.0
2026-04-16 13:05:00,141.7587,141.8083,141.709,141.719,30500.0
2026-04-16 13:10:00,141.719,141.719,141.6663,141.6793,31090.0
2026-04-16 13:15:00,141.6793,141.719,141.6296,141.6395,51789.0
2026-04-16 13:20:00,141.6296,141.709,141.6197,141.6793,25790.0
2026-04-16 13:25:00,141.6892,141.709,141.6594,141.6975,41943.0
2026-04-16 13:30:00,141.709,141.7686,141.6892,141.6894,34474.0
2026-04-16 13:35:00,141.6991,141.7487,141.6793,141.7239,31199.0
2026-04-16 13:40:00,141.7288,141.8479,141.7239,141.7985,50022.0
2026-04-16 13:45:00,141.8133,141.8232,141.7686,141.8134,40542.0
2026-04-16 13:50:00,141.8134,141.8778,141.8083,141.848,38462.0
2026-04-16 13:55:00,141.843,141.9671,141.843,141.9473,58281.0
2026-04-16 14:00:00,141.9374,142.0366,141.9176,141.9274,47171.0
2026-04-16 14:05:00,141.9324,142.0366,141.9076,142.0317,61625.0
2026-04-16 14:10:00,142.028,142.0664,141.9473,142.0068,64502.0
2026-04-16 14:15:00,142.0068,142.0366,141.8877,141.8927,44114.0
2026-04-16 14:20:00,141.8877,141.9473,141.8679,141.9076,39898.0
2026-04-16 14:25:00,141.9076,141.9771,141.8976,141.9473,36224.0
2026-04-16 14:30:00,141.9374,142.0267,141.8976,141.9771,55412.0
2026-04-16 14:35:00,141.9721,141.9721,141.8282,141.8282,30150.0
2026-04-16 14:40:00,141.8282,141.8679,141.7885,141.853,42995.0
2026-04-16 14:45:00,141.843,141.8679,141.7984,141.8381,34826.0
2026-04-16 14:50:00,141.8381,141.8679,141.8133,141.848,33421.0
2026-04-16 14:55:00,141.848,141.9175,141.8282,141.892,37020.0
2026-04-16 15:00:00,141.8777,142.0664,141.8283,142.0168,55965.0
2026-04-16 15:05:00,142.0168,142.106,142.0068,142.0863,46199.0
2026-04-16 15:10:00,142.0863,142.1806,142.0863,142.1561,40607.0
2026-04-16 15:15:00,142.1657,142.265,142.1563,142.255,46022.0
2026-04-16 15:20:00,142.265,142.4139,142.265,142.4039,47706.0
2026-04-16 15:25:00,142.394,142.4685,142.3741,142.3841,58824.0
2026-04-16 15:30:00,142.3841,142.4833,142.3295,142.4685,56835.0
2026-04-16 15:35:00,142.4536,142.5527,142.3642,142.3642,78468.0
2026-04-16 15:40:00,142.3692,142.4337,142.3245,142.3642,113350.0
2026-04-16 15:45:00,142.3642,142.4685,142.3445,142.4436,90701.0
2026-04-16 15:50:00,142.4635,142.5826,142.3543,142.3642,188427.0
2026-04-16 15:55:00,142.3741,142.3741,142.0366,142.0763,654522.0
2026-04-17 09:30:00,142.3642,144.1908,142.116,143.7595,948229.0
2026-04-17 09:35:00,143.7093,143.7093,143.079,143.1782,108058.0
2026-04-17 09:40:00,143.1649,143.6547,143.1088,143.6051,111523.0
2026-04-17 09:45:00,143.6051,143.9923,143.2874,143.8831,146786.0
2026-04-17 09:50:00,143.8731,144.6822,143.8533,144.6822,109836.0
2026-04-17 09:55:00,144.6524,145.1637,144.6077,145.0892,192091.0
2026-04-17 10:00:00,145.0644,145.0694,144.7964,145.0445,120576.0
2026-04-17 10:05:00,145.0247,145.3622,144.9602,145.3572,129854.0
2026-04-17 10:10:00,145.3523,145.4019,144.7965,145.1041,126784.0
2026-04-17 10:15:00,145.0842,145.2927,145.0495,145.2282,94261.0
2026-04-17 10:20:00,145.2331,145.8784,145.2331,145.7692,107415.0
2026-04-17 10:25:00,145.7791,145.9181,145.7096,145.7841,98978.0
2026-04-17 10:30:00,145.7891,145.7891,145.4119,145.4714,110915.0
2026-04-17 10:35:00,145.4615,145.7196,145.4615,145.66,67080.0
2026-04-17 10:40:00,145.6652,145.938,145.6501,145.799,138782.0
2026-04-17 10:45:00,145.7891,146.0869,145.7444,146.0174,86060.0
2026-04-17 10:50:00,146.0273,146.1961,146.0174,146.1315,112113.0
2026-04-17 10:55:00,146.1315,146.1564,145.9578,145.9777,95261.0
2026-04-17 11:00:00,146.0023,146.3351,145.964,146.2755,115915.0
2026-04-17 11:05:00,146.2755,146.412,146.2407,146.345,93607.0
2026-04-17 11:10:00,146.34,146.4045,146.0025,146.0372,81425.0
2026-04-17 11:15:00,146.0273,146.1861,145.9975,146.1601,78897.0
2026-04-17 11:20:00,146.1613,146.1613,145.9678,145.9678,60153.0
2026-04-17 11:25:00,145.9876,145.9975,145.7791,145.8387,61269.0
2026-04-17 11:30:00,145.8437,146.0869,145.8437,146.0373,54390.0
2026-04-17 11:35:00,146.0372,146.1464,145.9975,146.1365,50880.0
2026-04-17 11:40:00,146.1365,146.2854,146.1365,146.2606,58235.0
2026-04-17 11:45:00,146.2458,146.3152,146.0769,146.2457,73407.0
2026-04-17 11:50:00,146.2457,146.3499,146.1663,146.2854,49870.0
2026-04-17 11:55:00,146.2953,146.4591,146.2854,146.4591,66091.0
2026-04-17 12:00:00,146.4591,146.5137,146.345,146.345,57965.0
2026-04-17 12:05:00,146.3251,146.3351,146.206,146.2705,54098.0
2026-04-17 12:10:00,146.2705,146.3946,146.1861,146.2457,54310.0
2026-04-17 12:15:00,146.2508,146.2606,146.1464,146.2507,72356.0
2026-04-17 12:20:00,146.2457,146.2805,146.0869,146.1514,73730.0
2026-04-17 12:25:00,146.1861,146.206,146.0869,146.1067,77171.0
2026-04-17 12:30:00,146.1155,146.1663,146.0571,146.1464,79016.0
2026-04-17 12:35:00,146.1365,146.206,146.0968,146.1861,79214.0
2026-04-17 12:40:00,146.1762,146.3251,146.1167,146.1911,97421.0
2026-04-17 12:45:00,146.1911,146.2854,146.1663,146.2606,43537.0
2026-04-17 12:50:00,146.2457,146.3748,146.211,146.2755,37289.0
2026-04-17 12:55:00,146.2656,146.3648,146.2292,146.3648,43958.0
2026-04-17 13:00:00,146.3648,146.4145,146.2656,146.3053,32734.0
2026-04-17 13:05:00,146.2953,146.3553,146.2705,146.3102,37614.0
2026-04-17 13:10:00,146.2854,146.2854,146.1613,146.2407,44683.0
2026-04-17 13:15:00,146.2507,146.2507,146.1168,146.1464,34544.0
2026-04-17 13:20:00,146.1365,146.2259,146.0472,146.0968,46665.0
2026-04-17 13:25:00,146.072,146.1167,145.9878,146.0422,36902.0
2026-04-17 13:30:00,146.0571,146.0968,145.9678,146.072,40844.0
2026-04-17 13:35:00,146.0571,146.1613,146.0174,146.0769,41200.0
2026-04-17 13:40:00,146.0819,146.0819,145.9529,145.9727,28619.0
2026-04-17 13:45:00,145.9678,146.1018,145.9628,146.0869,35590.0
2026-04-17 13:50:00,146.0968,146.1565,146.067,146.1564,44259.0
2026-04-17 13:55:00,146.1613,146.1613,146.0174,146.0372,39280.0
2026-04-17 14:00:00,145.9975,146.0642,145.9578,146.0472,51636.0
2026-04-17 14:05:00,146.067,146.0869,145.9678,146.0472,45997.0
2026-04-17 14:10:00,146.0372,146.0571,145.9181,145.9678,50285.0
2026-04-17 14:15:00,145.9727,146.0594,145.9727,146.0571,36089.0
2026-04-17 14:20:00,146.0621,146.1564,146.0372,146.0968,45677.0
2026-04-17 14:25:00,146.0869,146.1861,146.0075,146.0621,66247.0
2026-04-17 14:30:00,146.067,146.2854,146.067,146.2854,64814.0
2026-04-17 14:35:00,146.2755,146.2755,146.1167,146.1762,51683.0
2026-04-17 14:40:00,146.1762,146.1762,146.087,146.1216,44407.0
2026-04-17 14:45:00,146.1067,146.1365,145.938,146.0769,74122.0
2026-04-17 14:50:00,146.067,146.0968,146.0075,146.0319,49467.0
2026-04-17 14:55:00,146.0571,146.0769,145.9826,146.0472,47869.0
2026-04-17 15:00:00,146.0472,146.1266,145.9833,145.9975,85003.0
2026-04-17 15:05:00,146.0025,146.206,146.0025,146.1216,66913.0
2026-04-17 15:10:00,146.1365,146.1365,145.8983,145.8983,61512.0
2026-04-17 15:15:00,145.9082,145.9876,145.7891,145.9082,70997.0
2026-04-17 15:20:00,145.8983,145.9181,145.7791,145.7791,67787.0
2026-04-17 15:25:00,145.7593,145.8288,145.5826,145.6501,80519.0
2026-04-17 15:30:00,145.66,145.7891,145.66,145.7692,94185.0
2026-04-17 15:35:00,145.7394,145.9578,145.7394,145.8883,101233.0
2026-04-17 15:40:00,145.8883,146.0571,145.8685,146.0273,143247.0
2026-04-17 15:45:00,146.0174,146.0174,145.7692,145.8069,156627.0
2026-04-17 15:50:00,145.8089,146.2259,145.8089,146.1861,212247.0
2026-04-17 15:55:00,146.1861,146.2457,145.799,145.8586,612241.0
2026-04-20 09:30:00,144.9949,145.5905,144.4291,144.5333,230065.0
2026-04-20 09:35:00,144.5184,144.98,144.2752,144.9454,123037.0
2026-04-20 09:40:00,144.9676,145.1537,144.5829,144.6575,110141.0
2026-04-20 09:45:00,144.6673,145.114,144.5531,145.0842,152632.0
2026-04-20 09:50:00,145.1239,145.1339,144.4588,144.4886,94109.0
2026-04-20 09:55:00,144.4985,144.6425,144.321,144.3695,106983.0
2026-04-20 10:00:00,144.3298,144.6822,144.3298,144.5581,90928.0
2026-04-20 10:05:00,144.5879,144.6077,144.3,144.3099,48559.0
2026-04-20 10:10:00,144.305,144.4588,144.1759,144.4588,53856.0
2026-04-20 10:15:00,144.439,144.7467,144.439,144.6177,51399.0
2026-04-20 10:20:00,144.6509,144.6971,144.3794,144.419,55783.0
2026-04-20 10:25:00,144.3695,144.6177,144.3,144.6077,99475.0
2026-04-20 10:30:00,144.6177,144.6971,144.4291,144.4638,85450.0
2026-04-20 10:35:00,144.4539,144.4539,144.2404,144.2404,57304.0
2026-04-20 10:40:00,144.2404,144.3893,144.2107,144.3794,64299.0
2026-04-20 10:45:00,144.3794,144.5184,144.3496,144.4837,52928.0
2026-04-20 10:50:00,144.4936,144.7467,144.4837,144.7318,57860.0
2026-04-20 10:55:00,144.7467,144.846,144.7318,144.7864,46537.0
2026-04-20 11:00:00,144.7765,144.8261,144.6574,144.7269,53686.0
2026-04-20 11:05:00,144.7666,144.8956,144.7566,144.7566,48267.0
2026-04-20 11:10:00,144.7666,144.8162,144.6276,144.7269,44536.0
2026-04-20 11:15:00,144.7169,144.8212,144.6747,144.6747,49800.0
2026-04-20 11:20:00,144.6723,144.6723,144.4737,144.5879,60165.0
2026-04-20 11:25:00,144.5829,144.5879,144.4787,144.5353,50263.0
2026-04-20 11:30:00,144.5383,144.5383,144.4291,144.4787,53506.0
2026-04-20 11:35:00,144.4688,144.578,144.4191,144.4291,43178.0
2026-04-20 11:40:00,144.4191,144.5581,144.3398,144.5283,39483.0
2026-04-20 11:45:00,144.5383,144.568,144.4886,144.5383,41641.0
2026-04-20 11:50:00,144.5383,144.5383,144.4241,144.4886,31701.0
2026-04-20 11:55:00,144.4737,144.5879,144.4191,144.4489,62857.0
2026-04-20 12:00:00,144.4638,144.4787,144.3779,144.3869,34026.0
2026-04-20 12:05:00,144.3596,144.439,144.305,144.305,43068.0
2026-04-20 12:10:00,144.2801,144.3199,144.2404,144.2404,30527.0
2026-04-20 12:15:00,144.2504,144.2504,144.0717,144.1412,70549.0
2026-04-20 12:20:00,144.1511,144.2404,144.0816,144.2255,47963.0
2026-04-20 12:25:00,144.2404,144.3347,144.1958,144.2206,34963.0
2026-04-20 12:30:00,144.2156,144.2355,144.1263,144.1446,35488.0
2026-04-20 12:35:00,144.1412,144.1511,143.9923,143.9923,60342.0
2026-04-20 12:40:00,143.9724,143.9724,143.8334,143.8731,64491.0
2026-04-20 12:45:00,143.8632,144.0022,143.8563,143.9923,32887.0
2026-04-20 12:50:00,143.9823,144.0568,143.9476,143.9923,44813.0
2026-04-20 12:55:00,143.9923,144.0022,143.7937,143.8036,77914.0
2026-04-20 13:00:00,143.7987,143.8235,143.6944,143.7044,55038.0
2026-04-20 13:05:00,143.7143,143.8036,143.6944,143.7639,46363.0
2026-04-20 13:10:00,143.7639,143.8136,143.6647,143.7143,66914.0
2026-04-20 13:15:00,143.7143,143.7143,143.6647,143.6746,37149.0
2026-04-20 13:20:00,143.6746,143.7242,143.6547,143.6647,52170.0
2026-04-20 13:25:00,143.6647,143.6944,143.4165,143.4363,329788.0
2026-04-20 13:30:00,143.4264,143.4661,143.2626,143.2775,79870.0
2026-04-20 13:35:00,143.2577,143.2676,143.1286,143.1683,52886.0
2026-04-20 13:40:00,143.1683,143.2477,143.0393,143.218,91138.0
2026-04-20 13:45:00,143.218,143.2577,143.0144,143.0194,76507.0
2026-04-20 13:50:00,143.0095,143.0492,142.9698,143.0194,71821.0
2026-04-20 13:55:00,143.0194,143.1286,142.9725,142.9896,67238.0
2026-04-20 14:00:00,142.9896,143.0393,142.8803,142.8904,83431.0
2026-04-20 14:05:00,142.8854,143.0839,142.8854,142.9797,57957.0
2026-04-20 14:10:00,142.9698,143.1088,142.9598,143.0492,92106.0
2026-04-20 14:15:00,143.0492,143.1286,142.9996,143.1187,58072.0
2026-04-20 14:20:00,143.1187,143.1286,143.0045,143.0095,68621.0
2026-04-20 14:25:00,143.0194,143.0889,142.8705,142.8705,95854.0
2026-04-20 14:30:00,142.8655,143.079,142.8606,143.079,70442.0
2026-04-20 14:35:00,143.074,143.1385,143.0293,143.0393,77108.0
2026-04-20 14:40:00,143.0492,143.0492,142.9699,143.0095,52174.0
2026-04-20 14:45:00,143.0187,143.1485,142.9698,143.1385,73002.0
2026-04-20 14:50:00,143.1385,143.1385,143.0095,143.0244,61212.0
2026-04-20 14:55:00,143.0095,143.0095,142.7613,142.9102,100416.0
2026-04-20 15:00:00,142.8978,142.9896,142.8904,142.923,63213.0
2026-04-20 15:05:00,142.9299,143.0293,142.8705,142.9102,106175.0
2026-04-20 15:10:00,142.9101,142.9797,142.8705,142.9201,92639.0
2026-04-20 15:15:00,142.9201,143.069,142.9003,143.069,59483.0
2026-04-20 15:20:00,143.0591,143.0591,142.7267,142.7415,134267.0
2026-04-20 15:25:00,142.7415,142.9747,142.7216,142.9102,89252.0
2026-04-20 15:30:00,142.9003,143.0591,142.7712,143.0591,127605.0
2026-04-20 15:35:00,143.0591,143.1137,142.801,142.8109,138960.0
2026-04-20 15:40:00,142.8109,142.8655,142.6521,142.7216,157219.0
2026-04-20 15:45:00,142.7117,142.9499,142.5429,142.9499,217725.0
2026-04-20 15:50:00,142.9499,143.1683,142.9499,143.1286,186640.0
2026-04-20 15:55:00,143.1385,143.4761,143.0492,143.4264,620556.0
2026-04-21 09:30:00,143.5654,143.5654,142.4139,142.4734,220552.0
2026-04-21 09:35:00,142.4039,142.7861,142.126,142.7216,89530.0
2026-04-21 09:40:00,142.7056,142.8606,142.4585,142.7514,76310.0
2026-04-21 09:45:00,142.6819,142.94,142.5528,142.5876,67048.0
2026-04-21 09:50:00,142.5429,142.7812,142.3394,142.4536,116177.0
2026-04-21 09:55:00,142.4833,142.8804,142.4536,142.7911,90357.0
2026-04-21 10:00:00,142.801,142.9698,142.6174,142.9052,67567.0
2026-04-21 10:05:00,142.9052,142.9103,142.7762,142.8606,50514.0
2026-04-21 10:10:00,142.8506,142.8705,142.6025,142.7415,58306.0
2026-04-21 10:15:00,142.7415,142.8109,142.5925,142.7017,70446.0
2026-04-21 10:20:00,142.6819,142.9003,142.6819,142.7612,59775.0
2026-04-21 10:25:00,142.7315,142.7315,142.3741,142.4039,75510.0
2026-04-21 10:30:00,142.4139,142.4139,142.1359,142.1558,97349.0
2026-04-21 10:35:00,142.1756,142.1756,141.8579,142.0763,139914.0
2026-04-21 10:40:00,142.0962,142.1955,141.8778,141.9324,80884.0
2026-04-21 10:45:00,141.9274,142.0366,141.7686,141.7984,74702.0
2026-04-21 10:50:00,141.7934,141.9522,141.6693,141.8976,129774.0
2026-04-21 10:55:00,141.9026,142.2153,141.8133,142.0068,122704.0
2026-04-21 11:00:00,142.0217,142.116,141.9522,142.0614,72133.0
2026-04-21 11:05:00,142.0763,142.1458,141.8083,141.8083,60702.0
2026-04-21 11:10:00,141.7984,141.843,141.5403,141.7488,116427.0
2026-04-21 11:15:00,141.7785,141.848,141.5105,141.5303,103009.0
2026-04-21 11:20:00,141.5254,141.5899,141.3715,141.5502,133066.0
2026-04-21 11:25:00,141.5204,141.6892,141.5204,141.6395,88685.0
2026-04-21 11:30:00,141.6296,141.7586,141.5502,141.714,79994.0
2026-04-21 11:35:00,141.6991,141.7984,141.5254,141.6197,106860.0
2026-04-21 11:40:00,141.6197,141.8728,141.5502,141.8282,61217.0
2026-04-21 11:45:00,141.8381,141.9076,141.7882,141.8976,79706.0
2026-04-21 11:50:00,141.8679,141.9771,141.8679,141.8778,58234.0
2026-04-21 11:55:00,141.8679,141.9274,141.7686,141.8282,63640.0
2026-04-21 12:00:00,141.8382,141.9076,141.7984,141.8778,87828.0
2026-04-21 12:05:00,141.8579,141.8579,141.709,141.709,66350.0
2026-04-21 12:10:00,141.719,141.7984,141.6966,141.6991,39167.0
2026-04-21 12:15:00,141.7041,141.709,141.5452,141.6892,100658.0
2026-04-21 12:20:00,141.6892,141.8282,141.6296,141.8133,71304.0
2026-04-21 12:25:00,141.7934,141.8778,141.709,141.7487,76220.0
2026-04-21 12:30:00,141.7289,141.7686,141.6395,141.6693,41861.0
2026-04-21 12:35:00,141.6793,141.7785,141.6395,141.7686,47738.0
2026-04-21 12:40:00,141.7686,141.7686,141.6743,141.7487,36081.0
2026-04-21 12:45:00,141.7388,141.7438,141.6098,141.6495,41065.0
2026-04-21 12:50:00,141.6592,141.6594,141.5899,141.6197,42867.0
2026-04-21 12:55:00,141.6296,141.6594,141.5303,141.6197,48165.0
2026-04-21 13:00:00,141.6296,141.6395,141.5204,141.5303,49735.0
2026-04-21 13:05:00,141.5403,141.5849,141.4708,141.5552,57589.0
2026-04-21 13:10:00,141.5601,141.6395,141.4509,141.4509,84215.0
2026-04-21 13:15:00,141.4609,141.5502,141.4211,141.5403,47618.0
2026-04-21 13:20:00,141.5403,141.6693,141.4807,141.5998,46249.0
2026-04-21 13:25:00,141.5998,141.7487,141.5899,141.709,40322.0
2026-04-21 13:30:00,141.719,141.9274,141.6594,141.9076,89610.0
2026-04-21 13:35:00,141.9026,142.0366,141.8579,142.002,69609.0
2026-04-21 13:40:00,142.0068,142.1061,141.9771,142.0168,44965.0
2026-04-21 13:45:00,142.0168,142.0267,141.8381,141.9274,49242.0
2026-04-21 13:50:00,141.9374,141.9374,141.8182,141.8579,39160.0
2026-04-21 13:55:00,141.8579,141.8579,141.7289,141.7686,91868.0
2026-04-21 14:00:00,141.7686,142.0186,141.7388,141.9969,87820.0
2026-04-21 14:05:00,142.0168,142.1061,141.9671,141.987,42273.0
2026-04-21 14:10:00,141.9871,142.0267,141.8579,141.9473,55520.0
2026-04-21 14:15:00,141.9494,142.0664,141.7885,141.8282,59397.0
2026-04-21 14:20:00,141.8282,141.8877,141.7885,141.848,40391.0
2026-04-21 14:25:00,141.848,141.8778,141.8083,141.8182,46055.0
2026-04-21 14:30:00,141.8182,141.848,141.7388,141.7587,38105.0
2026-04-21 14:35:00,141.7487,141.7686,141.6098,141.6395,58951.0
2026-04-21 14:40:00,141.6395,141.6395,141.4956,141.5601,88700.0
2026-04-21 14:45:00,141.5701,141.5899,141.4112,141.5006,77889.0
2026-04-21 14:50:00,141.5055,141.5055,141.3814,141.4609,52675.0
2026-04-21 14:55:00,141.4807,141.5403,141.4112,141.4708,55318.0
2026-04-21 15:00:00,141.4741,141.5601,141.3616,141.4211,133957.0
2026-04-21 15:05:00,141.441,141.5601,141.4312,141.5006,67158.0
2026-04-21 15:10:00,141.5006,141.6197,141.4658,141.6098,61821.0
2026-04-21 15:15:00,141.6197,141.6197,141.3467,141.4063,110279.0
2026-04-21 15:20:00,141.4211,141.6594,141.4211,141.6296,73464.0
2026-04-21 15:25:00,141.6296,141.7289,141.6296,141.719,83628.0
2026-04-21 15:30:00,141.7487,141.8133,141.6445,141.6594,124035.0
2026-04-21 15:35:00,141.6693,141.6842,141.4112,141.58,185238.0
2026-04-21 15:40:00,141.5899,141.6488,141.3814,141.441,162380.0
2026-04-21 15:45:00,141.441,141.7587,141.4112,141.6793,154965.0
2026-04-21 15:50:00,141.7289,141.7686,141.4708,141.5701,175044.0
2026-04-21 15:55:00,141.5899,141.5899,141.2822,141.312,389372.0
2026-04-22 09:30:00,141.4559,142.0763,141.436,141.9274,234223.0
2026-04-22 09:35:00,141.9175,142.255,141.5701,142.1657,125661.0
2026-04-22 09:40:00,142.1862,142.1862,141.6892,141.7487,58069.0
2026-04-22 09:45:00,141.7686,142.0863,141.7289,142.0565,106153.0
2026-04-22 09:50:00,142.0565,142.2352,141.8579,141.8778,61649.0
2026-04-22 09:55:00,141.8579,142.1806,141.848,142.116,67467.0
2026-04-22 10:00:00,142.0962,142.2451,142.0168,142.0763,56660.0
2026-04-22 10:05:00,142.0763,142.1061,141.853,141.8976,61958.0
2026-04-22 10:10:00,141.9076,141.9274,141.7289,141.7368,80986.0
2026-04-22 10:15:00,141.7388,141.9274,141.6941,141.8828,54104.0
2026-04-22 10:20:00,141.8877,141.8877,141.6991,141.709,41738.0
2026-04-22 10:25:00,141.7289,141.7686,141.5899,141.7477,58361.0
2026-04-22 10:30:00,141.719,141.7487,141.5403,141.6495,40748.0
2026-04-22 10:35:00,141.6445,141.7388,141.5899,141.7189,43772.0
2026-04-22 10:40:00,141.719,141.9274,141.6693,141.8083,30055.0
2026-04-22 10:45:00,141.8083,141.848,141.6892,141.848,66166.0
2026-04-22 10:50:00,141.848,141.987,141.8133,141.9076,41028.0
2026-04-22 10:55:00,141.9076,141.9076,141.7785,141.9076,43410.0
2026-04-22 11:00:00,141.8778,141.984,141.7387,141.7438,85200.0
2026-04-22 11:05:00,141.7239,141.7884,141.6197,141.7339,91757.0
2026-04-22 11:10:00,141.7587,141.9175,141.7289,141.7289,35449.0
2026-04-22 11:15:00,141.709,141.7289,141.58,141.6793,65276.0
2026-04-22 11:20:00,141.6991,141.853,141.5601,141.58,145586.0
2026-04-22 11:25:00,141.5899,141.8182,141.5701,141.7785,105861.0
2026-04-22 11:30:00,141.783,141.9274,141.6842,141.848,75608.0
2026-04-22 11:35:00,141.848,141.8907,141.5452,141.5452,85706.0
2026-04-22 11:40:00,141.5501,141.7587,141.5105,141.7546,49548.0
2026-04-22 11:45:00,141.7388,141.7388,141.4211,141.4311,78554.0
2026-04-22 11:50:00,141.441,141.5353,141.3517,141.4509,46277.0
2026-04-22 11:55:00,141.4609,141.5501,141.4112,141.5501,39956.0
2026-04-22 12:00:00,141.5497,141.5998,141.5006,141.5403,45501.0
2026-04-22 12:05:00,141.5105,141.6594,141.5105,141.6495,40713.0
2026-04-22 12:10:00,141.6247,141.6286,141.5105,141.5403,50622.0
2026-04-22 12:15:00,141.5651,141.5998,141.4956,141.5302,30605.0
2026-04-22 12:20:00,141.5105,141.5204,141.4063,141.4063,30582.0
2026-04-22 12:25:00,141.3914,141.4013,141.2226,141.2424,41613.0
2026-04-22 12:30:00,141.2226,141.3715,141.2028,141.3517,60788.0
2026-04-22 12:35:00,141.3467,141.4311,141.3368,141.3943,31034.0
2026-04-22 12:40:00,141.4211,141.5303,141.4157,141.4408,36100.0
2026-04-22 12:45:00,141.4609,141.4708,141.4112,141.4559,29783.0
2026-04-22 12:50:00,141.4609,141.4855,141.441,141.4807,20500.0
2026-04-22 12:55:00,141.4807,141.5204,141.4311,141.4411,50517.0
2026-04-22 13:00:00,141.441,141.5899,141.3715,141.5353,39776.0
2026-04-22 13:05:00,141.5254,141.6594,141.5254,141.6445,40902.0
2026-04-22 13:10:00,141.6341,141.719,141.6296,141.6972,25668.0
2026-04-22 13:15:00,141.7041,141.7785,141.6892,141.709,37179.0
2026-04-22 13:20:00,141.6991,141.7487,141.6867,141.6991,34144.0
2026-04-22 13:25:00,141.6991,141.8282,141.6991,141.8282,25160.0
2026-04-22 13:30:00,141.8182,141.9175,141.7885,141.8579,35884.0
2026-04-22 13:35:00,141.848,141.8579,141.7785,141.8188,28274.0
2026-04-22 13:40:00,141.8083,141.8083,141.6693,141.709,28056.0
2026-04-22 13:45:00,141.719,141.7885,141.6495,141.6495,30493.0
2026-04-22 13:50:00,141.6346,141.6395,141.5502,141.575,30893.0
2026-04-22 13:55:00,141.5701,141.6197,141.5601,141.6098,33600.0
2026-04-22 14:00:00,141.5998,141.6693,141.5502,141.5899,40488.0
2026-04-22 14:05:00,141.6098,141.6098,141.5303,141.575,39334.0
2026-04-22 14:10:00,141.58,141.5899,141.4407,141.4509,33391.0
2026-04-22 14:15:00,141.4559,141.5502,141.4211,141.4311,38357.0
2026-04-22 14:20:00,141.4311,141.441,141.3248,141.3616,39961.0
2026-04-22 14:25:00,141.3616,141.4976,141.3318,141.4658,39767.0
2026-04-22 14:30:00,141.4509,141.4708,141.3914,141.4211,39884.0
2026-04-22 14:35:00,141.4211,141.4807,141.3219,141.3616,38213.0
2026-04-22 14:40:00,141.3566,141.4013,141.2624,141.312,41015.0
2026-04-22 14:45:00,141.312,141.3169,141.2623,141.2772,34308.0
2026-04-22 14:50:00,141.2722,141.2822,141.1829,141.2176,43034.0
2026-04-22 14:55:00,141.2225,141.3368,141.1989,141.2823,43816.0
2026-04-22 15:00:00,141.2921,141.4708,141.2921,141.3914,78848.0
2026-04-22 15:05:00,141.4112,141.4211,141.2722,141.3616,51844.0
2026-04-22 15:10:00,141.3602,141.4707,141.3417,141.4509,43401.0
2026-04-22 15:15:00,141.4609,141.6098,141.441,141.5601,60184.0
2026-04-22 15:20:00,141.5701,141.719,141.5701,141.6296,128497.0
2026-04-22 15:25:00,141.6247,141.7487,141.6197,141.719,70068.0
2026-04-22 15:30:00,141.719,141.7487,141.5777,141.6098,99319.0
2026-04-22 15:35:00,141.6098,141.6693,141.5105,141.6693,85993.0
2026-04-22 15:40:00,141.6693,141.7885,141.6495,141.7388,105633.0
2026-04-22 15:45:00,141.7289,141.8282,141.6693,141.8282,118641.0
2026-04-22 15:50:00,141.8282,141.9274,141.6395,141.9076,181817.0
2026-04-22 15:55:00,141.8778,141.9572,141.6793,141.7984,522566.0
2026-04-23 09:30:00,142.3493,143.0194,142.3493,142.7514,319322.0
2026-04-23 09:35:00,142.8009,142.9896,142.4933,142.9698,123436.0
2026-04-23 09:40:00,142.9722,143.218,142.9698,143.2031,105481.0
2026-04-23 09:45:00,143.218,143.3867,143.1187,143.3767,141944.0
2026-04-23 09:50:00,143.3669,143.4661,143.0988,143.3966,117476.0
2026-04-23 09:55:00,143.4363,143.8533,143.4066,143.8434,137282.0
2026-04-23 10:00:00,143.8831,143.893,143.625,143.7738,175963.0
2026-04-23 10:05:00,143.7739,144.1908,143.7739,143.9625,192284.0
2026-04-23 10:10:00,143.9625,144.2504,143.9178,144.2206,113486.0
2026-04-23 10:15:00,144.2206,144.2206,143.8533,144.1015,116864.0
2026-04-23 10:20:00,144.1213,144.1213,143.8533,143.9178,69694.0
2026-04-23 10:25:00,143.9228,143.9625,143.7958,143.8136,72726.0
2026-04-23 10:30:00,143.8235,143.9228,143.754,143.7838,63309.0
2026-04-23 10:35:00,143.7838,143.8533,143.7044,143.8334,52258.0
2026-04-23 10:40:00,143.8434,143.9426,143.8235,143.9029,78443.0
2026-04-23 10:45:00,143.9128,143.9923,143.8434,143.9724,117011.0
2026-04-23 10:50:00,143.9724,144.0369,143.9128,143.9526,61462.0
2026-04-23 10:55:00,143.9526,143.9615,143.6647,143.7441,112823.0
2026-04-23 11:00:00,143.7342,143.7937,143.6547,143.7937,61569.0
2026-04-23 11:05:00,143.8036,143.8235,143.5704,143.5704,92944.0
2026-04-23 11:10:00,143.5753,143.6051,143.3569,143.5853,86299.0
2026-04-23 11:15:00,143.5853,143.7489,143.5753,143.6944,60550.0
2026-04-23 11:20:00,143.6796,143.7937,143.6796,143.7937,52039.0
2026-04-23 11:25:00,143.7937,144.1015,143.7937,144.0914,90205.0
2026-04-23 11:30:00,144.1015,144.1809,143.9923,144.0717,51289.0
2026-04-23 11:35:00,144.0717,144.2404,144.0717,144.0915,51842.0
2026-04-23 11:40:00,144.0915,144.1213,144.032,144.0667,56999.0
2026-04-23 11:45:00,144.0717,144.3,144.0618,144.295,50792.0
2026-04-23 11:50:00,144.295,144.3521,144.2901,144.3303,66564.0
2026-04-23 11:55:00,144.3397,144.3794,144.3001,144.3397,61527.0
2026-04-23 12:00:00,144.3347,144.5085,144.3347,144.5008,62765.0
2026-04-23 12:05:00,144.5001,144.5184,144.3397,144.439,88660.0
2026-04-23 12:10:00,144.439,144.439,144.1213,144.1312,62112.0
2026-04-23 12:15:00,144.1312,144.2355,144.032,144.2087,61138.0
2026-04-23 12:20:00,144.2107,144.2305,144.032,144.032,56836.0
2026-04-23 12:25:00,144.0419,144.1213,143.9724,144.0915,70478.0
2026-04-23 12:30:00,144.1015,144.2355,144.0915,144.1908,46318.0
2026-04-23 12:35:00,144.1809,144.3894,144.1759,144.3249,43398.0
2026-04-23 12:40:00,144.3199,144.3893,144.2901,144.3893,41395.0
2026-04-23 12:45:00,144.3993,144.5879,144.3893,144.4886,48717.0
2026-04-23 12:50:00,144.4886,144.5283,144.4291,144.5184,42117.0
2026-04-23 12:55:00,144.5184,144.5482,144.4489,144.4588,31198.0
2026-04-23 13:00:00,144.4588,144.4588,144.2107,144.2603,84178.0
2026-04-23 13:05:00,144.2752,144.2901,144.1015,144.1809,41979.0
2026-04-23 13:10:00,144.2007,144.2901,144.1511,144.2504,77613.0
2026-04-23 13:15:00,144.2504,144.3099,144.2305,144.2454,46976.0
2026-04-23 13:20:00,144.2404,144.2504,144.1312,144.1312,60371.0
2026-04-23 13:25:00,144.1362,144.2404,144.1312,144.1958,55993.0
2026-04-23 13:30:00,144.1908,144.4092,144.1709,144.4047,57175.0
2026-04-23 13:35:00,144.3993,144.439,144.3298,144.4092,71771.0
2026-04-23 13:40:00,144.4092,144.5085,144.3695,144.439,67913.0
2026-04-23 13:45:00,144.439,144.5581,144.3894,144.439,74549.0
2026-04-23 13:50:00,144.4489,144.6872,144.4291,144.5085,120401.0
2026-04-23 13:55:00,144.4886,144.5631,144.4191,144.4588,54709.0
2026-04-23 14:00:00,144.4588,144.6077,144.4291,144.568,52969.0
2026-04-23 14:05:00,144.573,144.578,144.4588,144.5085,55367.0
2026-04-23 14:10:00,144.5085,144.5865,144.5085,144.568,67798.0
2026-04-23 14:15:00,144.5581,144.707,144.5531,144.6872,63975.0
2026-04-23 14:20:00,144.6872,144.7864,144.6425,144.6574,133985.0
2026-04-23 14:25:00,144.6673,144.7069,144.6324,144.6969,57253.0
2026-04-23 14:30:00,144.6971,144.7765,144.6723,144.7368,78444.0
2026-04-23 14:35:00,144.7269,144.7815,144.6524,144.6772,57500.0
2026-04-23 14:40:00,144.6822,144.6872,144.4489,144.4737,91608.0
2026-04-23 14:45:00,144.4489,144.5631,144.4489,144.5184,63303.0
2026-04-23 14:50:00,144.5134,144.568,144.4837,144.5482,69523.0
2026-04-23 14:55:00,144.5581,144.6276,144.5184,144.6127,71411.0
2026-04-23 15:00:00,144.6127,144.7467,144.5631,144.7269,76431.0
2026-04-23 15:05:00,144.7368,144.7864,144.5085,144.568,85993.0
2026-04-23 15:10:00,144.5631,144.6326,144.5333,144.6276,74589.0
2026-04-23 15:15:00,144.6276,144.7964,144.6177,144.7964,102372.0
2026-04-23 15:20:00,144.7914,144.8609,144.7766,144.846,99165.0
2026-04-23 15:25:00,144.841,144.8822,144.6127,144.6766,147967.0
2026-04-23 15:30:00,144.6723,144.8559,144.6474,144.846,114949.0
2026-04-23 15:35:00,144.851,144.9006,144.6524,144.7368,243110.0
2026-04-23 15:40:00,144.7269,145.0048,144.6971,144.9949,196918.0
2026-04-23 15:45:00,144.985,145.1637,144.8956,144.9155,340468.0
2026-04-23 15:50:00,144.9353,144.9353,144.5978,144.7468,376980.0
2026-04-23 15:55:00,144.7616,144.975,144.6077,144.6574,760992.0
2026-04-24 09:30:00,152.01,152.42,150.12,150.47,956650.0
2026-04-24 09:35:00,150.5,151.0,150.14,150.41,310825.0
2026-04-24 09:40:00,150.46,150.65,149.83,150.02,456725.0
2026-04-24 09:45:00,150.0,150.32,149.38,149.4199,232768.0
2026-04-24 09:50:00,149.37,150.18,149.21,150.18,232339.0
2026-04-24 09:55:00,150.13,150.26,149.72,149.725,209107.0
2026-04-24 10:00:00,149.725,149.74,149.16,149.71,273952.0
2026-04-24 10:05:00,149.73,149.86,149.38,149.505,174797.0
2026-04-24 10:10:00,149.49,149.94,149.2,149.825,508221.0
2026-04-24 10:15:00,149.84,150.235,149.81,150.04,190066.0
2026-04-24 10:20:00,150.04,150.28,149.9101,149.96,130088.0
2026-04-24 10:25:00,149.955,150.03,149.72,149.82,120438.0
2026-04-24 10:30:00,149.82,150.12,149.68,150.11,133335.0
2026-04-24 10:35:00,150.13,150.17,149.9201,150.13,105520.0
2026-04-24 10:40:00,150.13,150.34,150.065,150.26,119177.0
2026-04-24 10:45:00,150.28,150.45,150.18,150.3965,97515.0
2026-04-24 10:50:00,150.38,150.5786,150.23,150.56,92463.0
2026-04-24 10:55:00,150.565,150.705,150.32,150.42,147810.0
2026-04-24 11:00:00,150.44,150.47,149.99,150.36,151763.0
2026-04-24 11:05:00,150.34,150.46,150.19,150.38,76605.0
2026-04-24 11:10:00,150.36,150.42,150.05,150.165,106441.0
2026-04-24 11:15:00,150.16,150.26,149.71,149.96,216736.0
2026-04-24 11:20:00,149.96,150.09,149.7,149.88,135064.0
2026-04-24 11:25:00,149.91,150.0,149.51,149.57,112295.0
2026-04-24 11:30:00,149.58,149.66,149.34,149.36,163513.0
2026-04-24 11:35:00,149.36,149.36,148.99,149.155,115495.0
2026-04-24 11:40:00,149.13,149.41,149.12,149.39,78804.0
2026-04-24 11:45:00,149.42,149.54,149.36,149.47,72684.0
2026-04-24 11:50:00,149.47,149.66,149.41,149.62,73198.0
2026-04-24 11:55:00,149.6,149.625,149.44,149.57,58103.0
2026-04-24 12:00:00,149.56,149.69,149.54,149.57,65048.0
2026-04-24 12:05:00,149.57,149.82,149.57,149.8,61074.0
2026-04-24 12:10:00,149.81,149.84,149.36,149.4,120108.0
2026-04-24 12:15:00,149.39,149.59,149.39,149.52,65852.0
2026-04-24 12:20:00,149.53,149.53,149.37,149.3953,46459.0
2026-04-24 12:25:00,149.3903,149.46,149.37,149.44,64844.0
2026-04-24 12:30:00,149.43,149.44,149.34,149.4,71610.0
2026-04-24 12:35:00,149.41,149.4289,149.26,149.365,47056.0
2026-04-24 12:40:00,149.33,149.37,149.2,149.25,50233.0
2026-04-24 12:45:00,149.26,149.35,149.185,149.265,58789.0
2026-04-24 12:50:00,149.28,149.63,149.28,149.62,76584.0
2026-04-24 12:55:00,149.63,149.685,149.42,149.44,50385.0
2026-04-24 13:00:00,149.41,149.41,149.22,149.3,74453.0
2026-04-24 13:05:00,149.32,149.36,149.23,149.23,75729.0
2026-04-24 13:10:00,149.255,149.3101,149.23,149.23,40274.0
2026-04-24 13:15:00,149.21,149.24,148.92,149.025,96259.0
2026-04-24 13:20:00,149.035,149.285,149.035,149.25,57251.0
2026-04-24 13:25:00,149.24,149.395,149.22,149.35,48741.0
2026-04-24 13:30:00,149.34,149.34,149.02,149.02,87855.0
2026-04-24 13:35:00,149.02,149.13,148.89,149.1,77597.0
2026-04-24 13:40:00,149.085,149.155,148.96,149.01,69492.0
2026-04-24 13:45:00,149.0,149.0899,148.99,148.99,65658.0
2026-04-24 13:50:00,148.985,149.05,148.78,148.85,59059.0
2026-04-24 13:55:00,148.85,148.86,148.66,148.69,67608.0
2026-04-24 14:00:00,148.6575,148.725,148.45,148.52,68305.0
2026-04-24 14:05:00,148.52,148.62,148.42,148.44,67259.0
2026-04-24 14:10:00,148.42,148.51,148.34,148.42,115010.0
2026-04-24 14:15:00,148.42,148.495,148.36,148.44,68750.0
2026-04-24 14:20:00,148.42,148.51,148.3846,148.465,60568.0
2026-04-24 14:25:00,148.445,148.8595,148.43,148.82,119606.0
2026-04-24 14:30:00,148.81,148.87,148.57,148.62,83926.0
2026-04-24 14:35:00,148.625,148.655,148.495,148.57,73137.0
2026-04-24 14:40:00,148.5701,148.58,148.36,148.365,59373.0
2026-04-24 14:45:00,148.36,148.53,148.34,148.52,73022.0
2026-04-24 14:50:00,148.52,148.565,148.27,148.305,77368.0
2026-04-24 14:55:00,148.29,148.31,148.14,148.3,91676.0
2026-04-24 15:00:00,148.2799,148.31,148.145,148.19,95377.0
2026-04-24 15:05:00,148.18,148.48,148.18,148.32,117786.0
2026-04-24 15:10:00,148.33,148.46,148.27,148.2849,114075.0
2026-04-24 15:15:00,148.28,148.32,147.99,148.11,150184.0
2026-04-24 15:20:00,148.11,148.12,147.79,148.065,125434.0
2026-04-24 15:25:00,148.065,148.225,147.99,148.15,101331.0
2026-04-24 15:30:00,148.145,148.42,148.145,148.31,132173.0
2026-04-24 15:35:00,148.3,148.515,148.275,148.43,135842.0
2026-04-24 15:40:00,148.44,148.7,148.39,148.42,213296.0
2026-04-24 15:45:00,148.41,148.41,147.9601,148.03,165097.0
2026-04-24 15:50:00,148.05,148.155,147.62,147.815,281689.0
2026-04-24 15:55:00,147.82,148.18,147.72,148.13,765989.0
2026-04-27 09:30:00,147.42,148.415,147.42,148.26,326319.0
2026-04-27 09:35:00,148.3,148.77,147.85,148.095,184009.0
2026-04-27 09:40:00,148.085,148.47,147.985,148.42,144830.0
2026-04-27 09:45:00,148.38,149.23,148.38,149.205,198700.0
2026-04-27 09:50:00,149.205,149.7,149.03,149.065,197855.0
2026-04-27 09:55:00,149.065,149.34,148.915,148.99,315774.0
2026-04-27 10:00:00,149.01,149.05,148.48,148.4911,118760.0
2026-04-27 10:05:00,148.49,148.765,148.49,148.72,68961.0
2026-04-27 10:10:00,148.655,148.72,148.485,148.67,71825.0
2026-04-27 10:15:00,148.66,149.0,148.66,148.85,107414.0
2026-04-27 10:20:00,148.845,148.92,148.7,148.7,122950.0
2026-04-27 10:25:00,148.72,148.84,148.61,148.72,58847.0
2026-04-27 10:30:00,148.72,149.09,148.7,148.715,72856.0
2026-04-27 10:35:00,148.72,148.93,148.53,148.93,89104.0
2026-04-27 10:40:00,148.9,149.08,148.75,148.89,95888.0
2026-04-27 10:45:00,148.885,149.005,148.65,148.66,75114.0
2026-04-27 10:50:00,148.68,148.73,148.56,148.56,71247.0
2026-04-27 10:55:00,148.56,148.66,148.45,148.59,92996.0
2026-04-27 11:00:00,148.608,148.675,148.4216,148.63,61380.0
2026-04-27 11:05:00,148.64,148.65,148.35,148.35,54288.0
2026-04-27 11:10:00,148.355,148.51,148.245,148.485,76562.0
2026-04-27 11:15:00,148.485,148.775,148.485,148.715,101613.0
2026-04-27 11:20:00,148.73,148.965,148.68,148.82,98036.0
2026-04-27 11:25:00,148.81,148.955,148.75,148.75,82241.0
2026-04-27 11:30:00,148.75,148.81,148.515,148.52,71462.0
2026-04-27 11:35:00,148.55,148.63,148.355,148.365,63439.0
2026-04-27 11:40:00,148.36,148.645,148.36,148.645,65283.0
2026-04-27 11:45:00,148.675,148.7,148.53,148.61,56775.0
2026-04-27 11:50:00,148.6054,148.745,148.57,148.71,45261.0
2026-04-27 11:55:00,148.695,148.725,148.5657,148.61,71557.0
2026-04-27 12:00:00,148.62,148.695,148.54,148.68,72137.0
2026-04-27 12:05:00,148.695,148.695,148.5301,148.59,76888.0
2026-04-27 12:10:00,148.5901,148.6,148.51,148.52,51895.0
2026-04-27 12:15:00,148.52,148.595,148.475,148.475,36679.0
2026-04-27 12:20:00,148.46,148.57,148.41,148.53,38830.0
2026-04-27 12:25:00,148.5165,148.55,148.4603,148.47,31447.0
2026-04-27 12:30:00,148.475,148.53,148.33,148.3655,40195.0
2026-04-27 12:35:00,148.33,148.42,148.315,148.3597,37781.0
2026-04-27 12:40:00,148.345,148.46,148.33,148.44,50396.0
2026-04-27 12:45:00,148.43,148.475,148.33,148.37,64103.0
2026-04-27 12:50:00,148.37,148.43,148.365,148.43,48071.0
2026-04-27 12:55:00,148.44,148.46,148.37,148.44,32075.0
2026-04-27 13:00:00,148.46,148.54,148.43,148.485,71813.0
2026-04-27 13:05:00,148.485,148.57,148.44,148.475,48557.0
2026-04-27 13:10:00,148.485,148.485,148.3348,148.3348,49795.0
2026-04-27 13:15:00,148.35,148.49,148.325,148.36,63826.0
2026-04-27 13:20:00,148.36,148.405,148.31,148.36,40347.0
2026-04-27 13:25:00,148.36,148.53,148.36,148.47,47172.0
2026-04-27 13:30:00,148.455,148.52,148.4,148.425,45870.0
2026-04-27 13:35:00,148.425,148.48,148.35,148.37,51861.0
2026-04-27 13:40:00,148.36,148.42,148.31,148.36,51113.0
2026-04-27 13:45:00,148.35,148.4,148.235,148.27,49266.0
2026-04-27 13:50:00,148.27,148.41,148.26,148.41,40505.0
2026-04-27 13:55:00,148.41,148.49,148.305,148.31,60112.0
2026-04-27 14:00:00,148.32,148.4201,148.32,148.38,35336.0
2026-04-27 14:05:00,148.355,148.365,148.265,148.27,52071.0
2026-04-27 14:10:00,148.26,148.275,148.155,148.215,57048.0
2026-04-27 14:15:00,148.22,148.22,148.15,148.16,33656.0
2026-04-27 14:20:00,148.16,148.23,148.1502,148.205,41984.0
2026-04-27 14:25:00,148.22,148.4,148.22,148.38,53501.0
2026-04-27 14:30:00,148.375,148.4,148.285,148.35,43410.0
2026-04-27 14:35:00,148.37,148.58,148.36,148.55,67790.0
2026-04-27 14:40:00,148.54,148.6001,148.47,148.48,50837.0
2026-04-27 14:45:00,148.47,148.59,148.4681,148.59,35183.0
2026-04-27 14:50:00,148.58,148.68,148.4701,148.65,60814.0
2026-04-27 14:55:00,148.655,148.68,148.57,148.635,85369.0
2026-04-27 15:00:00,148.64,148.765,148.595,148.6199,66362.0
2026-04-27 15:05:00,148.6099,148.66,148.54,148.6,66643.0
2026-04-27 15:10:00,148.61,148.64,148.505,148.505,58713.0
2026-04-27 15:15:00,148.51,148.5708,148.43,148.43,67556.0
2026-04-27 15:20:00,148.44,148.5452,148.39,148.47,80184.0
2026-04-27 15:25:00,148.48,148.6,148.48,148.53,92471.0
2026-04-27 15:30:00,148.53,148.83,148.495,148.745,124309.0
2026-04-27 15:35:00,148.74,148.9,148.7,148.795,148107.0
2026-04-27 15:40:00,148.785,148.965,148.7,148.75,104905.0
2026-04-27 15:45:00,148.75,148.82,148.66,148.77,127712.0
2026-04-27 15:50:00,148.75,148.75,148.15,148.22,201551.0
2026-04-27 15:55:00,148.21,148.6,148.2,148.41,801569.0
2026-04-28 09:30:00,150.03,150.24,149.435,149.96,278264.0
2026-04-28 09:35:00,149.92,149.97,149.62,149.66,137355.0
2026-04-28 09:40:00,149.65,149.855,149.485,149.57,104698.0
2026-04-28 09:45:00,149.6,149.78,149.4,149.74,152015.0
2026-04-28 09:50:00,149.74,149.98,149.4507,149.74,115546.0
2026-04-28 09:55:00,149.6975,150.04,149.52,149.625,83008.0
2026-04-28 10:00:00,149.62,149.67,149.2753,149.505,86249.0
2026-04-28 10:05:00,149.5,149.5699,149.249,149.43,210876.0
2026-04-28 10:10:00,149.45,149.565,149.32,149.51,83546.0
2026-04-28 10:15:00,149.49,149.56,149.175,149.41,90888.0
2026-04-28 10:20:00,149.42,149.455,149.06,149.41,85384.0
2026-04-28 10:25:00,149.43,149.87,149.4,149.86,68193.0
2026-04-28 10:30:00,149.84,149.945,149.69,149.89,59360.0
2026-04-28 10:35:00,149.895,150.455,149.895,150.36,104933.0
2026-04-28 10:40:00,150.36,150.6,150.35,150.45,98083.0
2026-04-28 10:45:00,150.4,150.49,150.28,150.44,74747.0
2026-04-28 10:50:00,150.49,150.78,150.49,150.7701,79361.0
2026-04-28 10:55:00,150.77,150.915,150.67,150.69,83538.0
2026-04-28 11:00:00,150.655,150.9,150.57,150.89,97968.0
2026-04-28 11:05:00,150.89,150.99,150.71,150.71,99816.0
2026-04-28 11:10:00,150.7,150.86,150.64,150.67,76890.0
2026-04-28 11:15:00,150.68,150.77,150.585,150.6402,66251.0
2026-04-28 11:20:00,150.67,150.8392,150.64,150.765,53648.0
2026-04-28 11:25:00,150.79,150.91,150.765,150.78,38943.0
2026-04-28 11:30:00,150.77,150.86,150.7,150.76,59270.0
2026-04-28 11:35:00,150.785,150.87,150.66,150.78,50103.0
2026-04-28 11:40:00,150.8,150.98,150.785,150.88,50367.0
2026-04-28 11:45:00,150.89,151.06,150.86,151.04,54478.0
2026-04-28 11:50:00,151.04,151.15,151.02,151.15,29409.0
2026-04-28 11:55:00,151.17,151.185,151.02,151.07,52427.0
2026-04-28 12:00:00,151.065,151.1195,150.99,151.025,41356.0
2026-04-28 12:05:00,151.02,151.03,150.92,150.94,34514.0
2026-04-28 12:10:00,150.945,151.0101,150.89,150.97,36187.0
2026-04-28 12:15:00,150.97,150.97,150.665,150.76,40495.0
2026-04-28 12:20:00,150.74,150.81,150.7247,150.8,22972.0
2026-04-28 12:25:00,150.78,150.83,150.77,150.83,193542.0
2026-04-28 12:30:00,150.84,150.85,150.737,150.77,47118.0
2026-04-28 12:35:00,150.75,150.77,150.6575,150.73,25713.0
2026-04-28 12:40:00,150.73,150.77,150.64,150.66,30420.0
2026-04-28 12:45:00,150.665,150.67,150.51,150.51,25020.0
2026-04-28 12:50:00,150.49,150.52,150.37,150.38,25925.0
2026-04-28 12:55:00,150.4,150.45,150.33,150.36,29951.0
2026-04-28 13:00:00,150.37,150.37,150.2,150.24,32181.0
2026-04-28 13:05:00,150.235,150.2899,150.19,150.28,31706.0
2026-04-28 13:10:00,150.28,150.41,150.28,150.38,25633.0
2026-04-28 13:15:00,150.395,150.425,150.22,150.24,24032.0
2026-04-28 13:20:00,150.23,150.245,150.15,150.175,29904.0
2026-04-28 13:25:00,150.17,150.23,150.085,150.085,46342.0
2026-04-28 13:30:00,150.07,150.13,150.04,150.1,32993.0
2026-04-28 13:35:00,150.1,150.17,150.05,150.09,39198.0
2026-04-28 13:40:00,150.09,150.1546,150.08,150.089,28357.0
2026-04-28 13:45:00,150.08,150.09,149.85,149.85,44675.0
2026-04-28 13:50:00,149.84,149.8599,149.62,149.63,63203.0
2026-04-28 13:55:00,149.62,149.64,149.41,149.45,94568.0
2026-04-28 14:00:00,149.46,149.55,149.27,149.29,54477.0
2026-04-28 14:05:00,149.3,149.31,149.15,149.18,74358.0
2026-04-28 14:10:00,149.17,149.32,149.17,149.17,68574.0
2026-04-28 14:15:00,149.2,149.27,149.14,149.145,56148.0
2026-04-28 14:20:00,149.14,149.15,149.0,149.02,95681.0
2026-04-28 14:25:00,149.01,149.04,148.735,148.775,63218.0
2026-04-28 14:30:00,148.77,148.86,148.68,148.81,79650.0
2026-04-28 14:35:00,148.81,148.81,148.71,148.74,49154.0
2026-04-28 14:40:00,148.75,148.755,148.66,148.675,58360.0
2026-04-28 14:45:00,148.67,148.78,148.655,148.73,64380.0
2026-04-28 14:50:00,148.7,148.72,148.46,148.505,72488.0
2026-04-28 14:55:00,148.5,148.84,148.5,148.72,87535.0
2026-04-28 15:00:00,148.74,148.8,148.55,148.61,75913.0
2026-04-28 15:05:00,148.61,148.61,148.4992,148.51,57106.0
2026-04-28 15:10:00,148.51,148.71,148.49,148.71,61880.0
2026-04-28 15:15:00,148.73,148.76,148.55,148.55,71705.0
2026-04-28 15:20:00,148.56,148.73,148.52,148.675,68286.0
2026-04-28 15:25:00,148.685,148.73,148.53,148.535,71745.0
2026-04-28 15:30:00,148.535,148.72,148.43,148.5974,101711.0
2026-04-28 15:35:00,148.61,148.73,148.6,148.6,85508.0
2026-04-28 15:40:00,148.605,148.76,148.605,148.7,100830.0
2026-04-28 15:45:00,148.7,148.74,148.6778,148.72,89816.0
2026-04-28 15:50:00,148.74,149.01,148.735,148.88,190741.0
2026-04-28 15:55:00,148.89,149.2,148.8775,149.17,506075.0
2026-04-29 09:30:00,148.3,148.75,147.76,147.845,193895.0
2026-04-29 09:35:00,147.885,148.245,147.84,148.0,54549.0
2026-04-29 09:40:00,148.0,148.12,147.75,147.9,48400.0
2026-04-29 09:45:00,147.93,148.28,147.85,148.07,113593.0
2026-04-29 09:50:00,148.1,148.1,147.58,147.58,58007.0
2026-04-29 09:55:00,147.55,147.67,147.13,147.17,100722.0
2026-04-29 10:00:00,147.18,147.405,147.12,147.2498,105774.0
2026-04-29 10:05:00,147.23,147.31,147.0301,147.19,70969.0
2026-04-29 10:10:00,147.17,147.23,146.77,146.82,80658.0
2026-04-29 10:15:00,146.83,146.92,146.62,146.665,74936.0
2026-04-29 10:20:00,146.66,146.7798,146.4,146.4,59885.0
2026-04-29 10:25:00,146.41,146.57,146.36,146.38,144125.0
2026-04-29 10:30:00,146.39,146.65,146.37,146.37,48992.0
2026-04-29 10:35:00,146.39,146.6,146.3038,146.39,60216.0
2026-04-29 10:40:00,146.415,146.55,146.26,146.36,45147.0
2026-04-29 10:45:00,146.36,146.39,146.22,146.29,40911.0
2026-04-29 10:50:00,146.3,146.49,146.26,146.42,34945.0
2026-04-29 10:55:00,146.435,146.54,146.23,146.25,47445.0
2026-04-29 11:00:00,146.22,146.495,146.19,146.485,61293.0
2026-04-29 11:05:00,146.49,146.6,146.36,146.565,56796.0
2026-04-29 11:10:00,146.58,146.78,146.55,146.555,105864.0
2026-04-29 11:15:00,146.57,146.7,146.51,146.595,45846.0
2026-04-29 11:20:00,146.54,146.755,146.53,146.68,53071.0
2026-04-29 11:25:00,146.675,146.7699,146.62,146.655,51835.0
2026-04-29 11:30:00,146.6,146.6,146.2,146.21,50997.0
2026-04-29 11:35:00,146.2,146.48,146.2,146.415,41623.0
2026-04-29 11:40:00,146.41,146.415,146.32,146.325,30541.0
2026-04-29 11:45:00,146.338,146.49,146.28,146.47,40178.0
2026-04-29 11:50:00,146.4751,146.65,146.4751,146.645,53142.0
2026-04-29 11:55:00,146.645,146.77,146.63,146.76,40427.0
2026-04-29 12:00:00,146.78,146.8695,146.74,146.8441,44867.0
2026-04-29 12:05:00,146.85,146.89,146.7801,146.89,37098.0
2026-04-29 12:10:00,146.905,146.99,146.88,146.945,37503.0
2026-04-29 12:15:00,146.9414,147.36,146.935,147.36,80127.0
2026-04-29 12:20:00,147.365,147.41,147.26,147.36,61999.0
2026-04-29 12:25:00,147.355,147.47,147.32,147.46,39861.0
2026-04-29 12:30:00,147.48,147.61,147.47,147.51,36694.0
2026-04-29 12:35:00,147.51,147.68,147.5,147.52,35230.0
2026-04-29 12:40:00,147.49,147.6,147.4637,147.57,39101.0
2026-04-29 12:45:00,147.61,147.68,147.475,147.52,39661.0
2026-04-29 12:50:00,147.53,147.555,147.425,147.545,28072.0
2026-04-29 12:55:00,147.53,147.63,147.51,147.61,29071.0
2026-04-29 13:00:00,147.615,147.7001,147.5405,147.56,33579.0
2026-04-29 13:05:00,147.55,147.63,147.53,147.53,46937.0
2026-04-29 13:10:00,147.52,147.5399,147.23,147.23,57849.0
2026-04-29 13:15:00,147.23,147.23,147.06,147.11,33487.0
2026-04-29 13:20:00,147.12,147.16,147.01,147.05,31148.0
2026-04-29 13:25:00,147.065,147.08,146.93,147.0,40643.0
2026-04-29 13:30:00,147.0,147.05,146.98,147.03,36685.0
2026-04-29 13:35:00,146.99,147.035,146.95,146.98,29376.0
2026-04-29 13:40:00,146.988,147.04,146.84,146.85,44952.0
2026-04-29 13:45:00,146.85,146.9,146.755,146.81,43764.0
2026-04-29 13:50:00,146.8,146.84,146.74,146.79,57750.0
2026-04-29 13:55:00,146.78,146.83,146.73,146.78,26605.0
2026-04-29 14:00:00,146.78,146.845,146.74,146.755,41092.0
2026-04-29 14:05:00,146.75,146.78,146.55,146.59,53423.0
2026-04-29 14:10:00,146.6,146.68,146.57,146.645,46575.0
2026-04-29 14:15:00,146.645,146.645,146.53,146.5946,33014.0
2026-04-29 14:20:00,146.59,146.64,146.52,146.58,36409.0
2026-04-29 14:25:00,146.575,146.62,146.51,146.5451,27676.0
2026-04-29 14:30:00,146.53,146.545,146.38,146.38,44288.0
2026-04-29 14:35:00,146.38,146.38,146.267,146.29,50197.0
2026-04-29 14:40:00,146.29,146.305,146.21,146.215,43610.0
2026-04-29 14:45:00,146.2,146.2599,146.02,146.065,54368.0
2026-04-29 14:50:00,146.06,146.1395,146.025,146.04,51010.0
2026-04-29 14:55:00,146.055,146.132,145.9623,146.09,53196.0
2026-04-29 15:00:00,146.1,146.115,145.89,145.98,50661.0
2026-04-29 15:05:00,145.975,146.0345,145.895,146.025,46203.0
2026-04-29 15:10:00,146.025,146.185,146.0,146.185,45223.0
2026-04-29 15:15:00,146.185,146.33,146.05,146.32,60275.0
2026-04-29 15:20:00,146.32,146.37,146.25,146.295,60985.0
2026-04-29 15:25:00,146.313,146.335,145.99,146.04,117450.0
2026-04-29 15:30:00,146.02,146.1276,145.92,145.985,88952.0
2026-04-29 15:35:00,145.99,146.32,145.99,146.31,89079.0
2026-04-29 15:40:00,146.33,146.3399,146.23,146.275,84864.0
2026-04-29 15:45:00,146.26,146.42,146.125,146.13,109451.0
2026-04-29 15:50:00,146.15,146.2,145.9,146.17,185410.0
2026-04-29 15:55:00,146.17,146.49,146.17,146.47,1922200.0
2026-04-30 09:30:00,147.09,147.38,146.28,146.62,164238.0
2026-04-30 09:35:00,146.6,147.33,146.415,146.56,93809.0
2026-04-30 09:40:00,146.5426,146.73,146.11,146.19,88344.0
2026-04-30 09:45:00,146.22,146.4,146.0,146.015,85340.0
2026-04-30 09:50:00,146.0,146.99,145.95,146.94,78309.0
2026-04-30 09:55:00,146.955,146.955,146.445,146.6,89053.0
2026-04-30 10:00:00,146.63,146.71,146.4,146.565,88896.0
2026-04-30 10:05:00,146.58,146.74,146.455,146.61,119931.0
2026-04-30 10:10:00,146.64,146.72,146.28,146.345,138860.0
2026-04-30 10:15:00,146.36,146.92,146.36,146.8,113638.0
2026-04-30 10:20:00,146.79,146.92,146.7,146.84,112139.0
2026-04-30 10:25:00,146.87,147.16,146.84,147.07,97881.0
2026-04-30 10:30:00,147.08,147.215,146.89,147.16,101572.0
2026-04-30 10:35:00,147.14,147.26,147.01,147.25,60863.0
2026-04-30 10:40:00,147.27,147.31,147.01,147.145,62326.0
2026-04-30 10:45:00,147.14,147.17,146.915,147.01,94466.0
2026-04-30 10:50:00,147.04,147.15,146.9,146.91,38348.0
2026-04-30 10:55:00,146.88,146.92,146.6444,146.7,68704.0
2026-04-30 11:00:00,146.705,146.705,146.42,146.43,72719.0
2026-04-30 11:05:00,146.42,146.6,146.24,146.29,46031.0
2026-04-30 11:10:00,146.285,146.43,146.2001,146.28,61463.0
2026-04-30 11:15:00,146.31,146.33,146.145,146.265,61468.0
2026-04-30 11:20:00,146.27,146.485,146.17,146.47,64691.0
2026-04-30 11:25:00,146.47,146.795,146.46,146.79,55767.0
2026-04-30 11:30:00,146.785,146.89,146.57,146.89,51554.0
2026-04-30 11:35:00,146.91,147.02,146.84,146.99,40471.0
2026-04-30 11:40:00,147.02,147.13,147.0,147.13,44456.0
2026-04-30 11:45:00,147.1461,147.17,147.01,147.03,41849.0
2026-04-30 11:50:00,147.0055,147.045,146.93,146.98,59305.0
2026-04-30 11:55:00,147.0,147.145,146.97,147.01,44158.0
2026-04-30 12:00:00,147.02,147.065,146.945,146.97,37398.0
2026-04-30 12:05:00,146.9697,146.99,146.89,146.95,46529.0
2026-04-30 12:10:00,146.96,146.98,146.85,146.85,36136.0
2026-04-30 12:15:00,146.8301,146.89,146.75,146.7925,32940.0
2026-04-30 12:20:00,146.8,146.97,146.77,146.96,43754.0
2026-04-30 12:25:00,146.96,147.11,146.96,147.05,59744.0
2026-04-30 12:30:00,147.05,147.0873,146.94,146.94,34413.0
2026-04-30 12:35:00,146.97,147.025,146.895,146.94,525643.0
2026-04-30 12:40:00,146.955,146.97,146.855,146.93,37880.0
2026-04-30 12:45:00,146.92,146.93,146.76,146.77,46730.0
2026-04-30 12:50:00,146.75,146.8,146.615,146.79,41596.0
2026-04-30 12:55:00,146.79,146.9,146.79,146.83,39975.0
2026-04-30 13:00:00,146.82,146.82,146.58,146.62,41441.0
2026-04-30 13:05:00,146.63,146.7,146.6,146.63,38300.0
2026-04-30 13:10:00,146.61,146.64,146.55,146.59,49673.0
2026-04-30 13:15:00,146.605,146.67,146.535,146.615,40927.0
2026-04-30 13:20:00,146.64,146.71,146.61,146.635,46162.0
2026-04-30 13:25:00,146.65,146.68,146.525,146.55,32641.0
2026-04-30 13:30:00,146.57,146.61,146.48,146.57,52194.0
2026-04-30 13:35:00,146.56,146.685,146.41,146.635,103499.0
2026-04-30 13:40:00,146.62,146.7,146.56,146.7,64540.0
2026-04-30 13:45:00,146.6999,146.9,146.695,146.885,59141.0
2026-04-30 13:50:00,146.91,146.915,146.76,146.77,43372.0
2026-04-30 13:55:00,146.77,146.84,146.7,146.76,77751.0
2026-04-30 14:00:00,146.75,146.8,146.67,146.77,71703.0
2026-04-30 14:05:00,146.8,147.07,146.705,146.99,53758.0
2026-04-30 14:10:00,147.01,147.15,147.01,147.13,38347.0
2026-04-30 14:15:00,147.14,147.32,147.13,147.31,31461.0
2026-04-30 14:20:00,147.325,147.44,147.18,147.2,55840.0
2026-04-30 14:25:00,147.205,147.255,147.15,147.18,42880.0
2026-04-30 14:30:00,147.18,147.26,147.16,147.17,91189.0
2026-04-30 14:35:00,147.18,147.26,147.13,147.26,56769.0
2026-04-30 14:40:00,147.27,147.28,147.14,147.22,47599.0
2026-04-30 14:45:00,147.21,147.235,147.105,147.22,59218.0
2026-04-30 14:50:00,147.23,147.3156,147.13,147.155,38341.0
2026-04-30 14:55:00,147.17,147.24,147.135,147.1795,30575.0
2026-04-30 15:00:00,147.17,147.31,147.16,147.26,33133.0
2026-04-30 15:05:00,147.25,147.305,147.1,147.305,37829.0
2026-04-30 15:10:00,147.28,147.46,147.26,147.37,39974.0
2026-04-30 15:15:00,147.36,147.45,147.28,147.28,58053.0
2026-04-30 15:20:00,147.31,147.36,147.215,147.3,66710.0
2026-04-30 15:25:00,147.29,147.51,147.25,147.51,52927.0
2026-04-30 15:30:00,147.53,147.53,147.37,147.43,78272.0
2026-04-30 15:35:00,147.44,147.55,147.44,147.525,73362.0
2026-04-30 15:40:00,147.54,147.57,147.48,147.505,92563.0
2026-04-30 15:45:00,147.5,147.65,147.465,147.535,118909.0
2026-04-30 15:50:00,147.55,147.7228,147.38,147.41,220418.0
2026-04-30 15:55:00,147.4,147.58,147.13,147.13,703745.0
