datetime,open,high,low,close,volume
2026-03-02 09:30:00,164.0847,164.3428,163.3104,163.9953,436691.0
2026-03-02 09:35:00,163.9358,164.988,163.906,164.7696,180498.0
2026-03-02 09:40:00,164.7774,165.2362,164.5066,165.0873,127808.0
2026-03-02 09:45:00,165.1369,165.3057,164.8788,165.1618,125518.0
2026-03-02 09:50:00,165.1965,165.3305,164.8441,165.0476,96269.0
2026-03-02 09:55:00,165.0277,165.0575,164.6207,164.7299,108314.0
2026-03-02 10:00:00,164.72,165.133,164.6406,165.0277,106103.0
2026-03-02 10:05:00,164.993,165.0477,164.4172,164.4172,69923.0
2026-03-02 10:10:00,164.4619,164.6505,164.2435,164.5413,64562.0
2026-03-02 10:15:00,164.5413,164.725,164.3527,164.725,85043.0
2026-03-02 10:20:00,164.7101,164.7101,164.2683,164.4321,63462.0
2026-03-02 10:25:00,164.4172,164.5512,164.2832,164.5215,68482.0
2026-03-02 10:30:00,164.5115,164.6009,164.442,164.6009,70751.0
2026-03-02 10:35:00,164.581,164.7746,164.3825,164.4321,50704.0
2026-03-02 10:40:00,164.452,164.6207,164.1245,164.2137,45662.0
2026-03-02 10:45:00,164.2648,164.3483,164.0152,164.1492,51263.0
2026-03-02 10:50:00,164.1343,164.1442,163.6385,163.6876,72039.0
2026-03-02 10:55:00,163.6677,163.7074,163.216,163.5188,66435.0
2026-03-02 11:00:00,163.5238,163.7273,163.5238,163.6677,63289.0
2026-03-02 11:05:00,163.6975,163.8067,163.5486,163.6107,86434.0
2026-03-02 11:10:00,163.5982,163.6876,163.5089,163.5387,54353.0
2026-03-02 11:15:00,163.5337,163.5834,163.2657,163.4196,83870.0
2026-03-02 11:20:00,163.3997,163.5585,163.2806,163.3153,57190.0
2026-03-02 11:25:00,163.3203,163.4593,163.2806,163.3401,73959.0
2026-03-02 11:30:00,163.3302,163.3699,162.9728,163.1377,84610.0
2026-03-02 11:35:00,163.1515,163.1664,162.9034,163.1217,47501.0
2026-03-02 11:40:00,163.1118,163.3004,163.0523,163.2309,54778.0
2026-03-02 11:45:00,163.216,163.3898,163.1714,163.2756,49281.0
2026-03-02 11:50:00,163.2806,163.3798,163.1217,163.1912,48015.0
2026-03-02 11:55:00,163.2012,163.3401,163.0784,163.3054,40269.0
2026-03-02 12:00:00,163.3203,163.5089,163.2855,163.4403,32042.0
2026-03-02 12:05:00,163.4295,163.5089,163.1317,163.1317,49833.0
2026-03-02 12:10:00,163.1217,163.2411,163.0026,163.2012,30015.0
2026-03-02 12:15:00,163.2508,163.3501,163.1614,163.3004,34450.0
2026-03-02 12:20:00,163.2905,163.3699,163.1217,163.36,42430.0
2026-03-02 12:25:00,163.3699,163.5436,163.3699,163.5089,24968.0
2026-03-02 12:30:00,163.5188,163.5883,163.4295,163.4295,42297.0
2026-03-02 12:35:00,163.4196,163.4791,163.3401,163.3401,32076.0
2026-03-02 12:40:00,163.3501,163.4791,163.3451,163.355,28735.0
2026-03-02 12:45:00,163.3501,163.3699,163.2756,163.3698,39474.0
2026-03-02 12:50:00,163.36,163.494,163.36,163.4245,57440.0
2026-03-02 12:55:00,163.4394,163.4394,163.2111,163.2111,37800.0
2026-03-02 13:00:00,163.2111,163.365,163.1416,163.2905,79282.0
2026-03-02 13:05:00,163.2806,163.3203,163.1197,163.1604,32123.0
2026-03-02 13:10:00,163.1565,163.2012,163.0523,163.1217,34804.0
2026-03-02 13:15:00,163.1515,163.1714,162.9828,163.091,34542.0
2026-03-02 13:20:00,163.0721,163.2607,163.0374,163.2309,37315.0
2026-03-02 13:25:00,163.2409,163.3798,163.1813,163.36,28072.0
2026-03-02 13:30:00,163.3501,163.3749,163.0324,163.1069,42243.0
2026-03-02 13:35:00,163.1217,163.1714,162.9629,163.0572,40543.0
2026-03-02 13:40:00,163.0721,163.0944,162.9687,163.0622,46697.0
2026-03-02 13:45:00,163.0423,163.087,162.9331,163.0523,29977.0
2026-03-02 13:50:00,163.0622,163.0721,162.9431,163.0076,22424.0
2026-03-02 13:55:00,163.0026,163.0622,162.8934,162.953,38594.0
2026-03-02 14:00:00,162.9232,162.9828,162.7941,162.9828,57118.0
2026-03-02 14:05:00,162.9828,163.226,162.9728,163.226,41858.0
2026-03-02 14:10:00,163.2607,163.3501,163.221,163.2875,49546.0
2026-03-02 14:15:00,163.3004,163.4394,163.2409,163.4295,41883.0
2026-03-02 14:20:00,163.4593,163.5536,163.4493,163.4791,40876.0
2026-03-02 14:25:00,163.489,163.5635,163.4394,163.5635,54836.0
2026-03-02 14:30:00,163.5685,163.628,163.5255,163.5685,47780.0
2026-03-02 14:35:00,163.5486,163.6479,163.4394,163.4394,44205.0
2026-03-02 14:40:00,163.4196,163.4791,163.3302,163.4394,35706.0
2026-03-02 14:45:00,163.4096,163.4196,163.2905,163.2905,30777.0
2026-03-02 14:50:00,163.2905,163.365,163.2211,163.3302,40104.0
2026-03-02 14:55:00,163.3437,163.3798,163.2905,163.3302,34277.0
2026-03-02 15:00:00,163.3302,163.4692,163.3153,163.4096,36641.0
2026-03-02 15:05:00,163.3898,163.4096,163.0324,163.0324,59295.0
2026-03-02 15:10:00,163.0225,163.0423,162.7445,162.7832,76003.0
2026-03-02 15:15:00,162.7544,162.9728,162.7495,162.814,60460.0
2026-03-02 15:20:00,162.7941,162.8239,162.6651,162.7743,54440.0
2026-03-02 15:25:00,162.7445,162.9033,162.6651,162.7842,59690.0
2026-03-02 15:30:00,162.7842,162.814,162.6651,162.7544,87965.0
2026-03-02 15:35:00,162.7544,162.8771,162.7247,162.7445,122134.0
2026-03-02 15:40:00,162.7445,162.9431,162.7346,162.9232,67168.0
2026-03-02 15:45:00,162.9431,162.9728,162.7743,162.8736,112220.0
2026-03-02 15:50:00,162.8636,162.9331,162.6949,162.7048,147229.0
2026-03-02 15:55:00,162.6949,162.7048,162.2581,162.3077,523986.0
2026-03-03 09:30:00,161.0073,161.0073,160.2032,160.6598,341627.0
2026-03-03 09:35:00,160.63,160.8981,160.362,160.64,161495.0
2026-03-03 09:40:00,160.6576,160.6576,159.6324,159.6969,145396.0
2026-03-03 09:45:00,159.687,159.9672,159.3594,159.3643,113095.0
2026-03-03 09:50:00,159.3792,159.5033,158.8332,158.9375,124549.0
2026-03-03 09:55:00,158.9127,159.141,158.0986,158.317,196935.0
2026-03-03 10:00:00,158.3071,158.7935,158.2873,158.3716,105556.0
2026-03-03 10:05:00,158.3965,158.6347,158.1483,158.1979,137056.0
2026-03-03 10:10:00,158.2475,158.4759,157.9448,158.4262,131645.0
2026-03-03 10:15:00,158.4759,158.5056,158.1583,158.2873,115760.0
2026-03-03 10:20:00,158.317,158.9226,158.2624,158.9226,72984.0
2026-03-03 10:25:00,158.9722,159.0814,158.6843,158.9673,107978.0
2026-03-03 10:30:00,158.9424,158.9921,158.456,158.6893,137336.0
2026-03-03 10:35:00,158.6744,158.7836,158.0986,158.1383,134728.0
2026-03-03 10:40:00,158.1284,158.4461,158.0887,158.2376,131826.0
2026-03-03 10:45:00,158.188,158.3468,157.9944,158.1334,89621.0
2026-03-03 10:50:00,158.1483,158.4014,157.9746,158.3468,102152.0
2026-03-03 10:55:00,158.3468,158.5751,158.1086,158.1185,126955.0
2026-03-03 11:00:00,158.1284,158.4957,157.9795,158.3766,133147.0
2026-03-03 11:05:00,158.3766,158.4064,157.9696,157.9795,85297.0
2026-03-03 11:10:00,157.9994,158.1668,157.9519,158.0887,86679.0
2026-03-03 11:15:00,158.0986,158.1979,157.8902,157.9299,95647.0
2026-03-03 11:20:00,157.9299,158.1284,157.6271,157.642,116841.0
2026-03-03 11:25:00,157.6519,157.771,157.4881,157.6916,112119.0
2026-03-03 11:30:00,157.6668,157.7512,157.4633,157.6668,88040.0
2026-03-03 11:35:00,157.6519,157.8405,157.6221,157.7413,112818.0
2026-03-03 11:40:00,157.781,157.9597,157.5924,157.8902,81271.0
2026-03-03 11:45:00,157.8852,158.1781,157.8405,157.9497,69481.0
2026-03-03 11:50:00,157.9696,158.0937,157.8703,157.9299,55978.0
2026-03-03 11:55:00,157.91,158.2376,157.91,157.9299,59540.0
2026-03-03 12:00:00,157.9646,158.0639,157.8902,158.054,59792.0
2026-03-03 12:05:00,158.0391,158.1483,157.9398,158.0887,41802.0
2026-03-03 12:10:00,158.0788,158.4362,158.0788,158.4362,50933.0
2026-03-03 12:15:00,158.4461,158.5602,158.4262,158.461,46152.0
2026-03-03 12:20:00,158.4759,158.5652,158.4362,158.456,45779.0
2026-03-03 12:25:00,158.4511,158.4511,158.1929,158.327,55932.0
2026-03-03 12:30:00,158.317,158.4064,158.179,158.1979,52362.0
2026-03-03 12:35:00,158.188,158.3319,158.1483,158.2475,38170.0
2026-03-03 12:40:00,158.2575,158.4709,158.2078,158.4511,43055.0
2026-03-03 12:45:00,158.4858,158.4858,158.3468,158.3667,34460.0
2026-03-03 12:50:00,158.3617,158.3667,157.921,157.921,91602.0
2026-03-03 12:55:00,157.92,157.9795,157.5626,157.8799,63697.0
2026-03-03 13:00:00,157.8703,157.9597,157.7661,157.8802,87208.0
2026-03-03 13:05:00,157.8802,158.0192,157.8405,157.9051,45716.0
2026-03-03 13:10:00,157.915,158.1185,157.8802,158.0986,88789.0
2026-03-03 13:15:00,158.1036,158.3865,158.0887,158.2475,59072.0
2026-03-03 13:20:00,158.2475,158.4064,158.2078,158.4064,51901.0
2026-03-03 13:25:00,158.4362,158.6943,158.4362,158.5751,46983.0
2026-03-03 13:30:00,158.5553,158.7935,158.5354,158.7687,58589.0
2026-03-03 13:35:00,158.7836,158.873,158.6446,158.6446,90717.0
2026-03-03 13:40:00,158.6546,158.7836,158.6446,158.7737,89777.0
2026-03-03 13:45:00,158.7836,159.0367,158.7638,159.0119,49032.0
2026-03-03 13:50:00,159.0119,159.1608,158.9027,159.1062,81419.0
2026-03-03 13:55:00,159.1062,159.2274,159.0327,159.0615,108393.0
2026-03-03 14:00:00,159.0566,159.0966,158.9821,159.0219,56005.0
2026-03-03 14:05:00,159.0219,159.0268,158.8978,158.9821,60607.0
2026-03-03 14:10:00,158.9821,159.0814,158.9524,158.9722,82846.0
2026-03-03 14:15:00,158.9722,159.275,158.9424,159.2551,58771.0
2026-03-03 14:20:00,159.2601,159.3495,159.0268,159.0367,121240.0
2026-03-03 14:25:00,159.0318,159.1509,158.9623,158.9772,82779.0
2026-03-03 14:30:00,158.9474,159.0814,158.9127,158.997,60605.0
2026-03-03 14:35:00,158.9921,159.3097,158.9226,159.27,115047.0
2026-03-03 14:40:00,159.27,159.6076,159.27,159.5182,137093.0
2026-03-03 14:45:00,159.4984,159.6373,159.4586,159.4785,101683.0
2026-03-03 14:50:00,159.4735,159.5182,159.2105,159.2949,80634.0
2026-03-03 14:55:00,159.3048,159.3048,159.1807,159.2502,74139.0
2026-03-03 15:00:00,159.2601,159.3395,159.1211,159.1509,67802.0
2026-03-03 15:05:00,159.141,159.2005,159.0616,159.1708,99840.0
2026-03-03 15:10:00,159.1608,159.3991,159.1162,159.2502,97155.0
2026-03-03 15:15:00,159.2204,159.2899,159.1211,159.28,112096.0
2026-03-03 15:20:00,159.28,159.3395,159.2005,159.2254,89365.0
2026-03-03 15:25:00,159.2254,159.3097,159.1162,159.2601,124611.0
2026-03-03 15:30:00,159.2502,159.27,159.1214,159.1509,92997.0
2026-03-03 15:35:00,159.1509,159.2672,158.9623,158.9623,85994.0
2026-03-03 15:40:00,158.9712,158.9921,158.6794,158.734,99164.0
2026-03-03 15:45:00,158.724,158.8035,158.5751,158.6049,152519.0
2026-03-03 15:50:00,158.6148,158.6347,158.0689,158.3567,258137.0
2026-03-03 15:55:00,158.3567,158.6049,158.3468,158.5851,464136.0
2026-03-04 09:30:00,158.2773,158.4461,157.4336,157.4336,206109.0
2026-03-04 09:35:00,157.503,157.5229,156.6096,157.364,104661.0
2026-03-04 09:40:00,157.3938,157.5129,156.7883,157.0762,70927.0
2026-03-04 09:45:00,157.0662,157.1159,156.5599,156.9471,79803.0
2026-03-04 09:50:00,156.9372,156.9372,156.5004,156.818,59431.0
2026-03-04 09:55:00,156.7585,156.8032,156.3917,156.7386,83914.0
2026-03-04 10:00:00,156.7237,157.0166,156.5202,156.6394,80002.0
2026-03-04 10:05:00,156.6294,156.8875,156.6139,156.6592,61486.0
2026-03-04 10:10:00,156.6592,156.8875,156.5103,156.6791,89566.0
2026-03-04 10:15:00,156.6792,157.2449,156.6592,157.2449,129219.0
2026-03-04 10:20:00,157.235,157.2747,156.9769,157.0364,120812.0
2026-03-04 10:25:00,156.9898,157.2151,156.8677,157.1655,67419.0
2026-03-04 10:30:00,157.2251,157.364,157.0067,157.2747,106719.0
2026-03-04 10:35:00,157.2151,157.2151,156.7287,156.7452,93416.0
2026-03-04 10:40:00,156.7436,157.3293,156.7436,157.3293,66856.0
2026-03-04 10:45:00,157.3592,157.6817,157.3045,157.6023,77010.0
2026-03-04 10:50:00,157.5924,157.7859,157.4832,157.7214,71470.0
2026-03-04 10:55:00,157.6916,157.7413,157.4732,157.5725,79273.0
2026-03-04 11:00:00,157.5725,157.6321,157.4335,157.5427,102463.0
2026-03-04 11:05:00,157.5229,157.7611,157.5129,157.6718,93614.0
2026-03-04 11:10:00,157.6767,157.6767,157.364,157.5427,56660.0
2026-03-04 11:15:00,157.5527,157.8405,157.5229,157.6221,71734.0
2026-03-04 11:20:00,157.6023,157.6122,157.4137,157.503,40693.0
2026-03-04 11:25:00,157.5874,157.6321,157.2846,157.3144,54264.0
2026-03-04 11:30:00,157.2995,157.4435,157.2251,157.2648,72618.0
2026-03-04 11:35:00,157.2846,157.364,157.0315,157.0563,81449.0
2026-03-04 11:40:00,157.0563,157.2151,156.9967,157.0464,79342.0
2026-03-04 11:45:00,157.0563,157.1754,157.0166,157.096,69258.0
2026-03-04 11:50:00,157.1059,157.1258,156.9719,157.0861,54373.0
2026-03-04 11:55:00,157.096,157.1357,156.8677,156.9471,38756.0
2026-03-04 12:00:00,156.9471,157.1804,156.9372,157.0861,49016.0
2026-03-04 12:05:00,157.0861,157.1208,156.8478,156.9074,57791.0
2026-03-04 12:10:00,156.9272,157.0216,156.8677,156.9372,41913.0
2026-03-04 12:15:00,156.9272,157.0265,156.7833,156.8081,42854.0
2026-03-04 12:20:00,156.7812,156.7883,156.6294,156.689,50186.0
2026-03-04 12:25:00,156.689,156.9272,156.689,156.818,56534.0
2026-03-04 12:30:00,156.8081,156.9322,156.7188,156.8875,57818.0
2026-03-04 12:35:00,156.8776,156.9074,156.694,156.7783,77257.0
2026-03-04 12:40:00,156.7883,156.7982,156.5897,156.6989,66118.0
2026-03-04 12:45:00,156.6989,156.7287,156.4905,156.6096,68346.0
2026-03-04 12:50:00,156.5997,156.7287,156.5599,156.6741,75172.0
2026-03-04 12:55:00,156.6815,156.689,156.3118,156.3217,57708.0
2026-03-04 13:00:00,156.3316,156.5202,156.3118,156.3217,78020.0
2026-03-04 13:05:00,156.3118,156.3713,156.1629,156.3614,75404.0
2026-03-04 13:10:00,156.3713,156.4408,156.282,156.2969,58045.0
2026-03-04 13:15:00,156.2721,156.4309,156.2522,156.3713,60512.0
2026-03-04 13:20:00,156.3664,156.6046,156.3614,156.55,72386.0
2026-03-04 13:25:00,156.5599,156.7287,156.5202,156.5947,82712.0
2026-03-04 13:30:00,156.5897,156.6592,156.4507,156.4905,59867.0
2026-03-04 13:35:00,156.5004,156.6691,156.5004,156.6294,66451.0
2026-03-04 13:40:00,156.6394,156.9471,156.6394,156.9272,75204.0
2026-03-04 13:45:00,156.9272,157.0762,156.5897,156.8081,150518.0
2026-03-04 13:50:00,156.823,157.0364,156.7386,157.0166,31710.0
2026-03-04 13:55:00,157.0166,157.1258,156.7287,156.7783,65905.0
2026-03-04 14:00:00,156.7634,156.7883,156.5997,156.6493,39503.0
2026-03-04 14:05:00,156.6642,156.818,156.6344,156.7337,66255.0
2026-03-04 14:10:00,156.7188,156.8305,156.6294,156.8081,43793.0
2026-03-04 14:15:00,156.818,156.9074,156.7684,156.828,55478.0
2026-03-04 14:20:00,156.8478,156.8975,156.7088,156.8578,82993.0
2026-03-04 14:25:00,156.8677,156.8975,156.7386,156.8975,60345.0
2026-03-04 14:30:00,156.8925,157.1953,156.8925,157.0662,57830.0
2026-03-04 14:35:00,157.0663,157.2449,157.0663,157.1307,63927.0
2026-03-04 14:40:00,157.1456,157.2052,157.0364,157.1456,63365.0
2026-03-04 14:45:00,157.1556,157.1953,157.0414,157.0662,43150.0
2026-03-04 14:50:00,157.0464,157.1605,157.0166,157.1059,42431.0
2026-03-04 14:55:00,157.1159,157.1307,156.9173,156.9272,50682.0
2026-03-04 15:00:00,156.9372,157.1853,156.9372,157.101,58748.0
2026-03-04 15:05:00,157.106,157.1605,157.0762,157.1159,47431.0
2026-03-04 15:10:00,157.1357,157.1605,157.0364,157.0862,74947.0
2026-03-04 15:15:00,157.0662,157.1159,156.9372,157.0067,63498.0
2026-03-04 15:20:00,157.0067,157.1159,156.9471,157.0861,83691.0
2026-03-04 15:25:00,157.091,157.1357,156.9967,157.1258,94505.0
2026-03-04 15:30:00,157.1357,157.2548,157.1258,157.2052,158341.0
2026-03-04 15:35:00,157.1853,157.3442,157.1556,157.2648,167937.0
2026-03-04 15:40:00,157.2548,157.2548,157.0563,157.1506,140111.0
2026-03-04 15:45:00,157.1556,157.1953,156.9918,156.9967,152296.0
2026-03-04 15:50:00,157.0067,157.2052,156.828,157.0662,263674.0
2026-03-04 15:55:00,157.0662,157.1953,156.9868,157.0752,621995.0
2026-03-05 09:30:00,155.7906,155.9544,154.8679,155.1354,214998.0
2026-03-05 09:35:00,155.1652,155.1652,153.7814,154.2172,194437.0
2026-03-05 09:40:00,154.1868,154.2469,153.7506,154.0682,137355.0
2026-03-05 09:45:00,154.0186,154.6738,153.8796,154.6266,174258.0
2026-03-05 09:50:00,154.6043,154.6043,153.7704,153.7953,145542.0
2026-03-05 09:55:00,153.7605,153.9491,153.5322,153.9243,135126.0
2026-03-05 10:00:00,153.9193,154.4157,153.8598,154.0285,148033.0
2026-03-05 10:05:00,154.0087,154.0682,153.7009,153.8499,120333.0
2026-03-05 10:10:00,153.8449,153.9094,153.3962,153.6017,149409.0
2026-03-05 10:15:00,153.552,153.552,153.1202,153.4131,123381.0
2026-03-05 10:20:00,153.4131,153.552,153.0259,153.0458,137413.0
2026-03-05 10:25:00,153.011,153.2393,152.8472,153.145,156098.0
2026-03-05 10:30:00,153.1252,153.5223,152.9862,153.4825,117692.0
2026-03-05 10:35:00,153.4825,153.7506,153.3039,153.6414,95725.0
2026-03-05 10:40:00,153.6315,153.835,153.4627,153.7109,65592.0
2026-03-05 10:45:00,153.7009,154.1328,153.691,154.1179,71626.0
2026-03-05 10:50:00,154.1026,154.1377,153.9193,154.0974,70532.0
2026-03-05 10:55:00,154.0534,154.1179,153.8201,153.9789,59422.0
2026-03-05 11:00:00,153.9988,154.0583,153.83,153.835,61339.0
2026-03-05 11:05:00,153.835,153.9442,153.6315,153.9293,65564.0
2026-03-05 11:10:00,153.8945,154.098,153.7009,153.8697,81856.0
2026-03-05 11:15:00,153.8697,153.8896,153.7109,153.8201,62837.0
2026-03-05 11:20:00,153.7903,153.9888,153.7506,153.9293,55708.0
2026-03-05 11:25:00,153.9094,153.969,153.8399,153.8995,43431.0
2026-03-05 11:30:00,153.8995,153.9293,153.624,153.624,56275.0
2026-03-05 11:35:00,153.6513,153.8002,153.5818,153.7903,63395.0
2026-03-05 11:40:00,153.8101,153.9789,153.7605,153.9541,73084.0
2026-03-05 11:45:00,153.9293,154.0583,153.8151,153.8499,57562.0
2026-03-05 11:50:00,153.84,153.9491,153.7109,153.8151,69910.0
2026-03-05 11:55:00,153.8399,153.9888,153.7704,153.8647,55961.0
2026-03-05 12:00:00,153.8499,153.9839,153.7456,153.8833,89338.0
2026-03-05 12:05:00,153.8896,153.9392,153.7804,153.8399,45616.0
2026-03-05 12:10:00,153.8201,153.83,153.5818,153.691,106181.0
2026-03-05 12:15:00,153.7506,154.0583,153.7307,153.9888,48126.0
2026-03-05 12:20:00,153.959,154.0285,153.8499,153.8696,41063.0
2026-03-05 12:25:00,153.8201,153.8697,153.5173,153.6463,52841.0
2026-03-05 12:30:00,153.6543,153.969,153.6265,153.969,51529.0
2026-03-05 12:35:00,153.9491,154.1377,153.8697,154.1278,45863.0
2026-03-05 12:40:00,154.108,154.237,153.9789,154.1477,90972.0
2026-03-05 12:45:00,154.1427,154.4058,154.0484,154.3512,41212.0
2026-03-05 12:50:00,154.376,154.4852,154.2668,154.4554,37749.0
2026-03-05 12:55:00,154.4604,154.5845,154.2718,154.3958,58553.0
2026-03-05 13:00:00,154.3859,154.5249,154.3561,154.3561,44258.0
2026-03-05 13:05:00,154.371,154.4951,154.1675,154.1675,49914.0
2026-03-05 13:10:00,154.1675,154.4157,154.1576,154.237,74987.0
2026-03-05 13:15:00,154.1973,154.2469,154.0881,154.098,42091.0
2026-03-05 13:20:00,154.0812,154.232,153.9888,153.9888,34087.0
2026-03-05 13:25:00,153.9888,154.3363,153.9789,154.2668,33417.0
2026-03-05 13:30:00,154.2618,154.2966,153.8647,153.9938,59697.0
2026-03-05 13:35:00,153.9789,154.0186,153.7853,154.0087,49244.0
2026-03-05 13:40:00,154.0236,154.1278,153.9094,154.098,46069.0
2026-03-05 13:45:00,154.1129,154.1675,153.8201,153.8399,40243.0
2026-03-05 13:50:00,153.8201,153.8201,153.5242,153.6513,70359.0
2026-03-05 13:55:00,153.6811,153.7208,153.5917,153.6513,49739.0
2026-03-05 14:00:00,153.6414,153.6414,153.2294,153.3535,55998.0
2026-03-05 14:05:00,153.3336,153.4825,153.1748,153.2046,89903.0
2026-03-05 14:10:00,153.1947,153.3783,153.1947,153.2642,54883.0
2026-03-05 14:15:00,153.2542,153.284,153.0954,153.2338,84825.0
2026-03-05 14:20:00,153.2145,153.284,153.0755,153.0855,68186.0
2026-03-05 14:25:00,153.1004,153.2989,153.011,153.1947,153421.0
2026-03-05 14:30:00,153.1798,153.4478,153.0458,153.3709,74476.0
2026-03-05 14:35:00,153.3634,153.3932,153.1947,153.2244,53432.0
2026-03-05 14:40:00,153.2294,153.5322,153.1381,153.5272,105575.0
2026-03-05 14:45:00,153.5272,153.7804,153.5024,153.7258,80103.0
2026-03-05 14:50:00,153.7208,153.9514,153.6811,153.8796,63219.0
2026-03-05 14:55:00,153.8896,153.9392,153.7853,153.8647,111534.0
2026-03-05 15:00:00,153.8846,153.8995,153.3237,153.5223,161577.0
2026-03-05 15:05:00,153.5024,153.6414,153.2542,153.6017,78224.0
2026-03-05 15:10:00,153.5818,153.7902,153.4726,153.7109,100931.0
2026-03-05 15:15:00,153.7009,153.7407,153.552,153.5818,84638.0
2026-03-05 15:20:00,153.5868,153.6315,153.3734,153.4428,117835.0
2026-03-05 15:25:00,153.4329,153.5868,153.3436,153.3734,127094.0
2026-03-05 15:30:00,153.3436,153.5024,153.3287,153.4825,107378.0
2026-03-05 15:35:00,153.4825,153.4925,153.1252,153.1252,87397.0
2026-03-05 15:40:00,153.1252,153.1252,152.8571,152.9366,144494.0
2026-03-05 15:45:00,152.9366,152.9564,152.6487,152.8571,192548.0
2026-03-05 15:50:00,152.8671,153.145,152.8373,153.0656,339124.0
2026-03-05 15:55:00,153.0557,153.1847,152.6785,152.8174,871437.0
2026-03-06 09:30:00,152.5395,152.6387,151.1398,151.1398,220551.0
2026-03-06 09:35:00,151.2092,151.8347,151.0108,151.6857,108726.0
2026-03-06 09:40:00,151.6361,151.6361,151.0802,151.3582,72487.0
2026-03-06 09:45:00,151.3681,151.5021,150.7824,151.4922,162299.0
2026-03-06 09:50:00,151.4674,151.8545,151.3482,151.522,119208.0
2026-03-06 09:55:00,151.522,151.522,151.239,151.4177,69832.0
2026-03-06 10:00:00,151.4177,151.5765,151.1198,151.1198,71596.0
2026-03-06 10:05:00,151.1,151.249,150.8916,151.249,87314.0
2026-03-06 10:10:00,151.2192,151.5071,151.1249,151.378,62074.0
2026-03-06 10:15:00,151.3383,151.4773,151.1695,151.4078,43803.0
2026-03-06 10:20:00,151.4177,151.7106,151.3681,151.4624,56558.0
2026-03-06 10:25:00,151.4674,151.6163,151.3681,151.5071,39353.0
2026-03-06 10:30:00,151.5269,151.6163,151.4773,151.5071,90076.0
2026-03-06 10:35:00,151.4872,151.517,151.2589,151.2738,50185.0
2026-03-06 10:40:00,151.2986,151.4078,151.2092,151.3085,45840.0
2026-03-06 10:45:00,151.3234,151.3681,151.0802,151.2291,61962.0
2026-03-06 10:50:00,151.2291,151.3681,151.0355,151.1199,57142.0
2026-03-06 10:55:00,151.1745,151.239,151.0306,151.239,72854.0
2026-03-06 11:00:00,151.2092,151.4475,151.1894,151.3681,50728.0
2026-03-06 11:05:00,151.3482,151.7082,151.3383,151.646,78755.0
2026-03-06 11:10:00,151.6063,151.7245,151.5269,151.6262,58134.0
2026-03-06 11:15:00,151.656,151.8744,151.651,151.8744,47377.0
2026-03-06 11:20:00,151.8843,152.0431,151.7989,152.0114,71551.0
2026-03-06 11:25:00,152.0183,152.1201,151.929,152.053,57682.0
2026-03-06 11:30:00,152.063,152.199,151.9736,152.0431,40900.0
2026-03-06 11:35:00,152.0481,152.0828,151.8347,151.8347,102525.0
2026-03-06 11:40:00,151.8516,152.1076,151.8516,151.9935,43123.0
2026-03-06 11:45:00,152.0034,152.063,151.8545,151.9041,51299.0
2026-03-06 11:50:00,151.9041,151.9736,151.5666,151.6163,36772.0
2026-03-06 11:55:00,151.6163,151.6957,151.512,151.5865,57791.0
2026-03-06 12:00:00,151.5368,151.5731,151.3284,151.4872,48832.0
2026-03-06 12:05:00,151.4674,151.6361,151.4227,151.6361,81860.0
2026-03-06 12:10:00,151.646,151.8446,151.646,151.7552,52566.0
2026-03-06 12:15:00,151.7354,152.0033,151.6957,151.9731,58185.0
2026-03-06 12:20:00,151.9637,152.2119,151.9538,152.1325,43023.0
2026-03-06 12:25:00,152.1225,152.1325,151.8644,151.924,41765.0
2026-03-06 12:30:00,151.9041,151.9836,151.8644,151.9339,43632.0
2026-03-06 12:35:00,151.9041,151.9041,151.7354,151.8148,52901.0
2026-03-06 12:40:00,151.8049,151.9041,151.7056,151.8247,46362.0
2026-03-06 12:45:00,151.8446,151.9439,151.7949,151.8347,46237.0
2026-03-06 12:50:00,151.8644,152.0924,151.8644,152.0133,30006.0
2026-03-06 12:55:00,152.0332,152.0766,151.924,151.9637,25356.0
2026-03-06 13:00:00,151.9836,152.2615,151.9836,152.1424,46423.0
2026-03-06 13:05:00,152.1523,152.2516,152.1325,152.192,32407.0
2026-03-06 13:10:00,152.192,152.3714,152.192,152.2814,43487.0
2026-03-06 13:15:00,152.2814,152.4104,152.2814,152.3608,40515.0
2026-03-06 13:20:00,152.3806,152.4601,152.3012,152.3211,43242.0
2026-03-06 13:25:00,152.3211,152.3707,152.1821,152.2615,42260.0
2026-03-06 13:30:00,152.2615,152.2615,152.0332,152.0431,41333.0
2026-03-06 13:35:00,152.063,152.1523,152.0084,152.1423,37742.0
2026-03-06 13:40:00,152.1225,152.192,151.9985,152.0133,49876.0
2026-03-06 13:45:00,152.0133,152.058,151.9339,152.0133,40030.0
2026-03-06 13:50:00,151.9935,152.202,151.9935,152.1821,53304.0
2026-03-06 13:55:00,152.202,152.5097,152.202,152.3211,70281.0
2026-03-06 14:00:00,152.3112,152.4799,152.2566,152.3161,81310.0
2026-03-06 14:05:00,152.3409,152.5544,152.3112,152.5494,53909.0
2026-03-06 14:10:00,152.5494,152.6487,152.4849,152.5792,59059.0
2026-03-06 14:15:00,152.5693,152.5742,152.3707,152.4998,73047.0
2026-03-06 14:20:00,152.4998,152.6983,152.47,152.6189,45552.0
2026-03-06 14:25:00,152.6288,152.7678,152.5196,152.7082,45617.0
2026-03-06 14:30:00,152.6884,152.7877,152.5792,152.6785,53648.0
2026-03-06 14:35:00,152.6785,152.9465,152.6189,152.9465,45837.0
2026-03-06 14:40:00,152.9564,152.9763,152.8323,152.8571,54786.0
2026-03-06 14:45:00,152.8571,152.867,152.7281,152.7777,58475.0
2026-03-06 14:50:00,152.7926,152.8968,152.7082,152.7976,47863.0
2026-03-06 14:55:00,152.8075,152.8969,152.6834,152.6834,52578.0
2026-03-06 15:00:00,152.6834,152.8373,152.6685,152.7281,42098.0
2026-03-06 15:05:00,152.743,152.8671,152.7082,152.8671,80693.0
2026-03-06 15:10:00,152.8671,153.15,152.7728,152.9862,66703.0
2026-03-06 15:15:00,152.9614,152.9961,152.8571,152.8869,67976.0
2026-03-06 15:20:00,152.9167,153.1202,152.882,153.0954,72187.0
2026-03-06 15:25:00,153.0884,153.2542,153.0458,153.2145,64300.0
2026-03-06 15:30:00,153.2244,153.3039,153.0855,153.2741,89152.0
2026-03-06 15:35:00,153.2642,153.2939,153.1053,153.1823,84414.0
2026-03-06 15:40:00,153.1823,153.2244,152.8969,153.016,128175.0
2026-03-06 15:45:00,153.016,153.145,152.8423,152.8671,216999.0
2026-03-06 15:50:00,152.9167,152.9366,152.5395,152.8472,268948.0
2026-03-06 15:55:00,152.8373,152.8671,152.4998,152.4998,718995.0
2026-03-09 09:30:00,152.0332,152.743,151.785,152.7082,308330.0
2026-03-09 09:35:00,152.6983,153.7208,152.5792,153.5719,385217.0
2026-03-09 09:40:00,153.5024,153.948,153.3634,153.7208,144684.0
2026-03-09 09:45:00,153.7009,154.0782,153.4627,153.8399,134014.0
2026-03-09 09:50:00,153.8697,153.9888,153.4825,153.5123,161724.0
2026-03-09 09:55:00,153.5123,153.5917,153.155,153.5421,151014.0
2026-03-09 10:00:00,153.5322,153.8002,153.155,153.3634,140854.0
2026-03-09 10:05:00,153.4031,153.4974,152.8174,152.8621,150643.0
2026-03-09 10:10:00,152.8869,153.5322,152.8174,153.4627,142797.0
2026-03-09 10:15:00,153.4627,153.5322,153.2939,153.3634,91873.0
2026-03-09 10:20:00,153.3783,153.5223,153.2443,153.4825,143619.0
2026-03-09 10:25:00,153.4875,153.6612,153.2543,153.2543,267182.0
2026-03-09 10:30:00,153.3039,153.4329,153.1103,153.2145,91278.0
2026-03-09 10:35:00,153.2145,153.2344,152.9763,153.1054,66986.0
2026-03-09 10:40:00,153.1252,153.3734,153.0656,153.2344,113092.0
2026-03-09 10:45:00,153.2244,153.5322,153.1847,153.4528,187548.0
2026-03-09 10:50:00,153.4428,153.5322,153.3039,153.4627,92591.0
2026-03-09 10:55:00,153.4627,153.5322,153.1996,153.2691,243408.0
2026-03-09 11:00:00,153.284,153.3336,152.8969,153.289,203770.0
2026-03-09 11:05:00,153.289,153.562,153.2741,153.5322,146536.0
2026-03-09 11:10:00,153.5322,153.6364,153.0706,153.5769,155757.0
2026-03-09 11:15:00,153.6116,153.9789,153.5868,153.6215,98396.0
2026-03-09 11:20:00,153.6305,153.8697,153.5322,153.7506,117468.0
2026-03-09 11:25:00,153.7407,153.8598,153.6215,153.8399,112257.0
2026-03-09 11:30:00,153.8399,154.4157,153.835,154.1526,82304.0
2026-03-09 11:35:00,154.1477,154.3264,153.8995,153.959,78720.0
2026-03-09 11:40:00,153.9392,154.1278,153.9094,153.9243,62486.0
2026-03-09 11:45:00,153.9243,154.2172,153.9243,154.1576,79074.0
2026-03-09 11:50:00,154.1576,154.3412,154.0285,154.3065,53487.0
2026-03-09 11:55:00,154.3437,154.3661,153.8399,153.8747,84301.0
2026-03-09 12:00:00,153.8747,154.0236,153.6414,153.7009,92033.0
2026-03-09 12:05:00,153.6811,153.7804,153.5818,153.7407,145729.0
2026-03-09 12:10:00,153.7407,153.7754,153.6017,153.6712,123432.0
2026-03-09 12:15:00,153.6315,153.7903,153.4627,153.7804,46724.0
2026-03-09 12:20:00,153.8002,154.0385,153.6712,153.8995,54659.0
2026-03-09 12:25:00,153.8697,154.0385,153.8201,153.9439,81977.0
2026-03-09 12:30:00,153.964,154.2966,153.8796,154.0484,60485.0
2026-03-09 12:35:00,154.0087,154.2172,153.9293,153.964,65022.0
2026-03-09 12:40:00,153.964,154.1973,153.964,154.1683,63876.0
2026-03-09 12:45:00,154.1973,154.4355,154.1973,154.3164,95133.0
2026-03-09 12:50:00,154.3661,154.4753,154.2072,154.2272,51908.0
2026-03-09 12:55:00,154.2866,154.3264,154.0186,154.0583,124750.0
2026-03-09 13:00:00,154.0534,154.108,153.8059,153.9442,129357.0
2026-03-09 13:05:00,153.9442,153.9988,153.8201,153.8419,160548.0
2026-03-09 13:10:00,153.8399,153.8796,153.7109,153.7307,71567.0
2026-03-09 13:15:00,153.7258,153.7258,153.5669,153.6364,40745.0
2026-03-09 13:20:00,153.6513,153.7397,153.5123,153.5366,47976.0
2026-03-09 13:25:00,153.552,153.6414,153.5074,153.5421,52902.0
2026-03-09 13:30:00,153.5719,153.6612,153.4726,153.4825,51105.0
2026-03-09 13:35:00,153.4925,153.5123,153.3932,153.5024,45546.0
2026-03-09 13:40:00,153.5074,153.5917,153.4231,153.4624,55880.0
2026-03-09 13:45:00,153.4329,153.5322,153.3535,153.4528,65224.0
2026-03-09 13:50:00,153.5024,153.7009,153.3585,153.6811,87595.0
2026-03-09 13:55:00,153.6811,153.6811,153.3883,153.4131,44770.0
2026-03-09 14:00:00,153.4427,153.4726,153.3634,153.3734,42847.0
2026-03-09 14:05:00,153.3535,153.4825,153.3436,153.3585,58719.0
2026-03-09 14:10:00,153.3436,153.3684,153.1103,153.1897,135177.0
2026-03-09 14:15:00,153.1966,153.423,153.1351,153.418,52758.0
2026-03-09 14:20:00,153.4031,153.4726,153.2344,153.2741,57707.0
2026-03-09 14:25:00,153.284,153.4577,153.2145,153.3287,54421.0
2026-03-09 14:30:00,153.3535,153.4925,153.3039,153.4428,52439.0
2026-03-09 14:35:00,153.4428,153.5322,153.3088,153.3535,54173.0
2026-03-09 14:40:00,153.3336,153.5421,153.2939,153.5123,64996.0
2026-03-09 14:45:00,153.5223,153.8052,153.5223,153.7904,71434.0
2026-03-09 14:50:00,153.7903,153.8499,153.6712,153.7605,61397.0
2026-03-09 14:55:00,153.7754,153.825,153.6811,153.8002,86012.0
2026-03-09 15:00:00,153.8201,153.959,153.7903,153.8548,69140.0
2026-03-09 15:05:00,153.8399,153.8945,153.5322,153.562,94807.0
2026-03-09 15:10:00,153.5669,153.9392,153.5421,153.8697,89766.0
2026-03-09 15:15:00,153.8697,154.0285,153.7307,153.9491,117937.0
2026-03-09 15:20:00,153.9491,154.0484,153.8399,153.9193,167890.0
2026-03-09 15:25:00,153.9491,154.4058,153.8796,154.4058,108273.0
2026-03-09 15:30:00,154.4256,154.7433,154.3264,154.6043,175436.0
2026-03-09 15:35:00,154.5894,155.0907,154.5447,155.0709,140717.0
2026-03-09 15:40:00,155.0709,155.0709,154.6639,154.7334,142654.0
2026-03-09 15:45:00,154.7135,154.8128,154.6242,154.6937,179564.0
2026-03-09 15:50:00,154.6937,154.8674,154.237,154.3958,317551.0
2026-03-09 15:55:00,154.3859,154.505,154.0087,154.0782,912950.0
2026-03-10 09:30:00,154.3561,154.3561,152.4799,152.7033,240124.0
2026-03-10 09:35:00,152.6586,153.6612,152.4799,153.4974,89011.0
2026-03-10 09:40:00,153.5072,153.7407,153.2443,153.2741,93451.0
2026-03-10 09:45:00,153.3039,153.3633,152.5891,152.6387,106352.0
2026-03-10 09:50:00,152.6636,153.1152,152.6636,152.743,105879.0
2026-03-10 09:55:00,152.7678,153.1152,152.7033,152.9465,142962.0
2026-03-10 10:00:00,152.9663,153.2344,152.8869,153.1584,142417.0
2026-03-10 10:05:00,153.1748,153.7506,153.1748,153.7109,53252.0
2026-03-10 10:10:00,153.6414,153.7506,153.4925,153.5123,53839.0
2026-03-10 10:15:00,153.4677,153.6414,153.423,153.5868,49179.0
2026-03-10 10:20:00,153.5967,154.0285,153.5967,153.8747,44862.0
2026-03-10 10:25:00,153.8995,153.8995,153.7704,153.8101,41877.0
2026-03-10 10:30:00,153.83,154.0782,153.8101,154.0583,67498.0
2026-03-10 10:35:00,154.0484,154.2271,153.9888,154.0881,47677.0
2026-03-10 10:40:00,154.108,154.3462,154.098,154.3164,48285.0
2026-03-10 10:45:00,154.3264,154.4554,154.3065,154.3859,39469.0
2026-03-10 10:50:00,154.3661,154.5646,154.3454,154.4455,44169.0
2026-03-10 10:55:00,154.4455,154.5248,154.3859,154.4951,45874.0
2026-03-10 11:00:00,154.4951,154.6043,154.3661,154.5745,53438.0
2026-03-10 11:05:00,154.5944,154.6043,154.4107,154.4753,32820.0
2026-03-10 11:10:00,154.515,154.5348,154.237,154.237,54094.0
2026-03-10 11:15:00,154.2569,154.5447,154.2271,154.4951,29173.0
2026-03-10 11:20:00,154.505,154.5249,154.2668,154.3065,58150.0
2026-03-10 11:25:00,154.2966,154.5944,154.2818,154.5944,46183.0
2026-03-10 11:30:00,154.5993,154.783,154.5745,154.7399,29392.0
2026-03-10 11:35:00,154.7433,154.9518,154.7135,154.9418,33281.0
2026-03-10 11:40:00,154.9418,155.051,154.9121,155.051,48203.0
2026-03-10 11:45:00,155.0621,155.0621,154.9418,154.9865,36709.0
2026-03-10 11:50:00,155.0014,155.051,154.9617,155.0212,27800.0
2026-03-10 11:55:00,155.0113,155.1205,155.0113,155.0709,38034.0
2026-03-10 12:00:00,155.061,155.061,154.922,155.0113,35534.0
2026-03-10 12:05:00,154.9871,155.1304,154.9871,155.061,37279.0
2026-03-10 12:10:00,155.061,155.1801,155.0113,155.0808,29160.0
2026-03-10 12:15:00,155.0758,155.195,154.9865,155.195,39495.0
2026-03-10 12:20:00,155.1801,155.2198,154.6539,154.7036,54733.0
2026-03-10 12:25:00,154.7036,154.8624,154.6937,154.7631,62050.0
2026-03-10 12:30:00,154.7597,154.9518,154.7433,154.922,54820.0
2026-03-10 12:35:00,154.922,155.1007,154.8326,155.0858,51170.0
2026-03-10 12:40:00,155.0858,155.2198,154.7334,154.7334,62400.0
2026-03-10 12:45:00,154.7284,154.8823,154.6391,154.8326,49629.0
2026-03-10 12:50:00,154.8227,155.0262,154.8227,155.0113,31766.0
2026-03-10 12:55:00,155.0212,155.1304,155.0212,155.1106,40465.0
2026-03-10 13:00:00,155.1007,155.2793,155.0064,155.2694,57747.0
2026-03-10 13:05:00,155.2645,155.4183,155.2645,155.3786,93476.0
2026-03-10 13:10:00,155.3885,155.6367,155.3434,155.458,92389.0
2026-03-10 13:15:00,155.4531,155.5573,155.3737,155.5325,68422.0
2026-03-10 13:20:00,155.5325,155.597,155.3985,155.5772,65007.0
2026-03-10 13:25:00,155.5772,155.7062,155.5226,155.7062,63075.0
2026-03-10 13:30:00,155.7062,155.7062,155.5375,155.6864,128276.0
2026-03-10 13:35:00,155.6665,155.8551,155.6665,155.7211,153132.0
2026-03-10 13:40:00,155.7459,155.8154,155.5921,155.8005,124094.0
2026-03-10 13:45:00,155.8154,155.8452,155.5573,155.5672,102112.0
2026-03-10 13:50:00,155.5672,155.7856,155.5226,155.741,71860.0
2026-03-10 13:55:00,155.7459,155.9147,155.736,155.741,62365.0
2026-03-10 14:00:00,155.7261,155.9147,155.7161,155.9048,83096.0
2026-03-10 14:05:00,155.9048,156.004,155.8055,155.8353,52097.0
2026-03-10 14:10:00,155.8551,155.9246,155.6069,155.6268,91446.0
2026-03-10 14:15:00,155.5871,155.6268,155.1999,155.2793,88049.0
2026-03-10 14:20:00,155.2694,155.5871,155.2396,155.2992,61923.0
2026-03-10 14:25:00,155.2198,155.5275,155.19,155.4779,60982.0
2026-03-10 14:30:00,155.4729,155.5077,155.3538,155.3861,50584.0
2026-03-10 14:35:00,155.3687,155.458,155.2496,155.3091,44829.0
2026-03-10 14:40:00,155.2995,155.4481,155.2694,155.3786,43577.0
2026-03-10 14:45:00,155.3786,155.6169,155.3737,155.5325,74320.0
2026-03-10 14:50:00,155.4977,155.5375,155.1602,155.2148,59630.0
2026-03-10 14:55:00,155.2099,155.3687,155.2099,155.329,66311.0
2026-03-10 15:00:00,155.3488,155.458,155.329,155.4283,55221.0
2026-03-10 15:05:00,155.4084,155.4481,155.2396,155.2496,64784.0
2026-03-10 15:10:00,155.2595,155.3836,155.2198,155.329,58953.0
2026-03-10 15:15:00,155.3389,155.4531,155.3141,155.3339,55473.0
2026-03-10 15:20:00,155.329,155.329,155.0312,155.0882,67340.0
2026-03-10 15:25:00,155.0808,155.1404,154.9319,154.9319,67737.0
2026-03-10 15:30:00,154.922,154.9418,154.5842,154.6341,80639.0
2026-03-10 15:35:00,154.6539,154.7036,154.6142,154.6937,73984.0
2026-03-10 15:40:00,154.6937,154.7929,154.6043,154.783,90199.0
2026-03-10 15:45:00,154.7929,154.9418,154.7929,154.8922,81504.0
2026-03-10 15:50:00,154.8823,154.922,154.7135,154.8078,218243.0
2026-03-10 15:55:00,154.8078,154.8922,154.6291,154.8723,480472.0
2026-03-11 09:30:00,154.098,154.2469,152.8274,152.8274,221012.0
2026-03-11 09:35:00,152.8969,152.8969,152.1027,152.192,90954.0
2026-03-11 09:40:00,152.1567,152.203,151.4674,151.7949,133852.0
2026-03-11 09:45:00,151.7255,151.8843,151.3681,151.4574,70732.0
2026-03-11 09:50:00,151.4764,151.9736,151.4376,151.8446,82482.0
2026-03-11 09:55:00,151.8247,152.1126,151.7652,151.9935,64373.0
2026-03-11 10:00:00,152.0431,152.2212,151.7652,151.8644,140640.0
2026-03-11 10:05:00,151.8347,151.9836,151.2688,151.2797,114465.0
2026-03-11 10:10:00,151.3036,151.4773,151.239,151.2539,70691.0
2026-03-11 10:15:00,151.2539,151.2887,150.9015,151.1695,62448.0
2026-03-11 10:20:00,151.2192,151.3532,150.7625,150.8568,145337.0
2026-03-11 10:25:00,150.832,150.832,150.3952,150.4945,63343.0
2026-03-11 10:30:00,150.5342,150.8419,150.4349,150.6434,217023.0
2026-03-11 10:35:00,150.6236,150.7726,150.3257,150.4647,119922.0
2026-03-11 10:40:00,150.5143,150.8916,150.4548,150.711,107701.0
2026-03-11 10:45:00,150.693,151.0008,150.6856,150.971,98544.0
2026-03-11 10:50:00,150.966,151.4971,150.8717,151.4773,53686.0
2026-03-11 10:55:00,151.4376,151.7552,151.4025,151.5368,151160.0
2026-03-11 11:00:00,151.5368,151.5617,151.2986,151.3482,73255.0
2026-03-11 11:05:00,151.3929,151.517,151.3681,151.4525,73231.0
2026-03-11 11:10:00,151.4872,151.517,151.2887,151.3532,69281.0
2026-03-11 11:15:00,151.3879,151.4276,151.0901,151.2688,83664.0
2026-03-11 11:20:00,151.2887,151.4376,151.249,151.4078,42167.0
2026-03-11 11:25:00,151.4028,151.4028,151.1,151.1,48426.0
2026-03-11 11:30:00,151.1398,151.4674,151.1199,151.3582,41213.0
2026-03-11 11:35:00,151.3878,151.4934,151.2936,151.2986,62315.0
2026-03-11 11:40:00,151.2936,151.7751,151.0802,151.646,248420.0
2026-03-11 11:45:00,151.6361,151.8074,151.5865,151.7751,97727.0
2026-03-11 11:50:00,151.7652,151.7979,151.6361,151.7006,64371.0
2026-03-11 11:55:00,151.6857,151.7949,151.6262,151.6361,64630.0
2026-03-11 12:00:00,151.6063,151.6659,151.4227,151.4475,56359.0
2026-03-11 12:05:00,151.4574,151.6113,151.3482,151.6113,46930.0
2026-03-11 12:10:00,151.5964,151.6709,151.517,151.5319,65365.0
2026-03-11 12:15:00,151.512,151.7453,151.4475,151.6719,88040.0
2026-03-11 12:20:00,151.6659,151.9141,151.6164,151.8347,108207.0
2026-03-11 12:25:00,151.8347,151.9885,151.8347,151.9389,73160.0
2026-03-11 12:30:00,151.9041,152.1622,151.8348,152.0729,78490.0
2026-03-11 12:35:00,152.1126,152.202,152.0828,152.1871,53627.0
2026-03-11 12:40:00,152.1821,152.3707,152.1523,152.1722,48889.0
2026-03-11 12:45:00,152.1523,152.192,152.0234,152.1523,82588.0
2026-03-11 12:50:00,152.202,152.4204,152.202,152.3463,48210.0
2026-03-11 12:55:00,152.3509,152.4303,152.2764,152.2891,31040.0
2026-03-11 13:00:00,152.2814,152.3707,152.2516,152.3409,35530.0
2026-03-11 13:05:00,152.3409,152.4402,152.1425,152.192,119738.0
2026-03-11 13:10:00,152.192,152.3161,152.1523,152.1721,68386.0
2026-03-11 13:15:00,152.1722,152.2714,152.1424,152.192,40170.0
2026-03-11 13:20:00,152.2119,152.2913,152.1871,152.202,28682.0
2026-03-11 13:25:00,152.192,152.2417,152.1225,152.1821,52858.0
2026-03-11 13:30:00,152.192,152.2615,152.0928,152.2168,57598.0
2026-03-11 13:35:00,152.202,152.2417,152.0133,152.1722,54486.0
2026-03-11 13:40:00,152.1722,152.1722,151.9867,152.0729,47780.0
2026-03-11 13:45:00,152.0382,152.4005,152.0382,152.4005,32130.0
2026-03-11 13:50:00,152.4104,152.5891,152.3175,152.5742,40530.0
2026-03-11 13:55:00,152.5494,152.599,152.4799,152.5395,40343.0
2026-03-11 14:00:00,152.5792,152.609,152.4104,152.4601,52260.0
2026-03-11 14:05:00,152.47,152.5295,152.202,152.202,40595.0
2026-03-11 14:10:00,152.2317,152.3659,152.0729,152.3659,80414.0
2026-03-11 14:15:00,152.3112,152.4104,152.2417,152.3906,48555.0
2026-03-11 14:20:00,152.4104,152.4204,152.1325,152.2516,33900.0
2026-03-11 14:25:00,152.2119,152.2814,152.1313,152.2615,37168.0
2026-03-11 14:30:00,152.2615,152.3012,152.0828,152.1325,45148.0
2026-03-11 14:35:00,152.1325,152.1523,152.0233,152.1424,48219.0
2026-03-11 14:40:00,152.1225,152.1622,152.0133,152.0133,39811.0
2026-03-11 14:45:00,152.0133,152.0729,151.8942,151.9107,36745.0
2026-03-11 14:50:00,151.9041,151.924,151.7255,151.7751,54900.0
2026-03-11 14:55:00,151.785,151.8049,151.3681,151.4723,70804.0
2026-03-11 15:00:00,151.4624,151.646,151.4177,151.4574,44639.0
2026-03-11 15:05:00,151.4376,151.6063,151.3184,151.5468,56585.0
2026-03-11 15:10:00,151.5269,151.6163,151.4773,151.5716,51527.0
2026-03-11 15:15:00,151.5468,151.6659,151.5429,151.651,51542.0
2026-03-11 15:20:00,151.6537,151.6537,151.4773,151.6063,62746.0
2026-03-11 15:25:00,151.6163,151.6857,151.5468,151.6808,60748.0
2026-03-11 15:30:00,151.7155,151.9736,151.7056,151.9488,78693.0
2026-03-11 15:35:00,151.9538,152.053,151.9439,152.0034,75480.0
2026-03-11 15:40:00,151.9935,152.1424,151.9786,152.0928,106280.0
2026-03-11 15:45:00,152.1126,152.1573,151.9339,151.9538,136308.0
2026-03-11 15:50:00,151.9538,152.1325,151.6063,152.063,397908.0
2026-03-11 15:55:00,152.0928,152.2218,151.9637,152.1821,566664.0
2026-03-12 09:30:00,151.1,151.4276,150.5938,150.6781,218531.0
2026-03-12 09:35:00,150.6781,150.9214,150.6434,150.7824,103400.0
2026-03-12 09:40:00,150.703,150.8122,150.286,150.4746,105680.0
2026-03-12 09:45:00,150.5243,150.8817,150.425,150.6434,72996.0
2026-03-12 09:50:00,150.6037,151.2887,150.6037,151.239,100593.0
2026-03-12 09:55:00,151.3085,151.4376,151.0703,151.1447,73452.0
2026-03-12 10:00:00,151.1844,151.6808,151.1298,151.6014,82966.0
2026-03-12 10:05:00,151.5666,151.7056,151.4475,151.6063,109179.0
2026-03-12 10:10:00,151.6361,151.7056,151.4822,151.646,70493.0
2026-03-12 10:15:00,151.6063,151.6212,151.0703,151.0951,43105.0
2026-03-12 10:20:00,151.0951,151.1596,150.8916,151.0306,59011.0
2026-03-12 10:25:00,151.0008,151.0206,150.5045,150.5045,63526.0
2026-03-12 10:30:00,150.5491,150.971,150.5491,150.9186,86644.0
2026-03-12 10:35:00,150.9313,151.3184,150.9214,151.1695,55373.0
2026-03-12 10:40:00,151.1745,151.1745,150.8568,151.0802,92999.0
2026-03-12 10:45:00,151.0901,151.3482,151.0504,151.3482,49984.0
2026-03-12 10:50:00,151.3086,151.5368,151.3086,151.3532,43514.0
2026-03-12 10:55:00,151.3284,151.8446,151.3284,151.4996,113800.0
2026-03-12 11:00:00,151.4872,151.929,151.4475,151.6163,88093.0
2026-03-12 11:05:00,151.6113,151.8347,151.5468,151.785,48748.0
2026-03-12 11:10:00,151.79,151.8347,151.6659,151.79,74902.0
2026-03-12 11:15:00,151.7552,151.8644,151.4177,151.4276,89489.0
2026-03-12 11:20:00,151.4276,151.6177,151.3979,151.4574,66552.0
2026-03-12 11:25:00,151.4276,151.517,151.3085,151.3234,51632.0
2026-03-12 11:30:00,151.3234,151.4475,151.1,151.1,53333.0
2026-03-12 11:35:00,151.0901,151.2291,150.9511,151.2291,75730.0
2026-03-12 11:40:00,151.2291,151.3681,151.1298,151.2341,64187.0
2026-03-12 11:45:00,151.2291,151.3234,151.0653,151.2092,85639.0
2026-03-12 11:50:00,151.2142,151.2688,150.976,150.9958,46952.0
2026-03-12 11:55:00,151.0008,151.0306,150.7873,150.8807,39775.0
2026-03-12 12:00:00,150.8866,151.0008,150.8519,150.9015,48489.0
2026-03-12 12:05:00,150.8916,150.9809,150.693,150.7526,51214.0
2026-03-12 12:10:00,150.7427,150.832,150.6037,150.6037,68039.0
2026-03-12 12:15:00,150.6037,150.8519,150.564,150.8519,89537.0
2026-03-12 12:20:00,150.8519,151.1844,150.8419,150.8519,77141.0
2026-03-12 12:25:00,150.8171,150.9313,150.7873,150.8965,70122.0
2026-03-12 12:30:00,150.9064,150.9064,150.6136,150.7832,57183.0
2026-03-12 12:35:00,150.8022,150.9809,150.8022,150.9214,70489.0
2026-03-12 12:40:00,150.9114,150.9809,150.7278,150.7725,46495.0
2026-03-12 12:45:00,150.7625,150.7625,150.5243,150.5739,44213.0
2026-03-12 12:50:00,150.564,150.6533,150.5045,150.5838,54489.0
2026-03-12 12:55:00,150.5739,150.6236,150.4746,150.564,40435.0
2026-03-12 13:00:00,150.564,150.7129,150.5144,150.6136,45425.0
2026-03-12 13:05:00,150.5938,150.703,150.5144,150.5144,43704.0
2026-03-12 13:10:00,150.5144,150.5739,150.3654,150.3654,41602.0
2026-03-12 13:15:00,150.3456,150.3555,150.1719,150.2165,43048.0
2026-03-12 13:20:00,150.1967,150.3108,150.1173,150.1967,51257.0
2026-03-12 13:25:00,150.2165,150.286,150.1421,150.2314,61177.0
2026-03-12 13:30:00,150.2364,150.286,150.0776,150.152,64464.0
2026-03-12 13:35:00,150.1768,150.4846,150.1173,150.3853,95729.0
2026-03-12 13:40:00,150.3754,150.425,150.286,150.3456,47295.0
2026-03-12 13:45:00,150.3208,150.4646,150.3059,150.4449,40383.0
2026-03-12 13:50:00,150.4647,150.4846,150.286,150.3357,85839.0
2026-03-12 13:55:00,150.3357,150.4548,150.3158,150.425,55614.0
2026-03-12 14:00:00,150.4052,150.5094,150.2761,150.3555,56224.0
2026-03-12 14:05:00,150.3357,150.4945,150.3257,150.4349,38572.0
2026-03-12 14:10:00,150.4399,150.564,150.4052,150.5044,42710.0
2026-03-12 14:15:00,150.4945,150.5838,150.2762,150.3158,37220.0
2026-03-12 14:20:00,150.3108,150.3357,149.8334,149.9494,113460.0
2026-03-12 14:25:00,149.9485,150.1272,149.9386,150.0776,83850.0
2026-03-12 14:30:00,150.0676,150.1669,149.9981,150.0031,47775.0
2026-03-12 14:35:00,150.0031,150.0279,149.8989,149.9684,49661.0
2026-03-12 14:40:00,149.9485,150.023,149.8939,150.023,49903.0
2026-03-12 14:45:00,150.0081,150.0577,149.9187,150.013,47857.0
2026-03-12 14:50:00,149.9981,150.1856,149.9684,150.1322,46396.0
2026-03-12 14:55:00,150.1471,150.1868,149.8393,149.8889,54921.0
2026-03-12 15:00:00,149.8889,150.1719,149.8294,150.1471,65689.0
2026-03-12 15:05:00,150.1222,150.4082,150.0776,150.2811,74453.0
2026-03-12 15:10:00,150.2761,150.3754,150.1322,150.1967,49565.0
2026-03-12 15:15:00,150.1868,150.2562,150.0974,150.2016,57684.0
2026-03-12 15:20:00,150.2215,150.3754,150.1471,150.1669,89953.0
2026-03-12 15:25:00,150.1669,150.3257,149.7797,149.9287,154236.0
2026-03-12 15:30:00,149.9088,150.0925,149.879,150.013,138687.0
2026-03-12 15:35:00,150.0081,150.1371,149.9783,150.0974,108673.0
2026-03-12 15:40:00,150.0974,150.2364,150.0478,150.0825,113265.0
2026-03-12 15:45:00,150.0676,150.0676,149.3231,149.343,216281.0
2026-03-12 15:50:00,149.343,149.5911,149.2834,149.5663,287588.0
2026-03-12 15:55:00,149.6011,149.6209,149.2338,149.3529,725829.0
2026-03-13 09:30:00,150.2662,151.2688,150.0379,151.1398,190230.0
2026-03-13 09:35:00,151.1398,151.4376,151.0603,151.1398,64239.0
2026-03-13 09:40:00,151.1596,151.2837,150.7228,150.832,57790.0
2026-03-13 09:45:00,150.832,150.9909,150.7725,150.9511,35783.0
2026-03-13 09:50:00,150.9958,150.9958,150.5491,150.6285,31413.0
2026-03-13 09:55:00,150.6335,150.9511,150.6335,150.8817,48465.0
2026-03-13 10:00:00,150.8767,150.9909,150.5541,150.8916,48003.0
2026-03-13 10:05:00,150.8965,150.9412,150.4846,150.5243,45494.0
2026-03-13 10:10:00,150.4846,150.4945,150.3158,150.3555,79021.0
2026-03-13 10:15:00,150.3158,150.3555,150.0776,150.296,49284.0
2026-03-13 10:20:00,150.2662,150.3554,150.2066,150.2364,34273.0
2026-03-13 10:25:00,150.2314,150.2562,150.0279,150.1868,35285.0
2026-03-13 10:30:00,150.1967,150.4548,150.1768,150.42,46221.0
2026-03-13 10:35:00,150.425,150.4945,150.2463,150.2761,29817.0
2026-03-13 10:40:00,150.296,150.3456,150.1967,150.286,34112.0
2026-03-13 10:45:00,150.286,150.5838,150.286,150.5838,42366.0
2026-03-13 10:50:00,150.564,150.5938,150.4151,150.4151,37043.0
2026-03-13 10:55:00,150.3952,150.3952,150.0676,150.1471,47089.0
2026-03-13 11:00:00,150.1768,150.1868,150.0081,150.0627,42273.0
2026-03-13 11:05:00,150.0478,150.1768,149.9684,150.1669,79481.0
2026-03-13 11:10:00,150.1471,150.1768,149.9584,150.157,63078.0
2026-03-13 11:15:00,150.1768,150.2016,149.9783,150.0279,75439.0
2026-03-13 11:20:00,150.0527,150.3853,150.0279,150.157,56089.0
2026-03-13 11:25:00,150.1409,150.2165,150.0577,150.0577,33311.0
2026-03-13 11:30:00,150.0527,150.1272,149.9287,150.1242,40932.0
2026-03-13 11:35:00,150.1173,150.2165,149.9981,150.2066,34836.0
2026-03-13 11:40:00,150.1768,150.2166,150.0577,150.0726,30723.0
2026-03-13 11:45:00,150.0776,150.1868,149.879,149.879,57922.0
2026-03-13 11:50:00,149.8939,149.9684,149.7946,149.9038,51764.0
2026-03-13 11:55:00,149.8989,149.9435,149.8592,149.8691,39283.0
2026-03-13 12:00:00,149.8889,150.0974,149.8492,150.0974,37660.0
2026-03-13 12:05:00,150.1173,150.3555,150.1024,150.3059,55328.0
2026-03-13 12:10:00,150.3208,150.3406,150.1967,150.1967,31285.0
2026-03-13 12:15:00,150.2265,150.2463,150.1471,150.157,29443.0
2026-03-13 12:20:00,150.1768,150.2761,150.0925,150.0925,34906.0
2026-03-13 12:25:00,150.1073,150.1173,149.9485,150.0875,59508.0
2026-03-13 12:30:00,150.0875,150.1818,149.9882,149.9882,45656.0
2026-03-13 12:35:00,150.0279,150.0974,149.9287,149.9684,40375.0
2026-03-13 12:40:00,149.9584,149.9684,149.7301,149.7301,41030.0
2026-03-13 12:45:00,149.7301,150.0974,149.7301,150.0577,38257.0
2026-03-13 12:50:00,150.0776,150.1669,150.0478,150.1272,39103.0
2026-03-13 12:55:00,150.1371,150.3605,150.1272,150.3059,69310.0
2026-03-13 13:00:00,150.3158,150.3357,150.1272,150.3108,36743.0
2026-03-13 13:05:00,150.286,150.3853,150.1471,150.3307,27791.0
2026-03-13 13:10:00,150.3357,150.5243,150.3357,150.5243,28998.0
2026-03-13 13:15:00,150.4846,150.5144,150.3158,150.3951,41699.0
2026-03-13 13:20:00,150.3754,150.4151,150.2364,150.2612,32795.0
2026-03-13 13:25:00,150.2612,150.2811,149.8244,149.9584,63941.0
2026-03-13 13:30:00,149.9634,149.9634,149.745,149.8889,32026.0
2026-03-13 13:35:00,149.8889,149.9187,149.75,149.75,40432.0
2026-03-13 13:40:00,149.7599,149.9336,149.6954,149.8542,71507.0
2026-03-13 13:45:00,149.8492,149.8889,149.6507,149.6557,42155.0
2026-03-13 13:50:00,149.6693,149.7301,149.5614,149.6457,46816.0
2026-03-13 13:55:00,149.6408,149.7301,149.5068,149.6209,59864.0
2026-03-13 14:00:00,149.6011,150.2364,149.5614,150.2066,62817.0
2026-03-13 14:05:00,150.2165,150.2463,150.0723,150.0875,56086.0
2026-03-13 14:10:00,150.0875,150.1967,150.013,150.1917,60356.0
2026-03-13 14:15:00,150.1917,150.2116,149.8393,149.8393,55491.0
2026-03-13 14:20:00,149.8294,149.8889,149.7599,149.8592,60678.0
2026-03-13 14:25:00,149.8393,149.8592,149.6408,149.7698,48222.0
2026-03-13 14:30:00,149.7599,149.8989,149.6904,149.879,70956.0
2026-03-13 14:35:00,149.8641,149.9932,149.8641,149.9535,67520.0
2026-03-13 14:40:00,149.9535,149.9535,149.8691,149.884,38228.0
2026-03-13 14:45:00,149.884,149.9882,149.884,149.9187,37305.0
2026-03-13 14:50:00,149.9187,149.9981,149.8691,149.879,39083.0
2026-03-13 14:55:00,149.8691,149.9684,149.7301,149.7599,43907.0
2026-03-13 15:00:00,149.74,149.74,149.4174,149.4323,61499.0
2026-03-13 15:05:00,149.4025,149.5018,149.3727,149.4621,102640.0
2026-03-13 15:10:00,149.4522,149.5117,149.3479,149.3529,81444.0
2026-03-13 15:15:00,149.3827,149.5117,149.3727,149.4025,62700.0
2026-03-13 15:20:00,149.4025,149.4621,149.2536,149.2884,79096.0
2026-03-13 15:25:00,149.2735,149.3727,149.1345,149.3479,89573.0
2026-03-13 15:30:00,149.3479,149.5415,149.3132,149.4919,118808.0
2026-03-13 15:35:00,149.4869,149.5008,149.2933,149.2933,77047.0
2026-03-13 15:40:00,149.2934,149.353,149.1543,149.1741,95206.0
2026-03-13 15:45:00,149.1643,149.2933,149.0849,149.2636,122842.0
2026-03-13 15:50:00,149.2635,149.4025,149.1395,149.333,158451.0
2026-03-13 15:55:00,149.343,149.5514,149.204,149.5415,527543.0
2026-03-16 09:30:00,150.7526,151.1795,150.4846,150.7675,233249.0
2026-03-16 09:35:00,150.7675,151.0901,150.6633,150.9313,115608.0
2026-03-16 09:40:00,150.9363,151.5255,150.8221,151.2301,148012.0
2026-03-16 09:45:00,151.249,151.2936,150.5342,150.6384,156344.0
2026-03-16 09:50:00,150.6633,150.703,150.1173,150.2066,101109.0
2026-03-16 09:55:00,150.1768,150.425,149.9684,150.3654,109654.0
2026-03-16 10:00:00,150.3654,150.5392,149.9386,150.0066,102861.0
2026-03-16 10:05:00,149.9783,149.9946,149.5514,149.7003,112946.0
2026-03-16 10:10:00,149.7003,150.0875,149.7003,149.8492,156937.0
2026-03-16 10:15:00,149.8492,150.0676,149.7599,149.9187,72973.0
2026-03-16 10:20:00,149.9088,150.1669,149.7996,150.157,69919.0
2026-03-16 10:25:00,150.1471,150.286,150.0875,150.2091,43547.0
2026-03-16 10:30:00,150.2165,150.3456,149.9584,150.1371,83697.0
2026-03-16 10:35:00,150.1322,150.1818,149.9386,150.0527,40494.0
2026-03-16 10:40:00,150.0627,150.1868,149.9287,150.1868,40461.0
2026-03-16 10:45:00,150.1967,150.296,150.157,150.1669,50702.0
2026-03-16 10:50:00,150.1768,150.4349,150.1173,150.4349,68914.0
2026-03-16 10:55:00,150.4598,150.564,150.3257,150.564,53730.0
2026-03-16 11:00:00,150.564,150.6732,150.4548,150.4548,43615.0
2026-03-16 11:05:00,150.4449,150.4548,150.2364,150.3754,46073.0
2026-03-16 11:10:00,150.3853,150.3853,150.1471,150.1471,46366.0
2026-03-16 11:15:00,150.1471,150.3654,150.1073,150.2761,98446.0
2026-03-16 11:20:00,150.296,150.4449,150.296,150.4052,55470.0
2026-03-16 11:25:00,150.4151,150.5292,150.3456,150.4895,42897.0
2026-03-16 11:30:00,150.4796,150.5392,150.3952,150.425,44683.0
2026-03-16 11:35:00,150.4399,150.5342,150.4052,150.4052,36650.0
2026-03-16 11:40:00,150.4052,150.4349,150.0825,150.3158,38678.0
2026-03-16 11:45:00,150.3158,150.3555,150.2066,150.2761,40180.0
2026-03-16 11:50:00,150.296,150.3107,150.1073,150.1719,43176.0
2026-03-16 11:55:00,150.157,150.2215,150.0279,150.0776,52611.0
2026-03-16 12:00:00,150.0577,150.157,149.9287,150.0279,49493.0
2026-03-16 12:05:00,150.018,150.0279,149.8641,149.9684,42121.0
2026-03-16 12:10:00,149.9733,150.0577,149.8641,149.879,42602.0
2026-03-16 12:15:00,149.8492,149.9485,149.8195,149.8592,41266.0
2026-03-16 12:20:00,149.8492,149.9098,149.6507,149.6698,83092.0
2026-03-16 12:25:00,149.6656,149.8095,149.5812,149.8046,43160.0
2026-03-16 12:30:00,149.8195,150.0825,149.8195,150.0081,52058.0
2026-03-16 12:35:00,150.018,150.0676,149.9088,150.0428,37130.0
2026-03-16 12:40:00,150.0478,150.2662,150.0279,150.2662,45833.0
2026-03-16 12:45:00,150.2463,150.3951,150.1719,150.3456,37885.0
2026-03-16 12:50:00,150.3555,150.4349,150.2662,150.2662,29593.0
2026-03-16 12:55:00,150.2761,150.3357,150.2066,150.2414,38444.0
2026-03-16 13:00:00,150.2364,150.4647,150.2364,150.2597,51535.0
2026-03-16 13:05:00,150.2761,150.3754,150.2265,150.3357,45848.0
2026-03-16 13:10:00,150.3257,150.4548,150.296,150.4399,35361.0
2026-03-16 13:15:00,150.4349,150.564,150.425,150.5243,38652.0
2026-03-16 13:20:00,150.4945,150.5938,150.4945,150.5441,47343.0
2026-03-16 13:25:00,150.5541,150.6335,150.5144,150.5838,42337.0
2026-03-16 13:30:00,150.5857,150.6682,150.5342,150.5541,46351.0
2026-03-16 13:35:00,150.5441,150.7526,150.5283,150.6543,57150.0
2026-03-16 13:40:00,150.6533,150.7526,150.4101,150.4647,117175.0
2026-03-16 13:45:00,150.4498,150.6037,150.3952,150.3952,37794.0
2026-03-16 13:50:00,150.3952,150.4796,150.3059,150.4349,35091.0
2026-03-16 13:55:00,150.425,150.5838,150.425,150.4441,31242.0
2026-03-16 14:00:00,150.4349,150.5193,150.3754,150.4151,34114.0
2026-03-16 14:05:00,150.4151,150.4548,150.3367,150.4548,62645.0
2026-03-16 14:10:00,150.4548,150.6136,150.4052,150.6136,39686.0
2026-03-16 14:15:00,150.6136,150.704,150.6136,150.6335,40249.0
2026-03-16 14:20:00,150.6335,150.7774,150.5541,150.693,55171.0
2026-03-16 14:25:00,150.703,150.7427,150.6136,150.6831,42977.0
2026-03-16 14:30:00,150.6695,150.7327,150.6484,150.7327,40926.0
2026-03-16 14:35:00,150.7427,150.7427,150.6136,150.7129,33126.0
2026-03-16 14:40:00,150.7129,150.7616,150.6732,150.7527,30515.0
2026-03-16 14:45:00,150.7526,150.8221,150.7327,150.7625,34921.0
2026-03-16 14:50:00,150.7576,150.9511,150.7327,150.9015,90808.0
2026-03-16 14:55:00,150.8916,150.9809,150.7327,150.7922,79190.0
2026-03-16 15:00:00,150.7831,150.8618,150.7129,150.8618,43110.0
2026-03-16 15:05:00,150.8618,150.8618,150.6633,150.6831,73950.0
2026-03-16 15:10:00,150.7129,150.7824,150.4647,150.5342,69822.0
2026-03-16 15:15:00,150.5243,150.7427,150.5243,150.6533,81318.0
2026-03-16 15:20:00,150.6621,150.7228,150.5987,150.5987,59659.0
2026-03-16 15:25:00,150.5938,150.832,150.5938,150.832,69443.0
2026-03-16 15:30:00,150.832,150.9809,150.7625,150.8122,85208.0
2026-03-16 15:35:00,150.7873,150.832,150.7327,150.7526,58693.0
2026-03-16 15:40:00,150.7526,150.7658,150.6037,150.6335,80293.0
2026-03-16 15:45:00,150.6335,150.7973,150.5739,150.7725,105751.0
2026-03-16 15:50:00,150.7625,150.9462,150.7625,150.8072,147324.0
2026-03-16 15:55:00,150.8122,151.0852,150.8122,151.0008,386009.0
2026-03-17 09:30:00,151.8942,151.924,151.3135,151.6336,182901.0
2026-03-17 09:35:00,151.656,151.6957,151.1398,151.5765,76236.0
2026-03-17 09:40:00,151.5468,151.8744,151.5368,151.6461,64413.0
2026-03-17 09:45:00,151.6063,152.0034,151.5666,151.6262,92934.0
2026-03-17 09:50:00,151.6063,151.6857,151.1596,151.239,68382.0
2026-03-17 09:55:00,151.2887,151.4971,151.2787,151.316,47997.0
2026-03-17 10:00:00,151.249,151.6857,151.239,151.6212,57179.0
2026-03-17 10:05:00,151.6113,151.9637,151.6113,151.9538,52509.0
2026-03-17 10:10:00,151.9439,151.9439,151.7255,151.8347,48583.0
2026-03-17 10:15:00,151.7949,151.8744,151.646,151.7453,37805.0
2026-03-17 10:20:00,151.7354,151.8347,151.7056,151.7503,40102.0
2026-03-17 10:25:00,151.7354,151.8644,151.6349,151.8396,49452.0
2026-03-17 10:30:00,151.8744,151.9935,151.8049,151.9439,46140.0
2026-03-17 10:35:00,151.9488,151.9637,151.7652,151.8942,46789.0
2026-03-17 10:40:00,151.9141,152.0828,151.8348,152.0729,32834.0
2026-03-17 10:45:00,152.0332,152.0417,151.9041,151.9836,29933.0
2026-03-17 10:50:00,152.0233,152.1325,152.0233,152.063,43597.0
2026-03-17 10:55:00,152.0828,152.1622,152.0431,152.0729,62538.0
2026-03-17 11:00:00,152.0642,152.1622,152.0333,152.1007,33674.0
2026-03-17 11:05:00,152.1027,152.202,152.1027,152.1523,33957.0
2026-03-17 11:10:00,152.1722,152.3012,152.1325,152.2572,50180.0
2026-03-17 11:15:00,152.2516,152.3409,152.1306,152.2615,45478.0
2026-03-17 11:20:00,152.2863,152.2913,152.1325,152.1424,34617.0
2026-03-17 11:25:00,152.1523,152.2516,152.1027,152.1424,30089.0
2026-03-17 11:30:00,152.1573,152.202,152.0828,152.1126,42917.0
2026-03-17 11:35:00,152.0828,152.1722,152.0828,152.1225,34587.0
2026-03-17 11:40:00,152.1225,152.202,152.0411,152.1325,37332.0
2026-03-17 11:45:00,152.1166,152.1821,151.9339,151.9538,42517.0
2026-03-17 11:50:00,151.9587,152.0928,151.9141,151.9935,42642.0
2026-03-17 11:55:00,151.9339,152.0034,151.7751,151.8098,38343.0
2026-03-17 12:00:00,151.7949,151.8247,151.5852,151.646,28724.0
2026-03-17 12:05:00,151.646,151.6857,151.5865,151.6857,40884.0
2026-03-17 12:10:00,151.6957,151.919,151.6808,151.8148,46167.0
2026-03-17 12:15:00,151.8148,151.8893,151.7256,151.8545,48910.0
2026-03-17 12:20:00,151.8545,151.8545,151.6957,151.7652,48303.0
2026-03-17 12:25:00,151.7701,151.8744,151.6113,151.79,47878.0
2026-03-17 12:30:00,151.7801,151.8744,151.6857,151.8744,47045.0
2026-03-17 12:35:00,151.902,151.9439,151.5765,151.6014,50129.0
2026-03-17 12:40:00,151.6063,151.6758,151.5269,151.6262,29183.0
2026-03-17 12:45:00,151.636,151.636,151.4376,151.4376,40013.0
2026-03-17 12:50:00,151.4624,151.4674,151.3284,151.3482,39747.0
2026-03-17 12:55:00,151.3184,151.3482,150.9918,151.0008,64085.0
2026-03-17 13:00:00,151.0008,151.1398,150.8916,151.1398,34149.0
2026-03-17 13:05:00,151.1596,151.1596,150.9611,151.0703,31652.0
2026-03-17 13:10:00,151.0504,151.0595,150.966,151.0504,27967.0
2026-03-17 13:15:00,151.0405,151.0703,150.9511,150.9611,29778.0
2026-03-17 13:20:00,150.9611,150.9958,150.8916,150.9313,29386.0
2026-03-17 13:25:00,150.9412,151.0008,150.8717,150.9214,24984.0
2026-03-17 13:30:00,150.9114,150.9114,150.8122,150.8419,33663.0
2026-03-17 13:35:00,150.8568,150.9263,150.8022,150.8965,25747.0
2026-03-17 13:40:00,150.8817,150.9015,150.7625,150.832,21874.0
2026-03-17 13:45:00,150.8519,150.8817,150.7675,150.8817,20489.0
2026-03-17 13:50:00,150.9015,150.9511,150.5938,150.7476,60043.0
2026-03-17 13:55:00,150.7526,150.7526,150.6335,150.6732,34006.0
2026-03-17 14:00:00,150.6831,150.7824,150.6087,150.7327,31353.0
2026-03-17 14:05:00,150.7427,150.8022,150.6831,150.7773,27048.0
2026-03-17 14:10:00,150.8022,150.8519,150.7427,150.832,30735.0
2026-03-17 14:15:00,150.8419,150.8519,150.6781,150.7228,37473.0
2026-03-17 14:20:00,150.7228,150.8022,150.6434,150.6434,24545.0
2026-03-17 14:25:00,150.6533,150.7327,150.5441,150.7094,29805.0
2026-03-17 14:30:00,150.6533,150.7922,150.6484,150.7427,28573.0
2026-03-17 14:35:00,150.7526,150.8122,150.7228,150.7725,30356.0
2026-03-17 14:40:00,150.7725,150.7923,150.7114,150.7114,27076.0
2026-03-17 14:45:00,150.7129,150.7427,150.6335,150.6533,31610.0
2026-03-17 14:50:00,150.6442,150.8519,150.6236,150.8419,31049.0
2026-03-17 14:55:00,150.8419,150.8419,150.7327,150.7824,31525.0
2026-03-17 15:00:00,150.7923,150.8022,150.6732,150.7228,43806.0
2026-03-17 15:05:00,150.7327,150.7725,150.6533,150.698,49915.0
2026-03-17 15:10:00,150.6831,150.7327,150.5739,150.7327,52396.0
2026-03-17 15:15:00,150.7278,150.8817,150.703,150.8717,47115.0
2026-03-17 15:20:00,150.8717,150.9015,150.7427,150.7576,57859.0
2026-03-17 15:25:00,150.7625,150.8072,150.6583,150.6682,85958.0
2026-03-17 15:30:00,150.6732,150.703,150.3158,150.4746,121851.0
2026-03-17 15:35:00,150.4548,150.5144,150.2562,150.2562,89207.0
2026-03-17 15:40:00,150.2662,150.3853,150.1669,150.2155,94390.0
2026-03-17 15:45:00,150.2265,150.2562,150.0974,150.1619,121992.0
2026-03-17 15:50:00,150.1768,150.3257,150.1371,150.2463,148308.0
2026-03-17 15:55:00,150.2662,150.4349,150.2066,150.3853,409057.0
2026-03-18 09:30:00,148.2162,148.3502,147.4866,147.9085,311925.0
2026-03-18 09:35:00,147.8638,148.4406,147.6355,148.3205,132955.0
2026-03-18 09:40:00,148.3006,148.5288,147.8142,147.9135,91481.0
2026-03-18 09:45:00,147.9432,148.1716,147.7447,147.834,83898.0
2026-03-18 09:50:00,147.8539,147.8539,147.0597,147.1987,93381.0
2026-03-18 09:55:00,147.2186,147.5561,147.1589,147.5064,59911.0
2026-03-18 10:00:00,147.5362,147.9532,147.5362,147.8638,84242.0
2026-03-18 10:05:00,147.8638,147.9234,147.5064,147.5412,76411.0
2026-03-18 10:10:00,147.4965,147.5958,147.3178,147.5809,78352.0
2026-03-18 10:15:00,147.5859,147.7546,147.427,147.6851,63301.0
2026-03-18 10:20:00,147.6852,147.705,147.5908,147.6554,43211.0
2026-03-18 10:25:00,147.6554,147.6951,147.5164,147.5164,47341.0
2026-03-18 10:30:00,147.4965,147.4965,146.7718,146.7818,125703.0
2026-03-18 10:35:00,146.7619,146.7818,146.4045,146.7172,111128.0
2026-03-18 10:40:00,146.7421,146.8711,146.6532,146.8711,66943.0
2026-03-18 10:45:00,146.8612,146.9803,146.5038,146.5137,105485.0
2026-03-18 10:50:00,146.484,146.6825,146.4542,146.5981,95976.0
2026-03-18 10:55:00,146.6031,146.7368,146.4542,146.7222,66905.0
2026-03-18 11:00:00,146.6875,146.7867,146.474,146.4889,71866.0
2026-03-18 11:05:00,146.4939,146.7371,146.4343,146.6577,90566.0
2026-03-18 11:10:00,146.6329,146.6726,146.3351,146.3648,53029.0
2026-03-18 11:15:00,146.3946,146.5088,146.3748,146.4542,53268.0
2026-03-18 11:20:00,146.4542,146.5237,146.2854,146.4591,69335.0
2026-03-18 11:25:00,146.4691,146.6577,146.4691,146.5435,64052.0
2026-03-18 11:30:00,146.5634,146.6428,146.5137,146.6031,52000.0
2026-03-18 11:35:00,146.6031,146.6527,146.3996,146.6031,58496.0
2026-03-18 11:40:00,146.613,146.7024,146.5634,146.5882,67167.0
2026-03-18 11:45:00,146.5336,146.5832,146.3897,146.5683,47197.0
2026-03-18 11:50:00,146.5634,146.8215,146.5336,146.7917,53664.0
2026-03-18 11:55:00,146.7967,146.8959,146.7421,146.8711,39552.0
2026-03-18 12:00:00,146.8562,146.9505,146.7818,146.8612,62611.0
2026-03-18 12:05:00,146.8711,146.9307,146.8365,146.9108,34385.0
2026-03-18 12:10:00,146.9158,146.9902,146.8413,146.9753,44885.0
2026-03-18 12:15:00,146.9803,147.0945,146.9539,147.0895,42826.0
2026-03-18 12:20:00,147.0994,147.1243,146.7619,146.8214,64232.0
2026-03-18 12:25:00,146.7967,146.8066,146.6077,146.7172,49243.0
2026-03-18 12:30:00,146.7272,146.9208,146.7123,146.7967,63126.0
2026-03-18 12:35:00,146.7967,146.8809,146.6775,146.7321,78169.0
2026-03-18 12:40:00,146.7172,146.9009,146.6527,146.9009,49669.0
2026-03-18 12:45:00,146.881,147.0299,146.8612,146.9307,44989.0
2026-03-18 12:50:00,146.9307,147.2078,146.8016,147.1094,64500.0
2026-03-18 12:55:00,147.1193,147.1292,147.0002,147.0299,36401.0
2026-03-18 13:00:00,147.025,147.1243,146.9729,147.0498,46609.0
2026-03-18 13:05:00,147.0697,147.0894,146.8314,146.8711,35825.0
2026-03-18 13:10:00,146.9009,146.9009,146.5743,146.7371,95798.0
2026-03-18 13:15:00,146.7321,146.8612,146.6229,146.8413,86674.0
2026-03-18 13:20:00,146.8364,146.9357,146.7917,146.8513,35054.0
2026-03-18 13:25:00,146.8413,146.891,146.7222,146.8364,34900.0
2026-03-18 13:30:00,146.8314,146.9059,146.7818,146.8016,45378.0
2026-03-18 13:35:00,146.8106,146.9307,146.7967,146.881,44736.0
2026-03-18 13:40:00,146.8711,146.9108,146.6428,146.7222,44643.0
2026-03-18 13:45:00,146.7123,146.8413,146.6875,146.7768,76192.0
2026-03-18 13:50:00,146.757,146.7917,146.7024,146.7321,43496.0
2026-03-18 13:55:00,146.7421,146.8215,146.6726,146.7669,75808.0
2026-03-18 14:00:00,146.7619,146.7818,146.2358,146.3301,93788.0
2026-03-18 14:05:00,146.3202,146.4393,146.1564,146.1812,99436.0
2026-03-18 14:10:00,146.1961,146.5932,146.1961,146.5187,64749.0
2026-03-18 14:15:00,146.5237,146.5336,146.3053,146.3152,65775.0
2026-03-18 14:20:00,146.3251,146.3847,146.1514,146.2756,43442.0
2026-03-18 14:25:00,146.2953,146.3847,146.2556,146.3152,39844.0
2026-03-18 14:30:00,146.3251,146.345,145.9578,145.9578,64896.0
2026-03-18 14:35:00,145.9479,146.0471,145.8883,145.9132,78475.0
2026-03-18 14:40:00,145.8983,146.0174,145.8784,145.9381,94663.0
2026-03-18 14:45:00,145.938,146.0573,145.8586,146.0075,66580.0
2026-03-18 14:50:00,146.0372,146.0472,145.8188,145.8983,103270.0
2026-03-18 14:55:00,145.9181,145.9678,145.8119,145.8536,83618.0
2026-03-18 15:00:00,145.8685,145.8784,145.6104,145.6799,101773.0
2026-03-18 15:05:00,145.6688,145.7891,145.6688,145.7146,96063.0
2026-03-18 15:10:00,145.6997,145.7295,145.392,145.4962,127618.0
2026-03-18 15:15:00,145.5012,145.66,145.4913,145.5409,114075.0
2026-03-18 15:20:00,145.531,145.5607,145.392,145.4962,99399.0
2026-03-18 15:25:00,145.4913,145.5904,145.4069,145.4515,93967.0
2026-03-18 15:30:00,145.4615,145.6402,145.3969,145.6302,157372.0
2026-03-18 15:35:00,145.6203,145.7196,145.5111,145.5905,132590.0
2026-03-18 15:40:00,145.6004,145.8387,145.5657,145.8089,169162.0
2026-03-18 15:45:00,145.8288,145.9529,145.6749,145.799,198998.0
2026-03-18 15:50:00,145.799,145.9479,145.7692,145.8139,229527.0
2026-03-18 15:55:00,145.8089,145.8114,145.5111,145.6302,543065.0
2026-03-19 09:30:00,145.1537,146.3053,144.9353,145.0048,355848.0
2026-03-19 09:35:00,145.0048,145.3116,144.8162,145.0048,149841.0
2026-03-19 09:40:00,145.0206,145.2034,144.8063,144.846,96222.0
2026-03-19 09:45:00,144.8559,145.1239,144.8559,145.0942,94575.0
2026-03-19 09:50:00,145.1041,145.2331,144.8261,144.9602,105217.0
2026-03-19 09:55:00,144.9254,145.2331,144.8013,145.0991,82949.0
2026-03-19 10:00:00,145.119,145.4615,144.846,145.0346,198105.0
2026-03-19 10:05:00,145.0842,145.3523,144.9651,145.3374,123698.0
2026-03-19 10:10:00,145.3324,145.4118,145.2133,145.2133,133460.0
2026-03-19 10:15:00,145.2034,145.2232,144.9552,145.0445,128891.0
2026-03-19 10:20:00,145.0545,145.2331,144.985,145.1686,86935.0
2026-03-19 10:25:00,145.1597,145.1736,145.0247,145.0247,64826.0
2026-03-19 10:30:00,145.0247,145.0942,144.8112,144.9056,88963.0
2026-03-19 10:35:00,144.9353,145.0743,144.6524,144.6672,80638.0
2026-03-19 10:40:00,144.6673,145.0148,144.6276,144.9105,48584.0
2026-03-19 10:45:00,144.9453,144.9503,144.6574,144.7666,76090.0
2026-03-19 10:50:00,144.7666,144.7964,144.1362,144.3695,91337.0
2026-03-19 10:55:00,144.3794,144.3893,144.1412,144.305,86412.0
2026-03-19 11:00:00,144.2901,144.3099,144.1213,144.2891,73009.0
2026-03-19 11:05:00,144.2404,144.3199,144.1412,144.1958,65838.0
2026-03-19 11:10:00,144.1958,144.4092,144.1709,144.3695,58870.0
2026-03-19 11:15:00,144.3791,144.4787,144.295,144.3695,76749.0
2026-03-19 11:20:00,144.3695,144.419,144.1511,144.161,67272.0
2026-03-19 11:25:00,144.1709,144.4588,144.161,144.4191,64336.0
2026-03-19 11:30:00,144.4191,144.4489,144.3099,144.3695,73007.0
2026-03-19 11:35:00,144.3794,144.439,144.2454,144.3583,56544.0
2026-03-19 11:40:00,144.3546,144.439,144.1312,144.1312,73520.0
2026-03-19 11:45:00,144.0916,144.1827,144.032,144.1015,65160.0
2026-03-19 11:50:00,144.1015,144.2633,144.0419,144.2496,88640.0
2026-03-19 11:55:00,144.2702,144.3496,144.1908,144.2653,91685.0
2026-03-19 12:00:00,144.2653,144.2702,144.0469,144.0667,86254.0
2026-03-19 12:05:00,144.0518,144.3,144.0121,144.2156,107568.0
2026-03-19 12:10:00,144.2404,144.2404,144.0419,144.0518,66903.0
2026-03-19 12:15:00,144.0419,144.3377,143.9029,144.2702,149354.0
2026-03-19 12:20:00,144.2752,144.3001,144.0469,144.0469,78895.0
2026-03-19 12:25:00,144.0369,144.2603,144.032,144.1213,89539.0
2026-03-19 12:30:00,144.1511,144.3695,144.0915,144.3248,88230.0
2026-03-19 12:35:00,144.3099,144.3199,144.1114,144.2305,64400.0
2026-03-19 12:40:00,144.2206,144.3596,144.1908,144.1908,49953.0
2026-03-19 12:45:00,144.1809,144.1809,143.9774,144.1412,64408.0
2026-03-19 12:50:00,144.1511,144.2007,144.032,144.1015,57807.0
2026-03-19 12:55:00,144.0816,144.2196,144.0419,144.1709,52525.0
2026-03-19 13:00:00,144.161,144.2305,144.0121,144.1213,52254.0
2026-03-19 13:05:00,144.1213,144.2404,144.1114,144.16,53872.0
2026-03-19 13:10:00,144.1511,144.3099,144.1015,144.2255,53148.0
2026-03-19 13:15:00,144.2255,144.5035,144.2255,144.4688,66406.0
2026-03-19 13:20:00,144.4737,144.707,144.4688,144.5879,88249.0
2026-03-19 13:25:00,144.5929,144.6375,144.4241,144.4241,87562.0
2026-03-19 13:30:00,144.4291,144.4489,144.2206,144.3893,80992.0
2026-03-19 13:35:00,144.3794,144.4143,144.2603,144.3099,50458.0
2026-03-19 13:40:00,144.3149,144.3397,144.2314,144.2578,66462.0
2026-03-19 13:45:00,144.2603,144.3397,144.2355,144.2801,74650.0
2026-03-19 13:50:00,144.2851,144.3993,144.2553,144.3745,63360.0
2026-03-19 13:55:00,144.3695,144.4439,144.3298,144.3298,69739.0
2026-03-19 14:00:00,144.3298,144.3596,144.2305,144.2404,61764.0
2026-03-19 14:05:00,144.2404,144.3099,144.1114,144.1709,72038.0
2026-03-19 14:10:00,144.1709,144.3496,144.1015,144.3199,192353.0
2026-03-19 14:15:00,144.3099,144.5085,144.1709,144.1858,137386.0
2026-03-19 14:20:00,144.1834,144.1908,143.9724,144.0022,107133.0
2026-03-19 14:25:00,143.9923,144.1511,143.8781,143.8781,95050.0
2026-03-19 14:30:00,143.8781,144.1114,143.8434,144.0419,66990.0
2026-03-19 14:35:00,144.032,144.0419,143.8235,143.8632,57505.0
2026-03-19 14:40:00,143.8632,144.0022,143.8136,143.8731,49677.0
2026-03-19 14:45:00,143.8831,144.0618,143.8632,144.0146,59291.0
2026-03-19 14:50:00,144.0072,144.022,143.9327,143.9972,59135.0
2026-03-19 14:55:00,144.0022,144.0717,143.893,144.0419,94547.0
2026-03-19 15:00:00,144.0419,144.4688,144.0022,144.4489,105792.0
2026-03-19 15:05:00,144.4588,144.841,144.439,144.4985,125644.0
2026-03-19 15:10:00,144.4985,144.6574,144.3993,144.4787,95006.0
2026-03-19 15:15:00,144.4837,144.5283,144.3,144.439,126540.0
2026-03-19 15:20:00,144.4489,144.4539,144.2206,144.2206,71730.0
2026-03-19 15:25:00,144.2305,144.2702,144.0022,144.0618,90581.0
2026-03-19 15:30:00,144.0717,144.1809,144.032,144.0419,100801.0
2026-03-19 15:35:00,144.0419,144.1164,143.9476,144.1164,93775.0
2026-03-19 15:40:00,144.1164,144.1809,144.0717,144.1213,102894.0
2026-03-19 15:45:00,144.1303,144.1303,143.9625,144.032,146910.0
2026-03-19 15:50:00,144.022,144.1114,143.8334,143.9625,234109.0
2026-03-19 15:55:00,143.9923,144.0022,143.7342,143.7838,623857.0
2026-03-20 09:30:00,143.9327,144.7566,143.9029,144.3695,2122696.0
2026-03-20 09:35:00,144.3397,144.4787,144.0518,144.4042,80965.0
2026-03-20 09:40:00,144.4063,144.7168,144.3199,144.5531,79021.0
2026-03-20 09:45:00,144.5085,144.6921,144.3596,144.578,86252.0
2026-03-20 09:50:00,144.5184,144.6077,144.3993,144.4638,79311.0
2026-03-20 09:55:00,144.4439,144.7467,144.3496,144.707,129772.0
2026-03-20 10:00:00,144.6872,144.707,143.9128,144.0915,96571.0
2026-03-20 10:05:00,144.0816,144.1908,143.7242,143.7242,91637.0
2026-03-20 10:10:00,143.7391,144.0915,143.7242,144.0022,75640.0
2026-03-20 10:15:00,144.0022,144.0766,143.8384,143.9724,97450.0
2026-03-20 10:20:00,143.9327,143.9327,143.5058,143.6845,85805.0
2026-03-20 10:25:00,143.6696,143.8334,143.5952,143.7342,71158.0
2026-03-20 10:30:00,143.6845,143.8831,143.625,143.7242,67574.0
2026-03-20 10:35:00,143.6944,143.7937,143.4562,143.7739,64204.0
2026-03-20 10:40:00,143.7441,143.754,143.4165,143.4463,74745.0
2026-03-20 10:45:00,143.4314,143.4959,143.3172,143.4661,58909.0
2026-03-20 10:50:00,143.4363,143.5257,143.2874,143.5158,106693.0
2026-03-20 10:55:00,143.5257,143.5555,143.2577,143.3321,87178.0
2026-03-20 11:00:00,143.3271,143.4016,143.2279,143.3669,83126.0
2026-03-20 11:05:00,143.3569,144.0419,143.3222,144.0076,165614.0
2026-03-20 11:10:00,143.9873,144.0419,143.5753,143.6994,73850.0
2026-03-20 11:15:00,143.7093,143.9327,143.7093,143.9029,117884.0
2026-03-20 11:20:00,143.893,144.0419,143.7937,143.9625,83888.0
2026-03-20 11:25:00,143.9625,144.0816,143.9228,144.0518,69158.0
2026-03-20 11:30:00,144.0618,144.2007,143.8975,144.0766,109088.0
2026-03-20 11:35:00,144.0816,144.2156,144.0022,144.0518,52765.0
2026-03-20 11:40:00,144.0121,144.1908,144.0022,144.0717,42468.0
2026-03-20 11:45:00,144.0816,144.1213,143.9823,144.0618,48309.0
2026-03-20 11:50:00,144.0816,144.1511,144.0171,144.0965,64222.0
2026-03-20 11:55:00,144.0915,144.1908,144.0321,144.1908,86982.0
2026-03-20 12:00:00,144.1759,144.2897,144.1422,144.161,42756.0
2026-03-20 12:05:00,144.166,144.166,143.9029,143.9665,60647.0
2026-03-20 12:10:00,143.9923,144.0419,143.9228,143.9724,34277.0
2026-03-20 12:15:00,143.9674,144.0121,143.9029,143.9823,52225.0
2026-03-20 12:20:00,143.9625,144.0816,143.9426,144.0618,53889.0
2026-03-20 12:25:00,144.0717,144.1213,143.9823,144.0717,59781.0
2026-03-20 12:30:00,144.0667,144.2007,143.9923,144.2007,51914.0
2026-03-20 12:35:00,144.2007,144.2058,144.0419,144.1312,41161.0
2026-03-20 12:40:00,144.1213,144.1213,143.9327,143.9526,46685.0
2026-03-20 12:45:00,143.9426,143.9426,143.6944,143.7739,43552.0
2026-03-20 12:50:00,143.759,143.9674,143.7552,143.893,30923.0
2026-03-20 12:55:00,143.9178,144.032,143.888,143.9625,41824.0
2026-03-20 13:00:00,143.9724,144.0419,143.9327,144.032,49090.0
2026-03-20 13:05:00,144.0022,144.1015,143.8831,144.0915,51133.0
2026-03-20 13:10:00,144.1312,144.1709,143.9128,143.9277,48928.0
2026-03-20 13:15:00,143.9327,144.3099,143.9327,144.293,45563.0
2026-03-20 13:20:00,144.2702,144.3347,144.2603,144.3,46423.0
2026-03-20 13:25:00,144.3496,144.4191,144.2603,144.3248,60959.0
2026-03-20 13:30:00,144.3199,144.3844,144.1709,144.1709,56213.0
2026-03-20 13:35:00,144.1858,144.3298,144.1858,144.3,53677.0
2026-03-20 13:40:00,144.3,144.3199,144.1312,144.1412,37082.0
2026-03-20 13:45:00,144.161,144.1858,144.0717,144.1263,45904.0
2026-03-20 13:50:00,144.1114,144.2305,144.0419,144.166,60869.0
2026-03-20 13:55:00,144.1759,144.2404,143.9426,143.9625,40550.0
2026-03-20 14:00:00,143.9823,144.0618,143.9426,143.9674,51687.0
2026-03-20 14:05:00,143.9674,144.0121,143.8632,143.9029,55317.0
2026-03-20 14:10:00,143.893,143.9327,143.7838,143.8533,54672.0
2026-03-20 14:15:00,143.8533,143.8731,143.5555,143.62,93922.0
2026-03-20 14:20:00,143.6299,143.7391,143.4463,143.5704,148918.0
2026-03-20 14:25:00,143.5753,143.7193,143.4761,143.5406,61890.0
2026-03-20 14:30:00,143.5257,143.7093,143.5009,143.6448,59706.0
2026-03-20 14:35:00,143.6448,143.6498,143.4562,143.5058,62750.0
2026-03-20 14:40:00,143.5158,143.6448,143.486,143.6051,63273.0
2026-03-20 14:45:00,143.6051,143.6547,143.5704,143.625,50454.0
2026-03-20 14:50:00,143.5952,143.6547,143.4562,143.486,85035.0
2026-03-20 14:55:00,143.4761,143.548,143.4166,143.5267,62396.0
2026-03-20 15:00:00,143.5307,143.9228,143.5307,143.8434,106340.0
2026-03-20 15:05:00,143.8483,143.9724,143.8036,143.9625,100736.0
2026-03-20 15:10:00,143.9625,144.0111,143.9128,143.9228,93738.0
2026-03-20 15:15:00,143.9128,144.0915,143.8632,144.0667,109452.0
2026-03-20 15:20:00,144.0717,144.1709,143.9128,143.9228,112737.0
2026-03-20 15:25:00,143.9327,143.9526,143.6547,143.9029,170351.0
2026-03-20 15:30:00,143.9128,144.1412,143.7937,143.8731,332769.0
2026-03-20 15:35:00,143.8831,143.9625,143.6969,143.7739,246665.0
2026-03-20 15:40:00,143.7838,143.9228,143.6895,143.8632,264480.0
2026-03-20 15:45:00,143.8533,144.032,143.754,143.9625,426550.0
2026-03-20 15:50:00,143.9625,144.0022,143.1981,143.7937,647295.0
2026-03-20 15:55:00,143.7937,143.9079,143.3023,143.3619,1034723.0
2026-03-23 09:30:00,145.0842,145.0842,144.5184,144.6524,17664.0
2026-03-23 09:35:00,144.5184,144.6177,144.0022,144.2504,385570.0
2026-03-23 09:40:00,144.2347,144.3645,143.9426,144.0171,307192.0
2026-03-23 09:45:00,143.9923,144.032,143.4273,143.9128,177884.0
2026-03-23 09:50:00,143.9029,144.022,143.3768,143.4363,119903.0
2026-03-23 09:55:00,143.4066,143.4066,142.5528,142.801,294481.0
2026-03-23 10:00:00,142.8308,143.2577,142.7266,142.8506,112609.0
2026-03-23 10:05:00,142.8506,142.9747,142.4635,142.6918,222149.0
2026-03-23 10:10:00,142.6819,142.8556,142.4734,142.8507,106654.0
2026-03-23 10:15:00,142.8705,142.9499,142.5975,142.8109,87712.0
2026-03-23 10:20:00,142.8209,143.2378,142.5886,142.9797,85658.0
2026-03-23 10:25:00,142.9747,143.069,142.8917,142.94,96495.0
2026-03-23 10:30:00,142.94,143.1485,142.8506,142.9847,67920.0
2026-03-23 10:35:00,142.9797,143.1385,142.8556,143.1187,58338.0
2026-03-23 10:40:00,143.1088,143.4264,143.069,143.3669,69344.0
2026-03-23 10:45:00,143.3669,143.7838,143.2477,143.5555,113841.0
2026-03-23 10:50:00,143.5455,143.6051,143.4215,143.5753,71068.0
2026-03-23 10:55:00,143.5654,143.7639,143.5257,143.6944,65023.0
2026-03-23 11:00:00,143.6895,144.0022,143.5853,143.9426,96772.0
2026-03-23 11:05:00,143.9426,143.9625,143.754,143.7987,67234.0
2026-03-23 11:10:00,143.7937,143.893,143.6746,143.7299,62926.0
2026-03-23 11:15:00,143.7342,143.8533,143.7044,143.8334,50008.0
2026-03-23 11:20:00,143.8136,143.8831,143.6746,143.8533,72858.0
2026-03-23 11:25:00,143.8731,143.8731,143.5357,143.5952,61077.0
2026-03-23 11:30:00,143.5952,143.7342,143.5455,143.6647,50632.0
2026-03-23 11:35:00,143.6796,143.8235,143.5853,143.5853,61170.0
2026-03-23 11:40:00,143.5604,143.6399,143.2775,143.2775,88395.0
2026-03-23 11:45:00,143.2626,143.3464,143.1981,143.2577,77025.0
2026-03-23 11:50:00,143.2379,143.2676,143.0394,143.1336,61217.0
2026-03-23 11:55:00,143.1385,143.3271,143.1385,143.2974,51802.0
2026-03-23 12:00:00,143.2676,143.2775,143.0393,143.1088,82902.0
2026-03-23 12:05:00,143.1088,143.1584,142.8209,142.8209,60648.0
2026-03-23 12:10:00,142.7911,142.9499,142.7216,142.8407,58296.0
2026-03-23 12:15:00,142.8457,142.9598,142.801,142.8506,64742.0
2026-03-23 12:20:00,142.8482,142.8506,142.6273,142.662,72390.0
2026-03-23 12:25:00,142.662,142.6918,142.4337,142.4635,66215.0
2026-03-23 12:30:00,142.4734,142.7613,142.4536,142.6124,53105.0
2026-03-23 12:35:00,142.5826,142.7017,142.533,142.6223,125168.0
2026-03-23 12:40:00,142.6222,142.6918,142.5826,142.6117,58512.0
2026-03-23 12:45:00,142.5826,142.7166,142.5429,142.6124,59840.0
2026-03-23 12:50:00,142.6074,142.7415,142.5727,142.7117,51001.0
2026-03-23 12:55:00,142.7315,142.7514,142.6026,142.682,44322.0
2026-03-23 13:00:00,142.6918,142.7315,142.6124,142.7216,78597.0
2026-03-23 13:05:00,142.7266,143.0095,142.7017,142.9549,46541.0
2026-03-23 13:10:00,142.94,143.0194,142.7712,142.7712,47024.0
2026-03-23 13:15:00,142.7613,142.9201,142.729,142.8407,40098.0
2026-03-23 13:20:00,142.8308,143.0293,142.7613,142.9888,39464.0
2026-03-23 13:25:00,142.9698,143.1286,142.9598,143.0591,32008.0
2026-03-23 13:30:00,143.0492,143.2874,142.9797,143.2874,90122.0
2026-03-23 13:35:00,143.2676,143.3669,143.2279,143.3271,60877.0
2026-03-23 13:40:00,143.3371,143.3966,143.1088,143.208,64031.0
2026-03-23 13:45:00,143.218,143.3469,143.1981,143.2974,48173.0
2026-03-23 13:50:00,143.3053,143.4165,143.2874,143.3619,46972.0
2026-03-23 13:55:00,143.347,143.4314,143.3371,143.4066,41171.0
2026-03-23 14:00:00,143.4165,143.4264,143.1981,143.2477,52505.0
2026-03-23 14:05:00,143.2378,143.2974,143.0377,143.2279,51402.0
2026-03-23 14:10:00,143.2477,143.2477,143.1286,143.1485,43883.0
2026-03-23 14:15:00,143.1385,143.208,143.1038,143.208,29176.0
2026-03-23 14:20:00,143.1882,143.2776,143.1584,143.218,35909.0
2026-03-23 14:25:00,143.213,143.2378,143.1187,143.1286,34159.0
2026-03-23 14:30:00,143.1286,143.2477,143.0393,143.2279,96215.0
2026-03-23 14:35:00,143.2477,143.347,143.2229,143.3271,42379.0
2026-03-23 14:40:00,143.3172,143.3172,143.1435,143.1882,47138.0
2026-03-23 14:45:00,143.1782,143.2378,143.1038,143.1782,43861.0
2026-03-23 14:50:00,143.1733,143.1981,143.0293,143.1584,52235.0
2026-03-23 14:55:00,143.1683,143.2428,143.1673,143.1882,53027.0
2026-03-23 15:00:00,143.1782,143.208,143.0194,143.0988,123779.0
2026-03-23 15:05:00,143.1088,143.1485,142.9549,143.0492,89970.0
2026-03-23 15:10:00,143.0442,143.0988,142.9201,143.079,97855.0
2026-03-23 15:15:00,143.0889,143.1137,142.9698,142.9996,81836.0
2026-03-23 15:20:00,143.0095,143.0194,142.8407,142.8904,87219.0
2026-03-23 15:25:00,142.8904,142.9152,142.6521,142.9003,91400.0
2026-03-23 15:30:00,142.9102,142.94,142.7911,142.8209,89259.0
2026-03-23 15:35:00,142.8209,142.8705,142.7166,142.7812,99518.0
2026-03-23 15:40:00,142.7911,142.8804,142.662,142.7911,108078.0
2026-03-23 15:45:00,142.7712,142.8109,142.6323,142.7613,148103.0
2026-03-23 15:50:00,142.7712,143.0839,142.7712,142.9648,290642.0
2026-03-23 15:55:00,142.9698,143.0492,142.8804,142.94,696148.0
2026-03-24 09:30:00,142.2848,142.6471,141.1884,142.2401,243936.0
2026-03-24 09:35:00,142.2451,142.3444,141.9572,142.2054,65501.0
2026-03-24 09:40:00,142.2096,142.6857,142.126,142.5628,53726.0
2026-03-24 09:45:00,142.5231,142.6025,142.0168,142.265,107268.0
2026-03-24 09:50:00,142.2153,142.5528,142.2153,142.5528,69163.0
2026-03-24 09:55:00,142.5826,143.0393,142.5468,143.0293,47995.0
2026-03-24 10:00:00,142.9797,143.6349,142.9301,143.6101,67458.0
2026-03-24 10:05:00,143.5853,144.1312,143.5654,143.9724,80842.0
2026-03-24 10:10:00,144.0022,144.1064,143.5455,143.6051,143230.0
2026-03-24 10:15:00,143.6051,143.8831,143.5654,143.8483,49651.0
2026-03-24 10:20:00,143.7987,143.9426,143.6845,143.8235,88838.0
2026-03-24 10:25:00,143.7937,144.0717,143.6845,143.7193,71665.0
2026-03-24 10:30:00,143.7342,143.9625,143.5803,143.6845,90361.0
2026-03-24 10:35:00,143.6845,143.8434,143.5455,143.8434,64701.0
2026-03-24 10:40:00,143.8434,144.1709,143.8185,143.9426,149863.0
2026-03-24 10:45:00,143.9228,143.9327,143.2874,143.3073,80372.0
2026-03-24 10:50:00,143.3073,143.8731,143.2378,143.5753,99804.0
2026-03-24 10:55:00,143.5505,143.7441,143.353,143.481,101383.0
2026-03-24 11:00:00,143.4959,143.8334,143.3867,143.7242,161035.0
2026-03-24 11:05:00,143.6547,143.8632,143.615,143.8533,138503.0
2026-03-24 11:10:00,143.8483,143.8533,143.6647,143.7639,52848.0
2026-03-24 11:15:00,143.7838,143.8632,143.208,143.4959,136114.0
2026-03-24 11:20:00,143.4562,143.5455,143.3718,143.3966,78952.0
2026-03-24 11:25:00,143.3768,143.4761,143.2775,143.3569,104300.0
2026-03-24 11:30:00,143.3669,143.3768,143.2328,143.3172,80800.0
2026-03-24 11:35:00,143.3172,143.4761,143.2874,143.4661,55393.0
2026-03-24 11:40:00,143.4761,143.7146,143.4661,143.7143,54323.0
2026-03-24 11:45:00,143.6944,143.7838,143.5257,143.7143,56239.0
2026-03-24 11:50:00,143.6994,143.7441,143.486,143.486,57316.0
2026-03-24 11:55:00,143.4761,143.4761,143.3272,143.3669,64758.0
2026-03-24 12:00:00,143.3569,143.3569,143.0542,143.208,84675.0
2026-03-24 12:05:00,143.218,143.4066,143.208,143.3569,39489.0
2026-03-24 12:10:00,143.347,143.4264,143.3172,143.3569,38027.0
2026-03-24 12:15:00,143.347,143.4562,143.2974,143.4463,41840.0
2026-03-24 12:20:00,143.4512,143.4661,143.3569,143.4165,44986.0
2026-03-24 12:25:00,143.4165,143.5455,143.3371,143.4661,61096.0
2026-03-24 12:30:00,143.4761,143.481,143.2874,143.3172,67340.0
2026-03-24 12:35:00,143.3172,143.347,143.0988,143.1385,58012.0
2026-03-24 12:40:00,143.1435,143.218,142.9996,143.1683,61355.0
2026-03-24 12:45:00,143.1782,143.208,142.945,142.9747,40793.0
2026-03-24 12:50:00,142.9698,143.1683,142.9698,143.1286,50237.0
2026-03-24 12:55:00,143.1236,143.1882,143.079,143.1236,39408.0
2026-03-24 13:00:00,143.1385,143.1584,143.0194,143.0393,61307.0
2026-03-24 13:05:00,142.9896,142.9896,142.801,142.8655,87135.0
2026-03-24 13:10:00,142.8556,142.8904,142.6918,142.8506,66670.0
2026-03-24 13:15:00,142.8109,142.9102,142.8085,142.8904,37617.0
2026-03-24 13:20:00,142.8904,142.9301,142.8407,142.8804,59198.0
2026-03-24 13:25:00,142.8705,142.9102,142.7514,142.8904,68688.0
2026-03-24 13:30:00,142.8804,142.9976,142.7216,142.7315,96141.0
2026-03-24 13:35:00,142.7315,142.7613,142.6819,142.7415,32899.0
2026-03-24 13:40:00,142.7712,142.8448,142.6471,142.6869,49058.0
2026-03-24 13:45:00,142.6918,142.7315,142.6471,142.6819,29092.0
2026-03-24 13:50:00,142.6819,142.7613,142.6074,142.6273,54498.0
2026-03-24 13:55:00,142.6323,142.7762,142.6323,142.7464,61642.0
2026-03-24 14:00:00,142.7514,142.8209,142.662,142.7712,34177.0
2026-03-24 14:05:00,142.7812,142.8506,142.6819,142.6819,29685.0
2026-03-24 14:10:00,142.6918,142.7117,142.5032,142.6918,59155.0
2026-03-24 14:15:00,142.6819,142.7216,142.5826,142.7067,93538.0
2026-03-24 14:20:00,142.7514,142.7812,142.6323,142.7216,43712.0
2026-03-24 14:25:00,142.7216,142.8208,142.672,142.7712,71575.0
2026-03-24 14:30:00,142.7712,142.9301,142.7017,142.7415,54173.0
2026-03-24 14:35:00,142.7712,143.0492,142.7315,143.0492,65174.0
2026-03-24 14:40:00,143.0591,143.0591,142.5922,142.6273,135965.0
2026-03-24 14:45:00,142.6025,142.6223,142.4536,142.5181,77740.0
2026-03-24 14:50:00,142.5181,142.5677,142.4486,142.4833,64363.0
2026-03-24 14:55:00,142.4833,142.5082,142.2898,142.3493,87248.0
2026-03-24 15:00:00,142.3444,142.5231,142.3146,142.4536,84947.0
2026-03-24 15:05:00,142.4526,142.7315,142.4188,142.7216,89869.0
2026-03-24 15:10:00,142.7315,142.8109,142.6422,142.8109,88544.0
2026-03-24 15:15:00,142.8109,142.8109,142.672,142.801,73778.0
2026-03-24 15:20:00,142.806,142.8258,142.6273,142.662,75452.0
2026-03-24 15:25:00,142.6819,142.6819,142.4536,142.533,62295.0
2026-03-24 15:30:00,142.533,142.6422,142.5231,142.5925,87321.0
2026-03-24 15:35:00,142.5925,142.5925,142.394,142.5032,66684.0
2026-03-24 15:40:00,142.4883,142.533,142.265,142.2848,101568.0
2026-03-24 15:45:00,142.2749,142.3069,141.987,142.0366,181634.0
2026-03-24 15:50:00,142.0466,142.121,141.9175,141.9771,225093.0
2026-03-24 15:55:00,141.9771,142.1061,141.8877,142.1061,608021.0
2026-03-25 09:30:00,142.6918,142.9996,142.255,142.2749,228760.0
2026-03-25 09:35:00,142.3047,142.3841,141.8331,142.265,117214.0
2026-03-25 09:40:00,142.2947,142.3841,141.8182,141.848,108490.0
2026-03-25 09:45:00,141.8232,141.8381,141.5105,141.5105,125800.0
2026-03-25 09:50:00,141.5055,141.709,141.441,141.4807,106292.0
2026-03-25 09:55:00,141.4757,141.709,141.4261,141.709,84147.0
2026-03-25 10:00:00,141.719,141.7686,141.4112,141.5006,87864.0
2026-03-25 10:05:00,141.5204,141.5403,141.1879,141.4112,82058.0
2026-03-25 10:10:00,141.4211,141.7388,141.4112,141.6765,91370.0
2026-03-25 10:15:00,141.6594,141.9175,141.2524,141.3417,118044.0
2026-03-25 10:20:00,141.3616,141.4013,141.2127,141.3616,122320.0
2026-03-25 10:25:00,141.3715,141.6693,141.302,141.5899,133899.0
2026-03-25 10:30:00,141.5899,141.8282,141.5105,141.7587,56467.0
2026-03-25 10:35:00,141.8083,141.8579,141.5701,141.6296,59214.0
2026-03-25 10:40:00,141.6098,141.6991,141.5105,141.6098,50008.0
2026-03-25 10:45:00,141.5998,141.709,141.5601,141.6495,65263.0
2026-03-25 10:50:00,141.6544,141.8828,141.5849,141.7884,41366.0
2026-03-25 10:55:00,141.7736,141.8182,141.5601,141.6544,57896.0
2026-03-25 11:00:00,141.6693,142.0416,141.5998,142.0168,66232.0
2026-03-25 11:05:00,141.9969,142.1558,141.9522,142.0963,80230.0
2026-03-25 11:10:00,142.0664,142.3146,141.9969,142.2352,60464.0
2026-03-25 11:15:00,142.2153,142.3145,142.0664,142.2848,91597.0
2026-03-25 11:20:00,142.3344,142.6124,142.3146,142.4833,63624.0
2026-03-25 11:25:00,142.4635,142.6124,142.4536,142.533,41565.0
2026-03-25 11:30:00,142.5528,142.6918,142.0664,142.0763,109897.0
2026-03-25 11:35:00,142.0566,142.121,141.9294,142.0863,58822.0
2026-03-25 11:40:00,142.1061,142.2054,142.0962,142.0962,52689.0
2026-03-25 11:45:00,142.116,142.1458,141.8877,141.9671,33018.0
2026-03-25 11:50:00,142.0068,142.1061,141.9423,141.987,38088.0
2026-03-25 11:55:00,142.0068,142.1855,141.9771,142.0366,37753.0
2026-03-25 12:00:00,142.0416,142.1559,141.9572,142.0962,40651.0
2026-03-25 12:05:00,142.0763,142.1855,142.0416,142.0565,28847.0
2026-03-25 12:10:00,142.0366,142.0565,141.9324,141.987,33565.0
2026-03-25 12:15:00,141.987,142.0168,141.9076,141.9622,31661.0
2026-03-25 12:20:00,141.9771,142.0863,141.9671,142.0763,36204.0
2026-03-25 12:25:00,142.0863,142.0962,141.9374,141.9771,52890.0
2026-03-25 12:30:00,141.9671,142.1955,141.9374,142.1855,55358.0
2026-03-25 12:35:00,142.1955,142.3245,142.1955,142.2848,27132.0
2026-03-25 12:40:00,142.2749,142.3047,142.1706,142.1764,25724.0
2026-03-25 12:45:00,142.1706,142.2352,142.0168,142.0416,30071.0
2026-03-25 12:50:00,142.0565,142.1458,142.0267,142.116,25625.0
2026-03-25 12:55:00,142.1309,142.1359,142.0664,142.0962,33836.0
2026-03-25 13:00:00,142.0963,142.1756,141.9671,142.121,70992.0
2026-03-25 13:05:00,142.1359,142.2054,142.0813,142.1855,40027.0
2026-03-25 13:10:00,142.1657,142.1657,142.0366,142.0763,29459.0
2026-03-25 13:15:00,142.0763,142.1607,142.0565,142.1012,39059.0
2026-03-25 13:20:00,142.1061,142.3344,142.1061,142.1955,32480.0
2026-03-25 13:25:00,142.2054,142.265,142.1657,142.2352,29757.0
2026-03-25 13:30:00,142.2352,142.2898,142.1657,142.255,44481.0
2026-03-25 13:35:00,142.265,142.389,142.255,142.3444,41120.0
2026-03-25 13:40:00,142.3543,142.5825,142.3543,142.5429,48597.0
2026-03-25 13:45:00,142.5628,142.7017,142.5578,142.6422,34156.0
2026-03-25 13:50:00,142.6521,142.7613,142.5925,142.6223,42457.0
2026-03-25 13:55:00,142.6323,142.7117,142.6025,142.6124,49392.0
2026-03-25 14:00:00,142.6422,142.7017,142.5727,142.6124,32579.0
2026-03-25 14:05:00,142.6074,142.9301,142.5925,142.8507,47195.0
2026-03-25 14:10:00,142.8506,142.8506,142.7514,142.8358,43303.0
2026-03-25 14:15:00,142.8407,142.9003,142.7911,142.8358,39591.0
2026-03-25 14:20:00,142.8506,142.9052,142.7663,142.8109,37993.0
2026-03-25 14:25:00,142.796,142.8358,142.7117,142.7762,42231.0
2026-03-25 14:30:00,142.7812,142.8407,142.7415,142.7812,49434.0
2026-03-25 14:35:00,142.7812,142.8556,142.6859,142.8506,56738.0
2026-03-25 14:40:00,142.8606,142.9102,142.7939,142.8993,44584.0
2026-03-25 14:45:00,142.8706,142.9003,142.8109,142.8904,37946.0
2026-03-25 14:50:00,142.8904,142.9698,142.8506,142.9251,69613.0
2026-03-25 14:55:00,142.9102,143.0492,142.801,142.9996,73935.0
2026-03-25 15:00:00,143.0045,143.0045,142.8407,142.8804,72316.0
2026-03-25 15:05:00,142.8904,142.94,142.7712,142.7762,40884.0
2026-03-25 15:10:00,142.7911,142.801,142.6968,142.7415,43122.0
2026-03-25 15:15:00,142.7514,142.9152,142.7315,142.9003,49762.0
2026-03-25 15:20:00,142.9003,143.0492,142.9003,142.9353,57892.0
2026-03-25 15:25:00,142.9372,142.9598,142.8705,142.8904,52431.0
2026-03-25 15:30:00,142.8705,142.94,142.8109,142.8308,67731.0
2026-03-25 15:35:00,142.8109,142.9201,142.801,142.9052,59276.0
2026-03-25 15:40:00,142.9003,142.9698,142.8556,142.8804,76818.0
2026-03-25 15:45:00,142.8804,142.9797,142.8109,142.8209,116308.0
2026-03-25 15:50:00,142.8308,142.8407,142.6323,142.7415,205432.0
2026-03-25 15:55:00,142.7514,142.9598,142.3642,142.8904,876156.0
2026-03-26 09:30:00,142.6422,143.069,142.2004,142.2004,141887.0
2026-03-26 09:35:00,142.1955,142.3641,141.6594,142.2054,92545.0
2026-03-26 09:40:00,142.2274,142.672,142.116,142.6223,68508.0
2026-03-26 09:45:00,142.6571,143.218,142.533,143.1485,82157.0
2026-03-26 09:50:00,143.1485,143.3271,143.0095,143.0591,66925.0
2026-03-26 09:55:00,143.0293,143.1584,142.94,143.0194,56132.0
2026-03-26 10:00:00,143.0194,143.1782,142.7166,142.7166,48091.0
2026-03-26 10:05:00,142.7415,143.1088,142.6223,143.079,62964.0
2026-03-26 10:10:00,143.079,143.1088,142.7911,142.9499,45445.0
2026-03-26 10:15:00,142.935,142.9797,142.7515,142.7515,73602.0
2026-03-26 10:20:00,142.7365,142.7812,142.5925,142.6819,61570.0
2026-03-26 10:25:00,142.667,142.667,142.4933,142.5131,44583.0
2026-03-26 10:30:00,142.533,142.7415,142.4982,142.672,72336.0
2026-03-26 10:35:00,142.6918,142.7266,142.4734,142.6223,39405.0
2026-03-26 10:40:00,142.672,142.9698,142.5876,142.9698,82498.0
2026-03-26 10:45:00,143.0095,143.5158,142.9698,143.1882,109724.0
2026-03-26 10:50:00,143.1882,143.2577,143.079,143.1385,38812.0
2026-03-26 10:55:00,143.0988,143.1088,142.7415,142.8109,65039.0
2026-03-26 11:00:00,142.8209,142.8606,142.5628,142.7911,51364.0
2026-03-26 11:05:00,142.7613,142.8904,142.7017,142.8209,48707.0
2026-03-26 11:10:00,142.8258,142.9648,142.8109,142.8606,39768.0
2026-03-26 11:15:00,142.8705,142.8953,142.672,142.7266,43741.0
2026-03-26 11:20:00,142.7241,142.8904,142.6174,142.6451,43436.0
2026-03-26 11:25:00,142.6571,142.7315,142.3841,142.4436,51500.0
2026-03-26 11:30:00,142.4436,142.4784,142.3493,142.4139,33738.0
2026-03-26 11:35:00,142.4039,142.4635,142.3344,142.394,38504.0
2026-03-26 11:40:00,142.394,142.4188,142.0198,142.0714,33638.0
2026-03-26 11:45:00,142.0863,142.1657,141.8927,141.9175,43728.0
2026-03-26 11:50:00,141.9175,142.0167,141.9076,141.9522,34519.0
2026-03-26 11:55:00,141.9522,141.987,141.8579,141.987,45533.0
2026-03-26 12:00:00,141.982,141.982,141.8778,141.9473,47069.0
2026-03-26 12:05:00,141.9473,142.0168,141.9374,141.987,31879.0
2026-03-26 12:10:00,141.987,142.0267,141.9076,142.0019,37086.0
2026-03-26 12:15:00,142.0068,142.0565,141.8679,141.9671,48253.0
2026-03-26 12:20:00,141.9656,142.0366,141.848,142.0118,38337.0
2026-03-26 12:25:00,142.0068,142.1358,141.9175,142.1358,44480.0
2026-03-26 12:30:00,142.126,142.2401,142.0664,142.1855,39456.0
2026-03-26 12:35:00,142.1955,142.2352,142.0962,142.126,42342.0
2026-03-26 12:40:00,142.1458,142.2898,142.0962,142.2729,36017.0
2026-03-26 12:45:00,142.3047,142.4635,142.2749,142.3543,43318.0
2026-03-26 12:50:00,142.3345,142.4039,142.2749,142.2798,37377.0
2026-03-26 12:55:00,142.2749,142.3642,142.1955,142.2749,35845.0
2026-03-26 13:00:00,142.2749,142.3543,142.1955,142.2062,38474.0
2026-03-26 13:05:00,142.2153,142.3146,142.0714,142.2749,61197.0
2026-03-26 13:10:00,142.265,142.3047,142.0962,142.1111,36306.0
2026-03-26 13:15:00,142.116,142.1855,142.0068,142.0267,32822.0
2026-03-26 13:20:00,142.0168,142.0466,141.7885,141.7984,71791.0
2026-03-26 13:25:00,141.8083,142.0868,141.8083,142.0416,56115.0
2026-03-26 13:30:00,142.0267,142.0565,141.9076,141.9274,33891.0
2026-03-26 13:35:00,141.9324,141.9374,141.6147,141.6395,39440.0
2026-03-26 13:40:00,141.6099,141.8282,141.5204,141.8083,44544.0
2026-03-26 13:45:00,141.8133,141.8579,141.6594,141.6941,32404.0
2026-03-26 13:50:00,141.6793,141.8282,141.6495,141.7984,25846.0
2026-03-26 13:55:00,141.7984,141.9125,141.7686,141.8381,60476.0
2026-03-26 14:00:00,141.8381,142.1711,141.6594,142.1409,109287.0
2026-03-26 14:05:00,142.0962,142.3295,141.9175,141.9374,103179.0
2026-03-26 14:10:00,141.9125,142.0068,141.719,141.9125,44995.0
2026-03-26 14:15:00,141.8976,141.9174,141.7785,141.8242,40318.0
2026-03-26 14:20:00,141.8182,141.848,141.5998,141.7487,64910.0
2026-03-26 14:25:00,141.7339,141.8381,141.6594,141.7686,44078.0
2026-03-26 14:30:00,141.7686,141.7785,141.6594,141.7686,50656.0
2026-03-26 14:35:00,141.7785,141.8877,141.7785,141.8454,36061.0
2026-03-26 14:40:00,141.8282,141.8331,141.719,141.7487,30038.0
2026-03-26 14:45:00,141.7587,141.7885,141.6793,141.6793,30080.0
2026-03-26 14:50:00,141.6892,141.7487,141.4509,141.5701,52012.0
2026-03-26 14:55:00,141.5601,141.7288,141.5601,141.6495,36689.0
2026-03-26 15:00:00,141.6495,141.7289,141.4509,141.4509,40254.0
2026-03-26 15:05:00,141.4509,141.5998,141.4509,141.5353,54411.0
2026-03-26 15:10:00,141.5502,141.5502,141.3814,141.436,62198.0
2026-03-26 15:15:00,141.4311,141.53,141.3914,141.5032,66478.0
2026-03-26 15:20:00,141.5105,141.58,141.4609,141.4609,47960.0
2026-03-26 15:25:00,141.4311,141.4906,141.3814,141.4906,56965.0
2026-03-26 15:30:00,141.4708,141.5452,141.3566,141.5452,86533.0
2026-03-26 15:35:00,141.5601,141.6197,141.312,141.3566,111830.0
2026-03-26 15:40:00,141.3566,141.441,141.1978,141.3417,138617.0
2026-03-26 15:45:00,141.3417,141.5055,141.3417,141.441,104442.0
2026-03-26 15:50:00,141.441,141.5601,141.2226,141.2226,249787.0
2026-03-26 15:55:00,141.2325,141.4112,141.2028,141.302,421018.0
2026-03-27 09:30:00,141.6793,142.0191,140.9744,141.6892,231050.0
2026-03-27 09:35:00,141.6544,142.3344,141.441,141.6078,109782.0
2026-03-27 09:40:00,141.5761,141.9175,141.5105,141.8182,53541.0
2026-03-27 09:45:00,141.8778,142.0168,141.5949,141.7388,45519.0
2026-03-27 09:50:00,141.7339,141.9175,141.6495,141.7885,69682.0
2026-03-27 09:55:00,141.7736,142.1657,141.7736,142.1508,53414.0
2026-03-27 10:00:00,142.116,142.1458,141.8778,142.0168,45223.0
2026-03-27 10:05:00,142.0217,142.2947,141.9671,142.1855,85181.0
2026-03-27 10:10:00,142.1955,142.255,141.982,142.0813,107628.0
2026-03-27 10:15:00,142.0664,142.2352,141.9374,142.0168,71672.0
2026-03-27 10:20:00,142.0168,142.0863,141.6793,141.719,52349.0
2026-03-27 10:25:00,141.7388,141.987,141.4708,141.5204,60871.0
2026-03-27 10:30:00,141.5105,141.8281,141.4708,141.6098,67463.0
2026-03-27 10:35:00,141.5899,141.5899,141.3417,141.3517,44574.0
2026-03-27 10:40:00,141.3715,141.4063,141.163,141.3814,49965.0
2026-03-27 10:45:00,141.3814,141.4559,141.2325,141.3814,47254.0
2026-03-27 10:50:00,141.3814,141.4509,141.2921,141.3318,46902.0
2026-03-27 10:55:00,141.3318,141.8679,141.3318,141.7487,46719.0
2026-03-27 11:00:00,141.7686,141.7984,141.6793,141.7587,38634.0
2026-03-27 11:05:00,141.7587,141.8877,141.4211,141.4609,49791.0
2026-03-27 11:10:00,141.4658,141.6693,141.3914,141.5502,40458.0
2026-03-27 11:15:00,141.5601,141.719,141.5303,141.5403,50627.0
2026-03-27 11:20:00,141.5403,142.0466,141.5403,142.0416,1560831.0
2026-03-27 11:25:00,142.0267,142.0366,141.853,141.9274,44836.0
2026-03-27 11:30:00,141.9473,141.982,141.848,141.9721,107285.0
2026-03-27 11:35:00,141.9572,142.1111,141.9274,142.0664,40372.0
2026-03-27 11:40:00,142.0763,142.116,141.9721,142.0763,31128.0
2026-03-27 11:45:00,142.0614,142.1012,141.9175,141.9622,31968.0
2026-03-27 11:50:00,141.9771,141.9771,141.709,141.709,56317.0
2026-03-27 11:55:00,141.7289,141.7289,141.4509,141.6296,75429.0
2026-03-27 12:00:00,141.5998,141.6932,141.5502,141.6594,27604.0
2026-03-27 12:05:00,141.6594,141.9969,141.6296,141.9771,37611.0
2026-03-27 12:10:00,141.987,142.126,141.9011,142.0863,34022.0
2026-03-27 12:15:00,142.0962,142.0962,141.987,142.0466,24775.0
2026-03-27 12:20:00,142.0565,142.1955,142.0366,142.1111,30506.0
2026-03-27 12:25:00,142.1061,142.1558,141.9374,142.1359,39990.0
2026-03-27 12:30:00,142.126,142.2054,142.0664,142.0863,42145.0
2026-03-27 12:35:00,142.0763,142.4139,142.0763,142.394,65562.0
2026-03-27 12:40:00,142.3861,142.5032,142.3444,142.3444,50424.0
2026-03-27 12:45:00,142.3741,142.6273,142.3245,142.5925,71715.0
2026-03-27 12:50:00,142.5925,142.7017,142.5727,142.5925,76918.0
2026-03-27 12:55:00,142.5826,142.6273,142.4635,142.4982,68899.0
2026-03-27 13:00:00,142.4833,142.6372,142.3246,142.5727,78435.0
2026-03-27 13:05:00,142.5925,142.7216,142.3941,142.4139,87521.0
2026-03-27 13:10:00,142.4188,142.6124,142.4039,142.5925,47138.0
2026-03-27 13:15:00,142.6025,142.801,142.5727,142.7861,59470.0
2026-03-27 13:20:00,142.7813,142.9301,142.7315,142.8953,104183.0
2026-03-27 13:25:00,142.9102,143.0194,142.8358,142.8606,69335.0
2026-03-27 13:30:00,142.8705,143.0095,142.8109,143.0095,71333.0
2026-03-27 13:35:00,142.9996,142.9996,142.8407,142.9598,79691.0
2026-03-27 13:40:00,142.9698,143.0289,142.7911,142.94,73967.0
2026-03-27 13:45:00,142.94,143.0144,142.8655,142.8655,45156.0
2026-03-27 13:50:00,142.8705,142.9896,142.8109,142.821,81498.0
2026-03-27 13:55:00,142.8358,142.8705,142.6323,142.6323,42785.0
2026-03-27 14:00:00,142.6273,142.7663,142.6124,142.672,77929.0
2026-03-27 14:05:00,142.7017,142.7514,142.6422,142.662,38667.0
2026-03-27 14:10:00,142.662,142.662,142.4139,142.4387,54764.0
2026-03-27 14:15:00,142.4238,142.5131,142.394,142.4089,48391.0
2026-03-27 14:20:00,142.394,142.4238,142.3047,142.3245,52753.0
2026-03-27 14:25:00,142.3245,142.3245,142.0664,142.1061,59616.0
2026-03-27 14:30:00,142.0863,142.1756,142.0366,142.0962,54579.0
2026-03-27 14:35:00,142.0664,142.1558,142.0168,142.0714,44852.0
2026-03-27 14:40:00,142.0664,142.2848,142.0366,142.255,61808.0
2026-03-27 14:45:00,142.255,142.3047,142.1905,142.2104,34955.0
2026-03-27 14:50:00,142.2153,142.26,142.1657,142.2302,49601.0
2026-03-27 14:55:00,142.2153,142.2153,142.0565,142.1309,51155.0
2026-03-27 15:00:00,142.126,142.1756,141.7686,141.7885,50207.0
2026-03-27 15:05:00,141.8331,142.0863,141.8182,142.0763,146423.0
2026-03-27 15:10:00,142.0763,142.1309,142.0267,142.0813,54170.0
2026-03-27 15:15:00,142.0763,142.0763,141.7339,141.8083,122848.0
2026-03-27 15:20:00,141.8133,141.848,141.4757,141.6098,95840.0
2026-03-27 15:25:00,141.5999,141.5999,141.4311,141.4708,95607.0
2026-03-27 15:30:00,141.4807,141.6892,141.4112,141.4658,206349.0
2026-03-27 15:35:00,141.4559,141.4807,141.302,141.4311,66875.0
2026-03-27 15:40:00,141.4211,141.4211,141.173,141.2822,93970.0
2026-03-27 15:45:00,141.302,141.302,140.9893,141.1084,140489.0
2026-03-27 15:50:00,141.1432,141.5105,141.1432,141.4708,227982.0
2026-03-27 15:55:00,141.4708,141.7388,141.3814,141.5403,650959.0
2026-03-30 09:30:00,141.9969,142.3146,141.6197,141.6296,228623.0
2026-03-30 09:35:00,141.6495,142.0068,141.5303,142.0068,96468.0
2026-03-30 09:40:00,141.9969,142.3493,141.9671,141.9671,82175.0
2026-03-30 09:45:00,141.9522,142.5826,141.9473,142.4883,147677.0
2026-03-30 09:50:00,142.5131,142.528,141.8182,142.1607,284900.0
2026-03-30 09:55:00,142.2153,142.7514,142.2153,142.5975,97961.0
2026-03-30 10:00:00,142.5727,142.8407,142.5231,142.6819,134247.0
2026-03-30 10:05:00,142.6968,142.8606,142.6521,142.7117,85530.0
2026-03-30 10:10:00,142.7117,142.9102,142.4933,142.5482,95656.0
2026-03-30 10:15:00,142.6025,142.7415,142.394,142.7216,98917.0
2026-03-30 10:20:00,142.7216,142.8606,142.4933,142.806,68183.0
2026-03-30 10:25:00,142.8109,143.218,142.7812,143.218,137657.0
2026-03-30 10:30:00,143.2279,143.4959,143.0492,143.486,174361.0
2026-03-30 10:35:00,143.481,143.6746,143.4612,143.5951,79838.0
2026-03-30 10:40:00,143.62,143.9327,143.5455,143.9079,83797.0
2026-03-30 10:45:00,143.893,144.1312,143.8086,143.9327,190239.0
2026-03-30 10:50:00,143.9625,144.0469,143.7639,144.0419,135840.0
2026-03-30 10:55:00,144.0419,144.0717,143.8831,143.9128,82115.0
2026-03-30 11:00:00,143.893,144.0667,143.824,143.9277,62463.0
2026-03-30 11:05:00,143.9228,144.1709,143.9228,144.1114,64344.0
2026-03-30 11:10:00,144.0915,144.5085,143.9377,144.4688,79385.0
2026-03-30 11:15:00,144.439,144.4588,144.2504,144.3596,61338.0
2026-03-30 11:20:00,144.3645,144.4092,144.0816,144.1114,92525.0
2026-03-30 11:25:00,144.1015,144.1312,143.8731,143.9823,58565.0
2026-03-30 11:30:00,143.9823,144.2107,143.9128,144.1461,93396.0
2026-03-30 11:35:00,144.1312,144.161,143.9873,144.1312,57194.0
2026-03-30 11:40:00,144.1213,144.161,142.6025,144.0618,46393.0
2026-03-30 11:45:00,144.0717,144.1164,143.7639,143.8731,79892.0
2026-03-30 11:50:00,143.8731,143.9935,143.749,143.749,40453.0
2026-03-30 11:55:00,143.7639,143.7639,143.5555,143.5952,29288.0
2026-03-30 12:00:00,143.5952,143.6647,143.5058,143.5455,60738.0
2026-03-30 12:05:00,143.5455,143.6547,143.4612,143.5604,39812.0
2026-03-30 12:10:00,143.5555,143.7739,143.5555,143.5957,51296.0
2026-03-30 12:15:00,143.6051,143.6845,143.2789,143.3271,91985.0
2026-03-30 12:20:00,143.3172,143.4363,143.2328,143.4066,42629.0
2026-03-30 12:25:00,143.4066,143.5853,143.347,143.5406,130315.0
2026-03-30 12:30:00,143.5654,143.7342,143.4711,143.486,34432.0
2026-03-30 12:35:00,143.4959,143.5852,143.486,143.5059,26534.0
2026-03-30 12:40:00,143.5058,143.6647,143.4562,143.5952,66988.0
2026-03-30 12:45:00,143.5803,143.5803,143.4562,143.5356,29220.0
2026-03-30 12:50:00,143.5356,143.6845,143.481,143.615,39601.0
2026-03-30 12:55:00,143.615,143.6994,143.5356,143.6746,57513.0
2026-03-30 13:00:00,143.6845,143.8213,143.6498,143.6944,44672.0
2026-03-30 13:05:00,143.7044,143.8632,143.7044,143.8632,39787.0
2026-03-30 13:10:00,143.8632,143.893,143.6448,143.7441,43485.0
2026-03-30 13:15:00,143.7292,143.9109,143.615,143.7441,78408.0
2026-03-30 13:20:00,143.7143,143.9327,143.6895,143.8632,36087.0
2026-03-30 13:25:00,143.8533,143.9426,143.7639,143.8751,34934.0
2026-03-30 13:30:00,143.8831,143.9327,143.7342,143.7788,75271.0
2026-03-30 13:35:00,143.7639,143.893,143.6647,143.8632,117670.0
2026-03-30 13:40:00,143.8632,143.9128,143.7441,143.9079,46491.0
2026-03-30 13:45:00,143.9233,143.9426,143.7044,143.7739,101427.0
2026-03-30 13:50:00,143.7937,143.7937,143.4413,143.5207,95089.0
2026-03-30 13:55:00,143.5257,143.5704,143.4363,143.5058,72493.0
2026-03-30 14:00:00,143.5058,143.893,143.5058,143.8036,75512.0
2026-03-30 14:05:00,143.8334,143.9625,143.8111,143.8731,57028.0
2026-03-30 14:10:00,143.893,143.9823,143.7292,143.9575,80206.0
2026-03-30 14:15:00,143.9674,144.0743,143.9526,144.0618,57291.0
2026-03-30 14:20:00,144.0618,144.0816,143.8533,143.9029,51824.0
2026-03-30 14:25:00,143.9029,143.9923,143.8533,143.8731,47067.0
2026-03-30 14:30:00,143.8831,143.9327,143.6944,143.6944,76146.0
2026-03-30 14:35:00,143.6845,143.7292,143.486,143.4959,46511.0
2026-03-30 14:40:00,143.5058,143.7143,143.4661,143.6895,60110.0
2026-03-30 14:45:00,143.6944,143.7292,143.6051,143.625,42554.0
2026-03-30 14:50:00,143.615,143.6349,143.486,143.5307,64996.0
2026-03-30 14:55:00,143.5455,143.5952,143.486,143.5952,54068.0
2026-03-30 15:00:00,143.5902,143.6349,143.5455,143.5704,60048.0
2026-03-30 15:05:00,143.5704,143.6122,143.4264,143.4761,69179.0
2026-03-30 15:10:00,143.486,143.7044,143.3867,143.6646,132595.0
2026-03-30 15:15:00,143.6547,143.7639,143.5952,143.7342,141782.0
2026-03-30 15:20:00,143.7342,143.7788,143.615,143.7044,164215.0
2026-03-30 15:25:00,143.7093,143.7093,143.4264,143.5307,126771.0
2026-03-30 15:30:00,143.5307,143.6349,143.5158,143.5753,113346.0
2026-03-30 15:35:00,143.5756,143.8334,143.5555,143.8036,105726.0
2026-03-30 15:40:00,143.8086,144.0766,143.8086,144.0766,130249.0
2026-03-30 15:45:00,144.0816,144.1809,144.0518,144.1213,225975.0
2026-03-30 15:50:00,144.1312,144.2603,143.9526,144.0121,374886.0
2026-03-30 15:55:00,143.9923,144.0618,143.625,143.6746,809360.0
2026-03-31 09:30:00,143.7639,143.8632,143.069,143.1336,251634.0
2026-03-31 09:35:00,143.0591,143.1286,142.5727,142.9996,158750.0
2026-03-31 09:40:00,143.0194,143.6746,142.94,143.0393,140655.0
2026-03-31 09:45:00,143.0492,143.2279,142.7613,142.7812,93742.0
2026-03-31 09:50:00,142.7514,142.9003,142.26,142.5219,165335.0
2026-03-31 09:55:00,142.5231,142.5677,142.1261,142.2525,85618.0
2026-03-31 10:00:00,142.2352,142.5479,142.2352,142.3841,87820.0
2026-03-31 10:05:00,142.4039,142.8705,142.399,142.6705,68853.0
2026-03-31 10:10:00,142.662,142.7415,142.1458,142.2451,84014.0
2026-03-31 10:15:00,142.2252,142.2451,141.8381,142.1061,120372.0
2026-03-31 10:20:00,142.2203,142.4734,142.126,142.3791,55532.0
2026-03-31 10:25:00,142.4039,142.4635,142.1806,142.2251,74821.0
2026-03-31 10:30:00,142.2153,142.2447,141.9969,142.1855,72568.0
2026-03-31 10:35:00,142.1855,142.4536,141.8976,141.9374,81746.0
2026-03-31 10:40:00,141.982,142.0068,141.5701,141.6098,99216.0
2026-03-31 10:45:00,141.5998,141.6346,141.3814,141.58,99383.0
2026-03-31 10:50:00,141.5899,141.6098,141.2623,141.436,78199.0
2026-03-31 10:55:00,141.441,141.5006,141.2921,141.3517,71932.0
2026-03-31 11:00:00,141.3616,141.6892,141.3616,141.5105,77164.0
2026-03-31 11:05:00,141.5006,141.8877,141.4708,141.8778,97316.0
2026-03-31 11:10:00,141.8778,141.9161,141.7289,141.8976,61100.0
2026-03-31 11:15:00,141.9175,142.1806,141.8381,142.1012,63211.0
2026-03-31 11:20:00,142.0863,142.126,141.8468,141.9622,46453.0
2026-03-31 11:25:00,141.9473,141.987,141.6247,141.6395,58147.0
2026-03-31 11:30:00,141.6296,141.8083,141.58,141.7686,44750.0
2026-03-31 11:35:00,141.8083,141.987,141.7984,141.9374,40277.0
2026-03-31 11:40:00,141.9374,142.1458,141.9175,142.0267,41755.0
2026-03-31 11:45:00,142.0267,142.0664,141.8682,141.9771,84668.0
2026-03-31 11:50:00,141.9473,142.0664,141.7487,141.7885,49866.0
2026-03-31 11:55:00,141.7785,141.8579,141.6594,141.8133,67268.0
2026-03-31 12:00:00,141.7984,141.9858,141.7289,141.8579,69704.0
2026-03-31 12:05:00,141.8629,141.9473,141.7686,141.7686,48984.0
2026-03-31 12:10:00,141.7686,141.8678,141.7041,141.848,43830.0
2026-03-31 12:15:00,141.848,141.8778,141.5502,141.6098,70404.0
2026-03-31 12:20:00,141.5998,141.5998,141.2425,141.4112,182419.0
2026-03-31 12:25:00,141.4311,141.5899,141.3814,141.5204,56272.0
2026-03-31 12:30:00,141.5204,141.6495,141.436,141.5998,61789.0
2026-03-31 12:35:00,141.6048,141.7785,141.4906,141.7686,55877.0
2026-03-31 12:40:00,141.7686,142.2027,141.6048,141.6346,151110.0
2026-03-31 12:45:00,141.6395,141.8679,141.4956,141.8679,81846.0
2026-03-31 12:50:00,141.9076,142.121,141.8778,141.987,79365.0
2026-03-31 12:55:00,142.0068,142.1657,141.9671,142.105,36944.0
2026-03-31 13:00:00,142.1061,142.2542,142.0664,142.1955,60099.0
2026-03-31 13:05:00,142.2153,142.2252,142.0664,142.0763,41739.0
2026-03-31 13:10:00,142.0763,142.3444,142.0068,142.2947,45685.0
2026-03-31 13:15:00,142.3096,142.3543,142.0962,142.2352,42324.0
2026-03-31 13:20:00,142.2302,142.255,142.0168,142.1558,39322.0
2026-03-31 13:25:00,142.1657,142.3593,142.1061,142.1359,43677.0
2026-03-31 13:30:00,142.1458,142.2749,142.1359,142.2054,57855.0
2026-03-31 13:35:00,142.2153,142.4536,142.1955,142.3444,57808.0
2026-03-31 13:40:00,142.3444,142.662,142.3394,142.6422,38743.0
2026-03-31 13:45:00,142.6224,142.6571,142.5131,142.5975,41558.0
2026-03-31 13:50:00,142.5975,142.672,142.5528,142.6572,33706.0
2026-03-31 13:55:00,142.6571,142.6819,142.5528,142.5628,33453.0
2026-03-31 14:00:00,142.5727,142.6223,142.3543,142.3642,41668.0
2026-03-31 14:05:00,142.3741,142.4337,142.2451,142.4089,56726.0
2026-03-31 14:10:00,142.4238,142.4387,142.1657,142.2252,44325.0
2026-03-31 14:15:00,142.2153,142.3741,142.1657,142.265,62686.0
2026-03-31 14:20:00,142.2947,142.4436,142.2153,142.2848,63542.0
2026-03-31 14:25:00,142.3146,142.4784,142.2947,142.4436,45075.0
2026-03-31 14:30:00,142.4436,142.4635,142.3146,142.4039,53251.0
2026-03-31 14:35:00,142.4139,142.6422,142.4139,142.5429,42150.0
2026-03-31 14:40:00,142.533,142.6819,142.3642,142.4833,54024.0
2026-03-31 14:45:00,142.4734,142.5727,142.1458,142.2947,41444.0
2026-03-31 14:50:00,142.3245,142.3543,142.2203,142.3543,51566.0
2026-03-31 14:55:00,142.3344,142.4486,142.3245,142.4089,60914.0
2026-03-31 15:00:00,142.4139,142.5231,142.4039,142.4833,74551.0
2026-03-31 15:05:00,142.5181,142.6025,142.4238,142.6025,55634.0
2026-03-31 15:10:00,142.5826,142.8209,142.5528,142.7216,49440.0
2026-03-31 15:15:00,142.7315,142.945,142.7315,142.9301,55793.0
2026-03-31 15:20:00,142.935,143.0492,142.8407,142.8705,61622.0
2026-03-31 15:25:00,142.8705,142.9102,142.7812,142.8804,49341.0
2026-03-31 15:30:00,142.8804,143.1782,142.8804,143.1088,88711.0
2026-03-31 15:35:00,143.1187,143.347,143.1187,143.3271,72934.0
2026-03-31 15:40:00,143.3371,143.3768,143.2279,143.3371,126129.0
2026-03-31 15:45:00,143.3371,143.4463,143.2676,143.4463,132658.0
2026-03-31 15:50:00,143.4463,143.4913,143.1981,143.2874,212438.0
2026-03-31 15:55:00,143.2874,143.4959,143.2279,143.3669,620936.0
