datetime,open,high,low,close,volume
2026-03-02 09:30:00,95.1577,96.4303,94.9489,95.8238,249237.0
2026-03-02 09:35:00,95.7144,96.0525,95.5902,95.8934,179492.0
2026-03-02 09:40:00,95.9317,96.0624,95.3466,95.4062,120315.0
2026-03-02 09:45:00,95.4162,95.9729,95.4162,95.9431,147229.0
2026-03-02 09:50:00,96.0326,96.1767,95.6548,95.6548,101259.0
2026-03-02 09:55:00,95.6548,95.6796,95.2571,95.6051,61510.0
2026-03-02 10:00:00,95.6051,96.0922,95.3565,96.0823,116698.0
2026-03-02 10:05:00,96.0922,96.2613,95.9878,96.0624,56197.0
2026-03-02 10:10:00,96.0624,96.2762,95.9173,96.0028,39094.0
2026-03-02 10:15:00,96.0326,96.2136,96.0326,96.1221,31626.0
2026-03-02 10:20:00,96.1221,96.2215,95.9136,96.1221,48978.0
2026-03-02 10:25:00,96.1121,96.2513,96.0326,96.1022,39330.0
2026-03-02 10:30:00,96.0972,96.1817,96.0077,96.132,28168.0
2026-03-02 10:35:00,96.1519,96.2911,95.9829,96.2463,42374.0
2026-03-02 10:40:00,96.2215,96.2613,96.0028,96.137,49504.0
2026-03-02 10:45:00,96.1371,96.2662,95.9419,96.132,37959.0
2026-03-02 10:50:00,96.1221,96.4104,96.0624,96.1021,96895.0
2026-03-02 10:55:00,96.0854,96.1618,95.9928,96.0475,32326.0
2026-03-02 11:00:00,96.0425,96.1121,95.9431,96.0525,26286.0
2026-03-02 11:05:00,96.0674,96.0674,95.6846,95.784,30730.0
2026-03-02 11:10:00,95.794,95.8337,95.5305,95.5305,40254.0
2026-03-02 11:15:00,95.5454,95.7542,95.5056,95.7244,66287.0
2026-03-02 11:20:00,95.7244,95.8735,95.6945,95.7542,27962.0
2026-03-02 11:25:00,95.7492,95.8237,95.436,95.446,73332.0
2026-03-02 11:30:00,95.4211,95.5454,95.3242,95.5106,46896.0
2026-03-02 11:35:00,95.5106,95.8337,95.4758,95.794,38498.0
2026-03-02 11:40:00,95.7592,96.0823,95.7592,96.0349,27324.0
2026-03-02 11:45:00,96.0724,96.1221,95.9033,95.9928,31020.0
2026-03-02 11:50:00,95.9332,95.9431,95.8039,95.8487,28705.0
2026-03-02 11:55:00,95.8238,96.0624,95.784,96.0624,22768.0
2026-03-02 12:00:00,96.0425,96.1569,95.9033,95.9133,50973.0
2026-03-02 12:05:00,95.9083,95.9431,95.6945,95.7741,38950.0
2026-03-02 12:10:00,95.7682,95.8288,95.7045,95.7989,20805.0
2026-03-02 12:15:00,95.8238,95.9729,95.7989,95.8536,21301.0
2026-03-02 12:20:00,95.8337,95.953,95.794,95.8984,28681.0
2026-03-02 12:25:00,95.9332,96.0127,95.6548,95.6903,32360.0
2026-03-02 12:30:00,95.6697,95.6697,95.2074,95.2471,135117.0
2026-03-02 12:35:00,95.2372,95.3565,95.2273,95.272,62389.0
2026-03-02 12:40:00,95.277,95.446,95.277,95.446,49959.0
2026-03-02 12:45:00,95.4758,95.625,95.4162,95.4808,47604.0
2026-03-02 12:50:00,95.4808,95.5404,95.3366,95.4261,44959.0
2026-03-02 12:55:00,95.4261,95.5454,95.3565,95.5355,32161.0
2026-03-02 13:00:00,95.5653,95.6846,95.5454,95.5802,41011.0
2026-03-02 13:05:00,95.5802,95.8835,95.5759,95.8835,123571.0
2026-03-02 13:10:00,95.8685,96.0104,95.8636,95.9978,36837.0
2026-03-02 13:15:00,95.9978,96.0524,95.789,95.9083,110327.0
2026-03-02 13:20:00,95.9133,95.9232,95.7741,95.789,42549.0
2026-03-02 13:25:00,95.7641,95.92,95.7492,95.8387,20012.0
2026-03-02 13:30:00,95.8437,95.8536,95.6448,95.6448,43670.0
2026-03-02 13:35:00,95.6448,95.7443,95.5752,95.6647,72848.0
2026-03-02 13:40:00,95.6498,95.6548,95.5171,95.6299,49513.0
2026-03-02 13:45:00,95.6447,95.6448,95.3515,95.4062,46140.0
2026-03-02 13:50:00,95.4013,95.446,95.2471,95.3068,47339.0
2026-03-02 13:55:00,95.3018,95.3167,95.108,95.2471,78674.0
2026-03-02 14:00:00,95.2372,95.3366,95.1875,95.3284,37558.0
2026-03-02 14:05:00,95.3217,95.8039,95.3217,95.7741,65101.0
2026-03-02 14:10:00,95.7835,95.8238,95.625,95.6349,40622.0
2026-03-02 14:15:00,95.6349,95.7443,95.5936,95.6796,26548.0
2026-03-02 14:20:00,95.6945,95.7542,95.5852,95.5852,30587.0
2026-03-02 14:25:00,95.5653,95.8934,95.5255,95.8934,33352.0
2026-03-02 14:30:00,95.9133,96.1518,95.9133,96.127,54248.0
2026-03-02 14:35:00,96.127,96.2314,96.1022,96.1618,35253.0
2026-03-02 14:40:00,96.1817,96.2414,96.0954,96.1718,50797.0
2026-03-02 14:45:00,96.1569,96.2414,96.1022,96.142,44451.0
2026-03-02 14:50:00,96.142,96.2752,96.1221,96.2165,32440.0
2026-03-02 14:55:00,96.2414,96.2414,96.0922,96.1469,33946.0
2026-03-02 15:00:00,96.1469,96.3159,96.1469,96.2463,52079.0
2026-03-02 15:05:00,96.2613,96.2911,95.9332,95.9928,311877.0
2026-03-02 15:10:00,95.9431,96.0922,95.9033,95.9928,56645.0
2026-03-02 15:15:00,95.9829,96.2165,95.925,96.1519,51743.0
2026-03-02 15:20:00,96.1221,96.2513,96.0624,96.1966,54359.0
2026-03-02 15:25:00,96.1817,96.3408,96.1618,96.1966,64167.0
2026-03-02 15:30:00,96.1917,96.2911,96.1618,96.1817,61482.0
2026-03-02 15:35:00,96.1718,96.3209,96.1544,96.2265,63092.0
2026-03-02 15:40:00,96.2215,96.2613,96.0724,96.2115,89687.0
2026-03-02 15:45:00,96.2066,96.3657,96.2066,96.3657,152559.0
2026-03-02 15:50:00,96.3706,96.5446,96.2115,96.2314,314617.0
2026-03-02 15:55:00,96.2414,96.4104,96.142,96.142,708393.0
2026-03-03 09:30:00,94.3722,94.5611,93.8751,94.0044,180627.0
2026-03-03 09:35:00,94.0044,94.8693,93.9646,94.6953,81540.0
2026-03-03 09:40:00,94.6964,94.9091,94.6307,94.6307,68738.0
2026-03-03 09:45:00,94.6755,94.8196,94.4021,94.4617,97019.0
2026-03-03 09:50:00,94.4616,94.8296,94.3921,94.7997,157265.0
2026-03-03 09:55:00,94.7799,94.9389,94.5412,94.581,160092.0
2026-03-03 10:00:00,94.6208,94.7401,94.4518,94.6009,96258.0
2026-03-03 10:05:00,94.591,94.9388,94.4418,94.5015,188173.0
2026-03-03 10:10:00,94.5214,94.7799,94.4219,94.588,88646.0
2026-03-03 10:15:00,94.6108,94.6108,94.1634,94.238,69630.0
2026-03-03 10:20:00,94.238,94.2529,93.9447,94.233,86694.0
2026-03-03 10:25:00,94.233,94.4318,94.1137,94.233,86584.0
2026-03-03 10:30:00,94.1933,94.2629,93.8751,93.9049,75073.0
2026-03-03 10:35:00,93.9546,94.3374,93.895,94.2927,88499.0
2026-03-03 10:40:00,94.3126,94.4567,94.1634,94.4468,124637.0
2026-03-03 10:45:00,94.4468,94.6258,94.3871,94.5214,83816.0
2026-03-03 10:50:00,94.4915,94.5114,94.0541,94.0541,39152.0
2026-03-03 10:55:00,94.069,94.233,93.8652,94.0988,83363.0
2026-03-03 11:00:00,94.1088,94.1734,93.8552,94.059,60450.0
2026-03-03 11:05:00,94.0193,94.4617,94.0193,94.407,44048.0
2026-03-03 11:10:00,94.4368,94.7003,94.4368,94.5959,102755.0
2026-03-03 11:15:00,94.6407,94.7997,94.6307,94.6742,50788.0
2026-03-03 11:20:00,94.6605,94.8992,94.6506,94.8992,34217.0
2026-03-03 11:25:00,94.9091,95.0781,94.8693,94.929,59026.0
2026-03-03 11:30:00,94.8992,94.929,94.6904,94.8324,47159.0
2026-03-03 11:35:00,94.8495,95.0781,94.8495,95.0334,53020.0
2026-03-03 11:40:00,95.0085,95.0781,94.8594,95.0085,33540.0
2026-03-03 11:45:00,95.0085,95.3267,94.9489,95.1577,34482.0
2026-03-03 11:50:00,95.1278,95.1925,95.0334,95.1476,22616.0
2026-03-03 11:55:00,95.1129,95.2273,94.9788,95.0682,80496.0
2026-03-03 12:00:00,95.108,95.108,94.8196,94.9389,54610.0
2026-03-03 12:05:00,94.9688,95.0582,94.929,94.9439,44861.0
2026-03-03 12:10:00,94.9439,95.0185,94.919,94.9688,13647.0
2026-03-03 12:15:00,94.9389,95.0185,94.9141,95.0135,34286.0
2026-03-03 12:20:00,95.0085,95.2571,94.9389,95.2571,28372.0
2026-03-03 12:25:00,95.2372,95.2372,95.0682,95.1974,23048.0
2026-03-03 12:30:00,95.2024,95.2024,94.929,94.9439,33756.0
2026-03-03 12:35:00,94.9091,95.0384,94.8693,94.9986,21548.0
2026-03-03 12:40:00,95.0085,95.2571,94.9737,95.1974,26842.0
2026-03-03 12:45:00,95.2074,95.2364,95.0981,95.2273,19444.0
2026-03-03 12:50:00,95.2075,95.2165,94.9489,94.9489,27100.0
2026-03-03 12:55:00,94.9638,95.1378,94.9638,95.0433,24992.0
2026-03-03 13:00:00,95.0384,95.267,95.0085,95.1974,30099.0
2026-03-03 13:05:00,95.2173,95.267,95.1676,95.1875,22173.0
2026-03-03 13:10:00,95.2148,95.2148,94.9986,95.0582,29592.0
2026-03-03 13:15:00,95.0533,95.2074,95.0483,95.1278,23535.0
2026-03-03 13:20:00,95.1477,95.3317,95.1477,95.272,22769.0
2026-03-03 13:25:00,95.277,95.4261,95.2621,95.3764,22541.0
2026-03-03 13:30:00,95.3665,95.5554,95.3665,95.4696,33616.0
2026-03-03 13:35:00,95.446,95.784,95.446,95.784,66079.0
2026-03-03 13:40:00,95.794,95.8835,95.7343,95.7542,55770.0
2026-03-03 13:45:00,95.7244,95.9232,95.5852,95.8835,47338.0
2026-03-03 13:50:00,95.8636,95.8984,95.7791,95.8039,39442.0
2026-03-03 13:55:00,95.794,95.8536,95.6299,95.6548,42981.0
2026-03-03 14:00:00,95.6698,95.764,95.5454,95.5653,29393.0
2026-03-03 14:05:00,95.615,96.0326,95.5255,95.953,73495.0
2026-03-03 14:10:00,95.968,96.1171,95.9133,96.0725,53121.0
2026-03-03 14:15:00,96.0823,96.1121,96.0127,96.0624,35718.0
2026-03-03 14:20:00,96.0823,96.1519,96.0227,96.0525,49237.0
2026-03-03 14:25:00,96.0624,96.0624,95.8139,95.8636,39092.0
2026-03-03 14:30:00,95.8337,95.9232,95.7194,95.7641,45587.0
2026-03-03 14:35:00,95.7741,96.0425,95.6846,95.968,54429.0
2026-03-03 14:40:00,95.9928,96.2414,95.9928,96.2016,56968.0
2026-03-03 14:45:00,96.2016,96.2811,96.1817,96.2066,36867.0
2026-03-03 14:50:00,96.2066,96.2513,96.0475,96.0624,45210.0
2026-03-03 14:55:00,96.0525,96.311,95.9829,96.2811,86778.0
2026-03-03 15:00:00,96.2712,96.475,96.2513,96.475,95948.0
2026-03-03 15:05:00,96.47,96.5297,96.3806,96.4502,84261.0
2026-03-03 15:10:00,96.4502,96.4999,96.311,96.311,65410.0
2026-03-03 15:15:00,96.301,96.3607,96.2613,96.2961,70178.0
2026-03-03 15:20:00,96.311,96.4203,96.2115,96.2414,64083.0
2026-03-03 15:25:00,96.2463,96.5297,96.2314,96.3905,68915.0
2026-03-03 15:30:00,96.3955,96.4104,96.2811,96.2811,76549.0
2026-03-03 15:35:00,96.2811,96.3607,96.2165,96.2513,61230.0
2026-03-03 15:40:00,96.2513,96.2811,96.132,96.1817,85621.0
2026-03-03 15:45:00,96.1817,96.301,96.1221,96.2762,112091.0
2026-03-03 15:50:00,96.2513,96.3309,96.0724,96.1221,191916.0
2026-03-03 15:55:00,96.1022,96.2115,96.0425,96.1121,464459.0
2026-03-04 09:30:00,96.7882,97.1262,95.8238,95.9232,134451.0
2026-03-04 09:35:00,95.8337,96.0437,95.2969,95.9729,70508.0
2026-03-04 09:40:00,96.0425,96.5496,95.953,96.0425,74119.0
2026-03-04 09:45:00,96.1221,96.301,95.9332,96.142,36063.0
2026-03-04 09:50:00,96.132,96.475,96.0624,96.4601,36832.0
2026-03-04 09:55:00,96.4502,96.8379,96.2911,96.7385,42312.0
2026-03-04 10:00:00,96.7932,96.9373,96.6838,96.7385,79246.0
2026-03-04 10:05:00,96.7778,97.1262,96.5993,97.0691,62477.0
2026-03-04 10:10:00,97.0865,97.2306,96.9373,96.9473,73777.0
2026-03-04 10:15:00,96.9473,97.2157,96.8379,97.166,86681.0
2026-03-04 10:20:00,97.2157,97.2157,96.7683,96.91,63352.0
2026-03-04 10:25:00,96.9274,96.9373,96.6937,96.8379,34752.0
2026-03-04 10:30:00,96.7981,96.8876,96.7285,96.7435,41383.0
2026-03-04 10:35:00,96.7683,96.7683,96.4402,96.6092,112472.0
2026-03-04 10:40:00,96.5894,96.8081,96.5894,96.7884,38865.0
2026-03-04 10:45:00,96.8081,97.0765,96.7633,96.8903,124168.0
2026-03-04 10:50:00,96.8876,96.9373,96.7584,96.8677,62167.0
2026-03-04 10:55:00,96.8578,97.0368,96.8578,96.9373,93584.0
2026-03-04 11:00:00,96.9473,96.987,96.6391,96.649,74809.0
2026-03-04 11:05:00,96.649,96.8479,96.6092,96.818,66489.0
2026-03-04 11:10:00,96.828,96.8976,96.6391,96.8777,50404.0
2026-03-04 11:15:00,96.8976,97.1262,96.8926,97.0467,86468.0
2026-03-04 11:20:00,97.0169,97.0765,96.9274,97.0517,37199.0
2026-03-04 11:25:00,97.0268,97.0914,96.8777,96.9025,76300.0
2026-03-04 11:30:00,96.9174,97.1859,96.8777,97.0964,51766.0
2026-03-04 11:35:00,97.0765,97.1362,96.9672,96.9721,33533.0
2026-03-04 11:40:00,97.0069,97.2605,96.997,97.1561,43802.0
2026-03-04 11:45:00,97.1461,97.3251,97.0368,97.2257,89481.0
2026-03-04 11:50:00,97.2058,97.2157,97.1064,97.162,30138.0
2026-03-04 11:55:00,97.1262,97.166,96.8777,96.8802,42115.0
2026-03-04 12:00:00,96.8777,97.0964,96.8677,97.0616,68248.0
2026-03-04 12:05:00,97.0566,97.1561,96.987,97.0964,32219.0
2026-03-04 12:10:00,97.1163,97.1561,97.0666,97.1362,27661.0
2026-03-04 12:15:00,97.1461,97.166,96.9075,96.9573,73767.0
2026-03-04 12:20:00,96.9771,97.0467,96.8976,96.9672,37737.0
2026-03-04 12:25:00,96.992,97.0437,96.9274,96.9672,27096.0
2026-03-04 12:30:00,96.9672,97.1461,96.9572,97.1163,30932.0
2026-03-04 12:35:00,97.1561,97.2455,97.1213,97.2356,25541.0
2026-03-04 12:40:00,97.2356,97.2704,97.1412,97.2157,24058.0
2026-03-04 12:45:00,97.2356,97.2654,97.1743,97.2555,22528.0
2026-03-04 12:50:00,97.2121,97.3947,97.2121,97.3549,34376.0
2026-03-04 12:55:00,97.345,97.4046,97.2351,97.2853,19697.0
2026-03-04 13:00:00,97.2704,97.3052,97.2455,97.2903,23335.0
2026-03-04 13:05:00,97.2903,97.5339,97.2853,97.4913,59859.0
2026-03-04 13:10:00,97.5038,97.6134,97.4344,97.4344,34994.0
2026-03-04 13:15:00,97.4195,97.504,97.2654,97.2654,43691.0
2026-03-04 13:20:00,97.2505,97.2754,97.166,97.2406,41874.0
2026-03-04 13:25:00,97.2455,97.3251,97.1759,97.2157,44618.0
2026-03-04 13:30:00,97.2455,97.4046,97.1809,97.3052,39737.0
2026-03-04 13:35:00,97.3201,97.335,97.1809,97.2853,31343.0
2026-03-04 13:40:00,97.2357,97.4344,97.2357,97.3847,57482.0
2026-03-04 13:45:00,97.4046,97.4543,97.2455,97.3743,61617.0
2026-03-04 13:50:00,97.3748,97.4344,97.345,97.4046,66420.0
2026-03-04 13:55:00,97.3847,97.3847,97.1014,97.3102,55821.0
2026-03-04 14:00:00,97.3052,97.335,97.2008,97.3301,47699.0
2026-03-04 14:05:00,97.3301,97.345,97.2157,97.2356,78809.0
2026-03-04 14:10:00,97.2356,97.3102,97.1958,97.2008,126592.0
2026-03-04 14:15:00,97.2127,97.2157,97.0517,97.0517,41459.0
2026-03-04 14:20:00,97.0517,97.0566,96.8006,96.8926,49952.0
2026-03-04 14:25:00,96.8777,96.9075,96.7584,96.8379,99496.0
2026-03-04 14:30:00,96.8379,96.9125,96.8379,96.8677,44339.0
2026-03-04 14:35:00,96.8777,96.8976,96.6321,96.7087,35373.0
2026-03-04 14:40:00,96.7186,96.7285,96.48,96.5098,40937.0
2026-03-04 14:45:00,96.4999,96.4999,96.3905,96.3955,29229.0
2026-03-04 14:50:00,96.3905,96.4949,96.3706,96.3855,48254.0
2026-03-04 14:55:00,96.3856,96.4601,96.2513,96.3767,35653.0
2026-03-04 15:00:00,96.3905,96.649,96.3607,96.3706,59310.0
2026-03-04 15:05:00,96.3557,96.4899,96.311,96.4352,85063.0
2026-03-04 15:10:00,96.4352,96.4352,96.2811,96.3905,58925.0
2026-03-04 15:15:00,96.3806,96.5794,96.3706,96.5794,34867.0
2026-03-04 15:20:00,96.5297,96.6242,96.5198,96.5695,49204.0
2026-03-04 15:25:00,96.5794,96.6391,96.5098,96.5198,57901.0
2026-03-04 15:30:00,96.5098,96.6291,96.5048,96.6192,59291.0
2026-03-04 15:35:00,96.6092,96.6888,96.5844,96.6391,68812.0
2026-03-04 15:40:00,96.6398,96.6788,96.5497,96.649,79674.0
2026-03-04 15:45:00,96.649,96.7037,96.5695,96.5794,82565.0
2026-03-04 15:50:00,96.5894,96.659,96.5148,96.5844,166243.0
2026-03-04 15:55:00,96.5894,96.6888,96.5595,96.5595,386813.0
2026-03-05 09:30:00,96.5595,97.5836,96.3756,96.997,234192.0
2026-03-05 09:35:00,96.9771,97.6134,96.9771,97.5786,129177.0
2026-03-05 09:40:00,97.5786,97.8222,97.3451,97.4444,130120.0
2026-03-05 09:45:00,97.514,97.6333,97.3649,97.3897,128136.0
2026-03-05 09:50:00,97.3847,97.5935,97.2356,97.4046,193063.0
2026-03-05 09:55:00,97.3151,97.6929,97.3052,97.6432,59718.0
2026-03-05 10:00:00,97.6532,97.9564,97.6333,97.9316,181632.0
2026-03-05 10:05:00,97.9017,97.9316,97.6569,97.8272,120183.0
2026-03-05 10:10:00,97.8272,97.9316,97.5539,97.678,137129.0
2026-03-05 10:15:00,97.7228,97.862,97.6134,97.6582,185029.0
2026-03-05 10:20:00,97.686,97.8421,97.2356,97.2381,146487.0
2026-03-05 10:25:00,97.2058,97.6234,96.9846,97.4146,380056.0
2026-03-05 10:30:00,97.3748,97.4444,96.9771,97.3748,279129.0
2026-03-05 10:35:00,97.3798,97.3847,97.0517,97.3151,68636.0
2026-03-05 10:40:00,97.3649,97.6929,97.3649,97.5339,37390.0
2026-03-05 10:45:00,97.5289,97.6731,97.4344,97.4344,34508.0
2026-03-05 10:50:00,97.4941,97.6582,97.3847,97.3847,38515.0
2026-03-05 10:55:00,97.3946,97.3946,97.0865,97.2953,86231.0
2026-03-05 11:00:00,97.3251,97.4842,97.3002,97.3649,100767.0
2026-03-05 11:05:00,97.2853,97.3947,97.2654,97.3947,79825.0
2026-03-05 11:10:00,97.3748,97.4742,97.3251,97.3251,85184.0
2026-03-05 11:15:00,97.335,97.4245,97.2953,97.3847,75770.0
2026-03-05 11:20:00,97.3649,97.4344,97.2356,97.4344,107572.0
2026-03-05 11:25:00,97.4304,97.4842,97.3649,97.4394,37309.0
2026-03-05 11:30:00,97.4742,97.6532,97.4046,97.504,22972.0
2026-03-05 11:35:00,97.4941,97.6035,97.4096,97.4643,48581.0
2026-03-05 11:40:00,97.4792,97.6532,97.4444,97.6532,28703.0
2026-03-05 11:45:00,97.6532,97.7228,97.5339,97.6532,97137.0
2026-03-05 11:50:00,97.7029,97.8819,97.683,97.8669,45495.0
2026-03-05 11:55:00,97.8918,98.0012,97.8819,97.9664,64662.0
2026-03-05 12:00:00,97.9713,98.2099,97.9564,98.1776,55862.0
2026-03-05 12:05:00,98.1702,98.3591,98.1404,98.3044,138485.0
2026-03-05 12:10:00,98.2795,98.2795,98.1304,98.1851,65023.0
2026-03-05 12:15:00,98.2,98.2298,97.9514,98.0608,79241.0
2026-03-05 12:20:00,98.0807,98.1404,97.8023,97.8023,79741.0
2026-03-05 12:25:00,97.7725,97.7725,97.1362,97.1561,85104.0
2026-03-05 12:30:00,97.1163,97.4046,97.0716,97.3549,156689.0
2026-03-05 12:35:00,97.3301,97.5736,97.3301,97.4643,57690.0
2026-03-05 12:40:00,97.4593,97.6631,97.4096,97.4842,88184.0
2026-03-05 12:45:00,97.4941,97.6134,97.4096,97.4742,92970.0
2026-03-05 12:50:00,97.4941,97.6333,97.3847,97.514,143521.0
2026-03-05 12:55:00,97.514,97.6532,97.4444,97.6283,66127.0
2026-03-05 13:00:00,97.6134,97.6432,97.5239,97.6234,32946.0
2026-03-05 13:05:00,97.5935,97.6532,97.4593,97.6532,61071.0
2026-03-05 13:10:00,97.6462,97.7824,97.5538,97.7029,51927.0
2026-03-05 13:15:00,97.683,97.8123,97.6165,97.6432,47381.0
2026-03-05 13:20:00,97.6432,97.7725,97.6035,97.6035,55380.0
2026-03-05 13:25:00,97.5986,97.6532,97.345,97.3947,107235.0
2026-03-05 13:30:00,97.4245,97.5637,97.1859,97.2754,156491.0
2026-03-05 13:35:00,97.2903,97.3558,97.2058,97.2058,36960.0
2026-03-05 13:40:00,97.2058,97.3151,96.997,97.0119,72972.0
2026-03-05 13:45:00,96.997,97.1958,96.6888,97.166,72630.0
2026-03-05 13:50:00,97.1362,97.2257,97.0566,97.1218,75317.0
2026-03-05 13:55:00,97.1362,97.2058,97.0765,97.1362,32275.0
2026-03-05 14:00:00,97.1561,97.2257,97.0069,97.0069,45475.0
2026-03-05 14:05:00,97.0368,97.2406,97.0069,97.0169,42563.0
2026-03-05 14:10:00,97.0119,97.2356,96.997,97.2107,40228.0
2026-03-05 14:15:00,97.2107,97.335,97.1561,97.335,46334.0
2026-03-05 14:20:00,97.335,97.4444,97.3251,97.3499,51997.0
2026-03-05 14:25:00,97.3549,97.3748,97.1759,97.2356,41019.0
2026-03-05 14:30:00,97.2257,97.3847,97.1809,97.3549,52681.0
2026-03-05 14:35:00,97.345,97.4339,97.3151,97.3748,36548.0
2026-03-05 14:40:00,97.3748,97.5543,97.3748,97.4444,58461.0
2026-03-05 14:45:00,97.4543,97.5736,97.3748,97.4344,43172.0
2026-03-05 14:50:00,97.4146,97.7551,97.3897,97.7029,47546.0
2026-03-05 14:55:00,97.6979,97.7924,97.6235,97.7824,71158.0
2026-03-05 15:00:00,97.7625,97.7924,97.4245,97.5637,84860.0
2026-03-05 15:05:00,97.5239,97.688,97.3947,97.688,54344.0
2026-03-05 15:10:00,97.6979,97.9117,97.683,97.7874,81230.0
2026-03-05 15:15:00,97.7874,97.9017,97.6432,97.8172,95221.0
2026-03-05 15:20:00,97.8172,97.8918,97.7725,97.8669,52815.0
2026-03-05 15:25:00,97.8819,98.011,97.7726,97.8421,120695.0
2026-03-05 15:30:00,97.8421,97.9316,97.8172,97.8421,70126.0
2026-03-05 15:35:00,97.8421,97.9614,97.8073,97.9216,99826.0
2026-03-05 15:40:00,97.9216,98.1105,97.9017,98.1006,98224.0
2026-03-05 15:45:00,98.1105,98.1304,97.8918,98.1254,181042.0
2026-03-05 15:50:00,98.1205,98.2696,98.0757,98.2398,266149.0
2026-03-05 15:55:00,98.2298,98.2398,97.8719,98.1304,804806.0
2026-03-06 09:30:00,96.5098,97.0225,96.2488,96.8578,343062.0
2026-03-06 09:35:00,96.7882,96.7882,96.3309,96.3507,175286.0
2026-03-06 09:40:00,96.3806,96.4402,95.8536,95.9282,242037.0
2026-03-06 09:45:00,95.8735,95.8735,95.0085,95.2372,285562.0
2026-03-06 09:50:00,95.2223,95.8735,95.108,95.8238,264232.0
2026-03-06 09:55:00,95.8089,95.8089,95.446,95.5752,162495.0
2026-03-06 10:00:00,95.5504,95.8835,95.103,95.7095,166204.0
2026-03-06 10:05:00,95.7542,95.8934,95.3863,95.4858,138388.0
2026-03-06 10:10:00,95.4858,96.2016,95.4162,96.2016,163400.0
2026-03-06 10:15:00,96.2016,96.4402,95.9929,96.1618,312614.0
2026-03-06 10:20:00,96.1469,96.47,96.142,96.3706,212036.0
2026-03-06 10:25:00,96.3706,96.7087,96.2712,96.6391,185670.0
2026-03-06 10:30:00,96.7087,96.997,96.6987,96.9672,133561.0
2026-03-06 10:35:00,96.997,97.2257,96.9274,97.2257,123614.0
2026-03-06 10:40:00,97.1958,97.2207,96.8578,96.8677,61437.0
2026-03-06 10:45:00,96.8374,96.8429,96.4005,96.5098,98248.0
2026-03-06 10:50:00,96.485,96.5695,96.2811,96.5695,68355.0
2026-03-06 10:55:00,96.5794,97.1163,96.5794,97.0765,108267.0
2026-03-06 11:00:00,97.0765,97.2207,96.9572,97.2058,61236.0
2026-03-06 11:05:00,97.2058,97.2157,96.9771,96.9771,85885.0
2026-03-06 11:10:00,96.9771,97.0765,96.8479,96.8777,70271.0
2026-03-06 11:15:00,96.8479,97.0517,96.8479,97.0517,79031.0
2026-03-06 11:20:00,97.0218,97.2058,96.8503,97.1958,96437.0
2026-03-06 11:25:00,97.1759,97.3052,97.0467,97.1859,92278.0
2026-03-06 11:30:00,97.2257,97.2853,97.0417,97.0716,75393.0
2026-03-06 11:35:00,97.0914,97.3151,97.0914,97.2455,77316.0
2026-03-06 11:40:00,97.2505,97.3548,97.016,97.0368,55306.0
2026-03-06 11:45:00,97.0368,97.2555,97.0368,97.0467,55098.0
2026-03-06 11:50:00,97.0865,97.1412,96.9373,96.9672,70471.0
2026-03-06 11:55:00,96.987,97.1958,96.9274,97.1262,169372.0
2026-03-06 12:00:00,97.1362,97.4842,97.0119,97.4245,202319.0
2026-03-06 12:05:00,97.4245,97.4245,97.1113,97.2157,125724.0
2026-03-06 12:10:00,97.186,97.3102,97.1362,97.2356,54463.0
2026-03-06 12:15:00,97.2356,97.3649,97.1859,97.2356,152880.0
2026-03-06 12:20:00,97.2107,97.486,97.2058,97.4146,44814.0
2026-03-06 12:25:00,97.3997,97.3997,97.1163,97.2257,37616.0
2026-03-06 12:30:00,97.2257,97.3251,97.1561,97.3002,40174.0
2026-03-06 12:35:00,97.2754,97.2754,97.1213,97.2356,62233.0
2026-03-06 12:40:00,97.2455,97.2654,97.0169,97.1163,67665.0
2026-03-06 12:45:00,97.1064,97.3052,97.1064,97.2903,76486.0
2026-03-06 12:50:00,97.2903,97.4046,97.1958,97.2356,37497.0
2026-03-06 12:55:00,97.2257,97.4195,97.2207,97.3251,37578.0
2026-03-06 13:00:00,97.3251,97.5538,97.3251,97.4543,35165.0
2026-03-06 13:05:00,97.4643,97.6979,97.4593,97.6084,55428.0
2026-03-06 13:10:00,97.6134,97.8123,97.4941,97.6929,124152.0
2026-03-06 13:15:00,97.683,97.7526,97.5837,97.7327,46758.0
2026-03-06 13:20:00,97.7128,97.7725,97.6671,97.6681,37231.0
2026-03-06 13:25:00,97.6731,97.7625,97.6234,97.7128,49190.0
2026-03-06 13:30:00,97.7029,97.8123,97.6432,97.6532,43022.0
2026-03-06 13:35:00,97.6084,97.7526,97.5339,97.7228,44631.0
2026-03-06 13:40:00,97.7427,97.9216,97.7427,97.8663,82486.0
2026-03-06 13:45:00,97.8819,98.0708,97.8669,98.0708,58824.0
2026-03-06 13:50:00,98.0757,98.2597,98.0111,98.1553,81406.0
2026-03-06 13:55:00,98.1652,98.3839,98.1553,98.3293,59747.0
2026-03-06 14:00:00,98.3193,98.3392,98.0857,98.1198,58519.0
2026-03-06 14:05:00,98.1205,98.2696,98.1205,98.205,38772.0
2026-03-06 14:10:00,98.205,98.2497,98.147,98.1901,37930.0
2026-03-06 14:15:00,98.1901,98.2497,98.1106,98.2348,35362.0
2026-03-06 14:20:00,98.2199,98.3293,98.1802,98.2597,89658.0
2026-03-06 14:25:00,98.2348,98.2398,98.1404,98.1503,34539.0
2026-03-06 14:30:00,98.1702,98.3491,98.1315,98.3193,74199.0
2026-03-06 14:35:00,98.2845,98.5281,98.2597,98.5032,97519.0
2026-03-06 14:40:00,98.5032,98.6474,98.5032,98.5281,52076.0
2026-03-06 14:45:00,98.5182,98.5281,98.2398,98.2746,47959.0
2026-03-06 14:50:00,98.2597,98.3591,98.2099,98.3442,72701.0
2026-03-06 14:55:00,98.3293,98.3496,98.2298,98.2398,71360.0
2026-03-06 15:00:00,98.2298,98.2398,98.1105,98.1851,88865.0
2026-03-06 15:05:00,98.2099,98.3094,98.1811,98.2497,79256.0
2026-03-06 15:10:00,98.2348,98.2696,98.0807,98.1404,92026.0
2026-03-06 15:15:00,98.1702,98.2099,98.0708,98.1354,76912.0
2026-03-06 15:20:00,98.1354,98.1901,98.031,98.0608,142296.0
2026-03-06 15:25:00,98.0608,98.2994,98.0608,98.2597,135631.0
2026-03-06 15:30:00,98.2597,98.3392,98.1503,98.2348,128613.0
2026-03-06 15:35:00,98.2348,98.3591,98.1304,98.2547,196685.0
2026-03-06 15:40:00,98.2696,98.369,98.1702,98.3193,186751.0
2026-03-06 15:45:00,98.3392,98.4535,98.2945,98.4486,135595.0
2026-03-06 15:50:00,98.4585,98.4684,98.1851,98.4386,367744.0
2026-03-06 15:55:00,98.4386,98.4386,98.2298,98.4187,819881.0
2026-03-09 09:30:00,97.683,97.8321,97.0778,97.683,252578.0
2026-03-09 09:35:00,97.683,97.7725,97.4046,97.4344,181084.0
2026-03-09 09:40:00,97.4235,97.4235,96.6987,96.8876,310240.0
2026-03-09 09:45:00,96.8429,97.1859,96.6639,97.0566,122255.0
2026-03-09 09:50:00,97.0964,97.1014,96.2613,96.4402,318988.0
2026-03-09 09:55:00,96.47,96.9373,96.47,96.7832,132290.0
2026-03-09 10:00:00,96.7633,96.818,96.5347,96.7882,148002.0
2026-03-09 10:05:00,96.8081,96.8876,96.6192,96.8628,194950.0
2026-03-09 10:10:00,96.8628,97.0368,96.6987,96.7981,250950.0
2026-03-09 10:15:00,96.7932,96.828,96.5478,96.5894,134185.0
2026-03-09 10:20:00,96.5894,96.659,96.4303,96.5247,211392.0
2026-03-09 10:25:00,96.5496,96.6192,96.3707,96.6092,132559.0
2026-03-09 10:30:00,96.6291,96.7236,96.5148,96.6142,123714.0
2026-03-09 10:35:00,96.5993,96.9075,96.47,96.828,57392.0
2026-03-09 10:40:00,96.818,96.997,96.7584,96.987,69729.0
2026-03-09 10:45:00,97.0069,97.3451,96.9771,97.335,86722.0
2026-03-09 10:50:00,97.335,97.6084,97.1561,97.5339,82716.0
2026-03-09 10:55:00,97.5289,97.7228,97.4643,97.7029,124927.0
2026-03-09 11:00:00,97.6631,97.9514,97.6035,97.852,147054.0
2026-03-09 11:05:00,97.852,97.852,97.4344,97.5388,68914.0
2026-03-09 11:10:00,97.5438,97.7228,97.504,97.7153,58028.0
2026-03-09 11:15:00,97.7327,97.7924,97.6084,97.7625,57149.0
2026-03-09 11:20:00,97.7327,97.7725,97.5339,97.7725,63306.0
2026-03-09 11:25:00,97.7576,97.7824,97.6234,97.6631,54633.0
2026-03-09 11:30:00,97.6283,97.6383,97.2853,97.2903,88592.0
2026-03-09 11:35:00,97.2953,97.4444,97.2257,97.345,72796.0
2026-03-09 11:40:00,97.345,97.4991,97.2555,97.2555,65303.0
2026-03-09 11:45:00,97.2467,97.4344,97.2467,97.3251,55175.0
2026-03-09 11:50:00,97.2953,97.3748,97.1859,97.2107,57182.0
2026-03-09 11:55:00,97.1959,97.2754,97.0666,97.1362,55099.0
2026-03-09 12:00:00,97.1014,97.1561,96.9821,97.0865,54579.0
2026-03-09 12:05:00,97.0964,97.166,96.987,97.1362,62279.0
2026-03-09 12:10:00,97.166,97.4344,97.1064,97.2207,87680.0
2026-03-09 12:15:00,97.2157,97.2157,96.3408,96.7005,95057.0
2026-03-09 12:20:00,96.7385,96.9373,96.6291,96.9224,67485.0
2026-03-09 12:25:00,96.8876,97.0765,96.8799,96.9672,49063.0
2026-03-09 12:30:00,96.9927,97.2157,96.9821,97.2058,44572.0
2026-03-09 12:35:00,97.2157,97.504,97.2157,97.4941,95829.0
2026-03-09 12:40:00,97.4941,97.8023,97.4792,97.7625,60790.0
2026-03-09 12:45:00,97.7625,97.9415,97.7029,97.8321,77075.0
2026-03-09 12:50:00,97.8719,98.0009,97.8421,97.8918,48469.0
2026-03-09 12:55:00,97.8868,98.0111,97.8819,97.9813,70728.0
2026-03-09 13:00:00,97.9713,98.0111,97.9117,97.9813,61310.0
2026-03-09 13:05:00,98.0012,98.0509,97.9316,98.0509,47485.0
2026-03-09 13:10:00,98.0414,98.1006,97.7427,97.7625,95181.0
2026-03-09 13:15:00,97.7179,97.8065,97.5438,97.5438,48018.0
2026-03-09 13:20:00,97.5538,97.5538,97.3549,97.4096,69805.0
2026-03-09 13:25:00,97.4046,97.4046,97.2257,97.3002,65035.0
2026-03-09 13:30:00,97.2853,97.335,97.2605,97.2704,42641.0
2026-03-09 13:35:00,97.2704,97.335,97.2058,97.2654,42406.0
2026-03-09 13:40:00,97.2853,97.4195,97.186,97.2257,48845.0
2026-03-09 13:45:00,97.2207,97.4046,97.2207,97.3251,78304.0
2026-03-09 13:50:00,97.3002,97.4344,97.1461,97.4295,48947.0
2026-03-09 13:55:00,97.4295,97.4692,97.2655,97.3649,44305.0
2026-03-09 14:00:00,97.3748,97.4792,97.3748,97.4295,45603.0
2026-03-09 14:05:00,97.4195,97.5339,97.2953,97.345,48723.0
2026-03-09 14:10:00,97.345,97.4941,97.2953,97.4891,32167.0
2026-03-09 14:15:00,97.4891,97.7029,97.4444,97.683,49480.0
2026-03-09 14:20:00,97.7128,97.8421,97.6351,97.7526,41218.0
2026-03-09 14:25:00,97.7427,98.031,97.7427,98.031,81454.0
2026-03-09 14:30:00,98.0708,98.2199,98.0608,98.1751,59493.0
2026-03-09 14:35:00,98.1304,98.3094,98.1304,98.2895,47422.0
2026-03-09 14:40:00,98.2795,98.2994,98.1602,98.2298,40568.0
2026-03-09 14:45:00,98.2447,98.3592,98.2447,98.3035,48298.0
2026-03-09 14:50:00,98.2895,98.379,98.2398,98.3342,47982.0
2026-03-09 14:55:00,98.3392,98.369,98.2597,98.2795,50214.0
2026-03-09 15:00:00,98.3094,98.4088,98.2994,98.3592,55223.0
2026-03-09 15:05:00,98.3541,98.4088,98.0807,98.369,94969.0
2026-03-09 15:10:00,98.3591,98.5082,98.3501,98.4684,59538.0
2026-03-09 15:15:00,98.4684,98.7269,98.3989,98.717,74319.0
2026-03-09 15:20:00,98.717,99.1787,98.6872,99.1128,108183.0
2026-03-09 15:25:00,99.1147,99.3881,99.0451,99.3732,101745.0
2026-03-09 15:30:00,99.3732,99.6715,99.2077,99.582,287402.0
2026-03-09 15:35:00,99.5522,99.8007,99.4229,99.7957,143465.0
2026-03-09 15:40:00,99.7908,99.7908,99.4229,99.5919,134761.0
2026-03-09 15:45:00,99.5522,99.6267,99.413,99.5074,227533.0
2026-03-09 15:50:00,99.5124,99.5124,99.1545,99.1843,311083.0
2026-03-09 15:55:00,99.1743,99.2241,99.065,99.1743,544275.0
2026-03-10 09:30:00,98.7965,99.6615,98.1056,98.2224,229317.0
2026-03-10 09:35:00,98.1304,98.2099,97.6929,97.9514,222339.0
2026-03-10 09:40:00,97.9514,98.2199,97.7228,98.2199,163994.0
2026-03-10 09:45:00,98.2,98.9258,98.2,98.9258,273166.0
2026-03-10 09:50:00,98.9755,99.0948,98.7667,98.9805,77892.0
2026-03-10 09:55:00,98.9656,99.011,98.6375,98.8164,47692.0
2026-03-10 10:00:00,98.8661,98.9754,98.717,98.9218,55145.0
2026-03-10 10:05:00,98.9308,99.1048,98.896,99.0252,56469.0
2026-03-10 10:10:00,99.0053,99.052,98.9059,99.0153,64379.0
2026-03-10 10:15:00,99.0153,99.1644,98.8711,99.1545,50359.0
2026-03-10 10:20:00,99.1743,99.2986,99.0451,99.1097,66476.0
2026-03-10 10:25:00,99.1445,99.3384,99.0253,99.3234,95581.0
2026-03-10 10:30:00,99.3235,99.7112,99.3155,99.6219,98889.0
2026-03-10 10:35:00,99.6019,99.7013,99.4328,99.5372,55430.0
2026-03-10 10:40:00,99.5372,99.6068,99.4328,99.6068,46925.0
2026-03-10 10:45:00,99.6218,99.6913,99.4428,99.5422,33612.0
2026-03-10 10:50:00,99.6218,99.92,99.572,99.8107,68718.0
2026-03-10 10:55:00,99.8156,99.8803,99.6317,99.8703,61528.0
2026-03-10 11:00:00,99.8902,99.9399,99.7212,99.8007,41539.0
2026-03-10 11:05:00,99.7709,99.8007,99.5024,99.6267,49294.0
2026-03-10 11:10:00,99.6019,99.7112,99.4328,99.4626,62545.0
2026-03-10 11:15:00,99.4328,99.6019,99.2937,99.3642,70274.0
2026-03-10 11:20:00,99.3533,99.4063,99.2838,99.3533,24572.0
2026-03-10 11:25:00,99.3384,99.572,99.3235,99.5522,53269.0
2026-03-10 11:30:00,99.5323,99.6168,99.4925,99.5422,48513.0
2026-03-10 11:35:00,99.5198,99.577,99.3831,99.3831,49339.0
2026-03-10 11:40:00,99.3135,99.5223,99.1942,99.5223,39787.0
2026-03-10 11:45:00,99.5323,99.5919,99.433,99.5124,63803.0
2026-03-10 11:50:00,99.5124,99.5522,99.3036,99.3086,71764.0
2026-03-10 11:55:00,99.3086,99.6416,99.3086,99.6416,122056.0
2026-03-10 12:00:00,99.6317,99.6317,99.4229,99.4279,133021.0
2026-03-10 12:05:00,99.4229,99.4627,99.2439,99.2787,286011.0
2026-03-10 12:10:00,99.3135,99.572,99.3135,99.3446,48517.0
2026-03-10 12:15:00,99.3633,99.5024,99.234,99.4777,40091.0
2026-03-10 12:20:00,99.4726,99.4726,99.3235,99.3434,45187.0
2026-03-10 12:25:00,99.3732,99.4826,99.1843,99.2141,62202.0
2026-03-10 12:30:00,99.2638,99.5152,99.2638,99.4776,48870.0
2026-03-10 12:35:00,99.5024,99.6814,99.4527,99.6715,39368.0
2026-03-10 12:40:00,99.6416,99.7112,99.4229,99.4478,24424.0
2026-03-10 12:45:00,99.4229,99.5422,99.413,99.5223,37130.0
2026-03-10 12:50:00,99.5164,99.6416,99.4875,99.5621,19511.0
2026-03-10 12:55:00,99.5919,99.6765,99.5671,99.6596,19920.0
2026-03-10 13:00:00,99.6218,99.7808,99.6218,99.6764,24231.0
2026-03-10 13:05:00,99.7112,99.8902,99.6957,99.8803,40498.0
2026-03-10 13:10:00,99.8803,100.1523,99.8803,100.1437,73467.0
2026-03-10 13:15:00,100.1189,100.1487,100.0791,100.1388,24281.0
2026-03-10 13:20:00,100.1338,100.268,100.0891,100.2083,48874.0
2026-03-10 13:25:00,100.1934,100.4867,100.1686,100.4818,188963.0
2026-03-10 13:30:00,100.4867,100.5215,100.3674,100.3774,84862.0
2026-03-10 13:35:00,100.3774,100.5563,100.3078,100.3398,227530.0
2026-03-10 13:40:00,100.3426,100.4271,100.089,100.089,67319.0
2026-03-10 13:45:00,100.1238,100.2481,100.0294,100.1388,40106.0
2026-03-10 13:50:00,100.1238,100.3177,100.1189,100.2531,25100.0
2026-03-10 13:55:00,100.2431,100.2431,100.089,100.1388,18343.0
2026-03-10 14:00:00,100.1288,100.2263,100.0493,100.084,35465.0
2026-03-10 14:05:00,100.0741,100.3873,100.0642,100.3127,44016.0
2026-03-10 14:10:00,100.3277,100.3575,99.9705,99.9797,51430.0
2026-03-10 14:15:00,99.9498,100.1487,99.93,100.0095,73306.0
2026-03-10 14:20:00,99.9797,100.0692,99.8206,99.9399,69898.0
2026-03-10 14:25:00,99.93,100.1885,99.93,100.0592,32073.0
2026-03-10 14:30:00,100.099,100.268,100.0344,100.1934,33259.0
2026-03-10 14:35:00,100.1934,100.2381,99.9598,100.1089,38913.0
2026-03-10 14:40:00,100.099,100.2133,100.0493,100.1686,53988.0
2026-03-10 14:45:00,100.1487,100.1785,100.0493,100.0493,26073.0
2026-03-10 14:50:00,100.0692,100.1835,99.9498,99.9847,26566.0
2026-03-10 14:55:00,99.9846,100.1636,99.9001,100.1537,58289.0
2026-03-10 15:00:00,100.1785,100.2978,100.0925,100.2531,44236.0
2026-03-10 15:05:00,100.2531,100.2531,100.1089,100.1537,28378.0
2026-03-10 15:10:00,100.1537,100.2183,99.9997,100.0399,46204.0
2026-03-10 15:15:00,100.0393,100.1388,100.0095,100.104,31985.0
2026-03-10 15:20:00,100.099,100.2183,99.93,100.1835,67222.0
2026-03-10 15:25:00,100.1785,100.2133,99.8902,99.8902,164832.0
2026-03-10 15:30:00,99.8803,99.8803,99.5621,99.6118,111764.0
2026-03-10 15:35:00,99.6118,99.7808,99.5919,99.7709,74526.0
2026-03-10 15:40:00,99.7808,99.9996,99.7411,99.9051,126622.0
2026-03-10 15:45:00,99.92,99.9598,99.746,99.8206,99306.0
2026-03-10 15:50:00,99.8206,99.9697,99.8206,99.9399,231340.0
2026-03-10 15:55:00,99.93,100.1984,99.8007,100.1984,943252.0
2026-03-11 09:30:00,100.4171,101.0982,100.1089,100.4668,192240.0
2026-03-11 09:35:00,100.4171,100.4668,100.099,100.3973,74647.0
2026-03-11 09:40:00,100.3873,100.4917,99.9896,100.0592,94081.0
2026-03-11 09:45:00,100.0542,100.0587,99.4229,99.4726,136431.0
2026-03-11 09:50:00,99.4478,99.6218,99.1147,99.3931,139328.0
2026-03-11 09:55:00,99.4229,99.5124,99.1853,99.4975,79023.0
2026-03-11 10:00:00,99.4826,99.6913,99.3782,99.4428,99435.0
2026-03-11 10:05:00,99.403,99.5621,99.3732,99.4229,108317.0
2026-03-11 10:10:00,99.4229,99.4627,99.234,99.3483,137609.0
2026-03-11 10:15:00,99.3508,99.4527,99.2638,99.3831,122225.0
2026-03-11 10:20:00,99.3732,99.4179,99.0849,99.1843,159346.0
2026-03-11 10:25:00,99.234,99.3732,99.1545,99.3682,55193.0
2026-03-11 10:30:00,99.3682,99.403,99.1743,99.2887,45279.0
2026-03-11 10:35:00,99.3135,99.6317,99.3135,99.5919,57354.0
2026-03-11 10:40:00,99.6019,99.9598,99.5919,99.9399,158144.0
2026-03-11 10:45:00,99.9399,100.2083,99.92,100.0791,115912.0
2026-03-11 10:50:00,100.0592,100.3575,100.0244,100.2183,84785.0
2026-03-11 10:55:00,100.2282,100.3475,100.0741,100.1785,111221.0
2026-03-11 11:00:00,100.1388,100.3575,99.9896,100.0592,110674.0
2026-03-11 11:05:00,100.0592,100.1288,99.8504,100.0841,92567.0
2026-03-11 11:10:00,100.0841,100.1885,99.572,99.572,71494.0
2026-03-11 11:15:00,99.5124,99.6416,99.4726,99.572,129394.0
2026-03-11 11:20:00,99.5621,99.751,99.3036,99.3533,134251.0
2026-03-11 11:25:00,99.3533,99.5919,99.3235,99.3732,125426.0
2026-03-11 11:30:00,99.3682,99.4428,99.2937,99.3682,121731.0
2026-03-11 11:35:00,99.3831,99.4627,99.3434,99.403,92254.0
2026-03-11 11:40:00,99.3981,99.5472,99.3633,99.4826,90042.0
2026-03-11 11:45:00,99.4478,99.6218,99.4328,99.5223,65206.0
2026-03-11 11:50:00,99.4925,99.8107,99.4229,99.7261,76930.0
2026-03-11 11:55:00,99.7261,99.8007,99.5074,99.5472,50444.0
2026-03-11 12:00:00,99.5472,99.5472,99.1346,99.3633,214270.0
2026-03-11 12:05:00,99.3732,99.7808,99.3235,99.7808,148426.0
2026-03-11 12:10:00,99.7808,99.8107,99.5025,99.7013,51428.0
2026-03-11 12:15:00,99.6963,99.7212,99.4826,99.5422,46327.0
2026-03-11 12:20:00,99.5422,99.7311,99.5223,99.5571,31657.0
2026-03-11 12:25:00,99.5571,99.6913,99.4428,99.6168,48628.0
2026-03-11 12:30:00,99.6516,100.0095,99.6218,99.92,48654.0
2026-03-11 12:35:00,99.9498,99.9697,99.7461,99.8007,27805.0
2026-03-11 12:40:00,99.7609,100.0393,99.7609,99.8107,36965.0
2026-03-11 12:45:00,99.7808,99.7808,99.4826,99.6615,88522.0
2026-03-11 12:50:00,99.6516,99.7908,99.6392,99.7609,23327.0
2026-03-11 12:55:00,99.7659,99.9896,99.6416,99.9498,40772.0
2026-03-11 13:00:00,99.9449,100.1388,99.8653,99.93,97982.0
2026-03-11 13:05:00,99.9001,100.1288,99.8902,100.0443,192245.0
2026-03-11 13:10:00,100.0294,100.2581,100.0095,100.2332,44602.0
2026-03-11 13:15:00,100.2332,100.3923,100.1934,100.2829,39727.0
2026-03-11 13:20:00,100.2929,100.4569,100.2492,100.4569,53983.0
2026-03-11 13:25:00,100.4818,100.5886,100.4271,100.5016,46837.0
2026-03-11 13:30:00,100.5016,100.5265,100.3873,100.5066,52043.0
2026-03-11 13:35:00,100.5066,100.5364,100.0741,100.1984,89478.0
2026-03-11 13:40:00,100.2133,100.3973,100.1586,100.3896,89654.0
2026-03-11 13:45:00,100.3973,100.3973,100.2413,100.3376,54565.0
2026-03-11 13:50:00,100.3376,100.4768,100.3277,100.3326,57352.0
2026-03-11 13:55:00,100.3078,100.4569,100.2083,100.2233,54944.0
2026-03-11 14:00:00,100.2233,100.3973,100.2233,100.3028,46271.0
2026-03-11 14:05:00,100.3277,100.3873,99.9598,100.0095,50453.0
2026-03-11 14:10:00,100.0095,100.1288,99.93,99.9896,62198.0
2026-03-11 14:15:00,99.9747,100.2879,99.9747,100.2879,40884.0
2026-03-11 14:20:00,100.3078,100.3674,100.2233,100.268,40960.0
2026-03-11 14:25:00,100.263,100.5762,100.1984,100.4867,73735.0
2026-03-11 14:30:00,100.4668,100.4967,100.3724,100.4072,67461.0
2026-03-11 14:35:00,100.4171,100.4569,100.273,100.273,30589.0
2026-03-11 14:40:00,100.2879,100.3674,100.268,100.3177,56812.0
2026-03-11 14:45:00,100.3177,100.4718,100.2779,100.4171,38382.0
2026-03-11 14:50:00,100.437,100.606,100.4171,100.5464,50524.0
2026-03-11 14:55:00,100.5477,100.5663,100.437,100.4818,65776.0
2026-03-11 15:00:00,100.4768,100.5215,100.3112,100.3376,75373.0
2026-03-11 15:05:00,100.3376,100.3376,100.0692,100.089,98166.0
2026-03-11 15:10:00,100.0791,100.0791,99.8803,99.9449,79001.0
2026-03-11 15:15:00,99.9697,100.3078,99.9697,100.2332,161104.0
2026-03-11 15:20:00,100.2332,100.4171,100.1785,100.3028,122030.0
2026-03-11 15:25:00,100.3028,100.4271,100.2779,100.4271,82471.0
2026-03-11 15:30:00,100.4271,100.5066,100.1885,100.4917,112029.0
2026-03-11 15:35:00,100.5066,100.6259,100.447,100.621,84330.0
2026-03-11 15:40:00,100.621,100.7253,100.5961,100.7005,78653.0
2026-03-11 15:45:00,100.7005,100.8645,100.616,100.7651,229324.0
2026-03-11 15:50:00,100.7751,101.0236,100.7751,100.964,255487.0
2026-03-11 15:55:00,100.964,101.0137,100.7552,100.8944,680975.0
2026-03-12 09:30:00,100.437,100.5464,99.7808,100.2282,192405.0
2026-03-12 09:35:00,100.2581,101.0916,100.1399,101.0236,70805.0
2026-03-12 09:40:00,101.0236,101.3418,100.8894,100.949,106373.0
2026-03-12 09:45:00,100.959,101.0534,100.6458,101.0236,61587.0
2026-03-12 09:50:00,100.9641,101.3418,100.6558,100.8944,242975.0
2026-03-12 09:55:00,100.8447,101.1429,100.7651,101.1131,89524.0
2026-03-12 10:00:00,101.0932,101.7494,100.9838,101.655,152467.0
2026-03-12 10:05:00,101.6003,101.7991,101.4412,101.7593,80148.0
2026-03-12 10:10:00,101.7693,101.8488,101.5227,101.814,93706.0
2026-03-12 10:15:00,101.7991,101.8488,101.5307,101.5506,57234.0
2026-03-12 10:20:00,101.5108,101.5605,101.2821,101.4611,51809.0
2026-03-12 10:25:00,101.4511,101.5307,101.0684,101.0684,52754.0
2026-03-12 10:30:00,101.1032,101.302,100.9441,101.1081,83029.0
2026-03-12 10:35:00,101.1081,101.2523,100.8795,101.0534,121044.0
2026-03-12 10:40:00,101.0584,101.2324,101.0137,101.138,111456.0
2026-03-12 10:45:00,101.1429,101.1926,100.4768,100.5265,924590.0
2026-03-12 10:50:00,100.4967,100.8297,99.925,100.0692,241174.0
2026-03-12 10:55:00,100.0493,100.4519,100.0294,100.4519,125054.0
2026-03-12 11:00:00,100.4967,100.6856,100.4569,100.4768,74895.0
2026-03-12 11:05:00,100.447,100.5765,100.3674,100.5166,138952.0
2026-03-12 11:10:00,100.4569,100.4768,100.099,100.2382,82000.0
2026-03-12 11:15:00,100.2183,100.3873,100.0095,100.0741,101743.0
2026-03-12 11:20:00,100.0841,100.4967,100.0841,100.3079,449442.0
2026-03-12 11:25:00,100.2481,100.3873,100.0393,100.0393,40158.0
2026-03-12 11:30:00,100.0194,100.099,99.4875,99.4975,120751.0
2026-03-12 11:35:00,99.5074,99.8256,99.3235,99.8256,165168.0
2026-03-12 11:40:00,99.841,100.2481,99.7162,100.2083,74205.0
2026-03-12 11:45:00,100.2034,100.2382,99.9846,100.1089,49131.0
2026-03-12 11:50:00,100.1288,100.1984,99.9797,100.0592,57011.0
2026-03-12 11:55:00,100.0244,100.1984,99.9101,100.1785,79931.0
2026-03-12 12:00:00,100.1388,100.3475,100.1189,100.1726,104107.0
2026-03-12 12:05:00,100.1785,100.2581,99.6516,99.6715,161507.0
2026-03-12 12:10:00,99.6715,99.8902,99.5223,99.7858,84393.0
2026-03-12 12:15:00,99.7858,100.2382,99.7808,100.2282,77842.0
2026-03-12 12:20:00,100.2481,100.4569,100.2221,100.2581,62727.0
2026-03-12 12:25:00,100.2143,100.2978,99.9498,99.9498,74660.0
2026-03-12 12:30:00,99.9996,100.252,99.92,100.1586,88232.0
2026-03-12 12:35:00,100.1586,100.4171,100.1487,100.3127,118075.0
2026-03-12 12:40:00,100.2929,100.4966,100.2581,100.3177,345825.0
2026-03-12 12:45:00,100.2879,100.3277,100.0946,100.2879,135802.0
2026-03-12 12:50:00,100.263,100.3674,100.2183,100.2382,94328.0
2026-03-12 12:55:00,100.2581,100.4221,100.2034,100.3475,112790.0
2026-03-12 13:00:00,100.3475,100.5663,100.3078,100.3724,141876.0
2026-03-12 13:05:00,100.3724,100.5961,100.268,100.268,45292.0
2026-03-12 13:10:00,100.268,100.3426,100.0692,100.2431,76834.0
2026-03-12 13:15:00,100.2382,100.3575,100.0095,100.0095,196429.0
2026-03-12 13:20:00,100.0095,100.2282,99.9399,100.1642,46299.0
2026-03-12 13:25:00,100.1388,100.1388,99.6963,99.7212,58044.0
2026-03-12 13:30:00,99.7411,99.9399,99.7212,99.8007,32018.0
2026-03-12 13:35:00,99.8405,100.1388,99.8206,100.0692,54631.0
2026-03-12 13:40:00,100.0741,100.1288,99.9449,100.089,32351.0
2026-03-12 13:45:00,100.089,100.1189,99.9598,100.1189,39219.0
2026-03-12 13:50:00,100.094,100.1487,99.8902,99.9101,61048.0
2026-03-12 13:55:00,99.9101,99.92,99.6864,99.7808,55441.0
2026-03-12 14:00:00,99.7908,99.9399,99.6516,99.93,51784.0
2026-03-12 14:05:00,99.92,100.0592,99.9101,100.0145,49971.0
2026-03-12 14:10:00,100.0065,100.1089,99.7709,99.8604,75385.0
2026-03-12 14:15:00,99.8604,99.9996,99.3642,99.4975,628888.0
2026-03-12 14:20:00,99.4726,99.6118,99.3732,99.5422,64694.0
2026-03-12 14:25:00,99.5621,99.751,99.4925,99.751,45113.0
2026-03-12 14:30:00,99.7361,99.9399,99.6616,99.9399,57576.0
2026-03-12 14:35:00,99.9399,99.9797,99.8007,99.8803,84306.0
2026-03-12 14:40:00,99.8703,99.9697,99.8604,99.9399,64585.0
2026-03-12 14:45:00,99.9449,99.9697,99.7609,99.7808,43699.0
2026-03-12 14:50:00,99.7908,99.9747,99.7908,99.9399,89760.0
2026-03-12 14:55:00,99.92,99.92,99.6516,99.7112,76205.0
2026-03-12 15:00:00,99.7112,99.8504,99.6193,99.751,71494.0
2026-03-12 15:05:00,99.751,99.8952,99.7112,99.8305,53729.0
2026-03-12 15:10:00,99.8256,99.8455,99.4478,99.4676,124750.0
2026-03-12 15:15:00,99.4627,99.5422,99.3235,99.4577,156370.0
2026-03-12 15:20:00,99.4577,99.6715,99.4577,99.578,104651.0
2026-03-12 15:25:00,99.6019,99.6715,99.5621,99.5621,100546.0
2026-03-12 15:30:00,99.5919,99.7112,99.5223,99.5223,79966.0
2026-03-12 15:35:00,99.5223,99.6367,99.4378,99.6068,84736.0
2026-03-12 15:40:00,99.6019,99.6019,99.5223,99.5621,106603.0
2026-03-12 15:45:00,99.5571,99.5571,99.3135,99.403,186865.0
2026-03-12 15:50:00,99.403,99.6913,99.3831,99.6019,245092.0
2026-03-12 15:55:00,99.582,99.6814,99.3434,99.6814,1119300.0
2026-03-13 09:30:00,100.0592,100.6359,98.5379,98.7021,261582.0
2026-03-13 09:35:00,98.7468,99.403,98.4287,99.3682,139175.0
2026-03-13 09:40:00,99.3334,99.6963,99.1793,99.6913,85699.0
2026-03-13 09:45:00,99.6764,99.8405,99.0749,99.1246,81301.0
2026-03-13 09:50:00,99.1147,99.3334,98.7568,99.3334,106051.0
2026-03-13 09:55:00,99.2837,99.5348,99.1545,99.4428,51878.0
2026-03-13 10:00:00,99.4527,99.8206,99.3732,99.6814,282449.0
2026-03-13 10:05:00,99.6814,100.0393,99.4329,99.8107,83746.0
2026-03-13 10:10:00,99.8057,99.93,99.5174,99.5223,104499.0
2026-03-13 10:15:00,99.5472,99.572,99.4229,99.4726,37566.0
2026-03-13 10:20:00,99.5174,99.8007,99.5174,99.6317,24932.0
2026-03-13 10:25:00,99.577,99.9051,99.572,99.6344,1176196.0
2026-03-13 10:30:00,99.6715,99.7808,99.4229,99.5323,75937.0
2026-03-13 10:35:00,99.5241,99.6764,99.4428,99.582,26199.0
2026-03-13 10:40:00,99.577,99.6317,99.1644,99.1644,72748.0
2026-03-13 10:45:00,99.1545,99.3534,99.0849,99.3086,46654.0
2026-03-13 10:50:00,99.3135,99.413,99.1743,99.234,53503.0
2026-03-13 10:55:00,99.239,99.2539,98.8363,98.8612,147090.0
2026-03-13 11:00:00,98.886,99.2837,98.8463,99.229,168197.0
2026-03-13 11:05:00,99.229,99.3732,99.1743,99.3135,61756.0
2026-03-13 11:10:00,99.3434,99.582,99.3235,99.5422,28218.0
2026-03-13 11:15:00,99.5472,99.6168,99.413,99.5522,41402.0
2026-03-13 11:20:00,99.582,99.751,99.4925,99.4925,32136.0
2026-03-13 11:25:00,99.5124,99.582,99.403,99.4826,75872.0
2026-03-13 11:30:00,99.4527,99.6416,99.4527,99.6218,35584.0
2026-03-13 11:35:00,99.6218,99.7112,99.5124,99.6566,33821.0
2026-03-13 11:40:00,99.6566,99.8405,99.3533,99.3947,1001855.0
2026-03-13 11:45:00,99.403,99.5323,99.2837,99.413,38958.0
2026-03-13 11:50:00,99.4527,99.5124,99.2576,99.3334,31076.0
2026-03-13 11:55:00,99.3185,99.3682,99.1884,99.2688,25137.0
2026-03-13 12:00:00,99.2738,99.3235,99.0053,99.1246,30204.0
2026-03-13 12:05:00,99.1644,99.3732,99.1246,99.2439,39794.0
2026-03-13 12:10:00,99.2589,99.4925,99.1942,99.2738,30682.0
2026-03-13 12:15:00,99.3036,99.3434,99.1743,99.2439,30750.0
2026-03-13 12:20:00,99.2937,99.3831,99.2539,99.2871,18883.0
2026-03-13 12:25:00,99.2937,99.3036,99.1744,99.2489,29849.0
2026-03-13 12:30:00,99.2439,99.3086,99.0948,99.0948,44090.0
2026-03-13 12:35:00,99.1246,99.2141,99.0948,99.1644,42029.0
2026-03-13 12:40:00,99.1694,99.2439,98.9059,98.9208,31134.0
2026-03-13 12:45:00,98.896,99.0352,98.8761,98.9854,34527.0
2026-03-13 12:50:00,98.9954,99.1346,98.9755,99.065,29675.0
2026-03-13 12:55:00,99.1047,99.234,99.0252,99.1048,67051.0
2026-03-13 13:00:00,99.1197,99.2241,99.0451,99.0451,27207.0
2026-03-13 13:05:00,99.0451,99.0749,98.9458,99.055,36091.0
2026-03-13 13:10:00,99.055,99.3285,99.0352,99.3285,40439.0
2026-03-13 13:15:00,99.3434,99.3732,99.2738,99.3583,29997.0
2026-03-13 13:20:00,99.3355,99.4527,99.239,99.3732,50080.0
2026-03-13 13:25:00,99.3732,99.3931,99.2937,99.3334,31687.0
2026-03-13 13:30:00,99.3434,99.3434,99.1545,99.259,30783.0
2026-03-13 13:35:00,99.2738,99.3334,99.1743,99.3086,29163.0
2026-03-13 13:40:00,99.3036,99.3434,99.1743,99.3434,37446.0
2026-03-13 13:45:00,99.3434,99.3732,99.0849,99.0948,51491.0
2026-03-13 13:50:00,99.0849,99.1694,99.055,99.1097,40565.0
2026-03-13 13:55:00,99.0948,99.2241,99.0898,99.1644,25097.0
2026-03-13 14:00:00,99.1644,99.2241,99.0986,99.1545,26305.0
2026-03-13 14:05:00,99.1346,99.1545,98.9854,99.0153,43588.0
2026-03-13 14:10:00,99.0401,99.065,98.9755,99.0352,23140.0
2026-03-13 14:15:00,99.0451,99.1843,99.0433,99.1048,174234.0
2026-03-13 14:20:00,99.0998,99.1245,99.065,99.0849,29443.0
2026-03-13 14:25:00,99.1048,99.2241,99.0849,99.2042,63221.0
2026-03-13 14:30:00,99.2042,99.3086,99.1147,99.2638,31937.0
2026-03-13 14:35:00,99.2439,99.3831,99.2439,99.3533,28397.0
2026-03-13 14:40:00,99.3732,99.3784,99.2837,99.3434,19870.0
2026-03-13 14:45:00,99.3583,99.4726,99.3334,99.4328,57390.0
2026-03-13 14:50:00,99.4229,99.4229,99.3036,99.3185,54526.0
2026-03-13 14:55:00,99.3036,99.3583,99.2241,99.2242,23661.0
2026-03-13 15:00:00,99.2241,99.2738,99.1743,99.2539,30445.0
2026-03-13 15:05:00,99.2539,99.2589,99.2042,99.2191,23029.0
2026-03-13 15:10:00,99.229,99.2986,99.1246,99.1346,53735.0
2026-03-13 15:15:00,99.1545,99.2986,99.1545,99.2986,38672.0
2026-03-13 15:20:00,99.2986,99.3036,99.065,99.1545,127060.0
2026-03-13 15:25:00,99.1445,99.1644,98.9954,99.0352,91781.0
2026-03-13 15:30:00,99.0352,99.1048,98.9854,99.065,64959.0
2026-03-13 15:35:00,99.0652,99.1346,98.9159,99.0153,93585.0
2026-03-13 15:40:00,99.0252,99.0352,98.8214,98.8264,108351.0
2026-03-13 15:45:00,98.8363,98.8562,98.6772,98.7866,116372.0
2026-03-13 15:50:00,98.7965,98.7965,98.3989,98.4486,260029.0
2026-03-13 15:55:00,98.4287,98.6971,98.2895,98.5927,1184864.0
2026-03-16 09:30:00,98.6574,99.3235,98.5082,98.9357,125458.0
2026-03-16 09:35:00,98.7965,98.8612,98.2199,98.4684,98536.0
2026-03-16 09:40:00,98.3491,98.896,98.2597,98.7319,136285.0
2026-03-16 09:45:00,98.6673,98.9258,98.4287,98.4983,161929.0
2026-03-16 09:50:00,98.553,98.6971,98.5182,98.5281,20196.0
2026-03-16 09:55:00,98.4883,98.7269,98.4287,98.6971,64921.0
2026-03-16 10:00:00,98.6872,98.7468,98.4684,98.4684,67056.0
2026-03-16 10:05:00,98.4585,98.5082,98.2597,98.3591,67647.0
2026-03-16 10:10:00,98.3989,98.4983,98.2199,98.4386,60182.0
2026-03-16 10:15:00,98.4386,98.6325,98.2597,98.5182,42063.0
2026-03-16 10:20:00,98.4784,98.7071,98.3834,98.5082,62657.0
2026-03-16 10:25:00,98.5082,98.712,98.4684,98.6574,75104.0
2026-03-16 10:30:00,98.6474,98.6474,98.0509,98.0906,73759.0
2026-03-16 10:35:00,98.0757,98.5182,98.0708,98.3989,142125.0
2026-03-16 10:40:00,98.4287,98.5977,98.3795,98.4436,53430.0
2026-03-16 10:45:00,98.4436,98.5679,98.3716,98.4635,108577.0
2026-03-16 10:50:00,98.4684,98.5778,98.3989,98.5629,43167.0
2026-03-16 10:55:00,98.5629,98.717,98.5182,98.7071,42018.0
2026-03-16 11:00:00,98.6971,98.8363,98.6574,98.717,87137.0
2026-03-16 11:05:00,98.6772,98.7468,98.5828,98.6226,59370.0
2026-03-16 11:10:00,98.6176,98.6822,98.5182,98.5828,65555.0
2026-03-16 11:15:00,98.5679,98.7369,98.5467,98.7369,108188.0
2026-03-16 11:20:00,98.7617,98.8131,98.6921,98.7965,25803.0
2026-03-16 11:25:00,98.7965,98.7965,98.6872,98.7419,23793.0
2026-03-16 11:30:00,98.7369,98.7667,98.538,98.543,96517.0
2026-03-16 11:35:00,98.5579,98.6718,98.4088,98.5629,141540.0
2026-03-16 11:40:00,98.5679,98.5927,98.4386,98.4784,34517.0
2026-03-16 11:45:00,98.4684,98.5526,98.4287,98.4983,45170.0
2026-03-16 11:50:00,98.5182,98.5728,98.369,98.3889,51178.0
2026-03-16 11:55:00,98.3939,98.4088,98.2597,98.2994,72459.0
2026-03-16 12:00:00,98.2994,98.4187,98.2696,98.379,35997.0
2026-03-16 12:05:00,98.379,98.5778,98.3392,98.5778,50476.0
2026-03-16 12:10:00,98.5878,98.5878,98.4088,98.5182,47055.0
2026-03-16 12:15:00,98.5132,98.548,98.4088,98.4486,58387.0
2026-03-16 12:20:00,98.4187,98.4486,98.3193,98.3243,42947.0
2026-03-16 12:25:00,98.3243,98.379,98.2795,98.3243,56058.0
2026-03-16 12:30:00,98.3193,98.3939,98.2686,98.3193,105800.0
2026-03-16 12:35:00,98.2994,98.3909,98.2795,98.3889,31461.0
2026-03-16 12:40:00,98.3491,98.4287,98.2895,98.3939,35409.0
2026-03-16 12:45:00,98.3889,98.3889,98.2423,98.2845,64499.0
2026-03-16 12:50:00,98.2845,98.3591,98.2,98.3143,59811.0
2026-03-16 12:55:00,98.2994,98.3094,98.1304,98.1702,96849.0
2026-03-16 13:00:00,98.1702,98.3193,98.1205,98.1205,33897.0
2026-03-16 13:05:00,98.1006,98.1801,97.9514,97.9514,37287.0
2026-03-16 13:10:00,97.9614,98.026,97.8769,97.9514,66270.0
2026-03-16 13:15:00,97.9713,98.1801,97.9216,97.9415,47251.0
2026-03-16 13:20:00,97.9713,98.0012,97.7725,97.8769,32958.0
2026-03-16 13:25:00,97.8819,97.9712,97.7824,97.8123,39278.0
2026-03-16 13:30:00,97.8123,97.9316,97.7924,97.8371,44301.0
2026-03-16 13:35:00,97.8222,97.9316,97.8123,97.872,53790.0
2026-03-16 13:40:00,97.852,97.9017,97.7228,97.7526,42818.0
2026-03-16 13:45:00,97.7725,97.7924,97.6035,97.6035,28397.0
2026-03-16 13:50:00,97.5936,97.6979,97.4941,97.6929,66986.0
2026-03-16 13:55:00,97.6681,97.8113,97.6582,97.7625,20524.0
2026-03-16 14:00:00,97.7427,97.763,97.6234,97.7378,40136.0
2026-03-16 14:05:00,97.7526,97.8719,97.6532,97.8023,51003.0
2026-03-16 14:10:00,97.8321,97.9415,97.8123,97.9166,31271.0
2026-03-16 14:15:00,97.9316,97.9415,97.8124,97.8421,48309.0
2026-03-16 14:20:00,97.8371,97.9813,97.8321,97.9017,35356.0
2026-03-16 14:25:00,97.9117,98.0997,97.8868,98.0997,26634.0
2026-03-16 14:30:00,98.0956,98.118,98.031,98.0658,26329.0
2026-03-16 14:35:00,98.0608,98.1105,98.0409,98.0661,92268.0
2026-03-16 14:40:00,98.0708,98.0807,97.9316,97.9813,43138.0
2026-03-16 14:45:00,97.9962,98.0905,97.9614,98.031,33255.0
2026-03-16 14:50:00,98.031,98.1282,98.0111,98.0658,57256.0
2026-03-16 14:55:00,98.0807,98.1851,98.0708,98.1155,42632.0
2026-03-16 15:00:00,98.1205,98.1453,98.0509,98.1304,36690.0
2026-03-16 15:05:00,98.1105,98.1354,98.0509,98.0807,59466.0
2026-03-16 15:10:00,98.1056,98.2,97.9913,98.0608,50956.0
2026-03-16 15:15:00,98.0608,98.1254,98.0012,98.0298,28402.0
2026-03-16 15:20:00,98.0161,98.1006,97.9383,97.9383,37782.0
2026-03-16 15:25:00,97.9117,97.9117,97.7128,97.8321,87200.0
2026-03-16 15:30:00,97.8535,97.862,97.5438,97.5438,94779.0
2026-03-16 15:35:00,97.5538,97.5538,97.2157,97.2555,156345.0
2026-03-16 15:40:00,97.1958,97.1958,96.818,96.9821,212705.0
2026-03-16 15:45:00,96.9473,97.1312,96.8777,97.0467,155457.0
2026-03-16 15:50:00,97.0765,97.4245,97.0417,97.3349,308452.0
2026-03-16 15:55:00,97.345,97.3847,97.2455,97.2555,546827.0
2026-03-17 09:30:00,97.8819,98.205,97.5339,98.0658,126791.0
2026-03-17 09:35:00,98.0111,98.1105,97.7029,97.9017,34301.0
2026-03-17 09:40:00,97.8868,98.1006,97.7228,98.1006,62701.0
2026-03-17 09:45:00,98.0509,98.2,97.7527,97.7527,66084.0
2026-03-17 09:50:00,97.7775,97.7824,97.3897,97.504,80374.0
2026-03-17 09:55:00,97.4991,97.6134,97.3748,97.5886,84088.0
2026-03-17 10:00:00,97.5339,97.5736,97.2654,97.4146,56350.0
2026-03-17 10:05:00,97.3847,97.6532,97.3698,97.6333,34216.0
2026-03-17 10:10:00,97.6333,97.8123,97.5538,97.5538,32876.0
2026-03-17 10:15:00,97.5538,97.6234,97.345,97.504,40712.0
2026-03-17 10:20:00,97.4891,97.5538,97.4444,97.5488,24032.0
2026-03-17 10:25:00,97.5411,97.6234,97.4344,97.4643,26235.0
2026-03-17 10:30:00,97.4593,97.5637,97.2853,97.3947,34662.0
2026-03-17 10:35:00,97.3947,97.6134,97.3357,97.4643,58333.0
2026-03-17 10:40:00,97.4742,97.8968,97.4046,97.8968,35831.0
2026-03-17 10:45:00,97.8708,97.8968,97.683,97.7229,46614.0
2026-03-17 10:50:00,97.7229,97.9713,97.7029,97.9335,37602.0
2026-03-17 10:55:00,97.9316,98.031,97.8819,97.9514,40392.0
2026-03-17 11:00:00,97.9465,97.9465,97.7874,97.8371,34941.0
2026-03-17 11:05:00,97.8222,97.862,97.7029,97.7327,122179.0
2026-03-17 11:10:00,97.6929,97.8123,97.6433,97.7874,41497.0
2026-03-17 11:15:00,97.7675,97.852,97.6929,97.7029,57814.0
2026-03-17 11:20:00,97.7327,97.7874,97.6455,97.6929,45297.0
2026-03-17 11:25:00,97.7128,97.7725,97.5538,97.5836,40678.0
2026-03-17 11:30:00,97.5637,97.5637,97.335,97.335,48203.0
2026-03-17 11:35:00,97.335,97.3748,97.1362,97.2505,33580.0
2026-03-17 11:40:00,97.2555,97.3201,97.1909,97.2857,28979.0
2026-03-17 11:45:00,97.3151,97.3151,97.186,97.2058,27714.0
2026-03-17 11:50:00,97.2058,97.2654,97.1113,97.161,33894.0
2026-03-17 11:55:00,97.1461,97.1958,97.0566,97.0666,27296.0
2026-03-17 12:00:00,97.0566,97.0666,96.9423,97.0368,35186.0
2026-03-17 12:05:00,97.0368,97.0815,96.9075,96.9771,34119.0
2026-03-17 12:10:00,96.9771,97.0467,96.9375,97.002,27211.0
2026-03-17 12:15:00,97.0119,97.166,96.9572,97.1312,32254.0
2026-03-17 12:20:00,97.1064,97.2454,97.0169,97.2157,30449.0
2026-03-17 12:25:00,97.2157,97.335,97.166,97.2853,30611.0
2026-03-17 12:30:00,97.2754,97.3798,97.2157,97.3649,29753.0
2026-03-17 12:35:00,97.3847,97.4692,97.2953,97.3549,24987.0
2026-03-17 12:40:00,97.3649,97.3947,97.2903,97.3499,16851.0
2026-03-17 12:45:00,97.34,97.4343,97.3251,97.3798,22773.0
2026-03-17 12:50:00,97.3798,97.4444,97.3798,97.4146,16031.0
2026-03-17 12:55:00,97.4047,97.4285,97.3052,97.3052,40542.0
2026-03-17 13:00:00,97.3052,97.4046,97.2853,97.4046,28372.0
2026-03-17 13:05:00,97.3798,97.4692,97.3549,97.4692,20803.0
2026-03-17 13:10:00,97.4544,97.4742,97.3698,97.4543,27679.0
2026-03-17 13:15:00,97.4692,97.4692,97.3161,97.3798,48596.0
2026-03-17 13:20:00,97.3698,97.4046,97.2903,97.3847,27137.0
2026-03-17 13:25:00,97.3649,97.4444,97.345,97.3748,46481.0
2026-03-17 13:30:00,97.3549,97.4145,97.3151,97.3549,26611.0
2026-03-17 13:35:00,97.3748,97.4245,97.3499,97.3549,23721.0
2026-03-17 13:40:00,97.3549,97.3549,97.2455,97.2853,18039.0
2026-03-17 13:45:00,97.2853,97.3052,97.1561,97.2332,24533.0
2026-03-17 13:50:00,97.1958,97.2555,97.1561,97.2058,16301.0
2026-03-17 13:55:00,97.2058,97.2555,97.1759,97.2207,16634.0
2026-03-17 14:00:00,97.2257,97.4245,97.2257,97.3997,24860.0
2026-03-17 14:05:00,97.3847,97.4245,97.3549,97.3997,33931.0
2026-03-17 14:10:00,97.3997,97.4146,97.3052,97.3251,32120.0
2026-03-17 14:15:00,97.3151,97.3151,97.0964,97.1461,52628.0
2026-03-17 14:20:00,97.1262,97.2555,97.0765,97.0865,39808.0
2026-03-17 14:25:00,97.0765,97.2058,97.0567,97.1362,45740.0
2026-03-17 14:30:00,97.1266,97.2555,97.1266,97.2455,29897.0
2026-03-17 14:35:00,97.2356,97.335,97.2356,97.2505,31191.0
2026-03-17 14:40:00,97.2356,97.3102,97.2257,97.2356,24252.0
2026-03-17 14:45:00,97.2356,97.2803,97.1859,97.2654,27629.0
2026-03-17 14:50:00,97.2654,97.3002,97.2356,97.2515,32382.0
2026-03-17 14:55:00,97.2455,97.2754,97.1809,97.2754,40193.0
2026-03-17 15:00:00,97.2654,97.3251,97.2455,97.2954,36367.0
2026-03-17 15:05:00,97.3151,97.345,97.2754,97.3151,26854.0
2026-03-17 15:10:00,97.3052,97.3105,97.1859,97.2207,47430.0
2026-03-17 15:15:00,97.2207,97.2555,97.1064,97.1262,73955.0
2026-03-17 15:20:00,97.1312,97.1461,97.0716,97.1163,39396.0
2026-03-17 15:25:00,97.1064,97.2107,97.0865,97.1759,59094.0
2026-03-17 15:30:00,97.1759,97.2257,97.1511,97.2008,56407.0
2026-03-17 15:35:00,97.1958,97.2754,97.166,97.1859,92804.0
2026-03-17 15:40:00,97.1909,97.2087,97.1561,97.1958,51662.0
2026-03-17 15:45:00,97.1958,97.2356,97.0169,97.0218,134916.0
2026-03-17 15:50:00,97.0268,97.1511,96.9771,97.0666,239847.0
2026-03-17 15:55:00,97.0666,97.1362,96.8628,96.987,480471.0
2026-03-18 09:30:00,95.6349,96.0425,95.0682,95.3018,270295.0
2026-03-18 09:35:00,95.3295,95.7641,95.2074,95.6945,151359.0
2026-03-18 09:40:00,95.7641,96.2115,95.7244,95.9928,106643.0
2026-03-18 09:45:00,96.0425,96.3706,95.8536,96.2712,69159.0
2026-03-18 09:50:00,96.2811,96.2811,95.5951,95.6001,62822.0
2026-03-18 09:55:00,95.6001,95.619,95.103,95.1974,135087.0
2026-03-18 10:00:00,95.1974,95.1974,94.4915,94.4915,121550.0
2026-03-18 10:05:00,94.4716,94.7103,94.2728,94.2728,97316.0
2026-03-18 10:10:00,94.243,94.4518,94.0839,94.4418,127162.0
2026-03-18 10:15:00,94.3623,94.8296,94.1833,94.7475,122324.0
2026-03-18 10:20:00,94.7749,94.8367,94.7103,94.7401,33745.0
2026-03-18 10:25:00,94.7699,94.929,94.5711,94.7699,112206.0
2026-03-18 10:30:00,94.76,94.76,94.4097,94.5412,143352.0
2026-03-18 10:35:00,94.5313,94.6506,94.1634,94.4518,87981.0
2026-03-18 10:40:00,94.4518,94.5512,94.1833,94.2231,90945.0
2026-03-18 10:45:00,94.2032,94.4914,94.2032,94.3871,59611.0
2026-03-18 10:50:00,94.3573,94.4417,94.3053,94.3448,26362.0
2026-03-18 10:55:00,94.3126,94.5164,94.2629,94.5164,45311.0
2026-03-18 11:00:00,94.5164,94.8693,94.4915,94.8693,62238.0
2026-03-18 11:05:00,94.8544,95.1775,94.8544,95.1378,36430.0
2026-03-18 11:10:00,95.098,95.098,94.929,94.9787,51720.0
2026-03-18 11:15:00,94.9886,95.108,94.9688,95.0284,24787.0
2026-03-18 11:20:00,95.0433,95.1278,94.9368,95.0682,37859.0
2026-03-18 11:25:00,95.0458,95.1179,94.9588,94.9886,25292.0
2026-03-18 11:30:00,94.9589,95.1577,94.9588,95.0085,24876.0
2026-03-18 11:35:00,95.0433,95.0781,94.9141,94.9886,55926.0
2026-03-18 11:40:00,94.9911,94.9936,94.7103,94.8196,82860.0
2026-03-18 11:45:00,94.8296,95.108,94.7749,95.0085,52591.0
2026-03-18 11:50:00,94.9986,95.0582,94.919,95.0284,46353.0
2026-03-18 11:55:00,95.0036,95.0682,94.8594,94.8892,41946.0
2026-03-18 12:00:00,94.8743,94.8778,94.6307,94.6308,37724.0
2026-03-18 12:05:00,94.6308,94.8594,94.6009,94.8196,35490.0
2026-03-18 12:10:00,94.8395,94.929,94.7898,94.8693,35612.0
2026-03-18 12:15:00,94.8644,94.9188,94.8196,94.904,53962.0
2026-03-18 12:20:00,94.92,94.92,94.6854,94.7103,29795.0
2026-03-18 12:25:00,94.7103,94.75,94.5611,94.7252,39917.0
2026-03-18 12:30:00,94.7301,94.8892,94.7053,94.7898,36670.0
2026-03-18 12:35:00,94.75,94.8287,94.6804,94.7948,45455.0
2026-03-18 12:40:00,94.7601,94.7997,94.6755,94.76,27511.0
2026-03-18 12:45:00,94.7699,94.8395,94.7053,94.755,33354.0
2026-03-18 12:50:00,94.7401,94.8246,94.7301,94.7848,45919.0
2026-03-18 12:55:00,94.76,94.9389,94.7053,94.8892,21129.0
2026-03-18 13:00:00,94.8992,94.9588,94.8097,94.8495,18078.0
2026-03-18 13:05:00,94.8395,95.0284,94.8395,94.8992,23287.0
2026-03-18 13:10:00,94.9091,94.919,94.7451,94.7451,25905.0
2026-03-18 13:15:00,94.7103,94.7898,94.6009,94.6407,79934.0
2026-03-18 13:20:00,94.6506,94.7351,94.6208,94.6655,23158.0
2026-03-18 13:25:00,94.6506,94.6506,94.5114,94.5214,21901.0
2026-03-18 13:30:00,94.5214,94.6407,94.4617,94.6208,35708.0
2026-03-18 13:35:00,94.6307,94.6829,94.6009,94.6307,39103.0
2026-03-18 13:40:00,94.6258,94.6307,94.412,94.412,40711.0
2026-03-18 13:45:00,94.4269,94.5214,94.2728,94.2827,42299.0
2026-03-18 13:50:00,94.2629,94.5114,94.2032,94.4916,41516.0
2026-03-18 13:55:00,94.4716,94.4915,94.3921,94.3921,15567.0
2026-03-18 14:00:00,94.4716,94.5204,94.243,94.3026,38107.0
2026-03-18 14:05:00,94.3325,94.3722,94.1833,94.233,32800.0
2026-03-18 14:10:00,94.233,94.2629,94.1436,94.2032,38919.0
2026-03-18 14:15:00,94.1857,94.1857,94.0044,94.064,32808.0
2026-03-18 14:20:00,94.0789,94.1336,94.074,94.1293,19380.0
2026-03-18 14:25:00,94.0839,94.1734,94.0541,94.0938,35685.0
2026-03-18 14:30:00,94.064,94.1137,93.7807,93.8353,80724.0
2026-03-18 14:35:00,93.8353,94.0242,93.7301,93.7657,39352.0
2026-03-18 14:40:00,93.726,93.7459,93.5768,93.716,69336.0
2026-03-18 14:45:00,93.6961,93.802,93.6365,93.6763,31825.0
2026-03-18 14:50:00,93.6961,93.6961,93.547,93.5669,46242.0
2026-03-18 14:55:00,93.5669,93.6464,93.5072,93.5311,57776.0
2026-03-18 15:00:00,93.5271,93.557,93.3034,93.3034,89532.0
2026-03-18 15:05:00,93.2985,93.5271,93.209,93.3681,122867.0
2026-03-18 15:10:00,93.3631,93.373,93.1692,93.1692,93993.0
2026-03-18 15:15:00,93.1593,93.199,92.9356,92.9405,74919.0
2026-03-18 15:20:00,92.9405,93.03,92.7417,92.8511,124881.0
2026-03-18 15:25:00,92.861,92.861,92.6224,92.6274,80778.0
2026-03-18 15:30:00,92.6323,92.6621,92.523,92.6522,146269.0
2026-03-18 15:35:00,92.6621,92.7019,92.4931,92.4931,176809.0
2026-03-18 15:40:00,92.4931,92.5329,92.3341,92.5329,177627.0
2026-03-18 15:45:00,92.5328,92.5379,92.3738,92.4285,160440.0
2026-03-18 15:50:00,92.4235,92.5528,92.2346,92.2346,262062.0
2026-03-18 15:55:00,92.2346,92.2545,92.0258,92.1253,817746.0
2026-03-19 09:30:00,91.6182,91.8867,91.1807,91.5486,271756.0
2026-03-19 09:35:00,91.479,91.7922,91.1708,91.5685,172584.0
2026-03-19 09:40:00,91.5784,91.8171,91.5188,91.7375,78550.0
2026-03-19 09:45:00,91.7375,91.9065,91.5486,91.6729,115712.0
2026-03-19 09:50:00,91.6878,91.8867,91.4194,91.4591,140292.0
2026-03-19 09:55:00,91.5088,91.5387,91.2802,91.3647,146048.0
2026-03-19 10:00:00,91.3299,91.5287,91.2305,91.2305,74746.0
2026-03-19 10:05:00,91.2205,91.3846,91.0565,91.3846,92074.0
2026-03-19 10:10:00,91.4194,91.7372,91.3498,91.3498,86260.0
2026-03-19 10:15:00,91.3299,91.5486,91.1807,91.5387,85328.0
2026-03-19 10:20:00,91.5387,91.5486,91.2404,91.3001,47531.0
2026-03-19 10:25:00,91.3299,91.5188,91.2205,91.2404,134122.0
2026-03-19 10:30:00,91.2404,91.6282,91.2007,91.6033,73349.0
2026-03-19 10:35:00,91.6182,91.7176,91.3995,91.3995,48201.0
2026-03-19 10:40:00,91.3995,91.8469,91.3995,91.7773,73700.0
2026-03-19 10:45:00,91.7922,91.9065,91.6779,91.8767,188434.0
2026-03-19 10:50:00,91.9165,91.9413,91.8419,91.8668,33564.0
2026-03-19 10:55:00,91.827,92.0159,91.8071,91.996,70770.0
2026-03-19 11:00:00,92.001,92.3639,91.9861,92.3589,81230.0
2026-03-19 11:05:00,92.3539,92.7914,92.3539,92.6224,80904.0
2026-03-19 11:10:00,92.6224,92.7168,92.5826,92.6621,67413.0
2026-03-19 11:15:00,92.6472,92.7417,92.5826,92.5876,50927.0
2026-03-19 11:20:00,92.6025,92.7516,92.513,92.6373,116472.0
2026-03-19 11:25:00,92.6373,93.199,92.6241,93.1742,183745.0
2026-03-19 11:30:00,93.1742,93.8851,93.1742,93.6216,381528.0
2026-03-19 11:35:00,93.5967,93.7657,93.4376,93.5669,203629.0
2026-03-19 11:40:00,93.5768,93.7707,93.4874,93.4874,74869.0
2026-03-19 11:45:00,93.4973,93.8552,93.4078,93.6812,190041.0
2026-03-19 11:50:00,93.6464,93.895,93.5967,93.8453,92395.0
2026-03-19 11:55:00,93.8453,93.9348,93.6862,93.8552,91567.0
2026-03-19 12:00:00,93.8453,93.9944,93.726,93.7757,87981.0
2026-03-19 12:05:00,93.7459,94.0143,93.4575,93.4774,102451.0
2026-03-19 12:10:00,93.4675,93.7657,93.3283,93.7011,81837.0
2026-03-19 12:15:00,93.6982,94.064,93.6961,94.0541,62013.0
2026-03-19 12:20:00,94.0242,94.2927,94.0143,94.1833,71124.0
2026-03-19 12:25:00,94.1783,94.2231,93.9745,93.9745,108400.0
2026-03-19 12:30:00,93.9795,94.0839,93.9447,94.0044,54836.0
2026-03-19 12:35:00,93.9845,94.1128,93.895,94.064,54887.0
2026-03-19 12:40:00,94.069,94.1237,93.9149,93.9497,49267.0
2026-03-19 12:45:00,93.9497,93.9944,93.6961,93.716,99702.0
2026-03-19 12:50:00,93.7309,93.8602,93.6862,93.7707,37081.0
2026-03-19 12:55:00,93.7807,93.9447,93.7558,93.8155,42910.0
2026-03-19 13:00:00,93.7856,93.895,93.7558,93.7758,49475.0
2026-03-19 13:05:00,93.7856,93.8155,93.5271,93.557,82045.0
2026-03-19 13:10:00,93.5719,93.696,93.4575,93.4724,52681.0
2026-03-19 13:15:00,93.4575,93.7657,93.4476,93.726,50563.0
2026-03-19 13:20:00,93.7061,94.064,93.6464,93.9845,86243.0
2026-03-19 13:25:00,93.9845,94.2032,93.9845,94.0441,48931.0
2026-03-19 13:30:00,94.0541,94.1336,94.0093,94.0093,46706.0
2026-03-19 13:35:00,94.0093,94.1535,94.0093,94.0302,34002.0
2026-03-19 13:40:00,94.0143,94.1634,93.9845,94.064,59441.0
2026-03-19 13:45:00,94.0839,94.1634,94.0342,94.1137,59054.0
2026-03-19 13:50:00,94.1137,94.2827,94.1137,94.243,38153.0
2026-03-19 13:55:00,94.233,94.2629,94.0146,94.1535,97496.0
2026-03-19 14:00:00,94.1535,94.1535,93.9447,93.9894,39993.0
2026-03-19 14:05:00,94.0044,94.2032,94.0044,94.064,47627.0
2026-03-19 14:10:00,94.0543,94.1634,94.0541,94.1187,53511.0
2026-03-19 14:15:00,94.1634,94.1883,94.0839,94.1883,63039.0
2026-03-19 14:20:00,94.1734,94.1933,93.9845,93.9944,48328.0
2026-03-19 14:25:00,93.9795,94.064,93.9348,93.9348,57861.0
2026-03-19 14:30:00,93.9447,93.9546,93.8254,93.8652,36920.0
2026-03-19 14:35:00,93.8652,93.8751,93.7956,93.8453,38230.0
2026-03-19 14:40:00,93.8552,93.9248,93.7459,93.8453,86494.0
2026-03-19 14:45:00,93.8552,94.1833,93.8304,94.1137,102123.0
2026-03-19 14:50:00,94.1038,94.3424,94.0242,94.3325,107108.0
2026-03-19 14:55:00,94.3325,94.5512,94.3126,94.5215,135262.0
2026-03-19 15:00:00,94.5363,95.0185,94.5363,95.003,145157.0
2026-03-19 15:05:00,95.0086,95.5554,95.0085,95.5156,203612.0
2026-03-19 15:10:00,95.5056,95.6995,95.3466,95.4261,266042.0
2026-03-19 15:15:00,95.441,95.4559,95.0185,95.1477,110266.0
2026-03-19 15:20:00,95.1477,95.3665,95.1179,95.2372,140275.0
2026-03-19 15:25:00,95.2372,95.3466,95.0483,95.2969,145084.0
2026-03-19 15:30:00,95.3118,95.436,95.2471,95.3167,145722.0
2026-03-19 15:35:00,95.3267,95.4659,95.267,95.446,126158.0
2026-03-19 15:40:00,95.4062,95.5156,95.3466,95.4062,128140.0
2026-03-19 15:45:00,95.4112,95.446,95.3267,95.3466,158678.0
2026-03-19 15:50:00,95.3466,95.3565,94.9886,95.2571,335429.0
2026-03-19 15:55:00,95.3068,95.3963,95.2074,95.277,874118.0
2026-03-20 09:30:00,94.4219,95.794,94.4219,95.0384,1446589.0
2026-03-20 09:35:00,94.9986,95.1775,94.8097,95.0185,34646.0
2026-03-20 09:40:00,94.9588,95.2372,94.7848,95.1477,39568.0
2026-03-20 09:45:00,95.2273,95.2571,94.9588,94.9787,43171.0
2026-03-20 09:50:00,94.9787,94.9787,94.4915,94.6258,52938.0
2026-03-20 09:55:00,94.6208,94.6506,94.0789,94.2728,112460.0
2026-03-20 10:00:00,94.2479,94.3822,94.0342,94.2032,77346.0
2026-03-20 10:05:00,94.1783,94.4021,94.1783,94.3424,60117.0
2026-03-20 10:10:00,94.3225,94.4252,94.1833,94.2231,57277.0
2026-03-20 10:15:00,94.2629,94.2927,94.1137,94.2032,113677.0
2026-03-20 10:20:00,94.1933,94.2032,93.7757,93.8652,56303.0
2026-03-20 10:25:00,93.8304,93.9348,93.6862,93.7856,45483.0
2026-03-20 10:30:00,93.7608,93.9546,93.7359,93.8652,58493.0
2026-03-20 10:35:00,93.895,93.9149,93.5768,93.7409,70993.0
2026-03-20 10:40:00,93.726,93.7856,93.5371,93.5414,31270.0
2026-03-20 10:45:00,93.557,93.6166,93.4078,93.557,67436.0
2026-03-20 10:50:00,93.5271,93.5371,93.2686,93.3183,110113.0
2026-03-20 10:55:00,93.2936,93.5967,93.2885,93.3283,72239.0
2026-03-20 11:00:00,93.3681,93.5222,93.2985,93.3283,37579.0
2026-03-20 11:05:00,93.3233,93.3973,93.1692,93.2736,28403.0
2026-03-20 11:10:00,93.2985,93.3979,93.2189,93.3681,59076.0
2026-03-20 11:15:00,93.3879,93.3879,93.1891,93.199,49919.0
2026-03-20 11:20:00,93.1891,93.5371,93.1493,93.2686,93311.0
2026-03-20 11:25:00,93.2985,93.3482,93.1325,93.1791,55303.0
2026-03-20 11:30:00,93.171,93.3581,93.171,93.2686,40121.0
2026-03-20 11:35:00,93.2406,93.3681,93.1493,93.2486,52012.0
2026-03-20 11:40:00,93.2239,93.3333,93.1791,93.2786,395352.0
2026-03-20 11:45:00,93.2885,93.2885,93.0797,93.1394,32539.0
2026-03-20 11:50:00,93.1344,93.2985,93.0797,93.2985,75357.0
2026-03-20 11:55:00,93.2985,93.4166,93.199,93.4166,61290.0
2026-03-20 12:00:00,93.3681,93.5771,93.3681,93.547,57357.0
2026-03-20 12:05:00,93.5669,93.5868,93.3879,93.4178,60052.0
2026-03-20 12:10:00,93.4178,93.4625,93.3183,93.3482,38283.0
2026-03-20 12:15:00,93.3432,93.3681,93.1195,93.2537,51286.0
2026-03-20 12:20:00,93.2537,93.3283,93.2388,93.3084,40995.0
2026-03-20 12:25:00,93.3084,93.3283,93.199,93.2885,41305.0
2026-03-20 12:30:00,93.2786,93.2885,93.1096,93.2587,67394.0
2026-03-20 12:35:00,93.2537,93.3581,93.1593,93.2985,53738.0
2026-03-20 12:40:00,93.2487,93.3592,93.2487,93.2736,31155.0
2026-03-20 12:45:00,93.2686,93.2736,93.0897,93.209,46034.0
2026-03-20 12:50:00,93.2189,93.2935,93.1394,93.204,33857.0
2026-03-20 12:55:00,93.1941,93.2787,93.0449,93.1046,43532.0
2026-03-20 13:00:00,93.1096,93.1195,93.03,93.1195,32459.0
2026-03-20 13:05:00,93.1195,93.1195,92.7715,92.7815,111026.0
2026-03-20 13:10:00,92.7914,92.861,92.3937,92.4851,112584.0
2026-03-20 13:15:00,92.5031,92.5826,92.2744,92.3291,261876.0
2026-03-20 13:20:00,92.3291,92.4732,92.1849,92.4136,56973.0
2026-03-20 13:25:00,92.4036,92.7317,92.3639,92.7168,91457.0
2026-03-20 13:30:00,92.7317,92.8411,92.6124,92.7367,89496.0
2026-03-20 13:35:00,92.7317,92.7317,92.4036,92.4832,78340.0
2026-03-20 13:40:00,92.518,92.7417,92.5105,92.7019,86579.0
2026-03-20 13:45:00,92.7218,92.7218,92.4832,92.518,52838.0
2026-03-20 13:50:00,92.4833,92.6423,92.4583,92.523,29894.0
2026-03-20 13:55:00,92.5279,92.5279,92.2943,92.4484,89368.0
2026-03-20 14:00:00,92.4484,92.6423,92.4235,92.5727,31901.0
2026-03-20 14:05:00,92.6025,92.8013,92.513,92.5428,60375.0
2026-03-20 14:10:00,92.5428,92.6323,92.3937,92.6075,79442.0
2026-03-20 14:15:00,92.6224,92.6472,92.513,92.5528,32727.0
2026-03-20 14:20:00,92.5826,92.5926,92.2297,92.3341,57144.0
2026-03-20 14:25:00,92.3341,92.4832,92.1104,92.2247,55663.0
2026-03-20 14:30:00,92.1949,92.3241,92.1949,92.2446,41251.0
2026-03-20 14:35:00,92.2545,92.3341,92.165,92.2147,50487.0
2026-03-20 14:40:00,92.165,92.2446,91.9264,91.9463,58353.0
2026-03-20 14:45:00,91.9562,92.0954,91.9463,92.0954,59766.0
2026-03-20 14:50:00,92.0756,92.1551,92.0457,92.0954,43475.0
2026-03-20 14:55:00,92.0954,92.1054,91.9761,92.0358,47196.0
2026-03-20 15:00:00,92.0159,92.2446,92.0159,92.1551,49896.0
2026-03-20 15:05:00,92.1551,92.2744,92.1054,92.2645,50978.0
2026-03-20 15:10:00,92.2446,92.3241,92.1849,92.2247,77217.0
2026-03-20 15:15:00,92.2048,92.2297,92.1203,92.165,57339.0
2026-03-20 15:20:00,92.175,92.2048,92.0656,92.0855,49089.0
2026-03-20 15:25:00,92.0656,92.2545,92.0507,92.2346,143570.0
2026-03-20 15:30:00,92.2744,92.4136,92.1452,92.1551,130955.0
2026-03-20 15:35:00,92.165,92.272,92.0457,92.1949,80668.0
2026-03-20 15:40:00,92.1849,92.3042,92.1004,92.2744,91768.0
2026-03-20 15:45:00,92.2645,92.3042,92.0954,92.1302,117487.0
2026-03-20 15:50:00,92.1452,92.2645,91.6878,92.1302,395656.0
2026-03-20 15:55:00,92.0954,92.1551,91.9264,92.0457,1119793.0
2026-03-23 09:30:00,93.2686,93.7956,93.0499,93.4277,175404.0
2026-03-23 09:35:00,93.378,94.0193,93.378,94.0143,55678.0
2026-03-23 09:40:00,94.019,94.1535,93.7757,93.8751,62179.0
2026-03-23 09:45:00,93.8453,94.059,93.6663,93.8254,78964.0
2026-03-23 09:50:00,93.7956,94.0193,93.7309,93.895,37890.0
2026-03-23 09:55:00,93.8801,93.9149,93.6862,93.8751,45727.0
2026-03-23 10:00:00,93.8055,93.9447,93.6564,93.8453,61347.0
2026-03-23 10:05:00,93.7658,94.0839,93.716,94.064,47728.0
2026-03-23 10:10:00,94.074,94.0839,93.7364,93.8652,81091.0
2026-03-23 10:15:00,93.895,93.9845,93.8254,93.8801,40387.0
2026-03-23 10:20:00,93.8353,94.0441,93.6961,93.9845,36464.0
2026-03-23 10:25:00,93.9845,94.0342,93.8453,93.8751,40438.0
2026-03-23 10:30:00,93.8751,93.8751,93.6514,93.7558,35747.0
2026-03-23 10:35:00,93.7657,93.9149,93.5072,93.547,60995.0
2026-03-23 10:40:00,93.5868,93.7459,93.5669,93.6365,40601.0
2026-03-23 10:45:00,93.5967,93.89,93.5669,93.8477,34520.0
2026-03-23 10:50:00,93.8751,94.0292,93.8254,93.9149,31582.0
2026-03-23 10:55:00,93.9546,94.0342,93.8254,93.9447,25498.0
2026-03-23 11:00:00,93.9497,94.2529,93.8751,94.243,64723.0
2026-03-23 11:05:00,94.243,94.3822,94.1742,94.2131,41170.0
2026-03-23 11:10:00,94.2131,94.3822,94.1585,94.1634,36588.0
2026-03-23 11:15:00,94.1734,94.2528,94.1336,94.1833,41074.0
2026-03-23 11:20:00,94.1634,94.4716,94.1634,94.4219,71087.0
2026-03-23 11:25:00,94.4418,94.4418,94.1634,94.233,39841.0
2026-03-23 11:30:00,94.2827,94.3623,94.243,94.2827,34734.0
2026-03-23 11:35:00,94.2827,94.3772,94.1933,94.1933,39672.0
2026-03-23 11:40:00,94.1833,94.2728,94.066,94.2728,42479.0
2026-03-23 11:45:00,94.2728,94.3026,94.1137,94.2131,46476.0
2026-03-23 11:50:00,94.2629,94.2629,93.726,93.7401,64955.0
2026-03-23 11:55:00,93.7757,93.9745,93.716,93.8353,56280.0
2026-03-23 12:00:00,93.7956,94.0491,93.7459,93.9049,73669.0
2026-03-23 12:05:00,93.9099,94.064,93.7856,93.7856,44460.0
2026-03-23 12:10:00,93.7807,93.895,93.716,93.7757,31013.0
2026-03-23 12:15:00,93.7856,93.8155,93.6961,93.7459,40827.0
2026-03-23 12:20:00,93.7608,93.7956,93.4874,93.5619,48959.0
2026-03-23 12:25:00,93.5967,93.6464,93.4575,93.4875,86734.0
2026-03-23 12:30:00,93.5122,93.726,93.4774,93.6763,37290.0
2026-03-23 12:35:00,93.7011,93.8045,93.6663,93.726,22736.0
2026-03-23 12:40:00,93.7459,93.8155,93.678,93.7657,27326.0
2026-03-23 12:45:00,93.7508,93.8254,93.5967,93.6713,22562.0
2026-03-23 12:50:00,93.6713,93.716,93.4227,93.4575,30924.0
2026-03-23 12:55:00,93.4625,93.5668,93.3979,93.4874,19583.0
2026-03-23 13:00:00,93.5122,93.547,93.3681,93.3681,37232.0
2026-03-23 13:05:00,93.4078,93.5669,93.3283,93.5472,30305.0
2026-03-23 13:10:00,93.547,93.6663,93.5222,93.547,33147.0
2026-03-23 13:15:00,93.5271,93.6266,93.4774,93.4774,27994.0
2026-03-23 13:20:00,93.4774,93.6067,93.3979,93.557,30385.0
2026-03-23 13:25:00,93.5371,93.7309,93.5371,93.6961,137834.0
2026-03-23 13:30:00,93.7111,94.064,93.6862,94.0392,61333.0
2026-03-23 13:35:00,94.0733,94.2131,94.0143,94.1336,49067.0
2026-03-23 13:40:00,94.1436,94.1436,93.9248,94.0093,46133.0
2026-03-23 13:45:00,94.0341,94.074,93.9546,94.064,26202.0
2026-03-23 13:50:00,94.064,94.1336,94.0441,94.0938,29073.0
2026-03-23 13:55:00,94.0839,94.1237,93.9944,93.9944,32190.0
2026-03-23 14:00:00,94.0143,94.074,93.9646,94.0441,35718.0
2026-03-23 14:05:00,94.0541,94.0541,93.7757,93.895,34341.0
2026-03-23 14:10:00,93.9149,94.0143,93.8552,93.895,34246.0
2026-03-23 14:15:00,93.8851,93.9348,93.8055,93.8751,36107.0
2026-03-23 14:20:00,93.8751,93.9149,93.7558,93.7558,31895.0
2026-03-23 14:25:00,93.7657,93.8254,93.7388,93.7956,29875.0
2026-03-23 14:30:00,93.8055,94.074,93.8055,94.0342,34511.0
2026-03-23 14:35:00,94.064,94.2529,94.0441,94.1336,50001.0
2026-03-23 14:40:00,94.1734,94.243,94.1038,94.1336,23842.0
2026-03-23 14:45:00,94.1336,94.2678,94.1038,94.2032,31963.0
2026-03-23 14:50:00,94.1933,94.1933,94.059,94.0938,30273.0
2026-03-23 14:55:00,94.1187,94.1535,93.9348,93.9447,74157.0
2026-03-23 15:00:00,93.9348,93.9447,93.6266,93.7061,97954.0
2026-03-23 15:05:00,93.721,93.726,93.5669,93.6365,85177.0
2026-03-23 15:10:00,93.6266,93.6862,93.5768,93.6266,40675.0
2026-03-23 15:15:00,93.6166,93.8353,93.6166,93.7011,61068.0
2026-03-23 15:20:00,93.6763,93.6912,93.5918,93.6166,56379.0
2026-03-23 15:25:00,93.6067,93.6365,93.5072,93.5341,57703.0
2026-03-23 15:30:00,93.5271,93.6763,93.4877,93.557,144628.0
2026-03-23 15:35:00,93.5868,93.6166,93.4923,93.547,85206.0
2026-03-23 15:40:00,93.557,93.5868,93.4277,93.4675,109758.0
2026-03-23 15:45:00,93.4774,93.6365,93.4178,93.4923,84967.0
2026-03-23 15:50:00,93.4973,93.6613,93.4178,93.5768,239632.0
2026-03-23 15:55:00,93.557,93.5669,93.2289,93.2686,471497.0
2026-03-24 09:30:00,92.7715,93.0503,91.9662,92.344,189901.0
2026-03-24 09:35:00,92.3937,92.4632,92.0159,92.0884,68209.0
2026-03-24 09:40:00,92.0954,92.1949,91.9364,91.9364,76698.0
2026-03-24 09:45:00,91.9562,92.0522,91.6381,91.7574,97189.0
2026-03-24 09:50:00,91.7375,91.8171,91.3299,91.3597,201541.0
2026-03-24 09:55:00,91.3498,91.489,91.3398,91.3697,155036.0
2026-03-24 10:00:00,91.3746,91.8369,91.2603,91.7872,93638.0
2026-03-24 10:05:00,91.7872,92.165,91.6828,92.0756,69173.0
2026-03-24 10:10:00,92.0656,92.1253,91.7972,92.006,56157.0
2026-03-24 10:15:00,91.996,92.001,91.6977,91.9823,44938.0
2026-03-24 10:20:00,91.9016,92.1849,91.8747,92.006,35741.0
2026-03-24 10:25:00,92.006,92.1143,91.9264,91.9612,52630.0
2026-03-24 10:30:00,91.9612,92.0358,91.8668,91.9712,78766.0
2026-03-24 10:35:00,92.001,92.001,91.5387,91.6878,88595.0
2026-03-24 10:40:00,91.687,91.9364,91.5983,91.9364,46238.0
2026-03-24 10:45:00,91.9364,91.9364,91.6679,91.7176,57296.0
2026-03-24 10:50:00,91.7872,92.175,91.5486,92.0184,104427.0
2026-03-24 10:55:00,91.9861,92.3738,91.9165,92.1402,64400.0
2026-03-24 11:00:00,92.175,92.5379,92.175,92.4136,40806.0
2026-03-24 11:05:00,92.3937,92.5727,92.3341,92.5627,43244.0
2026-03-24 11:10:00,92.5578,92.6907,92.4434,92.4931,45098.0
2026-03-24 11:15:00,92.4732,92.4931,92.3937,92.4136,33043.0
2026-03-24 11:20:00,92.4434,92.5627,92.3838,92.518,79708.0
2026-03-24 11:25:00,92.5329,92.5627,92.3013,92.3937,28271.0
2026-03-24 11:30:00,92.3838,92.4633,92.2744,92.2943,44035.0
2026-03-24 11:35:00,92.3142,92.3539,92.2346,92.3292,48476.0
2026-03-24 11:40:00,92.3539,92.4782,92.3142,92.4235,21977.0
2026-03-24 11:45:00,92.4136,92.4434,92.3092,92.4235,37062.0
2026-03-24 11:50:00,92.4235,92.513,92.3589,92.3589,38166.0
2026-03-24 11:55:00,92.3242,92.3589,91.9662,91.9662,81955.0
2026-03-24 12:00:00,91.9463,91.9662,91.658,91.7872,65402.0
2026-03-24 12:05:00,91.7872,91.9761,91.7823,91.9513,27786.0
2026-03-24 12:10:00,91.9562,91.9612,91.8469,91.8867,23509.0
2026-03-24 12:15:00,91.8966,92.1253,91.8966,92.0308,25042.0
2026-03-24 12:20:00,92.0557,92.0756,91.9712,91.996,18348.0
2026-03-24 12:25:00,91.9964,92.006,91.8668,91.9065,21820.0
2026-03-24 12:30:00,91.9463,91.9761,91.8916,91.9264,24370.0
2026-03-24 12:35:00,91.9115,91.9115,91.6679,91.7127,37085.0
2026-03-24 12:40:00,91.7127,91.8767,91.6878,91.8369,24873.0
2026-03-24 12:45:00,91.8767,91.9364,91.7077,91.7574,22365.0
2026-03-24 12:50:00,91.7673,91.8966,91.7673,91.827,19664.0
2026-03-24 12:55:00,91.8613,91.9463,91.7673,91.9364,26491.0
2026-03-24 13:00:00,91.9364,91.9364,91.7276,91.7425,35795.0
2026-03-24 13:05:00,91.7176,91.7176,91.4989,91.4989,45283.0
2026-03-24 13:10:00,91.5188,91.6083,91.4542,91.4989,41349.0
2026-03-24 13:15:00,91.4989,91.6083,91.4989,91.5735,26419.0
2026-03-24 13:20:00,91.5983,91.6779,91.5983,91.6381,19186.0
2026-03-24 13:25:00,91.6182,91.658,91.5884,91.6083,24011.0
2026-03-24 13:30:00,91.648,91.6977,91.5039,91.5039,40818.0
2026-03-24 13:35:00,91.5039,91.5287,91.4293,91.5088,36316.0
2026-03-24 13:40:00,91.4989,91.6878,91.4094,91.4492,33417.0
2026-03-24 13:45:00,91.479,91.5187,91.4691,91.484,17506.0
2026-03-24 13:50:00,91.4691,91.648,91.4293,91.4582,33006.0
2026-03-24 13:55:00,91.4293,91.8101,91.4293,91.7176,50844.0
2026-03-24 14:00:00,91.7375,91.827,91.6182,91.653,30691.0
2026-03-24 14:05:00,91.6505,91.7077,91.6282,91.6431,23705.0
2026-03-24 14:10:00,91.6232,91.6779,91.5685,91.648,22074.0
2026-03-24 14:15:00,91.6679,91.7176,91.6132,91.6977,38956.0
2026-03-24 14:20:00,91.7176,91.7475,91.6083,91.6878,25383.0
2026-03-24 14:25:00,91.6878,91.8369,91.6878,91.822,26097.0
2026-03-24 14:30:00,91.822,92.006,91.8171,91.9662,42813.0
2026-03-24 14:35:00,91.9662,92.0953,91.8668,92.0656,39274.0
2026-03-24 14:40:00,92.0657,92.0657,91.6878,91.7673,37473.0
2026-03-24 14:45:00,91.7673,91.7673,91.6679,91.7475,42191.0
2026-03-24 14:50:00,91.7325,91.8767,91.7082,91.7972,50255.0
2026-03-24 14:55:00,91.7922,91.827,91.7325,91.7873,26485.0
2026-03-24 15:00:00,91.8021,91.9761,91.7773,91.8966,46032.0
2026-03-24 15:05:00,91.9016,91.996,91.8568,91.991,189018.0
2026-03-24 15:10:00,91.9761,92.006,91.9264,92.006,33172.0
2026-03-24 15:15:00,91.9861,92.006,91.8966,91.9562,39463.0
2026-03-24 15:20:00,91.9513,91.9761,91.7872,91.8171,42529.0
2026-03-24 15:25:00,91.8369,91.9861,91.822,91.9065,47883.0
2026-03-24 15:30:00,91.9115,91.9761,91.8568,91.8966,58832.0
2026-03-24 15:35:00,91.8916,91.9264,91.8419,91.8767,62688.0
2026-03-24 15:40:00,91.8767,91.9065,91.7574,91.7872,75447.0
2026-03-24 15:45:00,91.8071,91.8071,91.7375,91.7425,77339.0
2026-03-24 15:50:00,91.7475,91.7475,91.4492,91.4691,197377.0
2026-03-24 15:55:00,91.4492,91.479,91.3001,91.4691,681042.0
2026-03-25 09:30:00,91.7972,92.6621,91.7972,92.0258,104848.0
2026-03-25 09:35:00,91.996,92.0535,91.7375,91.9264,67739.0
2026-03-25 09:40:00,91.9301,92.2346,91.8469,91.8469,102197.0
2026-03-25 09:45:00,91.8966,92.1203,91.7375,91.7673,104018.0
2026-03-25 09:50:00,91.7773,92.2247,91.5089,92.1555,198271.0
2026-03-25 09:55:00,92.17,92.4335,92.1352,92.3042,116486.0
2026-03-25 10:00:00,92.2893,92.7516,92.2147,92.7119,166703.0
2026-03-25 10:05:00,92.6721,92.6721,91.8668,92.1104,126864.0
2026-03-25 10:10:00,92.0954,92.2595,91.9264,92.0358,60215.0
2026-03-25 10:15:00,92.0358,92.0606,91.7823,91.8668,69365.0
2026-03-25 10:20:00,91.9115,92.0557,91.7176,91.9264,83179.0
2026-03-25 10:25:00,91.9264,92.1551,91.8568,92.1203,91078.0
2026-03-25 10:30:00,92.1452,92.2252,92.0557,92.1751,39644.0
2026-03-25 10:35:00,92.1949,92.2346,91.8668,92.0159,69689.0
2026-03-25 10:40:00,92.006,92.175,91.7872,91.7872,54851.0
2026-03-25 10:45:00,91.8071,91.9463,91.7375,91.9264,60236.0
2026-03-25 10:50:00,91.9364,92.0408,91.9016,91.9152,40864.0
2026-03-25 10:55:00,91.9165,92.0159,91.7972,91.822,46329.0
2026-03-25 11:00:00,91.8172,92.1253,91.7972,92.0805,161203.0
2026-03-25 11:05:00,92.1153,92.1949,91.7922,91.7922,400764.0
2026-03-25 11:10:00,91.827,91.8966,91.5686,91.6132,43693.0
2026-03-25 11:15:00,91.6132,91.6977,91.3398,91.4591,115213.0
2026-03-25 11:20:00,91.479,91.6235,91.4392,91.5238,48859.0
2026-03-25 11:25:00,91.5282,91.6679,91.4691,91.6679,45319.0
2026-03-25 11:30:00,91.6679,91.9761,91.6083,91.9214,43889.0
2026-03-25 11:35:00,91.9364,92.0855,91.8668,92.0855,61150.0
2026-03-25 11:40:00,92.0855,92.1303,92.0159,92.0706,31820.0
2026-03-25 11:45:00,92.0706,92.1054,92.0258,92.0706,43688.0
2026-03-25 11:50:00,92.0855,92.0954,91.9682,92.0209,46072.0
2026-03-25 11:55:00,92.0308,92.0855,91.9364,92.0309,37762.0
2026-03-25 12:00:00,92.0159,92.0457,91.9562,92.006,26918.0
2026-03-25 12:05:00,92.0159,92.0756,91.9463,92.0507,39638.0
2026-03-25 12:10:00,92.0369,92.0805,91.9861,92.0557,20833.0
2026-03-25 12:15:00,92.0557,92.1452,92.006,92.0656,68699.0
2026-03-25 12:20:00,92.0457,92.3232,92.0259,92.2744,73616.0
2026-03-25 12:25:00,92.2545,92.3639,92.2048,92.2545,37167.0
2026-03-25 12:30:00,92.3142,92.6005,92.3142,92.5826,26914.0
2026-03-25 12:35:00,92.5528,92.6323,92.5428,92.5627,35408.0
2026-03-25 12:40:00,92.5677,92.5826,92.523,92.523,21509.0
2026-03-25 12:45:00,92.4931,92.4931,92.2147,92.2545,28297.0
2026-03-25 12:50:00,92.2938,92.3937,92.1949,92.3937,21129.0
2026-03-25 12:55:00,92.3937,92.3937,92.3341,92.3589,22744.0
2026-03-25 13:00:00,92.3639,92.523,92.3639,92.4484,25366.0
2026-03-25 13:05:00,92.4732,92.4732,92.3738,92.4036,31173.0
2026-03-25 13:10:00,92.3838,92.5478,92.3738,92.5279,23695.0
2026-03-25 13:15:00,92.5031,92.5031,92.3738,92.4732,30876.0
2026-03-25 13:20:00,92.4583,92.5921,92.4434,92.5428,15299.0
2026-03-25 13:25:00,92.5727,92.6323,92.5428,92.6025,31316.0
2026-03-25 13:30:00,92.5727,92.6615,92.5428,92.6472,24538.0
2026-03-25 13:35:00,92.6621,92.8511,92.636,92.8212,36201.0
2026-03-25 13:40:00,92.8411,92.861,92.7137,92.7218,31288.0
2026-03-25 13:45:00,92.7607,92.7607,92.6323,92.6522,28476.0
2026-03-25 13:50:00,92.6323,92.7417,92.4832,92.4882,27201.0
2026-03-25 13:55:00,92.4882,92.7864,92.4782,92.6373,39559.0
2026-03-25 14:00:00,92.6373,92.7019,92.5826,92.6323,20343.0
2026-03-25 14:05:00,92.6323,92.7516,92.6323,92.7516,34662.0
2026-03-25 14:10:00,92.7317,92.7815,92.682,92.7367,28602.0
2026-03-25 14:15:00,92.7218,92.8511,92.682,92.8411,34230.0
2026-03-25 14:20:00,92.8312,92.9803,92.8051,92.9415,69544.0
2026-03-25 14:25:00,92.9604,92.9853,92.7616,92.8113,46339.0
2026-03-25 14:30:00,92.8113,92.8411,92.7815,92.7914,29380.0
2026-03-25 14:35:00,92.7715,92.7964,92.6323,92.7069,42975.0
2026-03-25 14:40:00,92.7069,92.7069,92.5927,92.6323,28083.0
2026-03-25 14:45:00,92.6124,92.6423,92.5428,92.5578,21426.0
2026-03-25 14:50:00,92.5428,92.5826,92.4931,92.5727,23449.0
2026-03-25 14:55:00,92.5627,92.5627,92.2545,92.4583,72695.0
2026-03-25 15:00:00,92.4434,92.4931,92.2843,92.3539,48170.0
2026-03-25 15:05:00,92.349,92.4434,92.344,92.4335,39444.0
2026-03-25 15:10:00,92.4335,92.4434,92.3639,92.4384,43524.0
2026-03-25 15:15:00,92.4434,92.4434,92.3738,92.4136,45540.0
2026-03-25 15:20:00,92.4136,92.5826,92.4036,92.4235,63104.0
2026-03-25 15:25:00,92.4235,92.4235,92.2446,92.2545,65900.0
2026-03-25 15:30:00,92.2247,92.2744,92.0855,92.0855,72058.0
2026-03-25 15:35:00,92.0656,92.0954,91.9264,91.9861,88443.0
2026-03-25 15:40:00,91.9861,92.0557,91.9065,91.9513,108069.0
2026-03-25 15:45:00,91.9364,92.0954,91.9214,92.0855,109245.0
2026-03-25 15:50:00,92.0756,92.1253,91.7823,92.006,349772.0
2026-03-25 15:55:00,92.0159,92.1849,92.006,92.175,586438.0
2026-03-26 09:30:00,91.7773,91.7773,91.2006,91.2354,164181.0
2026-03-26 09:35:00,91.2205,91.2702,90.4251,90.9213,163371.0
2026-03-26 09:40:00,90.8626,91.2802,90.793,91.2255,82917.0
2026-03-26 09:45:00,91.2205,91.7375,91.2205,91.6381,124534.0
2026-03-26 09:50:00,91.658,92.2247,91.4691,92.0954,154131.0
2026-03-26 09:55:00,92.0557,92.0805,91.7973,92.0557,73290.0
2026-03-26 10:00:00,92.0408,92.0557,91.7524,91.8668,68973.0
2026-03-26 10:05:00,91.8668,92.0358,91.7176,92.006,35395.0
2026-03-26 10:10:00,92.0358,92.0358,91.8767,91.9712,65086.0
2026-03-26 10:15:00,91.9264,91.9761,91.7475,91.7823,65887.0
2026-03-26 10:20:00,91.8071,91.8469,91.7127,91.8321,26837.0
2026-03-26 10:25:00,91.8071,91.8668,91.6779,91.6779,23200.0
2026-03-26 10:30:00,91.6779,91.908,91.6779,91.8767,29877.0
2026-03-26 10:35:00,91.8071,91.8767,91.7375,91.7872,29770.0
2026-03-26 10:40:00,91.7673,91.9264,91.5586,91.653,48889.0
2026-03-26 10:45:00,91.658,91.7276,91.4797,91.5188,56353.0
2026-03-26 10:50:00,91.5188,91.5983,91.4691,91.5188,31189.0
2026-03-26 10:55:00,91.489,91.7276,91.4293,91.7176,56247.0
2026-03-26 11:00:00,91.7236,91.9662,91.5238,91.5783,33750.0
2026-03-26 11:05:00,91.578,91.6828,91.5436,91.6232,46726.0
2026-03-26 11:10:00,91.648,91.6629,91.5586,91.5835,27466.0
2026-03-26 11:15:00,91.5685,91.658,91.4591,91.658,49961.0
2026-03-26 11:20:00,91.6431,91.6779,91.5586,91.5784,26333.0
2026-03-26 11:25:00,91.5685,91.6381,91.4691,91.4691,30809.0
2026-03-26 11:30:00,91.4194,91.4194,91.2802,91.3697,24262.0
2026-03-26 11:35:00,91.3995,91.4392,91.3299,91.3796,26143.0
2026-03-26 11:40:00,91.3398,91.4094,91.2404,91.2404,30875.0
2026-03-26 11:45:00,91.2404,91.3697,91.2006,91.2802,29231.0
2026-03-26 11:50:00,91.2603,91.2752,91.2106,91.2503,17266.0
2026-03-26 11:55:00,91.2205,91.2305,90.962,91.0316,48903.0
2026-03-26 12:00:00,91.0167,91.0167,90.7234,90.7234,50302.0
2026-03-26 12:05:00,90.6985,90.7831,90.6439,90.7035,58372.0
2026-03-26 12:10:00,90.7035,90.773,90.5942,90.7035,44049.0
2026-03-26 12:15:00,90.6836,90.7333,90.4748,90.5842,73642.0
2026-03-26 12:20:00,90.5444,90.6389,90.4748,90.6339,39576.0
2026-03-26 12:25:00,90.6041,90.7681,90.5246,90.7583,52109.0
2026-03-26 12:30:00,90.7333,90.7333,90.6041,90.7035,63346.0
2026-03-26 12:35:00,90.7234,90.7433,90.6041,90.624,26591.0
2026-03-26 12:40:00,90.6439,90.7632,90.626,90.7532,38845.0
2026-03-26 12:45:00,90.7434,90.788,90.7035,90.7035,37372.0
2026-03-26 12:50:00,90.7135,90.8427,90.7084,90.7781,29523.0
2026-03-26 12:55:00,90.7632,90.8527,90.7433,90.8228,27205.0
2026-03-26 13:00:00,90.8129,90.8684,90.7731,90.7731,24047.0
2026-03-26 13:05:00,90.7681,90.793,90.6936,90.7035,38518.0
2026-03-26 13:10:00,90.6836,90.6987,90.5942,90.619,26035.0
2026-03-26 13:15:00,90.6091,90.6339,90.445,90.4848,57913.0
2026-03-26 13:20:00,90.4947,90.5047,90.3656,90.4251,78212.0
2026-03-26 13:25:00,90.445,90.4748,90.3257,90.44,42946.0
2026-03-26 13:30:00,90.4649,90.4649,90.3406,90.445,26872.0
2026-03-26 13:35:00,90.455,90.5096,90.3953,90.4798,34004.0
2026-03-26 13:40:00,90.4748,90.4848,90.3489,90.3754,38197.0
2026-03-26 13:45:00,90.3953,90.4599,90.3655,90.4102,34553.0
2026-03-26 13:50:00,90.4052,90.4251,90.3257,90.3953,30636.0
2026-03-26 13:55:00,90.3953,90.4351,90.3158,90.3655,47852.0
2026-03-26 14:00:00,90.3456,90.3754,90.2859,90.3655,30443.0
2026-03-26 14:05:00,90.3754,90.4351,90.3456,90.3953,35076.0
2026-03-26 14:10:00,90.3953,90.4052,90.3058,90.3804,28929.0
2026-03-26 14:15:00,90.3848,90.4152,90.2959,90.3357,35901.0
2026-03-26 14:20:00,90.3357,90.3555,90.2561,90.2959,41305.0
2026-03-26 14:25:00,90.3058,90.3655,90.2959,90.3257,38435.0
2026-03-26 14:30:00,90.3357,90.4152,90.3357,90.3854,42864.0
2026-03-26 14:35:00,90.3854,90.5743,90.3854,90.5743,33220.0
2026-03-26 14:40:00,90.5643,90.614,90.5196,90.5345,30761.0
2026-03-26 14:45:00,90.5295,90.5444,90.4649,90.4649,33887.0
2026-03-26 14:50:00,90.455,90.4947,90.3456,90.4102,35868.0
2026-03-26 14:55:00,90.4052,90.4052,90.3556,90.3903,23165.0
2026-03-26 15:00:00,90.3953,90.455,90.3257,90.3357,42733.0
2026-03-26 15:05:00,90.3257,90.3406,90.2064,90.2163,47258.0
2026-03-26 15:10:00,90.2064,90.2661,90.2064,90.2661,44090.0
2026-03-26 15:15:00,90.2859,90.3655,90.2661,90.3158,48102.0
2026-03-26 15:20:00,90.3158,90.4152,90.3058,90.4003,66421.0
2026-03-26 15:25:00,90.4152,90.4351,90.3158,90.4003,58222.0
2026-03-26 15:30:00,90.4052,90.44,90.2959,90.4241,66023.0
2026-03-26 15:35:00,90.4251,90.5544,90.4152,90.4202,83711.0
2026-03-26 15:40:00,90.4152,90.4748,90.3755,90.3953,89534.0
2026-03-26 15:45:00,90.3854,90.5146,90.3754,90.4798,99374.0
2026-03-26 15:50:00,90.4848,90.57,90.4351,90.5146,192289.0
2026-03-26 15:55:00,90.5047,90.7532,90.4947,90.7135,587375.0
2026-03-27 09:30:00,90.2263,90.4251,89.0774,89.3713,186023.0
2026-03-27 09:35:00,89.3017,89.4309,89.0034,89.1426,139333.0
2026-03-27 09:40:00,89.1227,89.2321,88.894,89.0332,120277.0
2026-03-27 09:45:00,89.0531,89.1923,88.9437,88.9537,132668.0
2026-03-27 09:50:00,88.9537,88.9686,88.3074,88.4068,126534.0
2026-03-27 09:55:00,88.3671,88.4168,88.0489,88.1682,92541.0
2026-03-27 10:00:00,88.0887,88.3373,88.0092,88.044,97705.0
2026-03-27 10:05:00,88.0042,88.3074,87.7805,87.9694,182217.0
2026-03-27 10:10:00,87.9694,88.1384,87.86,88.0141,200582.0
2026-03-27 10:15:00,88.0141,88.039,87.6115,87.6612,155092.0
2026-03-27 10:20:00,87.6711,87.7507,87.4226,87.6115,87677.0
2026-03-27 10:25:00,87.5916,87.6711,87.0348,87.1243,165618.0
2026-03-27 10:30:00,87.1044,87.2719,86.9056,87.0299,138238.0
2026-03-27 10:35:00,87.0149,87.0149,86.667,86.7266,140368.0
2026-03-27 10:40:00,86.7415,86.8956,86.5824,86.8559,92704.0
2026-03-27 10:45:00,86.8459,87.2834,86.657,87.2734,137424.0
2026-03-27 10:50:00,87.2933,87.7705,87.2784,87.6413,144417.0
2026-03-27 10:55:00,87.6363,87.7208,87.4922,87.5966,143756.0
2026-03-27 11:00:00,87.5966,87.7507,87.2138,87.7009,175666.0
2026-03-27 11:05:00,87.7059,87.7109,87.3629,87.4325,61406.0
2026-03-27 11:10:00,87.4076,87.4325,87.2337,87.3033,67358.0
2026-03-27 11:15:00,87.3033,87.3132,87.179,87.2933,50598.0
2026-03-27 11:20:00,87.2635,87.5717,87.1591,87.3082,177967.0
2026-03-27 11:25:00,87.3082,87.6811,87.2535,87.5618,136855.0
2026-03-27 11:30:00,87.5816,87.7159,87.522,87.6811,46714.0
2026-03-27 11:35:00,87.6811,87.8501,87.5667,87.6015,71823.0
2026-03-27 11:40:00,87.6115,87.6115,87.4126,87.4524,48460.0
2026-03-27 11:45:00,87.4424,87.4524,87.2038,87.2547,37738.0
2026-03-27 11:50:00,87.2635,87.4226,87.2635,87.3828,106382.0
2026-03-27 11:55:00,87.3828,87.3977,87.2436,87.2835,35421.0
2026-03-27 12:00:00,87.2834,87.4424,87.2038,87.2138,67200.0
2026-03-27 12:05:00,87.2138,87.3132,87.0646,87.1144,51255.0
2026-03-27 12:10:00,87.1094,87.1095,86.8956,87.0796,78123.0
2026-03-27 12:15:00,87.0945,87.1641,86.9404,86.9404,48511.0
2026-03-27 12:20:00,86.9404,86.9851,86.8061,86.836,62760.0
2026-03-27 12:25:00,86.8459,86.9056,86.7266,86.7664,58113.0
2026-03-27 12:30:00,86.7813,86.8061,86.7365,86.7763,53308.0
2026-03-27 12:35:00,86.7664,86.8161,86.6968,86.7216,66216.0
2026-03-27 12:40:00,86.7167,86.7863,86.6371,86.6669,49390.0
2026-03-27 12:45:00,86.662,86.7828,86.657,86.7415,55578.0
2026-03-27 12:50:00,86.7267,86.7415,86.5178,86.5377,72687.0
2026-03-27 12:55:00,86.5377,86.6073,86.3389,86.3488,98659.0
2026-03-27 13:00:00,86.3488,86.5675,86.2792,86.5178,110682.0
2026-03-27 13:05:00,86.5178,86.6918,86.3687,86.6074,91470.0
2026-03-27 13:10:00,86.6272,86.657,86.5291,86.657,68672.0
2026-03-27 13:15:00,86.657,86.6769,86.3687,86.4134,123054.0
2026-03-27 13:20:00,86.4134,86.4282,86.2479,86.2891,143692.0
2026-03-27 13:25:00,86.2941,86.2982,85.9511,86.0157,78706.0
2026-03-27 13:30:00,86.0207,86.0605,85.9561,85.961,80315.0
2026-03-27 13:35:00,85.971,85.9809,85.6628,85.7125,113172.0
2026-03-27 13:40:00,85.7125,85.7125,85.5342,85.5683,91011.0
2026-03-27 13:45:00,85.5683,85.6329,85.454,85.454,102820.0
2026-03-27 13:50:00,85.454,85.5435,85.4341,85.4689,101028.0
2026-03-27 13:55:00,85.4639,85.5037,85.3247,85.3645,115737.0
2026-03-27 14:00:00,85.3446,85.4043,85.2651,85.3745,99077.0
2026-03-27 14:05:00,85.3745,85.5732,85.3496,85.4242,128549.0
2026-03-27 14:10:00,85.4242,85.4242,85.1657,85.2005,146285.0
2026-03-27 14:15:00,85.2054,85.275,85.106,85.2353,215824.0
2026-03-27 14:20:00,85.2452,85.5037,85.1955,85.3297,289717.0
2026-03-27 14:25:00,85.3247,85.5932,85.2452,85.5534,231387.0
2026-03-27 14:30:00,85.5584,85.8523,85.4142,85.8523,178408.0
2026-03-27 14:35:00,85.8567,86.1698,85.8069,86.0804,176344.0
2026-03-27 14:40:00,86.0804,86.1201,85.9015,86.0804,216223.0
2026-03-27 14:45:00,86.0456,86.5079,86.0207,86.4383,257035.0
2026-03-27 14:50:00,86.4681,86.5476,86.2593,86.4383,151394.0
2026-03-27 14:55:00,86.4283,86.6868,86.4184,86.6172,154527.0
2026-03-27 15:00:00,86.5974,86.7365,86.5526,86.6471,163842.0
2026-03-27 15:05:00,86.652,86.7266,86.478,86.6073,142065.0
2026-03-27 15:10:00,86.5974,86.6868,86.488,86.5327,119689.0
2026-03-27 15:15:00,86.5327,86.8559,86.5228,86.749,155440.0
2026-03-27 15:20:00,86.7465,86.826,86.6471,86.6968,138684.0
2026-03-27 15:25:00,86.6968,86.7365,86.3655,86.5874,170088.0
2026-03-27 15:30:00,86.5576,86.6669,86.5178,86.6471,165413.0
2026-03-27 15:35:00,86.6272,86.6272,86.3886,86.4681,177309.0
2026-03-27 15:40:00,86.4631,86.478,86.0306,86.1251,201972.0
2026-03-27 15:45:00,86.14,86.1698,85.9113,86.1201,189332.0
2026-03-27 15:50:00,86.1102,86.3886,86.0605,86.3389,307490.0
2026-03-27 15:55:00,86.3488,86.4184,86.2096,86.309,874814.0
2026-03-30 09:30:00,85.9014,86.9553,85.8318,86.7216,186027.0
2026-03-30 09:35:00,86.7067,86.7962,86.4681,86.7465,55855.0
2026-03-30 09:40:00,86.7564,86.8111,86.5725,86.5874,58263.0
2026-03-30 09:45:00,86.5874,86.7962,86.2494,86.2792,105214.0
2026-03-30 09:50:00,86.2593,86.7763,86.1599,86.4482,61568.0
2026-03-30 09:55:00,86.3886,86.5476,86.2693,86.3637,71155.0
2026-03-30 10:00:00,86.2891,86.7067,86.2494,86.4234,122702.0
2026-03-30 10:05:00,86.4234,86.4333,86.0306,86.1201,64160.0
2026-03-30 10:10:00,86.1201,86.2395,86.0207,86.1499,66094.0
2026-03-30 10:15:00,86.145,86.145,85.7224,85.8119,77587.0
2026-03-30 10:20:00,85.8517,86.3895,85.8417,86.3687,52992.0
2026-03-30 10:25:00,86.3488,86.3985,86.1997,86.2994,24523.0
2026-03-30 10:30:00,86.2891,86.3687,86.2096,86.3041,39839.0
2026-03-30 10:35:00,86.2643,86.3886,86.2097,86.2991,29022.0
2026-03-30 10:40:00,86.3289,86.3786,86.1599,86.309,35135.0
2026-03-30 10:45:00,86.309,86.5924,86.1052,86.3886,103893.0
2026-03-30 10:50:00,86.3836,86.5775,86.3538,86.5476,40041.0
2026-03-30 10:55:00,86.5576,86.7664,86.5228,86.6411,60586.0
2026-03-30 11:00:00,86.652,86.995,86.652,86.9851,58782.0
2026-03-30 11:05:00,87.0149,87.0448,86.6123,86.7713,45452.0
2026-03-30 11:10:00,86.7564,86.7863,86.6968,86.7216,22784.0
2026-03-30 11:15:00,86.7365,86.8061,86.5974,86.7564,80879.0
2026-03-30 11:20:00,86.8161,86.8161,86.5776,86.6868,39107.0
2026-03-30 11:25:00,86.7167,86.7564,86.5775,86.6073,31013.0
2026-03-30 11:30:00,86.6172,86.826,86.488,86.6868,43865.0
2026-03-30 11:35:00,86.7017,86.8061,86.6371,86.7266,28090.0
2026-03-30 11:40:00,86.7266,86.8658,86.7266,86.836,21989.0
2026-03-30 11:45:00,86.8061,86.9553,86.7564,86.9553,25422.0
2026-03-30 11:50:00,86.9354,87.174,86.9354,87.0845,38161.0
2026-03-30 11:55:00,87.0945,87.1442,86.995,87.1442,29503.0
2026-03-30 12:00:00,87.1641,87.353,87.1243,87.1839,83717.0
2026-03-30 12:05:00,87.1839,87.2635,87.0746,87.2635,43064.0
2026-03-30 12:10:00,87.2535,87.3231,87.174,87.2038,28706.0
2026-03-30 12:15:00,87.1939,87.1989,87.0348,87.0746,21745.0
2026-03-30 12:20:00,87.0845,87.1541,87.0547,87.1342,31805.0
2026-03-30 12:25:00,87.1442,87.1442,86.9851,86.9851,26010.0
2026-03-30 12:30:00,87.0149,87.174,87.005,87.1691,19170.0
2026-03-30 12:35:00,87.1442,87.174,87.0398,87.0398,28279.0
2026-03-30 12:40:00,87.0299,87.0299,86.8161,86.8708,23439.0
2026-03-30 12:45:00,86.8658,86.8658,86.6371,86.6868,38281.0
2026-03-30 12:50:00,86.657,86.6669,86.4583,86.478,27706.0
2026-03-30 12:55:00,86.4731,86.6172,86.3887,86.6172,40264.0
2026-03-30 13:00:00,86.6172,86.6272,86.4482,86.4547,46707.0
2026-03-30 13:05:00,86.4482,86.5377,86.4184,86.4482,34487.0
2026-03-30 13:10:00,86.4482,86.4482,86.2792,86.319,52496.0
2026-03-30 13:15:00,86.2991,86.3389,86.0804,86.1152,57547.0
2026-03-30 13:20:00,86.1102,86.1201,86.0008,86.0456,69726.0
2026-03-30 13:25:00,86.0456,86.0903,86.0108,86.0694,36362.0
2026-03-30 13:30:00,86.0505,86.0704,85.8815,85.961,58096.0
2026-03-30 13:35:00,85.9561,86.0207,85.8716,85.971,62484.0
2026-03-30 13:40:00,85.971,86.0456,85.9412,86.0306,34290.0
2026-03-30 13:45:00,86.0207,86.0306,85.8815,85.9213,80454.0
2026-03-30 13:50:00,85.9014,85.9809,85.8318,85.9461,44999.0
2026-03-30 13:55:00,85.9461,85.971,85.8417,85.8716,49450.0
2026-03-30 14:00:00,85.8567,85.9461,85.8567,85.8623,45921.0
2026-03-30 14:05:00,85.8716,85.8913,85.7821,85.8026,44428.0
2026-03-30 14:10:00,85.802,85.971,85.7821,85.961,44740.0
2026-03-30 14:15:00,85.9512,85.971,85.8517,85.9312,45149.0
2026-03-30 14:20:00,85.9014,85.9809,85.8616,85.8765,41912.0
2026-03-30 14:25:00,85.8815,86.0058,85.8716,85.9163,65739.0
2026-03-30 14:30:00,85.9163,86.0704,85.9014,85.9809,48973.0
2026-03-30 14:35:00,85.9909,86.0903,85.961,86.0505,50812.0
2026-03-30 14:40:00,86.0505,86.1897,86.0306,86.1499,42793.0
2026-03-30 14:45:00,86.1599,86.1599,86.0505,86.0704,43302.0
2026-03-30 14:50:00,86.0605,86.0853,86.0108,86.0306,73196.0
2026-03-30 14:55:00,86.0505,86.0704,85.9511,86.0505,85457.0
2026-03-30 15:00:00,86.0456,86.0605,85.9511,85.976,55795.0
2026-03-30 15:05:00,85.971,86.0108,85.8914,85.8964,98346.0
2026-03-30 15:10:00,85.9113,86.0058,85.802,85.966,134776.0
2026-03-30 15:15:00,85.9909,86.1897,85.9511,86.14,75626.0
2026-03-30 15:20:00,86.135,86.1997,86.0903,86.1251,34258.0
2026-03-30 15:25:00,86.1002,86.1649,86.0704,86.14,54314.0
2026-03-30 15:30:00,86.14,86.1748,86.0406,86.0704,54091.0
2026-03-30 15:35:00,86.0704,86.1997,86.0605,86.1301,58014.0
2026-03-30 15:40:00,86.14,86.319,86.135,86.2295,67074.0
2026-03-30 15:45:00,86.2295,86.3587,86.1997,86.2295,87650.0
2026-03-30 15:50:00,86.2195,86.2295,86.0605,86.14,210588.0
2026-03-30 15:55:00,86.14,86.2742,86.1201,86.2394,562636.0
2026-03-31 09:30:00,87.4922,87.9296,86.9553,87.4922,189380.0
2026-03-31 09:35:00,87.4922,87.8898,87.2338,87.8451,175035.0
2026-03-31 09:40:00,87.9197,88.039,87.7208,87.885,182057.0
2026-03-31 09:45:00,87.9296,88.5858,87.8849,88.5659,221023.0
2026-03-31 09:50:00,88.5262,88.551,88.203,88.4416,134262.0
2026-03-31 09:55:00,88.4416,88.7648,88.4367,88.725,178749.0
2026-03-31 10:00:00,88.7349,89.0829,88.6753,88.8095,398357.0
2026-03-31 10:05:00,88.8344,88.8642,88.2875,88.72,183225.0
2026-03-31 10:10:00,88.72,88.904,88.5162,88.5361,80393.0
2026-03-31 10:15:00,88.5659,88.6653,88.2428,88.4764,61878.0
2026-03-31 10:20:00,88.4715,88.551,88.1782,88.3472,73620.0
2026-03-31 10:25:00,88.377,88.4367,88.1881,88.377,150617.0
2026-03-31 10:30:00,88.377,88.4764,88.2179,88.3273,143602.0
2026-03-31 10:35:00,88.3323,88.3571,87.7109,87.7208,95671.0
2026-03-31 10:40:00,87.7507,87.8103,87.3927,87.5021,186524.0
2026-03-31 10:45:00,87.4822,87.5319,87.3231,87.3927,72306.0
2026-03-31 10:50:00,87.4226,87.4524,87.0646,87.0945,66221.0
2026-03-31 10:55:00,87.1094,87.1839,86.9652,87.1641,57220.0
2026-03-31 11:00:00,87.1641,87.4623,87.0746,87.4325,97823.0
2026-03-31 11:05:00,87.4375,87.9992,87.4375,87.8401,89951.0
2026-03-31 11:10:00,87.87,88.0887,87.8004,88.0638,37255.0
2026-03-31 11:15:00,88.0688,88.0887,87.7009,87.7009,101824.0
2026-03-31 11:20:00,87.691,87.8998,87.5618,87.8501,39307.0
2026-03-31 11:25:00,87.86,87.8799,87.6214,87.686,49871.0
2026-03-31 11:30:00,87.6711,87.6711,87.532,87.6612,31566.0
2026-03-31 11:35:00,87.691,87.8501,87.6811,87.691,61548.0
2026-03-31 11:40:00,87.7009,87.8103,87.6812,87.7606,54810.0
2026-03-31 11:45:00,87.7656,87.7656,87.522,87.7109,60418.0
2026-03-31 11:50:00,87.7109,87.9396,87.7109,87.8501,70726.0
2026-03-31 11:55:00,87.8898,87.8998,87.7705,87.8575,52068.0
2026-03-31 12:00:00,87.865,88.029,87.7904,87.9097,74795.0
2026-03-31 12:05:00,87.9097,87.9744,87.865,87.9246,47151.0
2026-03-31 12:10:00,87.8998,87.9396,87.7855,87.8799,45759.0
2026-03-31 12:15:00,87.8849,87.9197,87.6711,87.7407,39770.0
2026-03-31 12:20:00,87.7208,87.87,87.6314,87.87,45097.0
2026-03-31 12:25:00,87.8998,87.9296,87.8103,87.9197,23503.0
2026-03-31 12:30:00,87.9346,87.9396,87.8286,87.8286,31888.0
2026-03-31 12:35:00,87.8898,88.208,87.7805,88.208,57084.0
2026-03-31 12:40:00,88.2378,89.58,88.2378,89.1028,236634.0
2026-03-31 12:45:00,89.1128,89.1227,88.3273,88.6355,93504.0
2026-03-31 12:50:00,88.6057,88.7697,88.3473,88.4317,52134.0
2026-03-31 12:55:00,88.4317,88.5759,88.3473,88.5112,37897.0
2026-03-31 13:00:00,88.5063,88.7648,88.4715,88.6902,69841.0
2026-03-31 13:05:00,88.6952,88.8841,88.5858,88.6952,106973.0
2026-03-31 13:10:00,88.7001,88.9338,88.6653,88.9139,67784.0
2026-03-31 13:15:00,88.9139,89.0432,88.8543,88.9189,62738.0
2026-03-31 13:20:00,88.9238,88.9512,88.8393,88.8642,81418.0
2026-03-31 13:25:00,88.8692,88.8841,88.6156,88.6504,54296.0
2026-03-31 13:30:00,88.6504,88.8054,88.6504,88.7648,62348.0
2026-03-31 13:35:00,88.7648,88.874,88.5361,88.6753,65115.0
2026-03-31 13:40:00,88.7151,88.8045,88.6256,88.7001,39162.0
2026-03-31 13:45:00,88.7101,88.7946,88.6753,88.725,40169.0
2026-03-31 13:50:00,88.7151,88.8095,88.6852,88.8095,28909.0
2026-03-31 13:55:00,88.8095,88.8095,88.6354,88.6902,36835.0
2026-03-31 14:00:00,88.7001,88.8244,88.6653,88.6852,35434.0
2026-03-31 14:05:00,88.7001,88.8741,88.7001,88.7896,37483.0
2026-03-31 14:10:00,88.7847,88.7847,88.5685,88.7051,40496.0
2026-03-31 14:15:00,88.7051,88.7449,88.5908,88.5908,70357.0
2026-03-31 14:20:00,88.5908,88.725,88.5262,88.6355,85102.0
2026-03-31 14:25:00,88.6455,88.7797,88.5858,88.6554,40934.0
2026-03-31 14:30:00,88.6455,88.6934,88.5162,88.5958,42118.0
2026-03-31 14:35:00,88.6057,88.7747,88.5958,88.6554,45985.0
2026-03-31 14:40:00,88.6355,88.6455,88.5162,88.5908,52371.0
2026-03-31 14:45:00,88.6057,88.7151,88.5808,88.6256,45370.0
2026-03-31 14:50:00,88.6355,88.7747,88.6355,88.6753,37838.0
2026-03-31 14:55:00,88.6952,88.7151,88.6256,88.6504,45223.0
2026-03-31 15:00:00,88.6355,88.8045,88.6256,88.7598,49339.0
2026-03-31 15:05:00,88.7598,88.7747,88.6455,88.6754,51354.0
2026-03-31 15:10:00,88.6753,88.8393,88.6753,88.7697,71863.0
2026-03-31 15:15:00,88.7847,88.9238,88.7051,88.7611,79572.0
2026-03-31 15:20:00,88.7747,88.8841,88.7499,88.8344,57759.0
2026-03-31 15:25:00,88.8393,88.8543,88.7349,88.7747,68268.0
2026-03-31 15:30:00,88.7747,88.9636,88.7747,88.9388,92177.0
2026-03-31 15:35:00,88.9437,89.1028,88.9338,89.0133,101479.0
2026-03-31 15:40:00,89.0233,89.1376,89.0034,89.0929,122466.0
2026-03-31 15:45:00,89.1028,89.2718,89.0978,89.2321,131708.0
2026-03-31 15:50:00,89.2321,89.3365,89.0133,89.0531,272642.0
2026-03-31 15:55:00,89.2321,89.2718,89.0183,89.0531,836649.0
