datetime,open,high,low,close,volume
2026-03-02 09:30:00,110.8002,111.3699,110.2157,110.8299,181384.0
2026-03-02 09:35:00,110.9587,111.3847,110.82,110.8745,74789.0
2026-03-02 09:40:00,110.9389,111.4739,110.7705,111.0727,65530.0
2026-03-02 09:45:00,111.0479,111.7008,111.0182,111.2956,80697.0
2026-03-02 09:50:00,111.3798,111.3798,110.7408,111.038,88180.0
2026-03-02 09:55:00,111.1321,111.4046,110.9389,111.2857,65058.0
2026-03-02 10:00:00,111.2956,112.0436,111.1866,111.8603,100586.0
2026-03-02 10:05:00,111.9395,112.1823,111.6621,112.0089,94129.0
2026-03-02 10:10:00,112.0188,112.316,111.9346,112.2566,69400.0
2026-03-02 10:15:00,112.1978,112.316,112.0881,112.2466,66295.0
2026-03-02 10:20:00,112.2466,112.425,112.0336,112.3754,96815.0
2026-03-02 10:25:00,112.3903,112.6429,112.2665,112.6132,77895.0
2026-03-02 10:30:00,112.6132,113.3166,112.534,113.2175,216360.0
2026-03-02 10:35:00,113.2374,113.2869,112.5638,112.8014,78412.0
2026-03-02 10:40:00,112.7915,112.851,112.4943,112.7717,56433.0
2026-03-02 10:45:00,112.8113,112.9302,112.5439,112.5538,124133.0
2026-03-02 10:50:00,112.5637,112.6826,112.0188,112.0485,62252.0
2026-03-02 10:55:00,112.0782,112.3061,111.9693,112.2417,39399.0
2026-03-02 11:00:00,112.2417,112.2516,111.7909,112.0832,47674.0
2026-03-02 11:05:00,112.0138,112.0498,111.8405,112.0287,40618.0
2026-03-02 11:10:00,112.0089,112.1179,111.9247,112.0089,50299.0
2026-03-02 11:15:00,112.0287,112.0986,111.8306,111.8801,26559.0
2026-03-02 11:20:00,111.8999,111.994,111.7117,111.7117,45369.0
2026-03-02 11:25:00,111.7761,111.8405,111.3748,111.4442,31311.0
2026-03-02 11:30:00,111.4392,111.4937,111.2659,111.4937,43091.0
2026-03-02 11:35:00,111.464,111.7166,111.3946,111.672,45804.0
2026-03-02 11:40:00,111.6374,112.212,111.6374,112.1674,38650.0
2026-03-02 11:45:00,112.1377,112.2863,112.0089,112.0634,35112.0
2026-03-02 11:50:00,112.0634,112.1872,111.9296,111.9792,29409.0
2026-03-02 11:55:00,111.9792,112.1426,111.8999,112.1426,34066.0
2026-03-02 12:00:00,112.1773,112.3655,112.1674,112.3358,39845.0
2026-03-02 12:05:00,112.316,112.4448,112.0931,112.0931,232267.0
2026-03-02 12:10:00,112.1278,112.2466,112.0485,112.2367,45469.0
2026-03-02 12:15:00,112.2268,112.2665,112.0138,112.0931,37948.0
2026-03-02 12:20:00,112.0931,112.1377,111.9494,112.0881,41084.0
2026-03-02 12:25:00,112.1079,112.1872,111.9643,111.9792,14919.0
2026-03-02 12:30:00,111.9792,112.0683,111.9395,112.0287,18681.0
2026-03-02 12:35:00,112.0089,112.1922,112.0089,112.0584,18807.0
2026-03-02 12:40:00,112.0683,112.2863,112.0683,112.2665,26965.0
2026-03-02 12:45:00,112.2367,112.7915,112.2318,112.6429,164693.0
2026-03-02 12:50:00,112.6429,112.6627,112.534,112.6033,24194.0
2026-03-02 12:55:00,112.5389,112.6231,112.3903,112.6231,22997.0
2026-03-02 13:00:00,112.6132,112.7717,112.5736,112.6033,93207.0
2026-03-02 13:05:00,112.6132,112.7024,112.5439,112.633,36093.0
2026-03-02 13:10:00,112.6231,112.8014,112.6033,112.7073,112407.0
2026-03-02 13:15:00,112.7073,112.7073,112.207,112.207,50144.0
2026-03-02 13:20:00,112.2417,112.3655,112.2167,112.3556,18219.0
2026-03-02 13:25:00,112.3606,112.5439,112.3358,112.4547,38858.0
2026-03-02 13:30:00,112.4349,112.4547,112.2665,112.2912,41459.0
2026-03-02 13:35:00,112.316,112.3853,112.2417,112.2665,26404.0
2026-03-02 13:40:00,112.2367,112.2367,111.8058,111.89,42539.0
2026-03-02 13:45:00,111.89,111.89,111.6126,111.7662,34175.0
2026-03-02 13:50:00,111.7711,111.7711,111.4442,111.5135,29829.0
2026-03-02 13:55:00,111.5135,111.5631,111.2886,111.3946,43971.0
2026-03-02 14:00:00,111.3748,111.4789,111.3055,111.3946,33128.0
2026-03-02 14:05:00,111.3946,111.6374,111.3501,111.6168,44009.0
2026-03-02 14:10:00,111.6324,111.6449,111.5138,111.6176,29761.0
2026-03-02 14:15:00,111.6225,111.7018,111.6076,111.6621,29861.0
2026-03-02 14:20:00,111.672,111.8206,111.6324,111.7315,35900.0
2026-03-02 14:25:00,111.7315,111.8008,111.6225,111.7662,102835.0
2026-03-02 14:30:00,111.7761,111.9593,111.7761,111.8999,39768.0
2026-03-02 14:35:00,111.8801,111.9197,111.7513,111.781,38485.0
2026-03-02 14:40:00,111.7612,111.7909,111.6423,111.7909,26378.0
2026-03-02 14:45:00,111.7711,111.8206,111.7315,111.7711,24088.0
2026-03-02 14:50:00,111.7711,111.9296,111.7711,111.8603,26129.0
2026-03-02 14:55:00,111.8652,111.89,111.7712,111.8355,27649.0
2026-03-02 15:00:00,111.8355,112.0286,111.8355,111.9494,38478.0
2026-03-02 15:05:00,111.9544,112.0584,111.6819,111.7018,48747.0
2026-03-02 15:10:00,111.6869,111.7117,111.5036,111.5036,49922.0
2026-03-02 15:15:00,111.5036,111.7711,111.4244,111.4244,71181.0
2026-03-02 15:20:00,111.4343,111.4838,111.3154,111.4689,49827.0
2026-03-02 15:25:00,111.4343,111.573,111.3649,111.5036,66308.0
2026-03-02 15:30:00,111.5383,111.6423,111.4838,111.5829,79155.0
2026-03-02 15:35:00,111.5941,111.8504,111.5928,111.8504,87393.0
2026-03-02 15:40:00,111.8504,111.8999,111.7612,111.8107,85280.0
2026-03-02 15:45:00,111.8008,112.1377,111.7909,112.0782,107298.0
2026-03-02 15:50:00,112.1079,112.1872,112.0485,112.0782,143969.0
2026-03-02 15:55:00,112.0683,112.3358,111.9693,112.1079,484020.0
2026-03-03 09:30:00,114.9315,116.1104,113.9308,114.1983,380211.0
2026-03-03 09:35:00,114.129,117.1506,114.129,116.9277,422752.0
2026-03-03 09:40:00,117.0317,118.5376,117.0134,118.0621,475907.0
2026-03-03 09:45:00,118.0571,118.1909,116.259,116.8732,399802.0
2026-03-03 09:50:00,116.8633,117.5766,116.6058,117.2348,271897.0
2026-03-03 09:55:00,117.2596,117.2596,115.4963,116.6355,251706.0
2026-03-03 10:00:00,116.5859,116.9327,115.4466,116.467,209421.0
2026-03-03 10:05:00,116.4258,116.8683,115.4685,115.9766,215612.0
2026-03-03 10:10:00,115.9565,116.6849,115.6746,116.5562,182975.0
2026-03-03 10:15:00,116.685,116.685,115.1791,115.3277,163369.0
2026-03-03 10:20:00,115.3079,115.5259,114.8423,115.3773,200591.0
2026-03-03 10:25:00,115.3674,116.3085,115.085,115.9915,116299.0
2026-03-03 10:30:00,116.0609,116.1599,115.1989,115.5853,111037.0
2026-03-03 10:35:00,115.5556,116.0609,115.2188,115.9965,123837.0
2026-03-03 10:40:00,115.9122,116.2194,115.6746,115.8825,94586.0
2026-03-03 10:45:00,115.9717,116.1797,115.5853,116.1203,108918.0
2026-03-03 10:50:00,116.1005,116.5711,115.7142,115.8132,124039.0
2026-03-03 10:55:00,115.8627,116.2689,115.7141,116.1401,186245.0
2026-03-03 11:00:00,116.0786,116.5859,115.8538,116.576,125659.0
2026-03-03 11:05:00,116.576,117.3488,116.4472,117.0565,156676.0
2026-03-03 11:10:00,117.0169,117.5095,116.9129,117.3339,95475.0
2026-03-03 11:15:00,117.2794,117.3488,116.9129,117.1605,68926.0
2026-03-03 11:20:00,117.2398,117.5667,117.1506,117.22,114110.0
2026-03-03 11:25:00,117.2695,117.8045,117.22,117.6906,137150.0
2026-03-03 11:30:00,117.6906,117.8837,117.4777,117.7551,124380.0
2026-03-03 11:35:00,117.7153,118.2734,117.2596,118.2701,175541.0
2026-03-03 11:40:00,118.2395,118.2404,117.4995,117.61,119132.0
2026-03-03 11:45:00,117.6559,118.0905,117.4379,117.7302,174464.0
2026-03-03 11:50:00,117.7153,118.2899,117.6559,118.1703,172808.0
2026-03-03 11:55:00,118.2107,118.6565,118.1711,118.3494,192207.0
2026-03-03 12:00:00,118.3444,118.3444,116.903,117.2002,162088.0
2026-03-03 12:05:00,117.2002,117.2299,116.958,117.1358,52125.0
2026-03-03 12:10:00,117.2002,117.5468,117.0317,117.4132,48533.0
2026-03-03 12:15:00,117.3488,118.4781,117.3488,118.4088,118919.0
2026-03-03 12:20:00,118.4088,118.6367,118.2008,118.4138,114725.0
2026-03-03 12:25:00,118.4187,118.9042,118.1611,118.5079,465004.0
2026-03-03 12:30:00,118.5376,118.9141,118.2206,118.4782,125206.0
2026-03-03 12:35:00,118.4584,118.6367,118.0918,118.4368,67070.0
2026-03-03 12:40:00,118.6169,118.8976,118.389,118.6961,90405.0
2026-03-03 12:45:00,118.6961,118.7358,118.2221,118.3147,68476.0
2026-03-03 12:50:00,118.3791,118.7655,118.3297,118.5871,129864.0
2026-03-03 12:55:00,118.6367,119.1419,118.5972,119.033,176927.0
2026-03-03 13:00:00,119.0131,119.2608,118.7557,118.9289,157031.0
2026-03-03 13:05:00,118.9289,119.0825,118.498,119.0528,176354.0
2026-03-03 13:10:00,119.0528,119.4292,119.0231,119.3005,216115.0
2026-03-03 13:15:00,119.2856,120.2912,119.2014,120.1871,382121.0
2026-03-03 13:20:00,120.1871,120.519,119.984,120.4218,198024.0
2026-03-03 13:25:00,120.4645,120.7469,120.1723,120.6181,194211.0
2026-03-03 13:30:00,120.5834,121.1552,120.5834,120.8856,239553.0
2026-03-03 13:35:00,120.9252,121.2918,120.836,121.2026,127594.0
2026-03-03 13:40:00,121.1803,121.2125,120.5637,120.6676,138173.0
2026-03-03 13:45:00,120.6577,121.0837,120.3704,120.9698,117238.0
2026-03-03 13:50:00,121.0144,121.0738,120.3704,120.4943,123245.0
2026-03-03 13:55:00,120.4943,120.8509,120.3704,120.3952,172637.0
2026-03-03 14:00:00,120.3704,120.6082,120.3407,120.4794,130287.0
2026-03-03 14:05:00,120.519,120.7419,119.7958,119.8741,298697.0
2026-03-03 14:10:00,119.9147,120.519,119.7364,120.3655,169341.0
2026-03-03 14:15:00,120.3655,120.519,119.9841,120.0556,125374.0
2026-03-03 14:20:00,120.0782,120.3159,119.984,120.2218,89975.0
2026-03-03 14:25:00,120.2218,120.4596,119.9048,119.9048,132896.0
2026-03-03 14:30:00,119.9396,119.9939,119.1023,119.2063,127155.0
2026-03-03 14:35:00,119.2212,119.5481,119.033,119.3401,171792.0
2026-03-03 14:40:00,119.3203,120.1128,119.2509,119.9048,118426.0
2026-03-03 14:45:00,119.9048,120.4199,119.8552,120.3209,105578.0
2026-03-03 14:50:00,120.3159,120.5884,120.202,120.4695,151905.0
2026-03-03 14:55:00,120.4794,120.4992,120.0732,120.4299,131332.0
2026-03-03 15:00:00,120.4299,120.8162,120.202,120.7667,167632.0
2026-03-03 15:05:00,120.7667,120.7667,120.3012,120.4596,104124.0
2026-03-03 15:10:00,120.4695,120.628,120.2714,120.3357,91065.0
2026-03-03 15:15:00,120.3011,120.4695,120.3011,120.4398,105021.0
2026-03-03 15:20:00,120.4695,120.5983,119.7562,120.1624,138716.0
2026-03-03 15:25:00,120.1521,120.2515,119.989,119.9939,98740.0
2026-03-03 15:30:00,120.0336,120.5685,119.771,120.3506,165429.0
2026-03-03 15:35:00,120.3902,120.5933,120.325,120.4597,139482.0
2026-03-03 15:40:00,120.4794,120.4794,119.5481,119.6373,203673.0
2026-03-03 15:45:00,119.6966,120.1128,119.5382,120.0682,233525.0
2026-03-03 15:50:00,120.0682,120.2514,119.8156,119.8552,312082.0
2026-03-03 15:55:00,119.8552,119.885,119.345,119.7165,802180.0
2026-03-04 09:30:00,122.8075,124.8286,122.3568,123.3524,563220.0
2026-03-04 09:35:00,123.293,123.7735,121.8069,121.8738,247610.0
2026-03-04 09:40:00,121.9311,122.0447,120.3806,120.5289,204212.0
2026-03-04 09:45:00,120.524,121.2918,120.098,121.2918,149046.0
2026-03-04 09:50:00,121.2323,122.1339,121.1334,121.8317,166000.0
2026-03-04 09:55:00,121.8317,122.0942,121.5493,121.7643,118603.0
2026-03-04 10:00:00,121.7772,121.9357,121.3611,121.5147,140943.0
2026-03-04 10:05:00,121.6123,121.7475,121.371,121.6392,104528.0
2026-03-04 10:10:00,121.6385,121.9357,121.5939,121.7822,119700.0
2026-03-04 10:15:00,121.7772,121.8764,121.4206,121.6732,152012.0
2026-03-04 10:20:00,121.5989,121.693,121.3512,121.693,105245.0
2026-03-04 10:25:00,121.693,121.7277,121.3017,121.3611,247240.0
2026-03-04 10:30:00,121.4107,121.7673,121.272,121.6435,96442.0
2026-03-04 10:35:00,121.6534,121.7673,121.4007,121.6187,83747.0
2026-03-04 10:40:00,121.6187,121.7029,121.4113,121.6187,85370.0
2026-03-04 10:45:00,121.622,121.7376,121.2422,121.2422,96886.0
2026-03-04 10:50:00,121.2323,121.3214,120.7172,120.8658,116497.0
2026-03-04 10:55:00,120.8658,121.2422,120.7667,121.1877,85364.0
2026-03-04 11:00:00,121.1927,121.3512,121.0045,121.1926,105818.0
2026-03-04 11:05:00,121.1514,121.4107,121.0045,121.2224,123039.0
2026-03-04 11:10:00,121.2323,121.262,120.9351,121.0441,85805.0
2026-03-04 11:15:00,121.0936,121.4305,121.0144,121.3314,103321.0
2026-03-04 11:20:00,121.3215,121.3264,121.1233,121.2521,63869.0
2026-03-04 11:25:00,121.2373,121.272,120.6181,120.9252,219480.0
2026-03-04 11:30:00,120.9252,121.054,120.806,120.8261,65431.0
2026-03-04 11:35:00,120.7964,120.9549,120.7439,120.8162,65770.0
2026-03-04 11:40:00,120.846,121.1283,120.8063,121.0144,64895.0
2026-03-04 11:45:00,121.0013,121.1976,120.9549,121.0936,57558.0
2026-03-04 11:50:00,121.0986,121.3611,120.9648,121.3116,69297.0
2026-03-04 11:55:00,121.3017,121.4687,121.2472,121.4404,229428.0
2026-03-04 12:00:00,121.4404,121.589,121.3512,121.5394,80411.0
2026-03-04 12:05:00,121.5444,121.5444,121.0342,121.2026,53896.0
2026-03-04 12:10:00,121.2026,121.3661,121.0837,121.3066,41373.0
2026-03-04 12:15:00,121.3363,121.3908,121.1283,121.262,67475.0
2026-03-04 12:20:00,121.2224,121.2422,120.638,120.68,45703.0
2026-03-04 12:25:00,120.6737,120.7964,120.4398,120.5092,46421.0
2026-03-04 12:30:00,120.5487,120.7964,120.4992,120.7419,70969.0
2026-03-04 12:35:00,120.7419,120.7419,120.4001,120.4001,41149.0
2026-03-04 12:40:00,120.4199,120.4398,120.2218,120.2317,67943.0
2026-03-04 12:45:00,120.2317,120.4264,120.1921,120.3666,42807.0
2026-03-04 12:50:00,120.311,120.3456,119.9791,120.011,52052.0
2026-03-04 12:55:00,120.0336,120.1426,119.9543,119.9642,36744.0
2026-03-04 13:00:00,119.9939,120.4645,119.9939,120.3506,71929.0
2026-03-04 13:05:00,120.3655,120.5785,120.3209,120.4794,40318.0
2026-03-04 13:10:00,120.5289,120.7468,120.4794,120.5586,66648.0
2026-03-04 13:15:00,120.5487,120.6825,120.4992,120.5091,37922.0
2026-03-04 13:20:00,120.5091,120.6478,120.3853,120.3902,91379.0
2026-03-04 13:25:00,120.3704,120.4794,120.2614,120.3803,62051.0
2026-03-04 13:30:00,120.3853,120.4893,120.2812,120.4249,49356.0
2026-03-04 13:35:00,120.4249,120.7964,120.4127,120.7667,104493.0
2026-03-04 13:40:00,120.7766,120.8063,120.4695,120.4695,51794.0
2026-03-04 13:45:00,120.4794,120.8658,120.4794,120.8559,96458.0
2026-03-04 13:50:00,120.8757,120.8757,120.628,120.8212,85243.0
2026-03-04 13:55:00,120.8212,120.846,120.6577,120.6874,60176.0
2026-03-04 14:00:00,120.6627,120.6973,120.3803,120.5586,76790.0
2026-03-04 14:05:00,120.5586,120.5586,120.1624,120.2069,283267.0
2026-03-04 14:10:00,120.1625,120.3357,120.1326,120.1624,50687.0
2026-03-04 14:15:00,120.1574,120.202,119.984,120.1227,70492.0
2026-03-04 14:20:00,120.1277,120.3308,120.1277,120.2169,55980.0
2026-03-04 14:25:00,120.2169,120.2565,120.0583,120.1326,47001.0
2026-03-04 14:30:00,120.1525,120.2218,120.0187,120.1029,42598.0
2026-03-04 14:35:00,120.1029,120.3506,120.0732,120.3132,37866.0
2026-03-04 14:40:00,120.3308,120.4992,120.2317,120.306,64322.0
2026-03-04 14:45:00,120.3209,120.4695,120.2714,120.4299,49168.0
2026-03-04 14:50:00,120.4695,120.5427,120.3803,120.4398,51564.0
2026-03-04 14:55:00,120.4199,120.5487,120.2713,120.2912,47278.0
2026-03-04 15:00:00,120.3209,120.3803,120.1624,120.1772,33360.0
2026-03-04 15:05:00,120.202,120.2181,119.7764,119.7764,71023.0
2026-03-04 15:10:00,119.7859,120.1426,119.6967,120.0039,94528.0
2026-03-04 15:15:00,120.0025,120.0831,119.9543,120.0425,51862.0
2026-03-04 15:20:00,120.0336,120.1029,119.8453,119.8948,45372.0
2026-03-04 15:25:00,119.8949,120.0336,119.8949,119.9791,59993.0
2026-03-04 15:30:00,119.9642,119.9642,119.7562,119.8057,81319.0
2026-03-04 15:35:00,119.7859,119.9147,119.558,119.6274,103322.0
2026-03-04 15:40:00,119.5977,119.7314,119.5481,119.672,82223.0
2026-03-04 15:45:00,119.672,119.8652,119.672,119.6769,132793.0
2026-03-04 15:50:00,119.667,119.7066,119.4887,119.558,206957.0
2026-03-04 15:55:00,119.5481,119.5481,118.7704,118.9438,758848.0
2026-03-05 09:30:00,118.6565,118.8844,118.1512,118.711,114724.0
2026-03-05 09:35:00,118.711,118.8031,118.2008,118.3741,65118.0
2026-03-05 09:40:00,118.3296,119.0131,118.181,118.6565,81007.0
2026-03-05 09:45:00,118.5376,119.4689,118.5376,118.8943,62173.0
2026-03-05 09:50:00,118.9537,119.3203,118.7358,119.0875,69830.0
2026-03-05 09:55:00,119.0875,119.0875,118.6367,119.0528,67616.0
2026-03-05 10:00:00,119.0627,119.4689,118.9636,119.3698,69720.0
2026-03-05 10:05:00,119.5184,119.6967,119.1518,119.35,53067.0
2026-03-05 10:10:00,119.3896,119.7562,119.0726,119.4193,58768.0
2026-03-05 10:15:00,119.459,119.5481,118.919,119.0676,65121.0
2026-03-05 10:20:00,119.1023,119.1915,118.389,118.4831,74020.0
2026-03-05 10:25:00,118.4484,118.5277,118.285,118.3494,38634.0
2026-03-05 10:30:00,118.3692,118.7258,118.2652,118.6565,39379.0
2026-03-05 10:35:00,118.706,118.8249,118.4683,118.8001,36584.0
2026-03-05 10:40:00,118.8645,119.1419,118.7258,119.0429,32344.0
2026-03-05 10:45:00,119.0231,119.033,118.6962,118.7902,40965.0
2026-03-05 10:50:00,118.7902,119.1221,118.7655,118.7952,55043.0
2026-03-05 10:55:00,118.8076,118.8546,118.4881,118.706,37629.0
2026-03-05 11:00:00,118.6961,118.9438,118.3197,118.3395,27914.0
2026-03-05 11:05:00,118.3345,118.3345,118.072,118.1413,51523.0
2026-03-05 11:10:00,118.2008,118.2008,117.3488,117.4181,57064.0
2026-03-05 11:15:00,117.3884,117.7649,117.2992,117.6163,70008.0
2026-03-05 11:20:00,117.6311,117.8441,117.5667,117.6361,35450.0
2026-03-05 11:25:00,117.6608,117.755,117.4974,117.6064,32269.0
2026-03-05 11:30:00,117.5915,117.7946,117.428,117.5271,29982.0
2026-03-05 11:35:00,117.5172,117.7649,117.428,117.7649,28790.0
2026-03-05 11:40:00,117.7203,117.9036,117.5519,117.8372,34390.0
2026-03-05 11:45:00,117.8689,118.0621,117.6757,117.7847,51921.0
2026-03-05 11:50:00,117.8243,118.0026,117.7054,117.9333,117611.0
2026-03-05 11:55:00,117.9234,118.0918,117.8094,117.95,47232.0
2026-03-05 12:00:00,117.9432,118.177,117.7409,117.968,69350.0
2026-03-05 12:05:00,117.9333,117.9531,117.5073,117.6113,27410.0
2026-03-05 12:10:00,117.6113,117.7054,117.537,117.5964,45022.0
2026-03-05 12:15:00,117.6014,117.7847,117.532,117.6782,35815.0
2026-03-05 12:20:00,117.7005,117.7005,117.428,117.5172,33873.0
2026-03-05 12:25:00,117.4776,117.5469,117.2596,117.4875,63482.0
2026-03-05 12:30:00,117.4924,117.7153,117.4776,117.537,53530.0
2026-03-05 12:35:00,117.5172,118.1116,117.4478,117.9729,58911.0
2026-03-05 12:40:00,117.9729,118.0373,117.7599,117.7599,35801.0
2026-03-05 12:45:00,117.7599,117.7599,117.1803,117.2101,63280.0
2026-03-05 12:50:00,117.215,117.646,117.1259,117.5717,38767.0
2026-03-05 12:55:00,117.6361,117.8837,117.6361,117.7401,24600.0
2026-03-05 13:00:00,117.7302,117.8342,117.5519,117.7302,31332.0
2026-03-05 13:05:00,117.8144,117.9036,117.6893,117.8243,30405.0
2026-03-05 13:10:00,117.8441,117.854,117.4776,117.5568,36109.0
2026-03-05 13:15:00,117.5103,117.5766,117.3983,117.4176,33476.0
2026-03-05 13:20:00,117.428,117.646,117.3587,117.4181,55705.0
2026-03-05 13:25:00,117.3686,117.6658,117.3686,117.6064,26866.0
2026-03-05 13:30:00,117.6658,117.755,117.111,117.2992,56106.0
2026-03-05 13:35:00,117.2893,117.3983,117.2051,117.22,23453.0
2026-03-05 13:40:00,117.2051,117.4082,117.1556,117.4082,33641.0
2026-03-05 13:45:00,117.4379,117.6757,117.2943,117.5964,46692.0
2026-03-05 13:50:00,117.5568,117.7847,117.4677,117.5766,34633.0
2026-03-05 13:55:00,117.5766,117.7995,117.4379,117.5271,44356.0
2026-03-05 14:00:00,117.5469,117.5667,116.9921,117.1803,91189.0
2026-03-05 14:05:00,117.1803,117.319,117.0912,117.2051,31805.0
2026-03-05 14:10:00,117.2596,117.3859,117.0565,117.319,56369.0
2026-03-05 14:15:00,117.2794,117.4776,117.1927,117.3785,48248.0
2026-03-05 14:20:00,117.4082,117.6014,117.329,117.4379,35730.0
2026-03-05 14:25:00,117.4577,117.4974,117.2893,117.3389,45206.0
2026-03-05 14:30:00,117.3389,117.5667,117.1209,117.5172,41259.0
2026-03-05 14:35:00,117.5766,117.646,117.4082,117.4677,39967.0
2026-03-05 14:40:00,117.4776,117.6663,117.3488,117.641,59823.0
2026-03-05 14:45:00,117.6163,117.8639,117.5568,117.7946,32992.0
2026-03-05 14:50:00,117.7847,118.072,117.6856,117.8738,58485.0
2026-03-05 14:55:00,117.8887,118.3692,117.8887,118.2998,79719.0
2026-03-05 15:00:00,118.3296,118.6763,118.1017,118.6763,53015.0
2026-03-05 15:05:00,118.6664,118.7952,118.4584,118.7556,91231.0
2026-03-05 15:10:00,118.7754,119.2707,118.7407,118.7407,184160.0
2026-03-05 15:15:00,118.7209,118.9636,118.5772,118.9587,85728.0
2026-03-05 15:20:00,118.9735,119.2162,118.9042,119.1073,95677.0
2026-03-05 15:25:00,119.132,119.1964,119.0429,119.137,106892.0
2026-03-05 15:30:00,119.1469,119.4292,119.1221,119.3599,73944.0
2026-03-05 15:35:00,119.35,119.4639,119.3005,119.3648,115161.0
2026-03-05 15:40:00,119.3648,119.4491,119.2707,119.3401,132709.0
2026-03-05 15:45:00,119.3995,119.6373,119.3203,119.6175,125549.0
2026-03-05 15:50:00,119.6076,119.6571,119.3335,119.3335,195216.0
2026-03-05 15:55:00,119.3401,119.4837,119.0924,119.2212,503769.0
2026-03-06 09:30:00,118.0621,119.1023,117.5816,118.2454,164528.0
2026-03-06 09:35:00,118.1512,118.6006,118.0423,118.493,78997.0
2026-03-06 09:40:00,118.4187,118.4435,117.6757,117.7797,98177.0
2026-03-06 09:45:00,117.7599,117.7599,116.4472,116.5413,130195.0
2026-03-06 09:50:00,116.5166,117.1011,116.5166,116.794,90495.0
2026-03-06 09:55:00,116.7989,117.2893,116.69,117.0243,72769.0
2026-03-06 10:00:00,116.9921,117.5172,116.4472,116.7098,70199.0
2026-03-06 10:05:00,116.7098,116.7147,115.9122,116.467,82355.0
2026-03-06 10:10:00,116.5067,117.0912,116.5067,116.9525,89979.0
2026-03-06 10:15:00,116.9346,117.2398,116.8187,116.9624,76257.0
2026-03-06 10:20:00,116.9673,117.0615,116.8138,116.898,50026.0
2026-03-06 10:25:00,116.898,117.3091,116.8336,117.2695,44750.0
2026-03-06 10:30:00,117.2324,117.9926,117.2324,117.8937,51230.0
2026-03-06 10:35:00,117.9135,118.181,117.8738,118.1215,32016.0
2026-03-06 10:40:00,118.1215,118.2305,117.963,118.0324,31895.0
2026-03-06 10:45:00,118.0224,118.1859,117.8441,117.8937,53603.0
2026-03-06 10:50:00,117.8887,117.9432,117.3091,117.3587,54092.0
2026-03-06 10:55:00,117.4146,118.1314,117.4146,118.072,28249.0
2026-03-06 11:00:00,118.0224,118.3296,117.963,118.2503,21691.0
2026-03-06 11:05:00,118.2206,118.4584,118.1611,118.4187,34675.0
2026-03-06 11:10:00,118.3593,118.4009,117.9828,117.9828,38985.0
2026-03-06 11:15:00,117.9878,118.2103,117.9135,118.1314,41543.0
2026-03-06 11:20:00,118.1909,118.3593,118.0621,118.3098,32321.0
2026-03-06 11:25:00,118.3791,118.389,118.1711,118.2701,23066.0
2026-03-06 11:30:00,118.2602,118.3494,118.0918,118.2652,43094.0
2026-03-06 11:35:00,118.2553,118.6466,118.2553,118.3296,25296.0
2026-03-06 11:40:00,118.3147,118.5277,118.28,118.3593,31080.0
2026-03-06 11:45:00,118.3989,118.5276,118.3494,118.3989,24548.0
2026-03-06 11:50:00,118.4138,118.6169,118.389,118.4584,46069.0
2026-03-06 11:55:00,118.4484,118.4682,118.2206,118.4534,40667.0
2026-03-06 12:00:00,118.4782,118.9507,118.4633,118.8249,83359.0
2026-03-06 12:05:00,118.8051,118.8943,118.5971,118.8844,43477.0
2026-03-06 12:10:00,118.8844,119.0726,118.815,118.9735,60097.0
2026-03-06 12:15:00,118.9735,119.3005,118.8249,119.1865,57819.0
2026-03-06 12:20:00,119.1865,119.4193,119.1766,119.2905,33433.0
2026-03-06 12:25:00,119.2608,119.2608,118.8249,118.8398,46088.0
2026-03-06 12:30:00,118.8546,119.2509,118.7655,119.2509,70813.0
2026-03-06 12:35:00,119.2281,119.2331,118.7061,118.7754,167222.0
2026-03-06 12:40:00,118.7807,118.7902,118.399,118.6784,133842.0
2026-03-06 12:45:00,118.6763,118.8745,118.6466,118.8249,56641.0
2026-03-06 12:50:00,118.8333,119.0032,118.6961,118.706,33060.0
2026-03-06 12:55:00,118.7457,118.8447,118.4385,118.4732,60395.0
2026-03-06 13:00:00,118.4683,118.5277,118.2899,118.3593,54048.0
2026-03-06 13:05:00,118.3593,118.5772,118.1413,118.2354,54447.0
2026-03-06 13:10:00,118.2354,118.7556,118.1562,118.6169,38002.0
2026-03-06 13:15:00,118.5871,118.6961,118.5376,118.6813,28949.0
2026-03-06 13:20:00,118.6763,118.7457,118.4881,118.5178,55202.0
2026-03-06 13:25:00,118.498,118.5772,118.3989,118.4534,36360.0
2026-03-06 13:30:00,118.4534,118.7655,118.3989,118.607,55148.0
2026-03-06 13:35:00,118.607,118.6268,118.4088,118.5203,46483.0
2026-03-06 13:40:00,118.5376,118.6367,118.394,118.5079,40704.0
2026-03-06 13:45:00,118.5079,118.7308,118.2602,118.6763,38336.0
2026-03-06 13:50:00,118.7358,118.8051,118.6139,118.6961,35016.0
2026-03-06 13:55:00,118.6961,118.9834,118.6565,118.9438,44410.0
2026-03-06 14:00:00,118.9735,119.0825,118.8497,118.9339,47275.0
2026-03-06 14:05:00,118.9508,119.0231,118.8447,118.9735,37103.0
2026-03-06 14:10:00,118.9862,119.0528,118.8447,118.8745,35589.0
2026-03-06 14:15:00,118.8844,118.9141,118.7358,118.8992,40586.0
2026-03-06 14:20:00,118.8992,118.8992,118.3791,118.5772,41859.0
2026-03-06 14:25:00,118.5277,118.7952,118.4683,118.7358,37254.0
2026-03-06 14:30:00,118.7258,118.9636,118.7258,118.7952,44102.0
2026-03-06 14:35:00,118.7952,119.0825,118.6961,118.8695,73936.0
2026-03-06 14:40:00,118.9141,118.9833,118.5723,118.7358,35548.0
2026-03-06 14:45:00,118.7556,118.8745,118.5475,118.8249,52638.0
2026-03-06 14:50:00,118.7853,119.2162,118.7655,119.2162,78751.0
2026-03-06 14:55:00,119.2162,119.3698,119.1916,119.3698,48434.0
2026-03-06 15:00:00,119.35,119.454,119.1717,119.3104,62316.0
2026-03-06 15:05:00,119.3104,119.3401,118.9537,119.1221,59467.0
2026-03-06 15:10:00,119.1419,119.1419,118.9438,118.9834,54519.0
2026-03-06 15:15:00,118.9785,119.0825,118.8348,118.9537,58163.0
2026-03-06 15:20:00,118.9686,119.132,118.9141,119.0924,55506.0
2026-03-06 15:25:00,119.0924,119.1172,118.9339,118.9339,46844.0
2026-03-06 15:30:00,118.9339,119.1122,118.8943,119.0875,45499.0
2026-03-06 15:35:00,119.0825,119.2509,119.0429,119.2509,92294.0
2026-03-06 15:40:00,119.2509,119.3599,119.2014,119.2806,97516.0
2026-03-06 15:45:00,119.2806,119.3401,119.0627,119.2014,105879.0
2026-03-06 15:50:00,119.2212,119.3599,119.0924,119.2361,188136.0
2026-03-06 15:55:00,119.2212,119.667,119.1073,119.6571,517104.0
2026-03-09 09:30:00,117.5568,117.9878,116.2887,116.2887,191294.0
2026-03-09 09:35:00,116.3036,116.5859,115.5129,116.4472,140689.0
2026-03-09 09:40:00,116.576,117.0714,116.3383,116.8435,104053.0
2026-03-09 09:45:00,116.8435,117.4875,116.7444,117.3438,66318.0
2026-03-09 09:50:00,117.3438,117.3587,115.4763,115.4763,223198.0
2026-03-09 09:55:00,115.6349,116.2986,115.5853,116.259,122109.0
2026-03-09 10:00:00,116.2194,116.9327,115.9519,116.1698,114248.0
2026-03-09 10:05:00,116.1698,116.1698,115.6646,115.8825,87461.0
2026-03-09 10:10:00,115.8825,115.9122,115.1791,115.2485,130306.0
2026-03-09 10:15:00,115.2832,115.3475,114.8225,115.1989,104990.0
2026-03-09 10:20:00,115.2039,115.234,114.8423,114.9265,82432.0
2026-03-09 10:25:00,114.9463,115.0602,114.6739,114.8324,58245.0
2026-03-09 10:30:00,114.877,115.1494,114.7531,115.0702,57663.0
2026-03-09 10:35:00,115.0107,115.4664,114.9711,115.3376,51434.0
2026-03-09 10:40:00,115.298,115.6342,115.1791,115.615,47133.0
2026-03-09 10:45:00,115.5556,115.7537,115.4367,115.6349,54097.0
2026-03-09 10:50:00,115.6349,115.9717,115.516,115.942,58707.0
2026-03-09 10:55:00,115.9073,116.2986,115.8924,116.1649,38489.0
2026-03-09 11:00:00,116.2095,116.4076,116.15,116.2986,46263.0
2026-03-09 11:05:00,116.3085,116.5265,116.2392,116.3283,29549.0
2026-03-09 11:10:00,116.3878,116.5661,116.1401,116.2887,40976.0
2026-03-09 11:15:00,116.3085,116.5562,116.259,116.4968,40957.0
2026-03-09 11:20:00,116.467,116.6652,116.4076,116.6355,53141.0
2026-03-09 11:25:00,116.6156,117.0169,116.4968,116.8237,72504.0
2026-03-09 11:30:00,116.7742,116.9178,116.7147,116.7246,44356.0
2026-03-09 11:35:00,116.7246,116.8732,116.6652,116.6652,40174.0
2026-03-09 11:40:00,116.69,116.8237,116.6057,116.6652,28565.0
2026-03-09 11:45:00,116.7048,116.9673,116.685,116.7345,36248.0
2026-03-09 11:50:00,116.7543,116.8732,116.576,116.6948,46378.0
2026-03-09 11:55:00,116.6949,116.7742,116.6057,116.7742,35170.0
2026-03-09 12:00:00,116.7692,116.8039,116.5265,116.5612,34852.0
2026-03-09 12:05:00,116.5612,116.8534,116.4571,116.7246,37659.0
2026-03-09 12:10:00,116.7643,116.9624,116.4968,116.8633,35420.0
2026-03-09 12:15:00,116.893,116.9525,116.6949,116.8534,27675.0
2026-03-09 12:20:00,116.8633,117.0615,116.6949,117.002,28324.0
2026-03-09 12:25:00,117.0317,117.1506,116.9228,117.0417,31732.0
2026-03-09 12:30:00,117.0516,117.0615,116.8534,116.893,38113.0
2026-03-09 12:35:00,116.8831,117.2893,116.8831,117.2596,109814.0
2026-03-09 12:40:00,117.2893,117.5568,117.2893,117.5568,53382.0
2026-03-09 12:45:00,117.5766,117.6856,117.5023,117.6361,316951.0
2026-03-09 12:50:00,117.5865,117.5964,117.1308,117.1704,60705.0
2026-03-09 12:55:00,117.1704,117.3587,116.7643,116.8534,67858.0
2026-03-09 13:00:00,116.8237,117.5469,116.8138,117.428,55983.0
2026-03-09 13:05:00,117.4825,117.6559,117.4776,117.5964,24865.0
2026-03-09 13:10:00,117.5667,117.5964,117.4379,117.4924,37151.0
2026-03-09 13:15:00,117.4924,117.4924,117.32,117.3587,21303.0
2026-03-09 13:20:00,117.3983,117.3983,117.1308,117.1704,27017.0
2026-03-09 13:25:00,117.1605,117.2794,117.0714,117.1358,25926.0
2026-03-09 13:30:00,117.1308,117.329,117.1001,117.3091,23782.0
2026-03-09 13:35:00,117.2992,117.3661,116.9922,117.0587,24460.0
2026-03-09 13:40:00,117.0615,117.1704,116.9822,117.0615,27959.0
2026-03-09 13:45:00,117.007,117.1011,116.903,116.9624,29224.0
2026-03-09 13:50:00,116.9624,117.111,116.9426,117.111,22860.0
2026-03-09 13:55:00,117.111,117.2695,117.002,117.2532,34661.0
2026-03-09 14:00:00,117.2547,117.4082,117.1407,117.1803,26933.0
2026-03-09 14:05:00,117.2497,117.3389,117.1209,117.2497,25745.0
2026-03-09 14:10:00,117.2497,117.4082,117.1704,117.3884,25096.0
2026-03-09 14:15:00,117.4082,117.646,117.3389,117.646,26215.0
2026-03-09 14:20:00,117.6856,117.7847,117.5667,117.6856,25015.0
2026-03-09 14:25:00,117.6658,117.755,117.5766,117.755,31060.0
2026-03-09 14:30:00,117.6955,117.854,117.6955,117.7351,42731.0
2026-03-09 14:35:00,117.7252,117.755,117.537,117.537,26731.0
2026-03-09 14:40:00,117.5172,117.5172,117.2992,117.4181,36892.0
2026-03-09 14:45:00,117.4132,117.4478,117.2497,117.3784,39718.0
2026-03-09 14:50:00,117.3488,117.532,117.2497,117.3983,31309.0
2026-03-09 14:55:00,117.4181,117.537,117.3488,117.4181,33061.0
2026-03-09 15:00:00,117.4478,117.5766,117.4379,117.5271,38453.0
2026-03-09 15:05:00,117.5766,117.5915,117.4033,117.4082,30816.0
2026-03-09 15:10:00,117.4082,117.5568,117.4082,117.4577,29277.0
2026-03-09 15:15:00,117.4429,117.7153,117.3587,117.7153,39485.0
2026-03-09 15:20:00,117.6955,118.1909,117.6955,118.0325,53846.0
2026-03-09 15:25:00,118.1017,118.4683,118.072,118.4187,54372.0
2026-03-09 15:30:00,118.4484,118.7655,118.2206,118.6565,92417.0
2026-03-09 15:35:00,118.6565,119.0379,118.5376,118.9636,104838.0
2026-03-09 15:40:00,118.9438,118.9438,118.6466,118.9339,105640.0
2026-03-09 15:45:00,118.8943,118.9587,118.7556,118.9091,114624.0
2026-03-09 15:50:00,118.9438,118.9438,118.6763,118.7655,173605.0
2026-03-09 15:55:00,118.7506,119.033,118.6763,119.0231,455092.0
2026-03-10 09:30:00,118.3791,120.4695,117.4677,119.3995,193166.0
2026-03-10 09:35:00,119.3252,120.836,119.3005,120.8261,74444.0
2026-03-10 09:40:00,120.765,121.054,120.4893,120.7122,95552.0
2026-03-10 09:45:00,120.6775,120.6775,119.9147,120.3704,44942.0
2026-03-10 09:50:00,120.4596,120.8658,120.3209,120.8509,45233.0
2026-03-10 09:55:00,120.9549,120.9549,120.3209,120.5487,53706.0
2026-03-10 10:00:00,120.5586,120.7221,120.3209,120.6478,28432.0
2026-03-10 10:05:00,120.6181,121.0045,120.6181,120.8212,54480.0
2026-03-10 10:10:00,120.8113,120.945,120.519,120.6181,33213.0
2026-03-10 10:15:00,120.6181,120.8014,120.4299,120.5983,24494.0
2026-03-10 10:20:00,120.5983,120.8757,120.5686,120.7667,32649.0
2026-03-10 10:25:00,120.7915,121.0837,120.7073,120.9302,36766.0
2026-03-10 10:30:00,120.9302,121.272,120.9054,121.1283,50906.0
2026-03-10 10:35:00,121.2125,121.262,120.7023,120.7073,60401.0
2026-03-10 10:40:00,120.7766,120.9401,120.7073,120.8707,27335.0
2026-03-10 10:45:00,120.8856,121.0639,120.519,120.628,40434.0
2026-03-10 10:50:00,120.6379,120.7964,120.5388,120.6578,20721.0
2026-03-10 10:55:00,120.7518,121.0639,120.3556,121.054,77715.0
2026-03-10 11:00:00,121.0788,121.3314,121.0094,121.2918,37848.0
2026-03-10 11:05:00,121.2918,121.2918,120.8162,120.8162,52913.0
2026-03-10 11:10:00,120.8212,120.8359,120.5686,120.6627,26065.0
2026-03-10 11:15:00,120.6627,120.8261,120.519,120.7816,28851.0
2026-03-10 11:20:00,120.7851,120.8658,120.6775,120.7667,71918.0
2026-03-10 11:25:00,120.8063,121.0639,120.8063,120.9549,18725.0
2026-03-10 11:30:00,121.0144,121.0887,120.8856,120.8856,43523.0
2026-03-10 11:35:00,120.8559,120.9017,120.5586,120.6181,24036.0
2026-03-10 11:40:00,120.5586,120.7419,120.3506,120.737,41456.0
2026-03-10 11:45:00,120.737,120.8162,120.2632,120.2756,35601.0
2026-03-10 11:50:00,120.3605,120.3605,119.9246,120.2169,106169.0
2026-03-10 11:55:00,120.1823,120.3803,120.1723,120.2466,20519.0
2026-03-10 12:00:00,120.202,120.4001,120.202,120.2763,18961.0
2026-03-10 12:05:00,120.2614,120.4645,120.0435,120.1326,39179.0
2026-03-10 12:10:00,120.1426,120.3011,120.0039,120.1277,17304.0
2026-03-10 12:15:00,120.1277,120.519,120.0831,120.4843,60971.0
2026-03-10 12:20:00,120.4398,120.4946,120.2834,120.3209,25013.0
2026-03-10 12:25:00,120.3456,120.4589,120.2268,120.2565,20439.0
2026-03-10 12:30:00,120.2565,120.3506,120.0534,120.2713,50548.0
2026-03-10 12:35:00,120.2713,120.5289,120.2317,120.41,38478.0
2026-03-10 12:40:00,120.311,120.4992,120.1673,120.2178,33469.0
2026-03-10 12:45:00,120.1723,120.5785,120.1426,120.5785,57472.0
2026-03-10 12:50:00,120.5388,120.6924,120.3902,120.3902,22782.0
2026-03-10 12:55:00,120.4299,120.5586,120.2713,120.3407,34779.0
2026-03-10 13:00:00,120.3506,120.4249,120.2119,120.3853,17394.0
2026-03-10 13:05:00,120.3407,120.5388,120.2614,120.3803,31908.0
2026-03-10 13:10:00,120.3456,120.5388,120.3456,120.4299,40559.0
2026-03-10 13:15:00,120.4497,120.6676,120.4011,120.5339,29327.0
2026-03-10 13:20:00,120.5884,121.1134,120.5884,121.0045,121028.0
2026-03-10 13:25:00,120.9648,121.1778,120.9648,121.0243,42136.0
2026-03-10 13:30:00,121.0243,121.163,120.9351,121.1481,42098.0
2026-03-10 13:35:00,121.1134,121.1283,120.7667,120.8014,38777.0
2026-03-10 13:40:00,120.8063,120.9351,120.6082,120.8707,28504.0
2026-03-10 13:45:00,120.9351,121.3314,120.9004,121.3017,32122.0
2026-03-10 13:50:00,121.2918,121.3017,121.1729,121.1729,22863.0
2026-03-10 13:55:00,121.2076,121.3017,120.9747,121.1679,79472.0
2026-03-10 14:00:00,121.1233,121.3116,121.0441,121.1035,32682.0
2026-03-10 14:05:00,121.0738,121.0935,120.8659,120.9153,34327.0
2026-03-10 14:10:00,120.9004,120.9747,120.4199,120.4323,31261.0
2026-03-10 14:15:00,120.41,120.4893,120.1822,120.1822,30219.0
2026-03-10 14:20:00,120.202,120.4695,120.1029,120.3556,22994.0
2026-03-10 14:25:00,120.3605,120.6032,120.3308,120.5141,19308.0
2026-03-10 14:30:00,120.5289,120.7073,120.4199,120.6874,24598.0
2026-03-10 14:35:00,120.6726,120.6874,120.41,120.5487,29254.0
2026-03-10 14:40:00,120.5438,120.6676,120.4596,120.4596,18933.0
2026-03-10 14:45:00,120.4596,120.4596,120.311,120.3209,19419.0
2026-03-10 14:50:00,120.3159,120.4893,120.1723,120.2367,21442.0
2026-03-10 14:55:00,120.2614,120.2812,120.0583,120.202,26106.0
2026-03-10 15:00:00,120.202,120.3803,120.202,120.3308,23066.0
2026-03-10 15:05:00,120.3308,120.4794,120.2416,120.41,25430.0
2026-03-10 15:10:00,120.4497,120.5289,120.2317,120.3209,31208.0
2026-03-10 15:15:00,120.3357,120.4099,120.2218,120.3308,35277.0
2026-03-10 15:20:00,120.3308,120.3704,120.1723,120.202,32034.0
2026-03-10 15:25:00,120.1723,120.2317,119.9939,119.9939,30295.0
2026-03-10 15:30:00,119.9791,120.0138,119.7413,119.8503,60082.0
2026-03-10 15:35:00,119.8503,119.88,119.6571,119.7066,68700.0
2026-03-10 15:40:00,119.7314,119.989,119.6373,119.9147,71637.0
2026-03-10 15:45:00,119.9295,120.0138,119.7364,119.9741,75934.0
2026-03-10 15:50:00,120.0138,120.0138,119.6497,119.6571,132871.0
2026-03-10 15:55:00,119.6373,119.6868,119.4292,119.6175,353453.0
2026-03-11 09:30:00,119.2113,120.1326,119.0232,119.1766,56343.0
2026-03-11 09:35:00,119.1516,119.2707,118.389,119.0627,41234.0
2026-03-11 09:40:00,118.9711,119.0825,118.5079,118.8266,32837.0
2026-03-11 09:45:00,118.7655,118.7655,117.9927,118.1413,49386.0
2026-03-11 09:50:00,118.0274,118.2503,117.9148,118.2008,29079.0
2026-03-11 09:55:00,118.2255,118.389,117.8937,118.2206,25112.0
2026-03-11 10:00:00,118.3791,118.9834,118.2206,118.5624,37567.0
2026-03-11 10:05:00,118.5673,118.9933,118.4782,118.5525,19370.0
2026-03-11 10:10:00,118.4881,118.5673,118.1611,118.285,21594.0
2026-03-11 10:15:00,118.28,118.6119,118.1909,118.4336,30280.0
2026-03-11 10:20:00,118.394,118.5574,118.1215,118.2201,20131.0
2026-03-11 10:25:00,118.072,118.3197,118.0706,118.2602,19364.0
2026-03-11 10:30:00,118.3197,118.5971,118.2454,118.5475,32450.0
2026-03-11 10:35:00,118.5574,118.9834,118.5574,118.9388,26096.0
2026-03-11 10:40:00,118.9537,119.2311,118.7754,119.1172,27149.0
2026-03-11 10:45:00,119.1172,119.2014,119.0231,119.0726,18261.0
2026-03-11 10:50:00,119.0726,119.2311,118.8844,119.2311,23082.0
2026-03-11 10:55:00,119.2311,119.2311,119.1221,119.1469,16702.0
2026-03-11 11:00:00,119.1915,119.1915,118.5822,118.706,37594.0
2026-03-11 11:05:00,118.7358,118.7704,118.5178,118.6268,22149.0
2026-03-11 11:10:00,118.6367,118.7754,117.7005,117.7153,43138.0
2026-03-11 11:15:00,117.7054,117.8144,117.5469,117.6361,34273.0
2026-03-11 11:20:00,117.6509,117.854,117.4181,117.854,23241.0
2026-03-11 11:25:00,117.7252,117.7946,117.4776,117.5073,28948.0
2026-03-11 11:30:00,117.5568,117.6559,117.4825,117.6064,32444.0
2026-03-11 11:35:00,117.6559,117.7252,117.4924,117.5717,23615.0
2026-03-11 11:40:00,117.5865,117.6856,117.4924,117.5271,19464.0
2026-03-11 11:45:00,117.5469,117.5567,117.3983,117.4924,31850.0
2026-03-11 11:50:00,117.4875,117.755,117.4875,117.646,83323.0
2026-03-11 11:55:00,117.646,117.9283,117.5964,117.8045,81570.0
2026-03-11 12:00:00,117.8045,117.9432,117.7104,117.7995,46338.0
2026-03-11 12:05:00,117.7995,117.8937,117.5618,117.8243,87331.0
2026-03-11 12:10:00,117.8342,117.854,117.641,117.7203,43223.0
2026-03-11 12:15:00,117.6807,117.9581,117.4776,117.8045,28611.0
2026-03-11 12:20:00,117.8144,118.0324,117.7649,118.0324,18181.0
2026-03-11 12:25:00,118.0324,118.2998,117.963,118.2404,19417.0
2026-03-11 12:30:00,118.2305,118.4782,118.1611,118.3593,33881.0
2026-03-11 12:35:00,118.3791,118.4088,118.0522,118.2008,47994.0
2026-03-11 12:40:00,118.28,118.2899,118.1215,118.1215,17844.0
2026-03-11 12:45:00,118.0918,118.1661,117.9828,118.0522,26311.0
2026-03-11 12:50:00,118.1017,118.2998,118.1017,118.2454,14744.0
2026-03-11 12:55:00,118.2206,118.2899,118.1562,118.2404,22086.0
2026-03-11 13:00:00,118.2008,118.2998,118.1512,118.2553,33120.0
2026-03-11 13:05:00,118.2899,118.4584,118.2899,118.4286,93044.0
2026-03-11 13:10:00,118.3989,118.602,118.3692,118.5327,22593.0
2026-03-11 13:15:00,118.5327,118.7357,118.5178,118.5426,16622.0
2026-03-11 13:20:00,118.5673,118.6416,118.5178,118.5772,19761.0
2026-03-11 13:25:00,118.5624,118.7159,118.4881,118.6317,40088.0
2026-03-11 13:30:00,118.6466,118.7457,118.5475,118.7159,31217.0
2026-03-11 13:35:00,118.7209,118.7457,118.3098,118.5426,60475.0
2026-03-11 13:40:00,118.5673,118.7358,118.5376,118.6565,18433.0
2026-03-11 13:45:00,118.6416,118.6961,118.498,118.5574,12328.0
2026-03-11 13:50:00,118.5871,118.815,118.5376,118.7159,31761.0
2026-03-11 13:55:00,118.706,118.7258,118.5772,118.5772,14397.0
2026-03-11 14:00:00,118.5772,118.924,118.5673,118.924,35719.0
2026-03-11 14:05:00,118.9339,118.9636,118.6664,118.7348,18195.0
2026-03-11 14:10:00,118.6813,118.815,118.6218,118.7308,36121.0
2026-03-11 14:15:00,118.7754,118.8051,118.6862,118.7308,14437.0
2026-03-11 14:20:00,118.7754,118.7952,118.6169,118.6565,22120.0
2026-03-11 14:25:00,118.6664,118.8398,118.6268,118.7187,203329.0
2026-03-11 14:30:00,118.7556,118.7655,118.6169,118.7655,25703.0
2026-03-11 14:35:00,118.7605,118.8051,118.6169,118.6961,26604.0
2026-03-11 14:40:00,118.706,118.706,118.5971,118.6763,21484.0
2026-03-11 14:45:00,118.6367,118.6515,118.5277,118.5574,11460.0
2026-03-11 14:50:00,118.5723,118.6169,118.4732,118.5723,22966.0
2026-03-11 14:55:00,118.5574,118.6367,118.4881,118.5971,18388.0
2026-03-11 15:00:00,118.5971,118.6169,118.4435,118.5574,24781.0
2026-03-11 15:05:00,118.5178,118.5723,118.4039,118.4039,30812.0
2026-03-11 15:10:00,118.4683,118.4881,118.389,118.4782,38600.0
2026-03-11 15:15:00,118.4484,118.5228,118.2701,118.2899,35365.0
2026-03-11 15:20:00,118.2503,118.394,118.2206,118.394,181497.0
2026-03-11 15:25:00,118.3989,118.4782,118.2305,118.2404,43103.0
2026-03-11 15:30:00,118.2899,118.4782,118.2899,118.4683,29129.0
2026-03-11 15:35:00,118.5376,118.602,118.4683,118.5426,25296.0
2026-03-11 15:40:00,118.5673,118.6169,118.4385,118.5376,37410.0
2026-03-11 15:45:00,118.5475,118.5525,118.2503,118.2503,45718.0
2026-03-11 15:50:00,118.2701,118.2701,118.1067,118.181,127066.0
2026-03-11 15:55:00,118.1711,118.181,117.537,117.646,473947.0
2026-03-12 09:30:00,116.3383,116.8088,114.129,114.1785,196936.0
2026-03-12 09:35:00,114.129,115.5556,114.1191,115.4268,87012.0
2026-03-12 09:40:00,115.4127,115.4962,114.9215,115.1643,101379.0
2026-03-12 09:45:00,115.1197,115.5358,114.8423,115.4962,87285.0
2026-03-12 09:50:00,115.4763,115.6646,115.3327,115.511,47059.0
2026-03-12 09:55:00,115.5061,115.646,115.0999,115.3674,80896.0
2026-03-12 10:00:00,115.3575,115.833,115.3426,115.5754,45210.0
2026-03-12 10:05:00,115.4664,115.4862,115.0702,115.3376,79098.0
2026-03-12 10:10:00,115.3376,115.7339,115.2881,115.6943,33797.0
2026-03-12 10:15:00,115.6745,115.7537,115.3178,115.3376,34082.0
2026-03-12 10:20:00,115.3376,115.3475,114.8423,114.8423,41507.0
2026-03-12 10:25:00,114.8423,115.1494,114.7828,115.08,120972.0
2026-03-12 10:30:00,115.0206,115.4219,114.9364,115.2485,121099.0
2026-03-12 10:35:00,115.2485,115.5358,115.2386,115.3575,55442.0
2026-03-12 10:40:00,115.3624,115.8924,115.3624,115.8132,57176.0
2026-03-12 10:45:00,115.7835,116.1104,115.7686,115.8132,65526.0
2026-03-12 10:50:00,115.8528,115.8825,115.6844,115.7934,56032.0
2026-03-12 10:55:00,115.7636,115.8231,115.516,115.5903,60390.0
2026-03-12 11:00:00,115.5903,115.6497,115.3475,115.4565,78946.0
2026-03-12 11:05:00,115.4367,115.724,115.3674,115.714,53586.0
2026-03-12 11:10:00,115.6745,115.8924,115.6051,115.8578,47307.0
2026-03-12 11:15:00,115.8578,116.0212,115.6448,115.6891,67141.0
2026-03-12 11:20:00,115.6943,115.7537,115.4466,115.6349,80479.0
2026-03-12 11:25:00,115.6249,115.7339,115.3475,115.4367,78856.0
2026-03-12 11:30:00,115.4268,115.724,115.3773,115.6725,64552.0
2026-03-12 11:35:00,115.6646,116.2689,115.5457,116.2689,71295.0
2026-03-12 11:40:00,116.2491,116.5463,116.1104,116.4968,45226.0
2026-03-12 11:45:00,116.467,116.576,116.2689,116.2788,43742.0
2026-03-12 11:50:00,116.2491,116.368,115.9915,116.0113,24758.0
2026-03-12 11:55:00,115.9915,116.1104,115.7736,115.9816,36565.0
2026-03-12 12:00:00,116.041,116.3977,115.9618,116.3482,23282.0
2026-03-12 12:05:00,116.3333,116.4324,115.9915,116.0212,32038.0
2026-03-12 12:10:00,116.0361,116.2491,115.9816,116.0609,43085.0
2026-03-12 12:15:00,116.1302,116.4597,116.0014,116.4231,33127.0
2026-03-12 12:20:00,116.4571,116.7742,116.3482,116.6553,33398.0
2026-03-12 12:25:00,116.6553,116.7741,116.4175,116.4968,162648.0
2026-03-12 12:30:00,116.4918,116.4918,116.0807,116.1203,46097.0
2026-03-12 12:35:00,116.15,116.3581,115.9915,116.1599,25491.0
2026-03-12 12:40:00,116.1599,116.2194,116.0014,116.0311,26159.0
2026-03-12 12:45:00,116.0311,116.0708,115.7141,115.724,25289.0
2026-03-12 12:50:00,115.7785,115.8726,115.7042,115.7934,19922.0
2026-03-12 12:55:00,115.8627,115.8924,115.2633,115.2683,54407.0
2026-03-12 13:00:00,115.2931,115.7815,115.2931,115.724,40393.0
2026-03-12 13:05:00,115.6646,115.7686,115.4862,115.4862,29123.0
2026-03-12 13:10:00,115.5308,115.6943,115.4664,115.4714,48500.0
2026-03-12 13:15:00,115.4714,115.6547,115.4664,115.5605,20868.0
2026-03-12 13:20:00,115.5457,115.7636,115.5061,115.5903,18470.0
2026-03-12 13:25:00,115.6349,115.7141,115.5457,115.7042,24673.0
2026-03-12 13:30:00,115.724,115.8825,115.6349,115.7339,27859.0
2026-03-12 13:35:00,115.7339,115.9122,115.6844,115.7587,22155.0
2026-03-12 13:40:00,115.724,115.8132,115.4466,115.4962,41294.0
2026-03-12 13:45:00,115.4565,115.4615,115.1197,115.2881,38569.0
2026-03-12 13:50:00,115.3674,115.5457,115.3475,115.3822,49769.0
2026-03-12 13:55:00,115.3971,115.4813,115.2683,115.4119,31972.0
2026-03-12 14:00:00,115.4466,115.5506,115.2584,115.3872,30314.0
2026-03-12 14:05:00,115.3624,115.4912,115.298,115.3525,25383.0
2026-03-12 14:10:00,115.3079,115.4466,115.2486,115.3921,23325.0
2026-03-12 14:15:00,115.3921,115.5705,115.2931,115.3277,24430.0
2026-03-12 14:20:00,115.3277,115.3277,115.09,115.1494,22458.0
2026-03-12 14:25:00,115.1197,115.5655,115.0801,115.5655,108216.0
2026-03-12 14:30:00,115.5259,115.6398,115.3872,115.4962,24041.0
2026-03-12 14:35:00,115.4962,116.1797,115.4962,116.1104,52043.0
2026-03-12 14:40:00,116.1302,116.1896,115.8033,116.0361,84511.0
2026-03-12 14:45:00,116.0361,116.1599,115.942,116.0178,59802.0
2026-03-12 14:50:00,116.0179,116.1644,115.8726,115.8726,113356.0
2026-03-12 14:55:00,115.8429,115.8825,115.724,115.7537,42081.0
2026-03-12 15:00:00,115.7438,115.8726,115.6448,115.8132,53247.0
2026-03-12 15:05:00,115.8132,115.9816,115.7785,115.8132,42441.0
2026-03-12 15:10:00,115.8528,115.8726,115.4763,115.5457,50124.0
2026-03-12 15:15:00,115.5358,115.5952,115.1791,115.4565,74650.0
2026-03-12 15:20:00,115.4664,115.6745,115.3475,115.5853,75424.0
2026-03-12 15:25:00,115.5804,115.7141,115.5804,115.6646,60314.0
2026-03-12 15:30:00,115.6844,115.7042,115.4763,115.4763,57249.0
2026-03-12 15:35:00,115.4862,115.5209,115.3376,115.3773,67229.0
2026-03-12 15:40:00,115.3575,115.3921,115.2287,115.2485,76021.0
2026-03-12 15:45:00,115.2485,115.303,115.0801,115.189,139198.0
2026-03-12 15:50:00,115.1791,115.298,114.872,115.2485,277260.0
2026-03-12 15:55:00,115.2386,115.3674,114.4955,114.6342,561965.0
2026-03-13 09:30:00,115.3178,116.0014,114.6243,115.9122,128333.0
2026-03-13 09:35:00,116.0014,116.794,115.9321,116.6355,67868.0
2026-03-13 09:40:00,116.5513,116.7841,116.259,116.5661,73685.0
2026-03-13 09:45:00,116.5661,116.5661,116.1599,116.3729,79200.0
2026-03-13 09:50:00,116.3531,116.3581,115.9519,115.9717,32920.0
2026-03-13 09:55:00,115.9915,115.9915,115.4367,115.5457,29833.0
2026-03-13 10:00:00,115.5506,115.8825,115.4565,115.8825,60381.0
2026-03-13 10:05:00,115.7686,115.9618,115.407,115.4813,107862.0
2026-03-13 10:10:00,115.4862,115.5754,115.0802,115.0802,115467.0
2026-03-13 10:15:00,115.1395,115.1989,114.4856,114.6937,74049.0
2026-03-13 10:20:00,114.6937,114.8819,114.6441,114.8002,41330.0
2026-03-13 10:25:00,114.7531,114.9661,114.7432,114.8373,21693.0
2026-03-13 10:30:00,114.8373,115.4268,114.8373,115.3822,38297.0
2026-03-13 10:35:00,115.3475,115.4763,115.2782,115.3674,21482.0
2026-03-13 10:40:00,115.3921,115.5754,115.239,115.2881,32121.0
2026-03-13 10:45:00,115.3277,115.4367,115.1494,115.3377,19977.0
2026-03-13 10:50:00,115.4367,115.6646,115.3575,115.62,18813.0
2026-03-13 10:55:00,115.6646,115.7042,115.3872,115.4788,40668.0
2026-03-13 11:00:00,115.4962,115.6646,115.298,115.6398,31245.0
2026-03-13 11:05:00,115.7141,116.0311,115.6349,116.0212,49671.0
2026-03-13 11:10:00,115.9618,116.3482,115.9618,116.2788,34817.0
2026-03-13 11:15:00,116.2887,116.4571,116.1798,116.1896,37564.0
2026-03-13 11:20:00,116.2095,116.4274,115.9322,116.0262,99475.0
2026-03-13 11:25:00,116.0311,116.041,115.6448,115.6497,19018.0
2026-03-13 11:30:00,115.6844,115.8875,115.6285,115.8627,23003.0
2026-03-13 11:35:00,115.8924,115.8974,115.6547,115.8132,14267.0
2026-03-13 11:40:00,115.8132,115.8429,115.6398,115.7736,19694.0
2026-03-13 11:45:00,115.7339,115.942,115.6646,115.8627,25112.0
2026-03-13 11:50:00,115.8776,115.9519,115.7142,115.7785,23593.0
2026-03-13 11:55:00,115.7785,116.2491,115.7438,116.2095,158179.0
2026-03-13 12:00:00,116.2045,116.4571,116.1896,116.4571,39536.0
2026-03-13 12:05:00,116.4423,116.5364,116.3184,116.3432,95945.0
2026-03-13 12:10:00,116.368,116.4769,116.1401,116.1599,53027.0
2026-03-13 12:15:00,116.2194,116.3383,116.0709,116.1352,64693.0
2026-03-13 12:20:00,116.1401,116.259,116.041,116.041,44820.0
2026-03-13 12:25:00,116.0609,116.0708,115.8726,115.9618,20176.0
2026-03-13 12:30:00,115.9222,116.1896,115.9023,116.0311,25874.0
2026-03-13 12:35:00,116.0212,116.2788,116.0212,116.1352,41923.0
2026-03-13 12:40:00,116.1203,116.3036,116.0215,116.0609,48342.0
2026-03-13 12:45:00,116.0658,116.3778,116.0113,116.155,65633.0
2026-03-13 12:50:00,116.1797,116.2243,115.9242,115.9618,38250.0
2026-03-13 12:55:00,115.9667,115.9816,115.8132,115.8429,26145.0
2026-03-13 13:00:00,115.8528,115.9122,115.7438,115.8825,17646.0
2026-03-13 13:05:00,115.8825,116.1104,115.8132,115.9222,23507.0
2026-03-13 13:10:00,115.9667,116.1797,115.9222,116.1797,21440.0
2026-03-13 13:15:00,116.1599,116.2579,116.0262,116.2579,59831.0
2026-03-13 13:20:00,116.259,116.5166,116.2095,116.5067,28900.0
2026-03-13 13:25:00,116.4571,116.5166,116.2739,116.3085,32133.0
2026-03-13 13:30:00,116.2788,116.3085,116.1748,116.2095,14973.0
2026-03-13 13:35:00,116.2491,116.2689,116.1153,116.1153,20195.0
2026-03-13 13:40:00,116.0807,116.1698,115.9321,116.1253,34080.0
2026-03-13 13:45:00,116.1265,116.2788,116.1005,116.1797,31184.0
2026-03-13 13:50:00,116.2045,116.2491,115.8974,116.0113,24757.0
2026-03-13 13:55:00,115.9816,116.041,115.833,115.9618,26697.0
2026-03-13 14:00:00,115.9321,116.3283,115.9321,116.2491,29929.0
2026-03-13 14:05:00,116.2144,116.5661,116.2144,116.5562,45538.0
2026-03-13 14:10:00,116.5463,116.7246,116.4769,116.6256,29261.0
2026-03-13 14:15:00,116.6454,116.6949,116.4571,116.5116,31226.0
2026-03-13 14:20:00,116.5116,116.5116,116.1996,116.2491,27121.0
2026-03-13 14:25:00,116.2352,116.2887,116.1401,116.2491,27458.0
2026-03-13 14:30:00,116.2293,116.4076,116.1996,116.3085,30246.0
2026-03-13 14:35:00,116.3085,116.4274,116.3085,116.3383,33418.0
2026-03-13 14:40:00,116.368,116.6156,116.3135,116.6107,46291.0
2026-03-13 14:45:00,116.5661,116.68,116.5364,116.5958,43397.0
2026-03-13 14:50:00,116.576,116.6305,116.4869,116.5562,30776.0
2026-03-13 14:55:00,116.5364,116.5413,116.3184,116.3383,32682.0
2026-03-13 15:00:00,116.368,116.5413,116.3482,116.4968,44708.0
2026-03-13 15:05:00,116.4769,116.576,116.4472,116.5413,25886.0
2026-03-13 15:10:00,116.5463,116.6454,116.5166,116.5265,46718.0
2026-03-13 15:15:00,116.5364,116.685,116.4627,116.4869,27519.0
2026-03-13 15:20:00,116.467,116.487,116.3184,116.3531,30502.0
2026-03-13 15:25:00,116.3383,116.4274,116.2788,116.4076,40665.0
2026-03-13 15:30:00,116.4126,116.5661,116.2887,116.3383,74340.0
2026-03-13 15:35:00,116.3333,116.3581,116.2095,116.2689,55822.0
2026-03-13 15:40:00,116.2788,116.3184,116.1797,116.254,50089.0
2026-03-13 15:45:00,116.259,116.5067,116.254,116.4126,121804.0
2026-03-13 15:50:00,116.4076,116.4076,116.1599,116.2491,149179.0
2026-03-13 15:55:00,116.259,116.4076,116.1599,116.2788,468658.0
2026-03-16 09:30:00,116.903,117.3488,116.3085,116.3135,217066.0
2026-03-16 09:35:00,116.3184,116.3184,114.9215,115.2881,116332.0
2026-03-16 09:40:00,115.298,116.2887,115.0295,116.15,95431.0
2026-03-16 09:45:00,116.15,116.7444,116.0311,116.6553,60562.0
2026-03-16 09:50:00,116.685,116.8336,116.3927,116.4869,62878.0
2026-03-16 09:55:00,116.4869,116.5067,116.0135,116.4769,120719.0
2026-03-16 10:00:00,116.4423,116.8138,116.2194,116.6206,72528.0
2026-03-16 10:05:00,116.6057,116.9822,116.3878,116.903,41325.0
2026-03-16 10:10:00,116.903,117.1011,116.6355,116.7345,78195.0
2026-03-16 10:15:00,116.7246,116.7667,116.2887,116.6454,47250.0
2026-03-16 10:20:00,116.7147,116.903,116.5067,116.5215,29457.0
2026-03-16 10:25:00,116.5166,116.6553,116.3779,116.4918,55559.0
2026-03-16 10:30:00,116.4869,116.5125,116.0708,116.15,49076.0
2026-03-16 10:35:00,116.155,116.2194,115.833,115.833,49273.0
2026-03-16 10:40:00,115.8429,115.8429,115.5556,115.6299,48420.0
2026-03-16 10:45:00,115.5754,115.833,115.4565,115.511,44786.0
2026-03-16 10:50:00,115.4664,115.9122,115.3278,115.9122,28976.0
2026-03-16 10:55:00,115.8875,115.9618,115.7934,115.9618,26420.0
2026-03-16 11:00:00,115.9618,116.0708,115.9023,115.9915,39000.0
2026-03-16 11:05:00,116.0509,116.0509,115.833,115.9222,29193.0
2026-03-16 11:10:00,115.9271,115.9618,115.833,115.8528,21827.0
2026-03-16 11:15:00,115.8825,115.942,115.7836,115.937,24431.0
2026-03-16 11:20:00,115.9321,115.9717,115.8132,115.9271,30285.0
2026-03-16 11:25:00,115.9271,115.9271,115.8429,115.8627,27655.0
2026-03-16 11:30:00,115.8429,115.942,115.8082,115.8726,33494.0
2026-03-16 11:35:00,115.9023,116.1698,115.8825,116.1302,53886.0
2026-03-16 11:40:00,116.1302,116.4076,115.9618,116.2887,42607.0
2026-03-16 11:45:00,116.2986,116.4968,116.2491,116.368,29056.0
2026-03-16 11:50:00,116.3531,116.3531,116.1896,116.3482,28410.0
2026-03-16 11:55:00,116.2986,116.3085,116.0212,116.0311,20989.0
2026-03-16 12:00:00,116.0311,116.1302,115.9717,116.1005,29375.0
2026-03-16 12:05:00,116.0757,116.1203,116.0014,116.0856,20715.0
2026-03-16 12:10:00,116.1005,116.2293,116.1005,116.2243,24603.0
2026-03-16 12:15:00,116.259,116.4076,116.2095,116.3135,28339.0
2026-03-16 12:20:00,116.3184,116.3581,116.0113,116.0113,23179.0
2026-03-16 12:25:00,115.9638,116.041,115.8628,115.9419,15419.0
2026-03-16 12:30:00,115.9321,116.0602,115.8528,116.0262,25708.0
2026-03-16 12:35:00,116.0262,116.1054,115.9222,116.0361,27699.0
2026-03-16 12:40:00,116.0559,116.1599,116.041,116.0708,32534.0
2026-03-16 12:45:00,116.041,116.0509,115.7686,115.8776,35838.0
2026-03-16 12:50:00,115.8528,115.8974,115.8132,115.8875,26046.0
2026-03-16 12:55:00,115.9023,115.9618,115.6646,115.9321,44263.0
2026-03-16 13:00:00,115.9519,116.15,115.9469,116.0064,37187.0
2026-03-16 13:05:00,116.0014,116.1054,115.8627,116.041,22600.0
2026-03-16 13:10:00,116.0312,116.1302,116.0262,116.041,23976.0
2026-03-16 13:15:00,116.041,116.0906,115.9469,116.041,27325.0
2026-03-16 13:20:00,116.0361,116.1698,115.9816,116.1025,25318.0
2026-03-16 13:25:00,116.0906,116.1698,116.041,116.0757,39196.0
2026-03-16 13:30:00,116.1104,116.2739,116.0906,116.2194,45505.0
2026-03-16 13:35:00,116.2243,116.4126,116.2243,116.3482,61560.0
2026-03-16 13:40:00,116.3383,116.4076,116.2639,116.2887,25282.0
2026-03-16 13:45:00,116.2887,116.3184,116.0807,116.1996,30714.0
2026-03-16 13:50:00,116.2194,116.5265,116.1896,116.4869,39381.0
2026-03-16 13:55:00,116.4472,116.6156,116.4274,116.4621,28380.0
2026-03-16 14:00:00,116.467,116.5859,116.4472,116.5116,19761.0
2026-03-16 14:05:00,116.5462,116.6156,116.3977,116.3977,34623.0
2026-03-16 14:10:00,116.4126,116.6553,116.1005,116.5661,151648.0
2026-03-16 14:15:00,116.576,116.7841,116.4076,116.6454,173474.0
2026-03-16 14:20:00,116.6454,116.893,116.4869,116.5859,69086.0
2026-03-16 14:25:00,116.5661,116.7543,116.5413,116.5413,44134.0
2026-03-16 14:30:00,116.5562,116.6454,116.5166,116.576,25151.0
2026-03-16 14:35:00,116.576,116.7048,116.576,116.6503,33567.0
2026-03-16 14:40:00,116.6503,116.6751,116.4274,116.5364,19263.0
2026-03-16 14:45:00,116.5463,116.5562,116.4175,116.472,23215.0
2026-03-16 14:50:00,116.4373,116.5463,116.4274,116.4373,16733.0
2026-03-16 14:55:00,116.4571,116.4571,116.368,116.3977,21408.0
2026-03-16 15:00:00,116.4026,116.4722,116.3432,116.4274,29454.0
2026-03-16 15:05:00,116.4461,116.4918,116.3482,116.3828,33345.0
2026-03-16 15:10:00,116.4175,116.4571,116.15,116.259,30396.0
2026-03-16 15:15:00,116.259,116.3383,116.1005,116.1005,27913.0
2026-03-16 15:20:00,116.1054,116.1896,115.9321,116.0014,43332.0
2026-03-16 15:25:00,115.9816,116.1302,115.9519,116.1005,44507.0
2026-03-16 15:30:00,116.0708,116.0807,115.9519,115.9624,54531.0
2026-03-16 15:35:00,115.9618,116.0361,115.8726,115.8924,52187.0
2026-03-16 15:40:00,115.8924,115.8924,115.7438,115.7537,51248.0
2026-03-16 15:45:00,115.7934,115.9172,115.5284,115.5407,106352.0
2026-03-16 15:50:00,115.5655,115.8429,115.5556,115.8033,150285.0
2026-03-16 15:55:00,115.7983,116.0609,115.7983,115.9717,392567.0
2026-03-17 09:30:00,116.4126,117.0367,115.615,115.833,115802.0
2026-03-17 09:35:00,115.8033,116.1104,115.5278,115.7636,43382.0
2026-03-17 09:40:00,115.6646,116.2392,115.5358,115.9816,61912.0
2026-03-17 09:45:00,115.9551,116.4571,115.9122,116.2887,87497.0
2026-03-17 09:50:00,116.1896,116.3383,115.6844,116.2937,45223.0
2026-03-17 09:55:00,116.2937,116.6999,116.259,116.5067,55748.0
2026-03-17 10:00:00,116.4819,116.7742,116.2689,116.2788,86472.0
2026-03-17 10:05:00,116.3482,116.5364,116.2194,116.3631,28109.0
2026-03-17 10:10:00,116.3482,116.4175,116.0311,116.1203,52472.0
2026-03-17 10:15:00,116.0609,116.2392,115.9618,116.0609,29010.0
2026-03-17 10:20:00,115.9965,116.2194,115.9133,116.2045,39009.0
2026-03-17 10:25:00,116.2045,116.3977,116.051,116.3383,33335.0
2026-03-17 10:30:00,116.368,116.6677,116.368,116.6355,35872.0
2026-03-17 10:35:00,116.6404,116.7543,116.4968,116.6404,33441.0
2026-03-17 10:40:00,116.6404,116.7444,116.3432,116.6057,80424.0
2026-03-17 10:45:00,116.6355,116.6949,116.4769,116.6503,38180.0
2026-03-17 10:50:00,116.6503,116.7543,116.4275,116.4275,40482.0
2026-03-17 10:55:00,116.4373,116.6256,116.4373,116.5215,20510.0
2026-03-17 11:00:00,116.5661,116.6256,116.3977,116.5166,27174.0
2026-03-17 11:05:00,116.4869,116.903,116.4769,116.8485,80506.0
2026-03-17 11:10:00,116.8683,116.9921,116.8435,116.9673,88636.0
2026-03-17 11:15:00,116.9822,117.0218,116.8534,116.8732,30819.0
2026-03-17 11:20:00,116.8732,117.1754,116.8633,117.1754,27745.0
2026-03-17 11:25:00,117.1803,117.3586,117.1111,117.1556,29921.0
2026-03-17 11:30:00,117.1556,117.2398,116.6156,116.6454,34043.0
2026-03-17 11:35:00,116.5662,116.6305,116.4175,116.467,43404.0
2026-03-17 11:40:00,116.4968,116.5265,116.3185,116.4076,27250.0
2026-03-17 11:45:00,116.4076,116.4472,116.1599,116.2243,27826.0
2026-03-17 11:50:00,116.2243,116.3878,116.1797,116.2887,32759.0
2026-03-17 11:55:00,116.3283,116.363,116.0212,116.0212,33504.0
2026-03-17 12:00:00,116.0163,116.0708,115.7141,115.9916,78186.0
2026-03-17 12:05:00,115.9915,116.0212,115.7438,115.8924,46386.0
2026-03-17 12:10:00,115.8924,115.9915,115.7934,115.9023,49234.0
2026-03-17 12:15:00,115.9122,116.2838,115.9023,116.2838,32026.0
2026-03-17 12:20:00,116.2838,116.2986,116.1797,116.2689,16665.0
2026-03-17 12:25:00,116.2689,116.4819,116.2392,116.4472,19519.0
2026-03-17 12:30:00,116.4472,116.4571,116.2293,116.2739,35708.0
2026-03-17 12:35:00,116.3036,116.3036,116.1005,116.15,29771.0
2026-03-17 12:40:00,116.1996,116.2441,116.041,116.0757,26490.0
2026-03-17 12:45:00,116.0509,116.1896,116.0113,116.0609,29903.0
2026-03-17 12:50:00,116.0609,116.0708,115.9816,116.0014,21240.0
2026-03-17 12:55:00,115.9915,116.1797,115.9519,115.9618,36920.0
2026-03-17 13:00:00,115.9915,116.0906,115.942,116.0757,27064.0
2026-03-17 13:05:00,116.0906,116.15,116.0559,116.0906,23114.0
2026-03-17 13:10:00,116.1104,116.1203,115.9519,115.9915,44357.0
2026-03-17 13:15:00,115.9915,116.0014,115.8726,115.9321,31015.0
2026-03-17 13:20:00,115.9222,115.9321,115.8231,115.8726,21772.0
2026-03-17 13:25:00,115.8726,115.9271,115.7537,115.7835,23105.0
2026-03-17 13:30:00,115.8033,115.8033,115.2386,115.2584,97254.0
2026-03-17 13:35:00,115.2485,115.3178,115.1197,115.2435,30302.0
2026-03-17 13:40:00,115.2386,115.3872,115.0801,115.3575,32012.0
2026-03-17 13:45:00,115.3178,115.5457,115.3178,115.5308,23476.0
2026-03-17 13:50:00,115.5358,115.7438,115.4962,115.6448,17005.0
2026-03-17 13:55:00,115.6596,115.8277,115.5952,115.7339,24799.0
2026-03-17 14:00:00,115.7736,115.9965,115.7537,115.9469,22399.0
2026-03-17 14:05:00,115.9469,116.259,115.9469,116.155,26174.0
2026-03-17 14:10:00,116.155,116.1996,115.8231,115.9271,33625.0
2026-03-17 14:15:00,115.9023,116.0807,115.8528,115.9222,30353.0
2026-03-17 14:20:00,115.8825,115.9618,115.6646,115.6646,33099.0
2026-03-17 14:25:00,115.6794,115.7537,115.5061,115.7141,38172.0
2026-03-17 14:30:00,115.724,115.8132,115.7042,115.7588,18187.0
2026-03-17 14:35:00,115.7438,115.8479,115.6051,115.7835,57668.0
2026-03-17 14:40:00,115.7835,115.8528,115.7686,115.8033,18282.0
2026-03-17 14:45:00,115.8033,115.9212,115.7835,115.8825,24619.0
2026-03-17 14:50:00,115.8726,115.9122,115.833,115.8528,20442.0
2026-03-17 14:55:00,115.8528,115.8924,115.8033,115.8924,24633.0
2026-03-17 15:00:00,115.9122,115.9519,115.6646,115.833,30722.0
2026-03-17 15:05:00,115.8627,115.9122,115.7537,115.8528,54561.0
2026-03-17 15:10:00,115.8454,116.0212,115.7736,115.8924,61972.0
2026-03-17 15:15:00,115.9073,115.942,115.8033,115.8924,36929.0
2026-03-17 15:20:00,115.9023,115.9023,115.7438,115.8132,36094.0
2026-03-17 15:25:00,115.7934,115.833,115.6844,115.8033,43746.0
2026-03-17 15:30:00,115.7438,115.7884,115.6349,115.729,34572.0
2026-03-17 15:35:00,115.7389,115.7934,115.6646,115.6943,53153.0
2026-03-17 15:40:00,115.7092,115.7686,115.6943,115.7191,42212.0
2026-03-17 15:45:00,115.7191,115.8379,115.6943,115.7438,72093.0
2026-03-17 15:50:00,115.7537,115.9667,115.7339,115.8231,110459.0
2026-03-17 15:55:00,115.8528,115.9073,115.4169,115.7042,435103.0
2026-03-18 09:30:00,115.4367,116.2739,114.9711,115.7339,73051.0
2026-03-18 09:35:00,115.7736,116.046,115.5655,116.046,25975.0
2026-03-18 09:40:00,115.9618,116.2392,115.8974,116.1005,16837.0
2026-03-18 09:45:00,115.952,116.1698,115.7636,115.8033,48888.0
2026-03-18 09:50:00,115.7403,115.833,115.4367,115.5705,20336.0
2026-03-18 09:55:00,115.5705,115.5952,115.3872,115.5952,13713.0
2026-03-18 10:00:00,115.5903,115.5903,115.2782,115.2782,13719.0
2026-03-18 10:05:00,115.2633,115.3078,115.0702,115.0702,75932.0
2026-03-18 10:10:00,115.085,115.1494,114.0794,114.1934,91026.0
2026-03-18 10:15:00,114.1884,114.6243,114.025,114.4835,51237.0
2026-03-18 10:20:00,114.5352,114.6739,114.4064,114.4064,34118.0
2026-03-18 10:25:00,114.4658,114.4955,114.337,114.4113,20873.0
2026-03-18 10:30:00,114.4163,114.5351,114.1785,114.1785,39830.0
2026-03-18 10:35:00,114.1785,114.337,114.129,114.233,17881.0
2026-03-18 10:40:00,114.1884,114.341,114.0794,114.1835,46605.0
2026-03-18 10:45:00,114.1835,114.2775,114.0794,114.1191,30311.0
2026-03-18 10:50:00,114.129,114.2479,114.0101,114.1682,35959.0
2026-03-18 10:55:00,114.1191,114.4064,113.9408,114.337,81341.0
2026-03-18 11:00:00,114.337,114.5726,114.3321,114.4163,24430.0
2026-03-18 11:05:00,114.4262,114.7234,114.3861,114.5847,23893.0
2026-03-18 11:10:00,114.5847,114.6243,114.4559,114.4559,30043.0
2026-03-18 11:15:00,114.5253,114.5946,114.4609,114.5302,14156.0
2026-03-18 11:20:00,114.5154,114.5748,114.3866,114.4658,16966.0
2026-03-18 11:25:00,114.4361,114.6144,114.3866,114.4906,19314.0
2026-03-18 11:30:00,114.5253,114.6045,114.4658,114.5649,13146.0
2026-03-18 11:35:00,114.5897,114.6441,114.5352,114.6045,19631.0
2026-03-18 11:40:00,114.5996,114.5996,114.4164,114.5401,25525.0
2026-03-18 11:45:00,114.5154,114.5798,114.4401,114.5104,15983.0
2026-03-18 11:50:00,114.4955,114.6541,114.467,114.5798,16988.0
2026-03-18 11:55:00,114.5798,114.6194,114.5104,114.5451,12962.0
2026-03-18 12:00:00,114.5154,114.5154,114.3073,114.3816,15979.0
2026-03-18 12:05:00,114.3816,114.5253,114.3172,114.4361,15055.0
2026-03-18 12:10:00,114.4658,114.6045,114.4424,114.555,34574.0
2026-03-18 12:15:00,114.5748,114.7333,114.5352,114.6441,26943.0
2026-03-18 12:20:00,114.664,114.7036,114.5055,114.6095,11380.0
2026-03-18 12:25:00,114.6342,114.6739,114.5114,114.5599,13966.0
2026-03-18 12:30:00,114.5055,114.6441,114.4757,114.5599,21966.0
2026-03-18 12:35:00,114.5847,114.6611,114.3915,114.6611,18830.0
2026-03-18 12:40:00,114.5748,114.6838,114.5055,114.5897,22884.0
2026-03-18 12:45:00,114.5451,114.7185,114.4955,114.664,31214.0
2026-03-18 12:50:00,114.664,114.6937,114.5847,114.6243,14822.0
2026-03-18 12:55:00,114.5847,114.6838,114.4559,114.5005,20482.0
2026-03-18 13:00:00,114.555,114.5599,114.3669,114.5352,22521.0
2026-03-18 13:05:00,114.4757,114.5649,114.3568,114.3717,24011.0
2026-03-18 13:10:00,114.3767,114.3767,114.2281,114.238,13760.0
2026-03-18 13:15:00,114.2181,114.2875,114.1686,114.2528,11044.0
2026-03-18 13:20:00,114.2479,114.3965,114.2479,114.342,18614.0
2026-03-18 13:25:00,114.342,114.4064,114.2776,114.342,59840.0
2026-03-18 13:30:00,114.3271,114.3767,114.238,114.2974,11789.0
2026-03-18 13:35:00,114.337,114.3965,114.2974,114.3833,12852.0
2026-03-18 13:40:00,114.3568,114.4261,114.1488,114.1785,21743.0
2026-03-18 13:45:00,114.1934,114.2082,114.0894,114.0894,23287.0
2026-03-18 13:50:00,114.1092,114.2578,114.0151,114.2479,30485.0
2026-03-18 13:55:00,114.2429,114.2677,114.1141,114.238,23721.0
2026-03-18 14:00:00,114.2776,114.4262,114.1983,114.3321,54723.0
2026-03-18 14:05:00,114.3321,114.3816,114.2181,114.2578,19719.0
2026-03-18 14:10:00,114.2776,114.5203,114.1983,114.4906,31330.0
2026-03-18 14:15:00,114.4906,114.4906,114.2578,114.3271,36039.0
2026-03-18 14:20:00,114.3767,114.6491,114.3767,114.5996,76860.0
2026-03-18 14:25:00,114.6243,114.7531,114.5154,114.7432,52264.0
2026-03-18 14:30:00,114.7827,114.7928,114.5649,114.5649,37335.0
2026-03-18 14:35:00,114.5599,114.8423,114.5055,114.5946,40363.0
2026-03-18 14:40:00,114.5847,114.7333,114.4856,114.5451,39382.0
2026-03-18 14:45:00,114.5055,114.55,114.451,114.5352,20379.0
2026-03-18 14:50:00,114.555,114.6144,114.2776,114.2776,29187.0
2026-03-18 14:55:00,114.2281,114.5352,114.2281,114.4212,43033.0
2026-03-18 15:00:00,114.3866,114.6144,114.3866,114.5897,30649.0
2026-03-18 15:05:00,114.5897,114.6441,114.4708,114.5748,34494.0
2026-03-18 15:10:00,114.5649,114.6045,114.4163,114.4856,31938.0
2026-03-18 15:15:00,114.4955,114.5302,114.2875,114.2974,35095.0
2026-03-18 15:20:00,114.2974,114.3668,114.1884,114.2479,40579.0
2026-03-18 15:25:00,114.2281,114.2825,114.0894,114.1488,47372.0
2026-03-18 15:30:00,114.1785,114.3965,114.1389,114.3965,65776.0
2026-03-18 15:35:00,114.3965,114.4026,114.1785,114.1785,67193.0
2026-03-18 15:40:00,114.2033,114.3172,114.1191,114.2875,49337.0
2026-03-18 15:45:00,114.2381,114.3668,114.1884,114.2578,73470.0
2026-03-18 15:50:00,114.2677,114.4262,114.0497,114.0894,177035.0
2026-03-18 15:55:00,114.0844,114.0844,113.7228,113.9705,527068.0
2026-03-19 09:30:00,113.594,114.0596,113.0788,113.8764,138976.0
2026-03-19 09:35:00,113.9209,114.1587,113.7723,113.8813,28313.0
2026-03-19 09:40:00,113.9308,114.0596,113.7872,114.02,44333.0
2026-03-19 09:45:00,114.0101,114.0869,113.7624,114.0497,46988.0
2026-03-19 09:50:00,114.02,114.4311,113.9408,114.2528,39086.0
2026-03-19 09:55:00,114.238,114.337,113.9606,114.2479,105366.0
2026-03-19 10:00:00,114.1686,114.4262,114.0993,114.3222,56803.0
2026-03-19 10:05:00,114.2776,114.5055,114.1092,114.446,85425.0
2026-03-19 10:10:00,114.4212,115.0107,114.1884,114.1884,115371.0
2026-03-19 10:15:00,114.1884,114.3519,114.02,114.3073,37315.0
2026-03-19 10:20:00,114.2974,114.4262,114.0299,114.0596,30650.0
2026-03-19 10:25:00,114.0596,114.1785,113.8516,113.9606,22643.0
2026-03-19 10:30:00,113.9556,114.2677,113.9308,114.2578,23247.0
2026-03-19 10:35:00,114.2479,114.3965,113.9408,113.9408,23992.0
2026-03-19 10:40:00,113.9308,114.1587,113.8813,113.8813,22631.0
2026-03-19 10:45:00,113.9011,113.9705,113.812,113.8565,35692.0
2026-03-19 10:50:00,113.8565,113.8565,113.2819,113.2819,25984.0
2026-03-19 10:55:00,113.2175,113.3612,113.0541,113.2572,30432.0
2026-03-19 11:00:00,113.1779,113.277,112.6528,112.9302,60862.0
2026-03-19 11:05:00,112.9302,113.173,112.8113,113.173,132026.0
2026-03-19 11:10:00,113.173,113.3364,113.0491,113.3364,59760.0
2026-03-19 11:15:00,113.3265,113.4157,113.1878,113.2076,49125.0
2026-03-19 11:20:00,113.1878,113.2274,112.8609,112.8658,80564.0
2026-03-19 11:25:00,112.8658,113.0392,112.8014,112.9798,40956.0
2026-03-19 11:30:00,112.9401,112.9847,112.7717,112.8609,30543.0
2026-03-19 11:35:00,112.8658,112.8807,112.5934,112.7816,29865.0
2026-03-19 11:40:00,112.8064,112.8312,112.6033,112.6826,25886.0
2026-03-19 11:45:00,112.6776,112.7618,112.425,112.425,54565.0
2026-03-19 11:50:00,112.3953,112.6429,112.3655,112.5538,20824.0
2026-03-19 11:55:00,112.5884,112.8806,112.5884,112.8361,20557.0
2026-03-19 12:00:00,112.8361,112.9005,112.7123,112.747,57857.0
2026-03-19 12:05:00,112.7321,113.1482,112.7222,113.0838,47871.0
2026-03-19 12:10:00,113.0392,113.0739,112.8907,112.9154,22260.0
2026-03-19 12:15:00,112.9055,113.1482,112.9055,113.0887,18158.0
2026-03-19 12:20:00,113.0739,113.1383,113.0095,113.0095,41324.0
2026-03-19 12:25:00,113.0293,113.2572,112.9897,112.9897,31538.0
2026-03-19 12:30:00,113.0491,113.1381,112.9154,113.0392,27477.0
2026-03-19 12:35:00,112.9897,113.0689,112.9055,113.0392,21524.0
2026-03-19 12:40:00,113.0244,113.1779,113.0095,113.0887,19119.0
2026-03-19 12:45:00,113.0838,113.0838,112.8014,112.8213,29366.0
2026-03-19 12:50:00,112.8014,112.8014,112.5736,112.7717,22670.0
2026-03-19 12:55:00,112.7816,112.9005,112.7024,112.8014,55534.0
2026-03-19 13:00:00,112.8014,112.9996,112.7222,112.9748,53276.0
2026-03-19 13:05:00,113.0144,113.1383,112.8906,112.9104,41457.0
2026-03-19 13:10:00,112.9203,113.0144,112.8014,112.9055,50468.0
2026-03-19 13:15:00,112.9401,113.277,112.9203,113.2374,23483.0
2026-03-19 13:20:00,113.2374,113.4058,113.2374,113.3067,25846.0
2026-03-19 13:25:00,113.2968,113.4157,113.2572,113.3463,40001.0
2026-03-19 13:30:00,113.376,113.376,113.0689,113.2076,29664.0
2026-03-19 13:35:00,113.2175,113.2273,113.0293,113.0392,34404.0
2026-03-19 13:40:00,113.0313,113.163,112.9601,113.0788,46965.0
2026-03-19 13:45:00,113.0937,113.376,113.0937,113.376,23364.0
2026-03-19 13:50:00,113.3959,113.4553,113.3265,113.4404,33178.0
2026-03-19 13:55:00,113.4157,113.4652,113.2968,113.4652,28614.0
2026-03-19 14:00:00,113.4553,113.6931,113.3661,113.6512,43599.0
2026-03-19 14:05:00,113.6276,113.698,113.4553,113.508,33421.0
2026-03-19 14:10:00,113.5247,113.812,113.4751,113.7277,34675.0
2026-03-19 14:15:00,113.7327,113.7723,113.5841,113.594,42712.0
2026-03-19 14:20:00,113.5742,113.5791,113.4355,113.4751,25946.0
2026-03-19 14:25:00,113.4751,113.5048,113.3463,113.376,47813.0
2026-03-19 14:30:00,113.381,113.4454,113.3661,113.4305,27918.0
2026-03-19 14:35:00,113.4454,113.4454,113.3364,113.3414,30403.0
2026-03-19 14:40:00,113.3463,113.4504,113.3166,113.4504,29537.0
2026-03-19 14:45:00,113.4504,113.5048,113.3463,113.3463,57144.0
2026-03-19 14:50:00,113.3364,113.4651,113.287,113.4504,27197.0
2026-03-19 14:55:00,113.4355,113.698,113.4058,113.6485,51685.0
2026-03-19 15:00:00,113.646,114.0497,113.5841,114.0398,98148.0
2026-03-19 15:05:00,114.0448,114.4113,114.0003,114.0299,131205.0
2026-03-19 15:10:00,114.0349,114.1934,113.8548,114.0596,59503.0
2026-03-19 15:15:00,114.0993,114.1835,113.9507,114.1785,56999.0
2026-03-19 15:20:00,114.1191,114.1686,114.0398,114.1092,50509.0
2026-03-19 15:25:00,114.1092,114.1092,113.8318,113.8962,52677.0
2026-03-19 15:30:00,113.8714,114.0151,113.7822,113.9308,89443.0
2026-03-19 15:35:00,113.9308,113.9308,113.6534,113.807,108985.0
2026-03-19 15:40:00,113.807,114.0794,113.703,113.9507,73522.0
2026-03-19 15:45:00,113.9507,113.9606,113.8268,113.8813,173631.0
2026-03-19 15:50:00,113.8962,113.9556,113.812,113.9556,210328.0
2026-03-19 15:55:00,113.9209,113.9507,113.3067,113.3959,645553.0
2026-03-20 09:30:00,112.9401,114.1983,112.9401,113.6287,809083.0
2026-03-20 09:35:00,113.5742,113.6435,112.9798,113.1284,31163.0
2026-03-20 09:40:00,113.0788,113.0788,112.7271,113.0293,16372.0
2026-03-20 09:45:00,112.9798,113.0689,112.7025,112.7717,23972.0
2026-03-20 09:50:00,112.7529,112.8411,112.4646,112.8113,58517.0
2026-03-20 09:55:00,112.8113,112.9401,112.7618,112.8411,17277.0
2026-03-20 10:00:00,112.8312,112.9401,112.425,112.6528,66008.0
2026-03-20 10:05:00,112.6578,112.7024,112.4548,112.5637,54997.0
2026-03-20 10:10:00,112.5983,112.6527,112.098,112.1773,51580.0
2026-03-20 10:15:00,112.1774,112.5736,112.1774,112.2219,64168.0
2026-03-20 10:20:00,112.1971,112.2323,111.89,112.0089,57166.0
2026-03-20 10:25:00,111.999,112.3853,111.8504,112.1278,39006.0
2026-03-20 10:30:00,112.1377,112.3259,112.1051,112.2764,37993.0
2026-03-20 10:35:00,112.2566,112.3061,111.8306,111.9792,43748.0
2026-03-20 10:40:00,111.9593,112.0683,111.8306,111.9395,58861.0
2026-03-20 10:45:00,111.9296,112.098,111.8504,111.9296,24722.0
2026-03-20 10:50:00,111.8703,112.1278,111.8703,111.999,34461.0
2026-03-20 10:55:00,112.0485,112.1278,111.9395,112.0039,35037.0
2026-03-20 11:00:00,111.9693,112.207,111.9643,112.1872,26154.0
2026-03-20 11:05:00,112.207,112.3556,112.207,112.3556,33289.0
2026-03-20 11:10:00,112.2962,112.5686,112.2566,112.5686,35232.0
2026-03-20 11:15:00,112.5884,112.5884,112.3787,112.5225,79819.0
2026-03-20 11:20:00,112.3953,112.7318,112.2566,112.4547,26015.0
2026-03-20 11:25:00,112.4696,112.5042,112.2863,112.3408,30646.0
2026-03-20 11:30:00,112.3457,112.6429,112.3259,112.6429,18529.0
2026-03-20 11:35:00,112.5934,112.737,112.524,112.6429,15750.0
2026-03-20 11:40:00,112.6548,112.7489,112.5538,112.5686,17807.0
2026-03-20 11:45:00,112.5439,112.5934,112.3754,112.4745,34244.0
2026-03-20 11:50:00,112.4497,112.6528,112.4062,112.6528,49643.0
2026-03-20 11:55:00,112.6479,112.7123,112.5242,112.6776,17757.0
2026-03-20 12:00:00,112.5979,112.7123,112.5835,112.6925,14858.0
2026-03-20 12:05:00,112.7222,112.742,112.5736,112.6727,17746.0
2026-03-20 12:10:00,112.6578,112.96,112.633,112.9203,89710.0
2026-03-20 12:15:00,112.9005,112.9005,112.7123,112.7866,16608.0
2026-03-20 12:20:00,112.7321,112.8014,112.6826,112.7618,18739.0
2026-03-20 12:25:00,112.7618,112.7816,112.6826,112.737,94893.0
2026-03-20 12:30:00,112.7618,112.8312,112.5835,112.8113,23349.0
2026-03-20 12:35:00,112.8312,112.8609,112.7271,112.8609,29802.0
2026-03-20 12:40:00,112.8014,112.8213,112.6083,112.6429,46286.0
2026-03-20 12:45:00,112.6826,112.7321,112.5191,112.5736,41264.0
2026-03-20 12:50:00,112.5785,112.633,112.3953,112.5637,24912.0
2026-03-20 12:55:00,112.5736,112.7519,112.5538,112.5538,38991.0
2026-03-20 13:00:00,112.5587,112.6528,112.5142,112.6528,15055.0
2026-03-20 13:05:00,112.6727,112.6727,112.3606,112.524,30319.0
2026-03-20 13:10:00,112.5538,112.6083,112.3655,112.3655,17371.0
2026-03-20 13:15:00,112.3953,112.4546,112.3457,112.3606,535113.0
2026-03-20 13:20:00,112.3358,112.4745,112.2764,112.4448,26090.0
2026-03-20 13:25:00,112.4497,112.4745,112.3556,112.4151,967684.0
2026-03-20 13:30:00,112.425,112.4547,112.3556,112.3655,15199.0
2026-03-20 13:35:00,112.3556,112.5141,112.2863,112.5141,19386.0
2026-03-20 13:40:00,112.524,112.5341,112.3556,112.3754,40884.0
2026-03-20 13:45:00,112.4151,112.5439,112.4052,112.4844,22587.0
2026-03-20 13:50:00,112.4151,112.5141,112.4151,112.425,21182.0
2026-03-20 13:55:00,112.4151,112.4696,112.2367,112.3358,64358.0
2026-03-20 14:00:00,112.3606,112.4448,112.2169,112.2169,62623.0
2026-03-20 14:05:00,112.212,112.2863,112.0881,112.1575,34710.0
2026-03-20 14:10:00,112.1575,112.1674,112.0584,112.1624,17965.0
2026-03-20 14:15:00,112.1674,112.2566,112.0584,112.098,41970.0
2026-03-20 14:20:00,112.1079,112.3705,112.0881,112.3358,63501.0
2026-03-20 14:25:00,112.3358,112.4745,112.2665,112.4547,36869.0
2026-03-20 14:30:00,112.4547,112.4745,112.1674,112.1723,24395.0
2026-03-20 14:35:00,112.1649,112.1971,112.0684,112.0881,29225.0
2026-03-20 14:40:00,112.0683,112.1674,111.8801,111.9296,39052.0
2026-03-20 14:45:00,111.9593,111.999,111.8405,111.9445,54490.0
2026-03-20 14:50:00,111.9296,112.0683,111.8355,112.0089,51189.0
2026-03-20 14:55:00,111.9891,112.0683,111.9593,112.0336,28751.0
2026-03-20 15:00:00,112.0336,112.1079,111.9504,112.0039,34211.0
2026-03-20 15:05:00,112.0188,112.0386,111.9395,111.9792,37533.0
2026-03-20 15:10:00,111.9593,112.2764,111.9494,112.1674,74277.0
2026-03-20 15:15:00,112.1377,112.1971,112.0683,112.1575,52695.0
2026-03-20 15:20:00,112.1377,112.1773,111.8702,111.8999,44920.0
2026-03-20 15:25:00,111.8949,112.2417,111.8206,112.207,58799.0
2026-03-20 15:30:00,112.1773,112.2665,111.9395,112.046,101458.0
2026-03-20 15:35:00,112.0683,112.0862,111.7513,112.0198,68719.0
2026-03-20 15:40:00,111.9792,112.098,111.8801,112.0535,84162.0
2026-03-20 15:45:00,112.0634,112.0634,111.8405,111.9693,115975.0
2026-03-20 15:50:00,111.9792,112.3358,111.6423,112.321,280075.0
2026-03-20 15:55:00,112.3061,112.3259,111.9247,112.1674,888965.0
2026-03-23 09:30:00,113.5643,114.555,113.2621,113.2819,152675.0
2026-03-23 09:35:00,112.95,113.7674,112.95,113.6089,45875.0
2026-03-23 09:40:00,113.6226,113.9606,113.5048,113.7327,79562.0
2026-03-23 09:45:00,113.8516,113.8516,113.4355,113.6931,48075.0
2026-03-23 09:50:00,113.6733,114.3172,113.6138,114.129,63874.0
2026-03-23 09:55:00,114.0943,114.7531,113.9308,114.4584,187641.0
2026-03-23 10:00:00,114.4856,115.0602,114.3742,114.7606,97421.0
2026-03-23 10:05:00,114.8423,115.0157,114.6254,114.7482,66201.0
2026-03-23 10:10:00,114.7729,114.8274,114.337,114.5154,43715.0
2026-03-23 10:15:00,114.5352,114.7729,114.4361,114.7432,49173.0
2026-03-23 10:20:00,114.7284,115.0008,114.664,114.9661,72501.0
2026-03-23 10:25:00,114.9315,114.9661,114.4955,114.6788,63234.0
2026-03-23 10:30:00,114.6788,114.7729,114.4856,114.6392,36447.0
2026-03-23 10:35:00,114.6045,114.6194,114.3048,114.4163,39620.0
2026-03-23 10:40:00,114.4212,114.6342,114.3866,114.5005,58722.0
2026-03-23 10:45:00,114.4559,114.7135,114.4064,114.5748,54957.0
2026-03-23 10:50:00,114.5698,114.7432,114.4064,114.6243,49231.0
2026-03-23 10:55:00,114.6144,114.7928,114.5649,114.7432,32187.0
2026-03-23 11:00:00,114.8027,114.9611,114.7432,114.9017,46841.0
2026-03-23 11:05:00,114.9017,115.0801,114.872,114.9958,77823.0
2026-03-23 11:10:00,114.981,115.3178,114.981,115.2633,52221.0
2026-03-23 11:15:00,115.2782,115.3277,114.9414,115.09,135663.0
2026-03-23 11:20:00,115.0602,115.3475,115.0305,115.3475,28015.0
2026-03-23 11:25:00,115.3376,115.407,114.763,114.763,50043.0
2026-03-23 11:30:00,114.7531,114.877,114.6541,114.6986,81653.0
2026-03-23 11:35:00,114.7036,114.7036,114.3271,114.3271,41670.0
2026-03-23 11:40:00,114.3271,114.4856,114.2181,114.4609,71125.0
2026-03-23 11:45:00,114.4559,114.5649,114.3519,114.4559,80709.0
2026-03-23 11:50:00,114.451,114.5253,114.238,114.4757,50048.0
2026-03-23 11:55:00,114.4262,114.4262,114.0299,114.1389,75337.0
2026-03-23 12:00:00,114.1637,114.3073,114.1488,114.1934,32665.0
2026-03-23 12:05:00,114.1785,114.2082,114.0894,114.1438,40087.0
2026-03-23 12:10:00,114.0794,114.2578,114.0596,114.1785,30164.0
2026-03-23 12:15:00,114.1983,114.3469,114.0398,114.0794,47515.0
2026-03-23 12:20:00,114.0993,114.1488,113.8615,113.9408,37186.0
2026-03-23 12:25:00,113.9507,114.0993,113.8318,113.9214,44304.0
2026-03-23 12:30:00,113.9457,114.0794,113.911,113.9507,33911.0
2026-03-23 12:35:00,113.9308,114.0299,113.8615,113.9358,36091.0
2026-03-23 12:40:00,113.9308,114.0398,113.8615,113.9358,74736.0
2026-03-23 12:45:00,113.9308,114.0101,113.812,113.9209,30116.0
2026-03-23 12:50:00,113.9209,114.02,113.8615,113.8714,34334.0
2026-03-23 12:55:00,113.8912,113.9408,113.7426,113.9061,31401.0
2026-03-23 13:00:00,113.9308,113.9507,113.812,113.8318,28960.0
2026-03-23 13:05:00,113.8219,113.9705,113.812,113.9308,60038.0
2026-03-23 13:10:00,113.9308,114.0794,113.812,113.812,54532.0
2026-03-23 13:15:00,113.7971,113.7971,113.6188,113.6188,56882.0
2026-03-23 13:20:00,113.6039,113.703,113.5147,113.6931,23418.0
2026-03-23 13:25:00,113.6733,113.8516,113.6733,113.812,22688.0
2026-03-23 13:30:00,113.7921,114.1092,113.7921,114.0993,39977.0
2026-03-23 13:35:00,114.0943,114.2479,114.0497,114.129,31961.0
2026-03-23 13:40:00,114.129,114.1488,113.9308,113.9655,40077.0
2026-03-23 13:45:00,113.9606,114.0051,113.8863,114.0051,20418.0
2026-03-23 13:50:00,114.0151,114.2479,114.0151,114.2132,27253.0
2026-03-23 13:55:00,114.2132,114.2875,114.1884,114.2627,21335.0
2026-03-23 14:00:00,114.2281,114.2281,114.0497,114.0794,89495.0
2026-03-23 14:05:00,114.0745,114.0894,113.8912,114.0497,38920.0
2026-03-23 14:10:00,114.0398,114.3271,114.0398,114.2677,32551.0
2026-03-23 14:15:00,114.238,114.238,114.1191,114.129,22247.0
2026-03-23 14:20:00,114.1637,114.238,114.129,114.1983,28887.0
2026-03-23 14:25:00,114.1796,114.2281,114.1488,114.1835,31399.0
2026-03-23 14:30:00,114.2082,114.4262,114.1785,114.4064,30754.0
2026-03-23 14:35:00,114.4361,114.5055,114.3568,114.4163,61638.0
2026-03-23 14:40:00,114.4064,114.4262,114.3172,114.3172,28411.0
2026-03-23 14:45:00,114.2974,114.3271,114.1785,114.2677,33943.0
2026-03-23 14:50:00,114.2528,114.2528,114.0101,114.1686,36614.0
2026-03-23 14:55:00,114.1438,114.2528,114.0894,114.1686,30829.0
2026-03-23 15:00:00,114.1686,114.2281,114.129,114.2033,19665.0
2026-03-23 15:05:00,114.1835,114.2181,114.1191,114.1488,25722.0
2026-03-23 15:10:00,114.1587,114.1884,114.0695,114.0695,30579.0
2026-03-23 15:15:00,114.0596,114.0894,113.8615,114.0002,84880.0
2026-03-23 15:20:00,113.9606,114.0101,113.9308,113.9952,36718.0
2026-03-23 15:25:00,113.9903,114.0497,113.9308,114.025,50431.0
2026-03-23 15:30:00,114.02,114.0844,113.8912,114.0547,135113.0
2026-03-23 15:35:00,114.0596,114.2181,113.9606,114.2181,92397.0
2026-03-23 15:40:00,114.1934,114.3024,114.1191,114.1488,62014.0
2026-03-23 15:45:00,114.1538,114.1884,113.9804,114.1637,95896.0
2026-03-23 15:50:00,114.1587,114.1785,113.6931,114.0299,245525.0
2026-03-23 15:55:00,114.0497,114.0794,113.6237,113.8615,736057.0
2026-03-24 09:30:00,112.7618,113.3067,112.207,112.7767,81188.0
2026-03-24 09:35:00,112.7767,113.0392,111.9593,112.1377,43188.0
2026-03-24 09:40:00,112.1228,113.1482,112.103,113.1284,39062.0
2026-03-24 09:45:00,113.0739,113.2324,112.8113,112.8163,33306.0
2026-03-24 09:50:00,112.9104,113.3117,112.8807,113.2076,44808.0
2026-03-24 09:55:00,113.1779,113.2473,112.8807,113.0689,63639.0
2026-03-24 10:00:00,113.0194,113.7723,112.9897,113.7129,62909.0
2026-03-24 10:05:00,113.7228,113.9903,113.6159,113.916,33923.0
2026-03-24 10:10:00,113.9507,114.3073,113.9507,114.3073,43321.0
2026-03-24 10:15:00,114.2974,114.337,114.0596,114.3172,31332.0
2026-03-24 10:20:00,114.3271,114.5748,114.1983,114.2726,26018.0
2026-03-24 10:25:00,114.2281,114.4757,114.1587,114.1785,61148.0
2026-03-24 10:30:00,114.1884,114.5847,114.1884,114.555,44997.0
2026-03-24 10:35:00,114.5748,114.6144,114.3172,114.4113,24518.0
2026-03-24 10:40:00,114.4113,114.4955,114.3469,114.4955,43649.0
2026-03-24 10:45:00,114.4955,114.5055,114.0993,114.2281,51687.0
2026-03-24 10:50:00,114.1983,114.8423,114.0299,114.6243,57926.0
2026-03-24 10:55:00,114.5451,114.9414,114.4757,114.7729,43154.0
2026-03-24 11:00:00,114.8225,114.9711,114.6541,114.659,21846.0
2026-03-24 11:05:00,114.6491,114.7729,114.5946,114.7135,11547.0
2026-03-24 11:10:00,114.7135,114.7878,114.6243,114.6541,17014.0
2026-03-24 11:15:00,114.6441,114.7333,114.555,114.7234,21190.0
2026-03-24 11:20:00,114.7828,114.9017,114.7234,114.9017,22637.0
2026-03-24 11:25:00,114.8625,114.877,114.7234,114.8027,22137.0
2026-03-24 11:30:00,114.7828,114.8126,114.6441,114.7779,26501.0
2026-03-24 11:35:00,114.7779,114.8918,114.7729,114.8126,14239.0
2026-03-24 11:40:00,114.8621,114.8671,114.7234,114.7729,18592.0
2026-03-24 11:45:00,114.763,114.763,114.4361,114.6281,40313.0
2026-03-24 11:50:00,114.6194,114.7531,114.555,114.5847,21578.0
2026-03-24 11:55:00,114.5451,114.5451,114.2578,114.2875,21363.0
2026-03-24 12:00:00,114.2776,114.3568,114.1488,114.1488,23166.0
2026-03-24 12:05:00,114.1191,114.2181,114.0695,114.1587,27908.0
2026-03-24 12:10:00,114.1835,114.1835,114.02,114.0398,18505.0
2026-03-24 12:15:00,114.0497,114.129,113.9556,113.9952,24784.0
2026-03-24 12:20:00,113.9804,114.2081,113.9408,114.2081,60016.0
2026-03-24 12:25:00,114.1191,114.2078,113.8912,114.0299,58454.0
2026-03-24 12:30:00,114.0398,114.3964,114.0398,114.3073,36046.0
2026-03-24 12:35:00,114.2677,114.3271,114.0895,114.1488,18502.0
2026-03-24 12:40:00,114.124,114.3568,114.1191,114.3568,11254.0
2026-03-24 12:45:00,114.3668,114.4955,114.3172,114.3742,16973.0
2026-03-24 12:50:00,114.3866,114.4658,114.3717,114.3866,13988.0
2026-03-24 12:55:00,114.4064,114.5154,114.3271,114.5154,21342.0
2026-03-24 13:00:00,114.5253,114.6045,114.337,114.337,35017.0
2026-03-24 13:05:00,114.3123,114.337,114.1785,114.2479,29830.0
2026-03-24 13:10:00,114.257,114.2875,114.1884,114.2082,22567.0
2026-03-24 13:15:00,114.1983,114.342,114.1785,114.337,20804.0
2026-03-24 13:20:00,114.3767,114.4865,114.3668,114.4361,29469.0
2026-03-24 13:25:00,114.4064,114.5055,114.337,114.3568,43448.0
2026-03-24 13:30:00,114.3321,114.3965,114.1736,114.1736,26850.0
2026-03-24 13:35:00,114.1884,114.2578,114.0101,114.1488,51204.0
2026-03-24 13:40:00,114.124,114.2082,114.0794,114.129,15326.0
2026-03-24 13:45:00,114.124,114.337,114.0695,114.3271,21994.0
2026-03-24 13:50:00,114.2776,114.3469,113.9408,114.0299,34304.0
2026-03-24 13:55:00,113.9903,114.2082,113.9853,114.1982,20964.0
2026-03-24 14:00:00,114.1488,114.238,114.0596,114.1686,31042.0
2026-03-24 14:05:00,114.2082,114.2479,114.0002,114.0101,20052.0
2026-03-24 14:10:00,114.0398,114.0398,113.9507,113.9853,16923.0
2026-03-24 14:15:00,113.9853,114.2181,113.9408,114.1785,36035.0
2026-03-24 14:20:00,114.1884,114.2776,114.1389,114.2429,17942.0
2026-03-24 14:25:00,114.2677,114.4163,114.238,114.3767,34818.0
2026-03-24 14:30:00,114.3767,114.4658,114.2974,114.3271,25422.0
2026-03-24 14:35:00,114.3172,114.5649,114.2875,114.5649,30108.0
2026-03-24 14:40:00,114.555,114.5946,114.3469,114.446,35367.0
2026-03-24 14:45:00,114.4361,114.5154,114.4064,114.4856,18840.0
2026-03-24 14:50:00,114.4658,114.5456,114.4014,114.5456,31098.0
2026-03-24 14:55:00,114.5352,114.5451,114.4163,114.4856,26414.0
2026-03-24 15:00:00,114.4856,114.7333,114.4856,114.7135,36081.0
2026-03-24 15:05:00,114.7036,114.8373,114.664,114.8027,43270.0
2026-03-24 15:10:00,114.763,114.8819,114.7432,114.8423,36764.0
2026-03-24 15:15:00,114.8324,114.8324,114.6838,114.8027,31413.0
2026-03-24 15:20:00,114.7977,114.8225,114.7135,114.7581,32394.0
2026-03-24 15:25:00,114.7581,114.7581,114.5946,114.6541,37217.0
2026-03-24 15:30:00,114.6342,114.7333,114.5847,114.7224,47774.0
2026-03-24 15:35:00,114.7234,114.8918,114.6937,114.872,57590.0
2026-03-24 15:40:00,114.8621,114.9215,114.7135,114.7234,73122.0
2026-03-24 15:45:00,114.7135,114.8027,114.5599,114.8027,103435.0
2026-03-24 15:50:00,114.8225,114.9116,114.6045,114.7383,145508.0
2026-03-24 15:55:00,114.7135,114.8621,114.4262,114.8423,428217.0
2026-03-25 09:30:00,116.4076,116.5562,115.7835,115.9023,58070.0
2026-03-25 09:35:00,115.9122,116.0113,115.303,115.6596,52095.0
2026-03-25 09:40:00,115.6646,116.0311,115.4169,115.4169,73858.0
2026-03-25 09:45:00,115.4954,115.506,114.7928,114.7928,59208.0
2026-03-25 09:50:00,114.7557,114.8621,114.2578,114.4658,27616.0
2026-03-25 09:55:00,114.4361,114.4361,114.0596,114.2281,104379.0
2026-03-25 10:00:00,114.238,114.4856,114.0795,114.1785,54493.0
2026-03-25 10:05:00,114.1389,114.3469,113.7327,113.8565,55323.0
2026-03-25 10:10:00,113.7822,113.9209,113.6832,113.7624,45302.0
2026-03-25 10:15:00,113.8416,114.0894,113.7426,113.8813,55478.0
2026-03-25 10:20:00,113.8614,114.1191,113.6188,113.6188,57198.0
2026-03-25 10:25:00,113.6733,113.9705,113.6733,113.8863,36212.0
2026-03-25 10:30:00,113.8417,114.0101,113.7822,113.9853,52193.0
2026-03-25 10:35:00,114.0398,114.1587,113.9011,114.124,27990.0
2026-03-25 10:40:00,114.129,114.3568,113.8813,114.3073,60940.0
2026-03-25 10:45:00,114.3222,114.4954,114.2974,114.4262,23400.0
2026-03-25 10:50:00,114.5055,114.7234,114.5055,114.6541,17047.0
2026-03-25 10:55:00,114.6491,114.6739,114.3668,114.3767,16312.0
2026-03-25 11:00:00,114.4658,114.4757,114.3568,114.446,18588.0
2026-03-25 11:05:00,114.4559,114.4856,114.2231,114.2974,22540.0
2026-03-25 11:10:00,114.342,114.4658,114.2677,114.4658,19117.0
2026-03-25 11:15:00,114.4658,114.6739,114.1488,114.664,105460.0
2026-03-25 11:20:00,114.7135,114.7531,114.5055,114.6045,17139.0
2026-03-25 11:25:00,114.5847,114.9859,114.5253,114.9859,31051.0
2026-03-25 11:30:00,114.9859,115.1296,114.9017,115.1098,37387.0
2026-03-25 11:35:00,115.0702,115.1692,115.0305,115.0949,29619.0
2026-03-25 11:40:00,115.09,115.0949,114.8076,114.8621,12986.0
2026-03-25 11:45:00,114.8671,115.2287,114.8671,115.1791,19661.0
2026-03-25 11:50:00,115.2287,115.3178,114.9612,115.0058,25777.0
2026-03-25 11:55:00,115.0157,115.0935,114.9227,115.0751,19671.0
2026-03-25 12:00:00,115.0355,115.1296,114.9909,115.0602,17468.0
2026-03-25 12:05:00,115.0652,115.1296,114.9612,114.981,11978.0
2026-03-25 12:10:00,114.9414,114.9909,114.8324,114.872,18462.0
2026-03-25 12:15:00,114.8918,114.9612,114.8621,114.9612,12493.0
2026-03-25 12:20:00,114.9859,115.1841,114.9513,115.1692,24228.0
2026-03-25 12:25:00,115.1742,115.2485,115.0405,115.09,28815.0
2026-03-25 12:30:00,115.09,115.2683,115.0404,115.2435,20287.0
2026-03-25 12:35:00,115.298,115.3674,115.2287,115.2683,25009.0
2026-03-25 12:40:00,115.2584,115.2782,114.7036,114.7729,46454.0
2026-03-25 12:45:00,114.7185,114.8522,114.664,114.7383,23483.0
2026-03-25 12:50:00,114.7284,114.7928,114.5649,114.7829,12395.0
2026-03-25 12:55:00,114.8027,114.8918,114.5748,114.664,12648.0
2026-03-25 13:00:00,114.7036,114.763,114.5946,114.6441,13725.0
2026-03-25 13:05:00,114.6144,114.7234,114.5847,114.6739,9520.0
2026-03-25 13:10:00,114.6689,114.7135,114.6342,114.6739,16535.0
2026-03-25 13:15:00,114.664,114.7234,114.5203,114.5748,32639.0
2026-03-25 13:20:00,114.5451,114.763,114.5154,114.6144,17875.0
2026-03-25 13:25:00,114.6441,114.9017,114.6441,114.9017,14961.0
2026-03-25 13:30:00,114.9116,115.1197,114.7828,115.0702,59349.0
2026-03-25 13:35:00,115.0999,115.2633,115.0999,115.2633,37941.0
2026-03-25 13:40:00,115.2881,115.3277,115.1692,115.2683,46117.0
2026-03-25 13:45:00,115.2188,115.2881,114.9215,114.9612,29340.0
2026-03-25 13:50:00,114.9116,115.0107,114.7234,114.8373,18372.0
2026-03-25 13:55:00,114.872,115.0355,114.8324,114.9414,16230.0
2026-03-25 14:00:00,114.9017,115.0801,114.9017,115.0306,15341.0
2026-03-25 14:05:00,115.0652,115.298,115.0652,115.1989,31095.0
2026-03-25 14:10:00,115.1989,115.3475,115.1791,115.3228,19019.0
2026-03-25 14:15:00,115.3575,115.4268,115.3079,115.3178,14474.0
2026-03-25 14:20:00,115.3079,115.3971,115.3079,115.3178,12254.0
2026-03-25 14:25:00,115.3277,115.3277,115.194,115.2287,10667.0
2026-03-25 14:30:00,115.2188,115.3674,115.2188,115.3475,15652.0
2026-03-25 14:35:00,115.3872,115.5259,115.3178,115.4714,11626.0
2026-03-25 14:40:00,115.4466,115.5655,115.4268,115.4763,24346.0
2026-03-25 14:45:00,115.5061,115.5061,115.3768,115.3768,11749.0
2026-03-25 14:50:00,115.3773,115.4664,115.3773,115.4565,12606.0
2026-03-25 14:55:00,115.4524,115.4763,115.2485,115.4664,32765.0
2026-03-25 15:00:00,115.4763,115.5061,115.4071,115.4664,28824.0
2026-03-25 15:05:00,115.4962,115.516,115.4367,115.4466,14372.0
2026-03-25 15:10:00,115.4664,115.5903,115.4466,115.5358,20375.0
2026-03-25 15:15:00,115.5754,115.6547,115.4962,115.6398,30800.0
2026-03-25 15:20:00,115.6051,115.729,115.5804,115.5853,22019.0
2026-03-25 15:25:00,115.5853,115.6051,115.4862,115.4862,25525.0
2026-03-25 15:30:00,115.4763,115.5259,115.4664,115.4862,23220.0
2026-03-25 15:35:00,115.5061,115.6349,115.4565,115.615,32421.0
2026-03-25 15:40:00,115.6101,115.6448,115.5259,115.5457,37241.0
2026-03-25 15:45:00,115.5358,115.5952,115.4763,115.516,65357.0
2026-03-25 15:50:00,115.516,115.5457,115.0107,115.2138,147664.0
2026-03-25 15:55:00,115.189,115.3277,115.0503,115.3079,246386.0
2026-03-26 09:30:00,114.8027,115.189,114.6095,115.09,36814.0
2026-03-26 09:35:00,115.1098,115.5655,114.9294,115.3376,29094.0
2026-03-26 09:40:00,115.3376,116.4076,115.308,116.1896,28389.0
2026-03-26 09:45:00,116.1649,116.6156,116.1649,116.581,37267.0
2026-03-26 09:50:00,116.5958,117.0119,116.5513,116.9228,40792.0
2026-03-26 09:55:00,116.9624,117.2497,116.893,117.2497,33628.0
2026-03-26 10:00:00,117.1704,117.2497,116.6454,116.6454,37151.0
2026-03-26 10:05:00,116.6751,116.8379,116.3828,116.5859,34304.0
2026-03-26 10:10:00,116.6057,116.8088,116.368,116.7246,25133.0
2026-03-26 10:15:00,116.8336,117.0119,116.8039,116.9723,38207.0
2026-03-26 10:20:00,116.9525,117.0317,116.7643,116.7742,24337.0
2026-03-26 10:25:00,116.7841,116.8386,116.5958,116.8138,22872.0
2026-03-26 10:30:00,116.8039,117.1209,116.8039,116.9673,34905.0
2026-03-26 10:35:00,116.9673,117.1208,116.9129,117.0218,27815.0
2026-03-26 10:40:00,117.0813,117.2398,116.9376,117.0615,62767.0
2026-03-26 10:45:00,117.0417,117.2497,117.0317,117.0417,27280.0
2026-03-26 10:50:00,117.0813,117.1308,116.9822,117.002,22006.0
2026-03-26 10:55:00,116.903,117.2001,116.8534,117.0516,23397.0
2026-03-26 11:00:00,117.116,117.116,116.9328,116.9723,16903.0
2026-03-26 11:05:00,116.9327,117.0417,116.7643,116.7643,40566.0
2026-03-26 11:10:00,116.7748,117.1308,116.6057,116.9872,62012.0
2026-03-26 11:15:00,116.9773,117.0119,116.903,116.9773,18852.0
2026-03-26 11:20:00,116.9525,116.9921,116.6553,116.7197,25715.0
2026-03-26 11:25:00,116.7345,116.7345,116.4571,116.5166,26195.0
2026-03-26 11:30:00,116.4472,116.581,116.2491,116.581,22707.0
2026-03-26 11:35:00,116.5172,116.6305,116.4274,116.4423,15510.0
2026-03-26 11:40:00,116.4324,116.5067,116.2194,116.3482,22047.0
2026-03-26 11:45:00,116.363,116.4175,116.2095,116.2491,23525.0
2026-03-26 11:50:00,116.2491,116.3779,116.1996,116.3283,20343.0
2026-03-26 11:55:00,116.2887,116.3581,116.1401,116.254,19725.0
2026-03-26 12:00:00,116.254,116.2937,116.1896,116.2689,22584.0
2026-03-26 12:05:00,116.2689,116.3779,116.2194,116.3729,21628.0
2026-03-26 12:10:00,116.3878,116.4804,116.2739,116.4804,28476.0
2026-03-26 12:15:00,116.4472,116.5066,116.1104,116.1649,19714.0
2026-03-26 12:20:00,116.1896,116.259,116.1698,116.1698,9367.0
2026-03-26 12:25:00,116.2777,116.2777,116.0509,116.0757,30899.0
2026-03-26 12:30:00,116.0509,116.1233,116.0212,116.0906,18799.0
2026-03-26 12:35:00,116.1104,116.2193,116.1054,116.1847,20122.0
2026-03-26 12:40:00,116.1797,116.2986,116.1797,116.259,11428.0
2026-03-26 12:45:00,116.2887,116.4175,116.2887,116.3927,13382.0
2026-03-26 12:50:00,116.3878,116.4126,116.259,116.3135,16880.0
2026-03-26 12:55:00,116.3135,116.4571,116.2392,116.4522,11733.0
2026-03-26 13:00:00,116.4522,116.5165,116.3581,116.363,23171.0
2026-03-26 13:05:00,116.368,116.4527,116.3085,116.3581,10403.0
2026-03-26 13:10:00,116.3085,116.3085,116.1599,116.1599,12704.0
2026-03-26 13:15:00,116.1698,116.2144,116.1302,116.1996,11769.0
2026-03-26 13:20:00,116.2045,116.2139,116.0708,116.0906,13899.0
2026-03-26 13:25:00,116.0807,116.0906,115.9122,116.022,27153.0
2026-03-26 13:30:00,116.0509,116.0807,115.9222,116.0509,19174.0
2026-03-26 13:35:00,116.0559,116.0807,115.9618,116.0014,20650.0
2026-03-26 13:40:00,115.9816,115.9816,115.615,115.6695,47305.0
2026-03-26 13:45:00,115.6893,115.9915,115.6893,115.8825,60182.0
2026-03-26 13:50:00,115.833,115.9022,115.6349,115.7835,54099.0
2026-03-26 13:55:00,115.7141,115.7835,115.6646,115.7042,22097.0
2026-03-26 14:00:00,115.7092,115.7587,115.6548,115.7141,14527.0
2026-03-26 14:05:00,115.7191,115.7339,115.5952,115.6547,16353.0
2026-03-26 14:10:00,115.6646,115.6646,115.4169,115.5952,16063.0
2026-03-26 14:15:00,115.6101,115.724,115.5853,115.6695,22454.0
2026-03-26 14:20:00,115.6695,115.6695,115.4763,115.516,18823.0
2026-03-26 14:25:00,115.5556,115.8132,115.5358,115.7636,65767.0
2026-03-26 14:30:00,115.7835,115.7884,115.6844,115.7339,11532.0
2026-03-26 14:35:00,115.7537,115.8231,115.7141,115.7769,12464.0
2026-03-26 14:40:00,115.833,115.9023,115.7835,115.8677,10738.0
2026-03-26 14:45:00,115.8677,115.8677,115.6349,115.6349,18736.0
2026-03-26 14:50:00,115.615,115.6745,115.4664,115.5259,27691.0
2026-03-26 14:55:00,115.5061,115.6646,115.4862,115.6249,19452.0
2026-03-26 15:00:00,115.615,115.6943,115.4169,115.4169,32011.0
2026-03-26 15:05:00,115.4169,115.4862,115.2485,115.3277,25726.0
2026-03-26 15:10:00,115.3525,115.3822,115.2287,115.3475,17478.0
2026-03-26 15:15:00,115.3773,115.4862,115.3674,115.4763,22486.0
2026-03-26 15:20:00,115.4565,115.5061,115.298,115.3475,30845.0
2026-03-26 15:25:00,115.3426,115.4466,115.3376,115.4318,29107.0
2026-03-26 15:30:00,115.4268,115.5259,115.3872,115.4862,24490.0
2026-03-26 15:35:00,115.4962,115.5853,115.4268,115.4466,36518.0
2026-03-26 15:40:00,115.4565,115.5952,115.4565,115.5209,30229.0
2026-03-26 15:45:00,115.516,115.724,115.4862,115.724,53103.0
2026-03-26 15:50:00,115.724,115.7835,115.5259,115.5259,97383.0
2026-03-26 15:55:00,115.5061,115.9519,115.5061,115.9023,378148.0
2026-03-27 09:30:00,116.0113,116.5958,115.4169,116.0014,101101.0
2026-03-27 09:35:00,116.0559,116.6355,116.0559,116.4522,66200.0
2026-03-27 09:40:00,116.4571,117.002,116.1302,116.8732,81959.0
2026-03-27 09:45:00,116.9129,117.5172,116.8336,117.4478,97449.0
2026-03-27 09:50:00,117.4033,117.428,117.0218,117.22,56241.0
2026-03-27 09:55:00,117.2794,117.6262,117.1308,117.1903,68842.0
2026-03-27 10:00:00,117.1655,117.5519,117.0417,117.3537,33783.0
2026-03-27 10:05:00,117.22,117.5667,117.0912,117.2497,48101.0
2026-03-27 10:10:00,117.2497,117.6856,117.2497,117.6212,127779.0
2026-03-27 10:15:00,117.6856,118.072,117.6856,118.0076,62390.0
2026-03-27 10:20:00,118.0423,118.1859,117.8541,118.1116,56111.0
2026-03-27 10:25:00,118.1314,118.28,117.9085,117.9382,46215.0
2026-03-27 10:30:00,117.9382,118.389,117.9234,118.3692,58040.0
2026-03-27 10:35:00,118.3048,118.6367,118.2602,118.5772,117494.0
2026-03-27 10:40:00,118.6169,118.9834,118.4484,118.8992,155093.0
2026-03-27 10:45:00,118.9141,119.1419,118.815,119.1221,79690.0
2026-03-27 10:50:00,119.0924,119.3697,119.0429,119.2361,85785.0
2026-03-27 10:55:00,119.2509,119.6274,119.2509,119.4689,90224.0
2026-03-27 11:00:00,119.4689,119.4936,119.2707,119.3896,70351.0
2026-03-27 11:05:00,119.3896,119.6026,119.241,119.4045,64706.0
2026-03-27 11:10:00,119.459,119.5184,119.241,119.2658,59077.0
2026-03-27 11:15:00,119.2658,119.3005,118.9537,119.0775,65356.0
2026-03-27 11:20:00,119.033,119.6274,118.9141,119.2608,69068.0
2026-03-27 11:25:00,119.2509,119.8057,119.1865,119.6819,51479.0
2026-03-27 11:30:00,119.7215,120.0237,119.6571,120.0138,83299.0
2026-03-27 11:35:00,119.9989,120.202,119.9642,120.0336,74008.0
2026-03-27 11:40:00,120.0088,120.1326,119.771,120.0682,80477.0
2026-03-27 11:45:00,120.0732,120.2218,120.0237,120.1847,74758.0
2026-03-27 11:50:00,120.1525,120.2515,120.0435,120.1723,72986.0
2026-03-27 11:55:00,120.1326,120.1326,119.8701,120.0039,48400.0
2026-03-27 12:00:00,120.0088,120.1227,119.7661,119.984,63179.0
2026-03-27 12:05:00,119.9494,120.0039,119.7314,119.7314,44106.0
2026-03-27 12:10:00,119.776,119.8998,119.667,119.7958,70506.0
2026-03-27 12:15:00,119.8354,119.9395,119.7463,119.8057,39196.0
2026-03-27 12:20:00,119.8255,119.8305,119.4986,119.5382,51595.0
2026-03-27 12:25:00,119.4986,119.558,119.3698,119.4292,44940.0
2026-03-27 12:30:00,119.4292,119.7661,119.3698,119.6819,66516.0
2026-03-27 12:35:00,119.695,119.8354,119.5977,119.7066,74892.0
2026-03-27 12:40:00,119.6571,119.9097,119.6571,119.6769,47462.0
2026-03-27 12:45:00,119.6769,119.9345,119.6274,119.8949,47295.0
2026-03-27 12:50:00,119.8602,119.8949,119.7165,119.7463,33944.0
2026-03-27 12:55:00,119.7463,120.0336,119.7165,119.984,71981.0
2026-03-27 13:00:00,119.9246,120.1723,119.8552,120.0435,64492.0
2026-03-27 13:05:00,120.0656,120.2416,119.8256,120.0831,77306.0
2026-03-27 13:10:00,120.0831,120.1227,119.9395,120.0088,23716.0
2026-03-27 13:15:00,120.0435,120.1128,119.8949,120.0435,43285.0
2026-03-27 13:20:00,120.0406,120.1227,119.8305,120.1079,78377.0
2026-03-27 13:25:00,120.1128,120.2416,120.0435,120.0831,45995.0
2026-03-27 13:30:00,120.0831,120.2416,119.9445,120.1822,93739.0
2026-03-27 13:35:00,120.1871,120.3308,120.1525,120.2515,48857.0
2026-03-27 13:40:00,120.2317,120.2713,119.7165,119.8552,67061.0
2026-03-27 13:45:00,119.8255,119.8552,119.4986,119.5135,61501.0
2026-03-27 13:50:00,119.459,119.5184,119.3401,119.3847,53268.0
2026-03-27 13:55:00,119.3797,119.4292,118.389,118.4881,237449.0
2026-03-27 14:00:00,118.5128,118.7655,118.3494,118.6466,103706.0
2026-03-27 14:05:00,118.6862,118.7258,118.5079,118.6565,49153.0
2026-03-27 14:10:00,118.6664,118.6862,118.2503,118.3345,53076.0
2026-03-27 14:15:00,118.2899,118.4584,118.2008,118.4039,39748.0
2026-03-27 14:20:00,118.4039,118.82,118.4039,118.5525,91557.0
2026-03-27 14:25:00,118.5525,118.7754,118.4088,118.5674,47009.0
2026-03-27 14:30:00,118.5674,118.7457,118.4584,118.5822,38159.0
2026-03-27 14:35:00,118.5822,119.0627,118.5822,118.9339,49201.0
2026-03-27 14:40:00,118.8844,118.9339,118.607,118.8745,46204.0
2026-03-27 14:45:00,118.9141,119.0875,118.8348,119.0082,50854.0
2026-03-27 14:50:00,119.0627,119.0627,118.9141,118.9537,50856.0
2026-03-27 14:55:00,119.0131,119.2113,118.9636,119.1122,79278.0
2026-03-27 15:00:00,119.1419,119.1766,118.7952,118.8348,38455.0
2026-03-27 15:05:00,118.8546,118.8546,118.5475,118.5723,54057.0
2026-03-27 15:10:00,118.607,118.6565,118.5574,118.602,41037.0
2026-03-27 15:15:00,118.6169,118.6466,118.4039,118.4831,57123.0
2026-03-27 15:20:00,118.4683,118.5376,118.28,118.3098,51130.0
2026-03-27 15:25:00,118.3197,118.6961,118.2998,118.5723,77805.0
2026-03-27 15:30:00,118.5723,118.7258,118.4881,118.6367,73419.0
2026-03-27 15:35:00,118.6862,118.6862,118.4385,118.4831,55250.0
2026-03-27 15:40:00,118.5079,118.5079,118.2206,118.2998,61101.0
2026-03-27 15:45:00,118.3073,118.5228,118.0522,118.5228,101049.0
2026-03-27 15:50:00,118.5475,118.5673,118.2008,118.4732,187619.0
2026-03-27 15:55:00,118.4881,118.7655,118.3098,118.6862,534295.0
2026-03-30 09:30:00,119.0032,120.3704,118.9933,119.9395,96519.0
2026-03-30 09:35:00,120.0633,120.2614,119.8552,119.9791,55423.0
2026-03-30 09:40:00,119.9705,119.9705,118.8447,119.1023,67148.0
2026-03-30 09:45:00,119.1023,119.4391,118.6219,118.706,34703.0
2026-03-30 09:50:00,118.7258,119.033,118.7258,118.7491,28727.0
2026-03-30 09:55:00,118.8695,118.9636,118.7358,118.9636,27708.0
2026-03-30 10:00:00,118.9636,119.1419,118.8051,119.0528,40096.0
2026-03-30 10:05:00,119.0825,119.0924,118.5673,118.7209,32037.0
2026-03-30 10:10:00,118.7853,119.033,118.7308,118.815,25621.0
2026-03-30 10:15:00,118.82,118.82,118.2899,118.7853,37985.0
2026-03-30 10:20:00,118.7952,118.8546,118.3198,118.7557,40451.0
2026-03-30 10:25:00,118.7755,118.8348,118.4831,118.5772,12862.0
2026-03-30 10:30:00,118.5772,118.7556,118.4893,118.7294,60105.0
2026-03-30 10:35:00,118.7605,118.9537,118.6466,118.8645,53671.0
2026-03-30 10:40:00,118.8398,118.8844,118.2553,118.2553,44905.0
2026-03-30 10:45:00,118.2553,118.8839,118.1611,118.6763,50353.0
2026-03-30 10:50:00,118.6763,118.7853,118.5971,118.7209,29377.0
2026-03-30 10:55:00,118.706,119.0627,118.6416,118.9636,46679.0
2026-03-30 11:00:00,118.9438,119.3351,118.9438,119.2905,49880.0
2026-03-30 11:05:00,119.3302,119.3401,118.9042,118.9042,44289.0
2026-03-30 11:10:00,118.8844,119.2113,118.8596,119.1469,32470.0
2026-03-30 11:15:00,119.1122,119.1469,118.9141,118.9537,32227.0
2026-03-30 11:20:00,118.9537,119.0032,118.8695,118.8943,15091.0
2026-03-30 11:25:00,118.9042,119.0231,118.6565,118.6862,33645.0
2026-03-30 11:30:00,118.6763,119.0379,118.5624,118.9141,28923.0
2026-03-30 11:35:00,118.9141,119.0726,118.8745,118.8745,24196.0
2026-03-30 11:40:00,118.9289,119.0131,118.7556,118.8348,23762.0
2026-03-30 11:45:00,118.7853,118.7952,118.607,118.7754,16671.0
2026-03-30 11:50:00,118.7605,118.9388,118.7506,118.7655,15296.0
2026-03-30 11:55:00,118.7258,118.8447,118.6763,118.7952,13910.0
2026-03-30 12:00:00,118.7556,118.7556,118.4385,118.5079,51243.0
2026-03-30 12:05:00,118.5327,118.6565,118.4633,118.6289,22192.0
2026-03-30 12:10:00,118.6268,118.7506,118.4484,118.4881,20785.0
2026-03-30 12:15:00,118.5277,118.5377,118.2454,118.3394,23697.0
2026-03-30 12:20:00,118.3197,118.662,118.3197,118.4286,21208.0
2026-03-30 12:25:00,118.4633,118.6267,118.394,118.498,22412.0
2026-03-30 12:30:00,118.5376,118.815,118.5376,118.6868,16072.0
2026-03-30 12:35:00,118.6714,118.7457,118.5574,118.6169,15312.0
2026-03-30 12:40:00,118.5574,118.5574,118.2216,118.2998,34595.0
2026-03-30 12:45:00,118.2751,118.3296,118.2008,118.2503,30693.0
2026-03-30 12:50:00,118.2404,118.3692,118.1711,118.2206,15460.0
2026-03-30 12:55:00,118.1364,118.1364,118.0125,118.0125,19678.0
2026-03-30 13:00:00,118.0125,118.2454,117.9531,117.9729,29965.0
2026-03-30 13:05:00,117.9729,118.0819,117.9382,117.9927,21179.0
2026-03-30 13:10:00,117.9878,117.9878,117.8243,117.9036,20035.0
2026-03-30 13:15:00,117.8986,117.8986,117.646,117.6559,22255.0
2026-03-30 13:20:00,117.6856,117.6856,117.3984,117.5271,26781.0
2026-03-30 13:25:00,117.4658,117.646,117.428,117.5915,59569.0
2026-03-30 13:30:00,117.6262,117.6856,117.4974,117.5667,28578.0
2026-03-30 13:35:00,117.5915,117.7847,117.5172,117.5667,39699.0
2026-03-30 13:40:00,117.5667,117.7946,117.5667,117.7847,18556.0
2026-03-30 13:45:00,117.7896,117.8144,117.641,117.6559,115755.0
2026-03-30 13:50:00,117.6658,117.7946,117.5964,117.7351,26756.0
2026-03-30 13:55:00,117.7649,117.8342,117.6559,117.8144,21740.0
2026-03-30 14:00:00,117.8243,118.0125,117.7995,117.9779,29130.0
2026-03-30 14:05:00,117.9432,117.9878,117.8045,117.9779,23134.0
2026-03-30 14:10:00,117.9779,118.1314,117.9481,118.1215,35388.0
2026-03-30 14:15:00,118.181,118.3395,118.181,118.2503,21537.0
2026-03-30 14:20:00,118.2503,118.3197,118.1215,118.2107,32500.0
2026-03-30 14:25:00,118.1909,118.2107,117.9432,117.9481,21751.0
2026-03-30 14:30:00,117.9828,118.0423,117.9234,117.9382,26872.0
2026-03-30 14:35:00,117.9333,118.2107,117.9333,118.1017,51491.0
2026-03-30 14:40:00,118.0621,118.1017,117.8937,117.9729,27106.0
2026-03-30 14:45:00,117.9481,118.0026,117.7649,117.7748,27069.0
2026-03-30 14:50:00,117.7946,117.8441,117.745,117.745,29152.0
2026-03-30 14:55:00,117.7797,117.8738,117.755,117.8144,37256.0
2026-03-30 15:00:00,117.7847,117.8144,117.4478,117.4974,105177.0
2026-03-30 15:05:00,117.4379,117.5865,117.0615,117.1853,83251.0
2026-03-30 15:10:00,117.1605,117.2398,116.9129,117.2101,70363.0
2026-03-30 15:15:00,117.2596,117.3488,117.1605,117.1977,32817.0
2026-03-30 15:20:00,117.22,117.2299,116.9832,116.9832,60955.0
2026-03-30 15:25:00,117.002,117.0417,116.8831,116.9426,40348.0
2026-03-30 15:30:00,116.9426,117.0119,116.8435,116.8831,40323.0
2026-03-30 15:35:00,116.8831,117.1407,116.8633,117.0813,43361.0
2026-03-30 15:40:00,117.0714,117.215,117.002,117.1556,56012.0
2026-03-30 15:45:00,117.1308,117.3339,117.1308,117.1952,48992.0
2026-03-30 15:50:00,117.2101,117.4974,117.2101,117.4776,115104.0
2026-03-30 15:55:00,117.4677,117.6559,117.319,117.6262,321404.0
2026-03-31 09:30:00,118.7853,119.3104,118.3048,118.3296,49201.0
2026-03-31 09:35:00,118.3395,119.0131,118.3098,118.9834,34898.0
2026-03-31 09:40:00,118.9218,119.1221,118.6268,118.6779,58916.0
2026-03-31 09:45:00,118.7258,118.9438,118.6119,118.6961,12881.0
2026-03-31 09:50:00,118.6813,118.8348,118.5178,118.6912,17847.0
2026-03-31 09:55:00,118.6367,118.8844,118.5178,118.6515,35146.0
2026-03-31 10:00:00,118.6466,118.6862,117.9054,118.0423,33006.0
2026-03-31 10:05:00,118.1215,118.4187,117.9977,118.3791,28677.0
2026-03-31 10:10:00,118.4782,118.493,118.2602,118.2998,16152.0
2026-03-31 10:15:00,118.3197,118.3543,117.9135,118.072,21042.0
2026-03-31 10:20:00,118.0324,118.2206,117.8144,118.2206,19480.0
2026-03-31 10:25:00,118.1909,118.5525,118.1413,118.4485,12630.0
2026-03-31 10:30:00,118.6268,118.6268,118.394,118.4385,58959.0
2026-03-31 10:35:00,118.4286,118.4286,118.0621,118.1562,24759.0
2026-03-31 10:40:00,118.181,118.2403,117.8639,117.8788,19499.0
2026-03-31 10:45:00,117.9036,117.9036,117.7748,117.8045,15698.0
2026-03-31 10:50:00,117.7847,117.8937,117.6757,117.8194,38256.0
2026-03-31 10:55:00,117.8144,118.0522,117.7946,118.0026,8675.0
2026-03-31 11:00:00,118.0373,118.4584,117.9927,118.4584,15823.0
2026-03-31 11:05:00,118.4039,118.9537,118.4039,118.8051,25850.0
2026-03-31 11:10:00,118.7902,118.815,118.6515,118.815,11858.0
2026-03-31 11:15:00,118.7754,118.9339,118.7556,118.9339,13452.0
2026-03-31 11:20:00,118.8447,118.8447,118.5673,118.7159,16572.0
2026-03-31 11:25:00,118.7159,118.7159,118.498,118.6169,13093.0
2026-03-31 11:30:00,118.6763,118.6763,118.4584,118.5971,15884.0
2026-03-31 11:35:00,118.6862,118.7258,118.498,118.5228,13557.0
2026-03-31 11:40:00,118.5228,118.5871,118.4683,118.5772,12479.0
2026-03-31 11:45:00,118.5871,118.6367,118.4435,118.5971,13965.0
2026-03-31 11:50:00,118.6367,118.7605,118.4484,118.4484,14088.0
2026-03-31 11:55:00,118.5178,118.5178,118.389,118.4088,11098.0
2026-03-31 12:00:00,118.3791,118.5475,118.3048,118.5277,19571.0
2026-03-31 12:05:00,118.5277,118.6763,118.5228,118.5871,12152.0
2026-03-31 12:10:00,118.5376,118.6556,118.4385,118.6556,12134.0
2026-03-31 12:15:00,118.6565,118.6664,118.4782,118.4783,13011.0
2026-03-31 12:20:00,118.5178,118.706,118.4782,118.706,14920.0
2026-03-31 12:25:00,118.7258,118.8249,118.5971,118.6169,26568.0
2026-03-31 12:30:00,118.6515,118.6862,118.5822,118.6565,10303.0
2026-03-31 12:35:00,118.6763,119.0825,118.5773,119.0429,25311.0
2026-03-31 12:40:00,119.0726,120.2119,119.0726,119.563,104800.0
2026-03-31 12:45:00,119.4193,119.4491,118.6367,118.8844,46275.0
2026-03-31 12:50:00,118.924,119.1907,118.872,119.0676,18192.0
2026-03-31 12:55:00,119.132,119.3203,119.0528,119.2707,24131.0
2026-03-31 13:00:00,119.3104,119.3995,119.2311,119.3005,32967.0
2026-03-31 13:05:00,119.2311,119.3599,119.0775,119.0775,18321.0
2026-03-31 13:10:00,119.1518,119.1717,118.8745,119.0775,55601.0
2026-03-31 13:15:00,119.0775,119.3599,119.0775,119.3599,16518.0
2026-03-31 13:20:00,119.3104,119.3302,119.2014,119.2014,25201.0
2026-03-31 13:25:00,119.1816,119.2014,119.0528,119.1816,21528.0
2026-03-31 13:30:00,119.2014,119.2905,119.1123,119.2707,12011.0
2026-03-31 13:35:00,119.2317,119.3302,119.0429,119.1122,17507.0
2026-03-31 13:40:00,119.1221,119.2311,119.0627,119.1023,12807.0
2026-03-31 13:45:00,119.1122,119.2212,119.0825,119.2113,15247.0
2026-03-31 13:50:00,119.2014,119.5481,119.2014,119.4986,29997.0
2026-03-31 13:55:00,119.4986,119.5234,119.3648,119.4392,17738.0
2026-03-31 14:00:00,119.4689,119.5382,119.3698,119.3847,29970.0
2026-03-31 14:05:00,119.4292,119.5531,119.4154,119.5382,18062.0
2026-03-31 14:10:00,119.5382,119.5382,119.1816,119.4292,19541.0
2026-03-31 14:15:00,119.3896,119.4392,119.3054,119.3054,20228.0
2026-03-31 14:20:00,119.2905,119.2905,119.0825,119.0825,17360.0
2026-03-31 14:25:00,119.1073,119.2509,119.0835,119.2262,24636.0
2026-03-31 14:30:00,119.2311,119.2311,119.0924,119.2212,23871.0
2026-03-31 14:35:00,119.241,119.459,119.2212,119.3549,28508.0
2026-03-31 14:40:00,119.3302,119.3549,119.0528,119.1122,36103.0
2026-03-31 14:45:00,119.1419,119.1816,118.9141,118.9983,22006.0
2026-03-31 14:50:00,119.0231,119.1667,118.9884,119.028,23727.0
2026-03-31 14:55:00,119.0032,119.1816,119.0032,119.0478,23241.0
2026-03-31 15:00:00,119.0528,119.1717,119.0528,119.1518,25363.0
2026-03-31 15:05:00,119.2014,119.2707,119.1023,119.1915,21124.0
2026-03-31 15:10:00,119.1568,119.3302,119.1221,119.3104,30813.0
2026-03-31 15:15:00,119.3302,119.4193,119.241,119.3351,41909.0
2026-03-31 15:20:00,119.3401,119.4837,119.2213,119.3946,37993.0
2026-03-31 15:25:00,119.3995,119.5085,119.3401,119.3896,61346.0
2026-03-31 15:30:00,119.3995,119.5878,119.3946,119.5679,64301.0
2026-03-31 15:35:00,119.5679,119.7265,119.4887,119.563,63568.0
2026-03-31 15:40:00,119.5383,119.5828,119.4193,119.5779,62968.0
2026-03-31 15:45:00,119.5481,119.7562,119.5234,119.7562,63214.0
2026-03-31 15:50:00,119.776,119.8552,119.5481,119.6076,136038.0
2026-03-31 15:55:00,119.5977,120.0732,119.3896,119.9741,530413.0
