datetime,open,high,low,close,volume
2026-04-01 09:30:00,120.0237,120.6775,119.7463,119.8156,144265.0
2026-04-01 09:35:00,119.8652,120.2614,119.6076,119.672,21756.0
2026-04-01 09:40:00,119.5524,120.4299,119.5524,120.2912,31331.0
2026-04-01 09:45:00,120.2912,120.4794,120.202,120.2367,35296.0
2026-04-01 09:50:00,120.2367,121.0094,120.202,120.6775,56700.0
2026-04-01 09:55:00,120.6775,120.9946,120.6181,120.7568,24313.0
2026-04-01 10:00:00,120.836,120.8608,120.3011,120.4002,38735.0
2026-04-01 10:05:00,120.4843,120.5686,120.0831,120.5091,33055.0
2026-04-01 10:10:00,120.4249,120.4249,120.0682,120.1326,17204.0
2026-04-01 10:15:00,120.1426,120.2218,119.7463,119.9593,70628.0
2026-04-01 10:20:00,119.9543,120.1624,119.7364,119.8552,29603.0
2026-04-01 10:25:00,119.9741,120.1624,119.8057,120.0633,25472.0
2026-04-01 10:30:00,120.0633,120.0831,119.8156,119.8959,37283.0
2026-04-01 10:35:00,119.9642,120.1326,119.7364,119.984,27917.0
2026-04-01 10:40:00,119.9246,120.2912,119.885,120.2614,21276.0
2026-04-01 10:45:00,120.2268,120.3902,120.1624,120.3258,29211.0
2026-04-01 10:50:00,120.3357,120.3704,120.093,120.1426,29532.0
2026-04-01 10:55:00,120.1426,120.2119,119.8453,119.9295,29605.0
2026-04-01 11:00:00,119.8652,120.0732,119.8166,119.9642,18632.0
2026-04-01 11:05:00,119.9642,120.0435,119.8022,119.9692,26944.0
2026-04-01 11:10:00,119.9741,119.9741,119.6769,119.7265,28048.0
2026-04-01 11:15:00,119.7562,119.9939,119.7066,119.9939,24261.0
2026-04-01 11:20:00,119.9543,120.1624,119.885,119.8949,21180.0
2026-04-01 11:25:00,119.9097,120.1227,119.8751,120.1029,21464.0
2026-04-01 11:30:00,120.0435,120.0435,119.885,119.9246,11643.0
2026-04-01 11:35:00,119.9295,120.2713,119.9295,120.1277,21718.0
2026-04-01 11:40:00,120.1277,120.2119,119.8751,120.0832,27768.0
2026-04-01 11:45:00,120.1525,120.1525,119.9048,119.984,25621.0
2026-04-01 11:50:00,119.9989,119.9989,119.8354,119.8354,19425.0
2026-04-01 11:55:00,119.8354,119.8453,119.7364,119.7661,19216.0
2026-04-01 12:00:00,119.776,119.7958,119.6472,119.6472,19270.0
2026-04-01 12:05:00,119.6621,119.7809,119.6076,119.7661,27749.0
2026-04-01 12:10:00,119.7562,119.8453,119.7017,119.776,19173.0
2026-04-01 12:15:00,119.7611,119.8255,119.7364,119.776,11501.0
2026-04-01 12:20:00,119.7958,119.7958,119.5878,119.6571,12358.0
2026-04-01 12:25:00,119.6422,119.6472,119.5779,119.6175,13772.0
2026-04-01 12:30:00,119.6224,119.8255,119.6224,119.7958,24065.0
2026-04-01 12:35:00,119.7958,119.984,119.7958,119.9494,16047.0
2026-04-01 12:40:00,119.9444,120.0831,119.9345,120.0484,22747.0
2026-04-01 12:45:00,120.0435,120.1525,119.9667,120.093,22471.0
2026-04-01 12:50:00,120.0881,120.093,119.8751,119.9692,41987.0
2026-04-01 12:55:00,119.9642,120.0534,119.9147,119.9295,17235.0
2026-04-01 13:00:00,119.8751,119.9741,119.8418,119.9395,23754.0
2026-04-01 13:05:00,119.9642,120.0138,119.9048,119.9494,14489.0
2026-04-01 13:10:00,119.9494,120.0237,119.9147,119.9642,17959.0
2026-04-01 13:15:00,120.0039,120.0039,119.9147,119.9642,14450.0
2026-04-01 13:20:00,119.9444,119.9939,119.6868,119.7859,16777.0
2026-04-01 13:25:00,119.7611,119.8255,119.7562,119.8107,23158.0
2026-04-01 13:30:00,119.8107,119.885,119.776,119.8751,16366.0
2026-04-01 13:35:00,119.8751,119.8751,119.7562,119.8107,20615.0
2026-04-01 13:40:00,119.8453,119.9147,119.8265,119.8751,10989.0
2026-04-01 13:45:00,119.8751,120.0237,119.8552,119.9593,21589.0
2026-04-01 13:50:00,119.9593,120.1128,119.9593,119.9989,29119.0
2026-04-01 13:55:00,119.9989,119.9989,119.7562,119.7562,28505.0
2026-04-01 14:00:00,119.7859,119.9345,119.7611,119.8255,41187.0
2026-04-01 14:05:00,119.8255,119.9048,119.7562,119.8552,15824.0
2026-04-01 14:10:00,119.8552,120.0534,119.8552,119.9543,24491.0
2026-04-01 14:15:00,119.9345,120.0336,119.7761,119.8751,28903.0
2026-04-01 14:20:00,119.9048,119.9345,119.6967,119.6967,28730.0
2026-04-01 14:25:00,119.6621,119.7859,119.5878,119.6125,19055.0
2026-04-01 14:30:00,119.6175,119.7314,119.454,119.672,52348.0
2026-04-01 14:35:00,119.6274,119.7463,119.5977,119.7413,24994.0
2026-04-01 14:40:00,119.7413,119.8949,119.7072,119.7413,187709.0
2026-04-01 14:45:00,119.7413,119.8156,119.5382,119.7958,25292.0
2026-04-01 14:50:00,119.7958,119.9543,119.7655,119.8552,18955.0
2026-04-01 14:55:00,119.8354,119.885,119.7562,119.885,27018.0
2026-04-01 15:00:00,119.9147,119.9642,119.8057,119.8305,19561.0
2026-04-01 15:05:00,119.7958,119.9741,119.7909,119.9494,24232.0
2026-04-01 15:10:00,119.9494,119.9989,119.8552,119.984,33020.0
2026-04-01 15:15:00,119.9791,120.1624,119.9791,120.1029,39263.0
2026-04-01 15:20:00,120.093,120.2119,120.0881,120.1326,19494.0
2026-04-01 15:25:00,120.1624,120.2367,120.1128,120.1772,35058.0
2026-04-01 15:30:00,120.1772,120.2119,120.1227,120.1723,30777.0
2026-04-01 15:35:00,120.2069,120.2515,120.1426,120.1921,33025.0
2026-04-01 15:40:00,120.1624,120.2713,120.0385,120.1128,36118.0
2026-04-01 15:45:00,120.0465,120.1525,120.0138,120.1525,71573.0
2026-04-01 15:50:00,120.1525,120.1574,119.5587,119.5587,157962.0
2026-04-01 15:55:00,119.558,119.6274,119.2905,119.3302,426204.0
2026-04-02 09:30:00,119.1816,119.1816,118.0571,118.7358,114365.0
2026-04-02 09:35:00,118.7358,119.776,118.6664,119.6398,55243.0
2026-04-02 09:40:00,119.616,120.3803,119.4689,119.7859,74935.0
2026-04-02 09:45:00,119.7809,119.8354,119.4193,119.4392,35345.0
2026-04-02 09:50:00,119.454,119.8057,119.4292,119.6373,26803.0
2026-04-02 09:55:00,119.6868,119.8552,119.5878,119.8552,28700.0
2026-04-02 10:00:00,119.7809,119.9543,119.2757,119.2757,88501.0
2026-04-02 10:05:00,119.3104,119.3153,118.8546,119.0478,39382.0
2026-04-02 10:10:00,119.033,119.0478,118.0423,118.2206,84445.0
2026-04-02 10:15:00,118.2899,118.498,118.2206,118.3791,40788.0
2026-04-02 10:20:00,118.3543,118.5079,118.0424,118.0819,32736.0
2026-04-02 10:25:00,118.1908,118.2998,118.0571,118.2206,75296.0
2026-04-02 10:30:00,118.2602,118.5772,118.1017,118.4881,44650.0
2026-04-02 10:35:00,118.498,119.5779,118.498,118.8546,67539.0
2026-04-02 10:40:00,118.8546,118.9291,118.4088,118.5715,37474.0
2026-04-02 10:45:00,118.7209,118.815,118.2701,118.7457,29081.0
2026-04-02 10:50:00,118.8101,118.8745,118.5277,118.8745,44475.0
2026-04-02 10:55:00,118.8101,118.9636,118.7358,118.8943,27557.0
2026-04-02 11:00:00,118.8844,118.9042,118.6466,118.7853,60344.0
2026-04-02 11:05:00,118.8348,118.8645,118.7159,118.8398,32836.0
2026-04-02 11:10:00,118.8844,119.246,118.8348,119.1518,44638.0
2026-04-02 11:15:00,119.2014,119.2311,118.8547,118.9785,20540.0
2026-04-02 11:20:00,118.9042,119.1122,118.6862,119.0775,32399.0
2026-04-02 11:25:00,119.0825,119.1816,119.0131,119.0924,41568.0
2026-04-02 11:30:00,119.0727,119.1023,118.7655,118.8051,26636.0
2026-04-02 11:35:00,118.8051,119.0131,118.8051,118.9042,10539.0
2026-04-02 11:40:00,118.9537,118.9537,118.6466,118.6664,45790.0
2026-04-02 11:45:00,118.6565,118.9141,118.508,118.8051,59800.0
2026-04-02 11:50:00,118.7853,119.0825,118.7457,119.0825,26742.0
2026-04-02 11:55:00,119.028,119.1816,118.9636,119.0379,24097.0
2026-04-02 12:00:00,119.0726,119.2311,118.924,119.1518,17213.0
2026-04-02 12:05:00,119.2212,119.3005,118.8745,119.0627,20004.0
2026-04-02 12:10:00,119.0726,119.2311,118.9388,119.1419,16214.0
2026-04-02 12:15:00,119.1221,119.241,118.9735,118.9735,18973.0
2026-04-02 12:20:00,119.033,119.1419,118.9686,119.0429,15906.0
2026-04-02 12:25:00,119.1023,119.2311,118.924,119.2311,20734.0
2026-04-02 12:30:00,119.2212,119.5679,119.1419,119.4713,26886.0
2026-04-02 12:35:00,119.5481,119.6274,119.4491,119.5432,29639.0
2026-04-02 12:40:00,119.5432,119.7562,119.5333,119.6621,31717.0
2026-04-02 12:45:00,119.667,119.7859,119.5779,119.6769,22978.0
2026-04-02 12:50:00,119.7265,119.7661,119.5862,119.6175,18561.0
2026-04-02 12:55:00,119.6175,119.6967,119.3599,119.3896,20194.0
2026-04-02 13:00:00,119.3698,119.4292,119.2757,119.3896,18493.0
2026-04-02 13:05:00,119.4045,119.4887,119.2955,119.3599,22755.0
2026-04-02 13:10:00,119.3302,119.3995,119.2509,119.3104,15378.0
2026-04-02 13:15:00,119.35,119.3896,119.241,119.241,23148.0
2026-04-02 13:20:00,119.2509,119.3104,119.2014,119.2608,25712.0
2026-04-02 13:25:00,119.3104,119.3896,119.2312,119.3302,23773.0
2026-04-02 13:30:00,119.35,119.4193,119.2905,119.397,25249.0
2026-04-02 13:35:00,119.3946,119.4292,119.3203,119.4094,36152.0
2026-04-02 13:40:00,119.4094,119.459,119.2509,119.3698,33082.0
2026-04-02 13:45:00,119.3797,119.3797,119.1263,119.1419,18203.0
2026-04-02 13:50:00,119.2311,119.3104,119.1717,119.2113,24995.0
2026-04-02 13:55:00,119.2806,119.3203,119.0627,119.0751,60050.0
2026-04-02 14:00:00,119.0676,119.0825,118.7556,118.8546,53170.0
2026-04-02 14:05:00,118.8844,118.924,118.7853,118.8745,12752.0
2026-04-02 14:10:00,118.8745,119.0429,118.7952,118.8447,14450.0
2026-04-02 14:15:00,118.8546,119.1023,118.8249,119.0528,17927.0
2026-04-02 14:20:00,119.0528,119.0627,118.9042,119.0231,16103.0
2026-04-02 14:25:00,118.9636,119.0082,118.8447,118.9686,31762.0
2026-04-02 14:30:00,118.9537,119.1518,118.9448,119.1122,33882.0
2026-04-02 14:35:00,119.1618,119.2311,119.0875,119.1965,13103.0
2026-04-02 14:40:00,119.1964,119.4292,119.1717,119.3005,29326.0
2026-04-02 14:45:00,119.2955,119.4193,119.2707,119.4193,21365.0
2026-04-02 14:50:00,119.3946,119.5085,119.3599,119.36,19418.0
2026-04-02 14:55:00,119.3797,119.3989,119.1816,119.2559,32994.0
2026-04-02 15:00:00,119.2311,119.4094,119.0924,119.1221,76682.0
2026-04-02 15:05:00,119.1717,119.1865,119.0528,119.0974,36698.0
2026-04-02 15:10:00,119.0974,119.2757,119.0032,119.2014,52591.0
2026-04-02 15:15:00,119.2212,119.3797,119.1915,119.3698,28678.0
2026-04-02 15:20:00,119.345,119.4292,119.3005,119.3797,29133.0
2026-04-02 15:25:00,119.3896,119.4837,119.3698,119.4689,36026.0
2026-04-02 15:30:00,119.4491,119.5283,119.4193,119.4342,37511.0
2026-04-02 15:35:00,119.4491,119.558,119.3896,119.4788,57929.0
2026-04-02 15:40:00,119.4689,119.5828,119.4689,119.5085,49739.0
2026-04-02 15:45:00,119.5035,119.6274,119.4144,119.558,80619.0
2026-04-02 15:50:00,119.5283,119.5382,119.1717,119.5184,206366.0
2026-04-02 15:55:00,119.5184,119.5333,119.241,119.3698,339895.0
2026-04-06 09:30:00,119.3797,120.2712,119.3104,120.2515,76474.0
2026-04-06 09:35:00,120.1426,120.6082,119.9246,120.1624,41100.0
2026-04-06 09:40:00,120.1624,120.5586,119.8751,119.9246,44848.0
2026-04-06 09:45:00,119.8998,120.3011,119.8998,120.1376,52000.0
2026-04-06 09:50:00,120.1426,120.6032,120.1029,120.4497,56960.0
2026-04-06 09:55:00,120.4398,120.7469,120.2912,120.7023,27089.0
2026-04-06 10:00:00,120.6874,121.0936,120.4398,120.4398,52103.0
2026-04-06 10:05:00,120.3605,120.6775,120.1624,120.6775,37984.0
2026-04-06 10:10:00,120.6082,120.8608,120.4992,120.8063,36820.0
2026-04-06 10:15:00,120.8113,120.9054,120.5389,120.7221,27421.0
2026-04-06 10:20:00,120.7865,120.8955,120.5983,120.8658,40201.0
2026-04-06 10:25:00,120.9351,120.9549,120.8073,120.836,22035.0
2026-04-06 10:30:00,120.8658,120.945,120.519,120.6874,27900.0
2026-04-06 10:35:00,120.6924,120.732,120.2812,120.41,61550.0
2026-04-06 10:40:00,120.3803,120.6181,120.3605,120.4843,52406.0
2026-04-06 10:45:00,120.5141,120.5586,120.4001,120.4001,23243.0
2026-04-06 10:50:00,120.41,120.5983,120.3704,120.4001,28403.0
2026-04-06 10:55:00,120.4051,120.6676,120.3209,120.628,31562.0
2026-04-06 11:00:00,120.6131,120.628,120.4596,120.5042,16680.0
2026-04-06 11:05:00,120.5091,120.5686,120.4299,120.5686,19928.0
2026-04-06 11:10:00,120.5586,120.6429,120.519,120.628,25905.0
2026-04-06 11:15:00,120.628,120.6676,120.5409,120.5785,25893.0
2026-04-06 11:20:00,120.5735,120.6404,120.5487,120.6181,20547.0
2026-04-06 11:25:00,120.6032,120.6181,120.519,120.5785,27277.0
2026-04-06 11:30:00,120.5487,120.5785,120.1277,120.2119,44805.0
2026-04-06 11:35:00,120.1723,120.2416,119.8354,119.984,30427.0
2026-04-06 11:40:00,119.9642,120.1128,119.9157,120.1128,25349.0
2026-04-06 11:45:00,120.1227,120.1426,120.0039,120.0831,27932.0
2026-04-06 11:50:00,120.0831,120.2317,120.0633,120.2317,28636.0
2026-04-06 11:55:00,120.2218,120.3174,120.2169,120.2912,29072.0
2026-04-06 12:00:00,120.2713,120.301,120.197,120.202,14794.0
2026-04-06 12:05:00,120.202,120.2169,120.0336,120.1998,26978.0
2026-04-06 12:10:00,120.1871,120.2317,120.0634,120.1326,16630.0
2026-04-06 12:15:00,120.1128,120.1426,120.0732,120.1426,10803.0
2026-04-06 12:20:00,120.1525,120.2169,120.1138,120.2169,13270.0
2026-04-06 12:25:00,120.2416,120.2416,120.1029,120.1624,31984.0
2026-04-06 12:30:00,120.1426,120.1624,120.0633,120.1128,17113.0
2026-04-06 12:35:00,120.1029,120.1426,120.0336,120.098,12999.0
2026-04-06 12:40:00,120.1128,120.2416,120.0831,120.2119,16869.0
2026-04-06 12:45:00,120.2119,120.2912,120.1624,120.2912,18130.0
2026-04-06 12:50:00,120.2614,120.3605,120.1475,120.202,44884.0
2026-04-06 12:55:00,120.1724,120.2515,120.0831,120.2515,23706.0
2026-04-06 13:00:00,120.2812,120.2912,120.1733,120.2218,21522.0
2026-04-06 13:05:00,120.2258,120.3208,120.1624,120.2515,20211.0
2026-04-06 13:10:00,120.2515,120.2515,119.9939,120.0296,26107.0
2026-04-06 13:15:00,120.0831,120.1723,120.0534,120.1029,11511.0
2026-04-06 13:20:00,120.1029,120.3209,120.1029,120.311,11082.0
2026-04-06 13:25:00,120.3258,120.3308,120.2713,120.306,15442.0
2026-04-06 13:30:00,120.2822,120.4299,120.2713,120.3209,24072.0
2026-04-06 13:35:00,120.3506,120.4893,120.2664,120.3408,23172.0
2026-04-06 13:40:00,120.311,120.41,120.311,120.41,15562.0
2026-04-06 13:45:00,120.4001,120.4001,120.311,120.3853,16013.0
2026-04-06 13:50:00,120.3605,120.4497,120.3506,120.3516,15883.0
2026-04-06 13:55:00,120.3902,120.4199,120.3209,120.3704,10774.0
2026-04-06 14:00:00,120.3754,120.4001,120.2416,120.3704,46266.0
2026-04-06 14:05:00,120.3407,120.4177,120.2218,120.4177,18040.0
2026-04-06 14:10:00,120.3803,120.5586,120.3612,120.4992,21030.0
2026-04-06 14:15:00,120.4992,120.628,120.4992,120.5636,16321.0
2026-04-06 14:20:00,120.5636,120.6082,120.4992,120.5686,19919.0
2026-04-06 14:25:00,120.5289,120.6577,120.5001,120.6082,18150.0
2026-04-06 14:30:00,120.6082,120.7271,120.5289,120.5438,20335.0
2026-04-06 14:35:00,120.519,120.5735,120.4992,120.5487,12495.0
2026-04-06 14:40:00,120.519,120.6082,120.519,120.6032,16209.0
2026-04-06 14:45:00,120.623,120.7469,120.623,120.6973,26668.0
2026-04-06 14:50:00,120.7073,120.7221,120.6181,120.6627,19947.0
2026-04-06 14:55:00,120.6627,120.8063,120.6478,120.7667,20928.0
2026-04-06 15:00:00,120.7568,120.8162,120.7469,120.7915,23856.0
2026-04-06 15:05:00,120.7865,120.8162,120.737,120.8162,24629.0
2026-04-06 15:10:00,120.7865,120.8559,120.7667,120.8162,42383.0
2026-04-06 15:15:00,120.8261,120.8261,120.7568,120.8162,22767.0
2026-04-06 15:20:00,120.8261,120.8261,120.7865,120.8113,20354.0
2026-04-06 15:25:00,120.8162,120.945,120.8063,120.9252,70581.0
2026-04-06 15:30:00,120.9054,121.0145,120.8955,120.9846,47706.0
2026-04-06 15:35:00,120.9797,121.0292,120.9153,120.9351,54062.0
2026-04-06 15:40:00,120.9549,121.0441,120.8856,121.0292,48791.0
2026-04-06 15:45:00,121.0144,121.1927,120.9846,121.1729,85140.0
2026-04-06 15:50:00,121.1877,121.3116,121.1432,121.3017,143918.0
2026-04-06 15:55:00,121.3017,121.3042,121.0342,121.0738,449931.0
2026-04-07 09:30:00,121.163,121.7673,120.3407,120.6676,87769.0
2026-04-07 09:35:00,120.5785,120.6379,119.959,119.9939,51605.0
2026-04-07 09:40:00,120.0076,120.0076,118.9339,119.2658,48094.0
2026-04-07 09:45:00,119.2658,119.5184,118.8645,119.3005,94902.0
2026-04-07 09:50:00,119.2212,119.5679,119.1816,119.4639,37647.0
2026-04-07 09:55:00,119.5382,119.5977,119.2311,119.241,20806.0
2026-04-07 10:00:00,119.2014,119.4144,119.0181,119.1518,50769.0
2026-04-07 10:05:00,119.0924,119.1618,118.7655,118.9735,40821.0
2026-04-07 10:10:00,118.9339,119.1023,118.7011,118.7803,56692.0
2026-04-07 10:15:00,118.7258,118.9141,118.7258,118.8645,21493.0
2026-04-07 10:20:00,118.8844,119.132,118.6565,118.8546,28010.0
2026-04-07 10:25:00,118.8596,118.924,118.7359,118.815,14753.0
2026-04-07 10:30:00,118.8844,119.2014,118.8546,118.919,26591.0
2026-04-07 10:35:00,118.9537,119.0528,118.8051,118.8052,14293.0
2026-04-07 10:40:00,118.8645,118.8645,118.3395,118.5277,43173.0
2026-04-07 10:45:00,118.498,118.5277,118.1017,118.1017,46096.0
2026-04-07 10:50:00,118.0918,118.1611,117.9531,118.0373,27873.0
2026-04-07 10:55:00,118.072,118.1017,117.9567,117.9927,22001.0
2026-04-07 11:00:00,117.9977,118.0522,117.7153,117.7153,23093.0
2026-04-07 11:05:00,117.7203,118.0224,117.6163,117.7748,26445.0
2026-04-07 11:10:00,117.8342,117.9135,117.7896,117.7896,15676.0
2026-04-07 11:15:00,117.7748,118.0522,117.6163,118.0274,24795.0
2026-04-07 11:20:00,118.072,118.1116,117.8045,117.8144,21678.0
2026-04-07 11:25:00,117.8194,118.1166,117.8144,118.1166,20491.0
2026-04-07 11:30:00,118.0918,118.3395,117.9531,118.2305,23426.0
2026-04-07 11:35:00,118.2354,118.3692,118.0967,118.1017,24643.0
2026-04-07 11:40:00,118.1116,118.1116,117.9036,117.9729,21904.0
2026-04-07 11:45:00,117.963,117.9927,117.6955,117.7153,17490.0
2026-04-07 11:50:00,117.6955,117.7946,117.6955,117.7302,17635.0
2026-04-07 11:55:00,117.7054,117.8837,117.6262,117.7252,29803.0
2026-04-07 12:00:00,117.755,118.3197,117.7054,118.0571,56808.0
2026-04-07 12:05:00,118.0621,118.1413,117.9333,117.9729,17495.0
2026-04-07 12:10:00,117.9432,118.3048,117.9432,118.2899,20121.0
2026-04-07 12:15:00,118.2602,118.2701,118.1117,118.1611,15188.0
2026-04-07 12:20:00,118.1116,118.3197,118.1116,118.2305,24251.0
2026-04-07 12:25:00,118.2107,118.3098,118.1995,118.2602,15903.0
2026-04-07 12:30:00,118.2602,118.4217,118.2008,118.4088,17893.0
2026-04-07 12:35:00,118.4286,118.4286,118.28,118.3494,26172.0
2026-04-07 12:40:00,118.34,118.3692,118.2404,118.3296,20202.0
2026-04-07 12:45:00,118.3147,118.4881,118.3147,118.3989,22183.0
2026-04-07 12:50:00,118.4187,118.5971,118.3965,118.5327,22436.0
2026-04-07 12:55:00,118.5277,118.6268,118.4683,118.5178,23558.0
2026-04-07 13:00:00,118.5079,118.706,118.3989,118.6268,29650.0
2026-04-07 13:05:00,118.6218,118.6317,118.5178,118.5871,14981.0
2026-04-07 13:10:00,118.5624,118.7159,118.5277,118.6961,17887.0
2026-04-07 13:15:00,118.6664,118.6664,118.5178,118.5178,10580.0
2026-04-07 13:20:00,118.5079,118.5228,118.3494,118.3989,30032.0
2026-04-07 13:25:00,118.3692,118.4584,118.2899,118.3395,23798.0
2026-04-07 13:30:00,118.3098,118.6368,118.2503,118.498,34304.0
2026-04-07 13:35:00,118.493,118.8051,118.4782,118.4782,57300.0
2026-04-07 13:40:00,118.4135,118.5079,118.3543,118.4782,15535.0
2026-04-07 13:45:00,118.4732,118.4732,118.3494,118.4187,19952.0
2026-04-07 13:50:00,118.4088,118.498,118.3594,118.3594,14179.0
2026-04-07 13:55:00,118.389,118.4385,118.3048,118.3494,30552.0
2026-04-07 14:00:00,118.3494,118.3989,118.2305,118.3098,20437.0
2026-04-07 14:05:00,118.3098,118.5079,118.2008,118.4286,29240.0
2026-04-07 14:10:00,118.4435,118.4782,118.3692,118.4187,13684.0
2026-04-07 14:15:00,118.4484,118.5426,118.4435,118.498,13825.0
2026-04-07 14:20:00,118.5079,118.5525,118.3791,118.4286,20816.0
2026-04-07 14:25:00,118.4881,118.5277,118.4385,118.4782,13603.0
2026-04-07 14:30:00,118.4683,118.4782,118.3197,118.3791,23616.0
2026-04-07 14:35:00,118.3692,118.4088,118.3098,118.3395,11466.0
2026-04-07 14:40:00,118.3494,118.3494,118.2008,118.2899,18087.0
2026-04-07 14:45:00,118.2107,118.2553,118.067,118.0819,21763.0
2026-04-07 14:50:00,118.1017,118.1017,117.8342,117.8639,35646.0
2026-04-07 14:55:00,117.745,117.8243,117.6955,117.7946,21783.0
2026-04-07 15:00:00,117.7946,117.8342,117.7054,117.755,20534.0
2026-04-07 15:05:00,117.7302,117.7302,117.5073,117.5915,35544.0
2026-04-07 15:10:00,117.6163,117.6954,117.5271,117.6658,33410.0
2026-04-07 15:15:00,117.6757,118.28,117.646,118.2701,34229.0
2026-04-07 15:20:00,118.2255,118.4039,118.1265,118.3197,31219.0
2026-04-07 15:25:00,118.3395,118.4286,118.2899,118.3692,28545.0
2026-04-07 15:30:00,118.3692,118.3791,118.1413,118.1413,31728.0
2026-04-07 15:35:00,118.1314,118.1314,117.9977,117.9977,31036.0
2026-04-07 15:40:00,118.0224,118.2701,117.9729,118.181,81004.0
2026-04-07 15:45:00,118.1611,118.706,118.1116,118.389,102280.0
2026-04-07 15:50:00,118.4683,118.5624,118.3048,118.3543,104170.0
2026-04-07 15:55:00,118.3692,118.4782,118.28,118.4187,390591.0
2026-04-08 09:30:00,119.4491,121.1432,118.8844,121.1432,126771.0
2026-04-08 09:35:00,120.9846,121.589,120.8162,121.1085,97517.0
2026-04-08 09:40:00,121.1828,121.9555,120.9648,121.8763,77821.0
2026-04-08 09:45:00,121.8713,122.1438,121.6385,121.9554,52043.0
2026-04-08 09:50:00,121.8565,122.015,121.4503,121.7277,63418.0
2026-04-08 09:55:00,121.8069,121.8961,121.6385,121.8466,35365.0
2026-04-08 10:00:00,121.8267,122.1834,121.8267,121.8466,51078.0
2026-04-08 10:05:00,121.8466,121.8713,121.2472,121.3116,64059.0
2026-04-08 10:10:00,121.2422,121.3611,120.9549,121.272,58858.0
2026-04-08 10:15:00,121.163,121.4503,120.7766,120.8955,42844.0
2026-04-08 10:20:00,120.9103,120.945,120.7172,120.7518,23264.0
2026-04-08 10:25:00,120.7172,120.7172,120.3209,120.4299,51379.0
2026-04-08 10:30:00,120.3803,120.4794,120.197,120.2763,25544.0
2026-04-08 10:35:00,120.202,120.3255,119.984,120.0633,34236.0
2026-04-08 10:40:00,120.1525,120.3583,120.1525,120.2119,14550.0
2026-04-08 10:45:00,120.1921,120.3011,120.0435,120.1871,17925.0
2026-04-08 10:50:00,120.1871,120.4992,120.1871,120.4199,39570.0
2026-04-08 10:55:00,120.3853,120.4744,120.2119,120.3605,29631.0
2026-04-08 11:00:00,120.3011,120.4695,120.2614,120.3308,20248.0
2026-04-08 11:05:00,120.2713,120.3407,119.9939,120.0039,23962.0
2026-04-08 11:10:00,120.0336,120.1723,120.0039,120.0881,16395.0
2026-04-08 11:15:00,120.1227,120.202,120.0237,120.0534,24051.0
2026-04-08 11:20:00,120.0435,120.2118,119.9642,120.1822,42425.0
2026-04-08 11:25:00,120.202,120.2268,120.0732,120.1326,20271.0
2026-04-08 11:30:00,120.0831,120.2812,120.0831,120.2317,20821.0
2026-04-08 11:35:00,120.2614,120.3308,120.1426,120.3308,11478.0
2026-04-08 11:40:00,120.306,120.3209,120.2069,120.2515,7865.0
2026-04-08 11:45:00,120.202,120.5091,120.1723,120.4299,19174.0
2026-04-08 11:50:00,120.4361,120.4596,120.3407,120.4596,11665.0
2026-04-08 11:55:00,120.4199,120.4596,120.3605,120.3803,11269.0
2026-04-08 12:00:00,120.4249,120.4893,120.41,120.4893,7214.0
2026-04-08 12:05:00,120.4596,120.4794,120.41,120.4407,9616.0
2026-04-08 12:10:00,120.4546,120.6131,120.3902,120.5537,21833.0
2026-04-08 12:15:00,120.5586,120.6379,120.5586,120.6082,8946.0
2026-04-08 12:20:00,120.5884,120.7158,120.5884,120.6032,10949.0
2026-04-08 12:25:00,120.6478,120.6478,120.4843,120.5933,9910.0
2026-04-08 12:30:00,120.6131,120.7073,120.5686,120.6676,16226.0
2026-04-08 12:35:00,120.5993,120.7568,120.5884,120.7568,11116.0
2026-04-08 12:40:00,120.7568,120.8063,120.7172,120.8063,12438.0
2026-04-08 12:45:00,120.7667,120.846,120.7122,120.732,14249.0
2026-04-08 12:50:00,120.7221,120.737,120.5686,120.7172,21158.0
2026-04-08 12:55:00,120.7172,120.7468,120.6726,120.7122,11444.0
2026-04-08 13:00:00,120.737,120.9054,120.732,120.7469,30555.0
2026-04-08 13:05:00,120.7172,120.7172,120.6379,120.6775,7206.0
2026-04-08 13:10:00,120.6577,120.7518,120.6577,120.7023,11099.0
2026-04-08 13:15:00,120.7271,120.7964,120.6577,120.7469,32685.0
2026-04-08 13:20:00,120.7181,120.7375,120.5983,120.5983,19481.0
2026-04-08 13:25:00,120.6181,120.6775,120.5785,120.6329,10905.0
2026-04-08 13:30:00,120.6478,120.7271,120.623,120.6874,11198.0
2026-04-08 13:35:00,120.7181,120.8261,120.6973,120.8086,17722.0
2026-04-08 13:40:00,120.7816,120.9548,120.7667,120.9548,18150.0
2026-04-08 13:45:00,120.9549,121.0243,120.9351,121.0044,11705.0
2026-04-08 13:50:00,120.9846,121.2274,120.9055,121.2274,18099.0
2026-04-08 13:55:00,121.2323,121.3215,121.1778,121.1927,23887.0
2026-04-08 14:00:00,121.1729,121.3314,121.1729,121.3116,14298.0
2026-04-08 14:05:00,121.3116,121.4502,121.2918,121.4502,29428.0
2026-04-08 14:10:00,121.4107,121.4602,121.371,121.401,17942.0
2026-04-08 14:15:00,121.4404,121.5087,121.1134,121.2224,28854.0
2026-04-08 14:20:00,121.2422,121.3314,121.054,121.0936,27592.0
2026-04-08 14:25:00,121.0936,121.2918,121.0441,121.2224,17156.0
2026-04-08 14:30:00,121.2447,121.3809,121.2323,121.3809,17741.0
2026-04-08 14:35:00,121.3611,121.3611,121.2125,121.3314,18864.0
2026-04-08 14:40:00,121.3264,121.3314,121.2224,121.2571,16598.0
2026-04-08 14:45:00,121.2571,121.2571,121.1778,121.1778,17996.0
2026-04-08 14:50:00,121.163,121.3413,121.163,121.3215,24316.0
2026-04-08 14:55:00,121.3017,121.3017,121.1333,121.1729,26544.0
2026-04-08 15:00:00,121.2125,121.3512,121.1828,121.3512,37693.0
2026-04-08 15:05:00,121.3116,121.4007,121.2472,121.262,24743.0
2026-04-08 15:10:00,121.2497,121.4602,121.2472,121.4602,34332.0
2026-04-08 15:15:00,121.4404,121.5196,121.3611,121.3983,33210.0
2026-04-08 15:20:00,121.371,121.4057,121.272,121.3215,34302.0
2026-04-08 15:25:00,121.3413,121.371,121.2521,121.267,38711.0
2026-04-08 15:30:00,121.3116,121.4701,121.262,121.3908,51004.0
2026-04-08 15:35:00,121.3908,121.5593,121.3908,121.5394,65515.0
2026-04-08 15:40:00,121.5394,121.589,121.4007,121.485,45414.0
2026-04-08 15:45:00,121.5196,121.589,121.4602,121.4949,54030.0
2026-04-08 15:50:00,121.5097,121.7277,121.5097,121.5989,141661.0
2026-04-08 15:55:00,121.5939,122.0051,121.5394,121.9754,361508.0
2026-04-09 09:30:00,121.1233,121.5791,120.6775,121.0441,92395.0
2026-04-09 09:35:00,121.059,121.059,120.3704,120.8757,37912.0
2026-04-09 09:40:00,121.0738,121.163,120.5477,120.5983,19597.0
2026-04-09 09:45:00,120.6775,120.9054,120.4893,120.4893,31452.0
2026-04-09 09:50:00,120.5884,121.059,120.4992,120.8559,19144.0
2026-04-09 09:55:00,120.8261,121.2125,120.7073,121.0936,43468.0
2026-04-09 10:00:00,121.3017,121.6484,121.2769,121.3611,38807.0
2026-04-09 10:05:00,121.2819,121.4206,121.2224,121.4156,23799.0
2026-04-09 10:10:00,121.4156,121.4156,121.0837,121.1927,69518.0
2026-04-09 10:15:00,121.1927,121.3809,121.1035,121.376,49448.0
2026-04-09 10:20:00,121.4305,121.4602,121.2323,121.371,23713.0
2026-04-09 10:25:00,121.3413,121.3413,121.1233,121.1877,26447.0
2026-04-09 10:30:00,121.1531,121.3017,121.0342,121.2422,18072.0
2026-04-09 10:35:00,121.2472,121.4057,121.1432,121.4057,18636.0
2026-04-09 10:40:00,121.3908,121.3958,121.0441,121.1184,30885.0
2026-04-09 10:45:00,121.1333,121.1976,121.0243,121.1134,14664.0
2026-04-09 10:50:00,121.1134,121.163,120.5785,120.8856,58776.0
2026-04-09 10:55:00,120.8856,121.0342,120.8559,120.9946,30449.0
2026-04-09 11:00:00,121.0045,121.0045,120.5933,120.7073,25761.0
2026-04-09 11:05:00,120.7568,121.0524,120.7568,120.9896,18376.0
2026-04-09 11:10:00,120.9896,120.9896,120.7073,120.9103,24453.0
2026-04-09 11:15:00,120.9054,120.9549,120.6874,120.7419,22741.0
2026-04-09 11:20:00,120.7073,120.7766,120.4695,120.6082,46423.0
2026-04-09 11:25:00,120.5983,120.8162,120.5983,120.8162,13777.0
2026-04-09 11:30:00,120.7667,121.0243,120.737,120.9451,18580.0
2026-04-09 11:35:00,120.945,121.0936,120.7568,120.8014,25396.0
2026-04-09 11:40:00,120.836,120.9747,120.836,120.9153,14461.0
2026-04-09 11:45:00,120.8658,120.9946,120.8261,120.945,16916.0
2026-04-09 11:50:00,120.9054,121.0541,120.8955,120.9946,14568.0
2026-04-09 11:55:00,121.0342,121.2918,120.9648,121.0144,106246.0
2026-04-09 12:00:00,121.0391,121.4007,121.0342,121.3116,18886.0
2026-04-09 12:05:00,121.2521,121.4107,121.2521,121.2819,16086.0
2026-04-09 12:10:00,121.2868,121.361,121.262,121.3314,13464.0
2026-04-09 12:15:00,121.3116,121.5196,121.2918,121.4899,15587.0
2026-04-09 12:20:00,121.48,121.5097,121.3611,121.4057,22882.0
2026-04-09 12:25:00,121.371,121.475,121.3165,121.4305,13166.0
2026-04-09 12:30:00,121.4305,121.48,121.4107,121.4651,12540.0
2026-04-09 12:35:00,121.475,121.5097,121.4206,121.4701,13404.0
2026-04-09 12:40:00,121.475,121.5972,121.4602,121.5741,16405.0
2026-04-09 12:45:00,121.5493,121.5989,121.4998,121.5791,13748.0
2026-04-09 12:50:00,121.5493,121.6484,121.5394,121.5692,15122.0
2026-04-09 12:55:00,121.6137,121.797,121.6137,121.7673,15078.0
2026-04-09 13:00:00,121.7624,121.7822,121.5989,121.6781,25328.0
2026-04-09 13:05:00,121.6781,121.8911,121.6781,121.8911,20292.0
2026-04-09 13:10:00,121.8911,121.8911,121.7475,121.8713,19975.0
2026-04-09 13:15:00,121.8713,121.9159,121.7772,121.8168,21081.0
2026-04-09 13:20:00,121.8168,121.9456,121.7871,121.8614,16808.0
2026-04-09 13:25:00,121.8565,122.0249,121.8069,121.911,43708.0
2026-04-09 13:30:00,121.911,122.0249,121.8466,122.015,18473.0
2026-04-09 13:35:00,122.0249,122.3518,122.0249,122.3023,30315.0
2026-04-09 13:40:00,122.3122,122.3271,122.0645,122.0645,31431.0
2026-04-09 13:45:00,122.0744,122.1329,122.046,122.0942,19400.0
2026-04-09 13:50:00,122.114,122.1685,122.0744,122.1537,16041.0
2026-04-09 13:55:00,122.1784,122.2329,122.1636,122.223,14956.0
2026-04-09 14:00:00,122.2131,122.2131,121.7673,121.797,46803.0
2026-04-09 14:05:00,121.8466,121.9456,121.8168,121.9308,30965.0
2026-04-09 14:10:00,121.9456,122.1635,121.9456,122.1388,71266.0
2026-04-09 14:15:00,122.1339,122.2032,122.0843,122.1834,29991.0
2026-04-09 14:20:00,122.1636,122.2775,122.1041,122.1586,50657.0
2026-04-09 14:25:00,122.1438,122.3221,122.1438,122.2874,25813.0
2026-04-09 14:30:00,122.2874,122.2874,121.8169,121.9159,70961.0
2026-04-09 14:35:00,121.9159,121.9654,121.8515,121.8515,28646.0
2026-04-09 14:40:00,121.8515,121.8961,121.7772,121.8713,18689.0
2026-04-09 14:45:00,121.8713,122.0249,121.8317,121.8812,40430.0
2026-04-09 14:50:00,121.8812,121.9258,121.8367,121.8812,11921.0
2026-04-09 14:55:00,121.8862,121.9555,121.8713,121.9555,14670.0
2026-04-09 15:00:00,121.9555,122.1438,121.9258,122.114,22545.0
2026-04-09 15:05:00,122.114,122.2726,122.1046,122.2726,25215.0
2026-04-09 15:10:00,122.2726,122.441,122.2726,122.3568,40461.0
2026-04-09 15:15:00,122.3617,122.4311,122.3617,122.4311,40630.0
2026-04-09 15:20:00,122.4014,122.6292,122.3419,122.6292,41356.0
2026-04-09 15:25:00,122.6193,122.6292,122.4311,122.4509,111642.0
2026-04-09 15:30:00,122.4806,122.6391,122.4806,122.5648,54661.0
2026-04-09 15:35:00,122.5797,122.8224,122.5301,122.6887,50781.0
2026-04-09 15:40:00,122.6887,123.0651,122.6391,122.8918,152316.0
2026-04-09 15:45:00,122.8967,123.0057,122.7976,122.867,93775.0
2026-04-09 15:50:00,122.862,123.0651,122.8472,123.0354,148693.0
2026-04-09 15:55:00,123.0255,123.0255,122.8026,122.8571,429531.0
2026-04-10 09:30:00,123.184,123.3029,122.114,122.2726,103288.0
2026-04-10 09:35:00,122.2627,122.6094,122.2131,122.4509,15432.0
2026-04-10 09:40:00,122.5206,122.5301,121.5543,121.5939,51470.0
2026-04-10 09:45:00,121.5593,121.9429,120.9946,121.8565,74915.0
2026-04-10 09:50:00,121.8812,122.0546,121.5295,121.5295,26585.0
2026-04-10 09:55:00,121.6088,121.688,121.262,121.5642,28538.0
2026-04-10 10:00:00,121.4305,121.7079,121.2522,121.4206,35234.0
2026-04-10 10:05:00,121.5196,121.7178,121.4206,121.5791,42900.0
2026-04-10 10:10:00,121.584,121.9654,121.48,121.7772,56416.0
2026-04-10 10:15:00,121.7178,121.8862,121.5791,121.6286,33040.0
2026-04-10 10:20:00,121.6752,121.8069,121.5246,121.6682,27664.0
2026-04-10 10:25:00,121.6286,121.797,121.6286,121.7277,31380.0
2026-04-10 10:30:00,121.7574,121.8418,121.5097,121.5791,32534.0
2026-04-10 10:35:00,121.5988,121.7178,120.9946,121.3463,52100.0
2026-04-10 10:40:00,121.4552,121.5692,121.1927,121.3363,39217.0
2026-04-10 10:45:00,121.3314,121.4503,121.0837,121.0837,28932.0
2026-04-10 10:50:00,121.0788,121.1333,120.8856,121.0292,40595.0
2026-04-10 10:55:00,121.0243,121.0243,120.8261,120.841,21367.0
2026-04-10 11:00:00,120.8559,120.8658,120.3308,120.8063,41014.0
2026-04-10 11:05:00,120.8063,121.0243,120.6875,120.9549,44536.0
2026-04-10 11:10:00,120.9103,121.262,120.9103,121.1184,99117.0
2026-04-10 11:15:00,121.0788,121.4651,121.0788,121.4651,40056.0
2026-04-10 11:20:00,121.48,121.5048,121.4007,121.4503,23237.0
2026-04-10 11:25:00,121.4404,121.589,121.4013,121.4998,29195.0
2026-04-10 11:30:00,121.4899,121.6187,121.3809,121.6088,23864.0
2026-04-10 11:35:00,121.5939,121.797,121.5939,121.698,19735.0
2026-04-10 11:40:00,121.6583,121.7673,121.6137,121.6682,21578.0
2026-04-10 11:45:00,121.6682,121.7574,121.5791,121.6484,20800.0
2026-04-10 11:50:00,121.6187,121.6583,121.4503,121.4701,22703.0
2026-04-10 11:55:00,121.4602,121.698,121.4602,121.5989,18692.0
2026-04-10 12:00:00,121.6385,121.7723,121.5643,121.7723,17627.0
2026-04-10 12:05:00,121.7475,121.7871,121.5702,121.6385,16935.0
2026-04-10 12:10:00,121.6038,121.6484,121.48,121.48,34746.0
2026-04-10 12:15:00,121.5791,121.5791,121.3611,121.4404,18372.0
2026-04-10 12:20:00,121.4701,121.48,121.3413,121.371,15395.0
2026-04-10 12:25:00,121.3413,121.3908,121.2918,121.3116,13125.0
2026-04-10 12:30:00,121.2868,121.4899,121.2868,121.485,15063.0
2026-04-10 12:35:00,121.485,121.5345,121.4701,121.4998,9935.0
2026-04-10 12:40:00,121.48,121.5097,121.3512,121.3562,15939.0
2026-04-10 12:45:00,121.3611,121.4552,121.2819,121.4057,22159.0
2026-04-10 12:50:00,121.4305,121.4701,121.371,121.3908,13046.0
2026-04-10 12:55:00,121.371,121.4206,121.2918,121.3215,12788.0
2026-04-10 13:00:00,121.3116,121.3116,121.1233,121.1679,15286.0
2026-04-10 13:05:00,121.1432,121.1927,121.0144,121.0243,17229.0
2026-04-10 13:10:00,121.0441,121.0441,120.8856,120.8856,26289.0
2026-04-10 13:15:00,120.8905,120.9648,120.8905,120.9252,38233.0
2026-04-10 13:20:00,120.9252,120.9549,120.7964,120.9153,18224.0
2026-04-10 13:25:00,120.8856,120.8955,120.7469,120.7766,37423.0
2026-04-10 13:30:00,120.7667,120.8856,120.6775,120.6874,25720.0
2026-04-10 13:35:00,120.7023,120.7023,120.519,120.623,18167.0
2026-04-10 13:40:00,120.623,120.623,120.3704,120.5289,80769.0
2026-04-10 13:45:00,120.5636,120.836,120.3704,120.6676,128366.0
2026-04-10 13:50:00,120.6775,120.8527,120.6775,120.8014,30178.0
2026-04-10 13:55:00,120.7776,120.7915,120.6973,120.737,18892.0
2026-04-10 14:00:00,120.7469,120.8559,120.7172,120.7271,22068.0
2026-04-10 14:05:00,120.7172,120.7568,120.628,120.6775,21328.0
2026-04-10 14:10:00,120.7023,120.7667,120.5884,120.6973,22057.0
2026-04-10 14:15:00,120.7172,120.8658,120.7172,120.854,20369.0
2026-04-10 14:20:00,120.841,120.8954,120.7865,120.8509,11587.0
2026-04-10 14:25:00,120.8658,121.0342,120.836,121.0144,20829.0
2026-04-10 14:30:00,121.073,121.1134,121.0144,121.0342,16827.0
2026-04-10 14:35:00,121.0243,121.0342,120.9103,120.9599,21750.0
2026-04-10 14:40:00,120.9549,120.9549,120.841,120.841,15831.0
2026-04-10 14:45:00,120.841,120.9946,120.8261,120.9153,19945.0
2026-04-10 14:50:00,120.9153,120.9351,120.8559,120.8559,14641.0
2026-04-10 14:55:00,120.846,120.9946,120.7816,120.9797,28884.0
2026-04-10 15:00:00,121.0144,121.1233,121.0045,121.054,29651.0
2026-04-10 15:05:00,121.054,121.1333,121.0144,121.0837,22488.0
2026-04-10 15:10:00,121.0837,121.1323,121.0342,121.1134,27642.0
2026-04-10 15:15:00,121.162,121.163,121.0441,121.0986,28093.0
2026-04-10 15:20:00,121.1233,121.1233,120.9054,120.9351,37102.0
2026-04-10 15:25:00,120.9351,120.9549,120.8063,120.9401,30901.0
2026-04-10 15:30:00,120.9252,120.9846,120.6577,120.6676,46149.0
2026-04-10 15:35:00,120.6577,120.6577,120.311,120.4645,67119.0
2026-04-10 15:40:00,120.4596,120.4992,120.202,120.2664,52309.0
2026-04-10 15:45:00,120.2713,120.3308,120.202,120.2169,59638.0
2026-04-10 15:50:00,120.202,120.5686,120.1823,120.5438,110386.0
2026-04-10 15:55:00,120.5487,120.9054,120.4794,120.7766,413064.0
2026-04-13 09:30:00,119.3104,119.9642,119.2212,119.3698,154985.0
2026-04-13 09:35:00,119.35,119.3698,118.4385,118.7258,57772.0
2026-04-13 09:40:00,118.7258,118.924,118.5772,118.8348,45866.0
2026-04-13 09:45:00,118.6531,118.7258,117.9927,118.6912,70600.0
2026-04-13 09:50:00,118.706,118.9339,117.9135,117.9927,31152.0
2026-04-13 09:55:00,118.0175,118.4881,117.7946,118.4881,61926.0
2026-04-13 10:00:00,118.4286,118.6615,117.7748,118.1314,45572.0
2026-04-13 10:05:00,118.1413,118.3593,118.0224,118.1067,34631.0
2026-04-13 10:10:00,118.0423,118.4782,118.0423,118.181,40054.0
2026-04-13 10:15:00,118.1958,118.1958,117.9135,117.9828,68205.0
2026-04-13 10:20:00,117.9828,117.9828,117.4478,117.542,79190.0
2026-04-13 10:25:00,117.5514,117.5964,117.1903,117.532,52810.0
2026-04-13 10:30:00,117.5766,117.7649,117.4974,117.7104,40063.0
2026-04-13 10:35:00,117.7104,117.8639,117.6262,117.755,35825.0
2026-04-13 10:40:00,117.7748,118.1611,117.7748,117.854,101142.0
2026-04-13 10:45:00,117.8639,117.9135,117.6509,117.745,34517.0
2026-04-13 10:50:00,117.745,117.8144,117.6955,117.7203,34777.0
2026-04-13 10:55:00,117.7351,117.7748,117.4379,117.5469,44990.0
2026-04-13 11:00:00,117.5766,117.7203,117.4379,117.537,28349.0
2026-04-13 11:05:00,117.5172,117.5865,117.3339,117.5568,41763.0
2026-04-13 11:10:00,117.5766,117.6064,117.4379,117.4924,37343.0
2026-04-13 11:15:00,117.4875,117.4875,117.2348,117.319,37507.0
2026-04-13 11:20:00,117.3438,117.5766,117.2992,117.4875,32770.0
2026-04-13 11:25:00,117.4577,117.5865,117.4181,117.4577,35709.0
2026-04-13 11:30:00,117.4082,117.4082,117.2101,117.2497,25404.0
2026-04-13 11:35:00,117.22,117.329,116.8237,116.8485,93852.0
2026-04-13 11:40:00,116.8485,116.8732,116.5463,116.6602,51691.0
2026-04-13 11:45:00,116.6602,116.7345,116.3085,116.3383,66708.0
2026-04-13 11:50:00,116.3184,116.5364,116.2689,116.5166,36562.0
2026-04-13 11:55:00,116.5017,116.6557,116.4769,116.5166,30759.0
2026-04-13 12:00:00,116.5364,116.7443,116.5116,116.6256,36128.0
2026-04-13 12:05:00,116.6156,117.013,116.5958,116.9425,50329.0
2026-04-13 12:10:00,116.903,116.9426,116.7246,116.8187,38518.0
2026-04-13 12:15:00,116.8237,116.8831,116.7742,116.794,28906.0
2026-04-13 12:20:00,116.8633,116.9277,116.685,116.7048,78400.0
2026-04-13 12:25:00,116.6949,116.794,116.6057,116.7444,28613.0
2026-04-13 12:30:00,116.7568,116.8831,116.7246,116.789,110278.0
2026-04-13 12:35:00,116.7543,116.9426,116.7246,116.8732,34800.0
2026-04-13 12:40:00,116.9005,116.9525,116.6454,116.7444,43311.0
2026-04-13 12:45:00,116.7147,117.0813,116.7147,117.0714,43365.0
2026-04-13 12:50:00,117.1308,117.4974,117.111,117.2992,48966.0
2026-04-13 12:55:00,117.3339,117.3973,117.2596,117.2794,43159.0
2026-04-13 13:00:00,117.2794,117.329,116.9228,117.0615,52332.0
2026-04-13 13:05:00,117.0664,117.2101,116.9921,117.2101,25544.0
2026-04-13 13:10:00,117.2051,117.319,117.2051,117.3091,24960.0
2026-04-13 13:15:00,117.3042,117.3983,117.2497,117.3636,29994.0
2026-04-13 13:20:00,117.2794,117.2893,117.1308,117.1803,33420.0
2026-04-13 13:25:00,117.1556,117.2398,117.1209,117.1704,27341.0
2026-04-13 13:30:00,117.1506,117.5271,117.1407,117.4379,51908.0
2026-04-13 13:35:00,117.428,117.5271,117.4082,117.4776,33891.0
2026-04-13 13:40:00,117.4776,117.4974,117.2101,117.2497,29100.0
2026-04-13 13:45:00,117.2497,117.324,117.2299,117.2794,34106.0
2026-04-13 13:50:00,117.2992,117.2992,117.1308,117.1655,28726.0
2026-04-13 13:55:00,117.1506,117.2992,117.1011,117.215,46073.0
2026-04-13 14:00:00,117.2051,117.4677,117.2051,117.3587,33372.0
2026-04-13 14:05:00,117.3587,117.4776,117.2893,117.2893,34319.0
2026-04-13 14:10:00,117.2943,117.4776,117.2943,117.4231,42517.0
2026-04-13 14:15:00,117.4231,117.4974,117.3091,117.4181,35621.0
2026-04-13 14:20:00,117.4181,117.537,117.3389,117.3389,24418.0
2026-04-13 14:25:00,117.319,117.3587,117.1605,117.2893,27909.0
2026-04-13 14:30:00,117.2893,117.2893,116.8732,116.9426,58624.0
2026-04-13 14:35:00,116.9376,116.9673,116.8336,116.8683,25502.0
2026-04-13 14:40:00,116.893,116.9475,116.7841,116.9178,26881.0
2026-04-13 14:45:00,116.9327,116.9327,116.4769,116.9178,53051.0
2026-04-13 14:50:00,116.903,116.9723,116.8831,116.9624,24779.0
2026-04-13 14:55:00,116.9723,117.0218,116.9228,117.0218,26244.0
2026-04-13 15:00:00,117.0317,117.2051,117.0317,117.1308,25081.0
2026-04-13 15:05:00,117.1011,117.1011,116.8138,116.9327,28804.0
2026-04-13 15:10:00,116.9327,117.0516,116.9327,117.0367,32688.0
2026-04-13 15:15:00,117.0367,117.0367,116.893,116.9921,46008.0
2026-04-13 15:20:00,116.9525,116.9921,116.903,116.9475,39664.0
2026-04-13 15:25:00,116.9475,116.9475,116.7345,116.7543,55799.0
2026-04-13 15:30:00,116.7345,116.7692,116.6156,116.7345,55610.0
2026-04-13 15:35:00,116.7345,116.8039,116.5364,116.6454,82969.0
2026-04-13 15:40:00,116.6503,116.7543,116.5859,116.6107,60055.0
2026-04-13 15:45:00,116.6057,116.6543,116.4571,116.6355,102390.0
2026-04-13 15:50:00,116.6355,117.2299,116.6355,117.111,171865.0
2026-04-13 15:55:00,117.111,117.1308,116.6652,116.7742,556167.0
2026-04-14 09:30:00,116.7048,117.215,115.9122,116.7742,118479.0
2026-04-14 09:35:00,116.7147,116.8237,116.2095,116.685,58079.0
2026-04-14 09:40:00,116.7444,116.893,115.8726,116.0658,96615.0
2026-04-14 09:45:00,116.0509,116.3977,115.7438,115.9321,78548.0
2026-04-14 09:50:00,115.9321,116.1797,115.7934,116.1797,72366.0
2026-04-14 09:55:00,116.1896,116.5067,116.1896,116.2243,74833.0
2026-04-14 10:00:00,116.2937,116.69,116.0609,116.4175,94035.0
2026-04-14 10:05:00,116.4076,116.685,116.2887,116.6553,68453.0
2026-04-14 10:10:00,116.6751,116.7543,116.4869,116.6701,77706.0
2026-04-14 10:15:00,116.6429,117.1011,116.6206,117.0466,87136.0
2026-04-14 10:20:00,117.0714,117.2002,116.893,116.9525,75039.0
2026-04-14 10:25:00,116.9723,117.2002,116.9723,117.0317,25573.0
2026-04-14 10:30:00,117.0317,117.1803,116.9722,117.0813,26852.0
2026-04-14 10:35:00,117.106,117.111,116.9723,117.0714,67948.0
2026-04-14 10:40:00,117.0714,117.1605,116.9921,117.1209,47275.0
2026-04-14 10:45:00,117.1506,117.2992,117.1506,117.2398,32526.0
2026-04-14 10:50:00,117.2695,117.433,117.2596,117.3686,32722.0
2026-04-14 10:55:00,117.3632,117.428,117.3091,117.3983,21039.0
2026-04-14 11:00:00,117.3687,117.4379,117.0714,117.0949,31319.0
2026-04-14 11:05:00,117.1308,117.1308,116.7444,116.7791,55169.0
2026-04-14 11:10:00,116.7546,116.8237,116.7054,116.7747,18491.0
2026-04-14 11:15:00,116.7841,116.9822,116.7841,116.9426,31734.0
2026-04-14 11:20:00,116.9624,117.0417,116.8336,116.9971,39644.0
2026-04-14 11:25:00,117.0317,117.2992,116.9921,117.2101,123868.0
2026-04-14 11:30:00,117.2497,117.4478,117.2201,117.3438,42139.0
2026-04-14 11:35:00,117.329,117.6064,117.329,117.4528,107408.0
2026-04-14 11:40:00,117.4528,117.6856,117.4181,117.6262,46190.0
2026-04-14 11:45:00,117.646,117.7054,117.5568,117.6113,61663.0
2026-04-14 11:50:00,117.6757,117.7054,117.5865,117.646,64343.0
2026-04-14 11:55:00,117.6757,117.6856,117.4776,117.5073,43153.0
2026-04-14 12:00:00,117.5073,117.5073,117.2992,117.3488,39790.0
2026-04-14 12:05:00,117.3983,117.4677,117.22,117.319,33087.0
2026-04-14 12:10:00,117.324,117.4875,117.324,117.4181,25232.0
2026-04-14 12:15:00,117.428,117.537,117.2596,117.2794,28609.0
2026-04-14 12:20:00,117.2998,117.6856,117.2794,117.5865,65900.0
2026-04-14 12:25:00,117.5915,117.8887,117.4974,117.7768,109977.0
2026-04-14 12:30:00,117.8144,117.8243,117.6361,117.6361,108978.0
2026-04-14 12:35:00,117.646,117.9828,117.5766,117.8639,45236.0
2026-04-14 12:40:00,117.854,117.9828,117.854,117.9234,23333.0
2026-04-14 12:45:00,117.9481,118.2206,117.9234,118.1463,35293.0
2026-04-14 12:50:00,118.1463,118.1711,117.9234,117.9382,48006.0
2026-04-14 12:55:00,117.9036,117.9729,117.8045,117.8937,21964.0
2026-04-14 13:00:00,117.8937,118.0621,117.745,118.0224,79475.0
2026-04-14 13:05:00,117.9927,118.0324,117.8986,117.9431,21324.0
2026-04-14 13:10:00,117.9135,117.9432,117.7847,117.8045,20814.0
2026-04-14 13:15:00,117.8053,117.963,117.646,117.8639,84652.0
2026-04-14 13:20:00,117.8837,117.9382,117.8342,117.9234,23216.0
2026-04-14 13:25:00,117.9234,117.9287,117.7253,117.745,36880.0
2026-04-14 13:30:00,117.7351,117.854,117.6856,117.7896,45848.0
2026-04-14 13:35:00,117.7946,117.7946,117.6509,117.6707,47381.0
2026-04-14 13:40:00,117.6665,117.8342,117.646,117.8144,23357.0
2026-04-14 13:45:00,117.8194,117.8342,117.7054,117.7896,34973.0
2026-04-14 13:50:00,117.8342,117.8837,117.7748,117.8342,18343.0
2026-04-14 13:55:00,117.8441,117.963,117.8343,117.9234,17107.0
2026-04-14 14:00:00,117.9729,118.3048,117.9136,118.181,36346.0
2026-04-14 14:05:00,118.2107,118.3048,118.181,118.2305,20805.0
2026-04-14 14:10:00,118.2305,118.2305,118.1711,118.1909,22045.0
2026-04-14 14:15:00,118.1909,118.28,118.072,118.1364,42312.0
2026-04-14 14:20:00,118.1711,118.1711,117.9235,117.963,23942.0
2026-04-14 14:25:00,117.963,118.0224,117.9037,117.9333,23056.0
2026-04-14 14:30:00,117.9333,117.9729,117.8937,117.9036,18903.0
2026-04-14 14:35:00,117.9085,117.9878,117.854,117.968,23811.0
2026-04-14 14:40:00,117.9927,118.0769,117.9927,118.0125,24536.0
2026-04-14 14:45:00,118.0125,118.1017,118.0125,118.072,30381.0
2026-04-14 14:50:00,118.0621,118.2107,118.0621,118.2107,15121.0
2026-04-14 14:55:00,118.2038,118.2553,118.181,118.2107,23454.0
2026-04-14 15:00:00,118.2156,118.2652,118.0967,118.1215,42066.0
2026-04-14 15:05:00,118.1067,118.2156,118.1067,118.171,24649.0
2026-04-14 15:10:00,118.1364,118.2206,118.0522,118.0769,27822.0
2026-04-14 15:15:00,118.0918,118.389,118.0621,118.3296,65455.0
2026-04-14 15:20:00,118.3296,118.4187,118.3197,118.4088,26042.0
2026-04-14 15:25:00,118.389,118.4286,118.3444,118.3494,35188.0
2026-04-14 15:30:00,118.3692,118.497,118.3197,118.3296,43386.0
2026-04-14 15:35:00,118.3444,118.3444,118.1488,118.1661,83122.0
2026-04-14 15:40:00,118.1661,118.4658,118.1512,118.4658,60859.0
2026-04-14 15:45:00,118.4187,118.4385,118.2701,118.2949,100336.0
2026-04-14 15:50:00,118.2899,118.3989,118.1711,118.3494,137487.0
2026-04-14 15:55:00,118.3593,118.5079,118.3296,118.4484,361170.0
2026-04-15 09:30:00,118.6169,118.9834,118.0522,118.7358,120462.0
2026-04-15 09:35:00,118.7952,119.2113,118.602,118.8398,52762.0
2026-04-15 09:40:00,118.9141,119.0825,118.5971,118.6763,46764.0
2026-04-15 09:45:00,118.7011,118.8348,118.3147,118.8348,60015.0
2026-04-15 09:50:00,118.8249,118.8645,118.3444,118.5079,72486.0
2026-04-15 09:55:00,118.5079,118.5971,118.2008,118.2751,50205.0
2026-04-15 10:00:00,118.2751,118.389,117.6856,118.3642,81395.0
2026-04-15 10:05:00,118.3147,118.7853,118.3147,118.3989,56099.0
2026-04-15 10:10:00,118.4881,118.6813,118.4286,118.4286,41520.0
2026-04-15 10:15:00,118.4484,118.4821,118.1661,118.4088,39377.0
2026-04-15 10:20:00,118.3791,118.5574,118.3197,118.4494,33881.0
2026-04-15 10:25:00,118.4484,118.5228,118.3296,118.4237,30610.0
2026-04-15 10:30:00,118.4385,118.5871,118.4088,118.5277,27997.0
2026-04-15 10:35:00,118.5277,118.6664,118.4534,118.5673,50231.0
2026-04-15 10:40:00,118.5971,118.8447,118.5971,118.815,31176.0
2026-04-15 10:45:00,118.815,119.3302,118.815,119.2323,26799.0
2026-04-15 10:50:00,119.3302,119.88,119.3005,119.8305,73271.0
2026-04-15 10:55:00,119.8206,119.8552,119.7463,119.8156,47559.0
2026-04-15 11:00:00,119.8057,119.9196,119.776,119.9097,40514.0
2026-04-15 11:05:00,119.9444,120.1822,119.9444,120.1128,49144.0
2026-04-15 11:10:00,120.1588,120.6874,120.1588,120.6676,112401.0
2026-04-15 11:15:00,120.6973,121.0738,120.6973,120.8559,104167.0
2026-04-15 11:20:00,120.9351,121.0243,120.8389,120.9351,74970.0
2026-04-15 11:25:00,120.9351,121.1233,120.9154,121.1233,76512.0
2026-04-15 11:30:00,121.1233,121.1679,120.9549,121.0391,95480.0
2026-04-15 11:35:00,121.0391,121.1432,121.0144,121.1085,79361.0
2026-04-15 11:40:00,121.1085,121.163,121.0342,121.049,70734.0
2026-04-15 11:45:00,121.0342,121.1333,120.9454,121.054,63592.0
2026-04-15 11:50:00,121.0689,121.1134,120.8757,121.0441,40633.0
2026-04-15 11:55:00,121.0391,121.0887,120.945,120.9995,52446.0
2026-04-15 12:00:00,121.0292,121.0788,121.0243,121.0639,42047.0
2026-04-15 12:05:00,121.0689,121.0837,120.9946,121.0738,40168.0
2026-04-15 12:10:00,121.0738,121.3215,121.0441,121.3017,48394.0
2026-04-15 12:15:00,121.3017,121.3116,121.1927,121.2422,59448.0
2026-04-15 12:20:00,121.2422,121.3512,121.2125,121.3315,34225.0
2026-04-15 12:25:00,121.3314,121.4651,121.3314,121.4107,35664.0
2026-04-15 12:30:00,121.4206,121.6286,121.4206,121.5939,40192.0
2026-04-15 12:35:00,121.5989,121.6385,121.4998,121.5147,35849.0
2026-04-15 12:40:00,121.5147,121.5493,121.4354,121.5246,44799.0
2026-04-15 12:45:00,121.5196,121.7832,121.4404,121.6038,44351.0
2026-04-15 12:50:00,121.589,121.698,121.5196,121.698,36927.0
2026-04-15 12:55:00,121.698,121.7227,121.6286,121.7128,24242.0
2026-04-15 13:00:00,121.688,121.7425,121.6409,121.6781,26030.0
2026-04-15 13:05:00,121.6831,121.7772,121.6831,121.7277,25615.0
2026-04-15 13:10:00,121.7178,121.8961,121.6682,121.802,49414.0
2026-04-15 13:15:00,121.802,121.9159,121.7475,121.8565,49755.0
2026-04-15 13:20:00,121.8763,121.906,121.8268,121.8911,23438.0
2026-04-15 13:25:00,121.906,122.0199,121.8669,121.9803,31558.0
2026-04-15 13:30:00,121.9754,122.0249,121.7673,121.906,69047.0
2026-04-15 13:35:00,121.906,121.9554,121.8367,121.9506,29615.0
2026-04-15 13:40:00,121.9605,121.9605,121.8664,121.8961,28885.0
2026-04-15 13:45:00,121.911,121.9258,121.7475,121.8317,39433.0
2026-04-15 13:50:00,121.8466,121.9357,121.8069,121.8664,27318.0
2026-04-15 13:55:00,121.8664,121.8862,121.7178,121.7871,33647.0
2026-04-15 14:00:00,121.7871,121.9357,121.7574,121.8417,30012.0
2026-04-15 14:05:00,121.8664,121.9159,121.7871,121.7871,31692.0
2026-04-15 14:10:00,121.7772,121.8168,121.688,121.797,34810.0
2026-04-15 14:15:00,121.7822,121.9654,121.7822,121.8862,28562.0
2026-04-15 14:20:00,121.8862,122.0831,121.8763,122.0831,26843.0
2026-04-15 14:25:00,122.0695,122.0744,122.015,122.0348,29165.0
2026-04-15 14:30:00,122.0348,122.0348,121.6781,121.7425,37006.0
2026-04-15 14:35:00,121.7475,121.8713,121.7475,121.8342,32263.0
2026-04-15 14:40:00,121.8367,121.8664,121.7822,121.8168,22220.0
2026-04-15 14:45:00,121.8119,121.8763,121.7921,121.8565,29095.0
2026-04-15 14:50:00,121.8664,121.9258,121.7871,121.8416,29659.0
2026-04-15 14:55:00,121.8515,121.9159,121.8416,121.901,23591.0
2026-04-15 15:00:00,121.8911,121.9947,121.8267,121.9356,41656.0
2026-04-15 15:05:00,121.9555,122.0397,121.9258,121.9357,39372.0
2026-04-15 15:10:00,121.9456,122.0596,121.906,122.0497,45954.0
2026-04-15 15:15:00,122.0645,122.114,122.0249,122.0298,41531.0
2026-04-15 15:20:00,122.0298,122.0645,121.9853,122.0596,31591.0
2026-04-15 15:25:00,122.0497,122.124,122.0348,122.0596,45093.0
2026-04-15 15:30:00,122.0596,122.1487,121.9754,122.0843,55256.0
2026-04-15 15:35:00,122.0893,122.1438,121.7524,121.7673,45575.0
2026-04-15 15:40:00,121.7871,121.7871,121.5989,121.7574,60252.0
2026-04-15 15:45:00,121.7673,121.9555,121.7302,121.8317,98901.0
2026-04-15 15:50:00,121.8317,121.9952,121.7772,121.9456,166512.0
2026-04-15 15:55:00,121.9085,122.0546,121.5989,121.7277,473421.0
2026-04-16 09:30:00,122.2924,122.4905,121.1357,121.1357,82505.0
2026-04-16 09:35:00,121.0936,121.1927,120.4794,120.7965,78301.0
2026-04-16 09:40:00,120.8793,121.3907,120.6313,121.272,28720.0
2026-04-16 09:45:00,121.2521,121.7178,121.0639,121.5048,32618.0
2026-04-16 09:50:00,121.5196,121.8911,121.5196,121.8664,40789.0
2026-04-16 09:55:00,121.8664,121.8664,121.3611,121.3611,26274.0
2026-04-16 10:00:00,121.5493,121.5889,121.3611,121.371,24707.0
2026-04-16 10:05:00,121.4404,121.4998,121.0837,121.1382,26888.0
2026-04-16 10:10:00,121.1382,121.1382,120.5785,120.8321,40561.0
2026-04-16 10:15:00,120.7766,120.9549,120.7766,120.945,24727.0
2026-04-16 10:20:00,120.9846,121.0441,120.8856,120.9249,21932.0
2026-04-16 10:25:00,120.8955,120.9153,120.5834,120.6973,25289.0
2026-04-16 10:30:00,120.6973,120.9351,120.6775,120.8658,35601.0
2026-04-16 10:35:00,120.8658,121.0045,120.7172,120.9549,30967.0
2026-04-16 10:40:00,120.9103,120.9846,120.856,120.9203,20398.0
2026-04-16 10:45:00,120.9054,121.0441,120.7915,120.9648,23214.0
2026-04-16 10:50:00,120.9351,121.2224,120.9351,121.1035,60709.0
2026-04-16 10:55:00,121.0936,121.3413,121.0639,121.3215,60469.0
2026-04-16 11:00:00,121.3512,121.7376,121.3314,121.7178,36509.0
2026-04-16 11:05:00,121.7178,121.7475,121.6088,121.7079,34508.0
2026-04-16 11:10:00,121.7475,121.8763,121.7277,121.8565,50038.0
2026-04-16 11:15:00,121.8565,121.9555,121.797,121.9357,65148.0
2026-04-16 11:20:00,121.9308,121.9952,121.8664,121.9754,39442.0
2026-04-16 11:25:00,121.9456,122.0546,121.8069,121.8565,50014.0
2026-04-16 11:30:00,121.9159,122.1933,121.6088,121.6088,73181.0
2026-04-16 11:35:00,121.5593,121.6682,121.4206,121.5394,25968.0
2026-04-16 11:40:00,121.5196,121.6682,121.4107,121.5741,17091.0
2026-04-16 11:45:00,121.5741,121.797,121.5394,121.7079,15608.0
2026-04-16 11:50:00,121.7871,121.8267,121.7178,121.7673,10072.0
2026-04-16 11:55:00,121.7079,121.9258,121.7079,121.901,16894.0
2026-04-16 12:00:00,121.8812,121.906,121.7822,121.8862,20070.0
2026-04-16 12:05:00,121.8614,122.2428,121.8614,122.1339,28418.0
2026-04-16 12:10:00,122.119,122.119,122.0051,122.0249,20299.0
2026-04-16 12:15:00,122.0249,122.223,122.0249,122.124,20595.0
2026-04-16 12:20:00,122.1339,122.223,122.124,122.1487,16122.0
2026-04-16 12:25:00,122.1487,122.1933,122.1438,122.1933,21442.0
2026-04-16 12:30:00,122.1933,122.2329,121.8961,122.0546,35588.0
2026-04-16 12:35:00,122.0942,122.228,122.0249,122.1933,23686.0
2026-04-16 12:40:00,122.1933,122.2527,122.1933,122.2082,29698.0
2026-04-16 12:45:00,122.2082,122.2082,121.7773,121.7773,31470.0
2026-04-16 12:50:00,121.8218,122.0497,121.8218,121.9235,20843.0
2026-04-16 12:55:00,121.9407,121.9407,121.8565,121.9159,20589.0
2026-04-16 13:00:00,121.8763,122.015,121.8664,122.0001,16892.0
2026-04-16 13:05:00,122.0001,122.0001,121.6583,121.7277,64527.0
2026-04-16 13:10:00,121.7624,121.906,121.688,121.8713,17630.0
2026-04-16 13:15:00,121.8763,121.9357,121.7782,121.906,33820.0
2026-04-16 13:20:00,121.906,122.0843,121.906,121.9902,24330.0
2026-04-16 13:25:00,121.9952,122.1041,121.9952,122.015,18631.0
2026-04-16 13:30:00,122.015,122.0546,121.9952,121.9952,19556.0
2026-04-16 13:35:00,122.0298,122.1487,122.0249,122.1332,14020.0
2026-04-16 13:40:00,122.124,122.2726,122.1079,122.2726,19424.0
2026-04-16 13:45:00,122.2428,122.4063,122.2428,122.3617,24787.0
2026-04-16 13:50:00,122.3617,122.3617,122.2627,122.2825,19749.0
2026-04-16 13:55:00,122.2825,122.2825,122.1933,122.2379,22159.0
2026-04-16 14:00:00,122.223,122.3419,122.1834,122.2181,23989.0
2026-04-16 14:05:00,122.2131,122.2924,122.1636,122.2627,20778.0
2026-04-16 14:10:00,122.2775,122.441,122.2131,122.2825,22440.0
2026-04-16 14:15:00,122.223,122.2527,122.2032,122.2281,11867.0
2026-04-16 14:20:00,122.228,122.322,122.1339,122.1438,24086.0
2026-04-16 14:25:00,122.1438,122.1834,121.9754,122.0348,23758.0
2026-04-16 14:30:00,122.0447,122.1339,122.0199,122.1339,17841.0
2026-04-16 14:35:00,122.124,122.3419,122.0794,122.3419,33052.0
2026-04-16 14:40:00,122.332,122.4509,122.2925,122.441,28416.0
2026-04-16 14:45:00,122.3815,122.3914,122.2924,122.3518,27278.0
2026-04-16 14:50:00,122.3518,122.4014,122.332,122.4014,19084.0
2026-04-16 14:55:00,122.3815,122.5202,122.3221,122.5103,23239.0
2026-04-16 15:00:00,122.5103,122.6044,122.3914,122.545,33023.0
2026-04-16 15:05:00,122.545,122.6986,122.545,122.6986,30012.0
2026-04-16 15:10:00,122.6837,122.7976,122.5995,122.6788,34583.0
2026-04-16 15:15:00,122.6589,122.8373,122.6589,122.8174,35757.0
2026-04-16 15:20:00,122.8174,122.9165,122.7976,122.8769,48788.0
2026-04-16 15:25:00,122.8769,122.8868,122.6193,122.6193,41720.0
2026-04-16 15:30:00,122.649,122.8066,122.6094,122.7075,55900.0
2026-04-16 15:35:00,122.758,122.7772,122.5004,122.5896,42743.0
2026-04-16 15:40:00,122.5747,122.7273,122.55,122.5945,70680.0
2026-04-16 15:45:00,122.5896,122.6193,122.4311,122.4509,71007.0
2026-04-16 15:50:00,122.4509,122.6391,122.4212,122.5599,128453.0
2026-04-16 15:55:00,122.5401,122.8472,122.4608,122.758,455000.0
2026-04-17 09:30:00,122.9462,123.5605,122.5995,122.5995,207478.0
2026-04-17 09:35:00,122.4905,122.6292,122.1289,122.5698,38468.0
2026-04-17 09:40:00,122.5698,122.7679,122.4433,122.649,44191.0
2026-04-17 09:45:00,122.4707,122.8075,122.4608,122.6193,29773.0
2026-04-17 09:50:00,122.6243,123.3425,122.5995,123.3277,88869.0
2026-04-17 09:55:00,123.3722,123.7388,123.1642,123.288,115535.0
2026-04-17 10:00:00,123.3722,123.7388,123.1345,123.714,49151.0
2026-04-17 10:05:00,123.7388,123.9865,123.4812,123.9865,139246.0
2026-04-17 10:10:00,123.9865,124.3332,123.9865,124.1945,64519.0
2026-04-17 10:15:00,124.2589,124.7196,124.1747,124.6205,101206.0
2026-04-17 10:20:00,124.571,124.9177,124.4422,124.8385,82216.0
2026-04-17 10:25:00,124.7592,124.9078,124.5016,124.6502,94492.0
2026-04-17 10:30:00,124.6106,125.0465,124.6106,124.7246,68307.0
2026-04-17 10:35:00,124.7047,124.779,124.5711,124.6899,68905.0
2026-04-17 10:40:00,124.68,124.8633,124.5611,124.8187,58608.0
2026-04-17 10:45:00,124.7691,124.9078,124.6998,124.6998,47574.0
2026-04-17 10:50:00,124.7642,124.9177,124.6205,124.6701,36660.0
2026-04-17 10:55:00,124.6304,124.68,124.4135,124.4521,30708.0
2026-04-17 11:00:00,124.4323,124.7592,124.4323,124.7345,33526.0
2026-04-17 11:05:00,124.7345,124.8979,124.7097,124.8038,24270.0
2026-04-17 11:10:00,124.8038,124.8583,124.6701,124.6998,23631.0
2026-04-17 11:15:00,124.6502,124.7741,124.4818,124.5809,35780.0
2026-04-17 11:20:00,124.566,124.8781,124.5215,124.7146,53915.0
2026-04-17 11:25:00,124.7097,124.8058,124.5908,124.7741,48468.0
2026-04-17 11:30:00,124.7493,125.1159,124.7493,125.0812,45087.0
2026-04-17 11:35:00,125.0763,125.1555,125.0267,125.0911,33588.0
2026-04-17 11:40:00,125.106,125.1555,124.9574,125.0019,43104.0
2026-04-17 11:45:00,125.0366,125.2249,124.9574,125.106,35266.0
2026-04-17 11:50:00,125.1258,125.5914,125.1258,125.5024,115178.0
2026-04-17 11:55:00,125.5518,125.6905,125.5468,125.6707,87430.0
2026-04-17 12:00:00,125.6608,125.9679,125.6608,125.9481,134989.0
2026-04-17 12:05:00,125.9481,126.1165,125.8391,125.8391,108271.0
2026-04-17 12:10:00,125.9035,125.9679,125.6905,125.8787,62926.0
2026-04-17 12:15:00,125.8688,125.9283,125.6311,125.7301,45693.0
2026-04-17 12:20:00,125.74,125.8787,125.7004,125.7648,29258.0
2026-04-17 12:25:00,125.7598,125.8886,125.6906,125.8688,34891.0
2026-04-17 12:30:00,125.849,126.0125,125.8143,125.9778,35550.0
2026-04-17 12:35:00,125.9382,126.0769,125.9382,126.0075,32429.0
2026-04-17 12:40:00,126.0174,126.2156,125.9827,126.2156,158404.0
2026-04-17 12:45:00,126.2255,126.275,126.0471,126.1066,35370.0
2026-04-17 12:50:00,126.1165,126.2552,126.1165,126.1363,34177.0
2026-04-17 12:55:00,126.1264,126.2849,126.1066,126.2849,29207.0
2026-04-17 13:00:00,126.2849,126.384,126.1759,126.3146,53035.0
2026-04-17 13:05:00,126.3245,126.4434,126.0026,126.1264,54460.0
2026-04-17 13:10:00,126.1363,126.5623,126.1363,126.3146,35995.0
2026-04-17 13:15:00,126.3344,126.5821,126.3344,126.4979,31876.0
2026-04-17 13:20:00,126.5128,126.5128,126.067,126.1512,93578.0
2026-04-17 13:25:00,126.1957,126.2948,125.9679,125.9877,62546.0
2026-04-17 13:30:00,125.9877,126.0174,125.7252,125.8192,38459.0
2026-04-17 13:35:00,125.7598,125.8292,125.7004,125.7004,37303.0
2026-04-17 13:40:00,125.6905,125.7995,125.6509,125.7896,34706.0
2026-04-17 13:45:00,125.8193,126.0917,125.8193,126.0471,43442.0
2026-04-17 13:50:00,126.0917,126.1462,126.067,126.1363,29986.0
2026-04-17 13:55:00,126.1363,126.1759,126.067,126.0868,27467.0
2026-04-17 14:00:00,126.0868,126.0868,125.8193,125.8787,33355.0
2026-04-17 14:05:00,125.9035,125.9382,125.6806,125.849,34378.0
2026-04-17 14:10:00,125.8688,125.8787,125.6707,125.6905,26621.0
2026-04-17 14:15:00,125.6855,125.8985,125.6707,125.849,40626.0
2026-04-17 14:20:00,125.8429,125.8738,125.6732,125.844,28906.0
2026-04-17 14:25:00,125.8391,125.9659,125.7896,125.8886,24998.0
2026-04-17 14:30:00,125.8688,126.067,125.8688,126.0521,26701.0
2026-04-17 14:35:00,126.067,126.0868,125.9778,126.067,49648.0
2026-04-17 14:40:00,126.062,126.1363,126.0471,126.1214,26496.0
2026-04-17 14:45:00,126.1363,126.1561,126.0075,126.0075,28682.0
2026-04-17 14:50:00,126.0026,126.0471,125.9183,125.9778,22429.0
2026-04-17 14:55:00,125.9778,126.0174,125.9481,125.9679,22063.0
2026-04-17 15:00:00,125.958,126.0471,125.8887,125.9083,34991.0
2026-04-17 15:05:00,125.8985,125.9679,125.8391,125.8589,31441.0
2026-04-17 15:10:00,125.8589,125.9283,125.7896,125.8094,45427.0
2026-04-17 15:15:00,125.8094,125.8886,125.7797,125.8589,42020.0
2026-04-17 15:20:00,125.8589,126.067,125.7995,126.0471,38201.0
2026-04-17 15:25:00,126.057,126.166,126.0174,126.1066,54859.0
2026-04-17 15:30:00,126.1363,126.4831,126.1363,126.4632,60681.0
2026-04-17 15:35:00,126.4533,126.7852,126.4434,126.7109,77106.0
2026-04-17 15:40:00,126.701,126.8496,126.6663,126.81,114349.0
2026-04-17 15:45:00,126.8149,126.8595,126.4632,126.4733,112867.0
2026-04-17 15:50:00,126.5029,126.6465,126.4335,126.5623,174845.0
2026-04-17 15:55:00,126.5673,126.7406,126.2849,126.6416,509791.0
2026-04-20 09:30:00,126.6614,127.5827,125.6905,126.5227,116077.0
2026-04-20 09:35:00,126.3741,127.3053,126.2453,127.2906,44895.0
2026-04-20 09:40:00,127.2954,127.6818,127.2261,127.3053,75476.0
2026-04-20 09:45:00,127.2756,128.1375,127.1369,128.0781,88155.0
2026-04-20 09:50:00,128.0781,128.296,127.7759,127.8403,50057.0
2026-04-20 09:55:00,127.8799,127.9097,127.662,127.8948,35763.0
2026-04-20 10:00:00,127.8453,127.9691,127.5035,127.9592,38699.0
2026-04-20 10:05:00,127.9394,127.9889,127.6917,127.7312,32753.0
2026-04-20 10:10:00,127.6868,127.8898,127.1914,127.8255,56276.0
2026-04-20 10:15:00,127.8255,128.3456,127.8205,128.3059,36565.0
2026-04-20 10:20:00,128.3059,128.5734,128.0484,128.0682,54514.0
2026-04-20 10:25:00,128.0682,128.2267,128.0285,128.2168,38546.0
2026-04-20 10:30:00,128.2366,128.2663,127.875,127.9295,49099.0
2026-04-20 10:35:00,127.8998,127.9691,127.6323,127.7412,37842.0
2026-04-20 10:40:00,127.7115,127.8304,127.6125,127.8106,28679.0
2026-04-20 10:45:00,127.771,127.8898,127.6422,127.6818,31299.0
2026-04-20 10:50:00,127.6868,127.87,127.5877,127.87,38831.0
2026-04-20 10:55:00,127.8799,128.0086,127.7511,127.8799,40176.0
2026-04-20 11:00:00,127.8898,127.9493,127.662,127.6917,26554.0
2026-04-20 11:05:00,127.6917,127.8162,127.6025,127.771,23475.0
2026-04-20 11:10:00,127.771,127.87,127.6125,127.87,42638.0
2026-04-20 11:15:00,127.8799,128.0583,127.87,127.9889,32357.0
2026-04-20 11:20:00,127.9889,128.2094,127.9889,128.1672,29026.0
2026-04-20 11:25:00,128.197,128.3258,128.0782,128.3059,29275.0
2026-04-20 11:30:00,128.2762,128.4843,128.2465,128.3505,27308.0
2026-04-20 11:35:00,128.3258,128.4248,128.2465,128.3555,20493.0
2026-04-20 11:40:00,128.3555,128.4991,128.3555,128.4347,33518.0
2026-04-20 11:45:00,128.4347,128.5239,128.3555,128.3753,18846.0
2026-04-20 11:50:00,128.4149,128.4149,128.3059,128.3555,13646.0
2026-04-20 11:55:00,128.3456,128.3951,128.2564,128.2663,17650.0
2026-04-20 12:00:00,128.2663,128.2861,127.979,128.0484,21793.0
2026-04-20 12:05:00,128.0385,128.088,128.0186,128.0781,23232.0
2026-04-20 12:10:00,128.0583,128.1078,128.0038,128.0038,18064.0
2026-04-20 12:15:00,127.984,127.984,127.8255,127.8255,17413.0
2026-04-20 12:20:00,127.8304,127.87,127.6868,127.8453,32708.0
2026-04-20 12:25:00,127.87,128.0979,127.8651,128.0038,59039.0
2026-04-20 12:30:00,128.0087,128.0484,127.9691,127.979,13376.0
2026-04-20 12:35:00,127.9988,128.0087,127.7511,127.7759,12615.0
2026-04-20 12:40:00,127.7313,127.7412,127.6299,127.7115,16995.0
2026-04-20 12:45:00,127.7214,127.9097,127.7016,127.9097,21597.0
2026-04-20 12:50:00,127.9047,127.9394,127.87,127.8998,12160.0
2026-04-20 12:55:00,127.9097,127.9988,127.8998,127.979,14394.0
2026-04-20 13:00:00,128.0087,128.0285,127.9295,127.984,17912.0
2026-04-20 13:05:00,127.9741,128.1474,127.9493,128.1375,21991.0
2026-04-20 13:10:00,128.1375,128.1524,128.1078,128.1276,17773.0
2026-04-20 13:15:00,128.1375,128.1571,128.0484,128.0484,22029.0
2026-04-20 13:20:00,128.0239,128.0385,127.9691,128.0137,19248.0
2026-04-20 13:25:00,128.0385,128.1276,128.0186,128.1177,19355.0
2026-04-20 13:30:00,128.0979,128.1871,127.979,128.0187,20913.0
2026-04-20 13:35:00,128.0187,128.0484,127.9097,128.0186,74470.0
2026-04-20 13:40:00,128.0236,128.1078,127.9394,128.083,19412.0
2026-04-20 13:45:00,128.083,128.1623,128.083,128.1078,17672.0
2026-04-20 13:50:00,128.1177,128.1524,128.0385,128.1524,16062.0
2026-04-20 13:55:00,128.1524,128.1772,128.0632,128.1078,20600.0
2026-04-20 14:00:00,128.1177,128.1177,127.8898,127.9196,23349.0
2026-04-20 14:05:00,127.9196,128.197,127.9196,128.1375,20435.0
2026-04-20 14:10:00,128.1474,128.3109,128.1276,128.2787,26404.0
2026-04-20 14:15:00,128.2564,128.3654,128.2564,128.2911,36617.0
2026-04-20 14:20:00,128.3258,128.3654,128.2465,128.2465,26405.0
2026-04-20 14:25:00,128.2168,128.2762,128.1772,128.2267,24219.0
2026-04-20 14:30:00,128.2564,128.3654,128.2465,128.3654,28565.0
2026-04-20 14:35:00,128.3703,128.4149,128.1871,128.1871,21810.0
2026-04-20 14:40:00,128.1871,128.3059,128.1871,128.2663,23702.0
2026-04-20 14:45:00,128.2515,128.5041,128.2267,128.5041,19952.0
2026-04-20 14:50:00,128.5128,128.6428,128.5128,128.605,30660.0
2026-04-20 14:55:00,128.6428,128.6428,128.5338,128.5685,25232.0
2026-04-20 15:00:00,128.5724,128.5724,128.3951,128.4446,28642.0
2026-04-20 15:05:00,128.433,128.5041,128.3802,128.4149,21574.0
2026-04-20 15:10:00,128.41,128.4446,128.3703,128.41,31402.0
2026-04-20 15:15:00,128.41,128.41,128.2663,128.3976,34567.0
2026-04-20 15:20:00,128.3852,128.4843,128.3852,128.4793,28205.0
2026-04-20 15:25:00,128.4843,128.514,128.3059,128.3357,36162.0
2026-04-20 15:30:00,128.3357,128.4248,128.2762,128.3852,34786.0
2026-04-20 15:35:00,128.405,128.4744,128.3703,128.4645,47956.0
2026-04-20 15:40:00,128.4843,128.5635,128.3654,128.3654,44805.0
2026-04-20 15:45:00,128.3703,128.4545,128.1573,128.4149,114787.0
2026-04-20 15:50:00,128.4149,128.5338,128.296,128.3456,221880.0
2026-04-20 15:55:00,128.3456,128.9796,128.3258,128.9796,697811.0
2026-04-21 09:30:00,129.1381,131.0799,128.4942,130.322,197031.0
2026-04-21 09:35:00,130.322,130.9709,130.0694,130.8421,78517.0
2026-04-21 09:40:00,130.7976,131.3573,130.7976,130.8521,69997.0
2026-04-21 09:45:00,130.8521,131.5406,130.8224,131.5158,60604.0
2026-04-21 09:50:00,131.5257,131.605,130.7729,130.862,48320.0
2026-04-21 09:55:00,130.9016,130.961,130.7134,130.8719,30431.0
2026-04-21 10:00:00,130.8223,131.1394,130.5053,130.5845,61534.0
2026-04-21 10:05:00,130.54,130.8719,130.3864,130.7777,56067.0
2026-04-21 10:10:00,130.7777,131.1195,130.6143,131.0601,47004.0
2026-04-21 10:15:00,131.0304,131.1877,130.9115,131.1592,26326.0
2026-04-21 10:20:00,131.1641,131.8626,131.1641,131.7734,72072.0
2026-04-21 10:25:00,131.8428,131.8527,131.3375,131.4762,28183.0
2026-04-21 10:30:00,131.6149,131.7437,131.5307,131.5554,37848.0
2026-04-21 10:35:00,131.5307,131.8229,131.5307,131.7833,50661.0
2026-04-21 10:40:00,131.7734,131.8527,131.6855,131.7387,43284.0
2026-04-21 10:45:00,131.7189,131.7239,131.387,131.4465,37739.0
2026-04-21 10:50:00,131.4465,131.5257,131.1195,131.5257,38118.0
2026-04-21 10:55:00,131.4762,131.5356,131.1195,131.179,48434.0
2026-04-21 11:00:00,131.1592,131.3573,130.9759,131.3028,68521.0
2026-04-21 11:05:00,131.2979,131.2979,131.0106,131.1592,33458.0
2026-04-21 11:10:00,131.1542,131.2483,130.8539,130.9115,32653.0
2026-04-21 11:15:00,130.9115,131.179,130.8223,130.8223,29376.0
2026-04-21 11:20:00,130.8124,130.8818,130.7451,130.8075,40181.0
2026-04-21 11:25:00,130.8025,130.9016,130.535,130.7381,42459.0
2026-04-21 11:30:00,130.7134,130.8273,130.4162,130.4904,59404.0
2026-04-21 11:35:00,130.4855,130.5093,130.2576,130.2873,34175.0
2026-04-21 11:40:00,130.2873,130.5796,130.1586,130.4954,50793.0
2026-04-21 11:45:00,130.5251,130.5994,130.4954,130.5103,26042.0
2026-04-21 11:50:00,130.4855,130.4954,130.2378,130.2527,30541.0
2026-04-21 11:55:00,130.2675,130.3022,129.9852,130.0248,31953.0
2026-04-21 12:00:00,130.0694,130.7158,130.0694,130.6638,65173.0
2026-04-21 12:05:00,130.6638,130.7332,130.4686,130.6836,39949.0
2026-04-21 12:10:00,130.6886,130.8521,130.6143,130.8075,45599.0
2026-04-21 12:15:00,130.8075,131.0007,130.8075,130.8768,87214.0
2026-04-21 12:20:00,130.8768,131.1691,130.862,131.0898,38614.0
2026-04-21 12:25:00,131.1394,131.2384,131.0849,131.2335,34077.0
2026-04-21 12:30:00,131.2335,131.4564,131.2335,131.4019,25682.0
2026-04-21 12:35:00,131.4366,131.5257,131.2285,131.3028,39917.0
2026-04-21 12:40:00,131.3375,131.392,131.2186,131.2483,42611.0
2026-04-21 12:45:00,131.2582,131.288,131.1295,131.2285,31205.0
2026-04-21 12:50:00,131.2582,131.6248,131.2335,131.6248,56945.0
2026-04-21 12:55:00,131.5802,131.5802,131.3672,131.4415,50430.0
2026-04-21 13:00:00,131.4415,131.5545,131.2979,131.3375,80175.0
2026-04-21 13:05:00,131.2979,131.3177,131.0304,131.1691,74657.0
2026-04-21 13:10:00,131.1691,131.1691,130.6985,130.7183,50943.0
2026-04-21 13:15:00,130.7431,130.8124,130.426,130.5499,86742.0
2026-04-21 13:20:00,130.5251,130.753,130.431,130.753,137080.0
2026-04-21 13:25:00,130.7406,130.8719,130.7332,130.8223,48314.0
2026-04-21 13:30:00,130.8124,131.0254,130.8124,130.8719,39439.0
2026-04-21 13:35:00,130.8669,131.2681,130.8322,131.1889,117529.0
2026-04-21 13:40:00,131.1839,131.3672,131.179,131.1948,37708.0
2026-04-21 13:45:00,131.2335,131.2582,131.0403,131.0452,31638.0
2026-04-21 13:50:00,131.0452,131.2087,131.0452,131.1294,26410.0
2026-04-21 13:55:00,131.1195,131.2483,131.0799,131.1691,54928.0
2026-04-21 14:00:00,131.1691,131.3115,131.1394,131.2384,48628.0
2026-04-21 14:05:00,131.2285,131.2781,131.0651,131.0651,39990.0
2026-04-21 14:10:00,131.0601,131.0799,130.9511,131.0799,32416.0
2026-04-21 14:15:00,131.0502,131.1938,130.9115,130.9511,39957.0
2026-04-21 14:20:00,130.9364,131.0898,130.9115,131.0551,88806.0
2026-04-21 14:25:00,131.0551,131.0898,130.9759,130.9759,31947.0
2026-04-21 14:30:00,130.9759,131.1493,130.961,131.1493,32329.0
2026-04-21 14:35:00,131.1047,131.1691,131.0601,131.1691,21227.0
2026-04-21 14:40:00,131.1096,131.1592,131.0007,131.1294,27141.0
2026-04-21 14:45:00,131.1493,131.1493,131.07,131.1146,23116.0
2026-04-21 14:50:00,131.1394,131.5158,131.1294,131.4564,42137.0
2026-04-21 14:55:00,131.4663,131.5455,131.2681,131.444,64151.0
2026-04-21 15:00:00,131.4762,131.6941,131.4168,131.5753,74813.0
2026-04-21 15:05:00,131.5827,131.5951,131.3672,131.392,33573.0
2026-04-21 15:10:00,131.392,131.6644,131.2979,131.3276,48981.0
2026-04-21 15:15:00,131.392,131.5158,131.179,131.288,42761.0
2026-04-21 15:20:00,131.2582,131.4465,131.1294,131.1691,41360.0
2026-04-21 15:25:00,131.2193,131.387,131.0898,131.2533,68111.0
2026-04-21 15:30:00,131.2285,131.5257,131.1542,131.3573,64971.0
2026-04-21 15:35:00,131.3524,131.5505,131.2582,131.5505,75923.0
2026-04-21 15:40:00,131.5505,131.5654,130.9759,131.0502,110982.0
2026-04-21 15:45:00,131.0502,131.3375,130.9511,130.9957,116932.0
2026-04-21 15:50:00,131.0403,131.1889,130.7332,131.1641,170844.0
2026-04-21 15:55:00,131.1641,131.4712,130.8322,130.8818,584949.0
2026-04-22 09:30:00,131.283,131.283,130.0298,130.218,122422.0
2026-04-22 09:35:00,130.218,130.6341,129.8901,130.2873,75044.0
2026-04-22 09:40:00,130.1932,130.1932,129.3957,129.4205,116786.0
2026-04-22 09:45:00,129.3759,130.4805,129.3759,130.3469,41379.0
2026-04-22 09:50:00,130.2626,130.5053,129.9723,130.4657,24728.0
2026-04-22 09:55:00,130.4855,130.7431,130.3666,130.5647,25545.0
2026-04-22 10:00:00,130.5548,130.5548,130.1487,130.2031,49930.0
2026-04-22 10:05:00,130.1932,130.327,130.1932,130.3072,23373.0
2026-04-22 10:10:00,130.3171,130.3864,130.0149,130.0694,36111.0
2026-04-22 10:15:00,130.0694,130.2477,129.9506,129.9506,23170.0
2026-04-22 10:20:00,130.01,130.0496,129.5939,129.5939,36504.0
2026-04-22 10:25:00,129.6583,129.7722,129.588,129.7127,28222.0
2026-04-22 10:30:00,129.683,129.683,129.2966,129.2966,39184.0
2026-04-22 10:35:00,129.2768,129.6236,129.1779,129.3858,78052.0
2026-04-22 10:40:00,129.4355,129.6929,129.3759,129.5889,37264.0
2026-04-22 10:45:00,129.6236,129.7821,129.5245,129.7821,59836.0
2026-04-22 10:50:00,129.8514,129.901,129.7623,129.8118,29804.0
2026-04-22 10:55:00,129.8613,130.109,129.8118,130.109,23551.0
2026-04-22 11:00:00,130.1784,130.1883,129.8217,129.8316,27243.0
2026-04-22 11:05:00,129.8217,130.0,129.6041,129.9257,26340.0
2026-04-22 11:10:00,129.9701,130.109,129.8019,129.8069,25520.0
2026-04-22 11:15:00,129.8316,129.8812,129.6186,129.792,17848.0
2026-04-22 11:20:00,129.8118,129.8514,129.5443,129.584,48210.0
2026-04-22 11:25:00,129.5542,129.6087,129.4667,129.584,35415.0
2026-04-22 11:30:00,129.6236,129.8911,129.6236,129.792,21175.0
2026-04-22 11:35:00,129.8514,129.9109,129.5641,129.5641,40199.0
2026-04-22 11:40:00,129.5641,129.7078,129.4254,129.7078,21357.0
2026-04-22 11:45:00,129.7132,129.7132,129.5666,129.6434,17563.0
2026-04-22 11:50:00,129.6186,129.6632,129.3363,129.3759,25109.0
2026-04-22 11:55:00,129.4254,129.6632,129.2669,129.574,24546.0
2026-04-22 12:00:00,129.6038,129.6533,129.4997,129.6335,28085.0
2026-04-22 12:05:00,129.6335,129.7326,129.5567,129.6732,14854.0
2026-04-22 12:10:00,129.6434,129.7623,129.6384,129.6929,30410.0
2026-04-22 12:15:00,129.7326,129.8514,129.6781,129.7127,16428.0
2026-04-22 12:20:00,129.6632,129.797,129.6236,129.7177,31532.0
2026-04-22 12:25:00,129.7425,129.7524,129.5641,129.5641,34537.0
2026-04-22 12:30:00,129.5245,129.6632,129.4155,129.6632,15087.0
2026-04-22 12:35:00,129.6632,130.0,129.574,129.9604,23668.0
2026-04-22 12:40:00,129.9555,130.1487,129.7425,129.8217,52554.0
2026-04-22 12:45:00,129.7771,129.7771,129.6137,129.7623,20828.0
2026-04-22 12:50:00,129.7425,129.8465,129.7425,129.7474,20054.0
2026-04-22 12:55:00,129.7425,129.7425,129.4453,129.4849,21179.0
2026-04-22 13:00:00,129.4403,129.5542,129.3561,129.4948,29116.0
2026-04-22 13:05:00,129.5245,129.6137,129.4651,129.574,15580.0
2026-04-22 13:10:00,129.6929,129.8118,129.683,129.7672,23133.0
2026-04-22 13:15:00,129.7623,129.7771,129.6039,129.6533,24563.0
2026-04-22 13:20:00,129.6483,129.8316,129.6483,129.8019,24893.0
2026-04-22 13:25:00,129.8316,130.1189,129.8316,130.0347,53100.0
2026-04-22 13:30:00,130.0347,130.1586,129.9941,130.0942,41754.0
2026-04-22 13:35:00,130.109,130.1387,130.0892,130.1288,17971.0
2026-04-22 13:40:00,130.1189,130.1271,130.0398,130.0694,23989.0
2026-04-22 13:45:00,130.0741,130.1487,129.9703,130.0199,30619.0
2026-04-22 13:50:00,129.9604,129.9803,129.9116,129.9803,16231.0
2026-04-22 13:55:00,129.9802,130.01,129.9406,129.9753,29819.0
2026-04-22 14:00:00,129.9654,129.9654,129.7623,129.8069,23272.0
2026-04-22 14:05:00,129.8316,129.9307,129.7326,129.8911,29388.0
2026-04-22 14:10:00,129.901,129.901,129.6731,129.6929,34075.0
2026-04-22 14:15:00,129.6731,129.6929,129.2867,129.3016,81476.0
2026-04-22 14:20:00,129.2917,129.2917,128.8112,128.8706,28610.0
2026-04-22 14:25:00,128.8905,129.0985,128.8607,128.94,57182.0
2026-04-22 14:30:00,128.94,129.1679,128.8607,129.1084,101550.0
2026-04-22 14:35:00,129.1579,129.3561,129.1134,129.2273,45179.0
2026-04-22 14:40:00,129.2273,129.3264,129.1778,129.2867,22205.0
2026-04-22 14:45:00,129.2966,129.4552,129.2075,129.4254,24222.0
2026-04-22 14:50:00,129.4155,129.4651,129.3759,129.3957,19311.0
2026-04-22 14:55:00,129.3908,129.4254,129.3016,129.366,33460.0
2026-04-22 15:00:00,129.3858,129.3957,129.1679,129.2669,55045.0
2026-04-22 15:05:00,129.2471,129.4254,129.1877,129.3809,56852.0
2026-04-22 15:10:00,129.3908,129.5344,129.2274,129.2372,34321.0
2026-04-22 15:15:00,129.2719,129.4552,129.2223,129.4552,37031.0
2026-04-22 15:20:00,129.4651,129.6137,129.4552,129.5344,37123.0
2026-04-22 15:25:00,129.4948,129.7127,129.4552,129.6038,42700.0
2026-04-22 15:30:00,129.6038,129.6335,129.4225,129.4502,103066.0
2026-04-22 15:35:00,129.4155,129.5146,129.3066,129.475,61578.0
2026-04-22 15:40:00,129.4254,129.574,129.3016,129.3759,104061.0
2026-04-22 15:45:00,129.3412,129.5146,129.2372,129.4155,421944.0
2026-04-22 15:50:00,129.4155,129.683,129.2075,129.574,170451.0
2026-04-22 15:55:00,129.5641,129.8217,129.3759,129.3858,436654.0
2026-04-23 09:30:00,129.3264,130.2774,129.3066,129.7326,77837.0
2026-04-23 09:35:00,129.7326,130.0496,129.4043,129.7326,14697.0
2026-04-23 09:40:00,129.6236,129.8366,129.283,129.797,17435.0
2026-04-23 09:45:00,129.7722,129.8267,129.2966,129.2966,23644.0
2026-04-23 09:50:00,129.4007,129.9693,129.2471,129.4304,46304.0
2026-04-23 09:55:00,129.4304,129.8415,129.3462,129.6434,11584.0
2026-04-23 10:00:00,129.5939,129.7325,129.4454,129.6087,39104.0
2026-04-23 10:05:00,129.5307,129.7821,129.4453,129.6038,28698.0
2026-04-23 10:10:00,129.579,129.7474,129.5384,129.6137,13661.0
2026-04-23 10:15:00,129.5666,129.6236,129.4453,129.5443,23124.0
2026-04-23 10:20:00,129.5344,129.7821,129.475,129.4997,20968.0
2026-04-23 10:25:00,129.4997,129.4997,129.0767,129.2174,33462.0
2026-04-23 10:30:00,129.2174,129.3066,129.0688,129.1134,44345.0
2026-04-23 10:35:00,129.1084,129.1084,128.6311,128.8855,41710.0
2026-04-23 10:40:00,128.9301,129.2471,128.8409,129.148,37423.0
2026-04-23 10:45:00,129.1827,129.2917,129.049,129.2174,19167.0
2026-04-23 10:50:00,129.153,129.2273,129.0886,129.1728,11740.0
2026-04-23 10:55:00,129.1778,129.2372,129.0093,129.0242,18515.0
2026-04-23 11:00:00,129.0589,129.0589,128.8905,128.935,22603.0
2026-04-23 11:05:00,128.9301,129.0886,128.9301,129.0688,18186.0
2026-04-23 11:10:00,129.0737,129.1134,128.94,128.9895,11533.0
2026-04-23 11:15:00,128.9598,128.9796,128.7815,128.8062,14142.0
2026-04-23 11:20:00,128.8062,128.9251,128.6824,128.8905,16952.0
2026-04-23 11:25:00,128.9103,129.1282,128.8508,129.0787,20367.0
2026-04-23 11:30:00,129.1084,129.1381,128.9697,129.0044,11498.0
2026-04-23 11:35:00,129.0044,129.049,128.94,128.94,9762.0
2026-04-23 11:40:00,128.94,128.9994,128.94,128.9499,5698.0
2026-04-23 11:45:00,128.8906,128.9499,128.8906,128.94,15484.0
2026-04-23 11:50:00,128.9301,129.049,128.9301,129.049,16242.0
2026-04-23 11:55:00,129.0688,129.1183,129.0093,129.0292,10778.0
2026-04-23 12:00:00,129.0292,129.1431,128.9796,129.1084,25020.0
2026-04-23 12:05:00,129.1381,129.2768,129.0093,129.2768,18178.0
2026-04-23 12:10:00,129.2966,129.4056,129.2669,129.3214,13958.0
2026-04-23 12:15:00,129.3363,129.584,129.3066,129.584,15613.0
2026-04-23 12:20:00,129.584,129.584,129.2669,129.3858,14798.0
2026-04-23 12:25:00,129.3462,129.4452,129.3363,129.3859,11375.0
2026-04-23 12:30:00,129.4056,129.4502,129.3363,129.4254,13755.0
2026-04-23 12:35:00,129.4056,129.5146,129.4056,129.5047,9720.0
2026-04-23 12:40:00,129.376,129.4353,129.366,129.4254,8939.0
2026-04-23 12:45:00,129.4651,129.4849,129.3363,129.3363,6951.0
2026-04-23 12:50:00,129.3363,129.4056,129.2867,129.4007,7682.0
2026-04-23 12:55:00,129.4007,129.4353,129.2818,129.3561,22600.0
2026-04-23 13:00:00,129.361,129.3957,129.1035,129.1332,15270.0
2026-04-23 13:05:00,129.148,129.148,128.8855,128.8855,32680.0
2026-04-23 13:10:00,128.8806,129.0539,128.8652,128.9648,28099.0
2026-04-23 13:15:00,128.9499,128.9499,128.5438,128.618,24964.0
2026-04-23 13:20:00,128.618,128.8806,128.5437,128.7864,17567.0
2026-04-23 13:25:00,128.7864,128.8508,128.4986,128.514,21376.0
2026-04-23 13:30:00,128.5734,128.7914,128.5734,128.7319,18541.0
2026-04-23 13:35:00,128.7419,128.7716,128.5536,128.5734,12338.0
2026-04-23 13:40:00,128.623,128.6329,128.3358,128.3753,30500.0
2026-04-23 13:45:00,128.3654,128.5635,128.2366,128.3159,29772.0
2026-04-23 13:50:00,128.3555,128.9499,128.2465,128.8013,63378.0
2026-04-23 13:55:00,128.7617,128.9103,128.5685,128.5685,30067.0
2026-04-23 14:00:00,128.5833,128.7864,128.5041,128.7864,43681.0
2026-04-23 14:05:00,128.723,128.7567,128.4645,128.5239,47685.0
2026-04-23 14:10:00,128.5239,128.6874,128.4645,128.6279,28520.0
2026-04-23 14:15:00,128.6032,128.8062,128.6032,128.7121,31300.0
2026-04-23 14:20:00,128.7617,129.0093,128.7617,128.9648,26969.0
2026-04-23 14:25:00,128.9598,128.9846,128.8706,128.9747,22885.0
2026-04-23 14:30:00,128.9796,129.1035,128.9796,129.0589,21594.0
2026-04-23 14:35:00,129.0589,129.1084,128.9598,128.9598,19134.0
2026-04-23 14:40:00,128.9549,129.049,128.8122,128.9994,40104.0
2026-04-23 14:45:00,128.9994,129.0589,128.9913,129.0192,117340.0
2026-04-23 14:50:00,129.0192,129.1134,129.0093,129.0589,19070.0
2026-04-23 14:55:00,129.0341,129.0341,128.831,128.9202,28088.0
2026-04-23 15:00:00,128.8905,129.049,128.8657,129.0391,44628.0
2026-04-23 15:05:00,128.9994,129.1679,128.8607,128.8855,50045.0
2026-04-23 15:10:00,128.8508,128.9103,128.6824,128.7319,30686.0
2026-04-23 15:15:00,128.7815,128.7815,128.5586,128.6824,48987.0
2026-04-23 15:20:00,128.6676,128.7518,128.624,128.7121,99915.0
2026-04-23 15:25:00,128.6874,128.8459,128.6725,128.7518,29318.0
2026-04-23 15:30:00,128.7518,128.8162,128.5041,128.5239,31478.0
2026-04-23 15:35:00,128.4942,128.6725,128.3959,128.5536,48207.0
2026-04-23 15:40:00,128.5536,128.6081,128.3357,128.5437,59459.0
2026-04-23 15:45:00,128.5338,128.7022,128.4991,128.7022,55680.0
2026-04-23 15:50:00,128.6725,128.6874,128.4446,128.5437,103238.0
2026-04-23 15:55:00,128.5437,129.0589,128.5289,128.9598,327322.0
2026-04-24 09:30:00,128.8062,128.8062,127.018,127.1221,80953.0
2026-04-24 09:35:00,126.9982,128.2019,126.9091,127.9394,19967.0
2026-04-24 09:40:00,128.0007,128.2267,127.8106,128.1078,24243.0
2026-04-24 09:45:00,128.1375,128.2069,127.553,127.8591,29621.0
2026-04-24 09:50:00,127.8056,127.9939,127.771,127.9097,12207.0
2026-04-24 09:55:00,127.8403,128.2366,127.8403,128.2267,13216.0
2026-04-24 10:00:00,128.1474,128.2663,127.87,128.1326,33219.0
2026-04-24 10:05:00,128.1326,128.1326,127.6917,127.6917,18317.0
2026-04-24 10:10:00,127.6407,127.771,127.4936,127.7204,36057.0
2026-04-24 10:15:00,127.7214,128.0879,127.7214,128.0879,15476.0
2026-04-24 10:20:00,127.9988,128.197,127.989,128.0583,14451.0
2026-04-24 10:25:00,128.0682,128.1623,127.9889,128.1028,28283.0
2026-04-24 10:30:00,128.1177,128.4614,128.1078,128.3951,23214.0
2026-04-24 10:35:00,128.4001,128.405,128.1722,128.1772,18541.0
2026-04-24 10:40:00,128.1549,128.1549,127.9394,127.979,15972.0
2026-04-24 10:45:00,128.0385,128.0682,127.7313,127.7313,35378.0
2026-04-24 10:50:00,127.7313,127.9245,127.7313,127.8155,24310.0
2026-04-24 10:55:00,127.8155,127.9047,127.6818,127.6917,28854.0
2026-04-24 11:00:00,127.7165,127.771,127.4539,127.4539,26415.0
2026-04-24 11:05:00,127.4837,127.4936,127.3351,127.4044,20305.0
2026-04-24 11:10:00,127.3995,127.5035,127.1072,127.2013,37388.0
2026-04-24 11:15:00,127.2211,127.5134,127.2211,127.4936,21349.0
2026-04-24 11:20:00,127.5431,127.5926,127.3747,127.4539,18369.0
2026-04-24 11:25:00,127.4539,127.557,127.2459,127.2459,22876.0
2026-04-24 11:30:00,127.2459,127.3251,127.1171,127.1518,11868.0
2026-04-24 11:35:00,127.1518,127.3351,127.0577,127.3351,16647.0
2026-04-24 11:40:00,127.2707,127.6818,127.2707,127.6818,56904.0
2026-04-24 11:45:00,127.6917,127.7908,127.657,127.7214,22529.0
2026-04-24 11:50:00,127.7809,127.8998,127.6719,127.8998,27777.0
2026-04-24 11:55:00,127.9097,127.9592,127.8007,127.8304,12662.0
2026-04-24 12:00:00,127.8502,127.9047,127.8304,127.8998,13909.0
2026-04-24 12:05:00,127.9097,128.088,127.9097,128.0186,19258.0
2026-04-24 12:10:00,127.9988,128.0285,127.9493,127.9691,14602.0
2026-04-24 12:15:00,127.9691,127.9691,127.8502,127.8998,27213.0
2026-04-24 12:20:00,127.8601,127.979,127.8502,127.9394,18024.0
2026-04-24 12:25:00,127.9394,128.0682,127.8304,127.9592,12109.0
2026-04-24 12:30:00,127.9394,127.9959,127.8453,127.8453,22594.0
2026-04-24 12:35:00,127.8304,127.9297,127.7611,127.8898,15531.0
2026-04-24 12:40:00,127.9047,127.9097,127.714,127.7908,12152.0
2026-04-24 12:45:00,127.766,127.8016,127.7388,127.771,16880.0
2026-04-24 12:50:00,127.8205,127.8898,127.8205,127.8898,8273.0
2026-04-24 12:55:00,127.8978,127.8998,127.7909,127.8106,15878.0
2026-04-24 13:00:00,127.8403,127.87,127.7313,127.7611,24469.0
2026-04-24 13:05:00,127.771,127.771,127.5877,127.5877,18311.0
2026-04-24 13:10:00,127.6323,127.6818,127.5233,127.5233,12052.0
2026-04-24 13:15:00,127.4886,127.5585,127.4787,127.4837,10945.0
2026-04-24 13:20:00,127.4936,127.6025,127.4341,127.553,63420.0
2026-04-24 13:25:00,127.4838,127.5827,127.4838,127.5629,20958.0
2026-04-24 13:30:00,127.5629,127.5827,127.4638,127.4985,15182.0
2026-04-24 13:35:00,127.5233,127.5431,127.4341,127.5134,18033.0
2026-04-24 13:40:00,127.4985,127.5728,127.2954,127.3103,18584.0
2026-04-24 13:45:00,127.3152,127.3747,127.1667,127.2707,18507.0
2026-04-24 13:50:00,127.2657,127.4638,127.2063,127.4044,18599.0
2026-04-24 13:55:00,127.4143,127.4638,127.3152,127.4637,12032.0
2026-04-24 14:00:00,127.4638,127.5035,127.3995,127.5035,11710.0
2026-04-24 14:05:00,127.4738,127.5926,127.444,127.5134,16268.0
2026-04-24 14:10:00,127.5035,127.5332,127.3846,127.3846,15123.0
2026-04-24 14:15:00,127.4242,127.5134,127.3895,127.5134,12961.0
2026-04-24 14:20:00,127.5134,127.5629,127.4539,127.5381,17088.0
2026-04-24 14:25:00,127.5134,127.5431,127.4638,127.4886,11535.0
2026-04-24 14:30:00,127.4738,127.5233,127.3251,127.3846,22948.0
2026-04-24 14:35:00,127.3623,127.4242,127.2608,127.3895,19994.0
2026-04-24 14:40:00,127.4143,127.4539,127.3549,127.4094,14956.0
2026-04-24 14:45:00,127.3945,127.5332,127.3945,127.5332,17938.0
2026-04-24 14:50:00,127.553,127.6521,127.4242,127.444,22121.0
2026-04-24 14:55:00,127.4242,127.4539,127.3549,127.4193,12904.0
2026-04-24 15:00:00,127.4638,127.6323,127.4539,127.5183,20043.0
2026-04-24 15:05:00,127.4985,127.5926,127.4143,127.4391,22973.0
2026-04-24 15:10:00,127.4391,127.4638,127.3351,127.3648,19676.0
2026-04-24 15:15:00,127.3598,127.3598,127.1864,127.2211,32217.0
2026-04-24 15:20:00,127.2261,127.2954,127.1666,127.2013,26189.0
2026-04-24 15:25:00,127.1864,127.345,127.0378,127.3251,38675.0
2026-04-24 15:30:00,127.3053,127.4539,127.1676,127.3499,54304.0
2026-04-24 15:35:00,127.3251,127.3747,127.236,127.3549,37421.0
2026-04-24 15:40:00,127.3747,127.4044,127.3251,127.3846,37946.0
2026-04-24 15:45:00,127.3846,127.4043,127.236,127.4043,64501.0
2026-04-24 15:50:00,127.3747,127.7809,127.3747,127.7809,108933.0
2026-04-24 15:55:00,127.7908,128.1276,127.6521,128.0385,468122.0
2026-04-27 09:30:00,128.301,128.9796,127.7957,127.8007,266725.0
2026-04-27 09:35:00,127.8007,128.088,127.0874,127.8056,59980.0
2026-04-27 09:40:00,127.8255,127.8898,127.2162,127.3004,30935.0
2026-04-27 09:45:00,127.3053,127.3053,126.2859,126.5722,118919.0
2026-04-27 09:50:00,126.5574,127.543,126.3835,127.3598,37115.0
2026-04-27 09:55:00,127.3598,128.2168,127.3549,128.2152,54368.0
2026-04-27 10:00:00,128.1078,128.4744,127.9889,128.4248,28417.0
2026-04-27 10:05:00,128.4545,128.7716,128.3059,128.4892,36986.0
2026-04-27 10:10:00,128.4149,128.6527,128.3555,128.4545,26213.0
2026-04-27 10:15:00,128.4347,128.7815,128.3456,128.5586,30599.0
2026-04-27 10:20:00,128.4843,128.6329,128.3951,128.4942,32160.0
2026-04-27 10:25:00,128.5041,128.5338,128.3406,128.405,34605.0
2026-04-27 10:30:00,128.405,128.5833,128.2614,128.2861,37670.0
2026-04-27 10:35:00,128.2465,128.6131,128.2069,128.5635,25320.0
2026-04-27 10:40:00,128.6032,128.7617,128.3059,128.6923,28310.0
2026-04-27 10:45:00,128.7171,128.7617,128.4744,128.509,27616.0
2026-04-27 10:50:00,128.509,128.6923,128.3456,128.6378,18064.0
2026-04-27 10:55:00,128.6824,129.0391,128.5041,128.9202,37384.0
2026-04-27 11:00:00,128.9202,129.1778,128.9202,129.1233,86506.0
2026-04-27 11:05:00,129.1679,129.2768,128.9796,129.148,51165.0
2026-04-27 11:10:00,129.1282,129.2867,129.0985,129.2124,31987.0
2026-04-27 11:15:00,129.2768,129.432,129.0589,129.1827,45612.0
2026-04-27 11:20:00,129.1877,129.1877,128.9598,128.9747,26373.0
2026-04-27 11:25:00,128.9871,129.1183,128.6726,128.7567,66156.0
2026-04-27 11:30:00,128.7567,128.8062,128.6329,128.722,26617.0
2026-04-27 11:35:00,128.7518,128.7815,128.5833,128.6651,50054.0
2026-04-27 11:40:00,128.6676,129.0985,128.6428,129.0787,54512.0
2026-04-27 11:45:00,129.1084,129.2074,129.049,129.1778,26767.0
2026-04-27 11:50:00,129.1778,129.5443,129.1282,129.5344,83288.0
2026-04-27 11:55:00,129.4799,129.5245,129.1134,129.148,68399.0
2026-04-27 12:00:00,129.1381,129.3363,129.0787,129.3264,36104.0
2026-04-27 12:05:00,129.3165,129.3561,129.1778,129.3172,22178.0
2026-04-27 12:10:00,129.3264,129.3759,129.1679,129.1877,24006.0
2026-04-27 12:15:00,129.2372,129.2372,129.0985,129.1976,15653.0
2026-04-27 12:20:00,129.148,129.2075,129.0143,129.1282,23424.0
2026-04-27 12:25:00,129.1183,129.1183,128.94,129.0281,15051.0
2026-04-27 12:30:00,128.9697,129.0886,128.836,128.836,30551.0
2026-04-27 12:35:00,128.8211,128.8211,128.6527,128.7419,34148.0
2026-04-27 12:40:00,128.7815,128.7815,128.6329,128.6527,16474.0
2026-04-27 12:45:00,128.6775,128.6824,128.5536,128.6428,19350.0
2026-04-27 12:50:00,128.6428,128.7419,128.6131,128.7419,16944.0
2026-04-27 12:55:00,128.7518,128.9004,128.6824,128.8607,20246.0
2026-04-27 13:00:00,128.8607,128.9103,128.7617,128.7617,18290.0
2026-04-27 13:05:00,128.7963,128.7963,128.6032,128.6576,17744.0
2026-04-27 13:10:00,128.6725,128.7716,128.6428,128.6428,19731.0
2026-04-27 13:15:00,128.6428,128.7617,128.6131,128.7419,17357.0
2026-04-27 13:20:00,128.7518,128.8409,128.6824,128.6824,21635.0
2026-04-27 13:25:00,128.722,128.7716,128.6676,128.7022,19247.0
2026-04-27 13:30:00,128.6725,128.7319,128.4942,128.4942,20642.0
2026-04-27 13:35:00,128.4991,128.5437,128.4397,128.4744,14446.0
2026-04-27 13:40:00,128.4397,128.4942,128.3753,128.3951,18766.0
2026-04-27 13:45:00,128.405,128.4843,128.3951,128.4843,16870.0
2026-04-27 13:50:00,128.4744,128.5041,128.3802,128.3852,15706.0
2026-04-27 13:55:00,128.3852,128.4149,128.2267,128.2663,52968.0
2026-04-27 14:00:00,128.2663,128.2663,127.9071,128.0731,46746.0
2026-04-27 14:05:00,128.0385,128.1177,127.8998,128.1078,33747.0
2026-04-27 14:10:00,128.1078,128.2267,128.0385,128.1772,23408.0
2026-04-27 14:15:00,128.2118,128.2118,127.87,127.9394,63202.0
2026-04-27 14:20:00,127.9369,127.9394,127.7313,127.7611,17117.0
2026-04-27 14:25:00,127.7561,127.9295,127.7215,127.8998,20891.0
2026-04-27 14:30:00,127.8948,127.8948,127.7016,127.7809,24768.0
2026-04-27 14:35:00,127.8502,127.9394,127.7809,127.9097,15931.0
2026-04-27 14:40:00,127.9493,128.0285,127.6818,127.7115,21547.0
2026-04-27 14:45:00,127.7115,127.8799,127.6818,127.8502,26294.0
2026-04-27 14:50:00,127.8453,127.9889,127.7908,127.979,26479.0
2026-04-27 14:55:00,128.0087,128.0186,127.8601,127.8799,21572.0
2026-04-27 15:00:00,127.875,128.0186,127.87,127.9245,31745.0
2026-04-27 15:05:00,127.9196,128.1671,127.9097,128.1276,36531.0
2026-04-27 15:10:00,128.1276,128.2366,127.9097,127.9097,33850.0
2026-04-27 15:15:00,127.9097,128.0583,127.8898,127.9097,29367.0
2026-04-27 15:20:00,127.9047,128.088,127.8799,128.0285,34382.0
2026-04-27 15:25:00,128.0236,128.1078,127.9097,127.9691,43777.0
2026-04-27 15:30:00,127.9691,128.0632,127.8502,128.0087,59947.0
2026-04-27 15:35:00,128.0484,128.2564,128.0484,128.2069,48014.0
2026-04-27 15:40:00,128.1871,128.3555,128.1672,128.1672,57269.0
2026-04-27 15:45:00,128.197,128.3258,128.1474,128.3208,66153.0
2026-04-27 15:50:00,128.3059,128.514,128.1871,128.2168,144014.0
2026-04-27 15:55:00,128.2366,128.5932,128.2366,128.5041,390600.0
2026-04-28 09:30:00,129.3066,129.782,128.9994,129.0589,61820.0
2026-04-28 09:35:00,128.9994,129.0589,128.0682,128.2019,29414.0
2026-04-28 09:40:00,128.1425,128.4248,127.7313,127.7313,17592.0
2026-04-28 09:45:00,127.8205,128.0484,127.3053,127.6025,72088.0
2026-04-28 09:50:00,127.5728,127.8403,127.4044,127.5084,27075.0
2026-04-28 09:55:00,127.4044,127.4936,127.0725,127.0725,32067.0
2026-04-28 10:00:00,127.2162,127.4143,126.8001,126.9338,44491.0
2026-04-28 10:05:00,126.9289,126.9685,126.6713,126.7803,21796.0
2026-04-28 10:10:00,126.7109,126.7852,126.4831,126.592,26227.0
2026-04-28 10:15:00,126.7694,126.7694,126.2403,126.4087,58979.0
2026-04-28 10:20:00,126.3444,126.7604,126.2354,126.7208,24743.0
2026-04-28 10:25:00,126.81,126.9784,126.5821,126.7208,25578.0
2026-04-28 10:30:00,126.7456,127.1567,126.7456,126.8694,32717.0
2026-04-28 10:35:00,126.8496,127.127,126.8496,126.9834,27943.0
2026-04-28 10:40:00,126.9685,127.2855,126.8694,127.0775,26262.0
2026-04-28 10:45:00,127.0577,127.6174,126.9933,127.4044,34866.0
2026-04-28 10:50:00,127.5629,127.7313,127.5035,127.7313,16054.0
2026-04-28 10:55:00,127.771,127.87,127.7115,127.8155,16750.0
2026-04-28 11:00:00,127.8155,128.0385,127.8155,127.8601,56703.0
2026-04-28 11:05:00,127.8651,128.2564,127.7908,128.0881,44639.0
2026-04-28 11:10:00,128.1672,128.1772,128.0236,128.0385,21981.0
2026-04-28 11:15:00,128.0186,128.2267,127.9988,128.2069,16246.0
2026-04-28 11:20:00,128.197,128.395,128.1871,128.3456,27184.0
2026-04-28 11:25:00,128.3406,128.4942,128.3208,128.4216,14358.0
2026-04-28 11:30:00,128.4744,128.514,128.0881,128.2168,199860.0
2026-04-28 11:35:00,128.1971,128.3951,128.1375,128.3357,23524.0
2026-04-28 11:40:00,128.2366,128.5536,128.2366,128.3951,23426.0
2026-04-28 11:45:00,128.3852,128.623,128.3753,128.4843,15480.0
2026-04-28 11:50:00,128.5734,128.613,128.4942,128.5487,14542.0
2026-04-28 11:55:00,128.5487,128.5952,128.4744,128.5635,15255.0
2026-04-28 12:00:00,128.5635,128.623,128.4744,128.5089,19864.0
2026-04-28 12:05:00,128.4942,128.5487,128.405,128.5437,38269.0
2026-04-28 12:10:00,128.5833,128.5932,128.4347,128.4719,17623.0
2026-04-28 12:15:00,128.4694,128.4744,128.3208,128.3703,11892.0
2026-04-28 12:20:00,128.3703,128.3703,128.1425,128.1623,19740.0
2026-04-28 12:25:00,128.1623,128.2564,128.1177,128.1924,23204.0
2026-04-28 12:30:00,128.192,128.2159,128.1177,128.1375,18046.0
2026-04-28 12:35:00,128.1078,128.1177,127.9592,128.0385,17552.0
2026-04-28 12:40:00,128.0979,128.1375,128.0385,128.0583,13072.0
2026-04-28 12:45:00,128.0583,128.1128,128.034,128.0731,10763.0
2026-04-28 12:50:00,128.0285,128.0285,127.8998,127.9443,13083.0
2026-04-28 12:55:00,127.9443,127.979,127.7115,127.7165,28945.0
2026-04-28 13:00:00,127.6917,127.8007,127.6471,127.7165,53385.0
2026-04-28 13:05:00,127.7066,127.7908,127.5629,127.5728,14014.0
2026-04-28 13:10:00,127.6125,127.8106,127.6075,127.8106,12672.0
2026-04-28 13:15:00,127.8007,127.9295,127.7313,127.7511,23390.0
2026-04-28 13:20:00,127.7462,127.7462,127.6,127.6025,29703.0
2026-04-28 13:25:00,127.6125,127.771,127.5926,127.771,16561.0
2026-04-28 13:30:00,127.7809,127.7809,127.6422,127.6521,14250.0
2026-04-28 13:35:00,127.6422,127.6917,127.4936,127.5084,18507.0
2026-04-28 13:40:00,127.4738,127.5679,127.4738,127.5035,12745.0
2026-04-28 13:45:00,127.4539,127.4539,127.345,127.3648,18693.0
2026-04-28 13:50:00,127.345,127.3549,127.1815,127.1864,19513.0
2026-04-28 13:55:00,127.2013,127.3351,127.1666,127.1864,28355.0
2026-04-28 14:00:00,127.1765,127.236,127.0973,127.132,17654.0
2026-04-28 14:05:00,127.1419,127.2063,127.0775,127.0775,18343.0
2026-04-28 14:10:00,127.1072,127.1072,127.018,127.023,10703.0
2026-04-28 14:15:00,126.9883,126.9982,126.8496,126.8496,32275.0
2026-04-28 14:20:00,126.8298,126.8645,126.6119,126.7505,38725.0
2026-04-28 14:25:00,126.7505,126.7704,126.6171,126.7307,20859.0
2026-04-28 14:30:00,126.7109,126.7704,126.5822,126.6614,16728.0
2026-04-28 14:35:00,126.6811,126.7604,126.592,126.6663,14128.0
2026-04-28 14:40:00,126.6118,126.7207,126.5722,126.6663,17358.0
2026-04-28 14:45:00,126.6713,126.7109,126.5722,126.6168,31390.0
2026-04-28 14:50:00,126.6515,126.7109,126.5722,126.6861,33462.0
2026-04-28 14:55:00,126.6861,126.8298,126.5722,126.5722,105912.0
2026-04-28 15:00:00,126.5623,126.6217,126.4831,126.6118,24216.0
2026-04-28 15:05:00,126.6069,126.6168,126.4731,126.5722,17573.0
2026-04-28 15:10:00,126.5821,126.6812,126.5821,126.6217,38411.0
2026-04-28 15:15:00,126.6811,126.7208,126.6019,126.6713,32230.0
2026-04-28 15:20:00,126.6564,126.7208,126.5425,126.597,30993.0
2026-04-28 15:25:00,126.6019,126.6713,126.2849,126.3245,65053.0
2026-04-28 15:30:00,126.3146,126.3196,125.7897,125.7897,88993.0
2026-04-28 15:35:00,125.849,125.9877,125.8292,125.8886,63621.0
2026-04-28 15:40:00,125.8886,126.0273,125.8589,125.9976,78368.0
2026-04-28 15:45:00,125.9629,126.1066,125.9183,126.0521,47262.0
2026-04-28 15:50:00,126.057,126.0719,125.8193,126.0075,140802.0
2026-04-28 15:55:00,126.0273,126.1363,125.8787,125.958,408207.0
2026-04-29 09:30:00,125.4131,125.5716,124.1648,124.8286,130648.0
2026-04-29 09:35:00,124.7592,125.1704,124.6602,124.7295,31884.0
2026-04-29 09:40:00,124.6701,124.7345,124.2929,124.3035,35657.0
2026-04-29 09:45:00,124.4026,124.6701,124.2044,124.6701,81672.0
2026-04-29 09:50:00,124.6602,124.779,124.3828,124.68,31151.0
2026-04-29 09:55:00,124.6849,124.9376,124.6255,124.7592,35058.0
2026-04-29 10:00:00,124.7394,125.1431,124.6998,125.106,48438.0
2026-04-29 10:05:00,125.0663,125.7683,125.0317,125.7683,33417.0
2026-04-29 10:10:00,125.7697,125.8292,125.7202,125.7896,27808.0
2026-04-29 10:15:00,125.8298,126.1535,125.5617,125.9877,54444.0
2026-04-29 10:20:00,125.8886,126.0868,125.74,125.7697,38060.0
2026-04-29 10:25:00,125.7351,125.9976,125.7301,125.7351,18614.0
2026-04-29 10:30:00,125.7351,125.9976,125.7071,125.7499,28217.0
2026-04-29 10:35:00,125.8094,126.1165,125.7549,125.9035,39534.0
2026-04-29 10:40:00,125.8886,126.2057,125.8886,126.1759,19685.0
2026-04-29 10:45:00,126.166,126.3741,126.1363,126.27,57012.0
2026-04-29 10:50:00,126.27,126.5227,126.1908,126.4781,23454.0
2026-04-29 10:55:00,126.4583,126.4583,126.1363,126.3939,46537.0
2026-04-29 11:00:00,126.3394,126.5623,126.2652,126.5623,47120.0
2026-04-29 11:05:00,126.5425,126.5623,126.1957,126.3444,34975.0
2026-04-29 11:10:00,126.2651,126.3444,126.1363,126.3344,12077.0
2026-04-29 11:15:00,126.3003,126.4236,126.1858,126.2153,18950.0
2026-04-29 11:20:00,126.223,126.2304,125.9877,126.1611,25030.0
2026-04-29 11:25:00,126.1165,126.2552,126.057,126.2453,15759.0
2026-04-29 11:30:00,126.206,126.2403,126.0174,126.0422,14547.0
2026-04-29 11:35:00,126.0471,126.0868,125.9976,125.9976,11428.0
2026-04-29 11:40:00,126.0372,126.2057,126.0273,126.1264,13594.0
2026-04-29 11:45:00,126.1858,126.2948,126.1858,126.2156,31634.0
2026-04-29 11:50:00,126.2354,126.275,126.0174,126.067,76771.0
2026-04-29 11:55:00,126.067,126.2057,125.8193,125.8391,65307.0
2026-04-29 12:00:00,125.7995,125.8787,125.6707,125.7103,19926.0
2026-04-29 12:05:00,125.6707,125.849,125.641,125.7648,36147.0
2026-04-29 12:10:00,125.7648,125.9035,125.745,125.9035,36094.0
2026-04-29 12:15:00,125.8886,126.067,125.849,126.067,29541.0
2026-04-29 12:20:00,126.0471,126.2304,125.9679,126.1066,43641.0
2026-04-29 12:25:00,126.1264,126.5069,125.9382,125.9902,88854.0
2026-04-29 12:30:00,125.9976,126.2255,125.9927,125.9927,10094.0
2026-04-29 12:35:00,125.9852,126.067,125.8193,125.8985,24174.0
2026-04-29 12:40:00,125.8837,126.166,125.8837,126.166,14970.0
2026-04-29 12:45:00,126.1561,126.1561,125.8886,125.9877,19063.0
2026-04-29 12:50:00,125.9382,126.0273,125.8886,126.0075,23403.0
2026-04-29 12:55:00,126.0075,126.0967,125.9679,126.0868,17855.0
2026-04-29 13:00:00,126.0868,126.1363,126.0075,126.1066,16406.0
2026-04-29 13:05:00,126.0372,126.0967,125.9728,126.067,26593.0
2026-04-29 13:10:00,126.058,126.0769,125.8985,125.8985,18666.0
2026-04-29 13:15:00,125.9233,125.9877,125.8194,125.9778,18935.0
2026-04-29 13:20:00,126.0075,126.0372,125.9778,126.0174,12386.0
2026-04-29 13:25:00,126.0174,126.1759,126.0174,126.0719,28473.0
2026-04-29 13:30:00,126.0719,126.1363,126.0076,126.0422,21453.0
2026-04-29 13:35:00,126.0372,126.1561,126.0075,126.0471,32001.0
2026-04-29 13:40:00,126.0868,126.0868,125.9431,126.0075,8155.0
2026-04-29 13:45:00,126.057,126.0967,126.0174,126.067,10548.0
2026-04-29 13:50:00,126.0075,126.384,125.9877,126.3146,61241.0
2026-04-29 13:55:00,126.2651,126.6812,126.2354,126.6019,126252.0
2026-04-29 14:00:00,126.5623,126.6118,126.4335,126.5276,18089.0
2026-04-29 14:05:00,126.5821,126.5821,126.3047,126.4038,38945.0
2026-04-29 14:10:00,126.3939,126.3939,126.1562,126.2156,28806.0
2026-04-29 14:15:00,126.2255,126.3444,126.1363,126.2453,64108.0
2026-04-29 14:20:00,126.2552,126.2552,126.0769,126.1165,11406.0
2026-04-29 14:25:00,126.1759,126.3245,126.1165,126.1214,31389.0
2026-04-29 14:30:00,126.1264,126.1561,125.8193,125.8193,31756.0
2026-04-29 14:35:00,125.8391,125.8985,125.7113,125.7846,61458.0
2026-04-29 14:40:00,125.7846,125.8292,125.6806,125.74,25097.0
2026-04-29 14:45:00,125.7351,125.8589,125.7202,125.8094,25533.0
2026-04-29 14:50:00,125.7797,126.0273,125.7697,126.0174,18535.0
2026-04-29 14:55:00,125.9877,126.2057,125.958,126.2057,26966.0
2026-04-29 15:00:00,126.1363,126.1858,125.7995,125.7995,39087.0
2026-04-29 15:05:00,125.7202,125.958,125.7202,125.9258,46719.0
2026-04-29 15:10:00,125.8985,126.1314,125.8886,126.1239,28101.0
2026-04-29 15:15:00,126.0967,126.2403,126.0184,126.1858,21560.0
2026-04-29 15:20:00,126.1957,126.2057,126.0769,126.1462,27373.0
2026-04-29 15:25:00,126.1363,126.166,126.062,126.1264,45590.0
2026-04-29 15:30:00,126.1264,126.1264,125.8688,125.9481,51506.0
2026-04-29 15:35:00,125.9778,126.3543,125.9778,126.3543,46395.0
2026-04-29 15:40:00,126.2948,126.3741,126.166,126.3642,30600.0
2026-04-29 15:45:00,126.3642,126.5326,126.2948,126.4831,92371.0
2026-04-29 15:50:00,126.5524,126.7406,126.5128,126.6217,167242.0
2026-04-29 15:55:00,126.6267,126.8496,126.5128,126.7307,336550.0
2026-04-30 09:30:00,127.2954,128.197,126.9091,126.9586,64991.0
2026-04-30 09:35:00,126.9586,127.2657,126.8149,127.0119,24151.0
2026-04-30 09:40:00,127.0478,127.4242,126.9784,127.3747,34772.0
2026-04-30 09:45:00,127.444,127.5629,127.0676,127.0676,22994.0
2026-04-30 09:50:00,127.1022,127.6422,127.1022,127.5926,20558.0
2026-04-30 09:55:00,127.5035,127.6125,127.2559,127.4837,24006.0
2026-04-30 10:00:00,127.5035,127.5728,127.3351,127.4639,19315.0
2026-04-30 10:05:00,127.5827,127.8007,127.4391,127.7611,43844.0
2026-04-30 10:10:00,127.8997,127.9196,127.4886,127.5629,38808.0
2026-04-30 10:15:00,127.6422,127.8998,127.5629,127.6768,38201.0
2026-04-30 10:20:00,127.6273,127.7511,127.553,127.6768,41768.0
2026-04-30 10:25:00,127.7214,127.8998,127.6025,127.6125,53805.0
2026-04-30 10:30:00,127.6323,127.7016,127.4589,127.5035,28815.0
2026-04-30 10:35:00,127.4627,127.6025,127.3995,127.5035,27780.0
2026-04-30 10:40:00,127.5629,127.6719,127.1765,127.2211,32381.0
2026-04-30 10:45:00,127.2211,127.2459,126.9338,126.9982,23637.0
2026-04-30 10:50:00,127.0131,127.127,126.9091,126.914,24815.0
2026-04-30 10:55:00,126.8942,127.0577,126.8694,126.9289,19638.0
2026-04-30 11:00:00,126.9784,126.9883,126.7109,126.8892,27992.0
2026-04-30 11:05:00,126.8397,126.9883,126.7406,126.8001,23266.0
2026-04-30 11:10:00,126.8397,126.9041,126.6019,126.6019,18498.0
2026-04-30 11:15:00,126.6317,126.8595,126.5129,126.81,27306.0
2026-04-30 11:20:00,126.8397,126.919,126.6465,126.6812,27192.0
2026-04-30 11:25:00,126.6812,126.8793,126.6812,126.8397,26207.0
2026-04-30 11:30:00,126.8793,127.3251,126.8496,127.3251,41414.0
2026-04-30 11:35:00,127.2905,127.6422,127.2558,127.6125,30914.0
2026-04-30 11:40:00,127.5629,127.7313,127.5629,127.7214,17136.0
2026-04-30 11:45:00,127.6225,127.8502,127.553,127.8502,40821.0
2026-04-30 11:50:00,127.7809,127.8898,127.6818,127.8205,28362.0
2026-04-30 11:55:00,127.87,127.9295,127.7115,127.8502,15525.0
2026-04-30 12:00:00,127.9097,127.9097,127.8106,127.8155,12057.0
2026-04-30 12:05:00,127.8008,127.8354,127.6917,127.7313,31534.0
2026-04-30 12:10:00,127.7313,127.7313,127.4738,127.5679,25884.0
2026-04-30 12:15:00,127.5233,127.5629,127.4539,127.5481,11949.0
2026-04-30 12:20:00,127.5332,127.5827,127.4837,127.5827,35318.0
2026-04-30 12:25:00,127.5827,127.7066,127.5827,127.6818,13461.0
2026-04-30 12:30:00,127.6917,127.6967,127.5233,127.5233,11582.0
2026-04-30 12:35:00,127.5431,127.6917,127.5134,127.6323,17150.0
2026-04-30 12:40:00,127.6125,127.7115,127.6125,127.7115,10344.0
2026-04-30 12:45:00,127.6719,127.6917,127.6025,127.6521,11197.0
2026-04-30 12:50:00,127.657,127.6818,127.553,127.6818,12578.0
2026-04-30 12:55:00,127.6817,127.8601,127.6817,127.8106,18555.0
2026-04-30 13:00:00,127.8699,127.8699,127.6372,127.6818,8741.0
2026-04-30 13:05:00,127.7016,127.8007,127.662,127.7561,6524.0
2026-04-30 13:10:00,127.7165,127.8205,127.7165,127.7611,9000.0
2026-04-30 13:15:00,127.7611,127.8403,127.7344,127.7809,7874.0
2026-04-30 13:20:00,127.8106,127.9394,127.7313,127.9196,15013.0
2026-04-30 13:25:00,127.9097,127.9394,127.7809,127.8799,17269.0
2026-04-30 13:30:00,127.8502,127.9889,127.8502,127.9097,10548.0
2026-04-30 13:35:00,127.9889,128.0781,127.9295,127.9642,18253.0
2026-04-30 13:40:00,127.9642,128.0385,127.8998,127.9642,19994.0
2026-04-30 13:45:00,127.9642,127.9988,127.8403,127.8403,26691.0
2026-04-30 13:50:00,127.87,127.87,127.6025,127.6025,16417.0
2026-04-30 13:55:00,127.6174,127.6818,127.3648,127.3648,23992.0
2026-04-30 14:00:00,127.3053,127.3053,127.1964,127.2261,16401.0
2026-04-30 14:05:00,127.2261,127.4738,127.1864,127.4738,26894.0
2026-04-30 14:10:00,127.4738,127.7858,127.444,127.7611,37065.0
2026-04-30 14:15:00,127.7412,127.9889,127.7313,127.9691,34761.0
2026-04-30 14:20:00,127.9741,128.0682,127.8601,127.8651,17165.0
2026-04-30 14:25:00,127.8601,127.9394,127.8056,127.8799,20642.0
2026-04-30 14:30:00,127.8998,128.1772,127.8799,128.1276,31018.0
2026-04-30 14:35:00,128.1474,128.3753,128.1177,128.3753,34883.0
2026-04-30 14:40:00,128.3654,128.4001,128.2663,128.2663,34418.0
2026-04-30 14:45:00,128.2465,128.3951,128.2168,128.2663,36808.0
2026-04-30 14:50:00,128.2564,128.3159,128.1772,128.2565,24189.0
2026-04-30 14:55:00,128.2663,128.3852,128.2366,128.3456,30968.0
2026-04-30 15:00:00,128.3357,128.3456,128.1672,128.2614,31882.0
2026-04-30 15:05:00,128.2614,128.2861,128.1177,128.2762,24693.0
2026-04-30 15:10:00,128.2564,128.3852,128.197,128.2366,41466.0
2026-04-30 15:15:00,128.2465,128.3357,128.1871,128.2366,25513.0
2026-04-30 15:20:00,128.2217,128.3357,128.2069,128.2861,27888.0
2026-04-30 15:25:00,128.2812,128.3852,128.2515,128.3258,24664.0
2026-04-30 15:30:00,128.3456,128.3555,128.0484,128.0583,50669.0
2026-04-30 15:35:00,128.0781,128.192,128.0484,128.192,32773.0
2026-04-30 15:40:00,128.2168,128.2366,128.0484,128.1672,35346.0
2026-04-30 15:45:00,128.1425,128.3258,128.0186,128.3258,67328.0
2026-04-30 15:50:00,128.3059,128.4496,128.2465,128.4496,118614.0
2026-04-30 15:55:00,128.4149,128.5833,128.1474,128.514,331284.0
