datetime,open,high,low,close,volume
2026-04-01 09:30:00,193.3032,194.9766,193.3032,194.7359,89596.0
2026-04-01 09:35:00,194.6961,195.7309,194.6812,195.0145,71093.0
2026-04-01 09:40:00,195.1538,195.2732,194.1489,194.6364,38882.0
2026-04-01 09:45:00,194.7359,195.4424,194.7359,195.1817,42964.0
2026-04-01 09:50:00,195.0742,195.9995,195.0543,195.6612,100060.0
2026-04-01 09:55:00,195.5817,195.9995,195.4623,195.8901,33154.0
2026-04-01 10:00:00,195.9896,196.2682,195.4672,195.5817,97204.0
2026-04-01 10:05:00,195.5354,195.8801,195.1936,195.5767,30441.0
2026-04-01 10:10:00,195.4822,195.5817,195.0593,195.512,32172.0
2026-04-01 10:15:00,195.4075,195.5518,194.8752,194.9747,32038.0
2026-04-01 10:20:00,195.0046,195.4125,194.7956,195.0941,27323.0
2026-04-01 10:25:00,195.2334,195.313,194.716,195.1339,37357.0
2026-04-01 10:30:00,195.0195,195.5518,194.8653,194.9275,29167.0
2026-04-01 10:35:00,195.0145,195.6563,194.8653,195.4523,26285.0
2026-04-01 10:40:00,195.3827,196.0294,195.2633,195.8702,52775.0
2026-04-01 10:45:00,195.8304,196.1886,195.6413,195.9697,24591.0
2026-04-01 10:50:00,195.8702,195.9896,195.6016,195.6712,40062.0
2026-04-01 10:55:00,195.6712,195.8702,195.4822,195.7508,26546.0
2026-04-01 11:00:00,195.7607,195.9199,195.6651,195.7906,22459.0
2026-04-01 11:05:00,195.701,196.099,195.6612,196.0045,31757.0
2026-04-01 11:10:00,195.9995,196.0393,195.7309,195.7906,24263.0
2026-04-01 11:15:00,195.7508,195.8553,195.6016,195.8553,25316.0
2026-04-01 11:20:00,195.8602,195.9538,195.4822,195.4822,33301.0
2026-04-01 11:25:00,195.4971,195.6215,195.3266,195.512,24158.0
2026-04-01 11:30:00,195.4623,195.8901,195.3876,195.8602,35486.0
2026-04-01 11:35:00,195.8602,196.1886,195.8602,195.9548,28008.0
2026-04-01 11:40:00,195.8801,195.9597,195.4971,195.512,17465.0
2026-04-01 11:45:00,195.5767,195.5767,195.0742,195.0852,16568.0
2026-04-01 11:50:00,195.1787,195.2832,194.9001,195.2334,27905.0
2026-04-01 11:55:00,195.2334,195.4324,195.0941,195.1737,46477.0
2026-04-01 12:00:00,195.1041,195.3329,194.9747,195.3031,30726.0
2026-04-01 12:05:00,195.1538,195.5021,195.1538,195.1837,21597.0
2026-04-01 12:10:00,195.1837,195.3926,194.9847,195.3926,23101.0
2026-04-01 12:15:00,195.3876,195.7806,195.3488,195.6861,28983.0
2026-04-01 12:20:00,195.7209,195.7806,195.323,195.4125,29268.0
2026-04-01 12:25:00,195.4026,195.7009,195.3926,195.5817,21011.0
2026-04-01 12:30:00,195.6413,195.6413,195.3339,195.4424,19244.0
2026-04-01 12:35:00,195.4374,195.7607,195.3727,195.6911,20681.0
2026-04-01 12:40:00,195.6911,195.7607,195.5518,195.5618,21116.0
2026-04-01 12:45:00,195.701,195.9697,195.6364,195.7359,31535.0
2026-04-01 12:50:00,195.7806,195.9199,195.711,195.8204,21576.0
2026-04-01 12:55:00,195.7856,195.9946,195.6712,195.9946,15441.0
2026-04-01 13:00:00,195.9946,196.0592,195.8304,195.9448,37944.0
2026-04-01 13:05:00,195.9448,195.9796,195.7209,195.7607,47077.0
2026-04-01 13:10:00,195.7209,195.7408,195.517,195.6911,37118.0
2026-04-01 13:15:00,195.7309,195.7707,195.6165,195.6712,30079.0
2026-04-01 13:20:00,195.701,195.8403,195.5468,195.6861,62953.0
2026-04-01 13:25:00,195.6513,195.9548,195.5817,195.5817,32046.0
2026-04-01 13:30:00,195.6314,195.711,195.3827,195.4026,14855.0
2026-04-01 13:35:00,195.4822,195.6413,195.3727,195.5916,12204.0
2026-04-01 13:40:00,195.5518,195.8901,195.512,195.5618,29279.0
2026-04-01 13:45:00,195.5717,195.6354,195.4722,195.4772,25434.0
2026-04-01 13:50:00,195.4921,195.6314,195.3926,195.4424,20851.0
2026-04-01 13:55:00,195.4523,195.512,195.2334,195.2334,21784.0
2026-04-01 14:00:00,195.2533,195.2533,194.7658,194.8553,41392.0
2026-04-01 14:05:00,194.8553,195.0891,194.716,194.8006,28451.0
2026-04-01 14:10:00,194.8006,195.15,194.7956,194.7956,83563.0
2026-04-01 14:15:00,194.7956,194.9548,194.4872,194.517,35934.0
2026-04-01 14:20:00,194.522,194.7558,194.0792,194.1937,30677.0
2026-04-01 14:25:00,194.1937,194.3976,194.1389,194.318,38486.0
2026-04-01 14:30:00,194.3081,194.3678,193.8306,193.9698,24775.0
2026-04-01 14:35:00,193.92,194.2683,193.7609,194.2185,44819.0
2026-04-01 14:40:00,194.2683,194.6165,194.2086,194.2086,27402.0
2026-04-01 14:45:00,194.1545,194.4175,194.0892,194.3255,22883.0
2026-04-01 14:50:00,194.328,194.328,194.1489,194.1887,19304.0
2026-04-01 14:55:00,194.1787,194.2285,194.0295,194.0643,22073.0
2026-04-01 15:00:00,194.0643,194.2285,193.9001,194.0295,19019.0
2026-04-01 15:05:00,193.92,194.3479,193.92,194.2882,26810.0
2026-04-01 15:10:00,194.2583,194.4673,194.1539,194.3777,27997.0
2026-04-01 15:15:00,194.4126,194.6265,194.328,194.5568,30352.0
2026-04-01 15:20:00,194.6165,194.8951,194.5668,194.6762,31562.0
2026-04-01 15:25:00,194.6961,194.8404,194.5917,194.6663,31074.0
2026-04-01 15:30:00,194.6165,194.6464,194.119,194.3927,35520.0
2026-04-01 15:35:00,194.3927,194.8852,194.318,194.8354,53738.0
2026-04-01 15:40:00,194.8354,195.0692,194.8354,194.9399,53907.0
2026-04-01 15:45:00,194.915,195.1439,194.915,195.0742,69110.0
2026-04-01 15:50:00,195.0742,195.4225,194.9339,195.2334,152266.0
2026-04-01 15:55:00,195.2434,195.5419,195.1538,195.3031,644128.0
2026-04-02 09:30:00,191.4127,192.2336,190.4443,191.1491,81294.0
2026-04-02 09:35:00,191.1491,191.8704,190.5275,190.6665,68963.0
2026-04-02 09:40:00,190.76,191.2535,190.4177,190.4376,82730.0
2026-04-02 09:45:00,190.358,191.0446,190.0397,190.567,58031.0
2026-04-02 09:50:00,190.567,191.8008,190.4774,191.8008,41395.0
2026-04-02 09:55:00,191.5023,192.4972,191.4475,192.2385,44390.0
2026-04-02 10:00:00,192.3679,192.4176,191.8406,191.9898,47342.0
2026-04-02 10:05:00,191.9202,192.3181,191.5321,191.945,38499.0
2026-04-02 10:10:00,191.8306,192.1689,191.7411,191.8207,31585.0
2026-04-02 10:15:00,191.8207,192.3679,191.7311,192.0694,19436.0
2026-04-02 10:20:00,192.0744,192.0744,191.3331,191.552,33326.0
2026-04-02 10:25:00,191.5222,191.5321,191.0546,191.4127,43763.0
2026-04-02 10:30:00,191.3431,192.4226,191.2784,192.4027,30422.0
2026-04-02 10:35:00,192.4027,195.0792,192.4027,194.6165,64694.0
2026-04-02 10:40:00,194.5369,194.6364,193.5221,194.0693,34096.0
2026-04-02 10:45:00,194.0693,194.0693,193.5171,193.5171,26023.0
2026-04-02 10:50:00,193.3529,193.9399,193.0644,193.7509,35742.0
2026-04-02 10:55:00,193.731,194.0096,193.4226,193.8503,19748.0
2026-04-02 11:00:00,193.741,193.7907,193.2584,193.7808,23342.0
2026-04-02 11:05:00,193.8405,193.9996,193.5867,193.9996,17359.0
2026-04-02 11:10:00,193.9051,194.2853,193.7658,194.0351,29726.0
2026-04-02 11:15:00,194.1489,194.4872,193.9797,194.1787,15243.0
2026-04-02 11:20:00,194.0892,194.0892,193.1042,193.2385,31553.0
2026-04-02 11:25:00,193.1738,193.5668,192.935,193.5619,26745.0
2026-04-02 11:30:00,193.343,193.5917,193.1639,193.4325,13712.0
2026-04-02 11:35:00,193.4325,193.7609,193.4176,193.6116,30078.0
2026-04-02 11:40:00,193.6564,193.7509,193.1937,193.5469,67715.0
2026-04-02 11:45:00,193.4723,193.4922,193.229,193.3231,13091.0
2026-04-02 11:50:00,193.1141,193.1539,192.7957,193.1141,16054.0
2026-04-02 11:55:00,193.0693,193.2534,193.0047,193.0544,10096.0
2026-04-02 12:00:00,193.0395,193.3231,192.8256,192.9649,22654.0
2026-04-02 12:05:00,192.7261,192.9052,192.6316,192.8952,23047.0
2026-04-02 12:10:00,192.8704,192.9052,192.6962,192.7858,17881.0
2026-04-02 12:15:00,192.7808,192.8554,192.4276,192.4375,16639.0
2026-04-02 12:20:00,192.4674,192.6678,192.3281,192.4603,15782.0
2026-04-02 12:25:00,192.348,192.6863,192.2883,192.6266,15412.0
2026-04-02 12:30:00,192.5918,193.0644,192.5619,192.9897,21813.0
2026-04-02 12:35:00,192.945,192.9698,192.5768,192.736,86228.0
2026-04-02 12:40:00,192.7459,193.2833,192.4873,192.5918,34824.0
2026-04-02 12:45:00,192.6465,192.7758,192.4773,192.6365,23744.0
2026-04-02 12:50:00,192.7062,192.9151,192.4972,192.8505,19536.0
2026-04-02 12:55:00,192.8355,192.8654,192.7062,192.7062,7175.0
2026-04-02 13:00:00,192.7087,192.8355,192.4873,192.8156,13470.0
2026-04-02 13:05:00,192.7161,193.0246,192.6365,192.7957,14168.0
2026-04-02 13:10:00,192.8155,193.134,192.537,193.0146,22149.0
2026-04-02 13:15:00,192.9748,193.0892,192.7445,192.7559,8334.0
2026-04-02 13:20:00,192.8554,192.8554,192.6962,192.8156,13186.0
2026-04-02 13:25:00,192.7957,192.9649,192.7858,192.8952,8212.0
2026-04-02 13:30:00,192.8952,192.9747,192.2287,192.2287,30777.0
2026-04-02 13:35:00,192.2286,192.4326,192.0943,192.4276,20163.0
2026-04-02 13:40:00,192.5171,192.5171,191.8406,192.1191,45829.0
2026-04-02 13:45:00,192.139,192.2286,191.6117,191.6515,15467.0
2026-04-02 13:50:00,191.6018,192.0992,191.6018,192.0595,22831.0
2026-04-02 13:55:00,192.0644,192.338,192.0595,192.2783,19768.0
2026-04-02 14:00:00,192.348,192.5072,192.2883,192.3778,22650.0
2026-04-02 14:05:00,192.4176,192.6762,192.4176,192.5967,23779.0
2026-04-02 14:10:00,192.6664,192.8256,192.6166,192.736,10989.0
2026-04-02 14:15:00,192.736,192.8455,192.6763,192.6962,10108.0
2026-04-02 14:20:00,192.6664,192.746,192.4475,192.5022,11943.0
2026-04-02 14:25:00,192.4375,192.537,192.2186,192.4873,17955.0
2026-04-02 14:30:00,192.4276,192.537,192.4077,192.5271,19410.0
2026-04-02 14:35:00,192.547,192.6664,192.5072,192.6166,14750.0
2026-04-02 14:40:00,192.654,192.9151,192.6465,192.7979,15340.0
2026-04-02 14:45:00,192.945,193.129,192.9002,193.0743,11415.0
2026-04-02 14:50:00,193.0843,193.343,193.0146,193.1639,17384.0
2026-04-02 14:55:00,193.1937,193.2136,193.0843,193.1738,16891.0
2026-04-02 15:00:00,193.1838,193.4226,193.1838,193.3131,17848.0
2026-04-02 15:05:00,193.2833,193.4325,193.2285,193.4325,16194.0
2026-04-02 15:10:00,193.4425,193.4922,193.3728,193.4226,11823.0
2026-04-02 15:15:00,193.4226,193.5519,193.3828,193.5519,18608.0
2026-04-02 15:20:00,193.6415,193.731,193.3131,193.6614,42369.0
2026-04-02 15:25:00,193.6713,193.7559,193.6415,193.731,23871.0
2026-04-02 15:30:00,193.7211,193.8106,193.6315,193.7211,23128.0
2026-04-02 15:35:00,193.731,193.8902,193.731,193.8603,17156.0
2026-04-02 15:40:00,193.8504,193.9698,193.8305,193.8902,22352.0
2026-04-02 15:45:00,193.8902,194.0892,193.8056,193.8156,45339.0
2026-04-02 15:50:00,193.8504,194.3678,193.8504,194.1688,104870.0
2026-04-02 15:55:00,194.0792,194.1041,193.741,193.8902,289996.0
2026-04-06 09:30:00,195.9995,197.1836,194.9151,197.0194,104851.0
2026-04-06 09:35:00,197.0542,197.1338,196.5567,196.7109,62152.0
2026-04-06 09:40:00,196.7109,197.0045,196.3577,196.7756,56966.0
2026-04-06 09:45:00,196.7657,197.1239,196.2682,196.5219,56477.0
2026-04-06 09:50:00,196.5219,196.706,196.1488,196.2284,34015.0
2026-04-06 09:55:00,196.2234,196.7557,196.2234,196.6861,58383.0
2026-04-06 10:00:00,196.7458,196.8751,196.0692,196.2433,129745.0
2026-04-06 10:05:00,196.2433,196.2433,195.1339,195.8652,131475.0
2026-04-06 10:10:00,195.8105,196.7806,195.716,196.5547,40307.0
2026-04-06 10:15:00,196.4224,197.2333,196.4224,197.104,30215.0
2026-04-06 10:20:00,197.0542,197.2831,196.987,197.2283,28735.0
2026-04-06 10:25:00,197.2283,197.293,196.9746,197.1388,27054.0
2026-04-06 10:30:00,197.1438,197.5119,197.0542,197.4771,35799.0
2026-04-06 10:35:00,197.482,197.7606,197.0045,197.0691,54567.0
2026-04-06 10:40:00,197.1438,197.3577,196.895,196.9895,46375.0
2026-04-06 10:45:00,196.8851,196.9647,196.2881,196.4871,35516.0
2026-04-06 10:50:00,196.4771,196.6463,196.3229,196.4075,22727.0
2026-04-06 10:55:00,196.4174,196.4672,196.2085,196.2781,15030.0
2026-04-06 11:00:00,196.2582,196.5567,196.1488,196.298,21117.0
2026-04-06 11:05:00,196.298,196.5269,196.2383,196.3577,11112.0
2026-04-06 11:10:00,196.4075,196.6935,196.3776,196.6711,70870.0
2026-04-06 11:15:00,196.6711,196.7358,196.3975,196.4572,39448.0
2026-04-06 11:20:00,196.4572,196.7955,196.2383,196.696,122862.0
2026-04-06 11:25:00,196.696,196.8751,196.4871,196.5766,51049.0
2026-04-06 11:30:00,196.5318,196.6065,196.2184,196.4846,24664.0
2026-04-06 11:35:00,196.4821,196.5965,196.3577,196.507,44049.0
2026-04-06 11:40:00,196.497,196.6861,196.4274,196.6612,43455.0
2026-04-06 11:45:00,196.6612,196.833,196.507,196.701,35077.0
2026-04-06 11:50:00,196.701,197.0244,196.701,196.9497,74594.0
2026-04-06 11:55:00,196.9846,197.2532,196.895,197.2532,20305.0
2026-04-06 12:00:00,197.1139,197.2831,197.0244,197.0791,25084.0
2026-04-06 12:05:00,197.1239,197.3826,197.0642,197.094,14509.0
2026-04-06 12:10:00,197.0741,197.0741,196.706,196.706,15320.0
2026-04-06 12:15:00,196.7607,196.9547,196.7458,196.7856,39551.0
2026-04-06 12:20:00,196.7856,196.8851,196.512,196.5318,51667.0
2026-04-06 12:25:00,196.6114,196.8055,196.5767,196.696,21407.0
2026-04-06 12:30:00,196.6662,196.7856,196.4821,196.706,24621.0
2026-04-06 12:35:00,196.6065,196.706,196.4871,196.6264,19473.0
2026-04-06 12:40:00,196.5418,196.7557,196.4672,196.6152,26501.0
2026-04-06 12:45:00,196.7557,196.7557,196.5567,196.6164,17810.0
2026-04-06 12:50:00,196.5891,196.5891,196.298,196.5269,19692.0
2026-04-06 12:55:00,196.5269,196.5318,196.4174,196.502,6538.0
2026-04-06 13:00:00,196.502,196.502,195.8901,196.1388,12880.0
2026-04-06 13:05:00,196.114,196.2383,196.0891,196.2135,11900.0
2026-04-06 13:10:00,196.1289,196.1339,195.6463,195.9,23526.0
2026-04-06 13:15:00,195.9299,196.1538,195.8901,196.0294,15284.0
2026-04-06 13:20:00,195.9697,196.4473,195.9697,196.379,29367.0
2026-04-06 13:25:00,196.4274,196.5766,196.3776,196.4025,17427.0
2026-04-06 13:30:00,196.3677,196.4771,196.2184,196.4523,13347.0
2026-04-06 13:35:00,196.3876,196.6462,196.2086,196.2314,23496.0
2026-04-06 13:40:00,196.308,196.3478,196.1289,196.2284,15277.0
2026-04-06 13:45:00,196.2781,196.3378,196.0791,196.3378,14832.0
2026-04-06 13:50:00,196.308,196.3179,196.2085,196.2085,11742.0
2026-04-06 13:55:00,196.2383,196.4373,196.2383,196.2682,18035.0
2026-04-06 14:00:00,196.2184,196.3377,196.1687,196.308,9731.0
2026-04-06 14:05:00,196.2632,196.497,196.2184,196.497,27861.0
2026-04-06 14:10:00,196.4871,196.8055,196.4572,196.5368,52928.0
2026-04-06 14:15:00,196.6065,196.6711,196.4174,196.6015,19332.0
2026-04-06 14:20:00,196.5368,196.9497,196.4871,196.905,51521.0
2026-04-06 14:25:00,196.8701,197.5616,196.7955,197.4572,164498.0
2026-04-06 14:30:00,197.4572,197.8303,196.895,196.9647,73573.0
2026-04-06 14:35:00,197.0343,197.3229,196.9263,197.1985,37052.0
2026-04-06 14:40:00,197.273,197.288,197.0841,197.2383,39410.0
2026-04-06 14:45:00,197.2035,197.3627,197.1189,197.1388,30016.0
2026-04-06 14:50:00,197.1388,197.2035,197.0343,197.1786,23337.0
2026-04-06 14:55:00,197.1089,197.1736,196.9547,196.9746,19280.0
2026-04-06 15:00:00,197.0144,197.0244,196.8851,196.9398,20488.0
2026-04-06 15:05:00,196.9398,196.9696,196.7806,196.8552,41130.0
2026-04-06 15:10:00,196.8552,197.0343,196.8154,196.9448,23922.0
2026-04-06 15:15:00,196.9448,197.0144,196.895,196.9348,22243.0
2026-04-06 15:20:00,196.9199,197.0394,196.8254,197.0394,32018.0
2026-04-06 15:25:00,197.0393,197.0841,196.8951,197.0045,28794.0
2026-04-06 15:30:00,196.9647,197.3627,196.9647,197.3129,49711.0
2026-04-06 15:35:00,197.3079,197.6014,197.3079,197.4671,38667.0
2026-04-06 15:40:00,197.4621,197.7208,197.4223,197.686,28389.0
2026-04-06 15:45:00,197.686,197.9596,197.686,197.8999,63266.0
2026-04-06 15:50:00,197.9795,198.2183,197.8701,198.1387,77850.0
2026-04-06 15:55:00,198.1586,198.5566,198.1586,198.4074,286492.0
2026-04-07 09:30:00,197.5119,197.5119,196.0188,197.0194,106866.0
2026-04-07 09:35:00,196.8154,196.9945,195.5817,196.0194,44650.0
2026-04-07 09:40:00,195.9599,196.0095,195.2583,195.4822,70444.0
2026-04-07 09:45:00,195.5518,195.8254,195.1195,195.4871,58836.0
2026-04-07 09:50:00,195.4921,196.1886,195.0643,196.0592,41289.0
2026-04-07 09:55:00,196.0592,196.5169,195.3727,195.3727,43455.0
2026-04-07 10:00:00,195.3528,195.6314,195.0643,195.4324,46324.0
2026-04-07 10:05:00,195.4324,195.4623,194.4802,194.8255,34743.0
2026-04-07 10:10:00,194.8603,195.1538,194.8255,195.0991,40661.0
2026-04-07 10:15:00,195.0742,195.2881,194.8255,194.9747,34273.0
2026-04-07 10:20:00,195.1439,195.8005,195.0543,195.7906,24321.0
2026-04-07 10:25:00,195.7458,195.7458,195.1339,195.3379,21646.0
2026-04-07 10:30:00,195.3379,195.9597,195.1837,195.8553,31188.0
2026-04-07 10:35:00,195.9398,195.9398,195.4623,195.6637,87820.0
2026-04-07 10:40:00,195.6563,196.0443,195.5817,195.9299,25388.0
2026-04-07 10:45:00,195.9299,196.298,195.6115,196.1786,27607.0
2026-04-07 10:50:00,196.1737,196.308,195.8005,196.0344,18524.0
2026-04-07 10:55:00,196.0294,196.0891,195.5618,195.6513,39009.0
2026-04-07 11:00:00,195.5817,195.8503,195.4623,195.5468,33833.0
2026-04-07 11:05:00,195.5319,195.8105,195.1538,195.706,25754.0
2026-04-07 11:10:00,195.7707,196.1985,195.7607,195.9299,28993.0
2026-04-07 11:15:00,195.9697,196.6264,195.91,196.1786,35094.0
2026-04-07 11:20:00,196.2284,196.3179,195.8801,195.8901,18492.0
2026-04-07 11:25:00,195.9498,196.1886,195.8951,196.1886,20505.0
2026-04-07 11:30:00,196.1836,196.2831,196.0592,196.1189,18732.0
2026-04-07 11:35:00,196.0941,196.2184,195.8005,195.8602,23770.0
2026-04-07 11:40:00,195.91,196.0294,195.8304,195.9249,13772.0
2026-04-07 11:45:00,195.9199,196.4273,195.9199,196.4075,21518.0
2026-04-07 11:50:00,196.3776,196.6065,196.2135,196.6065,30565.0
2026-04-07 11:55:00,196.6065,197.0045,196.6065,196.691,24791.0
2026-04-07 12:00:00,196.691,197.9198,196.6861,197.482,33803.0
2026-04-07 12:05:00,197.4174,197.492,197.1239,197.2731,39036.0
2026-04-07 12:10:00,197.2433,197.4422,197.1686,197.3229,32691.0
2026-04-07 12:15:00,197.3229,197.482,197.104,197.3726,22673.0
2026-04-07 12:20:00,197.293,198.0293,197.2831,197.8004,31405.0
2026-04-07 12:25:00,197.8004,197.9397,197.5915,197.696,24876.0
2026-04-07 12:30:00,197.5815,198.0691,197.487,198.0293,40584.0
2026-04-07 12:35:00,198.0492,198.0492,197.5915,197.6711,41356.0
2026-04-07 12:40:00,197.7507,197.8999,197.6611,197.8552,20699.0
2026-04-07 12:45:00,197.8999,198.0989,197.8402,198.0243,32954.0
2026-04-07 12:50:00,198.0243,198.2034,197.9696,197.9696,25293.0
2026-04-07 12:55:00,197.9646,197.9794,197.6313,197.9198,19491.0
2026-04-07 13:00:00,197.88,198.1387,197.7213,198.1387,17683.0
2026-04-07 13:05:00,198.079,198.1288,197.9447,198.0094,20459.0
2026-04-07 13:10:00,197.9994,198.1885,197.8999,197.9397,25168.0
2026-04-07 13:15:00,197.895,197.9297,197.3726,197.4497,14517.0
2026-04-07 13:20:00,197.492,197.492,197.1239,197.293,16321.0
2026-04-07 13:25:00,197.293,197.4721,197.1338,197.1935,18192.0
2026-04-07 13:30:00,197.2532,197.6014,197.164,197.6014,18795.0
2026-04-07 13:35:00,197.5815,198.1586,197.5815,197.7557,22320.0
2026-04-07 13:40:00,197.7557,197.7557,197.6014,197.6363,9821.0
2026-04-07 13:45:00,197.6363,197.6363,197.5119,197.6213,14067.0
2026-04-07 13:50:00,197.7208,197.7706,197.6014,197.6512,15790.0
2026-04-07 13:55:00,197.6408,197.9596,197.5019,197.7756,26913.0
2026-04-07 14:00:00,197.8502,197.9993,197.7507,197.9099,32536.0
2026-04-07 14:05:00,197.9099,197.9895,197.7855,197.8701,26861.0
2026-04-07 14:10:00,197.8701,198.0392,197.8104,197.9298,75531.0
2026-04-07 14:15:00,197.8701,197.9994,197.8203,197.9298,43062.0
2026-04-07 14:20:00,197.9497,198.0989,197.8303,197.895,59777.0
2026-04-07 14:25:00,197.9149,198.089,197.9149,198.0492,17118.0
2026-04-07 14:30:00,198.0989,198.2681,198.0094,198.2432,23911.0
2026-04-07 14:35:00,198.2532,198.2631,197.9099,198.0094,22805.0
2026-04-07 14:40:00,197.9198,197.9994,197.6711,197.6711,48443.0
2026-04-07 14:45:00,197.7606,198.0989,197.6014,197.8502,63970.0
2026-04-07 14:50:00,197.8353,197.8999,197.1438,197.1487,73885.0
2026-04-07 14:55:00,197.0343,197.1057,196.895,197.0513,27079.0
2026-04-07 15:00:00,197.0592,197.3627,196.8478,197.1836,24581.0
2026-04-07 15:05:00,197.1836,197.4124,196.9945,197.2134,19893.0
2026-04-07 15:10:00,197.2234,197.4124,197.1338,197.3826,18917.0
2026-04-07 15:15:00,197.4124,198.4969,197.3378,198.3626,35033.0
2026-04-07 15:20:00,198.3278,198.7556,197.9198,198.1188,31774.0
2026-04-07 15:25:00,198.089,198.2183,197.8999,198.1387,18999.0
2026-04-07 15:30:00,198.0193,198.1686,197.9795,198.0442,26853.0
2026-04-07 15:35:00,198.0442,198.089,197.89,198.0044,22266.0
2026-04-07 15:40:00,198.0044,198.2183,197.686,198.0591,50203.0
2026-04-07 15:45:00,197.9397,198.7705,197.9099,198.5019,80446.0
2026-04-07 15:50:00,198.5964,199.3725,198.5019,198.9447,112259.0
2026-04-07 15:55:00,198.9944,199.2033,198.5815,198.7158,511829.0
2026-04-08 09:30:00,205.606,208.4765,205.3423,207.4765,390079.0
2026-04-08 09:35:00,207.5014,207.5014,206.6258,206.7104,141501.0
2026-04-08 09:40:00,206.8049,207.2377,206.4268,207.1233,96090.0
2026-04-08 09:45:00,207.0935,207.4517,206.2975,206.3821,126093.0
2026-04-08 09:50:00,206.3074,206.3373,205.7403,205.9045,106166.0
2026-04-08 09:55:00,205.9045,206.1085,205.1234,205.2329,107741.0
2026-04-08 10:00:00,205.3473,206.4069,205.1334,205.8995,106374.0
2026-04-08 10:05:00,205.8498,206.2378,205.5314,206.0935,119677.0
2026-04-08 10:10:00,206.009,206.397,205.7702,206.2353,73369.0
2026-04-08 10:15:00,206.3074,206.8348,206.0189,206.397,104525.0
2026-04-08 10:20:00,206.4069,206.688,206.2776,206.3771,38183.0
2026-04-08 10:25:00,206.392,206.6209,206.1184,206.6209,41279.0
2026-04-08 10:30:00,206.6855,206.7253,206.397,206.4816,34464.0
2026-04-08 10:35:00,206.5454,206.8845,206.397,206.6855,46919.0
2026-04-08 10:40:00,206.7353,207.0089,206.7209,206.7253,43240.0
2026-04-08 10:45:00,206.9243,206.9243,206.2776,206.6059,48212.0
2026-04-08 10:50:00,206.6059,206.6607,205.7567,206.0363,36600.0
2026-04-08 10:55:00,206.0114,206.1085,205.6607,206.0488,82472.0
2026-04-08 11:00:00,206.0985,206.9592,206.0289,206.8746,65783.0
2026-04-08 11:05:00,206.8945,207.0139,206.6159,206.6159,42913.0
2026-04-08 11:10:00,206.5661,206.7054,206.305,206.6756,55527.0
2026-04-08 11:15:00,206.6059,207.2328,206.586,207.2129,42554.0
2026-04-08 11:20:00,207.2104,207.2178,206.8447,206.994,79080.0
2026-04-08 11:25:00,206.9542,206.9542,206.198,206.5364,101309.0
2026-04-08 11:30:00,206.6358,206.9542,206.4666,206.9243,45221.0
2026-04-08 11:35:00,207.0139,207.1631,206.9741,207.0437,30368.0
2026-04-08 11:40:00,207.0437,207.3223,206.8348,206.8348,40324.0
2026-04-08 11:45:00,206.9094,207.2825,206.8945,207.1731,39662.0
2026-04-08 11:50:00,207.2328,207.5611,207.2129,207.4417,64101.0
2026-04-08 11:55:00,207.5263,208.0089,207.4517,207.7104,58833.0
2026-04-08 12:00:00,207.7004,207.9094,207.5711,207.8895,47776.0
2026-04-08 12:05:00,207.8895,207.8994,207.4915,207.6308,95511.0
2026-04-08 12:10:00,207.591,207.6308,206.9641,207.0537,81495.0
2026-04-08 12:15:00,207.0039,207.0139,206.397,206.4467,43894.0
2026-04-08 12:20:00,206.5064,206.6059,206.1781,206.5363,50046.0
2026-04-08 12:25:00,206.4965,206.6059,206.3472,206.4169,28949.0
2026-04-08 12:30:00,206.4666,206.586,206.2179,206.4368,48121.0
2026-04-08 12:35:00,206.4069,206.6358,206.4069,206.5462,30865.0
2026-04-08 12:40:00,206.5512,206.5562,206.3074,206.4567,31408.0
2026-04-08 12:45:00,206.4567,206.4965,206.0786,206.0886,29350.0
2026-04-08 12:50:00,206.1284,206.2677,205.7901,205.8597,45372.0
2026-04-08 12:55:00,205.8746,205.9791,205.402,205.5911,68304.0
2026-04-08 13:00:00,205.6607,205.8796,205.4766,205.8299,53228.0
2026-04-08 13:05:00,205.8846,206.0687,205.7901,205.994,26109.0
2026-04-08 13:10:00,205.994,206.1134,205.7552,205.9294,55894.0
2026-04-08 13:15:00,205.9841,206.1582,205.8597,205.9542,73722.0
2026-04-08 13:20:00,205.9542,206.2527,205.7005,205.7503,63452.0
2026-04-08 13:25:00,205.7552,205.81,205.5463,205.5911,33865.0
2026-04-08 13:30:00,205.5562,205.6806,205.3025,205.3622,46314.0
2026-04-08 13:35:00,205.3622,205.5662,205.3523,205.4916,33048.0
2026-04-08 13:40:00,205.4617,206.2279,205.4319,206.2179,48298.0
2026-04-08 13:45:00,206.2179,206.3671,206.1184,206.2776,34419.0
2026-04-08 13:50:00,206.3273,206.4368,205.8398,205.8846,48931.0
2026-04-08 13:55:00,205.8796,206.198,205.8299,206.198,23509.0
2026-04-08 14:00:00,206.1582,206.6756,206.0985,206.6209,28426.0
2026-04-08 14:05:00,206.6408,206.6656,206.2826,206.4965,66521.0
2026-04-08 14:10:00,206.4617,206.7153,206.4617,206.5164,30919.0
2026-04-08 14:15:00,206.5462,206.8149,206.198,206.3771,80284.0
2026-04-08 14:20:00,206.3771,206.9741,206.3174,206.9343,39894.0
2026-04-08 14:25:00,206.8646,207.0139,206.7452,206.9044,38343.0
2026-04-08 14:30:00,206.9442,207.1432,206.7452,207.1383,58724.0
2026-04-08 14:35:00,207.1631,207.2427,207.0139,207.0537,51214.0
2026-04-08 14:40:00,207.0935,207.1233,206.7154,206.7353,61088.0
2026-04-08 14:45:00,206.7602,206.8746,206.2478,206.2925,32965.0
2026-04-08 14:50:00,206.3373,206.3572,206.019,206.0736,43928.0
2026-04-08 14:55:00,206.0736,206.0736,205.8398,205.8697,26709.0
2026-04-08 15:00:00,205.81,206.193,205.8,205.9692,42825.0
2026-04-08 15:05:00,206.009,206.4865,205.9249,206.3522,52333.0
2026-04-08 15:10:00,206.3522,207.0736,206.3522,206.8149,68802.0
2026-04-08 15:15:00,206.8049,206.8945,206.6159,206.7552,64447.0
2026-04-08 15:20:00,206.7651,206.9243,206.7154,206.7154,77040.0
2026-04-08 15:25:00,206.7303,207.0885,206.586,206.601,61881.0
2026-04-08 15:30:00,206.6457,207.0537,206.6457,206.9393,51245.0
2026-04-08 15:35:00,206.9741,207.3223,206.9641,207.2129,55809.0
2026-04-08 15:40:00,207.2527,207.4119,207.0338,207.382,64302.0
2026-04-08 15:45:00,207.4119,207.8347,207.392,207.7999,134314.0
2026-04-08 15:50:00,207.79,208.2874,207.78,208.2476,244278.0
2026-04-08 15:55:00,208.2775,208.8048,207.78,207.8596,517952.0
2026-04-09 09:30:00,211.4962,212.0833,209.8197,210.4142,126293.0
2026-04-09 09:35:00,210.6654,212.1081,210.4565,212.0086,69809.0
2026-04-09 09:40:00,212.0396,212.2275,211.3221,211.6703,68562.0
2026-04-09 09:45:00,211.6355,211.8295,211.3818,211.6504,66105.0
2026-04-09 09:50:00,211.7201,212.4166,211.541,212.2176,66116.0
2026-04-09 09:55:00,212.1778,212.6056,211.8594,212.5061,56347.0
2026-04-09 10:00:00,212.5012,213.7996,212.4166,213.5608,95707.0
2026-04-09 10:05:00,213.3419,213.6205,212.9141,213.2225,69910.0
2026-04-09 10:10:00,213.1923,213.2126,212.8444,213.0136,66562.0
2026-04-09 10:15:00,212.9752,212.9752,212.6504,212.7549,50037.0
2026-04-09 10:20:00,212.8245,213.0086,212.3619,212.9439,81076.0
2026-04-09 10:25:00,213.0086,213.1429,212.5111,212.6802,73591.0
2026-04-09 10:30:00,212.7151,213.0633,212.6355,212.9539,54101.0
2026-04-09 10:35:00,212.9539,213.0249,212.5161,212.8544,69299.0
2026-04-09 10:40:00,212.9439,212.9837,212.4763,212.6554,35549.0
2026-04-09 10:45:00,212.6156,212.9141,212.4912,212.8593,24826.0
2026-04-09 10:50:00,212.9141,213.1529,212.526,213.0932,53615.0
2026-04-09 10:55:00,213.0335,213.1429,212.7947,213.0583,46309.0
2026-04-09 11:00:00,213.0335,213.1031,212.6554,212.7748,49741.0
2026-04-09 11:05:00,212.735,212.8643,212.5559,212.7947,34084.0
2026-04-09 11:10:00,212.7598,213.0136,212.6952,212.9986,55506.0
2026-04-09 11:15:00,212.9986,213.0832,212.526,212.9638,51674.0
2026-04-09 11:20:00,213.0235,213.3519,212.9539,213.2623,42470.0
2026-04-09 11:25:00,213.2772,213.4513,213.0683,213.2623,40487.0
2026-04-09 11:30:00,213.2623,213.9339,213.1927,213.6653,79936.0
2026-04-09 11:35:00,213.6702,214.0782,213.4613,213.8493,77683.0
2026-04-09 11:40:00,213.8593,214.0881,213.7697,213.8692,55127.0
2026-04-09 11:45:00,213.8692,214.0235,213.6802,213.9339,46921.0
2026-04-09 11:50:00,213.8991,214.506,213.8792,214.3568,67429.0
2026-04-09 11:55:00,214.3624,214.4165,214.1677,214.2672,35710.0
2026-04-09 12:00:00,214.1876,214.516,213.9936,214.0782,41908.0
2026-04-09 12:05:00,214.0533,214.2075,213.8394,213.909,29971.0
2026-04-09 12:10:00,213.8692,214.0881,213.5309,213.5309,49037.0
2026-04-09 12:15:00,213.6155,214.0185,213.5817,213.9886,30647.0
2026-04-09 12:20:00,213.909,213.9439,213.4712,213.6404,20717.0
2026-04-09 12:25:00,213.6404,213.8593,213.6006,213.72,25765.0
2026-04-09 12:30:00,213.715,213.8593,213.6613,213.8593,22319.0
2026-04-09 12:35:00,213.8046,213.9389,213.6901,213.6901,19361.0
2026-04-09 12:40:00,213.6951,213.8493,213.5508,213.8195,28162.0
2026-04-09 12:45:00,213.7399,213.7847,213.6255,213.71,20620.0
2026-04-09 12:50:00,213.71,214.2175,213.7001,214.0732,39096.0
2026-04-09 12:55:00,214.118,214.1578,213.7896,213.8842,36037.0
2026-04-09 13:00:00,213.8294,214.1379,213.8195,214.1379,39796.0
2026-04-09 13:05:00,214.108,214.6752,214.0201,214.6155,31676.0
2026-04-09 13:10:00,214.6105,214.8443,214.5259,214.5806,44264.0
2026-04-09 13:15:00,214.5359,214.705,214.5359,214.6254,23929.0
2026-04-09 13:20:00,214.5856,214.6154,214.2374,214.2871,27123.0
2026-04-09 13:25:00,214.2822,214.3364,214.0594,214.2374,24215.0
2026-04-09 13:30:00,214.1677,214.2772,214.0497,214.2274,22846.0
2026-04-09 13:35:00,214.1677,214.3667,214.1677,214.2971,19856.0
2026-04-09 13:40:00,214.2672,214.2672,214.0185,214.0732,21577.0
2026-04-09 13:45:00,214.118,214.3219,214.0881,214.3021,14727.0
2026-04-09 13:50:00,214.3021,214.3866,214.0881,214.3866,19848.0
2026-04-09 13:55:00,214.3966,214.6105,214.3684,214.516,23165.0
2026-04-09 14:00:00,214.5359,214.715,213.5652,213.7996,45840.0
2026-04-09 14:05:00,213.8792,214.2075,213.8792,214.108,31073.0
2026-04-09 14:10:00,214.1777,214.2075,213.9787,214.1677,26647.0
2026-04-09 14:15:00,214.1578,214.2871,214.0782,214.1279,21027.0
2026-04-09 14:20:00,214.1379,214.1528,213.7299,213.7648,39803.0
2026-04-09 14:25:00,213.7697,213.909,213.7001,213.7996,36854.0
2026-04-09 14:30:00,213.7797,213.8593,213.4215,213.5906,32984.0
2026-04-09 14:35:00,213.5161,213.6602,213.511,213.6602,30586.0
2026-04-09 14:40:00,213.6056,213.7399,213.526,213.5409,32263.0
2026-04-09 14:45:00,213.5608,213.7001,213.4513,213.7001,39023.0
2026-04-09 14:50:00,213.6702,213.6901,213.4712,213.5309,31593.0
2026-04-09 14:55:00,213.5707,213.6304,213.4066,213.4066,41625.0
2026-04-09 15:00:00,213.4414,213.5409,213.3817,213.511,34088.0
2026-04-09 15:05:00,213.5011,213.7896,213.429,213.6702,67539.0
2026-04-09 15:10:00,213.6702,213.9787,213.6205,213.7847,52821.0
2026-04-09 15:15:00,213.8095,213.8692,213.6404,213.6553,40638.0
2026-04-09 15:20:00,213.6553,213.909,213.4911,213.8195,93758.0
2026-04-09 15:25:00,213.8792,214.2822,213.8195,214.0185,42458.0
2026-04-09 15:30:00,214.088,214.3667,214.0583,214.317,41341.0
2026-04-09 15:35:00,214.3219,214.6652,214.2672,214.3767,68660.0
2026-04-09 15:40:00,214.3468,214.5558,214.2971,214.3966,53022.0
2026-04-09 15:45:00,214.3717,214.3966,213.9886,214.113,104437.0
2026-04-09 15:50:00,214.1478,214.4065,214.1379,214.2921,108413.0
2026-04-09 15:55:00,214.3468,214.6254,213.6702,213.8394,368278.0
2026-04-10 09:30:00,215.292,215.9189,214.7747,214.8393,91643.0
2026-04-10 09:35:00,214.8045,215.889,214.6553,215.1577,40317.0
2026-04-10 09:40:00,215.1131,215.899,214.6851,215.6055,37320.0
2026-04-10 09:45:00,215.6303,216.2223,215.4811,215.9338,113621.0
2026-04-10 09:50:00,215.9438,216.0582,215.292,215.3816,32296.0
2026-04-10 09:55:00,215.4313,215.6104,214.6951,214.9488,48612.0
2026-04-10 10:00:00,214.8344,214.8965,213.7797,214.2026,38811.0
2026-04-10 10:05:00,214.0981,214.2573,213.4215,213.5707,31130.0
2026-04-10 10:10:00,213.3718,213.7498,212.924,213.7399,32827.0
2026-04-10 10:15:00,213.6304,213.7449,213.1429,213.5906,23448.0
2026-04-10 10:20:00,213.6105,213.919,213.4663,213.8344,18813.0
2026-04-10 10:25:00,213.8344,214.0682,213.6802,214.0583,20630.0
2026-04-10 10:30:00,214.0334,214.2672,213.6404,213.7001,30960.0
2026-04-10 10:35:00,213.7001,213.899,213.4414,213.5707,27924.0
2026-04-10 10:40:00,213.4911,213.5956,213.0235,213.4513,27844.0
2026-04-10 10:45:00,213.3767,213.4613,213.1031,213.1628,26748.0
2026-04-10 10:50:00,213.1678,213.4314,213.123,213.3369,28106.0
2026-04-10 10:55:00,213.322,213.4314,213.0534,213.118,31745.0
2026-04-10 11:00:00,213.1131,213.2523,212.8743,213.0534,36220.0
2026-04-10 11:05:00,213.0534,213.2524,213.0534,213.1728,36001.0
2026-04-10 11:10:00,213.1728,213.5011,213.1529,213.327,35841.0
2026-04-10 11:15:00,213.3519,213.521,212.9638,213.0434,33292.0
2026-04-10 11:20:00,213.0434,213.4414,212.9638,213.2623,50524.0
2026-04-10 11:25:00,213.2126,213.2723,212.8444,213.1927,39953.0
2026-04-10 11:30:00,213.2623,213.9936,213.2623,213.8792,120036.0
2026-04-10 11:35:00,213.8692,214.113,213.5708,213.6802,91334.0
2026-04-10 11:40:00,213.6304,214.1279,213.5608,214.0533,49636.0
2026-04-10 11:45:00,214.0036,214.3667,214.0036,214.2274,66873.0
2026-04-10 11:50:00,214.2473,214.2772,213.8692,213.9289,20536.0
2026-04-10 11:55:00,213.8842,214.1379,213.7946,213.9687,44837.0
2026-04-10 12:00:00,213.9156,214.2274,213.8618,214.1777,23859.0
2026-04-10 12:05:00,214.1628,214.4563,213.919,213.919,33059.0
2026-04-10 12:10:00,213.9588,214.4413,213.9588,214.4065,13491.0
2026-04-10 12:15:00,214.3418,214.3767,214.0036,214.0881,26089.0
2026-04-10 12:20:00,214.0881,214.0881,213.4911,213.8792,160162.0
2026-04-10 12:25:00,213.8991,213.8991,213.5023,213.5807,15909.0
2026-04-10 12:30:00,213.5757,213.9588,213.5707,213.8245,30658.0
2026-04-10 12:35:00,213.8195,213.9289,213.5309,213.5309,18925.0
2026-04-10 12:40:00,213.6155,213.6702,213.2325,213.3519,16006.0
2026-04-10 12:45:00,213.3469,213.6304,213.3469,213.4215,15153.0
2026-04-10 12:50:00,213.521,213.6006,213.3718,213.511,12904.0
2026-04-10 12:55:00,213.5807,213.7299,213.4116,213.7299,15359.0
2026-04-10 13:00:00,213.7797,213.8493,213.3419,213.5508,21673.0
2026-04-10 13:05:00,213.5508,213.7001,213.4911,213.6603,15228.0
2026-04-10 13:10:00,213.6155,213.6155,213.4712,213.5309,10321.0
2026-04-10 13:15:00,213.5707,213.6702,213.511,213.6702,13735.0
2026-04-10 13:20:00,213.6304,213.7498,213.5508,213.6503,15557.0
2026-04-10 13:25:00,213.5707,213.7598,213.5707,213.6802,14124.0
2026-04-10 13:30:00,213.6702,213.8891,213.6454,213.8095,13853.0
2026-04-10 13:35:00,213.8991,213.9886,213.72,213.919,16224.0
2026-04-10 13:40:00,213.8543,214.118,213.8195,214.0434,17593.0
2026-04-10 13:45:00,214.0682,214.1876,214.0384,214.1677,11588.0
2026-04-10 13:50:00,214.2075,214.2075,214.0881,214.1876,10801.0
2026-04-10 13:55:00,214.2075,214.307,214.1628,214.2822,14317.0
2026-04-10 14:00:00,214.317,214.4065,214.1677,214.1976,12394.0
2026-04-10 14:05:00,214.1677,214.2274,213.9727,214.2274,17247.0
2026-04-10 14:10:00,214.1677,214.6354,214.1677,214.3021,30696.0
2026-04-10 14:15:00,214.3021,214.4861,214.2573,214.4115,18173.0
2026-04-10 14:20:00,214.4563,214.4563,214.317,214.3468,12210.0
2026-04-10 14:25:00,214.3767,214.3966,214.2026,214.2871,22911.0
2026-04-10 14:30:00,214.3369,214.4762,214.2573,214.2971,20424.0
2026-04-10 14:35:00,214.2921,214.3767,214.2523,214.2523,14609.0
2026-04-10 14:40:00,214.2971,214.3269,214.0931,214.2274,15987.0
2026-04-10 14:45:00,214.2175,214.4363,214.1379,214.3816,14318.0
2026-04-10 14:50:00,214.3866,214.4961,214.3568,214.4861,17220.0
2026-04-10 14:55:00,214.5259,214.5359,214.2772,214.3966,25344.0
2026-04-10 15:00:00,214.3866,214.5359,214.2573,214.3269,36770.0
2026-04-10 15:05:00,214.3269,214.3269,214.0682,214.1976,20348.0
2026-04-10 15:10:00,214.2274,214.2374,214.1379,214.1677,20053.0
2026-04-10 15:15:00,214.1677,214.2971,213.9886,214.2075,29946.0
2026-04-10 15:20:00,214.2374,214.4364,214.2175,214.3866,33765.0
2026-04-10 15:25:00,214.3568,214.5757,214.3518,214.4762,53602.0
2026-04-10 15:30:00,214.4563,214.4563,214.2075,214.2075,38897.0
2026-04-10 15:35:00,214.2473,214.3568,213.8394,213.9289,77820.0
2026-04-10 15:40:00,213.9787,214.0284,213.4116,213.5658,73106.0
2026-04-10 15:45:00,213.5608,213.7697,213.526,213.6006,77297.0
2026-04-10 15:50:00,213.6205,214.0583,213.6205,213.909,97163.0
2026-04-10 15:55:00,213.8891,213.9886,213.4066,213.5707,362959.0
2026-04-13 09:30:00,212.8693,213.3021,211.929,212.7151,106470.0
2026-04-13 09:35:00,212.6404,212.6454,211.9489,212.4862,82130.0
2026-04-13 09:40:00,212.4515,212.4862,211.7947,212.1081,60669.0
2026-04-13 09:45:00,211.944,212.5758,211.6703,212.5758,34207.0
2026-04-13 09:50:00,212.4713,212.5758,211.8395,211.8992,30401.0
2026-04-13 09:55:00,211.9241,212.4962,211.6007,212.4365,28820.0
2026-04-13 10:00:00,212.3469,212.3469,211.1828,211.7798,31367.0
2026-04-13 10:05:00,211.7897,212.2275,211.6504,212.0385,27884.0
2026-04-13 10:10:00,212.0584,212.5559,212.0385,212.5012,39522.0
2026-04-13 10:15:00,212.4962,212.6902,212.4464,212.6056,24487.0
2026-04-13 10:20:00,212.6753,212.8145,212.2574,212.4574,36993.0
2026-04-13 10:25:00,212.5061,212.7101,212.3469,212.4166,21827.0
2026-04-13 10:30:00,212.3977,212.4663,212.1778,212.4216,17292.0
2026-04-13 10:35:00,212.4066,212.4763,212.0882,212.0882,22523.0
2026-04-13 10:40:00,212.0882,212.3171,212.0086,212.3171,45348.0
2026-04-13 10:45:00,212.3668,212.5161,212.0484,212.2175,64310.0
2026-04-13 10:50:00,212.1529,212.1678,211.8445,211.8992,28134.0
2026-04-13 10:55:00,211.939,212.0484,211.7201,211.7997,34421.0
2026-04-13 11:00:00,211.7997,211.8693,211.2724,211.4564,65890.0
2026-04-13 11:05:00,211.3818,211.3918,211.0435,211.1579,29206.0
2026-04-13 11:10:00,211.1928,211.541,211.0535,211.2823,36176.0
2026-04-13 11:15:00,211.3221,212.1181,211.1629,212.0683,89244.0
2026-04-13 11:20:00,212.0385,212.2972,211.9788,212.0285,38811.0
2026-04-13 11:25:00,211.9688,212.128,211.8494,212.0384,46592.0
2026-04-13 11:30:00,211.9688,212.133,211.8942,212.0086,26479.0
2026-04-13 11:35:00,212.0683,212.1479,211.9191,212.0584,27276.0
2026-04-13 11:40:00,212.0584,212.138,211.8942,211.9191,19928.0
2026-04-13 11:45:00,211.9191,212.0683,211.8196,212.0435,31241.0
2026-04-13 11:50:00,212.0982,212.1372,211.9589,212.0037,24186.0
2026-04-13 11:55:00,211.9937,212.0882,211.8892,211.9887,23709.0
2026-04-13 12:00:00,211.9987,212.0584,211.7798,212.0285,58961.0
2026-04-13 12:05:00,212.0683,212.4962,212.0086,212.4962,27290.0
2026-04-13 12:10:00,212.526,212.8643,212.4713,212.7847,20204.0
2026-04-13 12:15:00,212.8146,213.0434,212.735,212.8593,38161.0
2026-04-13 12:20:00,212.9041,213.3618,212.8743,213.2424,30628.0
2026-04-13 12:25:00,213.2424,213.2524,212.9837,213.2524,21339.0
2026-04-13 12:30:00,213.2026,213.6603,213.1827,213.5707,20539.0
2026-04-13 12:35:00,213.5707,213.7895,213.4215,213.6901,26911.0
2026-04-13 12:40:00,213.7399,213.8294,213.4911,213.7598,26244.0
2026-04-13 12:45:00,213.8095,214.1628,213.72,214.1628,27106.0
2026-04-13 12:50:00,214.2074,214.2971,213.8444,213.9837,32391.0
2026-04-13 12:55:00,213.9886,214.0782,213.7747,213.9787,30859.0
2026-04-13 13:00:00,213.9986,214.1676,213.8294,214.1676,53338.0
2026-04-13 13:05:00,214.118,214.1677,213.5906,213.6105,31619.0
2026-04-13 13:10:00,213.6205,213.7598,213.511,213.6653,21062.0
2026-04-13 13:15:00,213.6205,213.9588,213.6006,213.8394,21895.0
2026-04-13 13:20:00,213.8891,213.9786,213.8394,213.8643,13411.0
2026-04-13 13:25:00,213.8394,213.8991,213.8095,213.8493,12466.0
2026-04-13 13:30:00,213.8195,213.8891,213.7797,213.8294,17711.0
2026-04-13 13:35:00,213.7399,213.919,213.7399,213.919,20163.0
2026-04-13 13:40:00,213.9389,214.1379,213.8046,213.919,39788.0
2026-04-13 13:45:00,213.8941,214.0483,213.8407,213.909,32071.0
2026-04-13 13:50:00,213.9687,214.0782,213.9488,213.9986,28250.0
2026-04-13 13:55:00,214.0185,214.0384,213.7299,213.9737,43475.0
2026-04-13 14:00:00,213.9737,214.1867,213.9687,214.123,24785.0
2026-04-13 14:05:00,214.1379,214.317,214.0682,214.307,22335.0
2026-04-13 14:10:00,214.2871,214.3966,214.2871,214.3269,21358.0
2026-04-13 14:15:00,214.2871,214.516,214.2175,214.511,32889.0
2026-04-13 14:20:00,214.511,214.5956,214.4165,214.4463,33049.0
2026-04-13 14:25:00,214.4314,214.5756,214.4165,214.5458,19946.0
2026-04-13 14:30:00,214.516,214.7548,214.516,214.7548,20742.0
2026-04-13 14:35:00,214.7249,214.8543,214.7249,214.8294,21814.0
2026-04-13 14:40:00,214.8145,215.0831,214.7946,215.0831,29220.0
2026-04-13 14:45:00,215.0632,215.2821,215.0533,215.2124,49984.0
2026-04-13 14:50:00,215.1279,215.292,214.9737,215.2323,32461.0
2026-04-13 14:55:00,215.2423,215.307,214.7249,214.7548,56074.0
2026-04-13 15:00:00,214.7199,215.0135,214.715,214.9836,43068.0
2026-04-13 15:05:00,214.9836,214.9836,214.6354,214.7448,29383.0
2026-04-13 15:10:00,214.7548,214.7647,214.6254,214.7548,21508.0
2026-04-13 15:15:00,214.7946,215.113,214.7697,215.0732,24135.0
2026-04-13 15:20:00,215.0433,215.103,214.9582,215.0383,30589.0
2026-04-13 15:25:00,215.0533,215.4114,215.0234,215.113,39586.0
2026-04-13 15:30:00,215.1329,215.2622,215.0632,215.0831,38709.0
2026-04-13 15:35:00,215.0732,215.2821,215.0632,215.0831,43555.0
2026-04-13 15:40:00,215.103,215.2423,215.0732,215.2423,47457.0
2026-04-13 15:45:00,215.2224,215.3418,215.0831,215.2323,74691.0
2026-04-13 15:50:00,215.2622,215.899,215.2622,215.6701,151217.0
2026-04-13 15:55:00,215.6801,216.1079,215.5308,215.6005,431395.0
2026-04-14 09:30:00,216.098,216.6552,215.0284,215.6403,134552.0
2026-04-14 09:35:00,215.4313,215.8393,215.0831,215.2075,48826.0
2026-04-14 09:40:00,215.302,215.4413,214.6453,214.6951,41490.0
2026-04-14 09:45:00,214.8742,214.8742,213.9588,214.4463,60507.0
2026-04-14 09:50:00,214.4115,214.6453,213.7438,214.0284,21788.0
2026-04-14 09:55:00,214.0185,214.501,214.0085,214.2573,17150.0
2026-04-14 10:00:00,214.1578,214.6652,214.1279,214.5906,29385.0
2026-04-14 10:05:00,214.5906,214.705,214.3468,214.4662,26317.0
2026-04-14 10:10:00,214.4886,214.4886,213.9887,214.2971,43878.0
2026-04-14 10:15:00,214.3767,214.6055,214.2573,214.3369,41324.0
2026-04-14 10:20:00,214.2573,214.2573,213.72,214.1379,49043.0
2026-04-14 10:25:00,214.1827,214.312,213.3419,213.6653,119408.0
2026-04-14 10:30:00,213.6503,213.8639,213.2723,213.72,33135.0
2026-04-14 10:35:00,213.7498,214.2473,213.7399,214.1876,22058.0
2026-04-14 10:40:00,214.2075,214.6752,214.0981,214.6752,26311.0
2026-04-14 10:45:00,214.715,215.1129,214.715,215.0582,17066.0
2026-04-14 10:50:00,215.0533,215.6104,215.0533,215.6104,34840.0
2026-04-14 10:55:00,215.6104,215.6453,215.3915,215.5607,26904.0
2026-04-14 11:00:00,215.5905,215.6403,215.3169,215.3169,31772.0
2026-04-14 11:05:00,215.4114,215.8592,215.292,215.7696,23640.0
2026-04-14 11:10:00,215.7746,216.0582,215.7298,215.9413,36803.0
2026-04-14 11:15:00,215.9189,215.9786,215.7,215.8393,22698.0
2026-04-14 11:20:00,215.9885,216.088,215.9487,215.9761,20404.0
2026-04-14 11:25:00,215.9836,216.1378,215.9388,216.0482,26692.0
2026-04-14 11:30:00,216.0582,216.1477,215.8691,215.9388,24014.0
2026-04-14 11:35:00,215.9985,216.1477,215.9786,216.0905,48594.0
2026-04-14 11:40:00,216.1278,216.1975,215.9786,216.0035,25472.0
2026-04-14 11:45:00,216.0047,216.3766,216.0047,216.2373,51043.0
2026-04-14 11:50:00,216.1925,216.496,216.1925,216.3268,28346.0
2026-04-14 11:55:00,216.287,216.3169,215.889,215.9487,38506.0
2026-04-14 12:00:00,215.9388,216.0383,215.8194,215.9064,20025.0
2026-04-14 12:05:00,215.8194,215.8791,215.5706,215.6403,17889.0
2026-04-14 12:10:00,215.7099,215.7199,215.4246,215.496,11873.0
2026-04-14 12:15:00,215.4811,215.5159,215.4015,215.4413,14969.0
2026-04-14 12:20:00,215.4413,215.4463,215.292,215.292,15202.0
2026-04-14 12:25:00,215.2721,215.3766,215.2232,215.3368,18714.0
2026-04-14 12:30:00,215.3368,215.3716,215.1677,215.1765,16104.0
2026-04-14 12:35:00,215.2025,215.491,215.1975,215.4214,22146.0
2026-04-14 12:40:00,215.4015,215.6103,215.4015,215.5408,12405.0
2026-04-14 12:45:00,215.5557,215.5706,215.4811,215.5507,10543.0
2026-04-14 12:50:00,215.5308,215.5308,215.2522,215.3219,19070.0
2026-04-14 12:55:00,215.292,215.3219,215.0931,215.2672,55939.0
2026-04-14 13:00:00,215.292,215.3716,215.1926,215.3144,19915.0
2026-04-14 13:05:00,215.2721,215.4306,215.2721,215.4164,14574.0
2026-04-14 13:10:00,215.4214,215.5607,215.3816,215.5408,15405.0
2026-04-14 13:15:00,215.5308,215.7149,215.4898,215.7149,18828.0
2026-04-14 13:20:00,215.69,215.8691,215.5905,215.8343,22044.0
2026-04-14 13:25:00,215.8343,215.9587,215.7995,215.8542,20807.0
2026-04-14 13:30:00,215.889,216.1079,215.8492,216.0383,16283.0
2026-04-14 13:35:00,216.0482,216.1378,216.0184,216.1228,24429.0
2026-04-14 13:40:00,216.1477,216.1577,216.0582,216.1179,18101.0
2026-04-14 13:45:00,216.1328,216.1577,216.0084,216.1079,18006.0
2026-04-14 13:50:00,216.1278,216.1726,215.9388,216.0383,31853.0
2026-04-14 13:55:00,215.9487,216.1975,215.894,216.1925,23563.0
2026-04-14 14:00:00,216.1925,216.486,216.1577,216.4064,39431.0
2026-04-14 14:05:00,216.4462,216.5059,216.3368,216.4363,17208.0
2026-04-14 14:10:00,216.4462,216.5358,216.3716,216.5358,15159.0
2026-04-14 14:15:00,216.5656,216.5855,216.3965,216.4661,21257.0
2026-04-14 14:20:00,216.4462,216.5009,216.2771,216.4114,22358.0
2026-04-14 14:25:00,216.4114,216.6552,216.4114,216.6452,20208.0
2026-04-14 14:30:00,216.6353,216.8044,216.5557,216.7397,21424.0
2026-04-14 14:35:00,216.7248,217.0979,216.6999,216.9537,44688.0
2026-04-14 14:40:00,216.9636,217.083,216.9338,217.0681,18526.0
2026-04-14 14:45:00,217.0681,217.2621,217.0681,217.2621,18448.0
2026-04-14 14:50:00,217.2621,217.7795,217.2621,217.7447,41430.0
2026-04-14 14:55:00,217.7695,217.7795,217.3616,217.471,52597.0
2026-04-14 15:00:00,217.4909,217.5059,217.3019,217.3467,31884.0
2026-04-14 15:05:00,217.3417,217.5904,217.3417,217.4884,37206.0
2026-04-14 15:10:00,217.486,217.7049,217.4611,217.5357,66892.0
2026-04-14 15:15:00,217.5108,217.7894,217.4909,217.7845,49364.0
2026-04-14 15:20:00,217.7845,217.9785,217.7845,217.9635,47729.0
2026-04-14 15:25:00,217.9785,218.3267,217.9735,218.1377,73463.0
2026-04-14 15:30:00,218.0979,218.1128,217.9188,217.9685,79996.0
2026-04-14 15:35:00,217.9586,218.0829,217.7795,217.9188,87618.0
2026-04-14 15:40:00,217.9088,217.9287,217.7073,217.8939,52923.0
2026-04-14 15:45:00,217.8889,217.9287,217.685,217.7098,62936.0
2026-04-14 15:50:00,217.7397,218.1277,217.5009,217.7297,159396.0
2026-04-14 15:55:00,217.7098,218.3864,217.5904,217.7596,667587.0
2026-04-15 09:30:00,216.4661,217.2074,215.108,215.6502,175616.0
2026-04-15 09:35:00,215.6801,215.8492,214.6851,214.904,57683.0
2026-04-15 09:40:00,214.8713,215.1826,213.9389,214.3767,42532.0
2026-04-15 09:45:00,214.0856,214.5558,213.6702,214.2175,37742.0
2026-04-15 09:50:00,214.4662,214.4662,212.5857,213.322,40789.0
2026-04-15 09:55:00,213.322,214.1876,213.317,213.6304,40905.0
2026-04-15 10:00:00,213.6404,214.1031,212.934,214.0881,53748.0
2026-04-15 10:05:00,213.9886,214.0483,213.3718,213.3718,31350.0
2026-04-15 10:10:00,213.4314,213.4812,212.9539,213.2325,25764.0
2026-04-15 10:15:00,213.3767,213.3917,212.9638,213.128,21765.0
2026-04-15 10:20:00,213.1131,213.8891,213.0932,213.5707,28020.0
2026-04-15 10:25:00,213.5011,213.9787,213.3915,213.919,35812.0
2026-04-15 10:30:00,213.9488,214.2175,213.5906,213.5906,25053.0
2026-04-15 10:35:00,213.6105,214.1478,213.5757,214.0085,37697.0
2026-04-15 10:40:00,214.0185,214.5359,213.8493,214.4364,27805.0
2026-04-15 10:45:00,214.4364,214.7846,214.3269,214.3767,30311.0
2026-04-15 10:50:00,214.3767,214.4563,213.9886,214.2324,40694.0
2026-04-15 10:55:00,214.1329,214.1677,213.8195,213.8394,34884.0
2026-04-15 11:00:00,213.9339,213.9339,213.2922,213.6006,78458.0
2026-04-15 11:05:00,213.6006,213.6603,213.0235,213.4116,38641.0
2026-04-15 11:10:00,213.4215,213.7001,213.2225,213.4911,27539.0
2026-04-15 11:15:00,213.3917,213.5906,213.3817,213.511,13771.0
2026-04-15 11:20:00,213.4613,213.5807,213.1628,213.2524,33519.0
2026-04-15 11:25:00,213.2325,213.332,213.0733,213.133,27194.0
2026-04-15 11:30:00,213.128,213.4712,212.936,213.123,66408.0
2026-04-15 11:35:00,213.2026,213.2026,212.8096,212.8942,41727.0
2026-04-15 11:40:00,212.9041,213.0932,212.6952,212.9936,25279.0
2026-04-15 11:45:00,212.9141,212.9937,212.7947,212.8046,15888.0
2026-04-15 11:50:00,212.7947,212.9539,212.7748,212.924,12745.0
2026-04-15 11:55:00,212.8842,213.0434,212.8146,212.8544,15603.0
2026-04-15 12:00:00,212.8544,212.8643,212.5409,212.6753,25360.0
2026-04-15 12:05:00,212.6454,212.8743,212.6056,212.7748,22334.0
2026-04-15 12:10:00,212.7548,212.8768,212.5161,212.8768,19619.0
2026-04-15 12:15:00,212.8693,212.8842,212.7748,212.8643,16585.0
2026-04-15 12:20:00,212.8991,212.9887,212.8394,212.8494,10028.0
2026-04-15 12:25:00,212.8444,212.8444,212.4116,212.4166,21849.0
2026-04-15 12:30:00,212.4464,212.5957,212.3071,212.5758,28873.0
2026-04-15 12:35:00,212.6554,212.725,212.1977,212.1977,32689.0
2026-04-15 12:40:00,212.1977,212.2872,211.6504,211.8892,52967.0
2026-04-15 12:45:00,211.9091,211.9191,211.4515,211.7599,51011.0
2026-04-15 12:50:00,211.7499,211.9091,210.8347,210.9639,56812.0
2026-04-15 12:55:00,210.9652,211.7798,210.6356,211.6504,35590.0
2026-04-15 13:00:00,211.6206,211.7798,211.3719,211.7599,20831.0
2026-04-15 13:05:00,211.7897,212.0783,211.648,212.0783,18129.0
2026-04-15 13:10:00,212.0186,212.1081,211.8743,211.9688,24786.0
2026-04-15 13:15:00,211.9738,212.3768,211.9738,212.1829,21392.0
2026-04-15 13:20:00,212.1778,212.1778,211.8892,211.9241,12584.0
2026-04-15 13:25:00,211.9987,212.0683,211.9091,212.0086,17259.0
2026-04-15 13:30:00,211.9589,212.3967,211.939,212.2972,16313.0
2026-04-15 13:35:00,212.2872,212.327,212.0882,212.1529,10668.0
2026-04-15 13:40:00,212.0484,212.138,211.6306,211.8295,25816.0
2026-04-15 13:45:00,211.8594,211.9191,211.7997,211.8594,14079.0
2026-04-15 13:50:00,211.8196,212.1579,211.8196,212.1081,22134.0
2026-04-15 13:55:00,212.0932,212.2076,212.0683,212.1678,18753.0
2026-04-15 14:00:00,212.1479,212.4564,212.0385,212.2823,29626.0
2026-04-15 14:05:00,212.2176,212.5061,212.2176,212.337,28064.0
2026-04-15 14:10:00,212.337,212.6434,212.2574,212.3718,75521.0
2026-04-15 14:15:00,212.3718,212.4514,212.2574,212.2574,12516.0
2026-04-15 14:20:00,212.2823,212.4662,212.1579,212.4662,22053.0
2026-04-15 14:25:00,212.4415,212.5907,212.3668,212.5758,12501.0
2026-04-15 14:30:00,212.5957,212.6952,212.526,212.6255,46598.0
2026-04-15 14:35:00,212.7051,212.7947,212.6255,212.735,16629.0
2026-04-15 14:40:00,212.7001,212.7001,212.4564,212.526,15909.0
2026-04-15 14:45:00,212.5559,212.7051,212.5409,212.6603,15592.0
2026-04-15 14:50:00,212.6653,212.7449,212.5658,212.7051,18486.0
2026-04-15 14:55:00,212.725,212.7947,212.6255,212.6955,25328.0
2026-04-15 15:00:00,212.7151,212.9539,212.7151,212.8245,20102.0
2026-04-15 15:05:00,212.8643,213.1529,212.8643,213.0882,24458.0
2026-04-15 15:10:00,213.1529,213.4464,213.1031,213.332,31495.0
2026-04-15 15:15:00,213.3369,213.5409,213.3369,213.4812,23197.0
2026-04-15 15:20:00,213.5309,213.6006,213.5011,213.5707,24473.0
2026-04-15 15:25:00,213.6006,213.9488,213.5906,213.8493,38734.0
2026-04-15 15:30:00,213.8394,214.3269,213.8195,214.317,50199.0
2026-04-15 15:35:00,214.3468,214.4463,214.2075,214.2125,52021.0
2026-04-15 15:40:00,214.1976,214.317,213.919,214.2722,89465.0
2026-04-15 15:45:00,214.2374,214.4662,214.1976,214.3468,78750.0
2026-04-15 15:50:00,214.3667,214.9438,214.3568,214.8941,166403.0
2026-04-15 15:55:00,214.914,215.3617,214.914,215.1926,578197.0
2026-04-16 09:30:00,215.6303,218.3509,215.6303,218.1028,176370.0
2026-04-16 09:35:00,218.0382,219.0381,217.6402,218.8938,152762.0
2026-04-16 09:40:00,218.8357,219.1326,218.2869,218.6053,109250.0
2026-04-16 09:45:00,218.5854,219.4709,218.1377,219.4709,198068.0
2026-04-16 09:50:00,219.461,219.9187,218.9834,219.3963,174351.0
2026-04-16 09:55:00,219.3117,219.9386,219.2719,219.6898,87203.0
2026-04-16 10:00:00,219.7694,220.2271,219.5406,219.6053,79533.0
2026-04-16 10:05:00,219.4709,219.8888,218.9535,219.8689,45289.0
2026-04-16 10:10:00,219.8689,220.4709,219.7296,220.0083,63931.0
2026-04-16 10:15:00,220.0779,220.5256,219.8513,219.8513,54670.0
2026-04-16 10:20:00,220.0334,220.0381,219.4013,219.8192,72463.0
2026-04-16 10:25:00,219.8888,219.9883,219.5804,219.8888,68888.0
2026-04-16 10:30:00,219.8938,220.5753,219.6998,220.4709,48389.0
2026-04-16 10:35:00,220.5455,220.5554,219.65,219.65,43512.0
2026-04-16 10:40:00,219.65,219.7296,219.1824,219.6475,54192.0
2026-04-16 10:45:00,219.6351,219.9792,219.1824,219.1824,31115.0
2026-04-16 10:50:00,219.2471,219.6898,219.1724,219.4859,54459.0
2026-04-16 10:55:00,219.5505,220.0828,219.2918,219.9187,50139.0
2026-04-16 11:00:00,219.9485,221.0828,219.9087,220.7345,45535.0
2026-04-16 11:05:00,220.7495,221.1624,220.7346,221.033,100706.0
2026-04-16 11:10:00,221.1823,221.4808,221.1226,221.3216,54112.0
2026-04-16 11:15:00,221.2619,221.8489,221.2519,221.3514,50935.0
2026-04-16 11:20:00,221.4111,221.5902,221.1624,221.436,39290.0
2026-04-16 11:25:00,221.4708,222.2071,221.3813,221.8738,175607.0
2026-04-16 11:30:00,221.9036,222.2967,221.7992,222.2569,63883.0
2026-04-16 11:35:00,222.1972,222.8936,222.1972,222.7792,143090.0
2026-04-16 11:40:00,222.7693,222.8041,222.4061,222.5057,58621.0
2026-04-16 11:45:00,222.5056,222.6001,222.0181,222.2917,31906.0
2026-04-16 11:50:00,222.2668,222.4654,222.0778,222.3364,44096.0
2026-04-16 11:55:00,222.3364,222.5056,222.028,222.0688,47302.0
2026-04-16 12:00:00,222.0678,222.3165,221.9783,222.1574,19537.0
2026-04-16 12:05:00,222.1972,222.2569,221.9882,222.1574,25864.0
2026-04-16 12:10:00,222.1972,222.2867,222.1474,222.1524,27830.0
2026-04-16 12:15:00,222.2171,222.5305,222.1375,222.4658,40392.0
2026-04-16 12:20:00,222.5155,222.5752,222.0877,222.1673,42660.0
2026-04-16 12:25:00,222.2171,222.3364,221.9783,222.0181,26426.0
2026-04-16 12:30:00,222.0131,222.0131,221.2336,221.441,59613.0
2026-04-16 12:35:00,221.4758,221.5803,221.4012,221.5405,13454.0
2026-04-16 12:40:00,221.5405,221.6599,221.242,221.6549,30381.0
2026-04-16 12:45:00,221.6101,221.9086,221.6002,221.6824,34956.0
2026-04-16 12:50:00,221.6897,221.7494,221.4609,221.5902,76851.0
2026-04-16 12:55:00,221.6002,221.6947,221.5454,221.6226,45364.0
2026-04-16 13:00:00,221.6101,221.6201,221.3912,221.6201,21295.0
2026-04-16 13:05:00,221.64,221.64,221.4111,221.4857,20744.0
2026-04-16 13:10:00,221.5355,221.7693,221.4808,221.5305,34031.0
2026-04-16 13:15:00,221.5803,221.5902,221.4111,221.4509,65989.0
2026-04-16 13:20:00,221.4708,221.5504,221.1873,221.4161,66510.0
2026-04-16 13:25:00,221.4609,221.6002,221.4609,221.5056,18817.0
2026-04-16 13:30:00,221.5056,221.9036,221.3813,221.8489,67322.0
2026-04-16 13:35:00,221.8987,221.9385,221.64,221.7295,25972.0
2026-04-16 13:40:00,221.7146,221.9235,221.7146,221.8688,16434.0
2026-04-16 13:45:00,221.9086,222.028,221.7295,221.7693,22299.0
2026-04-16 13:50:00,221.7693,222.0174,221.7444,221.9584,32905.0
2026-04-16 13:55:00,221.9484,221.9484,221.6798,221.8638,28728.0
2026-04-16 14:00:00,221.9186,222.0977,221.7096,221.7096,16918.0
2026-04-16 14:05:00,221.7345,221.8469,221.2619,221.2917,31230.0
2026-04-16 14:10:00,221.3514,221.4509,221.0728,221.4111,25569.0
2026-04-16 14:15:00,221.4211,221.5405,221.1226,221.3564,35525.0
2026-04-16 14:20:00,221.5007,221.8191,221.4131,221.4609,45598.0
2026-04-16 14:25:00,221.5206,221.5604,221.2002,221.3017,27559.0
2026-04-16 14:30:00,221.2619,221.4111,221.1325,221.3614,35923.0
2026-04-16 14:35:00,221.3912,221.6847,221.3365,221.6201,39907.0
2026-04-16 14:40:00,221.64,222.2569,221.64,222.1972,41585.0
2026-04-16 14:45:00,222.217,222.4658,222.2071,222.2618,27228.0
2026-04-16 14:50:00,222.2618,222.3364,222.1176,222.237,32502.0
2026-04-16 14:55:00,222.2171,222.2171,222.0579,222.0579,34021.0
2026-04-16 15:00:00,222.0579,222.2668,222.033,222.227,29172.0
2026-04-16 15:05:00,222.227,222.2569,222.0678,222.0927,35727.0
2026-04-16 15:10:00,222.0927,222.1773,222.0081,222.038,34473.0
2026-04-16 15:15:00,222.0479,222.2171,222.0479,222.1275,38963.0
2026-04-16 15:20:00,222.1375,222.2867,222.1076,222.2419,40122.0
2026-04-16 15:25:00,222.2618,222.2668,222.033,222.033,43704.0
2026-04-16 15:30:00,222.0479,222.0877,221.6698,221.6698,70513.0
2026-04-16 15:35:00,221.6698,221.6698,221.3315,221.5803,130712.0
2026-04-16 15:40:00,221.5803,221.9186,221.4609,221.4932,120941.0
2026-04-16 15:45:00,221.4808,221.8788,221.431,221.829,140935.0
2026-04-16 15:50:00,221.829,222.2967,221.829,221.9982,226633.0
2026-04-16 15:55:00,222.0081,222.3961,221.4609,221.9683,695939.0
2026-04-17 09:30:00,227.1123,227.6794,224.8637,225.386,595177.0
2026-04-17 09:35:00,225.4209,225.7194,224.6647,225.3413,41157.0
2026-04-17 09:40:00,225.3363,225.3661,224.3198,225.0328,103362.0
2026-04-17 09:45:00,225.0328,225.0328,223.5404,224.5453,62634.0
2026-04-17 09:50:00,224.4707,224.5353,223.9583,224.5304,84535.0
2026-04-17 09:55:00,224.3206,225.4706,224.3206,225.4706,36647.0
2026-04-17 10:00:00,225.4507,226.1173,225.3064,225.8984,46157.0
2026-04-17 10:05:00,225.7791,227.1272,225.6597,227.0128,76545.0
2026-04-17 10:10:00,226.8934,227.1024,226.7541,226.8039,45539.0
2026-04-17 10:15:00,226.8536,226.9382,226.4059,226.6646,64268.0
2026-04-17 10:20:00,226.6447,226.8437,226.4059,226.6944,62555.0
2026-04-17 10:25:00,226.7243,227.0127,226.5352,226.6347,40284.0
2026-04-17 10:30:00,226.6347,227.1322,226.4606,227.0327,60840.0
2026-04-17 10:35:00,227.0327,227.1123,226.8138,227.0725,61990.0
2026-04-17 10:40:00,227.0825,227.6198,227.0526,227.6048,76655.0
2026-04-17 10:45:00,227.5999,227.8088,227.4506,227.8088,57194.0
2026-04-17 10:50:00,227.759,228.0476,227.5451,227.5899,66437.0
2026-04-17 10:55:00,227.5302,227.9282,227.4506,227.5203,58087.0
2026-04-17 11:00:00,227.5402,228.0277,227.4208,227.958,77965.0
2026-04-17 11:05:00,227.9929,228.4568,227.9232,228.0078,47905.0
2026-04-17 11:10:00,227.9481,228.1172,227.8585,228.0177,48823.0
2026-04-17 11:15:00,227.9978,228.2068,227.8486,228.0476,58724.0
2026-04-17 11:20:00,228.0675,228.2466,227.9381,228.162,66156.0
2026-04-17 11:25:00,228.1968,228.5719,228.157,228.55,66335.0
2026-04-17 11:30:00,228.5311,228.8883,228.4953,228.5302,128223.0
2026-04-17 11:35:00,228.5103,228.6545,228.1968,228.4008,62873.0
2026-04-17 11:40:00,228.3958,228.4555,228.1968,228.3162,45471.0
2026-04-17 11:45:00,228.3411,228.8436,228.1968,228.6844,65518.0
2026-04-17 11:50:00,228.6446,228.9132,228.6147,228.7988,37223.0
2026-04-17 11:55:00,228.754,228.8535,228.5351,228.5351,34717.0
2026-04-17 12:00:00,228.5849,228.9829,228.3461,228.9829,59758.0
2026-04-17 12:05:00,228.9928,229.1023,228.748,228.7839,38035.0
2026-04-17 12:10:00,228.754,229.2117,228.7092,229.0127,59606.0
2026-04-17 12:15:00,229.0028,229.2814,228.9729,229.0824,57028.0
2026-04-17 12:20:00,229.0873,229.2416,228.8933,229.0635,25469.0
2026-04-17 12:25:00,229.0625,229.1968,229.0028,229.152,37282.0
2026-04-17 12:30:00,229.1371,229.3709,229.0923,229.1918,37796.0
2026-04-17 12:35:00,229.1918,229.2913,229.0923,229.1023,29927.0
2026-04-17 12:40:00,229.1023,229.1023,228.6346,228.7988,106925.0
2026-04-17 12:45:00,228.7988,228.9829,228.5302,228.8237,50139.0
2026-04-17 12:50:00,228.8237,228.8436,228.565,228.565,19532.0
2026-04-17 12:55:00,228.5252,228.5948,228.3759,228.4307,22628.0
2026-04-17 13:00:00,228.3461,228.5948,228.1085,228.55,20499.0
2026-04-17 13:05:00,228.5948,228.8635,228.4257,228.7341,37286.0
2026-04-17 13:10:00,228.7839,228.9033,228.5699,228.8038,33148.0
2026-04-17 13:15:00,228.8137,228.8535,228.6157,228.6744,27570.0
2026-04-17 13:20:00,228.6744,228.8535,228.2665,228.356,67582.0
2026-04-17 13:25:00,228.361,228.5451,228.1919,228.4257,26763.0
2026-04-17 13:30:00,228.4008,228.5152,228.1769,228.2665,30170.0
2026-04-17 13:35:00,228.2068,228.4207,228.1471,228.1769,28500.0
2026-04-17 13:40:00,228.2068,228.2167,227.9481,228.2068,23698.0
2026-04-17 13:45:00,228.2068,228.4356,228.2068,228.356,27132.0
2026-04-17 13:50:00,228.3759,228.7142,228.371,228.6147,30262.0
2026-04-17 13:55:00,228.6247,228.7539,228.2968,228.3212,65919.0
2026-04-17 14:00:00,228.3162,228.4157,228.0277,228.1322,52265.0
2026-04-17 14:05:00,228.1023,228.2068,227.9232,227.9879,34781.0
2026-04-17 14:10:00,227.9879,228.1869,227.9033,227.958,33755.0
2026-04-17 14:15:00,227.9232,228.167,227.9232,228.0078,30868.0
2026-04-17 14:20:00,227.963,228.0426,227.6496,227.9829,39956.0
2026-04-17 14:25:00,227.9829,228.1968,227.769,227.8735,39974.0
2026-04-17 14:30:00,227.8735,228.2118,227.8486,228.1172,34564.0
2026-04-17 14:35:00,228.1073,228.1222,227.9381,228.0874,27302.0
2026-04-17 14:40:00,228.0924,228.7043,228.0277,228.7043,58248.0
2026-04-17 14:45:00,228.6844,228.9232,228.6278,228.6278,58477.0
2026-04-17 14:50:00,228.6595,228.6595,228.167,228.2665,48155.0
2026-04-17 14:55:00,228.2565,228.3461,228.0177,228.157,66845.0
2026-04-17 15:00:00,228.157,228.2963,228.0327,228.2267,43387.0
2026-04-17 15:05:00,228.2317,228.3809,228.0774,228.1471,38937.0
2026-04-17 15:10:00,228.157,228.157,227.6098,227.7093,43421.0
2026-04-17 15:15:00,227.6595,227.8138,227.5352,227.58,42188.0
2026-04-17 15:20:00,227.5849,227.759,227.5083,227.6695,61854.0
2026-04-17 15:25:00,227.6556,227.9182,227.575,227.6496,62070.0
2026-04-17 15:30:00,227.6496,228.1073,227.6297,228.0376,49873.0
2026-04-17 15:35:00,228.0575,228.356,227.9978,228.2764,67340.0
2026-04-17 15:40:00,228.2565,228.4058,228.1471,228.3809,72684.0
2026-04-17 15:45:00,228.4058,228.4108,228.1073,228.2267,76217.0
2026-04-17 15:50:00,228.2466,228.6744,228.0973,228.4953,182129.0
2026-04-17 15:55:00,228.5152,228.8535,228.5152,228.6545,493276.0
2026-04-20 09:30:00,231.4006,231.9678,228.8913,229.4405,270587.0
2026-04-20 09:35:00,229.3013,229.5599,228.8635,229.555,178365.0
2026-04-20 09:40:00,229.5102,231.0226,229.351,230.3559,151691.0
2026-04-20 09:45:00,230.1569,230.3758,229.7589,230.0276,103693.0
2026-04-20 09:50:00,229.9579,230.4902,229.7092,230.0674,126205.0
2026-04-20 09:55:00,230.0674,230.346,229.9579,230.1868,94194.0
2026-04-20 10:00:00,230.2166,230.9529,230.2166,230.6345,103635.0
2026-04-20 10:05:00,230.5947,231.0405,230.4952,230.8435,60086.0
2026-04-20 10:10:00,230.8037,231.3608,230.6843,231.0425,46749.0
2026-04-20 10:15:00,231.0275,231.5996,231.0275,231.4731,62224.0
2026-04-20 10:20:00,231.3327,231.6295,230.9231,230.9728,55863.0
2026-04-20 10:25:00,230.9828,231.2115,230.8435,231.0474,47902.0
2026-04-20 10:30:00,231.0027,231.2414,230.734,230.9131,75621.0
2026-04-20 10:35:00,230.8932,231.0723,230.6594,230.9877,36354.0
2026-04-20 10:40:00,230.9828,231.0922,230.5151,231.0922,43434.0
2026-04-20 10:45:00,231.0226,231.4703,230.933,231.3857,34313.0
2026-04-20 10:50:00,231.3807,231.3807,230.3529,230.4455,102210.0
2026-04-20 10:55:00,230.4355,230.4654,230.0375,230.2465,146546.0
2026-04-20 11:00:00,230.2564,230.545,230.0027,230.4753,92655.0
2026-04-20 11:05:00,230.52,230.54,229.9082,230.2166,97461.0
2026-04-20 11:10:00,230.2415,230.5251,230.1171,230.5251,70437.0
2026-04-20 11:15:00,230.5748,230.9629,230.4256,230.933,43275.0
2026-04-20 11:20:00,230.9131,231.2414,230.9131,231.1768,56704.0
2026-04-20 11:25:00,231.142,231.5399,231.0027,231.4833,49596.0
2026-04-20 11:30:00,231.4305,231.4703,231.0126,231.4156,49522.0
2026-04-20 11:35:00,231.4156,231.5598,231.2713,231.5001,38353.0
2026-04-20 11:40:00,231.4902,231.729,231.3708,231.4006,61188.0
2026-04-20 11:45:00,231.3907,231.918,231.3608,231.8733,63273.0
2026-04-20 11:50:00,231.8384,232.413,231.8384,232.3459,75867.0
2026-04-20 11:55:00,232.3558,232.6444,232.3459,232.5001,80057.0
2026-04-20 12:00:00,232.4553,232.4553,231.8295,231.9678,48549.0
2026-04-20 12:05:00,231.9678,232.0374,231.4902,231.6096,39473.0
2026-04-20 12:10:00,231.6046,231.8235,231.5101,231.7091,54870.0
2026-04-20 12:15:00,231.6892,231.8285,231.4215,231.5399,43944.0
2026-04-20 12:20:00,231.52,231.729,231.3509,231.3708,52140.0
2026-04-20 12:25:00,231.3409,231.3608,231.0723,231.321,44516.0
2026-04-20 12:30:00,231.321,231.3807,231.1917,231.1917,56775.0
2026-04-20 12:35:00,231.2414,231.2613,230.933,231.1121,62552.0
2026-04-20 12:40:00,231.1022,231.4305,231.1022,231.2414,34964.0
2026-04-20 12:45:00,231.1917,231.5499,231.1718,231.4454,27151.0
2026-04-20 12:50:00,231.4305,231.4554,231.2414,231.3807,40505.0
2026-04-20 12:55:00,231.3807,231.3807,230.9728,231.0226,36043.0
2026-04-20 13:00:00,231.0275,231.142,230.933,230.943,31413.0
2026-04-20 13:05:00,230.9653,230.9653,230.7646,230.8186,26267.0
2026-04-20 13:10:00,230.8435,231.0624,230.7937,231.0624,45789.0
2026-04-20 13:15:00,231.0425,231.1519,230.9927,231.1519,38117.0
2026-04-20 13:20:00,231.1519,231.2166,230.9231,231.1519,47037.0
2026-04-20 13:25:00,231.1221,231.1718,230.9927,230.9927,23724.0
2026-04-20 13:30:00,231.0027,231.1121,230.8882,231.0723,33891.0
2026-04-20 13:35:00,231.0624,231.2017,230.933,231.1569,35123.0
2026-04-20 13:40:00,231.1668,231.2116,230.9828,231.2116,35815.0
2026-04-20 13:45:00,231.2017,231.4305,231.1519,231.4305,23359.0
2026-04-20 13:50:00,231.4106,231.4603,231.3608,231.4205,22343.0
2026-04-20 13:55:00,231.4404,231.4404,231.2315,231.2612,38084.0
2026-04-20 14:00:00,231.2265,231.4355,231.2265,231.3474,27664.0
2026-04-20 14:05:00,231.3708,231.8782,231.3658,231.7489,50040.0
2026-04-20 14:10:00,231.729,231.8036,231.4305,231.7887,68347.0
2026-04-20 14:15:00,231.7887,232.1518,231.7787,232.1369,35138.0
2026-04-20 14:20:00,232.1568,232.3011,232.127,232.2762,29966.0
2026-04-20 14:25:00,232.2911,232.4354,232.2265,232.2971,44883.0
2026-04-20 14:30:00,232.3409,232.4453,232.1071,232.4155,42085.0
2026-04-20 14:35:00,232.3956,232.4454,232.0474,232.0673,42665.0
2026-04-20 14:40:00,232.0772,232.2364,231.9877,232.2364,47976.0
2026-04-20 14:45:00,232.2016,232.5449,232.1767,232.515,44623.0
2026-04-20 14:50:00,232.4951,232.5449,232.1966,232.326,35389.0
2026-04-20 14:55:00,232.321,232.5051,232.316,232.3906,35471.0
2026-04-20 15:00:00,232.3906,232.5051,232.2364,232.4653,46003.0
2026-04-20 15:05:00,232.4702,232.714,232.4702,232.7041,50438.0
2026-04-20 15:10:00,232.6891,232.7936,232.5648,232.5648,46095.0
2026-04-20 15:15:00,232.5648,232.5847,232.2862,232.4056,43114.0
2026-04-20 15:20:00,232.3857,232.5449,232.2862,232.4354,45119.0
2026-04-20 15:25:00,232.4354,232.4752,232.1966,232.2364,88590.0
2026-04-20 15:30:00,232.2215,232.2663,231.9578,231.9877,68340.0
2026-04-20 15:35:00,231.9354,232.3558,231.8882,232.3061,72229.0
2026-04-20 15:40:00,232.2961,232.4603,232.2364,232.316,73523.0
2026-04-20 15:45:00,232.3061,232.4653,232.2862,232.3558,107352.0
2026-04-20 15:50:00,232.3558,232.6742,232.0772,232.5697,180812.0
2026-04-20 15:55:00,232.5946,232.7041,232.2762,232.525,440202.0
2026-04-21 09:30:00,233.3209,234.8134,232.913,233.3906,281714.0
2026-04-21 09:35:00,233.3956,233.8682,232.714,233.2911,55899.0
2026-04-21 09:40:00,233.2406,233.9179,233.0523,233.0921,52505.0
2026-04-21 09:45:00,233.0423,233.1717,232.2364,232.5648,91114.0
2026-04-21 09:50:00,232.5498,232.7439,232.0374,232.2762,62668.0
2026-04-21 09:55:00,232.2762,232.8533,232.1369,232.7439,61880.0
2026-04-21 10:00:00,232.6643,233.0971,232.6344,233.0224,78626.0
2026-04-21 10:05:00,233.0772,233.2711,232.7041,232.7041,41287.0
2026-04-21 10:10:00,232.6891,232.8931,232.326,232.8235,33379.0
2026-04-21 10:15:00,232.7837,232.9727,232.4951,232.4951,55446.0
2026-04-21 10:20:00,232.5598,232.918,232.1797,232.8434,65243.0
2026-04-21 10:25:00,232.8931,232.918,232.2464,232.5946,65189.0
2026-04-21 10:30:00,232.6145,232.7339,232.1767,232.2762,55200.0
2026-04-21 10:35:00,232.3459,232.526,232.0374,232.51,54381.0
2026-04-21 10:40:00,232.51,232.5697,232.1966,232.1966,24773.0
2026-04-21 10:45:00,232.127,232.2663,231.8733,231.9777,34697.0
2026-04-21 10:50:00,231.9777,231.9777,231.2315,231.336,41346.0
2026-04-21 10:55:00,231.3061,231.3708,230.4156,230.6544,109357.0
2026-04-21 11:00:00,230.6146,230.6146,229.9679,230.1271,72068.0
2026-04-21 11:05:00,230.0574,230.7091,229.4803,230.7091,84072.0
2026-04-21 11:10:00,230.6096,231.1071,230.5251,231.0126,49986.0
2026-04-21 11:15:00,231.0872,231.7638,231.0245,231.6743,56223.0
2026-04-21 11:20:00,231.7489,231.8484,231.4504,231.4802,26242.0
2026-04-21 11:25:00,231.3509,231.4156,231.0524,231.2912,32506.0
2026-04-21 11:30:00,231.4603,231.7787,231.3807,231.5449,30894.0
2026-04-21 11:35:00,231.4902,231.5449,230.8236,231.3807,36527.0
2026-04-21 11:40:00,231.4305,231.7389,231.4006,231.5797,28611.0
2026-04-21 11:45:00,231.6394,231.9802,231.4227,231.8882,31977.0
2026-04-21 11:50:00,231.7787,231.8185,231.142,231.3011,68686.0
2026-04-21 11:55:00,231.2116,231.4404,230.7838,230.8584,27139.0
2026-04-21 12:00:00,230.9529,231.1917,230.7539,231.0027,39806.0
2026-04-21 12:05:00,230.9877,231.525,230.9828,231.525,49724.0
2026-04-21 12:10:00,231.525,231.7688,231.3011,231.3857,79448.0
2026-04-21 12:15:00,231.4305,231.7539,231.3111,231.7539,47910.0
2026-04-21 12:20:00,231.7588,231.8683,231.6693,231.8036,45765.0
2026-04-21 12:25:00,231.8384,232.0872,231.8384,231.9877,31548.0
2026-04-21 12:30:00,232.0275,232.4205,232.0275,232.3508,24720.0
2026-04-21 12:35:00,232.4155,232.6046,232.326,232.515,57646.0
2026-04-21 12:40:00,232.525,232.5896,232.0374,232.0374,44642.0
2026-04-21 12:45:00,232.0374,232.2314,231.9379,232.2314,41528.0
2026-04-21 12:50:00,232.1767,232.2215,231.9479,232.1717,42690.0
2026-04-21 12:55:00,232.0474,232.1916,231.5101,231.5101,107474.0
2026-04-21 13:00:00,231.5748,231.7965,231.52,231.5399,22964.0
2026-04-21 13:05:00,231.52,231.5598,231.0624,231.4554,39699.0
2026-04-21 13:10:00,231.4554,231.6096,231.0922,231.0922,28775.0
2026-04-21 13:15:00,231.1171,231.6096,231.1171,231.2564,69809.0
2026-04-21 13:20:00,231.2365,231.6892,230.9927,231.6245,49942.0
2026-04-21 13:25:00,231.7091,231.8384,231.53,231.7091,49267.0
2026-04-21 13:30:00,231.7141,232.4056,231.7041,232.326,35626.0
2026-04-21 13:35:00,232.2663,232.9826,232.2563,232.918,56439.0
2026-04-21 13:40:00,232.8931,233.2314,232.7936,233.0821,51911.0
2026-04-21 13:45:00,233.0722,233.1667,232.8633,232.9677,52720.0
2026-04-21 13:50:00,233.0125,233.1518,232.7936,232.8037,65467.0
2026-04-21 13:55:00,232.8036,232.8483,232.6455,232.7837,28476.0
2026-04-21 14:00:00,232.7936,232.9528,232.7886,232.8483,39186.0
2026-04-21 14:05:00,232.8334,233.1319,232.8235,233.1319,30399.0
2026-04-21 14:10:00,233.1916,233.2115,232.9727,233.1219,36739.0
2026-04-21 14:15:00,233.1219,233.1518,232.5946,232.7737,57941.0
2026-04-21 14:20:00,232.6842,232.8434,232.5061,232.5648,34362.0
2026-04-21 14:25:00,232.5847,232.7737,232.4951,232.525,55343.0
2026-04-21 14:30:00,232.5946,232.8135,232.507,232.6842,57309.0
2026-04-21 14:35:00,232.719,232.8036,232.5946,232.709,28444.0
2026-04-21 14:40:00,232.7439,232.9429,232.6046,232.8533,39919.0
2026-04-21 14:45:00,232.8782,233.2712,232.8235,233.1916,126136.0
2026-04-21 14:50:00,233.2413,233.5896,233.0622,233.51,87925.0
2026-04-21 14:55:00,233.51,233.6791,233.2413,233.4453,72593.0
2026-04-21 15:00:00,233.5697,234.3209,233.5697,233.8483,79924.0
2026-04-21 15:05:00,233.8831,234.0174,233.6742,233.7587,61769.0
2026-04-21 15:10:00,233.7637,233.9975,233.5597,233.7488,88159.0
2026-04-21 15:15:00,233.7538,233.903,233.6294,233.6791,67119.0
2026-04-21 15:20:00,233.6891,233.8483,233.51,233.8483,89501.0
2026-04-21 15:25:00,233.8184,233.8682,233.5647,233.6592,62054.0
2026-04-21 15:30:00,233.6493,233.7488,233.4403,233.4702,66774.0
2026-04-21 15:35:00,233.4304,233.4901,233.0836,233.2115,98559.0
2026-04-21 15:40:00,233.2115,233.2662,231.6991,231.7663,100259.0
2026-04-21 15:45:00,231.8782,232.2762,231.5698,231.8484,136260.0
2026-04-21 15:50:00,231.928,232.2464,231.0425,231.4902,220364.0
2026-04-21 15:55:00,231.4106,232.1717,231.137,231.9976,575536.0
2026-04-22 09:30:00,235.2164,236.1367,234.3159,235.7188,216869.0
2026-04-22 09:35:00,235.7188,236.077,234.3159,234.4055,184658.0
2026-04-22 09:40:00,234.4287,235.1815,234.0871,234.8084,144142.0
2026-04-22 09:45:00,234.8283,235.2184,234.6343,234.7985,108239.0
2026-04-22 09:50:00,234.796,235.6591,234.6542,235.5895,101352.0
2026-04-22 09:55:00,235.5895,236.0074,235.2412,235.9178,103297.0
2026-04-22 10:00:00,235.9178,236.9824,235.9178,236.3755,188194.0
2026-04-22 10:05:00,236.3656,236.4651,235.495,235.6492,91943.0
2026-04-22 10:10:00,235.7188,236.077,235.082,235.9079,108543.0
2026-04-22 10:15:00,235.9825,236.3606,235.9278,235.9775,76212.0
2026-04-22 10:20:00,235.8979,236.4302,235.8084,235.8283,72810.0
2026-04-22 10:25:00,235.8432,235.8581,234.8298,234.8298,75632.0
2026-04-22 10:30:00,234.9427,235.1318,234.4801,234.6244,77222.0
2026-04-22 10:35:00,234.5846,234.9825,234.2562,234.9179,68188.0
2026-04-22 10:40:00,234.9179,234.9925,234.3308,234.3756,50204.0
2026-04-22 10:45:00,234.4453,234.4851,233.9179,234.1269,85008.0
2026-04-22 10:50:00,234.0572,234.4055,233.908,234.0174,87319.0
2026-04-22 10:55:00,233.9876,234.0622,233.5398,233.6145,126878.0
2026-04-22 11:00:00,233.6194,233.8682,233.311,233.8483,107342.0
2026-04-22 11:05:00,233.8582,234.306,233.8085,234.306,59394.0
2026-04-22 11:10:00,234.306,234.3408,233.9577,234.1667,80985.0
2026-04-22 11:15:00,234.1965,234.2264,233.8881,233.9975,54576.0
2026-04-22 11:20:00,234.0473,234.0473,233.52,233.5896,69211.0
2026-04-22 11:25:00,233.709,233.8781,233.3209,233.7786,127949.0
2026-04-22 11:30:00,233.7786,233.908,233.6791,233.7836,84354.0
2026-04-22 11:35:00,233.8085,234.0075,233.7488,233.9129,44400.0
2026-04-22 11:40:00,233.9577,233.9577,233.4503,233.5,33431.0
2026-04-22 11:45:00,233.5199,234.097,233.5,233.9478,38636.0
2026-04-22 11:50:00,233.9527,233.9876,233.6791,233.898,29669.0
2026-04-22 11:55:00,233.8881,233.9577,233.7786,233.8085,42277.0
2026-04-22 12:00:00,233.8085,233.9478,233.6593,233.898,63437.0
2026-04-22 12:05:00,233.908,234.2662,233.8632,234.0721,51773.0
2026-04-22 12:10:00,234.0721,234.2463,234.0025,234.2463,47426.0
2026-04-22 12:15:00,234.2264,234.3059,233.8378,233.9726,52839.0
2026-04-22 12:20:00,233.9776,234.3657,233.8184,234.3557,71648.0
2026-04-22 12:25:00,234.3557,234.3607,233.9876,233.9876,53891.0
2026-04-22 12:30:00,234.0373,234.2214,233.9279,234.2214,40653.0
2026-04-22 12:35:00,234.2811,234.4652,234.2612,234.4254,40569.0
2026-04-22 12:40:00,234.3955,234.4751,234.1219,234.2662,60127.0
2026-04-22 12:45:00,234.2761,234.6045,234.2662,234.5945,63279.0
2026-04-22 12:50:00,234.5448,234.7438,234.3657,234.4055,76392.0
2026-04-22 12:55:00,234.4119,234.6045,234.2861,234.4751,67867.0
2026-04-22 13:00:00,234.4751,234.7338,234.3856,234.5746,84928.0
2026-04-22 13:05:00,234.5746,235.0323,234.5746,235.0124,53562.0
2026-04-22 13:10:00,235.0124,235.1218,234.9427,235.082,47834.0
2026-04-22 13:15:00,235.1119,235.1716,234.9278,234.9925,57736.0
2026-04-22 13:20:00,235.0124,235.2412,235.0074,235.2014,49294.0
2026-04-22 13:25:00,235.2114,235.4601,235.1766,235.4601,56769.0
2026-04-22 13:30:00,235.4601,235.5994,235.3009,235.5397,86758.0
2026-04-22 13:35:00,235.5248,235.7138,235.4402,235.6989,66291.0
2026-04-22 13:40:00,235.684,236.1268,235.6691,236.087,110336.0
2026-04-22 13:45:00,236.1069,236.2362,235.8622,236.1666,100138.0
2026-04-22 13:50:00,236.1865,236.1865,235.8581,235.878,77586.0
2026-04-22 13:55:00,235.888,235.9278,235.4402,235.4581,58227.0
2026-04-22 14:00:00,235.4104,235.4353,235.2064,235.3507,71871.0
2026-04-22 14:05:00,235.3606,235.3805,235.1915,235.286,59087.0
2026-04-22 14:10:00,235.3009,235.3407,235.0124,235.0223,62265.0
2026-04-22 14:15:00,235.0124,235.3507,234.9228,235.2512,109978.0
2026-04-22 14:20:00,235.2512,235.2512,234.0373,234.1716,118876.0
2026-04-22 14:25:00,234.1716,234.2562,233.8602,234.0373,55296.0
2026-04-22 14:30:00,234.0373,234.2164,233.7518,233.8483,77198.0
2026-04-22 14:35:00,233.8234,234.087,233.7388,233.9876,89070.0
2026-04-22 14:40:00,233.9677,234.1368,233.908,234.0224,89400.0
2026-04-22 14:45:00,234.0224,234.1119,233.8085,234.0672,79515.0
2026-04-22 14:50:00,234.0721,234.495,234.0672,234.3657,90397.0
2026-04-22 14:55:00,234.3657,234.6741,234.2662,234.4751,125123.0
2026-04-22 15:00:00,234.4254,234.4353,233.6394,233.8682,171997.0
2026-04-22 15:05:00,233.8881,234.3657,233.7985,234.2612,108619.0
2026-04-22 15:10:00,234.2065,234.3657,233.9627,234.1368,117424.0
2026-04-22 15:15:00,234.1269,234.3657,233.9328,234.3657,112851.0
2026-04-22 15:20:00,234.3259,234.5099,234.1368,234.3856,100246.0
2026-04-22 15:25:00,234.4154,237.5993,234.3458,234.7835,203752.0
2026-04-22 15:30:00,234.7935,235.3407,234.6443,235.2611,125602.0
2026-04-22 15:35:00,235.2114,235.5397,234.9925,235.5397,110897.0
2026-04-22 15:40:00,235.5497,235.7785,235.2512,235.4303,218799.0
2026-04-22 15:45:00,235.4004,235.4004,234.893,235.0373,202302.0
2026-04-22 15:50:00,235.0522,235.2512,234.5149,234.9179,365143.0
2026-04-22 15:55:00,234.893,235.281,234.291,235.2114,620472.0
2026-04-23 09:30:00,259.0012,270.3223,258.0062,268.3241,1814925.0
2026-04-23 09:35:00,268.334,271.4781,268.0256,271.2145,1248075.0
2026-04-23 09:40:00,271.2145,273.289,270.6025,272.3238,828387.0
2026-04-23 09:45:00,272.1348,274.5458,272.0453,272.7666,572884.0
2026-04-23 09:50:00,272.881,275.2562,272.4432,275.0426,429856.0
2026-04-23 09:55:00,275.1794,275.3088,272.6721,273.2392,445212.0
2026-04-23 10:00:00,273.2492,274.2491,272.2343,273.9755,505961.0
2026-04-23 10:05:00,273.8163,273.9556,270.8314,273.2989,498987.0
2026-04-23 10:10:00,273.2989,275.856,272.7766,275.07,511138.0
2026-04-23 10:15:00,275.269,275.269,273.3885,273.4332,434704.0
2026-04-23 10:20:00,273.6472,273.6472,272.1447,272.3736,326818.0
2026-04-23 10:25:00,272.3736,274.1148,272.0055,273.274,332974.0
2026-04-23 10:30:00,273.3785,275.0998,273.1895,273.8412,374825.0
2026-04-23 10:35:00,273.9854,274.1148,272.9706,273.1397,229147.0
2026-04-23 10:40:00,273.3487,274.0153,273.0303,273.8385,204299.0
2026-04-23 10:45:00,274.065,275.8559,272.9109,275.0103,586588.0
2026-04-23 10:50:00,275.1496,275.5078,274.3934,274.473,238721.0
2026-04-23 10:55:00,274.477,274.9221,273.9854,274.7367,197790.0
2026-04-23 11:00:00,274.861,275.2192,274.4133,274.9108,242015.0
2026-04-23 11:05:00,274.9555,277.6967,274.8511,277.5872,401106.0
2026-04-23 11:10:00,277.7365,278.5314,277.05,278.2539,167920.0
2026-04-23 11:15:00,278.1743,278.3832,277.5872,278.1743,186967.0
2026-04-23 11:20:00,278.055,279.2389,278.055,279.0996,192620.0
2026-04-23 11:25:00,279.1892,279.5533,278.5325,278.8509,235869.0
2026-04-23 11:30:00,278.9504,279.4976,278.4628,279.2588,189772.0
2026-04-23 11:35:00,279.3384,279.7065,278.4728,278.5424,301179.0
2026-04-23 11:40:00,278.6519,279.1494,278.1245,278.3136,255487.0
2026-04-23 11:45:00,278.2738,278.7645,278.1942,278.433,144962.0
2026-04-23 11:50:00,278.5424,278.8084,277.6768,277.836,183679.0
2026-04-23 11:55:00,278.0847,278.8409,277.7962,278.4429,141778.0
2026-04-23 12:00:00,278.4429,278.4628,277.2241,277.4032,238061.0
2026-04-23 12:05:00,277.4479,277.9856,276.8908,277.4082,210745.0
2026-04-23 12:10:00,277.5275,278.3235,276.6122,278.1594,320204.0
2026-04-23 12:15:00,278.2638,279.5374,278.0335,279.4304,211499.0
2026-04-23 12:20:00,279.443,280.3632,279.0698,280.0846,160178.0
2026-04-23 12:25:00,280.0448,280.7712,279.7463,280.6766,175365.0
2026-04-23 12:30:00,280.7811,281.2907,280.2637,280.602,245259.0
2026-04-23 12:35:00,280.8508,281.4278,280.5125,281.2438,155761.0
2026-04-23 12:40:00,281.3084,281.8383,281.2388,281.6965,240695.0
2026-04-23 12:45:00,281.7263,281.7263,280.9503,281.1443,180461.0
2026-04-23 12:50:00,281.1701,282.4129,281.1418,282.0348,164938.0
2026-04-23 12:55:00,281.985,282.6915,281.9751,282.4079,143717.0
2026-04-23 13:00:00,282.4726,282.6616,281.398,281.9253,194321.0
2026-04-23 13:05:00,281.995,282.5223,281.0597,281.1791,198490.0
2026-04-23 13:10:00,281.3781,281.5373,279.6966,280.7239,328874.0
2026-04-23 13:15:00,280.7314,280.7314,277.9255,278.3534,264417.0
2026-04-23 13:20:00,278.4628,279.7165,278.2937,279.0897,168019.0
2026-04-23 13:25:00,279.408,279.8508,278.652,279.3235,157872.0
2026-04-23 13:30:00,279.2289,280.0846,278.7913,279.7662,165833.0
2026-04-23 13:35:00,279.9453,280.1145,278.4827,278.8907,130725.0
2026-04-23 13:40:00,278.8907,278.9006,276.5827,276.846,246503.0
2026-04-23 13:45:00,276.7913,277.2986,275.5476,275.7565,470533.0
2026-04-23 13:50:00,275.856,276.3037,274.5725,276.2142,406760.0
2026-04-23 13:55:00,276.2142,277.0599,275.846,276.3983,253619.0
2026-04-23 14:00:00,276.3833,278.1345,276.1246,277.43,215037.0
2026-04-23 14:05:00,277.4131,278.035,277.3087,277.3883,193337.0
2026-04-23 14:10:00,277.3783,277.7763,276.5823,277.244,158733.0
2026-04-23 14:15:00,277.1793,277.4529,276.7913,277.1694,140528.0
2026-04-23 14:20:00,277.2191,277.607,276.5426,276.7863,117537.0
2026-04-23 14:25:00,276.841,278.0847,276.5139,277.9355,117186.0
2026-04-23 14:30:00,278.0847,278.2041,277.0202,277.0998,126071.0
2026-04-23 14:35:00,277.2191,277.9355,277.1097,277.3286,108450.0
2026-04-23 14:40:00,277.4778,277.7066,276.6538,277.1097,115878.0
2026-04-23 14:45:00,277.1097,277.4677,276.3634,276.9952,158571.0
2026-04-23 14:50:00,276.9306,277.4778,276.4331,277.2092,108624.0
2026-04-23 14:55:00,277.1743,277.4479,276.0769,276.3087,154707.0
2026-04-23 15:00:00,276.4132,276.4132,274.871,274.9904,252615.0
2026-04-23 15:05:00,274.9605,275.4779,274.8809,275.3088,174786.0
2026-04-23 15:10:00,275.259,276.1942,274.9606,276.0102,203036.0
2026-04-23 15:15:00,275.8858,277.0002,275.8659,276.7515,145728.0
2026-04-23 15:20:00,276.7515,277.0997,276.6044,276.9206,119351.0
2026-04-23 15:25:00,276.8311,277.3883,276.652,276.7266,153326.0
2026-04-23 15:30:00,276.8012,277.3087,276.5425,277.1445,175430.0
2026-04-23 15:35:00,277.1097,277.5425,276.8559,277.5425,170504.0
2026-04-23 15:40:00,277.5474,278.5524,277.4292,278.0696,252506.0
2026-04-23 15:45:00,278.0897,278.423,277.7365,278.2539,241132.0
2026-04-23 15:50:00,278.2439,279.8259,278.1444,279.7762,402745.0
2026-04-23 15:55:00,279.7563,281.1667,279.5871,280.9901,1079635.0
2026-04-24 09:30:00,286.3828,286.3828,278.5026,278.8956,646140.0
2026-04-24 09:35:00,279.3782,280.0846,276.9634,277.234,282214.0
2026-04-24 09:40:00,277.2135,278.6618,276.0052,276.0052,250014.0
2026-04-24 09:45:00,276.1346,276.3137,272.8213,272.9208,409158.0
2026-04-24 09:50:00,272.9407,274.7416,272.6223,274.4829,320367.0
2026-04-24 09:55:00,274.6372,276.1046,273.9556,275.8858,237005.0
2026-04-24 10:00:00,275.8261,276.1246,273.2989,273.7616,272357.0
2026-04-24 10:05:00,273.7616,275.0998,273.1198,274.4531,123379.0
2026-04-24 10:10:00,274.5874,274.871,273.7765,273.8064,146928.0
2026-04-24 10:15:00,273.687,274.8736,273.488,274.5824,195518.0
2026-04-24 10:20:00,274.5924,275.0307,272.9208,272.9209,112131.0
2026-04-24 10:25:00,273.1497,273.1994,271.8264,272.6323,156363.0
2026-04-24 10:30:00,272.8826,273.1497,272.2641,273.1397,116966.0
2026-04-24 10:35:00,273.085,274.274,272.9407,274.0601,94627.0
2026-04-24 10:40:00,274.1247,274.463,272.7218,272.7567,94189.0
2026-04-24 10:45:00,272.7915,273.2143,272.5328,273.09,80063.0
2026-04-24 10:50:00,273.0502,273.2243,272.5427,272.7169,70853.0
2026-04-24 10:55:00,272.7019,272.891,272.3736,272.8213,74219.0
2026-04-24 11:00:00,272.9109,273.0999,270.9309,271.503,132339.0
2026-04-24 11:05:00,271.3985,271.5663,270.6423,271.2294,207731.0
2026-04-24 11:10:00,271.2294,272.1745,270.8911,272.1,112804.0
2026-04-24 11:15:00,272.1,273.2093,272.0552,273.1347,143602.0
2026-04-24 11:20:00,273.0502,273.9954,272.446,273.9954,101406.0
2026-04-24 11:25:00,273.9854,275.1396,273.9854,274.8909,162480.0
2026-04-24 11:30:00,274.9804,275.2242,274.6023,274.7367,88208.0
2026-04-24 11:35:00,274.7416,274.7416,274.2441,274.4531,90773.0
2026-04-24 11:40:00,274.5327,275.2491,274.4133,275.0799,79262.0
2026-04-24 11:45:00,275.1844,275.5774,274.7914,275.4282,98338.0
2026-04-24 11:50:00,275.5675,275.7266,274.9619,275.0998,71005.0
2026-04-24 11:55:00,275.0351,275.3982,274.2441,274.4581,126318.0
2026-04-24 12:00:00,274.3785,274.3785,273.4482,273.9282,106922.0
2026-04-24 12:05:00,273.9755,274.5526,273.8014,274.1596,90213.0
2026-04-24 12:10:00,274.1645,274.6442,274.1048,274.4829,94291.0
2026-04-24 12:15:00,274.5426,274.8113,274.3138,274.6521,63444.0
2026-04-24 12:20:00,274.7615,274.8013,274.3337,274.6919,49187.0
2026-04-24 12:25:00,274.677,275.3187,274.3785,275.2739,64057.0
2026-04-24 12:30:00,275.2739,275.458,274.7914,274.9705,71337.0
2026-04-24 12:35:00,275.07,276.025,274.9621,275.4132,63695.0
2026-04-24 12:40:00,275.458,275.458,274.7615,274.9108,55698.0
2026-04-24 12:45:00,274.7317,275.0799,274.6322,274.7416,63625.0
2026-04-24 12:50:00,274.866,275.1098,274.6123,275.055,58004.0
2026-04-24 12:55:00,275.0202,275.3585,274.8909,275.3585,50205.0
2026-04-24 13:00:00,275.3585,276.0301,275.3103,276.0301,49171.0
2026-04-24 13:05:00,276.0301,276.2639,275.8362,276.1644,46827.0
2026-04-24 13:10:00,276.1744,276.5127,276.1545,276.5116,50282.0
2026-04-24 13:15:00,276.5027,276.7415,276.2839,276.3933,49716.0
2026-04-24 13:20:00,276.4182,276.6619,276.3137,276.5127,42708.0
2026-04-24 13:25:00,276.5823,276.8609,276.5823,276.7962,38545.0
2026-04-24 13:30:00,276.6918,276.8808,276.4629,276.6022,48872.0
2026-04-24 13:35:00,276.5127,276.9006,276.443,276.4928,53032.0
2026-04-24 13:40:00,276.5724,276.6768,276.2838,276.3535,55253.0
2026-04-24 13:45:00,276.3535,276.5226,276.2142,276.4032,45263.0
2026-04-24 13:50:00,276.4231,276.4828,276.0749,276.1346,58000.0
2026-04-24 13:55:00,276.1545,276.3684,275.9654,276.1843,57609.0
2026-04-24 14:00:00,276.254,276.9952,276.249,276.3833,73961.0
2026-04-24 14:05:00,276.4828,276.5923,276.1147,276.3803,54076.0
2026-04-24 14:10:00,276.4927,276.4927,275.8958,276.0848,65879.0
2026-04-24 14:15:00,276.1097,276.3336,275.6281,275.6281,90304.0
2026-04-24 14:20:00,275.6272,275.846,275.3993,275.5277,69465.0
2026-04-24 14:25:00,275.5277,276.2241,275.5277,276.1843,79774.0
2026-04-24 14:30:00,276.1644,276.3933,276.0251,276.2938,61802.0
2026-04-24 14:35:00,276.2988,276.5127,276.0058,276.3236,114529.0
2026-04-24 14:40:00,276.3734,276.3833,275.2889,275.3088,81355.0
2026-04-24 14:45:00,275.4083,275.9056,275.269,275.7316,60631.0
2026-04-24 14:50:00,275.6471,275.8361,275.3784,275.8062,165682.0
2026-04-24 14:55:00,275.8062,276.1147,275.7615,275.8361,69537.0
2026-04-24 15:00:00,275.9256,275.9953,275.2789,275.4779,64276.0
2026-04-24 15:05:00,275.4381,276.0351,274.9904,275.6868,57908.0
2026-04-24 15:10:00,275.7863,276.055,275.6868,275.9903,64169.0
2026-04-24 15:15:00,275.9903,276.0504,275.6868,275.7615,74113.0
2026-04-24 15:20:00,275.7167,275.7963,275.4182,275.5973,88715.0
2026-04-24 15:25:00,275.5973,275.6371,275.055,275.2093,121161.0
2026-04-24 15:30:00,275.2093,275.259,274.4332,274.6471,160618.0
2026-04-24 15:35:00,274.6123,275.2889,274.3934,275.0899,119664.0
2026-04-24 15:40:00,275.1098,275.7814,275.0998,275.1943,139715.0
2026-04-24 15:45:00,275.1595,275.5376,275.0799,275.5326,113058.0
2026-04-24 15:50:00,275.5675,275.9754,275.1695,275.5575,275934.0
2026-04-24 15:55:00,275.6272,275.9654,275.1645,275.7664,957301.0
2026-04-27 09:30:00,274.7814,275.6272,272.4134,273.4581,430694.0
2026-04-27 09:35:00,273.6123,273.7218,269.7767,270.2294,316735.0
2026-04-27 09:40:00,270.2493,272.5824,270.2046,271.8164,139288.0
2026-04-27 09:45:00,272.0353,272.0353,270.7518,271.0453,89343.0
2026-04-27 09:50:00,270.8811,271.3478,270.2344,271.2145,116278.0
2026-04-27 09:55:00,271.1796,272.2293,271.0415,271.7269,105723.0
2026-04-27 10:00:00,271.7269,271.8264,269.5777,269.5777,246919.0
2026-04-27 10:05:00,269.717,269.9558,268.4335,268.8514,147914.0
2026-04-27 10:10:00,268.8315,270.1349,268.3639,269.6772,134647.0
2026-04-27 10:15:00,269.6474,269.6474,268.0256,268.3241,132462.0
2026-04-27 10:20:00,268.4037,268.6424,267.4783,267.6674,193435.0
2026-04-27 10:25:00,267.6773,268.145,266.6724,266.7321,144368.0
2026-04-27 10:30:00,266.762,267.4683,266.2844,267.3987,170872.0
2026-04-27 10:35:00,267.3639,267.6525,266.8366,267.4584,140528.0
2026-04-27 10:40:00,267.4584,267.6773,266.941,267.2694,104570.0
2026-04-27 10:45:00,267.3092,268.1151,266.8913,267.9659,81530.0
2026-04-27 10:50:00,268.0604,269.0753,268.0604,269.0603,94011.0
2026-04-27 10:55:00,268.9708,269.8971,268.9608,269.4533,99164.0
2026-04-27 11:00:00,269.5678,270.1349,269.2693,269.9558,69215.0
2026-04-27 11:05:00,269.9508,270.9508,269.9061,270.5826,66760.0
2026-04-27 11:10:00,270.4931,270.7468,269.8265,269.8712,84288.0
2026-04-27 11:15:00,269.8712,270.2643,269.5155,269.6573,98424.0
2026-04-27 11:20:00,269.6573,269.6573,268.8912,269.4235,68449.0
2026-04-27 11:25:00,269.5279,269.7767,269.3091,269.4832,59209.0
2026-04-27 11:30:00,269.4882,269.6076,269.0802,269.6076,46443.0
2026-04-27 11:35:00,269.5777,270.1349,269.5578,269.9061,66632.0
2026-04-27 11:40:00,269.9061,270.5428,269.9061,270.5428,72989.0
2026-04-27 11:45:00,270.5428,270.7418,270.1697,270.4135,54210.0
2026-04-27 11:50:00,270.4135,270.5627,269.6275,269.722,66728.0
2026-04-27 11:55:00,269.7021,269.7021,269.1797,269.1797,53649.0
2026-04-27 12:00:00,269.2096,269.3985,268.8514,269.0305,47924.0
2026-04-27 12:05:00,268.9409,269.4185,268.8414,269.1897,53847.0
2026-04-27 12:10:00,269.1499,269.1897,268.3639,268.4634,69738.0
2026-04-27 12:15:00,268.4634,268.7071,268.1251,268.2445,49599.0
2026-04-27 12:20:00,268.2146,268.3042,267.936,267.936,82601.0
2026-04-27 12:25:00,267.9161,268.1549,267.7569,267.936,62448.0
2026-04-27 12:30:00,267.8664,268.2245,267.5928,268.0455,277946.0
2026-04-27 12:35:00,268.0355,268.1649,267.6475,267.9659,80249.0
2026-04-27 12:40:00,267.9907,268.0703,267.548,267.5878,68828.0
2026-04-27 12:45:00,267.5977,267.6972,267.3092,267.4684,117068.0
2026-04-27 12:50:00,267.5281,267.7121,267.0853,267.15,56164.0
2026-04-27 12:55:00,267.1152,267.946,267.1002,267.747,72471.0
2026-04-27 13:00:00,267.7768,268.3639,267.747,268.2146,77448.0
2026-04-27 13:05:00,268.2445,268.4932,268.0256,268.0554,70463.0
2026-04-27 13:10:00,268.0554,268.2743,267.8166,267.9758,68511.0
2026-04-27 13:15:00,267.9907,267.9907,267.1201,267.3142,45603.0
2026-04-27 13:20:00,267.3788,267.6276,267.1599,267.5231,42014.0
2026-04-27 13:25:00,267.5231,267.6873,267.4186,267.6176,42453.0
2026-04-27 13:30:00,267.6176,268.0256,267.3589,267.7818,42378.0
2026-04-27 13:35:00,267.7818,268.1052,267.5977,267.8017,56632.0
2026-04-27 13:40:00,267.6773,267.8289,267.6375,267.7818,56474.0
2026-04-27 13:45:00,267.7818,267.8266,267.4336,267.8067,59224.0
2026-04-27 13:50:00,267.8067,267.8067,267.5281,267.5679,51209.0
2026-04-27 13:55:00,267.5679,267.6077,267.2395,267.2594,60039.0
2026-04-27 14:00:00,267.2495,267.3092,266.8118,266.8515,102289.0
2026-04-27 14:05:00,266.8614,266.9012,266.4734,266.5431,64641.0
2026-04-27 14:10:00,266.5779,266.9112,266.5232,266.6525,84993.0
2026-04-27 14:15:00,266.6326,266.8216,266.3441,266.3441,63186.0
2026-04-27 14:20:00,266.4237,267.3888,266.3442,267.354,71931.0
2026-04-27 14:25:00,267.3987,267.6326,267.354,267.4982,52579.0
2026-04-27 14:30:00,267.4982,267.538,267.1948,267.2793,48780.0
2026-04-27 14:35:00,267.2545,268.1251,267.0903,267.8589,79448.0
2026-04-27 14:40:00,267.8614,268.0853,267.7272,267.8067,56444.0
2026-04-27 14:45:00,267.8465,267.8465,267.3589,267.5878,60414.0
2026-04-27 14:50:00,267.6077,267.737,267.548,267.5778,52239.0
2026-04-27 14:55:00,267.548,267.8862,267.3888,267.8465,56334.0
2026-04-27 15:00:00,267.8116,268.1649,267.6972,267.9559,67377.0
2026-04-27 15:05:00,267.9559,267.9957,267.747,267.9509,53587.0
2026-04-27 15:10:00,267.9858,268.329,267.8664,268.329,86072.0
2026-04-27 15:15:00,268.329,268.4932,268.1151,268.1151,96217.0
2026-04-27 15:20:00,268.1052,268.2047,267.4584,267.4634,112449.0
2026-04-27 15:25:00,267.4584,268.6723,267.4385,268.6723,97945.0
2026-04-27 15:30:00,268.6922,269.0703,268.5231,268.5231,96201.0
2026-04-27 15:35:00,268.528,268.6225,267.9659,268.0554,87154.0
2026-04-27 15:40:00,268.1201,268.2246,267.8017,267.9161,112157.0
2026-04-27 15:45:00,267.946,268.8962,267.8664,268.8613,123837.0
2026-04-27 15:50:00,268.8912,269.4683,268.6325,269.1698,334892.0
2026-04-27 15:55:00,269.1598,269.1598,268.0256,268.1251,630764.0
2026-04-28 09:30:00,266.1451,267.8863,263.4387,267.7768,212426.0
2026-04-28 09:35:00,267.7669,269.0205,267.5778,268.2047,95219.0
2026-04-28 09:40:00,268.0853,269.329,267.8166,268.9708,78359.0
2026-04-28 09:45:00,268.936,268.936,267.6574,268.0206,63007.0
2026-04-28 09:50:00,268.0206,268.0206,265.8167,266.2943,128977.0
2026-04-28 09:55:00,266.0854,266.3341,265.1401,265.9013,47130.0
2026-04-28 10:00:00,266.0356,266.5729,265.4536,266.2943,45791.0
2026-04-28 10:05:00,266.3341,268.0853,266.3092,268.0604,55186.0
2026-04-28 10:10:00,268.145,268.145,266.9908,267.1798,69951.0
2026-04-28 10:15:00,267.1948,267.3291,266.1948,266.2346,70650.0
2026-04-28 10:20:00,266.0754,266.2744,264.8516,265.1153,50498.0
2026-04-28 10:25:00,265.1252,265.2894,264.5458,265.1501,79041.0
2026-04-28 10:30:00,265.1551,265.1997,263.5581,263.588,81889.0
2026-04-28 10:35:00,263.6925,263.787,262.9114,263.2099,83219.0
2026-04-28 10:40:00,262.9612,263.976,262.9064,263.7024,92533.0
2026-04-28 10:45:00,263.7273,264.0954,263.4785,263.4885,52103.0
2026-04-28 10:50:00,263.379,264.0457,263.2,263.7969,75713.0
2026-04-28 10:55:00,263.8616,265.4386,263.6875,265.4038,55413.0
2026-04-28 11:00:00,265.4187,265.5978,264.8019,264.9014,43135.0
2026-04-28 11:05:00,264.9312,265.0406,264.4302,264.8118,39717.0
2026-04-28 11:10:00,264.9511,265.4486,264.7422,264.7521,39852.0
2026-04-28 11:15:00,264.8566,265.2993,264.6874,264.9909,29276.0
2026-04-28 11:20:00,264.8715,265.17,264.8218,264.9561,31007.0
2026-04-28 11:25:00,264.9412,265.369,264.5531,265.3342,36577.0
2026-04-28 11:30:00,265.369,265.369,264.5929,264.772,40044.0
2026-04-28 11:35:00,264.7571,265.2247,264.5531,265.0257,35521.0
2026-04-28 11:40:00,264.971,265.5083,264.9312,265.4287,26449.0
2026-04-28 11:45:00,265.5083,265.7819,265.2894,265.4287,41655.0
2026-04-28 11:50:00,265.4585,265.6177,265.1401,265.2098,52187.0
2026-04-28 11:55:00,265.2098,265.4585,265.0605,265.2894,18672.0
2026-04-28 12:00:00,265.2696,265.7231,265.2297,265.5033,36240.0
2026-04-28 12:05:00,265.5978,265.8764,265.4884,265.6327,26835.0
2026-04-28 12:10:00,265.558,265.6973,265.2297,265.4884,33030.0
2026-04-28 12:15:00,265.4088,265.8167,265.4088,265.5978,26076.0
2026-04-28 12:20:00,265.6774,265.9958,265.5779,265.9461,29296.0
2026-04-28 12:25:00,265.9461,265.956,265.5797,265.6376,42190.0
2026-04-28 12:30:00,265.5779,265.6376,264.8417,264.8417,46928.0
2026-04-28 12:35:00,264.961,265.0804,264.7073,264.9113,65877.0
2026-04-28 12:40:00,264.971,265.2396,264.7919,265.0207,39103.0
2026-04-28 12:45:00,265.1202,265.6824,265.1003,265.6774,30112.0
2026-04-28 12:50:00,265.6824,266.3938,265.6177,266.2744,43420.0
2026-04-28 12:55:00,266.2247,266.2644,265.8167,266.0207,33173.0
2026-04-28 13:00:00,265.956,266.0854,265.558,265.6327,38770.0
2026-04-28 13:05:00,265.6327,265.6327,265.2101,265.5282,34265.0
2026-04-28 13:10:00,265.5282,265.956,265.5282,265.6874,31797.0
2026-04-28 13:15:00,265.6376,265.8565,265.5381,265.6973,23419.0
2026-04-28 13:20:00,265.6874,265.9162,265.4585,265.7471,29871.0
2026-04-28 13:25:00,265.7371,265.8366,265.5879,265.6376,29793.0
2026-04-28 13:30:00,265.7272,266.3341,265.6128,266.3341,32574.0
2026-04-28 13:35:00,266.3391,266.6227,266.2197,266.4485,28696.0
2026-04-28 13:40:00,266.5132,266.5729,266.1152,266.1451,23270.0
2026-04-28 13:45:00,266.1749,266.2247,265.558,265.558,48009.0
2026-04-28 13:50:00,265.5282,265.6227,265.3307,265.3307,37819.0
2026-04-28 13:55:00,265.4038,265.5531,265.2794,265.369,20681.0
2026-04-28 14:00:00,265.5282,265.5531,265.0904,265.1401,22250.0
2026-04-28 14:05:00,265.17,265.1998,264.9412,265.1451,22240.0
2026-04-28 14:10:00,265.0705,265.3192,264.8516,264.9611,46628.0
2026-04-28 14:15:00,265.0307,265.1401,264.8715,264.9412,42847.0
2026-04-28 14:20:00,264.9511,265.17,264.5432,264.6277,70039.0
2026-04-28 14:25:00,264.6427,264.8815,264.583,264.6228,42406.0
2026-04-28 14:30:00,264.6327,264.8815,264.1153,264.1153,49359.0
2026-04-28 14:35:00,264.1551,264.1949,263.976,264.17,19450.0
2026-04-28 14:40:00,264.1203,264.4636,264.0357,264.4636,23332.0
2026-04-28 14:45:00,264.4934,264.9909,264.4437,264.9312,44441.0
2026-04-28 14:50:00,264.9312,265.16,264.8616,265.0655,30625.0
2026-04-28 14:55:00,265.0755,265.0755,264.8715,264.8715,36474.0
2026-04-28 15:00:00,264.9412,265.1302,264.573,264.573,58371.0
2026-04-28 15:05:00,264.6427,264.8118,264.5034,264.583,44610.0
2026-04-28 15:10:00,264.6029,264.7322,264.4238,264.4785,44572.0
2026-04-28 15:15:00,264.4437,264.4785,263.986,263.986,34749.0
2026-04-28 15:20:00,263.976,264.185,263.7372,264.0805,46179.0
2026-04-28 15:25:00,264.1203,264.2397,263.9462,264.0258,54679.0
2026-04-28 15:30:00,263.9462,264.1352,263.5482,263.7522,60654.0
2026-04-28 15:35:00,263.7074,263.9561,263.6576,263.8765,651668.0
2026-04-28 15:40:00,263.8517,263.986,263.5183,263.6178,71690.0
2026-04-28 15:45:00,263.6228,263.8517,263.5681,263.8069,98594.0
2026-04-28 15:50:00,263.7173,264.0953,263.4686,263.777,337666.0
2026-04-28 15:55:00,263.6676,263.976,263.4487,263.6188,548554.0
2026-04-29 09:30:00,268.2693,271.0702,267.7868,269.1318,308908.0
2026-04-29 09:35:00,269.2991,269.8862,267.9858,268.2743,166418.0
2026-04-29 09:40:00,268.2953,269.329,267.15,269.2544,100624.0
2026-04-29 09:45:00,269.3887,269.6275,268.8116,268.8414,142052.0
2026-04-29 09:50:00,268.9307,268.9907,268.1649,268.4285,61306.0
2026-04-29 09:55:00,268.4285,268.8116,268.0753,268.2544,99970.0
2026-04-29 10:00:00,268.2843,269.1299,267.9758,268.0057,75258.0
2026-04-29 10:05:00,268.0753,269.2295,267.9063,269.0703,56457.0
2026-04-29 10:10:00,269.0703,269.4372,268.7718,269.3688,48828.0
2026-04-29 10:15:00,269.2792,269.8303,268.7763,268.9807,81586.0
2026-04-29 10:20:00,268.9011,269.2096,268.6424,268.732,46186.0
2026-04-29 10:25:00,268.7419,268.7419,267.9858,268.1483,67202.0
2026-04-29 10:30:00,268.3987,268.7171,267.8564,268.4086,42188.0
2026-04-29 10:35:00,268.4086,270.7319,268.4086,270.7319,102959.0
2026-04-29 10:40:00,270.7319,270.9607,270.4135,270.5279,56582.0
2026-04-29 10:45:00,270.5553,270.8811,269.926,270.0105,48432.0
2026-04-29 10:50:00,269.8585,270.2941,269.8563,270.0056,58815.0
2026-04-29 10:55:00,269.9757,270.2543,269.6374,270.1946,55533.0
2026-04-29 11:00:00,270.1946,270.513,269.8663,270.319,90924.0
2026-04-29 11:05:00,270.3836,270.6324,269.8115,269.9757,53898.0
2026-04-29 11:10:00,269.9658,270.2543,269.7469,270.1896,78475.0
2026-04-29 11:15:00,270.1598,270.513,269.8364,270.2842,53250.0
2026-04-29 11:20:00,270.4234,270.4234,269.9558,270.1449,45693.0
2026-04-29 11:25:00,270.1449,270.1747,268.9807,269.2494,46297.0
2026-04-29 11:30:00,269.1847,269.4086,268.4833,268.6723,55158.0
2026-04-29 11:35:00,268.732,268.7618,268.1748,268.533,38387.0
2026-04-29 11:40:00,268.5927,268.5927,267.8465,267.9211,72601.0
2026-04-29 11:45:00,267.9758,268.2047,267.6873,268.1151,42231.0
2026-04-29 11:50:00,268.0465,268.4385,267.7171,267.9659,60345.0
2026-04-29 11:55:00,267.9659,268.7219,267.747,268.6723,23212.0
2026-04-29 12:00:00,268.6325,268.9209,268.5529,268.7419,25466.0
2026-04-29 12:05:00,268.9111,268.921,268.3042,268.3042,38528.0
2026-04-29 12:10:00,268.3539,268.6424,268.1897,268.3738,22535.0
2026-04-29 12:15:00,268.334,268.7917,268.2146,268.6325,46002.0
2026-04-29 12:20:00,268.6225,268.6325,268.2246,268.2246,34608.0
2026-04-29 12:25:00,268.2892,268.4136,267.9958,268.3241,24797.0
2026-04-29 12:30:00,268.1748,268.2544,267.5679,267.6922,27368.0
2026-04-29 12:35:00,267.7271,267.8365,267.5082,267.6773,99329.0
2026-04-29 12:40:00,267.7569,267.941,267.2395,267.6077,102893.0
2026-04-29 12:45:00,267.5977,267.8564,266.9211,267.2545,46350.0
2026-04-29 12:50:00,267.2445,267.339,267.0405,267.0903,20883.0
2026-04-29 12:55:00,267.0903,267.3042,267.0306,267.0853,22758.0
2026-04-29 13:00:00,267.0853,267.3191,266.772,266.8117,26980.0
2026-04-29 13:05:00,266.8216,267.15,266.7321,266.8017,28845.0
2026-04-29 13:10:00,266.8714,267.4087,266.8714,267.14,33764.0
2026-04-29 13:15:00,267.2395,267.6475,267.2296,267.4783,35816.0
2026-04-29 13:20:00,267.538,267.6276,267.0007,267.0007,18519.0
2026-04-29 13:25:00,266.9808,267.1599,266.762,267.1599,32028.0
2026-04-29 13:30:00,267.2893,267.6176,267.0107,267.0107,19760.0
2026-04-29 13:35:00,267.0405,267.2395,266.8017,267.0157,25292.0
2026-04-29 13:40:00,267.0157,267.0157,266.5543,266.9211,34113.0
2026-04-29 13:45:00,266.7818,267.155,266.6923,267.0206,23206.0
2026-04-29 13:50:00,267.1301,267.339,267.0903,267.2196,22440.0
2026-04-29 13:55:00,267.1898,267.4385,267.0903,267.2992,23498.0
2026-04-29 14:00:00,267.3838,267.4286,267.14,267.1798,18357.0
2026-04-29 14:05:00,267.2296,267.2793,266.7769,266.8216,22492.0
2026-04-29 14:10:00,266.7222,266.9808,266.5978,266.6625,24623.0
2026-04-29 14:15:00,266.6973,267.0306,266.6127,266.9012,24387.0
2026-04-29 14:20:00,266.9509,267.0903,266.8714,266.9908,25053.0
2026-04-29 14:25:00,267.0007,267.0007,266.6625,266.9012,25880.0
2026-04-29 14:30:00,266.8714,266.8714,266.3938,266.3938,25271.0
2026-04-29 14:35:00,266.3938,266.8515,266.3938,266.7344,37179.0
2026-04-29 14:40:00,266.6873,266.7818,266.2595,266.3142,24854.0
2026-04-29 14:45:00,266.2247,267.2296,266.2147,266.8913,74159.0
2026-04-29 14:50:00,266.8913,267.7768,266.8415,267.4982,67865.0
2026-04-29 14:55:00,267.543,267.7967,267.2296,267.2992,641362.0
2026-04-29 15:00:00,267.339,267.6972,267.2893,267.6425,49715.0
2026-04-29 15:05:00,267.6375,268.339,267.4684,268.0703,64083.0
2026-04-29 15:10:00,268.0703,268.5728,267.6674,268.4733,55258.0
2026-04-29 15:15:00,268.4833,268.8215,268.3241,268.4236,63208.0
2026-04-29 15:20:00,268.533,268.8812,268.4833,268.6275,47149.0
2026-04-29 15:25:00,268.6126,269.0802,268.543,268.7618,65222.0
2026-04-29 15:30:00,268.6922,268.8215,268.0305,268.0455,61700.0
2026-04-29 15:35:00,268.1052,268.5529,268.0703,268.4733,59828.0
2026-04-29 15:40:00,268.4882,268.5628,268.0206,268.3091,50835.0
2026-04-29 15:45:00,268.3091,268.4335,267.538,267.5977,78187.0
2026-04-29 15:50:00,267.4186,267.5082,266.563,267.2992,158040.0
2026-04-29 15:55:00,267.1002,267.9659,266.7222,267.9559,477459.0
2026-04-30 09:30:00,268.8713,269.7369,265.5879,265.5879,211976.0
2026-04-30 09:35:00,265.6575,267.8266,264.9988,267.7917,184041.0
2026-04-30 09:40:00,267.8091,267.8614,266.4237,267.8614,94830.0
2026-04-30 09:45:00,267.9062,269.926,267.8664,268.8464,56458.0
2026-04-30 09:50:00,268.9508,269.0006,267.8962,268.8116,122568.0
2026-04-30 09:55:00,268.8066,270.1449,268.3241,270.1051,70121.0
2026-04-30 10:00:00,270.125,271.2891,270.0752,270.8762,109467.0
2026-04-30 10:05:00,270.702,271.4781,270.6971,271.2294,61306.0
2026-04-30 10:10:00,271.4184,272.0154,271.2592,271.7716,77192.0
2026-04-30 10:15:00,271.7468,272.8114,271.702,272.6323,72671.0
2026-04-30 10:20:00,272.6223,273.5079,272.5825,273.3835,65302.0
2026-04-30 10:25:00,273.3835,273.8312,273.1248,273.7865,81735.0
2026-04-30 10:30:00,273.8561,274.6969,273.7666,274.6421,78147.0
2026-04-30 10:35:00,274.7118,274.8511,274.2456,274.4083,72775.0
2026-04-30 10:40:00,274.3834,274.5128,273.9357,274.1944,67679.0
2026-04-30 10:45:00,274.2839,274.6521,274.2342,274.5725,37599.0
2026-04-30 10:50:00,274.5625,275.8261,274.5576,275.6073,104809.0
2026-04-30 10:55:00,275.6968,276.1445,275.4283,276.0401,81411.0
2026-04-30 11:00:00,276.0401,276.4231,275.06,275.0899,97843.0
2026-04-30 11:05:00,275.0302,275.3486,274.8013,274.9506,66749.0
2026-04-30 11:10:00,274.8809,274.9854,274.473,274.8212,56193.0
2026-04-30 11:15:00,274.7715,275.0351,274.4339,274.6421,50952.0
2026-04-30 11:20:00,274.6421,275.0202,274.4829,274.6222,63210.0
2026-04-30 11:25:00,274.7516,275.7217,274.7516,275.7217,57019.0
2026-04-30 11:30:00,275.6868,276.1346,275.6669,275.9654,49641.0
2026-04-30 11:35:00,275.8759,276.1445,275.5675,275.7366,42414.0
2026-04-30 11:40:00,275.7366,276.0251,275.4556,275.6172,47653.0
2026-04-30 11:45:00,275.4431,275.5675,275.0023,275.2192,32853.0
2026-04-30 11:50:00,275.2491,275.9455,275.1696,275.8858,36066.0
2026-04-30 11:55:00,275.9356,276.2639,275.861,276.2092,32064.0
2026-04-30 12:00:00,276.3336,276.4231,275.9555,276.1246,45186.0
2026-04-30 12:05:00,276.1346,276.3634,275.9171,275.9853,37029.0
2026-04-30 12:10:00,275.9207,276.2042,275.6968,276.1097,42697.0
2026-04-30 12:15:00,276.1346,276.3535,276.0052,276.0052,33032.0
2026-04-30 12:20:00,276.045,276.443,276.0202,276.3737,32332.0
2026-04-30 12:25:00,276.3435,276.841,276.3336,276.652,80002.0
2026-04-30 12:30:00,276.6719,277.249,276.647,276.8758,66399.0
2026-04-30 12:35:00,276.8758,277.234,276.6619,277.234,51084.0
2026-04-30 12:40:00,277.1544,277.6967,276.9206,277.443,83578.0
2026-04-30 12:45:00,277.3883,277.5773,277.1495,277.4579,39756.0
2026-04-30 12:50:00,277.4629,277.4877,277.0798,277.3385,34849.0
2026-04-30 12:55:00,277.3932,277.438,277.1297,277.3485,44788.0
2026-04-30 13:00:00,277.3485,278.025,277.3485,278.025,40040.0
2026-04-30 13:05:00,277.9952,278.0499,277.5375,277.6768,51637.0
2026-04-30 13:10:00,277.6768,278.0648,277.5376,277.8658,46467.0
2026-04-30 13:15:00,277.841,277.9355,277.5673,277.8808,36653.0
2026-04-30 13:20:00,277.8808,277.9255,277.5574,277.7116,43869.0
2026-04-30 13:25:00,277.7066,277.9305,277.4579,277.7862,42405.0
2026-04-30 13:30:00,277.836,278.8608,277.836,278.4031,118663.0
2026-04-30 13:35:00,278.3633,278.9504,278.3633,278.7912,45754.0
2026-04-30 13:40:00,278.7657,278.9504,278.594,278.6917,36637.0
2026-04-30 13:45:00,278.821,279.1957,278.7713,278.9603,48360.0
2026-04-30 13:50:00,279.02,279.2886,279.015,279.2886,640448.0
2026-04-30 13:55:00,279.2886,279.5772,279.2303,279.3493,55649.0
2026-04-30 14:00:00,279.4578,279.617,278.8907,278.9802,92723.0
2026-04-30 14:05:00,279.0399,279.3384,278.7912,279.3334,71186.0
2026-04-30 14:10:00,279.3284,279.6966,279.229,279.4677,40114.0
2026-04-30 14:15:00,279.4478,280.015,279.4478,279.7861,34822.0
2026-04-30 14:20:00,279.811,280.0547,279.219,279.3881,59077.0
2026-04-30 14:25:00,279.2986,279.4827,279.2091,279.3483,45690.0
2026-04-30 14:30:00,279.4031,279.5175,279.1792,279.3981,78900.0
2026-04-30 14:35:00,279.3782,279.4478,278.1743,278.2041,93791.0
2026-04-30 14:40:00,278.1345,278.1345,277.7464,277.9753,75836.0
2026-04-30 14:45:00,277.8335,277.9852,277.5872,277.7315,46206.0
2026-04-30 14:50:00,277.7315,278.0947,277.6071,277.6071,61731.0
2026-04-30 14:55:00,277.6084,277.7264,277.1495,277.2689,70681.0
2026-04-30 15:00:00,277.2241,278.0067,277.2067,277.9653,53193.0
2026-04-30 15:05:00,278.035,278.6917,277.9852,278.2937,58067.0
2026-04-30 15:10:00,278.3633,278.5922,278.1942,278.1942,51992.0
2026-04-30 15:15:00,278.1751,279.2588,278.1751,279.1693,84478.0
2026-04-30 15:20:00,279.1295,279.1593,278.6718,278.9802,63808.0
2026-04-30 15:25:00,278.9504,279.1575,278.3932,278.5076,87928.0
2026-04-30 15:30:00,278.5076,278.7514,278.2638,278.5822,75108.0
2026-04-30 15:35:00,278.622,278.9504,278.5723,278.7563,57142.0
2026-04-30 15:40:00,278.8111,279.0797,278.5723,278.6817,93159.0
2026-04-30 15:45:00,278.6817,278.9305,278.6519,278.7414,107878.0
2026-04-30 15:50:00,278.7812,279.0417,277.9554,278.8459,276573.0
2026-04-30 15:55:00,278.9703,280.5025,278.9703,279.607,1016716.0
