datetime,open,high,low,close,volume
2026-03-02 09:30:00,285.944,291.5307,285.2891,291.1945,429018.0
2026-03-02 09:35:00,291.2628,292.0963,290.3002,290.4392,174545.0
2026-03-02 09:40:00,290.395,290.5285,288.8713,290.1018,99281.0
2026-03-02 09:45:00,290.211,291.3819,289.5461,289.5461,88934.0
2026-03-02 09:50:00,289.4766,290.4292,289.4458,289.9678,99690.0
2026-03-02 09:55:00,290.036,290.5731,289.7743,290.0919,63453.0
2026-03-02 10:00:00,290.1911,290.7369,289.2583,290.5186,111203.0
2026-03-02 10:05:00,290.5482,290.8559,288.9805,288.9805,65293.0
2026-03-02 10:10:00,289.1938,289.7049,288.7225,288.7324,58878.0
2026-03-02 10:15:00,288.7026,290.6476,288.6629,289.6508,91475.0
2026-03-02 10:20:00,289.6602,289.7445,289.0599,289.6255,70606.0
2026-03-02 10:25:00,289.6255,289.9232,288.7622,289.3972,62699.0
2026-03-02 10:30:00,289.432,289.7148,288.8515,288.9358,57856.0
2026-03-02 10:35:00,288.8119,291.0346,288.8119,290.8212,67521.0
2026-03-02 10:40:00,290.7705,291.1636,290.5086,290.9949,62203.0
2026-03-02 10:45:00,291.0172,291.4314,290.598,291.1834,74882.0
2026-03-02 10:50:00,291.1834,291.3719,290.4024,290.6227,63346.0
2026-03-02 10:55:00,290.6203,291.5009,290.2506,291.2578,61395.0
2026-03-02 11:00:00,291.3174,291.4513,289.8636,290.7865,85916.0
2026-03-02 11:05:00,290.7567,291.0841,290.0323,290.1018,50351.0
2026-03-02 11:10:00,290.1514,290.3598,289.169,290.3499,54228.0
2026-03-02 11:15:00,290.3647,290.4491,289.8438,290.3846,45704.0
2026-03-02 11:20:00,290.4193,290.6404,289.9132,290.2903,45552.0
2026-03-02 11:25:00,290.3002,290.4789,289.6652,290.2109,50772.0
2026-03-02 11:30:00,290.1911,290.4292,289.2484,289.4171,50164.0
2026-03-02 11:35:00,289.4171,289.6751,288.9805,289.0797,49390.0
2026-03-02 11:40:00,289.0797,289.9926,288.9904,289.8487,42805.0
2026-03-02 11:45:00,289.8487,289.8487,289.1839,289.298,41799.0
2026-03-02 11:50:00,289.3179,289.5163,288.5439,288.6133,62944.0
2026-03-02 11:55:00,288.7324,289.0101,288.6183,288.7622,47178.0
2026-03-02 12:00:00,288.8614,289.6602,288.8118,289.0152,60218.0
2026-03-02 12:05:00,289.0152,289.0995,288.4149,288.4249,53990.0
2026-03-02 12:10:00,288.4149,288.8614,288.2362,288.777,46418.0
2026-03-02 12:15:00,288.8068,289.5262,288.8068,289.1789,48941.0
2026-03-02 12:20:00,289.1789,289.3079,288.1469,288.4149,43317.0
2026-03-02 12:25:00,288.4545,288.5637,287.7699,287.9088,49861.0
2026-03-02 12:30:00,287.9088,288.4149,287.7103,287.8195,500702.0
2026-03-02 12:35:00,287.879,288.1469,287.6706,287.9584,33951.0
2026-03-02 12:40:00,288.008,288.5587,287.6309,288.2959,50145.0
2026-03-02 12:45:00,288.3652,289.3427,288.3156,288.9309,55541.0
2026-03-02 12:50:00,288.9309,289.6552,288.8713,289.1988,60844.0
2026-03-02 12:55:00,289.3376,289.4667,288.5042,289.169,87228.0
2026-03-02 13:00:00,289.1045,289.4072,288.3702,288.5543,37079.0
2026-03-02 13:05:00,288.5637,289.0698,287.8195,288.6927,54198.0
2026-03-02 13:10:00,288.6232,289.0599,288.3057,289.035,48618.0
2026-03-02 13:15:00,289.0599,289.2682,288.1271,288.4397,54647.0
2026-03-02 13:20:00,288.3652,289.1194,288.1271,288.7225,40209.0
2026-03-02 13:25:00,288.6629,288.9408,288.5835,288.9408,49494.0
2026-03-02 13:30:00,288.9507,289.1988,288.7423,288.8812,43707.0
2026-03-02 13:35:00,288.8812,289.1889,288.6927,289.1889,29767.0
2026-03-02 13:40:00,289.1605,289.7545,289.0202,289.6056,86465.0
2026-03-02 13:45:00,289.561,290.588,289.3972,290.4094,91514.0
2026-03-02 13:50:00,290.4392,290.6178,289.7842,289.8934,75001.0
2026-03-02 13:55:00,289.9182,289.938,289.0847,289.0847,73664.0
2026-03-02 14:00:00,289.0505,289.5659,288.4744,288.6778,88048.0
2026-03-02 14:05:00,288.6778,289.933,288.5935,289.7991,158035.0
2026-03-02 14:10:00,289.7991,290.3102,289.2821,290.2903,100436.0
2026-03-02 14:15:00,290.3399,291.62,290.3399,291.6002,124345.0
2026-03-02 14:20:00,291.62,292.1658,291.6146,292.0963,90395.0
2026-03-02 14:25:00,292.0963,292.8108,291.9872,292.6422,112236.0
2026-03-02 14:30:00,292.7264,292.7512,291.9276,292.0368,72921.0
2026-03-02 14:35:00,292.0467,292.4932,292.012,292.265,38116.0
2026-03-02 14:40:00,292.2352,292.4635,291.6101,291.8532,63571.0
2026-03-02 14:45:00,291.8582,292.1757,291.6003,292.0715,54338.0
2026-03-02 14:50:00,292.0765,292.1956,291.8482,291.9326,46169.0
2026-03-02 14:55:00,291.9574,292.3625,291.7589,291.8284,47579.0
2026-03-02 15:00:00,291.8979,292.3146,291.7986,292.1459,53280.0
2026-03-02 15:05:00,292.1459,292.1956,291.1636,291.1636,66070.0
2026-03-02 15:10:00,291.1784,291.367,290.7269,291.1636,73081.0
2026-03-02 15:15:00,291.1139,291.6796,290.9949,291.4627,61283.0
2026-03-02 15:20:00,291.491,291.878,291.3521,291.6597,60956.0
2026-03-02 15:25:00,291.6647,292.0368,291.4861,291.5406,58425.0
2026-03-02 15:30:00,291.5605,291.7192,291.1891,291.5406,66044.0
2026-03-02 15:35:00,291.5406,291.6498,291.2429,291.5902,70231.0
2026-03-02 15:40:00,291.5902,292.0715,291.3223,291.9574,108435.0
2026-03-02 15:45:00,292.012,292.4833,291.8383,292.4089,133278.0
2026-03-02 15:50:00,292.394,292.9001,292.2352,292.27,261751.0
2026-03-02 15:55:00,292.27,293.039,292.0368,292.652,531914.0
2026-03-03 09:30:00,286.7676,291.4811,286.7676,288.6629,250324.0
2026-03-03 09:35:00,288.4843,288.5141,286.2218,286.3707,165950.0
2026-03-03 09:40:00,286.2715,286.9909,285.7852,285.9341,91275.0
2026-03-03 09:45:00,285.8249,285.9539,283.3739,283.6022,142640.0
2026-03-03 09:50:00,283.6567,283.9594,283.1258,283.4533,99007.0
2026-03-03 09:55:00,283.8611,283.8611,282.5602,283.3045,188752.0
2026-03-03 10:00:00,283.1755,283.8701,282.7488,283.364,105091.0
2026-03-03 10:05:00,283.2548,283.9593,282.1769,282.9472,84755.0
2026-03-03 10:10:00,283.0167,284.3861,282.7686,283.4037,84289.0
2026-03-03 10:15:00,283.3441,283.7907,282.7984,283.0951,48588.0
2026-03-03 10:20:00,283.0961,283.8105,282.59,283.7315,85427.0
2026-03-03 10:25:00,283.8005,284.654,283.7808,284.4506,78043.0
2026-03-03 10:30:00,284.3861,284.6044,283.1258,283.2351,83240.0
2026-03-03 10:35:00,283.3491,283.9693,283.106,283.4235,82645.0
2026-03-03 10:40:00,283.364,284.0184,282.9373,283.0068,64618.0
2026-03-03 10:45:00,283.2846,283.7808,282.9671,283.3987,49066.0
2026-03-03 10:50:00,283.3987,283.4831,282.5205,282.7587,67551.0
2026-03-03 10:55:00,282.7984,283.4037,282.59,283.2052,56589.0
2026-03-03 11:00:00,283.2201,283.5922,282.4114,283.4632,64022.0
2026-03-03 11:05:00,283.5029,284.6044,283.3938,284.5746,65065.0
2026-03-03 11:10:00,284.5845,285.6662,284.5845,285.428,61225.0
2026-03-03 11:15:00,285.4429,286.1623,285.3487,285.6861,57494.0
2026-03-03 11:20:00,285.8547,286.6585,285.6562,286.6485,60683.0
2026-03-03 11:25:00,286.6585,286.6585,285.4677,285.5173,55019.0
2026-03-03 11:30:00,285.3982,286.019,285.3387,285.7406,44612.0
2026-03-03 11:35:00,285.8051,285.8844,285.2395,285.5372,51623.0
2026-03-03 11:40:00,285.6364,286.3608,285.5768,286.1067,29061.0
2026-03-03 11:45:00,286.2318,287.0157,286.1227,286.4699,46596.0
2026-03-03 11:50:00,286.465,286.589,286.0135,286.1573,46577.0
2026-03-03 11:55:00,286.2169,286.3211,285.4794,285.5818,39130.0
2026-03-03 12:00:00,285.557,285.6959,284.8376,284.9418,76937.0
2026-03-03 12:05:00,284.9418,285.2891,284.6738,284.783,37974.0
2026-03-03 12:10:00,284.778,284.9021,284.4952,284.727,33313.0
2026-03-03 12:15:00,284.7632,284.9815,284.5945,284.8673,31377.0
2026-03-03 12:20:00,284.912,285.2196,284.5988,285.1998,28217.0
2026-03-03 12:25:00,285.1303,285.2097,284.778,284.9815,44087.0
2026-03-03 12:30:00,284.9517,284.9517,283.9936,284.0288,39631.0
2026-03-03 12:35:00,284.009,284.3067,283.235,283.7808,52788.0
2026-03-03 12:40:00,283.8205,284.2867,283.4335,284.1876,44414.0
2026-03-03 12:45:00,284.1628,284.5151,284.1082,284.3563,32742.0
2026-03-03 12:50:00,284.3563,284.5647,283.751,283.875,45163.0
2026-03-03 12:55:00,283.8304,284.8524,283.7262,284.7731,35308.0
2026-03-03 13:00:00,284.7731,285.6562,284.7135,285.552,58348.0
2026-03-03 13:05:00,285.6662,286.0962,285.438,286.0035,34368.0
2026-03-03 13:10:00,285.9452,286.1425,285.4478,285.5173,32356.0
2026-03-03 13:15:00,285.5868,286.4005,285.5868,286.1325,26557.0
2026-03-03 13:20:00,286.1325,286.2417,285.8051,285.8993,36165.0
2026-03-03 13:25:00,285.9638,286.2813,285.7356,286.2218,56016.0
2026-03-03 13:30:00,286.2615,286.6585,285.9838,286.4054,58453.0
2026-03-03 13:35:00,286.4054,286.5592,285.9638,286.3205,40827.0
2026-03-03 13:40:00,286.3558,286.6088,286.1425,286.455,35053.0
2026-03-03 13:45:00,286.455,286.7871,286.2913,286.718,133225.0
2026-03-03 13:50:00,286.6783,286.8371,286.2218,286.3757,32177.0
2026-03-03 13:55:00,286.3757,286.7279,286.2119,286.4699,29172.0
2026-03-03 14:00:00,286.5096,286.579,286.0343,286.2963,47424.0
2026-03-03 14:05:00,286.2963,286.3698,285.5955,285.5955,51432.0
2026-03-03 14:10:00,285.6314,286.6585,285.6066,286.5791,33796.0
2026-03-03 14:15:00,286.6386,287.3432,286.5592,287.2708,49153.0
2026-03-03 14:20:00,287.2737,287.4225,286.7587,286.7587,31144.0
2026-03-03 14:25:00,286.7974,287.0752,286.6783,286.8172,30996.0
2026-03-03 14:30:00,286.8569,286.9165,286.3211,286.3658,53645.0
2026-03-03 14:35:00,286.331,287.3977,286.2318,286.976,68238.0
2026-03-03 14:40:00,287.0058,287.8492,286.9462,287.4126,58983.0
2026-03-03 14:45:00,287.4126,287.5317,287.1745,287.2539,32496.0
2026-03-03 14:50:00,287.2439,287.6309,287.2439,287.4622,38583.0
2026-03-03 14:55:00,287.4622,287.6409,286.8272,287.2638,48838.0
2026-03-03 15:00:00,287.2539,287.5317,286.8867,287.0256,32258.0
2026-03-03 15:05:00,287.0256,287.3928,286.8272,287.1645,34825.0
2026-03-03 15:10:00,287.1645,287.3035,286.8371,286.842,32277.0
2026-03-03 15:15:00,286.8272,286.8768,286.2913,286.7081,84285.0
2026-03-03 15:20:00,286.7081,286.8668,286.4798,286.626,39413.0
2026-03-03 15:25:00,286.6757,286.7378,286.2318,286.2318,47836.0
2026-03-03 15:30:00,286.2318,286.6039,286.1822,286.5195,37465.0
2026-03-03 15:35:00,286.5245,286.847,286.4798,286.8073,51419.0
2026-03-03 15:40:00,286.8073,287.1546,286.7279,286.9959,59714.0
2026-03-03 15:45:00,287.0455,287.3233,286.9562,287.1446,85982.0
2026-03-03 15:50:00,287.0554,287.0802,286.2715,286.3657,147400.0
2026-03-03 15:55:00,286.3508,287.0455,286.3112,286.9562,359948.0
2026-03-04 09:30:00,286.7875,289.1492,286.6585,287.1596,173541.0
2026-03-04 09:35:00,287.2836,288.1668,285.8656,287.9187,120649.0
2026-03-04 09:40:00,287.8393,288.7622,287.4225,287.9584,75264.0
2026-03-04 09:45:00,287.8592,287.9782,286.3211,286.6347,117235.0
2026-03-04 09:50:00,286.5692,286.6882,285.8845,286.2218,65398.0
2026-03-04 09:55:00,286.202,286.8668,285.4678,286.7775,70477.0
2026-03-04 10:00:00,286.7775,288.0179,286.6783,287.579,85795.0
2026-03-04 10:05:00,287.708,288.1668,286.9959,288.1506,54987.0
2026-03-04 10:10:00,288.1135,288.6927,287.9336,288.653,60599.0
2026-03-04 10:15:00,288.6679,290.0617,288.6133,289.9777,61136.0
2026-03-04 10:20:00,289.8835,290.5285,289.8339,290.1514,116646.0
2026-03-04 10:25:00,290.0819,290.5682,289.3873,289.5163,64874.0
2026-03-04 10:30:00,289.4965,290.0522,289.2285,289.4072,51100.0
2026-03-04 10:35:00,289.3228,289.5759,289.0599,289.1591,38707.0
2026-03-04 10:40:00,289.1789,289.3278,288.7225,289.0995,40808.0
2026-03-04 10:45:00,289.0202,289.9034,288.911,289.8239,67014.0
2026-03-04 10:50:00,289.7966,290.5483,289.5064,290.4863,37544.0
2026-03-04 10:55:00,290.4789,290.5781,289.8636,290.0919,102946.0
2026-03-04 11:00:00,290.067,290.3399,289.5858,289.592,48676.0
2026-03-04 11:05:00,289.5907,290.2208,289.4271,289.8835,55395.0
2026-03-04 11:10:00,289.8835,290.1514,289.576,289.7049,78881.0
2026-03-04 11:15:00,289.7148,290.7269,289.6552,290.6674,52759.0
2026-03-04 11:20:00,290.6476,290.7766,289.9976,290.5384,65429.0
2026-03-04 11:25:00,290.6327,291.1239,290.4491,290.9502,50706.0
2026-03-04 11:30:00,290.9849,291.4811,290.7469,291.367,49057.0
2026-03-04 11:35:00,291.3422,291.6895,291.1338,291.5009,48885.0
2026-03-04 11:40:00,291.491,291.5902,290.9849,290.9949,134020.0
2026-03-04 11:45:00,291.0544,291.5307,290.9353,291.3571,49550.0
2026-03-04 11:50:00,291.4116,291.8383,291.2727,291.62,82743.0
2026-03-04 11:55:00,291.6696,291.7788,291.1636,291.754,43732.0
2026-03-04 12:00:00,291.754,291.9772,291.5506,291.6696,92621.0
2026-03-04 12:05:00,291.6002,292.0765,291.3521,291.6498,35127.0
2026-03-04 12:10:00,291.5605,291.6994,291.2926,291.3079,23315.0
2026-03-04 12:15:00,291.3571,291.5506,291.0147,291.3124,33640.0
2026-03-04 12:20:00,291.2826,291.3918,290.9751,291.1437,29311.0
2026-03-04 12:25:00,291.1586,291.2032,290.1315,290.1315,41307.0
2026-03-04 12:30:00,290.2209,290.4094,289.556,289.9033,38205.0
2026-03-04 12:35:00,289.9132,290.0819,289.3179,289.7247,57316.0
2026-03-04 12:40:00,289.7247,289.8636,289.427,289.5064,39364.0
2026-03-04 12:45:00,289.5709,289.7743,289.3675,289.4667,29046.0
2026-03-04 12:50:00,289.4865,289.7247,289.4568,289.5759,28695.0
2026-03-04 12:55:00,289.5759,289.6056,289.2584,289.5957,41806.0
2026-03-04 13:00:00,289.6255,289.8239,289.3873,289.389,25568.0
2026-03-04 13:05:00,289.3873,289.814,289.3079,289.68,30848.0
2026-03-04 13:10:00,289.7545,290.0522,289.6751,290.0224,42990.0
2026-03-04 13:15:00,289.948,290.1018,289.7942,289.8785,25393.0
2026-03-04 13:20:00,289.7942,289.9827,289.6155,289.7743,28538.0
2026-03-04 13:25:00,289.7966,290.0025,289.5858,289.9728,20834.0
2026-03-04 13:30:00,289.8835,289.9529,289.4965,289.6354,26850.0
2026-03-04 13:35:00,289.6552,289.8934,289.6552,289.7371,30821.0
2026-03-04 13:40:00,289.7743,289.7942,289.1095,289.1541,43256.0
2026-03-04 13:45:00,289.1541,289.546,289.1194,289.4288,23803.0
2026-03-04 13:50:00,289.4667,289.6654,289.1392,289.2583,55448.0
2026-03-04 13:55:00,289.2186,289.2484,288.9805,289.0896,17951.0
2026-03-04 14:00:00,289.1194,289.1988,288.7919,289.1293,37754.0
2026-03-04 14:05:00,289.1392,289.4369,288.6927,288.8415,64836.0
2026-03-04 14:10:00,288.9011,289.1591,288.4942,289.0904,25112.0
2026-03-04 14:15:00,289.0917,289.4469,289.0917,289.3873,29395.0
2026-03-04 14:20:00,289.3575,289.4667,289.169,289.3278,18548.0
2026-03-04 14:25:00,289.4121,289.4667,288.7076,288.7126,31961.0
2026-03-04 14:30:00,288.7423,289.0599,288.7423,288.8862,29752.0
2026-03-04 14:35:00,288.9606,289.2583,288.9161,289.0565,32947.0
2026-03-04 14:40:00,289.0896,289.427,289.0896,289.3675,29972.0
2026-03-04 14:45:00,289.3873,289.6949,289.1293,289.5262,41773.0
2026-03-04 14:50:00,289.5411,289.8438,289.4766,289.7247,45968.0
2026-03-04 14:55:00,289.7518,289.8239,289.4171,289.4171,730329.0
2026-03-04 15:00:00,289.3973,289.6056,289.298,289.4766,39796.0
2026-03-04 15:05:00,289.4717,289.685,289.1392,289.1889,32211.0
2026-03-04 15:10:00,289.1988,289.3774,288.9606,289.0881,65047.0
2026-03-04 15:15:00,289.0499,289.2285,288.7522,288.8472,1043140.0
2026-03-04 15:20:00,288.886,289.0152,288.6332,289.0152,45396.0
2026-03-04 15:25:00,289.0202,289.1988,288.9705,289.0202,39277.0
2026-03-04 15:30:00,289.0202,289.556,289.0202,289.1442,53185.0
2026-03-04 15:35:00,289.1293,289.2285,289.0499,289.1492,40017.0
2026-03-04 15:40:00,289.1492,289.6056,289.0896,289.4419,62194.0
2026-03-04 15:45:00,289.427,289.4568,289.0797,289.1194,64913.0
2026-03-04 15:50:00,289.0896,289.1392,288.1172,289.1293,141183.0
2026-03-04 15:55:00,289.1244,290.1018,289.0698,289.4171,375058.0
2026-03-05 09:30:00,287.8195,288.7095,286.202,287.8989,145867.0
2026-03-05 09:35:00,287.874,288.787,286.8668,288.6332,158788.0
2026-03-05 09:40:00,288.7398,289.1492,286.9065,287.2142,63249.0
2026-03-05 09:45:00,287.239,287.3432,286.2516,286.7775,78086.0
2026-03-05 09:50:00,286.7279,288.6332,286.6287,288.3107,46633.0
2026-03-05 09:55:00,288.3156,288.9606,287.7699,288.7423,67168.0
2026-03-05 10:00:00,288.7721,288.9408,287.0455,288.008,87600.0
2026-03-05 10:05:00,287.9088,288.8614,287.6409,288.1668,53698.0
2026-03-05 10:10:00,288.2859,288.4248,287.2962,288.003,60586.0
2026-03-05 10:15:00,288.008,288.0973,286.8966,287.3184,55446.0
2026-03-05 10:20:00,287.3184,287.4821,286.5096,286.8917,52069.0
2026-03-05 10:25:00,286.8917,287.1993,286.3608,286.7428,73966.0
2026-03-05 10:30:00,286.7825,287.6905,286.5791,286.7825,74554.0
2026-03-05 10:35:00,286.7676,286.8917,285.3089,285.3933,104285.0
2026-03-05 10:40:00,285.3883,285.7851,284.9517,285.2196,59180.0
2026-03-05 10:45:00,285.1898,286.6982,285.0311,285.9936,69139.0
2026-03-05 10:50:00,285.9837,286.3707,285.8249,285.8845,57927.0
2026-03-05 10:55:00,285.9242,285.9936,285.5074,285.7058,49612.0
2026-03-05 11:00:00,285.557,286.7676,285.3883,286.2814,70897.0
2026-03-05 11:05:00,286.2963,286.4996,285.7952,286.3905,51697.0
2026-03-05 11:10:00,286.3905,286.6188,284.8624,284.9021,97429.0
2026-03-05 11:15:00,284.912,285.695,284.7929,285.619,48536.0
2026-03-05 11:20:00,285.5818,286.0829,285.3933,285.6761,65327.0
2026-03-05 11:25:00,285.7257,286.7378,285.6663,286.6188,58748.0
2026-03-05 11:30:00,286.7279,286.8272,286.1772,286.3806,43254.0
2026-03-05 11:35:00,286.3409,286.5443,286.0928,286.331,23075.0
2026-03-05 11:40:00,286.326,286.5493,286.1425,286.5493,29117.0
2026-03-05 11:45:00,286.6088,286.9661,286.5592,286.8817,30668.0
2026-03-05 11:50:00,286.9592,287.1348,286.3608,286.7729,35066.0
2026-03-05 11:55:00,286.7676,287.4126,286.7279,287.2985,28691.0
2026-03-05 12:00:00,287.3928,287.6209,287.1149,287.3332,29584.0
2026-03-05 12:05:00,287.3332,287.4325,286.9959,287.2638,28722.0
2026-03-05 12:10:00,287.1645,287.1844,286.6783,286.8966,43235.0
2026-03-05 12:15:00,286.9115,287.0752,286.46,286.4699,37032.0
2026-03-05 12:20:00,286.4302,286.6188,286.1722,286.4005,28981.0
2026-03-05 12:25:00,286.3856,286.4749,285.6761,285.9837,44317.0
2026-03-05 12:30:00,286.0439,286.2417,285.8348,286.0035,20441.0
2026-03-05 12:35:00,286.1028,286.5692,285.6463,286.4402,50037.0
2026-03-05 12:40:00,286.4203,286.6188,285.9837,286.4699,28116.0
2026-03-05 12:45:00,286.5295,287.2737,286.3012,286.9016,28322.0
2026-03-05 12:50:00,286.8966,287.105,286.5989,286.6386,26681.0
2026-03-05 12:55:00,286.6188,286.7676,286.1028,286.4947,46010.0
2026-03-05 13:00:00,286.4501,286.7279,286.2516,286.4352,30645.0
2026-03-05 13:05:00,286.3806,286.4699,285.6761,286.3508,46661.0
2026-03-05 13:10:00,286.3806,286.6088,286.1028,286.2715,30005.0
2026-03-05 13:15:00,286.1921,286.7774,286.1524,286.6386,52363.0
2026-03-05 13:20:00,286.6684,287.3233,286.5791,287.1745,48573.0
2026-03-05 13:25:00,287.2241,287.5119,286.3905,286.5915,62346.0
2026-03-05 13:30:00,286.594,287.2241,286.5642,286.8668,57814.0
2026-03-05 13:35:00,286.9562,287.3133,286.5295,287.0653,33051.0
2026-03-05 13:40:00,287.0653,287.5615,287.0244,287.3332,34798.0
2026-03-05 13:45:00,287.3531,287.621,287.2439,287.4622,39200.0
2026-03-05 13:50:00,287.5019,287.8195,287.1645,287.6607,41369.0
2026-03-05 13:55:00,287.6508,287.6805,287.3729,287.4622,24598.0
2026-03-05 14:00:00,287.5019,287.7004,287.3829,287.4921,35375.0
2026-03-05 14:05:00,287.5912,287.7698,287.2142,287.3531,30183.0
2026-03-05 14:10:00,287.3729,287.6182,287.0654,287.5813,28349.0
2026-03-05 14:15:00,287.5863,287.6706,287.234,287.6409,28415.0
2026-03-05 14:20:00,287.6409,287.7897,287.1745,287.4028,36409.0
2026-03-05 14:25:00,287.4821,287.6409,287.0355,287.229,45452.0
2026-03-05 14:30:00,287.229,287.229,286.1325,286.3012,72776.0
2026-03-05 14:35:00,286.2814,286.6982,285.9242,286.2566,47223.0
2026-03-05 14:40:00,286.2814,286.3806,285.9093,286.0248,42588.0
2026-03-05 14:45:00,286.0234,286.331,285.944,286.1921,34591.0
2026-03-05 14:50:00,286.1921,286.4997,286.0333,286.0333,28977.0
2026-03-05 14:55:00,286.0333,286.4402,285.95,286.1077,34333.0
2026-03-05 15:00:00,286.0036,286.1623,284.5349,285.3585,95459.0
2026-03-05 15:05:00,285.3585,285.686,284.9616,285.4528,37336.0
2026-03-05 15:10:00,285.4528,286.0135,285.3486,285.8845,45343.0
2026-03-05 15:15:00,285.8348,286.1822,285.7158,286.066,32682.0
2026-03-05 15:20:00,286.073,286.4898,285.8845,286.4451,41894.0
2026-03-05 15:25:00,286.4203,286.6783,286.1325,286.1425,46749.0
2026-03-05 15:30:00,286.1028,286.3508,285.9942,286.2169,36296.0
2026-03-05 15:35:00,286.2615,286.7378,286.2467,286.3905,54001.0
2026-03-05 15:40:00,286.4054,286.4997,285.9936,286.2615,76285.0
2026-03-05 15:45:00,286.2318,286.5791,286.1127,286.3508,89522.0
2026-03-05 15:50:00,286.3806,286.7775,285.7158,286.6188,138821.0
2026-03-05 15:55:00,286.6138,286.8569,286.2318,286.4005,277882.0
2026-03-06 09:30:00,285.1303,289.0847,283.1358,283.6517,293872.0
2026-03-06 09:35:00,283.5625,284.401,282.4709,283.0465,136188.0
2026-03-06 09:40:00,282.9872,283.9991,282.4015,283.3144,98564.0
2026-03-06 09:45:00,283.3045,283.3045,282.3816,282.6694,84918.0
2026-03-06 09:50:00,282.7388,282.9075,281.563,281.6572,139484.0
2026-03-06 09:55:00,281.5977,282.0244,281.1015,281.1214,87829.0
2026-03-06 10:00:00,281.1263,282.193,280.8733,281.6225,113644.0
2026-03-06 10:05:00,281.558,281.6771,280.9606,281.6324,79240.0
2026-03-06 10:10:00,281.7366,282.0145,281.4191,281.563,59290.0
2026-03-06 10:15:00,281.558,282.0838,281.0519,281.1908,83864.0
2026-03-06 10:20:00,281.1412,281.7862,280.9924,281.5481,65830.0
2026-03-06 10:25:00,281.5589,282.4015,281.5481,282.0244,443511.0
2026-03-06 10:30:00,281.9797,282.7587,281.9003,282.6693,92755.0
2026-03-06 10:35:00,282.5504,283.2052,282.5504,282.9373,74991.0
2026-03-06 10:40:00,282.8926,283.3441,282.4512,283.2252,48395.0
2026-03-06 10:45:00,283.2796,283.4831,283.0861,283.4037,46678.0
2026-03-06 10:50:00,283.369,283.5029,282.9274,283.3938,52854.0
2026-03-06 10:55:00,283.4434,283.9892,283.3938,283.7708,46367.0
2026-03-06 11:00:00,283.8006,284.004,283.5625,283.6716,44744.0
2026-03-06 11:05:00,283.7907,283.7907,283.2151,283.5426,39608.0
2026-03-06 11:10:00,283.4632,283.6915,283.2648,283.4732,35993.0
2026-03-06 11:15:00,283.5327,284.138,283.3243,283.574,47867.0
2026-03-06 11:20:00,283.7262,283.7262,282.9968,283.3441,33092.0
2026-03-06 11:25:00,283.3441,283.6219,283.2363,283.5327,34124.0
2026-03-06 11:30:00,283.5327,283.5724,281.8954,282.1087,102375.0
2026-03-06 11:35:00,282.074,283.0564,281.9549,282.9919,36608.0
2026-03-06 11:40:00,283.0564,283.4037,282.7091,282.7984,40408.0
2026-03-06 11:45:00,282.8678,283.5463,282.8033,283.3491,44593.0
2026-03-06 11:50:00,283.3491,284.0982,283.3045,283.8502,51959.0
2026-03-06 11:55:00,283.8105,284.1975,283.6418,283.9893,40859.0
2026-03-06 12:00:00,284.1067,284.3811,283.3938,284.1281,58557.0
2026-03-06 12:05:00,284.1182,284.1182,283.0663,283.4136,44496.0
2026-03-06 12:10:00,283.2707,283.8006,283.1755,283.369,33028.0
2026-03-06 12:15:00,283.3739,283.5822,283.0167,283.4632,27942.0
2026-03-06 12:20:00,283.4533,283.8105,283.3938,283.5426,25748.0
2026-03-06 12:25:00,283.5873,283.5873,283.0068,283.1655,32803.0
2026-03-06 12:30:00,283.1457,283.3739,282.9403,283.0316,29117.0
2026-03-06 12:35:00,283.0117,283.0167,282.2228,282.4461,54279.0
2026-03-06 12:40:00,282.4312,282.5204,281.2305,281.9053,111498.0
2026-03-06 12:45:00,281.8904,282.1236,281.7168,282.0641,39852.0
2026-03-06 12:50:00,282.074,282.4461,281.6473,281.6473,41044.0
2026-03-06 12:55:00,281.6126,282.1335,281.4885,281.9896,36695.0
2026-03-06 13:00:00,281.9549,282.8182,281.9549,282.3469,52588.0
2026-03-06 13:05:00,282.4114,282.8083,282.2824,282.6247,31844.0
2026-03-06 13:10:00,282.6545,283.0613,282.595,282.8878,70896.0
2026-03-06 13:15:00,282.8083,283.1524,282.5801,283.0415,35114.0
2026-03-06 13:20:00,283.0564,283.1755,282.8083,282.8381,28118.0
2026-03-06 13:25:00,282.9026,283.0266,282.6469,282.719,27006.0
2026-03-06 13:30:00,282.6495,283.0663,282.5156,282.6396,36510.0
2026-03-06 13:35:00,282.6247,282.6396,282.3121,282.5701,24616.0
2026-03-06 13:40:00,282.6188,283.1512,282.5652,283.0129,28913.0
2026-03-06 13:45:00,283.0663,283.1903,282.848,283.1903,29569.0
2026-03-06 13:50:00,283.1953,283.2747,282.7934,282.9016,41833.0
2026-03-06 13:55:00,282.862,283.1258,282.6595,282.8579,31175.0
2026-03-06 14:00:00,282.8728,283.0564,282.6198,282.8976,33020.0
2026-03-06 14:05:00,282.9075,283.2648,282.7746,283.0762,42564.0
2026-03-06 14:10:00,283.1655,283.5823,283.1556,283.2151,51565.0
2026-03-06 14:15:00,283.2151,283.5525,283.1655,283.5525,32670.0
2026-03-06 14:20:00,283.4037,283.5228,283.106,283.106,39298.0
2026-03-06 14:25:00,283.106,283.5128,283.0465,283.4583,32639.0
2026-03-06 14:30:00,283.4136,283.5724,283.2449,283.3392,30246.0
2026-03-06 14:35:00,283.3441,283.8006,283.3243,283.3838,45361.0
2026-03-06 14:40:00,283.4185,284.0189,283.3838,283.6418,128185.0
2026-03-06 14:45:00,283.627,283.7014,283.4632,283.6518,28814.0
2026-03-06 14:50:00,283.622,284.1974,283.5824,284.1431,29592.0
2026-03-06 14:55:00,284.1082,284.2174,283.9296,283.9648,35434.0
2026-03-06 15:00:00,283.9892,284.2769,283.9395,284.2472,39716.0
2026-03-06 15:05:00,284.2313,284.4258,283.9197,284.3414,48788.0
2026-03-06 15:10:00,284.3315,284.4158,284.0189,284.1628,56296.0
2026-03-06 15:15:00,284.1578,284.267,283.9098,284.1132,42845.0
2026-03-06 15:20:00,284.0884,284.5548,283.8502,284.4704,71943.0
2026-03-06 15:25:00,284.4506,284.9021,284.1876,284.6838,90338.0
2026-03-06 15:30:00,284.659,284.8128,284.138,284.267,76001.0
2026-03-06 15:35:00,284.267,284.7731,284.0686,284.7532,70831.0
2026-03-06 15:40:00,284.7632,285.1998,284.7136,284.917,80121.0
2026-03-06 15:45:00,284.9616,285.3685,284.9467,285.0857,100175.0
2026-03-06 15:50:00,285.1303,285.1402,284.143,284.1727,187019.0
2026-03-06 15:55:00,284.138,284.6738,284.1182,284.267,372162.0
2026-03-09 09:30:00,282.0,283.9,279.69,280.6,271215.0
2026-03-09 09:35:00,280.43,281.4,279.11,279.275,164935.0
2026-03-09 09:40:00,279.286,280.08,278.7,279.76,211688.0
2026-03-09 09:45:00,279.76,280.26,279.3,279.57,109449.0
2026-03-09 09:50:00,279.575,280.04,279.1208,279.69,96765.0
2026-03-09 09:55:00,279.69,280.57,279.65,280.53,99248.0
2026-03-09 10:00:00,280.46,281.3,280.33,280.72,96597.0
2026-03-09 10:05:00,280.6821,280.9075,278.85,278.89,85641.0
2026-03-09 10:10:00,278.91,279.14,278.66,278.95,74266.0
2026-03-09 10:15:00,278.96,280.3,278.78,279.79,107605.0
2026-03-09 10:20:00,279.76,280.22,279.66,280.18,55783.0
2026-03-09 10:25:00,280.155,280.38,279.4003,279.57,58445.0
2026-03-09 10:30:00,279.57,281.1,279.57,280.915,127743.0
2026-03-09 10:35:00,280.86,282.105,280.7,281.66,132674.0
2026-03-09 10:40:00,281.66,282.79,281.41,282.21,153295.0
2026-03-09 10:45:00,282.25,282.555,281.8511,282.03,79935.0
2026-03-09 10:50:00,282.02,283.195,282.01,282.97,110737.0
2026-03-09 10:55:00,282.94,283.09,282.28,282.405,95562.0
2026-03-09 11:00:00,282.405,283.36,282.03,282.81,78521.0
2026-03-09 11:05:00,282.81,284.81,282.81,284.03,123718.0
2026-03-09 11:10:00,284.02,284.83,283.75,284.06,83098.0
2026-03-09 11:15:00,284.1,284.32,283.6,283.97,47898.0
2026-03-09 11:20:00,283.98,284.18,283.65,284.155,38204.0
2026-03-09 11:25:00,284.115,284.115,283.67,283.94,62040.0
2026-03-09 11:30:00,283.955,283.955,283.09,283.09,49549.0
2026-03-09 11:35:00,283.04,283.16,282.82,282.84,46526.0
2026-03-09 11:40:00,282.78,283.06,282.52,282.8301,56578.0
2026-03-09 11:45:00,282.9399,283.11,282.58,282.72,30739.0
2026-03-09 11:50:00,282.65,282.86,282.56,282.595,41543.0
2026-03-09 11:55:00,282.6,282.6,282.19,282.28,540167.0
2026-03-09 12:00:00,282.28,282.32,281.58,281.73,65811.0
2026-03-09 12:05:00,281.76,282.53,281.7075,282.12,86878.0
2026-03-09 12:10:00,282.135,282.88,281.96,282.645,51800.0
2026-03-09 12:15:00,282.645,283.07,282.62,282.895,52700.0
2026-03-09 12:20:00,282.895,283.575,282.375,283.3,59482.0
2026-03-09 12:25:00,283.3,283.83,283.2901,283.52,69419.0
2026-03-09 12:30:00,283.52,283.66,282.86,283.215,44904.0
2026-03-09 12:35:00,283.21,283.35,282.9,282.975,1229932.0
2026-03-09 12:40:00,282.95,283.3,282.6801,283.16,36002.0
2026-03-09 12:45:00,283.18,283.57,283.15,283.51,49713.0
2026-03-09 12:50:00,283.56,283.825,283.22,283.285,440741.0
2026-03-09 12:55:00,283.22,283.29,282.64,282.965,39027.0
2026-03-09 13:00:00,282.965,283.075,282.46,282.73,39010.0
2026-03-09 13:05:00,282.71,283.1,282.71,282.805,36925.0
2026-03-09 13:10:00,282.87,282.88,282.31,282.34,44778.0
2026-03-09 13:15:00,282.31,282.32,280.89,281.0,56125.0
2026-03-09 13:20:00,280.985,281.04,280.43,280.535,57848.0
2026-03-09 13:25:00,280.5375,280.5959,279.54,279.92,197415.0
2026-03-09 13:30:00,279.93,280.577,279.87,280.51,88599.0
2026-03-09 13:35:00,280.4,280.47,280.05,280.15,45709.0
2026-03-09 13:40:00,280.155,280.61,279.98,280.55,82730.0
2026-03-09 13:45:00,280.56,281.605,280.47,281.36,101096.0
2026-03-09 13:50:00,281.4,281.89,281.4,281.685,34890.0
2026-03-09 13:55:00,281.685,281.99,281.36,281.535,62706.0
2026-03-09 14:00:00,281.55,282.12,281.4301,282.02,51891.0
2026-03-09 14:05:00,281.8901,282.55,281.761,281.82,72539.0
2026-03-09 14:10:00,281.82,281.85,281.19,281.24,114284.0
2026-03-09 14:15:00,281.26,281.7,281.07,281.66,65842.0
2026-03-09 14:20:00,281.7,281.7,280.7,280.76,128437.0
2026-03-09 14:25:00,280.92,281.345,280.79,281.345,36874.0
2026-03-09 14:30:00,281.345,281.405,280.67,281.19,110043.0
2026-03-09 14:35:00,281.185,281.96,281.185,281.75,90626.0
2026-03-09 14:40:00,281.7,281.93,281.3701,281.675,58306.0
2026-03-09 14:45:00,281.67,282.07,281.53,282.0,73347.0
2026-03-09 14:50:00,282.06,282.06,281.242,281.5225,99161.0
2026-03-09 14:55:00,281.45,281.5062,280.8868,281.2,64621.0
2026-03-09 15:00:00,281.145,282.21,281.145,281.97,100783.0
2026-03-09 15:05:00,281.9077,281.965,281.3001,281.445,43658.0
2026-03-09 15:10:00,281.48,281.78,281.43,281.51,43256.0
2026-03-09 15:15:00,281.51,282.0,281.1501,281.86,98433.0
2026-03-09 15:20:00,281.92,283.4,281.69,282.955,105993.0
2026-03-09 15:25:00,282.91,283.47,282.6155,283.425,131391.0
2026-03-09 15:30:00,283.425,284.11,282.84,284.085,105927.0
2026-03-09 15:35:00,284.05,284.79,283.47,284.6301,111422.0
2026-03-09 15:40:00,284.7125,284.97,284.32,284.385,132602.0
2026-03-09 15:45:00,284.385,284.4799,283.78,283.898,107806.0
2026-03-09 15:50:00,283.82,284.315,283.02,284.11,201282.0
2026-03-09 15:55:00,284.14,285.2,283.94,285.05,445436.0
2026-03-10 09:30:00,287.38,287.58,284.75,286.11,176714.0
2026-03-10 09:35:00,286.01,286.1,283.0,283.465,84320.0
2026-03-10 09:40:00,283.42,283.42,280.16,280.65,163158.0
2026-03-10 09:45:00,280.53,281.8,280.33,281.215,99994.0
2026-03-10 09:50:00,281.35,281.68,280.39,280.61,101419.0
2026-03-10 09:55:00,280.62,281.06,279.1001,279.35,149545.0
2026-03-10 10:00:00,279.25,279.82,279.13,279.45,143736.0
2026-03-10 10:05:00,279.3912,280.12,279.03,279.36,107939.0
2026-03-10 10:10:00,279.36,279.8,278.9,279.515,117219.0
2026-03-10 10:15:00,279.535,280.3887,279.29,280.2,75788.0
2026-03-10 10:20:00,280.2,281.27,280.1801,280.9999,87698.0
2026-03-10 10:25:00,280.89,281.47,280.7001,281.115,56443.0
2026-03-10 10:30:00,281.11,281.39,280.83,281.2499,57257.0
2026-03-10 10:35:00,281.125,281.5,281.0001,281.33,46201.0
2026-03-10 10:40:00,281.25,282.6993,281.19,282.645,62738.0
2026-03-10 10:45:00,282.69,282.8,282.01,282.43,67402.0
2026-03-10 10:50:00,282.425,283.35,282.3,283.32,66800.0
2026-03-10 10:55:00,283.3,283.95,283.29,283.6625,66349.0
2026-03-10 11:00:00,283.6625,284.7199,283.1,284.49,89193.0
2026-03-10 11:05:00,284.49,284.5168,283.6654,283.865,78242.0
2026-03-10 11:10:00,283.94,284.3799,283.86,284.33,57774.0
2026-03-10 11:15:00,284.37,284.98,284.285,284.75,85273.0
2026-03-10 11:20:00,284.8,284.83,283.99,284.25,98729.0
2026-03-10 11:25:00,284.2001,284.56,283.66,283.855,60309.0
2026-03-10 11:30:00,283.81,284.52,283.69,284.08,48213.0
2026-03-10 11:35:00,284.13,284.28,283.8701,284.13,49462.0
2026-03-10 11:40:00,284.28,285.0,284.0,284.75,58114.0
2026-03-10 11:45:00,284.75,285.29,284.65,285.29,41295.0
2026-03-10 11:50:00,285.2,286.0,284.8344,285.0001,70266.0
2026-03-10 11:55:00,285.05,285.67,284.78,285.505,46868.0
2026-03-10 12:00:00,285.4116,285.44,284.48,284.53,49123.0
2026-03-10 12:05:00,284.525,284.55,282.64,282.915,77510.0
2026-03-10 12:10:00,282.915,283.2099,282.73,283.125,49628.0
2026-03-10 12:15:00,283.125,283.36,282.8,282.8,57988.0
2026-03-10 12:20:00,282.8,282.86,282.0001,282.27,50707.0
2026-03-10 12:25:00,282.27,283.24,282.2315,282.885,43564.0
2026-03-10 12:30:00,282.9681,283.84,282.82,283.84,33310.0
2026-03-10 12:35:00,283.84,284.035,283.58,283.97,44055.0
2026-03-10 12:40:00,283.925,284.495,283.43,284.38,27840.0
2026-03-10 12:45:00,284.4021,284.4021,283.86,283.86,25136.0
2026-03-10 12:50:00,283.91,284.3,283.75,284.1101,23489.0
2026-03-10 12:55:00,284.18,284.35,284.09,284.195,23995.0
2026-03-10 13:00:00,284.19,284.59,284.05,284.5399,24549.0
2026-03-10 13:05:00,284.5151,284.7999,284.31,284.36,27108.0
2026-03-10 13:10:00,284.35,284.35,283.61,283.685,31817.0
2026-03-10 13:15:00,283.685,284.0599,283.35,283.72,37825.0
2026-03-10 13:20:00,283.72,284.42,283.64,284.395,26436.0
2026-03-10 13:25:00,284.39,284.61,284.33,284.61,33702.0
2026-03-10 13:30:00,284.61,284.61,283.83,283.83,36101.0
2026-03-10 13:35:00,283.79,283.79,282.125,282.405,58215.0
2026-03-10 13:40:00,282.45,283.04,282.305,282.6,48246.0
2026-03-10 13:45:00,282.55,284.45,282.55,284.15,70502.0
2026-03-10 13:50:00,284.0701,284.6,283.99,284.28,53276.0
2026-03-10 13:55:00,284.2,284.39,283.8901,283.94,41159.0
2026-03-10 14:00:00,283.95,284.23,283.75,283.885,57850.0
2026-03-10 14:05:00,283.92,283.94,283.485,283.54,36913.0
2026-03-10 14:10:00,283.5599,283.71,282.33,282.38,55882.0
2026-03-10 14:15:00,282.3837,282.93,282.12,282.195,65279.0
2026-03-10 14:20:00,282.19,283.27,281.7001,282.625,80973.0
2026-03-10 14:25:00,282.69,283.4488,282.6,282.86,35588.0
2026-03-10 14:30:00,282.805,283.44,282.62,282.7,53988.0
2026-03-10 14:35:00,282.7,283.02,282.24,282.69,35089.0
2026-03-10 14:40:00,282.69,282.94,282.56,282.64,43093.0
2026-03-10 14:45:00,282.6,283.05,282.55,282.82,60279.0
2026-03-10 14:50:00,282.82,283.165,282.61,282.7598,46722.0
2026-03-10 14:55:00,282.785,283.04,282.49,282.875,45768.0
2026-03-10 15:00:00,282.88,283.04,282.805,282.8601,28633.0
2026-03-10 15:05:00,282.86,282.92,282.5,282.8025,62701.0
2026-03-10 15:10:00,282.805,283.26,282.59,283.07,54328.0
2026-03-10 15:15:00,283.0568,283.2463,282.88,283.2,38615.0
2026-03-10 15:20:00,283.19,283.32,281.4298,283.06,44546.0
2026-03-10 15:25:00,283.01,283.0801,282.75,282.76,37242.0
2026-03-10 15:30:00,282.75,282.9,282.44,282.715,44140.0
2026-03-10 15:35:00,282.725,282.9799,282.4,282.765,65987.0
2026-03-10 15:40:00,282.765,283.615,282.5,283.36,108407.0
2026-03-10 15:45:00,283.38,283.55,283.0,283.075,104126.0
2026-03-10 15:50:00,283.04,283.04,282.22,282.305,128146.0
2026-03-10 15:55:00,282.32,282.39,281.94,282.38,259115.0
2026-03-11 09:30:00,282.38,283.95,281.61,283.23,131232.0
2026-03-11 09:35:00,283.375,283.68,282.4,282.98,53260.0
2026-03-11 09:40:00,282.98,283.3,281.66,281.95,47987.0
2026-03-11 09:45:00,281.945,282.49,281.4172,281.9805,69694.0
2026-03-11 09:50:00,281.81,282.3036,281.43,281.63,54771.0
2026-03-11 09:55:00,281.53,281.853,281.01,281.33,51826.0
2026-03-11 10:00:00,281.46,282.72,281.05,281.94,96178.0
2026-03-11 10:05:00,281.95,282.13,281.33,281.5,46673.0
2026-03-11 10:10:00,281.42,281.6575,280.75,281.395,57429.0
2026-03-11 10:15:00,281.49,282.89,281.29,282.475,113503.0
2026-03-11 10:20:00,282.475,282.475,280.9,281.145,68277.0
2026-03-11 10:25:00,281.145,281.33,280.6,281.31,84390.0
2026-03-11 10:30:00,281.31,282.27,281.09,282.04,101435.0
2026-03-11 10:35:00,282.08,282.82,281.93,282.82,57345.0
2026-03-11 10:40:00,282.82,283.92,282.5,283.6101,124055.0
2026-03-11 10:45:00,283.7,283.85,283.23,283.69,70469.0
2026-03-11 10:50:00,283.74,284.06,283.565,283.91,44520.0
2026-03-11 10:55:00,283.86,284.075,283.47,283.5925,62926.0
2026-03-11 11:00:00,283.64,283.73,282.6,283.0205,61608.0
2026-03-11 11:05:00,282.99,283.6699,282.7,282.9,40214.0
2026-03-11 11:10:00,282.875,282.98,281.9,281.92,53912.0
2026-03-11 11:15:00,281.94,283.18,281.88,283.0499,64648.0
2026-03-11 11:20:00,282.98,283.33,282.71,283.33,37208.0
2026-03-11 11:25:00,283.33,283.47,282.3945,282.3945,30831.0
2026-03-11 11:30:00,282.46,282.72,282.38,282.61,29975.0
2026-03-11 11:35:00,282.64,283.12,282.64,282.875,30642.0
2026-03-11 11:40:00,282.95,283.17,282.58,282.58,24584.0
2026-03-11 11:45:00,282.59,282.7,282.25,282.645,38356.0
2026-03-11 11:50:00,282.7,283.15,282.58,282.94,45209.0
2026-03-11 11:55:00,282.99,283.71,282.99,283.06,60070.0
2026-03-11 12:00:00,283.06,283.47,282.95,283.17,40405.0
2026-03-11 12:05:00,283.185,283.31,282.86,283.1,41839.0
2026-03-11 12:10:00,283.16,283.39,282.8539,283.31,42006.0
2026-03-11 12:15:00,283.28,283.45,282.9,283.117,30758.0
2026-03-11 12:20:00,283.11,283.65,282.97,283.2569,43486.0
2026-03-11 12:25:00,283.28,283.56,283.2,283.4984,26871.0
2026-03-11 12:30:00,283.51,283.59,283.205,283.445,42748.0
2026-03-11 12:35:00,283.345,283.92,283.3101,283.61,32415.0
2026-03-11 12:40:00,283.56,284.11,283.56,283.93,41626.0
2026-03-11 12:45:00,283.93,284.1,283.63,283.74,27432.0
2026-03-11 12:50:00,283.77,284.03,283.72,284.03,21266.0
2026-03-11 12:55:00,284.0,284.25,283.76,284.25,23108.0
2026-03-11 13:00:00,284.21,284.43,284.02,284.27,33355.0
2026-03-11 13:05:00,284.26,284.8548,284.2201,284.45,30627.0
2026-03-11 13:10:00,284.455,284.455,283.98,284.05,25832.0
2026-03-11 13:15:00,284.095,284.5499,284.08,284.33,324352.0
2026-03-11 13:20:00,284.4,284.85,284.14,284.495,71038.0
2026-03-11 13:25:00,284.39,284.43,284.0101,284.05,25570.0
2026-03-11 13:30:00,284.21,284.21,283.72,283.97,24640.0
2026-03-11 13:35:00,284.0,284.09,283.31,283.5589,41235.0
2026-03-11 13:40:00,283.6,283.76,283.1,283.3991,30046.0
2026-03-11 13:45:00,283.345,283.48,283.08,283.2589,20812.0
2026-03-11 13:50:00,283.26,283.72,283.19,283.34,31034.0
2026-03-11 13:55:00,283.31,283.47,282.97,283.29,41723.0
2026-03-11 14:00:00,283.255,284.08,283.1501,283.85,49723.0
2026-03-11 14:05:00,283.92,283.99,283.61,283.72,97070.0
2026-03-11 14:10:00,283.74,283.84,283.27,283.66,36367.0
2026-03-11 14:15:00,283.595,284.4,283.42,284.35,43848.0
2026-03-11 14:20:00,284.32,284.35,284.03,284.285,23095.0
2026-03-11 14:25:00,284.34,284.54,284.13,284.54,752828.0
2026-03-11 14:30:00,284.49,284.88,284.4309,284.66,96198.0
2026-03-11 14:35:00,284.625,284.7,284.36,284.39,17160.0
2026-03-11 14:40:00,284.3,284.84,284.24,284.84,48291.0
2026-03-11 14:45:00,284.8,285.02,284.47,284.5899,124117.0
2026-03-11 14:50:00,284.52,285.11,284.31,285.0509,55460.0
2026-03-11 14:55:00,284.99,285.2,284.85,284.985,96940.0
2026-03-11 15:00:00,284.99,285.2,284.54,284.69,37157.0
2026-03-11 15:05:00,284.64,284.82,284.26,284.71,43865.0
2026-03-11 15:10:00,284.72,284.87,284.64,284.765,60256.0
2026-03-11 15:15:00,284.78,285.2,284.71,285.18,101934.0
2026-03-11 15:20:00,285.18,285.41,285.11,285.4,30572.0
2026-03-11 15:25:00,285.3701,285.73,285.327,285.4,74376.0
2026-03-11 15:30:00,285.49,285.76,284.62,285.75,139653.0
2026-03-11 15:35:00,285.75,285.91,285.02,285.37,145745.0
2026-03-11 15:40:00,285.37,285.83,285.15,285.79,60280.0
2026-03-11 15:45:00,285.79,286.0,285.65,285.7,195189.0
2026-03-11 15:50:00,285.62,285.62,285.0201,285.35,90701.0
2026-03-11 15:55:00,285.38,286.22,285.11,285.26,511907.0
2026-03-12 09:30:00,284.775,287.56,284.35,284.525,224491.0
2026-03-12 09:35:00,284.525,284.83,283.235,283.845,157061.0
2026-03-12 09:40:00,283.8541,283.93,282.38,282.715,105064.0
2026-03-12 09:45:00,282.605,283.58,281.8,283.45,122365.0
2026-03-12 09:50:00,283.45,283.85,282.8,283.275,92050.0
2026-03-12 09:55:00,283.35,283.7433,282.57,282.725,96633.0
2026-03-12 10:00:00,282.725,283.67,282.45,283.255,73881.0
2026-03-12 10:05:00,283.255,284.43,282.9,284.235,78867.0
2026-03-12 10:10:00,284.235,284.69,283.47,283.5,88368.0
2026-03-12 10:15:00,283.64,284.12,283.34,283.44,61325.0
2026-03-12 10:20:00,283.44,283.53,283.074,283.35,67610.0
2026-03-12 10:25:00,283.35,283.8,283.147,283.195,58581.0
2026-03-12 10:30:00,283.195,283.6252,283.01,283.6,59042.0
2026-03-12 10:35:00,283.605,283.86,283.115,283.705,66745.0
2026-03-12 10:40:00,283.705,283.9,282.69,282.795,114792.0
2026-03-12 10:45:00,282.795,284.12,282.19,282.355,141938.0
2026-03-12 10:50:00,282.46,282.99,281.92,282.44,101496.0
2026-03-12 10:55:00,282.44,282.745,282.22,282.44,77572.0
2026-03-12 11:00:00,282.48,282.65,282.052,282.165,76197.0
2026-03-12 11:05:00,282.165,282.27,281.24,281.31,100411.0
2026-03-12 11:10:00,281.315,281.5,280.3,280.48,97333.0
2026-03-12 11:15:00,280.44,281.1099,280.44,280.62,90093.0
2026-03-12 11:20:00,280.61,280.98,279.9,280.13,123888.0
2026-03-12 11:25:00,280.13,280.5,279.72,279.765,81947.0
2026-03-12 11:30:00,279.74,280.285,279.6,280.12,85890.0
2026-03-12 11:35:00,280.08,280.71,279.67,280.66,86284.0
2026-03-12 11:40:00,280.68,280.6898,279.9,280.105,96076.0
2026-03-12 11:45:00,280.11,280.46,279.3,279.4,113337.0
2026-03-12 11:50:00,279.4,280.06,279.1573,280.06,89137.0
2026-03-12 11:55:00,280.06,280.19,279.63,279.705,80931.0
2026-03-12 12:00:00,279.73,280.35,279.48,280.095,109377.0
2026-03-12 12:05:00,280.0,280.35,278.4101,278.45,181446.0
2026-03-12 12:10:00,278.45,278.66,277.9,278.48,135449.0
2026-03-12 12:15:00,278.49,279.34,278.35,279.125,106061.0
2026-03-12 12:20:00,279.1129,280.1599,278.94,279.55,149117.0
2026-03-12 12:25:00,279.55,279.63,279.17,279.38,75244.0
2026-03-12 12:30:00,279.38,279.62,279.0,279.425,91232.0
2026-03-12 12:35:00,279.42,280.04,279.39,279.88,76555.0
2026-03-12 12:40:00,279.88,280.6,279.77,280.29,180179.0
2026-03-12 12:45:00,280.27,280.27,279.17,279.99,123619.0
2026-03-12 12:50:00,279.995,280.2,279.635,279.635,112345.0
2026-03-12 12:55:00,279.635,279.83,279.13,279.2725,79088.0
2026-03-12 13:00:00,279.28,280.28,279.24,280.24,92717.0
2026-03-12 13:05:00,280.24,280.31,279.45,279.45,81669.0
2026-03-12 13:10:00,279.45,280.02,279.45,280.0,66072.0
2026-03-12 13:15:00,279.96,280.73,279.4709,279.485,115193.0
2026-03-12 13:20:00,279.47,279.5,278.93,279.27,84065.0
2026-03-12 13:25:00,279.23,279.555,278.635,278.67,91119.0
2026-03-12 13:30:00,278.7,279.105,278.59,279.0,99928.0
2026-03-12 13:35:00,278.995,279.48,278.55,278.91,183466.0
2026-03-12 13:40:00,279.01,279.23,278.1,278.165,108321.0
2026-03-12 13:45:00,278.14,278.535,277.95,278.445,96213.0
2026-03-12 13:50:00,278.445,278.69,278.27,278.655,72110.0
2026-03-12 13:55:00,278.655,278.815,278.15,278.5201,112937.0
2026-03-12 14:00:00,278.58,278.8799,278.2,278.67,120812.0
2026-03-12 14:05:00,278.67,278.71,277.69,277.81,121407.0
2026-03-12 14:10:00,277.805,278.0815,277.76,277.92,94282.0
2026-03-12 14:15:00,277.92,278.49,277.82,277.865,122238.0
2026-03-12 14:20:00,277.865,278.07,277.84,278.035,94323.0
2026-03-12 14:25:00,278.0,278.08,277.65,277.735,114942.0
2026-03-12 14:30:00,277.735,278.15,277.68,277.94,79262.0
2026-03-12 14:35:00,277.94,278.245,277.79,278.04,83291.0
2026-03-12 14:40:00,278.0,278.44,277.965,278.01,103787.0
2026-03-12 14:45:00,278.01,278.13,277.95,278.005,113611.0
2026-03-12 14:50:00,277.995,278.49,277.861,278.025,114015.0
2026-03-12 14:55:00,277.99,278.145,277.7,278.02,87002.0
2026-03-12 15:00:00,278.02,278.34,277.92,278.335,102568.0
2026-03-12 15:05:00,278.32,278.864,278.02,278.1099,108081.0
2026-03-12 15:10:00,278.065,278.36,277.91,278.255,124256.0
2026-03-12 15:15:00,278.255,278.76,278.11,278.5,159896.0
2026-03-12 15:20:00,278.445,279.12,278.395,279.085,113160.0
2026-03-12 15:25:00,279.085,279.7646,278.675,278.755,178898.0
2026-03-12 15:30:00,278.755,278.88,278.4375,278.5,71452.0
2026-03-12 15:35:00,278.485,278.58,278.21,278.285,101577.0
2026-03-12 15:40:00,278.285,278.47,277.729,277.7398,117125.0
2026-03-12 15:45:00,277.73,277.91,277.22,277.32,117389.0
2026-03-12 15:50:00,277.28,277.5,276.29,277.475,267560.0
2026-03-12 15:55:00,277.475,277.8,276.98,277.06,869537.0
2026-03-13 09:30:00,278.06,281.8,277.81,281.3478,226006.0
2026-03-13 09:35:00,281.57,281.83,280.62,281.395,93994.0
2026-03-13 09:40:00,281.39,282.42,280.7301,282.25,121994.0
2026-03-13 09:45:00,282.3,282.64,281.79,282.45,152665.0
2026-03-13 09:50:00,282.5,282.58,281.1,282.1,82155.0
2026-03-13 09:55:00,282.1099,282.88,282.0307,282.0307,59553.0
2026-03-13 10:00:00,282.1,282.85,281.21,281.8,74041.0
2026-03-13 10:05:00,281.93,282.0,280.8,280.915,50526.0
2026-03-13 10:10:00,281.02,281.13,280.131,280.45,64968.0
2026-03-13 10:15:00,280.34,280.37,279.64,279.64,50293.0
2026-03-13 10:20:00,279.89,280.65,279.79,280.29,65496.0
2026-03-13 10:25:00,280.27,280.94,280.12,280.8602,51461.0
2026-03-13 10:30:00,280.86,281.39,280.77,281.21,56232.0
2026-03-13 10:35:00,281.22,282.1465,281.18,281.92,59273.0
2026-03-13 10:40:00,281.97,282.2,281.51,281.89,62569.0
2026-03-13 10:45:00,281.845,282.11,281.45,281.79,79440.0
2026-03-13 10:50:00,281.8,282.11,281.2,281.2,51611.0
2026-03-13 10:55:00,281.2,281.51,280.92,281.225,35365.0
2026-03-13 11:00:00,281.31,281.36,280.46,280.9,69249.0
2026-03-13 11:05:00,280.905,281.28,280.745,281.18,47830.0
2026-03-13 11:10:00,281.09,281.43,280.76,281.04,32411.0
2026-03-13 11:15:00,281.1,281.21,280.62,280.815,36798.0
2026-03-13 11:20:00,280.8379,281.25,280.49,280.55,41900.0
2026-03-13 11:25:00,280.5259,280.95,280.3501,280.85,30510.0
2026-03-13 11:30:00,280.79,281.42,280.54,281.28,34006.0
2026-03-13 11:35:00,281.28,281.49,280.77,281.175,44106.0
2026-03-13 11:40:00,281.27,281.27,280.45,280.701,30940.0
2026-03-13 11:45:00,280.81,281.36,280.4501,280.855,35055.0
2026-03-13 11:50:00,280.85,281.03,280.4201,280.635,38379.0
2026-03-13 11:55:00,280.6,281.11,280.55,280.86,25000.0
2026-03-13 12:00:00,280.865,281.25,280.6501,281.095,26863.0
2026-03-13 12:05:00,281.065,281.21,280.78,281.15,28713.0
2026-03-13 12:10:00,281.15,281.37,280.13,280.2025,39849.0
2026-03-13 12:15:00,280.205,280.5,280.11,280.35,42423.0
2026-03-13 12:20:00,280.35,280.57,280.0601,280.25,29359.0
2026-03-13 12:25:00,280.34,280.5725,279.96,280.5,69609.0
2026-03-13 12:30:00,280.5462,280.83,280.33,280.54,29591.0
2026-03-13 12:35:00,280.575,280.95,280.3401,280.37,36928.0
2026-03-13 12:40:00,280.3401,281.01,280.1801,280.1801,31619.0
2026-03-13 12:45:00,280.3,280.86,280.22,280.86,27329.0
2026-03-13 12:50:00,280.865,281.25,280.78,281.175,38198.0
2026-03-13 12:55:00,281.24,281.24,280.6,280.79,35470.0
2026-03-13 13:00:00,280.71,280.93,280.4,280.48,29952.0
2026-03-13 13:05:00,280.44,280.76,280.3,280.71,63654.0
2026-03-13 13:10:00,280.7075,281.0,280.52,280.955,22932.0
2026-03-13 13:15:00,280.94,281.31,280.74,281.06,54896.0
2026-03-13 13:20:00,281.065,281.17,280.4,280.84,45718.0
2026-03-13 13:25:00,280.92,281.23,280.7801,281.185,74824.0
2026-03-13 13:30:00,281.25,281.29,280.79,280.95,19557.0
2026-03-13 13:35:00,280.8804,281.3,280.5201,281.28,22064.0
2026-03-13 13:40:00,281.24,281.79,281.15,281.79,55565.0
2026-03-13 13:45:00,281.74,281.92,280.83,280.915,31093.0
2026-03-13 13:50:00,280.83,280.94,280.56,280.85,28581.0
2026-03-13 13:55:00,280.77,281.24,280.66,281.24,25338.0
2026-03-13 14:00:00,281.25,281.97,281.25,281.91,30099.0
2026-03-13 14:05:00,281.92,281.99,281.471,281.571,23535.0
2026-03-13 14:10:00,281.68,281.79,281.47,281.67,25511.0
2026-03-13 14:15:00,281.6,281.68,281.24,281.3755,37201.0
2026-03-13 14:20:00,281.45,281.57,281.29,281.44,22391.0
2026-03-13 14:25:00,281.44,281.68,281.21,281.37,38780.0
2026-03-13 14:30:00,281.37,282.08,281.285,282.0,47740.0
2026-03-13 14:35:00,282.005,282.24,281.8512,282.0284,22985.0
2026-03-13 14:40:00,282.06,282.11,281.86,282.085,38324.0
2026-03-13 14:45:00,281.95,282.15,281.92,282.125,18035.0
2026-03-13 14:50:00,282.1,282.16,281.6819,281.895,32778.0
2026-03-13 14:55:00,281.89,281.93,281.5094,281.92,29388.0
2026-03-13 15:00:00,281.9,281.95,281.6101,281.77,27341.0
2026-03-13 15:05:00,281.765,282.115,281.55,281.855,49043.0
2026-03-13 15:10:00,281.86,282.1417,281.5739,281.79,29567.0
2026-03-13 15:15:00,281.8,282.28,281.8,282.24,41462.0
2026-03-13 15:20:00,282.265,282.39,282.11,282.18,37523.0
2026-03-13 15:25:00,282.165,282.25,281.87,282.0,38242.0
2026-03-13 15:30:00,281.995,282.25,281.56,281.6751,71915.0
2026-03-13 15:35:00,281.6825,281.74,281.07,281.125,52929.0
2026-03-13 15:40:00,281.08,281.3,281.03,281.175,63202.0
2026-03-13 15:45:00,281.21,281.556,280.91,281.435,72800.0
2026-03-13 15:50:00,281.43,281.69,281.2701,281.57,85162.0
2026-03-13 15:55:00,281.56,282.24,281.39,282.07,280144.0
2026-03-16 09:30:00,283.98,284.6,281.78,282.49,213608.0
2026-03-16 09:35:00,282.49,282.84,281.04,281.74,175910.0
2026-03-16 09:40:00,281.805,284.88,281.805,284.5301,111310.0
2026-03-16 09:45:00,284.65,285.6,284.585,285.47,116498.0
2026-03-16 09:50:00,285.47,285.89,285.28,285.55,73747.0
2026-03-16 09:55:00,285.525,285.525,284.73,285.04,55918.0
2026-03-16 10:00:00,285.05,286.88,284.6,286.02,130193.0
2026-03-16 10:05:00,285.905,286.5,285.26,286.14,57021.0
2026-03-16 10:10:00,286.14,286.43,285.82,286.195,59757.0
2026-03-16 10:15:00,286.25,286.3,285.58,285.7,48581.0
2026-03-16 10:20:00,285.66,285.89,285.44,285.67,42376.0
2026-03-16 10:25:00,285.57,285.9899,285.14,285.395,40854.0
2026-03-16 10:30:00,285.48,285.66,284.78,284.89,60496.0
2026-03-16 10:35:00,284.89,285.4999,284.84,285.07,51175.0
2026-03-16 10:40:00,285.1,285.1885,284.41,284.66,38216.0
2026-03-16 10:45:00,284.705,284.93,284.39,284.605,51657.0
2026-03-16 10:50:00,284.56,285.2,284.43,285.15,88729.0
2026-03-16 10:55:00,285.165,285.2,284.78,284.93,45743.0
2026-03-16 11:00:00,285.02,285.685,284.63,285.5,45651.0
2026-03-16 11:05:00,285.47,285.48,285.04,285.34,28299.0
2026-03-16 11:10:00,285.385,285.53,284.9,285.2901,33730.0
2026-03-16 11:15:00,285.37,285.74,285.0901,285.65,28827.0
2026-03-16 11:20:00,285.5635,285.89,285.5635,285.625,37586.0
2026-03-16 11:25:00,285.56,286.2,285.53,286.19,44644.0
2026-03-16 11:30:00,286.175,286.57,286.175,286.4,45202.0
2026-03-16 11:35:00,286.3101,286.57,285.93,286.13,43664.0
2026-03-16 11:40:00,286.09,286.15,285.1,285.23,31680.0
2026-03-16 11:45:00,285.3,286.06,285.09,285.88,26980.0
2026-03-16 11:50:00,285.9,286.0,285.64,285.96,35388.0
2026-03-16 11:55:00,285.85,286.62,285.76,285.935,62542.0
2026-03-16 12:00:00,285.86,285.89,285.46,285.63,41063.0
2026-03-16 12:05:00,285.61,286.13,285.61,286.07,43636.0
2026-03-16 12:10:00,286.14,286.34,285.755,286.14,56640.0
2026-03-16 12:15:00,286.23,286.87,286.14,286.6,47936.0
2026-03-16 12:20:00,286.68,286.68,285.2,285.25,85172.0
2026-03-16 12:25:00,285.24,285.55,284.9055,285.395,29081.0
2026-03-16 12:30:00,285.39,285.67,285.14,285.585,31108.0
2026-03-16 12:35:00,285.59,285.69,285.41,285.675,23546.0
2026-03-16 12:40:00,285.695,286.34,285.618,286.31,37205.0
2026-03-16 12:45:00,286.295,286.55,286.01,286.395,29703.0
2026-03-16 12:50:00,286.48,286.7774,286.255,286.295,39936.0
2026-03-16 12:55:00,286.39,286.68,286.1,286.4101,48984.0
2026-03-16 13:00:00,286.4,286.81,286.4,286.59,31902.0
2026-03-16 13:05:00,286.62,286.88,286.34,286.34,25998.0
2026-03-16 13:10:00,286.385,286.53,286.01,286.01,41079.0
2026-03-16 13:15:00,286.07,286.13,285.155,285.48,38392.0
2026-03-16 13:20:00,285.535,286.5,285.47,286.405,41520.0
2026-03-16 13:25:00,286.405,286.66,286.08,286.08,32865.0
2026-03-16 13:30:00,286.135,286.5,285.98,286.16,39333.0
2026-03-16 13:35:00,286.11,286.69,285.93,286.53,48822.0
2026-03-16 13:40:00,286.53,286.66,286.3,286.35,40544.0
2026-03-16 13:45:00,286.35,286.68,285.96,286.13,33922.0
2026-03-16 13:50:00,286.095,286.2899,285.83,286.19,29618.0
2026-03-16 13:55:00,286.19,286.69,286.14,286.61,24994.0
2026-03-16 14:00:00,286.605,287.16,286.5816,286.69,66438.0
2026-03-16 14:05:00,286.7,286.85,286.4,286.765,23307.0
2026-03-16 14:10:00,286.81,287.3,286.79,286.93,59348.0
2026-03-16 14:15:00,286.915,287.23,286.791,287.125,41165.0
2026-03-16 14:20:00,287.125,287.3999,287.06,287.21,39501.0
2026-03-16 14:25:00,287.21,287.32,287.1,287.2,29586.0
2026-03-16 14:30:00,287.21,287.37,287.13,287.2914,24291.0
2026-03-16 14:35:00,287.285,287.32,286.77,287.13,32913.0
2026-03-16 14:40:00,287.17,287.26,287.0101,287.13,27106.0
2026-03-16 14:45:00,287.13,287.2,286.9,286.91,27541.0
2026-03-16 14:50:00,286.915,286.99,286.71,286.71,35247.0
2026-03-16 14:55:00,286.74,286.74,286.47,286.6,23551.0
2026-03-16 15:00:00,286.64,286.97,286.58,286.87,24607.0
2026-03-16 15:05:00,286.87,286.9,286.57,286.8,37552.0
2026-03-16 15:10:00,286.9,287.13,286.23,286.27,36847.0
2026-03-16 15:15:00,286.39,286.48,285.82,285.8567,45620.0
2026-03-16 15:20:00,285.78,286.4,285.71,286.28,45324.0
2026-03-16 15:25:00,286.15,286.165,285.53,285.83,46208.0
2026-03-16 15:30:00,285.84,285.87,285.4401,285.685,47125.0
2026-03-16 15:35:00,285.685,285.77,285.4,285.4715,38859.0
2026-03-16 15:40:00,285.472,285.67,285.0,285.14,47419.0
2026-03-16 15:45:00,285.2,285.57,285.1901,285.565,54530.0
2026-03-16 15:50:00,285.59,285.99,285.29,285.95,96535.0
2026-03-16 15:55:00,285.99,286.22,285.4,285.48,275306.0
2026-03-17 09:30:00,287.8,288.94,286.87,288.29,221868.0
2026-03-17 09:35:00,288.33,288.9,287.08,287.8699,75355.0
2026-03-17 09:40:00,287.73,288.75,287.58,288.025,58025.0
2026-03-17 09:45:00,288.025,288.79,287.8,288.11,115436.0
2026-03-17 09:50:00,288.1,288.66,287.52,287.805,64712.0
2026-03-17 09:55:00,287.81,288.35,287.585,288.195,70069.0
2026-03-17 10:00:00,288.11,288.77,287.5,288.45,88113.0
2026-03-17 10:05:00,288.5,288.99,288.28,288.725,100857.0
2026-03-17 10:10:00,288.73,288.89,287.79,288.06,114194.0
2026-03-17 10:15:00,288.035,288.18,287.02,287.37,79795.0
2026-03-17 10:20:00,287.341,287.515,287.05,287.13,35509.0
2026-03-17 10:25:00,287.165,287.19,286.755,287.16,38684.0
2026-03-17 10:30:00,287.16,287.25,286.75,287.05,52407.0
2026-03-17 10:35:00,287.05,287.18,286.4201,287.11,53365.0
2026-03-17 10:40:00,286.999,288.0801,286.7,288.08,40100.0
2026-03-17 10:45:00,288.09,288.12,287.66,287.6974,24608.0
2026-03-17 10:50:00,287.73,288.48,287.7,288.035,76604.0
2026-03-17 10:55:00,288.035,288.14,286.86,286.905,39174.0
2026-03-17 11:00:00,286.95,287.54,286.8801,287.265,28560.0
2026-03-17 11:05:00,287.29,288.25,287.29,287.98,32531.0
2026-03-17 11:10:00,287.98,288.32,287.45,287.63,37633.0
2026-03-17 11:15:00,287.685,288.3,287.63,287.64,38216.0
2026-03-17 11:20:00,287.6,287.74,287.175,287.18,33147.0
2026-03-17 11:25:00,287.26,287.48,287.03,287.1,22463.0
2026-03-17 11:30:00,287.15,287.32,286.25,286.25,50822.0
2026-03-17 11:35:00,286.2,286.325,285.87,286.105,36577.0
2026-03-17 11:40:00,286.05,286.37,285.945,286.26,20672.0
2026-03-17 11:45:00,286.24,286.42,285.83,285.8301,20766.0
2026-03-17 11:50:00,285.865,286.12,285.81,286.105,29594.0
2026-03-17 11:55:00,286.11,286.4,285.725,286.04,28180.0
2026-03-17 12:00:00,286.0351,286.4,286.0351,286.26,25641.0
2026-03-17 12:05:00,286.34,286.42,285.86,286.0,23206.0
2026-03-17 12:10:00,286.08,286.42,286.0,286.02,24937.0
2026-03-17 12:15:00,286.07,286.29,285.9501,286.23,26562.0
2026-03-17 12:20:00,286.215,286.23,285.31,285.77,52046.0
2026-03-17 12:25:00,285.725,286.23,285.53,285.84,26148.0
2026-03-17 12:30:00,285.85,285.92,284.84,285.54,50666.0
2026-03-17 12:35:00,285.57,285.8,285.21,285.59,37252.0
2026-03-17 12:40:00,285.7,286.03,285.4789,286.03,26135.0
2026-03-17 12:45:00,286.07,286.14,285.86,285.8809,33097.0
2026-03-17 12:50:00,285.89,286.41,285.8372,286.1419,36357.0
2026-03-17 12:55:00,286.185,286.42,285.9,286.39,866072.0
2026-03-17 13:00:00,286.425,287.14,286.36,286.85,70451.0
2026-03-17 13:05:00,286.854,287.38,286.8,287.23,32784.0
2026-03-17 13:10:00,287.23,287.88,287.05,287.85,47343.0
2026-03-17 13:15:00,287.85,288.075,287.54,287.84,89277.0
2026-03-17 13:20:00,287.84,287.96,287.26,287.96,24378.0
2026-03-17 13:25:00,287.8501,288.4,287.82,288.4,45296.0
2026-03-17 13:30:00,288.325,288.48,288.11,288.265,34368.0
2026-03-17 13:35:00,288.265,288.46,288.09,288.335,25277.0
2026-03-17 13:40:00,288.33,288.36,287.96,287.98,21537.0
2026-03-17 13:45:00,288.03,288.1099,287.75,287.75,23908.0
2026-03-17 13:50:00,287.795,287.9,287.16,287.37,88608.0
2026-03-17 13:55:00,287.36,287.395,286.815,287.0,38808.0
2026-03-17 14:00:00,287.06,287.18,286.76,286.88,29072.0
2026-03-17 14:05:00,286.915,286.915,286.55,286.725,30120.0
2026-03-17 14:10:00,286.79,286.82,286.25,286.6,45094.0
2026-03-17 14:15:00,286.63,287.09,286.56,286.65,29386.0
2026-03-17 14:20:00,286.68,286.7799,286.4,286.4,22100.0
2026-03-17 14:25:00,286.355,286.66,286.205,286.64,27603.0
2026-03-17 14:30:00,286.7,287.91,286.635,287.245,105492.0
2026-03-17 14:35:00,287.14,287.245,286.72,286.75,21427.0
2026-03-17 14:40:00,286.77,286.92,286.5,286.82,35759.0
2026-03-17 14:45:00,286.87,287.73,286.86,287.72,26105.0
2026-03-17 14:50:00,287.665,287.665,287.38,287.58,28394.0
2026-03-17 14:55:00,287.58,287.59,287.15,287.32,27496.0
2026-03-17 15:00:00,287.375,287.64,287.3,287.54,22528.0
2026-03-17 15:05:00,287.54,287.69,287.48,287.5,24069.0
2026-03-17 15:10:00,287.56,287.6102,287.3817,287.48,22517.0
2026-03-17 15:15:00,287.485,287.59,287.0,287.04,44232.0
2026-03-17 15:20:00,287.0,287.15,286.85,287.075,30244.0
2026-03-17 15:25:00,287.08,287.365,286.99,287.12,33246.0
2026-03-17 15:30:00,287.085,287.2,286.81,286.91,32574.0
2026-03-17 15:35:00,286.87,287.01,286.705,286.765,40785.0
2026-03-17 15:40:00,286.765,287.12,286.67,286.96,49464.0
2026-03-17 15:45:00,286.96,287.3,286.84,287.28,67325.0
2026-03-17 15:50:00,287.295,287.58,286.8,287.01,78364.0
2026-03-17 15:55:00,287.0,287.71,286.92,287.6,275484.0
2026-03-18 09:30:00,285.2,287.99,284.64,287.3801,143031.0
2026-03-18 09:35:00,287.515,288.07,287.264,287.99,41793.0
2026-03-18 09:40:00,287.94,288.4,287.22,287.598,55800.0
2026-03-18 09:45:00,287.52,288.3,287.3,287.79,44565.0
2026-03-18 09:50:00,287.87,288.25,287.53,287.7966,39685.0
2026-03-18 09:55:00,287.85,287.94,287.0,287.7044,31393.0
2026-03-18 10:00:00,287.77,287.9,286.825,286.9,33745.0
2026-03-18 10:05:00,286.9,287.2999,286.78,286.92,32678.0
2026-03-18 10:10:00,286.8,286.81,285.95,286.1,54136.0
2026-03-18 10:15:00,286.1375,286.7899,285.9,286.655,33455.0
2026-03-18 10:20:00,286.665,286.7,286.34,286.34,20205.0
2026-03-18 10:25:00,286.48,286.48,285.41,285.7199,33516.0
2026-03-18 10:30:00,285.68,286.29,285.585,286.0,31344.0
2026-03-18 10:35:00,286.03,286.18,285.87,285.92,20494.0
2026-03-18 10:40:00,285.92,285.927,285.53,285.63,27505.0
2026-03-18 10:45:00,285.62,285.75,285.41,285.455,19794.0
2026-03-18 10:50:00,285.5,285.745,285.42,285.42,19971.0
2026-03-18 10:55:00,285.42,285.6,285.15,285.42,38077.0
2026-03-18 11:00:00,285.53,285.78,285.23,285.435,28784.0
2026-03-18 11:05:00,285.43,285.8671,285.39,285.665,19709.0
2026-03-18 11:10:00,285.66,285.9616,285.56,285.56,13417.0
2026-03-18 11:15:00,285.62,285.89,285.5,285.73,26322.0
2026-03-18 11:20:00,285.7,285.815,285.26,285.71,26146.0
2026-03-18 11:25:00,285.76,285.86,285.49,285.56,37175.0
2026-03-18 11:30:00,285.56,286.0233,285.52,285.7601,15385.0
2026-03-18 11:35:00,285.76,286.03,285.64,285.935,15914.0
2026-03-18 11:40:00,285.925,285.99,285.72,285.99,16334.0
2026-03-18 11:45:00,286.0,286.15,285.76,285.91,19658.0
2026-03-18 11:50:00,285.91,286.05,285.62,286.05,17925.0
2026-03-18 11:55:00,286.05,286.28,285.84,286.105,21379.0
2026-03-18 12:00:00,286.105,286.17,285.9,286.08,22132.0
2026-03-18 12:05:00,286.04,286.24,285.88,286.02,41546.0
2026-03-18 12:10:00,285.955,286.22,285.77,285.95,42270.0
2026-03-18 12:15:00,286.02,286.1,285.81,286.0,24138.0
2026-03-18 12:20:00,286.01,286.17,285.945,286.09,34028.0
2026-03-18 12:25:00,286.09,286.48,285.96,286.3601,24948.0
2026-03-18 12:30:00,286.29,286.5899,286.03,286.03,30785.0
2026-03-18 12:35:00,286.04,286.045,285.21,285.77,64252.0
2026-03-18 12:40:00,285.8315,285.87,285.39,285.478,23065.0
2026-03-18 12:45:00,285.505,286.09,285.505,286.05,16457.0
2026-03-18 12:50:00,286.025,286.6,286.0,286.6,24756.0
2026-03-18 12:55:00,286.6,286.7,286.34,286.47,22097.0
2026-03-18 13:00:00,286.434,286.75,286.34,286.75,32530.0
2026-03-18 13:05:00,286.682,286.99,286.47,286.71,23936.0
2026-03-18 13:10:00,286.7864,286.88,286.66,286.81,17122.0
2026-03-18 13:15:00,286.805,287.05,286.64,287.03,24854.0
2026-03-18 13:20:00,287.01,287.01,286.5001,286.685,26720.0
2026-03-18 13:25:00,286.685,286.7169,286.4,286.52,30240.0
2026-03-18 13:30:00,286.52,286.59,285.8825,286.33,32329.0
2026-03-18 13:35:00,286.29,286.69,286.05,286.21,24114.0
2026-03-18 13:40:00,286.11,286.135,285.67,285.77,33987.0
2026-03-18 13:45:00,285.74,286.02,285.67,285.7862,23551.0
2026-03-18 13:50:00,285.745,286.12,285.65,286.12,20972.0
2026-03-18 13:55:00,286.1,286.56,285.93,286.445,26930.0
2026-03-18 14:00:00,286.445,286.83,285.86,286.1305,78745.0
2026-03-18 14:05:00,286.11,286.21,285.7,285.905,53119.0
2026-03-18 14:10:00,285.95,286.24,285.64,286.04,54712.0
2026-03-18 14:15:00,286.02,286.0201,285.24,285.37,53589.0
2026-03-18 14:20:00,285.34,285.76,285.2901,285.725,36452.0
2026-03-18 14:25:00,285.71,285.91,285.52,285.68,51611.0
2026-03-18 14:30:00,285.68,285.84,285.17,285.17,44819.0
2026-03-18 14:35:00,285.14,285.59,285.0714,285.1982,28034.0
2026-03-18 14:40:00,285.18,285.25,284.775,284.88,60027.0
2026-03-18 14:45:00,284.87,285.11,284.81,284.915,24914.0
2026-03-18 14:50:00,284.91,285.01,284.325,284.385,41365.0
2026-03-18 14:55:00,284.38,284.53,284.17,284.23,31586.0
2026-03-18 15:00:00,284.25,284.64,284.17,284.61,36434.0
2026-03-18 15:05:00,284.64,285.36,284.6,285.285,31699.0
2026-03-18 15:10:00,285.25,285.39,285.085,285.3219,27764.0
2026-03-18 15:15:00,285.3743,285.525,284.9,284.9,33739.0
2026-03-18 15:20:00,284.86,285.0804,284.85,284.8675,29116.0
2026-03-18 15:25:00,284.89,285.0,284.59,284.68,30778.0
2026-03-18 15:30:00,284.72,284.85,284.47,284.84,84754.0
2026-03-18 15:35:00,284.79,284.8,284.33,284.425,40875.0
2026-03-18 15:40:00,284.425,284.48,283.855,283.95,56038.0
2026-03-18 15:45:00,283.94,283.96,283.41,283.455,73488.0
2026-03-18 15:50:00,283.48,284.09,283.07,283.48,121301.0
2026-03-18 15:55:00,283.47,284.31,283.4247,284.23,342221.0
2026-03-19 09:30:00,284.0,286.44,284.0,285.8753,274726.0
2026-03-19 09:35:00,285.74,286.03,284.3,286.0,136336.0
2026-03-19 09:40:00,286.02,287.545,285.44,287.145,152670.0
2026-03-19 09:45:00,287.09,287.145,285.7,286.19,90677.0
2026-03-19 09:50:00,286.08,286.37,284.5,285.03,59094.0
2026-03-19 09:55:00,285.02,285.18,284.195,284.295,52429.0
2026-03-19 10:00:00,284.285,284.87,283.5,283.78,93959.0
2026-03-19 10:05:00,283.78,284.32,283.33,284.01,63422.0
2026-03-19 10:10:00,283.975,284.42,283.4,283.705,57132.0
2026-03-19 10:15:00,283.53,283.66,282.5801,282.79,55729.0
2026-03-19 10:20:00,282.795,283.2,282.7,282.885,31113.0
2026-03-19 10:25:00,282.9,283.41,282.75,283.28,44407.0
2026-03-19 10:30:00,283.24,284.16,283.1801,284.16,46319.0
2026-03-19 10:35:00,284.21,284.63,283.8801,283.885,75037.0
2026-03-19 10:40:00,283.885,284.57,283.885,284.35,33190.0
2026-03-19 10:45:00,284.23,284.4,283.98,284.145,31500.0
2026-03-19 10:50:00,284.13,284.53,283.9101,284.08,32972.0
2026-03-19 10:55:00,284.115,284.115,283.73,283.75,26808.0
2026-03-19 11:00:00,283.72,283.87,283.07,283.675,46761.0
2026-03-19 11:05:00,283.57,283.915,283.3,283.36,29965.0
2026-03-19 11:10:00,283.3,283.47,282.99,283.26,42292.0
2026-03-19 11:15:00,283.255,283.34,282.85,282.97,49945.0
2026-03-19 11:20:00,282.97,283.14,282.45,282.51,65744.0
2026-03-19 11:25:00,282.51,282.895,282.35,282.78,45573.0
2026-03-19 11:30:00,282.78,283.1975,282.6245,282.635,41172.0
2026-03-19 11:35:00,282.635,282.6899,282.14,282.4,65400.0
2026-03-19 11:40:00,282.42,282.4899,282.15,282.32,39737.0
2026-03-19 11:45:00,282.27,282.7,282.16,282.5086,29086.0
2026-03-19 11:50:00,282.48,282.515,282.01,282.17,36457.0
2026-03-19 11:55:00,282.155,282.75,282.06,282.615,53550.0
2026-03-19 12:00:00,282.615,283.05,282.31,282.795,35092.0
2026-03-19 12:05:00,282.7925,282.92,282.6,282.71,53861.0
2026-03-19 12:10:00,282.675,282.7,282.325,282.335,33183.0
2026-03-19 12:15:00,282.37,282.65,282.25,282.585,61564.0
2026-03-19 12:20:00,282.54,283.0201,282.51,282.915,35974.0
2026-03-19 12:25:00,282.915,283.06,282.53,282.77,33098.0
2026-03-19 12:30:00,282.785,283.11,282.65,282.88,39290.0
2026-03-19 12:35:00,282.86,283.04,282.55,282.94,43143.0
2026-03-19 12:40:00,282.92,283.2,282.755,282.98,23981.0
2026-03-19 12:45:00,282.985,283.05,282.4,282.48,35836.0
2026-03-19 12:50:00,282.475,282.53,281.69,281.85,61512.0
2026-03-19 12:55:00,281.775,282.14,281.68,282.075,37037.0
2026-03-19 13:00:00,282.08,282.1099,281.44,281.47,69744.0
2026-03-19 13:05:00,281.43,281.83,281.37,281.6,61676.0
2026-03-19 13:10:00,281.61,281.965,281.46,281.87,37197.0
2026-03-19 13:15:00,281.87,282.3,281.83,282.27,25804.0
2026-03-19 13:20:00,282.28,282.625,281.92,282.455,43516.0
2026-03-19 13:25:00,282.455,282.72,282.31,282.57,31595.0
2026-03-19 13:30:00,282.56,282.58,282.03,282.19,30210.0
2026-03-19 13:35:00,282.13,282.28,282.1,282.21,37200.0
2026-03-19 13:40:00,282.1773,282.51,282.05,282.365,30817.0
2026-03-19 13:45:00,282.365,282.415,282.155,282.335,29057.0
2026-03-19 13:50:00,282.325,282.98,282.3,282.85,29155.0
2026-03-19 13:55:00,282.8,282.96,282.69,282.775,24284.0
2026-03-19 14:00:00,282.78,282.78,282.265,282.51,25206.0
2026-03-19 14:05:00,282.41,282.88,282.39,282.58,28433.0
2026-03-19 14:10:00,282.62,283.11,282.4801,282.895,42566.0
2026-03-19 14:15:00,282.9,283.02,282.71,282.93,41718.0
2026-03-19 14:20:00,282.96,283.01,282.63,282.66,29839.0
2026-03-19 14:25:00,282.66,282.79,282.375,282.4044,31395.0
2026-03-19 14:30:00,282.39,282.65,282.19,282.62,48302.0
2026-03-19 14:35:00,282.585,282.85,282.4401,282.62,53611.0
2026-03-19 14:40:00,282.63,282.8999,282.4,282.645,43270.0
2026-03-19 14:45:00,282.61,283.47,282.6,283.275,52131.0
2026-03-19 14:50:00,283.265,283.79,283.05,283.72,35744.0
2026-03-19 14:55:00,283.79,284.55,283.72,284.39,59889.0
2026-03-19 15:00:00,284.39,285.36,284.37,284.925,69868.0
2026-03-19 15:05:00,284.93,285.75,284.89,285.0,82538.0
2026-03-19 15:10:00,284.93,285.33,284.37,284.57,47246.0
2026-03-19 15:15:00,284.56,284.73,284.0346,284.4099,60028.0
2026-03-19 15:20:00,284.41,284.695,284.185,284.375,48420.0
2026-03-19 15:25:00,284.33,284.43,283.81,284.36,41739.0
2026-03-19 15:30:00,284.3,284.325,283.877,283.91,39603.0
2026-03-19 15:35:00,283.875,283.97,282.765,283.725,79850.0
2026-03-19 15:40:00,283.725,283.78,283.25,283.2999,47139.0
2026-03-19 15:45:00,283.22,283.22,280.86,281.07,164390.0
2026-03-19 15:50:00,280.97,281.98,280.97,281.7,150151.0
2026-03-19 15:55:00,281.67,281.71,280.07,280.44,388468.0
2026-03-20 09:30:00,278.99,279.71,276.7174,279.0,1374126.0
2026-03-20 09:35:00,279.0975,280.17,278.52,280.0799,814104.0
2026-03-20 09:40:00,280.0221,281.75,280.0221,281.75,185482.0
2026-03-20 09:45:00,281.725,282.82,281.4,281.99,86419.0
2026-03-20 09:50:00,282.01,282.15,281.22,281.65,1160279.0
2026-03-20 09:55:00,281.7,282.12,281.27,281.56,76424.0
2026-03-20 10:00:00,281.52,281.91,279.8101,280.53,63287.0
2026-03-20 10:05:00,280.57,281.29,280.57,280.75,41462.0
2026-03-20 10:10:00,280.76,281.22,280.54,280.85,40546.0
2026-03-20 10:15:00,280.78,281.6,280.56,281.5275,60418.0
2026-03-20 10:20:00,281.485,281.64,280.58,281.3,39788.0
2026-03-20 10:25:00,281.16,281.3815,280.29,280.45,40005.0
2026-03-20 10:30:00,280.54,281.13,280.4,280.87,35428.0
2026-03-20 10:35:00,280.875,281.02,280.13,280.46,204579.0
2026-03-20 10:40:00,280.4,280.74,280.065,280.33,43187.0
2026-03-20 10:45:00,280.39,281.27,280.38,281.04,145096.0
2026-03-20 10:50:00,281.02,282.1,280.92,281.465,60085.0
2026-03-20 10:55:00,281.455,282.29,280.95,281.3125,55880.0
2026-03-20 11:00:00,281.22,282.3,281.21,282.115,58422.0
2026-03-20 11:05:00,282.1,282.35,281.9,282.08,46815.0
2026-03-20 11:10:00,282.08,282.95,282.08,282.895,70726.0
2026-03-20 11:15:00,282.97,283.02,281.9,282.03,61276.0
2026-03-20 11:20:00,281.97,283.1,281.71,282.45,72299.0
2026-03-20 11:25:00,282.32,282.4736,281.75,281.92,294842.0
2026-03-20 11:30:00,281.84,281.99,281.32,281.87,48908.0
2026-03-20 11:35:00,281.78,281.95,281.37,281.825,41714.0
2026-03-20 11:40:00,281.79,282.0,281.4,281.58,38854.0
2026-03-20 11:45:00,281.57,281.6599,281.18,281.265,46685.0
2026-03-20 11:50:00,281.27,281.27,280.66,280.95,51113.0
2026-03-20 11:55:00,280.93,281.92,280.76,281.915,43562.0
2026-03-20 12:00:00,281.891,282.55,281.801,282.15,51363.0
2026-03-20 12:05:00,282.12,282.21,281.42,282.1,63396.0
2026-03-20 12:10:00,282.08,282.32,281.32,281.32,68968.0
2026-03-20 12:15:00,281.3,282.24,281.25,282.18,42126.0
2026-03-20 12:20:00,282.24,282.34,281.97,282.33,31016.0
2026-03-20 12:25:00,282.33,282.56,281.9,282.4399,66488.0
2026-03-20 12:30:00,282.31,282.37,281.63,282.33,36412.0
2026-03-20 12:35:00,282.22,282.39,282.07,282.385,36893.0
2026-03-20 12:40:00,282.385,282.73,282.35,282.43,34611.0
2026-03-20 12:45:00,282.42,282.47,281.915,282.355,40747.0
2026-03-20 12:50:00,282.41,282.54,281.9,282.31,23930.0
2026-03-20 12:55:00,282.16,282.3213,281.685,281.92,28555.0
2026-03-20 13:00:00,282.04,282.11,281.645,282.0,28244.0
2026-03-20 13:05:00,281.91,282.16,281.38,281.83,51817.0
2026-03-20 13:10:00,281.9,281.93,281.2,281.28,36890.0
2026-03-20 13:15:00,281.34,281.7,281.3,281.615,38314.0
2026-03-20 13:20:00,281.6,282.14,281.59,281.915,112564.0
2026-03-20 13:25:00,281.915,282.3899,281.7,281.9601,48207.0
2026-03-20 13:30:00,282.04,282.04,280.71,280.77,65616.0
2026-03-20 13:35:00,280.77,281.44,280.43,281.42,44246.0
2026-03-20 13:40:00,281.39,281.94,281.3312,281.58,46889.0
2026-03-20 13:45:00,281.54,281.585,281.11,281.4449,34228.0
2026-03-20 13:50:00,281.4,281.73,281.24,281.62,33543.0
2026-03-20 13:55:00,281.575,281.88,281.35,281.8,30554.0
2026-03-20 14:00:00,281.8,281.8,280.44,280.74,92756.0
2026-03-20 14:05:00,280.77,280.77,279.715,280.0602,115538.0
2026-03-20 14:10:00,280.07,280.5,280.01,280.19,50992.0
2026-03-20 14:15:00,280.13,280.42,280.04,280.26,60926.0
2026-03-20 14:20:00,280.31,280.5,279.06,279.255,62024.0
2026-03-20 14:25:00,279.265,279.71,279.21,279.59,75469.0
2026-03-20 14:30:00,279.52,279.71,279.0,279.0,70583.0
2026-03-20 14:35:00,279.0,279.07,278.47,278.925,55153.0
2026-03-20 14:40:00,278.925,279.2,278.9,279.06,37463.0
2026-03-20 14:45:00,279.104,279.36,278.72,278.72,41849.0
2026-03-20 14:50:00,278.7,279.0,278.56,278.64,68559.0
2026-03-20 14:55:00,278.5601,278.82,278.47,278.49,51449.0
2026-03-20 15:00:00,278.475,278.82,278.34,278.37,65563.0
2026-03-20 15:05:00,278.39,278.6,278.19,278.35,75943.0
2026-03-20 15:10:00,278.34,278.4099,277.65,277.9299,97883.0
2026-03-20 15:15:00,277.885,277.885,277.32,277.4,89413.0
2026-03-20 15:20:00,277.4,277.9,277.0,277.21,104066.0
2026-03-20 15:25:00,277.17,277.45,277.01,277.225,142337.0
2026-03-20 15:30:00,277.26,278.25,277.235,277.75,194182.0
2026-03-20 15:35:00,277.75,277.94,277.12,277.34,200912.0
2026-03-20 15:40:00,277.37,278.42,277.34,277.94,230263.0
2026-03-20 15:45:00,277.95,277.95,275.82,275.88,404029.0
2026-03-20 15:50:00,275.91,277.99,275.0,277.99,467491.0
2026-03-20 15:55:00,277.94,278.74,275.66,276.17,1341929.0
2026-03-23 09:30:00,279.14,280.745,278.52,278.655,243651.0
2026-03-23 09:35:00,278.655,278.78,276.5,276.84,142004.0
2026-03-23 09:40:00,276.9381,277.5999,276.36,277.275,107201.0
2026-03-23 09:45:00,277.11,277.77,276.56,277.26,131637.0
2026-03-23 09:50:00,277.275,277.77,276.295,276.39,83555.0
2026-03-23 09:55:00,276.38,277.6999,276.0201,277.065,71531.0
2026-03-23 10:00:00,277.065,277.98,276.63,276.735,89650.0
2026-03-23 10:05:00,276.65,277.35,276.35,277.14,51800.0
2026-03-23 10:10:00,277.09,277.09,276.32,276.715,53763.0
2026-03-23 10:15:00,276.715,277.76,276.715,277.4,124421.0
2026-03-23 10:20:00,277.395,277.3999,276.52,276.69,65081.0
2026-03-23 10:25:00,276.665,277.07,276.22,276.48,101840.0
2026-03-23 10:30:00,276.45,276.7,276.31,276.67,47405.0
2026-03-23 10:35:00,276.67,276.92,276.25,276.81,51307.0
2026-03-23 10:40:00,276.85,277.25,276.74,276.84,67819.0
2026-03-23 10:45:00,276.84,277.23,276.6,276.87,59005.0
2026-03-23 10:50:00,276.875,277.08,276.55,276.67,36163.0
2026-03-23 10:55:00,276.675,277.01,276.52,276.52,44670.0
2026-03-23 11:00:00,276.52,277.11,276.51,276.77,51298.0
2026-03-23 11:05:00,276.8,277.2,276.44,276.524,53668.0
2026-03-23 11:10:00,276.4601,276.6469,276.18,276.22,48354.0
2026-03-23 11:15:00,276.22,276.4,275.52,275.66,82150.0
2026-03-23 11:20:00,275.63,276.15,275.5,275.98,57998.0
2026-03-23 11:25:00,275.95,276.08,274.18,274.37,136909.0
2026-03-23 11:30:00,274.37,274.95,274.22,274.615,109914.0
2026-03-23 11:35:00,274.68,274.74,273.73,273.93,117157.0
2026-03-23 11:40:00,273.95,274.19,273.6201,273.93,67198.0
2026-03-23 11:45:00,273.9375,273.94,273.12,273.26,82533.0
2026-03-23 11:50:00,273.22,273.2899,272.23,272.23,131678.0
2026-03-23 11:55:00,272.2,272.23,271.38,271.535,126250.0
2026-03-23 12:00:00,271.49,272.01,271.4805,271.55,117700.0
2026-03-23 12:05:00,271.58,271.8,270.4,270.41,192352.0
2026-03-23 12:10:00,270.4,270.93,269.85,269.99,311737.0
2026-03-23 12:15:00,269.99,270.41,269.41,269.715,202255.0
2026-03-23 12:20:00,269.734,270.05,269.42,269.5,122033.0
2026-03-23 12:25:00,269.51,269.76,269.2,269.55,115172.0
2026-03-23 12:30:00,269.515,270.4,269.3002,270.4,94801.0
2026-03-23 12:35:00,270.42,270.51,269.7,270.29,112716.0
2026-03-23 12:40:00,270.29,270.545,269.7,270.2326,101834.0
2026-03-23 12:45:00,270.2,270.45,269.0918,269.88,122884.0
2026-03-23 12:50:00,269.87,270.11,269.4801,269.59,135018.0
2026-03-23 12:55:00,269.62,269.9,269.54,269.65,59491.0
2026-03-23 13:00:00,269.685,270.33,269.62,270.28,186381.0
2026-03-23 13:05:00,270.28,270.41,270.04,270.06,104548.0
2026-03-23 13:10:00,270.08,270.55,269.9501,270.125,96725.0
2026-03-23 13:15:00,270.125,270.56,269.91,270.2,86055.0
2026-03-23 13:20:00,270.18,270.42,269.9,270.355,52790.0
2026-03-23 13:25:00,270.31,270.54,270.22,270.26,62015.0
2026-03-23 13:30:00,270.3,271.31,270.27,271.27,125316.0
2026-03-23 13:35:00,271.3,272.7,271.26,272.44,144821.0
2026-03-23 13:40:00,272.41,272.7499,272.06,272.28,101400.0
2026-03-23 13:45:00,272.29,272.33,271.5,271.75,71174.0
2026-03-23 13:50:00,271.71,271.7227,271.12,271.36,59997.0
2026-03-23 13:55:00,271.37,271.47,271.2,271.4551,46875.0
2026-03-23 14:00:00,271.455,271.63,271.19,271.4501,85234.0
2026-03-23 14:05:00,271.525,271.63,270.63,270.63,81738.0
2026-03-23 14:10:00,270.81,270.81,270.08,270.1,76119.0
2026-03-23 14:15:00,270.1,270.26,269.68,269.89,84205.0
2026-03-23 14:20:00,269.89,270.14,269.89,270.045,59697.0
2026-03-23 14:25:00,270.065,270.17,269.92,269.92,62037.0
2026-03-23 14:30:00,269.95,270.565,269.91,270.55,104453.0
2026-03-23 14:35:00,270.57,270.75,270.36,270.48,73066.0
2026-03-23 14:40:00,270.48,270.6699,270.27,270.45,62213.0
2026-03-23 14:45:00,270.45,270.88,270.31,270.82,67414.0
2026-03-23 14:50:00,270.82,271.24,270.72,271.02,63462.0
2026-03-23 14:55:00,271.01,271.14,270.65,270.8701,61474.0
2026-03-23 15:00:00,270.9,270.9399,270.24,270.79,160730.0
2026-03-23 15:05:00,270.79,270.9699,270.62,270.685,90854.0
2026-03-23 15:10:00,270.69,271.055,270.3,270.84,140822.0
2026-03-23 15:15:00,270.835,270.87,270.51,270.784,87443.0
2026-03-23 15:20:00,270.765,270.765,270.26,270.41,83555.0
2026-03-23 15:25:00,270.37,270.4175,269.82,269.825,152308.0
2026-03-23 15:30:00,269.81,270.07,269.73,269.89,111103.0
2026-03-23 15:35:00,269.91,270.0,269.51,269.61,175168.0
2026-03-23 15:40:00,269.6,270.29,269.44,270.21,171879.0
2026-03-23 15:45:00,270.23,271.08,269.98,270.205,256461.0
2026-03-23 15:50:00,270.205,270.59,269.54,269.745,417180.0
2026-03-23 15:55:00,269.69,270.15,269.26,269.48,653123.0
2026-03-24 09:30:00,268.87,269.7499,267.59,269.13,177883.0
2026-03-24 09:35:00,269.29,269.31,267.9,268.375,102079.0
2026-03-24 09:40:00,268.38,269.69,267.7501,269.3,68545.0
2026-03-24 09:45:00,269.3,270.15,269.16,269.59,79253.0
2026-03-24 09:50:00,269.59,270.07,269.3909,269.755,44616.0
2026-03-24 09:55:00,269.65,269.97,269.31,269.82,44973.0
2026-03-24 10:00:00,269.87,270.525,269.75,270.22,61893.0
2026-03-24 10:05:00,270.2799,270.6,269.61,270.52,46099.0
2026-03-24 10:10:00,270.64,270.72,270.01,270.55,94029.0
2026-03-24 10:15:00,270.37,270.4097,270.04,270.19,35542.0
2026-03-24 10:20:00,270.175,270.76,269.95,270.635,102027.0
2026-03-24 10:25:00,270.58,270.97,270.5,270.615,57230.0
2026-03-24 10:30:00,270.58,271.18,270.465,271.065,70846.0
2026-03-24 10:35:00,271.065,271.065,270.52,270.6101,59157.0
2026-03-24 10:40:00,270.6101,271.2583,270.59,271.23,50897.0
2026-03-24 10:45:00,271.23,271.5,270.83,270.8451,68846.0
2026-03-24 10:50:00,270.845,271.7629,270.12,270.4,103038.0
2026-03-24 10:55:00,270.4,271.47,270.27,271.34,57878.0
2026-03-24 11:00:00,271.39,272.14,271.35,271.99,317360.0
2026-03-24 11:05:00,271.86,272.12,271.3701,272.02,57587.0
2026-03-24 11:10:00,272.02,272.84,271.91,272.73,97988.0
2026-03-24 11:15:00,272.71,273.35,272.49,273.31,75550.0
2026-03-24 11:20:00,273.25,273.38,272.8409,273.03,51037.0
2026-03-24 11:25:00,273.015,273.03,272.39,272.6,39583.0
2026-03-24 11:30:00,272.595,272.68,271.91,272.075,35196.0
2026-03-24 11:35:00,272.07,272.75,271.98,272.37,29749.0
2026-03-24 11:40:00,272.38,272.88,272.34,272.67,75779.0
2026-03-24 11:45:00,272.58,272.75,272.51,272.71,38067.0
2026-03-24 11:50:00,272.71,273.045,272.5001,272.6,36181.0
2026-03-24 11:55:00,272.585,272.66,271.7901,272.04,36503.0
2026-03-24 12:00:00,272.01,272.59,271.94,272.245,29330.0
2026-03-24 12:05:00,272.1601,272.32,271.91,272.105,28762.0
2026-03-24 12:10:00,272.11,272.28,271.9844,272.215,20519.0
2026-03-24 12:15:00,272.23,272.5999,272.11,272.29,27499.0
2026-03-24 12:20:00,272.235,272.29,271.95,271.995,23308.0
2026-03-24 12:25:00,271.93,272.29,271.8101,272.2899,24261.0
2026-03-24 12:30:00,272.16,272.39,272.12,272.3,40879.0
2026-03-24 12:35:00,272.3,272.3,271.74,272.17,37510.0
2026-03-24 12:40:00,272.145,272.77,271.94,272.77,30421.0
2026-03-24 12:45:00,272.825,273.06,272.27,272.31,30845.0
2026-03-24 12:50:00,272.32,272.68,272.26,272.51,20307.0
2026-03-24 12:55:00,272.58,272.73,272.37,272.685,27043.0
2026-03-24 13:00:00,272.715,272.845,271.95,272.06,40855.0
2026-03-24 13:05:00,271.94,272.635,271.85,272.5,50669.0
2026-03-24 13:10:00,272.57,272.7,272.28,272.435,66855.0
2026-03-24 13:15:00,272.3501,272.53,271.8,272.31,51794.0
2026-03-24 13:20:00,272.275,272.45,271.87,272.18,120610.0
2026-03-24 13:25:00,272.23,272.7,272.15,272.455,37983.0
2026-03-24 13:30:00,272.455,272.86,271.82,272.63,53178.0
2026-03-24 13:35:00,272.61,272.7999,272.48,272.665,34227.0
2026-03-24 13:40:00,272.71,272.99,271.85,271.93,90644.0
2026-03-24 13:45:00,271.91,271.995,271.27,271.365,59680.0
2026-03-24 13:50:00,271.365,271.37,270.72,271.27,48314.0
2026-03-24 13:55:00,271.245,272.15,271.195,272.04,48860.0
2026-03-24 14:00:00,272.1,272.375,271.9364,272.285,60311.0
2026-03-24 14:05:00,272.241,272.4,271.83,271.8342,47336.0
2026-03-24 14:10:00,271.9,272.0699,271.4201,271.56,37217.0
2026-03-24 14:15:00,271.565,271.57,270.68,271.04,66353.0
2026-03-24 14:20:00,271.1,271.16,270.71,270.91,32214.0
2026-03-24 14:25:00,270.94,271.1,270.62,271.055,40574.0
2026-03-24 14:30:00,271.055,271.61,270.9816,271.5151,44924.0
2026-03-24 14:35:00,271.52,272.13,271.43,272.11,34109.0
2026-03-24 14:40:00,272.1,272.1,271.2,271.49,59403.0
2026-03-24 14:45:00,271.515,271.89,271.32,271.76,34426.0
2026-03-24 14:50:00,271.76,272.13,271.62,272.1,46363.0
2026-03-24 14:55:00,272.045,272.255,271.87,272.23,39712.0
2026-03-24 15:00:00,272.2,272.43,271.98,272.24,52570.0
2026-03-24 15:05:00,272.24,272.36,271.92,272.09,29307.0
2026-03-24 15:10:00,272.09,272.47,271.995,271.995,61549.0
2026-03-24 15:15:00,271.98,272.06,271.82,271.96,44285.0
2026-03-24 15:20:00,271.9601,272.51,271.9601,272.42,56341.0
2026-03-24 15:25:00,272.425,272.54,272.13,272.17,31779.0
2026-03-24 15:30:00,272.1653,272.45,271.7906,271.7906,56775.0
2026-03-24 15:35:00,271.7916,271.9199,271.32,271.59,60269.0
2026-03-24 15:40:00,271.59,271.6499,271.36,271.42,55457.0
2026-03-24 15:45:00,271.42,271.63,271.2,271.51,66964.0
2026-03-24 15:50:00,271.57,271.96,271.28,271.865,218644.0
2026-03-24 15:55:00,271.86,272.445,271.59,272.29,335261.0
2026-03-25 09:30:00,275.0,276.08,273.78,273.865,235432.0
2026-03-25 09:35:00,273.75,273.75,272.56,273.035,141991.0
2026-03-25 09:40:00,273.035,273.28,271.48,271.525,116562.0
2026-03-25 09:45:00,271.57,271.9099,270.93,271.29,107898.0
2026-03-25 09:50:00,271.34,271.47,270.58,270.875,115938.0
2026-03-25 09:55:00,270.875,271.49,270.42,270.48,92835.0
2026-03-25 10:00:00,270.54,270.85,269.72,270.37,102636.0
2026-03-25 10:05:00,270.36,270.45,269.15,269.68,98292.0
2026-03-25 10:10:00,269.645,270.51,269.645,270.51,80793.0
2026-03-25 10:15:00,270.46,270.63,269.53,269.65,87810.0
2026-03-25 10:20:00,269.7,269.98,269.28,269.4,80393.0
2026-03-25 10:25:00,269.43,270.04,269.28,269.875,81602.0
2026-03-25 10:30:00,269.83,269.8899,269.24,269.665,78296.0
2026-03-25 10:35:00,269.6,269.64,268.8614,268.95,85404.0
2026-03-25 10:40:00,268.95,269.35,268.73,268.73,101819.0
2026-03-25 10:45:00,268.73,269.09,268.57,268.795,116956.0
2026-03-25 10:50:00,268.81,269.065,268.65,268.93,55899.0
2026-03-25 10:55:00,268.93,269.3,268.92,269.07,72450.0
2026-03-25 11:00:00,269.105,269.25,269.01,269.1,62903.0
2026-03-25 11:05:00,269.1299,269.18,268.28,268.3,146783.0
2026-03-25 11:10:00,268.28,268.4699,267.2,267.41,362128.0
2026-03-25 11:15:00,267.38,267.59,267.1141,267.45,133675.0
2026-03-25 11:20:00,267.5,268.69,267.43,268.49,69653.0
2026-03-25 11:25:00,268.48,269.09,268.2101,269.09,102163.0
2026-03-25 11:30:00,269.07,269.415,268.93,269.11,68061.0
2026-03-25 11:35:00,269.15,269.29,268.94,269.15,53321.0
2026-03-25 11:40:00,269.15,269.36,268.8,269.245,52215.0
2026-03-25 11:45:00,269.2,269.4,269.06,269.26,39683.0
2026-03-25 11:50:00,269.3,269.39,268.8201,268.93,43929.0
2026-03-25 11:55:00,269.03,269.23,268.8,268.8,36239.0
2026-03-25 12:00:00,268.8,269.14,268.52,268.825,35893.0
2026-03-25 12:05:00,268.805,268.84,268.58,268.675,38274.0
2026-03-25 12:10:00,268.65,268.66,268.2,268.45,45374.0
2026-03-25 12:15:00,268.4,268.9686,268.24,268.925,144446.0
2026-03-25 12:20:00,268.92,269.36,268.88,269.36,809558.0
2026-03-25 12:25:00,269.375,269.62,268.74,268.86,91258.0
2026-03-25 12:30:00,268.86,269.33,268.64,268.78,85528.0
2026-03-25 12:35:00,268.795,269.01,268.71,268.835,48267.0
2026-03-25 12:40:00,268.86,269.05,268.81,268.94,30488.0
2026-03-25 12:45:00,268.92,269.14,268.68,268.815,30686.0
2026-03-25 12:50:00,268.815,268.9276,268.4,268.87,37596.0
2026-03-25 12:55:00,268.86,268.9,268.4,268.615,62525.0
2026-03-25 13:00:00,268.615,268.8,268.51,268.68,36789.0
2026-03-25 13:05:00,268.72,269.2,268.72,268.955,51840.0
2026-03-25 13:10:00,268.91,269.19,268.87,269.18,58750.0
2026-03-25 13:15:00,269.15,269.35,269.07,269.32,58671.0
2026-03-25 13:20:00,269.33,269.47,269.22,269.4,41357.0
2026-03-25 13:25:00,269.42,269.8,269.42,269.74,31500.0
2026-03-25 13:30:00,269.75,270.15,269.65,269.8,70407.0
2026-03-25 13:35:00,269.81,269.97,269.3,269.43,82104.0
2026-03-25 13:40:00,269.43,269.7499,269.2212,269.66,58083.0
2026-03-25 13:45:00,269.71,269.73,269.265,269.305,40481.0
2026-03-25 13:50:00,269.26,269.4,268.9,268.97,35938.0
2026-03-25 13:55:00,268.9501,269.36,268.87,269.18,41262.0
2026-03-25 14:00:00,269.11,269.395,269.0,269.365,31713.0
2026-03-25 14:05:00,269.35,269.7279,269.29,269.5,36307.0
2026-03-25 14:10:00,269.495,269.56,269.36,269.52,31138.0
2026-03-25 14:15:00,269.515,269.65,269.06,269.071,77423.0
2026-03-25 14:20:00,269.1,269.28,269.02,269.22,61116.0
2026-03-25 14:25:00,269.22,269.36,269.12,269.28,38807.0
2026-03-25 14:30:00,269.29,269.47,269.14,269.3211,41848.0
2026-03-25 14:35:00,269.365,269.63,269.23,269.54,31011.0
2026-03-25 14:40:00,269.54,269.73,269.445,269.445,41621.0
2026-03-25 14:45:00,269.44,269.65,269.4,269.55,42894.0
2026-03-25 14:50:00,269.54,269.69,269.41,269.46,289002.0
2026-03-25 14:55:00,269.49,269.68,269.18,269.61,58974.0
2026-03-25 15:00:00,269.595,270.15,269.31,270.035,62614.0
2026-03-25 15:05:00,270.005,270.15,269.65,269.855,48144.0
2026-03-25 15:10:00,269.855,270.05,269.75,269.83,35993.0
2026-03-25 15:15:00,269.83,270.24,269.77,270.15,63288.0
2026-03-25 15:20:00,270.16,270.48,270.09,270.43,85145.0
2026-03-25 15:25:00,270.47,270.48,270.19,270.26,47386.0
2026-03-25 15:30:00,270.19,270.24,269.85,269.94,50892.0
2026-03-25 15:35:00,269.92,269.97,269.67,269.91,48432.0
2026-03-25 15:40:00,269.89,270.1399,269.8,269.93,78622.0
2026-03-25 15:45:00,269.9,270.09,269.73,269.83,84522.0
2026-03-25 15:50:00,269.85,270.36,269.78,270.35,137360.0
2026-03-25 15:55:00,270.35,270.89,270.26,270.55,382239.0
2026-03-26 09:30:00,269.99,270.89,269.02,269.76,169947.0
2026-03-26 09:35:00,269.77,271.65,269.53,271.36,147820.0
2026-03-26 09:40:00,271.39,272.61,271.0,272.54,150782.0
2026-03-26 09:45:00,272.4725,273.69,272.4725,273.38,137603.0
2026-03-26 09:50:00,273.38,274.59,273.38,273.8816,167526.0
2026-03-26 09:55:00,274.04,274.64,273.62,274.48,102197.0
2026-03-26 10:00:00,274.51,274.63,274.07,274.25,138443.0
2026-03-26 10:05:00,274.39,274.5,273.36,273.855,120328.0
2026-03-26 10:10:00,273.88,273.925,273.2,273.505,67342.0
2026-03-26 10:15:00,273.49,273.52,272.89,273.09,48915.0
2026-03-26 10:20:00,273.1,273.3399,272.9101,273.17,38425.0
2026-03-26 10:25:00,273.13,273.18,272.88,273.105,39525.0
2026-03-26 10:30:00,273.11,273.35,273.0,273.2,35665.0
2026-03-26 10:35:00,273.235,273.235,272.6501,272.71,29332.0
2026-03-26 10:40:00,272.71,273.04,272.105,272.48,54120.0
2026-03-26 10:45:00,272.46,272.57,272.05,272.395,51694.0
2026-03-26 10:50:00,272.4,272.665,272.22,272.315,39071.0
2026-03-26 10:55:00,272.26,272.72,272.15,272.545,69456.0
2026-03-26 11:00:00,272.545,272.6486,272.1019,272.2,25819.0
2026-03-26 11:05:00,272.2,272.4,271.8,271.84,34262.0
2026-03-26 11:10:00,271.894,272.1,271.605,271.905,50634.0
2026-03-26 11:15:00,271.91,272.0,271.62,271.9,37059.0
2026-03-26 11:20:00,271.91,271.94,271.68,271.845,39419.0
2026-03-26 11:25:00,271.86,271.99,271.74,271.75,39046.0
2026-03-26 11:30:00,271.75,271.78,271.12,271.475,32439.0
2026-03-26 11:35:00,271.475,271.9,271.41,271.7401,25942.0
2026-03-26 11:40:00,271.81,271.8225,271.23,271.36,41913.0
2026-03-26 11:45:00,271.37,271.6,271.22,271.46,63971.0
2026-03-26 11:50:00,271.425,271.65,271.21,271.51,39685.0
2026-03-26 11:55:00,271.51,271.64,271.36,271.48,22591.0
2026-03-26 12:00:00,271.455,271.64,271.18,271.33,40198.0
2026-03-26 12:05:00,271.27,271.49,271.04,271.2201,25020.0
2026-03-26 12:10:00,271.37,271.38,271.03,271.13,27779.0
2026-03-26 12:15:00,271.13,271.1999,270.41,270.85,33929.0
2026-03-26 12:20:00,270.992,271.0,270.1513,270.355,29629.0
2026-03-26 12:25:00,270.36,270.4408,269.96,270.035,66833.0
2026-03-26 12:30:00,269.9701,270.08,269.61,269.78,52800.0
2026-03-26 12:35:00,269.86,269.96,269.45,269.47,34571.0
2026-03-26 12:40:00,269.45,269.95,269.41,269.87,39963.0
2026-03-26 12:45:00,269.87,270.18,269.87,270.02,47980.0
2026-03-26 12:50:00,270.01,270.05,269.7,269.765,48815.0
2026-03-26 12:55:00,269.76,269.99,269.66,269.79,33283.0
2026-03-26 13:00:00,269.79,270.0295,269.66,269.69,48134.0
2026-03-26 13:05:00,269.685,269.78,269.47,269.54,38758.0
2026-03-26 13:10:00,269.58,269.595,269.0,269.0,79378.0
2026-03-26 13:15:00,269.05,269.17,268.9,269.11,50496.0
2026-03-26 13:20:00,269.11,269.81,269.0,269.35,82965.0
2026-03-26 13:25:00,269.4,269.895,269.39,269.61,29945.0
2026-03-26 13:30:00,269.68,269.75,269.28,269.375,31721.0
2026-03-26 13:35:00,269.2901,269.55,269.18,269.34,20701.0
2026-03-26 13:40:00,269.3401,269.3401,268.86,268.86,30862.0
2026-03-26 13:45:00,268.92,269.09,268.77,268.82,32498.0
2026-03-26 13:50:00,268.81,269.0,268.26,268.3375,60668.0
2026-03-26 13:55:00,268.3351,268.4,268.04,268.23,62174.0
2026-03-26 14:00:00,268.2,268.47,268.04,268.28,43631.0
2026-03-26 14:05:00,268.34,268.64,268.28,268.44,37544.0
2026-03-26 14:10:00,268.41,268.415,267.84,268.25,109890.0
2026-03-26 14:15:00,268.28,268.41,268.14,268.25,29368.0
2026-03-26 14:20:00,268.19,268.2699,267.91,268.195,38004.0
2026-03-26 14:25:00,268.225,268.29,267.66,267.79,50802.0
2026-03-26 14:30:00,267.84,267.93,267.56,267.782,210928.0
2026-03-26 14:35:00,267.81,268.09,267.73,268.07,41592.0
2026-03-26 14:40:00,268.06,268.14,267.81,267.885,50399.0
2026-03-26 14:45:00,267.94,267.94,267.63,267.79,44558.0
2026-03-26 14:50:00,267.78,268.22,267.63,267.84,64526.0
2026-03-26 14:55:00,267.85,267.97,267.69,267.95,37052.0
2026-03-26 15:00:00,267.885,268.31,267.81,267.97,60462.0
2026-03-26 15:05:00,268.02,268.15,267.93,268.06,43806.0
2026-03-26 15:10:00,268.0,268.06,267.44,267.61,68393.0
2026-03-26 15:15:00,267.58,267.77,267.42,267.7,52101.0
2026-03-26 15:20:00,267.77,267.95,267.69,267.77,40241.0
2026-03-26 15:25:00,267.74,267.955,267.6,267.72,46928.0
2026-03-26 15:30:00,267.69,267.9,267.53,267.785,51470.0
2026-03-26 15:35:00,267.76,267.89,267.51,267.51,51254.0
2026-03-26 15:40:00,267.56,267.69,267.5,267.605,57650.0
2026-03-26 15:45:00,267.63,267.97,267.54,267.79,82989.0
2026-03-26 15:50:00,267.77,267.85,267.43,267.78,110129.0
2026-03-26 15:55:00,267.76,268.15,267.18,267.71,648702.0
2026-03-27 09:30:00,267.5,267.674,265.67,267.24,160986.0
2026-03-27 09:35:00,267.2,267.3935,265.88,265.92,76349.0
2026-03-27 09:40:00,265.915,267.22,265.3724,266.46,97242.0
2026-03-27 09:45:00,266.45,266.8379,266.02,266.1,91565.0
2026-03-27 09:50:00,266.1,266.4499,265.84,265.94,88467.0
2026-03-27 09:55:00,265.96,265.97,265.29,265.5302,86847.0
2026-03-27 10:00:00,265.51,265.9,264.7,265.04,208265.0
2026-03-27 10:05:00,265.05,265.11,263.8,264.18,142528.0
2026-03-27 10:10:00,264.18,264.56,264.0501,264.52,68488.0
2026-03-27 10:15:00,264.52,265.22,264.38,264.81,69388.0
2026-03-27 10:20:00,264.815,265.105,263.9,263.91,88029.0
2026-03-27 10:25:00,263.9,264.49,262.62,262.645,151131.0
2026-03-27 10:30:00,262.59,263.19,262.46,262.7,100173.0
2026-03-27 10:35:00,262.69,262.93,261.75,261.82,127534.0
2026-03-27 10:40:00,261.8,262.84,261.55,262.8,140435.0
2026-03-27 10:45:00,262.85,263.57,262.67,263.385,79765.0
2026-03-27 10:50:00,263.375,263.69,263.0485,263.065,104045.0
2026-03-27 10:55:00,263.1,263.45,263.04,263.05,42643.0
2026-03-27 11:00:00,263.085,263.4,262.95,263.155,55774.0
2026-03-27 11:05:00,263.155,263.22,261.68,261.83,133110.0
2026-03-27 11:10:00,261.82,261.93,261.48,261.89,56729.0
2026-03-27 11:15:00,261.88,261.98,260.5,260.6738,95506.0
2026-03-27 11:20:00,260.6,261.5,260.41,260.84,131821.0
2026-03-27 11:25:00,260.89,261.0,260.49,260.66,92920.0
2026-03-27 11:30:00,260.6,261.4599,260.56,260.98,79115.0
2026-03-27 11:35:00,261.0,261.33,260.51,260.6,87293.0
2026-03-27 11:40:00,260.52,260.67,260.28,260.43,103680.0
2026-03-27 11:45:00,260.39,260.55,260.02,260.24,77629.0
2026-03-27 11:50:00,260.19,260.4,259.6,259.76,106580.0
2026-03-27 11:55:00,259.76,259.82,259.12,259.515,93104.0
2026-03-27 12:00:00,259.52,259.75,259.28,259.3,77480.0
2026-03-27 12:05:00,259.26,259.34,258.13,258.17,140083.0
2026-03-27 12:10:00,258.17,258.26,257.59,257.735,230259.0
2026-03-27 12:15:00,257.735,258.08,257.5,257.57,122468.0
2026-03-27 12:20:00,257.6,257.98,257.39,257.65,128192.0
2026-03-27 12:25:00,257.65,257.745,257.15,257.4575,130189.0
2026-03-27 12:30:00,257.49,257.64,257.05,257.0569,91962.0
2026-03-27 12:35:00,257.07,257.59,257.06,257.39,78983.0
2026-03-27 12:40:00,257.39,257.39,256.67,256.86,131740.0
2026-03-27 12:45:00,256.86,257.16,255.965,257.06,136993.0
2026-03-27 12:50:00,257.1,258.12,256.8301,258.055,136229.0
2026-03-27 12:55:00,258.07,258.6,257.47,257.93,185662.0
2026-03-27 13:00:00,257.94,258.23,257.65,257.9,86390.0
2026-03-27 13:05:00,257.905,258.11,257.29,257.54,88925.0
2026-03-27 13:10:00,257.55,257.83,257.16,257.73,75333.0
2026-03-27 13:15:00,257.73,257.94,257.42,257.51,110744.0
2026-03-27 13:20:00,257.5,257.5502,256.88,257.2788,68138.0
2026-03-27 13:25:00,257.26,257.39,256.81,256.81,65086.0
2026-03-27 13:30:00,256.84,257.99,256.84,257.945,52286.0
2026-03-27 13:35:00,257.93,258.21,257.53,258.02,89801.0
2026-03-27 13:40:00,258.02,258.1399,257.61,257.9001,75423.0
2026-03-27 13:45:00,257.92,258.15,257.15,257.15,62360.0
2026-03-27 13:50:00,257.2,257.3879,256.86,257.23,129558.0
2026-03-27 13:55:00,257.18,257.49,257.04,257.1775,61794.0
2026-03-27 14:00:00,257.177,257.24,256.52,256.56,100614.0
2026-03-27 14:05:00,256.54,256.665,256.05,256.18,113751.0
2026-03-27 14:10:00,256.2,256.84,256.18,256.7,79865.0
2026-03-27 14:15:00,256.7,257.88,256.67,257.8,69382.0
2026-03-27 14:20:00,257.92,258.11,257.58,257.8,107968.0
2026-03-27 14:25:00,257.85,258.11,257.69,258.0,62067.0
2026-03-27 14:30:00,258.0,258.26,257.88,258.09,59738.0
2026-03-27 14:35:00,258.11,259.38,257.96,259.31,191496.0
2026-03-27 14:40:00,259.31,260.17,259.26,259.895,286915.0
2026-03-27 14:45:00,259.93,259.95,259.2,259.67,88278.0
2026-03-27 14:50:00,259.655,259.95,259.12,259.31,173138.0
2026-03-27 14:55:00,259.31,259.67,258.61,258.715,116197.0
2026-03-27 15:00:00,258.72,258.72,257.83,258.14,84421.0
2026-03-27 15:05:00,258.14,258.22,257.76,257.93,73158.0
2026-03-27 15:10:00,257.98,258.25,257.89,257.94,84049.0
2026-03-27 15:15:00,257.89,258.43,257.29,258.075,197130.0
2026-03-27 15:20:00,258.075,258.77,257.89,258.55,181103.0
2026-03-27 15:25:00,258.54,258.58,257.77,258.1,82364.0
2026-03-27 15:30:00,258.06,258.12,257.65,257.67,87345.0
2026-03-27 15:35:00,257.65,257.67,257.03,257.05,130217.0
2026-03-27 15:40:00,257.08,257.23,256.83,256.945,143900.0
2026-03-27 15:45:00,256.945,256.98,256.13,256.78,246017.0
2026-03-27 15:50:00,256.78,257.62,256.73,257.605,303925.0
2026-03-27 15:55:00,257.605,259.23,257.51,258.89,672480.0
2026-03-30 09:30:00,260.18,260.7,259.526,259.67,206750.0
2026-03-30 09:35:00,259.62,259.92,258.79,259.85,68729.0
2026-03-30 09:40:00,259.865,260.445,258.14,258.185,157454.0
2026-03-30 09:45:00,258.17,258.6345,256.79,256.885,154434.0
2026-03-30 09:50:00,256.86,258.32,256.67,257.8,219426.0
2026-03-30 09:55:00,257.84,258.33,257.055,257.1,126396.0
2026-03-30 10:00:00,257.08,258.45,257.0,258.16,114349.0
2026-03-30 10:05:00,258.26,258.48,257.53,257.66,49893.0
2026-03-30 10:10:00,257.74,258.15,257.5,257.55,97004.0
2026-03-30 10:15:00,257.58,257.72,257.09,257.605,62948.0
2026-03-30 10:20:00,257.64,258.855,257.54,258.59,99988.0
2026-03-30 10:25:00,258.5401,259.335,258.04,259.175,66296.0
2026-03-30 10:30:00,259.175,260.0,259.0536,259.65,77391.0
2026-03-30 10:35:00,259.61,259.655,258.84,259.085,73462.0
2026-03-30 10:40:00,259.02,259.15,258.47,259.0,129498.0
2026-03-30 10:45:00,259.035,259.81,258.78,258.92,112703.0
2026-03-30 10:50:00,259.02,259.2,258.475,258.76,38822.0
2026-03-30 10:55:00,258.79,259.76,258.695,259.36,77371.0
2026-03-30 11:00:00,259.37,259.83,259.17,259.765,129098.0
2026-03-30 11:05:00,259.765,259.95,258.91,259.93,62466.0
2026-03-30 11:10:00,259.86,260.4694,259.58,260.17,108949.0
2026-03-30 11:15:00,260.14,260.4,259.64,260.25,98115.0
2026-03-30 11:20:00,260.25,260.38,259.61,259.92,70632.0
2026-03-30 11:25:00,259.937,260.0,259.11,259.32,54187.0
2026-03-30 11:30:00,259.35,259.71,258.8101,258.95,83415.0
2026-03-30 11:35:00,259.04,259.95,258.9,259.67,67641.0
2026-03-30 11:40:00,259.64,260.15,259.48,259.9,51916.0
2026-03-30 11:45:00,259.9,259.95,259.46,259.835,39913.0
2026-03-30 11:50:00,259.76,260.34,259.68,259.95,35466.0
2026-03-30 11:55:00,259.95,260.04,259.39,259.5,39339.0
2026-03-30 12:00:00,259.45,259.56,259.34,259.495,43915.0
2026-03-30 12:05:00,259.495,259.65,259.31,259.565,44465.0
2026-03-30 12:10:00,259.565,260.23,259.565,260.16,52810.0
2026-03-30 12:15:00,260.21,260.5,260.18,260.36,48977.0
2026-03-30 12:20:00,260.41,260.95,260.18,260.95,34190.0
2026-03-30 12:25:00,260.89,261.48,260.85,261.095,82449.0
2026-03-30 12:30:00,261.095,261.164,260.84,261.06,43167.0
2026-03-30 12:35:00,261.11,261.3,260.64,260.81,44157.0
2026-03-30 12:40:00,260.775,260.84,260.07,260.65,56245.0
2026-03-30 12:45:00,260.595,260.5951,259.63,260.33,91872.0
2026-03-30 12:50:00,260.32,260.32,259.7538,259.7538,41979.0
2026-03-30 12:55:00,259.765,259.95,259.5685,259.95,48347.0
2026-03-30 13:00:00,260.0,260.49,259.975,260.23,38807.0
2026-03-30 13:05:00,260.21,260.92,260.175,260.445,50454.0
2026-03-30 13:10:00,260.44,260.5899,260.29,260.43,36857.0
2026-03-30 13:15:00,260.45,260.54,260.19,260.24,40566.0
2026-03-30 13:20:00,260.23,260.4899,259.8195,260.27,52064.0
2026-03-30 13:25:00,260.305,260.51,260.22,260.375,35251.0
2026-03-30 13:30:00,260.4,260.5,259.61,259.895,92289.0
2026-03-30 13:35:00,259.895,260.44,259.56,260.39,46776.0
2026-03-30 13:40:00,260.39,260.5999,260.3097,260.57,40950.0
2026-03-30 13:45:00,260.57,260.72,260.03,260.135,91641.0
2026-03-30 13:50:00,260.1325,260.14,259.55,259.775,58154.0
2026-03-30 13:55:00,259.81,260.09,259.73,260.01,29329.0
2026-03-30 14:00:00,260.1,260.5699,260.04,260.395,48411.0
2026-03-30 14:05:00,260.47,260.84,260.41,260.78,54955.0
2026-03-30 14:10:00,260.77,261.32,260.59,260.59,71034.0
2026-03-30 14:15:00,260.63,260.98,260.44,260.95,40013.0
2026-03-30 14:20:00,260.9449,261.35,260.87,260.9,48981.0
2026-03-30 14:25:00,260.8901,261.08,260.71,260.71,38767.0
2026-03-30 14:30:00,260.74,261.125,260.71,261.045,39312.0
2026-03-30 14:35:00,261.06,261.445,260.96,261.2,53769.0
2026-03-30 14:40:00,261.17,261.33,260.82,261.2999,58401.0
2026-03-30 14:45:00,261.24,261.47,261.13,261.3,52277.0
2026-03-30 14:50:00,261.39,261.66,261.27,261.57,55739.0
2026-03-30 14:55:00,261.57,261.84,261.39,261.795,64602.0
2026-03-30 15:00:00,261.8399,261.95,261.53,261.695,64659.0
2026-03-30 15:05:00,261.67,261.81,260.81,260.9,69213.0
2026-03-30 15:10:00,260.9,260.94,260.33,260.35,67916.0
2026-03-30 15:15:00,260.37,260.61,260.03,260.05,142361.0
2026-03-30 15:20:00,260.03,260.3516,259.81,259.91,92245.0
2026-03-30 15:25:00,259.915,260.1568,259.77,259.85,121753.0
2026-03-30 15:30:00,259.91,260.45,259.85,260.23,76322.0
2026-03-30 15:35:00,260.2325,260.91,260.11,260.905,78471.0
2026-03-30 15:40:00,260.8601,261.415,260.76,261.14,89127.0
2026-03-30 15:45:00,261.12,261.85,261.09,261.405,134226.0
2026-03-30 15:50:00,261.41,261.92,261.21,261.9,167030.0
2026-03-30 15:55:00,261.92,262.33,261.57,261.85,436656.0
2026-03-31 09:30:00,263.0,264.7,262.61,264.08,264605.0
2026-03-31 09:35:00,263.965,264.74,263.16,264.74,89009.0
2026-03-31 09:40:00,264.75,265.5,264.07,264.33,101887.0
2026-03-31 09:45:00,264.34,265.97,264.08,265.8,90727.0
2026-03-31 09:50:00,265.78,266.37,265.28,265.67,98411.0
2026-03-31 09:55:00,265.57,266.22,264.96,265.99,87273.0
2026-03-31 10:00:00,265.86,266.44,265.64,265.965,64363.0
2026-03-31 10:05:00,266.0,266.1027,265.49,265.53,57403.0
2026-03-31 10:10:00,265.5,265.73,265.01,265.155,89687.0
2026-03-31 10:15:00,265.23,265.92,264.5,265.62,70674.0
2026-03-31 10:20:00,265.58,266.74,265.39,266.73,42289.0
2026-03-31 10:25:00,266.61,266.8,266.39,266.72,38481.0
2026-03-31 10:30:00,266.69,266.95,266.37,266.7,56186.0
2026-03-31 10:35:00,266.61,266.745,266.19,266.5101,45816.0
2026-03-31 10:40:00,266.625,267.25,266.3,266.5,56762.0
2026-03-31 10:45:00,266.45,266.78,266.06,266.09,43762.0
2026-03-31 10:50:00,266.09,266.3,265.61,265.76,50305.0
2026-03-31 10:55:00,265.77,266.2,265.64,265.97,1442566.0
2026-03-31 11:00:00,265.98,267.01,265.87,266.795,43567.0
2026-03-31 11:05:00,266.805,267.39,266.7001,266.995,40952.0
2026-03-31 11:10:00,266.985,267.3336,266.92,267.32,45580.0
2026-03-31 11:15:00,267.31,267.73,267.11,267.41,203085.0
2026-03-31 11:20:00,267.41,267.67,266.95,267.49,40608.0
2026-03-31 11:25:00,267.49,267.61,266.72,266.77,38923.0
2026-03-31 11:30:00,266.72,267.3,266.4401,267.225,36322.0
2026-03-31 11:35:00,267.31,267.98,267.31,267.715,32759.0
2026-03-31 11:40:00,267.85,268.1,267.5,268.015,54065.0
2026-03-31 11:45:00,267.99,268.11,267.7646,267.8901,44326.0
2026-03-31 11:50:00,267.86,268.37,267.82,268.0,38221.0
2026-03-31 11:55:00,268.02,268.0251,267.62,267.74,45989.0
2026-03-31 12:00:00,267.72,268.3889,267.6401,268.16,33276.0
2026-03-31 12:05:00,268.165,268.3,268.0301,268.14,36176.0
2026-03-31 12:10:00,268.125,268.59,268.05,268.49,31542.0
2026-03-31 12:15:00,268.475,268.7685,268.115,268.225,38915.0
2026-03-31 12:20:00,268.23,268.78,268.11,268.66,53907.0
2026-03-31 12:25:00,268.7,268.97,268.58,268.895,29662.0
2026-03-31 12:30:00,268.82,268.8789,268.34,268.85,31942.0
2026-03-31 12:35:00,268.91,270.42,268.72,270.42,68752.0
2026-03-31 12:40:00,270.37,271.88,270.06,270.18,144348.0
2026-03-31 12:45:00,270.06,270.115,269.29,269.685,69913.0
2026-03-31 12:50:00,269.5501,270.3,269.48,269.59,51279.0
2026-03-31 12:55:00,269.61,269.76,269.33,269.72,44685.0
2026-03-31 13:00:00,269.68,270.19,269.57,270.08,64030.0
2026-03-31 13:05:00,270.06,270.29,269.65,269.81,46241.0
2026-03-31 13:10:00,269.845,270.5,269.68,270.47,43366.0
2026-03-31 13:15:00,270.45,270.94,270.45,270.84,35079.0
2026-03-31 13:20:00,270.91,270.91,270.31,270.31,39808.0
2026-03-31 13:25:00,270.34,270.37,269.4201,269.515,51407.0
2026-03-31 13:30:00,269.49,269.74,269.24,269.67,34469.0
2026-03-31 13:35:00,269.72,270.0,269.0717,269.4,37388.0
2026-03-31 13:40:00,269.35,269.62,269.1,269.26,24443.0
2026-03-31 13:45:00,269.285,269.63,269.24,269.33,28439.0
2026-03-31 13:50:00,269.365,269.715,269.0,269.715,30296.0
2026-03-31 13:55:00,269.67,269.7699,269.3801,269.61,61767.0
2026-03-31 14:00:00,269.61,269.94,269.61,269.78,32684.0
2026-03-31 14:05:00,269.76,270.2,269.74,270.16,28917.0
2026-03-31 14:10:00,270.14,270.28,269.74,270.12,28838.0
2026-03-31 14:15:00,270.13,270.53,270.06,270.5,31424.0
2026-03-31 14:20:00,270.49,270.6,270.22,270.265,28746.0
2026-03-31 14:25:00,270.265,270.66,270.16,270.375,31194.0
2026-03-31 14:30:00,270.34,270.49,270.065,270.49,32449.0
2026-03-31 14:35:00,270.43,270.9,270.4,270.85,34006.0
2026-03-31 14:40:00,270.9,271.065,270.375,270.53,58475.0
2026-03-31 14:45:00,270.5264,270.78,270.165,270.355,60749.0
2026-03-31 14:50:00,270.39,270.85,270.3,270.56,36672.0
2026-03-31 14:55:00,270.6,270.95,270.6,270.735,57306.0
2026-03-31 15:00:00,270.7208,270.96,270.43,270.47,53346.0
2026-03-31 15:05:00,270.49,270.5299,270.22,270.42,58070.0
2026-03-31 15:10:00,270.39,270.85,270.3801,270.615,55626.0
2026-03-31 15:15:00,270.6401,270.92,270.43,270.435,73187.0
2026-03-31 15:20:00,270.45,270.64,270.0201,270.03,84943.0
2026-03-31 15:25:00,270.03,270.38,269.81,270.255,85658.0
2026-03-31 15:30:00,270.27,270.51,270.07,270.305,92238.0
2026-03-31 15:35:00,270.2903,270.51,270.08,270.19,85897.0
2026-03-31 15:40:00,270.19,270.315,269.67,270.04,121475.0
2026-03-31 15:45:00,270.01,270.845,269.99,270.46,188262.0
2026-03-31 15:50:00,270.505,270.6,270.08,270.16,157583.0
2026-03-31 15:55:00,270.12,270.6,270.04,270.58,389789.0
