datetime,open,high,low,close,volume
2026-04-01 09:30:00,304.4251,304.4251,299.7947,300.603,284504.0
2026-04-01 09:35:00,300.4533,300.6728,296.9704,297.1201,147824.0
2026-04-01 09:40:00,297.1639,297.689,295.4699,295.7679,230931.0
2026-04-01 09:45:00,295.8627,296.0124,293.288,293.7221,302525.0
2026-04-01 09:50:00,293.7071,294.8149,293.3978,294.6752,227513.0
2026-04-01 09:55:00,294.6801,295.3937,293.4377,294.6851,152870.0
2026-04-01 10:00:00,294.7051,295.8378,294.3259,295.234,146113.0
2026-04-01 10:05:00,295.239,296.6511,295.2041,295.9076,128343.0
2026-04-01 10:10:00,295.9076,297.422,295.6631,296.7609,174437.0
2026-04-01 10:15:00,296.7609,298.0981,296.4715,298.0981,121845.0
2026-04-01 10:20:00,298.0782,298.2477,296.9505,297.8886,90400.0
2026-04-01 10:25:00,297.7888,298.0183,297.3896,297.3896,55623.0
2026-04-01 10:30:00,297.5592,297.9584,297.2771,297.6441,43427.0
2026-04-01 10:35:00,297.7588,298.7268,297.1002,298.4574,71717.0
2026-04-01 10:40:00,298.3277,298.637,297.8474,298.5023,37358.0
2026-04-01 10:45:00,298.5273,299.125,298.2877,298.627,72852.0
2026-04-01 10:50:00,298.627,299.156,298.5771,298.8616,108436.0
2026-04-01 10:55:00,298.8616,299.3855,298.647,298.7768,89986.0
2026-04-01 11:00:00,298.6571,298.9263,298.0882,298.3477,63621.0
2026-04-01 11:05:00,298.4374,299.1959,298.3077,299.1061,41854.0
2026-04-01 11:10:00,299.1061,299.4254,298.8765,299.1061,63919.0
2026-04-01 11:15:00,299.1299,299.3556,298.9464,299.2108,38644.0
2026-04-01 11:20:00,299.2108,299.4354,298.9464,298.9863,53882.0
2026-04-01 11:25:00,299.0113,299.1061,298.5273,298.9813,70019.0
2026-04-01 11:30:00,298.9065,298.9464,298.6021,298.8017,27831.0
2026-04-01 11:35:00,298.8017,298.9963,298.3177,298.5273,78782.0
2026-04-01 11:40:00,298.5273,298.9563,298.2578,298.8316,93541.0
2026-04-01 11:45:00,298.8316,299.0861,298.5532,298.9963,53265.0
2026-04-01 11:50:00,299.0113,299.126,298.7767,299.0861,27297.0
2026-04-01 11:55:00,299.0312,299.5751,299.0162,299.3106,52881.0
2026-04-01 12:00:00,299.3256,300.0142,299.3007,299.5951,102148.0
2026-04-01 12:05:00,299.62,299.6849,299.2957,299.3655,37087.0
2026-04-01 12:10:00,299.3156,299.4312,298.7368,298.7368,52550.0
2026-04-01 12:15:00,298.7268,299.0362,298.637,298.7169,48362.0
2026-04-01 12:20:00,298.7368,298.9763,298.5476,298.8566,65109.0
2026-04-01 12:25:00,298.8516,299.1061,298.7219,299.0063,35560.0
2026-04-01 12:30:00,299.0462,299.3646,298.8666,299.0861,65331.0
2026-04-01 12:35:00,299.0711,299.146,298.687,298.9464,49046.0
2026-04-01 12:40:00,298.9813,299.4254,298.8865,299.2887,32124.0
2026-04-01 12:45:00,299.3556,299.3855,299.0711,299.136,28667.0
2026-04-01 12:50:00,299.0861,299.3855,299.0562,299.2108,48174.0
2026-04-01 12:55:00,299.2041,299.6749,299.146,299.5152,53531.0
2026-04-01 13:00:00,299.5052,299.549,299.0761,299.3655,56476.0
2026-04-01 13:05:00,299.3655,300.0092,299.1659,299.9694,156832.0
2026-04-01 13:10:00,300.0242,300.4034,299.8445,300.2935,111019.0
2026-04-01 13:15:00,300.2038,300.3735,300.0042,300.3735,28848.0
2026-04-01 13:20:00,300.3136,300.3934,300.104,300.1639,19981.0
2026-04-01 13:25:00,300.1639,300.3236,300.0441,300.2138,28340.0
2026-04-01 13:30:00,300.2038,300.2836,299.8445,299.9294,29172.0
2026-04-01 13:35:00,299.9294,300.0939,299.645,299.9793,31958.0
2026-04-01 13:40:00,299.9643,300.094,299.605,299.615,36732.0
2026-04-01 13:45:00,299.6749,299.7448,299.3755,299.4653,29831.0
2026-04-01 13:50:00,299.4853,299.4953,299.0761,299.146,36601.0
2026-04-01 13:55:00,299.1809,299.2258,298.7119,298.8067,30626.0
2026-04-01 14:00:00,298.8017,298.8366,298.4275,298.5173,40596.0
2026-04-01 14:05:00,298.5273,298.5322,298.2478,298.4374,49275.0
2026-04-01 14:10:00,298.4374,298.5319,298.0383,298.0981,49874.0
2026-04-01 14:15:00,298.0882,298.1879,297.7389,297.9385,59241.0
2026-04-01 14:20:00,297.9634,298.1181,297.2349,297.4694,58620.0
2026-04-01 14:25:00,297.5493,297.689,297.4495,297.5892,48703.0
2026-04-01 14:30:00,297.5893,297.9235,297.5093,297.689,26318.0
2026-04-01 14:35:00,297.689,297.8087,297.4594,297.7389,69984.0
2026-04-01 14:40:00,297.7389,298.0383,297.679,297.7289,32319.0
2026-04-01 14:45:00,297.7588,297.9684,297.5892,297.7888,52971.0
2026-04-01 14:50:00,297.7888,298.1031,297.3099,297.9684,38998.0
2026-04-01 14:55:00,297.9983,298.168,297.8487,298.0183,40803.0
2026-04-01 15:00:00,298.0083,298.2977,297.9534,298.0882,40558.0
2026-04-01 15:05:00,298.1281,298.2977,297.9884,298.2777,64135.0
2026-04-01 15:10:00,298.2079,298.4374,297.7788,297.8985,99422.0
2026-04-01 15:15:00,297.9584,298.4973,297.7089,298.4524,103159.0
2026-04-01 15:20:00,298.4474,298.4973,297.9885,298.0882,38962.0
2026-04-01 15:25:00,298.0582,298.1978,297.7289,298.0133,53592.0
2026-04-01 15:30:00,297.9784,298.4674,297.9685,298.3676,127951.0
2026-04-01 15:35:00,298.3127,298.5771,298.3077,298.4025,57172.0
2026-04-01 15:40:00,298.4025,298.667,298.3077,298.3676,65381.0
2026-04-01 15:45:00,298.3626,298.4574,298.0383,298.1879,74685.0
2026-04-01 15:50:00,298.2079,298.2977,297.7987,297.8886,137399.0
2026-04-01 15:55:00,297.8886,298.3077,297.7588,297.9085,462537.0
2026-04-02 09:30:00,297.19,297.3897,295.6432,296.8158,173056.0
2026-04-02 09:35:00,296.7908,297.1002,296.0873,296.1421,67667.0
2026-04-02 09:40:00,296.2158,296.4116,295.244,295.6831,46135.0
2026-04-02 09:45:00,295.723,296.5912,295.3937,295.5708,69397.0
2026-04-02 09:50:00,295.5633,296.2819,295.244,295.7629,76123.0
2026-04-02 09:55:00,295.7979,296.3318,295.6432,296.0972,67132.0
2026-04-02 10:00:00,296.0523,296.3817,295.6332,296.0922,99905.0
2026-04-02 10:05:00,296.0823,297.1401,295.9825,296.7309,56961.0
2026-04-02 10:10:00,296.686,297.5093,296.3916,296.3916,40477.0
2026-04-02 10:15:00,296.4316,296.8707,296.3367,296.3367,33672.0
2026-04-02 10:20:00,296.3124,298.1381,296.192,297.4545,81547.0
2026-04-02 10:25:00,297.6041,298.9514,297.5892,298.7169,69042.0
2026-04-02 10:30:00,298.7668,299.8645,298.7169,299.8645,43942.0
2026-04-02 10:35:00,299.7897,301.8503,299.4958,300.623,100707.0
2026-04-02 10:40:00,300.613,300.8026,299.605,300.104,46121.0
2026-04-02 10:45:00,300.104,300.2637,299.322,299.4653,30253.0
2026-04-02 10:50:00,299.4553,299.5751,298.6122,299.0237,61386.0
2026-04-02 10:55:00,299.1061,300.1739,299.1061,299.8346,40416.0
2026-04-02 11:00:00,299.7847,300.2387,299.3855,300.0342,40782.0
2026-04-02 11:05:00,300.0342,300.0342,299.4853,299.645,39167.0
2026-04-02 11:10:00,299.645,299.7647,299.3723,299.5052,22397.0
2026-04-02 11:15:00,299.5951,299.8346,299.3955,299.5202,27950.0
2026-04-02 11:20:00,299.4254,299.5234,298.8266,299.1859,30916.0
2026-04-02 11:25:00,299.2208,299.8944,299.0761,299.8832,35145.0
2026-04-02 11:30:00,299.8845,299.9804,299.3556,299.4653,41014.0
2026-04-02 11:35:00,299.5252,299.8445,299.3859,299.4553,25436.0
2026-04-02 11:40:00,299.3955,300.0841,299.2757,300.0141,37347.0
2026-04-02 11:45:00,300.0142,300.2138,299.8545,300.0142,32974.0
2026-04-02 11:50:00,300.0142,300.3834,299.605,300.3335,31436.0
2026-04-02 11:55:00,300.3334,300.6579,300.124,300.1839,26980.0
2026-04-02 12:00:00,300.2387,300.6429,300.1562,300.6429,26580.0
2026-04-02 12:05:00,300.613,300.6978,299.9094,300.124,41469.0
2026-04-02 12:10:00,300.134,300.2337,299.8445,300.0741,32537.0
2026-04-02 12:15:00,300.0242,300.0741,299.7697,299.8346,28285.0
2026-04-02 12:20:00,299.8399,300.1789,299.7647,299.9843,63579.0
2026-04-02 12:25:00,299.9843,300.1938,299.8346,300.0791,28586.0
2026-04-02 12:30:00,300.0791,300.613,299.8845,300.5531,34586.0
2026-04-02 12:35:00,300.553,300.7327,300.2438,300.3236,22129.0
2026-04-02 12:40:00,300.4134,301.0521,300.4134,300.8724,31738.0
2026-04-02 12:45:00,300.9024,301.0211,300.7227,300.8675,23667.0
2026-04-02 12:50:00,300.8974,300.9173,300.5381,300.7627,33503.0
2026-04-02 12:55:00,300.7726,300.7826,300.3834,300.7826,37650.0
2026-04-02 13:00:00,300.7227,301.0221,300.5631,300.9373,40683.0
2026-04-02 13:05:00,300.9223,300.9273,300.5631,300.6329,37726.0
2026-04-02 13:10:00,300.6429,301.062,300.1639,300.9024,80227.0
2026-04-02 13:15:00,300.9024,301.2217,300.7926,301.0321,24612.0
2026-04-02 13:20:00,301.0321,301.2018,300.8076,301.1718,36244.0
2026-04-02 13:25:00,301.1519,301.2816,301.0521,301.092,30696.0
2026-04-02 13:30:00,301.082,301.3016,301.0072,301.1419,52684.0
2026-04-02 13:35:00,301.1219,301.1319,300.8026,300.9922,30442.0
2026-04-02 13:40:00,300.9722,301.0619,300.7726,300.9323,43440.0
2026-04-02 13:45:00,300.9223,300.9273,300.2138,300.5431,29905.0
2026-04-02 13:50:00,300.5104,300.9024,300.4932,300.6728,47184.0
2026-04-02 13:55:00,300.6728,300.8026,300.4633,300.6429,26454.0
2026-04-02 14:00:00,300.6479,300.9049,300.6246,300.738,39314.0
2026-04-02 14:05:00,300.7477,301.0221,300.5431,300.8225,27687.0
2026-04-02 14:10:00,300.8225,301.0122,300.639,300.7227,32647.0
2026-04-02 14:15:00,300.7527,300.8525,300.5281,300.623,38815.0
2026-04-02 14:20:00,300.583,300.7028,300.3435,300.3884,27188.0
2026-04-02 14:25:00,300.3895,300.9223,300.3535,300.7078,47522.0
2026-04-02 14:30:00,300.6728,300.7826,300.3036,300.5232,34339.0
2026-04-02 14:35:00,300.5032,300.6329,300.4633,300.5581,27005.0
2026-04-02 14:40:00,300.5581,300.8625,300.4982,300.5581,26152.0
2026-04-02 14:45:00,300.5731,300.7128,300.4333,300.5082,25168.0
2026-04-02 14:50:00,300.5331,300.9623,300.4234,300.7028,29193.0
2026-04-02 14:55:00,300.6928,300.8924,300.5531,300.8425,26812.0
2026-04-02 15:00:00,300.7627,300.9722,300.7527,300.8101,18620.0
2026-04-02 15:05:00,300.8126,300.9024,300.4932,300.5334,28854.0
2026-04-02 15:10:00,300.5331,300.7726,300.4932,300.6131,29091.0
2026-04-02 15:15:00,300.613,300.7926,300.5132,300.7652,34890.0
2026-04-02 15:20:00,300.7227,300.7527,300.3834,300.5431,32985.0
2026-04-02 15:25:00,300.5331,300.5731,300.0441,300.2288,47781.0
2026-04-02 15:30:00,300.2038,300.2537,300.0741,300.2537,35999.0
2026-04-02 15:35:00,300.2537,300.5731,300.2337,300.5731,38866.0
2026-04-02 15:40:00,300.5431,300.7327,300.1739,300.1938,47831.0
2026-04-02 15:45:00,300.1639,300.2936,299.9942,300.2537,49201.0
2026-04-02 15:50:00,300.2737,300.6978,300.2437,300.3535,86131.0
2026-04-02 15:55:00,300.3635,300.7227,300.1839,300.2337,267187.0
2026-04-06 09:30:00,300.124,300.8653,298.8466,300.0541,84040.0
2026-04-06 09:35:00,300.0541,302.3793,299.9743,302.1249,59582.0
2026-04-06 09:40:00,302.0838,302.7785,301.9766,302.2296,43426.0
2026-04-06 09:45:00,302.2297,302.529,301.6509,301.8105,27870.0
2026-04-06 09:50:00,301.8754,302.4093,301.4123,302.065,38775.0
2026-04-06 09:55:00,302.0899,302.6139,301.8504,302.559,29206.0
2026-04-06 10:00:00,302.5191,303.1777,302.1399,302.559,41488.0
2026-04-06 10:05:00,302.539,302.6887,302.1149,302.4093,36667.0
2026-04-06 10:10:00,302.4592,303.0878,302.045,303.0878,76002.0
2026-04-06 10:15:00,302.9681,303.1277,302.6548,303.1277,18943.0
2026-04-06 10:20:00,303.1278,303.3124,302.8184,302.8983,29675.0
2026-04-06 10:25:00,302.8983,303.3673,302.7985,302.9482,22699.0
2026-04-06 10:30:00,302.9731,303.4372,302.9599,303.1277,35159.0
2026-04-06 10:35:00,303.0829,303.1877,302.2396,302.5141,49387.0
2026-04-06 10:40:00,302.4193,302.9192,302.1598,302.2795,34766.0
2026-04-06 10:45:00,302.2795,302.3893,301.7506,301.8405,14893.0
2026-04-06 10:50:00,301.8405,302.7087,301.8405,302.3494,54546.0
2026-04-06 10:55:00,302.3793,302.7685,302.2197,302.5869,50977.0
2026-04-06 11:00:00,302.544,302.8783,302.3201,302.6089,33350.0
2026-04-06 11:05:00,302.6588,302.9931,302.2696,302.4642,48611.0
2026-04-06 11:10:00,302.4292,302.5442,302.2197,302.3744,21858.0
2026-04-06 11:15:00,302.3744,302.8783,302.3494,302.6638,59274.0
2026-04-06 11:20:00,302.6638,302.7286,302.3694,302.6688,23538.0
2026-04-06 11:25:00,302.619,302.7685,302.4991,302.6538,25567.0
2026-04-06 11:30:00,302.7087,302.8968,302.6089,302.8968,26733.0
2026-04-06 11:35:00,302.8184,303.1777,302.4891,303.1777,18805.0
2026-04-06 11:40:00,303.1877,303.1877,302.8783,302.9981,17351.0
2026-04-06 11:45:00,303.0081,303.3773,302.9083,303.2775,29629.0
2026-04-06 11:50:00,303.1777,303.2076,302.8484,302.9931,33347.0
2026-04-06 11:55:00,302.9981,303.043,302.7427,302.8035,18072.0
2026-04-06 12:00:00,302.8547,303.0978,302.8384,303.0081,17386.0
2026-04-06 12:05:00,302.9482,303.1378,302.9282,302.9482,12885.0
2026-04-06 12:10:00,302.9827,303.4172,302.8883,303.3923,21238.0
2026-04-06 12:15:00,303.3923,303.527,303.1727,303.3773,43047.0
2026-04-06 12:20:00,303.3474,303.5869,303.2476,303.5769,22914.0
2026-04-06 12:25:00,303.5869,303.6168,303.4272,303.527,23211.0
2026-04-06 12:30:00,303.5108,303.7066,303.4571,303.6592,31434.0
2026-04-06 12:35:00,303.6068,303.6767,303.4671,303.4671,19622.0
2026-04-06 12:40:00,303.4921,303.5869,303.3773,303.522,38901.0
2026-04-06 12:45:00,303.507,303.5589,303.2575,303.4472,23998.0
2026-04-06 12:50:00,303.4272,303.537,303.1178,303.2775,47481.0
2026-04-06 12:55:00,303.2875,303.4472,303.0679,303.1677,51288.0
2026-04-06 13:00:00,303.1975,303.2066,302.549,302.9182,32005.0
2026-04-06 13:05:00,302.8783,303.1078,302.7187,302.8284,28438.0
2026-04-06 13:10:00,302.8484,302.8783,302.2496,302.2895,69207.0
2026-04-06 13:15:00,302.3294,302.6388,302.2197,302.5839,24328.0
2026-04-06 13:20:00,302.529,302.7286,302.4592,302.6837,23827.0
2026-04-06 13:25:00,302.6887,302.7785,302.4791,302.6888,19830.0
2026-04-06 13:30:00,302.7785,303.0679,302.7436,302.8683,49187.0
2026-04-06 13:35:00,302.7785,302.9781,302.549,302.6837,51506.0
2026-04-06 13:40:00,302.6837,302.8484,302.3394,302.7785,48387.0
2026-04-06 13:45:00,302.7785,302.8384,302.3993,302.4742,16207.0
2026-04-06 13:50:00,302.4791,302.6987,302.3993,302.4692,12582.0
2026-04-06 13:55:00,302.529,302.6089,302.3994,302.4991,13811.0
2026-04-06 14:00:00,302.4492,302.9582,302.3594,302.8833,38023.0
2026-04-06 14:05:00,302.8584,302.8783,302.4991,302.6338,16313.0
2026-04-06 14:10:00,302.6338,303.2275,302.6338,302.9171,33368.0
2026-04-06 14:15:00,302.9282,303.4671,302.8085,303.4671,26930.0
2026-04-06 14:20:00,303.4621,303.517,303.3074,303.4272,19697.0
2026-04-06 14:25:00,303.3573,303.6567,303.3174,303.6268,37159.0
2026-04-06 14:30:00,303.6467,303.7964,303.4072,303.4771,47635.0
2026-04-06 14:35:00,303.4771,303.6666,302.9881,303.1677,82461.0
2026-04-06 14:40:00,303.068,303.2176,302.9221,302.9781,25723.0
2026-04-06 14:45:00,303.048,303.1776,302.9482,303.0879,24022.0
2026-04-06 14:50:00,303.116,303.2775,303.048,303.1677,22702.0
2026-04-06 14:55:00,303.2674,303.3173,303.0879,303.1677,48634.0
2026-04-06 15:00:00,303.2027,303.4871,303.1178,303.4422,45166.0
2026-04-06 15:05:00,303.4347,303.4771,303.0879,303.1478,31305.0
2026-04-06 15:10:00,303.1478,303.4671,303.018,303.3773,39055.0
2026-04-06 15:15:00,303.3873,303.4472,303.2675,303.4322,87897.0
2026-04-06 15:20:00,303.4272,303.4671,302.7885,302.9033,89101.0
2026-04-06 15:25:00,302.9033,302.9381,302.569,302.6039,37343.0
2026-04-06 15:30:00,302.539,302.6288,302.2895,302.4193,45414.0
2026-04-06 15:35:00,302.3294,302.771,302.2696,302.6089,64428.0
2026-04-06 15:40:00,302.6388,302.7885,302.4692,302.7685,63202.0
2026-04-06 15:45:00,302.7885,303.3074,302.4342,303.2575,114769.0
2026-04-06 15:50:00,303.2875,303.507,302.9282,303.1827,175940.0
2026-04-06 15:55:00,303.2276,303.3973,302.559,302.8584,492984.0
2026-04-07 09:30:00,301.8205,303.1478,301.551,302.2696,180117.0
2026-04-07 09:35:00,302.2496,302.4692,301.4113,301.6359,52903.0
2026-04-07 09:40:00,301.5238,302.4791,301.5011,302.2696,46894.0
2026-04-07 09:45:00,302.3793,303.2276,302.07,303.1927,51433.0
2026-04-07 09:50:00,303.1877,304.3563,303.1677,304.2854,74256.0
2026-04-07 09:55:00,304.2804,304.3154,303.5569,303.6667,59049.0
2026-04-07 10:00:00,303.6018,303.7366,303.2276,303.3474,45692.0
2026-04-07 10:05:00,303.3474,303.3474,301.8504,302.3594,59896.0
2026-04-07 10:10:00,302.4193,302.5141,301.8406,302.2747,24120.0
2026-04-07 10:15:00,302.2747,303.0979,302.1598,302.9731,49674.0
2026-04-07 10:20:00,302.9731,303.4372,302.6189,302.8783,36650.0
2026-04-07 10:25:00,302.8384,303.1378,302.8284,303.0679,19982.0
2026-04-07 10:30:00,303.048,303.4172,302.6089,302.9931,32433.0
2026-04-07 10:35:00,303.0081,303.1278,302.6288,302.7885,28531.0
2026-04-07 10:40:00,302.7885,302.9582,302.4791,302.7785,40707.0
2026-04-07 10:45:00,302.8184,303.1577,302.4791,302.4891,51984.0
2026-04-07 10:50:00,302.4392,302.5489,302.04,302.2197,15247.0
2026-04-07 10:55:00,302.1698,302.2596,301.7806,301.8255,29189.0
2026-04-07 11:00:00,301.8554,301.8554,301.3814,301.6309,28452.0
2026-04-07 11:05:00,301.576,301.6508,301.102,301.1618,33647.0
2026-04-07 11:10:00,301.1618,301.3594,300.8824,301.2916,43286.0
2026-04-07 11:15:00,301.2916,302.0251,301.1668,301.581,40697.0
2026-04-07 11:20:00,301.5361,301.5361,301.1618,301.2916,30360.0
2026-04-07 11:25:00,301.3814,301.6688,301.3415,301.6309,26185.0
2026-04-07 11:30:00,301.6608,301.7931,301.5111,301.6808,25845.0
2026-04-07 11:35:00,301.6459,301.8604,301.4213,301.7107,29285.0
2026-04-07 11:40:00,301.6908,301.6908,301.1119,301.2716,21450.0
2026-04-07 11:45:00,301.3614,301.6309,301.2317,301.3515,19745.0
2026-04-07 11:50:00,301.389,301.4962,301.1918,301.4812,15647.0
2026-04-07 11:55:00,301.4762,301.8804,301.4513,301.8105,21307.0
2026-04-07 12:00:00,301.8804,303.0305,301.8604,302.2696,39515.0
2026-04-07 12:05:00,302.4093,302.4991,302.1499,302.3394,27914.0
2026-04-07 12:10:00,302.3195,302.6588,302.2612,302.5739,17696.0
2026-04-07 12:15:00,302.5739,302.7586,302.4492,302.5091,27955.0
2026-04-07 12:20:00,302.5191,302.7885,302.2098,302.3045,33285.0
2026-04-07 12:25:00,302.3494,302.4991,302.2147,302.2546,37289.0
2026-04-07 12:30:00,302.1897,302.3394,302.04,302.1698,19198.0
2026-04-07 12:35:00,302.1698,302.2297,302.0001,302.1149,25711.0
2026-04-07 12:40:00,302.1798,302.6737,302.1798,302.6089,17607.0
2026-04-07 12:45:00,302.6189,302.7586,302.5191,302.6787,19539.0
2026-04-07 12:50:00,302.7087,302.7386,302.5091,302.5091,20790.0
2026-04-07 12:55:00,302.4692,302.4891,302.1299,302.2446,29034.0
2026-04-07 13:00:00,302.1698,302.2596,301.8903,302.065,20184.0
2026-04-07 13:05:00,302.06,302.3094,301.8604,301.9303,16797.0
2026-04-07 13:10:00,301.8903,302.04,301.6309,302.0301,20058.0
2026-04-07 13:15:00,301.9802,302.075,301.6409,301.7906,38715.0
2026-04-07 13:20:00,301.7706,301.8305,301.576,301.6059,20190.0
2026-04-07 13:25:00,301.591,301.6209,301.4014,301.5411,19768.0
2026-04-07 13:30:00,301.561,301.8305,301.5111,301.7656,16627.0
2026-04-07 13:35:00,301.7506,302.2795,301.7506,301.9402,20912.0
2026-04-07 13:40:00,301.9452,302.0899,301.6608,301.7107,16657.0
2026-04-07 13:45:00,301.6808,301.6808,301.4213,301.5921,24604.0
2026-04-07 13:50:00,301.586,301.8305,301.561,301.7007,14510.0
2026-04-07 13:55:00,301.723,301.7606,301.5311,301.6409,18290.0
2026-04-07 14:00:00,301.6409,301.7506,301.2766,301.3664,114604.0
2026-04-07 14:05:00,301.4113,301.5411,301.2442,301.4413,29388.0
2026-04-07 14:10:00,301.5111,301.7117,301.4213,301.5311,16616.0
2026-04-07 14:15:00,301.561,301.8405,301.5211,301.8305,19269.0
2026-04-07 14:20:00,301.8055,301.8405,301.4014,301.4213,17105.0
2026-04-07 14:25:00,301.4213,301.571,301.2217,301.3016,18473.0
2026-04-07 14:30:00,301.3415,301.4612,301.0821,301.3714,31028.0
2026-04-07 14:35:00,301.3814,301.5111,301.3265,301.4313,23790.0
2026-04-07 14:40:00,301.4363,301.4363,301.1618,301.3614,48074.0
2026-04-07 14:45:00,301.3515,301.4163,301.0321,301.1718,33988.0
2026-04-07 14:50:00,301.1618,301.2068,300.7926,300.8275,27863.0
2026-04-07 14:55:00,300.7926,300.8823,300.5531,300.6579,31942.0
2026-04-07 15:00:00,300.6858,300.8724,300.5331,300.7776,27869.0
2026-04-07 15:05:00,300.7577,300.8425,300.5032,300.5281,41020.0
2026-04-07 15:10:00,300.5082,300.8625,300.5082,300.8076,30073.0
2026-04-07 15:15:00,300.7826,301.9353,300.6928,301.6908,52301.0
2026-04-07 15:20:00,301.6459,302.07,301.3614,301.4363,65566.0
2026-04-07 15:25:00,301.4363,301.6009,301.1119,301.581,40591.0
2026-04-07 15:30:00,301.5411,301.6808,301.3964,301.6009,41307.0
2026-04-07 15:35:00,301.6009,301.6009,301.1119,301.1369,47837.0
2026-04-07 15:40:00,301.1369,301.5011,300.9823,301.2966,53392.0
2026-04-07 15:45:00,301.2417,302.3095,301.2317,301.561,81425.0
2026-04-07 15:50:00,301.591,301.8503,301.4513,301.6908,101380.0
2026-04-07 15:55:00,301.7007,302.0301,301.4263,301.8604,221223.0
2026-04-08 09:30:00,307.0997,309.6345,307.0697,308.5666,311944.0
2026-04-08 09:35:00,308.4619,310.4428,308.4619,309.8839,166278.0
2026-04-08 09:40:00,309.8839,310.1534,309.0057,309.9338,98548.0
2026-04-08 09:45:00,309.9688,310.2133,309.4748,309.8939,122859.0
2026-04-08 09:50:00,309.874,310.0536,309.2453,309.2652,78252.0
2026-04-08 09:55:00,309.3201,309.5546,307.7683,307.8481,124709.0
2026-04-08 10:00:00,307.8581,308.2473,307.1496,307.8581,105754.0
2026-04-08 10:05:00,307.893,308.2273,307.6782,308.0377,61707.0
2026-04-08 10:10:00,307.9978,308.5367,307.9978,308.1974,40267.0
2026-04-08 10:15:00,308.2972,308.8062,308.2972,308.7662,71006.0
2026-04-08 10:20:00,308.7662,309.2652,308.7463,308.9309,37008.0
2026-04-08 10:25:00,308.9509,309.1055,308.6964,308.7163,29714.0
2026-04-08 10:30:00,308.8261,308.9459,308.3073,308.8211,60117.0
2026-04-08 10:35:00,308.8161,309.2153,308.5866,308.7763,35361.0
2026-04-08 10:40:00,308.9059,309.854,308.9059,309.5347,48886.0
2026-04-08 10:45:00,309.5347,309.854,309.2852,309.8041,36005.0
2026-04-08 10:50:00,309.7891,309.7891,309.1665,309.5596,41412.0
2026-04-08 10:55:00,309.4748,309.5446,308.9209,309.2702,48442.0
2026-04-08 11:00:00,309.2702,309.3949,309.0196,309.365,39168.0
2026-04-08 11:05:00,309.2802,309.345,308.8261,309.1055,32010.0
2026-04-08 11:10:00,309.1055,309.2053,308.6964,308.9359,32288.0
2026-04-08 11:15:00,308.9159,309.0956,308.6566,308.8012,37487.0
2026-04-08 11:20:00,308.8311,309.2053,308.8111,308.9858,44930.0
2026-04-08 11:25:00,309.0107,309.0656,308.377,308.6664,46505.0
2026-04-08 11:30:00,308.6365,308.8361,307.429,308.3072,80090.0
2026-04-08 11:35:00,308.3421,308.5442,307.5787,307.6934,48051.0
2026-04-08 11:40:00,307.6984,307.8381,307.4639,307.6286,50155.0
2026-04-08 11:45:00,307.6336,308.0377,307.6286,307.9379,39037.0
2026-04-08 11:50:00,307.9779,308.7463,307.9779,308.2872,30789.0
2026-04-08 11:55:00,308.387,308.417,308.1775,308.3321,27668.0
2026-04-08 12:00:00,308.377,309.2652,308.3271,309.0157,113039.0
2026-04-08 12:05:00,309.0107,309.1386,308.5866,308.6047,35177.0
2026-04-08 12:10:00,308.6365,308.9858,308.387,308.387,25529.0
2026-04-08 12:15:00,308.4269,308.7163,308.2575,308.6565,18898.0
2026-04-08 12:20:00,308.7163,308.8161,308.2972,308.3271,34067.0
2026-04-08 12:25:00,308.3172,308.4868,308.1176,308.392,42501.0
2026-04-08 12:30:00,308.382,308.6365,308.3172,308.6365,28122.0
2026-04-08 12:35:00,308.6814,308.6864,308.3671,308.5167,22028.0
2026-04-08 12:40:00,308.5167,309.0756,308.4269,309.0556,32634.0
2026-04-08 12:45:00,309.0257,309.1954,308.9608,309.0856,25378.0
2026-04-08 12:50:00,309.0512,309.1155,308.6565,308.7762,26820.0
2026-04-08 12:55:00,308.7762,308.9359,308.7163,308.9159,22161.0
2026-04-08 13:00:00,308.9309,309.0656,308.876,309.0207,24178.0
2026-04-08 13:05:00,309.0207,309.1654,308.7762,308.9059,21619.0
2026-04-08 13:10:00,308.8585,309.0057,308.8062,308.8761,30870.0
2026-04-08 13:15:00,308.9509,309.2353,308.926,309.0656,17221.0
2026-04-08 13:20:00,309.0606,309.1753,308.9459,309.0257,20677.0
2026-04-08 13:25:00,309.0257,309.1355,308.9469,308.9858,19019.0
2026-04-08 13:30:00,308.9908,309.1554,308.4669,308.6565,36775.0
2026-04-08 13:35:00,308.7263,309.2053,308.6764,309.0207,29078.0
2026-04-08 13:40:00,309.0556,309.1554,308.9159,309.1155,41295.0
2026-04-08 13:45:00,309.0556,309.1654,308.8361,308.901,37216.0
2026-04-08 13:50:00,308.9558,309.2053,308.8311,309.0057,30087.0
2026-04-08 13:55:00,309.0057,309.2353,308.9259,309.2353,25690.0
2026-04-08 14:00:00,309.1355,309.4748,309.0856,309.2951,36195.0
2026-04-08 14:05:00,309.385,309.4569,309.2552,309.345,26912.0
2026-04-08 14:10:00,309.355,309.355,308.9259,309.0257,26146.0
2026-04-08 14:15:00,309.0257,309.1983,308.2573,308.4369,40562.0
2026-04-08 14:20:00,308.3671,308.6415,308.2972,308.4669,21028.0
2026-04-08 14:25:00,308.4569,308.6664,308.1898,308.6664,21737.0
2026-04-08 14:30:00,308.6215,308.7162,308.2872,308.2872,29972.0
2026-04-08 14:35:00,308.2523,308.3171,307.8481,307.8781,33157.0
2026-04-08 14:40:00,307.893,308.0677,307.7134,307.9978,48491.0
2026-04-08 14:45:00,308.0677,308.2174,307.9379,307.9779,29123.0
2026-04-08 14:50:00,307.9579,308.1974,307.898,307.9978,23285.0
2026-04-08 14:55:00,308.1026,308.1176,307.8382,307.9569,22512.0
2026-04-08 15:00:00,307.918,308.3072,307.8381,308.2573,30140.0
2026-04-08 15:05:00,308.2623,308.3205,307.908,308.1774,34483.0
2026-04-08 15:10:00,308.1774,308.4569,308.1774,308.4369,25441.0
2026-04-08 15:15:00,308.4569,308.5267,308.0876,308.2124,37889.0
2026-04-08 15:20:00,308.1974,308.2074,307.8631,307.9978,36417.0
2026-04-08 15:25:00,308.0677,308.0976,307.7982,307.8431,40466.0
2026-04-08 15:30:00,307.8381,308.0677,307.8082,307.908,69158.0
2026-04-08 15:35:00,307.9329,308.1275,307.7683,308.0327,64463.0
2026-04-08 15:40:00,308.0078,308.1325,307.7483,308.0976,65043.0
2026-04-08 15:45:00,308.0876,308.402,307.918,308.392,92551.0
2026-04-08 15:50:00,308.392,308.5267,308.2373,308.2922,123753.0
2026-04-08 15:55:00,308.3172,308.5666,308.0677,308.3271,394933.0
2026-04-09 09:30:00,307.3691,307.7383,304.505,304.6647,158059.0
2026-04-09 09:35:00,304.6597,304.8044,303.4172,304.7644,61038.0
2026-04-09 09:40:00,304.7504,304.964,303.996,304.1357,63796.0
2026-04-09 09:45:00,304.2355,304.4651,303.1378,303.4247,91285.0
2026-04-09 09:50:00,303.3873,304.3553,303.1378,303.4571,82269.0
2026-04-09 09:55:00,303.4571,304.3752,303.3873,304.1757,61131.0
2026-04-09 10:00:00,304.1757,304.1757,303.577,303.8563,48994.0
2026-04-09 10:05:00,303.8763,304.3528,303.7964,304.001,31291.0
2026-04-09 10:10:00,304.0958,304.2455,303.7865,304.006,40732.0
2026-04-09 10:15:00,303.991,304.6247,303.9662,304.5649,25820.0
2026-04-09 10:20:00,304.6048,304.9241,304.4251,304.8443,32386.0
2026-04-09 10:25:00,304.8343,304.8343,304.3852,304.505,39114.0
2026-04-09 10:30:00,304.475,304.6447,303.3973,304.0908,50112.0
2026-04-09 10:35:00,304.1158,304.2455,303.8264,303.9112,30439.0
2026-04-09 10:40:00,303.9112,303.9112,303.3773,303.6318,23849.0
2026-04-09 10:45:00,303.6318,303.8463,302.9681,303.3523,53373.0
2026-04-09 10:50:00,303.3523,303.6767,303.1977,303.527,30387.0
2026-04-09 10:55:00,303.5669,303.8463,303.4671,303.8463,34680.0
2026-04-09 11:00:00,303.7366,304.2256,303.4372,303.9661,39611.0
2026-04-09 11:05:00,303.8688,304.4052,303.8688,304.4002,34248.0
2026-04-09 11:10:00,304.4152,304.495,303.8962,304.2904,50488.0
2026-04-09 11:15:00,304.2854,304.7046,304.1857,304.6946,31696.0
2026-04-09 11:20:00,304.6347,304.7445,304.1008,304.3553,38441.0
2026-04-09 11:25:00,304.3154,304.485,304.031,304.2056,21078.0
2026-04-09 11:30:00,304.1856,304.7844,304.026,304.5249,69572.0
2026-04-09 11:35:00,304.4551,304.984,304.3004,304.984,43299.0
2026-04-09 11:40:00,304.984,305.6626,304.984,305.3732,72124.0
2026-04-09 11:45:00,305.3433,305.8022,305.0838,305.5878,50687.0
2026-04-09 11:50:00,305.5878,306.1716,305.5229,306.1538,41149.0
2026-04-09 11:55:00,306.2514,306.3712,305.9919,306.3712,65694.0
2026-04-09 12:00:00,306.2963,307.3391,306.1316,307.0697,54024.0
2026-04-09 12:05:00,307.0398,307.5687,306.95,307.3741,48396.0
2026-04-09 12:10:00,307.2992,307.7483,307.2094,307.3392,27398.0
2026-04-09 12:15:00,307.3891,308.0677,307.3691,308.0178,32762.0
2026-04-09 12:20:00,308.0427,308.4918,307.928,308.2423,53033.0
2026-04-09 12:25:00,308.2323,308.5257,308.0577,308.1725,64104.0
2026-04-09 12:30:00,308.1675,308.2772,307.9379,308.1126,32699.0
2026-04-09 12:35:00,308.1176,308.417,307.928,308.0377,36077.0
2026-04-09 12:40:00,307.9729,308.2423,307.898,308.1774,24675.0
2026-04-09 12:45:00,308.1874,308.2573,307.6186,307.893,29024.0
2026-04-09 12:50:00,307.928,308.3471,307.913,308.1824,35248.0
2026-04-09 12:55:00,308.1774,308.2174,307.898,308.2074,28282.0
2026-04-09 13:00:00,308.1575,308.397,308.1575,308.3471,25247.0
2026-04-09 13:05:00,308.3471,308.7064,308.3072,308.6565,52251.0
2026-04-09 13:10:00,308.6615,308.7163,308.4968,308.6365,46851.0
2026-04-09 13:15:00,308.5966,308.7961,308.437,308.7363,34015.0
2026-04-09 13:20:00,308.6664,308.866,308.5666,308.7962,33060.0
2026-04-09 13:25:00,308.7463,308.8161,308.4869,308.5517,21220.0
2026-04-09 13:30:00,308.5267,308.5565,308.2673,308.4219,21725.0
2026-04-09 13:35:00,308.4219,308.7662,308.3371,308.7114,35917.0
2026-04-09 13:40:00,308.7113,308.9459,308.5467,308.5766,32820.0
2026-04-09 13:45:00,308.5966,308.8061,308.4968,308.7163,31451.0
2026-04-09 13:50:00,308.7163,308.7563,308.407,308.5966,24008.0
2026-04-09 13:55:00,308.5816,308.6964,308.4569,308.6964,19723.0
2026-04-09 14:00:00,308.6215,308.6964,307.9979,308.2024,27048.0
2026-04-09 14:05:00,308.2772,308.6265,307.898,307.9878,37286.0
2026-04-09 14:10:00,308.0577,308.1475,307.7583,307.7633,33421.0
2026-04-09 14:15:00,307.7932,308.0077,307.6485,307.928,27781.0
2026-04-09 14:20:00,307.928,308.0177,307.6485,307.7309,22227.0
2026-04-09 14:25:00,307.6785,307.858,307.4689,307.5587,30749.0
2026-04-09 14:30:00,307.5587,307.6307,307.2593,307.3791,22620.0
2026-04-09 14:35:00,307.409,307.5887,307.3591,307.4789,21077.0
2026-04-09 14:40:00,307.5138,307.5787,307.2094,307.2893,31033.0
2026-04-09 14:45:00,307.3292,307.3941,307.0897,307.1396,22686.0
2026-04-09 14:50:00,307.1795,307.2193,307.0049,307.0897,18791.0
2026-04-09 14:55:00,307.0997,307.1895,307.0348,307.0348,21391.0
2026-04-09 15:00:00,307.0547,307.3292,306.7803,307.0847,46420.0
2026-04-09 15:05:00,307.0797,307.6186,307.0498,307.5687,39570.0
2026-04-09 15:10:00,307.459,307.6286,307.2893,307.399,35473.0
2026-04-09 15:15:00,307.3791,307.5188,307.1446,307.1895,39999.0
2026-04-09 15:20:00,307.1745,307.6386,307.1595,307.6286,36316.0
2026-04-09 15:25:00,307.6386,307.8979,307.6086,307.7683,50768.0
2026-04-09 15:30:00,307.8132,308.0677,307.7184,307.8282,52446.0
2026-04-09 15:35:00,307.8232,308.0477,307.6485,307.8132,68672.0
2026-04-09 15:40:00,307.8132,308.1226,307.7783,308.0876,51052.0
2026-04-09 15:45:00,308.0377,308.0976,307.5787,307.6785,73449.0
2026-04-09 15:50:00,307.6485,308.1275,307.5487,307.898,102649.0
2026-04-09 15:55:00,307.928,308.0776,307.4689,307.5787,467344.0
2026-04-10 09:30:00,308.0776,308.3671,306.0718,306.7105,143390.0
2026-04-10 09:35:00,306.6007,306.6596,305.0938,305.9726,50473.0
2026-04-10 09:40:00,305.8489,307.0148,305.8489,306.426,103434.0
2026-04-10 09:45:00,306.426,306.461,304.4052,304.8343,60906.0
2026-04-10 09:50:00,304.7744,305.0838,304.3353,304.8243,39734.0
2026-04-10 09:55:00,304.8343,305.6227,304.495,305.5528,67968.0
2026-04-10 10:00:00,305.483,306.2015,305.3133,306.1815,70030.0
2026-04-10 10:05:00,306.1815,306.5009,305.9222,306.1616,44447.0
2026-04-10 10:10:00,306.0817,306.3911,305.8921,305.9869,41462.0
2026-04-10 10:15:00,305.942,306.0368,305.0938,305.0938,50431.0
2026-04-10 10:20:00,305.1736,305.5728,304.8742,305.3932,45249.0
2026-04-10 10:25:00,305.483,305.952,305.3832,305.7923,41816.0
2026-04-10 10:30:00,305.7674,305.9321,305.5129,305.7125,62552.0
2026-04-10 10:35:00,305.7125,306.5009,305.6925,306.2514,57508.0
2026-04-10 10:40:00,306.1915,306.4809,305.8871,306.0069,52801.0
2026-04-10 10:45:00,306.0219,306.2314,305.448,305.5029,48902.0
2026-04-10 10:50:00,305.493,305.6826,304.9441,305.4231,58696.0
2026-04-10 10:55:00,305.4281,305.478,305.2035,305.3083,52868.0
2026-04-10 11:00:00,305.3433,305.6626,305.0738,305.6626,62189.0
2026-04-10 11:05:00,305.6227,305.8323,305.1865,305.7524,60407.0
2026-04-10 11:10:00,305.7424,305.8622,305.463,305.6027,50196.0
2026-04-10 11:15:00,305.6426,305.7025,305.2385,305.3333,61122.0
2026-04-10 11:20:00,305.3333,305.6127,305.2934,305.5379,54023.0
2026-04-10 11:25:00,305.5029,305.5728,304.6846,304.6946,35814.0
2026-04-10 11:30:00,304.6846,304.8543,304.475,304.5848,46337.0
2026-04-10 11:35:00,304.6346,304.6746,303.7665,304.2755,59671.0
2026-04-10 11:40:00,304.2755,304.3254,303.9561,304.2655,37200.0
2026-04-10 11:45:00,304.2256,304.3453,303.986,304.1657,24985.0
2026-04-10 11:50:00,304.1657,304.1757,303.8863,303.9262,35122.0
2026-04-10 11:55:00,303.9761,304.0659,303.6767,303.7865,40510.0
2026-04-10 12:00:00,303.7865,303.9561,303.6667,303.7765,27277.0
2026-04-10 12:05:00,303.8164,303.9811,303.6767,303.9012,20925.0
2026-04-10 12:10:00,303.9161,304.0858,303.8763,303.9561,32823.0
2026-04-10 12:15:00,303.986,304.1258,303.7266,303.7964,31222.0
2026-04-10 12:20:00,303.7465,303.7465,303.537,303.6268,25843.0
2026-04-10 12:25:00,303.6268,303.7103,303.4771,303.6268,28557.0
2026-04-10 12:30:00,303.5769,303.6564,303.4671,303.5469,24566.0
2026-04-10 12:35:00,303.5569,303.5749,303.3973,303.4571,25104.0
2026-04-10 12:40:00,303.4496,303.6368,303.275,303.6318,34257.0
2026-04-10 12:45:00,303.6168,303.9162,303.527,303.8613,36748.0
2026-04-10 12:50:00,303.8563,304.2006,303.8064,304.1058,38979.0
2026-04-10 12:55:00,304.1108,304.2256,303.996,304.1018,23001.0
2026-04-10 13:00:00,304.1258,304.1357,303.7565,303.7865,35349.0
2026-04-10 13:05:00,303.8014,303.9661,303.6867,303.8264,22291.0
2026-04-10 13:10:00,303.8264,303.9561,303.7964,303.8064,18706.0
2026-04-10 13:15:00,303.8064,303.8763,303.5968,303.8214,24369.0
2026-04-10 13:20:00,303.8214,303.8214,303.7166,303.7565,21097.0
2026-04-10 13:25:00,303.7665,303.7865,303.5968,303.6418,25742.0
2026-04-10 13:30:00,303.6068,303.9062,303.4971,303.8014,30269.0
2026-04-10 13:35:00,303.8114,303.8164,303.6018,303.7366,27912.0
2026-04-10 13:40:00,303.7266,303.7366,303.3973,303.5968,44001.0
2026-04-10 13:45:00,303.6368,303.9461,303.5968,303.9162,24432.0
2026-04-10 13:50:00,303.9062,303.9262,303.6767,303.6867,15854.0
2026-04-10 13:55:00,303.6801,303.6917,303.4671,303.4871,19900.0
2026-04-10 14:00:00,303.4671,303.5769,303.1577,303.2276,35159.0
2026-04-10 14:05:00,303.2875,303.3274,302.9781,303.033,52543.0
2026-04-10 14:10:00,302.9981,303.2476,302.8883,303.2426,54922.0
2026-04-10 14:15:00,303.2426,303.4171,303.1528,303.3474,31837.0
2026-04-10 14:20:00,303.3174,303.4472,303.2575,303.4022,25191.0
2026-04-10 14:25:00,303.4022,303.5968,303.3723,303.517,35232.0
2026-04-10 14:30:00,303.527,303.7366,303.527,303.7066,30855.0
2026-04-10 14:35:00,303.6917,303.6965,303.4821,303.5819,29018.0
2026-04-10 14:40:00,303.5769,303.7366,303.5569,303.7366,26803.0
2026-04-10 14:45:00,303.7316,303.8763,303.6368,303.6817,35730.0
2026-04-10 14:50:00,303.7141,303.9262,303.6467,303.9012,36363.0
2026-04-10 14:55:00,303.9012,304.016,303.7865,303.7865,28798.0
2026-04-10 15:00:00,303.7865,303.996,303.7465,303.9361,30655.0
2026-04-10 15:05:00,303.9361,304.1158,303.8563,303.9811,34090.0
2026-04-10 15:10:00,303.9711,304.0459,303.7366,303.8314,39227.0
2026-04-10 15:15:00,303.8314,304.1856,303.8164,304.1308,95086.0
2026-04-10 15:20:00,304.1308,304.1956,303.6717,303.7166,63901.0
2026-04-10 15:25:00,303.7266,303.7765,303.4072,303.7465,59087.0
2026-04-10 15:30:00,303.7366,303.7964,303.517,303.6966,73496.0
2026-04-10 15:35:00,303.6917,303.6966,303.4681,303.537,67525.0
2026-04-10 15:40:00,303.542,304.0459,303.3374,304.031,91395.0
2026-04-10 15:45:00,304.016,304.2006,303.8463,304.1757,108141.0
2026-04-10 15:50:00,304.1557,304.1557,303.9162,304.0459,130723.0
2026-04-10 15:55:00,304.0659,304.3752,303.6867,303.8763,438084.0
2026-04-13 09:30:00,303.3074,303.5869,302.0101,302.8783,129323.0
2026-04-13 09:35:00,302.9881,303.1078,301.7207,302.6688,58877.0
2026-04-13 09:40:00,302.7486,303.058,302.3294,302.9981,55074.0
2026-04-13 09:45:00,303.0779,303.8164,302.529,303.507,57937.0
2026-04-13 09:50:00,303.5469,304.011,302.569,302.6688,44768.0
2026-04-13 09:55:00,302.7536,303.8114,302.4592,303.5869,47762.0
2026-04-13 10:00:00,303.6767,303.986,303.4072,303.5769,101998.0
2026-04-13 10:05:00,303.5619,304.2804,303.4272,303.5869,53168.0
2026-04-13 10:10:00,303.6517,303.9721,303.517,303.7565,54791.0
2026-04-13 10:15:00,303.7765,303.8314,303.2176,303.5919,65676.0
2026-04-13 10:20:00,303.6418,304.0459,303.3474,304.0459,45226.0
2026-04-13 10:25:00,303.9561,304.1657,303.6767,303.8962,109324.0
2026-04-13 10:30:00,303.8763,304.5549,303.8663,304.3552,120612.0
2026-04-13 10:35:00,304.3054,304.3353,303.8563,304.1158,162989.0
2026-04-13 10:40:00,304.1158,304.2206,303.8663,304.031,70813.0
2026-04-13 10:45:00,304.1058,304.1457,303.8563,303.8563,34427.0
2026-04-13 10:50:00,303.8364,304.3653,303.8164,304.3254,45406.0
2026-04-13 10:55:00,304.3254,304.9341,304.2071,304.7644,115988.0
2026-04-13 11:00:00,304.7644,305.0139,304.5299,304.6771,48623.0
2026-04-13 11:05:00,304.6397,304.7295,304.1956,304.3752,76927.0
2026-04-13 11:10:00,304.3254,304.413,304.0858,304.3852,40378.0
2026-04-13 11:15:00,304.3553,305.0637,304.3553,304.8842,212135.0
2026-04-13 11:20:00,304.8842,305.0539,304.5649,304.5944,36904.0
2026-04-13 11:25:00,304.6123,305.0738,304.49,304.6946,93995.0
2026-04-13 11:30:00,304.7295,305.0638,304.6846,304.9541,84979.0
2026-04-13 11:35:00,304.9541,305.0239,304.7944,304.9591,37532.0
2026-04-13 11:40:00,305.0239,305.0239,304.7146,304.8143,30618.0
2026-04-13 11:45:00,304.8143,304.8143,304.1956,304.475,56096.0
2026-04-13 11:50:00,304.495,304.7944,304.3353,304.6347,75781.0
2026-04-13 11:55:00,304.6347,304.7644,304.3802,304.505,25620.0
2026-04-13 12:00:00,304.5499,304.6148,304.2156,304.4351,21419.0
2026-04-13 12:05:00,304.4052,304.9241,304.4052,304.7096,42825.0
2026-04-13 12:10:00,304.7245,305.3981,304.6764,305.3732,27940.0
2026-04-13 12:15:00,305.3981,305.7824,305.3832,305.5229,105773.0
2026-04-13 12:20:00,305.5229,305.6027,305.0738,305.5129,90269.0
2026-04-13 12:25:00,305.5179,305.7973,305.493,305.7474,54634.0
2026-04-13 12:30:00,305.7025,305.982,305.6127,305.8722,39103.0
2026-04-13 12:35:00,305.8223,306.3113,305.7524,305.8023,38054.0
2026-04-13 12:40:00,305.7624,305.8522,305.4031,305.6925,29620.0
2026-04-13 12:45:00,305.7075,306.3113,305.6726,306.0518,106167.0
2026-04-13 12:50:00,306.0518,306.5508,306.0019,306.2513,44736.0
2026-04-13 12:55:00,306.2215,306.2414,305.952,306.0418,33272.0
2026-04-13 13:00:00,306.0418,306.431,306.0219,306.3712,43456.0
2026-04-13 13:05:00,306.3811,306.6606,306.2913,306.5208,30835.0
2026-04-13 13:10:00,306.5408,306.6122,306.2614,306.5807,42695.0
2026-04-13 13:15:00,306.5408,306.7204,306.3712,306.5308,62944.0
2026-04-13 13:20:00,306.5508,306.5508,306.3113,306.3886,30781.0
2026-04-13 13:25:00,306.3811,306.5757,306.3113,306.5757,30567.0
2026-04-13 13:30:00,306.5807,306.684,306.3013,306.4112,43624.0
2026-04-13 13:35:00,306.431,306.6597,306.365,306.5658,53046.0
2026-04-13 13:40:00,306.5408,306.7204,306.3512,306.5009,79143.0
2026-04-13 13:45:00,306.451,306.7204,306.451,306.5308,33339.0
2026-04-13 13:50:00,306.5608,306.6705,306.456,306.6107,31756.0
2026-04-13 13:55:00,306.6107,306.7803,306.5408,306.7041,39050.0
2026-04-13 14:00:00,306.7005,307.1795,306.5807,306.9999,41710.0
2026-04-13 14:05:00,306.9799,307.3232,306.7913,307.2793,43300.0
2026-04-13 14:10:00,307.2543,307.5587,307.2294,307.3192,92987.0
2026-04-13 14:15:00,307.2992,307.3691,307.2493,307.2693,36016.0
2026-04-13 14:20:00,307.2493,307.6386,307.2493,307.5187,41363.0
2026-04-13 14:25:00,307.4889,307.4889,307.3292,307.3691,35851.0
2026-04-13 14:30:00,307.3791,307.5188,307.3192,307.414,39754.0
2026-04-13 14:35:00,307.414,307.414,307.1895,307.3791,31209.0
2026-04-13 14:40:00,307.399,307.404,307.1695,307.1695,31367.0
2026-04-13 14:45:00,307.1945,307.2294,306.9899,307.0747,20500.0
2026-04-13 14:50:00,307.0997,307.3042,307.0198,307.1995,22678.0
2026-04-13 14:55:00,307.1845,307.439,307.1396,307.3591,22472.0
2026-04-13 15:00:00,307.3192,307.4489,307.1795,307.2843,40304.0
2026-04-13 15:05:00,307.2793,307.3092,307.0298,307.1545,51227.0
2026-04-13 15:10:00,307.1795,307.2094,307.0149,307.0498,72072.0
2026-04-13 15:15:00,307.0298,307.4589,306.9809,307.4583,52590.0
2026-04-13 15:20:00,307.429,307.8581,307.429,307.489,80975.0
2026-04-13 15:25:00,307.5288,307.7783,307.4489,307.6435,62994.0
2026-04-13 15:30:00,307.6485,308.1275,307.5787,307.888,85283.0
2026-04-13 15:35:00,307.8781,308.4369,307.8781,308.2922,91922.0
2026-04-13 15:40:00,308.2822,308.3321,307.9878,308.0677,87573.0
2026-04-13 15:45:00,308.0677,308.0876,307.7433,307.8381,97314.0
2026-04-13 15:50:00,307.8381,308.6365,307.8282,308.5267,220332.0
2026-04-13 15:55:00,308.5167,309.1155,308.5018,308.6764,553270.0
2026-04-14 09:30:00,307.8381,310.8618,306.8601,310.6574,226715.0
2026-04-14 09:35:00,310.6623,311.4807,309.8141,311.1713,111605.0
2026-04-14 09:40:00,311.0865,311.1813,309.6694,309.9738,87769.0
2026-04-14 09:45:00,310.1035,310.333,309.4648,310.0536,63502.0
2026-04-14 09:50:00,310.0486,310.1149,309.0457,309.5197,52695.0
2026-04-14 09:55:00,309.5646,310.5027,309.5596,310.353,77352.0
2026-04-14 10:00:00,310.353,310.4827,310.0386,310.0736,80783.0
2026-04-14 10:05:00,310.1135,310.4129,310.0037,310.323,41739.0
2026-04-14 10:10:00,310.2731,310.4827,310.1135,310.3181,64824.0
2026-04-14 10:15:00,310.2931,310.353,309.9139,309.9738,50058.0
2026-04-14 10:20:00,310.0137,310.1035,309.5646,309.6993,45149.0
2026-04-14 10:25:00,309.6993,310.0935,309.5796,309.6121,39433.0
2026-04-14 10:30:00,309.6145,309.8938,309.5746,309.7542,50386.0
2026-04-14 10:35:00,309.7841,310.1833,309.7542,309.9039,115256.0
2026-04-14 10:40:00,309.9638,310.3629,309.854,310.2831,55603.0
2026-04-14 10:45:00,310.2333,310.9019,310.2333,310.4628,68821.0
2026-04-14 10:50:00,310.4927,310.5925,310.0536,310.3131,102267.0
2026-04-14 10:55:00,310.348,310.6423,310.0101,310.0286,63027.0
2026-04-14 11:00:00,310.0636,310.3181,309.864,310.0736,54638.0
2026-04-14 11:05:00,310.0736,310.2432,309.864,309.9388,52120.0
2026-04-14 11:10:00,309.9239,309.9937,309.5147,309.6245,55413.0
2026-04-14 11:15:00,309.6519,309.849,309.5446,309.7642,51065.0
2026-04-14 11:20:00,309.7442,309.854,309.5546,309.6219,51480.0
2026-04-14 11:25:00,309.6095,309.9937,309.6095,309.9089,60917.0
2026-04-14 11:30:00,309.8839,310.0237,309.6844,310.0037,48770.0
2026-04-14 11:35:00,309.9787,310.1533,309.7642,309.9343,62504.0
2026-04-14 11:40:00,309.8939,310.2133,309.864,310.0935,38790.0
2026-04-14 11:45:00,310.0835,310.2232,309.9239,309.9837,32463.0
2026-04-14 11:50:00,310.0137,310.2532,309.9447,310.1833,58747.0
2026-04-14 11:55:00,310.1833,310.5027,310.1733,310.4428,60896.0
2026-04-14 12:00:00,310.4428,310.4927,310.0736,310.2037,32892.0
2026-04-14 12:05:00,310.2125,310.2472,309.9838,310.2133,25677.0
2026-04-14 12:10:00,310.2133,310.353,310.0636,310.2931,48619.0
2026-04-14 12:15:00,310.3181,310.3181,309.864,310.0237,35552.0
2026-04-14 12:20:00,310.0934,310.1933,309.9039,310.0237,62496.0
2026-04-14 12:25:00,310.0235,310.3729,309.9937,310.2532,37352.0
2026-04-14 12:30:00,310.2432,310.4827,310.2432,310.2632,51968.0
2026-04-14 12:35:00,310.2931,310.4528,310.1933,310.2232,34581.0
2026-04-14 12:40:00,310.2482,310.353,310.0336,310.1434,35574.0
2026-04-14 12:45:00,310.1883,310.353,310.0835,310.0835,30234.0
2026-04-14 12:50:00,310.0885,310.1234,309.8241,309.9139,31657.0
2026-04-14 12:55:00,309.9239,309.9987,309.8141,309.9588,25345.0
2026-04-14 13:00:00,309.9239,310.348,309.9139,310.0935,49298.0
2026-04-14 13:05:00,310.1035,310.2632,310.0736,310.1434,17345.0
2026-04-14 13:10:00,310.1534,310.2632,310.0636,310.1384,27913.0
2026-04-14 13:15:00,310.1384,310.363,310.0885,310.363,25663.0
2026-04-14 13:20:00,310.333,310.5775,310.2632,310.4428,63264.0
2026-04-14 13:25:00,310.4428,310.5725,310.343,310.4628,58330.0
2026-04-14 13:30:00,310.4428,310.5925,310.3929,310.4328,35500.0
2026-04-14 13:35:00,310.4328,310.5226,310.1833,310.2133,46759.0
2026-04-14 13:40:00,310.2781,310.4228,310.2347,310.3879,32602.0
2026-04-14 13:45:00,310.3879,310.5226,310.323,310.4228,38833.0
2026-04-14 13:50:00,310.4129,310.6564,310.3929,310.6374,40702.0
2026-04-14 13:55:00,310.6124,310.6524,310.5226,310.5625,44889.0
2026-04-14 14:00:00,310.5625,310.9917,310.5326,310.8919,40535.0
2026-04-14 14:05:00,310.8719,310.8919,310.6723,310.8021,36790.0
2026-04-14 14:10:00,310.7771,310.807,310.6524,310.6998,29912.0
2026-04-14 14:15:00,310.6973,310.7522,310.1035,310.2232,39376.0
2026-04-14 14:20:00,310.2232,310.2831,309.864,309.9239,46302.0
2026-04-14 14:25:00,309.8939,310.1307,309.8141,310.0237,25266.0
2026-04-14 14:30:00,310.0237,310.1933,309.9937,310.0486,32879.0
2026-04-14 14:35:00,310.0486,310.2033,310.0138,310.1733,49060.0
2026-04-14 14:40:00,310.1434,310.2232,309.8839,309.8989,24897.0
2026-04-14 14:45:00,309.8989,310.0536,309.7792,309.7792,29547.0
2026-04-14 14:50:00,309.7792,309.9239,309.6245,309.7442,39210.0
2026-04-14 14:55:00,309.7742,309.9538,309.7342,309.9039,20676.0
2026-04-14 15:00:00,309.854,310.1292,309.7642,309.9937,32945.0
2026-04-14 15:05:00,309.9638,310.1334,309.9438,310.0835,31778.0
2026-04-14 15:10:00,310.0835,310.2531,310.0736,310.1185,28182.0
2026-04-14 15:15:00,310.1234,310.3031,310.1035,310.2432,30444.0
2026-04-14 15:20:00,310.2232,310.3131,310.1571,310.2482,32678.0
2026-04-14 15:25:00,310.2632,310.7122,310.2436,310.6823,37549.0
2026-04-14 15:30:00,310.6923,310.8956,310.6424,310.6832,64559.0
2026-04-14 15:35:00,310.6723,310.7422,310.4827,310.5825,47024.0
2026-04-14 15:40:00,310.5625,310.5825,310.4129,310.5226,61716.0
2026-04-14 15:45:00,310.5027,310.7422,310.363,310.7322,59286.0
2026-04-14 15:50:00,310.7522,310.8819,310.5725,310.7921,75280.0
2026-04-14 15:55:00,310.832,310.9917,310.5625,310.7871,253339.0
2026-04-15 09:30:00,312.3589,313.2371,311.1613,312.2042,260559.0
2026-04-15 09:35:00,312.1792,313.1373,312.1493,312.7381,106222.0
2026-04-15 09:40:00,312.7675,313.1223,312.0844,312.1443,79228.0
2026-04-15 09:45:00,312.1493,312.9676,311.6603,311.81,71141.0
2026-04-15 09:50:00,311.79,312.4587,311.5455,311.7003,58676.0
2026-04-15 09:55:00,311.7002,312.4387,311.4607,311.5705,54175.0
2026-04-15 10:00:00,311.7152,311.7701,310.8819,310.9567,51410.0
2026-04-15 10:05:00,311.0016,311.4308,310.8819,311.1314,76570.0
2026-04-15 10:10:00,311.2012,311.8,311.1613,311.7401,66451.0
2026-04-15 10:15:00,311.7302,312.4187,311.7202,312.309,61965.0
2026-04-15 10:20:00,312.267,312.3589,311.9179,312.0894,52054.0
2026-04-15 10:25:00,312.0196,312.1891,311.78,312.1093,35900.0
2026-04-15 10:30:00,312.0395,312.1421,311.8699,311.9498,38901.0
2026-04-15 10:35:00,312.0435,312.0495,311.7152,311.7152,31360.0
2026-04-15 10:40:00,311.7152,311.9497,311.7152,311.8,37515.0
2026-04-15 10:45:00,311.8399,312.1194,311.7501,311.9896,50617.0
2026-04-15 10:50:00,312.0196,312.1493,311.8798,311.9497,42035.0
2026-04-15 10:55:00,311.8798,312.284,311.8699,312.2042,46303.0
2026-04-15 11:00:00,312.2092,312.5285,312.1468,312.2291,59700.0
2026-04-15 11:05:00,312.279,312.3788,311.8998,311.9497,24434.0
2026-04-15 11:10:00,311.9672,312.1543,311.8399,311.9896,39566.0
2026-04-15 11:15:00,311.9796,312.2491,311.8998,312.1693,23988.0
2026-04-15 11:20:00,312.1593,312.6233,312.1393,312.3688,34894.0
2026-04-15 11:25:00,312.3988,312.9077,312.3888,312.8678,44093.0
2026-04-15 11:30:00,312.9077,313.1522,312.7681,312.8998,25963.0
2026-04-15 11:35:00,312.8179,313.1323,312.768,313.1023,55718.0
2026-04-15 11:40:00,313.1273,313.1472,312.5785,312.5895,31648.0
2026-04-15 11:45:00,312.6283,312.758,312.4887,312.6283,30190.0
2026-04-15 11:50:00,312.708,313.0274,312.6333,313.0075,27936.0
2026-04-15 11:55:00,312.9077,313.4441,312.8279,313.0674,99562.0
2026-04-15 12:00:00,313.0674,313.4466,312.9526,313.4167,26565.0
2026-04-15 12:05:00,313.4416,313.5794,313.3468,313.3967,36062.0
2026-04-15 12:10:00,313.3967,313.5564,313.287,313.4267,31406.0
2026-04-15 12:15:00,313.4067,313.5664,313.2271,313.5414,51641.0
2026-04-15 12:20:00,313.5414,313.5863,313.3868,313.5614,32229.0
2026-04-15 12:25:00,313.5664,313.6362,313.3568,313.5464,32310.0
2026-04-15 12:30:00,313.5564,314.0178,313.5115,313.9356,34859.0
2026-04-15 12:35:00,313.9441,314.245,313.8957,314.1034,59148.0
2026-04-15 12:40:00,314.0953,314.1701,313.746,313.7859,33553.0
2026-04-15 12:45:00,313.7859,314.1452,313.7161,314.0554,19750.0
2026-04-15 12:50:00,314.1402,314.4546,314.0953,314.225,40604.0
2026-04-15 12:55:00,314.225,314.2649,314.0155,314.1352,20517.0
2026-04-15 13:00:00,314.1851,314.3448,314.0953,314.22,15717.0
2026-04-15 13:05:00,314.235,314.8238,314.2151,314.8238,29360.0
2026-04-15 13:10:00,314.7939,314.9035,314.2051,314.235,33609.0
2026-04-15 13:15:00,314.23,314.6192,314.23,314.5394,30395.0
2026-04-15 13:20:00,314.5394,314.7539,314.5268,314.734,16489.0
2026-04-15 13:25:00,314.7639,314.8238,314.6741,314.8238,17610.0
2026-04-15 13:30:00,314.7739,314.7989,314.6242,314.7939,23015.0
2026-04-15 13:35:00,314.7839,314.9535,314.6342,314.744,24116.0
2026-04-15 13:40:00,314.729,315.0733,314.7188,315.0733,24807.0
2026-04-15 13:45:00,315.0483,315.0982,314.7839,314.8038,21599.0
2026-04-15 13:50:00,314.8043,314.9236,314.7539,314.8138,22786.0
2026-04-15 13:55:00,314.7939,314.8124,314.5244,314.6142,23701.0
2026-04-15 14:00:00,314.6542,315.0234,314.5853,314.9386,28214.0
2026-04-15 14:05:00,314.9387,314.962,314.6741,314.9115,46495.0
2026-04-15 14:10:00,314.9336,314.9835,314.7739,314.9535,18956.0
2026-04-15 14:15:00,314.9585,315.1731,314.8837,314.9984,37291.0
2026-04-15 14:20:00,315.0234,315.1431,314.9236,315.0633,29755.0
2026-04-15 14:25:00,315.0633,315.1032,314.9535,315.0783,19015.0
2026-04-15 14:30:00,315.0573,315.1731,314.8395,315.1187,37558.0
2026-04-15 14:35:00,315.0932,315.203,314.8986,315.0533,36047.0
2026-04-15 14:40:00,315.0334,315.1032,314.9236,314.9935,49747.0
2026-04-15 14:45:00,315.0159,315.3328,315.0059,315.2679,27217.0
2026-04-15 14:50:00,315.2928,315.4425,315.2629,315.4176,37455.0
2026-04-15 14:55:00,315.4176,315.5124,315.273,315.4825,38812.0
2026-04-15 15:00:00,315.4924,315.8916,315.4625,315.8517,37120.0
2026-04-15 15:05:00,315.8617,315.9215,315.6722,315.8816,41312.0
2026-04-15 15:10:00,315.8817,316.0812,315.6321,315.682,57127.0
2026-04-15 15:15:00,315.6571,315.697,315.4825,315.5224,58497.0
2026-04-15 15:20:00,315.5274,315.6621,315.4326,315.4425,41204.0
2026-04-15 15:25:00,315.5024,315.6321,315.3527,315.4525,44779.0
2026-04-15 15:30:00,315.4326,315.5723,315.2629,315.5523,62621.0
2026-04-15 15:35:00,315.5573,315.5573,315.2629,315.3727,48571.0
2026-04-15 15:40:00,315.3427,315.5573,315.3028,315.3028,68024.0
2026-04-15 15:45:00,315.3028,315.6421,315.2579,315.3926,75334.0
2026-04-15 15:50:00,315.4126,315.5922,315.0434,315.5922,116251.0
2026-04-15 15:55:00,315.6222,315.9215,315.223,315.3028,334444.0
2026-04-16 09:30:00,315.702,317.3486,315.1631,315.9365,212046.0
2026-04-16 09:35:00,315.9265,316.5602,315.5124,315.8067,47819.0
2026-04-16 09:40:00,315.8721,315.8721,314.9935,315.652,75033.0
2026-04-16 09:45:00,315.5773,315.7419,315.0134,315.4026,38984.0
2026-04-16 09:50:00,315.3926,315.5373,314.9536,315.0733,54212.0
2026-04-16 09:55:00,315.0833,315.5523,314.704,314.8238,69584.0
2026-04-16 10:00:00,314.8737,314.9785,314.2773,314.6641,72511.0
2026-04-16 10:05:00,314.6542,314.8981,314.3847,314.6442,50039.0
2026-04-16 10:10:00,314.6741,314.8088,314.1053,314.4346,53959.0
2026-04-16 10:15:00,314.4945,314.8537,314.4446,314.704,35473.0
2026-04-16 10:20:00,314.724,314.8215,314.3647,314.3847,45179.0
2026-04-16 10:25:00,314.3548,314.4246,314.1252,314.2649,31421.0
2026-04-16 10:30:00,314.26,314.4945,314.1652,314.2549,26535.0
2026-04-16 10:35:00,314.225,314.3398,313.9656,313.9855,32319.0
2026-04-16 10:40:00,314.0504,314.1901,313.9256,314.0953,24818.0
2026-04-16 10:45:00,314.0953,314.3997,314.0354,314.3598,31361.0
2026-04-16 10:50:00,314.3598,314.5144,314.26,314.3298,37170.0
2026-04-16 10:55:00,314.3049,314.4745,314.1751,314.2699,29503.0
2026-04-16 11:00:00,314.3049,314.4346,314.1652,314.2224,31577.0
2026-04-16 11:05:00,314.1951,314.4745,314.0753,314.3647,41483.0
2026-04-16 11:10:00,314.3747,314.7539,314.3348,314.6941,30917.0
2026-04-16 11:15:00,314.7215,315.1131,314.719,314.8088,40575.0
2026-04-16 11:20:00,314.8088,315.193,314.8038,315.1232,47023.0
2026-04-16 11:25:00,315.1132,315.2829,314.8038,314.9835,38229.0
2026-04-16 11:30:00,315.0434,315.198,314.7839,314.8837,24894.0
2026-04-16 11:35:00,314.9036,315.3426,314.7739,315.0232,45236.0
2026-04-16 11:40:00,315.0434,315.198,314.8138,314.9236,19374.0
2026-04-16 11:45:00,314.8737,315.238,314.8339,315.1082,24089.0
2026-04-16 11:50:00,315.1082,315.2779,315.0334,315.1731,29986.0
2026-04-16 11:55:00,315.1631,315.5224,315.1631,315.522,28337.0
2026-04-16 12:00:00,315.4878,315.7619,315.4726,315.7619,34897.0
2026-04-16 12:05:00,315.7619,315.7619,315.4885,315.6272,23094.0
2026-04-16 12:10:00,315.6222,315.6521,315.4924,315.5473,23879.0
2026-04-16 12:15:00,315.5473,315.8417,315.5224,315.682,53963.0
2026-04-16 12:20:00,315.7278,315.7619,315.3028,315.5323,24611.0
2026-04-16 12:25:00,315.4924,315.5523,315.3329,315.4924,29777.0
2026-04-16 12:30:00,315.5323,315.6646,315.1531,315.3727,55177.0
2026-04-16 12:35:00,315.3918,315.6022,315.3328,315.5024,25374.0
2026-04-16 12:40:00,315.5024,315.6122,315.3533,315.6022,23706.0
2026-04-16 12:45:00,315.5922,315.8317,315.5423,315.702,23962.0
2026-04-16 12:50:00,315.6521,315.722,315.4126,315.4725,21437.0
2026-04-16 12:55:00,315.5024,315.5922,315.4326,315.4326,19174.0
2026-04-16 13:00:00,315.4326,315.5323,315.2629,315.3727,25637.0
2026-04-16 13:05:00,315.3727,315.4318,315.223,315.3552,20401.0
2026-04-16 13:10:00,315.3577,315.4433,315.1032,315.1681,25370.0
2026-04-16 13:15:00,315.1531,315.2529,314.9485,315.0533,22465.0
2026-04-16 13:20:00,315.0733,315.1831,314.9036,315.1831,18955.0
2026-04-16 13:25:00,315.1232,315.2829,315.0533,315.1481,24928.0
2026-04-16 13:30:00,315.1481,315.4326,315.1481,315.3178,19947.0
2026-04-16 13:35:00,315.3178,315.4226,315.223,315.4226,17004.0
2026-04-16 13:40:00,315.4326,315.5622,315.3926,315.5224,23414.0
2026-04-16 13:45:00,315.5373,315.5822,315.4525,315.5227,16569.0
2026-04-16 13:50:00,315.5224,315.5723,315.4026,315.4301,22026.0
2026-04-16 13:55:00,315.4126,315.5074,315.2629,315.5074,26555.0
2026-04-16 14:00:00,315.5074,315.9116,315.4725,315.682,25351.0
2026-04-16 14:05:00,315.6421,315.8317,315.6222,315.8317,21039.0
2026-04-16 14:10:00,315.8317,315.8417,315.6521,315.7519,22704.0
2026-04-16 14:15:00,315.722,315.8218,315.6321,315.6721,18369.0
2026-04-16 14:20:00,315.692,315.7817,315.6721,315.682,20354.0
2026-04-16 14:25:00,315.702,315.7719,315.5024,315.5024,30315.0
2026-04-16 14:30:00,315.4924,315.6721,315.3936,315.4425,54295.0
2026-04-16 14:35:00,315.4375,315.4375,315.1831,315.1831,21279.0
2026-04-16 14:40:00,315.198,315.2629,315.1247,315.2429,23945.0
2026-04-16 14:45:00,315.233,315.3527,315.1831,315.2679,22670.0
2026-04-16 14:50:00,315.2679,315.3727,315.223,315.2629,33242.0
2026-04-16 14:55:00,315.2579,315.3527,315.223,315.3028,27023.0
2026-04-16 15:00:00,315.3228,315.4625,315.193,315.3128,48956.0
2026-04-16 15:05:00,315.3228,315.6621,315.1831,315.6222,68595.0
2026-04-16 15:10:00,315.6321,315.7319,315.4825,315.5124,42585.0
2026-04-16 15:15:00,315.5323,315.6021,315.4126,315.5274,30515.0
2026-04-16 15:20:00,315.5124,315.6022,315.4625,315.5573,31991.0
2026-04-16 15:25:00,315.5428,315.611,315.3926,315.5124,38495.0
2026-04-16 15:30:00,315.5124,315.5523,315.193,315.3427,73040.0
2026-04-16 15:35:00,315.3377,315.4326,315.1531,315.2429,42649.0
2026-04-16 15:40:00,315.2479,315.2925,314.9735,315.0284,55269.0
2026-04-16 15:45:00,315.0134,315.1831,314.9236,315.1731,113407.0
2026-04-16 15:50:00,315.1731,315.5523,315.0034,315.3328,216097.0
2026-04-16 15:55:00,315.2928,315.2928,314.3548,314.4446,457216.0
2026-04-17 09:30:00,315.9515,316.9295,314.9436,316.4804,648854.0
2026-04-17 09:35:00,316.4804,316.7997,315.702,315.8118,144840.0
2026-04-17 09:40:00,315.7479,316.0812,314.6242,315.2939,124218.0
2026-04-17 09:45:00,315.233,316.0014,314.5344,315.1731,104290.0
2026-04-17 09:50:00,315.1731,316.0712,315.1631,315.8474,69163.0
2026-04-17 09:55:00,315.8517,316.5802,315.8218,316.3307,191488.0
2026-04-17 10:00:00,316.2908,316.4804,315.8816,316.4604,84956.0
2026-04-17 10:05:00,316.4604,316.4729,315.8517,316.0413,55915.0
2026-04-17 10:10:00,316.0114,316.3307,315.9116,316.1611,120205.0
2026-04-17 10:15:00,316.166,316.4405,316.0912,316.3507,67255.0
2026-04-17 10:20:00,316.3507,316.6501,316.2609,316.4954,151198.0
2026-04-17 10:25:00,316.5103,316.5103,316.0114,316.2409,86698.0
2026-04-17 10:30:00,316.3008,316.8397,316.0014,316.7598,126402.0
2026-04-17 10:35:00,316.7399,317.2089,316.5902,317.1241,84026.0
2026-04-17 10:40:00,317.0792,317.3786,316.9395,317.3786,91782.0
2026-04-17 10:45:00,317.3786,318.0871,317.3586,318.0073,136403.0
2026-04-17 10:50:00,318.0771,318.5162,318.0272,318.4264,73492.0
2026-04-17 10:55:00,318.4064,318.5262,318.0572,318.1869,79405.0
2026-04-17 11:00:00,318.2069,318.5462,318.157,318.5013,176585.0
2026-04-17 11:05:00,318.4563,318.7857,318.137,318.2025,53273.0
2026-04-17 11:10:00,318.1378,318.1693,317.1341,317.1889,77036.0
2026-04-17 11:15:00,317.179,317.2189,316.4305,316.5103,63786.0
2026-04-17 11:20:00,316.5103,316.5702,316.1511,316.3606,73127.0
2026-04-17 11:25:00,316.3557,316.3606,315.8617,315.9265,64304.0
2026-04-17 11:30:00,315.8966,316.1561,315.7469,316.1511,80224.0
2026-04-17 11:35:00,316.1112,316.6501,316.0912,316.6351,66517.0
2026-04-17 11:40:00,316.6599,316.69,316.1411,316.196,78071.0
2026-04-17 11:45:00,316.171,316.8197,316.0812,316.7806,49136.0
2026-04-17 11:50:00,316.8097,317.3386,316.7997,317.1889,53905.0
2026-04-17 11:55:00,317.2089,317.628,317.159,317.4085,83492.0
2026-04-17 12:00:00,317.4125,317.5283,317.2588,317.4185,61272.0
2026-04-17 12:05:00,317.4135,317.4684,316.6951,316.7598,76502.0
2026-04-17 12:10:00,316.7798,317.1889,316.7399,316.9095,61041.0
2026-04-17 12:15:00,316.9295,317.0692,316.7798,317.0692,40430.0
2026-04-17 12:20:00,317.0692,317.2987,316.9494,317.165,68457.0
2026-04-17 12:25:00,317.1889,317.2289,316.8596,316.9894,43872.0
2026-04-17 12:30:00,317.0099,317.3187,316.9395,317.1091,61089.0
2026-04-17 12:35:00,317.1091,317.2488,317.0193,317.1191,43638.0
2026-04-17 12:40:00,317.0892,317.5682,317.0692,317.4983,57515.0
2026-04-17 12:45:00,317.4784,317.8077,317.4684,317.5482,79656.0
2026-04-17 12:50:00,317.5881,317.668,317.3885,317.5183,77653.0
2026-04-17 12:55:00,317.5183,317.6353,317.4085,317.5781,48197.0
2026-04-17 13:00:00,317.6081,317.7727,317.4484,317.5482,49238.0
2026-04-17 13:05:00,317.5482,317.658,317.0692,317.4584,51428.0
2026-04-17 13:10:00,317.4484,317.4883,316.8297,317.0093,39477.0
2026-04-17 13:15:00,316.9894,316.9993,316.7199,316.7299,49747.0
2026-04-17 13:20:00,316.7299,316.7299,315.7319,315.8916,64607.0
2026-04-17 13:25:00,315.9265,316.191,315.8417,316.1411,47283.0
2026-04-17 13:30:00,316.171,316.4704,316.1318,316.1623,41345.0
2026-04-17 13:35:00,316.1511,316.3507,316.0114,316.0812,30620.0
2026-04-17 13:40:00,316.0513,316.1211,315.722,316.0588,48428.0
2026-04-17 13:45:00,316.0887,316.3706,315.9814,316.0912,42158.0
2026-04-17 13:50:00,316.1211,316.4704,316.0613,316.4577,38595.0
2026-04-17 13:55:00,316.4305,316.7697,316.4305,316.5403,34825.0
2026-04-17 14:00:00,316.5702,316.5702,316.1311,316.246,33782.0
2026-04-17 14:05:00,316.2459,316.2609,315.8916,316.0712,61315.0
2026-04-17 14:10:00,316.0812,316.1611,315.8118,315.8916,32340.0
2026-04-17 14:15:00,315.8916,316.0513,315.8617,315.9315,45623.0
2026-04-17 14:20:00,315.9355,315.9864,315.6421,315.9864,64627.0
2026-04-17 14:25:00,315.9764,316.3207,315.8517,316.0413,57878.0
2026-04-17 14:30:00,316.0313,316.201,316.0114,316.1112,28682.0
2026-04-17 14:35:00,316.1112,316.2609,315.9814,316.0114,33906.0
2026-04-17 14:40:00,316.0313,316.1211,315.9116,316.1211,36896.0
2026-04-17 14:45:00,316.1012,316.211,315.8816,316.1611,29324.0
2026-04-17 14:50:00,316.171,316.2209,315.9515,316.0762,31856.0
2026-04-17 14:55:00,316.1012,316.1611,315.9016,315.9016,37839.0
2026-04-17 15:00:00,315.9137,316.2808,315.8816,316.1211,32616.0
2026-04-17 15:05:00,316.1411,316.211,315.9814,316.1012,38492.0
2026-04-17 15:10:00,316.1012,316.1311,315.9914,316.0413,38812.0
2026-04-17 15:15:00,316.0513,316.5303,316.0513,316.3457,53772.0
2026-04-17 15:20:00,316.3407,316.4255,316.2209,316.3407,47157.0
2026-04-17 15:25:00,316.3307,316.4904,316.2808,316.3906,82737.0
2026-04-17 15:30:00,316.3856,316.5004,316.3307,316.4405,64605.0
2026-04-17 15:35:00,316.4405,316.5702,316.3407,316.3806,81358.0
2026-04-17 15:40:00,316.3706,316.5303,316.2808,316.5303,82763.0
2026-04-17 15:45:00,316.5253,316.5752,316.2808,316.4604,105987.0
2026-04-17 15:50:00,316.4604,317.1191,316.3806,317.1091,181447.0
2026-04-17 15:55:00,317.1091,317.139,316.3507,316.3706,404125.0
2026-04-20 09:30:00,315.7519,316.3407,315.1831,315.9615,129942.0
2026-04-20 09:35:00,315.9116,316.8981,315.8717,315.9809,62131.0
2026-04-20 09:40:00,315.9559,315.9559,314.1851,314.4745,79446.0
2026-04-20 09:45:00,314.5693,315.3228,314.3049,315.3228,73040.0
2026-04-20 09:50:00,315.3328,316.0238,315.0334,315.8417,39256.0
2026-04-20 09:55:00,315.7488,315.9614,315.3028,315.6421,31935.0
2026-04-20 10:00:00,315.6122,315.692,315.0483,315.4026,39635.0
2026-04-20 10:05:00,315.4525,315.4525,314.8537,314.9436,41268.0
2026-04-20 10:10:00,314.9037,315.0483,314.5245,314.8887,52001.0
2026-04-20 10:15:00,314.9535,315.0079,314.4446,314.5643,49946.0
2026-04-20 10:20:00,314.4945,314.6242,314.1252,314.5593,44512.0
2026-04-20 10:25:00,314.4845,314.8937,314.4845,314.5593,45141.0
2026-04-20 10:30:00,314.6142,314.8038,314.3747,314.5045,72427.0
2026-04-20 10:35:00,314.4945,314.6841,314.3548,314.4097,46010.0
2026-04-20 10:40:00,314.4446,314.6542,314.0155,314.0504,46247.0
2026-04-20 10:45:00,314.0155,314.4346,313.8147,314.4346,36362.0
2026-04-20 10:50:00,314.3667,314.4945,313.267,314.0454,107554.0
2026-04-20 10:55:00,314.0404,314.1652,313.8857,313.9057,36646.0
2026-04-20 11:00:00,313.9556,314.0554,313.736,314.0254,38146.0
2026-04-20 11:05:00,314.0853,314.185,313.736,313.751,41610.0
2026-04-20 11:10:00,313.756,313.9356,313.257,313.8249,66407.0
2026-04-20 11:15:00,313.8608,313.8926,313.3968,313.6312,36806.0
2026-04-20 11:20:00,313.6312,313.8458,313.4167,313.756,27135.0
2026-04-20 11:25:00,313.7848,313.9057,313.4017,313.7061,36243.0
2026-04-20 11:30:00,313.6612,313.7959,313.0474,313.0774,41420.0
2026-04-20 11:35:00,313.0824,313.1373,312.5984,312.6283,50717.0
2026-04-20 11:40:00,312.6632,313.3369,312.5884,313.3369,46486.0
2026-04-20 11:45:00,313.247,313.6263,313.0075,313.4616,30608.0
2026-04-20 11:50:00,313.4067,313.6861,313.247,313.5364,61727.0
2026-04-20 11:55:00,313.4965,313.5215,313.257,313.3319,37227.0
2026-04-20 12:00:00,313.3319,313.3868,313.0225,313.0624,26218.0
2026-04-20 12:05:00,313.0624,313.0624,312.6083,312.6483,27654.0
2026-04-20 12:10:00,312.6433,312.8978,312.6283,312.778,19234.0
2026-04-20 12:15:00,312.8179,312.8978,312.6183,312.8578,26038.0
2026-04-20 12:20:00,312.8578,312.9476,312.7481,312.8279,19505.0
2026-04-20 12:25:00,312.8578,312.9976,312.778,312.793,28501.0
2026-04-20 12:30:00,312.793,312.8379,312.6083,312.6083,29709.0
2026-04-20 12:35:00,312.6158,312.6158,312.319,312.4087,25354.0
2026-04-20 12:40:00,312.3489,312.5984,312.2092,312.5585,24083.0
2026-04-20 12:45:00,312.5984,312.6282,312.4287,312.5784,26514.0
2026-04-20 12:50:00,312.5834,312.7768,312.5684,312.6932,19396.0
2026-04-20 12:55:00,312.7081,312.7768,312.5984,312.6011,21069.0
2026-04-20 13:00:00,312.6183,312.6781,312.3988,312.4786,38505.0
2026-04-20 13:05:00,312.4636,312.6383,312.3688,312.3888,22101.0
2026-04-20 13:10:00,312.3688,312.5385,312.1792,312.5185,59867.0
2026-04-20 13:15:00,312.5485,312.5684,312.3589,312.5036,47940.0
2026-04-20 13:20:00,312.5086,312.8778,312.4587,312.6982,27688.0
2026-04-20 13:25:00,312.7081,312.8628,312.4587,312.798,29331.0
2026-04-20 13:30:00,312.788,313.1572,312.758,313.0874,29255.0
2026-04-20 13:35:00,313.1123,313.1572,312.8079,312.8678,31368.0
2026-04-20 13:40:00,312.8678,312.9576,312.4886,312.5212,26625.0
2026-04-20 13:45:00,312.5684,312.6083,312.4287,312.4537,23664.0
2026-04-20 13:50:00,312.4537,312.4562,312.2541,312.294,69520.0
2026-04-20 13:55:00,312.294,312.3988,312.2142,312.289,32033.0
2026-04-20 14:00:00,312.299,312.3339,312.0994,312.279,83935.0
2026-04-20 14:05:00,312.299,312.4487,312.2391,312.2441,57218.0
2026-04-20 14:10:00,312.2391,312.309,312.0595,312.279,115967.0
2026-04-20 14:15:00,312.269,312.5099,312.2491,312.4791,89587.0
2026-04-20 14:20:00,312.4786,312.5684,312.4184,312.5036,62144.0
2026-04-20 14:25:00,312.5036,312.5185,312.1892,312.3289,38530.0
2026-04-20 14:30:00,312.3489,312.3589,311.9198,312.0794,78709.0
2026-04-20 14:35:00,312.0744,312.4672,311.9796,312.2541,117655.0
2026-04-20 14:40:00,312.2641,312.3289,312.0395,312.2591,42795.0
2026-04-20 14:45:00,312.2391,312.2391,311.7202,311.8998,38930.0
2026-04-20 14:50:00,311.8998,312.0295,311.82,311.9447,31288.0
2026-04-20 14:55:00,311.9447,312.1593,311.7102,312.0894,61255.0
2026-04-20 15:00:00,312.0894,312.2591,311.9198,312.2191,48670.0
2026-04-20 15:05:00,312.2291,312.5984,311.9297,312.4187,227567.0
2026-04-20 15:10:00,312.4088,312.4487,312.1393,312.1393,52588.0
2026-04-20 15:15:00,312.1892,312.4187,312.1693,312.3539,55116.0
2026-04-20 15:20:00,312.3539,312.7381,312.3539,312.7231,66862.0
2026-04-20 15:25:00,312.7481,313.0474,312.6483,312.8728,59573.0
2026-04-20 15:30:00,312.8728,313.242,312.8678,313.0724,74516.0
2026-04-20 15:35:00,313.0674,313.5065,313.0574,313.3668,64970.0
2026-04-20 15:40:00,313.3369,313.4566,313.0275,313.2071,74320.0
2026-04-20 15:45:00,313.1872,313.3868,313.1173,313.257,89349.0
2026-04-20 15:50:00,313.257,313.5764,313.1522,313.4616,114110.0
2026-04-20 15:55:00,313.4766,313.8059,313.3169,313.3269,438514.0
2026-04-21 09:30:00,313.3668,313.756,312.3589,313.5764,146067.0
2026-04-21 09:35:00,313.6662,313.7859,312.6483,312.7231,49491.0
2026-04-21 09:40:00,312.7003,314.2051,312.6326,314.0703,48564.0
2026-04-21 09:45:00,314.0703,315.6521,314.0703,315.6521,103980.0
2026-04-21 09:50:00,315.6621,316.2409,315.4726,315.8118,71834.0
2026-04-21 09:55:00,315.692,315.717,315.3128,315.3328,102584.0
2026-04-21 10:00:00,315.3228,315.7419,315.0733,315.0733,78218.0
2026-04-21 10:05:00,315.1032,315.223,314.6442,314.8288,55774.0
2026-04-21 10:10:00,314.8338,314.8338,314.1652,314.3198,67564.0
2026-04-21 10:15:00,314.2999,314.3747,313.242,313.242,62772.0
2026-04-21 10:20:00,313.242,313.3069,312.798,312.9475,86843.0
2026-04-21 10:25:00,312.8578,313.2171,312.8379,313.1572,76587.0
2026-04-21 10:30:00,313.1273,313.1672,312.6782,312.778,116381.0
2026-04-21 10:35:00,312.7281,312.793,312.0994,312.1293,77157.0
2026-04-21 10:40:00,312.1094,312.1493,311.4807,311.5805,78549.0
2026-04-21 10:45:00,311.5605,311.6204,311.2412,311.311,86710.0
2026-04-21 10:50:00,311.331,311.7501,311.311,311.5805,60875.0
2026-04-21 10:55:00,311.6004,311.6004,311.0516,311.0516,56494.0
2026-04-21 11:00:00,311.0715,311.1314,310.4129,310.4927,101398.0
2026-04-21 11:05:00,310.4927,310.7172,310.363,310.7122,61715.0
2026-04-21 11:10:00,310.7122,310.812,310.4628,310.6324,54374.0
2026-04-21 11:15:00,310.6623,310.7621,310.2133,310.5127,92816.0
2026-04-21 11:20:00,310.5127,310.842,310.2831,310.5725,87963.0
2026-04-21 11:25:00,310.5027,310.6124,310.1434,310.2582,83572.0
2026-04-21 11:30:00,310.2931,310.812,310.2432,310.6723,50474.0
2026-04-21 11:35:00,310.6973,310.7222,309.8241,310.0536,71384.0
2026-04-21 11:40:00,310.0636,310.4028,310.0037,310.363,41384.0
2026-04-21 11:45:00,310.363,310.4228,309.9288,309.9438,34398.0
2026-04-21 11:50:00,309.8939,309.9139,309.7043,309.8141,47335.0
2026-04-21 11:55:00,309.8141,310.3131,309.7841,310.1874,48509.0
2026-04-21 12:00:00,310.1833,310.323,309.864,310.0037,63085.0
2026-04-21 12:05:00,309.9738,310.0137,309.5047,309.6544,62540.0
2026-04-21 12:10:00,309.6544,309.7941,309.1604,309.345,72969.0
2026-04-21 12:15:00,309.3301,309.4349,309.0357,309.1654,67385.0
2026-04-21 12:20:00,309.1405,309.2253,308.9758,309.1654,43691.0
2026-04-21 12:25:00,309.1554,309.2752,309.0157,309.0157,43268.0
2026-04-21 12:30:00,309.0307,309.5796,309.0008,309.5746,48284.0
2026-04-21 12:35:00,309.5446,309.6279,309.4249,309.4648,45871.0
2026-04-21 12:40:00,309.4947,309.834,309.4748,309.6943,53516.0
2026-04-21 12:45:00,309.7143,309.9039,309.6644,309.7293,46311.0
2026-04-21 12:50:00,309.7642,309.874,309.6145,309.6544,37845.0
2026-04-21 12:55:00,309.6494,309.6744,309.0457,309.1105,49466.0
2026-04-21 13:00:00,309.1455,309.6045,309.1205,309.4798,41312.0
2026-04-21 13:05:00,309.4648,309.5047,309.0158,309.2702,66907.0
2026-04-21 13:10:00,309.3051,309.4049,308.8461,309.0307,50524.0
2026-04-21 13:15:00,309.0656,309.0955,308.6664,308.6964,39928.0
2026-04-21 13:20:00,308.6864,308.9958,308.5866,308.886,47897.0
2026-04-21 13:25:00,308.886,309.375,308.886,309.375,29500.0
2026-04-21 13:30:00,309.355,309.6744,309.2852,309.6544,46471.0
2026-04-21 13:35:00,309.6694,310.0436,309.5147,309.8041,61529.0
2026-04-21 13:40:00,309.7941,310.323,309.7941,310.1085,38821.0
2026-04-21 13:45:00,310.0436,310.1733,309.8839,310.0037,29354.0
2026-04-21 13:50:00,310.0386,310.0835,309.859,309.879,33495.0
2026-04-21 13:55:00,309.879,310.1434,309.7742,310.1284,24258.0
2026-04-21 14:00:00,310.1634,310.3929,310.0935,310.2376,28346.0
2026-04-21 14:05:00,310.2133,310.3031,309.9039,309.9039,33695.0
2026-04-21 14:10:00,309.9139,309.9239,309.7742,309.864,24928.0
2026-04-21 14:15:00,309.8839,310.323,309.7941,309.834,46087.0
2026-04-21 14:20:00,309.8041,309.834,309.5546,309.6045,27781.0
2026-04-21 14:25:00,309.5945,309.7542,309.5646,309.6245,26927.0
2026-04-21 14:30:00,309.6444,309.7342,309.4299,309.5147,34330.0
2026-04-21 14:35:00,309.4448,309.4548,308.9558,308.9558,57354.0
2026-04-21 14:40:00,309.0057,309.0445,308.7564,308.9858,48522.0
2026-04-21 14:45:00,309.0057,309.1254,308.7563,308.7662,51973.0
2026-04-21 14:50:00,308.8361,309.5446,308.6016,309.3949,51914.0
2026-04-21 14:55:00,309.355,309.5297,309.0556,309.1954,38060.0
2026-04-21 15:00:00,309.1854,309.375,309.0856,309.2852,40628.0
2026-04-21 15:05:00,309.2652,309.385,309.0307,309.375,30888.0
2026-04-21 15:10:00,309.375,309.4149,309.0457,309.1355,46545.0
2026-04-21 15:15:00,309.2053,309.3151,308.9558,309.1055,56033.0
2026-04-21 15:20:00,309.1105,309.7692,309.0956,309.6644,62368.0
2026-04-21 15:25:00,309.6644,309.9139,309.4548,309.8839,41601.0
2026-04-21 15:30:00,309.9139,309.9139,309.4997,309.5746,47342.0
2026-04-21 15:35:00,309.5646,309.5696,308.7263,308.8281,60234.0
2026-04-21 15:40:00,308.8561,308.9159,308.1874,308.4569,115701.0
2026-04-21 15:45:00,308.4868,308.9459,308.397,308.9359,121042.0
2026-04-21 15:50:00,308.9758,309.1455,308.6465,309.0157,177297.0
2026-04-21 15:55:00,308.9958,309.365,308.7163,309.2702,484849.0
2026-04-22 09:30:00,310.3729,310.7122,309.0457,309.0457,202036.0
2026-04-22 09:35:00,309.0257,309.1854,308.1176,308.5267,184597.0
2026-04-22 09:40:00,308.555,308.6465,307.429,307.8232,138034.0
2026-04-22 09:45:00,307.7284,308.5952,307.6286,307.928,90339.0
2026-04-22 09:50:00,307.893,309.355,307.8282,308.9558,86751.0
2026-04-22 09:55:00,308.9459,310.0686,308.876,309.9937,70477.0
2026-04-22 10:00:00,309.9488,310.1534,309.6544,309.7193,76891.0
2026-04-22 10:05:00,309.7617,310.6399,309.5248,310.323,66281.0
2026-04-22 10:10:00,310.2632,310.3779,309.9638,309.9638,66378.0
2026-04-22 10:15:00,309.9638,310.1783,309.844,310.0636,61250.0
2026-04-22 10:20:00,310.0286,310.0286,309.5646,309.8041,39742.0
2026-04-22 10:25:00,309.7492,310.0336,309.6943,309.9139,53213.0
2026-04-22 10:30:00,309.8839,309.9937,308.7563,308.8411,57969.0
2026-04-22 10:35:00,308.8361,309.0357,308.5068,309.0357,58960.0
2026-04-22 10:40:00,309.0357,309.0956,308.7163,308.8361,47340.0
2026-04-22 10:45:00,308.876,309.375,308.4569,309.365,56786.0
2026-04-22 10:50:00,309.4898,309.6144,308.7563,308.876,36836.0
2026-04-22 10:55:00,308.871,309.4149,308.6165,309.4149,33296.0
2026-04-22 11:00:00,309.345,309.365,308.6465,308.6465,40552.0
2026-04-22 11:05:00,308.7313,309.1155,308.6166,308.9958,33482.0
2026-04-22 11:10:00,308.9459,309.2552,308.9259,308.9459,39132.0
2026-04-22 11:15:00,308.9758,309.0157,308.417,308.7363,35019.0
2026-04-22 11:20:00,308.7463,309.2951,308.6265,308.9908,49099.0
2026-04-22 11:25:00,308.9908,309.0756,308.6664,309.0258,44166.0
2026-04-22 11:30:00,309.0257,309.0956,308.417,308.5428,35665.0
2026-04-22 11:35:00,308.5866,308.7263,308.3671,308.3671,68149.0
2026-04-22 11:40:00,308.412,308.7662,308.3671,308.5966,45361.0
2026-04-22 11:45:00,308.5966,308.6664,308.4171,308.5766,45246.0
2026-04-22 11:50:00,308.5567,308.9159,308.4868,308.8511,81809.0
2026-04-22 11:55:00,308.886,309.3051,308.886,309.0656,27810.0
2026-04-22 12:00:00,309.0856,309.5846,308.9658,309.5846,134634.0
2026-04-22 12:05:00,309.5396,309.6644,309.4449,309.5746,27953.0
2026-04-22 12:10:00,309.5646,309.6245,309.4299,309.4299,33936.0
2026-04-22 12:15:00,309.4648,309.4848,308.9758,308.9758,26562.0
2026-04-22 12:20:00,308.9758,309.1679,308.6864,308.6864,27253.0
2026-04-22 12:25:00,308.6864,308.7862,308.5567,308.5766,50268.0
2026-04-22 12:30:00,308.5966,308.7413,308.4369,308.6664,36780.0
2026-04-22 12:35:00,308.6664,308.7119,308.377,308.6764,26395.0
2026-04-22 12:40:00,308.6664,308.8361,308.4469,308.4669,28843.0
2026-04-22 12:45:00,308.4369,308.7812,308.3671,308.7563,56776.0
2026-04-22 12:50:00,308.7363,308.7662,308.5567,308.6465,106065.0
2026-04-22 12:55:00,308.6465,308.9059,308.6066,308.6066,251704.0
2026-04-22 13:00:00,308.6066,308.9559,308.5367,308.8062,28604.0
2026-04-22 13:05:00,308.866,308.9159,308.6465,308.9159,26743.0
2026-04-22 13:10:00,308.8387,309.1355,308.8261,308.8588,21328.0
2026-04-22 13:15:00,308.9309,308.9309,308.5367,308.6019,27734.0
2026-04-22 13:20:00,308.5916,308.6265,308.4369,308.4369,20334.0
2026-04-22 13:25:00,308.4369,308.5372,308.2573,308.2972,61218.0
2026-04-22 13:30:00,308.2972,308.6864,308.2972,308.4968,28902.0
2026-04-22 13:35:00,308.4918,308.5966,308.3671,308.5367,23770.0
2026-04-22 13:40:00,308.5517,308.9509,308.5351,308.866,32493.0
2026-04-22 13:45:00,308.896,308.9059,308.5666,308.8561,30720.0
2026-04-22 13:50:00,308.8361,309.0357,308.7762,308.8062,40426.0
2026-04-22 13:55:00,308.7962,308.7962,308.5217,308.5217,22661.0
2026-04-22 14:00:00,308.5666,308.654,308.397,308.5417,35000.0
2026-04-22 14:05:00,308.4968,308.5567,308.2573,308.2972,38182.0
2026-04-22 14:10:00,308.3072,308.3221,308.1076,308.2822,34304.0
2026-04-22 14:15:00,308.3571,308.3671,308.0776,308.1026,29474.0
2026-04-22 14:20:00,308.1076,308.1275,307.8682,308.0677,41686.0
2026-04-22 14:25:00,308.0677,308.2149,308.0327,308.0477,28697.0
2026-04-22 14:30:00,308.0477,308.407,308.0078,308.392,40297.0
2026-04-22 14:35:00,308.397,308.6089,308.3471,308.4072,40321.0
2026-04-22 14:40:00,308.412,308.8062,308.3371,308.7513,42415.0
2026-04-22 14:45:00,308.7363,308.7719,308.5267,308.7213,49827.0
2026-04-22 14:50:00,308.6964,308.9858,308.6964,308.8659,37062.0
2026-04-22 14:55:00,308.8261,308.9159,308.7064,308.881,32274.0
2026-04-22 15:00:00,308.876,309.0656,308.7862,309.0358,47063.0
2026-04-22 15:05:00,309.0357,309.0806,308.7463,308.9558,53183.0
2026-04-22 15:10:00,308.9409,309.3051,308.9059,309.2652,80224.0
2026-04-22 15:15:00,309.2602,309.4748,309.1954,309.4199,41480.0
2026-04-22 15:20:00,309.4249,309.8141,309.4249,309.8141,52207.0
2026-04-22 15:25:00,309.8365,310.1284,309.8041,309.8839,62260.0
2026-04-22 15:30:00,309.9039,310.1933,309.8241,309.874,56124.0
2026-04-22 15:35:00,309.874,310.2132,309.7542,310.1733,47580.0
2026-04-22 15:40:00,310.1534,310.1933,309.834,309.9638,63412.0
2026-04-22 15:45:00,309.9538,310.0935,309.7892,310.0935,67223.0
2026-04-22 15:50:00,310.1035,310.4029,309.9039,310.2232,124663.0
2026-04-22 15:55:00,310.2232,310.7222,309.844,310.5825,353669.0
2026-04-23 09:30:00,309.859,311.5605,308.4968,308.9309,207431.0
2026-04-23 09:35:00,308.9309,309.2652,307.8781,308.387,94374.0
2026-04-23 09:40:00,308.3592,308.4669,306.5458,306.93,146267.0
2026-04-23 09:45:00,306.8701,307.6785,306.2314,306.6012,210861.0
2026-04-23 09:50:00,306.6805,306.7504,305.8023,306.4809,101015.0
2026-04-23 09:55:00,306.3213,307.0498,306.2215,306.9001,65011.0
2026-04-23 10:00:00,306.8801,307.3392,305.7524,305.7624,130518.0
2026-04-23 10:05:00,305.7225,306.2892,305.4132,306.1316,89271.0
2026-04-23 10:10:00,306.0817,307.1295,306.0817,307.0498,132714.0
2026-04-23 10:15:00,307.1096,307.2094,306.7005,306.8302,101523.0
2026-04-23 10:20:00,306.95,307.4689,306.9001,307.3891,132830.0
2026-04-23 10:25:00,307.3891,307.7583,307.0797,307.0897,67051.0
2026-04-23 10:30:00,307.0947,307.3092,306.7604,307.2194,176994.0
2026-04-23 10:35:00,307.1545,307.2493,306.3712,306.8901,61157.0
2026-04-23 10:40:00,306.91,307.7184,306.7005,307.5338,56534.0
2026-04-23 10:45:00,307.5188,307.7683,306.4809,306.5508,134704.0
2026-04-23 10:50:00,306.6007,306.6107,306.0917,306.5258,122248.0
2026-04-23 10:55:00,306.5283,306.8402,306.2015,306.2714,60937.0
2026-04-23 11:00:00,306.2714,306.3213,305.6426,305.7973,156653.0
2026-04-23 11:05:00,305.8023,306.1017,305.4031,306.022,55148.0
2026-04-23 11:10:00,306.0718,306.3013,305.8722,306.1965,64083.0
2026-04-23 11:15:00,306.2514,306.9699,306.183,306.7753,47502.0
2026-04-23 11:20:00,306.7504,306.7803,306.3462,306.441,42570.0
2026-04-23 11:25:00,306.431,306.5608,306.0917,306.0917,74602.0
2026-04-23 11:30:00,306.0917,306.2714,305.7275,306.2664,71440.0
2026-04-23 11:35:00,306.2714,306.3143,305.7725,306.0019,51564.0
2026-04-23 11:40:00,305.972,306.0418,305.6925,305.7126,57747.0
2026-04-23 11:45:00,305.7125,305.7125,305.0189,305.5927,106397.0
2026-04-23 11:50:00,305.6177,305.972,305.513,305.9321,40089.0
2026-04-23 11:55:00,305.9031,306.3113,305.9031,306.1516,47805.0
2026-04-23 12:00:00,306.1815,306.1815,305.7175,305.8023,65750.0
2026-04-23 12:05:00,305.8023,306.2813,305.7737,306.2813,45019.0
2026-04-23 12:10:00,306.2813,306.5009,306.2115,306.426,69183.0
2026-04-23 12:15:00,306.441,306.6256,306.1716,306.5608,75525.0
2026-04-23 12:20:00,306.5608,306.6506,306.3712,306.5608,68996.0
2026-04-23 12:25:00,306.5458,306.5707,306.2215,306.461,53221.0
2026-04-23 12:30:00,306.431,306.5807,306.2913,306.5707,43560.0
2026-04-23 12:35:00,306.5707,306.5807,306.1217,306.2314,40956.0
2026-04-23 12:40:00,306.2173,306.3013,306.0618,306.3013,58431.0
2026-04-23 12:45:00,306.2863,306.3412,306.1017,306.2215,39194.0
2026-04-23 12:50:00,306.2115,306.3911,305.972,306.3911,50206.0
2026-04-23 12:55:00,306.3911,306.6206,306.3911,306.451,40203.0
2026-04-23 13:00:00,306.451,306.451,305.6726,305.6925,79311.0
2026-04-23 13:05:00,305.6925,305.8323,305.2534,305.2534,48547.0
2026-04-23 13:10:00,305.2135,305.4181,305.0289,305.1487,61108.0
2026-04-23 13:15:00,305.1237,305.2857,304.8742,304.989,52995.0
2026-04-23 13:20:00,304.984,305.1237,304.8493,304.9241,42036.0
2026-04-23 13:25:00,304.9341,305.2534,304.7694,304.9216,61511.0
2026-04-23 13:30:00,304.9541,305.5429,304.9141,305.5429,37412.0
2026-04-23 13:35:00,305.5429,305.6925,304.7845,304.9141,51027.0
2026-04-23 13:40:00,304.974,304.974,304.4651,304.6547,54561.0
2026-04-23 13:45:00,304.6347,305.1537,304.3852,304.7944,64734.0
2026-04-23 13:50:00,304.7046,305.9221,304.5748,305.6127,81984.0
2026-04-23 13:55:00,305.5927,306.2215,305.5029,305.7524,51002.0
2026-04-23 14:00:00,305.7724,306.2812,305.6826,306.2015,49305.0
2026-04-23 14:05:00,306.1316,306.4111,306.0219,306.2614,53210.0
2026-04-23 14:10:00,306.2813,306.6506,306.2468,306.6007,55660.0
2026-04-23 14:15:00,306.5707,307.1296,306.5608,307.0997,68848.0
2026-04-23 14:20:00,307.0997,307.2294,306.8601,307.0847,61956.0
2026-04-23 14:25:00,307.0847,307.3591,307.0198,307.2693,40614.0
2026-04-23 14:30:00,307.2493,307.5787,307.2244,307.5238,58832.0
2026-04-23 14:35:00,307.5238,307.5687,307.2094,307.2394,42138.0
2026-04-23 14:40:00,307.2394,307.3392,306.8901,307.0298,34776.0
2026-04-23 14:45:00,307.0298,307.1496,306.7703,306.8794,48544.0
2026-04-23 14:50:00,306.8477,307.5088,306.8321,307.4889,79894.0
2026-04-23 14:55:00,307.4889,307.5288,307.2194,307.4589,80987.0
2026-04-23 15:00:00,307.4589,307.8282,307.3691,307.7683,77953.0
2026-04-23 15:05:00,307.7882,308.2772,307.7558,308.0078,80579.0
2026-04-23 15:10:00,307.9978,308.1475,307.8781,308.1475,81551.0
2026-04-23 15:15:00,308.1475,308.3072,308.0477,308.1924,74236.0
2026-04-23 15:20:00,308.1924,308.3571,307.8781,308.0427,59455.0
2026-04-23 15:25:00,308.0427,308.1368,307.8781,308.0278,72430.0
2026-04-23 15:30:00,308.0185,308.1275,307.6485,307.6685,69845.0
2026-04-23 15:35:00,307.6685,307.6685,307.3491,307.4739,83250.0
2026-04-23 15:40:00,307.4589,307.5587,307.2493,307.3292,83155.0
2026-04-23 15:45:00,307.3392,307.5388,307.2394,307.5088,101270.0
2026-04-23 15:50:00,307.5088,308.0577,307.0098,307.9329,153359.0
2026-04-23 15:55:00,307.9379,308.4369,307.8082,308.2074,419829.0
2026-04-24 09:30:00,306.4709,306.4709,303.8763,304.2455,225357.0
2026-04-24 09:35:00,304.4351,305.5878,304.3653,304.5449,108862.0
2026-04-24 09:40:00,304.6085,305.7724,304.5549,305.6826,86615.0
2026-04-24 09:45:00,305.6576,306.2763,305.3732,306.0618,85696.0
2026-04-24 09:50:00,305.9221,307.0697,305.9221,306.8751,55106.0
2026-04-24 09:55:00,306.8003,307.0897,306.7383,306.8751,51751.0
2026-04-24 10:00:00,306.95,307.4889,306.8003,307.414,107070.0
2026-04-24 10:05:00,307.4889,307.5288,306.8552,306.8801,71619.0
2026-04-24 10:10:00,306.8701,307.2793,306.7404,307.1196,62393.0
2026-04-24 10:15:00,307.1296,307.2593,306.7703,306.8352,48609.0
2026-04-24 10:20:00,306.8452,306.9001,306.3712,306.4975,138746.0
2026-04-24 10:25:00,306.5757,306.5807,305.962,306.2314,167556.0
2026-04-24 10:30:00,306.1616,307.0597,306.0418,306.91,61199.0
2026-04-24 10:35:00,306.9799,306.9799,306.4111,306.4809,47197.0
2026-04-24 10:40:00,306.4809,306.7204,306.3712,306.6805,41968.0
2026-04-24 10:45:00,306.6755,306.8139,306.2115,306.5807,36493.0
2026-04-24 10:50:00,306.5458,306.8202,306.4709,306.8152,39835.0
2026-04-24 10:55:00,306.8402,306.8692,306.1815,306.2813,31656.0
2026-04-24 11:00:00,306.2813,306.3612,306.1416,306.2314,23324.0
2026-04-24 11:05:00,306.2364,306.2763,305.7424,305.9969,20176.0
2026-04-24 11:10:00,306.0318,306.1217,305.8572,305.9021,28996.0
2026-04-24 11:15:00,305.952,306.3512,305.9031,306.3212,28120.0
2026-04-24 11:20:00,306.3213,306.5408,306.2714,306.3412,23506.0
2026-04-24 11:25:00,306.3412,306.421,306.0219,306.1017,27491.0
2026-04-24 11:30:00,306.1117,306.1615,305.8123,305.8123,23699.0
2026-04-24 11:35:00,305.8622,305.8622,305.4431,305.6526,54497.0
2026-04-24 11:40:00,305.6726,306.3512,305.5628,306.1815,35374.0
2026-04-24 11:45:00,306.2813,306.5608,306.081,306.4859,59908.0
2026-04-24 11:50:00,306.451,306.7404,306.2814,306.6705,34951.0
2026-04-24 11:55:00,306.6606,306.7504,306.4354,306.6107,26318.0
2026-04-24 12:00:00,306.6107,306.7005,306.3312,306.3879,28549.0
2026-04-24 12:05:00,306.3612,307.2294,306.3612,307.1795,115593.0
2026-04-24 12:10:00,307.1496,307.3681,306.8502,306.8601,74158.0
2026-04-24 12:15:00,306.8302,307.0488,306.6705,306.9949,48241.0
2026-04-24 12:20:00,306.9949,307.1096,306.6655,306.8502,80471.0
2026-04-24 12:25:00,306.8202,306.9999,306.6905,306.8901,46464.0
2026-04-24 12:30:00,306.95,307.0997,306.8503,306.9809,31508.0
2026-04-24 12:35:00,306.9799,307.0997,306.6705,306.94,24736.0
2026-04-24 12:40:00,306.9001,307.3591,306.9001,307.3392,28056.0
2026-04-24 12:45:00,307.3392,307.409,307.2095,307.404,53971.0
2026-04-24 12:50:00,307.4439,307.7683,307.414,307.6386,42984.0
2026-04-24 12:55:00,307.6336,307.7683,307.5487,307.7683,33894.0
2026-04-24 13:00:00,307.7683,307.9679,307.6984,307.9479,34468.0
2026-04-24 13:05:00,307.903,307.913,307.6261,307.7284,49137.0
2026-04-24 13:10:00,307.6785,307.9329,307.5887,307.7284,26929.0
2026-04-24 13:15:00,307.6785,308.0477,307.5986,307.913,44183.0
2026-04-24 13:20:00,307.913,308.2373,307.8781,308.1924,25642.0
2026-04-24 13:25:00,308.1924,308.2772,308.0377,308.0477,36983.0
2026-04-24 13:30:00,308.0377,308.0976,307.888,308.0377,30928.0
2026-04-24 13:35:00,308.0477,308.407,308.0278,308.387,35058.0
2026-04-24 13:40:00,308.3671,308.407,308.1076,308.3072,27359.0
2026-04-24 13:45:00,308.2872,308.387,308.1974,308.3122,19909.0
2026-04-24 13:50:00,308.2872,308.3371,307.4789,307.6286,129257.0
2026-04-24 13:55:00,307.6522,307.7683,307.3691,307.5687,50810.0
2026-04-24 14:00:00,307.6086,307.7783,307.4801,307.6984,40614.0
2026-04-24 14:05:00,307.6985,308.0078,307.6985,307.9529,23812.0
2026-04-24 14:10:00,307.9529,308.0477,307.7084,307.8032,33050.0
2026-04-24 14:15:00,307.8082,308.1176,307.8082,308.0876,27452.0
2026-04-24 14:20:00,308.0577,308.1874,307.9878,308.1283,24891.0
2026-04-24 14:25:00,308.0888,308.2074,308.0377,308.1475,21844.0
2026-04-24 14:30:00,308.1076,308.1375,308.0078,308.0477,22295.0
2026-04-24 14:35:00,308.0377,308.1275,307.9978,307.9978,25015.0
2026-04-24 14:40:00,308.0028,308.0377,307.888,307.968,22299.0
2026-04-24 14:45:00,307.9679,308.1974,307.888,308.1475,37466.0
2026-04-24 14:50:00,308.1607,308.3471,308.1607,308.2872,19547.0
2026-04-24 14:55:00,308.3122,308.4469,308.2673,308.3671,28722.0
2026-04-24 15:00:00,308.377,308.4868,308.2973,308.4669,35280.0
2026-04-24 15:05:00,308.4958,308.7163,308.4369,308.5816,31149.0
2026-04-24 15:10:00,308.5766,308.8062,308.4868,308.7315,43705.0
2026-04-24 15:15:00,308.7363,308.7762,308.2772,308.3371,38815.0
2026-04-24 15:20:00,308.367,308.367,307.9978,308.0876,36589.0
2026-04-24 15:25:00,308.0677,308.1575,307.8481,308.1176,54534.0
2026-04-24 15:30:00,308.0976,308.3471,308.0078,308.3221,60987.0
2026-04-24 15:35:00,308.3072,308.3072,307.9779,308.0577,51928.0
2026-04-24 15:40:00,308.0577,308.3172,308.0577,308.2573,57034.0
2026-04-24 15:45:00,308.2573,308.2573,307.8381,308.1226,72741.0
2026-04-24 15:50:00,308.1475,308.7762,307.928,308.7163,166439.0
2026-04-24 15:55:00,308.7163,309.345,308.5467,308.7862,628583.0
2026-04-27 09:30:00,306.8801,308.6664,305.4331,306.6705,438756.0
2026-04-27 09:35:00,306.6705,308.9359,306.5308,308.9359,193187.0
2026-04-27 09:40:00,308.8561,309.6394,308.6664,309.2453,68949.0
2026-04-27 09:45:00,309.2353,309.7043,308.5966,309.39,114579.0
2026-04-27 09:50:00,309.4648,310.0336,308.7163,309.0457,105032.0
2026-04-27 09:55:00,308.9558,309.0806,307.8781,308.0327,61490.0
2026-04-27 10:00:00,308.0327,308.5866,307.9679,308.5068,111653.0
2026-04-27 10:05:00,308.5167,308.7862,308.2174,308.6465,50061.0
2026-04-27 10:10:00,308.5966,308.9858,308.4768,308.5966,89412.0
2026-04-27 10:15:00,308.5966,309.2652,308.4868,309.0756,77100.0
2026-04-27 10:20:00,309.0606,309.4748,308.876,309.4299,64245.0
2026-04-27 10:25:00,309.4299,309.6245,309.3251,309.6245,41246.0
2026-04-27 10:30:00,309.6245,310.1783,309.1654,309.2253,76644.0
2026-04-27 10:35:00,309.1663,309.5796,308.7662,309.4099,101542.0
2026-04-27 10:40:00,309.4448,309.6045,309.2003,309.5297,40347.0
2026-04-27 10:45:00,309.5396,309.8241,309.3949,309.6994,57828.0
2026-04-27 10:50:00,309.6644,309.8241,309.385,309.8041,59762.0
2026-04-27 10:55:00,309.8241,309.834,309.5347,309.7342,80446.0
2026-04-27 11:00:00,309.7342,309.7642,308.7263,308.7513,50500.0
2026-04-27 11:05:00,308.7513,308.9445,308.3172,308.3571,63362.0
2026-04-27 11:10:00,308.3571,308.9059,308.3172,308.8211,53522.0
2026-04-27 11:15:00,308.7962,309.2752,308.7862,309.2152,46801.0
2026-04-27 11:20:00,309.1355,309.7043,309.1005,309.7043,41385.0
2026-04-27 11:25:00,309.6993,309.8041,309.2253,309.4947,47932.0
2026-04-27 11:30:00,309.5047,309.5746,309.1779,309.2552,19479.0
2026-04-27 11:35:00,309.2047,309.2153,308.6165,308.6165,49363.0
2026-04-27 11:40:00,308.6215,308.7363,308.5068,308.7163,44054.0
2026-04-27 11:45:00,308.6914,309.0556,308.6565,308.8961,35127.0
2026-04-27 11:50:00,308.9359,309.0457,308.8063,309.0307,24373.0
2026-04-27 11:55:00,309.0307,309.0357,308.7163,308.8286,34373.0
2026-04-27 12:00:00,308.8161,309.5746,308.7962,309.5746,46397.0
2026-04-27 12:05:00,309.6045,309.6743,309.4149,309.4199,32386.0
2026-04-27 12:10:00,309.4448,309.4947,309.3251,309.4299,47416.0
2026-04-27 12:15:00,309.4349,309.6145,309.3351,309.3401,35736.0
2026-04-27 12:20:00,309.365,309.5945,309.3351,309.5047,32897.0
2026-04-27 12:25:00,309.5047,309.6145,309.4848,309.5297,25185.0
2026-04-27 12:30:00,309.5297,309.5446,309.3551,309.39,45504.0
2026-04-27 12:35:00,309.39,309.4548,309.345,309.4349,28072.0
2026-04-27 12:40:00,309.4149,309.6145,309.2951,309.6045,54048.0
2026-04-27 12:45:00,309.6095,309.6444,309.4598,309.4798,53882.0
2026-04-27 12:50:00,309.4798,309.5546,309.375,309.4848,44986.0
2026-04-27 12:55:00,309.4648,309.4947,309.1855,309.2153,55669.0
2026-04-27 13:00:00,309.2254,309.2453,308.9059,308.9409,35125.0
2026-04-27 13:05:00,308.9409,308.9758,308.7263,308.7363,26859.0
2026-04-27 13:10:00,308.7762,308.8062,308.4369,308.4868,40820.0
2026-04-27 13:15:00,308.4669,308.5866,308.3272,308.5367,22698.0
2026-04-27 13:20:00,308.5467,308.866,308.4864,308.7762,33833.0
2026-04-27 13:25:00,308.6465,308.896,308.6465,308.8311,34679.0
2026-04-27 13:30:00,308.8211,309.0956,308.7962,309.0457,28822.0
2026-04-27 13:35:00,309.0457,309.0457,308.7463,308.7912,25118.0
2026-04-27 13:40:00,308.7513,308.8261,308.5858,308.6248,30890.0
2026-04-27 13:45:00,308.6515,308.7064,308.407,308.412,45495.0
2026-04-27 13:50:00,308.407,308.5567,308.407,308.4718,46837.0
2026-04-27 13:55:00,308.4569,308.5467,308.3271,308.4868,28822.0
2026-04-27 14:00:00,308.4868,308.7662,308.4569,308.5367,42441.0
2026-04-27 14:05:00,308.5467,308.6764,308.2673,308.3371,36211.0
2026-04-27 14:10:00,308.3271,308.7962,308.3072,308.7762,27757.0
2026-04-27 14:15:00,308.7762,308.8062,308.6504,308.7662,25464.0
2026-04-27 14:20:00,308.7413,308.7662,308.5666,308.7064,33456.0
2026-04-27 14:25:00,308.7064,308.7762,308.6365,308.7263,29122.0
2026-04-27 14:30:00,308.7263,308.7812,308.6066,308.6964,35760.0
2026-04-27 14:35:00,308.7014,308.7014,308.4619,308.5018,91497.0
2026-04-27 14:40:00,308.5267,308.5267,308.2124,308.2673,40524.0
2026-04-27 14:45:00,308.2872,308.4219,308.2673,308.3853,28090.0
2026-04-27 14:50:00,308.3671,308.7662,308.3072,308.7662,46794.0
2026-04-27 14:55:00,308.7513,308.8461,308.6914,308.6914,58234.0
2026-04-27 15:00:00,308.7064,308.876,308.6864,308.6964,56991.0
2026-04-27 15:05:00,308.6764,308.6864,308.3421,308.4754,39983.0
2026-04-27 15:10:00,308.4469,308.5467,308.3471,308.4231,35099.0
2026-04-27 15:15:00,308.377,308.6763,308.377,308.5866,35675.0
2026-04-27 15:20:00,308.5666,308.8261,308.5567,308.7862,35002.0
2026-04-27 15:25:00,308.7961,308.9558,308.6415,308.7662,57436.0
2026-04-27 15:30:00,308.7662,308.9958,308.6791,308.8461,49860.0
2026-04-27 15:35:00,308.8511,308.9558,308.6964,308.8561,63589.0
2026-04-27 15:40:00,308.8461,308.8561,308.7263,308.7612,44560.0
2026-04-27 15:45:00,308.7463,308.8261,308.5816,308.8261,55163.0
2026-04-27 15:50:00,308.8361,308.8461,308.4868,308.5417,134753.0
2026-04-27 15:55:00,308.5666,309.1055,308.5542,309.0756,430400.0
2026-04-28 09:30:00,311.5605,313.3169,311.2911,311.7302,317507.0
2026-04-28 09:35:00,311.8798,311.9497,310.832,311.1763,125473.0
2026-04-28 09:40:00,311.2045,311.79,310.9617,311.79,141867.0
2026-04-28 09:45:00,311.79,312.3589,311.4906,311.8898,101932.0
2026-04-28 09:50:00,311.8898,312.4287,310.9118,310.9418,115657.0
2026-04-28 09:55:00,311.0016,311.3908,310.6923,310.812,107792.0
2026-04-28 10:00:00,310.852,311.5605,310.5426,311.3509,101638.0
2026-04-28 10:05:00,311.3659,311.82,311.1813,311.4807,99277.0
2026-04-28 10:10:00,311.5106,311.6104,311.0915,311.1713,83276.0
2026-04-28 10:15:00,311.1464,311.4507,310.7821,311.1214,80721.0
2026-04-28 10:20:00,311.1214,311.5954,311.1214,311.5405,81406.0
2026-04-28 10:25:00,311.5605,311.9597,311.5206,311.7002,94223.0
2026-04-28 10:30:00,311.7102,312.2441,311.5805,311.9297,49767.0
2026-04-28 10:35:00,311.9297,312.7381,311.9297,312.5684,95649.0
2026-04-28 10:40:00,312.5819,312.5984,312.0006,312.1293,67362.0
2026-04-28 10:45:00,312.0595,312.5485,311.7611,312.3988,87637.0
2026-04-28 10:50:00,312.4686,312.9227,312.2241,312.5884,52345.0
2026-04-28 10:55:00,312.6483,312.7131,311.9397,312.0695,61432.0
2026-04-28 11:00:00,312.0245,312.4537,311.9397,312.3489,64137.0
2026-04-28 11:05:00,312.279,312.6308,311.9597,312.3838,52695.0
2026-04-28 11:10:00,312.309,312.5585,311.9397,312.4836,51853.0
2026-04-28 11:15:00,312.4886,312.4986,311.8399,312.0245,61707.0
2026-04-28 11:20:00,312.0495,312.5585,312.0097,312.4986,43420.0
2026-04-28 11:25:00,312.4587,312.5385,312.2191,312.3539,50319.0
2026-04-28 11:30:00,312.3189,313.1173,312.0894,312.8978,83338.0
2026-04-28 11:35:00,312.8878,312.9277,312.2491,312.5734,79761.0
2026-04-28 11:40:00,312.5734,312.7131,312.3639,312.4636,42473.0
2026-04-28 11:45:00,312.5086,312.5086,312.0146,312.1094,75023.0
2026-04-28 11:50:00,312.1094,312.3489,312.0046,312.3189,43228.0
2026-04-28 11:55:00,312.3189,312.3389,312.0744,312.1593,37510.0
2026-04-28 12:00:00,312.1892,312.1892,311.4906,311.6503,65924.0
2026-04-28 12:05:00,311.6603,311.7202,310.9617,311.0915,53448.0
2026-04-28 12:10:00,311.0915,311.4607,311.0016,311.3983,46614.0
2026-04-28 12:15:00,311.3709,311.3958,311.0016,311.0166,46020.0
2026-04-28 12:20:00,311.0615,311.1414,310.7222,311.1214,38924.0
2026-04-28 12:25:00,311.1322,311.1713,310.9268,311.0515,30458.0
2026-04-28 12:30:00,311.0416,311.0416,310.5226,310.6723,62436.0
2026-04-28 12:35:00,310.6623,310.6723,310.0636,310.1434,48022.0
2026-04-28 12:40:00,310.1434,310.5027,310.1434,310.333,46480.0
2026-04-28 12:45:00,310.353,310.6923,310.2931,310.4228,62637.0
2026-04-28 12:50:00,310.4047,310.4528,310.2282,310.343,51616.0
2026-04-28 12:55:00,310.3829,310.6623,310.2632,310.5925,35481.0
2026-04-28 13:00:00,310.6142,310.6623,310.333,310.5276,51349.0
2026-04-28 13:05:00,310.5226,310.7175,310.4827,310.6424,35735.0
2026-04-28 13:10:00,310.5875,310.822,310.5825,310.7422,30443.0
2026-04-28 13:15:00,310.7571,311.0216,310.7122,310.9767,46482.0
2026-04-28 13:20:00,310.9767,311.0316,310.827,310.842,40397.0
2026-04-28 13:25:00,310.8819,310.9418,310.5725,310.8619,40661.0
2026-04-28 13:30:00,310.8919,310.9426,310.7272,310.9118,29711.0
2026-04-28 13:35:00,310.9118,311.0915,310.7122,310.8113,37946.0
2026-04-28 13:40:00,310.812,310.9318,310.6723,310.9168,35408.0
2026-04-28 13:45:00,310.9318,311.0565,310.8619,310.9517,51758.0
2026-04-28 13:50:00,310.9517,311.0415,310.6723,310.6773,37715.0
2026-04-28 13:55:00,310.6524,310.6723,310.4428,310.5526,32741.0
2026-04-28 14:00:00,310.5526,310.822,310.5476,310.6124,42821.0
2026-04-28 14:05:00,310.6374,310.6374,310.4228,310.4328,37278.0
2026-04-28 14:10:00,310.4428,310.4428,310.1085,310.1085,28394.0
2026-04-28 14:15:00,310.0736,310.2232,309.9628,310.0885,49790.0
2026-04-28 14:20:00,310.0935,310.1334,309.4947,309.4997,60192.0
2026-04-28 14:25:00,309.4848,309.5446,309.1754,309.385,73006.0
2026-04-28 14:30:00,309.375,309.5596,309.0008,309.5426,65150.0
2026-04-28 14:35:00,309.5197,309.5945,309.3949,309.4049,51251.0
2026-04-28 14:40:00,309.3999,309.4648,309.2053,309.4099,66519.0
2026-04-28 14:45:00,309.4049,309.7043,309.2502,309.6893,66919.0
2026-04-28 14:50:00,309.6893,309.6943,309.5147,309.5796,75938.0
2026-04-28 14:55:00,309.5446,309.6345,309.2153,309.2153,73628.0
2026-04-28 15:00:00,309.1854,309.1854,308.8062,309.0457,96729.0
2026-04-28 15:05:00,309.0307,309.2353,308.9459,308.9658,77155.0
2026-04-28 15:10:00,308.9459,309.1545,308.8561,309.0382,73456.0
2026-04-28 15:15:00,309.0347,309.0556,308.6066,309.0357,104030.0
2026-04-28 15:20:00,309.0357,309.1455,308.9658,309.0357,57052.0
2026-04-28 15:25:00,309.0457,309.0746,308.9309,308.9858,90312.0
2026-04-28 15:30:00,308.9908,309.0157,308.5666,308.8261,96242.0
2026-04-28 15:35:00,308.8161,309.1654,308.6864,308.7712,143243.0
2026-04-28 15:40:00,308.7762,308.9658,308.5068,308.866,106222.0
2026-04-28 15:45:00,308.866,309.0057,308.6764,309.0057,112791.0
2026-04-28 15:50:00,309.0257,309.1255,308.7463,308.8461,232237.0
2026-04-28 15:55:00,308.8561,309.1853,308.1076,308.6764,560214.0
2026-04-29 09:30:00,335.7109,339.6828,333.3358,338.2058,1967673.0
2026-04-29 09:35:00,338.1459,341.2795,337.8366,338.9543,831689.0
2026-04-29 09:40:00,338.9593,340.3115,338.2557,338.5351,375250.0
2026-04-29 09:45:00,338.5351,339.2936,335.182,335.3567,454599.0
2026-04-29 09:50:00,335.3916,335.9005,333.7549,333.9745,512037.0
2026-04-29 09:55:00,333.9545,335.0722,333.1063,335.0673,441656.0
2026-04-29 10:00:00,335.0323,335.8207,333.8996,333.9545,323808.0
2026-04-29 10:05:00,334.0444,334.7828,333.2161,334.4934,269377.0
2026-04-29 10:10:00,334.4884,335.6012,334.0444,335.1521,325244.0
2026-04-29 10:15:00,335.172,336.4993,335.0623,335.7958,196549.0
2026-04-29 10:20:00,335.7958,338.0062,335.4814,337.2178,307473.0
2026-04-29 10:25:00,337.3077,338.3555,336.8087,337.7966,197619.0
2026-04-29 10:30:00,337.7966,338.8445,337.5272,338.7347,178452.0
2026-04-29 10:35:00,338.7846,339.1938,337.697,337.8366,159277.0
2026-04-29 10:40:00,337.8465,338.615,337.7468,337.7692,137945.0
2026-04-29 10:45:00,337.7692,337.8665,337.0282,337.8266,158588.0
2026-04-29 10:50:00,337.7966,337.8465,336.9484,337.5821,152853.0
2026-04-29 10:55:00,337.5821,337.6768,335.8407,335.8506,172464.0
2026-04-29 11:00:00,335.8956,336.0902,333.8847,335.4614,199419.0
2026-04-29 11:05:00,335.4914,336.3795,335.0623,336.2848,150427.0
2026-04-29 11:10:00,336.2947,336.3696,335.2868,335.3117,116476.0
2026-04-29 11:15:00,335.4515,335.7109,334.6731,334.678,96899.0
2026-04-29 11:20:00,334.678,335.9355,334.4535,335.8506,121443.0
2026-04-29 11:25:00,335.8506,336.7239,335.8407,336.4344,129646.0
2026-04-29 11:30:00,336.4344,336.8087,335.2818,335.6111,136734.0
2026-04-29 11:35:00,335.5862,336.1301,335.4016,335.8806,85140.0
2026-04-29 11:40:00,335.8706,336.2698,335.666,335.691,99764.0
2026-04-29 11:45:00,335.686,336.0103,335.252,335.5913,120185.0
2026-04-29 11:50:00,335.5912,335.9604,335.0757,335.1471,117247.0
2026-04-29 11:55:00,335.172,335.9604,335.1522,335.661,104108.0
2026-04-29 12:00:00,335.661,335.8906,335.1521,335.1521,97182.0
2026-04-29 12:05:00,335.0673,336.0203,334.8927,335.9754,79790.0
2026-04-29 12:10:00,336.0296,336.4893,335.8207,336.0702,103595.0
2026-04-29 12:15:00,336.0802,336.9284,335.9704,336.8885,98101.0
2026-04-29 12:20:00,336.9185,337.5571,336.9185,337.2578,118629.0
2026-04-29 12:25:00,337.2777,337.3376,336.48,337.1405,65684.0
2026-04-29 12:30:00,337.128,337.5072,337.0005,337.1829,82958.0
2026-04-29 12:35:00,337.2278,337.3077,336.6041,336.7737,87098.0
2026-04-29 12:40:00,336.7737,336.8187,336.4095,336.6789,85514.0
2026-04-29 12:45:00,336.674,337.3077,336.639,337.0332,74316.0
2026-04-29 12:50:00,337.0332,337.3077,336.8586,337.1979,58243.0
2026-04-29 12:55:00,337.2079,337.3675,336.8586,337.0083,60955.0
2026-04-29 13:00:00,337.0781,337.1081,336.2099,336.3596,63991.0
2026-04-29 13:05:00,336.3496,336.5392,336.0153,336.0802,62970.0
2026-04-29 13:10:00,336.0203,336.1301,335.3218,335.5712,53058.0
2026-04-29 13:15:00,335.5213,335.8407,335.4964,335.671,79837.0
2026-04-29 13:20:00,335.7159,335.9005,335.1171,335.4914,91709.0
2026-04-29 13:25:00,335.5363,336.0802,335.4914,335.9155,76940.0
2026-04-29 13:30:00,335.9504,336.3496,335.4396,336.3297,75281.0
2026-04-29 13:35:00,336.3297,336.4594,335.5912,335.6311,86527.0
2026-04-29 13:40:00,335.5513,335.5712,335.1621,335.4115,99957.0
2026-04-29 13:45:00,335.3966,335.9105,335.3966,335.9105,67186.0
2026-04-29 13:50:00,335.8806,336.4694,335.7209,336.2897,78232.0
2026-04-29 13:55:00,336.2299,336.4893,336.1301,336.2523,78781.0
2026-04-29 14:00:00,336.2947,336.5692,336.14,336.3746,142688.0
2026-04-29 14:05:00,336.3596,336.659,336.2099,336.4893,141138.0
2026-04-29 14:10:00,336.4893,336.7787,336.3097,336.629,106616.0
2026-04-29 14:15:00,336.629,336.8087,336.2199,336.6141,89370.0
2026-04-29 14:20:00,336.5492,336.7488,336.2199,336.5392,51847.0
2026-04-29 14:25:00,336.3796,336.4644,336.2199,336.3558,75281.0
2026-04-29 14:30:00,336.3446,336.4095,336.0852,336.3646,104340.0
2026-04-29 14:35:00,336.3696,336.5093,336.0303,336.2798,94149.0
2026-04-29 14:40:00,336.2897,336.4095,335.8107,336.0492,119834.0
2026-04-29 14:45:00,335.9504,336.2798,335.6511,336.2299,74591.0
2026-04-29 14:50:00,336.2299,336.4544,335.7109,335.7708,101315.0
2026-04-29 14:55:00,335.7309,336.1351,335.6211,336.0803,96758.0
2026-04-29 15:00:00,336.1201,336.3646,335.5313,335.6361,81382.0
2026-04-29 15:05:00,335.5713,336.165,335.3917,335.7409,147583.0
2026-04-29 15:10:00,335.7359,336.1999,335.701,336.1251,137656.0
2026-04-29 15:15:00,336.14,336.14,335.681,336.0908,138240.0
2026-04-29 15:20:00,336.1301,336.3097,335.3517,335.5113,132102.0
2026-04-29 15:25:00,335.5014,335.5912,334.708,334.8776,235002.0
2026-04-29 15:30:00,334.9026,335.1621,334.1042,334.2739,226374.0
2026-04-29 15:35:00,334.2839,335.2269,334.1841,335.0922,134008.0
2026-04-29 15:40:00,335.1072,335.1417,334.5832,334.9126,162195.0
2026-04-29 15:45:00,334.9126,335.6411,334.7828,335.5513,190680.0
2026-04-29 15:50:00,335.5014,335.6511,335.182,335.3117,367000.0
2026-04-29 15:55:00,335.3018,335.3716,333.6452,334.1641,968922.0
2026-04-30 09:30:00,331.4397,331.4397,328.376,330.9008,453468.0
2026-04-30 09:35:00,330.9109,331.8189,330.1249,330.332,160555.0
2026-04-30 09:40:00,330.3612,331.4098,329.853,330.1424,334043.0
2026-04-30 09:45:00,330.0525,330.821,329.3939,330.2172,112852.0
2026-04-30 09:50:00,330.2721,330.9307,329.7532,330.8958,107405.0
2026-04-30 09:55:00,330.821,331.0355,329.9128,329.9278,90968.0
2026-04-30 10:00:00,329.9727,330.3968,328.9149,329.1719,146780.0
2026-04-30 10:05:00,329.2393,329.5137,328.5756,328.6754,100890.0
2026-04-30 10:10:00,328.6804,328.865,328.2961,328.6355,94123.0
2026-04-30 10:15:00,328.6953,329.833,328.5358,329.324,128839.0
2026-04-30 10:20:00,329.3529,329.7033,328.0267,328.1065,132759.0
2026-04-30 10:25:00,328.1964,329.2541,327.887,328.8849,82441.0
2026-04-30 10:30:00,328.835,329.4388,328.5456,329.2292,103927.0
2026-04-30 10:35:00,329.2242,329.7033,328.9853,329.6334,75866.0
2026-04-30 10:40:00,329.5436,329.7132,328.356,328.6554,143706.0
2026-04-30 10:45:00,328.6554,329.5536,328.2163,329.4937,103961.0
2026-04-30 10:50:00,329.344,330.322,329.2542,330.1823,122547.0
2026-04-30 10:55:00,330.1124,330.1573,329.1743,329.3689,130483.0
2026-04-30 11:00:00,329.3839,329.3839,327.4878,327.5926,93808.0
2026-04-30 11:05:00,327.6076,328.5257,327.408,328.376,119580.0
2026-04-30 11:10:00,328.376,328.7752,328.1165,328.1415,86703.0
2026-04-30 11:15:00,328.1415,328.5157,327.7672,328.1115,63066.0
2026-04-30 11:20:00,328.0467,328.4059,327.5078,328.356,124713.0
2026-04-30 11:25:00,328.356,329.0646,328.356,328.8949,114110.0
2026-04-30 11:30:00,328.9448,329.0546,327.9968,328.376,85500.0
2026-04-30 11:35:00,328.2762,328.4558,328.0966,328.2275,40704.0
2026-04-30 11:40:00,328.2013,328.3261,327.7473,328.2463,47269.0
2026-04-30 11:45:00,328.2163,328.366,327.7223,327.9683,53002.0
2026-04-30 11:50:00,327.902,328.0067,327.4279,328.0067,81157.0
2026-04-30 11:55:00,327.9868,328.835,327.9668,328.8151,67947.0
2026-04-30 12:00:00,328.8201,328.9348,328.4259,328.845,84702.0
2026-04-30 12:05:00,328.8849,329.1544,328.4658,328.9049,80772.0
2026-04-30 12:10:00,328.7951,329.5536,328.5955,329.5436,54072.0
2026-04-30 12:15:00,329.5336,329.6933,329.2442,329.2592,36109.0
2026-04-30 12:20:00,329.2542,329.6833,329.2143,329.5037,27695.0
2026-04-30 12:25:00,329.5286,329.5935,329.2242,329.3989,56423.0
2026-04-30 12:30:00,329.3789,329.7532,329.334,329.5885,65582.0
2026-04-30 12:35:00,329.5635,329.7731,329.4737,329.6933,42243.0
2026-04-30 12:40:00,329.5885,329.9727,329.364,329.9727,54451.0
2026-04-30 12:45:00,329.9428,330.2422,329.813,330.0825,71767.0
2026-04-30 12:50:00,330.0226,330.1339,329.5935,329.7282,52427.0
2026-04-30 12:55:00,329.7282,329.9877,329.6733,329.9527,43208.0
2026-04-30 13:00:00,329.9478,330.0825,329.0746,329.2093,59370.0
2026-04-30 13:05:00,329.2093,329.2093,328.5756,329.0247,70046.0
2026-04-30 13:10:00,328.9847,329.3739,328.9049,329.344,47999.0
2026-04-30 13:15:00,329.344,329.9328,329.3141,329.9029,42108.0
2026-04-30 13:20:00,329.9328,330.4118,329.8729,330.1823,60791.0
2026-04-30 13:25:00,330.0925,330.2122,329.7832,330.2122,49208.0
2026-04-30 13:30:00,330.2022,330.332,329.5536,329.6284,71085.0
2026-04-30 13:35:00,329.6284,329.7432,329.4046,329.5236,63602.0
2026-04-30 13:40:00,329.4538,330.1124,329.4538,330.1024,63977.0
2026-04-30 13:45:00,330.1124,330.5016,329.9328,330.3918,54199.0
2026-04-30 13:50:00,330.4018,330.5515,330.2122,330.5515,58263.0
2026-04-30 13:55:00,330.4767,330.5515,330.1623,330.1823,61280.0
2026-04-30 14:00:00,330.1623,330.6613,330.0925,330.317,80554.0
2026-04-30 14:05:00,330.2621,330.6713,329.9827,330.6713,56404.0
2026-04-30 14:10:00,330.7012,330.8709,330.352,330.4667,90739.0
2026-04-30 14:15:00,330.4417,330.5615,330.0426,330.3419,84837.0
2026-04-30 14:20:00,330.312,330.5016,330.1923,330.2571,46763.0
2026-04-30 14:25:00,330.2621,330.4417,330.0026,330.2022,55921.0
2026-04-30 14:30:00,330.2022,330.2022,329.7731,329.833,59379.0
2026-04-30 14:35:00,329.833,330.7212,329.833,330.6513,43916.0
2026-04-30 14:40:00,330.6513,330.7711,330.2022,330.307,49853.0
2026-04-30 14:45:00,330.312,330.4916,330.2042,330.4717,50505.0
2026-04-30 14:50:00,330.4767,330.5116,329.6035,329.6035,48514.0
2026-04-30 14:55:00,329.6234,329.9428,329.5635,329.8031,49005.0
2026-04-30 15:00:00,329.7631,330.6413,329.7631,330.4717,54833.0
2026-04-30 15:05:00,330.4642,330.6813,330.2921,330.2921,57348.0
2026-04-30 15:10:00,330.297,330.801,330.297,330.6114,50711.0
2026-04-30 15:15:00,330.5914,330.5914,330.1523,330.1523,60293.0
2026-04-30 15:20:00,330.2022,330.5815,329.9927,330.5815,61581.0
2026-04-30 15:25:00,330.5615,330.5914,330.1823,330.2821,58507.0
2026-04-30 15:30:00,330.302,330.5815,330.1424,330.2272,96742.0
2026-04-30 15:35:00,330.2272,330.3719,330.0925,330.317,88822.0
2026-04-30 15:40:00,330.302,330.302,329.7432,329.848,155200.0
2026-04-30 15:45:00,329.813,330.6114,329.4737,330.5615,162309.0
2026-04-30 15:50:00,330.5815,331.0106,330.0226,330.0825,307945.0
2026-04-30 15:55:00,330.0525,330.4417,329.354,329.354,751648.0
