datetime,open,high,low,close,volume
2026-03-02 09:30:00,314.8537,316.3706,313.9506,314.8438,381122.0
2026-03-02 09:35:00,314.7889,317.3287,314.2949,317.0193,147195.0
2026-03-02 09:40:00,317.0347,318.8505,316.8546,318.5462,84514.0
2026-03-02 09:45:00,318.5162,318.6459,316.7498,317.2189,81892.0
2026-03-02 09:50:00,317.2688,317.8775,317.0393,317.2788,75124.0
2026-03-02 09:55:00,317.2788,317.628,316.8496,317.3386,72728.0
2026-03-02 10:00:00,317.3087,317.8476,316.7001,317.4434,122245.0
2026-03-02 10:05:00,317.4883,318.2617,314.8537,317.6829,103456.0
2026-03-02 10:10:00,317.6829,318.1769,317.5582,317.648,84968.0
2026-03-02 10:15:00,317.648,318.4763,317.4484,317.9673,72707.0
2026-03-02 10:20:00,317.9474,318.6559,317.8177,318.2867,61766.0
2026-03-02 10:25:00,318.2867,318.4064,316.3507,317.8177,96173.0
2026-03-02 10:30:00,317.7977,318.2168,317.7579,317.7579,49535.0
2026-03-02 10:35:00,317.7578,317.9175,316.67,316.9844,80918.0
2026-03-02 10:40:00,316.9844,317.3979,316.4854,317.3885,58843.0
2026-03-02 10:45:00,317.4135,317.6779,316.9694,317.0442,48771.0
2026-03-02 10:50:00,316.9794,317.8077,316.8496,317.4035,58853.0
2026-03-02 10:55:00,317.3486,318.4863,317.2589,318.3765,65692.0
2026-03-02 11:00:00,318.3166,318.636,317.8875,318.611,54986.0
2026-03-02 11:05:00,318.6143,318.7058,318.2368,318.5761,61232.0
2026-03-02 11:10:00,318.606,318.7158,317.8975,318.2967,62930.0
2026-03-02 11:15:00,318.3017,318.3765,317.4983,317.7628,46502.0
2026-03-02 11:20:00,317.7977,317.8077,317.0492,317.386,57277.0
2026-03-02 11:25:00,317.3935,317.5582,316.5802,316.67,47611.0
2026-03-02 11:30:00,316.7399,317.0991,316.4704,317.0941,59158.0
2026-03-02 11:35:00,317.149,317.7678,317.0991,317.6779,53087.0
2026-03-02 11:40:00,317.7278,318.2019,317.7278,318.0771,66362.0
2026-03-02 11:45:00,318.0172,318.3166,317.648,317.8676,43311.0
2026-03-02 11:50:00,317.9175,318.5811,317.8077,318.2568,47333.0
2026-03-02 11:55:00,318.2468,318.5362,317.9774,318.2368,36906.0
2026-03-02 12:00:00,318.2568,318.4563,317.7594,318.0971,35864.0
2026-03-02 12:05:00,318.0472,318.6308,318.0472,318.2368,50589.0
2026-03-02 12:10:00,318.2368,318.5412,318.128,318.5062,29386.0
2026-03-02 12:15:00,318.4963,318.8056,318.4364,318.621,33021.0
2026-03-02 12:20:00,318.6235,318.7358,318.5782,318.6559,31055.0
2026-03-02 12:25:00,318.646,318.8605,318.3665,318.5063,62040.0
2026-03-02 12:30:00,318.6323,318.8455,318.5462,318.5811,55022.0
2026-03-02 12:35:00,318.5462,318.9753,318.3166,318.9553,51798.0
2026-03-02 12:40:00,318.9154,319.3844,318.7857,319.3196,59680.0
2026-03-02 12:45:00,319.2946,319.7188,319.2148,319.4792,42445.0
2026-03-02 12:50:00,319.5042,320.1329,319.3445,319.8784,56523.0
2026-03-02 12:55:00,319.8435,319.9333,319.5441,319.9283,34218.0
2026-03-02 13:00:00,319.8934,320.0822,319.7437,319.9533,31836.0
2026-03-02 13:05:00,319.9932,320.083,319.8036,319.8535,28587.0
2026-03-02 13:10:00,319.8984,320.0678,319.8235,319.8734,30827.0
2026-03-02 13:15:00,319.8435,320.0032,319.6738,319.8734,36244.0
2026-03-02 13:20:00,319.8635,320.3225,319.7836,320.2726,42818.0
2026-03-02 13:25:00,320.2726,320.5121,320.0531,320.4779,44638.0
2026-03-02 13:30:00,320.5221,320.9712,320.2826,320.8315,69028.0
2026-03-02 13:35:00,320.8015,320.8415,320.3026,320.3026,36478.0
2026-03-02 13:40:00,320.2726,320.3624,319.9333,319.9333,39314.0
2026-03-02 13:45:00,319.9533,320.1928,319.2148,319.5641,103055.0
2026-03-02 13:50:00,319.6339,319.6938,319.3745,319.6039,25881.0
2026-03-02 13:55:00,319.5985,319.9831,319.5242,319.7587,36145.0
2026-03-02 14:00:00,319.7736,320.3877,319.6938,320.3624,39085.0
2026-03-02 14:05:00,320.3425,320.4473,319.8734,320.4473,53371.0
2026-03-02 14:10:00,320.4621,320.8015,320.3026,320.7417,43715.0
2026-03-02 14:15:00,320.7716,321.2506,320.7616,321.151,35053.0
2026-03-02 14:20:00,321.1608,321.3803,321.081,321.081,46019.0
2026-03-02 14:25:00,321.071,321.7795,321.0361,321.7097,45717.0
2026-03-02 14:30:00,321.7097,321.7596,321.3304,321.3404,40232.0
2026-03-02 14:35:00,321.3404,321.6797,321.3404,321.5799,40161.0
2026-03-02 14:40:00,321.5999,321.9392,321.2307,321.3953,43937.0
2026-03-02 14:45:00,321.4003,321.4601,320.9911,321.071,29976.0
2026-03-02 14:50:00,321.058,321.1907,320.8514,321.1009,45776.0
2026-03-02 14:55:00,321.0806,321.2606,320.8815,321.1558,32061.0
2026-03-02 15:00:00,321.1558,321.4003,320.592,320.6169,41578.0
2026-03-02 15:05:00,320.6518,320.6618,319.5105,319.6689,53041.0
2026-03-02 15:10:00,319.604,319.9433,319.3345,319.7437,60244.0
2026-03-02 15:15:00,319.6639,320.0905,319.584,319.9433,53474.0
2026-03-02 15:20:00,319.9433,319.9882,319.5242,319.6239,55094.0
2026-03-02 15:25:00,319.584,319.7437,319.4443,319.5741,46833.0
2026-03-02 15:30:00,319.614,319.9832,319.4942,319.9233,46765.0
2026-03-02 15:35:00,319.9383,320.1728,319.8635,320.0466,43797.0
2026-03-02 15:40:00,320.0431,320.108,319.7836,319.8834,67540.0
2026-03-02 15:45:00,319.8934,320.4522,319.8535,320.2327,75462.0
2026-03-02 15:50:00,320.1828,320.2227,319.2846,319.8535,142316.0
2026-03-02 15:55:00,319.8734,320.3325,319.584,319.6838,422433.0
2026-03-03 09:30:00,315.1581,319.3944,314.4645,319.3944,197310.0
2026-03-03 09:35:00,319.3944,319.5042,316.3507,316.8447,80783.0
2026-03-03 09:40:00,316.759,317.2788,315.6421,316.1012,72031.0
2026-03-03 09:45:00,316.0712,316.171,314.5718,314.6641,100158.0
2026-03-03 09:50:00,314.6242,316.1611,314.2051,315.5323,121409.0
2026-03-03 09:55:00,315.4326,316.1211,315.1581,315.9365,66617.0
2026-03-03 10:00:00,316.0213,316.4405,315.6022,315.6421,65474.0
2026-03-03 10:05:00,315.6421,315.9615,314.4047,314.5094,69884.0
2026-03-03 10:10:00,314.4246,315.3328,314.245,314.3099,54989.0
2026-03-03 10:15:00,314.3099,315.722,314.1054,315.0134,46050.0
2026-03-03 10:20:00,314.9336,315.0434,314.2151,314.9635,69705.0
2026-03-03 10:25:00,314.9635,315.1631,313.7061,313.9456,90242.0
2026-03-03 10:30:00,313.9306,316.1211,313.8658,315.7419,94874.0
2026-03-03 10:35:00,315.7419,316.3507,315.4176,316.3307,67591.0
2026-03-03 10:40:00,316.171,316.9295,315.3627,315.6172,88897.0
2026-03-03 10:45:00,315.6172,315.8317,315.0134,315.3777,55027.0
2026-03-03 10:50:00,315.4525,315.4525,314.5494,314.7839,36978.0
2026-03-03 10:55:00,314.8038,315.5024,314.7739,315.3926,82822.0
2026-03-03 11:00:00,315.3926,315.4625,314.5843,315.1232,47275.0
2026-03-03 11:05:00,315.1431,315.6421,315.1431,315.2479,43077.0
2026-03-03 11:10:00,315.3028,316.0812,315.2072,316.0164,49874.0
2026-03-03 11:15:00,315.9665,316.7,315.722,316.0912,57903.0
2026-03-03 11:20:00,315.9914,316.9909,315.8717,316.9894,43979.0
2026-03-03 11:25:00,316.9345,317.149,316.4804,316.7498,48641.0
2026-03-03 11:30:00,316.675,316.8995,315.9515,316.4255,42096.0
2026-03-03 11:35:00,316.4405,316.4405,315.8517,316.2509,42007.0
2026-03-03 11:40:00,316.2708,316.5552,315.8717,316.3257,36924.0
2026-03-03 11:45:00,316.3207,317.0691,316.1311,316.2609,41015.0
2026-03-03 11:50:00,316.3507,316.4405,315.9634,316.2459,41010.0
2026-03-03 11:55:00,316.2459,316.4604,316.0413,316.4006,48339.0
2026-03-03 12:00:00,316.3956,316.4505,315.6122,316.0712,48375.0
2026-03-03 12:05:00,316.0164,316.2309,315.6022,315.707,50100.0
2026-03-03 12:10:00,315.707,316.1311,315.6721,316.1261,38145.0
2026-03-03 12:15:00,316.0613,316.2309,315.8018,316.1062,44964.0
2026-03-03 12:20:00,316.1411,316.4804,316.1311,316.4205,30994.0
2026-03-03 12:25:00,316.4604,316.8496,316.2708,316.665,54935.0
2026-03-03 12:30:00,316.655,316.68,316.1311,316.171,72946.0
2026-03-03 12:35:00,316.171,316.3507,315.9116,316.0812,29736.0
2026-03-03 12:40:00,316.1411,316.8596,315.9964,316.8596,46757.0
2026-03-03 12:45:00,316.8397,317.3386,316.7499,317.139,32440.0
2026-03-03 12:50:00,317.169,317.4883,316.9594,317.0592,40078.0
2026-03-03 12:55:00,317.0592,317.5482,316.9695,317.5183,55779.0
2026-03-03 13:00:00,317.5083,317.9972,317.4983,317.5083,45943.0
2026-03-03 13:05:00,317.4784,317.6779,317.3287,317.5582,38812.0
2026-03-03 13:10:00,317.5482,317.7278,317.1939,317.2339,40887.0
2026-03-03 13:15:00,317.2339,317.9125,317.1889,317.5781,36951.0
2026-03-03 13:20:00,317.638,318.9354,317.638,318.8656,47235.0
2026-03-03 13:25:00,318.8605,319.6838,318.7857,319.502,43859.0
2026-03-03 13:30:00,319.5591,320.0331,319.4144,319.9882,60311.0
2026-03-03 13:35:00,319.9333,320.562,319.8136,320.4373,40119.0
2026-03-03 13:40:00,320.4722,320.8315,320.3425,320.572,70666.0
2026-03-03 13:45:00,320.552,321.056,320.2926,320.9263,53884.0
2026-03-03 13:50:00,320.8814,320.8814,320.582,320.7067,31160.0
2026-03-03 13:55:00,320.6568,320.8165,320.3125,320.4722,50400.0
2026-03-03 14:00:00,320.4622,320.9712,320.4423,320.9412,28069.0
2026-03-03 14:05:00,320.9712,321.0204,320.143,320.3325,40623.0
2026-03-03 14:10:00,320.3325,320.8415,320.2726,320.5221,27217.0
2026-03-03 14:15:00,320.5221,321.0311,320.4024,320.7965,50848.0
2026-03-03 14:20:00,320.7965,321.0311,320.7117,320.8714,41468.0
2026-03-03 14:25:00,320.7666,321.041,320.597,320.6568,33519.0
2026-03-03 14:30:00,320.6918,320.7616,319.5042,319.5741,34059.0
2026-03-03 14:35:00,319.5042,320.2127,319.2946,319.9533,63638.0
2026-03-03 14:40:00,319.9533,320.2626,319.8635,320.0331,56801.0
2026-03-03 14:45:00,320.0132,320.9462,319.9932,320.7716,52871.0
2026-03-03 14:50:00,320.7716,321.2207,320.577,321.066,61323.0
2026-03-03 14:55:00,321.066,321.3304,320.8115,321.2406,50766.0
2026-03-03 15:00:00,321.2606,321.2606,320.7916,320.9412,42513.0
2026-03-03 15:05:00,320.9412,321.3803,320.7517,320.9412,40146.0
2026-03-03 15:10:00,320.9412,321.2506,320.4024,320.4024,30348.0
2026-03-03 15:15:00,320.4024,320.4423,320.0092,320.2127,45401.0
2026-03-03 15:20:00,320.1579,320.2427,319.9034,320.1129,30725.0
2026-03-03 15:25:00,320.1129,320.3624,319.9034,320.2726,34625.0
2026-03-03 15:30:00,320.2826,320.6618,320.2534,320.4123,36275.0
2026-03-03 15:35:00,320.4123,320.6119,320.2427,320.4672,36706.0
2026-03-03 15:40:00,320.4672,320.5421,320.0431,320.098,38361.0
2026-03-03 15:45:00,320.098,320.7516,320.098,320.6568,44601.0
2026-03-03 15:50:00,320.6319,320.6419,320.0132,320.4722,86182.0
2026-03-03 15:55:00,320.4822,320.6019,319.9333,320.2127,233517.0
2026-03-04 09:30:00,320.7816,321.3005,319.4343,320.3724,207882.0
2026-03-04 09:35:00,320.3625,321.6248,319.1449,321.3404,99331.0
2026-03-04 09:40:00,321.3267,321.6897,320.7417,321.1119,77150.0
2026-03-04 09:45:00,321.1009,321.1009,320.3325,320.6718,96649.0
2026-03-04 09:50:00,320.6119,322.7974,320.4522,322.5579,108131.0
2026-03-04 09:55:00,322.4781,322.5879,321.8045,322.5879,77069.0
2026-03-04 10:00:00,322.4881,322.987,321.7795,321.8095,89700.0
2026-03-04 10:05:00,321.8993,323.1168,321.8241,323.1168,53827.0
2026-03-04 10:10:00,323.0569,323.8054,322.9471,323.6457,52818.0
2026-03-04 10:15:00,323.6457,323.8353,323.2116,323.3072,78072.0
2026-03-04 10:20:00,323.3014,324.5838,323.1717,324.3542,90926.0
2026-03-04 10:25:00,324.3443,324.8832,323.8553,324.7584,77674.0
2026-03-04 10:30:00,324.8033,325.1027,323.7405,324.0349,67163.0
2026-03-04 10:35:00,323.975,324.1596,323.5559,324.0648,52369.0
2026-03-04 10:40:00,324.0399,324.5538,323.3962,324.0099,108445.0
2026-03-04 10:45:00,324.1048,324.1048,323.3363,323.8752,50754.0
2026-03-04 10:50:00,323.8253,323.9151,323.2365,323.5259,49800.0
2026-03-04 10:55:00,323.6257,324.1746,323.5459,324.0648,47737.0
2026-03-04 11:00:00,324.0199,324.232,323.995,324.1347,52315.0
2026-03-04 11:05:00,324.1347,324.5039,323.965,324.5039,62409.0
2026-03-04 11:10:00,324.474,324.5838,323.6756,323.8253,40270.0
2026-03-04 11:15:00,323.8553,324.1197,323.6557,323.9401,57518.0
2026-03-04 11:20:00,323.9401,323.9401,323.4062,323.5708,54759.0
2026-03-04 11:25:00,323.5708,323.7156,323.027,323.0569,47352.0
2026-03-04 11:30:00,323.0469,323.3563,322.7974,323.027,38267.0
2026-03-04 11:35:00,323.0369,323.2465,322.3384,322.4581,38562.0
2026-03-04 11:40:00,322.5479,322.8274,322.3484,322.7725,43479.0
2026-03-04 11:45:00,322.7725,323.0569,322.7435,322.8391,42462.0
2026-03-04 11:50:00,322.8374,323.007,322.6178,322.6178,47095.0
2026-03-04 11:55:00,322.6877,322.6976,322.3484,322.4781,23614.0
2026-03-04 12:00:00,322.5539,322.5679,322.1787,322.4531,47695.0
2026-03-04 12:05:00,322.4781,322.5086,322.1687,322.4681,59229.0
2026-03-04 12:10:00,322.4282,322.4881,322.2885,322.3983,38285.0
2026-03-04 12:15:00,322.4232,322.5135,322.1787,322.2835,20782.0
2026-03-04 12:20:00,322.2835,322.4781,321.9592,322.0839,34133.0
2026-03-04 12:25:00,322.1488,322.1687,321.6099,321.6598,50432.0
2026-03-04 12:30:00,321.6648,321.7295,320.9712,321.5101,52110.0
2026-03-04 12:35:00,321.4801,321.7196,320.9313,321.1558,68332.0
2026-03-04 12:40:00,321.1309,321.2007,320.6019,320.9313,28833.0
2026-03-04 12:45:00,320.9712,321.3903,320.9113,320.9712,26927.0
2026-03-04 12:50:00,321.0161,321.2207,320.7916,321.0959,28677.0
2026-03-04 12:55:00,321.0959,321.3105,320.8614,321.2756,27034.0
2026-03-04 13:00:00,321.2207,321.2406,320.2626,320.2626,38067.0
2026-03-04 13:05:00,320.3225,320.6918,320.2327,320.6119,38425.0
2026-03-04 13:10:00,320.582,320.7217,320.3325,320.4473,37878.0
2026-03-04 13:15:00,320.5221,320.8514,320.4522,320.7916,39043.0
2026-03-04 13:20:00,320.7616,321.1832,320.6419,321.051,30956.0
2026-03-04 13:25:00,321.081,321.1608,320.6518,320.8365,29623.0
2026-03-04 13:30:00,320.7816,321.056,320.6518,320.9961,52901.0
2026-03-04 13:35:00,321.0011,321.6149,320.9712,321.6149,54050.0
2026-03-04 13:40:00,321.6149,321.7295,321.1259,321.1259,32924.0
2026-03-04 13:45:00,321.1059,321.2307,320.8664,321.0561,60023.0
2026-03-04 13:50:00,321.056,321.1808,320.8416,321.0011,24844.0
2026-03-04 13:55:00,321.0061,321.0111,320.7217,320.8615,20226.0
2026-03-04 14:00:00,320.8814,321.4103,320.8814,321.3005,28204.0
2026-03-04 14:05:00,321.2706,321.4552,321.0909,321.4003,25477.0
2026-03-04 14:10:00,321.3803,321.4395,321.1309,321.1708,21952.0
2026-03-04 14:15:00,321.1991,321.2756,320.8614,321.0311,36695.0
2026-03-04 14:20:00,321.0011,321.1608,320.7516,321.1109,33219.0
2026-03-04 14:25:00,321.1052,321.1408,320.7317,320.9612,33103.0
2026-03-04 14:30:00,320.9712,321.3604,320.9462,321.3005,33604.0
2026-03-04 14:35:00,321.3255,321.3803,321.1758,321.3704,29128.0
2026-03-04 14:40:00,321.3542,321.4801,321.2606,321.3404,47698.0
2026-03-04 14:45:00,321.3404,321.4801,321.3005,321.4141,35120.0
2026-03-04 14:50:00,321.3903,321.6199,321.3504,321.5237,29614.0
2026-03-04 14:55:00,321.5201,321.5201,321.1109,321.4053,44199.0
2026-03-04 15:00:00,321.4153,321.4942,321.0311,321.0909,30345.0
2026-03-04 15:05:00,321.0909,321.2007,320.8415,321.041,42506.0
2026-03-04 15:10:00,321.041,321.071,320.7716,321.0061,36730.0
2026-03-04 15:15:00,320.9911,321.1109,320.6918,320.7017,41244.0
2026-03-04 15:20:00,320.7017,320.8115,320.5321,320.592,47252.0
2026-03-04 15:25:00,320.6219,320.7816,320.552,320.7417,45808.0
2026-03-04 15:30:00,320.7466,320.9512,320.7217,320.8215,48691.0
2026-03-04 15:35:00,320.7916,320.9213,320.6419,320.8015,50523.0
2026-03-04 15:40:00,320.8015,321.081,320.6967,320.9662,58159.0
2026-03-04 15:45:00,320.9612,321.1606,320.8913,320.9113,73172.0
2026-03-04 15:50:00,320.9013,320.9013,320.073,320.5121,136555.0
2026-03-04 15:55:00,320.5321,320.8215,319.7038,319.7138,362375.0
2026-03-05 09:30:00,318.6759,322.1388,318.3765,321.8294,215091.0
2026-03-05 09:35:00,321.8194,321.9691,320.5021,320.9263,144993.0
2026-03-05 09:40:00,320.8693,321.4003,320.0381,321.1009,139617.0
2026-03-05 09:45:00,321.0909,321.0909,320.3026,320.3674,87003.0
2026-03-05 09:50:00,320.4373,320.9512,320.2427,320.5021,87257.0
2026-03-05 09:55:00,320.4423,320.562,319.3246,319.4293,114255.0
2026-03-05 10:00:00,319.4244,319.599,317.2488,317.3137,191487.0
2026-03-05 10:05:00,317.3786,317.7179,315.6022,316.5652,196261.0
2026-03-05 10:10:00,316.5403,317.0206,315.8517,316.8097,162861.0
2026-03-05 10:15:00,316.8397,317.0492,314.8537,315.0733,127406.0
2026-03-05 10:20:00,314.9735,315.7619,314.5394,315.2529,101876.0
2026-03-05 10:25:00,315.1182,315.2729,314.235,314.8188,143435.0
2026-03-05 10:30:00,314.9236,315.5623,314.724,314.9835,105964.0
2026-03-05 10:35:00,314.9835,315.682,314.8438,315.2928,88781.0
2026-03-05 10:40:00,315.2978,315.9914,315.203,315.8118,82469.0
2026-03-05 10:45:00,315.8681,316.2209,315.2729,315.5723,86525.0
2026-03-05 10:50:00,315.5723,316.0712,315.3727,315.5174,75820.0
2026-03-05 10:55:00,315.5274,315.8316,314.8038,315.2429,75960.0
2026-03-05 11:00:00,315.3278,316.0912,315.3278,315.5024,99775.0
2026-03-05 11:05:00,315.4326,315.5224,314.6542,314.8138,61078.0
2026-03-05 11:10:00,314.8238,315.2713,314.1252,315.2429,72639.0
2026-03-05 11:15:00,315.2429,316.5103,315.1232,315.4226,91683.0
2026-03-05 11:20:00,315.3527,316.0812,315.3328,315.9116,39329.0
2026-03-05 11:25:00,315.8417,316.2309,315.6621,316.1511,41488.0
2026-03-05 11:30:00,316.181,316.4704,315.5523,315.5922,37376.0
2026-03-05 11:35:00,315.6072,316.3307,315.5822,316.1112,48620.0
2026-03-05 11:40:00,316.1112,316.5403,316.0314,316.2758,46770.0
2026-03-05 11:45:00,316.3394,316.7399,316.2312,316.68,38386.0
2026-03-05 11:50:00,316.7099,316.9295,315.8517,316.2609,67178.0
2026-03-05 11:55:00,316.3157,317.1888,315.9515,316.3407,95432.0
2026-03-05 12:00:00,316.3906,317.5831,316.196,317.5783,120264.0
2026-03-05 12:05:00,317.5283,317.638,317.1191,317.2887,79166.0
2026-03-05 12:10:00,317.2488,317.658,317.1191,317.4634,49853.0
2026-03-05 12:15:00,317.3786,317.4085,316.8496,316.8846,48371.0
2026-03-05 12:20:00,316.8696,317.0592,316.4105,316.8447,48599.0
2026-03-05 12:25:00,316.821,317.2089,316.7199,317.1241,48197.0
2026-03-05 12:30:00,317.1291,317.2588,316.7899,316.9395,33877.0
2026-03-05 12:35:00,316.9894,317.9175,316.9095,317.7877,48057.0
2026-03-05 12:40:00,317.8326,317.9474,317.4584,317.5382,38551.0
2026-03-05 12:45:00,317.5482,318.157,317.4983,317.7079,88622.0
2026-03-05 12:50:00,317.7278,318.4164,317.5397,317.8875,47413.0
2026-03-05 12:55:00,317.8875,318.3765,317.6779,318.2767,31190.0
2026-03-05 13:00:00,318.2168,318.2267,317.7378,318.0616,23923.0
2026-03-05 13:05:00,318.0372,318.3566,317.9503,318.3566,27766.0
2026-03-05 13:10:00,318.3566,318.616,318.1769,318.4863,32841.0
2026-03-05 13:15:00,318.4863,318.5561,317.8476,317.9773,28282.0
2026-03-05 13:20:00,317.9424,318.1582,317.9125,318.127,31720.0
2026-03-05 13:25:00,318.127,318.2368,317.6879,318.1669,26911.0
2026-03-05 13:30:00,318.1669,318.5462,317.7777,317.939,43241.0
2026-03-05 13:35:00,317.9374,317.9574,317.4085,317.8027,24508.0
2026-03-05 13:40:00,317.8027,318.5661,317.8027,318.4813,39051.0
2026-03-05 13:45:00,318.4813,318.4813,317.3586,317.5382,29246.0
2026-03-05 13:50:00,317.5382,317.6181,317.2089,317.2388,32144.0
2026-03-05 13:55:00,317.2289,317.7079,317.2289,317.5183,36385.0
2026-03-05 14:00:00,317.4983,317.6829,317.149,317.3486,28987.0
2026-03-05 14:05:00,317.3586,317.628,317.3536,317.3985,23808.0
2026-03-05 14:10:00,317.4434,317.7278,317.3187,317.6081,23807.0
2026-03-05 14:15:00,317.6181,317.6181,316.9894,317.3476,50517.0
2026-03-05 14:20:00,317.3885,317.5283,316.8796,317.149,47945.0
2026-03-05 14:25:00,317.144,317.3653,316.6401,316.9894,47841.0
2026-03-05 14:30:00,316.9494,317.0562,316.7099,317.0093,52273.0
2026-03-05 14:35:00,316.9395,317.2987,316.7798,316.9395,30785.0
2026-03-05 14:40:00,316.9345,317.184,316.7948,317.154,34726.0
2026-03-05 14:45:00,317.1741,317.7478,316.9894,317.7478,27619.0
2026-03-05 14:50:00,317.7628,318.0073,317.673,317.7378,32698.0
2026-03-05 14:55:00,317.7578,317.9973,317.678,317.9374,30243.0
2026-03-05 15:00:00,317.9224,318.5362,317.7777,318.4963,45307.0
2026-03-05 15:05:00,318.4164,318.5462,317.8476,318.4314,31379.0
2026-03-05 15:10:00,318.3865,318.5861,318.2539,318.4963,29347.0
2026-03-05 15:15:00,318.4963,318.5661,318.2867,318.3765,38438.0
2026-03-05 15:20:00,318.3815,318.7657,318.3266,318.7108,40050.0
2026-03-05 15:25:00,318.7301,318.8555,318.4563,318.5961,52677.0
2026-03-05 15:30:00,318.5761,318.7258,318.3266,318.626,58845.0
2026-03-05 15:35:00,318.6559,318.8356,318.4713,318.4863,47417.0
2026-03-05 15:40:00,318.5062,318.5162,318.1617,318.4464,54642.0
2026-03-05 15:45:00,318.4264,318.9453,318.2368,318.8905,60877.0
2026-03-05 15:50:00,318.9154,318.9453,317.7877,318.6859,189341.0
2026-03-05 15:55:00,318.7258,319.0751,318.147,318.9354,632138.0
2026-03-06 09:30:00,315.3976,316.8896,314.3548,314.3647,200218.0
2026-03-06 09:35:00,314.3847,314.8937,313.7061,313.746,99760.0
2026-03-06 09:40:00,313.7972,314.1851,312.8578,313.277,81345.0
2026-03-06 09:45:00,313.267,313.267,311.6603,311.9098,88840.0
2026-03-06 09:50:00,311.8898,313.2969,311.8299,312.1693,89086.0
2026-03-06 09:55:00,312.0994,312.6582,311.9098,312.3688,76303.0
2026-03-06 10:00:00,312.2591,313.1836,312.2591,312.798,79400.0
2026-03-06 10:05:00,312.8577,313.0774,312.0695,312.4986,77069.0
2026-03-06 10:10:00,312.4986,313.5165,312.4387,313.5165,61061.0
2026-03-06 10:15:00,313.4416,314.1851,313.2071,313.6612,230571.0
2026-03-06 10:20:00,313.6612,314.2549,313.0724,313.8658,85091.0
2026-03-06 10:25:00,313.8658,314.1951,313.5564,314.1153,61639.0
2026-03-06 10:30:00,314.1252,315.2604,314.0254,315.1232,75197.0
2026-03-06 10:35:00,315.213,315.3028,314.5943,314.9236,40282.0
2026-03-06 10:40:00,314.9136,314.9136,313.9157,314.23,48853.0
2026-03-06 10:45:00,314.3049,314.4945,313.9855,314.3149,51445.0
2026-03-06 10:50:00,314.3148,314.3148,313.2969,313.736,50513.0
2026-03-06 10:55:00,313.736,314.704,313.6961,314.23,73396.0
2026-03-06 11:00:00,314.3049,315.0034,314.23,314.8837,52382.0
2026-03-06 11:05:00,314.9086,315.0533,314.3947,314.7539,68133.0
2026-03-06 11:10:00,314.8038,315.0533,314.1252,314.1278,42447.0
2026-03-06 11:15:00,314.1352,314.8737,314.1252,314.8138,38396.0
2026-03-06 11:20:00,314.709,314.8637,314.0354,314.3847,45834.0
2026-03-06 11:25:00,314.4346,314.5742,314.0349,314.1003,36277.0
2026-03-06 11:30:00,314.1003,314.4246,314.0454,314.2649,35412.0
2026-03-06 11:35:00,314.2649,314.6691,314.1951,314.5441,62055.0
2026-03-06 11:40:00,314.4745,314.6741,314.1153,314.1202,49387.0
2026-03-06 11:45:00,314.1751,314.8138,314.1252,314.6542,46461.0
2026-03-06 11:50:00,314.7739,314.9036,314.2151,314.3548,33590.0
2026-03-06 11:55:00,314.2749,314.4845,314.0654,314.245,58869.0
2026-03-06 12:00:00,314.2749,314.5643,314.0454,314.2838,44317.0
2026-03-06 12:05:00,314.245,314.2899,313.1173,313.1622,48284.0
2026-03-06 12:10:00,313.2071,313.5561,313.0574,313.2969,45009.0
2026-03-06 12:15:00,313.2969,313.3867,312.9477,313.2471,46251.0
2026-03-06 12:20:00,313.277,313.3169,312.9377,313.1123,70488.0
2026-03-06 12:25:00,313.0774,313.0874,312.5285,312.8578,41565.0
2026-03-06 12:30:00,312.798,313.0175,312.6183,312.9726,30749.0
2026-03-06 12:35:00,312.9876,312.9876,312.3788,312.5784,42171.0
2026-03-06 12:40:00,312.5884,312.6183,312.1992,312.4187,46137.0
2026-03-06 12:45:00,312.4597,312.7481,312.3888,312.7481,33344.0
2026-03-06 12:50:00,312.7481,313.1772,312.7481,312.8778,31375.0
2026-03-06 12:55:00,312.8728,313.4466,312.8279,312.9177,53425.0
2026-03-06 13:00:00,312.9127,313.4666,312.7081,313.2919,58989.0
2026-03-06 13:05:00,313.2919,313.7959,313.1772,313.6662,35712.0
2026-03-06 13:10:00,313.7161,314.245,313.5464,314.0753,44474.0
2026-03-06 13:15:00,314.0753,314.2849,313.8395,314.0654,55072.0
2026-03-06 13:20:00,314.1053,314.1951,313.2387,313.3818,40611.0
2026-03-06 13:25:00,313.3369,313.5463,313.0874,313.3867,45132.0
2026-03-06 13:30:00,313.3868,313.7859,313.1822,313.3668,40159.0
2026-03-06 13:35:00,313.3269,313.4864,313.0425,313.0425,24666.0
2026-03-06 13:40:00,313.0225,313.2371,312.8928,313.0375,33690.0
2026-03-06 13:45:00,313.0096,313.2021,312.8778,313.0721,32862.0
2026-03-06 13:50:00,313.1273,313.1273,312.5585,312.778,34695.0
2026-03-06 13:55:00,312.778,313.1073,312.6183,312.6533,46919.0
2026-03-06 14:00:00,312.6882,313.0225,312.5884,312.9576,47496.0
2026-03-06 14:05:00,312.9377,313.4865,312.9377,313.0973,37204.0
2026-03-06 14:10:00,313.1033,313.8907,313.0075,313.8907,35163.0
2026-03-06 14:15:00,313.8358,314.1153,313.7261,313.9606,36206.0
2026-03-06 14:20:00,313.9606,314.0853,313.8059,313.8558,48131.0
2026-03-06 14:25:00,313.8458,314.1552,313.6163,314.1103,44127.0
2026-03-06 14:30:00,314.1252,314.3747,314.0254,314.1252,53655.0
2026-03-06 14:35:00,314.1202,314.4047,314.0155,314.1652,41431.0
2026-03-06 14:40:00,314.1202,315.1032,314.1202,314.9935,96978.0
2026-03-06 14:45:00,315.0084,315.6122,314.7614,315.6022,65639.0
2026-03-06 14:50:00,315.5922,315.9315,315.2729,315.7733,97126.0
2026-03-06 14:55:00,315.8816,315.9315,315.4166,315.4625,39805.0
2026-03-06 15:00:00,315.4924,316.1511,315.4775,315.8667,36073.0
2026-03-06 15:05:00,315.8667,316.3107,315.712,316.1511,49254.0
2026-03-06 15:10:00,316.171,316.171,315.7719,315.8317,51046.0
2026-03-06 15:15:00,315.7918,316.0563,315.7519,315.8267,46740.0
2026-03-06 15:20:00,315.8267,316.0563,315.682,315.8018,47655.0
2026-03-06 15:25:00,315.717,315.9814,315.5323,315.8916,41610.0
2026-03-06 15:30:00,315.9315,316.0213,315.5623,315.682,68881.0
2026-03-06 15:35:00,315.692,315.7519,315.2635,315.712,74748.0
2026-03-06 15:40:00,315.692,315.9116,315.0234,315.0633,94401.0
2026-03-06 15:45:00,315.0633,316.0213,315.0633,315.9515,91992.0
2026-03-06 15:50:00,316.0313,316.0712,314.9835,315.5323,169655.0
2026-03-06 15:55:00,315.5323,317.0393,315.5024,316.6002,422482.0
2026-03-09 09:30:00,312.8179,314.734,312.1792,312.4786,193752.0
2026-03-09 09:35:00,312.5086,313.3119,311.79,311.8749,82196.0
2026-03-09 09:40:00,311.875,313.0474,311.0416,312.9061,106307.0
2026-03-09 09:45:00,312.8279,312.8578,311.5306,311.7601,76784.0
2026-03-09 09:50:00,311.6603,312.0445,311.2911,311.4607,116888.0
2026-03-09 09:55:00,311.4607,312.4487,311.321,311.4956,70786.0
2026-03-09 10:00:00,311.5605,312.0794,310.9918,311.5559,76684.0
2026-03-09 10:05:00,311.6503,311.82,310.4428,310.832,62381.0
2026-03-09 10:10:00,310.8719,311.0216,310.2831,310.8021,59049.0
2026-03-09 10:15:00,310.7122,311.5206,310.0336,310.1234,72050.0
2026-03-09 10:20:00,310.1269,311.1713,309.7143,310.7871,57536.0
2026-03-09 10:25:00,310.7522,311.0415,310.1434,310.3779,57652.0
2026-03-09 10:30:00,310.3929,311.5605,310.3929,311.1913,127918.0
2026-03-09 10:35:00,311.1763,311.6503,310.6723,311.1813,117326.0
2026-03-09 10:40:00,311.2611,311.3609,310.5675,311.3608,122924.0
2026-03-09 10:45:00,311.2539,311.8599,311.1314,311.8599,61868.0
2026-03-09 10:50:00,311.8798,311.8798,311.2811,311.6154,68641.0
2026-03-09 10:55:00,311.5505,311.7302,310.3031,310.4478,85956.0
2026-03-09 11:00:00,310.3929,310.5426,309.9738,310.2532,114763.0
2026-03-09 11:05:00,310.2582,310.2781,309.5197,309.5995,101914.0
2026-03-09 11:10:00,309.5995,310.9218,309.5147,310.8619,93138.0
2026-03-09 11:15:00,310.9019,311.4008,310.6973,311.3509,66574.0
2026-03-09 11:20:00,311.4066,311.6104,311.1513,311.2561,62827.0
2026-03-09 11:25:00,311.2511,311.5705,310.9019,311.0166,66898.0
2026-03-09 11:30:00,311.1113,311.4707,310.4927,310.5526,45355.0
2026-03-09 11:35:00,310.5526,311.2611,310.3829,310.8619,56220.0
2026-03-09 11:40:00,310.8569,311.1813,310.7621,311.0366,36499.0
2026-03-09 11:45:00,311.0366,311.5605,310.9817,311.4407,35548.0
2026-03-09 11:50:00,311.4407,311.6104,311.2312,311.5705,36612.0
2026-03-09 11:55:00,311.5805,311.8898,311.2461,311.2461,48159.0
2026-03-09 12:00:00,311.2412,311.9846,311.0565,311.6852,66133.0
2026-03-09 12:05:00,311.6852,311.7751,311.4906,311.6603,45196.0
2026-03-09 12:10:00,311.6803,311.8399,311.5505,311.7302,73728.0
2026-03-09 12:15:00,311.7302,312.0245,311.5306,312.0196,79711.0
2026-03-09 12:20:00,312.0245,312.6782,311.7202,312.3189,78941.0
2026-03-09 12:25:00,312.3189,312.7081,311.9896,312.4986,158021.0
2026-03-09 12:30:00,312.5634,312.9576,312.3539,312.8479,79228.0
2026-03-09 12:35:00,312.8279,313.0774,312.5135,312.5934,45083.0
2026-03-09 12:40:00,312.5285,312.8698,312.3589,312.8698,56648.0
2026-03-09 12:45:00,312.7581,313.5863,312.758,313.5514,53102.0
2026-03-09 12:50:00,313.5863,313.9606,313.4766,313.4766,61139.0
2026-03-09 12:55:00,313.4766,313.8358,313.247,313.2919,45099.0
2026-03-09 13:00:00,313.2919,313.3568,312.7981,312.9576,24892.0
2026-03-09 13:05:00,312.9377,313.0275,312.6832,312.6832,28869.0
2026-03-09 13:10:00,312.7281,312.778,312.0994,312.1792,39801.0
2026-03-09 13:15:00,312.2092,312.309,311.8599,311.9297,45294.0
2026-03-09 13:20:00,311.8898,312.0046,311.6503,311.7401,40380.0
2026-03-09 13:25:00,311.7401,311.7999,311.1813,311.3809,50683.0
2026-03-09 13:30:00,311.4008,311.4507,311.1114,311.4407,54904.0
2026-03-09 13:35:00,311.3426,311.4058,311.1214,311.1314,42848.0
2026-03-09 13:40:00,311.1114,311.1513,310.6723,310.6723,33055.0
2026-03-09 13:45:00,310.6723,311.2611,310.6124,311.1214,40166.0
2026-03-09 13:50:00,311.1813,311.5605,311.1713,311.5256,39240.0
2026-03-09 13:55:00,311.5256,311.6004,311.0615,311.1512,22985.0
2026-03-09 14:00:00,311.1114,311.6902,311.1114,311.4707,66649.0
2026-03-09 14:05:00,311.4707,311.79,310.9617,311.0216,41953.0
2026-03-09 14:10:00,310.9817,311.0515,310.4156,310.5027,51873.0
2026-03-09 14:15:00,310.4977,310.7721,310.2931,310.4927,64496.0
2026-03-09 14:20:00,310.5326,310.9418,310.363,310.6174,86514.0
2026-03-09 14:25:00,310.6823,311.2511,310.5825,311.2012,51924.0
2026-03-09 14:30:00,311.2012,311.78,311.1913,311.6753,33893.0
2026-03-09 14:35:00,311.6503,312.0196,311.5705,311.9297,28293.0
2026-03-09 14:40:00,311.9559,311.9559,311.6803,311.8449,40123.0
2026-03-09 14:45:00,311.82,312.0445,311.7401,311.9183,38304.0
2026-03-09 14:50:00,311.8599,312.1144,311.7651,311.8848,39197.0
2026-03-09 14:55:00,311.8848,311.9996,311.6703,311.8599,36941.0
2026-03-09 15:00:00,311.8599,312.1443,311.7203,311.9946,31130.0
2026-03-09 15:05:00,311.9597,311.9697,311.4808,311.6503,50903.0
2026-03-09 15:10:00,311.6154,311.7751,311.4507,311.5057,36432.0
2026-03-09 15:15:00,311.5056,312.5684,311.3908,312.4587,57181.0
2026-03-09 15:20:00,312.5275,313.756,312.3788,313.6063,121360.0
2026-03-09 15:25:00,313.6312,314.2051,313.3568,314.1153,99960.0
2026-03-09 15:30:00,314.1602,314.4446,313.6213,313.9656,267698.0
2026-03-09 15:35:00,314.0155,315.5723,313.8907,315.5174,147954.0
2026-03-09 15:40:00,315.4775,315.4775,314.26,314.9186,124508.0
2026-03-09 15:45:00,314.8438,315.5224,314.5993,315.3976,143752.0
2026-03-09 15:50:00,315.4226,315.4525,314.6442,315.0184,173811.0
2026-03-09 15:55:00,315.0034,315.7519,314.5144,315.2629,394201.0
2026-03-10 09:30:00,314.7839,315.1032,313.1572,313.4766,140389.0
2026-03-10 09:35:00,313.4616,314.3548,313.1023,313.3369,55524.0
2026-03-10 09:40:00,313.3271,313.3967,311.4707,311.5306,89551.0
2026-03-10 09:45:00,311.5206,312.6183,311.4507,312.5235,79094.0
2026-03-10 09:50:00,312.6483,313.2063,312.0794,312.7481,89839.0
2026-03-10 09:55:00,312.6682,312.8279,311.5106,311.7202,76446.0
2026-03-10 10:00:00,311.6204,312.1693,311.2112,312.0545,72138.0
2026-03-10 10:05:00,312.1643,312.9377,311.9397,312.0295,97295.0
2026-03-10 10:10:00,312.0245,312.0994,311.0316,311.1314,88734.0
2026-03-10 10:15:00,311.1414,312.4387,310.812,312.2191,70565.0
2026-03-10 10:20:00,312.269,312.9576,312.1593,312.309,57305.0
2026-03-10 10:25:00,312.309,312.6483,311.9098,312.6083,102821.0
2026-03-10 10:30:00,312.6183,313.6412,312.5086,313.5863,68777.0
2026-03-10 10:35:00,313.5863,314.3548,313.5165,314.245,61167.0
2026-03-10 10:40:00,314.2001,314.9236,314.1053,314.6641,118597.0
2026-03-10 10:45:00,314.714,315.4226,314.2849,315.4226,93603.0
2026-03-10 10:50:00,315.3876,315.8417,315.2429,315.7319,43965.0
2026-03-10 10:55:00,315.7619,315.8218,315.3178,315.5523,46994.0
2026-03-10 11:00:00,315.5872,315.5874,315.1831,315.213,51443.0
2026-03-10 11:05:00,315.2429,315.6521,314.8038,315.4026,45874.0
2026-03-10 11:10:00,315.4226,315.4226,314.5643,314.5843,43760.0
2026-03-10 11:15:00,314.5843,315.3926,314.5344,315.2529,31419.0
2026-03-10 11:20:00,315.213,315.2729,314.2151,314.3947,42853.0
2026-03-10 11:25:00,314.4595,314.7592,314.3548,314.724,34191.0
2026-03-10 11:30:00,314.6691,314.8537,314.4246,314.5993,39172.0
2026-03-10 11:35:00,314.6941,314.9286,314.486,314.9136,50408.0
2026-03-10 11:40:00,314.9136,315.5723,314.8986,315.5124,32089.0
2026-03-10 11:45:00,315.4924,315.6421,315.1731,315.2829,25001.0
2026-03-10 11:50:00,315.3377,315.4026,314.9136,314.9286,32044.0
2026-03-10 11:55:00,314.8638,315.5922,314.8637,315.5274,32994.0
2026-03-10 12:00:00,315.4725,315.5473,314.9685,315.1382,28396.0
2026-03-10 12:05:00,315.102,315.102,314.5693,314.8537,20530.0
2026-03-10 12:10:00,314.9635,315.4026,314.8887,315.233,35709.0
2026-03-10 12:15:00,315.1731,315.5523,315.0932,315.3527,47909.0
2026-03-10 12:20:00,315.3427,315.6321,315.2928,315.4614,29729.0
2026-03-10 12:25:00,315.4375,315.8317,315.2629,315.3477,34669.0
2026-03-10 12:30:00,315.4026,315.7917,315.3133,315.7917,41595.0
2026-03-10 12:35:00,315.7419,316.0812,315.692,316.0413,26600.0
2026-03-10 12:40:00,316.0413,316.2209,316.0213,316.1311,32323.0
2026-03-10 12:45:00,316.1311,316.1311,315.4625,315.6521,24664.0
2026-03-10 12:50:00,315.5623,315.9714,315.3827,315.8417,28889.0
2026-03-10 12:55:00,315.8317,315.9814,315.5723,315.6022,23623.0
2026-03-10 13:00:00,315.5822,315.8517,315.5723,315.7569,31947.0
2026-03-10 13:05:00,315.757,316.0712,315.7519,315.8517,24090.0
2026-03-10 13:10:00,315.8916,315.9714,315.6125,315.692,23229.0
2026-03-10 13:15:00,315.702,316.4804,315.6222,316.4155,28425.0
2026-03-10 13:20:00,316.4205,316.4205,316.0912,316.3407,44146.0
2026-03-10 13:25:00,316.3207,316.4205,316.1678,316.196,29341.0
2026-03-10 13:30:00,316.1611,316.181,315.0134,315.0334,65063.0
2026-03-10 13:35:00,315.0833,315.213,314.6142,314.8038,30051.0
2026-03-10 13:40:00,314.744,315.3427,314.4945,315.3278,44289.0
2026-03-10 13:45:00,315.3826,316.0413,315.3278,316.0313,43864.0
2026-03-10 13:50:00,316.0213,316.0413,315.7768,315.8916,22887.0
2026-03-10 13:55:00,315.8617,316.0014,315.6421,315.6421,35121.0
2026-03-10 14:00:00,315.5822,315.9814,315.3627,315.9615,37715.0
2026-03-10 14:05:00,315.9315,316.0313,315.712,315.9315,42284.0
2026-03-10 14:10:00,315.8916,315.8916,314.2151,314.255,46358.0
2026-03-10 14:15:00,314.24,314.6142,313.736,313.8857,47396.0
2026-03-10 14:20:00,313.8159,314.1652,313.5215,313.9356,50337.0
2026-03-10 14:25:00,313.9606,314.744,313.9556,314.4795,38043.0
2026-03-10 14:30:00,314.4587,314.8537,314.2369,314.3148,37234.0
2026-03-10 14:35:00,314.3548,314.6991,313.8664,314.2949,36807.0
2026-03-10 14:40:00,314.2899,314.4645,314.1003,314.3647,37437.0
2026-03-10 14:45:00,314.2749,314.4347,314.0754,314.1602,35856.0
2026-03-10 14:50:00,314.1153,314.5643,314.1053,314.225,41704.0
2026-03-10 14:55:00,314.2151,314.3548,314.0753,314.245,27378.0
2026-03-10 15:00:00,314.3248,314.5742,314.2649,314.4745,37417.0
2026-03-10 15:05:00,314.3947,314.5525,314.245,314.4196,55087.0
2026-03-10 15:10:00,314.4845,314.6841,314.1952,314.6343,32134.0
2026-03-10 15:15:00,314.6492,314.7839,314.4048,314.4645,75941.0
2026-03-10 15:20:00,314.4595,314.4595,313.5165,313.9311,55632.0
2026-03-10 15:25:00,313.8857,313.8857,313.5187,313.5664,49979.0
2026-03-10 15:30:00,313.5464,313.8358,313.3319,313.736,57581.0
2026-03-10 15:35:00,313.726,313.9606,313.4816,313.7909,94498.0
2026-03-10 15:40:00,313.8059,314.4845,313.6063,314.2225,77996.0
2026-03-10 15:45:00,314.22,314.5743,314.1153,314.4546,75740.0
2026-03-10 15:50:00,314.4546,314.5045,313.9955,314.245,100899.0
2026-03-10 15:55:00,314.2699,314.3598,313.5364,313.9256,295267.0
2026-03-11 09:30:00,312.6083,313.8358,312.2092,313.2371,159540.0
2026-03-11 09:35:00,313.2121,314.4346,313.2121,314.0853,51747.0
2026-03-11 09:40:00,314.0454,314.255,313.0774,313.282,68244.0
2026-03-11 09:45:00,313.257,313.3668,312.5685,313.3668,47917.0
2026-03-11 09:50:00,313.4366,314.185,313.1772,313.8658,57603.0
2026-03-11 09:55:00,313.8058,313.9556,313.1273,313.5664,46344.0
2026-03-11 10:00:00,313.6462,314.1901,312.3389,312.3489,59161.0
2026-03-11 10:05:00,312.3489,313.0574,312.3489,312.9277,72933.0
2026-03-11 10:10:00,312.8878,313.0474,312.1593,312.4337,50403.0
2026-03-11 10:15:00,312.5086,312.5086,311.9098,312.1084,49095.0
2026-03-11 10:20:00,312.1144,312.1493,310.832,310.852,67252.0
2026-03-11 10:25:00,310.919,311.0615,310.4129,310.9318,53603.0
2026-03-11 10:30:00,310.8819,311.4906,310.8021,311.2412,38894.0
2026-03-11 10:35:00,311.2611,311.8599,311.0815,311.5705,40780.0
2026-03-11 10:40:00,311.5854,312.4187,311.2911,312.1543,59622.0
2026-03-11 10:45:00,312.1543,312.2191,311.3709,311.81,40122.0
2026-03-11 10:50:00,311.8798,311.9697,311.4507,311.8998,39623.0
2026-03-11 10:55:00,311.8599,311.8848,311.2112,311.2162,34190.0
2026-03-11 11:00:00,311.2012,311.4707,310.2931,310.7023,63110.0
2026-03-11 11:05:00,310.7122,310.812,309.854,309.9937,51546.0
2026-03-11 11:10:00,310.0137,310.2033,309.4049,309.4448,63011.0
2026-03-11 11:15:00,309.4598,309.9338,309.1255,309.9107,87659.0
2026-03-11 11:20:00,309.874,309.8839,309.3151,309.7642,42638.0
2026-03-11 11:25:00,309.7841,309.8939,309.0157,309.0457,47966.0
2026-03-11 11:30:00,309.0706,309.2652,308.5816,308.9758,87507.0
2026-03-11 11:35:00,308.9708,309.1804,308.4768,308.4768,64027.0
2026-03-11 11:40:00,308.5317,308.9858,308.2673,308.6465,63271.0
2026-03-11 11:45:00,308.6165,308.7064,307.7583,307.893,59710.0
2026-03-11 11:50:00,307.918,308.6066,307.7787,308.2174,55414.0
2026-03-11 11:55:00,308.2174,308.6664,308.1126,308.2373,48423.0
2026-03-11 12:00:00,308.2074,308.8261,308.1375,308.2623,45935.0
2026-03-11 12:05:00,308.2074,308.402,308.0178,308.1076,44172.0
2026-03-11 12:10:00,308.1176,308.407,308.0677,308.3371,42411.0
2026-03-11 12:15:00,308.3321,308.5167,308.1475,308.1475,43142.0
2026-03-11 12:20:00,308.1176,308.6165,307.9479,308.5367,40519.0
2026-03-11 12:25:00,308.5567,309.0706,308.5267,309.0457,28912.0
2026-03-11 12:30:00,309.0507,309.1155,308.6265,309.0057,40684.0
2026-03-11 12:35:00,308.9759,309.1654,308.6964,308.866,36106.0
2026-03-11 12:40:00,308.8161,309.105,308.8062,309.0706,32153.0
2026-03-11 12:45:00,309.0257,309.0606,308.5666,308.7712,51856.0
2026-03-11 12:50:00,308.7762,309.39,308.7762,309.3551,30524.0
2026-03-11 12:55:00,309.2552,309.7592,309.2552,309.6993,32644.0
2026-03-11 13:00:00,309.6943,309.8241,309.3051,309.7243,45790.0
2026-03-11 13:05:00,309.6844,309.7542,309.4448,309.5047,41995.0
2026-03-11 13:10:00,309.5047,309.6844,308.876,309.0457,49920.0
2026-03-11 13:15:00,309.1155,309.4049,309.0956,309.2453,35400.0
2026-03-11 13:20:00,309.2552,309.7442,309.2403,309.7293,24162.0
2026-03-11 13:25:00,309.7642,310.1135,309.7243,309.864,40845.0
2026-03-11 13:30:00,309.874,309.9937,309.5047,309.7193,41252.0
2026-03-11 13:35:00,309.6844,309.7642,308.7463,309.1455,37856.0
2026-03-11 13:40:00,309.1055,309.2852,308.9459,309.2558,28145.0
2026-03-11 13:45:00,309.2153,309.3151,308.5766,308.8461,30973.0
2026-03-11 13:50:00,308.876,309.0157,308.4768,308.4768,46637.0
2026-03-11 13:55:00,308.4768,308.4768,307.9679,308.3271,63114.0
2026-03-11 14:00:00,308.3671,308.6764,308.3022,308.6066,36824.0
2026-03-11 14:05:00,308.6565,308.9657,308.1176,308.1425,41540.0
2026-03-11 14:10:00,308.1574,308.1575,307.8082,308.0078,85308.0
2026-03-11 14:15:00,308.0876,308.4968,308.0677,308.402,32867.0
2026-03-11 14:20:00,308.4469,308.6066,308.2174,308.4519,26321.0
2026-03-11 14:25:00,308.407,308.7213,308.2573,308.5417,33536.0
2026-03-11 14:30:00,308.5567,308.6265,308.3072,308.5567,33367.0
2026-03-11 14:35:00,308.5417,308.5816,308.2174,308.3671,36203.0
2026-03-11 14:40:00,308.387,308.4369,308.2174,308.2972,32326.0
2026-03-11 14:45:00,308.3097,308.5567,308.2373,308.407,29497.0
2026-03-11 14:50:00,308.4269,308.7513,308.3271,308.6864,26687.0
2026-03-11 14:55:00,308.7363,308.8561,308.5567,308.6265,34207.0
2026-03-11 15:00:00,308.6315,308.7762,308.2473,308.3421,43744.0
2026-03-11 15:05:00,308.3271,308.407,307.9779,308.1989,48881.0
2026-03-11 15:10:00,308.1874,308.1874,307.8082,307.9429,50954.0
2026-03-11 15:15:00,307.9878,308.2972,307.7982,308.2274,62141.0
2026-03-11 15:20:00,308.2273,308.5766,308.1676,308.4834,60408.0
2026-03-11 15:25:00,308.5267,308.816,308.4569,308.5267,53725.0
2026-03-11 15:30:00,308.5567,308.6365,308.2373,308.5766,107680.0
2026-03-11 15:35:00,308.5567,308.9159,308.5068,308.886,50199.0
2026-03-11 15:40:00,308.876,308.9858,308.7413,308.8972,59056.0
2026-03-11 15:45:00,308.9359,308.9858,308.6776,308.8161,84506.0
2026-03-11 15:50:00,308.8261,308.886,307.9428,308.5966,133404.0
2026-03-11 15:55:00,308.5966,308.7962,308.1475,308.3671,319104.0
2026-03-12 09:30:00,307.5088,308.8311,306.5957,307.8282,246982.0
2026-03-12 09:35:00,307.9479,309.0057,307.5487,308.6165,53948.0
2026-03-12 09:40:00,308.6116,309.1055,308.3571,308.4868,63568.0
2026-03-12 09:45:00,308.4321,308.7513,308.2273,308.7263,87639.0
2026-03-12 09:50:00,308.6964,309.0457,308.0078,308.4319,86939.0
2026-03-12 09:55:00,308.4319,308.5068,307.8282,308.387,49432.0
2026-03-12 10:00:00,308.387,309.345,308.387,308.891,62428.0
2026-03-12 10:05:00,308.861,309.8015,308.7782,309.5097,55572.0
2026-03-12 10:10:00,309.5297,309.7941,309.2203,309.4299,55167.0
2026-03-12 10:15:00,309.4299,309.6943,308.9059,309.0008,56698.0
2026-03-12 10:20:00,308.9459,309.8041,308.8062,309.6694,63416.0
2026-03-12 10:25:00,309.6345,309.9538,309.3151,309.375,51275.0
2026-03-12 10:30:00,309.38,309.4349,309.0057,309.3351,53812.0
2026-03-12 10:35:00,309.345,309.874,309.2103,309.5247,56859.0
2026-03-12 10:40:00,309.5796,309.9039,309.1554,309.7392,74037.0
2026-03-12 10:45:00,309.7392,310.3131,309.6544,310.0336,58079.0
2026-03-12 10:50:00,310.0037,310.1534,309.5945,309.6106,48041.0
2026-03-12 10:55:00,309.7043,309.9488,309.4049,309.4049,61193.0
2026-03-12 11:00:00,309.375,309.6195,308.896,308.9359,49009.0
2026-03-12 11:05:00,308.9059,308.9658,308.0876,308.0876,65188.0
2026-03-12 11:10:00,308.0776,308.1295,307.2493,307.2493,70365.0
2026-03-12 11:15:00,307.2444,307.3691,307.0098,307.1695,37338.0
2026-03-12 11:20:00,307.1396,307.3342,306.92,307.2044,38798.0
2026-03-12 11:25:00,307.2593,307.5673,306.6306,306.7105,43421.0
2026-03-12 11:30:00,306.7105,307.0198,306.5009,306.7753,48977.0
2026-03-12 11:35:00,306.7753,306.9599,305.947,306.9074,103667.0
2026-03-12 11:40:00,306.8502,307.7982,306.6206,307.5338,108662.0
2026-03-12 11:45:00,307.5338,308.0876,307.0398,307.434,86195.0
2026-03-12 11:50:00,307.429,307.6485,307.2194,307.5188,41503.0
2026-03-12 11:55:00,307.4988,307.6984,307.0697,307.2843,68584.0
2026-03-12 12:00:00,307.2656,307.5787,306.7803,307.0498,51981.0
2026-03-12 12:05:00,307.0797,307.4489,306.0718,306.1217,83470.0
2026-03-12 12:10:00,306.1117,306.2514,305.8123,306.1666,51794.0
2026-03-12 12:15:00,306.1666,306.5059,306.0718,306.3312,50662.0
2026-03-12 12:20:00,306.3911,307.1196,306.2813,306.3213,70332.0
2026-03-12 12:25:00,306.3412,306.3811,305.8422,306.1815,50543.0
2026-03-12 12:30:00,306.1516,306.3911,305.695,306.2215,50629.0
2026-03-12 12:35:00,306.1616,307.0298,306.1416,306.7915,50411.0
2026-03-12 12:40:00,306.7903,306.8003,306.3712,306.7005,49572.0
2026-03-12 12:45:00,306.6955,306.95,306.0468,306.3612,55583.0
2026-03-12 12:50:00,306.3412,306.5907,306.2287,306.426,82812.0
2026-03-12 12:55:00,306.3811,306.8701,306.3811,306.7304,55578.0
2026-03-12 13:00:00,306.7005,306.95,306.4809,306.95,44625.0
2026-03-12 13:05:00,306.93,307.2493,306.1516,306.1666,70548.0
2026-03-12 13:10:00,306.1815,306.5707,306.0917,306.431,54538.0
2026-03-12 13:15:00,306.426,306.5358,305.8971,305.8971,29044.0
2026-03-12 13:20:00,305.8722,306.3712,305.7923,306.2714,44806.0
2026-03-12 13:25:00,306.2714,306.3712,305.9393,306.0468,62273.0
2026-03-12 13:30:00,306.0518,306.5907,306.0518,306.3712,38831.0
2026-03-12 13:35:00,306.421,307.1096,306.3911,307.1096,64748.0
2026-03-12 13:40:00,307.0797,307.3554,306.4709,306.5608,69532.0
2026-03-12 13:45:00,306.5458,306.92,306.4709,306.5508,41366.0
2026-03-12 13:50:00,306.5308,306.9899,306.441,306.5508,54685.0
2026-03-12 13:55:00,306.5508,306.9999,306.3356,306.9799,53286.0
2026-03-12 14:00:00,306.95,307.3891,306.92,307.0597,43823.0
2026-03-12 14:05:00,307.0498,307.2294,306.5308,306.5358,57123.0
2026-03-12 14:10:00,306.5358,306.94,306.5208,306.7204,56596.0
2026-03-12 14:15:00,306.7204,306.9999,306.6057,306.6057,51917.0
2026-03-12 14:20:00,306.6007,307.0797,306.5458,306.7903,47218.0
2026-03-12 14:25:00,306.7604,306.8951,306.5508,306.7504,53937.0
2026-03-12 14:30:00,306.7504,306.7504,306.451,306.5159,43596.0
2026-03-12 14:35:00,306.4909,306.5608,306.1716,306.1717,60324.0
2026-03-12 14:40:00,306.194,306.2813,305.962,305.964,50019.0
2026-03-12 14:45:00,305.962,306.1017,305.7624,305.8822,62154.0
2026-03-12 14:50:00,305.8772,306.1461,305.5628,305.7629,67479.0
2026-03-12 14:55:00,305.7922,305.8023,305.3922,305.7873,65165.0
2026-03-12 15:00:00,305.7873,306.1316,305.6925,306.0468,59239.0
2026-03-12 15:05:00,306.0518,306.441,306.0219,306.2414,51813.0
2026-03-12 15:10:00,306.2414,306.4909,306.1466,306.4161,53937.0
2026-03-12 15:15:00,306.3811,306.7504,306.3662,306.7154,54567.0
2026-03-12 15:20:00,306.7105,306.917,306.4511,306.4809,75060.0
2026-03-12 15:25:00,306.4809,306.8701,306.3712,306.8103,68922.0
2026-03-12 15:30:00,306.7703,306.9899,306.6806,306.8302,68315.0
2026-03-12 15:35:00,306.7853,306.7903,306.2464,306.5757,102196.0
2026-03-12 15:40:00,306.5757,306.6606,306.3712,306.4959,73877.0
2026-03-12 15:45:00,306.4959,306.5208,306.1766,306.436,85407.0
2026-03-12 15:50:00,306.4709,306.4909,305.7824,306.0618,154077.0
2026-03-12 15:55:00,306.0618,306.2913,305.5129,305.7125,474576.0
2026-03-13 09:30:00,306.9599,309.0457,306.6306,308.4319,196726.0
2026-03-13 09:35:00,308.3471,309.1155,307.7583,309.0656,62455.0
2026-03-13 09:40:00,308.9658,309.411,308.5766,309.365,57774.0
2026-03-13 09:45:00,309.3351,309.7143,308.6964,308.6964,73309.0
2026-03-13 09:50:00,308.7463,308.9958,308.3172,308.9459,63950.0
2026-03-13 09:55:00,308.9758,309.345,308.7363,309.2153,43800.0
2026-03-13 10:00:00,309.2203,309.3151,307.8782,308.4469,56492.0
2026-03-13 10:05:00,308.4619,308.5567,307.3092,307.3641,62536.0
2026-03-13 10:10:00,307.3591,307.4689,306.5807,306.5807,94915.0
2026-03-13 10:15:00,306.5807,306.9282,306.4709,306.7105,48573.0
2026-03-13 10:20:00,306.6805,307.8182,306.6805,307.8182,33520.0
2026-03-13 10:25:00,307.8082,308.1076,307.6485,308.0003,42978.0
2026-03-13 10:30:00,308.0278,308.518,307.9081,308.2872,42950.0
2026-03-13 10:35:00,308.2772,309.0008,308.1275,308.8211,32380.0
2026-03-13 10:40:00,308.8062,308.9059,308.2273,308.3371,46488.0
2026-03-13 10:45:00,308.2972,308.417,307.4101,307.8961,39405.0
2026-03-13 10:50:00,307.918,308.1076,307.6485,307.908,35053.0
2026-03-13 10:55:00,307.898,308.0527,307.5895,307.6984,37915.0
2026-03-13 11:00:00,307.6934,307.8781,307.3392,307.5188,39239.0
2026-03-13 11:05:00,307.5787,307.9479,307.5787,307.7833,67813.0
2026-03-13 11:10:00,307.7957,307.913,307.3491,307.7383,36479.0
2026-03-13 11:15:00,307.8232,308.0477,307.7084,307.7284,37324.0
2026-03-13 11:20:00,307.7683,307.9379,307.3042,307.3442,37819.0
2026-03-13 11:25:00,307.3192,307.3791,306.93,306.9999,50073.0
2026-03-13 11:30:00,306.9999,307.399,306.9799,307.2394,44152.0
2026-03-13 11:35:00,307.2593,307.3891,306.5707,306.6955,34881.0
2026-03-13 11:40:00,306.6905,306.7903,306.2015,306.6007,40037.0
2026-03-13 11:45:00,306.6306,307.3791,306.436,306.8751,44769.0
2026-03-13 11:50:00,306.8751,306.93,306.1616,306.4859,45671.0
2026-03-13 11:55:00,306.4809,306.5507,305.952,306.2514,43213.0
2026-03-13 12:00:00,306.2215,306.6705,306.0418,306.2614,30461.0
2026-03-13 12:05:00,306.2614,306.4409,306.0219,306.4409,55436.0
2026-03-13 12:10:00,306.3911,306.94,306.3612,306.5609,40268.0
2026-03-13 12:15:00,306.6007,307.2493,306.5609,307.1097,27709.0
2026-03-13 12:20:00,307.1895,307.3292,306.9001,306.9649,28888.0
2026-03-13 12:25:00,306.9599,307.2593,306.6606,307.2094,27377.0
2026-03-13 12:30:00,307.2294,307.4589,306.9899,307.0098,31675.0
2026-03-13 12:35:00,307.0797,307.5487,307.0098,307.1895,63644.0
2026-03-13 12:40:00,307.1896,307.3691,306.9899,306.9999,32040.0
2026-03-13 12:45:00,306.9899,307.5088,306.8103,307.4789,37688.0
2026-03-13 12:50:00,307.5487,307.6785,307.3591,307.4489,37017.0
2026-03-13 12:55:00,307.5088,307.9729,307.409,307.5088,59044.0
2026-03-13 13:00:00,307.5388,307.6485,307.3492,307.3891,40805.0
2026-03-13 13:05:00,307.3591,307.6685,307.2444,307.429,37185.0
2026-03-13 13:10:00,307.496,307.908,307.2643,307.888,29295.0
2026-03-13 13:15:00,307.908,307.908,307.3292,307.5985,43862.0
2026-03-13 13:20:00,307.5288,307.7982,306.91,307.2793,51007.0
2026-03-13 13:25:00,307.2793,307.4589,307.1645,307.419,52231.0
2026-03-13 13:30:00,307.429,307.5986,307.1296,307.3541,24033.0
2026-03-13 13:35:00,307.3791,307.7682,307.3042,307.6187,27611.0
2026-03-13 13:40:00,307.6585,307.9379,307.5388,307.7184,33827.0
2026-03-13 13:45:00,307.5986,307.6286,306.4909,306.5109,43910.0
2026-03-13 13:50:00,306.451,306.5208,305.8922,306.1316,68892.0
2026-03-13 13:55:00,306.1316,306.7304,305.9919,306.5707,48204.0
2026-03-13 14:00:00,306.6805,307.3291,306.6406,307.0098,50774.0
2026-03-13 14:05:00,307.0747,307.2393,306.8502,307.0597,41377.0
2026-03-13 14:10:00,307.1096,307.2992,306.95,307.1496,30646.0
2026-03-13 14:15:00,307.1096,307.2592,306.8202,306.9001,24892.0
2026-03-13 14:20:00,306.8701,307.1396,306.7803,306.93,36527.0
2026-03-13 14:25:00,307.0298,307.439,306.94,307.404,26785.0
2026-03-13 14:30:00,307.3841,307.6984,307.3292,307.5637,31894.0
2026-03-13 14:35:00,307.5238,307.6984,307.3791,307.5986,26233.0
2026-03-13 14:40:00,307.6236,307.8332,307.489,307.8182,36944.0
2026-03-13 14:45:00,307.8082,307.9878,307.7683,307.9379,25503.0
2026-03-13 14:50:00,307.908,307.9878,307.5088,307.6585,46264.0
2026-03-13 14:55:00,307.6835,307.888,307.4889,307.7982,46097.0
2026-03-13 15:00:00,307.7982,307.928,307.5188,307.6086,39100.0
2026-03-13 15:05:00,307.5887,307.6785,307.2693,307.5088,63641.0
2026-03-13 15:10:00,307.5787,307.6735,306.9201,307.2394,61747.0
2026-03-13 15:15:00,307.2493,307.5587,307.1995,307.4889,38177.0
2026-03-13 15:20:00,307.4689,307.4689,306.9451,307.0647,30361.0
2026-03-13 15:25:00,307.0797,307.0797,306.5957,306.6905,43660.0
2026-03-13 15:30:00,306.7504,306.9799,306.7454,306.8452,52228.0
2026-03-13 15:35:00,306.8452,306.9001,305.7924,305.8572,97314.0
2026-03-13 15:40:00,305.8572,306.2913,305.8347,306.2364,68702.0
2026-03-13 15:45:00,306.2514,306.5009,306.0119,306.372,74329.0
2026-03-13 15:50:00,306.4011,306.6606,306.3911,306.446,96949.0
2026-03-13 15:55:00,306.441,306.8502,306.3063,306.4809,274370.0
2026-03-16 09:30:00,307.2194,308.7662,306.8601,308.0826,171279.0
2026-03-16 09:35:00,308.0826,309.0756,307.918,308.4868,67133.0
2026-03-16 09:40:00,308.436,309.6145,308.2872,309.4798,60497.0
2026-03-16 09:45:00,309.4049,310.4927,309.1954,309.9678,85186.0
2026-03-16 09:50:00,309.9438,310.0436,309.2652,309.5097,46485.0
2026-03-16 09:55:00,309.5047,310.4428,309.4249,309.9239,47369.0
2026-03-16 10:00:00,309.864,310.1733,309.2003,309.7492,45970.0
2026-03-16 10:05:00,309.7143,310.1634,309.4848,310.1634,48092.0
2026-03-16 10:10:00,310.1035,310.4628,309.358,309.7841,79405.0
2026-03-16 10:15:00,309.6744,309.834,309.2652,309.4349,35626.0
2026-03-16 10:20:00,309.4299,309.7342,309.355,309.5446,30232.0
2026-03-16 10:25:00,309.5446,309.6744,309.1554,309.1554,39492.0
2026-03-16 10:30:00,309.0756,309.1455,308.1276,308.3321,47822.0
2026-03-16 10:35:00,308.417,308.7463,308.1675,308.2373,31140.0
2026-03-16 10:40:00,308.2373,308.3271,307.923,308.0976,28526.0
2026-03-16 10:45:00,308.0776,308.1675,307.5887,307.8182,48753.0
2026-03-16 10:50:00,307.7683,308.8062,307.6386,308.8062,54219.0
2026-03-16 10:55:00,308.6964,309.5846,308.6764,309.5846,49071.0
2026-03-16 11:00:00,309.5945,309.6095,309.1155,309.1355,42990.0
2026-03-16 11:05:00,309.1578,309.2303,308.8461,309.1654,35515.0
2026-03-16 11:10:00,309.1754,309.1754,308.6664,308.7213,44213.0
2026-03-16 11:15:00,308.7263,308.9059,308.5317,308.886,27317.0
2026-03-16 11:20:00,308.9359,308.9658,308.6465,308.7906,44692.0
2026-03-16 11:25:00,308.7812,308.9459,308.6765,308.866,54881.0
2026-03-16 11:30:00,308.876,308.896,308.4499,308.5118,53031.0
2026-03-16 11:35:00,308.5567,308.8261,308.5068,308.5417,27473.0
2026-03-16 11:40:00,308.5417,308.6265,308.407,308.4269,25941.0
2026-03-16 11:45:00,308.4269,308.4469,308.0876,308.1675,48257.0
2026-03-16 11:50:00,308.1675,308.1675,307.5687,307.7683,26533.0
2026-03-16 11:55:00,307.7733,307.908,307.5188,307.5737,37473.0
2026-03-16 12:00:00,307.5388,307.918,307.4889,307.4988,44085.0
2026-03-16 12:05:00,307.5238,307.7383,307.2992,307.7309,70933.0
2026-03-16 12:10:00,307.7234,307.888,307.5487,307.6287,44428.0
2026-03-16 12:15:00,307.6286,307.9779,307.5437,307.888,62760.0
2026-03-16 12:20:00,307.7932,307.7982,307.0697,307.0741,38970.0
2026-03-16 12:25:00,307.0498,307.1872,306.7504,306.8601,45272.0
2026-03-16 12:30:00,306.8951,307.1695,306.8103,307.0348,32375.0
2026-03-16 12:35:00,306.9899,307.7084,306.9899,307.7084,27371.0
2026-03-16 12:40:00,307.6884,307.9379,307.5388,307.8581,29447.0
2026-03-16 12:45:00,307.8082,308.0377,307.6685,307.888,25666.0
2026-03-16 12:50:00,307.9479,308.0178,307.7982,307.888,27464.0
2026-03-16 12:55:00,307.8531,307.9779,307.4589,307.7284,40184.0
2026-03-16 13:00:00,307.7284,308.2623,307.6785,308.0078,37355.0
2026-03-16 13:05:00,308.0577,308.1924,307.8082,307.8182,25842.0
2026-03-16 13:10:00,307.8132,308.0178,307.6785,307.8781,35324.0
2026-03-16 13:15:00,307.8531,307.9579,307.7184,307.928,24094.0
2026-03-16 13:20:00,307.898,308.0477,307.5787,307.6086,34676.0
2026-03-16 13:25:00,307.636,307.8182,307.5687,307.6336,27441.0
2026-03-16 13:30:00,307.6336,307.7184,307.3055,307.3055,33379.0
2026-03-16 13:35:00,307.2593,307.5388,307.1995,307.3342,50224.0
2026-03-16 13:40:00,307.3392,307.5687,307.1246,307.4788,70966.0
2026-03-16 13:45:00,307.4589,307.5961,307.0747,307.0747,25045.0
2026-03-16 13:50:00,307.0697,307.5288,306.9649,307.3891,26872.0
2026-03-16 13:55:00,307.3491,307.5887,307.2992,307.3791,30821.0
2026-03-16 14:00:00,307.3941,307.6585,307.3591,307.6585,29094.0
2026-03-16 14:05:00,307.6386,307.692,307.3192,307.6386,55228.0
2026-03-16 14:10:00,307.6685,307.7783,307.402,307.6485,32020.0
2026-03-16 14:15:00,307.6785,307.9978,307.5787,307.8781,27187.0
2026-03-16 14:20:00,307.8381,307.9978,307.6286,307.8481,44531.0
2026-03-16 14:25:00,307.8182,308.1275,307.7982,308.0926,37792.0
2026-03-16 14:30:00,308.1176,308.6265,308.1176,308.6016,29174.0
2026-03-16 14:35:00,308.6365,309.0457,308.6165,309.0257,36451.0
2026-03-16 14:40:00,309.0457,309.0828,308.8062,308.9558,46567.0
2026-03-16 14:45:00,308.9409,308.9858,308.4419,308.4768,45055.0
2026-03-16 14:50:00,308.4868,308.6764,308.3471,308.5666,39702.0
2026-03-16 14:55:00,308.5467,308.6457,308.4868,308.5667,35337.0
2026-03-16 15:00:00,308.5866,308.6165,308.2772,308.3671,41106.0
2026-03-16 15:05:00,308.377,308.5367,308.1475,308.5367,55424.0
2026-03-16 15:10:00,308.5666,308.7351,308.0178,308.397,56844.0
2026-03-16 15:15:00,308.412,308.8161,308.3671,308.6565,67260.0
2026-03-16 15:20:00,308.6165,309.1854,308.5966,309.0407,61233.0
2026-03-16 15:25:00,309.0057,309.0257,308.6365,308.9209,74259.0
2026-03-16 15:30:00,308.9209,309.365,308.866,309.2153,77167.0
2026-03-16 15:35:00,309.2053,309.385,309.1455,309.2802,57531.0
2026-03-16 15:40:00,309.2652,309.3151,308.9159,309.0806,69410.0
2026-03-16 15:45:00,309.0956,309.365,308.9958,309.2453,90741.0
2026-03-16 15:50:00,309.2303,309.345,308.7862,309.1455,110603.0
2026-03-16 15:55:00,309.1854,309.7243,309.1155,309.6245,530123.0
2026-03-17 09:30:00,310.6823,312.0495,310.2632,310.7621,224601.0
2026-03-17 09:35:00,310.6923,311.2212,310.1634,311.0216,125441.0
2026-03-17 09:40:00,311.0216,311.5705,310.6224,310.6773,87275.0
2026-03-17 09:45:00,310.6723,311.3809,310.5077,310.8793,109167.0
2026-03-17 09:50:00,310.8569,311.311,310.7222,310.9019,76313.0
2026-03-17 09:55:00,310.8919,311.2811,310.6324,310.7871,76139.0
2026-03-17 10:00:00,310.7422,310.7422,310.0536,310.5027,88370.0
2026-03-17 10:05:00,310.4528,311.2312,310.1733,310.9068,76532.0
2026-03-17 10:10:00,310.9068,310.9417,310.1534,310.2582,75567.0
2026-03-17 10:15:00,310.2432,310.3131,309.2752,310.3031,90428.0
2026-03-17 10:20:00,310.2232,310.3131,309.5147,309.6594,58210.0
2026-03-17 10:25:00,309.6594,309.834,309.5047,309.7642,57057.0
2026-03-17 10:30:00,309.8241,310.1534,309.6508,309.9039,70223.0
2026-03-17 10:35:00,309.9039,310.1135,309.365,309.5347,86832.0
2026-03-17 10:40:00,309.5097,309.8939,309.409,309.6744,60767.0
2026-03-17 10:45:00,309.6744,310.1433,309.5147,310.0336,58164.0
2026-03-17 10:50:00,310.0336,310.343,309.8041,310.3181,45489.0
2026-03-17 10:55:00,310.2831,310.4528,310.0935,310.1833,34628.0
2026-03-17 11:00:00,310.1833,310.1933,309.7243,309.7392,41976.0
2026-03-17 11:05:00,309.7392,309.9139,309.5147,309.5446,59574.0
2026-03-17 11:10:00,309.5446,309.9139,309.5446,309.839,39777.0
2026-03-17 11:15:00,309.834,310.0636,309.8041,310.0037,40294.0
2026-03-17 11:20:00,310.0037,310.1434,309.6594,310.0686,31422.0
2026-03-17 11:25:00,310.1035,310.3031,309.8939,310.0636,26079.0
2026-03-17 11:30:00,310.0187,310.1634,309.9738,309.9987,30577.0
2026-03-17 11:35:00,309.9738,310.2532,309.8042,310.1484,47618.0
2026-03-17 11:40:00,310.1584,310.1584,309.7193,310.0436,42003.0
2026-03-17 11:45:00,309.9837,310.1434,309.6494,309.6794,31611.0
2026-03-17 11:50:00,309.6844,309.6844,309.4498,309.6145,51388.0
2026-03-17 11:55:00,309.6145,309.6145,309.345,309.4698,48574.0
2026-03-17 12:00:00,309.4648,309.4947,309.1156,309.3001,80779.0
2026-03-17 12:05:00,309.2951,309.3949,308.8461,309.1055,40047.0
2026-03-17 12:10:00,309.1654,309.375,308.861,308.9658,39537.0
2026-03-17 12:15:00,309.0157,309.3351,308.9059,309.1654,50240.0
2026-03-17 12:20:00,309.1954,309.2752,308.9059,308.9359,40624.0
2026-03-17 12:25:00,308.9059,309.3051,308.8511,309.2453,28394.0
2026-03-17 12:30:00,309.2253,309.4748,309.1854,309.4748,38873.0
2026-03-17 12:35:00,309.5147,309.6444,309.0057,309.1155,35460.0
2026-03-17 12:40:00,309.1155,309.365,308.9359,309.365,24044.0
2026-03-17 12:45:00,309.36,309.6145,309.2552,309.2852,40581.0
2026-03-17 12:50:00,309.2453,309.2752,309.1205,309.1355,27403.0
2026-03-17 12:55:00,309.1255,309.1554,308.7662,308.7812,27968.0
2026-03-17 13:00:00,308.7662,309.5147,308.7662,309.4349,46989.0
2026-03-17 13:05:00,309.365,309.7043,309.0556,309.1754,70682.0
2026-03-17 13:10:00,309.2053,309.4947,309.1355,309.4548,41991.0
2026-03-17 13:15:00,309.4648,309.4947,309.0357,309.1355,41910.0
2026-03-17 13:20:00,309.1455,309.1654,308.866,309.1554,28359.0
2026-03-17 13:25:00,309.1255,309.5621,309.0357,309.5446,29273.0
2026-03-17 13:30:00,309.5247,309.5386,309.2053,309.2403,26847.0
2026-03-17 13:35:00,309.2652,309.4349,309.2353,309.39,27573.0
2026-03-17 13:40:00,309.4049,309.4249,308.7862,308.8062,39328.0
2026-03-17 13:45:00,308.8411,308.886,308.5267,308.8111,39148.0
2026-03-17 13:50:00,308.7862,309.0257,308.6864,308.861,46525.0
2026-03-17 13:55:00,308.866,308.9736,308.7662,308.9259,41667.0
2026-03-17 14:00:00,308.9259,309.0057,308.3471,308.5816,54124.0
2026-03-17 14:05:00,308.5666,308.6026,308.3172,308.3471,54269.0
2026-03-17 14:10:00,308.3769,308.3769,307.9773,308.1374,49713.0
2026-03-17 14:15:00,308.1126,308.2872,307.9131,307.9779,41303.0
2026-03-17 14:20:00,307.9779,307.9878,307.2244,307.2244,55290.0
2026-03-17 14:25:00,307.2244,307.2643,306.93,307.1096,68618.0
2026-03-17 14:30:00,307.1096,307.1695,306.9001,307.0119,67553.0
2026-03-17 14:35:00,306.9899,307.0597,306.7504,306.91,64834.0
2026-03-17 14:40:00,306.93,307.2294,306.8053,306.8851,63325.0
2026-03-17 14:45:00,306.8826,307.3891,306.8826,307.3132,80249.0
2026-03-17 14:50:00,307.2693,307.5787,307.1695,307.5156,51409.0
2026-03-17 14:55:00,307.5138,307.5138,307.2794,307.419,58289.0
2026-03-17 15:00:00,307.409,307.8681,307.3791,307.8681,107453.0
2026-03-17 15:05:00,307.8781,308.2673,307.7783,308.1874,75078.0
2026-03-17 15:10:00,308.1924,308.5567,308.0078,308.2972,78726.0
2026-03-17 15:15:00,308.2772,308.4269,308.0527,308.0527,78653.0
2026-03-17 15:20:00,308.0527,308.1076,307.7284,307.8781,82851.0
2026-03-17 15:25:00,307.908,308.0377,307.6884,307.7383,75563.0
2026-03-17 15:30:00,307.7284,307.9978,307.6785,307.8082,79613.0
2026-03-17 15:35:00,307.8032,308.1026,307.7882,307.9679,79575.0
2026-03-17 15:40:00,307.9679,307.9679,307.5188,307.5238,99987.0
2026-03-17 15:45:00,307.5088,307.5537,306.8202,307.1795,197250.0
2026-03-17 15:50:00,307.2194,308.0776,306.925,308.0776,187289.0
2026-03-17 15:55:00,308.0826,308.1924,307.5587,307.7483,493499.0
2026-03-18 09:30:00,306.7803,306.9599,304.505,306.9001,158270.0
2026-03-18 09:35:00,306.9001,307.0797,306.421,306.6755,36807.0
2026-03-18 09:40:00,306.6417,306.7604,306.0019,306.3911,37918.0
2026-03-18 09:45:00,306.2414,307.3042,306.1217,306.6735,51809.0
2026-03-18 09:50:00,306.6506,306.6606,306.0817,306.3911,34353.0
2026-03-18 09:55:00,306.3312,306.5508,305.6027,306.2314,29704.0
2026-03-18 10:00:00,306.3013,306.3612,304.6447,304.7664,61543.0
2026-03-18 10:05:00,304.7495,305.0638,304.2902,304.3752,83796.0
2026-03-18 10:10:00,304.4051,304.4051,302.8783,302.9232,74579.0
2026-03-18 10:15:00,302.9282,303.8962,302.8883,303.8463,48866.0
2026-03-18 10:20:00,303.8513,303.8664,303.4771,303.7765,30404.0
2026-03-18 10:25:00,303.7465,303.8264,302.9881,303.1977,65756.0
2026-03-18 10:30:00,303.2725,303.2775,302.7137,302.7137,74270.0
2026-03-18 10:35:00,302.7835,302.9482,302.4791,302.6638,38837.0
2026-03-18 10:40:00,302.6688,302.7286,300.9523,301.062,107488.0
2026-03-18 10:45:00,301.077,301.5011,299.6849,299.9244,92710.0
2026-03-18 10:50:00,299.9394,300.6083,299.8944,300.1589,81660.0
2026-03-18 10:55:00,300.1589,300.9717,299.8944,300.6978,81087.0
2026-03-18 11:00:00,300.7128,300.9623,299.7919,300.134,96124.0
2026-03-18 11:05:00,300.129,301.0221,299.9843,300.9623,61971.0
2026-03-18 11:10:00,300.9423,301.7407,300.8026,301.5211,152300.0
2026-03-18 11:15:00,301.4213,301.6708,301.1519,301.4463,91616.0
2026-03-18 11:20:00,301.4912,302.3594,301.4014,302.2746,50782.0
2026-03-18 11:25:00,302.1997,302.2097,301.077,301.2616,52085.0
2026-03-18 11:30:00,301.2417,301.7407,301.082,301.6209,36573.0
2026-03-18 11:35:00,301.6558,301.7706,301.3814,301.561,54960.0
2026-03-18 11:40:00,301.5211,301.5311,301.1469,301.2417,50555.0
2026-03-18 11:45:00,301.1918,301.4612,300.8126,300.9523,119560.0
2026-03-18 11:50:00,300.9922,300.9922,299.8944,300.4134,74857.0
2026-03-18 11:55:00,300.4134,300.6878,300.2637,300.6579,50068.0
2026-03-18 12:00:00,300.583,300.8724,299.8845,300.7976,66389.0
2026-03-18 12:05:00,300.8026,301.2117,300.5033,301.1319,30767.0
2026-03-18 12:10:00,301.072,301.5883,300.9523,301.3964,34849.0
2026-03-18 12:15:00,301.3964,301.7706,301.2267,301.7007,35678.0
2026-03-18 12:20:00,301.6608,301.8604,301.5311,301.7676,39537.0
2026-03-18 12:25:00,301.8005,301.8704,301.566,301.8005,34684.0
2026-03-18 12:30:00,301.7856,302.07,301.4612,301.5361,43282.0
2026-03-18 12:35:00,301.4712,301.7506,301.2037,301.4213,41649.0
2026-03-18 12:40:00,301.3564,301.3564,300.593,300.8724,40679.0
2026-03-18 12:45:00,300.8126,301.2417,300.6728,301.2217,34750.0
2026-03-18 12:50:00,301.1519,301.3214,301.0629,301.2267,37514.0
2026-03-18 12:55:00,301.2715,301.29,300.6828,300.7028,30909.0
2026-03-18 13:00:00,300.7028,300.7028,300.0441,300.2637,46945.0
2026-03-18 13:05:00,300.2557,300.3136,299.9144,300.0441,52336.0
2026-03-18 13:10:00,299.9942,300.4234,299.7847,300.1839,54979.0
2026-03-18 13:15:00,300.1988,300.2337,299.6849,299.8595,45217.0
2026-03-18 13:20:00,299.8645,299.9144,299.4853,299.7847,52448.0
2026-03-18 13:25:00,299.7747,299.8146,299.4354,299.5402,56561.0
2026-03-18 13:30:00,299.5402,299.7148,299.0961,299.2707,222395.0
2026-03-18 13:35:00,299.2158,299.4653,299.0462,299.4005,67268.0
2026-03-18 13:40:00,299.4054,299.4054,298.6396,298.9952,115068.0
2026-03-18 13:45:00,299.0362,299.4853,298.9863,299.3007,43821.0
2026-03-18 13:50:00,299.3007,299.8944,299.2957,299.8445,56118.0
2026-03-18 13:55:00,299.8046,300.1789,299.6467,299.9543,42937.0
2026-03-18 14:00:00,299.9593,300.1139,299.64,299.8445,75471.0
2026-03-18 14:05:00,299.8146,299.9344,299.3997,299.7547,49572.0
2026-03-18 14:10:00,299.7547,299.9144,299.1959,299.2957,58427.0
2026-03-18 14:15:00,299.2757,299.2757,298.8466,299.0711,71683.0
2026-03-18 14:20:00,299.0711,299.146,298.7468,299.0861,48345.0
2026-03-18 14:25:00,299.1111,299.3855,298.9364,299.3106,53701.0
2026-03-18 14:30:00,299.3106,299.3106,298.7368,299.0661,59730.0
2026-03-18 14:35:00,299.0661,299.5352,298.6969,298.8765,79106.0
2026-03-18 14:40:00,298.8167,299.2707,298.5971,299.116,76510.0
2026-03-18 14:45:00,299.0761,299.1238,298.647,298.8216,50329.0
2026-03-18 14:50:00,298.8216,299.2957,298.8067,298.9678,109841.0
2026-03-18 14:55:00,298.9364,299.0063,298.6171,298.7169,56033.0
2026-03-18 15:00:00,298.7169,298.9065,298.5173,298.8566,65529.0
2026-03-18 15:05:00,298.8366,299.6924,298.7468,299.5252,115466.0
2026-03-18 15:10:00,299.4738,299.5251,299.0362,299.146,58092.0
2026-03-18 15:15:00,299.126,299.4553,298.9364,299.0013,79244.0
2026-03-18 15:20:00,298.9364,299.3406,298.6869,299.2308,129950.0
2026-03-18 15:25:00,299.1859,299.3855,298.7568,298.8167,92372.0
2026-03-18 15:30:00,298.7668,299.156,298.7368,298.9863,87592.0
2026-03-18 15:35:00,298.9464,299.1859,298.8865,299.1061,89745.0
2026-03-18 15:40:00,299.1011,299.2059,298.6769,298.7368,92723.0
2026-03-18 15:45:00,298.7568,298.7717,298.178,298.2877,143573.0
2026-03-18 15:50:00,298.2927,298.9065,297.8886,298.7867,191779.0
2026-03-18 15:55:00,298.7967,298.8566,298.0183,298.3776,509587.0
2026-03-19 09:30:00,297.4295,299.4953,296.4238,298.8441,287155.0
2026-03-19 09:35:00,298.7867,299.6649,298.0582,299.5651,111207.0
2026-03-19 09:40:00,299.5883,301.8454,299.5352,301.1219,147868.0
2026-03-19 09:45:00,301.1219,301.1219,300.1954,300.5731,76196.0
2026-03-19 09:50:00,300.4832,301.1918,300.0441,300.6629,64687.0
2026-03-19 09:55:00,300.6728,300.8225,299.9743,300.3136,82621.0
2026-03-19 10:00:00,300.3635,300.6629,299.8745,300.0641,107480.0
2026-03-19 10:05:00,300.104,300.593,299.5951,300.1539,59512.0
2026-03-19 10:10:00,300.1439,300.7726,298.8965,298.8965,77206.0
2026-03-19 10:15:00,298.8666,298.9564,298.1879,298.4275,136749.0
2026-03-19 10:20:00,298.4873,298.5871,297.9684,298.0632,75280.0
2026-03-19 10:25:00,298.1081,298.2279,297.669,297.7888,39839.0
2026-03-19 10:30:00,297.7987,298.4374,297.7987,298.4075,38605.0
2026-03-19 10:35:00,298.3925,299.0749,298.1979,298.2079,53784.0
2026-03-19 10:40:00,298.1879,298.7468,298.1879,298.4075,51525.0
2026-03-19 10:45:00,298.4025,298.7668,298.1381,298.4275,74348.0
2026-03-19 10:50:00,298.4374,298.6969,298.0883,298.4324,108782.0
2026-03-19 10:55:00,298.4374,298.642,298.3776,298.4474,75293.0
2026-03-19 11:00:00,298.4474,298.6869,298.1081,298.5372,133425.0
2026-03-19 11:05:00,298.5622,299.0262,298.3576,298.8965,65773.0
2026-03-19 11:10:00,298.8864,298.9165,298.3077,298.8715,49618.0
2026-03-19 11:15:00,298.9364,299.0063,298.2478,298.2531,49253.0
2026-03-19 11:20:00,298.2628,298.2778,297.8287,298.0682,51516.0
2026-03-19 11:25:00,298.0083,298.4175,297.8387,298.3277,60180.0
2026-03-19 11:30:00,298.3327,298.4873,297.9484,297.9584,54623.0
2026-03-19 11:35:00,297.9584,298.1081,297.689,297.9335,49317.0
2026-03-19 11:40:00,297.9335,298.0981,297.5792,297.5792,34336.0
2026-03-19 11:45:00,297.6191,297.7289,297.5193,297.6191,28181.0
2026-03-19 11:50:00,297.6191,297.7788,297.4295,297.6491,33532.0
2026-03-19 11:55:00,297.699,298.0732,297.699,297.9734,48311.0
2026-03-19 12:00:00,298.0083,298.627,297.7888,298.1181,40660.0
2026-03-19 12:05:00,298.1131,298.3177,297.7538,297.8808,53958.0
2026-03-19 12:10:00,297.8437,297.9583,297.4694,297.7189,39857.0
2026-03-19 12:15:00,297.6491,298.1979,297.4395,298.0682,44461.0
2026-03-19 12:20:00,298.0083,298.2279,297.9085,298.0394,46077.0
2026-03-19 12:25:00,298.0906,298.2578,298.0083,298.158,36746.0
2026-03-19 12:30:00,298.1081,298.168,297.7089,297.9983,60546.0
2026-03-19 12:35:00,297.9335,297.9385,297.4095,297.7788,46225.0
2026-03-19 12:40:00,297.7788,298.0482,297.6341,297.9185,38482.0
2026-03-19 12:45:00,297.9435,298.0083,297.7488,297.8287,62046.0
2026-03-19 12:50:00,297.7987,297.8786,297.1052,297.205,66109.0
2026-03-19 12:55:00,297.2499,297.3197,297.0303,297.0503,50025.0
2026-03-19 13:00:00,297.0603,297.2698,296.9305,296.9904,36887.0
2026-03-19 13:05:00,297.0004,297.0503,296.4615,296.5014,59800.0
2026-03-19 13:10:00,296.5014,296.9904,296.5014,296.9106,54008.0
2026-03-19 13:15:00,296.9106,297.2898,296.8307,297.2599,54661.0
2026-03-19 13:20:00,297.2648,297.2648,296.9355,297.0004,50706.0
2026-03-19 13:25:00,297.0004,297.2798,296.9505,297.2199,50521.0
2026-03-19 13:30:00,297.2449,297.3696,296.8806,297.0503,49354.0
2026-03-19 13:35:00,297.0104,297.0503,296.8158,296.9106,57964.0
2026-03-19 13:40:00,296.9106,296.9205,296.6212,296.7409,54100.0
2026-03-19 13:45:00,296.7409,297.0004,296.701,296.7808,36178.0
2026-03-19 13:50:00,296.7459,297.2898,296.701,297.1949,43893.0
2026-03-19 13:55:00,297.17,297.21,296.8407,296.9704,38738.0
2026-03-19 14:00:00,296.9505,296.9904,296.7309,296.9704,39537.0
2026-03-19 14:05:00,296.9754,297.2499,296.8208,297.0054,51302.0
2026-03-19 14:10:00,297.0054,297.3688,296.8008,297.1401,70814.0
2026-03-19 14:15:00,297.2299,297.4594,296.9505,297.3098,57825.0
2026-03-19 14:20:00,297.3098,297.3996,296.9305,297.1152,38704.0
2026-03-19 14:25:00,297.1102,297.1102,296.711,296.7309,42688.0
2026-03-19 14:30:00,296.759,296.9205,296.6012,296.9006,35110.0
2026-03-19 14:35:00,296.9057,296.9904,296.7659,296.8715,29001.0
2026-03-19 14:40:00,296.8906,296.9405,296.7409,296.8557,43121.0
2026-03-19 14:45:00,296.8208,297.4288,296.8008,297.3846,43991.0
2026-03-19 14:50:00,297.3846,297.7089,297.2499,297.5992,39226.0
2026-03-19 14:55:00,297.5592,298.3376,297.5456,298.148,56405.0
2026-03-19 15:00:00,298.1181,299.0362,297.8886,298.8965,56969.0
2026-03-19 15:05:00,298.8366,299.9244,298.8316,299.5152,107005.0
2026-03-19 15:10:00,299.565,299.8465,298.9863,299.3456,65153.0
2026-03-19 15:15:00,299.3356,299.7048,299.1859,299.4054,58632.0
2026-03-19 15:20:00,299.4603,299.5151,299.1235,299.136,39700.0
2026-03-19 15:25:00,299.136,299.2059,298.7468,298.9065,54272.0
2026-03-19 15:30:00,298.9165,298.9664,298.6869,298.7867,62553.0
2026-03-19 15:35:00,298.7767,299.1959,298.4275,299.1959,87291.0
2026-03-19 15:40:00,299.1659,299.3057,299.0462,299.136,62616.0
2026-03-19 15:45:00,299.1061,299.2857,298.8666,298.9165,98106.0
2026-03-19 15:50:00,298.9214,299.1759,298.4873,298.9464,199609.0
2026-03-19 15:55:00,298.9564,299.4853,298.9065,299.0661,433997.0
2026-03-20 09:30:00,299.2358,301.3315,298.7867,299.4753,1627637.0
2026-03-20 09:35:00,299.0512,299.635,298.6969,299.2258,35262.0
2026-03-20 09:40:00,299.2707,299.9443,299.136,299.8795,56318.0
2026-03-20 09:45:00,299.8795,300.5232,299.645,299.9244,62051.0
2026-03-20 09:50:00,299.9493,300.099,299.1061,299.8445,47215.0
2026-03-20 09:55:00,299.8396,300.2437,298.8366,299.1227,60406.0
2026-03-20 10:00:00,299.0861,299.4953,298.8266,299.0661,33758.0
2026-03-20 10:05:00,299.0661,299.5401,298.9564,299.1959,58411.0
2026-03-20 10:10:00,299.156,299.4428,298.3976,298.8067,93347.0
2026-03-20 10:15:00,298.8666,299.4853,298.7268,298.9564,62208.0
2026-03-20 10:20:00,298.8965,299.9543,298.7568,299.9443,35562.0
2026-03-20 10:25:00,299.9443,300.2737,299.7547,300.0841,42125.0
2026-03-20 10:30:00,300.0841,300.2337,299.3955,299.5052,42624.0
2026-03-20 10:35:00,299.5052,299.5281,298.7268,299.4154,42540.0
2026-03-20 10:40:00,299.4753,299.639,298.647,298.8167,35031.0
2026-03-20 10:45:00,298.8266,299.4553,298.8266,299.3456,42944.0
2026-03-20 10:50:00,299.2757,299.4599,298.8965,298.9065,41060.0
2026-03-20 10:55:00,298.9065,299.4453,298.7967,299.0861,43041.0
2026-03-20 11:00:00,299.156,299.4803,299.0661,299.2158,49218.0
2026-03-20 11:05:00,299.136,299.635,298.8965,299.2607,64974.0
2026-03-20 11:10:00,299.2657,299.5751,298.9564,299.2957,56123.0
2026-03-20 11:15:00,299.2707,299.4354,298.9863,299.1909,59244.0
2026-03-20 11:20:00,299.1551,300.2138,298.9371,299.7647,63579.0
2026-03-20 11:25:00,299.7797,299.8346,299.3655,299.5951,40966.0
2026-03-20 11:30:00,299.558,300.114,299.4853,300.0192,172136.0
2026-03-20 11:35:00,300.0192,300.0192,299.6799,299.8745,34205.0
2026-03-20 11:40:00,299.8296,300.0841,299.7148,299.9643,32026.0
2026-03-20 11:45:00,299.9643,300.0741,299.5601,299.9693,22772.0
2026-03-20 11:50:00,300.0299,300.623,299.9693,300.583,50477.0
2026-03-20 11:55:00,300.603,300.8824,300.4932,300.8425,33448.0
2026-03-20 12:00:00,300.8436,300.9323,300.5631,300.618,45110.0
2026-03-20 12:05:00,300.618,300.8425,300.5067,300.7826,45905.0
2026-03-20 12:10:00,300.7727,301.1119,300.5232,300.5681,43869.0
2026-03-20 12:15:00,300.5731,300.9473,300.4034,300.9473,41714.0
2026-03-20 12:20:00,300.9223,301.7307,300.856,301.6808,48497.0
2026-03-20 12:25:00,301.6708,301.8804,301.3515,301.7806,38060.0
2026-03-20 12:30:00,301.7955,301.8305,301.2916,301.4513,59321.0
2026-03-20 12:35:00,301.4962,301.6009,301.2816,301.3914,44136.0
2026-03-20 12:40:00,301.4313,301.4712,301.092,301.187,36385.0
2026-03-20 12:45:00,301.1319,301.4612,301.1319,301.3914,38074.0
2026-03-20 12:50:00,301.4063,301.591,301.2217,301.581,40090.0
2026-03-20 12:55:00,301.581,302.1398,301.5411,301.9103,64616.0
2026-03-20 13:00:00,301.9103,302.05,301.7506,301.9402,34453.0
2026-03-20 13:05:00,301.9303,301.9702,301.4213,301.8105,43398.0
2026-03-20 13:10:00,301.8055,301.8504,301.3814,301.4712,26839.0
2026-03-20 13:15:00,301.4712,301.8405,301.3764,301.6608,81326.0
2026-03-20 13:20:00,301.6209,302.05,301.6009,301.8804,30876.0
2026-03-20 13:25:00,301.8704,302.04,301.6608,301.9801,62303.0
2026-03-20 13:30:00,301.9253,302.2297,301.7407,301.8405,50859.0
2026-03-20 13:35:00,301.8804,302.0301,301.3814,302.0101,35064.0
2026-03-20 13:40:00,301.9802,302.2696,301.7715,301.9901,26447.0
2026-03-20 13:45:00,302.0301,302.07,301.6708,301.7157,46238.0
2026-03-20 13:50:00,301.7157,302.0799,301.591,301.9951,28959.0
2026-03-20 13:55:00,301.9901,302.2396,301.9602,302.075,30653.0
2026-03-20 14:00:00,302.075,302.2563,301.929,302.0999,40168.0
2026-03-20 14:05:00,302.1199,302.2995,301.7806,301.9103,46155.0
2026-03-20 14:10:00,301.8604,301.9003,301.3814,301.6199,41814.0
2026-03-20 14:15:00,301.6558,301.6901,301.1918,301.4063,33979.0
2026-03-20 14:20:00,301.4513,301.576,300.7327,301.0097,52801.0
2026-03-20 14:25:00,301.0072,301.3305,300.9722,301.2467,55190.0
2026-03-20 14:30:00,301.2566,301.6009,301.1119,301.4413,60472.0
2026-03-20 14:35:00,301.4213,301.4612,300.8824,300.9373,41781.0
2026-03-20 14:40:00,300.9323,301.102,300.6429,300.669,61248.0
2026-03-20 14:45:00,300.633,300.8425,300.583,300.7527,45735.0
2026-03-20 14:50:00,300.7776,300.7826,300.3012,300.3934,87289.0
2026-03-20 14:55:00,300.4134,300.588,300.2836,300.4433,79343.0
2026-03-20 15:00:00,300.4683,300.8525,300.4433,300.7078,75765.0
2026-03-20 15:05:00,300.693,300.8625,300.5531,300.786,42761.0
2026-03-20 15:10:00,300.8275,300.9223,300.6828,300.7028,52678.0
2026-03-20 15:15:00,300.7627,300.8525,300.588,300.7527,59335.0
2026-03-20 15:20:00,300.7427,300.9822,300.5132,300.5381,72229.0
2026-03-20 15:25:00,300.5381,300.603,300.184,300.4832,74124.0
2026-03-20 15:30:00,300.5631,300.6827,299.8944,299.9443,58949.0
2026-03-20 15:35:00,299.9443,300.1739,299.7048,300.0441,94438.0
2026-03-20 15:40:00,300.0142,300.8475,299.8545,300.7627,86797.0
2026-03-20 15:45:00,300.7627,300.8425,300.3635,300.613,122469.0
2026-03-20 15:50:00,300.6279,301.0221,299.4354,301.0022,231585.0
2026-03-20 15:55:00,300.9623,301.3315,300.6828,301.102,569288.0
2026-03-23 09:30:00,304.5748,305.9221,302.7785,302.8584,240259.0
2026-03-23 09:35:00,302.9332,304.3752,302.2297,304.1657,200349.0
2026-03-23 09:40:00,304.108,304.3653,303.4871,303.8413,241820.0
2026-03-23 09:45:00,303.9262,304.495,303.1478,304.1757,124789.0
2026-03-23 09:50:00,304.1357,304.8742,303.6567,304.5649,64868.0
2026-03-23 09:55:00,304.5349,305.7923,303.4771,305.6876,119180.0
2026-03-23 10:00:00,305.7524,306.1516,305.1137,305.4431,93057.0
2026-03-23 10:05:00,305.3732,305.942,304.974,305.7325,63459.0
2026-03-23 10:10:00,305.6526,305.982,305.466,305.8422,73276.0
2026-03-23 10:15:00,305.9321,306.6805,305.7674,306.3961,101220.0
2026-03-23 10:20:00,306.461,306.7604,306.1915,306.2913,57248.0
2026-03-23 10:25:00,306.3612,306.3712,305.1387,305.483,86691.0
2026-03-23 10:30:00,305.4231,305.8822,304.984,305.7923,64700.0
2026-03-23 10:35:00,305.8622,306.1716,305.4031,305.5927,79983.0
2026-03-23 10:40:00,305.6227,305.9321,305.4231,305.7325,47515.0
2026-03-23 10:45:00,305.6826,306.7604,305.5927,306.6306,65589.0
2026-03-23 10:50:00,306.6306,306.7005,306.3058,306.3761,55617.0
2026-03-23 10:55:00,306.3761,306.7753,306.1915,306.4709,62804.0
2026-03-23 11:00:00,306.4709,307.1595,306.1716,306.9749,113949.0
2026-03-23 11:05:00,306.9749,306.9749,306.4021,306.8253,48529.0
2026-03-23 11:10:00,306.8252,307.1246,306.6905,306.7803,47797.0
2026-03-23 11:15:00,306.8103,306.8532,306.1416,306.2314,55007.0
2026-03-23 11:20:00,306.2513,307.0647,306.2015,306.7903,47317.0
2026-03-23 11:25:00,306.7504,306.7753,305.962,305.972,47422.0
2026-03-23 11:30:00,306.0318,306.2665,305.9121,306.1766,36109.0
2026-03-23 11:35:00,306.1766,306.4959,306.0019,306.2913,44264.0
2026-03-23 11:40:00,306.3163,306.461,305.6776,306.0917,56975.0
2026-03-23 11:45:00,306.0318,306.1,305.453,305.5279,40901.0
2026-03-23 11:50:00,305.4431,305.8572,304.8443,304.8892,36544.0
2026-03-23 11:55:00,304.9341,305.3732,304.6846,305.2035,56118.0
2026-03-23 12:00:00,305.1437,305.952,305.0239,305.7824,47785.0
2026-03-23 12:05:00,305.7923,306.0568,305.5828,305.7225,39785.0
2026-03-23 12:10:00,305.7125,305.9221,305.5528,305.6626,31108.0
2026-03-23 12:15:00,305.5528,305.6626,304.974,305.0539,197651.0
2026-03-23 12:20:00,305.0638,305.4331,304.974,305.1936,56922.0
2026-03-23 12:25:00,305.1736,305.2634,304.7994,304.8992,51290.0
2026-03-23 12:30:00,304.974,305.6526,304.964,305.3433,31973.0
2026-03-23 12:35:00,305.3832,305.618,305.1836,305.3532,37359.0
2026-03-23 12:40:00,305.3582,305.7225,305.3133,305.5029,65997.0
2026-03-23 12:45:00,305.5029,305.8722,305.0239,305.2734,204890.0
2026-03-23 12:50:00,305.2135,305.5028,304.994,305.0788,35230.0
2026-03-23 12:55:00,305.0938,305.4085,305.0746,305.1537,30422.0
2026-03-23 13:00:00,305.1636,305.5926,305.1337,305.1936,41533.0
2026-03-23 13:05:00,305.1936,305.5329,304.8942,305.1886,38678.0
2026-03-23 13:10:00,305.1886,305.6925,305.0539,305.0539,30213.0
2026-03-23 13:15:00,305.0139,305.1836,304.8243,304.9841,31236.0
2026-03-23 13:20:00,304.994,305.2335,304.8094,305.0638,38848.0
2026-03-23 13:25:00,305.1038,305.5026,305.0988,305.2984,34800.0
2026-03-23 13:30:00,305.3284,306.0119,305.2633,306.0119,58359.0
2026-03-23 13:35:00,306.0418,306.5707,306.0219,306.4759,47034.0
2026-03-23 13:40:00,306.384,306.4809,305.7624,305.9121,38949.0
2026-03-23 13:45:00,305.8123,306.2414,305.8123,306.1217,37186.0
2026-03-23 13:50:00,306.0618,306.5607,305.9919,306.5607,33927.0
2026-03-23 13:55:00,306.5059,306.95,306.431,306.9051,26821.0
2026-03-23 14:00:00,306.915,306.915,306.451,306.6705,43914.0
2026-03-23 14:05:00,306.6755,306.7105,306.0817,306.421,45469.0
2026-03-23 14:10:00,306.4759,306.6655,306.3412,306.3911,31678.0
2026-03-23 14:15:00,306.3911,306.5408,306.2315,306.4111,28570.0
2026-03-23 14:20:00,306.451,306.5508,306.3013,306.451,39813.0
2026-03-23 14:25:00,306.4709,306.6206,306.2714,306.3512,35138.0
2026-03-23 14:30:00,306.3911,307.0098,306.3786,306.8302,38750.0
2026-03-23 14:35:00,306.8701,307.2194,306.7953,306.9899,43042.0
2026-03-23 14:40:00,307.0348,307.0897,306.8502,306.9699,36470.0
2026-03-23 14:45:00,306.9214,307.0797,306.7504,306.8302,41832.0
2026-03-23 14:50:00,306.8003,306.8552,306.5059,306.7154,34535.0
2026-03-23 14:55:00,306.7005,306.8202,306.426,306.7903,48346.0
2026-03-23 15:00:00,306.7554,306.7903,306.4909,306.5608,46563.0
2026-03-23 15:05:00,306.6306,306.7204,306.3811,306.4809,60726.0
2026-03-23 15:10:00,306.4759,306.5109,305.8822,305.952,66765.0
2026-03-23 15:15:00,305.9228,306.0219,305.6526,305.8023,45692.0
2026-03-23 15:20:00,305.8123,305.9419,305.6527,305.7873,41548.0
2026-03-23 15:25:00,305.7873,305.8822,305.6027,305.6925,52437.0
2026-03-23 15:30:00,305.7025,305.8522,305.6027,305.7275,48680.0
2026-03-23 15:35:00,305.7275,305.8422,305.4012,305.5329,59366.0
2026-03-23 15:40:00,305.5229,305.5828,305.0738,305.2135,84022.0
2026-03-23 15:45:00,305.2135,305.4231,304.9141,305.1137,142376.0
2026-03-23 15:50:00,305.1337,305.3832,304.8742,305.1636,257299.0
2026-03-23 15:55:00,305.2035,305.2634,303.9361,304.0459,469483.0
2026-03-24 09:30:00,301.3814,302.8683,301.2816,302.3494,176257.0
2026-03-24 09:35:00,302.4243,302.4891,300.8724,300.8724,90873.0
2026-03-24 09:40:00,300.942,301.9502,300.8625,301.591,37236.0
2026-03-24 09:45:00,301.4912,301.9702,300.9024,301.0122,54025.0
2026-03-24 09:50:00,301.1119,301.6708,301.0123,301.3914,32493.0
2026-03-24 09:55:00,301.4612,301.6209,300.9024,301.339,41596.0
2026-03-24 10:00:00,301.3465,301.4811,300.6529,301.0471,45108.0
2026-03-24 10:05:00,301.0521,301.2117,300.0042,300.9822,60214.0
2026-03-24 10:10:00,301.0471,301.2116,300.4932,301.1569,78127.0
2026-03-24 10:15:00,301.082,301.6957,300.9124,301.4562,64861.0
2026-03-24 10:20:00,301.3914,301.4911,300.7427,300.8225,41131.0
2026-03-24 10:25:00,300.8225,301.6908,300.6878,301.4113,40156.0
2026-03-24 10:30:00,301.4113,302.529,301.4113,302.3294,57877.0
2026-03-24 10:35:00,302.3644,302.6388,301.9652,302.6388,55115.0
2026-03-24 10:40:00,302.6338,302.7486,302.2795,302.5989,63128.0
2026-03-24 10:45:00,302.6189,302.7087,301.8105,301.9003,91695.0
2026-03-24 10:50:00,301.7906,303.3873,301.601,302.7586,71966.0
2026-03-24 10:55:00,302.7336,303.3573,302.3394,302.9282,73114.0
2026-03-24 11:00:00,302.9382,303.527,302.8584,303.2825,67056.0
2026-03-24 11:05:00,303.2575,303.2675,302.8883,302.9083,48147.0
2026-03-24 11:10:00,302.8983,303.5669,302.7685,303.4322,43317.0
2026-03-24 11:15:00,303.4322,303.6567,303.2376,303.5769,51337.0
2026-03-24 11:20:00,303.5869,304.2184,303.517,304.1856,42722.0
2026-03-24 11:25:00,304.1158,304.1657,303.5819,303.6667,67940.0
2026-03-24 11:30:00,303.6767,304.006,303.1677,303.5519,49405.0
2026-03-24 11:35:00,303.5569,304.0759,303.4871,303.9661,32145.0
2026-03-24 11:40:00,303.9661,303.9985,303.3898,303.7166,30456.0
2026-03-24 11:45:00,303.7266,303.8563,303.6268,303.6667,30960.0
2026-03-24 11:50:00,303.6966,303.9162,303.5869,303.7565,25344.0
2026-03-24 11:55:00,303.7865,303.7964,303.018,303.018,29785.0
2026-03-24 12:00:00,303.058,303.3374,302.8783,303.1478,38938.0
2026-03-24 12:05:00,303.1178,303.5569,303.1178,303.512,21775.0
2026-03-24 12:10:00,303.5669,303.7914,303.512,303.7066,28256.0
2026-03-24 12:15:00,303.7166,304.1557,303.502,303.7475,31655.0
2026-03-24 12:20:00,303.7665,303.9661,303.6268,303.7964,45946.0
2026-03-24 12:25:00,303.7914,304.1757,303.7266,304.1657,41371.0
2026-03-24 12:30:00,304.1457,304.2655,303.9262,303.996,35126.0
2026-03-24 12:35:00,303.986,303.986,303.507,303.527,31810.0
2026-03-24 12:40:00,303.5569,304.2854,303.4971,304.2655,41063.0
2026-03-24 12:45:00,304.2954,304.475,303.8863,303.8863,39527.0
2026-03-24 12:50:00,303.8863,304.2355,303.8513,304.0609,28976.0
2026-03-24 12:55:00,304.0559,304.3453,303.9062,304.0759,43052.0
2026-03-24 13:00:00,304.0908,304.0958,303.1478,303.1877,42456.0
2026-03-24 13:05:00,303.1478,303.3573,302.7985,303.2485,60495.0
2026-03-24 13:10:00,303.2675,303.507,303.0181,303.2825,68803.0
2026-03-24 13:15:00,303.2875,303.527,303.2386,303.2675,43299.0
2026-03-24 13:20:00,303.3474,303.8064,303.3374,303.6767,44860.0
2026-03-24 13:25:00,303.6567,303.7366,303.4971,303.6068,44472.0
2026-03-24 13:30:00,303.6268,304.0359,303.3773,303.3922,45409.0
2026-03-24 13:35:00,303.3773,303.527,303.2476,303.4272,36579.0
2026-03-24 13:40:00,303.4322,303.7266,303.3474,303.517,52840.0
2026-03-24 13:45:00,303.502,303.5819,303.033,303.4771,37624.0
2026-03-24 13:50:00,303.4671,303.8214,303.038,303.2276,48255.0
2026-03-24 13:55:00,303.1478,304.0759,303.1478,304.0659,51206.0
2026-03-24 14:00:00,304.0858,304.3054,303.9961,304.1806,51498.0
2026-03-24 14:05:00,304.1158,304.1557,303.7865,303.8064,43074.0
2026-03-24 14:10:00,303.8364,303.9062,303.6794,303.8563,24621.0
2026-03-24 14:15:00,303.8488,303.8612,303.1478,303.5469,58939.0
2026-03-24 14:20:00,303.537,304.0359,303.4272,303.9661,45666.0
2026-03-24 14:25:00,303.9163,304.505,303.9163,304.4251,49892.0
2026-03-24 14:30:00,304.4651,305.0239,304.3752,304.8493,43494.0
2026-03-24 14:35:00,304.8493,305.4081,304.7644,305.4081,61289.0
2026-03-24 14:40:00,305.3532,305.3682,304.6098,304.9541,44861.0
2026-03-24 14:45:00,304.9341,305.0339,304.3953,304.4451,38321.0
2026-03-24 14:50:00,304.4451,304.7245,304.3503,304.475,52481.0
2026-03-24 14:55:00,304.485,304.485,304.1258,304.2505,34681.0
2026-03-24 15:00:00,304.2505,304.7245,304.1957,304.6597,26584.0
2026-03-24 15:05:00,304.6597,304.8642,304.6048,304.7994,43465.0
2026-03-24 15:10:00,304.8094,304.9291,304.515,304.8443,41881.0
2026-03-24 15:15:00,304.8143,304.9203,304.4301,304.5898,48539.0
2026-03-24 15:20:00,304.6148,304.7445,304.5249,304.6946,45664.0
2026-03-24 15:25:00,304.6846,304.815,304.5349,304.6696,44596.0
2026-03-24 15:30:00,304.6647,305.0738,304.5249,304.5698,58859.0
2026-03-24 15:35:00,304.6148,304.7844,304.4551,304.7844,51739.0
2026-03-24 15:40:00,304.7844,304.7844,304.4251,304.505,53418.0
2026-03-24 15:45:00,304.495,304.7345,304.2954,304.6547,76039.0
2026-03-24 15:50:00,304.6746,304.6946,303.7665,303.8147,93771.0
2026-03-24 15:55:00,303.8264,303.8264,303.1278,303.2476,371162.0
2026-03-25 09:30:00,304.8543,307.8581,304.8543,306.5857,188754.0
2026-03-25 09:35:00,306.7204,307.6286,306.2714,307.3292,143085.0
2026-03-25 09:40:00,307.419,307.419,306.2714,306.5258,99442.0
2026-03-25 09:45:00,306.5608,307.0697,305.8123,305.8123,96837.0
2026-03-25 09:50:00,305.8223,306.2115,304.8642,305.483,88299.0
2026-03-25 09:55:00,305.473,305.8822,305.3333,305.6227,73666.0
2026-03-25 10:00:00,305.5129,305.6227,304.2405,304.4351,98438.0
2026-03-25 10:05:00,304.4351,304.475,303.028,303.7865,56052.0
2026-03-25 10:10:00,303.7865,304.475,303.507,304.031,57032.0
2026-03-25 10:15:00,304.031,304.3752,303.6218,303.8264,69360.0
2026-03-25 10:20:00,303.7964,304.0659,303.028,303.2027,52713.0
2026-03-25 10:25:00,303.2276,304.0858,303.1178,304.001,112464.0
2026-03-25 10:30:00,304.0459,304.0858,303.6068,304.0659,63308.0
2026-03-25 10:35:00,304.031,304.1308,303.3673,303.7515,32991.0
2026-03-25 10:40:00,303.7166,304.0958,303.4971,303.507,50248.0
2026-03-25 10:45:00,303.4571,303.7665,303.4072,303.7439,46582.0
2026-03-25 10:50:00,303.7066,304.3752,303.6567,304.3104,43001.0
2026-03-25 10:55:00,304.2456,305.1237,304.2456,304.8443,36908.0
2026-03-25 11:00:00,304.8393,305.3433,304.7644,305.1237,29990.0
2026-03-25 11:05:00,305.0938,305.1237,303.8563,303.9162,41267.0
2026-03-25 11:10:00,303.9361,304.0459,301.7007,301.8405,69901.0
2026-03-25 11:15:00,301.8105,302.3294,301.551,301.551,70371.0
2026-03-25 11:20:00,301.6409,303.3773,301.581,303.2751,79897.0
2026-03-25 11:25:00,303.2775,303.8763,303.2156,303.8264,35734.0
2026-03-25 11:30:00,303.8763,303.9959,303.6368,303.6368,52486.0
2026-03-25 11:35:00,303.6667,303.6667,302.8184,302.9232,38246.0
2026-03-25 11:40:00,302.8585,303.0081,302.6089,302.7685,33241.0
2026-03-25 11:45:00,302.8085,303.028,302.6887,302.8184,39704.0
2026-03-25 11:50:00,302.7836,303.038,302.7286,302.8484,46845.0
2026-03-25 11:55:00,302.8783,303.2476,302.7087,303.1577,43154.0
2026-03-25 12:00:00,303.1478,303.4472,303.0779,303.1378,54030.0
2026-03-25 12:05:00,303.1128,303.4372,302.9582,303.4372,29060.0
2026-03-25 12:10:00,303.4072,303.4871,303.2675,303.3673,48457.0
2026-03-25 12:15:00,303.3573,303.4072,303.0979,303.2775,34122.0
2026-03-25 12:20:00,303.3523,304.0559,303.2126,304.0559,46096.0
2026-03-25 12:25:00,304.0559,304.6447,303.8563,304.3503,69160.0
2026-03-25 12:30:00,304.4052,304.9141,304.2455,304.8443,40125.0
2026-03-25 12:35:00,304.8443,305.0938,304.7944,305.0439,31904.0
2026-03-25 12:40:00,305.0389,305.5329,304.964,305.473,61740.0
2026-03-25 12:45:00,305.473,305.6327,304.7644,304.7944,57312.0
2026-03-25 12:50:00,304.7944,305.1337,304.5549,304.989,92240.0
2026-03-25 12:55:00,305.0539,305.1836,304.7146,304.8992,44983.0
2026-03-25 13:00:00,304.8992,305.0738,304.5549,304.7644,46738.0
2026-03-25 13:05:00,304.7644,304.8143,304.485,304.5249,44002.0
2026-03-25 13:10:00,304.5798,305.6127,304.5798,305.5628,64821.0
2026-03-25 13:15:00,305.5778,305.6925,305.3233,305.6027,99296.0
2026-03-25 13:20:00,305.6027,305.6027,305.2035,305.2934,42464.0
2026-03-25 13:25:00,305.3033,305.5528,305.2634,305.4031,45250.0
2026-03-25 13:30:00,305.3932,305.4431,305.0638,305.3632,47199.0
2026-03-25 13:35:00,305.3981,305.5927,305.1137,305.3207,60453.0
2026-03-25 13:40:00,305.3233,305.7873,305.2902,305.5329,39688.0
2026-03-25 13:45:00,305.5429,305.5429,305.1038,305.2085,36645.0
2026-03-25 13:50:00,305.2085,305.5029,304.8792,304.984,37752.0
2026-03-25 13:55:00,304.984,305.5927,304.9441,305.1736,39917.0
2026-03-25 14:00:00,305.1038,305.2435,304.984,305.0938,28007.0
2026-03-25 14:05:00,305.1537,305.3333,304.971,305.0838,35805.0
2026-03-25 14:10:00,305.0539,305.1437,304.9241,305.0988,36411.0
2026-03-25 14:15:00,305.0988,305.1936,304.974,304.974,42880.0
2026-03-25 14:20:00,305.004,305.004,304.6746,304.7445,39607.0
2026-03-25 14:25:00,304.7994,304.8261,304.5449,304.5798,33020.0
2026-03-25 14:30:00,304.6048,304.7545,304.3891,304.4351,38194.0
2026-03-25 14:35:00,304.4052,304.6347,304.3852,304.6242,36171.0
2026-03-25 14:40:00,304.5748,304.6247,304.2257,304.4052,44016.0
2026-03-25 14:45:00,304.3952,304.4052,303.9511,304.001,29124.0
2026-03-25 14:50:00,304.001,304.5399,303.9561,304.2056,43774.0
2026-03-25 14:55:00,304.1557,304.2156,303.7166,304.1906,47670.0
2026-03-25 15:00:00,304.1856,304.1956,303.8463,304.021,35906.0
2026-03-25 15:05:00,304.006,304.1058,303.8064,303.8962,33561.0
2026-03-25 15:10:00,303.8663,304.016,303.7465,303.986,30124.0
2026-03-25 15:15:00,304.016,304.1757,303.9062,304.0908,36708.0
2026-03-25 15:20:00,304.0559,304.2755,303.986,304.2305,36880.0
2026-03-25 15:25:00,304.2355,304.2655,303.9661,304.1757,38983.0
2026-03-25 15:30:00,304.1757,304.2455,303.9761,304.1457,52979.0
2026-03-25 15:35:00,304.1507,304.2355,304.006,304.0659,54964.0
2026-03-25 15:40:00,304.0759,304.4451,303.996,304.3303,88566.0
2026-03-25 15:45:00,304.3054,304.3752,303.8863,304.3104,77868.0
2026-03-25 15:50:00,304.3254,304.8193,304.2655,304.515,192509.0
2026-03-25 15:55:00,304.485,304.8642,304.1308,304.3952,352932.0
2026-03-26 09:30:00,303.537,305.6426,303.3773,304.8293,168411.0
2026-03-26 09:35:00,304.8343,306.6955,304.8343,305.4181,107531.0
2026-03-26 09:40:00,305.3865,306.4111,305.3865,306.1616,55668.0
2026-03-26 09:45:00,306.2813,306.6705,305.7923,306.3512,61328.0
2026-03-26 09:50:00,306.3562,307.2394,306.2514,306.9749,77737.0
2026-03-26 09:55:00,306.9749,307.0497,306.5957,306.9749,54873.0
2026-03-26 10:00:00,306.8901,307.162,306.6905,306.9501,49335.0
2026-03-26 10:05:00,306.8502,306.9799,306.2813,306.2913,64998.0
2026-03-26 10:10:00,306.2763,306.3971,305.8123,306.0817,61791.0
2026-03-26 10:15:00,306.1017,306.1192,305.2934,305.4131,62305.0
2026-03-26 10:20:00,305.4031,305.6726,305.2535,305.5728,44395.0
2026-03-26 10:25:00,305.5628,305.5628,305.0638,305.1836,40019.0
2026-03-26 10:30:00,305.1387,305.6526,305.1038,305.5728,79412.0
2026-03-26 10:35:00,305.6027,305.7125,305.3682,305.6177,64899.0
2026-03-26 10:40:00,305.5753,306.2314,304.8942,305.5029,74465.0
2026-03-26 10:45:00,305.4431,306.0518,305.3832,305.8273,47500.0
2026-03-26 10:50:00,305.8223,305.952,305.3083,305.3732,34819.0
2026-03-26 10:55:00,305.3832,306.0717,305.2435,305.8522,72278.0
2026-03-26 11:00:00,305.8921,306.1117,305.6925,305.7549,47878.0
2026-03-26 11:05:00,305.8223,306.0019,305.7025,305.8921,49206.0
2026-03-26 11:10:00,305.9021,306.1217,305.6726,305.7424,65869.0
2026-03-26 11:15:00,305.7624,305.8023,305.3433,305.5079,31398.0
2026-03-26 11:20:00,305.4431,305.5429,305.2285,305.463,43718.0
2026-03-26 11:25:00,305.458,305.5229,305.1886,305.2335,48222.0
2026-03-26 11:30:00,305.2335,305.2335,304.7397,304.8193,40074.0
2026-03-26 11:35:00,304.8143,304.994,304.7146,304.7545,68003.0
2026-03-26 11:40:00,304.7446,304.7944,304.4237,304.4551,28687.0
2026-03-26 11:45:00,304.505,304.9341,304.4251,304.8443,49572.0
2026-03-26 11:50:00,304.8842,304.8942,304.495,304.5998,46352.0
2026-03-26 11:55:00,304.6148,304.6746,304.3254,304.5549,47896.0
2026-03-26 12:00:00,304.5549,304.5649,304.0459,304.2106,41451.0
2026-03-26 12:05:00,304.2106,304.3154,304.006,304.031,49219.0
2026-03-26 12:10:00,304.016,304.1058,303.8064,303.8364,36083.0
2026-03-26 12:15:00,303.8364,303.8763,303.3973,303.6917,51587.0
2026-03-26 12:20:00,303.6966,303.7206,302.8184,303.0979,63777.0
2026-03-26 12:25:00,303.0979,303.0979,302.4692,302.539,50102.0
2026-03-26 12:30:00,302.5939,302.8085,302.3793,302.7785,69702.0
2026-03-26 12:35:00,302.7486,303.2176,302.7386,302.9582,51290.0
2026-03-26 12:40:00,302.9781,303.2575,302.9532,303.2076,88006.0
2026-03-26 12:45:00,303.2276,303.3873,303.1478,303.2975,99471.0
2026-03-26 12:50:00,303.2875,303.8863,303.2476,303.7865,101237.0
2026-03-26 12:55:00,303.7765,304.026,303.6043,303.991,32638.0
2026-03-26 13:00:00,303.9561,304.2755,303.9062,304.1806,69993.0
2026-03-26 13:05:00,304.1956,304.5549,304.1806,304.3104,53708.0
2026-03-26 13:10:00,304.3104,304.3154,303.9012,303.9361,61658.0
2026-03-26 13:15:00,303.9312,304.4251,303.7765,304.1607,60929.0
2026-03-26 13:20:00,304.1607,304.1956,303.8164,303.9112,72605.0
2026-03-26 13:25:00,303.9162,303.9461,303.491,303.7565,34015.0
2026-03-26 13:30:00,303.7166,304.1645,303.7066,304.1258,63422.0
2026-03-26 13:35:00,304.1008,304.505,304.0001,304.2156,57304.0
2026-03-26 13:40:00,304.2156,304.2954,304.0559,304.0959,54049.0
2026-03-26 13:45:00,304.0759,304.1456,303.3424,303.6867,121449.0
2026-03-26 13:50:00,303.6817,304.3553,303.517,304.3254,134127.0
2026-03-26 13:55:00,304.3403,304.6247,304.2955,304.5349,53697.0
2026-03-26 14:00:00,304.5649,304.7844,304.2755,304.3653,69686.0
2026-03-26 14:05:00,304.3752,304.5349,304.1557,304.3254,84506.0
2026-03-26 14:10:00,304.3254,304.6447,304.3069,304.5853,44137.0
2026-03-26 14:15:00,304.6048,304.6746,304.3852,304.4152,40065.0
2026-03-26 14:20:00,304.4202,304.4351,304.031,304.1557,72168.0
2026-03-26 14:25:00,304.1357,304.2755,303.7465,304.2655,58795.0
2026-03-26 14:30:00,304.2854,304.6746,304.2555,304.6148,59348.0
2026-03-26 14:35:00,304.6347,304.8942,304.6148,304.7844,36801.0
2026-03-26 14:40:00,304.7844,305.0339,304.6397,304.7046,52701.0
2026-03-26 14:45:00,304.7345,304.984,304.6946,304.8593,48952.0
2026-03-26 14:50:00,304.8143,304.964,304.6397,304.6846,54944.0
2026-03-26 14:55:00,304.6447,304.8543,304.6048,304.7395,43662.0
2026-03-26 15:00:00,304.7844,304.8044,303.8164,303.8863,53475.0
2026-03-26 15:05:00,303.9162,304.4152,303.7366,304.4152,55667.0
2026-03-26 15:10:00,304.3703,304.4451,304.2655,304.3503,38767.0
2026-03-26 15:15:00,304.3154,304.3653,303.8364,303.991,75055.0
2026-03-26 15:20:00,303.9959,303.9959,303.5968,303.6268,55380.0
2026-03-26 15:25:00,303.6517,304.0459,303.4472,303.9361,84918.0
2026-03-26 15:30:00,303.9062,303.9287,303.6567,303.8413,102291.0
2026-03-26 15:35:00,303.8413,304.0759,303.8064,304.0509,84149.0
2026-03-26 15:40:00,304.0509,304.3254,303.8962,304.3061,81548.0
2026-03-26 15:45:00,304.3154,304.7245,304.2056,304.6746,90929.0
2026-03-26 15:50:00,304.6746,304.7744,304.3353,304.6946,151052.0
2026-03-26 15:55:00,304.7146,305.2634,304.5649,304.9042,584808.0
2026-03-27 09:30:00,303.6966,303.9661,301.1918,301.3614,203273.0
2026-03-27 09:35:00,301.3614,301.5011,299.605,299.9194,208982.0
2026-03-27 09:40:00,299.9743,300.6828,299.4455,299.5651,161668.0
2026-03-27 09:45:00,299.625,299.7847,298.4674,298.7468,103803.0
2026-03-27 09:50:00,298.7468,298.8488,297.7688,297.8387,119606.0
2026-03-27 09:55:00,297.7788,297.7788,297.0104,297.4495,133130.0
2026-03-27 10:00:00,297.4495,297.6889,296.1421,296.6212,157621.0
2026-03-27 10:05:00,296.5912,296.6101,293.9866,294.0664,311867.0
2026-03-27 10:10:00,294.1163,295.8727,294.0365,295.7629,207200.0
2026-03-27 10:15:00,295.723,297.0952,295.723,296.701,154582.0
2026-03-27 10:20:00,296.706,297.3397,295.8128,296.1521,71611.0
2026-03-27 10:25:00,296.1421,296.4216,295.8927,295.8927,92086.0
2026-03-27 10:30:00,295.96,297.1301,295.6881,297.0154,103451.0
2026-03-27 10:35:00,296.9904,297.5093,296.4715,297.3547,105553.0
2026-03-27 10:40:00,297.3547,297.8485,297.2449,297.7738,61497.0
2026-03-27 10:45:00,297.7738,297.7738,297.3297,297.5942,47696.0
2026-03-27 10:50:00,297.5393,297.7089,296.7127,296.8607,111126.0
2026-03-27 10:55:00,296.8607,297.4095,296.5014,297.3098,95671.0
2026-03-27 11:00:00,297.3497,298.0083,297.2199,297.9534,53782.0
2026-03-27 11:05:00,297.9684,298.2079,297.1301,297.21,93585.0
2026-03-27 11:10:00,297.21,297.21,296.2619,297.0004,117147.0
2026-03-27 11:15:00,296.9877,297.3696,296.5763,296.6411,50840.0
2026-03-27 11:20:00,296.5214,296.7709,296.0124,296.1671,100285.0
2026-03-27 11:25:00,296.1721,296.3118,295.5184,295.6581,74683.0
2026-03-27 11:30:00,295.733,296.0323,295.3937,295.5084,84886.0
2026-03-27 11:35:00,295.5733,295.8827,295.0943,295.1742,66733.0
2026-03-27 11:40:00,295.1242,295.1542,294.3259,295.0095,152770.0
2026-03-27 11:45:00,294.9446,295.9925,294.9446,295.9193,90343.0
2026-03-27 11:50:00,295.8827,296.1621,295.3937,295.6082,53017.0
2026-03-27 11:55:00,295.5633,295.6033,294.8947,295.1442,86196.0
2026-03-27 12:00:00,295.1442,295.234,294.6652,294.8099,46749.0
2026-03-27 12:05:00,294.8847,294.9546,294.1677,294.1677,44009.0
2026-03-27 12:10:00,294.2161,294.3059,293.7371,294.1812,61072.0
2026-03-27 12:15:00,294.246,294.4556,294.1263,294.2362,48033.0
2026-03-27 12:20:00,294.281,295.6033,294.2061,294.8398,70512.0
2026-03-27 12:25:00,294.8548,294.9147,294.5554,294.7251,61109.0
2026-03-27 12:30:00,294.755,294.9084,294.4556,294.5205,95798.0
2026-03-27 12:35:00,294.4556,294.6153,294.1063,294.266,109021.0
2026-03-27 12:40:00,294.266,294.2739,293.797,293.8169,67241.0
2026-03-27 12:45:00,293.8069,294.3957,293.7171,294.1961,77921.0
2026-03-27 12:50:00,294.1961,294.5354,293.9666,294.5354,61036.0
2026-03-27 12:55:00,294.4756,295.1242,294.3458,295.1173,75814.0
2026-03-27 13:00:00,295.0843,295.1642,294.6053,294.9047,91672.0
2026-03-27 13:05:00,294.7451,295.4835,294.7051,295.1442,97518.0
2026-03-27 13:10:00,295.0743,295.205,294.6552,294.8099,52032.0
2026-03-27 13:15:00,294.8249,295.3039,294.7849,294.9646,74321.0
2026-03-27 13:20:00,294.8648,295.0045,294.6552,294.9471,86927.0
2026-03-27 13:25:00,294.9496,295.0544,294.6752,294.9246,68095.0
2026-03-27 13:30:00,294.8747,295.4536,294.6652,295.4436,77153.0
2026-03-27 13:35:00,295.4436,295.4635,294.7849,295.247,81651.0
2026-03-27 13:40:00,295.2989,295.5933,295.0644,295.2839,76615.0
2026-03-27 13:45:00,295.239,296.0723,295.0045,296.0024,110906.0
2026-03-27 13:50:00,295.9974,296.1521,295.7729,296.1272,55655.0
2026-03-27 13:55:00,296.1521,296.5014,296.0124,296.4216,55144.0
2026-03-27 14:00:00,296.4615,296.711,296.1322,296.1821,129087.0
2026-03-27 14:05:00,296.1821,296.3517,295.6242,295.6482,109093.0
2026-03-27 14:10:00,295.6581,295.9326,295.3538,295.9009,104103.0
2026-03-27 14:15:00,295.8927,295.9825,295.6464,295.8429,62110.0
2026-03-27 14:20:00,295.8428,296.0823,295.3937,295.4586,56740.0
2026-03-27 14:25:00,295.4536,295.6731,295.3937,295.5035,47466.0
2026-03-27 14:30:00,295.5035,295.6532,295.4037,295.4436,59667.0
2026-03-27 14:35:00,295.4236,295.4236,294.9396,295.3687,71229.0
2026-03-27 14:40:00,295.3687,295.7529,295.1542,295.1592,62409.0
2026-03-27 14:45:00,295.1242,295.743,295.0244,295.2639,78112.0
2026-03-27 14:50:00,295.219,295.4037,294.9246,295.1941,79162.0
2026-03-27 14:55:00,295.1841,295.4635,295.0644,295.1043,68633.0
2026-03-27 15:00:00,295.1043,295.224,294.9945,295.1542,58766.0
2026-03-27 15:05:00,295.1741,295.2939,294.5354,294.9047,75255.0
2026-03-27 15:10:00,294.8747,295.4136,294.7849,295.2041,78280.0
2026-03-27 15:15:00,295.1941,295.3637,294.77,294.9696,92179.0
2026-03-27 15:20:00,295.0045,295.0045,294.5853,294.6652,66001.0
2026-03-27 15:25:00,294.6752,294.9346,294.4855,294.9246,65394.0
2026-03-27 15:30:00,294.9446,295.2141,294.6752,294.9346,127052.0
2026-03-27 15:35:00,294.9346,294.9845,294.7051,294.8847,90847.0
2026-03-27 15:40:00,294.9047,294.9845,294.4656,294.5953,124756.0
2026-03-27 15:45:00,294.5953,294.7151,294.0365,294.1462,118435.0
2026-03-27 15:50:00,294.1163,294.5255,293.8169,294.4357,257326.0
2026-03-27 15:55:00,294.4756,294.9546,294.3059,294.9047,577221.0
2026-03-30 09:30:00,298.1181,299.3455,296.6711,297.679,285375.0
2026-03-30 09:35:00,297.8387,299.2957,297.679,298.9364,196404.0
2026-03-30 09:40:00,298.949,299.1061,297.2399,297.2499,172558.0
2026-03-30 09:45:00,297.2798,297.7888,296.701,296.9106,140489.0
2026-03-30 09:50:00,296.9106,297.1401,296.4415,296.701,158171.0
2026-03-30 09:55:00,296.6611,296.7808,296.0424,296.3268,175937.0
2026-03-30 10:00:00,296.3617,297.2199,295.2839,296.4914,136079.0
2026-03-30 10:05:00,296.4914,297.2399,296.1521,296.9904,67233.0
2026-03-30 10:10:00,296.9106,297.1301,296.4715,296.6212,60185.0
2026-03-30 10:15:00,296.5812,297.2,296.4116,296.7309,62051.0
2026-03-30 10:20:00,296.7509,297.3297,296.6212,297.0802,110514.0
2026-03-30 10:25:00,297.0902,297.5393,296.5812,297.3896,52843.0
2026-03-30 10:30:00,297.3896,297.8886,297.17,297.4095,62786.0
2026-03-30 10:35:00,297.3596,297.4994,297.0104,297.21,82015.0
2026-03-30 10:40:00,297.165,297.689,296.8208,297.3497,95811.0
2026-03-30 10:45:00,297.4694,298.4474,297.4594,297.8886,87975.0
2026-03-30 10:50:00,297.9584,298.1381,297.4195,297.9035,55651.0
2026-03-30 10:55:00,297.9035,298.9264,297.6891,298.5622,70647.0
2026-03-30 11:00:00,298.5572,299.6849,298.4524,299.5202,86769.0
2026-03-30 11:05:00,299.5452,299.7048,298.5472,298.6071,71287.0
2026-03-30 11:10:00,298.7069,299.0362,298.4075,298.5672,93706.0
2026-03-30 11:15:00,298.5672,298.8765,298.0981,298.8366,123837.0
2026-03-30 11:20:00,298.8366,298.8765,298.2778,298.5672,72488.0
2026-03-30 11:25:00,298.5073,298.7169,298.4374,298.5771,38221.0
2026-03-30 11:30:00,298.5123,298.5813,298.158,298.3327,52558.0
2026-03-30 11:35:00,298.3426,298.5971,298.2378,298.5172,56296.0
2026-03-30 11:40:00,298.4374,298.4973,298.2298,298.2877,33486.0
2026-03-30 11:45:00,298.2478,298.5372,297.9884,298.4474,50492.0
2026-03-30 11:50:00,298.4774,299.2857,298.3975,299.1709,53811.0
2026-03-30 11:55:00,299.1709,299.2458,298.6071,299.2158,53166.0
2026-03-30 12:00:00,299.2158,299.2857,298.8965,299.2657,46946.0
2026-03-30 12:05:00,299.2657,299.4853,299.156,299.4154,53377.0
2026-03-30 12:10:00,299.4205,300.0641,299.3655,299.615,60659.0
2026-03-30 12:15:00,299.5751,300.0242,299.4354,299.5252,43618.0
2026-03-30 12:20:00,299.4903,299.8046,299.4853,299.7547,29304.0
2026-03-30 12:25:00,299.7547,299.7547,299.2358,299.3007,39622.0
2026-03-30 12:30:00,299.3007,299.5538,299.0961,299.3406,88648.0
2026-03-30 12:35:00,299.2858,299.3655,299.0811,299.146,36261.0
2026-03-30 12:40:00,299.146,299.156,298.8416,298.9464,44562.0
2026-03-30 12:45:00,298.9464,298.9464,298.637,298.6819,26725.0
2026-03-30 12:50:00,298.647,298.8466,298.5572,298.5771,28310.0
2026-03-30 12:55:00,298.5771,299.0162,298.4674,298.8666,36736.0
2026-03-30 13:00:00,298.8965,299.3051,298.8466,298.8765,30817.0
2026-03-30 13:05:00,298.8765,299.116,298.7368,298.8366,23226.0
2026-03-30 13:10:00,298.8067,298.8765,298.4374,298.5123,30221.0
2026-03-30 13:15:00,298.5173,298.5771,298.158,298.3078,34296.0
2026-03-30 13:20:00,298.3426,298.4175,298.168,298.3726,33582.0
2026-03-30 13:25:00,298.3726,299.136,298.3726,298.9564,72999.0
2026-03-30 13:30:00,298.9564,299.0761,298.6769,298.9763,68326.0
2026-03-30 13:35:00,298.9863,298.9963,298.5771,298.9116,37188.0
2026-03-30 13:40:00,298.9048,299.2558,298.8266,299.2059,41445.0
2026-03-30 13:45:00,299.146,299.2053,298.8068,299.0861,67567.0
2026-03-30 13:50:00,299.1061,299.2158,298.5472,298.7468,82421.0
2026-03-30 13:55:00,298.7468,299.0661,298.6869,298.9464,48048.0
2026-03-30 14:00:00,298.9464,299.126,298.7369,298.7967,30622.0
2026-03-30 14:05:00,298.8366,299.136,298.8216,298.8865,44058.0
2026-03-30 14:10:00,298.8715,299.0063,298.7568,298.9863,41589.0
2026-03-30 14:15:00,299.0262,299.3855,298.9165,299.2657,37894.0
2026-03-30 14:20:00,299.2308,299.3556,299.0262,299.0911,27098.0
2026-03-30 14:25:00,299.0861,299.0861,298.7468,298.8416,38038.0
2026-03-30 14:30:00,298.8266,298.8965,298.6221,298.647,41794.0
2026-03-30 14:35:00,298.6221,299.2458,298.5771,298.9015,49275.0
2026-03-30 14:40:00,298.8765,299.2657,298.7967,299.1909,64357.0
2026-03-30 14:45:00,299.1859,299.3855,299.0761,299.0761,35487.0
2026-03-30 14:50:00,299.0761,299.2312,298.9065,299.156,44367.0
2026-03-30 14:55:00,299.166,299.3456,299.146,299.1958,40681.0
2026-03-30 15:00:00,299.156,299.2457,298.8566,299.1859,51520.0
2026-03-30 15:05:00,299.1859,299.2957,298.9065,299.0362,115376.0
2026-03-30 15:10:00,299.0362,299.0961,298.1381,298.1979,48307.0
2026-03-30 15:15:00,298.2678,298.3177,298.0333,298.2029,55304.0
2026-03-30 15:20:00,298.2279,298.3177,298.0882,298.0981,47847.0
2026-03-30 15:25:00,298.1281,298.158,297.8686,297.9784,70627.0
2026-03-30 15:30:00,297.9983,298.2578,297.9385,298.0333,70565.0
2026-03-30 15:35:00,298.0333,298.5472,298.0333,298.1879,84091.0
2026-03-30 15:40:00,298.1979,298.637,298.158,298.4585,82176.0
2026-03-30 15:45:00,298.4674,298.9863,298.4175,298.8666,124564.0
2026-03-30 15:50:00,298.8666,298.8765,298.4475,298.7318,183310.0
2026-03-30 15:55:00,298.7568,299.0661,298.4674,298.9464,564268.0
2026-03-31 09:30:00,300.9822,301.9901,299.7148,300.0142,250873.0
2026-03-31 09:35:00,300.0342,301.0321,299.4653,300.2936,104234.0
2026-03-31 09:40:00,300.2936,301.1918,299.7947,299.8994,85506.0
2026-03-31 09:45:00,299.8994,300.2936,299.3007,300.2337,132116.0
2026-03-31 09:50:00,300.2337,300.9822,300.0641,300.6679,72420.0
2026-03-31 09:55:00,300.6679,300.7227,299.615,299.7148,57683.0
2026-03-31 10:00:00,299.8346,299.8346,298.0183,298.627,102842.0
2026-03-31 10:05:00,298.5771,298.8765,298.0981,298.5871,109341.0
2026-03-31 10:10:00,298.6221,299.2857,298.6071,298.7967,63935.0
2026-03-31 10:15:00,298.7967,299.1659,298.2478,298.7967,60764.0
2026-03-31 10:20:00,298.8316,298.8316,297.8187,298.6868,73084.0
2026-03-31 10:25:00,298.5273,298.587,297.8686,298.0383,45672.0
2026-03-31 10:30:00,298.0383,298.657,297.8985,298.5522,78454.0
2026-03-31 10:35:00,298.5572,298.7668,297.0902,297.1601,111640.0
2026-03-31 10:40:00,297.0902,297.5892,296.7509,296.9205,69595.0
2026-03-31 10:45:00,296.9904,297.1999,296.5713,296.9255,86035.0
2026-03-31 10:50:00,296.9255,297.0702,296.5114,296.696,59524.0
2026-03-31 10:55:00,296.6611,296.9904,296.3916,296.8144,57020.0
2026-03-31 11:00:00,296.7858,297.8586,296.7309,297.8037,66729.0
2026-03-31 11:05:00,297.7788,297.9983,297.4994,297.7105,48787.0
2026-03-31 11:10:00,297.7838,298.3376,297.659,298.2728,74666.0
2026-03-31 11:15:00,298.2678,298.9963,298.178,298.8566,86239.0
2026-03-31 11:20:00,298.8765,298.9264,298.5617,298.7668,55928.0
2026-03-31 11:25:00,298.7069,298.8067,298.1879,298.2728,61202.0
2026-03-31 11:30:00,298.2678,298.2877,297.659,297.8786,65517.0
2026-03-31 11:35:00,297.8187,298.4275,297.7987,298.2877,48155.0
2026-03-31 11:40:00,298.2079,298.6071,298.2079,298.4873,25906.0
2026-03-31 11:45:00,298.4873,298.4973,298.0981,298.0981,35248.0
2026-03-31 11:50:00,298.0882,298.5273,297.9385,297.9983,65882.0
2026-03-31 11:55:00,298.0482,298.0582,297.6391,297.8186,53945.0
2026-03-31 12:00:00,297.659,298.2478,297.5793,297.9484,51898.0
2026-03-31 12:05:00,298.0183,298.4774,298.0183,298.0782,44124.0
2026-03-31 12:10:00,298.0283,298.0981,297.5792,297.7339,73542.0
2026-03-31 12:15:00,297.7339,297.8087,297.2,297.2998,98275.0
2026-03-31 12:20:00,297.2998,297.4094,296.5812,296.8707,114249.0
2026-03-31 12:25:00,296.9305,297.0303,296.5164,296.7309,88767.0
2026-03-31 12:30:00,296.711,296.7609,295.9825,296.4016,138687.0
2026-03-31 12:35:00,296.4016,297.21,295.9775,297.2,238635.0
2026-03-31 12:40:00,297.175,298.9863,297.175,297.8387,155121.0
2026-03-31 12:45:00,297.7888,298.8965,297.5093,298.8416,115538.0
2026-03-31 12:50:00,298.8516,299.3356,298.1879,298.4674,70822.0
2026-03-31 12:55:00,298.5173,299.156,298.218,299.1011,77180.0
2026-03-31 13:00:00,299.1061,300.2238,299.0861,300.0741,98251.0
2026-03-31 13:05:00,300.0741,300.4832,299.645,299.645,111707.0
2026-03-31 13:10:00,299.7448,300.2337,299.6151,299.9244,106247.0
2026-03-31 13:15:00,299.9443,301.0221,299.8246,300.8275,131192.0
2026-03-31 13:20:00,300.8275,301.0421,300.2637,300.603,83055.0
2026-03-31 13:25:00,300.5381,300.6529,300.1639,300.5132,59815.0
2026-03-31 13:30:00,300.5132,301.2616,300.5032,301.2117,64727.0
2026-03-31 13:35:00,301.2117,301.3115,300.3036,300.7427,76417.0
2026-03-31 13:40:00,300.7627,300.8225,300.1988,300.3136,49330.0
2026-03-31 13:45:00,300.3385,301.2517,300.3137,300.7028,48675.0
2026-03-31 13:50:00,300.8325,301.0221,300.7228,300.8724,34642.0
2026-03-31 13:55:00,300.8924,300.9523,300.5132,300.5631,46711.0
2026-03-31 14:00:00,300.5631,301.0122,300.4333,300.9772,82163.0
2026-03-31 14:05:00,300.9722,302.1698,300.7227,302.1149,127584.0
2026-03-31 14:10:00,302.1698,302.3694,301.072,302.0301,154357.0
2026-03-31 14:15:00,302.0201,302.5889,301.9702,302.5839,112299.0
2026-03-31 14:20:00,302.6089,302.6189,302.2197,302.2995,108748.0
2026-03-31 14:25:00,302.3095,302.7186,302.0002,302.3494,115372.0
2026-03-31 14:30:00,302.3294,302.559,302.0351,302.0949,84244.0
2026-03-31 14:35:00,302.0999,302.5889,302.06,302.4392,60449.0
2026-03-31 14:40:00,302.4193,302.5789,302.2895,302.559,91917.0
2026-03-31 14:45:00,302.564,302.6987,301.8504,301.9602,67547.0
2026-03-31 14:50:00,301.9203,302.0999,301.7007,301.8854,62181.0
2026-03-31 14:55:00,301.8854,302.0301,301.591,301.8406,77504.0
2026-03-31 15:00:00,301.8405,301.9702,301.7806,301.9303,88957.0
2026-03-31 15:05:00,301.9003,301.9303,301.2916,301.4263,99802.0
2026-03-31 15:10:00,301.4263,301.6808,301.3814,301.561,98686.0
2026-03-31 15:15:00,301.581,301.8504,298.4175,301.6109,97789.0
2026-03-31 15:20:00,301.6309,302.08,301.6109,301.9951,77795.0
2026-03-31 15:25:00,301.9802,302.1199,301.3814,301.6109,120735.0
2026-03-31 15:30:00,301.6109,301.9003,301.2966,301.6309,188029.0
2026-03-31 15:35:00,301.6009,302.3494,301.551,301.8305,102430.0
2026-03-31 15:40:00,301.8405,302.1598,301.5411,301.7606,82802.0
2026-03-31 15:45:00,301.7899,301.7899,301.4113,301.5111,146142.0
2026-03-31 15:50:00,301.5011,301.561,300.6429,300.7527,197441.0
2026-03-31 15:55:00,300.7477,301.6508,300.4234,301.6109,585335.0
