datetime,open,high,low,close,volume
2026-03-02 09:30:00,78.6819,79.3579,78.4731,79.1044,691970.0
2026-03-02 09:35:00,79.1094,79.4275,78.9404,79.2893,608612.0
2026-03-02 09:40:00,79.2883,80.014,79.2833,79.9941,427027.0
2026-03-02 09:45:00,79.9543,80.0836,79.338,79.5468,428364.0
2026-03-02 09:50:00,79.5567,79.7652,79.4374,79.5617,332365.0
2026-03-02 09:55:00,79.5766,79.845,79.4374,79.7853,249286.0
2026-03-02 10:00:00,79.7853,80.2029,79.6859,80.173,206995.0
2026-03-02 10:05:00,80.1631,80.347,79.9842,80.1532,347876.0
2026-03-02 10:10:00,80.1382,80.6074,80.1237,80.521,242040.0
2026-03-02 10:15:00,80.5508,80.8689,80.4047,80.6303,198317.0
2026-03-02 10:20:00,80.6204,80.912,80.5905,80.6204,123092.0
2026-03-02 10:25:00,80.6403,81.0081,80.5707,80.7993,179135.0
2026-03-02 10:30:00,80.8043,80.9633,80.69,80.7794,171567.0
2026-03-02 10:35:00,80.8092,80.859,80.6303,80.7098,93272.0
2026-03-02 10:40:00,80.7098,80.9285,80.5905,80.9285,148802.0
2026-03-02 10:45:00,80.9087,80.9087,80.7247,80.854,98388.0
2026-03-02 10:50:00,80.8291,81.1276,80.7397,81.0279,185226.0
2026-03-02 10:55:00,81.0279,81.3659,80.9683,81.2417,178710.0
2026-03-02 11:00:00,81.2268,81.4355,81.182,81.4107,141409.0
2026-03-02 11:05:00,81.4057,81.4554,81.3063,81.4007,134318.0
2026-03-02 11:10:00,81.4156,81.4952,81.3454,81.4206,117669.0
2026-03-02 11:15:00,81.4256,81.4952,81.3659,81.4554,130153.0
2026-03-02 11:20:00,81.4554,81.5051,81.3461,81.4156,123653.0
2026-03-02 11:25:00,81.4156,81.4852,81.0876,81.1026,115660.0
2026-03-02 11:30:00,81.0975,81.2765,81.0777,81.2268,106912.0
2026-03-02 11:35:00,81.2367,81.4852,81.1472,81.4753,186688.0
2026-03-02 11:40:00,81.4852,81.684,81.4753,81.6294,212714.0
2026-03-02 11:45:00,81.6542,81.7835,81.5946,81.7089,172740.0
2026-03-02 11:50:00,81.7089,81.7089,81.515,81.5349,74816.0
2026-03-02 11:55:00,81.5349,81.6741,81.4206,81.4504,71633.0
2026-03-02 12:00:00,81.4455,81.5648,81.4057,81.5498,66535.0
2026-03-02 12:05:00,81.5625,81.9226,81.5449,81.8843,320811.0
2026-03-02 12:10:00,81.8878,82.1214,81.863,82.032,218279.0
2026-03-02 12:15:00,82.022,82.1513,82.0022,82.1314,197155.0
2026-03-02 12:20:00,82.1413,82.2407,82.1214,82.1214,255699.0
2026-03-02 12:25:00,82.1115,82.1115,81.7735,81.7835,237486.0
2026-03-02 12:30:00,81.7934,81.9823,81.7337,81.9823,180008.0
2026-03-02 12:35:00,81.9773,82.2606,81.9723,82.2507,210101.0
2026-03-02 12:40:00,82.2507,82.3252,82.0717,82.1463,238000.0
2026-03-02 12:45:00,82.1413,82.1612,81.9723,81.9972,221456.0
2026-03-02 12:50:00,81.9972,82.2109,81.9923,82.201,238294.0
2026-03-02 12:55:00,82.201,82.201,82.0122,82.1065,231106.0
2026-03-02 13:00:00,82.1016,82.1711,82.0717,82.1264,174529.0
2026-03-02 13:05:00,82.1413,82.1711,82.0519,82.1214,191036.0
2026-03-02 13:10:00,82.1165,82.2059,82.0717,82.0916,225442.0
2026-03-02 13:15:00,82.0916,82.1711,82.0121,82.0717,206390.0
2026-03-02 13:20:00,82.0619,82.1413,82.032,82.1364,127541.0
2026-03-02 13:25:00,82.1314,82.2904,82.1115,82.2208,133598.0
2026-03-02 13:30:00,82.2308,82.2805,82.1612,82.201,155263.0
2026-03-02 13:35:00,82.201,82.2308,82.1314,82.1811,150814.0
2026-03-02 13:40:00,82.191,82.2308,82.0171,82.0668,178455.0
2026-03-02 13:45:00,82.0618,82.1612,82.027,82.1314,159458.0
2026-03-02 13:50:00,82.1513,82.3998,82.1413,82.3898,167024.0
2026-03-02 13:55:00,82.3849,82.4296,82.3103,82.3302,199393.0
2026-03-02 14:00:00,82.3203,82.5091,82.2736,82.3252,247526.0
2026-03-02 14:05:00,82.3203,82.4296,82.2457,82.3302,195813.0
2026-03-02 14:10:00,82.3302,82.4147,82.1711,82.3501,222781.0
2026-03-02 14:15:00,82.3401,82.4694,82.3401,82.4296,157605.0
2026-03-02 14:20:00,82.4296,82.5588,82.4296,82.4644,167486.0
2026-03-02 14:25:00,82.4694,82.4992,82.4097,82.4644,154551.0
2026-03-02 14:30:00,82.4694,82.5588,82.4694,82.5091,193432.0
2026-03-02 14:35:00,82.5091,82.5737,82.4694,82.4843,161797.0
2026-03-02 14:40:00,82.4793,82.5588,82.3998,82.3998,158775.0
2026-03-02 14:45:00,82.4048,82.4296,82.2507,82.2805,187534.0
2026-03-02 14:50:00,82.2805,82.5091,82.2606,82.4992,204737.0
2026-03-02 14:55:00,82.4992,82.5141,82.3451,82.4097,188462.0
2026-03-02 15:00:00,82.4097,82.4793,82.365,82.37,207460.0
2026-03-02 15:05:00,82.36,82.3799,82.0817,82.1214,200408.0
2026-03-02 15:10:00,82.1214,82.1214,81.9276,81.9425,237643.0
2026-03-02 15:15:00,81.9425,82.1612,81.9027,81.9773,329492.0
2026-03-02 15:20:00,81.9922,82.0817,81.8839,81.9674,234500.0
2026-03-02 15:25:00,81.9624,82.0121,81.853,81.853,247483.0
2026-03-02 15:30:00,81.863,81.9624,81.8431,81.9127,282345.0
2026-03-02 15:35:00,81.8928,82.0668,81.8779,81.9823,249759.0
2026-03-02 15:40:00,81.9823,82.0071,81.8332,81.9276,196821.0
2026-03-02 15:45:00,81.9226,82.032,81.8729,81.9674,254827.0
2026-03-02 15:50:00,81.9823,82.0916,81.8679,82.022,318057.0
2026-03-02 15:55:00,82.032,82.1016,81.9723,82.032,979437.0
2026-03-03 09:30:00,80.516,80.6999,79.7257,80.2128,326955.0
2026-03-03 09:35:00,80.1631,80.3619,79.8301,79.9245,185264.0
2026-03-03 09:40:00,79.9046,80.1034,79.7257,79.7456,166508.0
2026-03-03 09:45:00,79.7754,80.0786,79.5368,79.5666,365085.0
2026-03-03 09:50:00,79.5567,80.2526,79.3778,79.9742,429406.0
2026-03-03 09:55:00,79.9692,80.4713,79.8152,80.4514,251971.0
2026-03-03 10:00:00,80.4613,80.6701,80.2528,80.3072,306853.0
2026-03-03 10:05:00,80.3072,80.4116,80.1034,80.2724,263904.0
2026-03-03 10:10:00,80.2625,80.4812,79.9991,80.2824,342523.0
2026-03-03 10:15:00,80.2824,80.4216,80.0438,80.1233,340849.0
2026-03-03 10:20:00,80.1268,80.1532,79.8798,79.9842,282991.0
2026-03-03 10:25:00,79.9842,80.2526,79.8798,80.2277,293200.0
2026-03-03 10:30:00,80.2277,80.4961,80.178,80.342,246211.0
2026-03-03 10:35:00,80.342,80.5607,80.2327,80.511,198403.0
2026-03-03 10:40:00,80.5011,80.6154,80.4121,80.6104,153002.0
2026-03-03 10:45:00,80.5905,80.8291,80.4315,80.4911,160317.0
2026-03-03 10:50:00,80.4911,80.5011,80.2128,80.3569,146632.0
2026-03-03 10:55:00,80.3569,80.5905,80.2973,80.5756,161973.0
2026-03-03 11:00:00,80.5707,80.6701,80.342,80.5011,164030.0
2026-03-03 11:05:00,80.5011,80.8291,80.4911,80.8092,131423.0
2026-03-03 11:10:00,80.7993,80.9981,80.68,80.9882,129529.0
2026-03-03 11:15:00,80.9882,81.1075,80.9484,81.0777,151656.0
2026-03-03 11:20:00,81.0677,81.2665,81.0279,81.2069,234011.0
2026-03-03 11:25:00,81.2268,81.2864,81.1423,81.1969,194502.0
2026-03-03 11:30:00,81.1621,81.192,80.9186,81.1807,134373.0
2026-03-03 11:35:00,81.1472,81.2963,81.0876,81.1572,102342.0
2026-03-03 11:40:00,81.1572,81.356,81.1075,81.3163,164721.0
2026-03-03 11:45:00,81.3361,81.5648,81.2466,81.3461,211549.0
2026-03-03 11:50:00,81.3262,81.5349,81.3162,81.5349,149525.0
2026-03-03 11:55:00,81.5349,81.5747,81.4355,81.5648,106511.0
2026-03-03 12:00:00,81.525,81.5747,81.3659,81.4952,146596.0
2026-03-03 12:05:00,81.4952,81.6045,81.4753,81.515,122276.0
2026-03-03 12:10:00,81.52,81.6145,81.3759,81.4653,122219.0
2026-03-03 12:15:00,81.4653,81.5846,81.3759,81.5598,99958.0
2026-03-03 12:20:00,81.5598,81.6642,81.515,81.6244,63547.0
2026-03-03 12:25:00,81.6244,81.6542,81.515,81.515,62916.0
2026-03-03 12:30:00,81.525,81.6145,81.4554,81.4653,182943.0
2026-03-03 12:35:00,81.4653,81.6145,81.4256,81.6145,66085.0
2026-03-03 12:40:00,81.6145,81.7238,81.5846,81.6691,68484.0
2026-03-03 12:45:00,81.6642,81.7636,81.5498,81.7337,121636.0
2026-03-03 12:50:00,81.7337,81.7934,81.6145,81.6145,124101.0
2026-03-03 12:55:00,81.6244,81.7188,81.5946,81.684,67137.0
2026-03-03 13:00:00,81.6741,82.1314,81.6741,82.1214,245987.0
2026-03-03 13:05:00,82.1314,82.201,82.0519,82.1413,110884.0
2026-03-03 13:10:00,82.1463,82.1513,81.9425,81.9823,140115.0
2026-03-03 13:15:00,81.9873,82.0767,81.9723,82.022,96313.0
2026-03-03 13:20:00,82.032,82.3898,82.032,82.3898,144690.0
2026-03-03 13:25:00,82.3799,82.5141,82.3451,82.4296,168767.0
2026-03-03 13:30:00,82.4346,82.6682,82.3898,82.5588,140288.0
2026-03-03 13:35:00,82.5589,82.698,82.4395,82.6384,169664.0
2026-03-03 13:40:00,82.6433,82.6682,82.4992,82.5986,158840.0
2026-03-03 13:45:00,82.5787,82.6284,82.4694,82.6185,111430.0
2026-03-03 13:50:00,82.5986,82.7676,82.5887,82.708,170320.0
2026-03-03 13:55:00,82.698,82.7577,82.5986,82.708,219461.0
2026-03-03 14:00:00,82.6981,82.7278,82.6284,82.7179,120596.0
2026-03-03 14:05:00,82.7278,82.7875,82.6483,82.693,165064.0
2026-03-03 14:10:00,82.698,82.7875,82.6185,82.7577,165120.0
2026-03-03 14:15:00,82.7577,82.8223,82.6781,82.8006,143731.0
2026-03-03 14:20:00,82.8173,82.8968,82.7179,82.7179,138271.0
2026-03-03 14:25:00,82.7179,82.7179,82.539,82.6135,150332.0
2026-03-03 14:30:00,82.6135,82.6781,82.4395,82.4793,140744.0
2026-03-03 14:35:00,82.4743,82.867,82.4594,82.7775,160097.0
2026-03-03 14:40:00,82.7875,82.9217,82.7378,82.8471,142021.0
2026-03-03 14:45:00,82.8521,82.9962,82.7875,82.8571,144462.0
2026-03-03 14:50:00,82.8571,82.9565,82.7527,82.7975,133570.0
2026-03-03 14:55:00,82.7974,82.8074,82.6682,82.7875,145808.0
2026-03-03 15:00:00,82.7974,82.8024,82.6781,82.708,117838.0
2026-03-03 15:05:00,82.698,82.698,82.5688,82.6185,116866.0
2026-03-03 15:10:00,82.6284,82.6384,82.4942,82.5539,119488.0
2026-03-03 15:15:00,82.5588,82.6384,82.3898,82.4197,165070.0
2026-03-03 15:20:00,82.4197,82.4893,82.3551,82.4793,163933.0
2026-03-03 15:25:00,82.4644,82.5986,82.4097,82.4644,235385.0
2026-03-03 15:30:00,82.4694,82.5042,82.3203,82.3401,298307.0
2026-03-03 15:35:00,82.3401,82.3988,82.0866,82.1016,317621.0
2026-03-03 15:40:00,82.1165,82.1612,81.9723,82.0668,215420.0
2026-03-03 15:45:00,82.0717,82.2159,82.0419,82.1513,185772.0
2026-03-03 15:50:00,82.1562,82.2606,81.9027,81.9524,673513.0
2026-03-03 15:55:00,81.9624,82.0519,81.8729,82.0419,1346758.0
2026-03-04 09:30:00,82.201,82.4296,81.6691,81.7288,272814.0
2026-03-04 09:35:00,81.7685,82.2805,81.5449,82.1711,253604.0
2026-03-04 09:40:00,82.1722,82.3401,82.0022,82.0369,187920.0
2026-03-04 09:45:00,82.0121,82.0817,81.6542,81.7337,281582.0
2026-03-04 09:50:00,81.7139,82.1214,81.6642,82.0694,386734.0
2026-03-04 09:55:00,82.0618,82.3302,82.0071,82.3302,155755.0
2026-03-04 10:00:00,82.3203,82.5091,82.201,82.3799,261990.0
2026-03-04 10:05:00,82.3948,82.5887,82.2109,82.5887,164284.0
2026-03-04 10:10:00,82.5489,82.6384,82.3203,82.5091,125296.0
2026-03-04 10:15:00,82.5489,82.6632,82.2261,82.3203,134143.0
2026-03-04 10:20:00,82.3053,82.5489,82.2904,82.5191,101396.0
2026-03-04 10:25:00,82.529,82.6085,82.37,82.4097,191653.0
2026-03-04 10:30:00,82.4097,82.6185,82.2457,82.3103,189456.0
2026-03-04 10:35:00,82.2407,82.2755,82.1016,82.2308,98804.0
2026-03-04 10:40:00,82.2109,82.3103,82.1711,82.2606,120622.0
2026-03-04 10:45:00,82.2407,82.4644,82.2208,82.4296,105391.0
2026-03-04 10:50:00,82.3998,82.5588,82.36,82.5141,105562.0
2026-03-04 10:55:00,82.488,82.6085,82.4694,82.5887,97465.0
2026-03-04 11:00:00,82.5787,82.6682,82.5588,82.6085,89052.0
2026-03-04 11:05:00,82.6085,82.6384,82.4594,82.5787,89105.0
2026-03-04 11:10:00,82.5737,82.5887,82.3898,82.3948,84809.0
2026-03-04 11:15:00,82.3948,82.5787,82.3302,82.4992,106604.0
2026-03-04 11:20:00,82.4843,82.5191,82.3302,82.4097,277349.0
2026-03-04 11:25:00,82.37,82.5191,82.3401,82.5191,140784.0
2026-03-04 11:30:00,82.4992,82.6533,82.4992,82.6036,100172.0
2026-03-04 11:35:00,82.6085,82.6781,82.4694,82.534,134587.0
2026-03-04 11:40:00,82.529,82.7775,82.529,82.7229,108826.0
2026-03-04 11:45:00,82.7278,82.7577,82.6235,82.6569,119457.0
2026-03-04 11:50:00,82.6682,82.6881,82.5688,82.6085,93554.0
2026-03-04 11:55:00,82.6085,82.6483,82.5887,82.6135,96151.0
2026-03-04 12:00:00,82.6085,82.7278,82.5453,82.708,104699.0
2026-03-04 12:05:00,82.708,82.7229,82.5787,82.6284,77903.0
2026-03-04 12:10:00,82.6185,82.6881,82.5887,82.6384,92392.0
2026-03-04 12:15:00,82.6433,82.6732,82.5787,82.6384,87386.0
2026-03-04 12:20:00,82.6433,82.708,82.5091,82.6185,96889.0
2026-03-04 12:25:00,82.6085,82.6433,82.4893,82.5688,84590.0
2026-03-04 12:30:00,82.5688,82.6682,82.4694,82.6483,112413.0
2026-03-04 12:35:00,82.6483,82.708,82.5489,82.6085,112436.0
2026-03-04 12:40:00,82.5986,82.6483,82.524,82.5787,110138.0
2026-03-04 12:45:00,82.5837,82.6085,82.5489,82.5688,90482.0
2026-03-04 12:50:00,82.5737,82.5887,82.36,82.4495,97073.0
2026-03-04 12:55:00,82.4395,82.5688,82.4296,82.529,73948.0
2026-03-04 13:00:00,82.539,82.5588,82.3799,82.3998,115887.0
2026-03-04 13:05:00,82.4048,82.5091,82.3799,82.4594,92268.0
2026-03-04 13:10:00,82.4594,82.4992,82.4197,82.4395,69346.0
2026-03-04 13:15:00,82.4445,82.4694,82.3501,82.3551,78350.0
2026-03-04 13:20:00,82.3501,82.3898,82.2954,82.3401,85033.0
2026-03-04 13:25:00,82.3302,82.4495,82.3203,82.4395,79944.0
2026-03-04 13:30:00,82.4594,82.4893,82.4097,82.4296,79017.0
2026-03-04 13:35:00,82.4296,82.5887,82.4296,82.5489,127693.0
2026-03-04 13:40:00,82.5588,82.6384,82.5588,82.5688,91745.0
2026-03-04 13:45:00,82.5787,82.6682,82.5688,82.6682,91584.0
2026-03-04 13:50:00,82.6384,82.708,82.6284,82.698,109887.0
2026-03-04 13:55:00,82.708,82.7775,82.6682,82.7477,99147.0
2026-03-04 14:00:00,82.7577,82.8272,82.7577,82.7775,138135.0
2026-03-04 14:05:00,82.7676,82.8372,82.7378,82.7974,104460.0
2026-03-04 14:10:00,82.8074,82.8173,82.6881,82.7378,101190.0
2026-03-04 14:15:00,82.7378,82.8074,82.7179,82.7825,87551.0
2026-03-04 14:20:00,82.7775,82.8471,82.7378,82.7726,80857.0
2026-03-04 14:25:00,82.7726,82.7726,82.6284,82.6582,85319.0
2026-03-04 14:30:00,82.6682,82.7527,82.6682,82.7477,63024.0
2026-03-04 14:35:00,82.7477,82.8263,82.7229,82.7825,59081.0
2026-03-04 14:40:00,82.7875,82.7875,82.7179,82.7378,82581.0
2026-03-04 14:45:00,82.7427,82.8173,82.7278,82.7974,104203.0
2026-03-04 14:50:00,82.7974,82.9465,82.7775,82.9267,86812.0
2026-03-04 14:55:00,82.9267,82.9366,82.8471,82.862,83173.0
2026-03-04 15:00:00,82.867,82.8968,82.8272,82.8968,83980.0
2026-03-04 15:05:00,82.9068,82.9217,82.7577,82.8074,113661.0
2026-03-04 15:10:00,82.8074,82.8571,82.7676,82.8571,87968.0
2026-03-04 15:15:00,82.8571,82.8919,82.7974,82.867,120626.0
2026-03-04 15:20:00,82.862,82.9117,82.7974,82.8769,206601.0
2026-03-04 15:25:00,82.8869,82.9366,82.867,82.8968,190927.0
2026-03-04 15:30:00,82.8968,82.9366,82.8769,82.9217,202585.0
2026-03-04 15:35:00,82.9167,83.0062,82.9167,82.9565,324992.0
2026-03-04 15:40:00,82.9565,83.1155,82.9465,83.1155,308618.0
2026-03-04 15:45:00,83.1155,83.4734,83.1155,83.4684,371041.0
2026-03-04 15:50:00,83.4684,83.543,83.2149,83.3143,818643.0
2026-03-04 15:55:00,83.3143,83.543,83.2597,83.4187,1955150.0
2026-03-05 09:30:00,83.1553,83.2845,82.8173,82.9664,222024.0
2026-03-05 09:35:00,82.9614,83.302,82.9366,83.2348,97739.0
2026-03-05 09:40:00,83.1951,83.1951,82.6384,82.708,127827.0
2026-03-05 09:45:00,82.698,82.698,82.2109,82.2308,128311.0
2026-03-05 09:50:00,82.2308,82.4893,82.0916,82.4495,142573.0
2026-03-05 09:55:00,82.4395,82.9267,82.4395,82.867,105233.0
2026-03-05 10:00:00,82.8769,82.8869,82.1065,82.1314,208938.0
2026-03-05 10:05:00,82.1214,82.201,81.9524,82.0767,185972.0
2026-03-05 10:10:00,82.0767,82.201,81.9226,82.0419,185676.0
2026-03-05 10:15:00,81.9922,82.0817,81.863,82.0121,140064.0
2026-03-05 10:20:00,82.0121,82.0121,81.8133,81.8481,104248.0
2026-03-05 10:25:00,81.8481,81.9922,81.7337,81.8133,160880.0
2026-03-05 10:30:00,81.8083,81.8133,81.6045,81.6741,135943.0
2026-03-05 10:35:00,81.6542,81.694,81.5051,81.5846,154298.0
2026-03-05 10:40:00,81.5846,81.7238,81.5001,81.5449,204867.0
2026-03-05 10:45:00,81.5349,81.8033,81.4952,81.6244,128982.0
2026-03-05 10:50:00,81.6343,81.8829,81.6244,81.7139,95582.0
2026-03-05 10:55:00,81.7337,81.7437,81.5288,81.684,92197.0
2026-03-05 11:00:00,81.7139,81.9027,81.5548,81.6133,348961.0
2026-03-05 11:05:00,81.6294,81.6691,81.3162,81.3162,165955.0
2026-03-05 11:10:00,81.3262,81.5349,81.2963,81.4355,131333.0
2026-03-05 11:15:00,81.4256,81.5548,81.2665,81.2765,142079.0
2026-03-05 11:20:00,81.2914,81.2963,81.1025,81.1522,140682.0
2026-03-05 11:25:00,81.1373,81.2864,81.0975,81.1771,89291.0
2026-03-05 11:30:00,81.1969,81.351,81.1174,81.2268,183213.0
2026-03-05 11:35:00,81.1969,81.2914,80.9683,81.1969,222277.0
2026-03-05 11:40:00,81.1969,81.2566,81.0081,81.0876,130213.0
2026-03-05 11:45:00,81.1174,81.3063,81.0578,81.1771,87493.0
2026-03-05 11:50:00,81.187,81.3359,81.1472,81.3359,83567.0
2026-03-05 11:55:00,81.3361,81.4007,81.0478,81.0876,131503.0
2026-03-05 12:00:00,81.0975,81.2665,81.0478,81.2417,74763.0
2026-03-05 12:05:00,81.2417,81.2417,81.018,81.0777,124858.0
2026-03-05 12:10:00,81.0379,81.1771,80.9385,81.1472,140611.0
2026-03-05 12:15:00,81.1472,81.1771,80.9683,80.9981,65621.0
2026-03-05 12:20:00,80.9981,81.0777,80.9484,81.0081,129764.0
2026-03-05 12:25:00,81.0081,81.0777,80.859,80.9683,117557.0
2026-03-05 12:30:00,80.9683,80.9882,80.7297,80.7745,77621.0
2026-03-05 12:35:00,80.7745,81.0329,80.7098,80.9882,149936.0
2026-03-05 12:40:00,80.9981,81.0478,80.859,80.8888,89558.0
2026-03-05 12:45:00,80.8888,81.0975,80.8888,80.9285,126164.0
2026-03-05 12:50:00,80.9186,81.1398,80.8888,80.9684,91143.0
2026-03-05 12:55:00,80.9782,81.0329,80.9087,80.9484,91392.0
2026-03-05 13:00:00,80.9385,80.9484,80.7397,80.9087,162638.0
2026-03-05 13:05:00,80.8987,81.0777,80.854,81.0777,95240.0
2026-03-05 13:10:00,81.0826,81.1771,80.9782,81.1472,103782.0
2026-03-05 13:15:00,81.1323,81.1472,80.8291,80.859,75648.0
2026-03-05 13:20:00,80.8689,81.0578,80.859,80.9335,180881.0
2026-03-05 13:25:00,80.9484,81.0578,80.9087,81.0329,115632.0
2026-03-05 13:30:00,81.0329,81.1472,80.9285,81.018,134019.0
2026-03-05 13:35:00,81.0279,81.5548,81.0279,81.3063,684775.0
2026-03-05 13:40:00,81.3063,81.525,81.2963,81.4256,303100.0
2026-03-05 13:45:00,81.4256,81.4803,81.2069,81.3361,206591.0
2026-03-05 13:50:00,81.3162,81.4852,81.2814,81.4455,410264.0
2026-03-05 13:55:00,81.4455,81.6145,81.356,81.5747,374012.0
2026-03-05 14:00:00,81.6095,81.7238,81.3808,81.3808,284974.0
2026-03-05 14:05:00,81.3808,81.4206,81.2566,81.2963,231359.0
2026-03-05 14:10:00,81.2963,81.4156,81.2814,81.3709,151376.0
2026-03-05 14:15:00,81.3659,81.3659,81.0478,81.1373,156991.0
2026-03-05 14:20:00,81.1472,81.2069,81.0727,81.1572,145407.0
2026-03-05 14:25:00,81.1671,81.2218,81.0677,81.0975,134671.0
2026-03-05 14:30:00,81.0926,81.0975,80.8888,80.9981,161072.0
2026-03-05 14:35:00,80.9981,81.187,80.9683,81.1174,269073.0
2026-03-05 14:40:00,81.1472,81.2566,81.1274,81.2516,170472.0
2026-03-05 14:45:00,81.2466,81.5001,81.1969,81.4653,189746.0
2026-03-05 14:50:00,81.4703,81.5747,81.356,81.4057,181337.0
2026-03-05 14:55:00,81.4057,81.4852,81.3461,81.3908,221783.0
2026-03-05 15:00:00,81.3958,81.5946,81.2963,81.5846,283974.0
2026-03-05 15:05:00,81.5747,81.694,81.4753,81.6741,288973.0
2026-03-05 15:10:00,81.6741,81.8083,81.6741,81.7039,237495.0
2026-03-05 15:15:00,81.7039,81.8133,81.6294,81.7337,525049.0
2026-03-05 15:20:00,81.7337,81.8133,81.6642,81.6791,455051.0
2026-03-05 15:25:00,81.684,81.8878,81.6542,81.6741,403585.0
2026-03-05 15:30:00,81.6741,81.7735,81.5548,81.6135,408787.0
2026-03-05 15:35:00,81.6145,81.9017,81.6145,81.8779,400269.0
2026-03-05 15:40:00,81.8729,81.8729,81.7487,81.8133,216401.0
2026-03-05 15:45:00,81.8133,81.8481,81.6045,81.7636,295470.0
2026-03-05 15:50:00,81.7536,81.8332,81.5449,81.7884,464133.0
2026-03-05 15:55:00,81.7934,81.8033,81.5051,81.6145,1288949.0
2026-03-06 09:30:00,79.7853,79.7853,77.6083,77.827,1276057.0
2026-03-06 09:35:00,77.7872,78.0656,77.4791,77.6481,649841.0
2026-03-06 09:40:00,77.6481,78.3787,77.6481,78.334,284321.0
2026-03-06 09:45:00,78.3141,78.5726,78.2197,78.2942,337992.0
2026-03-06 09:50:00,78.2892,78.4234,77.986,78.1252,368525.0
2026-03-06 09:55:00,78.1153,78.3042,78.0705,78.2147,451209.0
2026-03-06 10:00:00,78.2246,78.9304,78.2147,78.9304,275000.0
2026-03-06 10:05:00,78.9404,79.0189,78.5626,78.6123,347214.0
2026-03-06 10:10:00,78.6223,78.9801,78.6223,78.8509,192746.0
2026-03-06 10:15:00,78.8509,79.1143,78.8211,79.0597,343856.0
2026-03-06 10:20:00,79.0795,79.2585,78.9801,79.2187,168941.0
2026-03-06 10:25:00,79.1988,79.2585,79.0398,79.169,149556.0
2026-03-06 10:30:00,79.169,79.3778,79.169,79.3579,163177.0
2026-03-06 10:35:00,79.3678,79.6263,79.3678,79.5666,196913.0
2026-03-06 10:40:00,79.5567,79.5766,79.3281,79.5716,140032.0
2026-03-06 10:45:00,79.5567,79.5766,79.2088,79.3032,167659.0
2026-03-06 10:50:00,79.3181,79.3181,79.0696,79.1889,134083.0
2026-03-06 10:55:00,79.1591,79.507,79.1591,79.4275,194746.0
2026-03-06 11:00:00,79.4175,79.6561,79.4175,79.5766,176890.0
2026-03-06 11:05:00,79.5766,79.6163,79.3827,79.4275,125870.0
2026-03-06 11:10:00,79.4275,79.4821,79.2684,79.3181,86157.0
2026-03-06 11:15:00,79.3181,79.5468,79.3082,79.5368,101934.0
2026-03-06 11:20:00,79.5368,79.5766,79.338,79.4672,161037.0
2026-03-06 11:25:00,79.4672,79.4772,79.169,79.2734,130614.0
2026-03-06 11:30:00,79.2883,79.4573,79.1889,79.3728,144203.0
2026-03-06 11:35:00,79.3579,79.6462,79.3579,79.5965,97511.0
2026-03-06 11:40:00,79.6163,79.671,79.4971,79.5169,108088.0
2026-03-06 11:45:00,79.5368,79.7754,79.5318,79.7356,124565.0
2026-03-06 11:50:00,79.7456,79.8549,79.6859,79.7058,107464.0
2026-03-06 11:55:00,79.7158,80.014,79.6959,79.8997,110864.0
2026-03-06 12:00:00,79.8947,79.9345,79.7555,79.8102,121429.0
2026-03-06 12:05:00,79.8052,79.8152,79.5318,79.666,184316.0
2026-03-06 12:10:00,79.676,79.7655,79.5666,79.6064,128724.0
2026-03-06 12:15:00,79.6163,79.7528,79.5666,79.7528,133425.0
2026-03-06 12:20:00,79.7456,79.8549,79.6362,79.8002,115636.0
2026-03-06 12:25:00,79.7953,79.8152,79.6511,79.7356,89586.0
2026-03-06 12:30:00,79.7555,79.7903,79.7058,79.7704,78564.0
2026-03-06 12:35:00,79.7804,79.7804,79.5963,79.6362,102667.0
2026-03-06 12:40:00,79.6362,79.6561,79.3778,79.4821,115110.0
2026-03-06 12:45:00,79.4821,79.6362,79.4821,79.6064,74525.0
2026-03-06 12:50:00,79.5865,79.666,79.5368,79.6263,88666.0
2026-03-06 12:55:00,79.6263,79.6959,79.5248,79.6064,109442.0
2026-03-06 13:00:00,79.5965,79.835,79.5965,79.7078,122048.0
2026-03-06 13:05:00,79.7257,79.9046,79.7158,79.8748,85490.0
2026-03-06 13:10:00,79.8748,80.0935,79.8152,80.0438,114119.0
2026-03-06 13:15:00,80.0438,80.0782,79.9345,80.0239,72399.0
2026-03-06 13:20:00,80.0239,80.0637,79.8152,79.8947,94831.0
2026-03-06 13:25:00,79.8997,79.9245,79.7555,79.8152,129762.0
2026-03-06 13:30:00,79.8052,79.9345,79.7853,79.8549,134882.0
2026-03-06 13:35:00,79.8549,79.8549,79.6163,79.676,117396.0
2026-03-06 13:40:00,79.6859,79.7953,79.6561,79.7456,87951.0
2026-03-06 13:45:00,79.7406,79.7903,79.6462,79.7059,126145.0
2026-03-06 13:50:00,79.7058,79.7456,79.5766,79.6412,103262.0
2026-03-06 13:55:00,79.6263,79.6959,79.5766,79.6502,106632.0
2026-03-06 14:00:00,79.666,79.7356,79.5766,79.5865,107980.0
2026-03-06 14:05:00,79.5865,79.6959,79.5816,79.6263,112068.0
2026-03-06 14:10:00,79.6163,79.7555,79.6064,79.7058,109865.0
2026-03-06 14:15:00,79.7108,79.8947,79.666,79.8847,117293.0
2026-03-06 14:20:00,79.8649,79.9543,79.8053,79.8649,115996.0
2026-03-06 14:25:00,79.8549,79.9238,79.7356,79.9057,143148.0
2026-03-06 14:30:00,79.8947,79.9842,79.8152,79.9146,100720.0
2026-03-06 14:35:00,79.9195,79.9345,79.8301,79.9295,91654.0
2026-03-06 14:40:00,79.9345,80.0637,79.8718,79.8847,114158.0
2026-03-06 14:45:00,79.8847,79.9444,79.8549,79.9146,108051.0
2026-03-06 14:50:00,79.9046,79.9146,79.7158,79.8152,63645.0
2026-03-06 14:55:00,79.8152,79.9692,79.7108,79.7406,133896.0
2026-03-06 15:00:00,79.7555,79.9146,79.7456,79.8947,74067.0
2026-03-06 15:05:00,79.8748,79.9692,79.845,79.9245,70601.0
2026-03-06 15:10:00,79.9245,79.9494,79.8052,79.8052,88734.0
2026-03-06 15:15:00,79.7853,79.9643,79.7853,79.8847,81187.0
2026-03-06 15:20:00,79.8798,79.8947,79.7954,79.8052,56136.0
2026-03-06 15:25:00,79.8002,79.8748,79.6959,79.8449,88241.0
2026-03-06 15:30:00,79.835,79.9643,79.8052,79.8649,125883.0
2026-03-06 15:35:00,79.8698,79.9543,79.7655,79.9494,141106.0
2026-03-06 15:40:00,79.9643,80.0836,79.7953,79.8052,145189.0
2026-03-06 15:45:00,79.7953,79.84,79.7356,79.7605,211440.0
2026-03-06 15:50:00,79.7655,79.9046,79.6959,79.8698,435401.0
2026-03-06 15:55:00,79.8649,79.9941,79.8152,79.9245,952678.0
2026-03-09 09:30:00,78.9602,79.3181,77.9463,78.2644,420887.0
2026-03-09 09:35:00,78.2644,78.2942,77.6878,77.8866,287971.0
2026-03-09 09:40:00,77.8843,77.9065,77.4989,77.5785,379380.0
2026-03-09 09:45:00,77.5884,77.6878,77.2206,77.2604,396302.0
2026-03-09 09:50:00,77.2604,77.2952,76.9323,77.0118,366908.0
2026-03-09 09:55:00,77.0118,77.2604,76.9423,77.1013,279656.0
2026-03-09 10:00:00,77.0914,77.3896,77.0516,77.2107,366390.0
2026-03-09 10:05:00,77.2007,77.2007,76.5645,76.7981,306877.0
2026-03-09 10:10:00,76.8031,76.8428,76.5247,76.6341,338742.0
2026-03-09 10:15:00,76.654,76.7832,76.4949,76.644,485089.0
2026-03-09 10:20:00,76.644,76.9323,76.4452,76.8428,386775.0
2026-03-09 10:25:00,76.8528,76.9621,76.6341,76.7136,383090.0
2026-03-09 10:30:00,76.7136,76.8329,76.654,76.7633,288523.0
2026-03-09 10:35:00,76.7633,76.7882,76.5823,76.7186,253342.0
2026-03-09 10:40:00,76.7037,76.9224,76.5645,76.9124,318456.0
2026-03-09 10:45:00,76.9124,76.9621,76.7236,76.9323,333562.0
2026-03-09 10:50:00,76.9231,77.161,76.8081,76.9323,279511.0
2026-03-09 10:55:00,76.9423,77.0715,76.7434,76.7981,262528.0
2026-03-09 11:00:00,76.7832,76.992,76.7832,76.9621,313060.0
2026-03-09 11:05:00,76.9621,77.0118,76.5744,76.6142,208703.0
2026-03-09 11:10:00,76.6043,76.9124,76.5546,76.8578,220324.0
2026-03-09 11:15:00,76.8727,76.982,76.8031,76.9522,186512.0
2026-03-09 11:20:00,76.9323,77.151,76.9124,77.1361,228553.0
2026-03-09 11:25:00,77.1411,77.156,77.0317,77.151,185471.0
2026-03-09 11:30:00,77.1411,77.161,76.9423,76.982,171740.0
2026-03-09 11:35:00,76.977,76.992,76.818,76.8826,161733.0
2026-03-09 11:40:00,76.8727,76.9969,76.8528,76.9621,157416.0
2026-03-09 11:45:00,76.982,77.1808,76.9423,77.0019,182915.0
2026-03-09 11:50:00,76.9721,77.1311,76.9423,77.0864,139226.0
2026-03-09 11:55:00,77.0765,77.1908,77.0516,77.0914,151053.0
2026-03-09 12:00:00,77.0914,77.1709,76.9621,77.0963,154281.0
2026-03-09 12:05:00,77.0963,77.151,77.0317,77.1013,172808.0
2026-03-09 12:10:00,77.1013,77.1957,77.0019,77.1908,163462.0
2026-03-09 12:15:00,77.2007,77.2007,77.0516,77.1411,95951.0
2026-03-09 12:20:00,77.1311,77.2007,76.9721,77.1709,334215.0
2026-03-09 12:25:00,77.2007,77.4294,77.151,77.3299,187189.0
2026-03-09 12:30:00,77.325,77.3299,77.1212,77.2107,153715.0
2026-03-09 12:35:00,77.2142,77.32,77.1135,77.1311,128333.0
2026-03-09 12:40:00,77.1411,77.2802,77.1212,77.2405,197225.0
2026-03-09 12:45:00,77.2405,77.2802,77.151,77.1709,173993.0
2026-03-09 12:50:00,77.1808,77.2405,77.1212,77.1311,92557.0
2026-03-09 12:55:00,77.1212,77.1858,76.9621,76.982,144048.0
2026-03-09 13:00:00,76.992,77.0118,76.8627,76.8727,105274.0
2026-03-09 13:05:00,76.8776,76.8825,76.7534,76.8132,139957.0
2026-03-09 13:10:00,76.813,76.9323,76.7914,76.9224,140363.0
2026-03-09 13:15:00,76.9224,77.0019,76.8727,76.8826,129082.0
2026-03-09 13:20:00,76.8925,76.9224,76.813,76.8925,135642.0
2026-03-09 13:25:00,76.8826,76.9721,76.7832,76.8379,145184.0
2026-03-09 13:30:00,76.8428,76.9323,76.7236,76.7832,143619.0
2026-03-09 13:35:00,76.7832,76.8135,76.6937,76.7186,113001.0
2026-03-09 13:40:00,76.7136,76.7236,76.5396,76.6341,281454.0
2026-03-09 13:45:00,76.6341,76.7434,76.5844,76.6142,389267.0
2026-03-09 13:50:00,76.6043,76.6888,76.5546,76.6838,149323.0
2026-03-09 13:55:00,76.6788,76.7633,76.6639,76.6788,105844.0
2026-03-09 14:00:00,76.6838,76.7727,76.6541,76.7037,108195.0
2026-03-09 14:05:00,76.7037,76.823,76.6341,76.6689,191943.0
2026-03-09 14:10:00,76.6639,76.7832,76.654,76.7633,129053.0
2026-03-09 14:15:00,76.7633,76.8677,76.6937,76.8534,114732.0
2026-03-09 14:20:00,76.8727,76.9522,76.6639,76.6738,159336.0
2026-03-09 14:25:00,76.6738,76.6937,76.5794,76.6589,172106.0
2026-03-09 14:30:00,76.654,76.813,76.654,76.8031,149302.0
2026-03-09 14:35:00,76.7931,76.8826,76.7832,76.8329,89864.0
2026-03-09 14:40:00,76.8329,76.8727,76.7733,76.8329,116698.0
2026-03-09 14:45:00,76.823,76.823,76.5645,76.5794,204266.0
2026-03-09 14:50:00,76.5744,76.813,76.5695,76.7136,143159.0
2026-03-09 14:55:00,76.7086,76.7484,76.4054,76.4651,389063.0
2026-03-09 15:00:00,76.485,76.7186,76.4552,76.6888,272030.0
2026-03-09 15:05:00,76.6937,76.7832,76.6838,76.7782,120723.0
2026-03-09 15:10:00,76.7733,76.7782,76.644,76.7037,218046.0
2026-03-09 15:15:00,76.7037,77.0615,76.6589,77.0615,391194.0
2026-03-09 15:20:00,77.0516,77.6047,77.0218,77.6047,697037.0
2026-03-09 15:25:00,77.5983,77.9761,77.5586,77.9264,578162.0
2026-03-09 15:30:00,77.9363,78.4781,77.7176,78.4533,773783.0
2026-03-09 15:35:00,78.4433,78.6421,78.1898,78.534,537844.0
2026-03-09 15:40:00,78.5228,78.5228,78.1053,78.2246,418717.0
2026-03-09 15:45:00,78.2246,78.3638,78.1749,78.2743,452522.0
2026-03-09 15:50:00,78.2843,78.4433,78.1352,78.155,548479.0
2026-03-09 15:55:00,78.155,78.4582,78.1252,78.3787,1561421.0
2026-03-10 09:30:00,78.4831,78.9801,78.2644,78.8509,455818.0
2026-03-10 09:35:00,78.8608,78.9503,78.2843,78.3837,250385.0
2026-03-10 09:40:00,78.369,78.5179,77.8494,77.9512,131692.0
2026-03-10 09:45:00,77.9463,78.0556,77.7127,77.8866,241463.0
2026-03-10 09:50:00,77.8568,77.8568,77.1808,77.3399,507849.0
2026-03-10 09:55:00,77.3349,77.3697,76.992,77.2702,359218.0
2026-03-10 10:00:00,77.2107,77.8469,77.1511,77.8469,174352.0
2026-03-10 10:05:00,77.8419,78.0556,77.7127,77.7326,195589.0
2026-03-10 10:10:00,77.7077,77.9661,77.6381,77.9065,130438.0
2026-03-10 10:15:00,77.9115,78.185,77.8568,78.1501,124019.0
2026-03-10 10:20:00,78.1501,78.3837,78.1501,78.3539,780342.0
2026-03-10 10:25:00,78.3837,78.4533,78.2892,78.3588,184489.0
2026-03-10 10:30:00,78.3737,78.5974,78.3539,78.5726,161682.0
2026-03-10 10:35:00,78.5775,78.6223,78.4135,78.5328,189463.0
2026-03-10 10:40:00,78.5129,78.7913,78.493,78.6471,156344.0
2026-03-10 10:45:00,78.6486,78.7763,78.503,78.6223,231653.0
2026-03-10 10:50:00,78.6173,78.831,78.6173,78.7515,357742.0
2026-03-10 10:55:00,78.7565,78.8807,78.6571,78.7415,349163.0
2026-03-10 11:00:00,78.7316,78.831,78.6123,78.6123,217421.0
2026-03-10 11:05:00,78.6123,78.6521,78.3837,78.4433,215630.0
2026-03-10 11:10:00,78.4435,78.4731,78.3616,78.4731,118680.0
2026-03-10 11:15:00,78.493,78.6073,78.4433,78.4856,170439.0
2026-03-10 11:20:00,78.493,78.6877,78.4781,78.662,149404.0
2026-03-10 11:25:00,78.662,78.7117,78.5924,78.6521,266217.0
2026-03-10 11:30:00,78.6421,78.672,78.493,78.5228,161463.0
2026-03-10 11:35:00,78.5228,78.5924,78.4234,78.4533,122547.0
2026-03-10 11:40:00,78.4508,78.6123,78.3141,78.5775,126894.0
2026-03-10 11:45:00,78.5775,78.6108,78.2843,78.3539,89262.0
2026-03-10 11:50:00,78.3588,78.3936,78.1501,78.2544,122548.0
2026-03-10 11:55:00,78.2544,78.329,78.2148,78.2694,115708.0
2026-03-10 12:00:00,78.2694,78.324,78.2147,78.2843,101647.0
2026-03-10 12:05:00,78.2743,78.3042,78.0855,78.1352,98322.0
2026-03-10 12:10:00,78.1352,78.3539,78.1153,78.324,121628.0
2026-03-10 12:15:00,78.334,78.4401,78.2445,78.4043,112357.0
2026-03-10 12:20:00,78.4185,78.4632,78.3638,78.4433,109426.0
2026-03-10 12:25:00,78.4334,78.5129,78.2744,78.3439,112704.0
2026-03-10 12:30:00,78.3439,78.5477,78.3439,78.4632,90865.0
2026-03-10 12:35:00,78.4682,78.5427,78.4036,78.4533,81051.0
2026-03-10 12:40:00,78.4433,78.493,78.4185,78.4533,79377.0
2026-03-10 12:45:00,78.4632,78.4732,78.3042,78.3986,68776.0
2026-03-10 12:50:00,78.3936,78.5328,78.3864,78.5228,79588.0
2026-03-10 12:55:00,78.5228,78.5825,78.4036,78.4036,84057.0
2026-03-10 13:00:00,78.3936,78.5726,78.372,78.5328,62602.0
2026-03-10 13:05:00,78.5328,78.6834,78.5328,78.6421,120433.0
2026-03-10 13:10:00,78.6521,78.6849,78.5676,78.6322,102898.0
2026-03-10 13:15:00,78.6421,79.0199,78.6421,79.01,165713.0
2026-03-10 13:20:00,79.005,79.2287,78.9801,79.169,149599.0
2026-03-10 13:25:00,79.1789,79.3281,79.1789,79.2883,75116.0
2026-03-10 13:30:00,79.2883,79.3082,79.1193,79.1292,112422.0
2026-03-10 13:35:00,79.1392,79.1591,78.6123,78.672,184074.0
2026-03-10 13:40:00,78.6521,78.7465,78.5328,78.7018,264768.0
2026-03-10 13:45:00,78.7117,78.9404,78.6918,78.9105,124972.0
2026-03-10 13:50:00,78.9255,78.9304,78.831,78.841,84468.0
2026-03-10 13:55:00,78.8459,78.9205,78.8111,78.8211,103141.0
2026-03-10 14:00:00,78.8211,78.9105,78.7018,78.826,180018.0
2026-03-10 14:05:00,78.826,78.8608,78.7614,78.7813,118609.0
2026-03-10 14:10:00,78.7714,78.9006,78.2346,78.2346,192338.0
2026-03-10 14:15:00,78.2346,78.3737,78.0457,78.1451,256081.0
2026-03-10 14:20:00,78.1252,78.4234,78.0109,78.3439,195457.0
2026-03-10 14:25:00,78.3638,78.4856,78.3439,78.3638,111734.0
2026-03-10 14:30:00,78.3688,78.6123,78.3141,78.493,96898.0
2026-03-10 14:35:00,78.493,78.5825,78.3141,78.334,200389.0
2026-03-10 14:40:00,78.3737,78.4135,78.2445,78.3042,93479.0
2026-03-10 14:45:00,78.2843,78.4334,78.2644,78.3837,70064.0
2026-03-10 14:50:00,78.3737,78.503,78.3042,78.3936,94150.0
2026-03-10 14:55:00,78.3936,78.4284,78.2743,78.4085,87925.0
2026-03-10 15:00:00,78.4234,78.5626,78.4036,78.4036,92565.0
2026-03-10 15:05:00,78.3936,78.4334,78.2992,78.324,106391.0
2026-03-10 15:10:00,78.3191,78.3539,78.1849,78.2694,127461.0
2026-03-10 15:15:00,78.2843,78.3638,78.2296,78.324,99622.0
2026-03-10 15:20:00,78.3141,78.3389,78.0954,78.2445,134138.0
2026-03-10 15:25:00,78.2445,78.2445,78.0556,78.0656,130076.0
2026-03-10 15:30:00,78.0855,78.0954,77.9796,78.0357,300940.0
2026-03-10 15:35:00,78.0258,78.1103,77.986,78.0954,170931.0
2026-03-10 15:40:00,78.0855,78.2147,77.986,78.1202,208449.0
2026-03-10 15:45:00,78.1153,78.1848,77.9662,78.0357,174141.0
2026-03-10 15:50:00,78.0357,78.0656,77.9165,77.996,356068.0
2026-03-10 15:55:00,77.996,78.0556,77.7972,77.8568,1060784.0
2026-03-11 09:30:00,77.5884,77.7673,76.9721,76.9721,597359.0
2026-03-11 09:35:00,76.9025,77.2653,76.8528,77.1032,342780.0
2026-03-11 09:40:00,77.0914,77.1411,76.6142,76.7434,280813.0
2026-03-11 09:45:00,76.7236,76.9025,76.654,76.7335,184968.0
2026-03-11 09:50:00,76.7236,77.0814,76.5347,76.7981,194699.0
2026-03-11 09:55:00,76.7981,76.9522,76.7434,76.7534,93611.0
2026-03-11 10:00:00,76.7434,77.2703,76.6142,76.6142,210051.0
2026-03-11 10:05:00,76.6241,76.8727,76.5943,76.8578,175027.0
2026-03-11 10:10:00,76.823,76.8329,76.3746,76.5297,161181.0
2026-03-11 10:15:00,76.5297,76.6937,76.3458,76.5198,217474.0
2026-03-11 10:20:00,76.5198,76.5337,76.1769,76.1967,205086.0
2026-03-11 10:25:00,76.1867,76.3458,76.0824,76.1569,179730.0
2026-03-11 10:30:00,76.1552,76.4005,76.0973,76.2563,359336.0
2026-03-11 10:35:00,76.2464,76.5943,76.2464,76.48,276334.0
2026-03-11 10:40:00,76.48,76.7086,76.4154,76.7038,150257.0
2026-03-11 10:45:00,76.7037,76.8329,76.6639,76.8081,150655.0
2026-03-11 10:50:00,76.8081,76.8727,76.7583,76.7931,123892.0
2026-03-11 10:55:00,76.7882,76.9423,76.6937,76.9423,109893.0
2026-03-11 11:00:00,76.9423,77.0715,76.5347,76.6937,140856.0
2026-03-11 11:05:00,76.6888,76.6937,76.4651,76.6599,140876.0
2026-03-11 11:10:00,76.654,76.6738,76.3259,76.3359,152363.0
2026-03-11 11:15:00,76.3359,76.4253,76.2215,76.3955,76928.0
2026-03-11 11:20:00,76.4005,76.5645,76.3259,76.4502,251264.0
2026-03-11 11:25:00,76.4452,76.5446,76.3408,76.3408,120416.0
2026-03-11 11:30:00,76.3408,76.3955,76.147,76.3259,176825.0
2026-03-11 11:35:00,76.306,76.3657,76.2265,76.2389,104419.0
2026-03-11 11:40:00,76.2365,76.3259,76.2066,76.2066,110003.0
2026-03-11 11:45:00,76.1967,76.2812,76.0476,76.0973,157660.0
2026-03-11 11:50:00,76.0973,76.306,76.0675,76.306,92525.0
2026-03-11 11:55:00,76.3398,76.3398,76.1221,76.2315,76616.0
2026-03-11 12:00:00,76.2315,76.4154,76.1967,76.2762,224707.0
2026-03-11 12:05:00,76.2762,76.4552,76.1669,76.1768,90166.0
2026-03-11 12:10:00,76.1768,76.2563,76.0973,76.2166,172917.0
2026-03-11 12:15:00,76.2066,76.306,76.1072,76.2066,158685.0
2026-03-11 12:20:00,76.2066,76.2613,76.1221,76.1867,87935.0
2026-03-11 12:25:00,76.1768,76.2663,76.137,76.2414,104276.0
2026-03-11 12:30:00,76.2415,76.4353,76.2315,76.4104,167328.0
2026-03-11 12:35:00,76.4104,76.4451,76.3359,76.4353,79891.0
2026-03-11 12:40:00,76.4452,76.6142,76.4204,76.5347,129732.0
2026-03-11 12:45:00,76.5645,76.6043,76.4552,76.5446,69483.0
2026-03-11 12:50:00,76.5396,76.6639,76.5347,76.6639,52129.0
2026-03-11 12:55:00,76.6589,76.6838,76.5446,76.6738,64029.0
2026-03-11 13:00:00,76.6738,76.6738,76.5347,76.5347,67042.0
2026-03-11 13:05:00,76.5247,76.6589,76.5247,76.5744,57739.0
2026-03-11 13:10:00,76.5744,76.6937,76.5198,76.6048,79723.0
2026-03-11 13:15:00,76.6043,76.7037,76.5844,76.644,66234.0
2026-03-11 13:20:00,76.654,76.8329,76.654,76.8329,81025.0
2026-03-11 13:25:00,76.8279,77.0019,76.8279,76.9373,55319.0
2026-03-11 13:30:00,76.9373,76.9621,76.7832,76.823,110331.0
2026-03-11 13:35:00,76.8279,76.8428,76.4552,76.5943,120899.0
2026-03-11 13:40:00,76.5943,76.6738,76.4552,76.5446,77129.0
2026-03-11 13:45:00,76.5396,76.6341,76.306,76.3757,91716.0
2026-03-11 13:50:00,76.3955,76.6838,76.3856,76.6241,131437.0
2026-03-11 13:55:00,76.6043,76.6122,76.3458,76.4353,214711.0
2026-03-11 14:00:00,76.4253,76.5347,76.3458,76.4204,117238.0
2026-03-11 14:05:00,76.4253,76.4552,76.2365,76.2961,109567.0
2026-03-11 14:10:00,76.2812,76.4154,76.241,76.4154,66150.0
2026-03-11 14:15:00,76.4154,76.6117,76.4154,76.5993,132955.0
2026-03-11 14:20:00,76.5943,76.6689,76.3806,76.4402,91132.0
2026-03-11 14:25:00,76.4452,76.6838,76.4154,76.644,80196.0
2026-03-11 14:30:00,76.6341,76.7236,76.6021,76.7236,95161.0
2026-03-11 14:35:00,76.7236,76.7335,76.5049,76.5098,118990.0
2026-03-11 14:40:00,76.5098,76.649,76.475,76.644,77458.0
2026-03-11 14:45:00,76.6341,76.6738,76.5446,76.5645,76630.0
2026-03-11 14:50:00,76.5645,76.7534,76.5645,76.649,117341.0
2026-03-11 14:55:00,76.654,76.6639,76.4353,76.475,151244.0
2026-03-11 15:00:00,76.4651,76.475,76.2862,76.3756,220309.0
2026-03-11 15:05:00,76.3756,76.3955,76.306,76.316,266182.0
2026-03-11 15:10:00,76.306,76.4016,76.306,76.3359,151651.0
2026-03-11 15:15:00,76.3259,76.5247,76.3259,76.4651,98187.0
2026-03-11 15:20:00,76.4552,76.4899,76.4054,76.485,123449.0
2026-03-11 15:25:00,76.475,76.5347,76.3163,76.3707,112954.0
2026-03-11 15:30:00,76.3756,76.5446,76.3756,76.5148,167006.0
2026-03-11 15:35:00,76.5148,76.5446,76.4452,76.5396,139796.0
2026-03-11 15:40:00,76.5347,76.644,76.4949,76.6291,147454.0
2026-03-11 15:45:00,76.6241,76.6391,76.4104,76.4452,264061.0
2026-03-11 15:50:00,76.4552,76.5247,76.306,76.4651,448315.0
2026-03-11 15:55:00,76.4651,76.5347,76.3011,76.4054,1268519.0
2026-03-12 09:30:00,75.0286,75.0535,74.4471,74.6062,639964.0
2026-03-12 09:35:00,74.5763,75.0535,74.4322,75.0237,250957.0
2026-03-12 09:40:00,75.0237,75.0933,74.7056,74.7056,239012.0
2026-03-12 09:45:00,74.6757,74.9044,74.5366,74.8944,282923.0
2026-03-12 09:50:00,74.8944,75.0037,74.2035,74.2334,409711.0
2026-03-12 09:55:00,74.2284,74.5167,74.2085,74.3974,269827.0
2026-03-12 10:00:00,74.4073,74.9541,74.3875,74.8099,296404.0
2026-03-12 10:05:00,74.805,74.8994,74.4272,74.805,331063.0
2026-03-12 10:10:00,74.805,74.8547,74.6559,74.7553,224216.0
2026-03-12 10:15:00,74.7354,74.8497,74.5117,74.5316,287239.0
2026-03-12 10:20:00,74.5366,74.5366,74.2632,74.3875,242496.0
2026-03-12 10:25:00,74.3775,74.5763,74.3079,74.3179,165892.0
2026-03-12 10:30:00,74.3179,74.4372,74.2433,74.3924,163330.0
2026-03-12 10:35:00,74.3974,74.6658,74.3876,74.6062,163433.0
2026-03-12 10:40:00,74.6161,74.8248,74.477,74.7901,123920.0
2026-03-12 10:45:00,74.795,75.0734,74.7751,74.8646,227528.0
2026-03-12 10:50:00,74.8547,74.8646,74.5763,74.7702,137615.0
2026-03-12 10:55:00,74.7751,74.9243,74.7602,74.8746,219426.0
2026-03-12 11:00:00,74.8646,74.8845,74.5564,74.6062,153137.0
2026-03-12 11:05:00,74.5962,74.6509,74.5067,74.5366,175738.0
2026-03-12 11:10:00,74.5167,74.6062,74.467,74.5763,153085.0
2026-03-12 11:15:00,74.5763,74.6111,74.4272,74.5366,162777.0
2026-03-12 11:20:00,74.5266,74.5863,74.3079,74.5664,241659.0
2026-03-12 11:25:00,74.5664,74.6956,74.5167,74.5904,333256.0
2026-03-12 11:30:00,74.5863,74.6559,74.5217,74.631,217588.0
2026-03-12 11:35:00,74.626,74.8199,74.5217,74.8199,430370.0
2026-03-12 11:40:00,74.8149,74.9938,74.6459,74.8994,381945.0
2026-03-12 11:45:00,74.9044,74.9044,74.5863,74.6757,204839.0
2026-03-12 11:50:00,74.6807,74.8484,74.636,74.8447,147483.0
2026-03-12 11:55:00,74.8348,74.8696,74.6956,74.7851,117792.0
2026-03-12 12:00:00,74.7901,74.8845,74.7056,74.8,124526.0
2026-03-12 12:05:00,74.8,74.8348,74.3974,74.4869,165432.0
2026-03-12 12:10:00,74.4869,74.7851,74.4272,74.7056,211877.0
2026-03-12 12:15:00,74.7056,74.8845,74.6161,74.805,191367.0
2026-03-12 12:20:00,74.8099,75.0833,74.805,74.805,169416.0
2026-03-12 12:25:00,74.805,74.8447,74.5168,74.5962,148609.0
2026-03-12 12:30:00,74.6062,74.6956,74.4719,74.6111,168103.0
2026-03-12 12:35:00,74.6161,74.8149,74.5962,74.7155,145446.0
2026-03-12 12:40:00,74.7254,74.7901,74.6559,74.7751,130913.0
2026-03-12 12:45:00,74.7652,74.805,74.5167,74.5912,130483.0
2026-03-12 12:50:00,74.5863,74.7056,74.5465,74.6807,163783.0
2026-03-12 12:55:00,74.6807,74.6857,74.3775,74.6161,252435.0
2026-03-12 13:00:00,74.6062,74.6559,74.4819,74.636,132567.0
2026-03-12 13:05:00,74.637,74.7503,74.5266,74.5465,137335.0
2026-03-12 13:10:00,74.5465,74.7155,74.5067,74.5465,131179.0
2026-03-12 13:15:00,74.5366,74.6459,74.5167,74.5266,136569.0
2026-03-12 13:20:00,74.5266,74.7355,74.5167,74.6857,174108.0
2026-03-12 13:25:00,74.6857,74.7503,74.467,74.5067,319109.0
2026-03-12 13:30:00,74.5067,74.6211,74.4421,74.5167,225793.0
2026-03-12 13:35:00,74.5067,74.5912,74.4918,74.5664,165782.0
2026-03-12 13:40:00,74.5714,74.626,74.3477,74.4394,233998.0
2026-03-12 13:45:00,74.4421,74.4421,74.2831,74.3377,184962.0
2026-03-12 13:50:00,74.3429,74.4769,74.3328,74.3328,209589.0
2026-03-12 13:55:00,74.3328,74.4769,74.2682,74.4242,186797.0
2026-03-12 14:00:00,74.4173,74.4869,74.3079,74.457,267590.0
2026-03-12 14:05:00,74.457,74.5664,74.4272,74.4819,155548.0
2026-03-12 14:10:00,74.4769,74.6708,74.4769,74.6658,221189.0
2026-03-12 14:15:00,74.6757,74.7105,74.3875,74.4272,190652.0
2026-03-12 14:20:00,74.4173,74.5167,74.3676,74.457,155678.0
2026-03-12 14:25:00,74.4521,74.5763,74.4372,74.5714,168234.0
2026-03-12 14:30:00,74.5664,74.5962,74.5117,74.5465,191395.0
2026-03-12 14:35:00,74.5415,74.5763,74.4819,74.5743,204597.0
2026-03-12 14:40:00,74.5763,74.5863,74.4719,74.5614,138028.0
2026-03-12 14:45:00,74.5664,74.6062,74.4471,74.4719,151647.0
2026-03-12 14:50:00,74.4769,74.5763,74.4123,74.4719,147686.0
2026-03-12 14:55:00,74.4769,74.5167,74.4173,74.467,140223.0
2026-03-12 15:00:00,74.4769,74.5763,74.3706,74.462,231174.0
2026-03-12 15:05:00,74.457,74.5746,74.4421,74.5664,182328.0
2026-03-12 15:10:00,74.5664,74.6906,74.5217,74.6807,319167.0
2026-03-12 15:15:00,74.6757,74.6956,74.5714,74.6012,166087.0
2026-03-12 15:20:00,74.5962,74.7491,74.5763,74.636,177279.0
2026-03-12 15:25:00,74.6459,74.7155,74.5962,74.626,284251.0
2026-03-12 15:30:00,74.636,74.6757,74.5217,74.5564,382681.0
2026-03-12 15:35:00,74.5614,74.5863,74.4372,74.4918,352113.0
2026-03-12 15:40:00,74.4869,74.5465,74.4123,74.5117,302895.0
2026-03-12 15:45:00,74.5067,74.5564,74.4222,74.5515,429879.0
2026-03-12 15:50:00,74.5549,74.6409,74.462,74.5664,629984.0
2026-03-12 15:55:00,74.5763,74.9143,74.467,74.805,2383240.0
2026-03-13 09:30:00,75.2026,75.471,74.9839,75.4462,385321.0
2026-03-13 09:35:00,75.4462,75.6499,75.2822,75.6301,197160.0
2026-03-13 09:40:00,75.6599,75.7593,75.4909,75.6499,193550.0
2026-03-13 09:45:00,75.64,75.64,75.2324,75.307,209316.0
2026-03-13 09:50:00,75.312,75.3815,75.0038,75.1231,180515.0
2026-03-13 09:55:00,75.133,75.1628,74.9243,75.0336,273686.0
2026-03-13 10:00:00,75.0237,75.1827,74.9243,75.0238,166956.0
2026-03-13 10:05:00,75.0534,75.0982,74.9044,75.0833,193812.0
2026-03-13 10:10:00,75.0923,75.2424,75.0535,75.133,140017.0
2026-03-13 10:15:00,75.133,75.1728,74.9839,75.1032,132426.0
2026-03-13 10:20:00,75.1131,75.2523,75.0833,75.2523,92330.0
2026-03-13 10:25:00,75.2226,75.302,75.143,75.2772,121763.0
2026-03-13 10:30:00,75.2672,75.6301,75.2672,75.6002,155806.0
2026-03-13 10:35:00,75.5903,75.6258,75.3517,75.476,114310.0
2026-03-13 10:40:00,75.476,75.4959,75.1927,75.302,107269.0
2026-03-13 10:45:00,75.2921,75.3219,75.1231,75.302,92726.0
2026-03-13 10:50:00,75.302,75.5058,75.2523,75.5058,85136.0
2026-03-13 10:55:00,75.5008,75.5356,75.3517,75.4462,139137.0
2026-03-13 11:00:00,75.4611,75.5008,75.2026,75.2424,139595.0
2026-03-13 11:05:00,75.2523,75.3716,75.2125,75.3716,107450.0
2026-03-13 11:10:00,75.3815,75.4909,75.302,75.4511,196673.0
2026-03-13 11:15:00,75.4611,75.4809,75.3517,75.3517,78348.0
2026-03-13 11:20:00,75.3567,75.4014,75.1927,75.1927,176831.0
2026-03-13 11:25:00,75.1927,75.2225,75.1131,75.1628,70260.0
2026-03-13 11:30:00,75.1529,75.2424,75.0435,75.2225,131036.0
2026-03-13 11:35:00,75.2225,75.2225,75.0435,75.1479,57603.0
2026-03-13 11:40:00,75.1529,75.1728,75.0237,75.1547,87663.0
2026-03-13 11:45:00,75.1615,75.4412,75.0783,75.3567,104700.0
2026-03-13 11:50:00,75.3567,75.4114,75.2622,75.312,61819.0
2026-03-13 11:55:00,75.3318,75.3418,75.1927,75.2821,73082.0
2026-03-13 12:00:00,75.2722,75.3567,75.1529,75.1827,63684.0
2026-03-13 12:05:00,75.1827,75.2523,75.1287,75.1678,77288.0
2026-03-13 12:10:00,75.1678,75.2523,75.0535,75.1032,73106.0
2026-03-13 12:15:00,75.1032,75.133,75.0038,75.0725,68066.0
2026-03-13 12:20:00,75.0833,75.1827,75.0386,75.1032,90731.0
2026-03-13 12:25:00,75.1131,75.1628,75.0634,75.0833,62739.0
2026-03-13 12:30:00,75.0783,75.133,74.8746,74.8845,113107.0
2026-03-13 12:35:00,74.8895,75.0634,74.8845,74.9148,68350.0
2026-03-13 12:40:00,74.9143,75.0137,74.8547,74.8646,76988.0
2026-03-13 12:45:00,74.8746,74.8845,74.7354,74.8447,75279.0
2026-03-13 12:50:00,74.8248,74.9143,74.8149,74.8547,77581.0
2026-03-13 12:55:00,74.8547,74.9143,74.6459,74.6956,124474.0
2026-03-13 13:00:00,74.6956,74.7652,74.6608,74.6757,72252.0
2026-03-13 13:05:00,74.6658,74.7503,74.6111,74.7056,127889.0
2026-03-13 13:10:00,74.7056,74.7901,74.5664,74.7901,83511.0
2026-03-13 13:15:00,74.7901,74.8447,74.7155,74.7803,133481.0
2026-03-13 13:20:00,74.7751,74.7851,74.5266,74.636,131820.0
2026-03-13 13:25:00,74.6459,74.6556,74.5316,74.6062,163308.0
2026-03-13 13:30:00,74.6161,74.6459,74.3974,74.4272,113936.0
2026-03-13 13:35:00,74.4372,74.5664,74.3825,74.5366,167379.0
2026-03-13 13:40:00,74.5366,74.5366,74.3974,74.5266,125071.0
2026-03-13 13:45:00,74.5167,74.5465,74.2781,74.288,99236.0
2026-03-13 13:50:00,74.2831,74.3676,74.1886,74.3079,135487.0
2026-03-13 13:55:00,74.288,74.3477,74.2632,74.2682,108465.0
2026-03-13 14:00:00,74.2781,74.3676,74.2185,74.3576,120864.0
2026-03-13 14:05:00,74.3477,74.3477,74.2284,74.293,92463.0
2026-03-13 14:10:00,74.298,74.3576,74.2383,74.3079,108841.0
2026-03-13 14:15:00,74.2986,74.3265,74.2185,74.2383,115168.0
2026-03-13 14:20:00,74.2383,74.3377,74.2234,74.3278,117006.0
2026-03-13 14:25:00,74.3179,74.3477,74.2383,74.298,109476.0
2026-03-13 14:30:00,74.298,74.4272,74.2483,74.4073,104432.0
2026-03-13 14:35:00,74.3974,74.5067,74.3328,74.3775,82506.0
2026-03-13 14:40:00,74.3676,74.4272,74.3427,74.4272,75071.0
2026-03-13 14:45:00,74.4272,74.4471,74.3626,74.3676,105337.0
2026-03-13 14:50:00,74.3676,74.4073,74.2582,74.3576,110992.0
2026-03-13 14:55:00,74.3477,74.3477,74.2284,74.298,119875.0
2026-03-13 15:00:00,74.298,74.3377,74.2533,74.303,112338.0
2026-03-13 15:05:00,74.298,74.3476,74.2533,74.3278,104860.0
2026-03-13 15:10:00,74.3278,74.3872,74.2682,74.3079,137156.0
2026-03-13 15:15:00,74.3079,74.3716,74.2383,74.2483,180847.0
2026-03-13 15:20:00,74.2483,74.2483,74.0743,74.119,176500.0
2026-03-13 15:25:00,74.119,74.119,73.7711,73.8308,322972.0
2026-03-13 15:30:00,73.8308,73.9699,73.8208,73.96,290915.0
2026-03-13 15:35:00,73.96,73.9699,73.8506,73.8705,258669.0
2026-03-13 15:40:00,73.8606,73.9003,73.7214,73.8009,231261.0
2026-03-13 15:45:00,73.8009,73.8208,73.622,73.6319,263301.0
2026-03-13 15:50:00,73.6319,73.7314,73.5922,73.6568,484178.0
2026-03-13 15:55:00,73.6618,73.8606,73.6021,73.6717,1568799.0
2026-03-16 09:30:00,74.3875,74.4968,73.9302,74.2731,750777.0
2026-03-16 09:35:00,74.2284,74.6459,74.1191,74.6409,266938.0
2026-03-16 09:40:00,74.6559,74.9342,74.5863,74.9193,214604.0
2026-03-16 09:45:00,74.9143,75.1728,74.8398,74.9839,255060.0
2026-03-16 09:50:00,75.0187,75.1032,74.7354,74.8199,201494.0
2026-03-16 09:55:00,74.8248,75.1927,74.8248,75.1628,177875.0
2026-03-16 10:00:00,75.1579,75.2026,74.964,75.1628,174282.0
2026-03-16 10:05:00,75.1628,75.3269,75.1231,75.2523,141170.0
2026-03-16 10:10:00,75.2424,75.4014,75.0237,75.2225,178420.0
2026-03-16 10:15:00,75.2225,75.2722,75.0435,75.0634,201094.0
2026-03-16 10:20:00,75.0684,75.143,74.9591,75.0038,182574.0
2026-03-16 10:25:00,74.9988,75.0505,74.9044,74.9243,115730.0
2026-03-16 10:30:00,74.9243,74.9541,74.6658,74.7155,156091.0
2026-03-16 10:35:00,74.7254,74.8746,74.6509,74.6742,207926.0
2026-03-16 10:40:00,74.6559,74.6757,74.4769,74.5067,105062.0
2026-03-16 10:45:00,74.5167,74.6747,74.4968,74.6161,107068.0
2026-03-16 10:50:00,74.6062,75.0336,74.5813,75.0336,92940.0
2026-03-16 10:55:00,75.0386,75.2424,74.9938,75.2424,132694.0
2026-03-16 11:00:00,75.2374,75.2419,75.0187,75.0535,132365.0
2026-03-16 11:05:00,75.0435,75.0853,74.9988,75.0038,128791.0
2026-03-16 11:10:00,75.0038,75.0535,74.8248,74.984,95910.0
2026-03-16 11:15:00,74.9839,75.0336,74.8944,74.9938,93831.0
2026-03-16 11:20:00,75.0038,75.1628,74.9839,75.1131,75962.0
2026-03-16 11:25:00,75.1032,75.2115,75.0734,75.1877,138296.0
2026-03-16 11:30:00,75.1827,75.3318,75.1628,75.3318,153017.0
2026-03-16 11:35:00,75.3318,75.4412,75.3318,75.3815,118597.0
2026-03-16 11:40:00,75.3716,75.3865,75.2722,75.3219,102053.0
2026-03-16 11:45:00,75.3219,75.4014,75.2921,75.3666,140460.0
2026-03-16 11:50:00,75.3716,75.3716,75.1529,75.2473,171615.0
2026-03-16 11:55:00,75.2473,75.3666,75.2374,75.3219,335835.0
2026-03-16 12:00:00,75.312,75.3418,75.1131,75.1131,168298.0
2026-03-16 12:05:00,75.1032,75.3169,75.0933,75.2871,106557.0
2026-03-16 12:10:00,75.2921,75.4114,75.1728,75.312,212048.0
2026-03-16 12:15:00,75.302,75.3517,75.2225,75.2622,304042.0
2026-03-16 12:20:00,75.2722,75.312,74.8845,74.8944,140445.0
2026-03-16 12:25:00,74.8845,74.8845,74.6857,74.7354,137758.0
2026-03-16 12:30:00,74.7254,74.9143,74.6509,74.8845,229007.0
2026-03-16 12:35:00,74.8944,75.0227,74.8348,75.0187,317946.0
2026-03-16 12:40:00,75.0187,75.0933,74.974,75.0336,114167.0
2026-03-16 12:45:00,75.0386,75.0833,74.9392,75.0137,71480.0
2026-03-16 12:50:00,74.9938,75.0485,74.9292,74.9441,76128.0
2026-03-16 12:55:00,74.9441,74.9958,74.8447,74.8809,84336.0
2026-03-16 13:00:00,74.8795,75.0485,74.8705,74.9243,144589.0
2026-03-16 13:05:00,74.9243,75.0038,74.8398,74.8845,160509.0
2026-03-16 13:10:00,74.8845,75.0435,74.8845,74.969,90000.0
2026-03-16 13:15:00,74.974,74.974,74.8547,74.9143,61674.0
2026-03-16 13:20:00,74.9044,74.9839,74.8944,74.9093,124755.0
2026-03-16 13:25:00,74.9195,74.9195,74.7454,74.7751,112394.0
2026-03-16 13:30:00,74.7751,74.805,74.4372,74.5067,302902.0
2026-03-16 13:35:00,74.5167,74.6559,74.4968,74.631,137343.0
2026-03-16 13:40:00,74.631,74.7354,74.5714,74.6857,193752.0
2026-03-16 13:45:00,74.6857,74.7851,74.6161,74.6326,112288.0
2026-03-16 13:50:00,74.626,74.7056,74.5564,74.6559,133028.0
2026-03-16 13:55:00,74.6459,74.7652,74.626,74.7354,127996.0
2026-03-16 14:00:00,74.7354,74.8547,74.7006,74.8348,166651.0
2026-03-16 14:05:00,74.8348,74.9342,74.795,74.8795,136903.0
2026-03-16 14:10:00,74.8746,74.964,74.8149,74.964,130968.0
2026-03-16 14:15:00,74.964,75.0435,74.9392,75.0038,114594.0
2026-03-16 14:20:00,75.0137,75.1579,75.0038,75.1082,158186.0
2026-03-16 14:25:00,75.1082,75.1131,74.9044,74.974,169200.0
2026-03-16 14:30:00,74.969,75.0634,74.9591,75.0336,172690.0
2026-03-16 14:35:00,75.0435,75.1519,75.0137,75.0833,119393.0
2026-03-16 14:40:00,75.0933,75.133,75.0585,75.133,141609.0
2026-03-16 14:45:00,75.1326,75.1628,75.0783,75.0783,109258.0
2026-03-16 14:50:00,75.0734,75.1221,75.0286,75.0634,115857.0
2026-03-16 14:55:00,75.0535,75.1032,74.969,75.0933,203482.0
2026-03-16 15:00:00,75.0982,75.142,75.0535,75.0933,130505.0
2026-03-16 15:05:00,75.0933,75.312,75.0793,75.312,148548.0
2026-03-16 15:10:00,75.3184,75.3815,75.1131,75.1927,163656.0
2026-03-16 15:15:00,75.1827,75.2622,75.1529,75.1628,136323.0
2026-03-16 15:20:00,75.1579,75.3308,75.1529,75.1628,204014.0
2026-03-16 15:25:00,75.1628,75.1953,75.0982,75.1728,152226.0
2026-03-16 15:30:00,75.1628,75.2424,75.143,75.1778,249709.0
2026-03-16 15:35:00,75.1728,75.2424,75.128,75.1728,198530.0
2026-03-16 15:40:00,75.1778,75.1817,74.9591,75.0237,292041.0
2026-03-16 15:45:00,75.0237,75.1579,74.9541,75.1529,296257.0
2026-03-16 15:50:00,75.1628,75.1976,75.0634,75.1231,544784.0
2026-03-16 15:55:00,75.1231,75.3517,75.1181,75.2921,1386577.0
2026-03-17 09:30:00,76.0476,76.7136,76.0476,76.2733,255370.0
2026-03-17 09:35:00,76.2464,76.6142,76.1669,76.2474,583074.0
2026-03-17 09:40:00,76.2464,76.4253,75.9482,75.9482,410027.0
2026-03-17 09:45:00,75.9581,76.1917,75.9283,76.0824,321041.0
2026-03-17 09:50:00,76.0873,76.4552,76.0277,76.2464,278899.0
2026-03-17 09:55:00,76.2464,76.5148,76.2464,76.3359,205619.0
2026-03-17 10:00:00,76.3259,76.3259,76.0575,76.0774,218334.0
2026-03-17 10:05:00,76.0774,76.3011,76.0575,76.1967,141869.0
2026-03-17 10:10:00,76.2066,76.2215,76.0078,76.0078,259865.0
2026-03-17 10:15:00,75.9979,76.0128,75.8289,75.8885,109921.0
2026-03-17 10:20:00,75.8885,76.0277,75.809,75.809,125584.0
2026-03-17 10:25:00,75.8289,75.9482,75.7096,75.9283,136298.0
2026-03-17 10:30:00,75.9183,75.9183,75.6499,75.7891,120752.0
2026-03-17 10:35:00,75.789,75.7991,75.5704,75.6499,82497.0
2026-03-17 10:40:00,75.6798,75.8277,75.6301,75.8189,79560.0
2026-03-17 10:45:00,75.8289,75.9581,75.804,75.9283,88031.0
2026-03-17 10:50:00,75.9382,76.0575,75.8985,75.968,122148.0
2026-03-17 10:55:00,75.9879,75.9879,75.7991,75.8488,128199.0
2026-03-17 11:00:00,75.8388,75.8686,75.7394,75.7692,127820.0
2026-03-17 11:05:00,75.7692,75.7692,75.6479,75.6698,75571.0
2026-03-17 11:10:00,75.6798,75.7792,75.6499,75.6897,78106.0
2026-03-17 11:15:00,75.6996,75.7543,75.5654,75.5804,88883.0
2026-03-17 11:20:00,75.5804,75.64,75.4909,75.5108,70560.0
2026-03-17 11:25:00,75.5157,75.6301,75.466,75.5108,71701.0
2026-03-17 11:30:00,75.5157,75.6201,75.471,75.476,64780.0
2026-03-17 11:35:00,75.476,75.5456,75.3716,75.4511,62306.0
2026-03-17 11:40:00,75.4511,75.5307,75.4213,75.5108,57454.0
2026-03-17 11:45:00,75.5008,75.5704,75.4312,75.4909,66068.0
2026-03-17 11:50:00,75.5008,75.6102,75.4909,75.6002,83974.0
2026-03-17 11:55:00,75.6102,75.6856,75.5505,75.6102,69121.0
2026-03-17 12:00:00,75.6201,75.7692,75.6102,75.6698,169268.0
2026-03-17 12:05:00,75.6897,75.7593,75.6301,75.7096,99333.0
2026-03-17 12:10:00,75.7125,75.809,75.6996,75.7891,77428.0
2026-03-17 12:15:00,75.7792,75.8587,75.6847,75.7493,104304.0
2026-03-17 12:20:00,75.7493,75.8239,75.6996,75.7891,123547.0
2026-03-17 12:25:00,75.7792,75.7941,75.6599,75.7344,84056.0
2026-03-17 12:30:00,75.7394,75.7742,75.6201,75.7692,86694.0
2026-03-17 12:35:00,75.7792,75.8587,75.7344,75.7891,80603.0
2026-03-17 12:40:00,75.7991,75.8488,75.7245,75.8488,127224.0
2026-03-17 12:45:00,75.8587,76.137,75.8289,76.0277,528519.0
2026-03-17 12:50:00,76.0376,76.0973,75.9979,76.0675,164077.0
2026-03-17 12:55:00,76.0774,76.137,75.9681,75.9879,184615.0
2026-03-17 13:00:00,75.983,76.1669,75.983,76.1619,194267.0
2026-03-17 13:05:00,76.1569,76.1669,76.0973,76.1221,177695.0
2026-03-17 13:10:00,76.1271,76.1661,76.0625,76.1569,138020.0
2026-03-17 13:15:00,76.1669,76.1669,76.0774,76.1072,101205.0
2026-03-17 13:20:00,76.1172,76.1818,76.0824,76.1271,72517.0
2026-03-17 13:25:00,76.1172,76.2066,76.1072,76.1619,87380.0
2026-03-17 13:30:00,76.1569,76.1768,76.0675,76.0824,85952.0
2026-03-17 13:35:00,76.0824,76.2762,76.0824,76.255,81648.0
2026-03-17 13:40:00,76.2494,76.2762,76.142,76.2066,81523.0
2026-03-17 13:45:00,76.2166,76.2166,76.0923,76.1669,72403.0
2026-03-17 13:50:00,76.1619,76.1818,76.0575,76.0873,139849.0
2026-03-17 13:55:00,76.0873,76.0873,76.0178,76.0426,104458.0
2026-03-17 14:00:00,76.0476,76.1172,75.8786,75.8985,142410.0
2026-03-17 14:05:00,75.9183,76.0575,75.9034,76.0525,97569.0
2026-03-17 14:10:00,76.0525,76.0525,75.968,76.0178,85469.0
2026-03-17 14:15:00,76.0128,76.0525,75.972,76.0277,111132.0
2026-03-17 14:20:00,76.0277,76.0277,75.8736,75.8736,78209.0
2026-03-17 14:25:00,75.8736,75.9084,75.7295,75.7295,136622.0
2026-03-17 14:30:00,75.7394,75.8587,75.7096,75.7792,163082.0
2026-03-17 14:35:00,75.7792,76.0178,75.7757,75.968,139019.0
2026-03-17 14:40:00,75.9631,75.9879,75.9382,75.983,69518.0
2026-03-17 14:45:00,75.983,76.0575,75.9183,75.9979,138246.0
2026-03-17 14:50:00,76.0028,76.0277,75.978,76.0028,67155.0
2026-03-17 14:55:00,75.9979,75.9979,75.9333,75.9432,139632.0
2026-03-17 15:00:00,75.9432,76.0277,75.9034,75.9581,82958.0
2026-03-17 15:05:00,75.9631,76.0277,75.9482,76.0227,96932.0
2026-03-17 15:10:00,76.0277,76.1221,76.0227,76.1022,76565.0
2026-03-17 15:15:00,76.1022,76.137,76.0675,76.1122,103248.0
2026-03-17 15:20:00,76.1122,76.1569,76.0873,76.0973,107611.0
2026-03-17 15:25:00,76.0973,76.1072,76.0128,76.0575,383859.0
2026-03-17 15:30:00,76.0625,76.0675,75.9283,75.973,153133.0
2026-03-17 15:35:00,75.978,76.0724,75.9391,76.0178,206206.0
2026-03-17 15:40:00,76.0178,76.0836,76.0178,76.0476,149200.0
2026-03-17 15:45:00,76.0575,76.1967,76.0426,76.1669,330543.0
2026-03-17 15:50:00,76.1669,76.1669,75.8985,75.9233,379010.0
2026-03-17 15:55:00,75.9233,75.9581,75.6748,75.809,1100951.0
2026-03-18 09:30:00,75.3617,75.9382,75.3617,75.6301,325190.0
2026-03-18 09:35:00,75.635,75.6698,75.3815,75.5605,167221.0
2026-03-18 09:40:00,75.563,75.6599,75.4412,75.5307,166088.0
2026-03-18 09:45:00,75.5008,75.8985,75.4859,75.8537,332723.0
2026-03-18 09:50:00,75.8587,76.4253,75.8388,76.4104,158794.0
2026-03-18 09:55:00,76.4154,76.4353,76.137,76.3359,184916.0
2026-03-18 10:00:00,76.3458,76.3458,75.968,76.0675,196222.0
2026-03-18 10:05:00,76.0675,76.0972,75.9283,75.9482,122952.0
2026-03-18 10:10:00,75.9283,75.9283,75.5903,75.6499,89702.0
2026-03-18 10:15:00,75.6599,75.8885,75.6261,75.8786,95759.0
2026-03-18 10:20:00,75.8786,76.0774,75.8488,75.978,77294.0
2026-03-18 10:25:00,75.9879,76.0376,75.7991,75.8587,90016.0
2026-03-18 10:30:00,75.8686,76.0078,75.8587,75.8587,63052.0
2026-03-18 10:35:00,75.8786,75.968,75.8736,75.8879,36255.0
2026-03-18 10:40:00,75.8537,75.8751,75.6996,75.8587,95483.0
2026-03-18 10:45:00,75.8686,76.0028,75.8388,75.9581,56218.0
2026-03-18 10:50:00,75.968,76.0028,75.8686,75.9482,39375.0
2026-03-18 10:55:00,75.9482,76.2166,75.9084,76.2066,152617.0
2026-03-18 11:00:00,76.2066,76.3359,76.1172,76.1718,137773.0
2026-03-18 11:05:00,76.1718,76.2961,76.1669,76.2017,34091.0
2026-03-18 11:10:00,76.1967,76.2712,76.0724,76.1768,171848.0
2026-03-18 11:15:00,76.1917,76.2166,75.9879,75.9979,62489.0
2026-03-18 11:20:00,75.9979,76.0257,75.8587,76.0078,82147.0
2026-03-18 11:25:00,75.9979,76.1172,75.968,76.0675,60388.0
2026-03-18 11:30:00,76.0675,76.1669,76.0476,76.137,46544.0
2026-03-18 11:35:00,76.1271,76.2066,76.1072,76.1321,106717.0
2026-03-18 11:40:00,76.1271,76.137,76.0078,76.1172,83095.0
2026-03-18 11:45:00,76.1172,76.1967,76.0774,76.1271,54688.0
2026-03-18 11:50:00,76.137,76.137,75.968,76.0476,56985.0
2026-03-18 11:55:00,76.0525,76.0675,75.978,76.0376,745419.0
2026-03-18 12:00:00,76.0376,76.0376,75.9482,75.9979,66092.0
2026-03-18 12:05:00,76.0129,76.0575,75.9581,76.0178,46311.0
2026-03-18 12:10:00,76.0277,76.1172,76.0078,76.0973,43133.0
2026-03-18 12:15:00,76.1172,76.1245,76.0078,76.0774,65684.0
2026-03-18 12:20:00,76.0973,76.147,76.0376,76.0774,59956.0
2026-03-18 12:25:00,76.0724,76.0824,75.9879,75.9979,44666.0
2026-03-18 12:30:00,75.9929,76.0277,75.8587,75.8935,134980.0
2026-03-18 12:35:00,75.8885,76.0625,75.809,76.0178,101114.0
2026-03-18 12:40:00,76.0178,76.0575,75.9382,76.0575,268448.0
2026-03-18 12:45:00,76.0575,76.137,76.0078,76.137,101259.0
2026-03-18 12:50:00,76.1271,76.2265,76.0824,76.2166,80603.0
2026-03-18 12:55:00,76.2116,76.2363,76.0277,76.0426,79274.0
2026-03-18 13:00:00,76.0426,76.1271,75.9482,76.1072,76289.0
2026-03-18 13:05:00,76.1122,76.1271,76.0277,76.0421,143811.0
2026-03-18 13:10:00,76.0426,76.152,76.0327,76.137,72825.0
2026-03-18 13:15:00,76.147,76.2613,76.137,76.2215,116377.0
2026-03-18 13:20:00,76.2166,76.2514,76.0724,76.0973,257710.0
2026-03-18 13:25:00,76.1022,76.1022,75.9979,76.0178,102148.0
2026-03-18 13:30:00,76.0376,76.0596,75.9482,76.0277,61715.0
2026-03-18 13:35:00,76.0277,76.0873,75.9979,76.0824,40432.0
2026-03-18 13:40:00,76.0774,76.0973,75.9333,75.968,54206.0
2026-03-18 13:45:00,75.9581,76.0277,75.8885,75.9084,73826.0
2026-03-18 13:50:00,75.8985,75.9283,75.8289,75.9183,60821.0
2026-03-18 13:55:00,75.9183,75.9623,75.8786,75.9382,48677.0
2026-03-18 14:00:00,75.968,76.0078,75.9084,76.0078,119693.0
2026-03-18 14:05:00,76.0078,76.0774,75.9531,75.9979,81772.0
2026-03-18 14:10:00,75.9879,76.0476,75.9084,76.0178,62777.0
2026-03-18 14:15:00,76.0078,76.0078,75.7493,75.8686,93531.0
2026-03-18 14:20:00,75.8786,75.9581,75.8189,75.8786,71618.0
2026-03-18 14:25:00,75.8686,75.9482,75.8239,75.9382,46890.0
2026-03-18 14:30:00,75.9283,75.978,75.7792,75.7991,94567.0
2026-03-18 14:35:00,75.7991,76.0774,75.7891,75.9084,88887.0
2026-03-18 14:40:00,75.9084,76.0178,75.8289,75.9084,110818.0
2026-03-18 14:45:00,75.8985,75.968,75.8438,75.8488,93691.0
2026-03-18 14:50:00,75.8488,75.8537,75.6102,75.6204,115040.0
2026-03-18 14:55:00,75.6151,75.6798,75.5754,75.6102,100828.0
2026-03-18 15:00:00,75.6052,75.7692,75.5704,75.7593,168822.0
2026-03-18 15:05:00,75.7493,75.9084,75.7394,75.9083,141921.0
2026-03-18 15:10:00,75.8985,75.8985,75.7891,75.8537,126752.0
2026-03-18 15:15:00,75.8587,75.8786,75.7841,75.7891,133581.0
2026-03-18 15:20:00,75.7841,75.8239,75.6599,75.6599,143861.0
2026-03-18 15:25:00,75.6698,75.7593,75.6301,75.7593,139301.0
2026-03-18 15:30:00,75.7543,75.7792,75.6748,75.7593,187050.0
2026-03-18 15:35:00,75.7593,75.7692,75.64,75.6947,143914.0
2026-03-18 15:40:00,75.6897,75.7493,75.6599,75.7344,172803.0
2026-03-18 15:45:00,75.7295,75.7692,75.6052,75.64,273456.0
2026-03-18 15:50:00,75.645,75.7295,75.5754,75.6301,279361.0
2026-03-18 15:55:00,75.64,75.7394,75.5804,75.7295,820273.0
2026-03-19 09:30:00,75.2324,75.2523,74.6161,75.1032,287811.0
2026-03-19 09:35:00,75.133,75.1728,74.6857,74.8099,196540.0
2026-03-19 09:40:00,74.8194,75.4014,74.8099,75.2921,447888.0
2026-03-19 09:45:00,75.2722,75.4809,75.133,75.4511,291172.0
2026-03-19 09:50:00,75.4511,75.8438,75.2821,75.3567,190921.0
2026-03-19 09:55:00,75.3617,75.5505,75.1479,75.3716,312403.0
2026-03-19 10:00:00,75.3766,75.4163,75.0634,75.1529,205582.0
2026-03-19 10:05:00,75.1529,75.2026,75.0137,75.0435,116254.0
2026-03-19 10:10:00,75.0435,75.1827,74.7453,74.7652,155294.0
2026-03-19 10:15:00,74.7553,74.8447,74.457,74.6062,238467.0
2026-03-19 10:20:00,74.6161,74.7155,74.3875,74.4907,234509.0
2026-03-19 10:25:00,74.5067,74.5664,74.298,74.3576,213710.0
2026-03-19 10:30:00,74.3477,74.6757,74.2383,74.6757,300847.0
2026-03-19 10:35:00,74.6658,74.7951,74.5465,74.5763,104800.0
2026-03-19 10:40:00,74.5664,74.6757,74.5425,74.6161,166443.0
2026-03-19 10:45:00,74.6161,74.8149,74.6161,74.7751,285033.0
2026-03-19 10:50:00,74.7751,74.8099,74.6956,74.7252,79167.0
2026-03-19 10:55:00,74.7155,74.8746,74.6658,74.8298,87162.0
2026-03-19 11:00:00,74.8348,75.0833,74.805,75.0833,323290.0
2026-03-19 11:05:00,75.0833,75.1529,74.9839,75.0883,171775.0
2026-03-19 11:10:00,75.1032,75.2026,74.9938,75.0933,182855.0
2026-03-19 11:15:00,75.0883,75.1728,74.974,74.9839,98434.0
2026-03-19 11:20:00,74.9938,75.0435,74.9441,75.0286,109261.0
2026-03-19 11:25:00,75.0336,75.0684,74.9243,75.0286,139866.0
2026-03-19 11:30:00,75.0336,75.0933,74.9839,74.9988,112824.0
2026-03-19 11:35:00,74.9938,75.0187,74.9392,74.9816,92988.0
2026-03-19 11:40:00,74.9839,75.0634,74.829,74.8348,125084.0
2026-03-19 11:45:00,74.8248,74.8646,74.7602,74.8447,84994.0
2026-03-19 11:50:00,74.8497,74.8596,74.7155,74.7453,172510.0
2026-03-19 11:55:00,74.7553,74.9243,74.7155,74.8994,161926.0
2026-03-19 12:00:00,74.8994,75.0834,74.8497,75.0038,103791.0
2026-03-19 12:05:00,75.0038,75.0933,74.974,75.0634,176994.0
2026-03-19 12:10:00,75.0634,75.0833,74.8646,74.8845,68929.0
2026-03-19 12:15:00,74.8845,75.0286,74.8646,75.0137,91367.0
2026-03-19 12:20:00,75.0237,75.1032,74.9889,75.0933,92096.0
2026-03-19 12:25:00,75.0982,75.1479,75.0286,75.0286,145366.0
2026-03-19 12:30:00,75.0336,75.1529,75.0137,75.1231,122895.0
2026-03-19 12:35:00,75.1231,75.1392,74.9938,75.1131,66642.0
2026-03-19 12:40:00,75.1032,75.2722,75.1032,75.1827,59679.0
2026-03-19 12:45:00,75.1827,75.2026,75.1032,75.1181,52440.0
2026-03-19 12:50:00,75.1032,75.143,74.8646,74.964,80739.0
2026-03-19 12:55:00,74.964,75.0386,74.9243,74.9938,92876.0
2026-03-19 13:00:00,75.0038,75.0435,74.9243,74.9839,99175.0
2026-03-19 13:05:00,74.9938,75.0485,74.9312,74.9839,173861.0
2026-03-19 13:10:00,74.9938,75.0284,74.9342,74.9789,92223.0
2026-03-19 13:15:00,74.9839,75.1778,74.974,75.1629,120884.0
2026-03-19 13:20:00,75.1628,75.2424,75.0933,75.2424,149867.0
2026-03-19 13:25:00,75.2573,75.3517,75.2076,75.3269,175345.0
2026-03-19 13:30:00,75.3269,75.3517,75.1877,75.2871,168565.0
2026-03-19 13:35:00,75.2821,75.3169,75.2125,75.2424,150798.0
2026-03-19 13:40:00,75.2125,75.312,75.1579,75.2622,255769.0
2026-03-19 13:45:00,75.2622,75.2821,75.1628,75.1827,96566.0
2026-03-19 13:50:00,75.1827,75.3567,75.1778,75.3219,139927.0
2026-03-19 13:55:00,75.3219,75.4064,75.2821,75.3915,132116.0
2026-03-19 14:00:00,75.4014,75.4014,75.2324,75.3219,118934.0
2026-03-19 14:05:00,75.312,75.4909,75.2956,75.4362,124028.0
2026-03-19 14:10:00,75.4412,75.5704,75.4014,75.5605,123149.0
2026-03-19 14:15:00,75.5605,75.6002,75.4312,75.5108,213712.0
2026-03-19 14:20:00,75.5108,75.5307,75.4561,75.4959,101430.0
2026-03-19 14:25:00,75.4959,75.5605,75.4462,75.5505,158033.0
2026-03-19 14:30:00,75.5456,75.5953,75.4809,75.5953,124464.0
2026-03-19 14:35:00,75.5903,75.6002,75.4312,75.4809,95814.0
2026-03-19 14:40:00,75.4909,75.4909,75.4014,75.4312,85821.0
2026-03-19 14:45:00,75.4362,75.4809,75.3567,75.4263,166459.0
2026-03-19 14:50:00,75.4249,75.5008,75.4114,75.4809,156320.0
2026-03-19 14:55:00,75.4809,75.7295,75.4809,75.6499,198844.0
2026-03-19 15:00:00,75.6499,76.0476,75.6301,75.9879,305570.0
2026-03-19 15:05:00,75.9879,76.3458,75.9879,76.1768,260896.0
2026-03-19 15:10:00,76.1669,76.3259,75.973,76.1867,332395.0
2026-03-19 15:15:00,76.1867,76.2762,76.0277,76.142,350494.0
2026-03-19 15:20:00,76.137,76.147,75.8289,75.8686,252829.0
2026-03-19 15:25:00,75.8736,75.9183,75.7543,75.7991,157563.0
2026-03-19 15:30:00,75.7792,75.8488,75.7295,75.7941,152530.0
2026-03-19 15:35:00,75.809,75.9581,75.7394,75.9382,266555.0
2026-03-19 15:40:00,75.9333,76.0476,75.8985,76.0128,200189.0
2026-03-19 15:45:00,76.0078,76.0873,75.9233,75.9879,299081.0
2026-03-19 15:50:00,75.978,76.1321,75.8338,75.8587,1047749.0
2026-03-19 15:55:00,75.8587,75.9482,75.7543,75.9183,929509.0
2026-03-20 09:30:00,75.9482,76.3756,75.9482,75.9979,2709450.0
2026-03-20 09:35:00,75.9979,76.1669,75.7593,76.1542,287944.0
2026-03-20 09:40:00,76.1343,76.475,76.0376,76.4701,233739.0
2026-03-20 09:45:00,76.4651,76.7882,76.3707,76.4154,339666.0
2026-03-20 09:50:00,76.4303,76.4452,76.137,76.2712,158387.0
2026-03-20 09:55:00,76.2762,76.5247,76.2464,76.485,340208.0
2026-03-20 10:00:00,76.475,76.7434,76.4054,76.5943,133846.0
2026-03-20 10:05:00,76.6043,76.8438,76.5446,76.8438,144928.0
2026-03-20 10:10:00,76.8528,76.9323,76.5446,76.5645,230259.0
2026-03-20 10:15:00,76.5645,76.7583,76.5645,76.7136,638787.0
2026-03-20 10:20:00,76.7236,76.9721,76.6937,76.9721,246385.0
2026-03-20 10:25:00,76.9721,76.9969,76.7733,76.7981,159561.0
2026-03-20 10:30:00,76.8031,77.0118,76.7633,76.8627,359633.0
2026-03-20 10:35:00,76.8528,76.977,76.5148,76.6043,208902.0
2026-03-20 10:40:00,76.5844,76.8627,76.5645,76.7285,109433.0
2026-03-20 10:45:00,76.7335,77.0516,76.706,76.8727,267160.0
2026-03-20 10:50:00,76.8727,76.9621,76.5446,76.5496,239670.0
2026-03-20 10:55:00,76.5645,76.8329,76.5645,76.644,154607.0
2026-03-20 11:00:00,76.654,76.8031,76.644,76.7385,107655.0
2026-03-20 11:05:00,76.7385,76.8478,76.7236,76.7931,116601.0
2026-03-20 11:10:00,76.7832,76.9522,76.7484,76.9423,125666.0
2026-03-20 11:15:00,76.9572,76.9572,76.7534,76.7733,108545.0
2026-03-20 11:20:00,76.7733,77.0914,76.7136,76.7733,163564.0
2026-03-20 11:25:00,76.7633,76.7832,76.3458,76.4402,121643.0
2026-03-20 11:30:00,76.4353,76.6241,76.4253,76.5844,78749.0
2026-03-20 11:35:00,76.5794,76.6241,76.4452,76.5844,102236.0
2026-03-20 11:40:00,76.5894,76.6838,76.5347,76.6539,73566.0
2026-03-20 11:45:00,76.6383,76.6937,76.5496,76.6241,60291.0
2026-03-20 11:50:00,76.6142,76.7385,76.5744,76.6738,42181.0
2026-03-20 11:55:00,76.6639,76.6788,76.5148,76.6043,123429.0
2026-03-20 12:00:00,76.6043,76.6937,76.5744,76.6788,75519.0
2026-03-20 12:05:00,76.6738,76.6738,76.475,76.5546,104961.0
2026-03-20 12:10:00,76.5546,76.6639,76.5347,76.6341,268614.0
2026-03-20 12:15:00,76.6391,76.9025,76.5844,76.9025,264283.0
2026-03-20 12:20:00,76.9075,77.0118,76.8925,76.987,164863.0
2026-03-20 12:25:00,76.9721,76.977,76.8428,76.9025,159502.0
2026-03-20 12:30:00,76.8826,76.9472,76.7534,76.9323,240690.0
2026-03-20 12:35:00,76.9423,76.977,76.8528,76.9721,99435.0
2026-03-20 12:40:00,76.9621,77.0823,76.9273,77.0516,116290.0
2026-03-20 12:45:00,77.0466,77.0914,77.0019,77.0814,105720.0
2026-03-20 12:50:00,77.0864,77.1908,77.0317,77.1311,169811.0
2026-03-20 12:55:00,77.1361,77.3299,77.1112,77.3001,289215.0
2026-03-20 13:00:00,77.2952,77.4592,77.2604,77.3697,241202.0
2026-03-20 13:05:00,77.3647,77.3647,77.1411,77.2753,186959.0
2026-03-20 13:10:00,77.2753,77.3299,77.1023,77.1212,114250.0
2026-03-20 13:15:00,77.1212,77.1709,76.9124,76.9323,94808.0
2026-03-20 13:20:00,76.9224,77.146,76.8826,77.0118,161901.0
2026-03-20 13:25:00,77.0019,77.0317,76.8925,76.9671,132340.0
2026-03-20 13:30:00,76.9671,76.992,76.7931,76.8727,100407.0
2026-03-20 13:35:00,76.8826,76.9522,76.7484,76.9424,71596.0
2026-03-20 13:40:00,76.9423,76.9423,76.823,76.8776,57035.0
2026-03-20 13:45:00,76.8826,76.8826,76.7981,76.8428,88839.0
2026-03-20 13:50:00,76.8428,76.8677,76.6838,76.8677,135507.0
2026-03-20 13:55:00,76.8727,77.1162,76.8677,77.0963,240904.0
2026-03-20 14:00:00,77.1013,77.1311,77.0118,77.0417,110481.0
2026-03-20 14:05:00,77.0417,77.0814,76.9522,77.0019,169452.0
2026-03-20 14:10:00,76.9969,77.0069,76.8876,76.9522,84672.0
2026-03-20 14:15:00,76.9522,76.982,76.7534,76.7931,118273.0
2026-03-20 14:20:00,76.8031,76.8329,76.6241,76.7285,212112.0
2026-03-20 14:25:00,76.7335,76.7931,76.654,76.7136,258781.0
2026-03-20 14:30:00,76.7136,76.7285,76.6341,76.644,118425.0
2026-03-20 14:35:00,76.644,76.8428,76.4054,76.4692,883037.0
2026-03-20 14:40:00,76.475,76.7136,76.4651,76.6788,118823.0
2026-03-20 14:45:00,76.6738,76.7534,76.6341,76.7434,276908.0
2026-03-20 14:50:00,76.7434,76.8329,76.6987,76.8031,218653.0
2026-03-20 14:55:00,76.8031,76.8528,76.7534,76.7683,94322.0
2026-03-20 15:00:00,76.7733,76.8727,76.7733,76.8528,160238.0
2026-03-20 15:05:00,76.8528,76.8528,76.5993,76.6639,209980.0
2026-03-20 15:10:00,76.6639,76.7683,76.6341,76.6639,241247.0
2026-03-20 15:15:00,76.6639,76.813,76.5844,76.7832,201998.0
2026-03-20 15:20:00,76.7733,76.8727,76.6838,76.7385,268027.0
2026-03-20 15:25:00,76.7434,76.7832,76.7037,76.7236,200311.0
2026-03-20 15:30:00,76.7335,76.7583,76.4552,76.485,216912.0
2026-03-20 15:35:00,76.485,76.6391,76.4651,76.6341,550197.0
2026-03-20 15:40:00,76.6291,76.8727,76.5844,76.8478,235305.0
2026-03-20 15:45:00,76.8478,76.9323,76.7086,76.9025,311202.0
2026-03-20 15:50:00,76.9025,77.1808,76.813,77.1709,796506.0
2026-03-20 15:55:00,77.161,77.2807,77.0516,77.2405,1916479.0
2026-03-23 09:30:00,79.0199,79.3281,78.1849,78.4334,407100.0
2026-03-23 09:35:00,78.4334,78.5726,78.3091,78.4831,207187.0
2026-03-23 09:40:00,78.4632,78.8757,78.3539,78.4582,190652.0
2026-03-23 09:45:00,78.4234,78.4433,77.658,77.9662,302087.0
2026-03-23 09:50:00,77.9662,78.4334,77.9463,78.3737,260105.0
2026-03-23 09:55:00,78.3638,78.5576,78.2644,78.4533,133565.0
2026-03-23 10:00:00,78.4632,78.7613,78.3936,78.5825,180889.0
2026-03-23 10:05:00,78.5924,78.6521,78.493,78.6223,102119.0
2026-03-23 10:10:00,78.6123,78.7117,78.5328,78.7117,135313.0
2026-03-23 10:15:00,78.7316,78.8012,78.6223,78.7813,146618.0
2026-03-23 10:20:00,78.7813,78.8707,78.672,78.6819,125896.0
2026-03-23 10:25:00,78.672,78.672,78.5129,78.5825,200109.0
2026-03-23 10:30:00,78.5726,78.672,78.5228,78.672,100042.0
2026-03-23 10:35:00,78.6819,78.7515,78.5427,78.6421,118459.0
2026-03-23 10:40:00,78.6223,78.7018,78.5477,78.672,112363.0
2026-03-23 10:45:00,78.6766,78.8608,78.5825,78.8012,127387.0
2026-03-23 10:50:00,78.8012,79.0,78.7614,78.9205,153785.0
2026-03-23 10:55:00,78.9205,78.9901,78.8111,78.9503,135772.0
2026-03-23 11:00:00,78.9602,79.169,78.9602,79.1342,153852.0
2026-03-23 11:05:00,79.1392,79.1491,79.0497,79.1151,111196.0
2026-03-23 11:10:00,79.1094,79.2386,79.0795,79.1293,242755.0
2026-03-23 11:15:00,79.1193,79.169,78.9205,78.9304,182346.0
2026-03-23 11:20:00,78.9304,79.0,78.8907,78.9801,125309.0
2026-03-23 11:25:00,78.9702,79.0249,78.7714,78.7813,89956.0
2026-03-23 11:30:00,78.7813,78.7913,78.5527,78.6223,124303.0
2026-03-23 11:35:00,78.6421,78.6421,78.503,78.5875,170204.0
2026-03-23 11:40:00,78.5825,78.6123,78.4234,78.4731,167244.0
2026-03-23 11:45:00,78.4632,78.6421,78.3439,78.5825,148731.0
2026-03-23 11:50:00,78.5626,78.6024,78.4036,78.4234,488659.0
2026-03-23 11:55:00,78.4135,78.4533,78.1749,78.2445,168656.0
2026-03-23 12:00:00,78.1998,78.2743,78.1053,78.1948,247668.0
2026-03-23 12:05:00,78.1799,78.2644,78.1252,78.155,177305.0
2026-03-23 12:10:00,78.1451,78.2346,78.0755,78.1451,135347.0
2026-03-23 12:15:00,78.155,78.2047,77.8668,77.8668,91573.0
2026-03-23 12:20:00,77.8767,77.9957,77.817,77.9065,159350.0
2026-03-23 12:25:00,77.8866,78.0258,77.827,77.8363,163017.0
2026-03-23 12:30:00,77.827,78.0159,77.7584,78.0159,143788.0
2026-03-23 12:35:00,78.0208,78.1749,77.986,78.0258,113405.0
2026-03-23 12:40:00,78.0159,78.0457,77.8941,77.9761,68297.0
2026-03-23 12:45:00,77.9662,78.0755,77.9264,78.0753,99043.0
2026-03-23 12:50:00,78.0556,78.1302,77.9463,78.1053,113480.0
2026-03-23 12:55:00,78.1252,78.1352,78.0159,78.0457,106747.0
2026-03-23 13:00:00,78.0556,78.1053,77.8966,77.9165,193640.0
2026-03-23 13:05:00,77.9109,78.0556,77.827,78.0457,112201.0
2026-03-23 13:10:00,78.0457,78.2148,78.0357,78.1202,119985.0
2026-03-23 13:15:00,78.1153,78.1352,77.996,78.0457,44741.0
2026-03-23 13:20:00,78.0556,78.0556,77.9264,77.9562,38820.0
2026-03-23 13:25:00,77.9264,78.1352,77.9264,78.0954,43993.0
2026-03-23 13:30:00,78.0954,78.334,78.0755,78.334,105975.0
2026-03-23 13:35:00,78.3439,78.483,78.334,78.3936,89338.0
2026-03-23 13:40:00,78.3837,78.3936,78.1749,78.2544,153455.0
2026-03-23 13:45:00,78.2644,78.2843,78.2147,78.2743,93806.0
2026-03-23 13:50:00,78.2544,78.3489,78.2246,78.3439,88394.0
2026-03-23 13:55:00,78.3439,78.4234,78.3142,78.4067,61378.0
2026-03-23 14:00:00,78.3936,78.3936,78.2743,78.2942,124633.0
2026-03-23 14:05:00,78.3042,78.3141,78.0656,78.16,148985.0
2026-03-23 14:10:00,78.165,78.339,78.165,78.2743,69156.0
2026-03-23 14:15:00,78.2743,78.2942,78.1451,78.165,59603.0
2026-03-23 14:20:00,78.16,78.1749,78.0855,78.16,64072.0
2026-03-23 14:25:00,78.155,78.2047,78.1451,78.1948,66030.0
2026-03-23 14:30:00,78.2047,78.3837,78.1749,78.3638,117636.0
2026-03-23 14:35:00,78.3638,78.4831,78.2644,78.4036,96308.0
2026-03-23 14:40:00,78.4036,78.4781,78.3389,78.4334,117740.0
2026-03-23 14:45:00,78.4334,78.5228,78.3737,78.4731,104489.0
2026-03-23 14:50:00,78.4731,78.4781,78.334,78.3638,143819.0
2026-03-23 14:55:00,78.3638,78.4831,78.3344,78.4334,95537.0
2026-03-23 15:00:00,78.4234,78.493,78.2445,78.2743,174455.0
2026-03-23 15:05:00,78.2544,78.3936,78.2544,78.3936,84495.0
2026-03-23 15:10:00,78.3787,78.3837,78.2246,78.2644,101710.0
2026-03-23 15:15:00,78.2495,78.2743,78.1352,78.165,81740.0
2026-03-23 15:20:00,78.1451,78.155,78.0656,78.1401,158615.0
2026-03-23 15:25:00,78.1451,78.1749,78.0606,78.1004,118129.0
2026-03-23 15:30:00,78.1004,78.1252,78.0351,78.0705,134377.0
2026-03-23 15:35:00,78.0755,78.1153,78.0407,78.0656,130988.0
2026-03-23 15:40:00,78.0705,78.1352,78.0059,78.1352,164728.0
2026-03-23 15:45:00,78.1352,78.1849,78.0407,78.1302,192572.0
2026-03-23 15:50:00,78.1153,78.16,77.9562,78.1103,444359.0
2026-03-23 15:55:00,78.1153,78.1202,77.7723,77.822,1372601.0
2026-03-24 09:30:00,77.1709,77.7673,77.1162,77.4294,203748.0
2026-03-24 09:35:00,77.5188,77.7375,77.3598,77.6282,79152.0
2026-03-24 09:40:00,77.6015,77.7773,77.489,77.6282,56264.0
2026-03-24 09:45:00,77.6481,77.9214,77.6083,77.8668,167114.0
2026-03-24 09:50:00,77.8568,77.9662,77.4492,77.484,118014.0
2026-03-24 09:55:00,77.5089,77.7176,77.3896,77.7077,59544.0
2026-03-24 10:00:00,77.7077,77.9613,77.6481,77.9562,237526.0
2026-03-24 10:05:00,77.9462,78.155,77.7872,78.1302,66364.0
2026-03-24 10:10:00,78.1451,78.4831,78.1153,78.4731,446463.0
2026-03-24 10:15:00,78.4781,78.4781,78.1352,78.324,181169.0
2026-03-24 10:20:00,78.329,78.3539,78.2544,78.2958,139545.0
2026-03-24 10:25:00,78.2743,78.4433,78.2047,78.3737,184865.0
2026-03-24 10:30:00,78.3787,78.5427,78.2843,78.503,223934.0
2026-03-24 10:35:00,78.5228,78.6024,78.4632,78.5527,152038.0
2026-03-24 10:40:00,78.5129,78.7813,78.5129,78.7614,65539.0
2026-03-24 10:45:00,78.7515,78.9105,78.5825,78.672,151583.0
2026-03-24 10:50:00,78.6421,79.2784,78.6322,79.1392,183317.0
2026-03-24 10:55:00,79.1392,79.2287,78.9304,79.2287,176652.0
2026-03-24 11:00:00,79.2287,79.4275,79.2187,79.3778,250298.0
2026-03-24 11:05:00,79.3778,79.4026,79.2485,79.3181,189169.0
2026-03-24 11:10:00,79.3181,79.3678,79.2287,79.3479,115509.0
2026-03-24 11:15:00,79.3479,79.5468,79.2982,79.5169,158771.0
2026-03-24 11:20:00,79.5219,79.5965,79.4971,79.5766,155749.0
2026-03-24 11:25:00,79.5468,79.7058,79.507,79.5368,114247.0
2026-03-24 11:30:00,79.5468,79.5666,79.3778,79.4623,211461.0
2026-03-24 11:35:00,79.4473,79.6362,79.4275,79.5169,68330.0
2026-03-24 11:40:00,79.5169,79.5318,79.3976,79.4175,47024.0
2026-03-24 11:45:00,79.4175,79.5567,79.3927,79.4871,60367.0
2026-03-24 11:50:00,79.4971,79.5865,79.4573,79.5468,225080.0
2026-03-24 11:55:00,79.5468,79.5517,79.2287,79.3131,145041.0
2026-03-24 12:00:00,79.3218,79.3976,79.2734,79.338,111350.0
2026-03-24 12:05:00,79.3479,79.4573,79.2933,79.4573,81229.0
2026-03-24 12:10:00,79.4573,79.5219,79.4324,79.5169,76656.0
2026-03-24 12:15:00,79.5169,79.666,79.4672,79.5468,172575.0
2026-03-24 12:20:00,79.5468,79.5816,79.4821,79.5517,83584.0
2026-03-24 12:25:00,79.5517,79.5617,79.4871,79.5269,82802.0
2026-03-24 12:30:00,79.5368,79.5567,79.4374,79.5269,158424.0
2026-03-24 12:35:00,79.5169,79.5169,79.3281,79.3529,158167.0
2026-03-24 12:40:00,79.3479,79.5318,79.3181,79.5169,279579.0
2026-03-24 12:45:00,79.5169,79.5567,79.4374,79.4473,62131.0
2026-03-24 12:50:00,79.4573,79.4971,79.3877,79.4275,63817.0
2026-03-24 12:55:00,79.4275,79.4871,79.3877,79.4772,69573.0
2026-03-24 13:00:00,79.4772,79.5567,79.3123,79.3187,214323.0
2026-03-24 13:05:00,79.3181,79.4324,79.2485,79.338,134219.0
2026-03-24 13:10:00,79.338,79.4473,79.2585,79.2982,152789.0
2026-03-24 13:15:00,79.2982,79.4971,79.2982,79.4374,308157.0
2026-03-24 13:20:00,79.4175,79.5468,79.4076,79.507,87158.0
2026-03-24 13:25:00,79.512,79.5368,79.4672,79.4921,107294.0
2026-03-24 13:30:00,79.4871,79.5965,79.4722,79.4921,112511.0
2026-03-24 13:35:00,79.4772,79.5269,79.4573,79.507,79032.0
2026-03-24 13:40:00,79.5169,79.5865,79.4573,79.4871,127447.0
2026-03-24 13:45:00,79.4772,79.5617,79.4623,79.5466,136465.0
2026-03-24 13:50:00,79.5418,79.6959,79.4374,79.5169,287169.0
2026-03-24 13:55:00,79.507,79.6561,79.4921,79.6462,232514.0
2026-03-24 14:00:00,79.6362,79.6859,79.4772,79.4871,103378.0
2026-03-24 14:05:00,79.4871,79.6163,79.4722,79.5716,121225.0
2026-03-24 14:10:00,79.5666,79.5965,79.512,79.5766,85170.0
2026-03-24 14:15:00,79.5766,79.6064,79.4672,79.5865,108012.0
2026-03-24 14:20:00,79.5965,79.6313,79.5567,79.6064,56312.0
2026-03-24 14:25:00,79.5965,79.6561,79.5468,79.5966,115477.0
2026-03-24 14:30:00,79.6064,79.7207,79.5666,79.7158,198906.0
2026-03-24 14:35:00,79.7108,79.8748,79.666,79.85,190857.0
2026-03-24 14:40:00,79.835,79.845,79.7058,79.7853,384171.0
2026-03-24 14:45:00,79.7655,79.8748,79.7555,79.8649,125522.0
2026-03-24 14:50:00,79.8649,79.9891,79.8152,79.9444,452217.0
2026-03-24 14:55:00,79.9345,79.9543,79.8847,79.9195,229963.0
2026-03-24 15:00:00,79.9245,79.9593,79.7555,79.8251,257242.0
2026-03-24 15:05:00,79.8201,79.845,79.6163,79.8002,282917.0
2026-03-24 15:10:00,79.8002,79.8002,79.5169,79.5965,334865.0
2026-03-24 15:15:00,79.5915,79.7505,79.4921,79.6859,235284.0
2026-03-24 15:20:00,79.6859,79.7853,79.6561,79.7505,396063.0
2026-03-24 15:25:00,79.7505,79.9146,79.6064,79.8997,445638.0
2026-03-24 15:30:00,79.8947,79.9643,79.7257,79.7555,280807.0
2026-03-24 15:35:00,79.7456,79.7605,79.6163,79.671,187970.0
2026-03-24 15:40:00,79.676,79.7058,79.5865,79.6064,197132.0
2026-03-24 15:45:00,79.6163,79.6561,79.4225,79.6163,287749.0
2026-03-24 15:50:00,79.6163,79.7655,79.4026,79.4026,561504.0
2026-03-24 15:55:00,79.4076,79.4175,79.1094,79.174,1442019.0
2026-03-25 09:30:00,79.0398,80.0736,79.0398,79.9891,335568.0
2026-03-25 09:35:00,80.0339,80.2724,80.0339,80.1233,145881.0
2026-03-25 09:40:00,80.1119,80.173,79.9643,80.0339,98766.0
2026-03-25 09:45:00,80.0189,80.1532,79.8599,79.8599,127530.0
2026-03-25 09:50:00,79.8549,79.9742,79.512,79.5368,153322.0
2026-03-25 09:55:00,79.5169,79.6163,79.3529,79.4623,160304.0
2026-03-25 10:00:00,79.4623,79.666,79.4126,79.5269,158294.0
2026-03-25 10:05:00,79.5368,79.666,79.4424,79.6362,152140.0
2026-03-25 10:10:00,79.6462,79.6859,79.4921,79.5666,108598.0
2026-03-25 10:15:00,79.5666,79.6561,79.4772,79.4971,99259.0
2026-03-25 10:20:00,79.502,79.6146,79.2883,79.3976,135056.0
2026-03-25 10:25:00,79.3877,79.6561,79.3778,79.4971,113347.0
2026-03-25 10:30:00,79.507,79.5766,79.4076,79.5666,118674.0
2026-03-25 10:35:00,79.5666,79.6064,79.3827,79.4672,103309.0
2026-03-25 10:40:00,79.4473,79.5567,79.4175,79.4871,70070.0
2026-03-25 10:45:00,79.4871,79.6163,79.3927,79.6163,99689.0
2026-03-25 10:50:00,79.6064,79.6263,79.5368,79.5468,75072.0
2026-03-25 10:55:00,79.5368,79.6362,79.512,79.6263,101845.0
2026-03-25 11:00:00,79.6362,79.6611,79.5468,79.6064,68645.0
2026-03-25 11:05:00,79.5865,79.5965,79.0497,79.1292,129791.0
2026-03-25 11:10:00,79.1392,79.2436,79.0895,79.1988,151096.0
2026-03-25 11:15:00,79.1889,79.1988,78.8608,79.0224,275413.0
2026-03-25 11:20:00,79.01,79.3177,79.01,79.2485,175157.0
2026-03-25 11:25:00,79.2386,79.5219,79.2287,79.5219,119835.0
2026-03-25 11:30:00,79.5269,79.6014,79.4921,79.5666,61979.0
2026-03-25 11:35:00,79.5666,79.5965,79.3181,79.3281,81655.0
2026-03-25 11:40:00,79.338,79.4871,79.338,79.4374,88045.0
2026-03-25 11:45:00,79.4374,79.4971,79.3976,79.4573,61298.0
2026-03-25 11:50:00,79.4573,79.507,79.4175,79.507,92257.0
2026-03-25 11:55:00,79.5169,79.6362,79.4374,79.5766,88496.0
2026-03-25 12:00:00,79.5865,79.6263,79.4821,79.4921,148867.0
2026-03-25 12:05:00,79.4971,79.5865,79.4871,79.5468,52847.0
2026-03-25 12:10:00,79.5468,79.5766,79.4573,79.4772,54750.0
2026-03-25 12:15:00,79.4672,79.507,79.3032,79.3082,65332.0
2026-03-25 12:20:00,79.3281,79.3579,79.2287,79.3479,71793.0
2026-03-25 12:25:00,79.338,79.3976,79.2287,79.2933,104001.0
2026-03-25 12:30:00,79.2933,79.5169,79.2287,79.4871,94643.0
2026-03-25 12:35:00,79.4871,79.5368,79.4374,79.4971,69392.0
2026-03-25 12:40:00,79.4971,79.5468,79.4473,79.4772,64294.0
2026-03-25 12:45:00,79.4772,79.5318,79.4076,79.4473,46364.0
2026-03-25 12:50:00,79.4473,79.5269,79.3778,79.5269,66407.0
2026-03-25 12:55:00,79.5269,79.5716,79.4772,79.5219,40888.0
2026-03-25 13:00:00,79.5219,79.6064,79.4573,79.5418,73985.0
2026-03-25 13:05:00,79.5219,79.5766,79.4672,79.4672,57815.0
2026-03-25 13:10:00,79.4672,79.5665,79.4672,79.5269,50018.0
2026-03-25 13:15:00,79.507,79.512,79.4275,79.4672,45045.0
2026-03-25 13:20:00,79.4573,79.5617,79.4573,79.5169,30956.0
2026-03-25 13:25:00,79.5219,79.6114,79.5219,79.5716,32644.0
2026-03-25 13:30:00,79.5666,79.6561,79.5269,79.6561,67329.0
2026-03-25 13:35:00,79.6611,79.7356,79.6511,79.7058,69699.0
2026-03-25 13:40:00,79.7058,79.8152,79.676,79.7108,83058.0
2026-03-25 13:45:00,79.7108,79.7108,79.6313,79.6959,97148.0
2026-03-25 13:50:00,79.7058,79.7754,79.5666,79.6064,103942.0
2026-03-25 13:55:00,79.5965,79.835,79.5865,79.7257,112936.0
2026-03-25 14:00:00,79.7207,79.7953,79.7058,79.7207,163977.0
2026-03-25 14:05:00,79.7257,79.85,79.6859,79.7456,84313.0
2026-03-25 14:10:00,79.7555,79.8013,79.7158,79.7704,67343.0
2026-03-25 14:15:00,79.7754,79.8997,79.7158,79.7456,89751.0
2026-03-25 14:20:00,79.7356,79.7505,79.666,79.676,54256.0
2026-03-25 14:25:00,79.676,79.7655,79.6263,79.7406,63414.0
2026-03-25 14:30:00,79.7456,79.9245,79.7456,79.8947,75114.0
2026-03-25 14:35:00,79.8997,79.9394,79.835,79.9394,84289.0
2026-03-25 14:40:00,79.9444,79.9543,79.8997,79.9295,54658.0
2026-03-25 14:45:00,79.9295,79.9941,79.9146,79.9643,77902.0
2026-03-25 14:50:00,79.9742,80.0587,79.9643,80.009,82835.0
2026-03-25 14:55:00,80.014,80.0289,79.8549,79.9991,189827.0
2026-03-25 15:00:00,79.9991,80.0114,79.9096,80.009,180333.0
2026-03-25 15:05:00,80.004,80.0637,79.9804,80.0239,110816.0
2026-03-25 15:10:00,80.0289,80.0736,79.9792,80.009,89503.0
2026-03-25 15:15:00,80.014,80.0687,79.9941,80.0537,110041.0
2026-03-25 15:20:00,80.0537,80.173,80.0339,80.1631,114960.0
2026-03-25 15:25:00,80.1631,80.1879,80.0438,80.1283,127585.0
2026-03-25 15:30:00,80.1283,80.1929,80.0538,80.1432,127246.0
2026-03-25 15:35:00,80.1382,80.173,80.0537,80.1333,114144.0
2026-03-25 15:40:00,80.1283,80.3072,80.0985,80.173,3976462.0
2026-03-25 15:45:00,80.1631,80.2973,80.1333,80.2526,226188.0
2026-03-25 15:50:00,80.2526,80.2824,80.0488,80.183,354103.0
2026-03-25 15:55:00,80.1879,80.2029,79.7257,79.8052,2119945.0
2026-03-26 09:30:00,79.4175,79.8251,79.4175,79.6263,7302.0
2026-03-26 09:35:00,79.4573,79.5865,79.0199,79.0699,327829.0
2026-03-26 09:40:00,79.0696,79.6461,79.0398,79.6412,156114.0
2026-03-26 09:45:00,79.656,79.676,79.2585,79.3231,252739.0
2026-03-26 09:50:00,79.3181,79.5468,79.2187,79.3778,245149.0
2026-03-26 09:55:00,79.3579,79.3678,79.1094,79.3082,143024.0
2026-03-26 10:00:00,79.2982,79.5219,79.2287,79.4772,112086.0
2026-03-26 10:05:00,79.4573,79.5567,79.3579,79.4673,123572.0
2026-03-26 10:10:00,79.4871,79.4871,79.0795,79.3877,175314.0
2026-03-26 10:15:00,79.3678,79.4275,79.2386,79.2585,114274.0
2026-03-26 10:20:00,79.2485,79.3281,79.1591,79.3181,118883.0
2026-03-26 10:25:00,79.3181,79.3579,79.1889,79.1889,69463.0
2026-03-26 10:30:00,79.1889,79.3877,79.1591,79.2982,150119.0
2026-03-26 10:35:00,79.3048,79.3976,79.2386,79.3976,101523.0
2026-03-26 10:40:00,79.3827,79.5318,79.174,79.2485,163890.0
2026-03-26 10:45:00,79.2187,79.3281,79.1789,79.2187,120692.0
2026-03-26 10:50:00,79.2137,79.2386,78.6918,78.7813,169850.0
2026-03-26 10:55:00,78.7515,78.9901,78.6918,78.8608,138353.0
2026-03-26 11:00:00,78.841,78.8659,78.6223,78.8459,199075.0
2026-03-26 11:05:00,78.8459,78.9901,78.8211,78.9105,122637.0
2026-03-26 11:10:00,78.9105,79.0298,78.8708,78.9006,118329.0
2026-03-26 11:15:00,78.9006,78.9503,78.7863,78.8658,86630.0
2026-03-26 11:20:00,78.8608,78.9901,78.826,78.9404,73558.0
2026-03-26 11:25:00,78.9404,79.0,78.7415,78.7415,75683.0
2026-03-26 11:30:00,78.7465,78.7515,78.6421,78.6521,140711.0
2026-03-26 11:35:00,78.6471,78.7018,78.5974,78.6123,51622.0
2026-03-26 11:40:00,78.6123,78.6312,78.4781,78.5075,57939.0
2026-03-26 11:45:00,78.5129,78.7913,78.5129,78.7614,165849.0
2026-03-26 11:50:00,78.7565,78.8211,78.7117,78.7366,63213.0
2026-03-26 11:55:00,78.7366,78.7515,78.6223,78.6471,81435.0
2026-03-26 12:00:00,78.6471,78.7515,78.6223,78.7019,86807.0
2026-03-26 12:05:00,78.6918,78.8509,78.672,78.8111,589532.0
2026-03-26 12:10:00,78.8062,78.826,78.7117,78.7614,91298.0
2026-03-26 12:15:00,78.7515,78.7515,78.4731,78.6123,79102.0
2026-03-26 12:20:00,78.6024,78.6024,78.4831,78.5477,74427.0
2026-03-26 12:25:00,78.5427,78.5427,78.2544,78.3489,83068.0
2026-03-26 12:30:00,78.3489,78.4433,78.3141,78.334,166736.0
2026-03-26 12:35:00,78.3141,78.6223,78.2942,78.5427,75436.0
2026-03-26 12:40:00,78.5527,78.6421,78.5427,78.5924,66967.0
2026-03-26 12:45:00,78.6024,78.6223,78.5129,78.6024,66092.0
2026-03-26 12:50:00,78.5924,78.6918,78.5427,78.667,63062.0
2026-03-26 12:55:00,78.667,78.6918,78.5859,78.6918,52880.0
2026-03-26 13:00:00,78.672,78.8012,78.6571,78.6819,101942.0
2026-03-26 13:05:00,78.6918,78.7515,78.6621,78.7068,45546.0
2026-03-26 13:10:00,78.7068,78.7117,78.5825,78.5825,60639.0
2026-03-26 13:15:00,78.5726,78.6372,78.5626,78.6372,52589.0
2026-03-26 13:20:00,78.6372,78.6372,78.4731,78.5328,96293.0
2026-03-26 13:25:00,78.5328,78.5328,78.2644,78.324,171211.0
2026-03-26 13:30:00,78.334,78.4781,78.2942,78.4731,66248.0
2026-03-26 13:35:00,78.4781,78.5626,78.4731,78.5477,67661.0
2026-03-26 13:40:00,78.5427,78.5726,78.4831,78.5113,149894.0
2026-03-26 13:45:00,78.5079,78.5427,78.4334,78.5228,102273.0
2026-03-26 13:50:00,78.5129,78.5378,78.4533,78.4682,119507.0
2026-03-26 13:55:00,78.4682,78.4781,78.3737,78.4135,90449.0
2026-03-26 14:00:00,78.4085,78.503,78.3837,78.4533,94430.0
2026-03-26 14:05:00,78.4831,78.6372,78.4831,78.6272,89780.0
2026-03-26 14:10:00,78.6272,78.6619,78.5626,78.5775,147188.0
2026-03-26 14:15:00,78.5775,78.5825,78.3737,78.4135,640840.0
2026-03-26 14:20:00,78.4185,78.498,78.3936,78.4831,119018.0
2026-03-26 14:25:00,78.503,78.6123,78.4533,78.5974,175379.0
2026-03-26 14:30:00,78.6024,78.6819,78.5626,78.672,91553.0
2026-03-26 14:35:00,78.662,78.8012,78.662,78.7714,140044.0
2026-03-26 14:40:00,78.7714,78.7962,78.6918,78.7217,116849.0
2026-03-26 14:45:00,78.7131,78.8111,78.7018,78.7913,46666.0
2026-03-26 14:50:00,78.7714,78.8111,78.7366,78.7664,59503.0
2026-03-26 14:55:00,78.7515,78.8807,78.7217,78.8012,110570.0
2026-03-26 15:00:00,78.7913,78.7913,78.6024,78.6322,96146.0
2026-03-26 15:05:00,78.6322,78.6918,78.6223,78.6819,85736.0
2026-03-26 15:10:00,78.6769,78.7117,78.6073,78.6819,114211.0
2026-03-26 15:15:00,78.672,78.7415,78.662,78.6918,74519.0
2026-03-26 15:20:00,78.6968,78.7117,78.4334,78.4682,287435.0
2026-03-26 15:25:00,78.4632,78.5129,78.4334,78.4731,115156.0
2026-03-26 15:30:00,78.4731,78.6421,78.324,78.6421,145902.0
2026-03-26 15:35:00,78.6372,78.7515,78.6123,78.7316,146417.0
2026-03-26 15:40:00,78.7266,78.8708,78.7068,78.7316,232837.0
2026-03-26 15:45:00,78.7316,78.8956,78.7068,78.8807,378667.0
2026-03-26 15:50:00,78.8807,78.8857,78.6471,78.6918,778288.0
2026-03-26 15:55:00,78.6998,78.6998,78.3787,78.5427,1001281.0
2026-03-27 09:30:00,78.155,78.165,77.5611,77.6232,193307.0
2026-03-27 09:35:00,77.6282,77.6282,77.1709,77.4691,172767.0
2026-03-27 09:40:00,77.4691,77.5387,77.2902,77.3697,79144.0
2026-03-27 09:45:00,77.4492,77.8817,77.3647,77.6481,97607.0
2026-03-27 09:50:00,77.6282,77.7157,77.4592,77.484,80776.0
2026-03-27 09:55:00,77.489,77.5238,77.1808,77.3498,181424.0
2026-03-27 10:00:00,77.3299,77.5586,77.3001,77.3995,168742.0
2026-03-27 10:05:00,77.4194,77.4989,76.8677,77.0069,155815.0
2026-03-27 10:10:00,77.0019,77.3498,76.992,77.3001,122040.0
2026-03-27 10:15:00,77.2802,77.5486,77.2802,77.4244,91690.0
2026-03-27 10:20:00,77.4244,77.5288,77.3299,77.4443,90521.0
2026-03-27 10:25:00,77.4592,77.5288,77.32,77.3797,86170.0
2026-03-27 10:30:00,77.3697,77.4741,77.3498,77.4592,103356.0
2026-03-27 10:35:00,77.4592,77.6083,77.4194,77.5486,116701.0
2026-03-27 10:40:00,77.5486,77.6083,77.489,77.4989,124323.0
2026-03-27 10:45:00,77.4989,77.5188,77.32,77.4791,125837.0
2026-03-27 10:50:00,77.4741,77.5586,77.3598,77.3995,66041.0
2026-03-27 10:55:00,77.3995,77.4591,77.2405,77.2405,114214.0
2026-03-27 11:00:00,77.2206,77.3995,77.1112,77.3543,65101.0
2026-03-27 11:05:00,77.3598,77.4095,77.1262,77.1311,90689.0
2026-03-27 11:10:00,77.1411,77.2305,77.0118,77.2206,105053.0
2026-03-27 11:15:00,77.2107,77.2504,77.1311,77.1808,69345.0
2026-03-27 11:20:00,77.1858,77.4791,77.146,77.2107,76355.0
2026-03-27 11:25:00,77.2256,77.3101,77.2007,77.3051,41936.0
2026-03-27 11:30:00,77.3101,77.3988,77.2902,77.3747,64541.0
2026-03-27 11:35:00,77.3896,77.4244,77.32,77.3498,61926.0
2026-03-27 11:40:00,77.3498,77.3995,77.2405,77.32,58352.0
2026-03-27 11:45:00,77.32,77.5188,77.3101,77.5188,68804.0
2026-03-27 11:50:00,77.5139,77.6282,77.4691,77.5486,186882.0
2026-03-27 11:55:00,77.5486,77.5636,77.3299,77.4791,112123.0
2026-03-27 12:00:00,77.4691,77.5188,77.2107,77.2802,282693.0
2026-03-27 12:05:00,77.2703,77.32,76.9621,77.0019,314712.0
2026-03-27 12:10:00,77.002,77.2405,76.9522,77.1709,206736.0
2026-03-27 12:15:00,77.1808,77.2952,77.1112,77.151,162156.0
2026-03-27 12:20:00,77.1709,77.315,77.1659,77.2504,89315.0
2026-03-27 12:25:00,77.2604,77.3101,77.1696,77.3001,143899.0
2026-03-27 12:30:00,77.2902,77.315,77.1948,77.2454,105025.0
2026-03-27 12:35:00,77.2504,77.2902,77.1411,77.1709,119299.0
2026-03-27 12:40:00,77.1709,77.2852,77.1112,77.2206,124559.0
2026-03-27 12:45:00,77.2206,77.4691,77.2107,77.4492,68845.0
2026-03-27 12:50:00,77.4542,77.4641,77.3797,77.3995,43763.0
2026-03-27 12:55:00,77.3946,77.3995,77.315,77.3349,72558.0
2026-03-27 13:00:00,77.3399,77.4592,77.3299,77.4393,74607.0
2026-03-27 13:05:00,77.4343,77.5884,77.3598,77.4492,125433.0
2026-03-27 13:10:00,77.4492,77.4641,77.3797,77.4294,69738.0
2026-03-27 13:15:00,77.4393,77.5288,77.3797,77.4492,53943.0
2026-03-27 13:20:00,77.4492,77.4691,77.3797,77.3797,61330.0
2026-03-27 13:25:00,77.3896,77.4144,77.2007,77.2007,68615.0
2026-03-27 13:30:00,77.2107,77.2454,77.1411,77.2007,56669.0
2026-03-27 13:35:00,77.2007,77.315,77.1709,77.315,240402.0
2026-03-27 13:40:00,77.3101,77.3299,77.2405,77.3101,69137.0
2026-03-27 13:45:00,77.3051,77.3498,77.2206,77.2206,104793.0
2026-03-27 13:50:00,77.2107,77.2156,77.1112,77.1659,48108.0
2026-03-27 13:55:00,77.1709,77.2504,77.1262,77.2107,76221.0
2026-03-27 14:00:00,77.2107,77.2852,77.0019,77.0069,200593.0
2026-03-27 14:05:00,77.0069,77.0417,76.7882,76.8826,98456.0
2026-03-27 14:10:00,76.8826,76.9572,76.8727,76.9522,94201.0
2026-03-27 14:15:00,76.9522,77.1112,76.9025,77.1112,61416.0
2026-03-27 14:20:00,77.1112,77.2206,77.0566,77.0615,90901.0
2026-03-27 14:25:00,77.0615,77.1111,76.9671,77.0019,95324.0
2026-03-27 14:30:00,77.0019,77.0417,76.9224,76.9472,69263.0
2026-03-27 14:35:00,76.9423,77.0267,76.9225,76.9522,53236.0
2026-03-27 14:40:00,76.9621,77.0715,76.9174,76.9224,122117.0
2026-03-27 14:45:00,76.9025,76.9621,76.8925,76.9423,50300.0
2026-03-27 14:50:00,76.9423,76.9477,76.8428,76.8578,90394.0
2026-03-27 14:55:00,76.8528,76.9025,76.818,76.8776,98164.0
2026-03-27 15:00:00,76.8826,76.9224,76.6738,76.7136,135608.0
2026-03-27 15:05:00,76.7136,76.8031,76.5943,76.6092,94385.0
2026-03-27 15:10:00,76.6142,76.7981,76.5844,76.7782,173639.0
2026-03-27 15:15:00,76.7782,76.813,76.6937,76.7385,188354.0
2026-03-27 15:20:00,76.7335,76.8727,76.6839,76.7931,86151.0
2026-03-27 15:25:00,76.7882,76.7981,76.7086,76.7434,199887.0
2026-03-27 15:30:00,76.7385,76.7683,76.6241,76.7633,136842.0
2026-03-27 15:35:00,76.7633,76.7633,76.649,76.654,120783.0
2026-03-27 15:40:00,76.654,76.6888,76.485,76.5247,185086.0
2026-03-27 15:45:00,76.5247,76.5744,76.4204,76.4452,213047.0
2026-03-27 15:50:00,76.4353,76.5645,76.4005,76.5436,342001.0
2026-03-27 15:55:00,76.5446,76.8031,76.5347,76.6937,1188398.0
2026-03-30 09:30:00,77.4194,77.7574,77.2156,77.5834,237238.0
2026-03-30 09:35:00,77.5685,77.581,77.2206,77.3399,92557.0
2026-03-30 09:40:00,77.3299,77.3299,77.0317,77.151,75253.0
2026-03-30 09:45:00,77.1709,77.2703,76.3905,76.5645,238862.0
2026-03-30 09:50:00,76.5943,77.0118,76.5844,76.7136,104976.0
2026-03-30 09:55:00,76.6937,76.7534,76.485,76.6341,121295.0
2026-03-30 10:00:00,76.654,77.1112,76.6341,76.9323,96221.0
2026-03-30 10:05:00,76.9273,76.9373,76.7037,76.8478,86371.0
2026-03-30 10:10:00,76.8329,76.9721,76.7832,76.9422,55126.0
2026-03-30 10:15:00,76.9323,76.9323,76.7434,76.8279,72204.0
2026-03-30 10:20:00,76.8329,76.9224,76.813,76.9025,61811.0
2026-03-30 10:25:00,76.8826,76.9522,76.8279,76.9323,93451.0
2026-03-30 10:30:00,76.9266,76.982,76.8627,76.9621,81561.0
2026-03-30 10:35:00,76.9323,77.1884,76.8925,77.0566,78969.0
2026-03-30 10:40:00,77.0516,77.0715,76.7633,76.8925,65439.0
2026-03-30 10:45:00,76.8925,77.0715,76.7832,76.9721,104013.0
2026-03-30 10:50:00,76.9721,77.0118,76.8528,76.8925,93248.0
2026-03-30 10:55:00,76.8925,77.2852,76.8528,77.2604,233181.0
2026-03-30 11:00:00,77.2604,77.4492,77.0715,77.2007,297715.0
2026-03-30 11:05:00,77.2007,77.2703,76.987,77.1111,216692.0
2026-03-30 11:10:00,77.1212,77.161,77.0317,77.0516,66129.0
2026-03-30 11:15:00,77.0715,77.2206,76.9522,77.2007,111611.0
2026-03-30 11:20:00,77.1957,77.2604,77.1411,77.2405,53365.0
2026-03-30 11:25:00,77.2604,77.2902,77.1908,77.2007,94212.0
2026-03-30 11:30:00,77.2007,77.3399,77.0914,77.3299,73420.0
2026-03-30 11:35:00,77.3399,77.3548,77.2007,77.2107,82811.0
2026-03-30 11:40:00,77.2206,77.3598,77.1858,77.3299,97199.0
2026-03-30 11:45:00,77.32,77.3399,77.2703,77.3001,43470.0
2026-03-30 11:50:00,77.3001,77.3697,77.2802,77.3299,45543.0
2026-03-30 11:55:00,77.3001,77.3101,77.1908,77.2305,46529.0
2026-03-30 12:00:00,77.2405,77.2504,77.0417,77.0516,47838.0
2026-03-30 12:05:00,77.0367,77.1013,77.0118,77.0118,38249.0
2026-03-30 12:10:00,77.0118,77.1013,76.982,77.0963,68306.0
2026-03-30 12:15:00,77.1013,77.1212,77.0218,77.0516,63543.0
2026-03-30 12:20:00,77.0814,77.1112,77.0218,77.0352,29141.0
2026-03-30 12:25:00,77.0506,77.0766,77.0118,77.0715,29255.0
2026-03-30 12:30:00,77.0814,77.161,77.0367,77.1311,34004.0
2026-03-30 12:35:00,77.1311,77.1311,77.0118,77.0417,55461.0
2026-03-30 12:40:00,77.0317,77.0317,76.8578,76.8727,505803.0
2026-03-30 12:45:00,76.8925,76.9075,76.8428,76.8627,83682.0
2026-03-30 12:50:00,76.8528,76.9522,76.8329,76.9323,48007.0
2026-03-30 12:55:00,76.9323,77.0267,76.9224,77.0218,37536.0
2026-03-30 13:00:00,77.0417,77.0897,76.9522,76.9522,33959.0
2026-03-30 13:05:00,76.9423,77.0019,76.9124,76.9721,40774.0
2026-03-30 13:10:00,76.9721,76.982,76.8627,76.8677,33280.0
2026-03-30 13:15:00,76.8826,76.9025,76.7633,76.7733,62715.0
2026-03-30 13:20:00,76.7633,76.7832,76.6589,76.7236,37435.0
2026-03-30 13:25:00,76.7434,76.8034,76.7186,76.7434,50183.0
2026-03-30 13:30:00,76.7385,76.7733,76.6043,76.6043,115526.0
2026-03-30 13:35:00,76.6241,76.654,76.5247,76.6142,103801.0
2026-03-30 13:40:00,76.6043,76.7434,76.5943,76.7434,63610.0
2026-03-30 13:45:00,76.7434,76.7534,76.5894,76.6241,126102.0
2026-03-30 13:50:00,76.6341,76.6738,76.5993,76.6142,80303.0
2026-03-30 13:55:00,76.6241,76.6391,76.5645,76.6142,92027.0
2026-03-30 14:00:00,76.6291,76.7335,76.6242,76.6419,66543.0
2026-03-30 14:05:00,76.6391,76.654,76.5352,76.5744,69826.0
2026-03-30 14:10:00,76.5645,76.6837,76.5446,76.654,73755.0
2026-03-30 14:15:00,76.6738,76.6738,76.5943,76.6331,51244.0
2026-03-30 14:20:00,76.6241,76.6341,76.485,76.5347,115175.0
2026-03-30 14:25:00,76.5446,76.5645,76.4552,76.4552,51627.0
2026-03-30 14:30:00,76.4552,76.485,76.3658,76.48,60030.0
2026-03-30 14:35:00,76.48,76.6241,76.475,76.5297,56049.0
2026-03-30 14:40:00,76.5247,76.5645,76.5148,76.5247,85558.0
2026-03-30 14:45:00,76.5347,76.5645,76.4651,76.485,120201.0
2026-03-30 14:50:00,76.4899,76.5844,76.4253,76.5447,163675.0
2026-03-30 14:55:00,76.5496,76.6241,76.485,76.5595,56081.0
2026-03-30 15:00:00,76.5744,76.5844,76.3955,76.4054,75473.0
2026-03-30 15:05:00,76.4154,76.4353,76.1818,76.1867,123707.0
2026-03-30 15:10:00,76.1967,76.2066,76.0376,76.137,170190.0
2026-03-30 15:15:00,76.137,76.2464,76.0625,76.2464,198883.0
2026-03-30 15:20:00,76.2613,76.306,76.1967,76.1967,147772.0
2026-03-30 15:25:00,76.2017,76.2017,76.0675,76.0873,136258.0
2026-03-30 15:30:00,76.0973,76.1867,76.0575,76.1669,208158.0
2026-03-30 15:35:00,76.1718,76.2961,76.1619,76.2762,161653.0
2026-03-30 15:40:00,76.2712,76.311,76.1917,76.2514,178465.0
2026-03-30 15:45:00,76.2464,76.2663,76.1271,76.147,264320.0
2026-03-30 15:50:00,76.1569,76.4353,76.0973,76.4154,516853.0
2026-03-30 15:55:00,76.4253,76.4651,76.2563,76.3557,979449.0
2026-03-31 09:30:00,77.3697,77.4095,76.992,77.3498,229765.0
2026-03-31 09:35:00,77.3299,77.8469,77.2504,77.7872,176703.0
2026-03-31 09:40:00,77.8112,78.0059,77.7375,77.7972,117471.0
2026-03-31 09:45:00,77.8071,78.1501,77.8071,78.078,446011.0
2026-03-31 09:50:00,78.0855,78.3936,78.0755,78.2346,308992.0
2026-03-31 09:55:00,78.2147,78.4185,78.155,78.3936,77442.0
2026-03-31 10:00:00,78.3737,78.4633,78.2644,78.4533,101028.0
2026-03-31 10:05:00,78.4533,78.503,77.9662,77.986,207610.0
2026-03-31 10:10:00,77.986,78.1153,77.8021,77.827,154220.0
2026-03-31 10:15:00,77.8121,77.9015,77.7276,77.7574,137027.0
2026-03-31 10:20:00,77.7375,77.7475,77.3995,77.5884,205311.0
2026-03-31 10:25:00,77.5785,77.817,77.5586,77.7972,75851.0
2026-03-31 10:30:00,77.8021,77.817,77.6083,77.6331,175234.0
2026-03-31 10:35:00,77.6282,77.658,77.4194,77.4393,91298.0
2026-03-31 10:40:00,77.4393,77.6083,77.2206,77.2902,80588.0
2026-03-31 10:45:00,77.2802,77.3001,77.1311,77.2454,257777.0
2026-03-31 10:50:00,77.2801,77.3598,77.2504,77.3001,97744.0
2026-03-31 10:55:00,77.3001,77.3299,77.161,77.3001,97010.0
2026-03-31 11:00:00,77.3101,77.5983,77.3101,77.5685,103052.0
2026-03-31 11:05:00,77.5685,77.8071,77.5586,77.6232,415858.0
2026-03-31 11:10:00,77.6282,77.7375,77.5785,77.7176,129550.0
2026-03-31 11:15:00,77.7524,77.837,77.7082,77.8071,100916.0
2026-03-31 11:20:00,77.8071,77.827,77.658,77.817,74856.0
2026-03-31 11:25:00,77.8071,77.8668,77.6679,77.7773,85285.0
2026-03-31 11:30:00,77.7673,77.8568,77.6978,77.8369,80773.0
2026-03-31 11:35:00,77.8568,77.8866,77.7774,77.7872,43804.0
2026-03-31 11:40:00,77.7872,77.8668,77.7673,77.7972,23890.0
2026-03-31 11:45:00,77.7972,77.8369,77.7475,77.7624,135985.0
2026-03-31 11:50:00,77.7574,77.8071,77.6679,77.6808,93093.0
2026-03-31 11:55:00,77.6779,77.7077,77.5587,77.6071,55080.0
2026-03-31 12:00:00,77.5983,77.8071,77.5685,77.7176,58558.0
2026-03-31 12:05:00,77.7276,77.7773,77.7027,77.7176,33580.0
2026-03-31 12:10:00,77.7276,77.7276,77.5288,77.6481,54260.0
2026-03-31 12:15:00,77.6481,77.7375,77.5983,77.6083,42307.0
2026-03-31 12:20:00,77.6083,77.7872,77.6033,77.7872,82982.0
2026-03-31 12:25:00,77.7872,77.8866,77.7375,77.8618,59595.0
2026-03-31 12:30:00,77.8568,77.8618,77.8071,77.8469,29373.0
2026-03-31 12:35:00,77.8469,78.2047,77.7673,78.1947,84916.0
2026-03-31 12:40:00,78.1749,79.0,78.1749,78.7018,385241.0
2026-03-31 12:45:00,78.6819,78.6918,78.2942,78.5079,127412.0
2026-03-31 12:50:00,78.493,78.7515,78.3389,78.3688,151852.0
2026-03-31 12:55:00,78.3439,78.5825,78.2435,78.5626,77093.0
2026-03-31 13:00:00,78.5924,78.9105,78.5726,78.8311,60500.0
2026-03-31 13:05:00,78.831,78.8907,78.7018,78.7614,123163.0
2026-03-31 13:10:00,78.7614,78.831,78.672,78.831,123957.0
2026-03-31 13:15:00,78.841,79.1889,78.8012,79.169,467747.0
2026-03-31 13:20:00,79.169,79.169,78.9205,78.9702,241383.0
2026-03-31 13:25:00,78.9901,79.0944,78.9006,78.9304,408530.0
2026-03-31 13:30:00,78.9205,79.1988,78.9205,79.1889,86298.0
2026-03-31 13:35:00,79.1839,79.1889,78.7813,78.8608,269842.0
2026-03-31 13:40:00,78.826,78.9304,78.6819,78.7407,121121.0
2026-03-31 13:45:00,78.7515,78.8807,78.7217,78.8111,56387.0
2026-03-31 13:50:00,78.8211,78.9205,78.7714,78.9105,63364.0
2026-03-31 13:55:00,78.9105,78.9105,78.7415,78.8608,111149.0
2026-03-31 14:00:00,78.8608,78.9602,78.8012,78.8956,144787.0
2026-03-31 14:05:00,78.9006,79.0895,78.9006,79.0597,76438.0
2026-03-31 14:10:00,79.0497,79.0596,78.7913,78.9303,138662.0
2026-03-31 14:15:00,78.9205,79.0199,78.9105,79.0,128241.0
2026-03-31 14:20:00,79.005,79.005,78.8708,78.8907,61465.0
2026-03-31 14:25:00,78.8956,79.0298,78.8157,78.9404,310876.0
2026-03-31 14:30:00,78.9404,79.0597,78.9205,79.0298,78947.0
2026-03-31 14:35:00,79.0298,79.2038,79.01,79.1491,45704.0
2026-03-31 14:40:00,79.1392,79.1591,78.9602,79.0149,226200.0
2026-03-31 14:45:00,79.0199,79.0795,78.9205,79.0398,79829.0
2026-03-31 14:50:00,79.0398,79.2088,79.0398,79.1988,103060.0
2026-03-31 14:55:00,79.1889,79.2287,79.1292,79.1392,66929.0
2026-03-31 15:00:00,79.1491,79.2535,79.0696,79.0795,90383.0
2026-03-31 15:05:00,79.0895,79.0895,78.7913,78.8012,124427.0
2026-03-31 15:10:00,78.8012,78.9553,78.7913,78.9354,200323.0
2026-03-31 15:15:00,78.9354,78.9702,78.8608,78.9056,180533.0
2026-03-31 15:20:00,78.9056,79.0199,78.831,78.9554,138064.0
2026-03-31 15:25:00,78.9602,78.9801,78.8708,78.9006,138575.0
2026-03-31 15:30:00,78.8907,79.1094,78.8857,79.0298,106553.0
2026-03-31 15:35:00,79.0298,79.0845,79.0,79.0597,99461.0
2026-03-31 15:40:00,79.0497,79.1168,79.0149,79.0944,151482.0
2026-03-31 15:45:00,79.0795,79.2237,79.0696,79.2088,177014.0
2026-03-31 15:50:00,79.2187,79.2684,79.0149,79.0398,363062.0
2026-03-31 15:55:00,79.0497,79.1839,78.9503,79.1243,1245248.0
