datetime,open,high,low,close,volume
2026-04-01 09:30:00,123.5655,124.1145,123.3459,123.3559,611433.0
2026-04-01 09:35:00,123.3759,123.5256,122.9168,122.9367,446950.0
2026-04-01 09:40:00,122.9469,123.5456,122.8968,123.4557,244577.0
2026-04-01 09:45:00,123.4757,124.2892,123.4259,124.1295,323137.0
2026-04-01 09:50:00,124.1045,124.3923,123.9049,124.1344,190782.0
2026-04-01 09:55:00,124.1344,124.364,123.9747,124.0546,137323.0
2026-04-01 10:00:00,124.0496,124.1245,123.7152,123.9348,215409.0
2026-04-01 10:05:00,123.9348,124.0646,123.7252,123.7352,159613.0
2026-04-01 10:10:00,123.7651,123.9997,123.6055,123.82,163258.0
2026-04-01 10:15:00,123.845,123.9049,123.3809,123.5506,169572.0
2026-04-01 10:20:00,123.5357,123.6753,123.3559,123.5006,176376.0
2026-04-01 10:25:00,123.5006,123.5355,123.306,123.306,105953.0
2026-04-01 10:30:00,123.296,123.6653,123.2861,123.6055,207932.0
2026-04-01 10:35:00,123.6154,124.0147,123.4909,123.9149,144508.0
2026-04-01 10:40:00,123.9149,124.0446,123.7851,123.9448,129231.0
2026-04-01 10:45:00,123.9498,124.3266,123.8949,124.3191,118710.0
2026-04-01 10:50:00,124.3191,124.3241,123.835,123.9648,149567.0
2026-04-01 10:55:00,123.9698,124.0135,123.6953,123.7701,130007.0
2026-04-01 11:00:00,123.7751,123.7801,123.5858,123.7552,98456.0
2026-04-01 11:05:00,123.7552,123.7602,123.5256,123.6055,148543.0
2026-04-01 11:10:00,123.6104,123.9847,123.4258,123.8949,288329.0
2026-04-01 11:15:00,123.8949,124.1195,123.8949,124.1045,328032.0
2026-04-01 11:20:00,124.0945,124.1245,123.86,123.9747,221379.0
2026-04-01 11:25:00,123.9747,124.1444,123.9498,123.9897,168702.0
2026-04-01 11:30:00,123.9897,123.9897,123.6354,123.6953,208684.0
2026-04-01 11:35:00,123.7053,123.865,123.7053,123.7402,123766.0
2026-04-01 11:40:00,123.7252,123.835,123.6953,123.7951,167374.0
2026-04-01 11:45:00,123.7951,123.7951,123.5156,123.6753,145181.0
2026-04-01 11:50:00,123.6853,123.7552,123.5356,123.6953,176537.0
2026-04-01 11:55:00,123.6803,123.8051,123.6653,123.7452,148544.0
2026-04-01 12:00:00,123.7552,123.855,123.6254,123.6404,152486.0
2026-04-01 12:05:00,123.6266,123.7751,123.5256,123.6653,165037.0
2026-04-01 12:10:00,123.6703,123.6753,123.4757,123.6354,145256.0
2026-04-01 12:15:00,123.6354,123.7402,123.5655,123.7152,78144.0
2026-04-01 12:20:00,123.7152,123.7452,123.6354,123.6603,78870.0
2026-04-01 12:25:00,123.6653,123.83,123.6454,123.82,78071.0
2026-04-01 12:30:00,123.82,124.1045,123.8101,124.1045,88322.0
2026-04-01 12:35:00,124.1145,124.2742,124.0995,124.2093,88784.0
2026-04-01 12:40:00,124.2093,124.2742,124.1645,124.2542,88980.0
2026-04-01 12:45:00,124.2492,124.6036,124.2392,124.4738,177955.0
2026-04-01 12:50:00,124.4838,124.5437,124.354,124.364,107084.0
2026-04-01 12:55:00,124.354,124.4339,124.3241,124.3291,75085.0
2026-04-01 13:00:00,124.3291,124.359,124.2542,124.3041,71668.0
2026-04-01 13:05:00,124.2941,124.364,124.2243,124.2243,57548.0
2026-04-01 13:10:00,124.2343,124.2542,124.1344,124.1744,71659.0
2026-04-01 13:15:00,124.1744,124.2941,124.1744,124.2343,58231.0
2026-04-01 13:20:00,124.2442,124.344,124.1644,124.2892,87545.0
2026-04-01 13:25:00,124.2991,124.3341,124.2043,124.3291,69881.0
2026-04-01 13:30:00,124.3394,124.384,124.2842,124.344,69248.0
2026-04-01 13:35:00,124.3391,124.3391,124.1644,124.2642,74487.0
2026-04-01 13:40:00,124.2642,124.374,124.2343,124.3391,68152.0
2026-04-01 13:45:00,124.344,124.4588,124.3241,124.4089,67981.0
2026-04-01 13:50:00,124.4139,124.5936,124.4039,124.4688,144665.0
2026-04-01 13:55:00,124.4689,124.5237,124.4039,124.4289,198421.0
2026-04-01 14:00:00,124.4339,124.4938,124.374,124.4239,97905.0
2026-04-01 14:05:00,124.4139,124.4638,124.2542,124.4538,103902.0
2026-04-01 14:10:00,124.4488,124.5337,124.394,124.5037,93687.0
2026-04-01 14:15:00,124.5187,124.7133,124.5137,124.6036,173649.0
2026-04-01 14:20:00,124.6135,124.6733,124.4638,124.4638,179842.0
2026-04-01 14:25:00,124.4673,124.4688,124.2492,124.2742,135289.0
2026-04-01 14:30:00,124.2692,124.4189,124.2343,124.3989,117495.0
2026-04-01 14:35:00,124.4039,124.6448,124.364,124.6435,129296.0
2026-04-01 14:40:00,124.6485,124.6734,124.5537,124.6185,124162.0
2026-04-01 14:45:00,124.6335,124.6834,124.4838,124.5736,127577.0
2026-04-01 14:50:00,124.5736,124.6784,124.5237,124.6185,136495.0
2026-04-01 14:55:00,124.6185,124.6884,124.5736,124.6235,99334.0
2026-04-01 15:00:00,124.6235,124.8131,124.5936,124.721,153597.0
2026-04-01 15:05:00,124.7233,124.7931,124.6934,124.7633,109156.0
2026-04-01 15:10:00,124.7533,124.8032,124.7133,124.7782,134831.0
2026-04-01 15:15:00,124.7832,124.8032,124.5936,124.6834,129468.0
2026-04-01 15:20:00,124.6734,124.7233,124.6185,124.6984,104441.0
2026-04-01 15:25:00,124.6834,124.7633,124.6734,124.6934,112595.0
2026-04-01 15:30:00,124.6934,124.8132,124.6934,124.7583,183846.0
2026-04-01 15:35:00,124.7633,124.923,124.7433,124.888,140733.0
2026-04-01 15:40:00,124.888,124.9928,124.8231,124.8581,167543.0
2026-04-01 15:45:00,124.8631,124.8631,124.7034,124.7533,176481.0
2026-04-01 15:50:00,124.7533,124.8281,124.5237,124.6485,413478.0
2026-04-01 15:55:00,124.6335,124.6734,124.374,124.4938,992919.0
2026-04-02 09:30:00,124.913,125.6615,124.3091,124.7633,547657.0
2026-04-02 09:35:00,124.7782,125.0626,124.6235,124.9429,308832.0
2026-04-02 09:40:00,124.9429,125.5218,124.913,125.1425,318874.0
2026-04-02 09:45:00,125.1326,125.4919,124.9729,125.2523,237536.0
2026-04-02 09:50:00,125.2473,125.6366,125.1126,125.2124,224698.0
2026-04-02 09:55:00,125.2124,125.5218,125.2124,125.3721,256713.0
2026-04-02 10:00:00,125.3821,125.5019,125.0427,125.1775,203103.0
2026-04-02 10:05:00,125.1625,125.2024,124.5337,124.5437,270821.0
2026-04-02 10:10:00,124.5137,124.5137,123.9149,123.9947,245375.0
2026-04-02 10:15:00,123.9747,124.5237,123.9747,124.4638,216263.0
2026-04-02 10:20:00,124.4439,124.7034,124.4189,124.5736,175920.0
2026-04-02 10:25:00,124.5936,124.8431,124.5736,124.6535,111812.0
2026-04-02 10:30:00,124.6335,124.6634,124.4239,124.4239,145648.0
2026-04-02 10:35:00,124.4339,124.7633,124.2343,124.7084,318980.0
2026-04-02 10:40:00,124.7034,124.9329,124.6235,124.9329,124709.0
2026-04-02 10:45:00,124.923,125.0128,124.6634,124.7183,155311.0
2026-04-02 10:50:00,124.7333,124.7882,124.5537,124.7433,98783.0
2026-04-02 10:55:00,124.7533,124.9729,124.7533,124.8331,82130.0
2026-04-02 11:00:00,124.8281,124.893,124.6085,124.7034,85440.0
2026-04-02 11:05:00,124.7084,124.7732,124.5736,124.6385,74144.0
2026-04-02 11:10:00,124.6385,124.8132,124.5636,124.8032,81977.0
2026-04-02 11:15:00,124.7982,124.9329,124.6934,124.7832,93250.0
2026-04-02 11:20:00,124.7633,124.7832,124.5736,124.6485,82705.0
2026-04-02 11:25:00,124.6335,124.9529,124.6036,124.893,112052.0
2026-04-02 11:30:00,124.913,124.9329,124.7433,124.7732,79434.0
2026-04-02 11:35:00,124.7533,124.9729,124.7333,124.9679,90214.0
2026-04-02 11:40:00,124.9529,125.0128,124.8531,124.9629,68000.0
2026-04-02 11:45:00,124.9679,124.9679,124.8033,124.8281,57408.0
2026-04-02 11:50:00,124.8431,124.9928,124.7433,124.9828,71988.0
2026-04-02 11:55:00,124.9828,125.0527,124.923,124.923,65768.0
2026-04-02 12:00:00,124.913,125.1425,124.7982,124.8132,106587.0
2026-04-02 12:05:00,124.8132,124.9629,124.7533,124.913,88919.0
2026-04-02 12:10:00,124.9249,124.9528,124.8431,124.923,48087.0
2026-04-02 12:15:00,124.9529,125.0976,124.923,124.9629,63483.0
2026-04-02 12:20:00,124.9429,125.0427,124.9429,124.9529,73828.0
2026-04-02 12:25:00,124.9629,125.1924,124.9629,125.1675,46804.0
2026-04-02 12:30:00,125.1675,125.2922,125.0527,125.2224,109440.0
2026-04-02 12:35:00,125.1924,125.442,125.1924,125.417,89837.0
2026-04-02 12:40:00,125.412,125.5518,125.3721,125.4519,76800.0
2026-04-02 12:45:00,125.447,125.4519,125.3022,125.3571,65063.0
2026-04-02 12:50:00,125.3671,125.4969,125.3119,125.422,63048.0
2026-04-02 12:55:00,125.432,125.4619,125.2623,125.2723,39523.0
2026-04-02 13:00:00,125.2773,125.4719,125.2174,125.4619,56095.0
2026-04-02 13:05:00,125.442,125.4619,125.3771,125.4519,73046.0
2026-04-02 13:10:00,125.4519,125.5617,125.442,125.4919,80525.0
2026-04-02 13:15:00,125.4819,125.5218,125.3821,125.422,56405.0
2026-04-02 13:20:00,125.412,125.4969,125.3322,125.4619,85767.0
2026-04-02 13:25:00,125.4619,125.5068,125.2723,125.2723,95921.0
2026-04-02 13:30:00,125.2823,125.3172,125.2124,125.2623,62039.0
2026-04-02 13:35:00,125.2523,125.2524,125.1226,125.1326,48947.0
2026-04-02 13:40:00,125.1326,125.1525,125.0427,125.1026,64878.0
2026-04-02 13:45:00,125.0926,125.0926,124.908,124.908,61068.0
2026-04-02 13:50:00,124.903,124.9529,124.8631,124.918,63416.0
2026-04-02 13:55:00,124.923,124.923,124.8231,124.903,68176.0
2026-04-02 14:00:00,124.923,124.9978,124.8581,124.9828,87690.0
2026-04-02 14:05:00,124.9903,125.0727,124.9529,124.9828,49644.0
2026-04-02 14:10:00,124.9928,125.0028,124.908,124.908,53609.0
2026-04-02 14:15:00,124.918,125.0327,124.913,124.9629,64834.0
2026-04-02 14:20:00,124.9729,125.0128,124.913,124.9279,56159.0
2026-04-02 14:25:00,124.913,125.068,124.893,125.0554,69466.0
2026-04-02 14:30:00,125.0627,125.0876,124.9329,125.0876,77484.0
2026-04-02 14:35:00,125.0826,125.1425,125.0327,125.0777,84048.0
2026-04-02 14:40:00,125.0777,125.1575,125.0627,125.1525,73870.0
2026-04-02 14:45:00,125.1525,125.2224,125.1326,125.2224,84366.0
2026-04-02 14:50:00,125.2224,125.2922,125.1974,125.2748,118022.0
2026-04-02 14:55:00,125.2673,125.2972,125.1924,125.2045,76383.0
2026-04-02 15:00:00,125.2124,125.402,125.2124,125.2823,71617.0
2026-04-02 15:05:00,125.2823,125.3322,125.1974,125.2523,102414.0
2026-04-02 15:10:00,125.2523,125.3821,125.2523,125.2733,72958.0
2026-04-02 15:15:00,125.2823,125.2972,125.2025,125.2523,93920.0
2026-04-02 15:20:00,125.2523,125.2922,125.2024,125.2623,89799.0
2026-04-02 15:25:00,125.2523,125.2922,125.1725,125.2024,82000.0
2026-04-02 15:30:00,125.1924,125.2124,125.1326,125.1825,98836.0
2026-04-02 15:35:00,125.1874,125.2823,125.1825,125.2823,81865.0
2026-04-02 15:40:00,125.2723,125.3422,125.2573,125.2623,150653.0
2026-04-02 15:45:00,125.2523,125.3222,125.1425,125.3072,113084.0
2026-04-02 15:50:00,125.3222,125.6116,125.3197,125.5518,250440.0
2026-04-02 15:55:00,125.5617,125.5817,125.432,125.5468,560742.0
2026-04-06 09:30:00,125.5717,126.2305,125.1326,125.8712,431214.0
2026-04-06 09:35:00,125.8811,126.1307,125.6416,125.7707,151648.0
2026-04-06 09:40:00,125.7614,125.901,125.412,125.6067,106010.0
2026-04-06 09:45:00,125.6316,125.8612,125.5518,125.6915,149043.0
2026-04-06 09:50:00,125.6815,126.0608,125.6316,126.0558,105527.0
2026-04-06 09:55:00,126.0708,126.2005,126.0059,126.2005,109958.0
2026-04-06 10:00:00,126.1806,126.256,126.0308,126.1057,202319.0
2026-04-06 10:05:00,126.1157,126.4351,125.9211,126.3652,182277.0
2026-04-06 10:10:00,126.3702,126.6097,126.3053,126.5499,285181.0
2026-04-06 10:15:00,126.5798,126.7395,126.495,126.6646,155506.0
2026-04-06 10:20:00,126.6697,126.6796,126.48,126.6497,121703.0
2026-04-06 10:25:00,126.6497,126.6796,125.941,126.2904,89752.0
2026-04-06 10:30:00,126.3003,126.5049,126.2704,126.3203,84408.0
2026-04-06 10:35:00,126.3153,126.3153,125.9211,125.961,132568.0
2026-04-06 10:40:00,125.951,126.2305,125.951,126.2096,122561.0
2026-04-06 10:45:00,126.1955,126.3003,126.0808,126.1905,103923.0
2026-04-06 10:50:00,126.2105,126.3502,126.2002,126.3203,80924.0
2026-04-06 10:55:00,126.3203,126.4201,126.2604,126.3602,68557.0
2026-04-06 11:00:00,126.3502,126.5,126.3003,126.47,165836.0
2026-04-06 11:05:00,126.47,126.5549,126.4302,126.5099,85292.0
2026-04-06 11:10:00,126.5,126.588,126.46,126.5549,97614.0
2026-04-06 11:15:00,126.5598,126.6097,126.5199,126.5299,89944.0
2026-04-06 11:20:00,126.5299,126.5998,126.495,126.5249,90110.0
2026-04-06 11:25:00,126.5199,126.5898,126.4621,126.5,100611.0
2026-04-06 11:30:00,126.495,126.5598,126.2305,126.2804,183452.0
2026-04-06 11:35:00,126.2804,126.3203,126.0308,126.1257,124121.0
2026-04-06 11:40:00,126.1307,126.3403,126.1057,126.2811,71515.0
2026-04-06 11:45:00,126.2804,126.3203,126.1437,126.2704,110526.0
2026-04-06 11:50:00,126.2704,126.3203,126.2206,126.2804,66991.0
2026-04-06 11:55:00,126.2904,126.3153,126.1606,126.1706,83443.0
2026-04-06 12:00:00,126.1506,126.2604,126.0358,126.0358,77277.0
2026-04-06 12:05:00,126.0508,126.1606,126.0209,126.1107,71348.0
2026-04-06 12:10:00,126.1107,126.1307,126.0209,126.0358,52606.0
2026-04-06 12:15:00,126.0408,126.0708,125.9909,126.0109,47759.0
2026-04-06 12:20:00,126.0109,126.1157,126.0009,126.0957,51493.0
2026-04-06 12:25:00,126.1007,126.1406,126.0308,126.0608,45592.0
2026-04-06 12:30:00,126.0608,126.1006,125.9816,126.0808,59660.0
2026-04-06 12:35:00,126.0808,126.1606,126.0758,126.1257,59159.0
2026-04-06 12:40:00,126.1107,126.2604,126.1004,126.1905,51777.0
2026-04-06 12:45:00,126.2105,126.2504,126.1606,126.2005,80005.0
2026-04-06 12:50:00,126.2105,126.2305,126.1107,126.1406,57570.0
2026-04-06 12:55:00,126.1356,126.1706,126.0608,126.1706,49253.0
2026-04-06 13:00:00,126.1656,126.1905,126.0708,126.1516,59030.0
2026-04-06 13:05:00,126.1706,126.1905,126.0508,126.1207,49830.0
2026-04-06 13:10:00,126.1107,126.1307,125.931,125.9909,83085.0
2026-04-06 13:15:00,125.9809,126.0159,125.9161,126.0009,42021.0
2026-04-06 13:20:00,126.0009,126.1007,125.971,126.0919,37848.0
2026-04-06 13:25:00,126.0957,126.1806,126.0508,126.1406,59395.0
2026-04-06 13:30:00,126.1406,126.2603,126.1107,126.2305,111988.0
2026-04-06 13:35:00,126.2355,126.2704,126.1606,126.2704,70996.0
2026-04-06 13:40:00,126.2904,126.2904,126.1007,126.1606,47879.0
2026-04-06 13:45:00,126.1556,126.1706,126.0808,126.1406,40272.0
2026-04-06 13:50:00,126.1506,126.1506,126.0508,126.1406,48879.0
2026-04-06 13:55:00,126.1406,126.1506,126.0408,126.0708,60064.0
2026-04-06 14:00:00,126.0708,126.1307,125.951,126.0408,57598.0
2026-04-06 14:05:00,126.0308,126.1606,126.0308,126.1307,69332.0
2026-04-06 14:10:00,126.1356,126.2904,126.1207,126.2604,81738.0
2026-04-06 14:15:00,126.2604,126.3502,126.2604,126.3103,59861.0
2026-04-06 14:20:00,126.3103,126.3802,126.2305,126.3103,74241.0
2026-04-06 14:25:00,126.3103,126.3602,126.2804,126.3502,42525.0
2026-04-06 14:30:00,126.3502,126.3802,126.1905,126.2105,87663.0
2026-04-06 14:35:00,126.2105,126.2804,126.1207,126.2005,76836.0
2026-04-06 14:40:00,126.2105,126.2504,126.1307,126.1905,49639.0
2026-04-06 14:45:00,126.1806,126.2804,126.1806,126.2704,49390.0
2026-04-06 14:50:00,126.2804,126.3502,126.2604,126.3502,61112.0
2026-04-06 14:55:00,126.3502,126.5149,126.3303,126.475,76715.0
2026-04-06 15:00:00,126.49,126.5499,126.4251,126.4351,59557.0
2026-04-06 15:05:00,126.4351,126.47,126.3802,126.4101,58896.0
2026-04-06 15:10:00,126.4101,126.4451,126.3752,126.4161,68040.0
2026-04-06 15:15:00,126.4271,126.4351,126.3403,126.3403,61077.0
2026-04-06 15:20:00,126.3403,126.3802,126.3014,126.3253,64946.0
2026-04-06 15:25:00,126.3253,126.3801,126.3103,126.3702,82860.0
2026-04-06 15:30:00,126.3602,126.4401,126.3502,126.4101,84592.0
2026-04-06 15:35:00,126.4198,126.4501,126.3502,126.4101,100017.0
2026-04-06 15:40:00,126.4151,126.4501,126.3453,126.4101,126563.0
2026-04-06 15:45:00,126.4101,126.5648,126.4001,126.5598,138810.0
2026-04-06 15:50:00,126.5598,126.6896,126.2804,126.3053,243355.0
2026-04-06 15:55:00,126.3003,126.6297,126.2305,126.5598,695034.0
2026-04-07 09:30:00,125.951,126.1207,124.7732,124.8032,533255.0
2026-04-07 09:35:00,124.7732,124.9479,124.5037,124.5836,314446.0
2026-04-07 09:40:00,124.5836,124.6035,124.1943,124.364,233724.0
2026-04-07 09:45:00,124.379,124.4139,123.5955,123.6768,259406.0
2026-04-07 09:50:00,123.6853,123.9348,123.5156,123.7152,297524.0
2026-04-07 09:55:00,123.6853,124.0945,123.5156,123.9947,138218.0
2026-04-07 10:00:00,123.9997,124.0995,123.6653,123.7951,179516.0
2026-04-07 10:05:00,123.7851,124.0396,123.3659,123.4308,202257.0
2026-04-07 10:10:00,123.4158,123.4557,123.1363,123.2711,180773.0
2026-04-07 10:15:00,123.2461,123.3859,123.1463,123.2262,131502.0
2026-04-07 10:20:00,123.2411,123.5342,123.2362,123.5106,198384.0
2026-04-07 10:25:00,123.5106,123.7252,123.4857,123.5306,249444.0
2026-04-07 10:30:00,123.5555,123.7951,123.5406,123.6853,159124.0
2026-04-07 10:35:00,123.6953,123.9079,123.6853,123.6953,110842.0
2026-04-07 10:40:00,123.7053,123.9947,123.5456,123.865,126277.0
2026-04-07 10:45:00,123.865,123.8849,123.5555,123.5805,139573.0
2026-04-07 10:50:00,123.5755,123.6104,123.306,123.3958,123136.0
2026-04-07 10:55:00,123.3709,123.3759,123.0066,123.0066,167021.0
2026-04-07 11:00:00,123.0066,123.1363,122.8569,122.9168,138963.0
2026-04-07 11:05:00,122.9068,123.0964,122.8169,122.8469,106170.0
2026-04-07 11:10:00,122.8469,122.8968,122.4976,122.6173,155463.0
2026-04-07 11:15:00,122.6173,122.812,122.5824,122.7271,129131.0
2026-04-07 11:20:00,122.7171,122.807,122.5375,122.5475,74914.0
2026-04-07 11:25:00,122.5375,122.8344,122.4277,122.8269,130082.0
2026-04-07 11:30:00,122.8269,123.1962,122.7571,123.0565,170336.0
2026-04-07 11:35:00,123.0465,123.1663,122.9567,122.9866,127560.0
2026-04-07 11:40:00,122.9966,123.0415,122.898,122.9966,53869.0
2026-04-07 11:45:00,122.9916,123.1164,122.9267,123.0265,47032.0
2026-04-07 11:50:00,123.0365,123.0765,122.9966,122.9966,63233.0
2026-04-07 11:55:00,123.0066,123.0964,122.8169,122.9168,86701.0
2026-04-07 12:00:00,122.9267,123.2461,122.8369,123.2162,146819.0
2026-04-07 12:05:00,123.1862,123.1962,123.0066,123.0316,161028.0
2026-04-07 12:10:00,123.0315,123.2362,123.0066,123.2062,63232.0
2026-04-07 12:15:00,123.1862,123.306,123.1164,123.1933,67835.0
2026-04-07 12:20:00,123.1663,123.321,123.1264,123.2461,141000.0
2026-04-07 12:25:00,123.2162,123.2517,123.0914,123.1862,127704.0
2026-04-07 12:30:00,123.1862,123.2561,123.1463,123.1763,88138.0
2026-04-07 12:35:00,123.1962,123.2261,122.9367,123.0814,96631.0
2026-04-07 12:40:00,123.0765,123.1064,122.6722,122.792,102863.0
2026-04-07 12:45:00,122.797,122.9367,122.787,122.812,95103.0
2026-04-07 12:50:00,122.812,123.2262,122.7371,123.0665,83732.0
2026-04-07 12:55:00,123.0615,123.0715,122.837,122.8668,69374.0
2026-04-07 13:00:00,122.8369,122.8369,122.6672,122.6672,110748.0
2026-04-07 13:05:00,122.6672,122.6672,122.4776,122.6373,86650.0
2026-04-07 13:10:00,122.6323,122.6473,122.5075,122.5175,121928.0
2026-04-07 13:15:00,122.5075,122.5075,122.3679,122.4077,85267.0
2026-04-07 13:20:00,122.3878,122.5475,122.2979,122.5225,92248.0
2026-04-07 13:25:00,122.5225,122.6423,122.4676,122.6423,137920.0
2026-04-07 13:30:00,122.6373,122.6872,122.5475,122.6073,92158.0
2026-04-07 13:35:00,122.5974,122.7321,122.5774,122.6173,111728.0
2026-04-07 13:40:00,122.6223,122.7072,122.5674,122.6722,77783.0
2026-04-07 13:45:00,122.6672,122.7411,122.5674,122.7271,78164.0
2026-04-07 13:50:00,122.7371,122.7571,122.6073,122.6772,73022.0
2026-04-07 13:55:00,122.6843,122.6972,122.5674,122.6273,82236.0
2026-04-07 14:00:00,122.6373,122.6822,122.5375,122.6073,79937.0
2026-04-07 14:05:00,122.6073,122.6971,122.5375,122.6971,82702.0
2026-04-07 14:10:00,122.6772,122.7072,122.6226,122.6922,58534.0
2026-04-07 14:15:00,122.6972,122.7471,122.6473,122.6672,68102.0
2026-04-07 14:20:00,122.6572,122.7656,122.6572,122.7121,66980.0
2026-04-07 14:25:00,122.7171,122.7571,122.6572,122.7047,88819.0
2026-04-07 14:30:00,122.7171,122.7271,122.4826,122.5175,154416.0
2026-04-07 14:35:00,122.5175,122.5375,122.4077,122.4876,98541.0
2026-04-07 14:40:00,122.5075,122.5275,122.2381,122.4276,174812.0
2026-04-07 14:45:00,122.4227,122.5075,122.2081,122.2281,105726.0
2026-04-07 14:50:00,122.243,122.3079,122.0317,122.0634,151752.0
2026-04-07 14:55:00,122.0684,122.0933,121.8737,121.908,135835.0
2026-04-07 15:00:00,121.9087,121.9286,121.6691,121.719,168032.0
2026-04-07 15:05:00,121.709,121.759,121.5593,121.709,184396.0
2026-04-07 15:10:00,121.6991,121.9286,121.6991,121.9087,133969.0
2026-04-07 15:15:00,121.8987,122.5175,121.8588,122.4876,186273.0
2026-04-07 15:20:00,122.4776,122.6223,122.3478,122.3977,155281.0
2026-04-07 15:25:00,122.3778,122.3878,122.1981,122.3278,151849.0
2026-04-07 15:30:00,122.3129,122.3179,122.1589,122.1981,161567.0
2026-04-07 15:35:00,122.1881,122.1931,121.9486,121.9586,136498.0
2026-04-07 15:40:00,121.9586,122.1732,121.9386,122.1332,221603.0
2026-04-07 15:45:00,122.1183,122.5175,122.0584,122.228,390526.0
2026-04-07 15:50:00,122.2281,122.5175,121.9388,121.9835,554172.0
2026-04-07 15:55:00,121.9985,122.3029,121.9586,122.278,1019534.0
2026-04-08 09:30:00,122.0484,123.0116,121.1002,122.9417,1008829.0
2026-04-08 09:35:00,122.9417,123.6154,122.837,123.5755,532700.0
2026-04-08 09:40:00,123.5855,124.2991,123.5755,123.9747,432553.0
2026-04-08 09:45:00,123.9747,124.2842,123.6454,123.7851,292423.0
2026-04-08 09:50:00,123.7901,124.0895,123.7585,123.9498,296125.0
2026-04-08 09:55:00,123.9248,124.6934,123.8799,124.4838,357290.0
2026-04-08 10:00:00,124.4788,124.6834,124.1844,124.6335,386055.0
2026-04-08 10:05:00,124.6235,124.6235,123.9947,124.3041,408860.0
2026-04-08 10:10:00,124.2842,124.5936,124.2193,124.5337,209419.0
2026-04-08 10:15:00,124.5437,124.6135,124.1344,124.1344,270803.0
2026-04-08 10:20:00,124.1344,124.1744,124.0097,124.0247,230197.0
2026-04-08 10:25:00,124.0346,124.221,123.9541,124.0696,148923.0
2026-04-08 10:30:00,124.0646,124.1843,123.9348,124.0496,164896.0
2026-04-08 10:35:00,124.0496,124.4139,124.0496,124.349,140596.0
2026-04-08 10:40:00,124.364,124.918,124.3341,124.8681,246262.0
2026-04-08 10:45:00,124.883,125.3022,124.8431,125.2573,193629.0
2026-04-08 10:50:00,125.2523,125.4719,125.2124,125.402,162086.0
2026-04-08 10:55:00,125.412,125.6815,125.3122,125.6067,246935.0
2026-04-08 11:00:00,125.6216,125.6416,125.3821,125.5318,181754.0
2026-04-08 11:05:00,125.5318,125.5318,124.9579,125.1026,262613.0
2026-04-08 11:10:00,125.0926,125.1725,124.9929,125.1026,137798.0
2026-04-08 11:15:00,125.1126,125.1226,124.9629,124.9729,90569.0
2026-04-08 11:20:00,124.9729,125.0527,124.903,124.9878,155973.0
2026-04-08 11:25:00,124.9878,125.1525,124.923,125.1525,151200.0
2026-04-08 11:30:00,125.1525,125.4819,125.0926,125.4819,171993.0
2026-04-08 11:35:00,125.4619,125.4819,125.1825,125.2324,162722.0
2026-04-08 11:40:00,125.2274,125.2522,125.1026,125.1126,93427.0
2026-04-08 11:45:00,125.1126,125.3921,125.1126,125.3122,101745.0
2026-04-08 11:50:00,125.3122,125.3222,125.1625,125.1924,69474.0
2026-04-08 11:55:00,125.1825,125.2124,125.0228,125.0577,120316.0
2026-04-08 12:00:00,125.0627,125.1924,125.0278,125.1226,91719.0
2026-04-08 12:05:00,125.1126,125.1326,124.9928,125.0826,110163.0
2026-04-08 12:10:00,125.0727,125.1226,124.9429,124.9529,85722.0
2026-04-08 12:15:00,124.9579,125.0826,124.913,125.0826,135517.0
2026-04-08 12:20:00,125.0876,125.1525,125.0128,125.0527,88488.0
2026-04-08 12:25:00,125.0477,125.2224,124.9928,125.2024,109656.0
2026-04-08 12:30:00,125.2124,125.2788,125.0777,125.2423,116126.0
2026-04-08 12:35:00,125.2823,125.3222,125.2124,125.3022,101731.0
2026-04-08 12:40:00,125.3022,125.3621,125.2423,125.2523,107281.0
2026-04-08 12:45:00,125.2473,125.2823,125.1625,125.206,68163.0
2026-04-08 12:50:00,125.2074,125.2423,125.1326,125.1725,73734.0
2026-04-08 12:55:00,125.1725,125.3422,125.1625,125.3322,110359.0
2026-04-08 13:00:00,125.3621,125.5468,125.3571,125.447,111992.0
2026-04-08 13:05:00,125.447,125.5318,125.3931,125.4669,81120.0
2026-04-08 13:10:00,125.4669,125.5218,125.432,125.5218,64041.0
2026-04-08 13:15:00,125.5318,125.5627,125.442,125.5068,75069.0
2026-04-08 13:20:00,125.5068,125.59,125.4519,125.4919,81899.0
2026-04-08 13:25:00,125.4919,125.5667,125.4719,125.5667,69768.0
2026-04-08 13:30:00,125.5667,125.6615,125.5518,125.6116,93360.0
2026-04-08 13:35:00,125.6067,125.7115,125.6017,125.6815,84147.0
2026-04-08 13:40:00,125.6715,125.8512,125.6715,125.8212,114098.0
2026-04-08 13:45:00,125.8312,125.8911,125.7614,125.7863,73518.0
2026-04-08 13:50:00,125.7863,125.8811,125.7514,125.7713,73780.0
2026-04-08 13:55:00,125.7614,125.8412,125.7314,125.8262,116227.0
2026-04-08 14:00:00,125.8312,126.1506,125.7913,126.1207,113281.0
2026-04-08 14:05:00,126.1207,126.3403,126.1207,126.2704,150198.0
2026-04-08 14:10:00,126.2704,126.3601,126.2604,126.3601,106291.0
2026-04-08 14:15:00,126.3502,126.4001,126.1307,126.1556,102625.0
2026-04-08 14:20:00,126.1506,126.2504,126.1456,126.2205,116194.0
2026-04-08 14:25:00,126.2205,126.3353,126.2205,126.2804,86219.0
2026-04-08 14:30:00,126.2904,126.5,126.2854,126.47,131847.0
2026-04-08 14:35:00,126.4761,126.5299,126.3902,126.47,87622.0
2026-04-08 14:40:00,126.475,126.507,126.4201,126.4301,90524.0
2026-04-08 14:45:00,126.4451,126.46,126.2504,126.3103,107458.0
2026-04-08 14:50:00,126.3153,126.4555,126.2953,126.3894,82395.0
2026-04-08 14:55:00,126.3802,126.4101,126.3203,126.3403,103720.0
2026-04-08 15:00:00,126.3602,126.4201,126.2904,126.4201,120096.0
2026-04-08 15:05:00,126.4201,126.48,126.2704,126.2804,161728.0
2026-04-08 15:10:00,126.2904,126.3852,126.2904,126.3403,107820.0
2026-04-08 15:15:00,126.3353,126.4151,126.2904,126.3502,119001.0
2026-04-08 15:20:00,126.3552,126.3802,126.2005,126.3303,165271.0
2026-04-08 15:25:00,126.3303,126.4501,126.3153,126.3902,163244.0
2026-04-08 15:30:00,126.4001,126.5998,126.4001,126.5549,182712.0
2026-04-08 15:35:00,126.5598,126.6498,126.49,126.6197,155653.0
2026-04-08 15:40:00,126.6198,126.7096,126.5798,126.6796,165691.0
2026-04-08 15:45:00,126.6696,126.7495,126.6597,126.7195,217970.0
2026-04-08 15:50:00,126.7195,126.8094,126.5499,126.5998,529388.0
2026-04-08 15:55:00,126.5998,127.0589,126.5499,127.0489,1264155.0
2026-04-09 09:30:00,126.8443,128.0071,126.5798,127.2785,611597.0
2026-04-09 09:35:00,127.2585,127.4981,127.029,127.3234,180687.0
2026-04-09 09:40:00,127.3098,127.5779,127.2485,127.4581,147605.0
2026-04-09 09:45:00,127.4681,128.0369,127.4382,127.7676,239797.0
2026-04-09 09:50:00,127.7576,128.4962,127.7077,128.1468,252148.0
2026-04-09 09:55:00,128.1369,128.765,128.1169,128.7607,301065.0
2026-04-09 10:00:00,128.7756,128.9054,128.6858,128.7457,251013.0
2026-04-09 10:05:00,128.7557,128.7657,128.3766,128.7058,192437.0
2026-04-09 10:10:00,128.7108,128.7407,128.4564,128.4962,185116.0
2026-04-09 10:15:00,128.5062,128.606,128.3764,128.5361,139393.0
2026-04-09 10:20:00,128.5161,128.5161,128.1468,128.2766,159046.0
2026-04-09 10:25:00,128.2816,128.3564,128.2367,128.2566,104788.0
2026-04-09 10:30:00,128.2566,128.3964,128.2267,128.3864,331641.0
2026-04-09 10:35:00,128.3764,128.4063,128.2417,128.3265,116268.0
2026-04-09 10:40:00,128.3265,128.3614,128.1169,128.1269,78797.0
2026-04-09 10:45:00,128.1369,128.1468,127.9372,127.9372,98244.0
2026-04-09 10:50:00,127.9372,128.0321,127.6578,127.8474,108422.0
2026-04-09 10:55:00,127.8524,127.9772,127.8075,127.8923,98825.0
2026-04-09 11:00:00,127.8982,128.082,127.8973,128.0071,95269.0
2026-04-09 11:05:00,128.0121,128.2417,127.9971,128.1618,96915.0
2026-04-09 11:10:00,128.1568,128.4912,128.137,128.3964,163558.0
2026-04-09 11:15:00,128.4063,128.4463,128.2367,128.4263,113596.0
2026-04-09 11:20:00,128.4113,128.4463,128.2067,128.3215,147543.0
2026-04-09 11:25:00,128.3165,128.3564,128.2167,128.2766,112720.0
2026-04-09 11:30:00,128.2666,128.4463,128.1568,128.3664,153132.0
2026-04-09 11:35:00,128.3664,128.606,128.3664,128.5211,159084.0
2026-04-09 11:40:00,128.5261,128.576,128.3764,128.4163,74731.0
2026-04-09 11:45:00,128.4213,128.6259,128.3564,128.576,150262.0
2026-04-09 11:50:00,128.576,128.7507,128.5311,128.6159,139990.0
2026-04-09 11:55:00,128.6459,128.7457,128.6259,128.6359,102948.0
2026-04-09 12:00:00,128.6359,128.7357,128.4863,128.5451,110160.0
2026-04-09 12:05:00,128.5411,128.6359,128.4513,128.596,101128.0
2026-04-09 12:10:00,128.586,128.8156,128.576,128.7307,194423.0
2026-04-09 12:15:00,128.7407,128.9154,128.7058,128.8904,91686.0
2026-04-09 12:20:00,128.8904,129.0351,128.8854,129.0351,85038.0
2026-04-09 12:25:00,129.0451,129.09,128.9852,129.0851,75615.0
2026-04-09 12:30:00,129.0751,129.095,129.0351,129.0651,55803.0
2026-04-09 12:35:00,129.0651,129.1549,129.0651,129.11,77504.0
2026-04-09 12:40:00,129.11,129.125,129.0351,129.125,74698.0
2026-04-09 12:45:00,129.135,129.1449,129.0551,129.105,56869.0
2026-04-09 12:50:00,129.115,129.3046,129.115,129.2647,96892.0
2026-04-09 12:55:00,129.2597,129.4044,129.2348,129.2647,107824.0
2026-04-09 13:00:00,129.2747,129.3347,129.2447,129.3296,75543.0
2026-04-09 13:05:00,129.3346,129.3645,129.3046,129.3346,75880.0
2026-04-09 13:10:00,129.3396,129.3645,129.2597,129.3246,65417.0
2026-04-09 13:15:00,129.3146,129.3446,129.2047,129.3246,69486.0
2026-04-09 13:20:00,129.3246,129.3545,129.2248,129.2748,60841.0
2026-04-09 13:25:00,129.2847,129.3995,129.2647,129.3645,77417.0
2026-04-09 13:30:00,129.3645,129.3795,129.2747,129.3346,59684.0
2026-04-09 13:35:00,129.3246,129.3545,129.2447,129.3545,68446.0
2026-04-09 13:40:00,129.3645,129.3745,129.2747,129.3246,113525.0
2026-04-09 13:45:00,129.3396,129.4444,129.3146,129.3346,92869.0
2026-04-09 13:50:00,129.3346,129.3446,129.2148,129.2248,90403.0
2026-04-09 13:55:00,129.2198,129.2547,129.1649,129.2547,78438.0
2026-04-09 14:00:00,129.2348,129.2647,128.9852,129.0751,106743.0
2026-04-09 14:05:00,129.0701,129.135,128.9653,129.09,99742.0
2026-04-09 14:10:00,129.0851,129.1449,129.0651,129.125,105508.0
2026-04-09 14:15:00,129.12,129.1746,129.0851,129.125,76284.0
2026-04-09 14:20:00,129.125,129.1449,129.0651,129.125,49041.0
2026-04-09 14:25:00,129.125,129.1849,129.0152,129.1649,78051.0
2026-04-09 14:30:00,129.1649,129.1799,129.0751,129.095,105779.0
2026-04-09 14:35:00,129.0851,129.3046,129.0701,129.2847,165638.0
2026-04-09 14:40:00,129.2947,129.3296,129.2248,129.2647,84768.0
2026-04-09 14:45:00,129.2647,129.2747,129.105,129.1499,76816.0
2026-04-09 14:50:00,129.1499,129.1549,128.9154,129.0052,162239.0
2026-04-09 14:55:00,129.0052,129.0451,128.8455,128.8555,122032.0
2026-04-09 15:00:00,128.8705,129.0252,128.7956,129.0152,67237.0
2026-04-09 15:05:00,129.0052,129.1449,128.9654,129.135,80987.0
2026-04-09 15:10:00,129.135,129.1849,129.0451,129.0851,73773.0
2026-04-09 15:15:00,129.095,129.105,128.9553,128.9952,93395.0
2026-04-09 15:20:00,128.9852,129.1649,128.9703,129.1449,136101.0
2026-04-09 15:25:00,129.1449,129.1715,129.0451,129.0851,130590.0
2026-04-09 15:30:00,129.0851,129.115,129.0262,129.0601,130846.0
2026-04-09 15:35:00,129.0651,129.1998,129.0351,129.135,110367.0
2026-04-09 15:40:00,129.135,129.2447,129.0651,129.2198,130246.0
2026-04-09 15:45:00,129.2048,129.2248,129.0551,129.125,119312.0
2026-04-09 15:50:00,129.115,129.2447,129.0052,129.1549,279714.0
2026-04-09 15:55:00,129.1649,129.1649,128.8804,128.8954,619761.0
2026-04-10 09:30:00,128.4712,128.6838,127.3833,127.8674,389411.0
2026-04-10 09:35:00,127.8674,128.3614,127.8274,128.3265,238632.0
2026-04-10 09:40:00,128.3265,128.4562,127.9871,128.1568,128351.0
2026-04-10 09:45:00,128.1668,128.1967,127.3983,127.8474,154365.0
2026-04-10 09:50:00,127.8274,127.9472,127.4981,127.523,184821.0
2026-04-10 09:55:00,127.518,127.5979,127.0339,127.1747,213021.0
2026-04-10 10:00:00,127.1387,127.4482,127.0888,127.2535,181234.0
2026-04-10 10:05:00,127.2435,127.2885,127.0789,127.1188,177270.0
2026-04-10 10:10:00,127.1188,127.4453,127.0888,127.2335,155515.0
2026-04-10 10:15:00,127.2186,127.3084,127.0689,127.1188,110511.0
2026-04-10 10:20:00,127.0988,127.1587,126.919,126.9591,140899.0
2026-04-10 10:25:00,126.9691,127.0987,126.8593,127.009,121912.0
2026-04-10 10:30:00,126.989,126.999,126.5399,126.7096,228971.0
2026-04-10 10:35:00,126.7195,126.7595,126.2005,126.5798,127619.0
2026-04-10 10:40:00,126.5616,126.5898,126.2804,126.3403,111878.0
2026-04-10 10:45:00,126.3403,126.8244,126.3103,126.7744,152144.0
2026-04-10 10:50:00,126.7744,126.8693,126.7195,126.7295,127673.0
2026-04-10 10:55:00,126.7593,127.0689,126.7395,126.9591,98958.0
2026-04-10 11:00:00,126.9291,127.0489,126.6297,126.7994,127068.0
2026-04-10 11:05:00,126.7794,126.8094,126.5698,126.6997,92141.0
2026-04-10 11:10:00,126.7395,126.9291,126.7195,126.7994,91373.0
2026-04-10 11:15:00,126.8194,126.8742,126.7395,126.7844,91026.0
2026-04-10 11:20:00,126.7844,126.8094,126.6796,126.7096,100534.0
2026-04-10 11:25:00,126.7096,126.7096,126.5099,126.5798,81446.0
2026-04-10 11:30:00,126.5698,126.7594,126.5399,126.6946,102711.0
2026-04-10 11:35:00,126.6796,126.9554,126.6696,126.9192,152474.0
2026-04-10 11:40:00,126.8992,126.999,126.8293,126.8493,123017.0
2026-04-10 11:45:00,126.8393,126.9242,126.8194,126.8593,97942.0
2026-04-10 11:50:00,126.8593,127.0389,126.8593,127.029,99181.0
2026-04-10 11:55:00,127.019,127.2286,127.009,127.0589,100097.0
2026-04-10 12:00:00,127.0539,127.2935,126.9691,127.2635,110056.0
2026-04-10 12:05:00,127.2485,127.2485,127.0389,127.0888,43784.0
2026-04-10 12:10:00,127.0942,127.1088,126.8842,126.9491,61856.0
2026-04-10 12:15:00,126.9391,126.999,126.8593,126.9391,64962.0
2026-04-10 12:20:00,126.9491,126.999,126.8181,126.9192,50191.0
2026-04-10 12:25:00,126.9192,126.9291,126.8393,126.8792,44254.0
2026-04-10 12:30:00,126.8693,127.024,126.8693,126.9985,46237.0
2026-04-10 12:35:00,127.009,127.0389,126.9192,126.9691,78383.0
2026-04-10 12:40:00,126.989,126.999,126.8839,126.9391,72500.0
2026-04-10 12:45:00,126.9491,127.0888,126.9441,127.014,69934.0
2026-04-10 12:50:00,127.009,127.1479,126.999,127.009,87941.0
2026-04-10 12:55:00,126.979,127.0689,126.8942,126.9391,60357.0
2026-04-10 13:00:00,126.9291,126.9291,126.6197,126.6197,70862.0
2026-04-10 13:05:00,126.6097,126.6196,126.5099,126.5299,55824.0
2026-04-10 13:10:00,126.5249,126.5499,126.3902,126.4001,57417.0
2026-04-10 13:15:00,126.4051,126.49,126.3902,126.46,64076.0
2026-04-10 13:20:00,126.455,126.46,126.3153,126.3702,44297.0
2026-04-10 13:25:00,126.3702,126.4201,126.2904,126.2904,62500.0
2026-04-10 13:30:00,126.2904,126.4251,126.2904,126.3453,57143.0
2026-04-10 13:35:00,126.3403,126.3453,126.2105,126.2804,87289.0
2026-04-10 13:40:00,126.2804,126.3602,126.2105,126.2504,108126.0
2026-04-10 13:45:00,126.2504,126.4401,126.2504,126.3602,82958.0
2026-04-10 13:50:00,126.3552,126.4001,126.3403,126.3702,47535.0
2026-04-10 13:55:00,126.3702,126.3902,126.2404,126.3403,119699.0
2026-04-10 14:00:00,126.3203,126.4501,126.3203,126.3702,79715.0
2026-04-10 14:05:00,126.3752,126.3927,126.3403,126.3652,59290.0
2026-04-10 14:10:00,126.3652,126.4201,126.1706,126.2305,153918.0
2026-04-10 14:15:00,126.2305,126.4051,126.2105,126.3403,706391.0
2026-04-10 14:20:00,126.3253,126.3453,126.2754,126.2904,53367.0
2026-04-10 14:25:00,126.2953,126.3802,126.1406,126.3353,98977.0
2026-04-10 14:30:00,126.3353,126.5299,126.3303,126.49,103680.0
2026-04-10 14:35:00,126.48,126.485,126.3502,126.47,84992.0
2026-04-10 14:40:00,126.48,126.5399,126.4501,126.5099,67174.0
2026-04-10 14:45:00,126.5099,126.5798,126.49,126.49,65638.0
2026-04-10 14:50:00,126.48,126.5798,126.4501,126.495,62177.0
2026-04-10 14:55:00,126.495,126.5199,126.4302,126.5149,66254.0
2026-04-10 15:00:00,126.5199,126.5798,126.4501,126.5349,89293.0
2026-04-10 15:05:00,126.5399,126.5898,126.3902,126.5049,117983.0
2026-04-10 15:10:00,126.5049,126.5598,126.3702,126.4501,172943.0
2026-04-10 15:15:00,126.4501,126.5399,126.3752,126.3932,129659.0
2026-04-10 15:20:00,126.3902,126.4001,126.2454,126.2904,141017.0
2026-04-10 15:25:00,126.3003,126.3103,126.2205,126.2461,107013.0
2026-04-10 15:30:00,126.2454,126.2704,126.1905,126.2105,135758.0
2026-04-10 15:35:00,126.2155,126.2205,125.9809,126.1007,164941.0
2026-04-10 15:40:00,126.1007,126.3601,126.0808,126.2953,190294.0
2026-04-10 15:45:00,126.2904,126.3303,126.1806,126.2055,220060.0
2026-04-10 15:50:00,126.2105,126.4001,126.1606,126.2704,424145.0
2026-04-10 15:55:00,126.2704,126.5898,126.2305,126.5499,823590.0
2026-04-13 09:30:00,126.0508,126.0608,125.0327,125.0727,439513.0
2026-04-13 09:35:00,125.0427,125.1825,124.6634,124.7133,154873.0
2026-04-13 09:40:00,124.6967,125.5587,124.6585,125.5418,138245.0
2026-04-13 09:45:00,125.5468,125.5468,125.0926,125.4519,94245.0
2026-04-13 09:50:00,125.422,125.5917,125.1825,125.2224,97065.0
2026-04-13 09:55:00,125.2324,125.5418,125.2024,125.5368,103509.0
2026-04-13 10:00:00,125.5518,125.5917,125.3521,125.432,154765.0
2026-04-13 10:05:00,125.3821,125.6166,125.3172,125.5218,165046.0
2026-04-13 10:10:00,125.5318,125.7763,125.4619,125.7115,93304.0
2026-04-13 10:15:00,125.7115,125.7115,125.5019,125.5019,72154.0
2026-04-13 10:20:00,125.5068,125.5168,125.3621,125.402,100298.0
2026-04-13 10:25:00,125.432,125.432,125.2523,125.3721,119403.0
2026-04-13 10:30:00,125.3721,125.5318,125.3621,125.5168,93467.0
2026-04-13 10:35:00,125.5168,125.7384,125.5168,125.6665,113922.0
2026-04-13 10:40:00,125.6665,125.7314,125.4719,125.4819,92094.0
2026-04-13 10:45:00,125.5118,125.5118,125.3222,125.3671,88030.0
2026-04-13 10:50:00,125.3621,125.3671,125.2124,125.2124,86782.0
2026-04-13 10:55:00,125.2324,125.2324,124.9529,125.0427,117820.0
2026-04-13 11:00:00,125.0327,125.0926,124.8531,125.0107,116881.0
2026-04-13 11:05:00,125.0128,125.0427,124.8231,124.893,80253.0
2026-04-13 11:10:00,124.893,124.9828,124.7832,124.8231,126218.0
2026-04-13 11:15:00,124.8181,124.8231,124.374,124.4538,183983.0
2026-04-13 11:20:00,124.4538,124.5237,124.3241,124.3275,101092.0
2026-04-13 11:25:00,124.3241,124.4239,124.1943,124.379,105160.0
2026-04-13 11:30:00,124.364,124.384,124.2742,124.3091,88730.0
2026-04-13 11:35:00,124.3091,124.374,124.2343,124.2441,92308.0
2026-04-13 11:40:00,124.2343,124.2742,124.1744,124.2442,76820.0
2026-04-13 11:45:00,124.2343,124.2542,124.1095,124.1344,76245.0
2026-04-13 11:50:00,124.1344,124.2343,124.1145,124.1844,60707.0
2026-04-13 11:55:00,124.1744,124.2842,124.1344,124.2742,78587.0
2026-04-13 12:00:00,124.2842,124.4638,124.2842,124.4439,95739.0
2026-04-13 12:05:00,124.4239,124.5137,124.2742,124.2842,106867.0
2026-04-13 12:10:00,124.2941,124.3341,124.2442,124.2642,88823.0
2026-04-13 12:15:00,124.2592,124.2592,124.0995,124.1744,115376.0
2026-04-13 12:20:00,124.1844,124.3041,124.1295,124.2642,102406.0
2026-04-13 12:25:00,124.2542,124.3341,124.2143,124.2941,102953.0
2026-04-13 12:30:00,124.2847,124.374,124.2542,124.3291,90389.0
2026-04-13 12:35:00,124.3341,124.4139,124.2542,124.374,88317.0
2026-04-13 12:40:00,124.364,124.4039,124.2243,124.349,107124.0
2026-04-13 12:45:00,124.349,124.4838,124.2942,124.4339,79212.0
2026-04-13 12:50:00,124.4439,124.5337,124.349,124.349,92181.0
2026-04-13 12:55:00,124.354,124.379,124.1744,124.2143,117145.0
2026-04-13 13:00:00,124.2143,124.2442,124.1045,124.2343,130300.0
2026-04-13 13:05:00,124.2343,124.384,124.1544,124.369,116334.0
2026-04-13 13:10:00,124.369,124.5037,124.364,124.4538,99546.0
2026-04-13 13:15:00,124.4638,124.5337,124.4339,124.5337,72501.0
2026-04-13 13:20:00,124.5237,124.5337,124.4139,124.4538,59508.0
2026-04-13 13:25:00,124.4488,124.5936,124.4488,124.5736,71333.0
2026-04-13 13:30:00,124.5835,124.6734,124.5537,124.5936,93833.0
2026-04-13 13:35:00,124.6036,124.6235,124.5437,124.5487,75455.0
2026-04-13 13:40:00,124.5487,124.5537,124.4588,124.4638,88176.0
2026-04-13 13:45:00,124.4588,124.5087,124.4439,124.4888,55587.0
2026-04-13 13:50:00,124.4888,124.5336,124.4688,124.5336,61965.0
2026-04-13 13:55:00,124.5287,124.5437,124.4239,124.4488,74860.0
2026-04-13 14:00:00,124.4488,124.4988,124.3466,124.364,76090.0
2026-04-13 14:05:00,124.369,124.4339,124.3291,124.344,96215.0
2026-04-13 14:10:00,124.344,124.4139,124.3341,124.354,56629.0
2026-04-13 14:15:00,124.359,124.4039,124.3241,124.354,71621.0
2026-04-13 14:20:00,124.359,124.379,124.1943,124.2244,145495.0
2026-04-13 14:25:00,124.2243,124.2343,124.1444,124.1444,99535.0
2026-04-13 14:30:00,124.1245,124.1245,123.9747,123.9947,150053.0
2026-04-13 14:35:00,123.9947,124.0346,123.8849,123.9548,107752.0
2026-04-13 14:40:00,123.9498,123.9847,123.8849,123.895,95401.0
2026-04-13 14:45:00,123.8949,124.0247,123.8699,123.9797,91105.0
2026-04-13 14:50:00,123.9797,123.9847,123.7852,123.8001,154983.0
2026-04-13 14:55:00,123.7851,123.8949,123.7152,123.7502,155851.0
2026-04-13 15:00:00,123.7552,123.8849,123.7352,123.8749,134315.0
2026-04-13 15:05:00,123.8849,123.9946,123.7751,123.9648,118063.0
2026-04-13 15:10:00,123.9797,124.0247,123.855,123.9149,131891.0
2026-04-13 15:15:00,123.9149,124.0546,123.9149,124.0446,99958.0
2026-04-13 15:20:00,124.0396,124.1145,124.0097,124.0446,162253.0
2026-04-13 15:25:00,124.0346,124.0346,123.9248,123.9747,136622.0
2026-04-13 15:30:00,123.9698,124.1145,123.9448,124.0496,165106.0
2026-04-13 15:35:00,124.0496,124.0945,124.0296,124.0646,126512.0
2026-04-13 15:40:00,124.0646,124.1145,123.9848,124.0097,164647.0
2026-04-13 15:45:00,124.0047,124.0047,123.845,123.8899,166203.0
2026-04-13 15:50:00,123.8849,124.3041,123.8849,124.1744,508415.0
2026-04-13 15:55:00,124.1644,124.394,124.1644,124.2892,1338882.0
2026-04-14 09:30:00,122.9168,123.4763,122.3129,122.5375,753399.0
2026-04-14 09:35:00,122.5175,122.9168,122.3279,122.8669,443583.0
2026-04-14 09:40:00,122.8669,123.3637,122.8469,123.1563,271864.0
2026-04-14 09:45:00,123.1264,123.4507,123.0066,123.0166,194866.0
2026-04-14 09:50:00,123.0265,123.2561,122.9118,123.0265,125874.0
2026-04-14 09:55:00,123.0415,123.2262,122.9766,123.1763,185756.0
2026-04-14 10:00:00,123.1763,123.5156,123.1763,123.5156,170434.0
2026-04-14 10:05:00,123.4917,123.6304,123.3459,123.4958,174351.0
2026-04-14 10:10:00,123.5056,123.5206,123.316,123.3759,195811.0
2026-04-14 10:15:00,123.3958,123.4957,123.336,123.4458,140849.0
2026-04-14 10:20:00,123.4507,123.5855,123.3958,123.4258,124923.0
2026-04-14 10:25:00,123.4208,123.6154,123.4208,123.4757,118870.0
2026-04-14 10:30:00,123.4757,123.4857,123.296,123.306,118803.0
2026-04-14 10:35:00,123.316,123.4008,123.2362,123.336,112437.0
2026-04-14 10:40:00,123.341,123.4657,123.306,123.4258,78303.0
2026-04-14 10:45:00,123.4258,123.7851,123.4158,123.7552,154131.0
2026-04-14 10:50:00,123.7552,123.8615,123.7352,123.8151,106266.0
2026-04-14 10:55:00,123.82,123.835,123.7003,123.7152,113050.0
2026-04-14 11:00:00,123.7053,123.7851,123.5955,123.6254,81135.0
2026-04-14 11:05:00,123.6254,123.8749,123.5955,123.8249,70835.0
2026-04-14 11:10:00,123.8151,123.9838,123.8151,123.9648,94134.0
2026-04-14 11:15:00,123.9674,124.0247,123.8949,123.9648,82984.0
2026-04-14 11:20:00,123.9448,124.0047,123.8001,123.8749,113929.0
2026-04-14 11:25:00,123.865,123.8899,123.8151,123.8749,77805.0
2026-04-14 11:30:00,123.8749,123.8849,123.6354,123.6454,102706.0
2026-04-14 11:35:00,123.6405,123.6753,123.5656,123.6055,99597.0
2026-04-14 11:40:00,123.5855,123.8051,123.5855,123.7651,103784.0
2026-04-14 11:45:00,123.7452,123.8999,123.7452,123.8243,201161.0
2026-04-14 11:50:00,123.825,123.865,123.6765,123.7352,70788.0
2026-04-14 11:55:00,123.7352,123.8151,123.6953,123.7252,77277.0
2026-04-14 12:00:00,123.7202,123.8031,123.6354,123.6554,54849.0
2026-04-14 12:05:00,123.6354,123.7352,123.5456,123.5655,111654.0
2026-04-14 12:10:00,123.578,123.7552,123.5655,123.7302,63072.0
2026-04-14 12:15:00,123.7402,123.8151,123.6953,123.7402,72038.0
2026-04-14 12:20:00,123.7452,123.9448,123.7402,123.9248,75947.0
2026-04-14 12:25:00,123.9248,124.0297,123.8949,124.0147,53991.0
2026-04-14 12:30:00,124.0247,124.0933,124.0147,124.0546,72960.0
2026-04-14 12:35:00,124.0546,124.1844,124.0546,124.1444,83407.0
2026-04-14 12:40:00,124.1444,124.2043,124.1245,124.1444,67988.0
2026-04-14 12:45:00,124.1344,124.2541,124.1295,124.2143,96277.0
2026-04-14 12:50:00,124.2193,124.2642,124.1844,124.1863,81695.0
2026-04-14 12:55:00,124.1794,124.3041,124.1444,124.2842,86440.0
2026-04-14 13:00:00,124.2842,124.4038,124.2842,124.349,90164.0
2026-04-14 13:05:00,124.344,124.344,124.1444,124.1494,109649.0
2026-04-14 13:10:00,124.1494,124.2093,124.0895,124.1744,116950.0
2026-04-14 13:15:00,124.1744,124.2341,124.1544,124.1993,90490.0
2026-04-14 13:20:00,124.2044,124.2044,124.0746,124.0746,82905.0
2026-04-14 13:25:00,124.0746,124.0845,123.9448,124.0097,83517.0
2026-04-14 13:30:00,123.9947,124.0796,123.885,124.0032,62110.0
2026-04-14 13:35:00,124.0047,124.0346,123.8749,123.8854,72596.0
2026-04-14 13:40:00,123.8849,123.8849,123.8151,123.8799,57250.0
2026-04-14 13:45:00,123.8749,123.8949,123.845,123.86,56694.0
2026-04-14 13:50:00,123.855,123.9049,123.845,123.9049,51933.0
2026-04-14 13:55:00,123.9149,124.0945,123.9149,124.0845,72804.0
2026-04-14 14:00:00,124.0754,124.3141,124.0696,124.3141,77450.0
2026-04-14 14:05:00,124.3141,124.4538,124.3041,124.4439,124889.0
2026-04-14 14:10:00,124.4488,124.5137,124.4239,124.5037,70957.0
2026-04-14 14:15:00,124.4938,124.5736,124.4738,124.5237,91265.0
2026-04-14 14:20:00,124.5337,124.5537,124.4738,124.5187,79281.0
2026-04-14 14:25:00,124.5187,124.6435,124.4938,124.5636,103985.0
2026-04-14 14:30:00,124.5636,124.6135,124.5337,124.5537,67711.0
2026-04-14 14:35:00,124.5487,124.6235,124.5187,124.586,71745.0
2026-04-14 14:40:00,124.5936,124.6535,124.5886,124.5886,90125.0
2026-04-14 14:45:00,124.5836,124.6634,124.5636,124.6435,80635.0
2026-04-14 14:50:00,124.6435,124.7333,124.6135,124.7283,83517.0
2026-04-14 14:55:00,124.7233,124.7433,124.6385,124.7133,60523.0
2026-04-14 15:00:00,124.7034,124.8331,124.6884,124.7932,119097.0
2026-04-14 15:05:00,124.7832,124.8431,124.7682,124.7982,103762.0
2026-04-14 15:10:00,124.7982,124.863,124.7882,124.7882,99557.0
2026-04-14 15:15:00,124.7882,124.8631,124.7832,124.8281,107588.0
2026-04-14 15:20:00,124.8286,124.923,124.7932,124.883,144691.0
2026-04-14 15:25:00,124.888,124.888,124.8132,124.8281,104875.0
2026-04-14 15:30:00,124.8281,124.883,124.6954,124.7133,147336.0
2026-04-14 15:35:00,124.7133,124.8631,124.6643,124.8431,134704.0
2026-04-14 15:40:00,124.8381,124.9329,124.7782,124.913,134116.0
2026-04-14 15:45:00,124.903,124.9479,124.8231,124.883,155933.0
2026-04-14 15:50:00,124.883,124.9329,124.6335,124.6984,321594.0
2026-04-14 15:55:00,124.7034,124.9629,124.6634,124.8132,940781.0
2026-04-15 09:30:00,124.394,124.6684,122.9466,123.1264,672153.0
2026-04-15 09:35:00,123.1214,123.8151,123.0465,123.7552,375655.0
2026-04-15 09:40:00,123.7333,124.1295,123.6204,123.7253,390873.0
2026-04-15 09:45:00,123.7452,123.85,123.5456,123.7701,191733.0
2026-04-15 09:50:00,123.7651,123.7651,123.1363,123.2411,209097.0
2026-04-15 09:55:00,123.2162,123.5705,123.2162,123.4208,180726.0
2026-04-15 10:00:00,123.4158,123.5156,123.1563,123.2561,177063.0
2026-04-15 10:05:00,123.2561,123.4258,123.2312,123.2761,160917.0
2026-04-15 10:10:00,123.2861,123.3259,123.1114,123.1563,199240.0
2026-04-15 10:15:00,123.1663,123.4258,123.1563,123.2561,127891.0
2026-04-15 10:20:00,123.2561,123.3659,123.1264,123.2761,189715.0
2026-04-15 10:25:00,123.2811,123.4657,123.2661,123.4657,149618.0
2026-04-15 10:30:00,123.4657,123.5256,123.336,123.336,133026.0
2026-04-15 10:35:00,123.326,123.4358,123.2561,123.326,207308.0
2026-04-15 10:40:00,123.321,123.5555,123.321,123.4957,103544.0
2026-04-15 10:45:00,123.4957,123.7751,123.4953,123.7402,164561.0
2026-04-15 10:50:00,123.7252,123.84,123.7053,123.7851,78506.0
2026-04-15 10:55:00,123.7802,123.8151,123.5356,123.5406,153161.0
2026-04-15 11:00:00,123.5456,123.6254,123.4907,123.5056,104138.0
2026-04-15 11:05:00,123.5156,123.5555,123.3261,123.3809,127059.0
2026-04-15 11:10:00,123.3759,123.4957,123.3759,123.4657,144332.0
2026-04-15 11:15:00,123.4557,123.4557,123.306,123.336,155144.0
2026-04-15 11:20:00,123.336,123.3659,123.2861,123.291,106385.0
2026-04-15 11:25:00,123.2861,123.3709,123.2561,123.336,86871.0
2026-04-15 11:30:00,123.336,123.4259,123.2761,123.3459,94691.0
2026-04-15 11:35:00,123.3559,123.4058,123.2661,123.296,139650.0
2026-04-15 11:40:00,123.296,123.5356,123.296,123.4957,110883.0
2026-04-15 11:45:00,123.4957,123.5605,123.4408,123.5356,94955.0
2026-04-15 11:50:00,123.5356,123.5755,123.4164,123.4408,66589.0
2026-04-15 11:55:00,123.4408,123.4557,123.2661,123.3459,106989.0
2026-04-15 12:00:00,123.3559,123.4857,123.316,123.4707,84041.0
2026-04-15 12:05:00,123.4757,123.5456,123.4507,123.5456,151868.0
2026-04-15 12:10:00,123.5456,123.5755,123.4857,123.5506,84921.0
2026-04-15 12:15:00,123.5655,123.5755,123.4807,123.4857,71446.0
2026-04-15 12:20:00,123.4757,123.5146,123.4308,123.4507,77207.0
2026-04-15 12:25:00,123.4507,123.7003,123.4358,123.6853,90121.0
2026-04-15 12:30:00,123.6853,123.9797,123.6853,123.9747,136755.0
2026-04-15 12:35:00,123.9548,124.0746,123.9548,123.9747,86078.0
2026-04-15 12:40:00,123.9698,124.384,123.9548,124.384,180013.0
2026-04-15 12:45:00,124.384,124.6135,124.364,124.5237,183062.0
2026-04-15 12:50:00,124.5137,124.7283,124.384,124.7183,151319.0
2026-04-15 12:55:00,124.7084,124.8032,124.4538,124.5037,208254.0
2026-04-15 13:00:00,124.5037,124.5187,124.4139,124.4139,101313.0
2026-04-15 13:05:00,124.4139,124.4239,124.2236,124.374,121405.0
2026-04-15 13:10:00,124.3989,124.4439,124.359,124.374,76236.0
2026-04-15 13:15:00,124.369,124.6036,124.349,124.5936,79473.0
2026-04-15 13:20:00,124.5936,124.6235,124.5137,124.6085,71526.0
2026-04-15 13:25:00,124.6085,124.6634,124.5537,124.6385,73978.0
2026-04-15 13:30:00,124.6335,124.6385,124.5237,124.5636,66984.0
2026-04-15 13:35:00,124.5736,124.5736,124.4688,124.5087,63698.0
2026-04-15 13:40:00,124.5087,124.5087,124.4239,124.4688,68367.0
2026-04-15 13:45:00,124.4688,124.4988,124.4089,124.4239,76419.0
2026-04-15 13:50:00,124.4339,124.5336,124.4339,124.4788,85061.0
2026-04-15 13:55:00,124.4738,124.5437,124.4588,124.5437,94188.0
2026-04-15 14:00:00,124.5437,124.6535,124.4738,124.4888,102309.0
2026-04-15 14:05:00,124.4888,124.5037,124.384,124.384,73992.0
2026-04-15 14:10:00,124.384,124.4289,124.3391,124.354,109114.0
2026-04-15 14:15:00,124.344,124.4538,124.3391,124.4089,76525.0
2026-04-15 14:20:00,124.4089,124.5137,124.3779,124.4938,75318.0
2026-04-15 14:25:00,124.5037,124.5087,124.4289,124.4488,72687.0
2026-04-15 14:30:00,124.4538,124.4638,124.3291,124.3291,92836.0
2026-04-15 14:35:00,124.3291,124.384,124.2156,124.379,84081.0
2026-04-15 14:40:00,124.384,124.4238,124.3391,124.349,66641.0
2026-04-15 14:45:00,124.349,124.4419,124.344,124.3989,65396.0
2026-04-15 14:50:00,124.4039,124.4588,124.389,124.4389,85879.0
2026-04-15 14:55:00,124.4389,124.5237,124.4139,124.5087,85735.0
2026-04-15 15:00:00,124.5037,124.6834,124.4938,124.6784,105134.0
2026-04-15 15:05:00,124.6834,124.7133,124.5843,124.5986,112932.0
2026-04-15 15:10:00,124.5986,124.6634,124.5537,124.6285,130835.0
2026-04-15 15:15:00,124.6335,124.7084,124.6135,124.6933,109992.0
2026-04-15 15:20:00,124.6784,124.7682,124.6784,124.7682,127528.0
2026-04-15 15:25:00,124.7682,124.8281,124.7433,124.7982,131321.0
2026-04-15 15:30:00,124.7932,124.8231,124.7133,124.8082,177990.0
2026-04-15 15:35:00,124.8082,124.8331,124.6634,124.7283,178021.0
2026-04-15 15:40:00,124.7283,124.7533,124.6435,124.6585,190816.0
2026-04-15 15:45:00,124.6535,124.7059,124.5237,124.6036,154822.0
2026-04-15 15:50:00,124.5936,124.7832,124.4988,124.4988,443618.0
2026-04-15 15:55:00,124.4938,124.6734,124.4538,124.5137,1309515.0
2026-04-16 09:30:00,124.0945,124.384,123.7352,123.7751,537777.0
2026-04-16 09:35:00,123.7851,124.2941,123.7302,124.2842,324677.0
2026-04-16 09:40:00,124.2859,124.6634,123.9248,124.5636,330084.0
2026-04-16 09:45:00,124.5686,125.0325,124.344,124.9529,286404.0
2026-04-16 09:50:00,124.9479,125.6815,124.9453,125.6416,327857.0
2026-04-16 09:55:00,125.6316,125.7015,125.0826,125.3122,315711.0
2026-04-16 10:00:00,125.3122,125.402,125.0826,125.0827,172789.0
2026-04-16 10:05:00,125.0976,125.2123,124.6135,124.7183,140621.0
2026-04-16 10:10:00,124.7333,124.893,124.6935,124.7732,174130.0
2026-04-16 10:15:00,124.7732,124.9379,124.6135,124.7483,226404.0
2026-04-16 10:20:00,124.7533,124.8082,124.6734,124.8082,140045.0
2026-04-16 10:25:00,124.8032,124.8531,124.6834,124.8032,175657.0
2026-04-16 10:30:00,124.7982,124.8331,124.6634,124.6634,109486.0
2026-04-16 10:35:00,124.6734,124.7333,124.5137,124.6234,147336.0
2026-04-16 10:40:00,124.6036,124.7483,124.5836,124.6734,127382.0
2026-04-16 10:45:00,124.6634,124.6884,124.5237,124.5387,106171.0
2026-04-16 10:50:00,124.5437,124.6535,124.4339,124.5986,127684.0
2026-04-16 10:55:00,124.6036,124.8331,124.5836,124.7383,105594.0
2026-04-16 11:00:00,124.7732,124.9579,124.7433,124.9579,150364.0
2026-04-16 11:05:00,124.9579,125.0527,124.8231,124.9029,135528.0
2026-04-16 11:10:00,124.893,124.893,124.6136,124.7233,124682.0
2026-04-16 11:15:00,124.7133,124.8132,124.6585,124.7383,129393.0
2026-04-16 11:20:00,124.7433,124.7433,124.5736,124.6185,93976.0
2026-04-16 11:25:00,124.6185,124.6934,124.4938,124.6085,135625.0
2026-04-16 11:30:00,124.6036,124.7133,124.5437,124.6684,60441.0
2026-04-16 11:35:00,124.6634,124.6634,124.4439,124.4488,117954.0
2026-04-16 11:40:00,124.4439,124.4738,124.3191,124.4738,88838.0
2026-04-16 11:45:00,124.4638,124.5586,124.4154,124.5487,84716.0
2026-04-16 11:50:00,124.5487,124.6135,124.3341,124.364,144238.0
2026-04-16 11:55:00,124.384,124.4538,124.344,124.4239,93257.0
2026-04-16 12:00:00,124.4239,124.4638,124.384,124.4239,190215.0
2026-04-16 12:05:00,124.4139,124.5437,124.3241,124.5337,125817.0
2026-04-16 12:10:00,124.5387,124.5387,124.4439,124.5037,101615.0
2026-04-16 12:15:00,124.5037,124.5636,124.4339,124.4538,126777.0
2026-04-16 12:20:00,124.4638,124.5087,124.4139,124.5037,84102.0
2026-04-16 12:25:00,124.5037,124.6085,124.4888,124.6085,77636.0
2026-04-16 12:30:00,124.6235,124.7233,124.5836,124.6934,133079.0
2026-04-16 12:35:00,124.6984,124.8359,124.6834,124.8032,97851.0
2026-04-16 12:40:00,124.8032,124.8132,124.7333,124.7433,64475.0
2026-04-16 12:45:00,124.7333,124.7333,124.374,124.4239,120299.0
2026-04-16 12:50:00,124.4239,124.4439,124.3141,124.349,113798.0
2026-04-16 12:55:00,124.364,124.4638,124.364,124.4538,92977.0
2026-04-16 13:00:00,124.4538,124.5237,124.389,124.5237,72254.0
2026-04-16 13:05:00,124.5237,124.5437,124.4239,124.5137,63599.0
2026-04-16 13:10:00,124.5237,124.6335,124.5037,124.6235,80000.0
2026-04-16 13:15:00,124.6235,124.6634,124.5836,124.6235,68180.0
2026-04-16 13:20:00,124.6135,124.7233,124.6135,124.6535,65337.0
2026-04-16 13:25:00,124.6634,124.7133,124.6285,124.6734,73942.0
2026-04-16 13:30:00,124.6834,124.8032,124.6435,124.7633,85046.0
2026-04-16 13:35:00,124.7433,124.9329,124.7333,124.908,72271.0
2026-04-16 13:40:00,124.9129,125.1525,124.893,125.1226,87784.0
2026-04-16 13:45:00,125.1226,125.2623,125.1026,125.2473,111790.0
2026-04-16 13:50:00,125.2423,125.2523,125.1826,125.2374,80930.0
2026-04-16 13:55:00,125.2324,125.2823,125.0728,125.2723,146582.0
2026-04-16 14:00:00,125.2623,125.2723,124.8132,124.8481,202627.0
2026-04-16 14:05:00,124.8531,124.8531,124.5886,124.7433,172134.0
2026-04-16 14:10:00,124.7533,124.7533,124.4439,124.4439,134035.0
2026-04-16 14:15:00,124.4538,124.4738,124.334,124.364,97383.0
2026-04-16 14:20:00,124.374,124.4538,124.364,124.4239,80547.0
2026-04-16 14:25:00,124.4339,124.4938,124.2742,124.2742,130776.0
2026-04-16 14:30:00,124.2742,124.354,124.1045,124.344,208335.0
2026-04-16 14:35:00,124.3341,124.3341,124.2043,124.2642,103502.0
2026-04-16 14:40:00,124.2592,124.2941,124.2343,124.2542,93650.0
2026-04-16 14:45:00,124.2542,124.3191,124.1893,124.2093,111981.0
2026-04-16 14:50:00,124.2143,124.2842,124.1844,124.2044,99363.0
2026-04-16 14:55:00,124.2043,124.3191,124.1993,124.2592,116256.0
2026-04-16 15:00:00,124.2592,124.3241,124.1893,124.2492,135763.0
2026-04-16 15:05:00,124.2442,124.4638,124.2343,124.4039,154351.0
2026-04-16 15:10:00,124.4039,124.5686,124.384,124.5237,132601.0
2026-04-16 15:15:00,124.5237,124.5886,124.4938,124.4938,123442.0
2026-04-16 15:20:00,124.4988,124.5537,124.4938,124.5187,136959.0
2026-04-16 15:25:00,124.5187,124.6036,124.4888,124.5586,204757.0
2026-04-16 15:30:00,124.5636,124.7233,124.5636,124.6984,202098.0
2026-04-16 15:35:00,124.6934,124.8032,124.6634,124.6634,153136.0
2026-04-16 15:40:00,124.6634,124.7034,124.6036,124.6185,167846.0
2026-04-16 15:45:00,124.6185,124.6485,124.5237,124.5936,194391.0
2026-04-16 15:50:00,124.6036,124.7932,124.5337,124.5487,333652.0
2026-04-16 15:55:00,124.5487,124.6934,124.4938,124.5836,1218106.0
2026-04-17 09:30:00,124.3341,124.7283,123.9648,123.9747,1753636.0
2026-04-17 09:35:00,123.9648,123.9947,123.1363,123.4807,572296.0
2026-04-17 09:40:00,123.4857,123.8001,123.4458,123.6953,498725.0
2026-04-17 09:45:00,123.7053,124.2243,123.5655,124.1844,269254.0
2026-04-17 09:50:00,124.1744,124.6335,124.0047,124.6185,350452.0
2026-04-17 09:55:00,124.6335,124.9131,124.5936,124.7233,276142.0
2026-04-17 10:00:00,124.7333,124.9679,124.6834,124.8032,202463.0
2026-04-17 10:05:00,124.7982,124.9429,124.7433,124.8132,175332.0
2026-04-17 10:10:00,124.8531,124.8531,124.404,124.5836,157173.0
2026-04-17 10:15:00,124.5736,124.6834,124.4314,124.5136,157423.0
2026-04-17 10:20:00,124.5137,124.5836,124.384,124.5137,187326.0
2026-04-17 10:25:00,124.5037,124.5736,124.374,124.379,260953.0
2026-04-17 10:30:00,124.364,124.384,124.1295,124.1644,890489.0
2026-04-17 10:35:00,124.1644,124.4039,124.1644,124.344,136982.0
2026-04-17 10:40:00,124.344,124.4588,124.2842,124.3341,169894.0
2026-04-17 10:45:00,124.3341,124.5137,124.2442,124.4389,192902.0
2026-04-17 10:50:00,124.4389,124.5287,124.364,124.4439,98939.0
2026-04-17 10:55:00,124.4439,124.4538,124.2742,124.3291,152023.0
2026-04-17 11:00:00,124.344,124.5936,124.344,124.5836,152272.0
2026-04-17 11:05:00,124.5736,124.7583,124.5187,124.6784,116808.0
2026-04-17 11:10:00,124.6934,124.7882,124.6684,124.7732,128680.0
2026-04-17 11:15:00,124.7633,124.8032,124.6834,124.7932,85986.0
2026-04-17 11:20:00,124.7882,124.8132,124.6235,124.6435,140875.0
2026-04-17 11:25:00,124.6385,124.7332,124.6036,124.6634,67772.0
2026-04-17 11:30:00,124.6834,124.8132,124.6385,124.7433,108110.0
2026-04-17 11:35:00,124.7433,124.8431,124.6934,124.7932,135180.0
2026-04-17 11:40:00,124.7931,124.9329,124.77,124.873,132303.0
2026-04-17 11:45:00,124.8744,124.913,124.7732,124.8631,136201.0
2026-04-17 11:50:00,124.8681,124.9828,124.8631,124.9279,107658.0
2026-04-17 11:55:00,124.923,125.0278,124.923,125.0128,1603848.0
2026-04-17 12:00:00,125.0028,125.2324,125.0028,125.0527,462442.0
2026-04-17 12:05:00,125.0527,125.1825,125.0477,125.1625,82719.0
2026-04-17 12:10:00,125.1675,125.442,125.1675,125.432,220511.0
2026-04-17 12:15:00,125.432,125.6116,125.3822,125.5637,194721.0
2026-04-17 12:20:00,125.5717,125.6116,125.5019,125.5418,128757.0
2026-04-17 12:25:00,125.5418,125.6416,125.5068,125.5917,105713.0
2026-04-17 12:30:00,125.5917,125.6965,125.5617,125.6615,122132.0
2026-04-17 12:35:00,125.6715,125.7015,125.5917,125.6416,119206.0
2026-04-17 12:40:00,125.6466,125.7214,125.6466,125.7164,142189.0
2026-04-17 12:45:00,125.7164,125.8013,125.6775,125.7564,188130.0
2026-04-17 12:50:00,125.7614,125.921,125.7614,125.8612,155746.0
2026-04-17 12:55:00,125.8612,125.8911,125.7414,125.8013,136852.0
2026-04-17 13:00:00,125.8312,125.946,125.8262,125.9061,96160.0
2026-04-17 13:05:00,125.9111,125.9734,125.8761,125.971,110184.0
2026-04-17 13:10:00,125.971,126.2155,125.971,126.2105,148552.0
2026-04-17 13:15:00,126.2109,126.2305,126.1207,126.1506,121080.0
2026-04-17 13:20:00,126.1506,126.2005,125.941,125.951,161126.0
2026-04-17 13:25:00,125.951,126.0808,125.951,126.0808,89938.0
2026-04-17 13:30:00,126.0808,126.1007,125.961,126.0209,88865.0
2026-04-17 13:35:00,126.0159,126.1057,126.0009,126.0658,74313.0
2026-04-17 13:40:00,126.0658,126.1806,126.0109,126.0907,83299.0
2026-04-17 13:45:00,126.1007,126.2803,126.1007,126.2601,116501.0
2026-04-17 13:50:00,126.2554,126.5,126.2554,126.48,155167.0
2026-04-17 13:55:00,126.48,126.5698,126.4402,126.5399,112811.0
2026-04-17 14:00:00,126.5399,126.5399,126.3752,126.48,133008.0
2026-04-17 14:05:00,126.49,126.5598,126.4829,126.51,100566.0
2026-04-17 14:10:00,126.5299,126.5698,126.5099,126.5598,100029.0
2026-04-17 14:15:00,126.5598,126.6746,126.5299,126.6746,110643.0
2026-04-17 14:20:00,126.6746,126.8343,126.6597,126.8243,160104.0
2026-04-17 14:25:00,126.8243,126.9641,126.8194,126.9242,145217.0
2026-04-17 14:30:00,126.9391,127.1038,126.9391,127.1038,150659.0
2026-04-17 14:35:00,127.1038,127.1288,126.979,127.029,139394.0
2026-04-17 14:40:00,127.0339,127.0539,126.979,127.009,98865.0
2026-04-17 14:45:00,126.999,127.0189,126.8942,126.986,134911.0
2026-04-17 14:50:00,126.999,127.0488,126.8493,127.0439,1141702.0
2026-04-17 14:55:00,127.0489,127.0789,126.979,126.994,376730.0
2026-04-17 15:00:00,126.979,127.0789,126.9391,127.019,151634.0
2026-04-17 15:05:00,127.004,127.0689,126.928,126.9391,95865.0
2026-04-17 15:10:00,126.9491,126.989,126.8792,126.9291,103922.0
2026-04-17 15:15:00,126.9291,127.029,126.8792,127.019,135727.0
2026-04-17 15:20:00,127.009,127.0789,126.979,127.0489,131299.0
2026-04-17 15:25:00,127.0389,127.0988,126.999,127.0589,160363.0
2026-04-17 15:30:00,127.0589,127.1587,127.0389,127.0988,186173.0
2026-04-17 15:35:00,127.0888,127.2336,127.029,127.1837,205980.0
2026-04-17 15:40:00,127.1837,127.2885,127.1387,127.2485,232898.0
2026-04-17 15:45:00,127.2585,127.2685,127.0988,127.1188,264380.0
2026-04-17 15:50:00,127.1288,127.2535,126.8293,127.2086,488027.0
2026-04-17 15:55:00,127.2186,127.3284,127.1587,127.2286,1052102.0
2026-04-20 09:30:00,127.6278,128.576,127.508,127.8724,600864.0
2026-04-20 09:35:00,127.8274,128.7557,127.7875,128.7457,351514.0
2026-04-20 09:40:00,128.7357,129.2248,128.6262,128.6359,360344.0
2026-04-20 09:45:00,128.6559,128.7357,128.1069,128.6758,273303.0
2026-04-20 09:50:00,128.6808,128.8402,128.2268,128.2965,221181.0
2026-04-20 09:55:00,128.2916,128.3165,127.8674,127.8773,155616.0
2026-04-20 10:00:00,127.8973,128.3564,127.8973,128.2916,188435.0
2026-04-20 10:05:00,128.3164,128.4862,128.1418,128.2067,164055.0
2026-04-20 10:10:00,128.2017,128.2166,127.8374,128.0021,158513.0
2026-04-20 10:15:00,127.9772,128.3465,127.9073,128.3265,151992.0
2026-04-20 10:20:00,128.3265,128.4163,127.9921,128.0021,119232.0
2026-04-20 10:25:00,128.0071,128.0969,127.6677,127.7775,155114.0
2026-04-20 10:30:00,127.8075,127.9472,127.7576,127.8175,112626.0
2026-04-20 10:35:00,127.8125,127.8175,127.3483,127.3783,161575.0
2026-04-20 10:40:00,127.3683,127.6378,127.3085,127.6178,152307.0
2026-04-20 10:45:00,127.6079,127.6677,127.508,127.6578,101863.0
2026-04-20 10:50:00,127.6578,127.7476,127.538,127.7376,142573.0
2026-04-20 10:55:00,127.7376,127.8175,127.6428,127.6777,117863.0
2026-04-20 11:00:00,127.6977,127.7077,127.4082,127.548,186605.0
2026-04-20 11:05:00,127.5579,127.6777,127.4182,127.4881,429480.0
2026-04-20 11:10:00,127.4781,127.4831,127.2685,127.4332,169368.0
2026-04-20 11:15:00,127.4482,127.6278,127.419,127.4631,1111335.0
2026-04-20 11:20:00,127.4681,127.7975,127.4382,127.7725,120456.0
2026-04-20 11:25:00,127.7775,128.047,127.6727,128.037,167834.0
2026-04-20 11:30:00,128.037,128.2167,127.9971,128.1967,264891.0
2026-04-20 11:35:00,128.1868,128.2367,128.1169,128.2167,95605.0
2026-04-20 11:40:00,128.2167,128.2766,128.0869,128.1769,139390.0
2026-04-20 11:45:00,128.1818,128.3165,128.1568,128.3015,67130.0
2026-04-20 11:50:00,128.3015,128.3065,128.1418,128.1868,117873.0
2026-04-20 11:55:00,128.1917,128.2067,128.1169,128.1369,94384.0
2026-04-20 12:00:00,128.1468,128.1668,127.8873,127.8873,104558.0
2026-04-20 12:05:00,127.8874,128.077,127.8674,128.047,88098.0
2026-04-20 12:10:00,128.037,128.057,127.9661,127.9772,59834.0
2026-04-20 12:15:00,127.9821,127.9821,127.8025,127.8075,85563.0
2026-04-20 12:20:00,127.8075,127.9572,127.7027,127.8973,129043.0
2026-04-20 12:25:00,127.9073,128.0969,127.9073,128.0171,72219.0
2026-04-20 12:30:00,128.0171,128.0321,127.8873,127.9372,77287.0
2026-04-20 12:35:00,127.9472,127.9682,127.8374,127.8873,71374.0
2026-04-20 12:40:00,127.8823,127.9322,127.8574,127.9272,64796.0
2026-04-20 12:45:00,127.9272,128.067,127.8873,128.052,81484.0
2026-04-20 12:50:00,128.047,128.0961,128.0071,128.072,62299.0
2026-04-20 12:55:00,128.0771,128.2067,128.062,128.1768,57646.0
2026-04-20 13:00:00,128.1768,128.2167,128.1119,128.1561,92599.0
2026-04-20 13:05:00,128.1369,128.1568,128.047,128.1568,54303.0
2026-04-20 13:10:00,128.1568,128.2067,128.1518,128.1868,43992.0
2026-04-20 13:15:00,128.1868,128.2267,128.1468,128.1468,57255.0
2026-04-20 13:20:00,128.1468,128.2267,128.1119,128.1967,76663.0
2026-04-20 13:25:00,128.1967,128.2267,128.1668,128.2167,53894.0
2026-04-20 13:30:00,128.2117,128.2167,128.057,128.067,69614.0
2026-04-20 13:35:00,128.072,128.1169,128.0271,128.1019,61228.0
2026-04-20 13:40:00,128.0969,128.1369,128.077,128.1169,44619.0
2026-04-20 13:45:00,128.1269,128.1369,128.0771,128.0869,48728.0
2026-04-20 13:50:00,128.077,128.1369,128.067,128.1268,48441.0
2026-04-20 13:55:00,128.1219,128.1668,128.0071,128.1568,136212.0
2026-04-20 14:00:00,128.1568,128.1668,127.9572,128.0271,65853.0
2026-04-20 14:05:00,128.037,128.037,127.9372,127.9372,65408.0
2026-04-20 14:10:00,127.9422,127.9622,127.8075,127.8175,118575.0
2026-04-20 14:15:00,127.8175,127.9472,127.7276,127.9272,183836.0
2026-04-20 14:20:00,127.9372,128.0171,127.9372,127.9572,59114.0
2026-04-20 14:25:00,127.9472,127.9472,127.7576,127.8574,164576.0
2026-04-20 14:30:00,127.8574,127.9572,127.6727,127.7027,125836.0
2026-04-20 14:35:00,127.7027,127.7077,127.538,127.5879,86161.0
2026-04-20 14:40:00,127.5879,127.6478,127.518,127.538,70996.0
2026-04-20 14:45:00,127.553,127.7176,127.523,127.7176,100840.0
2026-04-20 14:50:00,127.7274,127.8075,127.6977,127.7476,73193.0
2026-04-20 14:55:00,127.7476,127.7476,127.6628,127.6794,89586.0
2026-04-20 15:00:00,127.6827,127.7576,127.6628,127.7276,74730.0
2026-04-20 15:05:00,127.7276,127.7476,127.543,127.548,114712.0
2026-04-20 15:10:00,127.553,127.6578,127.528,127.6079,92829.0
2026-04-20 15:15:00,127.6079,127.6428,127.538,127.5629,95662.0
2026-04-20 15:20:00,127.5629,127.5879,127.4881,127.5629,97063.0
2026-04-20 15:25:00,127.5679,127.6428,127.5179,127.5179,132629.0
2026-04-20 15:30:00,127.508,127.508,127.3933,127.4681,125356.0
2026-04-20 15:35:00,127.4631,127.4981,127.2835,127.2885,124817.0
2026-04-20 15:40:00,127.2935,127.3933,127.2785,127.3633,146255.0
2026-04-20 15:45:00,127.3683,127.4382,127.3134,127.4032,135425.0
2026-04-20 15:50:00,127.4082,127.6927,127.0789,127.6877,400780.0
2026-04-20 15:55:00,127.6977,127.8075,127.6478,127.6977,990953.0
2026-04-21 09:30:00,127.5879,128.3065,127.3883,127.4981,466676.0
2026-04-21 09:35:00,127.4681,127.8973,127.2386,127.8674,249790.0
2026-04-21 09:40:00,127.8574,128.0222,127.4382,127.7576,150013.0
2026-04-21 09:45:00,127.7476,127.9372,127.4881,127.6378,167575.0
2026-04-21 09:50:00,127.6478,127.7376,127.4282,127.548,142049.0
2026-04-21 09:55:00,127.543,127.7376,127.4881,127.6378,170984.0
2026-04-21 10:00:00,127.6278,127.8873,127.5879,127.7576,126560.0
2026-04-21 10:05:00,127.746,127.8973,127.6328,127.8873,147220.0
2026-04-21 10:10:00,127.8574,128.1868,127.8374,128.1419,135923.0
2026-04-21 10:15:00,128.1418,128.3065,128.1069,128.2866,159350.0
2026-04-21 10:20:00,128.2866,128.4812,128.2417,128.4213,127796.0
2026-04-21 10:25:00,128.4263,128.4962,128.2965,128.3165,89940.0
2026-04-21 10:30:00,128.3365,128.4163,128.2067,128.2267,108643.0
2026-04-21 10:35:00,128.2317,128.3365,128.1219,128.3365,86010.0
2026-04-21 10:40:00,128.3365,128.3564,128.1169,128.1369,76709.0
2026-04-21 10:45:00,128.1369,128.2466,128.1169,128.1418,110674.0
2026-04-21 10:50:00,128.1418,128.3964,128.0072,128.3771,110671.0
2026-04-21 10:55:00,128.3864,128.6059,128.3664,128.5261,198722.0
2026-04-21 11:00:00,128.5161,128.8156,128.3964,128.8156,181160.0
2026-04-21 11:05:00,128.8255,128.9254,128.6459,128.7257,155859.0
2026-04-21 11:10:00,128.7257,128.7557,128.606,128.7257,116396.0
2026-04-21 11:15:00,128.7158,128.7407,128.6159,128.6658,148377.0
2026-04-21 11:20:00,128.6658,128.6758,128.4662,128.6609,122667.0
2026-04-21 11:25:00,128.6609,128.8156,128.5861,128.5987,163208.0
2026-04-21 11:30:00,128.596,128.6259,128.4313,128.5561,137188.0
2026-04-21 11:35:00,128.5461,128.7257,128.5461,128.576,147409.0
2026-04-21 11:40:00,128.596,128.6059,128.4363,128.5411,106079.0
2026-04-21 11:45:00,128.5411,128.8954,128.5261,128.8854,174067.0
2026-04-21 11:50:00,128.8754,128.9254,128.7757,128.8006,131768.0
2026-04-21 11:55:00,128.8056,128.8255,128.6858,128.7158,100033.0
2026-04-21 12:00:00,128.7257,128.8854,128.6908,128.7956,131912.0
2026-04-21 12:05:00,128.7856,128.8455,128.7058,128.8156,115772.0
2026-04-21 12:10:00,128.8355,128.8754,128.7657,128.8505,84281.0
2026-04-21 12:15:00,128.8655,128.8655,128.7058,128.7557,72556.0
2026-04-21 12:20:00,128.7457,128.8355,128.6909,128.7956,66378.0
2026-04-21 12:25:00,128.7956,128.8954,128.7756,128.8655,67260.0
2026-04-21 12:30:00,128.8754,129.0451,128.8255,128.9653,125386.0
2026-04-21 12:35:00,128.9753,129.0202,128.9154,128.9753,77203.0
2026-04-21 12:40:00,128.9852,129.0651,128.8954,129.0501,75576.0
2026-04-21 12:45:00,129.0551,129.0751,128.9353,128.9952,85012.0
2026-04-21 12:50:00,129.0052,129.0202,128.9403,128.9403,63238.0
2026-04-21 12:55:00,128.9403,128.9403,128.7557,128.7806,107452.0
2026-04-21 13:00:00,128.7806,128.7956,128.6459,128.6459,98872.0
2026-04-21 13:05:00,128.6459,128.7457,128.576,128.7257,104668.0
2026-04-21 13:10:00,128.7357,128.8156,128.6858,128.6858,122027.0
2026-04-21 13:15:00,128.7158,128.7557,128.6559,128.707,85277.0
2026-04-21 13:20:00,128.7058,128.8754,128.6858,128.8255,131616.0
2026-04-21 13:25:00,128.8156,128.9703,128.8156,128.9254,89453.0
2026-04-21 13:30:00,128.9353,129.125,128.9353,129.125,178171.0
2026-04-21 13:35:00,129.105,129.4044,129.0751,129.3246,312948.0
2026-04-21 13:40:00,129.3246,129.4544,129.2947,129.4294,151907.0
2026-04-21 13:45:00,129.4294,129.4294,129.1399,129.1649,92617.0
2026-04-21 13:50:00,129.1749,129.2447,129.1399,129.2447,123933.0
2026-04-21 13:55:00,129.2447,129.3645,129.2348,129.3146,202606.0
2026-04-21 14:00:00,129.3146,129.3545,129.2348,129.2547,118612.0
2026-04-21 14:05:00,129.2547,129.2797,129.2148,129.2298,61421.0
2026-04-21 14:10:00,129.2248,129.2398,129.135,129.2398,80055.0
2026-04-21 14:15:00,129.2398,129.2497,128.9753,129.0651,172926.0
2026-04-21 14:20:00,129.0651,129.0851,128.9553,129.0701,75903.0
2026-04-21 14:25:00,129.0651,129.135,129.0401,129.095,93939.0
2026-04-21 14:30:00,129.0852,129.2348,129.0351,129.1899,100634.0
2026-04-21 14:35:00,129.1899,129.2348,129.1749,129.1749,64374.0
2026-04-21 14:40:00,129.1749,129.2048,129.0851,129.1799,69582.0
2026-04-21 14:45:00,129.1799,129.2897,129.1449,129.2847,118910.0
2026-04-21 14:50:00,129.2747,129.4544,129.2697,129.4244,188164.0
2026-04-21 14:55:00,129.4044,129.4344,129.2847,129.4244,136727.0
2026-04-21 15:00:00,129.4277,129.4544,129.3346,129.3446,115343.0
2026-04-21 15:05:00,129.3496,129.3845,129.2348,129.3096,129285.0
2026-04-21 15:10:00,129.3096,129.4843,129.3096,129.3745,160771.0
2026-04-21 15:15:00,129.3845,129.4144,129.2398,129.2647,122480.0
2026-04-21 15:20:00,129.2647,129.4643,129.1649,129.4394,237321.0
2026-04-21 15:25:00,129.4444,129.5242,129.3945,129.4044,194566.0
2026-04-21 15:30:00,129.3945,129.4394,129.3146,129.3995,123852.0
2026-04-21 15:35:00,129.3945,129.4244,129.2947,129.3446,145440.0
2026-04-21 15:40:00,129.3496,129.3545,128.9852,129.0202,226347.0
2026-04-21 15:45:00,128.9952,129.2048,128.9553,129.125,208569.0
2026-04-21 15:50:00,129.135,129.4244,129.115,129.2447,405551.0
2026-04-21 15:55:00,129.2547,129.4544,129.2348,129.3545,847112.0
2026-04-22 09:30:00,129.7538,130.0632,128.606,129.246,587051.0
2026-04-22 09:35:00,129.3146,129.4843,128.596,128.9054,169604.0
2026-04-22 09:40:00,128.9013,128.9154,128.6209,128.8455,127217.0
2026-04-22 09:45:00,128.8854,129.3545,128.8854,129.2866,187386.0
2026-04-22 09:50:00,129.2847,129.3146,128.9952,129.0302,150174.0
2026-04-22 09:55:00,129.0551,129.4144,129.0052,129.3795,119401.0
2026-04-22 10:00:00,129.3446,129.4494,129.2547,129.2797,111186.0
2026-04-22 10:05:00,129.2557,129.3545,129.17,129.3545,98164.0
2026-04-22 10:10:00,129.3645,129.3786,129.2447,129.2644,441447.0
2026-04-22 10:15:00,129.2597,129.5641,129.2547,129.5392,106492.0
2026-04-22 10:20:00,129.5342,129.5542,129.3246,129.3645,90650.0
2026-04-22 10:25:00,129.3645,129.3744,128.9353,129.1449,124265.0
2026-04-22 10:30:00,129.1549,129.2747,129.0801,129.2597,139819.0
2026-04-22 10:35:00,129.2597,129.3745,129.2348,129.2747,112646.0
2026-04-22 10:40:00,129.2647,129.634,129.2348,129.614,91450.0
2026-04-22 10:45:00,129.6239,129.6938,129.5641,129.624,73047.0
2026-04-22 10:50:00,129.634,129.8536,129.5741,129.8536,82221.0
2026-04-22 10:55:00,129.8686,129.8785,129.6739,129.7638,88420.0
2026-04-22 11:00:00,129.7638,130.0732,129.7638,129.9135,128656.0
2026-04-22 11:05:00,129.9334,129.9434,129.7039,129.8835,136998.0
2026-04-22 11:10:00,129.8835,129.9797,129.8686,129.9235,88417.0
2026-04-22 11:15:00,129.9235,129.9533,129.7413,129.9085,80571.0
2026-04-22 11:20:00,129.9085,129.9085,129.6939,129.7089,82977.0
2026-04-22 11:25:00,129.7089,129.8037,129.624,129.8031,68066.0
2026-04-22 11:30:00,129.7887,130.1031,129.7638,130.0532,96186.0
2026-04-22 11:35:00,130.0582,130.1458,129.9334,129.9534,109970.0
2026-04-22 11:40:00,129.9434,130.0732,129.8835,130.0732,79992.0
2026-04-22 11:45:00,130.0732,130.1231,129.9833,130.0033,80765.0
2026-04-22 11:50:00,130.0133,130.143,129.9634,130.0832,93949.0
2026-04-22 11:55:00,130.0931,130.168,130.0782,130.1331,109515.0
2026-04-22 12:00:00,130.143,130.153,130.0133,130.0782,109202.0
2026-04-22 12:05:00,130.0782,130.0931,129.9135,129.9362,141116.0
2026-04-22 12:10:00,129.9334,129.9684,129.7839,129.8137,129847.0
2026-04-22 12:15:00,129.8037,129.8536,129.644,129.654,169489.0
2026-04-22 12:20:00,129.634,129.634,129.4643,129.4793,259380.0
2026-04-22 12:25:00,129.4743,129.5441,129.2248,129.2348,220638.0
2026-04-22 12:30:00,129.2248,129.5092,129.2148,129.4943,110889.0
2026-04-22 12:35:00,129.4943,129.6929,129.4743,129.6839,98398.0
2026-04-22 12:40:00,129.6939,129.7987,129.6839,129.7039,98113.0
2026-04-22 12:45:00,129.7039,129.7538,129.664,129.7338,52827.0
2026-04-22 12:50:00,129.7338,129.7937,129.7089,129.7937,55510.0
2026-04-22 12:55:00,129.7937,129.8137,129.644,129.6635,130046.0
2026-04-22 13:00:00,129.654,129.7987,129.644,129.654,87911.0
2026-04-22 13:05:00,129.664,129.7338,129.654,129.7238,320472.0
2026-04-22 13:10:00,129.7139,129.9235,129.7139,129.8935,70097.0
2026-04-22 13:15:00,129.8935,130.0283,129.8935,129.9933,108044.0
2026-04-22 13:20:00,129.9833,130.0582,129.9334,130.0283,151987.0
2026-04-22 13:25:00,130.0233,130.1081,129.9334,130.0333,67169.0
2026-04-22 13:30:00,130.0133,130.2028,129.9734,130.163,66360.0
2026-04-22 13:35:00,130.163,130.178,130.0832,130.163,50665.0
2026-04-22 13:40:00,130.158,130.163,129.9933,130.0632,61272.0
2026-04-22 13:45:00,130.0732,130.113,129.9035,129.9035,74525.0
2026-04-22 13:50:00,129.9035,129.9035,129.7638,129.7937,74487.0
2026-04-22 13:55:00,129.8027,129.8536,129.7358,129.7638,75456.0
2026-04-22 14:00:00,129.7538,129.7588,129.629,129.7139,52359.0
2026-04-22 14:05:00,129.7188,129.7278,129.644,129.6739,61614.0
2026-04-22 14:10:00,129.6739,129.7188,129.5172,129.5342,67524.0
2026-04-22 14:15:00,129.5242,129.5791,129.3945,129.4444,99050.0
2026-04-22 14:20:00,129.4544,129.4643,129.2847,129.3146,101328.0
2026-04-22 14:25:00,129.3146,129.3545,129.2547,129.3146,80967.0
2026-04-22 14:30:00,129.3046,129.3046,129.125,129.1549,81237.0
2026-04-22 14:35:00,129.1549,129.3246,129.1549,129.295,82169.0
2026-04-22 14:40:00,129.2947,129.3545,129.2497,129.3496,70797.0
2026-04-22 14:45:00,129.3545,129.4743,129.3545,129.4144,80049.0
2026-04-22 14:50:00,129.4044,129.4044,129.2447,129.2897,92544.0
2026-04-22 14:55:00,129.2847,129.3496,129.2298,129.2847,85897.0
2026-04-22 15:00:00,129.2847,129.4843,129.2697,129.4444,128028.0
2026-04-22 15:05:00,129.4544,129.4742,129.3496,129.3845,134461.0
2026-04-22 15:10:00,129.3946,129.4693,129.3645,129.4344,108484.0
2026-04-22 15:15:00,129.4294,129.5242,129.3296,129.3595,164887.0
2026-04-22 15:20:00,129.3645,129.5292,129.3355,129.5142,111585.0
2026-04-22 15:25:00,129.5142,129.6041,129.5142,129.5641,104160.0
2026-04-22 15:30:00,129.5592,129.5791,129.4494,129.4943,167991.0
2026-04-22 15:35:00,129.4843,129.644,129.4693,129.619,139417.0
2026-04-22 15:40:00,129.614,129.624,129.4843,129.5092,179321.0
2026-04-22 15:45:00,129.5043,129.5991,129.4843,129.5442,144766.0
2026-04-22 15:50:00,129.5542,130.0233,129.5442,129.9534,521594.0
2026-04-22 15:55:00,129.9734,130.0732,129.7039,129.7139,1358727.0
2026-04-23 09:30:00,130.3227,130.8617,130.2429,130.7369,548693.0
2026-04-23 09:35:00,130.7419,130.7902,130.2729,130.7818,159085.0
2026-04-23 09:40:00,130.8018,131.0513,130.7269,131.0513,169678.0
2026-04-23 09:45:00,131.0613,131.2659,131.0114,131.1412,182335.0
2026-04-23 09:50:00,131.1162,131.2809,131.1012,131.1611,119311.0
2026-04-23 09:55:00,131.1611,131.5404,131.1412,131.5104,160547.0
2026-04-23 10:00:00,131.5304,131.5304,131.0962,131.201,189436.0
2026-04-23 10:05:00,131.221,131.3607,131.0813,131.1412,143400.0
2026-04-23 10:10:00,131.1312,131.3508,131.0814,131.3208,133530.0
2026-04-23 10:15:00,131.2909,131.4905,131.1312,131.4506,130372.0
2026-04-23 10:20:00,131.4595,131.4595,131.211,131.241,118971.0
2026-04-23 10:25:00,131.2709,131.3058,131.0014,131.0513,182795.0
2026-04-23 10:30:00,131.0215,131.2709,130.9914,131.0413,170039.0
2026-04-23 10:35:00,131.0114,131.1611,130.7918,131.1611,108962.0
2026-04-23 10:40:00,131.1312,131.231,131.0813,131.1012,83499.0
2026-04-23 10:45:00,131.0813,131.3508,131.0214,131.3209,136552.0
2026-04-23 10:50:00,131.3508,131.4007,131.1761,131.1911,97821.0
2026-04-23 10:55:00,131.1911,131.1911,130.8168,130.8816,190483.0
2026-04-23 11:00:00,130.8816,130.9914,130.8617,130.9715,79465.0
2026-04-23 11:05:00,130.9914,131.0613,130.8916,130.9515,80128.0
2026-04-23 11:10:00,130.9615,130.9864,130.8118,130.8317,98014.0
2026-04-23 11:15:00,130.8218,130.8218,130.4924,130.4974,84080.0
2026-04-23 11:20:00,130.5024,130.682,130.4974,130.5523,99093.0
2026-04-23 11:25:00,130.5672,130.9116,130.5672,130.9116,117158.0
2026-04-23 11:30:00,130.9315,131.0114,130.8617,130.9266,94588.0
2026-04-23 11:35:00,130.9116,131.0204,130.9116,130.9785,69188.0
2026-04-23 11:40:00,130.9815,131.1012,130.9665,130.9715,63091.0
2026-04-23 11:45:00,130.9515,131.3108,130.9415,131.3008,82823.0
2026-04-23 11:50:00,131.3108,131.4306,131.2909,131.3907,150881.0
2026-04-23 11:55:00,131.4007,131.5903,131.3807,131.5703,236869.0
2026-04-23 12:00:00,131.5554,131.7201,131.4605,131.7101,125644.0
2026-04-23 12:05:00,131.7201,131.8099,131.6003,131.7999,165461.0
2026-04-23 12:10:00,131.7899,131.8648,131.7136,131.7749,128477.0
2026-04-23 12:15:00,131.7749,131.8897,131.7701,131.8896,95500.0
2026-04-23 12:20:00,131.8897,131.9696,131.8598,131.8997,107195.0
2026-04-23 12:25:00,131.8897,132.0394,131.8897,132.0345,98474.0
2026-04-23 12:30:00,132.0345,132.0644,131.9697,132.0195,94843.0
2026-04-23 12:35:00,132.0195,132.0993,131.9496,132.0594,80012.0
2026-04-23 12:40:00,132.0594,132.0744,131.9396,132.0195,70077.0
2026-04-23 12:45:00,132.0295,132.0649,131.9596,131.9796,75513.0
2026-04-23 12:50:00,131.9696,131.9846,131.8249,131.8699,85580.0
2026-04-23 12:55:00,131.8897,131.9596,131.8598,131.9197,74636.0
2026-04-23 13:00:00,131.9097,131.9097,131.5604,131.6103,177678.0
2026-04-23 13:05:00,131.6202,131.6402,131.4406,131.5703,94359.0
2026-04-23 13:10:00,131.5504,131.75,131.4615,131.6801,93306.0
2026-04-23 13:15:00,131.6602,131.6901,131.5354,131.5404,131237.0
2026-04-23 13:20:00,131.5504,131.73,131.5304,131.7198,122927.0
2026-04-23 13:25:00,131.7151,131.819,131.6452,131.6701,143242.0
2026-04-23 13:30:00,131.6701,131.8498,131.6402,131.8348,97560.0
2026-04-23 13:35:00,131.8498,131.8897,131.7799,131.8199,138789.0
2026-04-23 13:40:00,131.8149,131.9097,131.7849,131.8797,200557.0
2026-04-23 13:45:00,131.8897,131.9097,131.6502,131.755,197233.0
2026-04-23 13:50:00,131.75,132.0694,131.74,131.8598,227045.0
2026-04-23 13:55:00,131.8698,131.9646,131.7907,131.8947,109013.0
2026-04-23 14:00:00,131.8947,131.9696,131.7999,131.9496,131942.0
2026-04-23 14:05:00,131.9496,131.9696,131.6901,131.75,124582.0
2026-04-23 14:10:00,131.75,131.9197,131.75,131.8598,135810.0
2026-04-23 14:15:00,131.8548,132.0894,131.8548,132.0744,115564.0
2026-04-23 14:20:00,132.0744,132.1892,132.0494,132.1542,111185.0
2026-04-23 14:25:00,132.1442,132.1892,132.0894,132.1642,103452.0
2026-04-23 14:30:00,132.1692,132.1742,132.0494,132.1093,99605.0
2026-04-23 14:35:00,132.1193,132.2091,132.1093,132.1492,101201.0
2026-04-23 14:40:00,132.1492,132.1692,132.0195,132.1492,114909.0
2026-04-23 14:45:00,132.1492,132.1792,132.1243,132.1592,69603.0
2026-04-23 14:50:00,132.1592,132.1692,132.0894,132.1193,127066.0
2026-04-23 14:55:00,132.1243,132.1492,131.9496,132.0045,133044.0
2026-04-23 15:00:00,131.9995,131.9995,131.8897,131.9746,114204.0
2026-04-23 15:05:00,131.9796,132.0295,131.9097,131.9746,118782.0
2026-04-23 15:10:00,131.9746,132.0494,131.9297,131.9396,88151.0
2026-04-23 15:15:00,131.9396,132.0394,131.8199,132.0295,127868.0
2026-04-23 15:20:00,132.0295,132.0494,131.9696,131.9995,87164.0
2026-04-23 15:25:00,132.0095,132.0794,131.8099,131.8099,114885.0
2026-04-23 15:30:00,131.8149,132.0095,131.7899,131.9995,106023.0
2026-04-23 15:35:00,131.9995,132.0494,131.8398,131.8897,152943.0
2026-04-23 15:40:00,131.8997,132.0195,131.8797,131.9945,131280.0
2026-04-23 15:45:00,131.9895,132.0494,131.8797,131.9546,182511.0
2026-04-23 15:50:00,131.9496,131.9496,131.6502,131.8199,555316.0
2026-04-23 15:55:00,131.7999,131.8398,131.6901,131.77,918797.0
2026-04-24 09:30:00,131.6901,131.8698,129.9734,130.0233,725057.0
2026-04-24 09:35:00,129.9734,130.3427,129.9434,130.1231,202718.0
2026-04-24 09:40:00,130.1476,130.692,130.1131,130.5074,202777.0
2026-04-24 09:45:00,130.4974,130.8517,130.3526,130.7918,274127.0
2026-04-24 09:50:00,130.7917,131.241,130.712,131.0613,275139.0
2026-04-24 09:55:00,131.0513,131.3108,130.8916,130.9715,171399.0
2026-04-24 10:00:00,130.9615,131.0713,130.8168,130.9765,166817.0
2026-04-24 10:05:00,130.9615,131.0314,130.2729,130.3427,172624.0
2026-04-24 10:10:00,130.3427,130.3926,129.9384,130.2029,223011.0
2026-04-24 10:15:00,130.1929,130.682,130.163,130.6621,246432.0
2026-04-24 10:20:00,130.6621,130.7419,130.4226,130.4475,214110.0
2026-04-24 10:25:00,130.4226,130.6122,130.3027,130.3826,122695.0
2026-04-24 10:30:00,130.3826,130.5323,130.2828,130.2978,85408.0
2026-04-24 10:35:00,130.2928,130.3526,130.0832,130.143,114113.0
2026-04-24 10:40:00,130.153,130.2628,130.0233,130.0432,107820.0
2026-04-24 10:45:00,130.0333,130.173,129.8546,130.0333,166283.0
2026-04-24 10:50:00,130.0432,130.0931,129.9334,130.0183,84309.0
2026-04-24 10:55:00,130.0183,130.0432,129.7838,129.8138,119619.0
2026-04-24 11:00:00,129.8336,130.0083,129.8137,129.9634,127373.0
2026-04-24 11:05:00,129.9534,130.0532,129.8785,129.9035,159641.0
2026-04-24 11:10:00,129.9035,129.9334,129.7638,129.8363,94044.0
2026-04-24 11:15:00,129.8436,130.0881,129.8237,130.0682,92632.0
2026-04-24 11:20:00,130.0832,130.163,129.9435,130.0832,122512.0
2026-04-24 11:25:00,130.0832,130.183,129.9434,129.9434,92404.0
2026-04-24 11:30:00,129.9434,130.0532,129.634,129.6639,206097.0
2026-04-24 11:35:00,129.634,129.7538,129.4943,129.5641,121039.0
2026-04-24 11:40:00,129.5641,129.8636,129.5242,129.8137,98902.0
2026-04-24 11:45:00,129.8336,129.8835,129.7139,129.7338,191131.0
2026-04-24 11:50:00,129.7238,129.8935,129.5142,129.8436,207572.0
2026-04-24 11:55:00,129.8386,129.9534,129.8237,129.8835,76010.0
2026-04-24 12:00:00,129.8885,130.1281,129.8885,130.0133,94664.0
2026-04-24 12:05:00,130.0133,130.2828,129.9634,130.2728,79444.0
2026-04-24 12:10:00,130.2728,130.2828,130.163,130.1979,92701.0
2026-04-24 12:15:00,130.183,130.2429,130.0632,130.143,67756.0
2026-04-24 12:20:00,130.143,130.1929,129.9434,129.9734,88883.0
2026-04-24 12:25:00,129.9634,130.0832,129.9434,130.0432,63695.0
2026-04-24 12:30:00,130.053,130.0931,129.9484,129.9784,81156.0
2026-04-24 12:35:00,129.9784,129.9784,129.7338,129.8038,120105.0
2026-04-24 12:40:00,129.8137,129.8486,129.7039,129.8037,131489.0
2026-04-24 12:45:00,129.8137,129.8336,129.7039,129.7688,53819.0
2026-04-24 12:50:00,129.7688,129.8835,129.7438,129.7837,89361.0
2026-04-24 12:55:00,129.7937,129.8137,129.6939,129.7139,56901.0
2026-04-24 13:00:00,129.7139,129.7937,129.619,129.7638,128567.0
2026-04-24 13:05:00,129.7638,129.8586,129.639,129.6939,78407.0
2026-04-24 13:10:00,129.6939,129.8237,129.649,129.7538,95159.0
2026-04-24 13:15:00,129.7538,129.8835,129.6839,129.6939,54771.0
2026-04-24 13:20:00,129.6839,129.8536,129.6776,129.7937,90929.0
2026-04-24 13:25:00,129.8037,129.9235,129.8037,129.9185,55235.0
2026-04-24 13:30:00,129.9334,129.9533,129.7837,129.8237,57187.0
2026-04-24 13:35:00,129.8237,129.9634,129.7837,129.9634,79216.0
2026-04-24 13:40:00,129.9634,130.0183,129.8835,129.8935,75879.0
2026-04-24 13:45:00,129.9035,129.9035,129.7837,129.7837,56579.0
2026-04-24 13:50:00,129.7837,130.0732,129.7837,129.9784,131812.0
2026-04-24 13:55:00,129.9784,130.0033,129.8436,129.8636,108498.0
2026-04-24 14:00:00,129.8835,129.9933,129.8336,129.8436,78937.0
2026-04-24 14:05:00,129.8436,130.0532,129.8336,129.9334,104344.0
2026-04-24 14:10:00,129.9434,129.9634,129.7837,129.8037,100695.0
2026-04-24 14:15:00,129.8037,129.8636,129.7139,129.7139,84617.0
2026-04-24 14:20:00,129.7039,129.7538,129.644,129.664,81028.0
2026-04-24 14:25:00,129.664,129.664,129.4843,129.5242,116789.0
2026-04-24 14:30:00,129.5242,129.5841,129.2647,129.2947,214955.0
2026-04-24 14:35:00,129.2847,129.3044,129.0363,129.11,147581.0
2026-04-24 14:40:00,129.11,129.3945,129.0701,129.3545,152622.0
2026-04-24 14:45:00,129.3545,129.4843,129.3346,129.3995,116552.0
2026-04-24 14:50:00,129.3995,129.5641,129.3995,129.4544,123187.0
2026-04-24 14:55:00,129.4544,129.5442,129.4144,129.4344,117090.0
2026-04-24 15:00:00,129.4244,129.634,129.4244,129.6041,133957.0
2026-04-24 15:05:00,129.6041,129.7937,129.6041,129.7837,152932.0
2026-04-24 15:10:00,129.7937,129.8736,129.7737,129.7837,154150.0
2026-04-24 15:15:00,129.7737,129.8137,129.654,129.7937,120710.0
2026-04-24 15:20:00,129.7987,129.8536,129.7438,129.8187,130721.0
2026-04-24 15:25:00,129.8187,129.8237,129.7089,129.7688,122263.0
2026-04-24 15:30:00,129.7638,129.8286,129.5841,129.5841,193128.0
2026-04-24 15:35:00,129.5841,129.644,129.4843,129.5242,145823.0
2026-04-24 15:40:00,129.5342,129.5741,129.4743,129.5292,137480.0
2026-04-24 15:45:00,129.5242,129.5541,129.3645,129.3795,176767.0
2026-04-24 15:50:00,129.3845,129.7438,129.3845,129.6739,522118.0
2026-04-24 15:55:00,129.654,129.9334,129.644,129.664,1546369.0
2026-04-27 09:30:00,129.3695,129.5641,128.566,128.7706,407587.0
2026-04-27 09:35:00,128.7956,129.0801,128.3964,129.0651,257550.0
2026-04-27 09:40:00,129.0612,129.1948,128.8754,128.9803,112705.0
2026-04-27 09:45:00,128.9852,129.1945,128.6958,128.9952,198304.0
2026-04-27 09:50:00,129.0152,129.4544,129.0052,129.13,176494.0
2026-04-27 09:55:00,129.0701,129.1998,129.0247,129.1948,154288.0
2026-04-27 10:00:00,129.2248,129.3346,129.0451,129.0701,100335.0
2026-04-27 10:05:00,129.0851,129.1998,128.7457,128.8056,118888.0
2026-04-27 10:10:00,128.7756,128.8156,128.5261,128.5361,101819.0
2026-04-27 10:15:00,128.5461,128.606,128.2667,128.3165,196246.0
2026-04-27 10:20:00,128.3165,128.4443,128.2566,128.3065,92758.0
2026-04-27 10:25:00,128.2965,128.3015,128.0869,128.2516,128459.0
2026-04-27 10:30:00,128.2666,128.6658,128.2666,128.3365,160331.0
2026-04-27 10:35:00,128.3315,128.4113,128.1718,128.4013,159020.0
2026-04-27 10:40:00,128.3864,128.6459,128.2367,128.5062,126387.0
2026-04-27 10:45:00,128.4962,128.6458,128.3964,128.4063,71103.0
2026-04-27 10:50:00,128.4063,128.6359,128.3465,128.576,82106.0
2026-04-27 10:55:00,128.591,128.591,128.4063,128.4762,64039.0
2026-04-27 11:00:00,128.4762,128.4962,128.2666,128.4762,104031.0
2026-04-27 11:05:00,128.4962,128.586,128.2167,128.2466,98977.0
2026-04-27 11:10:00,128.2466,128.3315,128.1668,128.3315,64920.0
2026-04-27 11:15:00,128.3265,128.4063,128.1718,128.2067,78152.0
2026-04-27 11:20:00,128.1967,128.4262,128.1967,128.3365,68497.0
2026-04-27 11:25:00,128.3365,128.3664,128.1319,128.1468,73342.0
2026-04-27 11:30:00,128.1468,128.2017,128.0869,128.1069,58357.0
2026-04-27 11:35:00,128.1169,128.2267,128.0969,128.1069,56241.0
2026-04-27 11:40:00,128.1069,128.2167,128.072,128.2067,69541.0
2026-04-27 11:45:00,128.2167,128.2367,128.1169,128.2367,63803.0
2026-04-27 11:50:00,128.2466,128.4256,128.2267,128.3964,55021.0
2026-04-27 11:55:00,128.3764,128.3964,128.2666,128.2866,57710.0
2026-04-27 12:00:00,128.2766,128.3373,128.1868,128.2766,85582.0
2026-04-27 12:05:00,128.2616,128.2716,128.1768,128.2666,50025.0
2026-04-27 12:10:00,128.2616,128.2965,128.1868,128.1967,48026.0
2026-04-27 12:15:00,128.1967,128.1967,128.037,128.047,103922.0
2026-04-27 12:20:00,128.047,128.1169,128.0305,128.0867,68393.0
2026-04-27 12:25:00,128.077,128.1169,128.047,128.067,53546.0
2026-04-27 12:30:00,128.057,128.1119,127.9173,127.9173,75758.0
2026-04-27 12:35:00,127.9173,127.9372,127.8278,127.8674,74490.0
2026-04-27 12:40:00,127.8773,127.9522,127.8474,127.9073,59162.0
2026-04-27 12:45:00,127.9173,127.9372,127.8474,127.8973,44125.0
2026-04-27 12:50:00,127.9023,127.9871,127.8274,127.9672,77973.0
2026-04-27 12:55:00,127.9672,128.0969,127.9422,128.062,69136.0
2026-04-27 13:00:00,128.067,128.1069,128.0271,128.087,76947.0
2026-04-27 13:05:00,128.1069,128.1169,127.9572,128.007,66982.0
2026-04-27 13:10:00,127.9971,127.9971,127.9123,127.9472,122111.0
2026-04-27 13:15:00,127.9522,128.0919,127.9522,128.0271,146432.0
2026-04-27 13:20:00,128.0171,128.0969,127.9572,127.9765,63879.0
2026-04-27 13:25:00,127.9772,127.997,127.83,127.8691,70735.0
2026-04-27 13:30:00,127.8574,127.8574,127.6178,127.6228,129625.0
2026-04-27 13:35:00,127.6228,127.7077,127.6178,127.6578,60121.0
2026-04-27 13:40:00,127.6478,127.7576,127.6478,127.6727,46897.0
2026-04-27 13:45:00,127.6677,127.7276,127.6178,127.6927,70540.0
2026-04-27 13:50:00,127.6977,127.7576,127.6628,127.7476,49662.0
2026-04-27 13:55:00,127.7376,127.7576,127.6579,127.6827,55848.0
2026-04-27 14:00:00,127.6827,127.7077,127.6278,127.6278,50842.0
2026-04-27 14:05:00,127.6328,127.6977,127.6178,127.6578,61286.0
2026-04-27 14:10:00,127.6677,127.7376,127.5879,127.7077,64318.0
2026-04-27 14:15:00,127.7175,127.7176,127.5979,127.5979,67450.0
2026-04-27 14:20:00,127.6079,127.6328,127.518,127.528,97591.0
2026-04-27 14:25:00,127.528,127.6578,127.508,127.6378,56163.0
2026-04-27 14:30:00,127.6278,127.6278,127.4282,127.4681,81215.0
2026-04-27 14:35:00,127.4681,127.4781,127.3093,127.3583,76271.0
2026-04-27 14:40:00,127.3583,127.4482,127.3384,127.3483,59436.0
2026-04-27 14:45:00,127.3533,127.4082,127.3184,127.3683,54482.0
2026-04-27 14:50:00,127.3682,127.518,127.3084,127.5031,54105.0
2026-04-27 14:55:00,127.508,127.518,127.3683,127.3983,59309.0
2026-04-27 15:00:00,127.4082,127.4482,127.3483,127.3783,52169.0
2026-04-27 15:05:00,127.3733,127.4082,127.326,127.326,64665.0
2026-04-27 15:10:00,127.3284,127.3633,127.2835,127.2984,70156.0
2026-04-27 15:15:00,127.3084,127.3733,127.2935,127.2935,67339.0
2026-04-27 15:20:00,127.2984,127.508,127.2984,127.508,79806.0
2026-04-27 15:25:00,127.5031,127.6178,127.4082,127.4282,101460.0
2026-04-27 15:30:00,127.4182,127.5579,127.3783,127.4382,95506.0
2026-04-27 15:35:00,127.4482,127.5579,127.3783,127.3883,95556.0
2026-04-27 15:40:00,127.3883,127.4781,127.3533,127.3783,117564.0
2026-04-27 15:45:00,127.3783,127.3783,127.2086,127.2785,181612.0
2026-04-27 15:50:00,127.2585,127.4482,127.1537,127.3583,307741.0
2026-04-27 15:55:00,127.3483,127.508,127.2984,127.3284,720108.0
2026-04-28 09:30:00,129.095,129.5242,128.4562,128.7008,601363.0
2026-04-28 09:35:00,128.6858,128.6958,127.9295,127.9672,262009.0
2026-04-28 09:40:00,127.9522,128.3776,127.7276,127.7576,246458.0
2026-04-28 09:45:00,127.7576,127.8474,127.508,127.6278,214819.0
2026-04-28 09:50:00,127.6175,128.1568,127.528,128.0869,211784.0
2026-04-28 09:55:00,128.1069,128.2217,127.7875,127.9672,178158.0
2026-04-28 10:00:00,127.9672,127.9971,127.4332,127.6362,208582.0
2026-04-28 10:05:00,127.6428,127.7077,127.1188,127.1188,172424.0
2026-04-28 10:10:00,127.1088,127.1482,126.7901,126.8892,163976.0
2026-04-28 10:15:00,126.8892,126.8992,126.6497,126.8892,188692.0
2026-04-28 10:20:00,126.9042,127.0988,126.6997,127.0988,207621.0
2026-04-28 10:25:00,127.1088,127.3683,127.009,127.3384,221944.0
2026-04-28 10:30:00,127.3384,127.4781,127.1387,127.2835,176291.0
2026-04-28 10:35:00,127.2884,127.528,127.2785,127.4082,229672.0
2026-04-28 10:40:00,127.4068,127.7476,127.3983,127.5729,241534.0
2026-04-28 10:45:00,127.5879,128.0071,127.4781,127.9871,178671.0
2026-04-28 10:50:00,127.9971,128.3864,127.9971,128.3665,234366.0
2026-04-28 10:55:00,128.3465,128.4135,128.2167,128.2666,177765.0
2026-04-28 11:00:00,128.2566,128.3564,128.1069,128.2267,122599.0
2026-04-28 11:05:00,128.2167,128.5062,128.2067,128.3564,111601.0
2026-04-28 11:10:00,128.3315,128.3864,128.1269,128.1369,92132.0
2026-04-28 11:15:00,128.1369,128.3,128.057,128.057,102358.0
2026-04-28 11:20:00,128.067,128.3564,128.067,128.1468,94872.0
2026-04-28 11:25:00,128.1369,128.2766,128.1069,128.1369,76850.0
2026-04-28 11:30:00,128.1352,128.2067,128.0171,128.0271,80179.0
2026-04-28 11:35:00,128.037,128.1768,127.9272,128.0869,87902.0
2026-04-28 11:40:00,128.077,128.3165,128.067,128.0869,82276.0
2026-04-28 11:45:00,128.0869,128.2878,128.0869,128.2167,70128.0
2026-04-28 11:50:00,128.2067,128.3315,128.1967,128.2267,50237.0
2026-04-28 11:55:00,128.2367,128.3415,128.2267,128.3265,62423.0
2026-04-28 12:00:00,128.3265,128.4063,128.2067,128.2117,103503.0
2026-04-28 12:05:00,128.2317,128.2317,128.0071,128.057,95109.0
2026-04-28 12:10:00,128.057,128.1668,128.047,128.1169,57386.0
2026-04-28 12:15:00,128.1269,128.1319,127.9272,128.0071,62402.0
2026-04-28 12:20:00,127.9871,128.0271,127.9073,127.9322,60862.0
2026-04-28 12:25:00,127.9472,128.0071,127.8873,127.9422,53667.0
2026-04-28 12:30:00,127.9372,127.9472,127.7077,127.7176,55933.0
2026-04-28 12:35:00,127.7176,127.7975,127.6378,127.7176,77898.0
2026-04-28 12:40:00,127.7176,127.7176,127.518,127.5181,61449.0
2026-04-28 12:45:00,127.513,127.6378,127.513,127.6079,54766.0
2026-04-28 12:50:00,127.6128,127.6378,127.553,127.5579,68804.0
2026-04-28 12:55:00,127.5679,127.6178,127.4681,127.4781,65548.0
2026-04-28 13:00:00,127.4681,127.4973,127.4182,127.4781,48145.0
2026-04-28 13:05:00,127.4731,127.4781,127.3084,127.3683,66436.0
2026-04-28 13:10:00,127.3683,127.4482,127.3334,127.4382,61423.0
2026-04-28 13:15:00,127.4531,127.4631,127.3733,127.3783,56231.0
2026-04-28 13:20:00,127.3783,127.3783,127.2835,127.2995,61924.0
2026-04-28 13:25:00,127.2984,127.3733,127.2785,127.3483,67049.0
2026-04-28 13:30:00,127.3483,127.3533,127.2186,127.2186,62850.0
2026-04-28 13:35:00,127.2036,127.2086,127.0489,127.0739,64355.0
2026-04-28 13:40:00,127.0689,127.0689,126.94,126.9491,57779.0
2026-04-28 13:45:00,126.9391,126.9391,126.8593,126.8792,57227.0
2026-04-28 13:50:00,126.8892,126.9491,126.8194,126.8693,57413.0
2026-04-28 13:55:00,126.8593,126.979,126.8393,126.969,80920.0
2026-04-28 14:00:00,126.9491,127.0389,126.8992,126.984,92133.0
2026-04-28 14:05:00,126.979,126.999,126.7794,126.7894,75457.0
2026-04-28 14:10:00,126.7894,126.8493,126.7445,126.7445,61708.0
2026-04-28 14:15:00,126.7445,126.7495,126.5733,126.5998,342259.0
2026-04-28 14:20:00,126.5798,126.7294,126.5399,126.6796,65426.0
2026-04-28 14:25:00,126.6896,126.7425,126.6097,126.6597,61347.0
2026-04-28 14:30:00,126.6497,126.6598,126.5898,126.6297,48720.0
2026-04-28 14:35:00,126.6347,126.6696,126.5898,126.6197,74558.0
2026-04-28 14:40:00,126.6397,126.7295,126.6198,126.7295,47875.0
2026-04-28 14:45:00,126.7395,126.8593,126.6996,126.8393,85953.0
2026-04-28 14:50:00,126.8194,126.8664,126.7994,126.8194,52648.0
2026-04-28 14:55:00,126.8293,126.9192,126.8243,126.8992,98111.0
2026-04-28 15:00:00,126.9042,126.989,126.8612,126.9192,76516.0
2026-04-28 15:05:00,126.9192,126.9291,126.7694,126.9092,72833.0
2026-04-28 15:10:00,126.9092,127.1737,126.9092,127.1687,115445.0
2026-04-28 15:15:00,127.1687,127.2086,126.979,126.989,105573.0
2026-04-28 15:20:00,126.989,127.0589,126.9242,126.9541,88337.0
2026-04-28 15:25:00,126.9491,126.979,126.7994,126.8144,135451.0
2026-04-28 15:30:00,126.8194,126.8194,126.5598,126.5698,153358.0
2026-04-28 15:35:00,126.5798,126.8693,126.5698,126.8393,126102.0
2026-04-28 15:40:00,126.8393,126.9491,126.8195,126.8992,2600657.0
2026-04-28 15:45:00,126.8892,126.9391,126.8593,126.9341,91358.0
2026-04-28 15:50:00,126.9391,127.2585,126.9391,127.1787,301472.0
2026-04-28 15:55:00,127.1812,127.518,127.1812,127.3483,811208.0
2026-04-29 09:30:00,126.4401,126.7395,125.6715,125.9161,500370.0
2026-04-29 09:35:00,125.9011,126.1506,125.7614,125.7813,231020.0
2026-04-29 09:40:00,125.8063,126.1307,125.6715,125.931,143968.0
2026-04-29 09:45:00,125.9211,126.2604,125.8512,126.2504,205434.0
2026-04-29 09:50:00,126.2604,126.3403,125.956,126.2005,163327.0
2026-04-29 09:55:00,126.1905,126.1955,125.951,126.1905,118687.0
2026-04-29 10:00:00,126.2255,126.6297,126.2155,126.455,137249.0
2026-04-29 10:05:00,126.4401,126.8293,126.3582,126.7525,150859.0
2026-04-29 10:10:00,126.7894,126.9591,126.7695,126.8792,89564.0
2026-04-29 10:15:00,126.8693,126.9591,126.6497,126.6696,113848.0
2026-04-29 10:20:00,126.6896,126.7694,126.3303,126.3303,152262.0
2026-04-29 10:25:00,126.3303,126.5299,126.1307,126.1456,126503.0
2026-04-29 10:30:00,126.1606,126.3099,125.9211,125.941,101411.0
2026-04-29 10:35:00,125.951,126.1506,125.951,126.0109,108809.0
2026-04-29 10:40:00,126.0109,126.1307,125.931,126.0259,126177.0
2026-04-29 10:45:00,126.0209,126.4201,126.0109,126.4001,101062.0
2026-04-29 10:50:00,126.4001,126.5598,126.4001,126.5099,64302.0
2026-04-29 10:55:00,126.5299,126.5299,126.2804,126.4001,86141.0
2026-04-29 11:00:00,126.3902,126.46,126.2604,126.46,75867.0
2026-04-29 11:05:00,126.49,126.5698,126.4051,126.5598,66538.0
2026-04-29 11:10:00,126.5698,126.6397,126.4729,126.5199,78294.0
2026-04-29 11:15:00,126.5199,126.6996,126.5199,126.6097,82220.0
2026-04-29 11:20:00,126.6097,126.7245,126.5099,126.7195,77532.0
2026-04-29 11:25:00,126.7195,126.8343,126.6996,126.7096,95041.0
2026-04-29 11:30:00,126.7295,126.7694,126.6147,126.6497,171288.0
2026-04-29 11:35:00,126.6497,126.7894,126.6288,126.7395,47597.0
2026-04-29 11:40:00,126.7195,126.7994,126.6996,126.7395,66922.0
2026-04-29 11:45:00,126.7345,126.7894,126.6896,126.7595,139438.0
2026-04-29 11:50:00,126.7595,126.9691,126.7595,126.9441,165159.0
2026-04-29 11:55:00,126.9441,127.009,126.9192,126.999,84650.0
2026-04-29 12:00:00,127.004,127.2336,126.989,127.1537,116910.0
2026-04-29 12:05:00,127.1537,127.1837,127.029,127.0988,120595.0
2026-04-29 12:10:00,127.1088,127.3482,127.0988,127.3384,84304.0
2026-04-29 12:15:00,127.3384,127.3419,127.1887,127.3084,99540.0
2026-04-29 12:20:00,127.3184,127.3683,127.2785,127.3434,68100.0
2026-04-29 12:25:00,127.3483,127.3633,126.9192,127.029,195184.0
2026-04-29 12:30:00,127.0389,127.3683,127.0389,127.2585,105860.0
2026-04-29 12:35:00,127.2535,127.2785,127.019,127.019,81257.0
2026-04-29 12:40:00,127.014,127.2735,126.9591,127.2735,76004.0
2026-04-29 12:45:00,127.2785,127.3483,127.2785,127.3234,72555.0
2026-04-29 12:50:00,127.3284,127.3583,127.1787,127.2735,91427.0
2026-04-29 12:55:00,127.2685,127.3983,127.2685,127.3746,61857.0
2026-04-29 13:00:00,127.3833,127.4382,127.3533,127.3883,75600.0
2026-04-29 13:05:00,127.3886,127.4881,127.3683,127.4282,70687.0
2026-04-29 13:10:00,127.4432,127.4482,127.3384,127.4182,79969.0
2026-04-29 13:15:00,127.4182,127.4182,127.3334,127.3733,68177.0
2026-04-29 13:20:00,127.3883,127.4781,127.3483,127.4781,61387.0
2026-04-29 13:25:00,127.4881,127.5779,127.4781,127.568,65600.0
2026-04-29 13:30:00,127.5879,127.7475,127.5704,127.7376,110227.0
2026-04-29 13:35:00,127.7276,127.7975,127.7077,127.7725,73292.0
2026-04-29 13:40:00,127.7725,127.8025,127.6528,127.6628,68789.0
2026-04-29 13:45:00,127.6628,127.6977,127.5979,127.6178,71356.0
2026-04-29 13:50:00,127.6178,127.6178,127.528,127.5579,74710.0
2026-04-29 13:55:00,127.5665,127.6128,127.523,127.548,59264.0
2026-04-29 14:00:00,127.548,127.5979,127.528,127.5729,64742.0
2026-04-29 14:05:00,127.5729,127.6029,127.4283,127.4432,75938.0
2026-04-29 14:10:00,127.4482,127.4681,127.3783,127.4182,65231.0
2026-04-29 14:15:00,127.4232,127.4781,127.3783,127.4082,75167.0
2026-04-29 14:20:00,127.4082,127.4282,127.3633,127.3683,51657.0
2026-04-29 14:25:00,127.3783,127.4032,127.3284,127.3434,56432.0
2026-04-29 14:30:00,127.3483,127.4032,127.3434,127.3583,66782.0
2026-04-29 14:35:00,127.3533,127.3683,127.2485,127.3284,140572.0
2026-04-29 14:40:00,127.3334,127.3633,127.2785,127.3134,88274.0
2026-04-29 14:45:00,127.3084,127.3134,127.1088,127.1288,102466.0
2026-04-29 14:50:00,127.1288,127.1787,127.0838,127.1637,82705.0
2026-04-29 14:55:00,127.1887,127.2585,127.0938,127.2585,87153.0
2026-04-29 15:00:00,127.2685,127.3184,127.1437,127.2984,104742.0
2026-04-29 15:05:00,127.2885,127.3783,127.2186,127.3783,108476.0
2026-04-29 15:10:00,127.3783,127.4382,127.3483,127.4332,102291.0
2026-04-29 15:15:00,127.4531,127.553,127.4282,127.548,111411.0
2026-04-29 15:20:00,127.538,127.5979,127.4881,127.513,80421.0
2026-04-29 15:25:00,127.513,127.513,127.3583,127.3883,103351.0
2026-04-29 15:30:00,127.3933,127.4731,127.3384,127.3384,109792.0
2026-04-29 15:35:00,127.3234,127.4781,127.2885,127.4781,109432.0
2026-04-29 15:40:00,127.4831,127.4881,127.3633,127.4581,101281.0
2026-04-29 15:45:00,127.4681,127.4981,127.3933,127.4781,123076.0
2026-04-29 15:50:00,127.4881,127.7875,127.4781,127.6578,369365.0
2026-04-29 15:55:00,127.6578,127.8374,127.5779,127.8075,795526.0
2026-04-30 09:30:00,127.7775,129.2547,127.7077,129.12,504552.0
2026-04-30 09:35:00,129.115,129.8336,129.0102,129.7937,365498.0
2026-04-30 09:40:00,129.8065,130.2828,129.7039,129.8386,382047.0
2026-04-30 09:45:00,129.8386,130.2429,129.7638,129.8835,236259.0
2026-04-30 09:50:00,129.9235,130.5722,129.9185,130.5024,198602.0
2026-04-30 09:55:00,130.4924,130.6122,130.0931,130.2149,182656.0
2026-04-30 10:00:00,130.2329,130.5722,130.2229,130.4674,218986.0
2026-04-30 10:05:00,130.4425,130.712,130.4225,130.6122,180166.0
2026-04-30 10:10:00,130.6122,130.8517,130.6122,130.6621,246750.0
2026-04-30 10:15:00,130.672,130.8916,130.6321,130.7719,193052.0
2026-04-30 10:20:00,130.7719,130.9116,130.6621,130.8019,144426.0
2026-04-30 10:25:00,130.8218,130.9615,130.712,130.8617,186438.0
2026-04-30 10:30:00,130.8916,130.9515,130.672,130.9166,204329.0
2026-04-30 10:35:00,130.9216,131.1012,130.7519,130.9565,316597.0
2026-04-30 10:40:00,130.9615,131.1112,130.712,131.0713,180827.0
2026-04-30 10:45:00,131.0912,131.1162,130.9415,131.0014,170563.0
2026-04-30 10:50:00,130.9914,131.0513,130.6821,130.692,118329.0
2026-04-30 10:55:00,130.712,130.7319,130.4624,130.5123,107481.0
2026-04-30 11:00:00,130.5024,130.5523,130.2728,130.5123,113610.0
2026-04-30 11:05:00,130.5223,130.642,130.3127,130.3526,83748.0
2026-04-30 11:10:00,130.3576,130.4225,130.2528,130.2928,86777.0
2026-04-30 11:15:00,130.2828,130.3227,130.153,130.2628,83047.0
2026-04-30 11:20:00,130.2528,130.692,130.2329,130.6421,106910.0
2026-04-30 11:25:00,130.6471,130.8417,130.6471,130.8317,126925.0
2026-04-30 11:30:00,130.8317,130.8417,130.6221,130.8218,133226.0
2026-04-30 11:35:00,130.8218,131.0912,130.8218,131.0853,151215.0
2026-04-30 11:40:00,131.0813,131.241,131.0714,131.216,152113.0
2026-04-30 11:45:00,131.221,131.3008,131.1062,131.241,135242.0
2026-04-30 11:50:00,131.241,131.4306,131.241,131.4106,105771.0
2026-04-30 11:55:00,131.4206,131.5303,131.4007,131.4604,91380.0
2026-04-30 12:00:00,131.4605,131.4705,131.2759,131.3807,87761.0
2026-04-30 12:05:00,131.4007,131.4945,131.3907,131.4805,94507.0
2026-04-30 12:10:00,131.4705,131.5055,131.3907,131.3907,81102.0
2026-04-30 12:15:00,131.3707,131.3707,131.3108,131.3562,65369.0
2026-04-30 12:20:00,131.3557,131.5055,131.3308,131.5055,101046.0
2026-04-30 12:25:00,131.5005,131.6103,131.4805,131.6004,100691.0
2026-04-30 12:30:00,131.6053,131.6301,131.5204,131.5604,97655.0
2026-04-30 12:35:00,131.5562,131.6202,131.5304,131.5803,64091.0
2026-04-30 12:40:00,131.5853,131.6103,131.5005,131.5404,72571.0
2026-04-30 12:45:00,131.5454,131.5853,131.4356,131.4506,115891.0
2026-04-30 12:50:00,131.4506,131.4605,131.3308,131.3906,80083.0
2026-04-30 12:55:00,131.3807,131.4605,131.3308,131.4406,110010.0
2026-04-30 13:00:00,131.4406,131.4705,131.201,131.221,79769.0
2026-04-30 13:05:00,131.221,131.3258,131.211,131.2715,78908.0
2026-04-30 13:10:00,131.2859,131.3907,131.2609,131.3807,283303.0
2026-04-30 13:15:00,131.3807,131.4305,131.3108,131.3408,60711.0
2026-04-30 13:20:00,131.3508,131.4206,131.3409,131.3757,62785.0
2026-04-30 13:25:00,131.3907,131.4007,131.2909,131.3707,73446.0
2026-04-30 13:30:00,131.3707,131.4905,131.3508,131.4506,77261.0
2026-04-30 13:35:00,131.4506,131.5304,131.3757,131.3807,55896.0
2026-04-30 13:40:00,131.3807,131.5903,131.3607,131.5605,70803.0
2026-04-30 13:45:00,131.5753,131.6502,131.5104,131.6153,82417.0
2026-04-30 13:50:00,131.6302,131.6701,131.5554,131.5703,59425.0
2026-04-30 13:55:00,131.5803,131.6103,131.4056,131.4106,65601.0
2026-04-30 14:00:00,131.4007,131.4406,131.3108,131.4106,114863.0
2026-04-30 14:05:00,131.4106,131.5404,131.3458,131.5204,76910.0
2026-04-30 14:10:00,131.5204,131.6003,131.5104,131.5604,71092.0
2026-04-30 14:15:00,131.5604,131.5803,131.4606,131.5803,58842.0
2026-04-30 14:20:00,131.5903,131.6352,131.5104,131.5403,71855.0
2026-04-30 14:25:00,131.5354,131.5554,131.4256,131.4356,56712.0
2026-04-30 14:30:00,131.4356,131.6202,131.4356,131.5204,70791.0
2026-04-30 14:35:00,131.5104,131.6701,131.5104,131.6701,59986.0
2026-04-30 14:40:00,131.6602,131.6701,131.5903,131.6003,69690.0
2026-04-30 14:45:00,131.6103,131.6751,131.5304,131.5903,71112.0
2026-04-30 14:50:00,131.5953,131.6602,131.5405,131.6003,76117.0
2026-04-30 14:55:00,131.5953,131.6103,131.4955,131.5554,60714.0
2026-04-30 15:00:00,131.5554,131.73,131.5554,131.7051,78828.0
2026-04-30 15:05:00,131.7051,131.725,131.5903,131.6806,86007.0
2026-04-30 15:10:00,131.6901,131.77,131.6602,131.75,123917.0
2026-04-30 15:15:00,131.75,131.8049,131.6402,131.6502,101935.0
2026-04-30 15:20:00,131.6502,131.6901,131.5005,131.5204,122793.0
2026-04-30 15:25:00,131.5404,131.5903,131.4655,131.5604,114342.0
2026-04-30 15:30:00,131.5653,131.5653,131.4506,131.5503,132403.0
2026-04-30 15:35:00,131.5404,131.6153,131.4306,131.6103,119662.0
2026-04-30 15:40:00,131.6153,131.75,131.5104,131.7343,222154.0
2026-04-30 15:45:00,131.7201,131.9696,131.7001,131.9596,170526.0
2026-04-30 15:50:00,131.9696,132.1792,131.8099,132.1293,385917.0
2026-04-30 15:55:00,132.1293,132.1293,131.6502,131.6502,1234123.0
