datetime,open,high,low,close,volume
2026-03-02 09:30:00,126.9546,128.2395,126.9546,127.607,707844.0
2026-03-02 09:35:00,127.602,128.0004,126.8749,127.094,394038.0
2026-03-02 09:40:00,127.1239,127.353,126.9646,127.0393,249132.0
2026-03-02 09:45:00,127.0442,127.5024,126.9048,127.3271,319582.0
2026-03-02 09:50:00,127.353,127.4825,126.8948,127.0791,175134.0
2026-03-02 09:55:00,127.1438,127.1837,126.855,126.9787,176244.0
2026-03-02 10:00:00,126.9944,127.4626,126.5861,127.3331,246377.0
2026-03-02 10:05:00,127.3331,127.5024,127.0442,127.343,251132.0
2026-03-02 10:10:00,127.3381,127.5174,127.2634,127.4427,187182.0
2026-03-02 10:15:00,127.4725,127.5721,126.9745,127.1438,258578.0
2026-03-02 10:20:00,127.1488,127.4725,126.9048,127.4227,216629.0
2026-03-02 10:25:00,127.4128,127.4725,127.2335,127.2932,190474.0
2026-03-02 10:30:00,127.2883,127.5622,127.2036,127.4925,182519.0
2026-03-02 10:35:00,127.4825,127.7713,127.343,127.7116,296659.0
2026-03-02 10:40:00,127.7108,127.8411,127.5871,127.6369,494248.0
2026-03-02 10:45:00,127.6518,127.7513,127.4327,127.4576,785875.0
2026-03-02 10:50:00,127.4576,127.5223,126.9944,127.094,180677.0
2026-03-02 10:55:00,127.0841,127.2484,127.0343,127.2335,107245.0
2026-03-02 11:00:00,127.2335,127.3132,127.0841,127.1304,102711.0
2026-03-02 11:05:00,127.1438,127.353,126.9944,127.353,172618.0
2026-03-02 11:10:00,127.363,127.3816,127.0924,127.2235,189039.0
2026-03-02 11:15:00,127.1936,127.2683,127.0542,127.1936,87967.0
2026-03-02 11:20:00,127.1837,127.4526,127.1438,127.2783,112734.0
2026-03-02 11:25:00,127.2733,127.3231,127.1538,127.1538,141401.0
2026-03-02 11:30:00,127.1438,127.2634,126.9646,127.1837,119226.0
2026-03-02 11:35:00,127.1936,127.2634,127.0343,127.1438,103936.0
2026-03-02 11:40:00,127.1538,127.353,127.1438,127.343,78351.0
2026-03-02 11:45:00,127.353,127.4327,127.2235,127.2285,90663.0
2026-03-02 11:50:00,127.227,127.4427,127.0442,127.3231,156844.0
2026-03-02 11:55:00,127.343,127.4128,127.2434,127.3729,72428.0
2026-03-02 12:00:00,127.353,127.4327,127.3132,127.363,74054.0
2026-03-02 12:05:00,127.3729,127.4821,127.3052,127.353,112992.0
2026-03-02 12:10:00,127.353,127.353,127.1936,127.2634,121643.0
2026-03-02 12:15:00,127.2932,127.3729,127.2634,127.3032,70966.0
2026-03-02 12:20:00,127.3032,127.3032,127.094,127.2335,72489.0
2026-03-02 12:25:00,127.2733,127.353,127.2482,127.3132,74341.0
2026-03-02 12:30:00,127.3231,127.358,127.1887,127.2833,106912.0
2026-03-02 12:35:00,127.3032,127.5124,127.3032,127.358,176819.0
2026-03-02 12:40:00,127.358,127.4725,127.353,127.4427,67661.0
2026-03-02 12:45:00,127.4427,127.4925,127.3928,127.3978,89297.0
2026-03-02 12:50:00,127.4128,127.4925,127.4118,127.4526,58385.0
2026-03-02 12:55:00,127.4526,127.5024,127.383,127.4725,65266.0
2026-03-02 13:00:00,127.4626,127.5024,127.3928,127.4626,77958.0
2026-03-02 13:05:00,127.4725,127.4925,127.3132,127.3381,56207.0
2026-03-02 13:10:00,127.343,127.3679,127.2235,127.2434,64315.0
2026-03-02 13:15:00,127.2564,127.2564,127.0741,127.1238,66451.0
2026-03-02 13:20:00,127.114,127.1638,127.0343,127.114,57535.0
2026-03-02 13:25:00,127.1339,127.3214,127.1239,127.3214,62665.0
2026-03-02 13:30:00,127.305,127.3281,127.1339,127.1339,92137.0
2026-03-02 13:35:00,127.1737,127.2136,127.0452,127.2136,56860.0
2026-03-02 13:40:00,127.2385,127.2385,127.0841,127.114,78867.0
2026-03-02 13:45:00,127.0941,127.2335,126.9944,127.2037,101065.0
2026-03-02 13:50:00,127.2136,127.2285,127.0642,127.1389,59877.0
2026-03-02 13:55:00,127.1389,127.1737,127.0243,127.0741,104303.0
2026-03-02 14:00:00,127.0642,127.1737,127.0243,127.1438,78970.0
2026-03-02 14:05:00,127.1638,127.3331,127.1289,127.3231,79722.0
2026-03-02 14:10:00,127.3231,127.3928,127.2036,127.2932,103205.0
2026-03-02 14:15:00,127.3032,127.3928,127.2634,127.353,100873.0
2026-03-02 14:20:00,127.363,127.4526,127.343,127.353,151294.0
2026-03-02 14:25:00,127.348,127.4925,127.3346,127.4918,90277.0
2026-03-02 14:30:00,127.4775,127.5572,127.4028,127.4626,94823.0
2026-03-02 14:35:00,127.4526,127.5223,127.3829,127.3928,99038.0
2026-03-02 14:40:00,127.3928,127.4226,127.3331,127.4028,57382.0
2026-03-02 14:45:00,127.4178,127.4427,127.3829,127.3829,56845.0
2026-03-02 14:50:00,127.396,127.4676,127.3829,127.4427,69629.0
2026-03-02 14:55:00,127.4504,127.4526,127.3001,127.3081,81718.0
2026-03-02 15:00:00,127.3032,127.353,127.2534,127.2932,87845.0
2026-03-02 15:05:00,127.2833,127.3384,126.9944,127.0442,149185.0
2026-03-02 15:10:00,127.0343,127.0642,126.8699,126.9247,165555.0
2026-03-02 15:15:00,126.9048,127.1588,126.865,127.0343,142673.0
2026-03-02 15:20:00,127.0343,127.0542,126.845,126.9546,127074.0
2026-03-02 15:25:00,126.9596,127.1538,126.8948,127.0343,157430.0
2026-03-02 15:30:00,127.0343,127.1638,126.9646,127.114,120925.0
2026-03-02 15:35:00,127.1239,127.2235,127.114,127.1837,109125.0
2026-03-02 15:40:00,127.1737,127.2335,127.0741,127.2036,159108.0
2026-03-02 15:45:00,127.2036,127.2883,127.1588,127.2235,168975.0
2026-03-02 15:50:00,127.2136,127.2136,126.855,126.9646,364710.0
2026-03-02 15:55:00,126.9446,126.9446,126.5462,126.5761,1380405.0
2026-03-03 09:30:00,126.0183,126.7355,125.7096,125.7295,678422.0
2026-03-03 09:35:00,125.7295,126.9247,125.4208,126.596,318139.0
2026-03-03 09:40:00,126.596,126.845,125.9486,126.0084,228032.0
2026-03-03 09:45:00,126.0283,126.2574,125.5801,125.5801,223715.0
2026-03-03 09:50:00,125.59,126.4964,125.59,126.1627,310321.0
2026-03-03 09:55:00,126.1777,126.4068,125.7743,125.9287,183220.0
2026-03-03 10:00:00,125.9685,126.357,125.9486,126.2524,317235.0
2026-03-03 10:05:00,126.2374,126.5861,125.6607,125.6896,243593.0
2026-03-03 10:10:00,125.7195,125.8241,125.2713,125.3462,223489.0
2026-03-03 10:15:00,125.351,125.4805,125.1717,125.2912,154693.0
2026-03-03 10:20:00,125.2613,125.7194,125.2315,125.6996,177046.0
2026-03-03 10:25:00,125.7195,126.098,125.6498,125.7198,229874.0
2026-03-03 10:30:00,125.7594,125.9884,125.6199,125.9386,226097.0
2026-03-03 10:35:00,125.9486,126.098,125.5402,125.6398,123576.0
2026-03-03 10:40:00,125.6199,125.8191,125.4605,125.5601,112307.0
2026-03-03 10:45:00,125.5103,125.6249,125.2414,125.4456,195576.0
2026-03-03 10:50:00,125.4406,125.6398,125.2813,125.6398,99888.0
2026-03-03 10:55:00,125.6548,125.8689,125.6,125.6999,183410.0
2026-03-03 11:00:00,125.7295,125.7792,125.3311,125.5402,122692.0
2026-03-03 11:05:00,125.5601,125.7394,125.4506,125.6597,103831.0
2026-03-03 11:10:00,125.6797,126.1279,125.6797,125.9835,185299.0
2026-03-03 11:15:00,126.0034,126.0781,125.8191,125.8291,106473.0
2026-03-03 11:20:00,125.8341,126.0183,125.8291,125.8291,137170.0
2026-03-03 11:25:00,125.839,125.9984,125.7295,125.9835,92466.0
2026-03-03 11:30:00,125.9984,125.9984,125.4705,125.6996,180601.0
2026-03-03 11:35:00,125.6896,126.0482,125.6896,125.9884,91734.0
2026-03-03 11:40:00,125.9903,126.0781,125.839,126.0382,114119.0
2026-03-03 11:45:00,126.0283,126.3371,125.9088,126.1876,148091.0
2026-03-03 11:50:00,126.2175,126.4267,126.1379,126.2027,153264.0
2026-03-03 11:55:00,126.2175,126.3469,126.1777,126.1827,75871.0
2026-03-03 12:00:00,126.1827,126.2922,125.859,125.9287,93459.0
2026-03-03 12:05:00,125.9287,125.9884,125.7992,125.8888,85105.0
2026-03-03 12:10:00,125.8839,126.1975,125.8839,126.098,65156.0
2026-03-03 12:15:00,126.1378,126.2474,126.0631,126.1179,89113.0
2026-03-03 12:20:00,126.1279,126.4616,126.088,126.4616,65630.0
2026-03-03 12:25:00,126.4466,126.4466,126.3171,126.3869,47909.0
2026-03-03 12:30:00,126.3669,126.3669,126.0598,126.093,76990.0
2026-03-03 12:35:00,126.088,126.2175,126.0133,126.1876,60119.0
2026-03-03 12:40:00,126.1926,126.4765,126.1926,126.4466,69590.0
2026-03-03 12:45:00,126.4715,126.4865,126.3271,126.4167,100153.0
2026-03-03 12:50:00,126.4217,126.4565,126.1578,126.1777,66207.0
2026-03-03 12:55:00,126.179,126.352,126.1378,126.2972,62729.0
2026-03-03 13:00:00,126.2972,126.4217,126.2873,126.3769,71811.0
2026-03-03 13:05:00,126.3968,126.4466,126.2873,126.3968,59578.0
2026-03-03 13:10:00,126.3918,126.4665,126.2374,126.2574,54120.0
2026-03-03 13:15:00,126.2874,126.4367,126.2873,126.362,50586.0
2026-03-03 13:20:00,126.3669,126.7454,126.3669,126.7056,104255.0
2026-03-03 13:25:00,126.7205,126.8151,126.6857,126.7255,389822.0
2026-03-03 13:30:00,126.7155,126.8665,126.6956,126.86,95094.0
2026-03-03 13:35:00,126.86,126.9745,126.8052,126.9148,125151.0
2026-03-03 13:40:00,126.9148,127.094,126.9048,127.0442,119551.0
2026-03-03 13:45:00,127.0492,127.2733,126.9944,127.2235,114959.0
2026-03-03 13:50:00,127.226,127.2733,127.1737,127.2434,117017.0
2026-03-03 13:55:00,127.2385,127.4725,127.2335,127.2982,165164.0
2026-03-03 14:00:00,127.2982,127.4427,127.2434,127.3928,133510.0
2026-03-03 14:05:00,127.4128,127.4364,127.1772,127.1837,252427.0
2026-03-03 14:10:00,127.1986,127.4277,127.104,127.3978,102868.0
2026-03-03 14:15:00,127.4128,127.4626,127.3281,127.4277,108644.0
2026-03-03 14:20:00,127.4277,127.4925,127.363,127.3879,134721.0
2026-03-03 14:25:00,127.3829,127.4725,127.3231,127.4327,103060.0
2026-03-03 14:30:00,127.4327,127.4925,127.1937,127.2883,145567.0
2026-03-03 14:35:00,127.2833,127.6319,127.2434,127.5289,180784.0
2026-03-03 14:40:00,127.5273,127.6966,127.5273,127.602,151413.0
2026-03-03 14:45:00,127.5921,127.7913,127.5672,127.7215,149917.0
2026-03-03 14:50:00,127.7215,127.8411,127.6717,127.7215,137454.0
2026-03-03 14:55:00,127.7166,127.7291,127.4725,127.6014,204579.0
2026-03-03 15:00:00,127.602,127.7415,127.5124,127.6419,167184.0
2026-03-03 15:05:00,127.6468,127.8112,127.5572,127.8012,146572.0
2026-03-03 15:10:00,127.8211,127.8593,127.6917,127.7564,130643.0
2026-03-03 15:15:00,127.7514,127.7863,127.6927,127.7365,165333.0
2026-03-03 15:20:00,127.7365,127.7913,127.5921,127.6468,189525.0
2026-03-03 15:25:00,127.6468,127.6668,127.5423,127.5522,221043.0
2026-03-03 15:30:00,127.5622,127.7166,127.5423,127.6917,185073.0
2026-03-03 15:35:00,127.7015,127.7913,127.6717,127.7016,215326.0
2026-03-03 15:40:00,127.7016,127.7315,127.6219,127.6311,211955.0
2026-03-03 15:45:00,127.6219,127.6419,127.4427,127.5522,228763.0
2026-03-03 15:50:00,127.5423,127.5522,127.2932,127.4128,362931.0
2026-03-03 15:55:00,127.4028,127.5124,127.3331,127.3928,723104.0
2026-03-04 09:30:00,126.606,127.6618,126.606,127.2833,610490.0
2026-03-04 09:35:00,127.3381,127.363,126.3371,126.7155,254387.0
2026-03-04 09:40:00,126.7056,126.8251,125.8988,125.9695,255898.0
2026-03-04 09:45:00,125.9785,126.357,125.7395,126.3072,264277.0
2026-03-04 09:50:00,126.3072,126.6359,126.2275,126.5562,173651.0
2026-03-04 09:55:00,126.5661,126.5861,125.9685,126.0382,196422.0
2026-03-04 10:00:00,126.0781,126.4466,125.8988,126.2673,256227.0
2026-03-04 10:05:00,126.2474,126.9845,126.2076,126.9647,211704.0
2026-03-04 10:10:00,126.9745,127.0642,126.5661,126.7255,192858.0
2026-03-04 10:15:00,126.7255,126.9148,126.5861,126.845,138327.0
2026-03-04 10:20:00,126.855,127.0243,126.7604,126.9745,148042.0
2026-03-04 10:25:00,126.9745,127.1289,126.8849,126.9745,160627.0
2026-03-04 10:30:00,127.0044,127.1289,126.8948,127.0841,154548.0
2026-03-04 10:35:00,127.094,127.1737,126.7355,126.7404,185647.0
2026-03-04 10:40:00,126.7355,126.8699,126.6359,126.8201,144289.0
2026-03-04 10:45:00,126.8151,126.9247,126.6061,126.6857,151190.0
2026-03-04 10:50:00,126.6657,127.0243,126.6657,126.9845,100430.0
2026-03-04 10:55:00,126.9546,127.0268,126.855,126.9048,104041.0
2026-03-04 11:00:00,126.9148,127.3032,126.9048,127.2136,142175.0
2026-03-04 11:05:00,127.2434,127.2932,127.1687,127.2235,94191.0
2026-03-04 11:10:00,127.2235,127.2715,127.0343,127.1961,115107.0
2026-03-04 11:15:00,127.1837,127.2533,127.0489,127.1737,126390.0
2026-03-04 11:20:00,127.1737,127.3331,127.114,127.3331,124758.0
2026-03-04 11:25:00,127.3331,127.4925,127.1339,127.1438,125137.0
2026-03-04 11:30:00,127.1438,127.2335,127.0698,127.1352,95642.0
2026-03-04 11:35:00,127.1538,127.2434,126.9646,126.9745,81396.0
2026-03-04 11:40:00,126.9845,127.1438,126.9745,127.1165,79981.0
2026-03-04 11:45:00,127.1239,127.2833,127.114,127.2634,104009.0
2026-03-04 11:50:00,127.2634,127.3032,127.094,127.2733,93781.0
2026-03-04 11:55:00,127.2833,127.3119,127.1787,127.2733,109335.0
2026-03-04 12:00:00,127.2733,127.3703,127.2335,127.2932,93087.0
2026-03-04 12:05:00,127.3132,127.343,127.1538,127.2136,88008.0
2026-03-04 12:10:00,127.2385,127.2883,127.1737,127.2036,58506.0
2026-03-04 12:15:00,127.2036,127.2733,127.0741,127.0741,77077.0
2026-03-04 12:20:00,127.0841,127.0891,126.8948,126.9446,80456.0
2026-03-04 12:25:00,126.9546,127.1588,126.9546,127.0542,98449.0
2026-03-04 12:30:00,127.0442,127.2035,126.9845,127.2035,65535.0
2026-03-04 12:35:00,127.1936,127.3132,127.1638,127.2136,134859.0
2026-03-04 12:40:00,127.2136,127.2634,127.1887,127.2534,72415.0
2026-03-04 12:45:00,127.2534,127.3331,127.1239,127.2235,81834.0
2026-03-04 12:50:00,127.2235,127.3181,127.2161,127.2535,76846.0
2026-03-04 12:55:00,127.2634,127.2733,127.0343,127.0343,58356.0
2026-03-04 13:00:00,127.0343,127.094,127.0044,127.0144,76892.0
2026-03-04 13:05:00,127.0044,127.2235,126.9745,127.2036,55285.0
2026-03-04 13:10:00,127.2036,127.353,127.1638,127.343,56161.0
2026-03-04 13:15:00,127.343,127.4028,127.3132,127.363,74076.0
2026-03-04 13:20:00,127.363,127.5174,127.343,127.4427,121101.0
2026-03-04 13:25:00,127.4476,127.5323,127.4227,127.4227,61348.0
2026-03-04 13:30:00,127.4128,127.4476,127.3729,127.3928,76377.0
2026-03-04 13:35:00,127.4028,127.4725,127.3829,127.4427,562442.0
2026-03-04 13:40:00,127.4327,127.4626,127.353,127.3729,80541.0
2026-03-04 13:45:00,127.4028,127.4128,127.3032,127.4128,69653.0
2026-03-04 13:50:00,127.4128,127.4178,127.2932,127.3331,74418.0
2026-03-04 13:55:00,127.3231,127.3829,126.9944,126.9944,140767.0
2026-03-04 14:00:00,127.0044,127.0343,126.9247,126.9646,97860.0
2026-03-04 14:05:00,126.9646,126.9745,126.8151,126.9646,160586.0
2026-03-04 14:10:00,126.9646,127.1488,126.8772,126.9048,123412.0
2026-03-04 14:15:00,126.9098,126.9944,126.8948,126.9745,92653.0
2026-03-04 14:20:00,126.9745,127.094,126.9546,126.9944,88987.0
2026-03-04 14:25:00,126.9795,126.9944,126.8351,126.9048,84580.0
2026-03-04 14:30:00,126.9148,127.0841,126.9148,127.0592,86655.0
2026-03-04 14:35:00,127.0841,127.2335,127.0741,127.2185,65657.0
2026-03-04 14:40:00,127.2235,127.2833,127.2064,127.2556,55431.0
2026-03-04 14:45:00,127.2733,127.3132,127.1936,127.2036,61138.0
2026-03-04 14:50:00,127.1936,127.2185,127.1289,127.1289,82163.0
2026-03-04 14:55:00,127.1239,127.1239,126.865,126.8849,101843.0
2026-03-04 15:00:00,126.9048,127.0841,126.9048,127.0542,109494.0
2026-03-04 15:05:00,127.0542,127.1936,127.0492,127.0849,110833.0
2026-03-04 15:10:00,127.0791,127.1239,126.9944,127.0816,64081.0
2026-03-04 15:15:00,127.0741,127.0791,126.9046,127.0233,132843.0
2026-03-04 15:20:00,127.0243,127.0592,126.9646,127.0044,125134.0
2026-03-04 15:25:00,127.0094,127.1381,127.0094,127.0542,132419.0
2026-03-04 15:30:00,127.0642,127.1737,127.0343,127.1538,162874.0
2026-03-04 15:35:00,127.1488,127.2733,127.114,127.2733,119045.0
2026-03-04 15:40:00,127.2733,127.4626,127.2235,127.4327,227578.0
2026-03-04 15:45:00,127.4327,127.4925,127.3231,127.3281,221571.0
2026-03-04 15:50:00,127.3231,127.5124,127.0343,127.4128,476186.0
2026-03-04 15:55:00,127.4128,127.4725,127.2136,127.2136,1048665.0
2026-03-05 09:30:00,124.8828,125.0422,123.7075,124.8729,943717.0
2026-03-05 09:35:00,124.853,125.0422,124.584,124.7832,349901.0
2026-03-05 09:40:00,124.7566,125.1809,124.1657,124.1856,444757.0
2026-03-05 09:45:00,124.1757,124.35,123.8171,124.2304,351257.0
2026-03-05 09:50:00,124.2155,124.5641,124.1059,124.2155,435272.0
2026-03-05 09:55:00,124.2105,124.2354,123.8918,124.1458,378483.0
2026-03-05 10:00:00,124.1358,124.3363,123.7274,123.7424,377856.0
2026-03-05 10:05:00,123.7274,123.7276,123.1398,123.1595,448185.0
2026-03-05 10:10:00,123.1547,123.2892,122.4226,122.7912,597533.0
2026-03-05 10:15:00,122.8011,122.9256,122.343,122.5272,464012.0
2026-03-05 10:20:00,122.5322,122.5621,122.2733,122.313,287478.0
2026-03-05 10:25:00,122.3131,122.4127,122.0392,122.1836,444868.0
2026-03-05 10:30:00,122.1736,122.343,121.8947,122.323,370826.0
2026-03-05 10:35:00,122.3131,122.6816,122.2732,122.6169,355525.0
2026-03-05 10:40:00,122.592,122.8559,122.3828,122.3828,285444.0
2026-03-05 10:45:00,122.3828,122.5222,122.1338,122.2135,214714.0
2026-03-05 10:50:00,122.2334,122.5173,122.1836,122.4127,181640.0
2026-03-05 10:55:00,122.4027,122.4027,121.9943,122.0143,326546.0
2026-03-05 11:00:00,122.0392,122.084,121.5561,121.5909,318557.0
2026-03-05 11:05:00,121.5959,121.9396,121.4067,121.9396,682393.0
2026-03-05 11:10:00,121.9147,121.9246,121.4565,121.4764,750576.0
2026-03-05 11:15:00,121.4465,121.5113,121.2125,121.2672,257333.0
2026-03-05 11:20:00,121.2772,121.4415,121.1975,121.327,226860.0
2026-03-05 11:25:00,121.3071,121.4864,121.1975,121.3071,191901.0
2026-03-05 11:30:00,121.327,121.4266,121.1676,121.2174,212413.0
2026-03-05 11:35:00,121.2125,121.4864,121.1876,121.3788,735629.0
2026-03-05 11:40:00,121.3868,121.6556,121.3768,121.5262,194565.0
2026-03-05 11:45:00,121.5212,121.8997,121.5212,121.7453,257167.0
2026-03-05 11:50:00,121.7254,121.83,121.6094,121.7155,160027.0
2026-03-05 11:55:00,121.7204,121.8051,121.664,121.7653,126803.0
2026-03-05 12:00:00,121.7653,121.9346,121.586,121.7354,169826.0
2026-03-05 12:05:00,121.7354,121.8232,121.4864,121.566,169939.0
2026-03-05 12:10:00,121.566,121.9047,121.5262,121.7852,310469.0
2026-03-05 12:15:00,121.7852,121.8449,121.6532,121.7752,134229.0
2026-03-05 12:20:00,121.7851,121.8101,121.6258,121.6856,92200.0
2026-03-05 12:25:00,121.6906,122.0541,121.6557,121.9645,181880.0
2026-03-05 12:30:00,121.9645,122.0043,121.7055,121.8001,173139.0
2026-03-05 12:35:00,121.8051,121.9993,121.7155,121.8649,805651.0
2026-03-05 12:40:00,121.8649,122.1039,121.6358,122.074,248833.0
2026-03-05 12:45:00,122.074,122.2732,121.9396,122.1736,275765.0
2026-03-05 12:50:00,122.1686,122.2384,122.0342,122.2035,153967.0
2026-03-05 12:55:00,122.1936,122.3131,122.0939,122.0939,197274.0
2026-03-05 13:00:00,122.1139,122.3005,121.7753,121.7822,157078.0
2026-03-05 13:05:00,121.7852,122.1935,121.7802,122.1437,198546.0
2026-03-05 13:10:00,122.1238,122.2334,122.0043,122.074,165822.0
2026-03-05 13:15:00,122.084,122.2533,122.0491,122.084,108524.0
2026-03-05 13:20:00,122.074,122.5372,122.0143,122.1647,230925.0
2026-03-05 13:25:00,122.1637,122.3529,122.1238,122.333,134697.0
2026-03-05 13:30:00,122.343,122.4127,122.0939,122.1537,198810.0
2026-03-05 13:35:00,122.1437,122.1776,121.8748,121.9445,144188.0
2026-03-05 13:40:00,121.9346,122.0541,121.8649,122.0408,161399.0
2026-03-05 13:45:00,122.0441,122.1935,121.9246,121.9645,140831.0
2026-03-05 13:50:00,121.9694,122.0541,121.7155,121.8051,132429.0
2026-03-05 13:55:00,121.835,121.9346,121.6868,121.7404,118760.0
2026-03-05 14:00:00,121.7354,121.7782,121.6656,121.7254,142258.0
2026-03-05 14:05:00,121.7155,121.825,121.6457,121.6557,113334.0
2026-03-05 14:10:00,121.6557,121.835,121.6457,121.7254,142842.0
2026-03-05 14:15:00,121.7254,121.835,121.6856,121.7105,136861.0
2026-03-05 14:20:00,121.7155,121.8947,121.6955,121.8499,137467.0
2026-03-05 14:25:00,121.8499,121.9346,121.7653,121.7852,142651.0
2026-03-05 14:30:00,121.7802,122.0641,121.6955,122.0491,134664.0
2026-03-05 14:35:00,122.0541,122.3031,122.0441,122.2732,216941.0
2026-03-05 14:40:00,122.3131,122.4625,122.2533,122.4326,125782.0
2026-03-05 14:45:00,122.4376,122.572,122.2832,122.4226,229670.0
2026-03-05 14:50:00,122.4177,122.6716,122.4177,122.4226,154143.0
2026-03-05 14:55:00,122.4276,122.5322,122.343,122.4276,155945.0
2026-03-05 15:00:00,122.4226,122.592,122.3479,122.5324,199949.0
2026-03-05 15:05:00,122.5422,122.7712,122.4127,122.6218,207144.0
2026-03-05 15:10:00,122.6218,122.7214,122.5422,122.6617,255998.0
2026-03-05 15:15:00,122.6517,122.8808,122.6218,122.846,199877.0
2026-03-05 15:20:00,122.836,123.0203,122.7414,122.8858,280034.0
2026-03-05 15:25:00,122.8908,123.0402,122.8808,123.0003,226304.0
2026-03-05 15:30:00,123.0003,123.1199,122.9207,123.1199,206763.0
2026-03-05 15:35:00,123.1099,123.1199,122.8858,122.9207,174261.0
2026-03-05 15:40:00,122.9207,122.9598,122.7912,122.8509,252663.0
2026-03-05 15:45:00,122.8609,122.9306,122.6318,122.8908,269476.0
2026-03-05 15:50:00,122.9107,123.2195,122.8111,122.8111,688306.0
2026-03-05 15:55:00,122.8111,122.9057,122.7115,122.831,1265472.0
2026-03-06 09:30:00,122.0093,122.2433,121.1378,122.0989,711684.0
2026-03-06 09:35:00,122.0989,122.9804,121.835,122.8808,554258.0
2026-03-06 09:40:00,122.8808,123.1697,122.4027,122.4077,831728.0
2026-03-06 09:45:00,122.3977,122.4525,121.825,122.1437,406157.0
2026-03-06 09:50:00,122.1288,122.3928,121.7653,121.83,507113.0
2026-03-06 09:55:00,121.83,122.2035,121.6363,122.1139,241808.0
2026-03-06 10:00:00,122.1338,122.6218,122.1139,122.1935,581218.0
2026-03-06 10:05:00,122.2035,122.3579,121.8151,121.8798,275165.0
2026-03-06 10:10:00,121.8798,122.343,121.7852,122.2732,207965.0
2026-03-06 10:15:00,122.2533,122.6418,122.2533,122.6268,348448.0
2026-03-06 10:20:00,122.6318,122.9904,122.582,122.8758,255621.0
2026-03-06 10:25:00,122.8758,123.2693,122.8758,123.2693,166774.0
2026-03-06 10:30:00,123.2693,123.5432,123.2095,123.4735,185458.0
2026-03-06 10:35:00,123.4585,123.6378,123.324,123.5083,178797.0
2026-03-06 10:40:00,123.5183,123.5482,123.0402,123.1897,129427.0
2026-03-06 10:45:00,123.2061,123.2394,123.0203,123.0203,118213.0
2026-03-06 10:50:00,123.0601,123.1497,122.8111,123.0203,264418.0
2026-03-06 10:55:00,123.0452,123.2493,123.0203,123.1099,121313.0
2026-03-06 11:00:00,123.1099,123.2792,122.9705,123.08,102135.0
2026-03-06 11:05:00,123.0999,123.1796,122.9306,123.0053,164726.0
2026-03-06 11:10:00,123.0003,123.1697,122.9207,123.0651,134992.0
2026-03-06 11:15:00,123.09,123.3539,123.09,123.3539,181996.0
2026-03-06 11:20:00,123.339,123.4286,123.1597,123.2444,145353.0
2026-03-06 11:25:00,123.2593,123.4585,123.1896,123.4237,113587.0
2026-03-06 11:30:00,123.4336,123.5281,123.3191,123.3888,106298.0
2026-03-06 11:35:00,123.3788,123.6926,123.3589,123.4037,179142.0
2026-03-06 11:40:00,123.3987,123.4834,123.2991,123.329,132253.0
2026-03-06 11:45:00,123.329,123.5013,123.2693,123.3041,94952.0
2026-03-06 11:50:00,123.3091,123.4238,123.1697,123.2045,104534.0
2026-03-06 11:55:00,123.2129,123.2394,123.0302,123.1099,132848.0
2026-03-06 12:00:00,123.09,123.1896,122.9605,123.1583,78814.0
2026-03-06 12:05:00,123.09,123.1298,122.8659,122.9207,107906.0
2026-03-06 12:10:00,122.9256,123.0963,122.9256,123.0153,146431.0
2026-03-06 12:15:00,123.0103,123.1324,122.8609,123.1248,85120.0
2026-03-06 12:20:00,123.1248,123.2887,123.1049,123.2095,85580.0
2026-03-06 12:25:00,123.2244,123.2394,123.0203,123.0203,96033.0
2026-03-06 12:30:00,123.0203,123.1796,122.8509,122.9505,231105.0
2026-03-06 12:35:00,122.9406,122.9904,122.7862,122.821,141203.0
2026-03-06 12:40:00,122.8388,122.8908,122.7812,122.8508,136846.0
2026-03-06 12:45:00,122.8509,123.0203,122.8111,123.0003,152431.0
2026-03-06 12:50:00,123.0003,123.1099,122.9605,123.0302,123528.0
2026-03-06 12:55:00,123.0352,123.085,122.9246,122.9655,70438.0
2026-03-06 13:00:00,122.9605,123.2294,122.9356,123.0999,96712.0
2026-03-06 13:05:00,123.0999,123.2493,123.09,123.1597,101491.0
2026-03-06 13:10:00,123.1547,123.6079,123.1547,123.5382,148887.0
2026-03-06 13:15:00,123.5382,123.578,123.4486,123.4784,150189.0
2026-03-06 13:20:00,123.4934,123.5282,123.1597,123.1597,127213.0
2026-03-06 13:25:00,123.1846,123.1896,122.9406,122.9505,108044.0
2026-03-06 13:30:00,122.9505,122.9505,122.7214,122.7613,171721.0
2026-03-06 13:35:00,122.7712,122.8111,122.6418,122.7563,143945.0
2026-03-06 13:40:00,122.7513,122.8011,122.6218,122.6716,107368.0
2026-03-06 13:45:00,122.6766,122.6916,122.4426,122.4824,158881.0
2026-03-06 13:50:00,122.4824,122.6119,122.4127,122.5471,158315.0
2026-03-06 13:55:00,122.5422,122.6418,122.5272,122.572,133389.0
2026-03-06 14:00:00,122.5671,122.6617,122.5372,122.5521,123980.0
2026-03-06 14:05:00,122.5521,122.7513,122.5471,122.7264,116905.0
2026-03-06 14:10:00,122.7214,122.7712,122.592,122.6418,181999.0
2026-03-06 14:15:00,122.6457,122.6457,122.5422,122.6418,101903.0
2026-03-06 14:20:00,122.6318,122.6418,122.5123,122.5322,112562.0
2026-03-06 14:25:00,122.5272,122.7014,122.4426,122.6418,111598.0
2026-03-06 14:30:00,122.6318,122.8559,122.5123,122.8111,133966.0
2026-03-06 14:35:00,122.8111,122.8659,122.7414,122.821,90511.0
2026-03-06 14:40:00,122.8111,122.9207,122.7912,122.821,91476.0
2026-03-06 14:45:00,122.821,122.831,122.7506,122.7762,80910.0
2026-03-06 14:50:00,122.7762,122.7961,122.6119,122.6816,130434.0
2026-03-06 14:55:00,122.6816,122.7115,122.6147,122.6418,102715.0
2026-03-06 15:00:00,122.6318,122.6418,122.5272,122.6119,113499.0
2026-03-06 15:05:00,122.6169,122.6169,122.4475,122.5272,116436.0
2026-03-06 15:10:00,122.532,122.6018,122.4077,122.4774,181774.0
2026-03-06 15:15:00,122.4818,122.7115,122.4225,122.6368,132038.0
2026-03-06 15:20:00,122.6368,122.7015,122.582,122.6916,149129.0
2026-03-06 15:25:00,122.6816,122.7712,122.6119,122.7488,157676.0
2026-03-06 15:30:00,122.7463,122.8858,122.6617,122.8758,154589.0
2026-03-06 15:35:00,122.8709,122.9754,122.8161,122.9207,232144.0
2026-03-06 15:40:00,122.9306,123.1099,122.821,123.095,326630.0
2026-03-06 15:45:00,123.09,123.1896,123.0402,123.09,239172.0
2026-03-06 15:50:00,123.09,123.3091,122.7115,123.2394,479732.0
2026-03-06 15:55:00,123.2294,123.4486,123.1448,123.2892,1002319.0
2026-03-09 09:30:00,123.198,123.5482,122.4127,122.582,676247.0
2026-03-09 09:35:00,122.582,122.9107,122.4226,122.577,259500.0
2026-03-09 09:40:00,122.5521,123.3888,122.4824,123.2195,313657.0
2026-03-09 09:45:00,123.2294,123.578,122.9007,123.0402,301803.0
2026-03-09 09:50:00,123.0501,123.1697,122.2981,122.3181,295958.0
2026-03-09 09:55:00,122.3181,122.7912,122.3181,122.7015,185500.0
2026-03-09 10:00:00,122.6816,122.9007,122.6218,122.6816,118495.0
2026-03-09 10:05:00,122.7015,122.7912,122.333,122.3928,180005.0
2026-03-09 10:10:00,122.4226,123.0501,122.3529,122.8709,163955.0
2026-03-09 10:15:00,122.8808,122.9605,122.5621,122.8011,152008.0
2026-03-09 10:20:00,122.7712,122.7762,122.3728,122.4824,226260.0
2026-03-09 10:25:00,122.5023,122.5023,122.0143,122.1039,193329.0
2026-03-09 10:30:00,122.1139,122.4924,122.1039,122.4625,180003.0
2026-03-09 10:35:00,122.4525,122.5969,122.3529,122.4973,235337.0
2026-03-09 10:40:00,122.4824,122.5621,122.3479,122.4625,166112.0
2026-03-09 10:45:00,122.4774,122.6716,122.3629,122.4824,433360.0
2026-03-09 10:50:00,122.4874,122.8011,122.2334,122.6418,190860.0
2026-03-09 10:55:00,122.6318,122.6716,122.4127,122.5023,158031.0
2026-03-09 11:00:00,122.5023,122.8111,122.5023,122.8111,104140.0
2026-03-09 11:05:00,122.8111,123.2792,122.8111,123.2792,173710.0
2026-03-09 11:10:00,123.2693,123.4187,123.2195,123.4187,169357.0
2026-03-09 11:15:00,123.4386,123.5282,123.3888,123.4685,158678.0
2026-03-09 11:20:00,123.4685,123.4953,123.3091,123.3091,126954.0
2026-03-09 11:25:00,123.3191,123.4934,123.2792,123.3887,111276.0
2026-03-09 11:30:00,123.3689,123.4286,123.1497,123.1497,106043.0
2026-03-09 11:35:00,123.1398,123.2842,123.0203,123.0352,194593.0
2026-03-09 11:40:00,123.0352,123.2892,123.0302,123.2344,228006.0
2026-03-09 11:45:00,123.2493,123.5282,123.2394,123.4735,146762.0
2026-03-09 11:50:00,123.4735,123.5382,123.0651,123.08,160535.0
2026-03-09 11:55:00,123.0999,123.1398,122.9207,122.9346,177999.0
2026-03-09 12:00:00,122.9456,122.9705,122.6916,122.6916,123018.0
2026-03-09 12:05:00,122.6816,122.9505,122.6418,122.8908,119032.0
2026-03-09 12:10:00,122.8808,122.9555,122.7513,122.831,89836.0
2026-03-09 12:15:00,122.8509,122.8858,122.6916,122.7613,59487.0
2026-03-09 12:20:00,122.7712,122.9904,122.6617,122.9705,98361.0
2026-03-09 12:25:00,122.9804,123.2792,122.9007,122.9107,199763.0
2026-03-09 12:30:00,122.9256,123.0402,122.8509,123.0003,90508.0
2026-03-09 12:35:00,123.0053,123.0302,122.7115,122.7115,75614.0
2026-03-09 12:40:00,122.7314,122.9207,122.7214,122.8758,93422.0
2026-03-09 12:45:00,122.8758,122.9705,122.841,122.8883,91547.0
2026-03-09 12:50:00,122.8858,123.0302,122.8709,122.9804,78291.0
2026-03-09 12:55:00,122.9605,123.0103,122.7712,122.8011,104211.0
2026-03-09 13:00:00,122.831,122.9505,122.7314,122.8814,69088.0
2026-03-09 13:05:00,122.8808,122.9207,122.8011,122.8987,66259.0
2026-03-09 13:10:00,122.9007,122.9555,122.7613,122.7912,92100.0
2026-03-09 13:15:00,122.7862,122.7912,122.6517,122.7015,74045.0
2026-03-09 13:20:00,122.7015,122.7513,122.5969,122.6218,100197.0
2026-03-09 13:25:00,122.6318,122.7314,122.592,122.6816,60924.0
2026-03-09 13:30:00,122.6816,122.7015,122.5621,122.6716,189396.0
2026-03-09 13:35:00,122.6687,122.841,122.6418,122.7264,87578.0
2026-03-09 13:40:00,122.7015,122.7812,122.5621,122.5621,245526.0
2026-03-09 13:45:00,122.572,122.6218,122.4525,122.4525,128011.0
2026-03-09 13:50:00,122.4525,122.6965,122.4475,122.6965,67886.0
2026-03-09 13:55:00,122.7015,122.7115,122.4426,122.5023,96243.0
2026-03-09 14:00:00,122.5123,122.6916,122.5123,122.5969,91930.0
2026-03-09 14:05:00,122.592,122.7314,122.5521,122.6567,91366.0
2026-03-09 14:10:00,122.6517,122.7812,122.6119,122.6617,114415.0
2026-03-09 14:15:00,122.6617,122.7015,122.5671,122.6119,99333.0
2026-03-09 14:20:00,122.6119,122.6816,122.5023,122.5322,87413.0
2026-03-09 14:25:00,122.5372,122.5521,122.4226,122.4625,96132.0
2026-03-09 14:30:00,122.4625,122.7015,122.4127,122.6022,221926.0
2026-03-09 14:35:00,122.6019,122.6418,122.5422,122.5521,87218.0
2026-03-09 14:40:00,122.5521,122.6517,122.5222,122.6517,110119.0
2026-03-09 14:45:00,122.6617,122.7015,122.5621,122.5969,106365.0
2026-03-09 14:50:00,122.6019,123.095,122.582,123.0701,176924.0
2026-03-09 14:55:00,123.0651,123.1199,122.9954,123.0402,107396.0
2026-03-09 15:00:00,123.0551,123.2842,122.9705,123.2394,101952.0
2026-03-09 15:05:00,123.2492,123.2892,123.1497,123.1995,118390.0
2026-03-09 15:10:00,123.1995,123.2942,123.1796,123.2792,136234.0
2026-03-09 15:15:00,123.2842,123.4486,122.8908,123.2792,323379.0
2026-03-09 15:20:00,123.2792,123.6627,123.2195,123.3489,394826.0
2026-03-09 15:25:00,123.339,123.6776,123.2792,123.5581,379141.0
2026-03-09 15:30:00,123.5681,123.7175,123.2693,123.4884,332608.0
2026-03-09 15:35:00,123.4784,123.7573,123.2195,123.7573,494740.0
2026-03-09 15:40:00,123.7474,123.7673,123.588,123.6179,417004.0
2026-03-09 15:45:00,123.598,123.6577,123.3539,123.4037,241035.0
2026-03-09 15:50:00,123.4187,123.9266,123.334,123.6776,442666.0
2026-03-09 15:55:00,123.6776,124.0113,123.6478,123.827,1381972.0
2026-03-10 09:30:00,123.7175,123.7573,122.8609,123.1398,491191.0
2026-03-10 09:35:00,123.1199,123.9266,123.0601,123.7566,227444.0
2026-03-10 09:40:00,123.7013,124.4545,123.7013,124.4248,255283.0
2026-03-10 09:45:00,124.4247,124.7534,123.9266,124.0561,278800.0
2026-03-10 09:50:00,124.0761,124.2121,123.7573,124.0561,116327.0
2026-03-10 09:55:00,124.0462,124.2205,123.8768,124.1059,122096.0
2026-03-10 10:00:00,124.1059,124.4247,123.8669,124.2902,168871.0
2026-03-10 10:05:00,124.3051,124.5741,124.3051,124.5442,147713.0
2026-03-10 10:10:00,124.5342,124.8231,124.4396,124.4446,172454.0
2026-03-10 10:15:00,124.4346,124.4496,124.1408,124.2753,152414.0
2026-03-10 10:20:00,124.2753,124.4994,124.2354,124.2753,93768.0
2026-03-10 10:25:00,124.3051,124.5442,124.3002,124.4097,99654.0
2026-03-10 10:30:00,124.4147,124.7036,124.4047,124.5741,111428.0
2026-03-10 10:35:00,124.5641,124.833,124.4248,124.4944,186548.0
2026-03-10 10:40:00,124.5043,124.6936,124.4645,124.6737,148311.0
2026-03-10 10:45:00,124.6687,124.8231,124.5741,124.6338,112146.0
2026-03-10 10:50:00,124.6438,124.6936,124.4645,124.5342,85008.0
2026-03-10 10:55:00,124.5243,124.6687,124.5143,124.6538,83257.0
2026-03-10 11:00:00,124.6438,124.9725,124.604,124.8828,127852.0
2026-03-10 11:05:00,124.8928,124.9227,124.7633,124.7832,103728.0
2026-03-10 11:10:00,124.7832,124.843,124.6239,124.6787,125647.0
2026-03-10 11:15:00,124.6836,124.9426,124.6787,124.8131,83024.0
2026-03-10 11:20:00,124.8032,124.9924,124.7933,124.9376,106982.0
2026-03-10 11:25:00,124.9426,124.9645,124.838,124.8679,71055.0
2026-03-10 11:30:00,124.8679,124.8928,124.6637,124.6737,152847.0
2026-03-10 11:35:00,124.6737,124.8081,124.6737,124.8032,75069.0
2026-03-10 11:40:00,124.7932,124.9625,124.7235,124.9575,111341.0
2026-03-10 11:45:00,124.9526,125.0223,124.8729,124.9227,96107.0
2026-03-10 11:50:00,124.9227,124.9924,124.843,124.9028,59880.0
2026-03-10 11:55:00,124.8928,124.9127,124.8181,124.853,76861.0
2026-03-10 12:00:00,124.843,124.8629,124.6936,124.7932,86235.0
2026-03-10 12:05:00,124.7932,125.092,124.7832,125.082,108544.0
2026-03-10 12:10:00,125.082,125.1817,124.9944,124.9974,109941.0
2026-03-10 12:15:00,125.0024,125.0322,124.843,125.0223,99009.0
2026-03-10 12:20:00,125.0273,125.1617,124.8828,125.1617,97977.0
2026-03-10 12:25:00,125.1418,125.2514,125.0423,125.082,144439.0
2026-03-10 12:30:00,125.092,125.1915,125.0422,125.1518,114941.0
2026-03-10 12:35:00,125.1518,125.2514,125.1023,125.2165,179382.0
2026-03-10 12:40:00,125.2115,125.2315,124.8529,124.9077,210125.0
2026-03-10 12:45:00,124.9028,125.2115,124.8131,124.9526,239985.0
2026-03-10 12:50:00,124.961,125.1169,124.9526,125.092,133105.0
2026-03-10 12:55:00,125.092,125.2115,125.0223,125.0842,2557583.0
2026-03-10 13:00:00,125.082,125.1817,124.9476,125.1518,206145.0
2026-03-10 13:05:00,125.1568,125.2315,125.0422,125.1269,150531.0
2026-03-10 13:10:00,125.1219,125.4058,125.0422,125.3111,192832.0
2026-03-10 13:15:00,125.3062,125.4805,125.2713,125.4605,98917.0
2026-03-10 13:20:00,125.4605,125.5203,125.3969,125.4556,157883.0
2026-03-10 13:25:00,125.4605,125.5502,125.4307,125.5502,89450.0
2026-03-10 13:30:00,125.5593,125.5593,125.3609,125.4008,135565.0
2026-03-10 13:35:00,125.3958,125.5303,125.3211,125.4854,140295.0
2026-03-10 13:40:00,125.4996,125.5988,125.4008,125.4107,116368.0
2026-03-10 13:45:00,125.4206,125.4705,125.2613,125.4058,189208.0
2026-03-10 13:50:00,125.4008,125.5402,125.341,125.4257,104170.0
2026-03-10 13:55:00,125.4307,125.4406,125.2613,125.3858,93685.0
2026-03-10 14:00:00,125.3858,125.4107,125.1718,125.2514,130261.0
2026-03-10 14:05:00,125.2414,125.2713,125.1203,125.1418,101300.0
2026-03-10 14:10:00,125.1319,125.2613,124.9028,124.9028,170845.0
2026-03-10 14:15:00,124.9127,125.0223,124.584,124.6488,182441.0
2026-03-10 14:20:00,124.6438,124.8679,124.594,124.6936,177549.0
2026-03-10 14:25:00,124.6936,125.0123,124.6836,124.9326,112004.0
2026-03-10 14:30:00,124.9227,125.0521,124.8629,124.9277,112799.0
2026-03-10 14:35:00,124.9128,125.0095,124.7832,124.8629,109045.0
2026-03-10 14:40:00,124.8629,124.9227,124.7534,124.7534,80276.0
2026-03-10 14:45:00,124.7733,124.8579,124.7235,124.7235,113412.0
2026-03-10 14:50:00,124.7235,124.8729,124.604,124.6787,974965.0
2026-03-10 14:55:00,124.6737,124.7235,124.5143,124.594,120363.0
2026-03-10 15:00:00,124.599,124.8081,124.599,124.7733,109672.0
2026-03-10 15:05:00,124.7733,124.9227,124.7633,124.8928,137667.0
2026-03-10 15:10:00,124.9127,124.9725,124.7932,124.9227,148404.0
2026-03-10 15:15:00,124.9127,124.9625,124.7932,124.8032,115147.0
2026-03-10 15:20:00,124.8034,124.8131,124.584,124.5991,132998.0
2026-03-10 15:25:00,124.594,124.594,124.335,124.345,116500.0
2026-03-10 15:30:00,124.345,124.4944,124.335,124.3848,127675.0
2026-03-10 15:35:00,124.3798,124.5342,124.3749,124.4794,158315.0
2026-03-10 15:40:00,124.4944,124.6338,124.4047,124.4944,188698.0
2026-03-10 15:45:00,124.4944,124.6139,124.4346,124.604,196439.0
2026-03-10 15:50:00,124.6139,124.6936,124.4794,124.6388,391128.0
2026-03-10 15:55:00,124.6637,124.7036,124.5043,124.594,915804.0
2026-03-11 09:30:00,124.8081,124.8131,123.837,124.2852,425479.0
2026-03-11 09:35:00,124.2703,124.6637,124.0561,124.4545,194203.0
2026-03-11 09:40:00,124.468,124.4844,124.2205,124.3749,113324.0
2026-03-11 09:45:00,124.3749,124.4147,124.1059,124.2354,156547.0
2026-03-11 09:50:00,124.1956,124.3948,124.0412,124.2454,136547.0
2026-03-11 09:55:00,124.2404,124.6737,124.086,124.6139,205083.0
2026-03-11 10:00:00,124.6139,124.9924,124.6139,124.7982,281196.0
2026-03-11 10:05:00,124.8231,124.853,124.2155,124.2454,165351.0
2026-03-11 10:10:00,124.2454,124.7783,124.2155,124.7036,150642.0
2026-03-11 10:15:00,124.6836,124.8579,124.4645,124.5542,171623.0
2026-03-11 10:20:00,124.5741,124.6637,124.335,124.3649,135221.0
2026-03-11 10:25:00,124.3649,124.4545,124.0462,124.1159,251938.0
2026-03-11 10:30:00,124.1259,124.1657,123.9067,124.0263,180991.0
2026-03-11 10:35:00,124.0163,124.4147,123.9964,124.3549,121291.0
2026-03-11 10:40:00,124.3649,124.4844,124.2524,124.3749,88022.0
2026-03-11 10:45:00,124.3749,124.5641,124.335,124.4745,107956.0
2026-03-11 10:50:00,124.4745,124.4944,124.2454,124.3749,124983.0
2026-03-11 10:55:00,124.3749,124.5046,124.2504,124.4047,114545.0
2026-03-11 11:00:00,124.4047,124.4844,124.2155,124.2575,113723.0
2026-03-11 11:05:00,124.2454,124.2553,124.1259,124.2155,112281.0
2026-03-11 11:10:00,124.2155,124.3002,124.096,124.1856,115885.0
2026-03-11 11:15:00,124.1956,124.1956,123.8519,123.9765,107949.0
2026-03-11 11:20:00,123.9864,124.2006,123.9117,124.1757,110201.0
2026-03-11 11:25:00,124.1856,124.2454,123.7215,123.7274,96681.0
2026-03-11 11:30:00,123.7474,123.8669,123.7175,123.7673,99202.0
2026-03-11 11:35:00,123.7772,124.0163,123.7772,123.9964,80440.0
2026-03-11 11:40:00,124.0163,124.0561,123.8221,123.827,121984.0
2026-03-11 11:45:00,123.8171,123.9067,123.7274,123.847,106147.0
2026-03-11 11:50:00,123.8569,124.1458,123.8569,124.0961,114818.0
2026-03-11 11:55:00,124.1209,124.2105,124.0063,124.1557,69864.0
2026-03-11 12:00:00,124.1607,124.1607,123.6876,123.6976,107670.0
2026-03-11 12:05:00,123.6876,123.8071,123.578,123.8071,140197.0
2026-03-11 12:10:00,123.8171,123.8669,123.7772,123.8669,66130.0
2026-03-11 12:15:00,123.8569,123.9067,123.7474,123.7872,63902.0
2026-03-11 12:20:00,123.8071,124.0163,123.8071,123.9864,73647.0
2026-03-11 12:25:00,123.9765,124.1856,123.9665,124.1657,127367.0
2026-03-11 12:30:00,124.1557,124.3549,124.1557,124.2304,96824.0
2026-03-11 12:35:00,124.2255,124.335,124.1557,124.2255,83159.0
2026-03-11 12:40:00,124.2255,124.2852,124.1059,124.1209,64920.0
2026-03-11 12:45:00,124.1059,124.1657,124.0014,124.0362,58201.0
2026-03-11 12:50:00,124.0561,124.096,123.9864,123.9864,62219.0
2026-03-11 12:55:00,123.9964,124.096,123.9964,123.9964,91503.0
2026-03-11 13:00:00,124.0163,124.1358,123.9765,123.9964,86413.0
2026-03-11 13:05:00,123.9964,124.0711,123.9765,123.9765,76089.0
2026-03-11 13:10:00,123.9864,124.0462,123.847,123.8619,69007.0
2026-03-11 13:15:00,123.8669,123.9466,123.7872,123.8171,54664.0
2026-03-11 13:20:00,123.827,123.8619,123.4784,123.5183,194281.0
2026-03-11 13:25:00,123.5133,123.5133,123.2892,123.3888,195999.0
2026-03-11 13:30:00,123.3938,123.5332,123.3788,123.4784,132601.0
2026-03-11 13:35:00,123.4934,123.5282,123.1298,123.2394,162754.0
2026-03-11 13:40:00,123.2294,123.4884,123.1896,123.2344,246993.0
2026-03-11 13:45:00,123.2195,123.2892,123.1697,123.2593,114860.0
2026-03-11 13:50:00,123.2593,123.4508,123.2593,123.3987,92925.0
2026-03-11 13:55:00,123.3888,123.4286,123.2991,123.3738,77920.0
2026-03-11 14:00:00,123.3689,123.4187,123.2693,123.4187,99657.0
2026-03-11 14:05:00,123.4187,123.4386,123.2095,123.2095,144164.0
2026-03-11 14:10:00,123.2095,123.2792,123.1099,123.2394,135498.0
2026-03-11 14:15:00,123.2493,123.334,123.2195,123.2842,97134.0
2026-03-11 14:20:00,123.2991,123.3639,123.2693,123.3489,91935.0
2026-03-11 14:25:00,123.3539,123.3589,123.2294,123.2494,125067.0
2026-03-11 14:30:00,123.2792,123.339,123.1298,123.1697,119472.0
2026-03-11 14:35:00,123.1697,123.1697,122.9904,123.0203,165767.0
2026-03-11 14:40:00,123.0302,123.0501,122.9485,123.0103,110299.0
2026-03-11 14:45:00,122.9904,123.0402,122.9306,122.9406,96066.0
2026-03-11 14:50:00,122.9406,122.9456,122.7115,122.8011,199454.0
2026-03-11 14:55:00,122.7912,123.08,122.7712,123.0701,164972.0
2026-03-11 15:00:00,123.0701,123.0701,122.6716,122.7213,98740.0
2026-03-11 15:05:00,122.7138,122.7912,122.6816,122.7712,125951.0
2026-03-11 15:10:00,122.7712,122.831,122.6418,122.7712,298954.0
2026-03-11 15:15:00,122.7712,122.8111,122.6766,122.6911,128057.0
2026-03-11 15:20:00,122.6866,122.7115,122.572,122.6766,168758.0
2026-03-11 15:25:00,122.6766,122.7712,122.6069,122.6642,146885.0
2026-03-11 15:30:00,122.6716,122.9804,122.6517,122.9655,287383.0
2026-03-11 15:35:00,122.9705,122.9754,122.8011,122.826,174697.0
2026-03-11 15:40:00,122.831,122.9306,122.8111,122.9306,208336.0
2026-03-11 15:45:00,122.9306,123.0003,122.6218,122.6318,186605.0
2026-03-11 15:50:00,122.6318,123.2095,122.5621,123.0103,430586.0
2026-03-11 15:55:00,123.0203,123.1398,122.9406,122.9705,1008422.0
2026-03-12 09:30:00,121.8101,122.6716,121.7951,122.3828,746553.0
2026-03-12 09:35:00,122.3828,122.6814,122.2135,122.5671,237061.0
2026-03-12 09:40:00,122.5672,122.582,121.8997,122.1437,211769.0
2026-03-12 09:45:00,122.1537,122.6218,121.9545,122.5322,247901.0
2026-03-12 09:50:00,122.5222,122.582,122.2533,122.5521,179977.0
2026-03-12 09:55:00,122.5521,122.831,122.5491,122.7015,171363.0
2026-03-12 10:00:00,122.7065,122.7613,122.3928,122.4027,196250.0
2026-03-12 10:05:00,122.4127,122.5079,122.1836,122.4426,181836.0
2026-03-12 10:10:00,122.4525,122.7663,122.3728,122.7015,236384.0
2026-03-12 10:15:00,122.7116,122.7364,122.3928,122.4077,157361.0
2026-03-12 10:20:00,122.4027,122.4525,122.2135,122.2384,134917.0
2026-03-12 10:25:00,122.2334,122.3728,122.1736,122.1736,198514.0
2026-03-12 10:30:00,122.1836,122.592,122.0242,122.5223,146790.0
2026-03-12 10:35:00,122.5222,122.8111,122.5023,122.7513,137579.0
2026-03-12 10:40:00,122.7613,123.0601,122.7115,122.9207,148296.0
2026-03-12 10:45:00,122.9306,123.2294,122.8808,123.08,167512.0
2026-03-12 10:50:00,123.09,123.2095,122.8908,122.9306,136303.0
2026-03-12 10:55:00,122.9207,123.1298,122.9107,123.0352,86466.0
2026-03-12 11:00:00,123.0203,123.2294,122.9904,123.1597,102657.0
2026-03-12 11:05:00,123.1796,123.4585,123.1099,123.4585,117005.0
2026-03-12 11:10:00,123.4585,123.7572,123.45,123.7275,185651.0
2026-03-12 11:15:00,123.7573,123.9765,123.6278,123.7872,166183.0
2026-03-12 11:20:00,123.7673,123.832,123.5382,123.7573,152632.0
2026-03-12 11:25:00,123.7274,123.7872,123.6278,123.7225,134464.0
2026-03-12 11:30:00,123.7274,123.837,123.6478,123.7573,104524.0
2026-03-12 11:35:00,123.7573,123.9864,123.6876,123.9765,156281.0
2026-03-12 11:40:00,123.9814,124.1856,123.837,124.1458,132722.0
2026-03-12 11:45:00,124.1358,124.2454,123.9466,124.0263,183147.0
2026-03-12 11:50:00,124.0163,124.1508,123.8768,123.9167,161507.0
2026-03-12 11:55:00,123.9266,123.9765,123.7772,123.9067,91380.0
2026-03-12 12:00:00,123.9167,124.1856,123.9067,124.1557,89917.0
2026-03-12 12:05:00,124.1508,124.1856,123.8071,123.8071,136138.0
2026-03-12 12:10:00,123.827,124.1956,123.8171,124.1707,108655.0
2026-03-12 12:15:00,124.1707,124.3599,124.1557,124.33,107798.0
2026-03-12 12:20:00,124.345,124.7733,124.3051,124.5741,350911.0
2026-03-12 12:25:00,124.5641,124.589,123.9665,124.0063,289734.0
2026-03-12 12:30:00,124.0063,124.096,123.7573,124.0661,151144.0
2026-03-12 12:35:00,124.0761,124.2354,123.9167,124.2155,138782.0
2026-03-12 12:40:00,124.2175,124.4247,124.1558,124.3549,119931.0
2026-03-12 12:45:00,124.3549,124.3649,123.9266,123.9765,133943.0
2026-03-12 12:50:00,123.9765,124.0761,123.8569,123.8619,82753.0
2026-03-12 12:55:00,123.8619,124.0263,123.7822,123.9466,103487.0
2026-03-12 13:00:00,123.9366,124.0761,123.9117,124.0661,80364.0
2026-03-12 13:05:00,124.0661,124.2354,124.0213,124.0213,100361.0
2026-03-12 13:10:00,124.0063,124.1508,124.0063,124.0561,80551.0
2026-03-12 13:15:00,124.0462,124.1557,123.9864,123.9914,69493.0
2026-03-12 13:20:00,123.9914,124.2055,123.9565,124.1109,78097.0
2026-03-12 13:25:00,124.1159,124.1956,124.0362,124.096,65927.0
2026-03-12 13:30:00,124.096,124.1823,124.0561,124.1259,66954.0
2026-03-12 13:35:00,124.1358,124.3349,124.1358,124.3251,104806.0
2026-03-12 13:40:00,124.3251,124.4047,124.1956,124.1956,79376.0
2026-03-12 13:45:00,124.1906,124.1956,124.0761,124.1657,108154.0
2026-03-12 13:50:00,124.1757,124.2852,124.1159,124.1806,99856.0
2026-03-12 13:55:00,124.1806,124.2653,124.0761,124.2553,112300.0
2026-03-12 14:00:00,124.2454,124.335,124.101,124.1956,109545.0
2026-03-12 14:05:00,124.1956,124.4197,124.1956,124.335,120575.0
2026-03-12 14:10:00,124.3251,124.4296,124.2454,124.2952,102504.0
2026-03-12 14:15:00,124.3251,124.3948,124.1358,124.1557,148833.0
2026-03-12 14:20:00,124.1557,124.1757,123.9864,124.0412,104460.0
2026-03-12 14:25:00,124.0263,124.2255,124.0263,124.2155,99024.0
2026-03-12 14:30:00,124.2155,124.3151,124.1607,124.1856,118328.0
2026-03-12 14:35:00,124.1806,124.2852,124.1806,124.2603,104216.0
2026-03-12 14:40:00,124.2553,124.2553,124.1159,124.1806,131421.0
2026-03-12 14:45:00,124.1806,124.2553,124.1408,124.1757,81224.0
2026-03-12 14:50:00,124.1757,124.2802,124.1159,124.2553,96128.0
2026-03-12 14:55:00,124.2454,124.3151,124.1686,124.2852,116973.0
2026-03-12 15:00:00,124.2852,124.3749,124.1956,124.35,138886.0
2026-03-12 15:05:00,124.335,124.5692,124.2952,124.5043,131107.0
2026-03-12 15:10:00,124.5143,124.6139,124.4944,124.5442,134658.0
2026-03-12 15:15:00,124.5243,124.6637,124.4545,124.6587,110849.0
2026-03-12 15:20:00,124.6587,124.8131,124.594,124.604,195115.0
2026-03-12 15:25:00,124.6139,124.6936,124.5741,124.6438,140591.0
2026-03-12 15:30:00,124.6338,124.6637,124.5741,124.6338,140079.0
2026-03-12 15:35:00,124.6139,124.6438,124.5342,124.6289,160510.0
2026-03-12 15:40:00,124.6239,124.6239,124.4844,124.5296,160864.0
2026-03-12 15:45:00,124.5292,124.594,124.4097,124.4844,193333.0
2026-03-12 15:50:00,124.4844,124.4944,124.096,124.4745,653593.0
2026-03-12 15:55:00,124.4745,124.8928,124.4745,124.843,1798053.0
2026-03-13 09:30:00,124.8928,125.7195,124.4745,124.853,523372.0
2026-03-13 09:35:00,124.8928,125.6149,124.7733,125.5054,249715.0
2026-03-13 09:40:00,125.5123,125.7594,125.3311,125.4506,145924.0
2026-03-13 09:45:00,125.4456,125.5801,125.2414,125.4456,153111.0
2026-03-13 09:50:00,125.4456,125.6099,125.2315,125.3036,113841.0
2026-03-13 09:55:00,125.2912,125.5203,125.2813,125.4639,97268.0
2026-03-13 10:00:00,125.4506,125.8887,125.4406,125.8042,189736.0
2026-03-13 10:05:00,125.8191,125.9386,125.6398,125.6597,161135.0
2026-03-13 10:10:00,125.6398,125.7295,125.3609,125.3709,146826.0
2026-03-13 10:15:00,125.3809,125.4008,125.0721,125.1169,133291.0
2026-03-13 10:20:00,125.1468,125.2813,125.1418,125.1425,96769.0
2026-03-13 10:25:00,125.1419,125.2912,125.082,125.1518,154645.0
2026-03-13 10:30:00,125.1518,125.5004,125.1518,125.4157,133473.0
2026-03-13 10:35:00,125.4307,125.5004,125.2813,125.3012,144187.0
2026-03-13 10:40:00,125.2912,125.346,124.9739,125.092,104693.0
2026-03-13 10:45:00,125.1219,125.6299,125.1219,125.6299,100102.0
2026-03-13 10:50:00,125.6398,125.6747,125.4307,125.5203,97571.0
2026-03-13 10:55:00,125.5004,125.5253,125.2912,125.3012,88793.0
2026-03-13 11:00:00,125.2912,125.3609,125.1817,125.346,82849.0
2026-03-13 11:05:00,125.3609,125.5402,125.2713,125.5402,108458.0
2026-03-13 11:10:00,125.5502,125.7295,125.5502,125.6,88699.0
2026-03-13 11:15:00,125.605,125.7195,125.5303,125.6448,67154.0
2026-03-13 11:20:00,125.6448,125.7047,125.4805,125.4854,82034.0
2026-03-13 11:25:00,125.4904,125.4954,125.2514,125.2564,64580.0
2026-03-13 11:30:00,125.2613,125.4605,125.1917,125.4306,113262.0
2026-03-13 11:35:00,125.4307,125.5402,125.2016,125.5203,107838.0
2026-03-13 11:40:00,125.5004,125.5402,125.2414,125.2834,100687.0
2026-03-13 11:45:00,125.2813,125.4805,125.2215,125.2613,155839.0
2026-03-13 11:50:00,125.2763,125.4008,125.1617,125.2514,75814.0
2026-03-13 11:55:00,125.2564,125.3809,125.2115,125.351,103039.0
2026-03-13 12:00:00,125.3609,125.6398,125.3609,125.6204,105245.0
2026-03-13 12:05:00,125.6249,125.7544,125.5801,125.7295,114311.0
2026-03-13 12:10:00,125.7345,125.7643,125.6299,125.6897,146863.0
2026-03-13 12:15:00,125.7096,125.7693,125.6597,125.7594,122502.0
2026-03-13 12:20:00,125.7693,125.854,125.6597,125.6597,147310.0
2026-03-13 12:25:00,125.6797,125.7693,125.5801,125.6199,143451.0
2026-03-13 12:30:00,125.6398,125.7046,125.3311,125.346,97938.0
2026-03-13 12:35:00,125.351,125.839,125.351,125.6797,170274.0
2026-03-13 12:40:00,125.6548,125.7892,125.6099,125.6149,191871.0
2026-03-13 12:45:00,125.6398,125.8789,125.59,125.8141,149072.0
2026-03-13 12:50:00,125.8191,125.9486,125.7793,125.8988,107305.0
2026-03-13 12:55:00,125.8988,125.9386,125.6498,125.7444,160211.0
2026-03-13 13:00:00,125.7494,125.7743,125.5067,125.7195,160812.0
2026-03-13 13:05:00,125.7099,125.844,125.6797,125.8241,68492.0
2026-03-13 13:10:00,125.8291,125.9884,125.8092,125.9884,108678.0
2026-03-13 13:15:00,125.9884,125.9984,125.7444,125.7992,103307.0
2026-03-13 13:20:00,125.7793,125.7992,125.6,125.7892,138611.0
2026-03-13 13:25:00,125.7992,125.8042,125.6299,125.7195,121417.0
2026-03-13 13:30:00,125.6996,125.7295,125.5701,125.6099,206378.0
2026-03-13 13:35:00,125.6149,125.6896,125.5701,125.6199,129165.0
2026-03-13 13:40:00,125.6199,125.6448,125.4207,125.5801,205437.0
2026-03-13 13:45:00,125.5801,125.7494,125.5801,125.6697,112739.0
2026-03-13 13:50:00,125.6797,125.7843,125.6647,125.7743,84968.0
2026-03-13 13:55:00,125.7594,125.7992,125.5751,125.7096,113796.0
2026-03-13 14:00:00,125.7195,125.9237,125.6249,125.8789,103040.0
2026-03-13 14:05:00,125.8988,125.9884,125.7693,125.8042,117698.0
2026-03-13 14:10:00,125.8042,125.8789,125.7494,125.8789,140544.0
2026-03-13 14:15:00,125.8888,125.8988,125.7046,125.7096,124607.0
2026-03-13 14:20:00,125.6996,125.7136,125.5402,125.5502,105122.0
2026-03-13 14:25:00,125.5601,125.6697,125.5004,125.6099,89497.0
2026-03-13 14:30:00,125.6,125.7743,125.6,125.7494,92607.0
2026-03-13 14:35:00,125.7594,125.839,125.7394,125.7693,68119.0
2026-03-13 14:40:00,125.7743,125.8988,125.7394,125.8888,70771.0
2026-03-13 14:45:00,125.8888,126.0681,125.859,126.0084,116881.0
2026-03-13 14:50:00,126.0084,126.098,125.9287,126.088,122154.0
2026-03-13 14:55:00,126.0787,126.1827,126.0084,126.0482,131925.0
2026-03-13 15:00:00,126.0482,126.1677,125.9934,126.1179,153656.0
2026-03-13 15:05:00,126.108,126.1478,126.0283,126.0482,132314.0
2026-03-13 15:10:00,126.0482,126.1179,126.0183,126.0631,105478.0
2026-03-13 15:15:00,126.0582,126.098,125.9785,126.0183,127965.0
2026-03-13 15:20:00,126.0084,126.0382,125.8291,125.849,147294.0
2026-03-13 15:25:00,125.839,125.8839,125.7295,125.849,115132.0
2026-03-13 15:30:00,125.849,125.9635,125.849,125.9386,166725.0
2026-03-13 15:35:00,125.9386,126.0282,125.7892,125.849,188767.0
2026-03-13 15:40:00,125.839,125.859,125.6299,125.7096,228768.0
2026-03-13 15:45:00,125.7145,125.9785,125.7145,125.9586,151574.0
2026-03-13 15:50:00,125.9586,126.0382,125.6946,126.0283,342768.0
2026-03-13 15:55:00,126.0283,126.108,125.8789,126.0482,1320794.0
2026-03-16 09:30:00,126.2574,126.4765,125.5004,125.5103,476316.0
2026-03-16 09:35:00,125.56,125.6299,124.7633,125.1966,292112.0
2026-03-16 09:40:00,125.2115,125.5004,124.9925,125.4705,179775.0
2026-03-16 09:45:00,125.5004,125.9386,125.4605,125.5651,274862.0
2026-03-16 09:50:00,125.5601,125.5643,124.9028,125.3608,251902.0
2026-03-16 09:55:00,125.356,125.5502,125.1817,125.2464,199523.0
2026-03-16 10:00:00,125.2613,125.5402,125.1617,125.4705,209084.0
2026-03-16 10:05:00,125.4605,125.6433,125.4146,125.6099,149482.0
2026-03-16 10:10:00,125.6099,125.6299,125.0123,125.0721,182035.0
2026-03-16 10:15:00,125.0721,125.4197,124.9426,125.4008,150736.0
2026-03-16 10:20:00,125.4008,125.5801,125.341,125.5004,109392.0
2026-03-16 10:25:00,125.4979,125.5801,125.336,125.3709,126232.0
2026-03-16 10:30:00,125.3709,125.4257,125.0123,125.0522,156083.0
2026-03-16 10:35:00,125.0621,125.1219,124.6438,124.6488,172932.0
2026-03-16 10:40:00,124.6637,124.7135,124.5292,124.6139,112291.0
2026-03-16 10:45:00,124.6139,124.7036,124.4057,124.4057,127114.0
2026-03-16 10:50:00,124.4147,124.7031,124.335,124.6886,151544.0
2026-03-16 10:55:00,124.6994,124.8231,124.5442,124.8181,108890.0
2026-03-16 11:00:00,124.8032,124.8579,124.604,124.6438,136703.0
2026-03-16 11:05:00,124.6637,124.6637,124.5244,124.6488,106678.0
2026-03-16 11:10:00,124.6438,124.6637,124.4745,124.5443,141323.0
2026-03-16 11:15:00,124.5442,124.6637,124.5143,124.6139,104440.0
2026-03-16 11:20:00,124.6139,124.8231,124.5791,124.8231,102435.0
2026-03-16 11:25:00,124.8281,124.9546,124.7932,124.9526,111823.0
2026-03-16 11:30:00,124.9476,124.9625,124.853,124.8828,112611.0
2026-03-16 11:35:00,124.8928,124.9622,124.7832,124.9127,69837.0
2026-03-16 11:40:00,124.9028,124.9923,124.7583,124.9126,73140.0
2026-03-16 11:45:00,124.9127,125.0123,124.843,124.8978,144658.0
2026-03-16 11:50:00,124.8928,124.9127,124.7036,124.7484,80762.0
2026-03-16 11:55:00,124.7534,124.8729,124.7334,124.833,98870.0
2026-03-16 12:00:00,124.833,124.9127,124.7633,124.7633,74550.0
2026-03-16 12:05:00,124.7733,124.9227,124.7236,124.8281,89222.0
2026-03-16 12:10:00,124.843,124.9378,124.7947,124.8729,74887.0
2026-03-16 12:15:00,124.8629,124.9028,124.7434,124.8131,67126.0
2026-03-16 12:20:00,124.8231,124.8629,124.604,124.604,82005.0
2026-03-16 12:25:00,124.594,124.7832,124.5741,124.7534,71389.0
2026-03-16 12:30:00,124.7633,124.7832,124.6338,124.6388,62782.0
2026-03-16 12:35:00,124.6388,124.765,124.5741,124.7434,74683.0
2026-03-16 12:40:00,124.7434,124.7982,124.7135,124.7334,75102.0
2026-03-16 12:45:00,124.7334,124.9182,124.6637,124.9077,90167.0
2026-03-16 12:50:00,124.9227,125.082,124.8579,125.0621,124574.0
2026-03-16 12:55:00,125.0771,125.0796,124.8928,124.9675,68274.0
2026-03-16 13:00:00,124.9526,125.1817,124.9526,125.092,104809.0
2026-03-16 13:05:00,125.1119,125.2229,125.092,125.1518,81679.0
2026-03-16 13:10:00,125.1468,125.2215,125.1319,125.1319,91747.0
2026-03-16 13:15:00,125.1319,125.1717,125.0422,125.092,72122.0
2026-03-16 13:20:00,125.092,125.1617,125.0621,125.102,94919.0
2026-03-16 13:25:00,125.1069,125.2315,125.0716,125.0771,69032.0
2026-03-16 13:30:00,125.0771,125.2115,125.0372,125.097,83472.0
2026-03-16 13:35:00,125.092,125.1519,125.0522,125.1119,90174.0
2026-03-16 13:40:00,125.1219,125.1617,125.0522,125.1269,79674.0
2026-03-16 13:45:00,125.1219,125.2215,124.9824,125.0123,101014.0
2026-03-16 13:50:00,125.0123,125.092,124.9725,125.0621,87135.0
2026-03-16 13:55:00,125.0422,125.0823,125.0024,125.0223,68278.0
2026-03-16 14:00:00,125.0273,125.1219,124.9824,125.0621,66920.0
2026-03-16 14:05:00,125.0721,125.092,124.9127,124.9127,83719.0
2026-03-16 14:10:00,124.9077,124.9526,124.8231,124.9376,76471.0
2026-03-16 14:15:00,124.9625,125.0721,124.9346,124.9675,110570.0
2026-03-16 14:20:00,124.9675,125.0372,124.843,124.9326,111058.0
2026-03-16 14:25:00,124.9227,125.0621,124.9127,124.9277,78601.0
2026-03-16 14:30:00,124.9326,124.9725,124.8629,124.8679,72727.0
2026-03-16 14:35:00,124.8928,124.9376,124.7683,124.8579,93217.0
2026-03-16 14:40:00,124.8729,124.9227,124.8131,124.9028,111243.0
2026-03-16 14:45:00,124.9028,124.9824,124.853,124.8779,83526.0
2026-03-16 14:50:00,124.8729,124.9227,124.833,124.8928,79262.0
2026-03-16 14:55:00,124.8928,124.9127,124.8032,124.8281,199434.0
2026-03-16 15:00:00,124.8281,124.9227,124.8135,124.9177,72277.0
2026-03-16 15:05:00,124.9227,124.9227,124.6738,124.7982,143728.0
2026-03-16 15:10:00,124.8131,124.9227,124.6737,124.7832,142984.0
2026-03-16 15:15:00,124.7932,125.092,124.7932,125.0322,124255.0
2026-03-16 15:20:00,125.0223,125.0771,124.9177,124.9426,115436.0
2026-03-16 15:25:00,124.9376,125.1319,124.9177,125.0826,138535.0
2026-03-16 15:30:00,125.087,125.1717,125.0422,125.0621,153809.0
2026-03-16 15:35:00,125.0671,125.1518,125.0123,125.1119,168486.0
2026-03-16 15:40:00,125.1219,125.2215,125.102,125.1518,172004.0
2026-03-16 15:45:00,125.159,125.2488,125.102,125.1916,196676.0
2026-03-16 15:50:00,125.1817,125.4157,125.1319,125.2215,403899.0
2026-03-16 15:55:00,125.2315,125.6,125.2215,125.4705,1141687.0
2026-03-17 09:30:00,126.1478,126.6857,125.5751,125.7693,477311.0
2026-03-17 09:35:00,125.7892,125.9028,125.6299,125.7494,171256.0
2026-03-17 09:40:00,125.7295,125.9884,125.6498,125.8988,151796.0
2026-03-17 09:45:00,125.9088,126.2026,125.7295,125.7394,174424.0
2026-03-17 09:50:00,125.7693,125.7693,124.7036,125.2962,318144.0
2026-03-17 09:55:00,125.3211,125.59,125.3012,125.4506,137544.0
2026-03-17 10:00:00,125.4705,125.5701,125.2613,125.3908,131158.0
2026-03-17 10:05:00,125.3958,125.59,125.3958,125.4805,108447.0
2026-03-17 10:10:00,125.4904,125.5103,125.2414,125.3211,116775.0
2026-03-17 10:15:00,125.3111,125.4705,125.2115,125.4307,136247.0
2026-03-17 10:20:00,125.4406,125.5203,125.3759,125.3858,99283.0
2026-03-17 10:25:00,125.3908,125.6448,125.2414,125.6398,123823.0
2026-03-17 10:30:00,125.6498,125.7793,125.5402,125.7394,174444.0
2026-03-17 10:35:00,125.7295,125.8341,125.6299,125.8191,128838.0
2026-03-17 10:40:00,125.8092,126.1478,125.7394,126.108,108360.0
2026-03-17 10:45:00,126.108,126.1478,126.0333,126.0482,125619.0
2026-03-17 10:50:00,126.0582,126.098,125.9287,125.9735,150954.0
2026-03-17 10:55:00,125.9685,126.0382,125.6,125.7743,213364.0
2026-03-17 11:00:00,125.7743,125.8689,125.7295,125.7544,125682.0
2026-03-17 11:05:00,125.7494,125.9984,125.7195,125.9038,113862.0
2026-03-17 11:10:00,125.9187,125.9984,125.839,125.8988,88770.0
2026-03-17 11:15:00,125.8888,125.9884,125.839,125.9486,78021.0
2026-03-17 11:20:00,125.9287,126.0084,125.839,125.9586,92091.0
2026-03-17 11:25:00,125.9486,126.098,125.9287,126.0084,85080.0
2026-03-17 11:30:00,126.0333,126.0432,125.8191,125.8191,81505.0
2026-03-17 11:35:00,125.8191,125.9337,125.6597,125.6896,108782.0
2026-03-17 11:40:00,125.6996,125.7793,125.6398,125.7295,84859.0
2026-03-17 11:45:00,125.7295,125.7494,125.6199,125.6299,67934.0
2026-03-17 11:50:00,125.6498,125.7892,125.6199,125.7195,98133.0
2026-03-17 11:55:00,125.6996,125.8291,125.6896,125.7195,70708.0
2026-03-17 12:00:00,125.7195,125.7195,125.5701,125.6299,65977.0
2026-03-17 12:05:00,125.6299,125.6597,125.4406,125.5303,71432.0
2026-03-17 12:10:00,125.5203,125.6299,125.5103,125.5801,51101.0
2026-03-17 12:15:00,125.6,125.6398,125.5402,125.6099,87639.0
2026-03-17 12:20:00,125.6299,125.6747,125.5701,125.6498,55582.0
2026-03-17 12:25:00,125.6199,125.6498,125.5103,125.5402,51191.0
2026-03-17 12:30:00,125.5212,125.5956,125.4506,125.4904,83792.0
2026-03-17 12:35:00,125.4904,125.5652,125.4406,125.5303,67040.0
2026-03-17 12:40:00,125.5402,125.6149,125.5103,125.59,851224.0
2026-03-17 12:45:00,125.5993,125.6432,125.4954,125.5103,51834.0
2026-03-17 12:50:00,125.5004,125.5004,125.3211,125.3311,99455.0
2026-03-17 12:55:00,125.3311,125.341,125.1617,125.1617,77852.0
2026-03-17 13:00:00,125.1617,125.336,125.102,125.336,70240.0
2026-03-17 13:05:00,125.336,125.351,125.2464,125.2763,58106.0
2026-03-17 13:10:00,125.2763,125.2763,125.1617,125.2613,76744.0
2026-03-17 13:15:00,125.2514,125.2564,125.1169,125.1617,100580.0
2026-03-17 13:20:00,125.1617,125.2016,125.092,125.1119,76172.0
2026-03-17 13:25:00,125.1119,125.1468,125.0223,125.0223,48575.0
2026-03-17 13:30:00,125.0223,125.0223,124.7334,124.7733,111399.0
2026-03-17 13:35:00,124.7633,124.7932,124.6239,124.7334,101111.0
2026-03-17 13:40:00,124.7333,124.7433,124.5741,124.6538,70928.0
2026-03-17 13:45:00,124.6737,124.8189,124.6737,124.7534,61713.0
2026-03-17 13:50:00,124.7434,124.8231,124.604,124.7633,110531.0
2026-03-17 13:55:00,124.7633,124.9127,124.7036,124.8628,81707.0
2026-03-17 14:00:00,124.8629,124.9277,124.7135,124.9227,86877.0
2026-03-17 14:05:00,124.9426,125.0024,124.8729,124.9974,91471.0
2026-03-17 14:10:00,125.0123,125.1219,124.9824,125.102,96409.0
2026-03-17 14:15:00,125.102,125.1717,125.0422,125.102,72418.0
2026-03-17 14:20:00,125.102,125.102,124.8729,124.9147,183903.0
2026-03-17 14:25:00,124.9177,125.0024,124.843,124.9326,107948.0
2026-03-17 14:30:00,124.9227,124.9526,124.843,124.9526,69724.0
2026-03-17 14:35:00,124.9625,125.0024,124.8928,124.9028,66792.0
2026-03-17 14:40:00,124.9028,124.9725,124.7932,124.8828,96592.0
2026-03-17 14:45:00,124.8928,125.0273,124.8928,124.9625,76222.0
2026-03-17 14:50:00,124.9526,125.1119,124.9227,125.102,178303.0
2026-03-17 14:55:00,125.092,125.092,124.604,124.6438,151465.0
2026-03-17 15:00:00,124.6538,124.7832,124.6538,124.6936,112821.0
2026-03-17 15:05:00,124.6936,124.7285,124.5143,124.6439,88597.0
2026-03-17 15:10:00,124.6538,124.7932,124.6139,124.6538,118389.0
2026-03-17 15:15:00,124.6538,124.7932,124.6538,124.6737,124391.0
2026-03-17 15:20:00,124.6637,124.6787,124.5243,124.5641,120568.0
2026-03-17 15:25:00,124.5641,124.5691,124.4545,124.5143,111189.0
2026-03-17 15:30:00,124.5143,124.594,124.4545,124.5591,139451.0
2026-03-17 15:35:00,124.5542,124.5791,124.4844,124.5043,96271.0
2026-03-17 15:40:00,124.4944,124.6139,124.3948,124.4097,122422.0
2026-03-17 15:45:00,124.4097,124.4545,124.365,124.365,112745.0
2026-03-17 15:50:00,124.3749,124.584,124.3699,124.4247,267566.0
2026-03-17 15:55:00,124.4247,124.6737,124.3848,124.589,676281.0
2026-03-18 09:30:00,123.84,124.1158,123.5681,123.5681,336603.0
2026-03-18 09:35:00,123.5581,124.0761,123.2493,124.0163,192638.0
2026-03-18 09:40:00,124.0263,124.1058,123.6179,123.7274,145848.0
2026-03-18 09:45:00,123.6876,123.9463,123.5482,123.6428,98081.0
2026-03-18 09:50:00,123.6428,123.6876,122.7414,122.7513,231954.0
2026-03-18 09:55:00,122.7912,122.9406,122.7115,122.8609,192713.0
2026-03-18 10:00:00,122.8709,123.0003,122.6916,122.7414,223574.0
2026-03-18 10:05:00,122.7214,122.8011,122.5621,122.6119,204357.0
2026-03-18 10:10:00,122.582,122.6318,122.2433,122.3728,357561.0
2026-03-18 10:15:00,122.3629,122.7414,122.2433,122.7015,278824.0
2026-03-18 10:20:00,122.7065,123.0302,122.6618,122.9207,165352.0
2026-03-18 10:25:00,122.9406,122.9705,122.4724,122.4724,188101.0
2026-03-18 10:30:00,122.4625,122.6119,122.333,122.3529,172797.0
2026-03-18 10:35:00,122.3479,122.6318,122.1935,122.587,175774.0
2026-03-18 10:40:00,122.592,122.6866,122.4226,122.5422,108130.0
2026-03-18 10:45:00,122.572,122.582,122.2334,122.2433,123906.0
2026-03-18 10:50:00,122.2583,122.3031,122.1238,122.2433,134436.0
2026-03-18 10:55:00,122.2384,122.4326,122.1736,122.4077,136367.0
2026-03-18 11:00:00,122.4127,122.4924,122.2633,122.333,168403.0
2026-03-18 11:05:00,122.343,122.4426,122.323,122.3728,80946.0
2026-03-18 11:10:00,122.3728,122.4077,122.2334,122.2648,134948.0
2026-03-18 11:15:00,122.2732,122.343,122.084,122.1338,90687.0
2026-03-18 11:20:00,122.1338,122.1437,122.0043,122.1039,122238.0
2026-03-18 11:25:00,122.0939,122.3629,122.0939,122.2433,118412.0
2026-03-18 11:30:00,122.2533,122.4624,122.2533,122.3679,79161.0
2026-03-18 11:35:00,122.3629,122.4426,122.323,122.3679,117952.0
2026-03-18 11:40:00,122.3629,122.3728,122.2055,122.3728,435786.0
2026-03-18 11:45:00,122.3679,122.4924,122.2932,122.343,156635.0
2026-03-18 11:50:00,122.3528,122.592,122.3131,122.5023,516086.0
2026-03-18 11:55:00,122.4924,122.5521,122.3131,122.3579,75005.0
2026-03-18 12:00:00,122.3728,122.3728,122.1139,122.1935,292078.0
2026-03-18 12:05:00,122.2035,122.2433,122.1537,122.2035,67479.0
2026-03-18 12:10:00,122.2135,122.4127,122.1238,122.3778,173795.0
2026-03-18 12:15:00,122.3728,122.5621,122.3081,122.5222,176034.0
2026-03-18 12:20:00,122.5222,122.6019,122.3828,122.4127,98386.0
2026-03-18 12:25:00,122.4226,122.5023,122.4127,122.4824,54102.0
2026-03-18 12:30:00,122.4724,122.552,122.4226,122.5322,113845.0
2026-03-18 12:35:00,122.5422,122.6019,122.4824,122.5621,105767.0
2026-03-18 12:40:00,122.572,122.6418,122.4724,122.5222,80978.0
2026-03-18 12:45:00,122.5173,122.7214,122.4326,122.7115,97976.0
2026-03-18 12:50:00,122.7115,122.7605,122.6019,122.7512,95113.0
2026-03-18 12:55:00,122.7464,122.7712,122.5073,122.5322,81866.0
2026-03-18 13:00:00,122.5123,122.5621,122.4107,122.4724,120007.0
2026-03-18 13:05:00,122.4924,122.5322,122.2433,122.2433,78310.0
2026-03-18 13:10:00,122.2633,122.2782,122.0342,122.0541,123641.0
2026-03-18 13:15:00,122.0591,122.0641,121.8698,121.9346,168308.0
2026-03-18 13:20:00,121.9346,121.9942,121.8251,121.9844,135648.0
2026-03-18 13:25:00,121.9844,121.9844,121.9147,121.9196,68848.0
2026-03-18 13:30:00,121.9246,122.0541,121.835,122.0143,153353.0
2026-03-18 13:35:00,121.9943,122.1288,121.9943,122.0441,106547.0
2026-03-18 13:40:00,122.0441,122.0939,121.9744,122.0292,85967.0
2026-03-18 13:45:00,122.0292,122.1138,121.8947,121.9545,105742.0
2026-03-18 13:50:00,121.9396,122.0242,121.8848,122.0143,108048.0
2026-03-18 13:55:00,122.0242,122.1039,121.9545,122.0939,72604.0
2026-03-18 14:00:00,122.1039,122.1935,121.825,122.0143,230936.0
2026-03-18 14:05:00,122.0043,122.0242,121.8649,121.9445,99961.0
2026-03-18 14:10:00,121.9545,122.0192,121.8748,122.0143,92399.0
2026-03-18 14:15:00,122.0043,122.0043,121.7354,121.8997,259267.0
2026-03-18 14:20:00,121.8997,121.9943,121.825,121.9844,105377.0
2026-03-18 14:25:00,122.0143,122.1238,121.9445,122.0441,111314.0
2026-03-18 14:30:00,122.0342,122.0441,121.6955,121.6955,155626.0
2026-03-18 14:35:00,121.6955,121.9346,121.6656,121.7951,155438.0
2026-03-18 14:40:00,121.7852,122.074,121.7752,121.9645,144163.0
2026-03-18 14:45:00,121.9645,122.2532,121.8898,122.2234,113926.0
2026-03-18 14:50:00,122.2234,122.2234,122.1039,122.1537,123628.0
2026-03-18 14:55:00,122.1537,122.2334,122.1289,122.1686,121794.0
2026-03-18 15:00:00,122.1736,122.2711,122.0939,122.2533,123972.0
2026-03-18 15:05:00,122.2433,122.2533,122.1039,122.2433,121979.0
2026-03-18 15:10:00,122.2334,122.2334,122.074,122.1238,92781.0
2026-03-18 15:15:00,122.1338,122.1836,122.0541,122.0541,140114.0
2026-03-18 15:20:00,122.0541,122.0652,121.9445,121.9445,146511.0
2026-03-18 15:25:00,121.9645,122.0242,121.7752,121.8947,165307.0
2026-03-18 15:30:00,121.8748,122.1437,121.7852,122.1238,199466.0
2026-03-18 15:35:00,122.1338,122.1686,122.0641,122.089,211629.0
2026-03-18 15:40:00,122.0939,122.0989,121.9844,122.0242,167236.0
2026-03-18 15:45:00,122.0143,122.0392,121.8848,121.9047,191185.0
2026-03-18 15:50:00,121.9047,122.1637,121.8151,121.9794,415307.0
2026-03-18 15:55:00,121.9744,121.9744,121.3469,121.5113,1893992.0
2026-03-19 09:30:00,121.9147,122.2633,121.1876,121.2473,750261.0
2026-03-19 09:35:00,121.2672,121.2872,120.3808,120.4106,331087.0
2026-03-19 09:40:00,120.3962,120.5301,120.0421,120.3114,374321.0
2026-03-19 09:45:00,120.321,120.58,120.1915,120.4405,267920.0
2026-03-19 09:50:00,120.4206,120.8514,120.4106,120.5003,220032.0
2026-03-19 09:55:00,120.4903,120.5302,120.0919,120.4206,213795.0
2026-03-19 10:00:00,120.4405,120.6597,120.3011,120.3011,214271.0
2026-03-19 10:05:00,120.311,120.7493,120.1467,120.7194,249246.0
2026-03-19 10:10:00,120.7095,120.7792,120.5302,120.5302,169718.0
2026-03-19 10:15:00,120.5202,120.5551,120.2612,120.4405,155000.0
2026-03-19 10:20:00,120.4754,120.57,120.2314,120.2812,172877.0
2026-03-19 10:25:00,120.2712,120.3409,119.813,119.828,204457.0
2026-03-19 10:30:00,119.8201,120.1915,119.7533,120.1417,236102.0
2026-03-19 10:35:00,120.1517,120.3359,119.9226,120.1118,148186.0
2026-03-19 10:40:00,120.1069,120.3907,120.1019,120.2314,137280.0
2026-03-19 10:45:00,120.2314,120.2812,119.9973,120.1019,160888.0
2026-03-19 10:50:00,120.1218,120.1417,119.4246,119.6487,416656.0
2026-03-19 10:55:00,119.6487,119.6536,119.3349,119.3499,227989.0
2026-03-19 11:00:00,119.3449,119.3648,118.9863,119.1855,232543.0
2026-03-19 11:05:00,119.1855,119.4146,119.1357,119.315,285026.0
2026-03-19 11:10:00,119.305,119.4146,119.2552,119.4106,165630.0
2026-03-19 11:15:00,119.4146,119.4308,119.1357,119.2054,211728.0
2026-03-19 11:20:00,119.2054,119.2602,118.8768,118.8768,239374.0
2026-03-19 11:25:00,118.8867,119.1258,118.7971,119.056,145588.0
2026-03-19 11:30:00,119.056,119.0959,118.9166,119.0461,147910.0
2026-03-19 11:35:00,119.0461,119.2652,118.9764,119.2342,120261.0
2026-03-19 11:40:00,119.2652,119.3349,119.1357,119.2154,119732.0
2026-03-19 11:45:00,119.2155,119.4545,119.1606,119.3748,106703.0
2026-03-19 11:50:00,119.3698,119.4943,119.3349,119.4644,111150.0
2026-03-19 11:55:00,119.4744,119.6337,119.4445,119.5939,186422.0
2026-03-19 12:00:00,119.5839,119.6238,119.4644,119.5341,154871.0
2026-03-19 12:05:00,119.5441,119.7383,119.5441,119.7035,119858.0
2026-03-19 12:10:00,119.7134,119.823,119.6238,119.7731,110015.0
2026-03-19 12:15:00,119.7582,120.0421,119.7582,119.9325,89796.0
2026-03-19 12:20:00,119.9027,119.9724,119.7433,119.7533,97693.0
2026-03-19 12:25:00,119.7582,119.808,119.6736,119.7782,139961.0
2026-03-19 12:30:00,119.7831,119.8728,119.6337,119.7134,96884.0
2026-03-19 12:35:00,119.7033,119.7533,119.5541,119.6885,101373.0
2026-03-19 12:40:00,119.6835,119.7881,119.6338,119.6835,106886.0
2026-03-19 12:45:00,119.6835,119.7035,119.4843,119.5242,133355.0
2026-03-19 12:50:00,119.5142,119.5142,119.2254,119.4445,152885.0
2026-03-19 12:55:00,119.4345,119.5491,119.4196,119.4744,144723.0
2026-03-19 13:00:00,119.4943,119.5142,119.4246,119.4843,102070.0
2026-03-19 13:05:00,119.4794,119.6885,119.4744,119.5949,128888.0
2026-03-19 13:10:00,119.6138,119.6935,119.5939,119.6487,81078.0
2026-03-19 13:15:00,119.6537,120.1118,119.6537,120.0989,119528.0
2026-03-19 13:20:00,120.0919,120.2015,120.0471,120.138,116317.0
2026-03-19 13:25:00,120.1417,120.321,120.1118,120.2214,98899.0
2026-03-19 13:30:00,120.2314,120.4282,120.2114,120.3559,109082.0
2026-03-19 13:35:00,120.3608,120.5401,120.3082,120.3459,120964.0
2026-03-19 13:40:00,120.3509,120.3559,120.1517,120.2015,75709.0
2026-03-19 13:45:00,120.2114,120.3011,120.1118,120.1467,71087.0
2026-03-19 13:50:00,120.1467,120.4007,120.1318,120.3509,103486.0
2026-03-19 13:55:00,120.3509,120.3509,120.1915,120.2114,59148.0
2026-03-19 14:00:00,120.1915,120.2314,120.1019,120.1218,79299.0
2026-03-19 14:05:00,120.1318,120.2678,120.1308,120.1965,75045.0
2026-03-19 14:10:00,120.2015,120.4106,120.1915,120.331,97209.0
2026-03-19 14:15:00,120.3409,120.3907,120.0919,120.1914,84154.0
2026-03-19 14:20:00,120.1816,120.2513,120.067,120.1716,106789.0
2026-03-19 14:25:00,120.1811,120.2114,119.9226,119.9425,76835.0
2026-03-19 14:30:00,119.9525,120.0421,119.9226,120.0023,188313.0
2026-03-19 14:35:00,120.0023,120.0521,119.8728,119.9126,61342.0
2026-03-19 14:40:00,119.9325,119.9425,119.828,119.8429,75339.0
2026-03-19 14:45:00,119.8494,120.1018,119.8429,120.082,74173.0
2026-03-19 14:50:00,120.0721,120.1217,120.0122,120.0919,93238.0
2026-03-19 14:55:00,120.082,120.2812,120.0521,120.2413,135859.0
2026-03-19 15:00:00,120.2513,120.5999,120.2513,120.5899,151629.0
2026-03-19 15:05:00,120.5999,120.829,120.5601,120.8091,288035.0
2026-03-19 15:10:00,120.7991,120.9087,120.6099,120.7593,236731.0
2026-03-19 15:15:00,120.7692,120.8439,120.58,120.7095,201598.0
2026-03-19 15:20:00,120.7095,120.7095,120.4903,120.565,162191.0
2026-03-19 15:25:00,120.5607,120.585,120.4306,120.5551,188061.0
2026-03-19 15:30:00,120.5501,120.829,120.5401,120.7593,187424.0
2026-03-19 15:35:00,120.7593,120.7891,120.6049,120.7891,401411.0
2026-03-19 15:40:00,120.7842,120.7991,120.57,120.6696,195012.0
2026-03-19 15:45:00,120.6646,120.7096,120.5451,120.6746,189942.0
2026-03-19 15:50:00,120.6796,120.9485,120.6248,120.6846,383398.0
2026-03-19 15:55:00,120.6895,120.7095,120.5451,120.5999,813237.0
2026-03-20 09:30:00,120.4015,121.0703,120.1021,120.3217,5292217.0
2026-03-20 09:35:00,120.3017,120.4514,120.1021,120.4514,222381.0
2026-03-20 09:40:00,120.4578,120.8108,120.3117,120.805,146262.0
2026-03-20 09:45:00,120.7908,121.0004,120.4831,120.5512,167696.0
2026-03-20 09:50:00,120.5113,120.686,120.2818,120.6735,112986.0
2026-03-20 09:55:00,120.686,120.8956,120.6311,120.7708,136697.0
2026-03-20 10:00:00,120.7908,120.7908,120.142,120.2119,213316.0
2026-03-20 10:05:00,120.2219,120.2368,119.633,119.643,232620.0
2026-03-20 10:10:00,119.6629,119.9524,119.653,119.8326,237482.0
2026-03-20 10:15:00,119.8526,119.8526,119.2637,119.3136,204487.0
2026-03-20 10:20:00,119.2937,119.2942,118.8445,119.1604,389913.0
2026-03-20 10:25:00,119.1639,119.1938,118.9742,119.084,209195.0
2026-03-20 10:30:00,119.074,119.3136,118.8545,119.2437,337342.0
2026-03-20 10:35:00,119.2437,119.3209,118.9343,118.9593,210713.0
2026-03-20 10:40:00,118.9343,118.9657,118.4752,118.5101,396461.0
2026-03-20 10:45:00,118.4951,118.6748,118.3255,118.4852,329420.0
2026-03-20 10:50:00,118.4951,118.5151,118.2483,118.4552,344875.0
2026-03-20 10:55:00,118.4752,118.7846,118.4053,118.6349,284686.0
2026-03-20 11:00:00,118.6099,118.8944,118.5451,118.7347,208074.0
2026-03-20 11:05:00,118.7247,118.8744,118.575,118.7896,185200.0
2026-03-20 11:10:00,118.7946,118.9602,118.7846,118.9293,198939.0
2026-03-20 11:15:00,118.9443,118.9842,118.7247,118.8345,180026.0
2026-03-20 11:20:00,118.8345,118.9243,118.6149,118.8445,130582.0
2026-03-20 11:25:00,118.8644,119.0192,118.7996,118.9623,124273.0
2026-03-20 11:30:00,118.9842,119.2238,118.8794,119.1339,180218.0
2026-03-20 11:35:00,119.1439,119.3336,119.124,119.2138,122653.0
2026-03-20 11:40:00,119.2038,119.3435,119.1838,119.2537,125175.0
2026-03-20 11:45:00,119.2537,119.2736,119.124,119.2537,90336.0
2026-03-20 11:50:00,119.2537,119.2737,119.1339,119.2138,101987.0
2026-03-20 11:55:00,119.2038,119.2238,118.9593,119.0725,94020.0
2026-03-20 12:00:00,119.074,119.1139,118.8994,118.9942,82592.0
2026-03-20 12:05:00,119.0042,119.0441,118.8595,118.9942,84202.0
2026-03-20 12:10:00,119.0001,119.2088,118.9792,119.1838,81382.0
2026-03-20 12:15:00,119.1689,119.2437,119.094,119.2038,96228.0
2026-03-20 12:20:00,119.2088,119.3336,119.1589,119.2687,129232.0
2026-03-20 12:25:00,119.2761,119.2761,119.094,119.1739,100337.0
2026-03-20 12:30:00,119.1639,119.4034,119.1339,119.3835,98972.0
2026-03-20 12:35:00,119.3934,119.4733,119.3286,119.4134,126872.0
2026-03-20 12:40:00,119.4234,119.4433,119.3036,119.3336,99470.0
2026-03-20 12:45:00,119.3385,119.3435,119.2537,119.3036,71621.0
2026-03-20 12:50:00,119.3036,119.4833,119.3036,119.4334,102043.0
2026-03-20 12:55:00,119.4334,119.6929,119.4334,119.628,136654.0
2026-03-20 13:00:00,119.633,119.7528,119.613,119.7328,57660.0
2026-03-20 13:05:00,119.7228,119.7827,119.5531,119.7228,139779.0
2026-03-20 13:10:00,119.7328,119.8027,119.653,119.7627,113806.0
2026-03-20 13:15:00,119.7627,119.8126,119.7178,119.7627,94609.0
2026-03-20 13:20:00,119.7627,119.9424,119.7328,119.9374,68752.0
2026-03-20 13:25:00,119.9324,119.9524,119.7727,119.9126,105221.0
2026-03-20 13:30:00,119.9174,120.0372,119.8626,120.0023,124789.0
2026-03-20 13:35:00,119.9973,120.2418,119.9873,120.2019,159792.0
2026-03-20 13:40:00,120.2219,120.2219,119.9723,120.0322,85490.0
2026-03-20 13:45:00,120.0422,120.0622,119.7627,119.8925,87715.0
2026-03-20 13:50:00,119.9025,120.1121,119.8825,119.9823,546566.0
2026-03-20 13:55:00,119.9923,120.0821,119.9274,119.9923,75411.0
2026-03-20 14:00:00,120.0023,120.0572,119.9324,120.0023,104537.0
2026-03-20 14:05:00,120.0023,120.0822,119.9633,120.0422,82566.0
2026-03-20 14:10:00,120.0422,120.1021,119.9524,120.1021,78569.0
2026-03-20 14:15:00,120.1121,120.1221,120.0123,120.0422,98085.0
2026-03-20 14:20:00,120.0522,120.0622,119.8626,119.9224,118178.0
2026-03-20 14:25:00,119.9324,120.0722,119.8126,119.8925,620482.0
2026-03-20 14:30:00,119.8825,119.9274,119.8226,119.8775,92563.0
2026-03-20 14:35:00,119.8626,119.9625,119.8077,119.9324,97240.0
2026-03-20 14:40:00,119.9424,119.9723,119.6729,119.8027,157361.0
2026-03-20 14:45:00,119.8027,119.9524,119.7727,119.9125,203173.0
2026-03-20 14:50:00,119.9125,120.0682,119.8131,120.0272,105300.0
2026-03-20 14:55:00,120.0222,120.1021,119.9923,120.1011,113954.0
2026-03-20 15:00:00,120.1021,120.137,120.0123,120.0422,151515.0
2026-03-20 15:05:00,120.0422,120.1819,120.0023,120.0622,138526.0
2026-03-20 15:10:00,120.0622,120.0821,119.9424,120.0123,118600.0
2026-03-20 15:15:00,120.0023,120.1221,119.9723,120.1121,119254.0
2026-03-20 15:20:00,120.1021,120.132,119.9424,119.9723,178540.0
2026-03-20 15:25:00,119.9823,119.9924,119.7128,119.8725,249283.0
2026-03-20 15:30:00,119.8725,119.9025,119.5931,119.653,207811.0
2026-03-20 15:35:00,119.6629,119.8725,119.633,119.8626,205696.0
2026-03-20 15:40:00,119.8533,119.8826,119.5481,119.5731,237551.0
2026-03-20 15:45:00,119.5631,119.6779,119.3086,119.3835,367621.0
2026-03-20 15:50:00,119.3934,119.4234,118.2157,118.5351,1660253.0
2026-03-20 15:55:00,118.5351,118.8145,117.7965,118.8046,3835359.0
2026-03-23 09:30:00,120.2518,120.9006,119.5531,119.6929,802424.0
2026-03-23 09:35:00,119.6929,119.7328,119.114,119.4084,360965.0
2026-03-23 09:40:00,119.4024,119.7328,118.9045,118.9045,508120.0
2026-03-23 09:45:00,118.9243,119.3885,118.8195,119.2637,370544.0
2026-03-23 09:50:00,119.2537,119.9224,119.2437,119.7378,440310.0
2026-03-23 09:55:00,119.7328,120.3716,119.4879,120.0921,388252.0
2026-03-23 10:00:00,120.1221,120.3416,119.8626,120.2319,320387.0
2026-03-23 10:05:00,120.2119,120.4215,120.0422,120.3117,209541.0
2026-03-23 10:10:00,120.2967,120.3317,119.6629,119.7328,207652.0
2026-03-23 10:15:00,119.7278,120.2019,119.6929,120.177,141068.0
2026-03-23 10:20:00,120.177,120.3117,120.0622,120.1919,184419.0
2026-03-23 10:25:00,120.1919,120.3017,119.8576,120.0422,160330.0
2026-03-23 10:30:00,120.0472,120.5006,119.9723,120.2618,153314.0
2026-03-23 10:35:00,120.2518,120.4215,120.1969,120.3965,137926.0
2026-03-23 10:40:00,120.3915,120.5213,120.3017,120.4614,183373.0
2026-03-23 10:45:00,120.4814,120.5912,120.3416,120.4315,159791.0
2026-03-23 10:50:00,120.4215,120.4963,120.2418,120.4115,120621.0
2026-03-23 10:55:00,120.4214,120.5512,120.3516,120.5017,135439.0
2026-03-23 11:00:00,120.5413,120.8008,120.3117,120.701,190128.0
2026-03-23 11:05:00,120.6811,120.7708,120.6111,120.7309,158081.0
2026-03-23 11:10:00,120.701,120.8906,120.671,120.7908,150177.0
2026-03-23 11:15:00,120.8008,120.8706,120.5113,120.691,115255.0
2026-03-23 11:20:00,120.681,120.7658,120.5313,120.7409,103474.0
2026-03-23 11:25:00,120.7309,120.7908,120.5313,120.5313,87237.0
2026-03-23 11:30:00,120.5412,120.5712,120.4315,120.5013,100361.0
2026-03-23 11:35:00,120.5013,120.6511,120.4377,120.6111,106965.0
2026-03-23 11:40:00,120.6012,120.8108,120.5812,120.8008,101165.0
2026-03-23 11:45:00,120.8008,120.8706,120.6411,120.8058,110144.0
2026-03-23 11:50:00,120.8058,120.8207,120.5113,120.7608,136067.0
2026-03-23 11:55:00,120.7608,120.8407,120.6511,120.681,124080.0
2026-03-23 12:00:00,120.666,120.7209,120.2818,120.3167,119853.0
2026-03-23 12:05:00,120.3217,120.4015,120.2518,120.2917,138210.0
2026-03-23 12:10:00,120.2718,120.681,120.2219,120.5712,88243.0
2026-03-23 12:15:00,120.5542,120.7094,120.4714,120.661,79493.0
2026-03-23 12:20:00,120.661,120.661,120.4464,120.5213,111266.0
2026-03-23 12:25:00,120.5013,120.5213,120.172,120.2219,165069.0
2026-03-23 12:30:00,120.2518,120.5013,120.2269,120.3816,94337.0
2026-03-23 12:35:00,120.3866,120.4914,120.3317,120.3766,96557.0
2026-03-23 12:40:00,120.3766,120.4614,120.2418,120.4015,122393.0
2026-03-23 12:45:00,120.4015,120.5912,120.3367,120.3367,87893.0
2026-03-23 12:50:00,120.3217,120.4714,120.2518,120.4415,87438.0
2026-03-23 12:55:00,120.4514,120.5213,120.3616,120.5013,99905.0
2026-03-23 13:00:00,120.5113,120.694,120.4614,120.6261,108854.0
2026-03-23 13:05:00,120.6061,120.661,120.4963,120.5512,94807.0
2026-03-23 13:10:00,120.5413,120.6511,120.4115,120.4215,81738.0
2026-03-23 13:15:00,120.4115,120.4415,120.3067,120.3217,62191.0
2026-03-23 13:20:00,120.3416,120.3616,120.1919,120.3117,88722.0
2026-03-23 13:25:00,120.3017,120.4614,120.2917,120.3915,74266.0
2026-03-23 13:30:00,120.3816,120.6411,120.3516,120.6311,118255.0
2026-03-23 13:35:00,120.6211,120.7209,120.5213,120.6061,145160.0
2026-03-23 13:40:00,120.6012,120.6211,120.4315,120.4714,89117.0
2026-03-23 13:45:00,120.4514,120.4514,120.2418,120.2917,76259.0
2026-03-23 13:50:00,120.2818,120.4165,120.2618,120.3915,83744.0
2026-03-23 13:55:00,120.3965,120.5113,120.3915,120.4914,76087.0
2026-03-23 14:00:00,120.4915,120.6012,120.4115,120.5712,91015.0
2026-03-23 14:05:00,120.5512,120.5712,120.3017,120.3915,167710.0
2026-03-23 14:10:00,120.4015,120.5562,120.3716,120.4514,77133.0
2026-03-23 14:15:00,120.4365,120.5311,120.3716,120.4714,91553.0
2026-03-23 14:20:00,120.4864,120.5712,120.4814,120.5363,75789.0
2026-03-23 14:25:00,120.5213,120.6012,120.4914,120.5213,135879.0
2026-03-23 14:30:00,120.5313,120.7409,120.5313,120.7109,162408.0
2026-03-23 14:35:00,120.7409,120.8407,120.691,120.8008,151867.0
2026-03-23 14:40:00,120.7908,120.8108,120.671,120.7209,95124.0
2026-03-23 14:45:00,120.7159,120.7708,120.661,120.7409,90699.0
2026-03-23 14:50:00,120.7509,120.7578,120.5812,120.6311,83817.0
2026-03-23 14:55:00,120.6511,120.676,120.5413,120.6411,82661.0
2026-03-23 15:00:00,120.6311,120.6411,120.4564,120.5612,101400.0
2026-03-23 15:05:00,120.5562,120.5912,120.4415,120.5512,100318.0
2026-03-23 15:10:00,120.5399,120.6012,120.4664,120.4814,119695.0
2026-03-23 15:15:00,120.4814,120.5113,120.2917,120.3617,130125.0
2026-03-23 15:20:00,120.3915,120.3915,120.2568,120.2967,122278.0
2026-03-23 15:25:00,120.2967,120.3217,120.172,120.2418,151520.0
2026-03-23 15:30:00,120.2418,120.2917,120.1919,120.202,137799.0
2026-03-23 15:35:00,120.2019,120.2368,120.0921,120.2119,155070.0
2026-03-23 15:40:00,120.2119,120.3666,120.147,120.3666,206647.0
2026-03-23 15:45:00,120.3616,120.5113,120.3466,120.4514,199012.0
2026-03-23 15:50:00,120.4514,120.7209,120.2319,120.6211,528953.0
2026-03-23 15:55:00,120.6311,120.6311,120.3915,120.4415,1269362.0
2026-03-24 09:30:00,120.3965,120.9006,120.2618,120.4015,408541.0
2026-03-24 09:35:00,120.4015,120.7559,120.3117,120.6511,165065.0
2026-03-24 09:40:00,120.6348,121.2599,120.5512,121.1102,251207.0
2026-03-24 09:45:00,121.1102,121.5194,121.0004,121.19,251067.0
2026-03-24 09:50:00,121.2044,121.719,121.2044,121.5344,208569.0
2026-03-24 09:55:00,121.5194,121.8588,121.5194,121.8238,246597.0
2026-03-24 10:00:00,121.8488,122.1382,121.7989,121.9985,281699.0
2026-03-24 10:05:00,121.9985,122.3778,121.9735,122.0883,318040.0
2026-03-24 10:10:00,122.0983,122.3578,121.9885,122.3428,183169.0
2026-03-24 10:15:00,122.3428,122.4876,122.2181,122.4726,283517.0
2026-03-24 10:20:00,122.4676,122.6473,122.3678,122.5875,216408.0
2026-03-24 10:25:00,122.6024,122.8818,122.4976,122.6872,231196.0
2026-03-24 10:30:00,122.6772,122.8868,122.6273,122.7271,184566.0
2026-03-24 10:35:00,122.7371,122.8868,122.5974,122.8818,175744.0
2026-03-24 10:40:00,122.8669,123.1862,122.777,123.1862,240467.0
2026-03-24 10:45:00,123.1962,123.2261,123.0216,123.0964,226482.0
2026-03-24 10:50:00,123.0964,123.321,122.9467,123.0066,1231451.0
2026-03-24 10:55:00,123.0116,123.1862,122.7072,122.9567,264279.0
2026-03-24 11:00:00,122.9567,123.1962,122.9068,123.0016,126369.0
2026-03-24 11:05:00,123.0066,123.0964,122.9367,122.9966,69977.0
2026-03-24 11:10:00,122.9966,123.0565,122.8768,122.9267,93256.0
2026-03-24 11:15:00,122.9467,123.2362,122.8768,123.1763,221613.0
2026-03-24 11:20:00,123.1713,123.3767,123.1463,123.3559,142851.0
2026-03-24 11:25:00,123.3559,123.4957,123.326,123.4657,208351.0
2026-03-24 11:30:00,123.4557,123.5655,123.4158,123.5456,138646.0
2026-03-24 11:35:00,123.5456,123.825,123.5456,123.825,282110.0
2026-03-24 11:40:00,123.825,123.8749,123.7152,123.835,208125.0
2026-03-24 11:45:00,123.835,123.855,123.6853,123.7502,159040.0
2026-03-24 11:50:00,123.7452,123.7851,123.4158,123.4258,166855.0
2026-03-24 11:55:00,123.4158,123.4158,123.0665,123.1862,215922.0
2026-03-24 12:00:00,123.1763,123.2062,123.0066,123.1064,125429.0
2026-03-24 12:05:00,123.1064,123.316,123.0365,123.296,104309.0
2026-03-24 12:10:00,123.296,123.331,123.1962,123.2461,76548.0
2026-03-24 12:15:00,123.2511,123.4857,123.1912,123.4557,137745.0
2026-03-24 12:20:00,123.4458,123.4458,123.316,123.3509,76808.0
2026-03-24 12:25:00,123.3509,123.3509,123.1763,123.2062,114691.0
2026-03-24 12:30:00,123.2062,123.2476,123.1363,123.1763,100696.0
2026-03-24 12:35:00,123.1663,123.1862,122.8669,122.8968,101430.0
2026-03-24 12:40:00,122.8868,122.9467,122.8269,122.8768,71957.0
2026-03-24 12:45:00,122.8818,123.035,122.7171,122.782,145734.0
2026-03-24 12:50:00,122.782,122.8269,122.6672,122.6672,103081.0
2026-03-24 12:55:00,122.6772,122.8369,122.6772,122.787,103888.0
2026-03-24 13:00:00,122.777,122.807,122.6173,122.6241,89543.0
2026-03-24 13:05:00,122.6173,122.6972,122.5125,122.5475,94796.0
2026-03-24 13:10:00,122.5325,122.6273,122.4626,122.5574,77041.0
2026-03-24 13:15:00,122.5475,122.6273,122.4876,122.5475,88485.0
2026-03-24 13:20:00,122.5475,122.6173,122.5275,122.5674,59285.0
2026-03-24 13:25:00,122.5574,122.6822,122.5075,122.6772,81270.0
2026-03-24 13:30:00,122.6672,122.6872,122.288,122.3379,124981.0
2026-03-24 13:35:00,122.3279,122.3878,122.2131,122.258,115304.0
2026-03-24 13:40:00,122.253,122.2978,122.1682,122.1881,93862.0
2026-03-24 13:45:00,122.1981,122.3678,122.1632,122.3528,77271.0
2026-03-24 13:50:00,122.3478,122.4277,122.288,122.3029,79493.0
2026-03-24 13:55:00,122.3029,122.4676,122.2979,122.3878,140135.0
2026-03-24 14:00:00,122.3977,122.5475,122.288,122.3778,105729.0
2026-03-24 14:05:00,122.3778,122.4476,122.243,122.243,103956.0
2026-03-24 14:10:00,122.2281,122.238,122.1382,122.1432,71796.0
2026-03-24 14:15:00,122.1382,122.1482,122.0085,122.1283,136163.0
2026-03-24 14:20:00,122.1283,122.1782,122.0484,122.1382,106245.0
2026-03-24 14:25:00,122.1482,122.3379,122.1283,122.2081,117347.0
2026-03-24 14:30:00,122.2181,122.278,122.1792,122.1981,114931.0
2026-03-24 14:35:00,122.1981,122.2979,122.1482,122.268,113710.0
2026-03-24 14:40:00,122.258,122.3179,122.0983,122.2081,134131.0
2026-03-24 14:45:00,122.2131,122.278,122.1482,122.2281,98742.0
2026-03-24 14:50:00,122.2281,122.2979,122.1482,122.258,210235.0
2026-03-24 14:55:00,122.248,122.3279,122.1283,122.1881,103819.0
2026-03-24 15:00:00,122.1782,122.268,122.0684,122.0684,83398.0
2026-03-24 15:05:00,122.0684,122.1782,122.0185,122.1482,130765.0
2026-03-24 15:10:00,122.1582,122.2181,122.0584,122.0983,81252.0
2026-03-24 15:15:00,122.0783,122.1083,121.8089,121.9286,150650.0
2026-03-24 15:20:00,121.9286,121.9286,121.8388,121.8687,100737.0
2026-03-24 15:25:00,121.8588,121.8887,121.6791,121.729,111221.0
2026-03-24 15:30:00,121.729,121.8488,121.6591,121.8488,173690.0
2026-03-24 15:35:00,121.8588,121.9236,121.754,121.8787,156108.0
2026-03-24 15:40:00,121.8687,122.0334,121.7989,121.9037,168835.0
2026-03-24 15:45:00,121.8987,121.9885,121.7889,121.8987,123262.0
2026-03-24 15:50:00,121.9087,121.9286,121.5993,121.719,350567.0
2026-03-24 15:55:00,121.739,121.8687,121.6392,121.8588,980477.0
2026-03-25 09:30:00,122.5774,122.9068,122.3478,122.5574,374947.0
2026-03-25 09:35:00,122.5674,122.6872,122.2181,122.5774,211513.0
2026-03-25 09:40:00,122.5874,122.6373,122.238,122.3279,128529.0
2026-03-25 09:45:00,122.3179,122.5125,121.709,121.719,241644.0
2026-03-25 09:50:00,121.709,122.1632,121.6691,122.1482,174145.0
2026-03-25 09:55:00,122.1283,122.4277,121.8188,121.8987,169484.0
2026-03-25 10:00:00,121.8887,121.9523,121.6791,121.709,247557.0
2026-03-25 10:05:00,121.714,121.9087,121.5478,121.739,160337.0
2026-03-25 10:10:00,121.7291,121.9586,121.6791,121.9486,157360.0
2026-03-25 10:15:00,121.9386,121.9586,121.709,121.7689,104604.0
2026-03-25 10:20:00,121.749,121.9087,121.7091,121.7789,100083.0
2026-03-25 10:25:00,121.7889,122.0434,121.759,121.9586,115316.0
2026-03-25 10:30:00,121.9586,122.3179,121.8887,122.3179,149955.0
2026-03-25 10:35:00,122.3428,122.4476,122.1981,122.3678,154378.0
2026-03-25 10:40:00,122.3479,122.3678,122.1382,122.3379,128394.0
2026-03-25 10:45:00,122.3379,122.4834,122.3129,122.4676,110590.0
2026-03-25 10:50:00,122.4576,122.6073,122.4277,122.5275,168117.0
2026-03-25 10:55:00,122.5375,122.5674,122.3379,122.4077,101292.0
2026-03-25 11:00:00,122.4177,122.5774,122.4077,122.5275,90692.0
2026-03-25 11:05:00,122.5375,122.5674,122.4077,122.4676,99958.0
2026-03-25 11:10:00,122.4576,122.7271,122.4277,122.7271,187160.0
2026-03-25 11:15:00,122.7271,122.7571,122.2979,122.4626,208356.0
2026-03-25 11:20:00,122.4626,122.6373,122.3478,122.4876,144576.0
2026-03-25 11:25:00,122.4826,122.6123,122.4227,122.5774,97839.0
2026-03-25 11:30:00,122.5674,122.7022,122.4776,122.5176,72131.0
2026-03-25 11:35:00,122.5176,122.5572,122.3578,122.4476,97662.0
2026-03-25 11:40:00,122.4377,122.5974,122.4077,122.5774,126679.0
2026-03-25 11:45:00,122.5809,122.6473,122.5175,122.5674,60636.0
2026-03-25 11:50:00,122.5674,122.6373,122.3977,122.5075,90213.0
2026-03-25 11:55:00,122.4976,122.5774,122.4576,122.4626,70078.0
2026-03-25 12:00:00,122.4576,122.4676,122.3578,122.3678,103335.0
2026-03-25 12:05:00,122.3678,122.3678,122.2081,122.3079,94077.0
2026-03-25 12:10:00,122.3079,122.3528,122.2081,122.3385,88159.0
2026-03-25 12:15:00,122.3478,122.3878,122.288,122.3878,81065.0
2026-03-25 12:20:00,122.3878,122.5874,122.3079,122.5774,104339.0
2026-03-25 12:25:00,122.5974,122.6173,122.4776,122.4876,97377.0
2026-03-25 12:30:00,122.5275,122.6672,122.4776,122.6473,87254.0
2026-03-25 12:35:00,122.6572,122.7171,122.6273,122.7171,66539.0
2026-03-25 12:40:00,122.7072,122.772,122.6579,122.6579,111493.0
2026-03-25 12:45:00,122.6672,122.7171,122.5275,122.5275,61051.0
2026-03-25 12:50:00,122.5125,122.5175,122.4277,122.4776,86267.0
2026-03-25 12:55:00,122.4976,122.5275,122.4227,122.4676,59095.0
2026-03-25 13:00:00,122.4676,122.5075,122.3578,122.4776,110129.0
2026-03-25 13:05:00,122.4826,122.4876,122.3628,122.3778,52904.0
2026-03-25 13:10:00,122.3728,122.4626,122.3728,122.4377,57267.0
2026-03-25 13:15:00,122.4277,122.4277,122.278,122.3379,62860.0
2026-03-25 13:20:00,122.3379,122.3977,122.3129,122.3478,87033.0
2026-03-25 13:25:00,122.3478,122.4776,122.3478,122.4327,65795.0
2026-03-25 13:30:00,122.4377,122.4976,122.3478,122.4976,80761.0
2026-03-25 13:35:00,122.4976,122.6273,122.4976,122.6273,84812.0
2026-03-25 13:40:00,122.6173,122.8768,122.6173,122.767,172166.0
2026-03-25 13:45:00,122.7421,122.797,122.7171,122.7571,109204.0
2026-03-25 13:50:00,122.7571,122.8669,122.7371,122.797,124860.0
2026-03-25 13:55:00,122.787,122.8669,122.7171,122.8169,172643.0
2026-03-25 14:00:00,122.8269,122.8669,122.3372,122.787,91108.0
2026-03-25 14:05:00,122.802,123.0565,122.777,123.0265,127303.0
2026-03-25 14:10:00,123.0365,123.0864,122.9267,122.9766,78526.0
2026-03-25 14:15:00,122.9866,123.0066,122.9068,122.9697,100545.0
2026-03-25 14:20:00,122.9717,123.0365,122.9384,122.9916,80217.0
2026-03-25 14:25:00,122.9966,123.1114,122.9567,123.0565,90048.0
2026-03-25 14:30:00,123.0565,123.2362,122.9766,123.2162,92451.0
2026-03-25 14:35:00,123.2162,123.2362,123.1763,123.1962,131992.0
2026-03-25 14:40:00,123.1962,123.1962,123.0565,123.1663,94377.0
2026-03-25 14:45:00,123.1763,123.1813,123.0665,123.1363,94138.0
2026-03-25 14:50:00,123.1313,123.1563,123.0066,123.0814,95892.0
2026-03-25 14:55:00,123.0864,123.1164,122.8669,123.064,133087.0
2026-03-25 15:00:00,123.0615,123.0615,122.9217,123.0116,107234.0
2026-03-25 15:05:00,123.0265,123.1064,122.9866,122.9916,87051.0
2026-03-25 15:10:00,122.9916,123.0864,122.9866,123.0365,160676.0
2026-03-25 15:15:00,123.0365,123.1563,122.9966,123.1463,81329.0
2026-03-25 15:20:00,123.1563,123.2511,123.0465,123.0765,135891.0
2026-03-25 15:25:00,123.0765,123.1363,123.0406,123.0964,125540.0
2026-03-25 15:30:00,123.0864,123.0964,122.9068,122.9367,1113297.0
2026-03-25 15:35:00,122.9567,122.9966,122.797,122.797,119472.0
2026-03-25 15:40:00,122.797,122.9467,122.787,122.8818,201033.0
2026-03-25 15:45:00,122.8768,122.9667,122.6123,122.6373,341787.0
2026-03-25 15:50:00,122.6672,122.8718,122.6273,122.8419,567379.0
2026-03-25 15:55:00,122.8768,123.0465,122.7271,122.787,1829919.0
2026-03-26 09:30:00,123.3759,123.5655,122.0983,122.3828,325652.0
2026-03-26 09:35:00,122.3977,122.4776,121.6891,122.1183,209860.0
2026-03-26 09:40:00,122.1134,122.9467,122.0284,122.8369,156397.0
2026-03-26 09:45:00,122.807,123.0665,122.6922,123.0315,141372.0
2026-03-26 09:50:00,123.0565,123.2661,122.8569,123.2362,185810.0
2026-03-26 09:55:00,123.2162,123.316,123.0565,123.2662,119275.0
2026-03-26 10:00:00,123.2811,123.316,122.6273,122.6273,121131.0
2026-03-26 10:05:00,122.6273,122.8669,122.3279,122.8669,159547.0
2026-03-26 10:10:00,122.8768,122.9367,122.6772,122.9367,124205.0
2026-03-26 10:15:00,122.9267,122.9317,122.7571,122.767,109796.0
2026-03-26 10:20:00,122.777,122.9766,122.7271,122.7321,82418.0
2026-03-26 10:25:00,122.7221,122.7866,122.5974,122.6572,83048.0
2026-03-26 10:30:00,122.6572,122.797,122.6024,122.6024,66481.0
2026-03-26 10:35:00,122.6024,122.7521,122.4926,122.6772,112951.0
2026-03-26 10:40:00,122.6672,122.9068,122.6373,122.9068,161978.0
2026-03-26 10:45:00,122.9118,123.1164,122.797,122.9567,171895.0
2026-03-26 10:50:00,122.9617,123.0615,122.8868,122.8968,79677.0
2026-03-26 10:55:00,122.8868,122.9467,122.6473,122.7471,182634.0
2026-03-26 11:00:00,122.7471,122.8169,122.6573,122.7321,108252.0
2026-03-26 11:05:00,122.7271,122.807,122.6273,122.6672,120892.0
2026-03-26 11:10:00,122.6672,122.8269,122.6073,122.7072,105638.0
2026-03-26 11:15:00,122.6972,122.797,122.6473,122.7072,79129.0
2026-03-26 11:20:00,122.6972,122.7471,122.6323,122.6972,105898.0
2026-03-26 11:25:00,122.7171,122.7171,122.5275,122.5375,92598.0
2026-03-26 11:30:00,122.5275,122.5375,122.4077,122.4876,60579.0
2026-03-26 11:35:00,122.4948,122.5175,122.4177,122.4676,59147.0
2026-03-26 11:40:00,122.4776,122.5275,122.1782,122.268,104393.0
2026-03-26 11:45:00,122.278,122.3977,122.1732,122.1981,108310.0
2026-03-26 11:50:00,122.2181,122.3878,122.2181,122.3878,89538.0
2026-03-26 11:55:00,122.3878,122.7072,122.3329,122.6772,138500.0
2026-03-26 12:00:00,122.6822,122.8269,122.6373,122.7571,340803.0
2026-03-26 12:05:00,122.7571,122.8569,122.6972,122.7371,85402.0
2026-03-26 12:10:00,122.7371,122.8768,122.6672,122.8569,89303.0
2026-03-26 12:15:00,122.8569,122.8569,122.5075,122.7072,107852.0
2026-03-26 12:20:00,122.7072,122.7072,122.4377,122.5874,71569.0
2026-03-26 12:25:00,122.5974,122.6972,122.5075,122.6373,73518.0
2026-03-26 12:30:00,122.6273,122.7022,122.5694,122.6383,96757.0
2026-03-26 12:35:00,122.6572,122.6772,122.5574,122.5674,76081.0
2026-03-26 12:40:00,122.5774,122.782,122.5774,122.7421,136071.0
2026-03-26 12:45:00,122.7471,122.949,122.7471,122.8269,123711.0
2026-03-26 12:50:00,122.8172,122.9467,122.787,122.8768,140721.0
2026-03-26 12:55:00,122.8768,122.9455,122.827,122.9367,102382.0
2026-03-26 13:00:00,122.9467,123.0166,122.5874,122.6123,137658.0
2026-03-26 13:05:00,122.6265,122.7371,122.5969,122.6772,75989.0
2026-03-26 13:10:00,122.6722,122.7471,122.5774,122.7371,82726.0
2026-03-26 13:15:00,122.7471,122.8369,122.7073,122.7471,85251.0
2026-03-26 13:20:00,122.7371,122.7371,122.5075,122.5175,103264.0
2026-03-26 13:25:00,122.5175,122.5974,122.4177,122.5974,104268.0
2026-03-26 13:30:00,122.5874,122.5974,122.4626,122.5175,93357.0
2026-03-26 13:35:00,122.5176,122.5275,122.3379,122.3478,79660.0
2026-03-26 13:40:00,122.3478,122.4277,122.3029,122.4277,107898.0
2026-03-26 13:45:00,122.4177,122.5025,122.4077,122.4726,88686.0
2026-03-26 13:50:00,122.4726,122.5574,122.4177,122.4676,87605.0
2026-03-26 13:55:00,122.4626,122.5774,122.3977,122.4377,124509.0
2026-03-26 14:00:00,122.4476,122.4676,122.3379,122.4177,102660.0
2026-03-26 14:05:00,122.4227,122.4676,122.2081,122.2231,145917.0
2026-03-26 14:10:00,122.2181,122.3878,122.0484,122.3778,199056.0
2026-03-26 14:15:00,122.3678,122.4776,122.283,122.3079,97875.0
2026-03-26 14:20:00,122.3179,122.3179,122.1382,122.1682,92919.0
2026-03-26 14:25:00,122.1682,122.3478,122.1682,122.3329,133359.0
2026-03-26 14:30:00,122.3329,122.3977,122.288,122.3179,102745.0
2026-03-26 14:35:00,122.3379,122.3728,122.2131,122.2331,100773.0
2026-03-26 14:40:00,122.248,122.2979,122.1382,122.283,70767.0
2026-03-26 14:45:00,122.278,122.3279,122.258,122.283,63399.0
2026-03-26 14:50:00,122.278,122.3279,122.0833,122.1382,130713.0
2026-03-26 14:55:00,122.1283,122.1283,121.9985,122.0284,69428.0
2026-03-26 15:00:00,122.0284,122.0584,121.9286,121.9586,91739.0
2026-03-26 15:05:00,121.9686,122.0035,121.8388,121.8787,118205.0
2026-03-26 15:10:00,121.8737,122.0085,121.8687,121.9985,102027.0
2026-03-26 15:15:00,122.0035,122.0883,121.9586,122.0684,71264.0
2026-03-26 15:20:00,122.0387,122.1133,122.0284,122.0584,578906.0
2026-03-26 15:25:00,122.0584,122.1283,122.0484,122.1083,83219.0
2026-03-26 15:30:00,122.1183,122.1632,122.0085,122.0783,98913.0
2026-03-26 15:35:00,122.0833,122.1183,122.0085,122.0484,94549.0
2026-03-26 15:40:00,122.0484,122.1183,121.8388,121.9187,178592.0
2026-03-26 15:45:00,121.9236,122.0584,121.8787,122.0085,152693.0
2026-03-26 15:50:00,122.0185,122.0384,121.719,121.7389,368086.0
2026-03-26 15:55:00,121.739,122.0085,121.5593,121.9586,1315281.0
2026-03-27 09:30:00,121.7989,122.3578,121.5893,122.3079,494839.0
2026-03-27 09:35:00,122.2979,122.9168,122.1981,122.7421,213143.0
2026-03-27 09:40:00,122.7421,122.9851,122.5375,122.7471,345366.0
2026-03-27 09:45:00,122.7471,123.0964,122.5376,123.0765,164680.0
2026-03-27 09:50:00,123.1064,123.5156,123.0914,123.4557,199342.0
2026-03-27 09:55:00,123.4458,123.5655,123.1962,123.2411,229998.0
2026-03-27 10:00:00,123.2362,123.4657,123.0864,123.4058,282767.0
2026-03-27 10:05:00,123.4258,123.8051,123.296,123.7552,320611.0
2026-03-27 10:10:00,123.7851,123.835,123.5755,123.7053,250810.0
2026-03-27 10:15:00,123.6853,123.7751,123.5756,123.7053,287153.0
2026-03-27 10:20:00,123.7053,123.7552,123.5456,123.7053,158638.0
2026-03-27 10:25:00,123.7252,124.0346,123.4008,123.4008,339226.0
2026-03-27 10:30:00,123.3659,123.7552,123.3659,123.4408,191024.0
2026-03-27 10:35:00,123.4557,123.5156,123.316,123.326,131336.0
2026-03-27 10:40:00,123.326,123.3659,123.1313,123.2561,223522.0
2026-03-27 10:45:00,123.2561,123.5056,123.2461,123.4857,88613.0
2026-03-27 10:50:00,123.4957,123.5755,123.1962,123.2062,126158.0
2026-03-27 10:55:00,123.2162,123.4557,123.2162,123.306,95805.0
2026-03-27 11:00:00,123.306,123.3559,122.8269,122.9118,195217.0
2026-03-27 11:05:00,122.9168,123.1264,122.7072,122.7621,163098.0
2026-03-27 11:10:00,122.787,122.9966,122.777,122.792,80117.0
2026-03-27 11:15:00,122.787,122.9567,122.6772,122.8718,86011.0
2026-03-27 11:20:00,122.8918,123.1862,122.8669,123.1014,111777.0
2026-03-27 11:25:00,123.0765,123.2861,123.0515,123.2761,81841.0
2026-03-27 11:30:00,123.2861,123.4957,123.2561,123.4604,121572.0
2026-03-27 11:35:00,123.456,123.6454,123.4008,123.5356,173102.0
2026-03-27 11:40:00,123.5256,123.5855,123.3559,123.5156,121151.0
2026-03-27 11:45:00,123.5056,123.5555,123.296,123.326,84128.0
2026-03-27 11:50:00,123.326,123.5456,123.2461,123.5056,88274.0
2026-03-27 11:55:00,123.5256,123.5256,123.3435,123.4707,111622.0
2026-03-27 12:00:00,123.4458,123.5056,123.2611,123.291,98045.0
2026-03-27 12:05:00,123.2761,123.4857,123.2461,123.3061,77330.0
2026-03-27 12:10:00,123.336,123.3459,123.2062,123.2934,67877.0
2026-03-27 12:15:00,123.306,123.306,123.0964,123.1563,63267.0
2026-03-27 12:20:00,123.1463,123.2761,123.1363,123.1813,85986.0
2026-03-27 12:25:00,123.1763,123.1862,123.0365,123.1463,81124.0
2026-03-27 12:30:00,123.1363,123.1463,123.0465,123.0964,75197.0
2026-03-27 12:35:00,123.0864,123.2861,123.0765,123.2162,97014.0
2026-03-27 12:40:00,123.2162,123.306,123.0964,123.1164,115610.0
2026-03-27 12:45:00,123.1114,123.2362,123.0365,123.1713,89045.0
2026-03-27 12:50:00,123.1763,123.2362,123.0465,123.0864,68867.0
2026-03-27 12:55:00,123.0864,123.1264,122.9467,122.9966,86387.0
2026-03-27 13:00:00,122.9866,123.0365,122.8619,122.8868,106649.0
2026-03-27 13:05:00,122.8968,123.1264,122.8619,122.9517,134012.0
2026-03-27 13:10:00,122.9667,123.0365,122.9168,123.0066,50371.0
2026-03-27 13:15:00,122.9966,123.0265,122.9267,122.9267,43912.0
2026-03-27 13:20:00,122.9168,123.0465,122.8768,123.0365,59605.0
2026-03-27 13:25:00,123.0415,123.0665,122.9567,122.9766,60528.0
2026-03-27 13:30:00,122.9816,123.1663,122.9667,123.1064,91722.0
2026-03-27 13:35:00,123.1064,123.1663,123.0665,123.1513,65689.0
2026-03-27 13:40:00,123.1463,123.1663,123.0116,123.0914,77227.0
2026-03-27 13:45:00,123.0914,123.2262,123.0864,123.1064,107481.0
2026-03-27 13:50:00,123.1064,123.1763,123.0666,123.1663,69796.0
2026-03-27 13:55:00,123.1713,123.2861,123.1363,123.2312,112617.0
2026-03-27 14:00:00,123.2461,123.3459,123.1763,123.326,92057.0
2026-03-27 14:05:00,123.3459,123.3659,123.1663,123.2262,121639.0
2026-03-27 14:10:00,123.2212,123.2461,122.7271,122.8269,289725.0
2026-03-27 14:15:00,122.8169,122.8768,122.6073,122.777,121516.0
2026-03-27 14:20:00,122.782,122.797,122.6772,122.6972,140105.0
2026-03-27 14:25:00,122.6772,122.7571,122.6298,122.7371,165404.0
2026-03-27 14:30:00,122.7371,123.0315,122.7171,123.0166,247793.0
2026-03-27 14:35:00,123.0216,123.1813,122.9267,122.9367,111918.0
2026-03-27 14:40:00,122.9567,123.0166,122.817,122.9966,150199.0
2026-03-27 14:45:00,122.9766,123.0265,122.8669,122.9467,93390.0
2026-03-27 14:50:00,122.9467,122.9965,122.767,122.767,61125.0
2026-03-27 14:55:00,122.777,122.8968,122.767,122.8918,67450.0
2026-03-27 15:00:00,122.8918,122.9168,122.7321,122.772,86607.0
2026-03-27 15:05:00,122.782,122.9667,122.7621,122.8968,117434.0
2026-03-27 15:10:00,122.8868,122.9667,122.8469,122.9667,110341.0
2026-03-27 15:15:00,122.9766,122.9766,122.787,122.8469,105596.0
2026-03-27 15:20:00,122.837,122.8968,122.6073,122.6473,121684.0
2026-03-27 15:25:00,122.6473,122.797,122.5974,122.787,116171.0
2026-03-27 15:30:00,122.767,122.792,122.6374,122.7171,140621.0
2026-03-27 15:35:00,122.7271,122.7371,122.5774,122.6572,104685.0
2026-03-27 15:40:00,122.6473,122.6473,122.4776,122.5275,134530.0
2026-03-27 15:45:00,122.5275,122.5375,122.3029,122.4177,213578.0
2026-03-27 15:50:00,122.4277,122.797,122.3179,122.6173,327430.0
2026-03-27 15:55:00,122.6273,122.8868,122.6173,122.6672,1108391.0
2026-03-30 09:30:00,123.4757,125.0228,123.1763,123.296,870986.0
2026-03-30 09:35:00,123.2761,123.7651,123.1164,123.6803,295619.0
2026-03-30 09:40:00,123.6744,123.855,123.316,123.4158,259907.0
2026-03-30 09:45:00,123.3859,123.9149,123.336,123.775,326644.0
2026-03-30 09:50:00,123.7352,124.0147,123.2861,123.4408,254117.0
2026-03-30 09:55:00,123.4408,123.855,123.4259,123.5456,387668.0
2026-03-30 10:00:00,123.5506,123.6716,123.1763,123.3559,343523.0
2026-03-30 10:05:00,123.3609,123.8749,123.3609,123.4707,189309.0
2026-03-30 10:10:00,123.4857,123.7651,123.1363,123.1962,206129.0
2026-03-30 10:15:00,123.1763,123.3659,123.0265,123.3459,119428.0
2026-03-30 10:20:00,123.326,123.3451,122.9068,123.0765,182230.0
2026-03-30 10:25:00,123.0765,123.4641,123.0765,123.4641,128397.0
2026-03-30 10:30:00,123.4657,123.6254,123.3161,123.5156,168349.0
2026-03-30 10:35:00,123.5156,123.7651,123.4807,123.6753,133490.0
2026-03-30 10:40:00,123.6753,123.855,123.5456,123.7701,162054.0
2026-03-30 10:45:00,123.7701,124.1744,123.7352,123.8051,201542.0
2026-03-30 10:50:00,123.825,124.0346,123.7951,123.9997,131843.0
2026-03-30 10:55:00,123.9847,123.9847,123.8051,123.8849,116072.0
2026-03-30 11:00:00,123.8749,123.9847,123.6753,123.8101,184640.0
2026-03-30 11:05:00,123.7951,124.0646,123.7152,123.9548,306748.0
2026-03-30 11:10:00,123.9747,124.1893,123.8749,124.1544,148352.0
2026-03-30 11:15:00,124.1544,124.2542,124.0248,124.2343,252033.0
2026-03-30 11:20:00,124.2343,124.364,124.1344,124.2343,165467.0
2026-03-30 11:25:00,124.2343,124.3141,124.0546,124.0696,105391.0
2026-03-30 11:30:00,124.0746,124.4189,123.9747,124.3341,105142.0
2026-03-30 11:35:00,124.344,124.379,124.0247,124.1644,208970.0
2026-03-30 11:40:00,124.1744,124.2043,123.855,123.855,98250.0
2026-03-30 11:45:00,123.865,123.9149,123.7452,123.845,96114.0
2026-03-30 11:50:00,123.845,123.9647,123.7651,123.8001,147197.0
2026-03-30 11:55:00,123.8001,123.825,123.6753,123.7252,99288.0
2026-03-30 12:00:00,123.7153,123.7651,123.4258,123.4657,146190.0
2026-03-30 12:05:00,123.4557,123.7851,123.4557,123.7651,106552.0
2026-03-30 12:10:00,123.7552,123.8749,123.7252,123.825,131337.0
2026-03-30 12:15:00,123.825,123.86,123.5256,123.6055,78364.0
2026-03-30 12:20:00,123.6055,123.8749,123.5955,123.7751,104276.0
2026-03-30 12:25:00,123.7851,123.825,123.7152,123.7951,69790.0
2026-03-30 12:30:00,123.7751,124.0247,123.7751,123.9049,90276.0
2026-03-30 12:35:00,123.9149,124.0047,123.835,123.9598,101462.0
2026-03-30 12:40:00,123.9548,124.0147,123.8949,123.9548,74993.0
2026-03-30 12:45:00,123.9248,123.9348,123.855,123.9049,163587.0
2026-03-30 12:50:00,123.9049,123.9049,123.6554,123.7003,86471.0
2026-03-30 12:55:00,123.7053,123.7352,123.6554,123.6953,97569.0
2026-03-30 13:00:00,123.7152,123.7851,123.5655,123.5655,85212.0
2026-03-30 13:05:00,123.5755,123.7152,123.5655,123.6753,98850.0
2026-03-30 13:10:00,123.6753,123.7387,123.4757,123.7202,100203.0
2026-03-30 13:15:00,123.7252,123.7252,123.5955,123.6853,128148.0
2026-03-30 13:20:00,123.6603,123.7352,123.5306,123.7152,137683.0
2026-03-30 13:25:00,123.7152,123.7411,123.5655,123.5855,128642.0
2026-03-30 13:30:00,123.6055,123.6055,123.4458,123.4757,137515.0
2026-03-30 13:35:00,123.4857,123.5955,123.4168,123.5855,103880.0
2026-03-30 13:40:00,123.5905,123.6554,123.5448,123.5655,99447.0
2026-03-30 13:45:00,123.5705,123.6903,123.4857,123.5456,145851.0
2026-03-30 13:50:00,123.5655,123.6254,123.5156,123.5555,100968.0
2026-03-30 13:55:00,123.5755,123.5855,123.4458,123.4957,112624.0
2026-03-30 14:00:00,123.4857,123.5356,123.2861,123.4757,194891.0
2026-03-30 14:05:00,123.4757,123.6953,123.4458,123.6554,173810.0
2026-03-30 14:10:00,123.6154,123.8051,123.4957,123.7851,146596.0
2026-03-30 14:15:00,123.8051,124.1223,123.8051,124.0446,124210.0
2026-03-30 14:20:00,124.0446,124.0945,123.9947,123.9947,85344.0
2026-03-30 14:25:00,124.0047,124.0147,123.8949,123.9248,84365.0
2026-03-30 14:30:00,123.9348,123.9997,123.7751,123.8001,105812.0
2026-03-30 14:35:00,123.8051,123.9248,123.7602,123.7651,86848.0
2026-03-30 14:40:00,123.7552,123.8151,123.6653,123.7901,104613.0
2026-03-30 14:45:00,123.7951,123.9548,123.7951,123.9149,112889.0
2026-03-30 14:50:00,123.9199,123.9348,123.7602,123.8101,101699.0
2026-03-30 14:55:00,123.8151,123.86,123.7152,123.7452,125318.0
2026-03-30 15:00:00,123.7502,123.7502,123.3659,123.3958,212014.0
2026-03-30 15:05:00,123.3958,123.4657,123.1763,123.2461,177698.0
2026-03-30 15:10:00,123.2362,123.4158,123.0765,123.326,232262.0
2026-03-30 15:15:00,123.321,123.3459,123.1713,123.1763,133222.0
2026-03-30 15:20:00,123.1862,123.1862,122.9999,123.1064,125973.0
2026-03-30 15:25:00,123.0964,123.1064,123.0166,123.0765,127630.0
2026-03-30 15:30:00,123.0964,123.1862,122.9916,123.0166,154992.0
2026-03-30 15:35:00,123.0116,123.1813,122.9766,123.1064,130114.0
2026-03-30 15:40:00,123.1164,123.4158,123.1014,123.3759,214668.0
2026-03-30 15:45:00,123.3759,123.4757,123.2861,123.326,165644.0
2026-03-30 15:50:00,123.3459,123.4557,123.2162,123.3659,416009.0
2026-03-30 15:55:00,123.3759,123.3958,123.1264,123.2661,992386.0
2026-03-31 09:30:00,123.1962,123.9847,123.1962,123.7751,622915.0
2026-03-31 09:35:00,123.7651,124.354,123.6853,124.354,276346.0
2026-03-31 09:40:00,124.3351,124.5537,124.1744,124.2343,231734.0
2026-03-31 09:45:00,124.2243,124.7633,124.2243,124.5287,237767.0
2026-03-31 09:50:00,124.5037,124.6634,124.2842,124.4239,198427.0
2026-03-31 09:55:00,124.4139,124.4638,123.8961,123.9448,193167.0
2026-03-31 10:00:00,123.9648,124.1506,123.7352,123.8051,228683.0
2026-03-31 10:05:00,123.7951,123.8949,123.5755,123.7252,187442.0
2026-03-31 10:10:00,123.7252,123.9947,123.336,123.3709,209632.0
2026-03-31 10:15:00,123.3859,123.4208,123.1962,123.361,181871.0
2026-03-31 10:20:00,123.3659,123.6953,123.2262,123.5955,173553.0
2026-03-31 10:25:00,123.5955,123.7651,123.5555,123.5655,133229.0
2026-03-31 10:30:00,123.5755,123.5855,123.3759,123.4807,123158.0
2026-03-31 10:35:00,123.4732,123.6153,123.2461,123.3609,132257.0
2026-03-31 10:40:00,123.3859,123.4058,123.1264,123.2062,154938.0
2026-03-31 10:45:00,123.1912,123.1962,122.6073,122.6572,257199.0
2026-03-31 10:50:00,122.6572,122.9467,122.6073,122.9267,152429.0
2026-03-31 10:55:00,122.9267,122.9567,122.6872,122.7371,193414.0
2026-03-31 11:00:00,122.7271,123.1152,122.6872,123.0964,131917.0
2026-03-31 11:05:00,123.1164,123.4144,123.0365,123.4058,123977.0
2026-03-31 11:10:00,123.4008,123.4108,123.1613,123.3559,91661.0
2026-03-31 11:15:00,123.3459,123.5955,123.306,123.4657,189287.0
2026-03-31 11:20:00,123.4458,123.4757,123.1962,123.2411,78666.0
2026-03-31 11:25:00,123.2411,123.2761,123.0415,123.0565,127570.0
2026-03-31 11:30:00,123.0365,123.1962,123.0365,123.1513,80636.0
2026-03-31 11:35:00,123.1763,123.3459,123.1663,123.326,134019.0
2026-03-31 11:40:00,123.316,123.4208,123.2386,123.4058,75975.0
2026-03-31 11:45:00,123.3958,123.5955,123.3659,123.5356,84860.0
2026-03-31 11:50:00,123.5555,123.6274,123.3759,123.3958,110757.0
2026-03-31 11:55:00,123.4008,123.4158,123.2511,123.331,91811.0
2026-03-31 12:00:00,123.331,123.5905,123.296,123.5456,128604.0
2026-03-31 12:05:00,123.5755,123.6753,123.5456,123.6055,119632.0
2026-03-31 12:10:00,123.6104,123.6104,123.4358,123.5955,89703.0
2026-03-31 12:15:00,123.5905,123.7053,123.5356,123.5755,65401.0
2026-03-31 12:20:00,123.5855,123.6204,123.4358,123.6204,82665.0
2026-03-31 12:25:00,123.6204,123.7202,123.5755,123.6055,79641.0
2026-03-31 12:30:00,123.6055,123.7202,123.5456,123.6404,54966.0
2026-03-31 12:35:00,123.6254,124.0546,123.5855,124.0346,159505.0
2026-03-31 12:40:00,124.0446,124.4139,124.0247,124.0646,297351.0
2026-03-31 12:45:00,124.0346,124.2143,123.845,124.1544,207651.0
2026-03-31 12:50:00,124.1494,124.2941,123.9747,124.1694,141151.0
2026-03-31 12:55:00,124.1344,124.2642,123.9648,124.1644,104857.0
2026-03-31 13:00:00,124.1644,124.2043,124.0147,124.0247,106981.0
2026-03-31 13:05:00,124.0346,124.1045,123.7552,123.8051,177036.0
2026-03-31 13:10:00,123.7751,123.9199,123.6554,123.7851,138823.0
2026-03-31 13:15:00,123.7851,123.9398,123.7552,123.865,133326.0
2026-03-31 13:20:00,123.855,123.855,123.6454,123.6852,158960.0
2026-03-31 13:25:00,123.6853,123.85,123.4857,123.8051,116622.0
2026-03-31 13:30:00,123.8001,124.0147,123.8001,123.9648,102565.0
2026-03-31 13:35:00,123.9448,124.0845,123.8749,123.9448,144565.0
2026-03-31 13:40:00,123.9648,124.1444,123.9448,124.0446,84954.0
2026-03-31 13:45:00,124.0446,124.1045,123.9847,124.0047,74351.0
2026-03-31 13:50:00,124.0346,124.1045,123.9547,124.0147,129641.0
2026-03-31 13:55:00,124.0047,124.0047,123.855,123.855,57395.0
2026-03-31 14:00:00,123.855,123.9747,123.7751,123.9448,77562.0
2026-03-31 14:05:00,123.9498,123.9947,123.865,123.9298,114881.0
2026-03-31 14:10:00,123.9398,123.9548,123.7003,123.7951,104171.0
2026-03-31 14:15:00,123.7951,123.825,123.5755,123.5855,89234.0
2026-03-31 14:20:00,123.5755,123.6154,123.4058,123.4358,118272.0
2026-03-31 14:25:00,123.4557,123.5156,123.3859,123.3909,92068.0
2026-03-31 14:30:00,123.3859,123.5156,123.336,123.4058,90525.0
2026-03-31 14:35:00,123.4058,123.5356,123.3859,123.4657,68326.0
2026-03-31 14:40:00,123.4657,123.4707,123.2112,123.3509,198686.0
2026-03-31 14:45:00,123.3709,123.4358,123.1962,123.2511,79204.0
2026-03-31 14:50:00,123.2661,123.3615,123.2661,123.341,94247.0
2026-03-31 14:55:00,123.336,123.4008,123.2662,123.306,113180.0
2026-03-31 15:00:00,123.306,123.4008,123.2861,123.4008,107416.0
2026-03-31 15:05:00,123.3859,123.4258,123.2985,123.3759,116456.0
2026-03-31 15:10:00,123.3759,123.4757,123.3361,123.4058,144488.0
2026-03-31 15:15:00,123.4258,123.5555,123.3909,123.5206,155757.0
2026-03-31 15:20:00,123.5156,123.5456,123.3459,123.4757,168591.0
2026-03-31 15:25:00,123.4707,123.4907,123.326,123.4258,203992.0
2026-03-31 15:30:00,123.4258,123.7452,123.4258,123.7252,186023.0
2026-03-31 15:35:00,123.7252,123.8799,123.7103,123.855,276541.0
2026-03-31 15:40:00,123.855,123.9847,123.7552,123.9498,225340.0
2026-03-31 15:45:00,123.9448,124.0496,123.845,124.0247,226130.0
2026-03-31 15:50:00,124.0147,124.364,123.7452,123.9997,733353.0
2026-03-31 15:55:00,123.9847,124.1145,123.8151,124.0346,1464206.0
