datetime,open,high,low,close,volume
2026-04-01 09:30:00,164.6958,166.9114,163.8811,165.5006,1418458.0
2026-04-01 09:35:00,165.5006,165.7191,163.9705,164.1792,740661.0
2026-04-01 09:40:00,164.1792,164.8149,163.0267,164.666,1038926.0
2026-04-01 09:45:00,164.7355,165.0336,163.6973,163.7669,573656.0
2026-04-01 09:50:00,163.6824,164.0401,162.3213,162.4554,591894.0
2026-04-01 09:55:00,162.4206,162.8876,162.2517,162.7783,576957.0
2026-04-01 10:00:00,162.7882,162.8479,161.596,161.6705,671093.0
2026-04-01 10:05:00,161.7152,162.0034,161.1987,161.4768,634987.0
2026-04-01 10:10:00,161.4967,161.5861,160.4187,160.4237,577201.0
2026-04-01 10:15:00,160.3541,160.7515,159.907,160.4435,765433.0
2026-04-01 10:20:00,160.4435,161.1291,159.9368,160.2349,497564.0
2026-04-01 10:25:00,160.2697,160.8211,160.1563,160.6921,473067.0
2026-04-01 10:30:00,160.6919,161.2284,160.369,161.0993,388748.0
2026-04-01 10:35:00,161.0893,161.7947,161.0695,161.3178,551977.0
2026-04-01 10:40:00,161.298,161.4967,160.9999,161.3924,303050.0
2026-04-01 10:45:00,161.3774,161.4768,161.0496,161.447,246509.0
2026-04-01 10:50:00,161.447,161.452,160.4733,160.6035,331784.0
2026-04-01 10:55:00,160.6025,160.9105,160.1256,160.4237,294313.0
2026-04-01 11:00:00,160.4435,161.0595,160.3492,160.8906,282000.0
2026-04-01 11:05:00,160.8721,160.98,160.3939,160.7615,327287.0
2026-04-01 11:10:00,160.7615,160.826,160.0809,160.2746,246042.0
2026-04-01 11:15:00,160.2945,160.7764,160.2945,160.4833,278715.0
2026-04-01 11:20:00,160.4833,161.0794,160.1852,160.9602,352416.0
2026-04-01 11:25:00,160.99,161.3576,160.6422,160.7913,1216649.0
2026-04-01 11:30:00,160.7416,160.826,160.5032,160.6075,508870.0
2026-04-01 11:35:00,160.6224,160.9502,160.2697,160.4684,233061.0
2026-04-01 11:40:00,160.4634,161.0993,160.3939,160.985,227432.0
2026-04-01 11:45:00,160.98,160.9999,160.3244,160.4038,270006.0
2026-04-01 11:50:00,160.4137,160.4187,159.9965,160.0866,278369.0
2026-04-01 11:55:00,160.0958,160.225,159.5792,159.8673,352205.0
2026-04-01 12:00:00,159.8474,160.5032,159.8176,160.0461,500190.0
2026-04-01 12:05:00,160.0461,160.0958,159.7083,159.7978,205323.0
2026-04-01 12:10:00,159.8027,160.2846,159.753,160.0114,337042.0
2026-04-01 12:15:00,160.0114,160.4783,159.9468,160.3094,494112.0
2026-04-01 12:20:00,160.3044,160.5429,160.0064,160.1256,300937.0
2026-04-01 12:25:00,160.1158,160.1852,159.8872,159.9667,171678.0
2026-04-01 12:30:00,159.9667,160.3839,159.917,159.9915,214942.0
2026-04-01 12:35:00,159.9865,160.4733,159.9567,160.3641,220281.0
2026-04-01 12:40:00,160.3455,160.4136,159.9567,160.1256,183790.0
2026-04-01 12:45:00,160.1256,160.2746,159.7183,159.9716,229488.0
2026-04-01 12:50:00,159.9865,160.066,159.7481,159.8971,137189.0
2026-04-01 12:55:00,159.8872,160.1455,159.6686,159.6686,238684.0
2026-04-01 13:00:00,159.6785,159.6885,159.2513,159.5394,324038.0
2026-04-01 13:05:00,159.5593,159.6587,159.3904,159.4998,215029.0
2026-04-01 13:10:00,159.4798,159.4898,158.834,158.9632,443401.0
2026-04-01 13:15:00,158.9533,159.1222,158.8638,158.8837,204420.0
2026-04-01 13:20:00,158.8838,159.2613,158.4962,159.2613,305444.0
2026-04-01 13:25:00,159.2513,159.3606,158.9433,159.1818,221971.0
2026-04-01 13:30:00,159.2016,159.46,159.0824,159.3904,203819.0
2026-04-01 13:35:00,159.3904,159.45,159.0228,159.1222,215781.0
2026-04-01 13:40:00,159.1271,159.301,158.8837,159.0824,209535.0
2026-04-01 13:45:00,159.1023,159.1718,158.9533,159.142,156722.0
2026-04-01 13:50:00,159.1619,159.3507,158.834,159.2016,246084.0
2026-04-01 13:55:00,159.2116,159.722,159.1321,159.6686,210691.0
2026-04-01 14:00:00,159.6984,160.0064,159.5394,159.917,344383.0
2026-04-01 14:05:00,159.907,160.1554,159.7282,159.9766,229185.0
2026-04-01 14:10:00,159.9567,160.2448,159.8971,160.1455,245423.0
2026-04-01 14:15:00,160.1505,160.3457,160.0064,160.3094,220328.0
2026-04-01 14:20:00,160.2846,160.7019,160.225,160.5529,267002.0
2026-04-01 14:25:00,160.5578,160.831,160.4634,160.831,319398.0
2026-04-01 14:30:00,160.8012,161.0198,160.7217,160.8608,258428.0
2026-04-01 14:35:00,160.8559,163.9308,160.8559,161.2483,332845.0
2026-04-01 14:40:00,161.2582,161.3774,160.9403,161.0199,263293.0
2026-04-01 14:45:00,161.0049,161.0397,160.702,160.8559,254856.0
2026-04-01 14:50:00,160.8559,161.1291,160.7565,160.8212,151960.0
2026-04-01 14:55:00,160.831,160.8708,160.2945,160.4137,290282.0
2026-04-01 15:00:00,160.4187,160.4535,160.0312,160.3293,359636.0
2026-04-01 15:05:00,160.3293,160.3293,160.1057,160.1852,212249.0
2026-04-01 15:10:00,160.1902,160.4833,160.1057,160.4336,337301.0
2026-04-01 15:15:00,160.4237,160.5925,160.2565,160.528,321506.0
2026-04-01 15:20:00,160.528,161.0993,160.2746,160.9502,383355.0
2026-04-01 15:25:00,160.98,160.98,160.4733,160.7317,305169.0
2026-04-01 15:30:00,160.7416,160.8262,160.3641,160.7019,351969.0
2026-04-01 15:35:00,160.7068,160.7515,160.3044,160.6621,285673.0
2026-04-01 15:40:00,160.6522,160.7019,160.3144,160.3144,323987.0
2026-04-01 15:45:00,160.3243,160.3243,159.7431,159.8176,599478.0
2026-04-01 15:50:00,159.8077,160.5826,159.7779,160.2349,1105503.0
2026-04-01 15:55:00,160.2647,160.3541,159.4202,159.7481,2082520.0
2026-04-02 09:30:00,163.4241,164.1295,162.3908,163.9109,1261900.0
2026-04-02 09:35:00,164.0003,165.0833,163.9705,165.0575,854230.0
2026-04-02 09:40:00,165.0634,165.8185,164.6264,164.7057,774661.0
2026-04-02 09:45:00,164.7455,164.8746,162.7286,163.2204,722978.0
2026-04-02 09:50:00,163.2542,163.8016,162.7088,162.7088,537401.0
2026-04-02 09:55:00,162.7088,162.9571,161.6457,161.8394,570012.0
2026-04-02 10:00:00,161.8941,162.4902,161.6457,161.6904,352712.0
2026-04-02 10:05:00,161.7251,161.8213,160.8807,161.0198,495269.0
2026-04-02 10:10:00,160.9487,161.4867,160.682,161.0744,471533.0
2026-04-02 10:15:00,161.0595,161.2483,160.6124,161.1092,252448.0
2026-04-02 10:20:00,161.1589,161.3973,160.8609,161.2483,230902.0
2026-04-02 10:25:00,161.288,161.5762,160.5926,160.7913,306159.0
2026-04-02 10:30:00,160.831,160.9502,160.225,160.3243,235792.0
2026-04-02 10:35:00,160.3243,160.3939,158.6453,159.8872,659374.0
2026-04-02 10:40:00,159.8474,160.1157,159.5593,159.6189,378295.0
2026-04-02 10:45:00,159.5901,159.7679,159.0129,159.0327,260334.0
2026-04-02 10:50:00,159.0779,160.0064,158.9036,159.5692,383418.0
2026-04-02 10:55:00,159.599,159.8971,159.3109,159.6487,341528.0
2026-04-02 11:00:00,159.6686,160.0829,159.5692,159.7481,312435.0
2026-04-02 11:05:00,159.7431,159.9269,158.6453,158.7198,292940.0
2026-04-02 11:10:00,158.7397,159.291,158.5559,159.1222,230468.0
2026-04-02 11:15:00,159.142,159.6984,159.0924,159.5841,167437.0
2026-04-02 11:20:00,159.5792,159.7679,159.3705,159.7282,162936.0
2026-04-02 11:25:00,159.7183,159.7183,159.1619,159.6388,167952.0
2026-04-02 11:30:00,159.6189,159.6785,159.142,159.3407,255733.0
2026-04-02 11:35:00,159.3258,159.5096,158.7943,159.2811,264120.0
2026-04-02 11:40:00,159.2712,159.3904,159.1023,159.3507,171109.0
2026-04-02 11:45:00,159.3407,159.8077,159.1867,159.6984,180952.0
2026-04-02 11:50:00,159.6934,159.7679,159.1718,159.306,233014.0
2026-04-02 11:55:00,159.3109,159.3109,158.8589,158.8638,144442.0
2026-04-02 12:00:00,158.8638,158.9831,158.7546,158.7744,135641.0
2026-04-02 12:05:00,158.7645,159.1222,158.7446,159.1222,134122.0
2026-04-02 12:10:00,159.1023,159.4401,159.0526,159.2066,162569.0
2026-04-02 12:15:00,159.2116,159.5195,159.1917,159.5096,105160.0
2026-04-02 12:20:00,159.5295,159.7381,159.2016,159.3704,170957.0
2026-04-02 12:25:00,159.3258,159.5593,159.2811,159.4401,127202.0
2026-04-02 12:30:00,159.4103,159.6388,159.3606,159.455,97850.0
2026-04-02 12:35:00,159.4302,159.7183,159.4003,159.5789,103530.0
2026-04-02 12:40:00,159.5593,159.7183,159.4202,159.4545,106391.0
2026-04-02 12:45:00,159.4898,159.6487,159.3606,159.5593,99240.0
2026-04-02 12:50:00,159.5295,159.7381,159.3805,159.45,114536.0
2026-04-02 12:55:00,159.4351,159.6686,159.3904,159.5196,107609.0
2026-04-02 13:00:00,159.5196,159.7828,159.3457,159.7282,116128.0
2026-04-02 13:05:00,159.7282,160.071,159.6487,160.0064,156924.0
2026-04-02 13:10:00,160.0362,160.0362,159.4997,159.5692,166433.0
2026-04-02 13:15:00,159.5692,159.6289,159.3904,159.5593,218653.0
2026-04-02 13:20:00,159.5891,159.7282,159.4699,159.5146,85891.0
2026-04-02 13:25:00,159.4898,159.4898,159.2414,159.3507,156687.0
2026-04-02 13:30:00,159.3209,159.5047,159.1917,159.2116,103157.0
2026-04-02 13:35:00,159.2016,159.3407,159.0228,159.0625,122697.0
2026-04-02 13:40:00,159.0924,159.2513,158.9831,159.1023,112722.0
2026-04-02 13:45:00,159.1122,159.301,159.0526,159.1917,114250.0
2026-04-02 13:50:00,159.1867,159.5295,159.0526,159.2265,203932.0
2026-04-02 13:55:00,159.2414,159.3705,159.1818,159.301,59931.0
2026-04-02 14:00:00,159.301,159.46,159.2414,159.4302,95625.0
2026-04-02 14:05:00,159.46,159.6984,159.3954,159.6487,101976.0
2026-04-02 14:10:00,159.6685,159.7779,159.5792,159.599,90563.0
2026-04-02 14:15:00,159.599,159.7083,159.5096,159.6289,71172.0
2026-04-02 14:20:00,159.6189,159.6785,159.4798,159.5593,87088.0
2026-04-02 14:25:00,159.5494,159.7332,159.5295,159.599,72095.0
2026-04-02 14:30:00,159.6065,159.6984,159.4703,159.5196,89933.0
2026-04-02 14:35:00,159.5295,159.6686,159.4143,159.6189,134451.0
2026-04-02 14:40:00,159.6438,159.6438,159.4202,159.4368,100380.0
2026-04-02 14:45:00,159.4304,159.5593,159.4103,159.5593,137187.0
2026-04-02 14:50:00,159.5643,160.066,159.5593,159.9418,398933.0
2026-04-02 14:55:00,159.9418,160.0759,159.6785,160.066,161876.0
2026-04-02 15:00:00,160.0561,160.4137,160.0362,160.3144,185625.0
2026-04-02 15:05:00,160.3044,160.5131,159.9567,160.0263,229962.0
2026-04-02 15:10:00,160.0263,160.2051,159.9667,160.066,209894.0
2026-04-02 15:15:00,160.066,160.1256,159.8723,160.0958,133731.0
2026-04-02 15:20:00,160.0859,160.2444,159.7381,159.7481,454201.0
2026-04-02 15:25:00,159.758,159.9667,159.6588,159.8127,255157.0
2026-04-02 15:30:00,159.7978,160.0362,159.5792,159.7282,202619.0
2026-04-02 15:35:00,159.7083,159.8077,159.2265,159.4699,384042.0
2026-04-02 15:40:00,159.4699,159.7282,159.45,159.6189,254174.0
2026-04-02 15:45:00,159.609,159.609,159.0625,159.3308,427353.0
2026-04-02 15:50:00,159.3407,159.6984,159.2215,159.6636,983668.0
2026-04-02 15:55:00,159.6636,159.8077,159.45,159.6289,1071790.0
2026-04-06 09:30:00,159.5295,160.3641,158.4962,160.1952,501820.0
2026-04-06 09:35:00,160.1902,160.417,159.7481,160.3044,271247.0
2026-04-06 09:40:00,160.2846,160.8906,159.8971,160.1057,198148.0
2026-04-06 09:45:00,160.1355,160.3044,159.8574,160.1256,222280.0
2026-04-06 09:50:00,160.066,160.1056,159.3109,159.46,238350.0
2026-04-06 09:55:00,159.4699,159.7282,159.2016,159.5841,168661.0
2026-04-06 10:00:00,159.5593,160.0263,159.4202,159.9965,198024.0
2026-04-06 10:05:00,159.9965,160.3541,159.7481,160.1355,159177.0
2026-04-06 10:10:00,160.1355,160.3144,159.8375,159.9766,156669.0
2026-04-06 10:15:00,159.9368,159.9567,159.4003,159.6289,362696.0
2026-04-06 10:20:00,159.6537,160.0759,159.5494,160.0561,216878.0
2026-04-06 10:25:00,160.0461,160.2349,159.2364,159.455,320431.0
2026-04-06 10:30:00,159.4649,159.758,159.1818,159.4699,205640.0
2026-04-06 10:35:00,159.4699,159.758,159.3209,159.758,126926.0
2026-04-06 10:40:00,159.7679,160.3144,159.7183,160.2597,216915.0
2026-04-06 10:45:00,160.2746,160.6025,160.2001,160.4038,158439.0
2026-04-06 10:50:00,160.4336,160.5117,160.2101,160.3988,153065.0
2026-04-06 10:55:00,160.3939,160.5131,160.0859,160.1852,123202.0
2026-04-06 11:00:00,160.1952,160.1952,159.9865,160.0064,100772.0
2026-04-06 11:05:00,160.0064,160.0958,159.8325,159.8325,92375.0
2026-04-06 11:10:00,159.8325,160.0064,159.7183,159.8623,106696.0
2026-04-06 11:15:00,159.8524,159.9567,159.753,159.897,112407.0
2026-04-06 11:20:00,159.8926,159.917,159.7232,159.7729,84093.0
2026-04-06 11:25:00,159.7729,160.0809,159.7729,160.0064,97572.0
2026-04-06 11:30:00,159.9965,160.1852,159.9965,160.1355,84566.0
2026-04-06 11:35:00,160.1107,160.215,160.0362,160.1256,102180.0
2026-04-06 11:40:00,160.1157,160.1753,159.9766,160.1157,134492.0
2026-04-06 11:45:00,160.0908,160.1427,159.8971,160.1157,73744.0
2026-04-06 11:50:00,160.1256,160.3297,160.0163,160.3044,163340.0
2026-04-06 11:55:00,160.2945,160.4038,160.2051,160.3741,106494.0
2026-04-06 12:00:00,160.3591,160.7217,160.2448,160.5184,159656.0
2026-04-06 12:05:00,160.5429,160.7565,160.5081,160.7068,169797.0
2026-04-06 12:10:00,160.7039,160.8011,160.6124,160.7118,87443.0
2026-04-06 12:15:00,160.7018,161.0049,160.6919,160.9502,118406.0
2026-04-06 12:20:00,160.9552,161.0347,160.9007,160.9353,84315.0
2026-04-06 12:25:00,160.9403,161.0595,160.8807,160.8906,94507.0
2026-04-06 12:30:00,160.9385,160.9385,160.7118,160.8206,75245.0
2026-04-06 12:35:00,160.8211,160.9602,160.7813,160.9105,69924.0
2026-04-06 12:40:00,160.9105,161.1787,160.9105,161.1787,134177.0
2026-04-06 12:45:00,161.1688,161.2284,161.0695,161.2235,140914.0
2026-04-06 12:50:00,161.2087,161.4172,161.2087,161.298,124511.0
2026-04-06 12:55:00,161.3178,161.6854,161.3079,161.6457,167427.0
2026-04-06 13:00:00,161.6556,161.8543,161.6556,161.6854,153883.0
2026-04-06 13:05:00,161.6657,161.8941,161.6656,161.8345,130595.0
2026-04-06 13:10:00,161.8543,162.0133,161.8047,161.8444,144949.0
2026-04-06 13:15:00,161.8543,161.8742,161.6258,161.6358,89973.0
2026-04-06 13:20:00,161.6457,161.7947,161.6262,161.6457,94725.0
2026-04-06 13:25:00,161.6358,161.6358,161.1887,161.2582,111351.0
2026-04-06 13:30:00,161.2781,161.3675,161.1191,161.3476,92253.0
2026-04-06 13:35:00,161.3476,161.447,161.2831,161.4321,80231.0
2026-04-06 13:40:00,161.4172,161.5165,161.2582,161.3576,62910.0
2026-04-06 13:45:00,161.3625,161.4967,161.288,161.4668,70244.0
2026-04-06 13:50:00,161.4669,161.4669,161.3278,161.4122,72032.0
2026-04-06 13:55:00,161.3973,161.4669,161.3675,161.4172,61330.0
2026-04-06 14:00:00,161.4322,161.5463,161.4073,161.5265,79033.0
2026-04-06 14:05:00,161.5414,161.6457,161.4073,161.5265,108453.0
2026-04-06 14:10:00,161.5265,161.6854,161.4172,161.5364,184111.0
2026-04-06 14:15:00,161.5265,161.5314,161.2185,161.2683,150914.0
2026-04-06 14:20:00,161.288,161.5066,161.288,161.4967,100073.0
2026-04-06 14:25:00,161.4867,161.5165,161.3576,161.4271,76802.0
2026-04-06 14:30:00,161.4222,161.4222,161.0695,161.2483,274100.0
2026-04-06 14:35:00,161.2433,161.2682,161.129,161.1688,79255.0
2026-04-06 14:40:00,161.1787,161.2483,161.0993,161.1688,72777.0
2026-04-06 14:45:00,161.1787,161.3078,161.0893,161.2582,76664.0
2026-04-06 14:50:00,161.2284,161.288,161.1887,161.2185,82617.0
2026-04-06 14:55:00,161.2086,161.3278,161.2064,161.288,62408.0
2026-04-06 15:00:00,161.2781,161.298,161.1887,161.2806,136759.0
2026-04-06 15:05:00,161.2731,161.3576,161.2086,161.2731,57537.0
2026-04-06 15:10:00,161.2731,161.3973,161.2483,161.3576,199156.0
2026-04-06 15:15:00,161.3576,161.5563,161.2582,161.5563,136543.0
2026-04-06 15:20:00,161.5463,161.5662,161.4073,161.4867,146878.0
2026-04-06 15:25:00,161.4967,161.5116,161.3774,161.452,175930.0
2026-04-06 15:30:00,161.452,161.6159,161.452,161.5762,171894.0
2026-04-06 15:35:00,161.5613,161.6556,161.5265,161.596,186854.0
2026-04-06 15:40:00,161.596,161.8345,161.5563,161.8345,145659.0
2026-04-06 15:45:00,161.8245,161.914,161.6407,161.904,203384.0
2026-04-06 15:50:00,161.914,162.063,161.7848,161.9239,789256.0
2026-04-06 15:55:00,161.914,162.6889,161.914,162.3014,1126268.0
2026-04-07 09:30:00,163.1559,164.2289,162.6432,164.1891,749293.0
2026-04-07 09:35:00,164.18,164.6056,162.9174,163.4539,337785.0
2026-04-07 09:40:00,163.4936,163.588,163.0962,163.4042,144795.0
2026-04-07 09:45:00,163.3943,163.8861,163.3744,163.5135,251547.0
2026-04-07 09:50:00,163.5433,163.9606,163.4837,163.7271,219159.0
2026-04-07 09:55:00,163.7222,164.3828,163.7023,164.2687,463155.0
2026-04-07 10:00:00,164.2934,164.6756,164.1593,164.6362,522269.0
2026-04-07 10:05:00,164.6412,165.1628,164.5965,164.819,445034.0
2026-04-07 10:10:00,164.825,164.825,164.1692,164.1841,167715.0
2026-04-07 10:15:00,164.1866,164.3282,164.0202,164.3282,151466.0
2026-04-07 10:20:00,164.3282,164.4176,163.5235,163.6129,210493.0
2026-04-07 10:25:00,163.6029,163.9805,163.5682,163.7669,126885.0
2026-04-07 10:30:00,163.7718,164.0798,163.7122,164.0451,211850.0
2026-04-07 10:35:00,164.0202,164.1792,163.9507,164.0302,103256.0
2026-04-07 10:40:00,164.0351,164.3083,164.0003,164.2388,135656.0
2026-04-07 10:45:00,164.2537,164.2587,164.0003,164.209,165343.0
2026-04-07 10:50:00,164.199,164.5269,164.1295,164.4673,128605.0
2026-04-07 10:55:00,164.4673,164.5468,164.3382,164.517,119811.0
2026-04-07 11:00:00,164.5269,164.6859,164.3878,164.3878,135129.0
2026-04-07 11:05:00,164.3978,164.5865,164.2537,164.3381,132051.0
2026-04-07 11:10:00,164.358,164.517,163.9546,163.9904,283188.0
2026-04-07 11:15:00,163.9805,164.0103,163.4837,163.6228,214875.0
2026-04-07 11:20:00,163.6079,163.7023,163.2949,163.4191,111393.0
2026-04-07 11:25:00,163.4142,163.4738,163.1857,163.2949,149454.0
2026-04-07 11:30:00,163.2949,163.4042,163.1857,163.3744,115623.0
2026-04-07 11:35:00,163.3546,163.4092,163.1757,163.1956,147885.0
2026-04-07 11:40:00,163.1757,163.285,162.9373,163.2254,153236.0
2026-04-07 11:45:00,163.2261,163.2261,162.6988,162.8181,139874.0
2026-04-07 11:50:00,162.7897,162.9571,162.7386,162.833,121552.0
2026-04-07 11:55:00,162.823,162.987,162.6193,162.8876,135083.0
2026-04-07 12:00:00,162.8727,162.9671,162.3114,162.7237,177782.0
2026-04-07 12:05:00,162.7584,162.8777,162.5697,162.8379,101110.0
2026-04-07 12:10:00,162.823,163.0664,162.8081,162.9174,104740.0
2026-04-07 12:15:00,162.9273,163.0168,162.7187,162.8081,115168.0
2026-04-07 12:20:00,162.7982,162.8181,162.4902,162.5448,115119.0
2026-04-07 12:25:00,162.515,162.52,162.1723,162.3014,174731.0
2026-04-07 12:30:00,162.2915,162.3213,162.063,162.3213,136428.0
2026-04-07 12:35:00,162.3246,162.3312,161.914,162.0232,147126.0
2026-04-07 12:40:00,162.0381,162.0431,161.7401,161.775,111410.0
2026-04-07 12:45:00,161.7749,162.0282,161.6755,161.9438,90699.0
2026-04-07 12:50:00,161.9537,162.2021,161.8047,161.914,89715.0
2026-04-07 12:55:00,161.899,162.0231,161.7947,161.9338,98150.0
2026-04-07 13:00:00,161.9338,162.5197,161.8742,162.2965,161057.0
2026-04-07 13:05:00,162.3114,162.4803,162.2418,162.4554,142557.0
2026-04-07 13:10:00,162.4604,162.5299,162.2816,162.3014,193638.0
2026-04-07 13:15:00,162.2915,162.3809,161.8941,162.0381,222303.0
2026-04-07 13:20:00,162.063,162.0928,161.914,162.0133,114784.0
2026-04-07 13:25:00,162.0133,162.0928,161.904,162.0282,109109.0
2026-04-07 13:30:00,162.0332,162.058,161.7053,161.7798,111309.0
2026-04-07 13:35:00,161.7649,161.7848,161.4023,161.452,197034.0
2026-04-07 13:40:00,161.4371,161.6507,160.9546,161.0198,197270.0
2026-04-07 13:45:00,161.0297,161.298,161.0198,161.1191,128528.0
2026-04-07 13:50:00,161.1092,161.3476,160.9701,161.293,118532.0
2026-04-07 13:55:00,161.2831,161.4172,161.2284,161.3576,94471.0
2026-04-07 14:00:00,161.3576,161.3924,161.1787,161.2433,124023.0
2026-04-07 14:05:00,161.2632,161.3178,160.99,160.99,116151.0
2026-04-07 14:10:00,160.99,161.0695,160.8131,160.9105,135100.0
2026-04-07 14:15:00,160.9055,161.2384,160.7217,161.2036,176681.0
2026-04-07 14:20:00,161.2086,161.3675,161.0297,161.2682,105069.0
2026-04-07 14:25:00,161.2781,161.3675,161.1986,161.2483,104004.0
2026-04-07 14:30:00,161.2632,161.298,161.0595,161.2831,271025.0
2026-04-07 14:35:00,161.2831,161.3476,161.1638,161.3029,93541.0
2026-04-07 14:40:00,161.3029,161.4073,161.1887,161.2582,147057.0
2026-04-07 14:45:00,161.2582,161.3476,161.1887,161.2981,111693.0
2026-04-07 14:50:00,161.288,161.5265,161.2582,161.5265,151950.0
2026-04-07 14:55:00,161.5463,161.6159,161.3228,161.3328,207911.0
2026-04-07 15:00:00,161.3278,161.3576,161.1887,161.3427,118595.0
2026-04-07 15:05:00,161.3476,161.8196,161.3476,161.6258,232782.0
2026-04-07 15:10:00,161.6258,161.9239,161.606,161.8792,202932.0
2026-04-07 15:15:00,161.8643,161.9934,161.4569,161.6159,283063.0
2026-04-07 15:20:00,161.6159,162.063,161.5364,162.053,252084.0
2026-04-07 15:25:00,162.0481,162.1276,161.8644,161.9736,334490.0
2026-04-07 15:30:00,161.9785,162.0728,161.6606,161.7301,270228.0
2026-04-07 15:35:00,161.7451,161.8692,161.6066,161.8692,1019473.0
2026-04-07 15:40:00,161.8643,162.2617,161.8494,162.1524,614754.0
2026-04-07 15:45:00,162.1325,162.1872,161.3774,161.8891,398404.0
2026-04-07 15:50:00,161.8841,162.1921,161.6854,162.1723,553798.0
2026-04-07 15:55:00,162.1723,162.9969,162.1027,162.7684,1954056.0
2026-04-08 09:30:00,152.5252,152.5252,150.0614,150.5183,2282978.0
2026-04-08 09:35:00,150.5433,151.6509,150.0016,151.4721,1113224.0
2026-04-08 09:40:00,151.5068,152.8133,151.4422,152.6643,722400.0
2026-04-08 09:45:00,152.6941,153.4392,152.3364,152.5153,831416.0
2026-04-08 09:50:00,152.5053,152.8431,152.1278,152.5898,478585.0
2026-04-08 09:55:00,152.5848,153.1809,152.2967,153.0518,467081.0
2026-04-08 10:00:00,153.0617,153.9459,152.9127,153.2306,569969.0
2026-04-08 10:05:00,153.2306,153.7769,152.714,152.9325,409521.0
2026-04-08 10:10:00,152.9425,153.0518,152.4755,152.8729,328551.0
2026-04-08 10:15:00,152.859,153.0518,152.3464,152.7537,357947.0
2026-04-08 10:20:00,152.7438,153.1312,152.704,152.7438,398614.0
2026-04-08 10:25:00,152.7338,153.012,152.5252,152.9623,198680.0
2026-04-08 10:30:00,152.9474,153.3298,152.7537,153.0816,393958.0
2026-04-08 10:35:00,153.1014,153.9458,152.9822,153.8466,471216.0
2026-04-08 10:40:00,153.8565,153.9837,153.4889,153.7572,341869.0
2026-04-08 10:45:00,153.7472,153.8019,153.2703,153.6479,333101.0
2026-04-08 10:50:00,153.6578,153.8267,153.3796,153.8267,292179.0
2026-04-08 10:55:00,153.8168,154.7308,153.7969,154.3831,551219.0
2026-04-08 11:00:00,154.3632,154.3929,154.0651,154.2132,332478.0
2026-04-08 11:05:00,154.2042,154.2142,153.6181,153.7871,198636.0
2026-04-08 11:10:00,153.8277,153.8277,153.2703,153.5286,271935.0
2026-04-08 11:15:00,153.4988,153.6479,153.32,153.3299,193366.0
2026-04-08 11:20:00,153.3335,153.3498,152.9226,153.2753,244129.0
2026-04-08 11:25:00,153.2703,153.4442,153.0319,153.1908,175427.0
2026-04-08 11:30:00,153.1958,153.926,153.1908,153.8068,217384.0
2026-04-08 11:35:00,153.8118,154.085,153.5783,153.8615,245871.0
2026-04-08 11:40:00,153.8366,154.0353,153.6975,153.8168,221928.0
2026-04-08 11:45:00,153.8168,154.0155,153.7572,153.926,172627.0
2026-04-08 11:50:00,153.926,154.1347,153.8217,153.9062,156956.0
2026-04-08 11:55:00,153.9062,153.9658,153.5485,153.5883,136266.0
2026-04-08 12:00:00,153.5982,153.6777,153.32,153.3597,172214.0
2026-04-08 12:05:00,153.3746,153.3796,152.7537,152.9027,297139.0
2026-04-08 12:10:00,152.9027,152.9325,152.5153,152.7934,192351.0
2026-04-08 12:15:00,152.7934,152.8332,152.5153,152.7835,258202.0
2026-04-08 12:20:00,152.7934,152.9673,152.6245,152.7736,213540.0
2026-04-08 12:25:00,152.7636,153.1312,152.5351,152.714,324604.0
2026-04-08 12:30:00,152.714,152.9425,152.6146,152.7338,172651.0
2026-04-08 12:35:00,152.7239,152.9921,152.5649,152.6444,164073.0
2026-04-08 12:40:00,152.6345,152.7438,152.5351,152.7338,133227.0
2026-04-08 12:45:00,152.7239,152.8133,152.5848,152.6692,127097.0
2026-04-08 12:50:00,152.6937,152.7487,152.3762,152.5252,164659.0
2026-04-08 12:55:00,152.5351,152.6146,152.3165,152.555,166304.0
2026-04-08 13:00:00,152.55,152.6742,152.4061,152.6345,312336.0
2026-04-08 13:05:00,152.6245,152.743,152.3464,152.4905,185287.0
2026-04-08 13:10:00,152.5053,153.2952,152.5053,153.2317,235917.0
2026-04-08 13:15:00,153.2107,153.4541,153.2008,153.32,147969.0
2026-04-08 13:20:00,153.2902,153.3796,153.2207,153.3697,136595.0
2026-04-08 13:25:00,153.3697,153.5038,153.2207,153.3498,144117.0
2026-04-08 13:30:00,153.3399,153.5485,153.2902,153.4988,165425.0
2026-04-08 13:35:00,153.4988,153.7323,153.4303,153.4392,185471.0
2026-04-08 13:40:00,153.4343,153.479,153.2057,153.2703,138155.0
2026-04-08 13:45:00,153.2505,153.31,153.1412,153.2107,106966.0
2026-04-08 13:50:00,153.2207,153.3299,153.0518,153.2008,118326.0
2026-04-08 13:55:00,153.1809,153.3001,152.9524,153.0269,171213.0
2026-04-08 14:00:00,153.0269,153.0518,152.5153,152.5451,225344.0
2026-04-08 14:05:00,152.5451,152.9524,152.4159,152.9127,257821.0
2026-04-08 14:10:00,152.8928,152.8929,152.4258,152.5153,219153.0
2026-04-08 14:15:00,152.5153,152.8232,152.5053,152.5848,257640.0
2026-04-08 14:20:00,152.5947,152.9027,152.4755,152.7487,406482.0
2026-04-08 14:25:00,152.7487,153.1114,152.6742,152.7835,191566.0
2026-04-08 14:30:00,152.7934,153.2306,152.7189,152.8349,162629.0
2026-04-08 14:35:00,152.8431,152.9027,152.704,152.8282,134847.0
2026-04-08 14:40:00,152.853,153.0269,152.5649,152.9375,281037.0
2026-04-08 14:45:00,152.9425,153.1114,152.9027,153.0418,162450.0
2026-04-08 14:50:00,153.0518,153.3995,153.0021,153.2902,195071.0
2026-04-08 14:55:00,153.3101,153.9956,153.2604,153.9757,376431.0
2026-04-08 15:00:00,153.9857,154.1744,153.6578,153.6777,417043.0
2026-04-08 15:05:00,153.6777,153.777,153.5884,153.7422,192681.0
2026-04-08 15:10:00,153.7374,153.9956,153.7273,153.7671,215047.0
2026-04-08 15:15:00,153.7721,154.2638,153.7174,154.234,236754.0
2026-04-08 15:20:00,154.239,154.4924,154.1149,154.3732,226840.0
2026-04-08 15:25:00,154.3731,154.9295,154.3491,154.8699,333827.0
2026-04-08 15:30:00,154.8798,155.1183,154.6414,154.8003,370483.0
2026-04-08 15:35:00,154.8103,154.9196,154.5818,154.8898,242105.0
2026-04-08 15:40:00,154.8798,154.8898,154.2638,154.3682,282109.0
2026-04-08 15:45:00,154.3731,154.4626,153.8665,154.4626,537407.0
2026-04-08 15:50:00,154.4526,155.0885,154.2738,154.7209,810537.0
2026-04-08 15:55:00,154.701,155.3368,154.6613,155.1978,2351489.0
2026-04-09 09:30:00,155.8435,156.1813,154.7606,156.0224,992330.0
2026-04-09 09:35:00,156.0919,156.1614,154.4228,154.7159,541867.0
2026-04-09 09:40:00,154.7039,155.2971,154.7039,154.8848,284727.0
2026-04-09 09:45:00,154.8997,156.2211,154.8401,156.1714,300134.0
2026-04-09 09:50:00,156.2111,157.1053,156.1873,157.0656,404612.0
2026-04-09 09:55:00,157.0854,157.4133,157.0258,157.2822,253502.0
2026-04-09 10:00:00,157.2941,157.6667,157.2345,157.314,237358.0
2026-04-09 10:05:00,157.314,157.463,157.0954,157.3338,219429.0
2026-04-09 10:10:00,157.3388,157.6517,157.1749,157.6418,236194.0
2026-04-09 10:15:00,157.6219,157.6816,157.2047,157.5921,355451.0
2026-04-09 10:20:00,157.6219,157.6219,157.1898,157.3736,205892.0
2026-04-09 10:25:00,157.3658,157.5226,157.2643,157.5226,117882.0
2026-04-09 10:30:00,157.5127,157.9895,157.3636,157.7958,273476.0
2026-04-09 10:35:00,157.7809,158.0591,157.6915,158.0443,215759.0
2026-04-09 10:40:00,158.0492,158.1386,157.9498,158.0939,213246.0
2026-04-09 10:45:00,158.0839,158.1187,157.8306,158.0194,171625.0
2026-04-09 10:50:00,158.0194,158.1982,157.8306,157.8803,190102.0
2026-04-09 10:55:00,157.8852,157.9299,157.2891,157.4133,218901.0
2026-04-09 11:00:00,157.4083,157.463,156.8768,157.0159,222652.0
2026-04-09 11:05:00,157.0358,157.2941,156.857,157.0358,182205.0
2026-04-09 11:10:00,157.0258,157.0954,156.6086,156.688,159185.0
2026-04-09 11:15:00,156.698,156.7532,156.4595,156.5191,155017.0
2026-04-09 11:20:00,156.5191,156.6433,156.1217,156.2807,137068.0
2026-04-09 11:25:00,156.3006,156.9165,156.3006,156.8569,165996.0
2026-04-09 11:30:00,156.8569,156.8867,155.9131,156.2111,328394.0
2026-04-09 11:35:00,156.2062,156.2111,155.7442,155.933,232154.0
2026-04-09 11:40:00,155.9528,156.0025,155.0726,155.2277,256733.0
2026-04-09 11:45:00,155.2673,155.3427,154.8401,155.0388,215706.0
2026-04-09 11:50:00,155.0656,155.1579,154.701,154.9146,154786.0
2026-04-09 11:55:00,154.8997,154.8997,154.4874,154.4874,162447.0
2026-04-09 12:00:00,154.4924,154.696,154.0751,154.4924,202340.0
2026-04-09 12:05:00,154.5122,154.6016,153.9062,154.085,167746.0
2026-04-09 12:10:00,154.1148,154.234,153.936,153.936,142546.0
2026-04-09 12:15:00,153.9658,154.2142,153.8664,154.1645,163499.0
2026-04-09 12:20:00,154.1446,154.5023,154.0949,154.2092,142845.0
2026-04-09 12:25:00,154.2042,154.2738,153.6479,153.6777,164757.0
2026-04-09 12:30:00,153.6582,153.7621,153.3101,153.6514,234395.0
2026-04-09 12:35:00,153.6379,153.8068,153.3109,153.4392,150955.0
2026-04-09 12:40:00,153.4392,153.8068,153.4094,153.6578,120596.0
2026-04-09 12:45:00,153.6528,154.0453,153.6429,153.9559,124836.0
2026-04-09 12:50:00,153.941,154.2638,153.7373,154.244,119552.0
2026-04-09 12:55:00,154.244,154.2539,153.9998,154.0999,125717.0
2026-04-09 13:00:00,154.0949,154.2738,153.9382,154.0552,113014.0
2026-04-09 13:05:00,154.0602,154.1893,153.9161,153.9509,89071.0
2026-04-09 13:10:00,153.9559,153.9956,153.5783,153.7315,133908.0
2026-04-09 13:15:00,153.7273,153.9559,153.6379,153.8962,99830.0
2026-04-09 13:20:00,153.8962,154.075,153.6975,153.7373,132098.0
2026-04-09 13:25:00,153.7273,153.7969,153.4392,153.6975,206490.0
2026-04-09 13:30:00,153.7224,153.9559,153.6777,153.8366,114674.0
2026-04-09 13:35:00,153.8366,153.8962,153.7273,153.8019,104554.0
2026-04-09 13:40:00,153.8019,153.8863,153.6181,153.6181,100967.0
2026-04-09 13:45:00,153.5982,153.777,153.4094,153.4442,90537.0
2026-04-09 13:50:00,153.4293,153.6777,153.3299,153.5883,122609.0
2026-04-09 13:55:00,153.5784,153.7721,153.5585,153.6032,114220.0
2026-04-09 14:00:00,153.6081,153.7671,153.4492,153.7573,134283.0
2026-04-09 14:05:00,153.7572,154.1546,153.6975,154.0841,133062.0
2026-04-09 14:10:00,154.0651,154.2638,153.9757,154.2142,180374.0
2026-04-09 14:15:00,154.2241,154.2241,154.0254,154.0949,108666.0
2026-04-09 14:20:00,154.0949,154.3831,153.9608,154.2489,183849.0
2026-04-09 14:25:00,154.234,154.3284,154.0651,154.234,115614.0
2026-04-09 14:30:00,154.239,154.244,153.9559,154.0254,105520.0
2026-04-09 14:35:00,154.0403,154.2539,154.0403,154.1546,81389.0
2026-04-09 14:40:00,154.1645,154.2837,154.0701,154.2042,69452.0
2026-04-09 14:45:00,154.2092,154.3831,154.1446,154.3632,79456.0
2026-04-09 14:50:00,154.3831,154.5321,154.1645,154.234,125785.0
2026-04-09 14:55:00,154.2241,154.2241,154.0353,154.1993,76266.0
2026-04-09 15:00:00,154.1943,154.2142,153.8863,153.941,113350.0
2026-04-09 15:05:00,153.926,154.5222,153.926,154.4427,160185.0
2026-04-09 15:10:00,154.4427,154.6314,154.2937,154.5917,221043.0
2026-04-09 15:15:00,154.5818,154.8302,154.5371,154.5917,163380.0
2026-04-09 15:20:00,154.6016,154.8997,154.5917,154.7606,197265.0
2026-04-09 15:25:00,154.7656,155.004,154.7656,154.9841,146682.0
2026-04-09 15:30:00,154.9841,155.0785,154.6016,154.6116,270282.0
2026-04-09 15:35:00,154.6066,154.6066,154.1148,154.1943,258364.0
2026-04-09 15:40:00,154.2042,154.2241,153.8168,153.8764,171858.0
2026-04-09 15:45:00,153.8565,153.8764,153.7075,153.8565,277532.0
2026-04-09 15:50:00,153.8366,154.5222,153.7969,154.0949,1042555.0
2026-04-09 15:55:00,154.0987,154.2539,153.9062,154.0155,1132611.0
2026-04-10 09:30:00,153.0418,154.1148,152.704,153.32,616901.0
2026-04-10 09:35:00,153.3697,153.628,152.5848,153.1859,248362.0
2026-04-10 09:40:00,153.1784,153.2703,152.4755,153.1114,188015.0
2026-04-10 09:45:00,153.1461,153.1461,152.3762,152.8829,259066.0
2026-04-10 09:50:00,152.8928,152.9921,152.3563,152.4606,193210.0
2026-04-10 09:55:00,152.4755,152.7835,152.4556,152.7835,151350.0
2026-04-10 10:00:00,152.7835,152.9724,152.6146,152.6941,208162.0
2026-04-10 10:05:00,152.6742,152.7984,152.3563,152.7239,149413.0
2026-04-10 10:10:00,152.7488,152.8828,152.555,152.6281,146669.0
2026-04-10 10:15:00,152.5947,152.5947,151.9092,151.9589,257883.0
2026-04-10 10:20:00,151.9688,151.9986,151.5615,151.7701,191293.0
2026-04-10 10:25:00,151.785,151.8297,151.5714,151.7105,190796.0
2026-04-10 10:30:00,151.7105,151.7353,151.1442,151.1641,257183.0
2026-04-10 10:35:00,151.174,151.2734,150.9655,151.1293,322336.0
2026-04-10 10:40:00,151.1641,151.2336,150.9852,151.2137,335550.0
2026-04-10 10:45:00,151.2088,151.5516,151.0747,151.323,286700.0
2026-04-10 10:50:00,151.3429,151.6062,151.2834,151.5975,228637.0
2026-04-10 10:55:00,151.6062,151.9887,151.5913,151.6211,337775.0
2026-04-10 11:00:00,151.631,151.9092,151.5813,151.8219,199097.0
2026-04-10 11:05:00,151.8148,151.9489,151.5813,151.8794,199309.0
2026-04-10 11:10:00,151.8695,151.8794,151.7105,151.8496,187908.0
2026-04-10 11:15:00,151.8794,151.9887,151.631,151.9887,161277.0
2026-04-10 11:20:00,151.9986,152.0384,151.7502,151.78,135719.0
2026-04-10 11:25:00,151.78,152.0086,151.6012,151.9489,215751.0
2026-04-10 11:30:00,151.9688,152.1178,151.7999,152.1178,131816.0
2026-04-10 11:35:00,152.1029,152.5153,152.0483,152.4954,160955.0
2026-04-10 11:40:00,152.5153,152.5153,152.3464,152.3762,284869.0
2026-04-10 11:45:00,152.3762,152.4556,152.2867,152.3364,108315.0
2026-04-10 11:50:00,152.3165,152.3762,152.1576,152.2669,95653.0
2026-04-10 11:55:00,152.2669,152.3215,152.1377,152.242,112792.0
2026-04-10 12:00:00,152.2271,152.3414,152.1874,152.2718,75823.0
2026-04-10 12:05:00,152.2569,152.396,152.1775,152.2867,89197.0
2026-04-10 12:10:00,152.3066,152.3563,152.1775,152.1775,112789.0
2026-04-10 12:15:00,152.1577,152.2073,151.9887,152.098,94983.0
2026-04-10 12:20:00,152.1079,152.2222,152.0582,152.1675,94540.0
2026-04-10 12:25:00,152.1476,152.2172,151.9489,151.9489,112258.0
2026-04-10 12:30:00,151.9489,152.0483,151.7602,151.78,115062.0
2026-04-10 12:35:00,151.78,151.9241,151.7105,151.7552,98776.0
2026-04-10 12:40:00,151.7602,151.8496,151.7206,151.78,65863.0
2026-04-10 12:45:00,151.78,151.8099,151.7006,151.7552,74992.0
2026-04-10 12:50:00,151.7552,151.78,151.6161,151.7304,152726.0
2026-04-10 12:55:00,151.7502,151.7701,151.6261,151.641,60651.0
2026-04-10 13:00:00,151.6211,151.7502,151.5714,151.7502,81028.0
2026-04-10 13:05:00,151.7502,151.8695,151.631,151.7999,133065.0
2026-04-10 13:10:00,151.8297,151.8315,151.7403,151.79,71635.0
2026-04-10 13:15:00,151.78,151.8297,151.6509,151.6708,122134.0
2026-04-10 13:20:00,151.6708,151.7403,151.651,151.6608,56863.0
2026-04-10 13:25:00,151.6559,151.6708,151.5019,151.5118,102543.0
2026-04-10 13:30:00,151.5118,151.6601,151.4969,151.5913,110571.0
2026-04-10 13:35:00,151.5714,151.6261,151.5125,151.5565,55756.0
2026-04-10 13:40:00,151.5515,151.7006,151.5317,151.6261,65784.0
2026-04-10 13:45:00,151.6111,151.6509,151.5019,151.5664,76663.0
2026-04-10 13:50:00,151.5615,151.5762,151.4462,151.4572,70464.0
2026-04-10 13:55:00,151.4621,151.5714,151.4124,151.4918,89192.0
2026-04-10 14:00:00,151.4721,151.7105,151.4422,151.7105,127548.0
2026-04-10 14:05:00,151.7204,151.8892,151.641,151.78,162707.0
2026-04-10 14:10:00,151.78,151.9887,151.78,151.8794,107651.0
2026-04-10 14:15:00,151.8496,151.8496,151.6906,151.7204,524569.0
2026-04-10 14:20:00,151.7006,151.7403,151.4124,151.4124,143596.0
2026-04-10 14:25:00,151.4323,151.5515,151.3429,151.4919,105080.0
2026-04-10 14:30:00,151.482,151.5615,151.4422,151.5366,108776.0
2026-04-10 14:35:00,151.5416,151.6211,151.4919,151.5317,221910.0
2026-04-10 14:40:00,151.5366,151.6012,151.5019,151.5217,120124.0
2026-04-10 14:45:00,151.5267,151.6509,151.4969,151.5913,134508.0
2026-04-10 14:50:00,151.5813,151.641,151.323,151.4522,251738.0
2026-04-10 14:55:00,151.4621,151.4621,151.2088,151.4124,167772.0
2026-04-10 15:00:00,151.4075,151.6111,151.3826,151.5217,133962.0
2026-04-10 15:05:00,151.5317,151.5565,151.3826,151.413,265085.0
2026-04-10 15:10:00,151.4224,151.5615,151.3032,151.323,180815.0
2026-04-10 15:15:00,151.323,151.3528,151.1541,151.2336,175897.0
2026-04-10 15:20:00,151.2336,151.3479,151.0846,151.328,182687.0
2026-04-10 15:25:00,151.3429,151.5217,151.2833,151.3528,221695.0
2026-04-10 15:30:00,151.3429,151.5019,151.3081,151.4472,169363.0
2026-04-10 15:35:00,151.4422,151.5714,151.3131,151.333,247334.0
2026-04-10 15:40:00,151.323,151.4707,151.1591,151.2137,264065.0
2026-04-10 15:45:00,151.2038,151.3131,151.0796,151.1641,271685.0
2026-04-10 15:50:00,151.1641,151.4025,150.9356,151.3479,678657.0
2026-04-10 15:55:00,151.3479,151.5515,151.0647,151.3131,1727091.0
2026-04-13 09:30:00,153.2703,153.5286,152.5401,153.0915,810067.0
2026-04-13 09:35:00,153.0816,153.6181,152.9425,152.9524,357781.0
2026-04-13 09:40:00,152.9822,153.5088,152.9127,153.3995,415530.0
2026-04-13 09:45:00,153.4293,153.5583,152.853,152.8878,237460.0
2026-04-13 09:50:00,152.9027,152.9226,152.0086,152.5451,268173.0
2026-04-13 09:55:00,152.5252,152.5252,151.6211,151.8049,238753.0
2026-04-13 10:00:00,151.8297,151.8645,151.2535,151.4919,263053.0
2026-04-13 10:05:00,151.4919,151.7304,151.3131,151.5217,446450.0
2026-04-13 10:10:00,151.5515,151.6012,151.2038,151.5813,231260.0
2026-04-13 10:15:00,151.6012,151.9887,151.5913,151.8347,262447.0
2026-04-13 10:20:00,151.8347,152.247,151.641,152.247,199352.0
2026-04-13 10:25:00,152.2321,152.252,151.9092,151.9092,108860.0
2026-04-13 10:30:00,151.9102,151.9688,151.5416,151.5416,236602.0
2026-04-13 10:35:00,151.5515,151.6211,151.3032,151.3727,143162.0
2026-04-13 10:40:00,151.4124,151.5019,151.2535,151.2535,115829.0
2026-04-13 10:45:00,151.2435,151.5019,151.1442,151.4224,122448.0
2026-04-13 10:50:00,151.4224,151.7701,151.4224,151.6807,135821.0
2026-04-13 10:55:00,151.6808,151.6906,151.3728,151.4124,151199.0
2026-04-13 11:00:00,151.3926,151.8198,151.3727,151.8198,113763.0
2026-04-13 11:05:00,151.8397,152.098,151.8397,151.934,174053.0
2026-04-13 11:10:00,151.9489,152.2967,151.9291,152.2669,217683.0
2026-04-13 11:15:00,152.252,152.2866,152.0435,152.1377,86746.0
2026-04-13 11:20:00,152.1476,152.1476,151.8099,151.8994,94231.0
2026-04-13 11:25:00,151.9191,152.1973,151.9092,152.1973,102741.0
2026-04-13 11:30:00,152.1874,152.2768,152.1228,152.2668,104834.0
2026-04-13 11:35:00,152.2569,152.4954,152.2569,152.3215,137992.0
2026-04-13 11:40:00,152.3066,152.4358,152.247,152.406,85022.0
2026-04-13 11:45:00,152.3911,152.5252,152.3543,152.5053,125328.0
2026-04-13 11:50:00,152.4954,152.9027,152.4556,152.8929,104769.0
2026-04-13 11:55:00,152.9027,153.2256,152.853,153.1412,165414.0
2026-04-13 12:00:00,153.1312,153.2554,153.0319,153.0667,151121.0
2026-04-13 12:05:00,153.0716,153.171,152.7835,152.8878,129613.0
2026-04-13 12:10:00,152.8928,152.9623,152.7934,152.8431,106341.0
2026-04-13 12:15:00,152.863,152.9127,152.704,152.7537,81072.0
2026-04-13 12:20:00,152.7636,152.7835,152.396,152.396,85931.0
2026-04-13 12:25:00,152.3861,152.5252,152.3096,152.3414,82011.0
2026-04-13 12:30:00,152.3563,152.406,152.1576,152.2867,107728.0
2026-04-13 12:35:00,152.257,152.2669,151.8803,151.8943,167081.0
2026-04-13 12:40:00,151.8943,152.2371,151.8049,152.0433,131828.0
2026-04-13 12:45:00,152.0433,152.1088,151.8595,151.9092,133532.0
2026-04-13 12:50:00,151.9092,151.9092,151.6509,151.78,132515.0
2026-04-13 12:55:00,151.7999,151.8297,151.6658,151.78,121126.0
2026-04-13 13:00:00,151.7701,151.7701,151.5358,151.5358,108189.0
2026-04-13 13:05:00,151.5515,151.8893,151.4124,151.8695,209979.0
2026-04-13 13:10:00,151.8744,151.9688,151.7602,151.8099,92877.0
2026-04-13 13:15:00,151.8198,151.8496,151.482,151.482,121542.0
2026-04-13 13:20:00,151.4919,151.7502,151.4422,151.5764,106589.0
2026-04-13 13:25:00,151.5624,151.6708,151.5416,151.5615,104978.0
2026-04-13 13:30:00,151.5515,151.631,151.333,151.4124,120786.0
2026-04-13 13:35:00,151.4124,151.5217,151.3131,151.3134,125992.0
2026-04-13 13:40:00,151.3151,151.333,151.025,151.0349,200908.0
2026-04-13 13:45:00,151.0432,151.2734,151.0349,151.2634,140381.0
2026-04-13 13:50:00,151.2634,151.3429,151.2137,151.323,78227.0
2026-04-13 13:55:00,151.323,151.323,151.2237,151.2883,99334.0
2026-04-13 14:00:00,151.2833,151.3181,151.0349,151.1045,143560.0
2026-04-13 14:05:00,151.1045,151.1144,150.8958,150.9008,177229.0
2026-04-13 14:10:00,150.8859,150.9156,150.7269,150.7468,163260.0
2026-04-13 14:15:00,150.7484,150.8454,150.6176,150.8163,125733.0
2026-04-13 14:20:00,150.8213,150.8759,150.6772,150.6772,108006.0
2026-04-13 14:25:00,150.6772,150.7865,150.6375,150.6772,133047.0
2026-04-13 14:30:00,150.6772,150.8561,150.5779,150.7686,102002.0
2026-04-13 14:35:00,150.7567,150.9753,150.7369,150.9157,111319.0
2026-04-13 14:40:00,150.9256,151.0448,150.8759,151.0349,96228.0
2026-04-13 14:45:00,151.025,151.1343,150.9654,151.0647,209224.0
2026-04-13 14:50:00,151.0746,151.0746,150.8461,150.8461,141293.0
2026-04-13 14:55:00,150.8561,150.9157,150.7865,150.9057,145190.0
2026-04-13 15:00:00,150.9008,151.0051,150.7706,150.8153,120619.0
2026-04-13 15:05:00,150.8163,150.8759,150.4587,150.5183,183322.0
2026-04-13 15:10:00,150.5083,150.5779,150.3196,150.4189,133669.0
2026-04-13 15:15:00,150.4189,150.5282,150.3792,150.4189,105013.0
2026-04-13 15:20:00,150.4388,150.5034,150.2997,150.4686,138779.0
2026-04-13 15:25:00,150.4686,150.6771,150.4487,150.6574,137380.0
2026-04-13 15:30:00,150.6672,150.7468,150.5878,150.6781,143545.0
2026-04-13 15:35:00,150.6772,150.6772,150.5381,150.6474,150798.0
2026-04-13 15:40:00,150.6673,151.1144,150.6325,151.0746,203885.0
2026-04-13 15:45:00,151.0746,151.1939,150.9852,151.025,257821.0
2026-04-13 15:50:00,151.0349,151.8397,150.9157,151.8297,1005442.0
2026-04-13 15:55:00,151.8397,151.9191,151.3628,151.5714,971480.0
2026-04-14 09:30:00,149.0926,149.1373,146.9391,147.1204,935288.0
2026-04-14 09:35:00,147.0807,147.113,145.7694,146.4647,627272.0
2026-04-14 09:40:00,146.4349,147.9699,146.4349,147.96,379389.0
2026-04-14 09:45:00,147.9947,148.3425,147.5874,148.0072,307167.0
2026-04-14 09:50:00,148.0345,148.3425,147.9252,148.2531,198337.0
2026-04-14 09:55:00,148.2531,148.4319,148.1438,148.3176,209440.0
2026-04-14 10:00:00,148.3127,148.3425,147.5477,147.647,222514.0
2026-04-14 10:05:00,147.647,147.647,147.1999,147.3688,221995.0
2026-04-14 10:10:00,147.3688,147.7861,147.2297,147.4384,195514.0
2026-04-14 10:15:00,147.4483,147.7662,147.3688,147.488,227665.0
2026-04-14 10:20:00,147.4781,147.5129,147.2099,147.3489,158639.0
2026-04-14 10:25:00,147.339,147.6023,147.2297,147.3986,197815.0
2026-04-14 10:30:00,147.4185,147.6669,147.3092,147.6271,183294.0
2026-04-14 10:35:00,147.5973,147.647,147.2893,147.3191,188658.0
2026-04-14 10:40:00,147.3142,147.5377,147.2397,147.2754,307885.0
2026-04-14 10:45:00,147.2695,147.3291,146.8522,146.9118,206833.0
2026-04-14 10:50:00,146.9019,146.9019,146.3654,146.4647,220757.0
2026-04-14 10:55:00,146.4647,146.8621,146.3753,146.8323,175231.0
2026-04-14 11:00:00,146.8323,147.3788,146.8224,147.2794,213268.0
2026-04-14 11:05:00,147.2844,147.8258,147.2496,147.7364,194445.0
2026-04-14 11:10:00,147.7364,147.8059,147.5278,147.6769,203698.0
2026-04-14 11:15:00,147.6967,147.796,147.5775,147.7662,109802.0
2026-04-14 11:20:00,147.7701,147.8358,147.5775,147.5874,109586.0
2026-04-14 11:25:00,147.5775,147.798,147.498,147.7066,110756.0
2026-04-14 11:30:00,147.7265,147.806,147.6023,147.6668,135227.0
2026-04-14 11:35:00,147.647,147.8854,147.6271,147.8755,140864.0
2026-04-14 11:40:00,147.8755,148.0245,147.8258,147.8755,125416.0
2026-04-14 11:45:00,147.8763,147.9351,147.7563,147.8705,138011.0
2026-04-14 11:50:00,147.8854,147.8854,147.6122,147.7066,118255.0
2026-04-14 11:55:00,147.6818,147.7563,147.6569,147.7364,98128.0
2026-04-14 12:00:00,147.7563,147.8656,147.6271,147.6768,99593.0
2026-04-14 12:05:00,147.6867,147.7264,147.6023,147.6271,116284.0
2026-04-14 12:10:00,147.6371,147.6569,147.4483,147.5129,107596.0
2026-04-14 12:15:00,147.498,147.6172,147.4284,147.5352,123851.0
2026-04-14 12:20:00,147.5278,147.5377,147.3788,147.4284,121188.0
2026-04-14 12:25:00,147.4384,147.4384,147.2397,147.3688,151856.0
2026-04-14 12:30:00,147.3639,147.4582,147.2,147.2248,124297.0
2026-04-14 12:35:00,147.2297,147.2297,146.9515,146.9515,294567.0
2026-04-14 12:40:00,146.9714,147.0559,146.8522,146.8919,167039.0
2026-04-14 12:45:00,146.887,147.0334,146.8224,146.8373,112261.0
2026-04-14 12:50:00,146.8323,146.8671,146.5642,146.5815,227913.0
2026-04-14 12:55:00,146.6137,146.728,146.5144,146.728,141194.0
2026-04-14 13:00:00,146.728,147.1006,146.6535,147.1006,138442.0
2026-04-14 13:05:00,147.1006,147.1999,147.0112,147.1502,137886.0
2026-04-14 13:10:00,147.1502,147.3787,147.1304,147.1552,112904.0
2026-04-14 13:15:00,147.1403,147.2099,147.0708,147.0807,96070.0
2026-04-14 13:20:00,147.0807,147.2198,147.0807,147.1502,96541.0
2026-04-14 13:25:00,147.1502,147.2248,147.0013,147.0708,121344.0
2026-04-14 13:30:00,147.0807,147.1602,147.041,147.1155,126031.0
2026-04-14 13:35:00,147.1006,147.1006,146.8124,146.8224,149341.0
2026-04-14 13:40:00,146.8273,146.9694,146.7429,146.8323,150504.0
2026-04-14 13:45:00,146.8422,146.8522,146.5641,146.6734,74918.0
2026-04-14 13:50:00,146.6634,146.7628,146.6038,146.6137,84247.0
2026-04-14 13:55:00,146.6038,146.7678,146.5839,146.733,116036.0
2026-04-14 14:00:00,146.7429,147.0012,146.7429,146.9714,144627.0
2026-04-14 14:05:00,146.9664,147.1204,146.9218,147.0708,100712.0
2026-04-14 14:10:00,147.0807,147.18,147.0757,147.1502,113827.0
2026-04-14 14:15:00,147.1403,147.1502,146.9416,147.0857,101339.0
2026-04-14 14:20:00,147.0857,147.0857,146.8621,146.9019,103551.0
2026-04-14 14:25:00,146.8919,146.9714,146.8522,146.9168,89803.0
2026-04-14 14:30:00,146.9118,147.2099,146.8721,147.0757,107699.0
2026-04-14 14:35:00,147.0708,147.2794,147.0112,147.2794,114603.0
2026-04-14 14:40:00,147.2764,147.4284,147.2595,147.4185,113848.0
2026-04-14 14:45:00,147.4283,147.5278,147.3291,147.4185,173665.0
2026-04-14 14:50:00,147.4185,147.6172,147.3689,147.6073,114242.0
2026-04-14 14:55:00,147.6122,147.6569,147.4582,147.5377,119690.0
2026-04-14 15:00:00,147.5477,147.647,147.5178,147.5477,131112.0
2026-04-14 15:05:00,147.5526,147.5874,147.4682,147.5675,100839.0
2026-04-14 15:10:00,147.5477,147.6768,147.5178,147.6371,136064.0
2026-04-14 15:15:00,147.6371,147.7563,147.5924,147.7513,151309.0
2026-04-14 15:20:00,147.7513,147.9451,147.7513,147.8209,200666.0
2026-04-14 15:25:00,147.8209,147.8755,147.7662,147.8457,136049.0
2026-04-14 15:30:00,147.8407,147.96,147.7662,147.7861,179059.0
2026-04-14 15:35:00,147.7811,147.7811,147.5874,147.6418,151848.0
2026-04-14 15:40:00,147.642,147.8258,147.5526,147.8209,189733.0
2026-04-14 15:45:00,147.8258,148.1636,147.801,148.1338,318345.0
2026-04-14 15:50:00,148.1338,148.3524,148.0444,148.2531,858091.0
2026-04-14 15:55:00,148.263,148.4021,148.2232,148.2531,711225.0
2026-04-15 09:30:00,147.6371,148.4915,147.4682,148.0245,576129.0
2026-04-15 09:35:00,148.0444,148.0444,147.18,147.339,360712.0
2026-04-15 09:40:00,147.339,147.4781,146.8423,147.2695,392360.0
2026-04-15 09:45:00,147.2595,147.2893,146.2759,146.3058,339092.0
2026-04-15 09:50:00,146.2908,146.9118,145.9481,146.7528,339084.0
2026-04-15 09:55:00,146.7628,147.5675,146.7528,147.3589,246285.0
2026-04-15 10:00:00,147.3539,147.4483,146.887,146.9813,209945.0
2026-04-15 10:05:00,147.0112,147.2347,146.9019,147.1502,110335.0
2026-04-15 10:10:00,147.1602,147.4483,147.1105,147.3191,115211.0
2026-04-15 10:15:00,147.2993,147.4284,147.1701,147.4284,148700.0
2026-04-15 10:20:00,147.4284,147.6073,147.3191,147.3788,109586.0
2026-04-15 10:25:00,147.3837,147.4632,147.2099,147.2595,148286.0
2026-04-15 10:30:00,147.2595,147.3887,147.0956,147.1204,92733.0
2026-04-15 10:35:00,147.1304,147.4483,147.1105,147.4483,129725.0
2026-04-15 10:40:00,147.4581,147.5675,147.3092,147.4483,152473.0
2026-04-15 10:45:00,147.4384,147.4582,147.2099,147.2397,126661.0
2026-04-15 10:50:00,147.2198,147.339,147.1903,147.2595,110932.0
2026-04-15 10:55:00,147.2695,147.3191,146.9714,147.2148,159267.0
2026-04-15 11:00:00,147.2397,147.7552,147.2298,147.6177,106646.0
2026-04-15 11:05:00,147.6271,147.8755,147.5973,147.7911,114607.0
2026-04-15 11:10:00,147.7862,147.8657,147.6669,147.6867,121462.0
2026-04-15 11:15:00,147.6768,147.7762,147.5278,147.6023,129828.0
2026-04-15 11:20:00,147.6073,147.7861,147.5675,147.7464,97415.0
2026-04-15 11:25:00,147.7464,147.8606,147.6867,147.8358,115841.0
2026-04-15 11:30:00,147.8656,147.9947,147.7861,147.9103,104841.0
2026-04-15 11:35:00,147.9153,148.1537,147.8755,148.0495,134062.0
2026-04-15 11:40:00,148.0345,148.1239,147.7911,147.8109,148759.0
2026-04-15 11:45:00,147.8159,147.8656,147.4731,147.5377,195373.0
2026-04-15 11:50:00,147.5079,147.5178,147.3092,147.339,108793.0
2026-04-15 11:55:00,147.3589,147.488,147.3291,147.4185,99608.0
2026-04-15 12:00:00,147.4384,147.5775,147.4384,147.5278,135694.0
2026-04-15 12:05:00,147.5327,147.5377,147.4086,147.488,69567.0
2026-04-15 12:10:00,147.498,147.498,147.3986,147.4036,57816.0
2026-04-15 12:15:00,147.4086,147.4483,147.3589,147.3788,95796.0
2026-04-15 12:20:00,147.3887,147.7364,147.3887,147.6769,72351.0
2026-04-15 12:25:00,147.6867,147.8068,147.6867,147.786,74902.0
2026-04-15 12:30:00,147.7662,148.0444,147.7563,148.0444,90859.0
2026-04-15 12:35:00,148.0345,148.2431,147.8407,148.2332,202642.0
2026-04-15 12:40:00,148.2332,148.6902,148.2232,148.5461,201566.0
2026-04-15 12:45:00,148.5511,148.6505,148.4716,148.5014,74548.0
2026-04-15 12:50:00,148.5014,148.6207,148.4518,148.5213,118988.0
2026-04-15 12:55:00,148.4816,148.6703,148.4716,148.566,79903.0
2026-04-15 13:00:00,148.571,148.8194,148.571,148.7101,86077.0
2026-04-15 13:05:00,148.7001,148.8491,148.6902,148.7299,85013.0
2026-04-15 13:10:00,148.7349,148.8889,148.72,148.874,134119.0
2026-04-15 13:15:00,148.8839,148.9982,148.8392,148.879,90400.0
2026-04-15 13:20:00,148.869,148.9584,148.7896,148.8194,99327.0
2026-04-15 13:25:00,148.8194,148.8194,148.571,148.5809,121813.0
2026-04-15 13:30:00,148.5809,148.6604,148.571,148.643,69747.0
2026-04-15 13:35:00,148.6307,148.7299,148.6207,148.6902,71452.0
2026-04-15 13:40:00,148.6902,148.8541,148.6703,148.8293,88960.0
2026-04-15 13:45:00,148.8293,148.8988,148.7009,148.8094,220530.0
2026-04-15 13:50:00,148.8194,149.0181,148.7995,148.9884,127834.0
2026-04-15 13:55:00,148.9982,149.177,148.9982,149.1423,109131.0
2026-04-15 14:00:00,149.1423,149.258,148.9187,148.9982,208728.0
2026-04-15 14:05:00,148.9982,148.9982,148.6604,148.73,126115.0
2026-04-15 14:10:00,148.725,148.8193,148.4418,148.5312,90822.0
2026-04-15 14:15:00,148.5312,148.5561,148.263,148.4617,112709.0
2026-04-15 14:20:00,148.4816,148.5064,148.3623,148.4321,80913.0
2026-04-15 14:25:00,148.4349,148.5958,148.4319,148.5958,68519.0
2026-04-15 14:30:00,148.5908,148.7101,148.561,148.6405,79774.0
2026-04-15 14:35:00,148.6356,148.6405,148.5114,148.5312,89470.0
2026-04-15 14:40:00,148.5362,148.6058,148.5213,148.5511,91774.0
2026-04-15 14:45:00,148.5511,148.6505,148.5412,148.6107,100811.0
2026-04-15 14:50:00,148.6008,148.6505,148.5213,148.6207,118633.0
2026-04-15 14:55:00,148.6207,148.7101,148.6008,148.6703,81608.0
2026-04-15 15:00:00,148.6803,148.7697,148.6505,148.6703,135631.0
2026-04-15 15:05:00,148.6703,148.6703,148.5114,148.5263,121058.0
2026-04-15 15:10:00,148.5312,148.6107,148.4617,148.5312,100523.0
2026-04-15 15:15:00,148.5312,148.6305,148.4716,148.5908,132243.0
2026-04-15 15:20:00,148.5908,148.72,148.5312,148.6008,157561.0
2026-04-15 15:25:00,148.5958,148.6207,148.4319,148.4915,139128.0
2026-04-15 15:30:00,148.4915,148.5312,148.3822,148.4021,194381.0
2026-04-15 15:35:00,148.407,148.4418,148.2133,148.2332,132705.0
2026-04-15 15:40:00,148.2133,148.2133,147.9053,148.1487,219678.0
2026-04-15 15:45:00,148.1487,148.4269,148.1239,148.3425,241082.0
2026-04-15 15:50:00,148.3524,148.4716,148.114,148.1438,845587.0
2026-04-15 15:55:00,148.1239,148.268,148.0146,148.0444,762665.0
2026-04-16 09:30:00,148.561,150.4487,148.3772,149.9073,571303.0
2026-04-16 09:35:00,149.9073,149.952,148.9336,149.4353,191556.0
2026-04-16 09:40:00,149.4079,149.5645,149.1373,149.187,182761.0
2026-04-16 09:45:00,149.1572,150.2689,149.0379,150.101,204885.0
2026-04-16 09:50:00,150.106,150.9554,150.106,150.8759,273344.0
2026-04-16 09:55:00,150.866,151.1343,150.7766,150.8064,258812.0
2026-04-16 10:00:00,150.8064,151.1839,150.6176,150.7667,254624.0
2026-04-16 10:05:00,150.7567,150.7965,150.4885,150.4885,285022.0
2026-04-16 10:10:00,150.5083,150.6375,149.9718,149.9917,195191.0
2026-04-16 10:15:00,149.952,150.0016,149.5943,149.6688,161635.0
2026-04-16 10:20:00,149.6837,149.9917,149.644,149.9619,150382.0
2026-04-16 10:25:00,149.952,149.9619,149.7831,149.8229,167856.0
2026-04-16 10:30:00,149.8228,150.0016,149.7731,149.9569,188825.0
2026-04-16 10:35:00,149.9669,149.9718,149.7533,149.8327,189806.0
2026-04-16 10:40:00,149.8526,149.9023,149.6142,149.8427,140923.0
2026-04-16 10:45:00,149.8526,150.1805,149.7533,150.0811,207611.0
2026-04-16 10:50:00,150.0712,150.2997,149.8725,150.1556,78395.0
2026-04-16 10:55:00,150.1705,150.409,150.1258,150.3891,88594.0
2026-04-16 11:00:00,150.3891,150.4587,150.2798,150.3792,76820.0
2026-04-16 11:05:00,150.3842,150.5083,150.2997,150.3096,65621.0
2026-04-16 11:10:00,150.2997,150.2997,150.0315,150.1705,119392.0
2026-04-16 11:15:00,150.1606,150.1606,149.952,149.9619,94398.0
2026-04-16 11:20:00,149.9718,150.1407,149.8725,150.0762,101174.0
2026-04-16 11:25:00,150.101,150.2401,150.0116,150.2401,113164.0
2026-04-16 11:30:00,150.2491,150.6574,150.2202,150.6474,234132.0
2026-04-16 11:35:00,150.6375,150.7567,150.409,150.5978,166464.0
2026-04-16 11:40:00,150.5878,150.6077,150.3941,150.4587,87413.0
2026-04-16 11:45:00,150.4587,150.8014,150.3991,150.7219,118522.0
2026-04-16 11:50:00,150.707,151.015,150.697,150.9057,149658.0
2026-04-16 11:55:00,150.9256,150.9554,150.7219,150.7567,113955.0
2026-04-16 12:00:00,150.7603,150.8859,150.7269,150.8163,90162.0
2026-04-16 12:05:00,150.8362,150.866,150.7269,150.8114,85080.0
2026-04-16 12:10:00,150.8163,150.8461,150.7269,150.7269,66194.0
2026-04-16 12:15:00,150.7269,150.7865,150.5978,150.7766,101021.0
2026-04-16 12:20:00,150.7766,150.8362,150.6176,150.8064,67115.0
2026-04-16 12:25:00,150.7965,150.866,150.707,150.8561,90619.0
2026-04-16 12:30:00,150.866,151.1541,150.8163,151.1145,127422.0
2026-04-16 12:35:00,151.1541,151.5018,151.1144,151.2932,206880.0
2026-04-16 12:40:00,151.2833,151.4224,151.2435,151.2833,129849.0
2026-04-16 12:45:00,151.2833,151.2833,151.1939,151.1939,96863.0
2026-04-16 12:50:00,151.1939,151.2584,151.1343,151.2038,86431.0
2026-04-16 12:55:00,151.2237,151.3131,151.2038,151.2833,74723.0
2026-04-16 13:00:00,151.2883,151.3379,151.2386,151.2932,78816.0
2026-04-16 13:05:00,151.2932,151.4721,151.2833,151.4422,72151.0
2026-04-16 13:10:00,151.4522,151.6807,151.4522,151.6509,103490.0
2026-04-16 13:15:00,151.6708,151.785,151.6608,151.7602,86838.0
2026-04-16 13:20:00,151.7602,151.79,151.6807,151.7602,81727.0
2026-04-16 13:25:00,151.7602,151.7602,151.5515,151.6757,90945.0
2026-04-16 13:30:00,151.6805,151.6906,151.4323,151.482,106708.0
2026-04-16 13:35:00,151.487,151.611,151.4621,151.5416,74188.0
2026-04-16 13:40:00,151.5417,151.5466,151.4025,151.4025,80001.0
2026-04-16 13:45:00,151.4323,151.5615,151.4124,151.5416,71353.0
2026-04-16 13:50:00,151.5417,151.5664,151.4323,151.5118,62379.0
2026-04-16 13:55:00,151.5366,151.5813,151.4323,151.4919,85570.0
2026-04-16 14:00:00,151.4919,151.4969,151.1591,151.3131,242256.0
2026-04-16 14:05:00,151.3032,151.4124,151.2237,151.2883,122992.0
2026-04-16 14:10:00,151.2734,151.4224,151.2535,151.3379,80280.0
2026-04-16 14:15:00,151.3379,151.4919,151.2634,151.4919,96047.0
2026-04-16 14:20:00,151.4919,151.5416,151.3926,151.4522,72704.0
2026-04-16 14:25:00,151.4721,151.5416,151.4124,151.4919,66405.0
2026-04-16 14:30:00,151.4919,151.5118,151.2634,151.2912,107157.0
2026-04-16 14:35:00,151.2734,151.4075,151.2734,151.3528,84755.0
2026-04-16 14:40:00,151.3628,151.4124,151.1392,151.1641,108921.0
2026-04-16 14:45:00,151.1641,151.2038,150.9554,151.0447,113358.0
2026-04-16 14:50:00,151.0299,151.0299,150.717,150.7865,150802.0
2026-04-16 14:55:00,150.8064,150.9056,150.7468,150.8312,79869.0
2026-04-16 15:00:00,150.8263,150.9057,150.717,150.8065,97246.0
2026-04-16 15:05:00,150.8263,151.015,150.8263,151.015,150054.0
2026-04-16 15:10:00,151.025,151.1839,151.0051,151.1641,79735.0
2026-04-16 15:15:00,151.179,151.1839,151.025,151.0846,114657.0
2026-04-16 15:20:00,151.0945,151.1243,151.0051,151.0548,100691.0
2026-04-16 15:25:00,151.0548,151.0995,150.9753,151.0647,106241.0
2026-04-16 15:30:00,151.0349,151.0498,150.7965,150.8171,131297.0
2026-04-16 15:35:00,150.7965,150.8312,150.6971,150.7468,120407.0
2026-04-16 15:40:00,150.7468,150.9952,150.7269,150.866,118157.0
2026-04-16 15:45:00,150.866,151.0945,150.8263,150.9256,181241.0
2026-04-16 15:50:00,150.9356,150.9455,150.6375,150.717,793451.0
2026-04-16 15:55:00,150.7269,150.9852,150.707,150.8561,632395.0
2026-04-17 09:30:00,143.9213,144.0604,141.7852,143.1116,2435151.0
2026-04-17 09:35:00,143.0768,143.1464,142.3317,142.7291,605785.0
2026-04-17 09:40:00,142.7255,143.8021,142.6297,143.6431,766600.0
2026-04-17 09:45:00,143.6232,144.0604,142.8384,143.3252,525144.0
2026-04-17 09:50:00,143.3153,143.3948,142.739,143.1563,356326.0
2026-04-17 09:55:00,143.1565,143.2358,142.5999,143.0768,641139.0
2026-04-17 10:00:00,143.0867,143.1265,141.9641,142.0741,486194.0
2026-04-17 10:05:00,142.0684,142.5991,141.7952,142.5658,363619.0
2026-04-17 10:10:00,142.5701,142.6993,142.2721,142.3118,311433.0
2026-04-17 10:15:00,142.282,142.6496,142.2721,142.3913,249646.0
2026-04-17 10:20:00,142.3913,142.7788,142.3615,142.4709,218720.0
2026-04-17 10:25:00,142.5105,142.7191,142.4012,142.5701,207232.0
2026-04-17 10:30:00,142.5403,142.5602,141.6958,141.7058,337764.0
2026-04-17 10:35:00,141.7256,141.964,141.4574,141.4674,331433.0
2026-04-17 10:40:00,141.4673,141.522,141.05,141.1892,386468.0
2026-04-17 10:45:00,141.1891,141.5567,141.0997,141.4574,233939.0
2026-04-17 10:50:00,141.4673,141.5766,141.2289,141.3481,186279.0
2026-04-17 10:55:00,141.3531,142.0833,141.3382,142.0237,733005.0
2026-04-17 11:00:00,142.0534,142.4708,141.9243,141.9939,322760.0
2026-04-17 11:05:00,142.0038,142.0932,141.8597,141.8648,161806.0
2026-04-17 11:10:00,141.8349,142.0336,141.6163,141.8349,253899.0
2026-04-17 11:15:00,141.8349,142.5006,141.7852,142.4869,180178.0
2026-04-17 11:20:00,142.5204,142.8582,142.2721,142.8433,422472.0
2026-04-17 11:25:00,142.8284,143.3351,142.7291,143.2258,282059.0
2026-04-17 11:30:00,143.2308,143.3649,143.0222,143.0967,259694.0
2026-04-17 11:35:00,143.0768,143.2457,142.9675,143.1911,190921.0
2026-04-17 11:40:00,143.1762,143.3649,143.0768,143.2904,217036.0
2026-04-17 11:45:00,143.2905,143.3798,143.1712,143.196,174811.0
2026-04-17 11:50:00,143.1762,143.1861,142.9874,143.0967,143452.0
2026-04-17 11:55:00,143.1066,143.1364,142.8889,143.052,137934.0
2026-04-17 12:00:00,143.0371,143.3351,143.0371,143.2855,122102.0
2026-04-17 12:05:00,143.3103,143.3401,143.0271,143.0967,147477.0
2026-04-17 12:10:00,143.0967,143.1464,142.9675,143.0768,92805.0
2026-04-17 12:15:00,143.0689,143.2954,143.0371,143.201,99430.0
2026-04-17 12:20:00,143.206,143.4146,143.1662,143.3719,129382.0
2026-04-17 12:25:00,143.3947,143.4742,143.2358,143.4643,152398.0
2026-04-17 12:30:00,143.4742,143.7127,143.4742,143.6531,132460.0
2026-04-17 12:35:00,143.6242,143.822,143.5935,143.8021,123290.0
2026-04-17 12:40:00,143.8021,143.9402,142.7489,143.8716,102850.0
2026-04-17 12:45:00,143.8716,144.0505,143.8518,144.0207,138159.0
2026-04-17 12:50:00,144.0305,144.2492,144.0007,144.2343,152600.0
2026-04-17 12:55:00,144.2392,144.2591,143.9512,143.9561,618574.0
2026-04-17 13:00:00,143.966,143.9809,143.7921,143.8468,147540.0
2026-04-17 13:05:00,143.822,144.1299,143.822,144.0902,127884.0
2026-04-17 13:10:00,144.0703,144.1697,144.0008,144.1498,74060.0
2026-04-17 13:15:00,144.1498,144.4578,144.1101,144.3336,127936.0
2026-04-17 13:20:00,144.3435,144.7062,144.3386,144.5671,435658.0
2026-04-17 13:25:00,144.5969,144.7261,144.5075,144.6664,173621.0
2026-04-17 13:30:00,144.6764,144.8304,144.6466,144.7459,157368.0
2026-04-17 13:35:00,144.7559,144.9049,144.6366,144.7012,136299.0
2026-04-17 13:40:00,144.6962,144.7956,144.588,144.6043,158929.0
2026-04-17 13:45:00,144.6068,144.6466,144.3386,144.4727,156421.0
2026-04-17 13:50:00,144.4826,144.5472,144.428,144.5174,93011.0
2026-04-17 13:55:00,144.4578,144.4578,144.2293,144.3783,130729.0
2026-04-17 14:00:00,144.3883,144.4975,144.2641,144.4479,148195.0
2026-04-17 14:05:00,144.4777,144.8651,144.4628,144.8353,123459.0
2026-04-17 14:10:00,144.8353,145.1682,144.7658,145.1533,136102.0
2026-04-17 14:15:00,145.1533,145.1533,144.9397,145.0589,103785.0
2026-04-17 14:20:00,145.044,145.0937,144.9744,144.9893,144301.0
2026-04-17 14:25:00,144.9893,145.2327,144.8552,145.2129,150792.0
2026-04-17 14:30:00,145.2129,145.5209,145.2129,145.5209,132830.0
2026-04-17 14:35:00,145.5358,145.5705,145.2129,145.3917,163636.0
2026-04-17 14:40:00,145.4116,145.4613,145.2278,145.3718,105576.0
2026-04-17 14:45:00,145.3718,145.4016,145.2129,145.2427,143443.0
2026-04-17 14:50:00,145.2526,145.342,145.1235,145.2824,131606.0
2026-04-17 14:55:00,145.2526,145.4265,145.1831,145.4016,111781.0
2026-04-17 15:00:00,145.4116,145.6103,145.3917,145.4563,119656.0
2026-04-17 15:05:00,145.4712,145.5407,145.3718,145.4414,124167.0
2026-04-17 15:10:00,145.4464,145.7494,145.4464,145.7394,146346.0
2026-04-17 15:15:00,145.7394,145.8487,145.4613,145.4811,135026.0
2026-04-17 15:20:00,145.4618,145.5407,145.3321,145.3818,146562.0
2026-04-17 15:25:00,145.4016,145.7285,145.3222,145.6997,133233.0
2026-04-17 15:30:00,145.7196,145.8189,145.4016,145.4911,205840.0
2026-04-17 15:35:00,145.4811,145.5507,145.034,145.0937,277281.0
2026-04-17 15:40:00,145.0887,145.2129,144.8155,145.1334,267832.0
2026-04-17 15:45:00,145.1235,145.2626,144.9446,145.0738,303571.0
2026-04-17 15:50:00,145.0937,145.5954,145.0937,145.4811,379982.0
2026-04-17 15:55:00,145.4811,145.6302,145.3967,145.4712,1483037.0
2026-04-20 09:30:00,146.425,146.7032,145.4016,145.7146,706298.0
2026-04-20 09:35:00,145.66,147.339,145.66,147.3241,223393.0
2026-04-20 09:40:00,147.3887,147.4781,146.9813,147.1514,266713.0
2026-04-20 09:45:00,147.1602,147.7762,147.031,147.6718,263952.0
2026-04-20 09:50:00,147.6669,147.6818,147.0509,147.1502,242984.0
2026-04-20 09:55:00,147.1055,147.2396,146.7528,147.1602,195115.0
2026-04-20 10:00:00,147.185,147.2794,146.9416,147.18,153447.0
2026-04-20 10:05:00,147.1502,147.4236,147.1336,147.2148,210577.0
2026-04-20 10:10:00,147.2397,147.339,147.0112,147.1204,154443.0
2026-04-20 10:15:00,147.0807,147.488,147.041,147.4086,137534.0
2026-04-20 10:20:00,147.4384,147.4533,147.1502,147.1701,129494.0
2026-04-20 10:25:00,147.18,147.4781,147.0216,147.4781,156543.0
2026-04-20 10:30:00,147.498,147.7563,147.4284,147.5576,151608.0
2026-04-20 10:35:00,147.5477,147.5873,147.4186,147.4433,84755.0
2026-04-20 10:40:00,147.4682,147.9351,147.4384,147.8656,146465.0
2026-04-20 10:45:00,147.8656,148.0742,147.6768,147.6967,205544.0
2026-04-20 10:50:00,147.6967,148.2729,147.6669,147.9451,257357.0
2026-04-20 10:55:00,147.9451,148.1835,147.8854,148.104,217242.0
2026-04-20 11:00:00,148.114,148.1239,147.8656,148.104,187127.0
2026-04-20 11:05:00,148.114,148.3623,148.0047,148.0245,167453.0
2026-04-20 11:10:00,148.0146,148.0741,147.806,147.8854,137711.0
2026-04-20 11:15:00,147.8755,148.0146,147.8358,147.96,95501.0
2026-04-20 11:20:00,147.9649,148.0345,147.7265,147.8556,219182.0
2026-04-20 11:25:00,147.8258,147.9052,147.3986,147.6271,268502.0
2026-04-20 11:30:00,147.6371,148.0146,147.6371,148.0047,131772.0
2026-04-20 11:35:00,147.9947,148.1238,147.9351,148.0842,503265.0
2026-04-20 11:40:00,148.0842,148.0842,147.8755,147.9302,123497.0
2026-04-20 11:45:00,147.9351,148.0841,147.8656,148.0049,174507.0
2026-04-20 11:50:00,148.0146,148.114,147.8109,147.8755,217104.0
2026-04-20 11:55:00,147.8954,147.9451,147.5874,147.8159,177363.0
2026-04-20 12:00:00,147.8109,147.8258,147.5874,147.7762,149717.0
2026-04-20 12:05:00,147.7762,147.9749,147.7533,147.9451,97286.0
2026-04-20 12:10:00,147.9252,147.9351,147.7662,147.8457,89591.0
2026-04-20 12:15:00,147.8457,147.9649,147.8258,147.8904,91062.0
2026-04-20 12:20:00,147.8805,148.0941,147.8457,148.0444,103494.0
2026-04-20 12:25:00,148.0444,148.104,147.9649,147.9898,82588.0
2026-04-20 12:30:00,147.9848,148.1736,147.9848,148.1141,84951.0
2026-04-20 12:35:00,148.1239,148.1736,147.955,148.0245,84335.0
2026-04-20 12:40:00,148.0245,148.1289,147.9153,148.114,79825.0
2026-04-20 12:45:00,148.114,148.1338,147.9451,148.0345,82660.0
2026-04-20 12:50:00,148.0146,148.0543,147.8955,148.0494,78779.0
2026-04-20 12:55:00,148.0494,148.1537,148.0047,148.0643,104014.0
2026-04-20 13:00:00,148.0643,148.1438,147.9153,147.9252,119701.0
2026-04-20 13:05:00,147.9252,147.9401,147.8358,147.9252,88470.0
2026-04-20 13:10:00,147.9351,148.0543,147.9351,148.0146,100401.0
2026-04-20 13:15:00,148.0444,148.1686,147.9154,147.9351,80007.0
2026-04-20 13:20:00,147.9351,148.1239,147.9252,148.1239,77241.0
2026-04-20 13:25:00,148.1239,148.2829,148.109,148.2729,131101.0
2026-04-20 13:30:00,148.273,148.4021,148.1041,148.1537,115767.0
2026-04-20 13:35:00,148.1636,148.1636,147.9947,147.9947,114496.0
2026-04-20 13:40:00,148.0047,148.0245,147.8457,147.9302,72432.0
2026-04-20 13:45:00,147.9451,148.0047,147.9252,147.9749,62145.0
2026-04-20 13:50:00,147.9749,148.0444,147.9401,148.0345,75986.0
2026-04-20 13:55:00,148.0345,148.1239,147.9947,148.0543,86658.0
2026-04-20 14:00:00,148.0444,148.114,147.9351,147.9696,113240.0
2026-04-20 14:05:00,147.9749,148.104,147.9749,148.0245,73562.0
2026-04-20 14:10:00,148.0196,148.1885,148.0047,148.0146,137267.0
2026-04-20 14:15:00,148.0245,148.0245,147.8854,147.8854,86488.0
2026-04-20 14:20:00,147.8854,147.9251,147.8308,147.8556,98058.0
2026-04-20 14:25:00,147.8556,147.955,147.806,147.8805,105736.0
2026-04-20 14:30:00,147.8457,147.8656,147.7364,147.8159,85991.0
2026-04-20 14:35:00,147.806,147.9153,147.7266,147.8805,87348.0
2026-04-20 14:40:00,147.8656,147.8705,147.6371,147.6867,86747.0
2026-04-20 14:45:00,147.6768,147.7265,147.5377,147.5527,88759.0
2026-04-20 14:50:00,147.5579,147.6768,147.5278,147.647,66213.0
2026-04-20 14:55:00,147.6271,147.7262,147.5775,147.5876,108772.0
2026-04-20 15:00:00,147.6073,147.6371,147.3489,147.3887,126836.0
2026-04-20 15:05:00,147.3986,147.4731,147.2595,147.4682,152062.0
2026-04-20 15:10:00,147.4781,147.5675,147.4384,147.5079,115101.0
2026-04-20 15:15:00,147.5079,147.5874,147.4284,147.4334,106259.0
2026-04-20 15:20:00,147.4334,147.4483,147.2893,147.3291,138131.0
2026-04-20 15:25:00,147.3191,147.3191,147.1105,147.1105,149891.0
2026-04-20 15:30:00,147.1105,147.1105,146.6833,146.6834,194826.0
2026-04-20 15:35:00,146.6833,146.6883,146.4746,146.5392,201682.0
2026-04-20 15:40:00,146.5343,146.723,146.5144,146.6932,169693.0
2026-04-20 15:45:00,146.6833,146.8423,146.6734,146.7429,252821.0
2026-04-20 15:50:00,146.7429,146.8124,146.5442,146.5939,836979.0
2026-04-20 15:55:00,146.5839,146.7429,146.4647,146.723,846701.0
2026-04-21 09:30:00,146.415,146.7826,145.7793,145.8885,592797.0
2026-04-21 09:35:00,145.8984,146.1567,145.3321,145.8984,347544.0
2026-04-21 09:40:00,145.9175,146.1468,145.6303,145.9531,236504.0
2026-04-21 09:45:00,145.9481,146.1468,145.7693,146.0176,217500.0
2026-04-21 09:50:00,146.0176,146.3256,145.8587,145.9282,197292.0
2026-04-21 09:55:00,145.9332,146.0623,145.4414,145.4513,268431.0
2026-04-21 10:00:00,145.4662,145.9381,145.2924,145.8934,223829.0
2026-04-21 10:05:00,145.9083,145.9481,145.3371,145.4712,127793.0
2026-04-21 10:10:00,145.4563,145.6103,145.342,145.5904,100703.0
2026-04-21 10:15:00,145.6103,145.65,145.4016,145.6351,109595.0
2026-04-21 10:20:00,145.65,145.7799,145.5904,145.7196,105714.0
2026-04-21 10:25:00,145.7394,145.8141,145.7047,145.7096,92678.0
2026-04-21 10:30:00,145.7096,145.7096,145.4016,145.4613,139467.0
2026-04-21 10:35:00,145.4705,145.938,145.3271,145.8984,127254.0
2026-04-21 10:40:00,145.8984,146.107,145.7096,146.0524,129783.0
2026-04-21 10:45:00,146.0672,146.4548,146.0276,146.3604,154616.0
2026-04-21 10:50:00,146.3852,146.3952,146.1865,146.2461,87211.0
2026-04-21 10:55:00,146.266,146.4448,146.2064,146.4001,229717.0
2026-04-21 11:00:00,146.4101,147.1453,146.3902,147.1304,301502.0
2026-04-21 11:05:00,147.1502,147.2397,146.6137,146.6336,225801.0
2026-04-21 11:10:00,146.6435,146.9217,146.5243,146.8671,83375.0
2026-04-21 11:15:00,146.8621,146.9813,146.6932,146.7429,142752.0
2026-04-21 11:20:00,146.7379,146.8124,146.5144,146.7429,140507.0
2026-04-21 11:25:00,146.7429,147.3788,146.733,147.1006,277484.0
2026-04-21 11:30:00,147.1055,147.1055,146.6237,146.6237,108086.0
2026-04-21 11:35:00,146.6137,146.8224,146.5889,146.733,83087.0
2026-04-21 11:40:00,146.723,146.8522,146.6833,146.8025,71209.0
2026-04-21 11:45:00,146.8025,147.1204,146.7876,147.1204,116016.0
2026-04-21 11:50:00,147.1204,147.3589,147.1204,147.341,106937.0
2026-04-21 11:55:00,147.339,147.3489,147.0211,147.1552,108312.0
2026-04-21 12:00:00,147.1552,147.2794,147.0112,147.2794,92966.0
2026-04-21 12:05:00,147.2794,147.4185,147.2595,147.3738,63264.0
2026-04-21 12:10:00,147.3887,147.5278,147.3191,147.5079,82767.0
2026-04-21 12:15:00,147.5079,147.5178,147.2148,147.2198,126978.0
2026-04-21 12:20:00,147.2297,147.2297,146.9565,147.1254,71840.0
2026-04-21 12:25:00,147.1254,147.3738,147.1254,147.2794,131557.0
2026-04-21 12:30:00,147.2794,147.3092,147.0062,147.1353,136981.0
2026-04-21 12:35:00,147.1204,147.3092,147.1006,147.2943,96549.0
2026-04-21 12:40:00,147.2993,147.2993,147.0608,147.1651,144218.0
2026-04-21 12:45:00,147.1502,147.2695,147.1006,147.2595,90177.0
2026-04-21 12:50:00,147.2794,147.4582,147.2496,147.2993,95493.0
2026-04-21 12:55:00,147.2993,147.3738,147.2198,147.339,52047.0
2026-04-21 13:00:00,147.3191,147.3191,147.2099,147.2347,84306.0
2026-04-21 13:05:00,147.2297,147.5278,147.2297,147.344,150368.0
2026-04-21 13:10:00,147.3489,147.6371,147.3489,147.5079,165546.0
2026-04-21 13:15:00,147.498,147.8358,147.4731,147.7911,124408.0
2026-04-21 13:20:00,147.796,147.8059,147.6023,147.6403,89376.0
2026-04-21 13:25:00,147.6371,147.7265,147.5775,147.7165,102391.0
2026-04-21 13:30:00,147.7066,147.8258,147.5576,147.5675,193769.0
2026-04-21 13:35:00,147.5874,147.6867,147.2744,147.339,194795.0
2026-04-21 13:40:00,147.339,147.339,146.9416,147.031,117950.0
2026-04-21 13:45:00,147.041,147.2893,147.0112,147.2148,89166.0
2026-04-21 13:50:00,147.2049,147.2049,147.0012,147.1403,109968.0
2026-04-21 13:55:00,147.1403,147.339,147.1035,147.2993,108472.0
2026-04-21 14:00:00,147.2893,147.2893,147.0211,147.036,82345.0
2026-04-21 14:05:00,147.036,147.2099,146.9913,147.19,99545.0
2026-04-21 14:10:00,147.2099,147.329,147.19,147.2794,71712.0
2026-04-21 14:15:00,147.2893,147.5924,147.2794,147.5675,113587.0
2026-04-21 14:20:00,147.5775,147.6569,147.5477,147.5973,192825.0
2026-04-21 14:25:00,147.6073,147.6371,147.5477,147.6073,69379.0
2026-04-21 14:30:00,147.6172,147.7762,147.5775,147.6271,107014.0
2026-04-21 14:35:00,147.6222,147.8456,147.6222,147.7364,296824.0
2026-04-21 14:40:00,147.7364,147.7861,147.5477,147.5775,124093.0
2026-04-21 14:45:00,147.5675,147.7315,147.4781,147.7165,85171.0
2026-04-21 14:50:00,147.7215,147.7762,147.1105,147.19,208986.0
2026-04-21 14:55:00,147.2198,147.3689,147.0708,147.2397,204401.0
2026-04-21 15:00:00,147.2297,147.498,147.2044,147.3092,158948.0
2026-04-21 15:05:00,147.3122,147.3489,147.1254,147.195,212098.0
2026-04-21 15:10:00,147.19,147.2993,147.1304,147.2595,232153.0
2026-04-21 15:15:00,147.2496,147.2794,147.0708,147.1602,184969.0
2026-04-21 15:20:00,147.1602,147.1602,146.8721,146.8721,149938.0
2026-04-21 15:25:00,146.887,146.9515,146.8423,146.8472,140098.0
2026-04-21 15:30:00,146.8472,146.9216,146.6336,146.7777,310159.0
2026-04-21 15:35:00,146.7727,147.1999,146.723,147.1701,373280.0
2026-04-21 15:40:00,147.1751,147.2297,146.8423,147.1403,373028.0
2026-04-21 15:45:00,147.1602,147.488,147.041,147.4781,413831.0
2026-04-21 15:50:00,147.4781,147.5775,147.2893,147.4483,581012.0
2026-04-21 15:55:00,147.4582,147.6271,147.339,147.4086,986995.0
2026-04-22 09:30:00,148.3971,149.7036,148.3971,149.3956,495204.0
2026-04-22 09:35:00,149.4651,149.5049,148.422,148.7498,158153.0
2026-04-22 09:40:00,148.6927,149.028,148.6405,148.8492,159126.0
2026-04-22 09:45:00,148.879,148.9833,148.6604,148.7846,156615.0
2026-04-22 09:50:00,148.8492,149.1671,148.5412,148.561,190515.0
2026-04-22 09:55:00,148.6008,148.7597,148.4349,148.7448,194967.0
2026-04-22 10:00:00,148.72,148.7796,148.3027,148.3325,148314.0
2026-04-22 10:05:00,148.3325,148.4716,148.0644,148.412,162858.0
2026-04-22 10:10:00,148.417,148.7399,148.3825,148.4716,184545.0
2026-04-22 10:15:00,148.4619,148.5014,148.2829,148.3077,172717.0
2026-04-22 10:20:00,148.2928,148.5312,148.2531,148.4617,111106.0
2026-04-22 10:25:00,148.4418,148.5312,148.2432,148.4418,148325.0
2026-04-22 10:30:00,148.4418,148.7697,148.3921,148.6207,141024.0
2026-04-22 10:35:00,148.6356,148.7075,147.9252,147.9401,243111.0
2026-04-22 10:40:00,147.9202,148.412,147.7464,148.4021,234423.0
2026-04-22 10:45:00,148.3822,148.5213,148.2083,148.2183,117073.0
2026-04-22 10:50:00,148.2034,148.3027,148.0345,148.2133,85445.0
2026-04-22 10:55:00,148.2083,148.2232,147.8308,147.8755,95734.0
2026-04-22 11:00:00,147.8954,148.2431,147.8954,148.2133,87845.0
2026-04-22 11:05:00,148.2034,148.3027,147.9351,147.9848,119286.0
2026-04-22 11:10:00,147.9898,147.9898,147.6967,147.7563,101215.0
2026-04-22 11:15:00,147.7165,147.9818,147.6371,147.7265,174293.0
2026-04-22 11:20:00,147.7464,147.7464,147.5278,147.6172,196116.0
2026-04-22 11:25:00,147.5973,147.7265,147.5775,147.7116,131908.0
2026-04-22 11:30:00,147.7265,147.8854,147.7165,147.8258,94811.0
2026-04-22 11:35:00,147.8457,147.9788,147.7811,147.796,91465.0
2026-04-22 11:40:00,147.8159,147.8755,147.7364,147.8755,80949.0
2026-04-22 11:45:00,147.8755,147.9649,147.8258,147.8854,95342.0
2026-04-22 11:50:00,147.8755,148.1388,147.8556,148.0245,91219.0
2026-04-22 11:55:00,148.0047,148.0444,147.9401,148.0345,290572.0
2026-04-22 12:00:00,148.0345,148.104,147.8805,147.8944,78916.0
2026-04-22 12:05:00,147.8954,147.9044,147.7315,147.7414,79711.0
2026-04-22 12:10:00,147.7265,147.7464,147.5675,147.6122,100939.0
2026-04-22 12:15:00,147.6073,147.6669,147.4781,147.5675,90584.0
2026-04-22 12:20:00,147.5775,147.6718,147.498,147.498,74842.0
2026-04-22 12:25:00,147.493,147.5377,147.3092,147.3291,110846.0
2026-04-22 12:30:00,147.3291,147.3489,147.2198,147.2744,70128.0
2026-04-22 12:35:00,147.2645,147.5278,147.2645,147.498,85942.0
2026-04-22 12:40:00,147.493,147.5576,147.4086,147.5129,90058.0
2026-04-22 12:45:00,147.5178,147.5675,147.4682,147.4979,50565.0
2026-04-22 12:50:00,147.5079,147.7165,147.5079,147.7165,93079.0
2026-04-22 12:55:00,147.7165,147.7662,147.667,147.7116,71286.0
2026-04-22 13:00:00,147.7165,147.8854,147.6867,147.7165,84234.0
2026-04-22 13:05:00,147.7066,147.7066,147.5178,147.5178,71561.0
2026-04-22 13:10:00,147.499,147.6967,147.4446,147.6172,57162.0
2026-04-22 13:15:00,147.6469,147.7066,147.5973,147.6768,99392.0
2026-04-22 13:20:00,147.6768,147.806,147.6669,147.796,67579.0
2026-04-22 13:25:00,147.806,147.8656,147.806,147.8457,69547.0
2026-04-22 13:30:00,147.8358,147.8358,147.7215,147.7861,71184.0
2026-04-22 13:35:00,147.7861,147.9947,147.7712,147.9749,135604.0
2026-04-22 13:40:00,147.9848,148.0543,147.9351,147.9649,58259.0
2026-04-22 13:45:00,147.9649,148.0444,147.9351,147.9749,58833.0
2026-04-22 13:50:00,147.9749,148.0643,147.9451,147.9451,43762.0
2026-04-22 13:55:00,147.9351,148.1082,147.9202,148.0593,55375.0
2026-04-22 14:00:00,148.0593,148.1338,147.9333,147.9551,106594.0
2026-04-22 14:05:00,147.9649,148.0643,147.9153,148.0643,44732.0
2026-04-22 14:10:00,148.0593,148.1239,147.9302,147.9351,58458.0
2026-04-22 14:15:00,147.9451,148.1517,147.8954,148.1338,47086.0
2026-04-22 14:20:00,148.1537,148.2232,148.104,148.1796,63611.0
2026-04-22 14:25:00,148.1835,148.2034,148.1239,148.1985,50283.0
2026-04-22 14:30:00,148.1984,148.2829,148.1636,148.2829,56231.0
2026-04-22 14:35:00,148.2829,148.4617,148.2829,148.412,76595.0
2026-04-22 14:40:00,148.412,148.417,148.263,148.263,58360.0
2026-04-22 14:45:00,148.263,148.3027,148.1239,148.1338,65991.0
2026-04-22 14:50:00,148.1289,148.2928,148.0842,148.2531,81817.0
2026-04-22 14:55:00,148.268,148.3425,148.2332,148.3226,69384.0
2026-04-22 15:00:00,148.3127,148.5213,148.2729,148.5114,106159.0
2026-04-22 15:05:00,148.5114,148.571,148.3226,148.3226,91474.0
2026-04-22 15:10:00,148.3325,148.4518,148.2232,148.4319,93962.0
2026-04-22 15:15:00,148.4219,148.6207,148.412,148.5114,118447.0
2026-04-22 15:20:00,148.534,148.7349,148.5312,148.72,118385.0
2026-04-22 15:25:00,148.7299,148.7597,148.5412,148.5988,129099.0
2026-04-22 15:30:00,148.6008,148.6902,148.5215,148.6406,162960.0
2026-04-22 15:35:00,148.6703,148.7001,148.5312,148.5362,125914.0
2026-04-22 15:40:00,148.5412,148.6207,148.4617,148.4816,116664.0
2026-04-22 15:45:00,148.4915,148.6207,148.4418,148.4518,260425.0
2026-04-22 15:50:00,148.4518,148.5014,148.2431,148.2928,725215.0
2026-04-22 15:55:00,148.2729,148.6008,148.2332,148.5213,553652.0
2026-04-23 09:30:00,148.879,150.25,148.879,148.8791,522564.0
2026-04-23 09:35:00,148.879,149.1075,148.6306,148.8293,221344.0
2026-04-23 09:40:00,148.8194,149.2664,148.7896,149.2664,187506.0
2026-04-23 09:45:00,149.2664,149.4155,148.3226,148.7001,230897.0
2026-04-23 09:50:00,148.7101,148.9485,148.6505,148.7498,74455.0
2026-04-23 09:55:00,148.7995,148.9584,148.7001,148.9038,90898.0
2026-04-23 10:00:00,148.9187,149.1969,148.5511,148.7101,157446.0
2026-04-23 10:05:00,148.7498,149.0704,148.6902,149.0081,79482.0
2026-04-23 10:10:00,148.9982,149.2267,148.9783,149.0677,116443.0
2026-04-23 10:15:00,149.0876,149.2565,148.8491,149.2168,209948.0
2026-04-23 10:20:00,149.2318,149.3261,148.9187,148.9286,90061.0
2026-04-23 10:25:00,148.9485,149.028,148.8393,148.8988,70244.0
2026-04-23 10:30:00,148.8889,148.8889,148.6256,148.6703,101809.0
2026-04-23 10:35:00,148.6803,148.8641,148.571,148.7532,103617.0
2026-04-23 10:40:00,148.7597,149.0081,148.7399,148.8045,89443.0
2026-04-23 10:45:00,148.7896,148.9336,148.6405,148.9336,68082.0
2026-04-23 10:50:00,148.9485,148.9882,148.6107,148.6206,93244.0
2026-04-23 10:55:00,148.6207,148.6306,148.2431,148.2829,96207.0
2026-04-23 11:00:00,148.2928,148.3077,148.0444,148.2729,144422.0
2026-04-23 11:05:00,148.2431,148.3027,148.114,148.1338,127245.0
2026-04-23 11:10:00,148.1239,148.2829,148.0941,148.1934,82954.0
2026-04-23 11:15:00,148.1736,148.2183,147.7165,147.7563,160609.0
2026-04-23 11:20:00,147.7464,147.8556,147.5327,147.5973,124073.0
2026-04-23 11:25:00,147.6321,147.8954,147.6073,147.8854,110781.0
2026-04-23 11:30:00,147.8755,148.0295,147.8358,147.955,110434.0
2026-04-23 11:35:00,147.96,148.0941,147.9451,148.0345,83899.0
2026-04-23 11:40:00,148.0345,148.0543,147.8109,147.9649,82538.0
2026-04-23 11:45:00,147.9451,148.2183,147.9451,148.2034,180485.0
2026-04-23 11:50:00,148.2034,148.3127,148.1537,148.2232,110811.0
2026-04-23 11:55:00,148.2183,148.255,148.0543,148.1835,96519.0
2026-04-23 12:00:00,148.1736,148.2928,148.1338,148.2729,52992.0
2026-04-23 12:05:00,148.2878,148.3325,148.2232,148.2928,55847.0
2026-04-23 12:10:00,148.2878,148.2878,148.1239,148.1239,59759.0
2026-04-23 12:15:00,148.1239,148.238,148.0742,148.238,68747.0
2026-04-23 12:20:00,148.2431,148.3524,148.2431,148.3524,75980.0
2026-04-23 12:25:00,148.3474,148.4021,148.3226,148.3524,70551.0
2026-04-23 12:30:00,148.3623,148.3822,148.1239,148.1338,89377.0
2026-04-23 12:35:00,148.1289,148.263,148.0543,148.258,72071.0
2026-04-23 12:40:00,148.2531,148.3226,148.1855,148.1934,57534.0
2026-04-23 12:45:00,148.1934,148.2779,148.0792,148.0891,80606.0
2026-04-23 12:50:00,148.104,148.1289,147.8854,148.0047,100800.0
2026-04-23 12:55:00,148.0047,148.104,147.9749,148.0444,51386.0
2026-04-23 13:00:00,148.0282,148.5213,148.0282,148.412,172801.0
2026-04-23 13:05:00,148.4319,148.6852,148.3921,148.6703,120143.0
2026-04-23 13:10:00,148.6753,148.9982,148.5412,148.9386,142081.0
2026-04-23 13:15:00,148.9386,149.0777,148.7796,148.9386,205817.0
2026-04-23 13:20:00,148.9584,149.0677,148.7224,148.7697,142831.0
2026-04-23 13:25:00,148.7697,148.9535,148.6405,148.9535,139532.0
2026-04-23 13:30:00,148.9634,149.2118,148.9634,148.9982,143407.0
2026-04-23 13:35:00,148.9982,149.1721,148.8293,149.1472,182223.0
2026-04-23 13:40:00,149.1472,149.5943,149.1124,149.5844,236685.0
2026-04-23 13:45:00,149.5744,149.7134,149.187,149.2168,222766.0
2026-04-23 13:50:00,149.2267,149.485,148.6256,148.869,372555.0
2026-04-23 13:55:00,148.874,149.033,148.6448,148.9584,150010.0
2026-04-23 14:00:00,148.9187,149.028,148.6902,148.9286,102191.0
2026-04-23 14:05:00,148.9386,149.0578,148.7945,149.0578,78981.0
2026-04-23 14:10:00,149.0379,149.2164,148.9386,149.177,115897.0
2026-04-23 14:15:00,149.1969,149.2813,149.0975,149.2068,73812.0
2026-04-23 14:20:00,149.2019,149.2764,149.1273,149.1372,73073.0
2026-04-23 14:25:00,149.1373,149.1373,148.9884,149.1273,59388.0
2026-04-23 14:30:00,149.1273,149.1969,149.0578,149.0777,49599.0
2026-04-23 14:35:00,149.1075,149.2863,149.0181,149.2862,72702.0
2026-04-23 14:40:00,149.2717,149.3459,149.2267,149.2565,64155.0
2026-04-23 14:45:00,149.2515,149.3211,149.1825,149.2714,68929.0
2026-04-23 14:50:00,149.2714,149.4055,149.1969,149.2416,64073.0
2026-04-23 14:55:00,149.2565,149.3459,149.177,149.1969,61709.0
2026-04-23 15:00:00,149.1969,149.3161,149.1472,149.2714,69272.0
2026-04-23 15:05:00,149.2664,149.3062,149.1671,149.2088,93217.0
2026-04-23 15:10:00,149.2068,149.3111,149.187,149.3012,83848.0
2026-04-23 15:15:00,149.2962,149.4155,149.2366,149.4155,68168.0
2026-04-23 15:20:00,149.4055,149.5248,149.3956,149.475,126745.0
2026-04-23 15:25:00,149.4651,149.5148,149.2664,149.2664,123417.0
2026-04-23 15:30:00,149.2764,149.4055,149.2168,149.4055,94477.0
2026-04-23 15:35:00,149.4353,149.5347,149.336,149.3558,78294.0
2026-04-23 15:40:00,149.3459,149.5297,149.3261,149.3857,112682.0
2026-04-23 15:45:00,149.3757,149.48,149.346,149.4612,136863.0
2026-04-23 15:50:00,149.4552,149.495,149.2962,149.3957,203504.0
2026-04-23 15:55:00,149.3956,149.7036,149.3956,149.5645,1338491.0
2026-04-24 09:30:00,148.6703,149.3261,147.7066,147.9749,339132.0
2026-04-24 09:35:00,147.9849,148.1934,147.5635,147.7066,138835.0
2026-04-24 09:40:00,147.7132,148.4119,147.5576,148.2183,126835.0
2026-04-24 09:45:00,148.1934,148.412,147.8159,147.9351,122660.0
2026-04-24 09:50:00,147.9252,148.5809,147.8656,148.5809,83341.0
2026-04-24 09:55:00,148.571,148.8909,148.4518,148.4915,109493.0
2026-04-24 10:00:00,148.4816,148.4816,147.7662,147.7664,134481.0
2026-04-24 10:05:00,147.7662,147.806,147.4185,147.5278,179339.0
2026-04-24 10:10:00,147.5178,147.6222,147.339,147.5824,89453.0
2026-04-24 10:15:00,147.5924,147.9052,147.5924,147.796,98583.0
2026-04-24 10:20:00,147.8209,147.8954,147.6172,147.8854,51675.0
2026-04-24 10:25:00,147.8904,148.0146,147.7861,147.8457,90554.0
2026-04-24 10:30:00,147.816,147.8556,147.4483,147.5079,104406.0
2026-04-24 10:35:00,147.498,147.5775,147.3688,147.4581,110700.0
2026-04-24 10:40:00,147.4284,147.498,147.2595,147.3489,113061.0
2026-04-24 10:45:00,147.3291,147.6271,147.2617,147.493,98553.0
2026-04-24 10:50:00,147.5079,147.6371,147.4582,147.5675,63379.0
2026-04-24 10:55:00,147.5775,147.5874,147.4135,147.4781,79956.0
2026-04-24 11:00:00,147.4781,147.5675,147.4384,147.4831,93151.0
2026-04-24 11:05:00,147.488,147.5079,147.3489,147.3589,109561.0
2026-04-24 11:10:00,147.3489,147.3986,147.0906,147.0906,106915.0
2026-04-24 11:15:00,147.0807,147.2695,147.0112,147.2695,110314.0
2026-04-24 11:20:00,147.2595,147.2782,146.9816,147.041,84022.0
2026-04-24 11:25:00,147.041,147.1403,146.9515,146.9714,79909.0
2026-04-24 11:30:00,146.9813,146.9813,146.7379,146.8124,118849.0
2026-04-24 11:35:00,146.8025,146.8918,146.6634,146.6932,91022.0
2026-04-24 11:40:00,146.6737,146.882,146.4647,146.4647,154722.0
2026-04-24 11:45:00,146.4746,146.6535,146.2461,146.3753,183611.0
2026-04-24 11:50:00,146.4051,146.42,145.9983,146.1965,152193.0
2026-04-24 11:55:00,146.1915,146.3157,146.0077,146.2442,181875.0
2026-04-24 12:00:00,146.2561,146.4647,146.1617,146.4647,100460.0
2026-04-24 12:05:00,146.4846,146.5442,146.3207,146.5045,107340.0
2026-04-24 12:10:00,146.5195,146.5343,146.2461,146.3272,77846.0
2026-04-24 12:15:00,146.3356,146.3852,146.1997,146.3753,56603.0
2026-04-24 12:20:00,146.3654,146.3753,146.2958,146.3752,51600.0
2026-04-24 12:25:00,146.3654,146.5144,146.3455,146.4448,103773.0
2026-04-24 12:30:00,146.425,146.425,146.266,146.3554,84966.0
2026-04-24 12:35:00,146.3505,146.3505,146.2067,146.3306,63057.0
2026-04-24 12:40:00,146.3207,146.5343,146.2809,146.4448,119648.0
2026-04-24 12:45:00,146.4548,146.4746,146.3157,146.3654,58212.0
2026-04-24 12:50:00,146.3654,146.3753,146.1468,146.2809,97270.0
2026-04-24 12:55:00,146.2759,146.3226,146.0872,146.1965,91407.0
2026-04-24 13:00:00,146.2084,146.2373,146.117,146.1402,74438.0
2026-04-24 13:05:00,146.1418,146.2263,146.107,146.1468,86830.0
2026-04-24 13:10:00,146.1567,146.4349,146.1567,146.3852,73882.0
2026-04-24 13:15:00,146.3952,146.5839,146.3754,146.3754,102935.0
2026-04-24 13:20:00,146.3654,146.5442,146.3654,146.4995,67192.0
2026-04-24 13:25:00,146.4896,146.6237,146.4896,146.5641,79446.0
2026-04-24 13:30:00,146.574,146.6137,146.4847,146.5045,68905.0
2026-04-24 13:35:00,146.5045,146.574,146.3455,146.5641,61746.0
2026-04-24 13:40:00,146.574,146.7032,146.5541,146.6634,47776.0
2026-04-24 13:45:00,146.6535,146.6932,146.5243,146.5343,55459.0
2026-04-24 13:50:00,146.5442,146.6137,146.4547,146.5641,99122.0
2026-04-24 13:55:00,146.5442,146.5939,146.4647,146.574,86737.0
2026-04-24 14:00:00,146.5641,146.733,146.5641,146.733,83028.0
2026-04-24 14:05:00,146.733,146.8621,146.6787,146.733,103966.0
2026-04-24 14:10:00,146.733,146.8721,146.6634,146.6674,65476.0
2026-04-24 14:15:00,146.6734,146.8224,146.6634,146.7826,66414.0
2026-04-24 14:20:00,146.7826,146.8721,146.7131,146.8621,71631.0
2026-04-24 14:25:00,146.8522,146.9316,146.8323,146.8919,81051.0
2026-04-24 14:30:00,146.9019,147.0509,146.9019,146.9019,85591.0
2026-04-24 14:35:00,146.9019,146.9913,146.8621,146.9813,60466.0
2026-04-24 14:40:00,146.9714,147.1105,146.9416,147.0658,69741.0
2026-04-24 14:45:00,147.0439,147.1701,147.041,147.1006,87377.0
2026-04-24 14:50:00,147.0906,147.1403,147.0559,147.0906,76235.0
2026-04-24 14:55:00,147.1006,147.2496,147.0807,147.19,104128.0
2026-04-24 15:00:00,147.18,147.2695,147.1602,147.2347,90535.0
2026-04-24 15:05:00,147.2397,147.2496,147.1105,147.2099,82819.0
2026-04-24 15:10:00,147.2099,147.2297,147.1304,147.1403,76635.0
2026-04-24 15:15:00,147.1353,147.2198,147.1006,147.1118,95025.0
2026-04-24 15:20:00,147.1304,147.2198,147.0906,147.1502,76480.0
2026-04-24 15:25:00,147.1602,147.2496,147.1403,147.2496,111096.0
2026-04-24 15:30:00,147.2496,147.3687,147.19,147.2729,143807.0
2026-04-24 15:35:00,147.2893,147.3989,147.0608,147.2993,151608.0
2026-04-24 15:40:00,147.2993,147.3539,147.1403,147.18,148255.0
2026-04-24 15:45:00,147.1651,147.2893,147.072,147.2397,171118.0
2026-04-24 15:50:00,147.2248,147.7066,147.2099,147.6967,847252.0
2026-04-24 15:55:00,147.6713,148.1736,147.6371,147.8755,980046.0
2026-04-27 09:30:00,148.1885,149.8228,148.0047,149.3906,587914.0
2026-04-27 09:35:00,149.4055,149.6142,148.9485,149.4751,220933.0
2026-04-27 09:40:00,149.3658,149.8228,149.2664,149.5744,128382.0
2026-04-27 09:45:00,149.5446,149.8129,149.4453,149.7334,166008.0
2026-04-27 09:50:00,149.7384,150.2003,149.5049,149.5382,235363.0
2026-04-27 09:55:00,149.5297,149.8129,149.5248,149.7533,160303.0
2026-04-27 10:00:00,149.7334,149.7731,148.9187,148.9485,204313.0
2026-04-27 10:05:00,148.9386,149.4155,148.8293,149.4055,108217.0
2026-04-27 10:10:00,149.4105,149.6738,149.336,149.5943,126006.0
2026-04-27 10:15:00,149.6092,149.6142,149.0975,149.5744,251379.0
2026-04-27 10:20:00,149.6142,149.644,149.4204,149.4254,119859.0
2026-04-27 10:25:00,149.4155,149.5049,149.1373,149.1671,125626.0
2026-04-27 10:30:00,149.187,149.3658,148.8392,148.8392,135318.0
2026-04-27 10:35:00,148.8293,148.8492,148.5312,148.6753,157070.0
2026-04-27 10:40:00,148.6455,148.7548,148.2035,148.2232,135431.0
2026-04-27 10:45:00,148.2034,148.3226,148.1338,148.1929,84985.0
2026-04-27 10:50:00,148.2133,148.3027,148.0842,148.3027,105552.0
2026-04-27 10:55:00,148.2928,148.561,148.2332,148.3425,103404.0
2026-04-27 11:00:00,148.3623,148.6306,148.2232,148.5908,97950.0
2026-04-27 11:05:00,148.5809,148.6157,148.2133,148.2133,83858.0
2026-04-27 11:10:00,148.2133,148.3425,148.1736,148.3027,50698.0
2026-04-27 11:15:00,148.3077,148.3624,148.1636,148.2183,75712.0
2026-04-27 11:20:00,148.2034,148.4518,148.1785,148.4219,89183.0
2026-04-27 11:25:00,148.412,148.4766,148.1239,148.1289,109445.0
2026-04-27 11:30:00,148.1239,148.2481,148.0643,148.0643,69542.0
2026-04-27 11:35:00,148.0593,148.104,147.8656,147.9103,124441.0
2026-04-27 11:40:00,147.8954,147.8954,147.5775,147.5775,108370.0
2026-04-27 11:45:00,147.6123,147.6172,147.4582,147.488,89441.0
2026-04-27 11:50:00,147.4781,147.5952,147.4582,147.5178,75637.0
2026-04-27 11:55:00,147.5178,147.5873,147.4185,147.5576,79035.0
2026-04-27 12:00:00,147.5576,147.5576,147.4185,147.4781,80753.0
2026-04-27 12:05:00,147.488,147.498,147.3688,147.4682,77124.0
2026-04-27 12:10:00,147.4582,147.6967,147.4185,147.652,65413.0
2026-04-27 12:15:00,147.6669,147.6718,147.3291,147.3539,64178.0
2026-04-27 12:20:00,147.339,147.488,147.3092,147.488,94628.0
2026-04-27 12:25:00,147.488,147.5129,147.3589,147.3788,72561.0
2026-04-27 12:30:00,147.369,147.3788,147.2496,147.2697,81818.0
2026-04-27 12:35:00,147.2695,147.2695,147.0608,147.0807,82865.0
2026-04-27 12:40:00,147.0757,147.319,147.0608,147.3042,62384.0
2026-04-27 12:45:00,147.2893,147.4086,147.2595,147.2993,91522.0
2026-04-27 12:50:00,147.2844,147.3191,147.1999,147.2248,52727.0
2026-04-27 12:55:00,147.2397,147.3837,147.2397,147.3837,67690.0
2026-04-27 13:00:00,147.3788,147.3788,147.1006,147.1105,79273.0
2026-04-27 13:05:00,147.1105,147.1304,147.0113,147.0608,63389.0
2026-04-27 13:10:00,147.0608,147.3589,147.0509,147.3539,121235.0
2026-04-27 13:15:00,147.3589,147.7066,147.339,147.7066,69274.0
2026-04-27 13:20:00,147.7066,147.7563,147.3191,147.334,96990.0
2026-04-27 13:25:00,147.3291,147.4662,147.2695,147.4433,69837.0
2026-04-27 13:30:00,147.4185,147.4682,147.2695,147.2844,45189.0
2026-04-27 13:35:00,147.2893,147.3092,147.2128,147.2893,67298.0
2026-04-27 13:40:00,147.2695,147.3291,147.2248,147.2397,39982.0
2026-04-27 13:45:00,147.2421,147.2595,147.0906,147.1006,49971.0
2026-04-27 13:50:00,147.0906,147.18,147.0807,147.0906,40335.0
2026-04-27 13:55:00,147.0906,147.1204,147.031,147.0807,54067.0
2026-04-27 14:00:00,147.0857,147.5079,147.0807,147.498,69588.0
2026-04-27 14:05:00,147.498,147.6172,147.4781,147.5178,54533.0
2026-04-27 14:10:00,147.493,147.6947,147.493,147.647,47397.0
2026-04-27 14:15:00,147.652,147.6967,147.6023,147.6569,72720.0
2026-04-27 14:20:00,147.6669,147.7464,147.6073,147.7066,57640.0
2026-04-27 14:25:00,147.7364,147.7762,147.6967,147.7066,58178.0
2026-04-27 14:30:00,147.7066,147.8209,147.6967,147.7364,49774.0
2026-04-27 14:35:00,147.7364,147.9053,147.7364,147.9053,74894.0
2026-04-27 14:40:00,147.9053,147.9649,147.8457,147.8457,69131.0
2026-04-27 14:45:00,147.8457,148.0444,147.806,148.0345,79659.0
2026-04-27 14:50:00,148.0692,148.2133,148.0444,148.2034,71548.0
2026-04-27 14:55:00,148.1984,148.2431,148.0047,148.0295,79382.0
2026-04-27 15:00:00,148.0345,148.2034,148.0096,148.1736,150959.0
2026-04-27 15:05:00,148.1722,148.2034,147.9351,147.9451,78141.0
2026-04-27 15:10:00,147.955,147.9848,147.7066,147.7165,72810.0
2026-04-27 15:15:00,147.7165,147.7265,147.5725,147.6271,98094.0
2026-04-27 15:20:00,147.6271,147.796,147.5675,147.6669,85567.0
2026-04-27 15:25:00,147.6669,147.7464,147.5775,147.7364,99010.0
2026-04-27 15:30:00,147.7364,147.7364,147.4235,147.4483,139914.0
2026-04-27 15:35:00,147.4483,147.6122,147.3887,147.4591,108696.0
2026-04-27 15:40:00,147.4731,147.5377,147.389,147.4334,101921.0
2026-04-27 15:45:00,147.4185,147.642,147.4086,147.5874,185013.0
2026-04-27 15:50:00,147.5775,147.9649,147.5477,147.8805,881832.0
2026-04-27 15:55:00,147.8656,147.9153,147.1204,147.2198,930704.0
2026-04-28 09:30:00,150.5481,150.9356,149.7433,150.0911,677778.0
2026-04-28 09:35:00,150.101,150.1209,149.4254,149.8725,200366.0
2026-04-28 09:40:00,149.8327,149.9718,148.9982,149.3509,220460.0
2026-04-28 09:45:00,149.336,149.5028,149.187,149.4155,217721.0
2026-04-28 09:50:00,149.4155,149.4403,148.917,148.9684,203416.0
2026-04-28 09:55:00,148.9684,149.6291,148.9286,149.5446,212516.0
2026-04-28 10:00:00,149.5446,149.6042,148.9883,149.2068,246409.0
2026-04-28 10:05:00,149.2068,149.3906,148.8591,149.2764,166942.0
2026-04-28 10:10:00,149.2615,149.485,149.2068,149.4055,177860.0
2026-04-28 10:15:00,149.4254,149.5844,149.3062,149.5347,170359.0
2026-04-28 10:20:00,149.5347,149.5397,149.0975,149.3658,134766.0
2026-04-28 10:25:00,149.3559,149.5248,149.1273,149.4651,189582.0
2026-04-28 10:30:00,149.4651,149.7334,149.2664,149.6042,222773.0
2026-04-28 10:35:00,149.6142,150.0712,149.485,150.0116,217409.0
2026-04-28 10:40:00,150.0315,150.1507,149.7195,149.8009,265144.0
2026-04-28 10:45:00,149.7831,150.1904,149.7235,150.1904,245684.0
2026-04-28 10:50:00,150.1954,150.404,150.0911,150.2947,263096.0
2026-04-28 10:55:00,150.2798,150.3792,149.942,149.952,194151.0
2026-04-28 11:00:00,149.952,150.1308,149.7235,149.7533,223202.0
2026-04-28 11:05:00,149.7582,150.101,149.7433,150.0016,119105.0
2026-04-28 11:10:00,150.0116,150.3096,149.9619,150.2798,174550.0
2026-04-28 11:15:00,150.2848,150.707,150.2798,150.6872,200619.0
2026-04-28 11:20:00,150.6674,150.9256,150.6674,150.9057,224298.0
2026-04-28 11:25:00,150.9057,151.0846,150.8759,150.9057,219694.0
2026-04-28 11:30:00,150.9057,151.2137,150.8908,151.2038,141414.0
2026-04-28 11:35:00,151.2038,151.323,151.1541,151.2435,198535.0
2026-04-28 11:40:00,151.2336,151.3082,151.0746,151.1839,235536.0
2026-04-28 11:45:00,151.1932,151.2217,150.9157,150.9754,137625.0
2026-04-28 11:50:00,150.9753,150.9811,150.6673,150.7468,119138.0
2026-04-28 11:55:00,150.7567,150.8759,150.7418,150.7716,66982.0
2026-04-28 12:00:00,150.7766,150.8065,150.5878,150.7269,105639.0
2026-04-28 12:05:00,150.7369,150.8064,150.6574,150.7667,69254.0
2026-04-28 12:10:00,150.7518,150.9852,150.7469,150.8859,91420.0
2026-04-28 12:15:00,150.8859,150.9753,150.8362,150.8759,136656.0
2026-04-28 12:20:00,150.866,150.9107,150.6673,150.6939,76872.0
2026-04-28 12:25:00,150.6673,150.8362,150.6574,150.7468,95440.0
2026-04-28 12:30:00,150.7468,150.8263,150.7021,150.8263,95702.0
2026-04-28 12:35:00,150.8461,150.861,150.6474,150.7269,144159.0
2026-04-28 12:40:00,150.7219,150.7567,150.6077,150.6375,77080.0
2026-04-28 12:45:00,150.6474,150.6474,150.4487,150.6176,136627.0
2026-04-28 12:50:00,150.6176,150.717,150.5282,150.707,84968.0
2026-04-28 12:55:00,150.7021,150.7035,150.4984,150.568,79040.0
2026-04-28 13:00:00,150.558,150.6574,150.4686,150.6574,60853.0
2026-04-28 13:05:00,150.6524,150.6524,150.414,150.414,82785.0
2026-04-28 13:10:00,150.4289,150.5183,150.409,150.4289,102728.0
2026-04-28 13:15:00,150.4189,150.6176,150.409,150.6176,97001.0
2026-04-28 13:20:00,150.6027,150.6077,150.4686,150.4736,88448.0
2026-04-28 13:25:00,150.4736,150.5481,150.409,150.4388,68507.0
2026-04-28 13:30:00,150.4388,150.4785,150.3096,150.3593,82940.0
2026-04-28 13:35:00,150.3593,150.4189,150.2699,150.2798,77871.0
2026-04-28 13:40:00,150.2749,150.2749,150.1308,150.1507,75987.0
2026-04-28 13:45:00,150.1457,150.2302,150.1159,150.2003,68030.0
2026-04-28 13:50:00,150.2003,150.2103,149.9818,150.0016,96952.0
2026-04-28 13:55:00,150.0116,150.0414,149.9619,149.9992,77186.0
2026-04-28 14:00:00,150.0016,150.0116,149.8228,149.9321,97771.0
2026-04-28 14:05:00,149.9222,149.9321,149.7731,149.9222,99794.0
2026-04-28 14:10:00,149.9122,150.0215,149.9023,150.0116,84631.0
2026-04-28 14:15:00,150.0151,150.1407,149.9917,150.1159,93424.0
2026-04-28 14:20:00,150.101,150.106,149.9321,149.9321,112226.0
2026-04-28 14:25:00,149.9321,150.0762,149.9172,149.9669,86103.0
2026-04-28 14:30:00,149.9669,149.9718,149.8626,149.9122,96137.0
2026-04-28 14:35:00,149.9122,150.0116,149.7533,149.8228,91661.0
2026-04-28 14:40:00,149.8228,149.8228,149.7284,149.7284,62706.0
2026-04-28 14:45:00,149.7284,149.7682,149.6291,149.6638,101591.0
2026-04-28 14:50:00,149.6638,149.6638,149.4353,149.4453,75818.0
2026-04-28 14:55:00,149.4552,149.644,149.4552,149.495,66847.0
2026-04-28 15:00:00,149.495,149.5248,149.3857,149.4156,83091.0
2026-04-28 15:05:00,149.4254,149.7457,149.3658,149.5347,97020.0
2026-04-28 15:10:00,149.5347,149.6539,149.4552,149.6539,81704.0
2026-04-28 15:15:00,149.6539,149.7135,149.6142,149.6937,102167.0
2026-04-28 15:20:00,149.7036,149.788,149.6837,149.7135,73927.0
2026-04-28 15:25:00,149.7036,149.8228,149.6539,149.8228,95243.0
2026-04-28 15:30:00,149.8228,149.9222,149.793,149.8129,110987.0
2026-04-28 15:35:00,149.8129,149.8427,149.639,149.6986,129989.0
2026-04-28 15:40:00,149.6937,149.7806,149.6738,149.7284,134474.0
2026-04-28 15:45:00,149.7235,149.8725,149.6638,149.793,156980.0
2026-04-28 15:50:00,149.793,149.793,149.4651,149.5844,797249.0
2026-04-28 15:55:00,149.5844,149.8029,149.5049,149.6142,654886.0
2026-04-29 09:30:00,151.0299,151.7403,150.6971,151.4875,352534.0
2026-04-29 09:35:00,151.5317,151.8794,150.8958,150.9157,242856.0
2026-04-29 09:40:00,150.9517,150.9517,150.3593,150.5779,246925.0
2026-04-29 09:45:00,150.568,150.9157,150.1705,150.2103,196629.0
2026-04-29 09:50:00,150.1904,150.6474,150.0315,150.6375,137039.0
2026-04-29 09:55:00,150.6375,151.2684,150.6325,151.2634,189001.0
2026-04-29 10:00:00,151.2634,151.4422,151.015,151.1541,234292.0
2026-04-29 10:05:00,151.154,151.3131,151.0448,151.1144,126699.0
2026-04-29 10:10:00,151.1243,151.2982,151.0299,151.2982,98577.0
2026-04-29 10:15:00,151.2734,151.3479,151.0251,151.0746,95399.0
2026-04-29 10:20:00,151.0647,151.2237,150.9455,150.9455,120367.0
2026-04-29 10:25:00,150.9505,151.2237,150.9157,151.0349,133072.0
2026-04-29 10:30:00,151.0349,151.4919,151.0349,151.2038,153602.0
2026-04-29 10:35:00,151.2038,151.2237,150.9505,151.1648,114356.0
2026-04-29 10:40:00,151.1839,151.2932,150.9853,151.1144,109162.0
2026-04-29 10:45:00,151.0945,151.2524,151.0349,151.2435,94480.0
2026-04-29 10:50:00,151.2535,151.3826,151.1839,151.2634,88846.0
2026-04-29 10:55:00,151.2535,151.3727,151.1988,151.2833,125496.0
2026-04-29 11:00:00,151.2684,151.3429,151.2237,151.2932,136711.0
2026-04-29 11:05:00,151.3032,151.3975,151.2137,151.3081,110329.0
2026-04-29 11:10:00,151.3131,151.4919,151.2336,151.3926,103550.0
2026-04-29 11:15:00,151.4025,151.4522,151.2336,151.3727,110351.0
2026-04-29 11:20:00,151.3727,151.5601,151.3032,151.4124,105134.0
2026-04-29 11:25:00,151.4225,151.6757,151.4225,151.5714,133502.0
2026-04-29 11:30:00,151.5913,151.7006,151.487,151.6012,122868.0
2026-04-29 11:35:00,151.5813,151.6982,151.4721,151.5317,81879.0
2026-04-29 11:40:00,151.5317,151.78,151.482,151.7651,100178.0
2026-04-29 11:45:00,151.77,151.8198,151.5615,151.6757,103723.0
2026-04-29 11:50:00,151.6807,152.1725,151.6807,152.1675,160709.0
2026-04-29 11:55:00,152.1576,152.6444,152.1047,152.6444,281997.0
2026-04-29 12:00:00,152.6146,152.6991,152.4159,152.5401,150162.0
2026-04-29 12:05:00,152.5401,152.704,152.4209,152.6891,107459.0
2026-04-29 12:10:00,152.6941,152.9822,152.6941,152.9276,189376.0
2026-04-29 12:15:00,152.9176,153.2703,152.9176,153.2554,163730.0
2026-04-29 12:20:00,153.2604,153.4591,153.1908,153.4492,147463.0
2026-04-29 12:25:00,153.4194,153.5286,153.3001,153.4839,148666.0
2026-04-29 12:30:00,153.4988,153.8366,153.4988,153.6578,188518.0
2026-04-29 12:35:00,153.6379,153.8366,153.2703,153.2703,162503.0
2026-04-29 12:40:00,153.2703,153.2703,152.8829,153.1014,128371.0
2026-04-29 12:45:00,153.1114,153.3299,153.012,153.315,105672.0
2026-04-29 12:50:00,153.32,153.4144,153.2107,153.3796,118012.0
2026-04-29 12:55:00,153.3796,153.598,153.3796,153.5684,91424.0
2026-04-29 13:00:00,153.5485,153.9459,153.5286,153.9062,158420.0
2026-04-29 13:05:00,153.8962,153.936,153.5833,153.5982,160942.0
2026-04-29 13:10:00,153.5883,153.8565,153.4889,153.7671,108970.0
2026-04-29 13:15:00,153.777,153.8366,153.5783,153.6181,105144.0
2026-04-29 13:20:00,153.6181,153.6181,153.2952,153.4722,111480.0
2026-04-29 13:25:00,153.479,153.6081,153.3622,153.4293,91218.0
2026-04-29 13:30:00,153.4293,153.4293,153.166,153.3001,111229.0
2026-04-29 13:35:00,153.3101,153.6205,153.2952,153.5783,113203.0
2026-04-29 13:40:00,153.5883,153.8267,153.5883,153.6081,130591.0
2026-04-29 13:45:00,153.5783,153.5932,153.3945,153.4144,70818.0
2026-04-29 13:50:00,153.4045,153.4045,152.9921,153.0716,66301.0
2026-04-29 13:55:00,153.0518,153.0816,152.9027,152.9226,51662.0
2026-04-29 14:00:00,152.9027,153.171,152.8233,153.0915,81538.0
2026-04-29 14:05:00,153.0984,153.2753,153.0617,153.2505,78285.0
2026-04-29 14:10:00,153.2703,153.32,153.1412,153.2803,76083.0
2026-04-29 14:15:00,153.2704,153.2803,153.0021,153.0716,63068.0
2026-04-29 14:20:00,153.0667,153.0716,152.9325,152.9921,73465.0
2026-04-29 14:25:00,153.0021,153.1809,152.9524,153.1608,69262.0
2026-04-29 14:30:00,153.161,153.3399,153.0816,153.0915,141039.0
2026-04-29 14:35:00,153.0915,153.1213,152.7607,152.9524,96541.0
2026-04-29 14:40:00,152.9524,153.0319,152.863,152.9226,61929.0
2026-04-29 14:45:00,152.9325,153.0319,152.6643,152.6742,88785.0
2026-04-29 14:50:00,152.6643,152.9425,152.575,152.7736,114651.0
2026-04-29 14:55:00,152.7636,152.8928,152.6643,152.6941,75349.0
2026-04-29 15:00:00,152.704,152.7636,152.6245,152.7338,153152.0
2026-04-29 15:05:00,152.7636,153.0319,152.7537,152.9524,118761.0
2026-04-29 15:10:00,152.9425,153.1412,152.8034,153.1312,87741.0
2026-04-29 15:15:00,153.1263,153.1908,153.0518,153.1511,99484.0
2026-04-29 15:20:00,153.1312,153.2405,153.0816,153.1631,89425.0
2026-04-29 15:25:00,153.171,153.2207,153.0396,153.2132,106315.0
2026-04-29 15:30:00,153.2207,153.5286,153.2157,153.3598,187187.0
2026-04-29 15:35:00,153.3697,153.4591,153.3001,153.4094,107835.0
2026-04-29 15:40:00,153.4094,153.4094,153.0915,153.1213,135017.0
2026-04-29 15:45:00,153.1014,153.3697,153.0915,153.2455,178202.0
2026-04-29 15:50:00,153.2505,153.5684,153.2505,153.474,935177.0
2026-04-29 15:55:00,153.479,153.7273,153.3399,153.6677,794325.0
2026-04-30 09:30:00,151.4422,151.7204,150.3593,151.6509,118277.0
2026-04-30 09:35:00,151.8993,152.5649,151.6509,152.4656,542504.0
2026-04-30 09:40:00,152.4556,152.6245,152.1874,152.4755,216866.0
2026-04-30 09:45:00,152.4705,152.9921,152.4705,152.8928,172996.0
2026-04-30 09:50:00,152.9027,153.3795,152.7636,153.1412,197318.0
2026-04-30 09:55:00,153.1412,153.2703,152.7636,152.8034,167820.0
2026-04-30 10:00:00,152.7636,153.0021,152.6841,152.7854,157890.0
2026-04-30 10:05:00,152.8033,153.012,152.6841,152.6891,146503.0
2026-04-30 10:10:00,152.714,153.0617,152.6644,152.714,138620.0
2026-04-30 10:15:00,152.6941,153.1213,152.5451,153.0021,222535.0
2026-04-30 10:20:00,153.0021,153.1908,152.8829,153.1908,164641.0
2026-04-30 10:25:00,153.1859,153.5982,153.1859,153.2008,120934.0
2026-04-30 10:30:00,153.2306,153.6727,153.2207,153.6181,133729.0
2026-04-30 10:35:00,153.5783,153.8068,153.4343,153.787,169064.0
2026-04-30 10:40:00,153.8019,153.926,153.5068,153.5187,160960.0
2026-04-30 10:45:00,153.5237,153.5386,153.3399,153.4243,110367.0
2026-04-30 10:50:00,153.4293,153.5686,153.2703,153.3697,168048.0
2026-04-30 10:55:00,153.3697,153.469,153.1908,153.4495,159352.0
2026-04-30 11:00:00,153.479,154.0055,153.3895,153.9757,218936.0
2026-04-30 11:05:00,153.9956,154.0055,153.3796,153.3796,127745.0
2026-04-30 11:10:00,153.3499,153.7373,153.3499,153.6081,91361.0
2026-04-30 11:15:00,153.6032,153.7273,153.5237,153.633,78149.0
2026-04-30 11:20:00,153.623,153.9956,153.623,153.8566,110525.0
2026-04-30 11:25:00,153.8664,154.1148,153.8664,154.0751,106764.0
2026-04-30 11:30:00,154.085,154.3036,153.9956,154.2837,138431.0
2026-04-30 11:35:00,154.2937,154.5671,154.2837,154.4079,216168.0
2026-04-30 11:40:00,154.4228,154.5222,154.2042,154.2241,116315.0
2026-04-30 11:45:00,154.244,154.3036,154.0055,154.0055,84958.0
2026-04-30 11:50:00,154.0155,154.1248,153.936,153.9757,96707.0
2026-04-30 11:55:00,153.9757,154.0353,153.9259,154.0353,77504.0
2026-04-30 12:00:00,154.0353,154.4427,154.0255,154.2489,82266.0
2026-04-30 12:05:00,154.2539,154.2837,154.1248,154.2042,58034.0
2026-04-30 12:10:00,154.2142,154.232,154.0453,154.0751,58292.0
2026-04-30 12:15:00,154.085,154.2191,153.9758,154.1446,69441.0
2026-04-30 12:20:00,154.1248,154.2042,154.0751,154.2042,58200.0
2026-04-30 12:25:00,154.2142,154.3781,154.2142,154.3433,62755.0
2026-04-30 12:30:00,154.3433,154.4129,154.2937,154.388,105993.0
2026-04-30 12:35:00,154.4129,154.4576,154.2539,154.2937,157011.0
2026-04-30 12:40:00,154.274,154.2837,154.1546,154.2241,96862.0
2026-04-30 12:45:00,154.2191,154.2937,154.0552,154.0751,112820.0
2026-04-30 12:50:00,154.0949,154.2142,154.0155,154.2042,151125.0
2026-04-30 12:55:00,154.2042,154.3334,154.1844,154.3235,129647.0
2026-04-30 13:00:00,154.3036,154.3135,153.8466,153.8664,82240.0
2026-04-30 13:05:00,153.8515,153.9062,153.5684,153.5783,85480.0
2026-04-30 13:10:00,153.5386,153.5684,153.2405,153.2405,88449.0
2026-04-30 13:15:00,153.2505,153.5187,153.161,153.4641,79040.0
2026-04-30 13:20:00,153.4541,153.5286,153.3299,153.469,83556.0
2026-04-30 13:25:00,153.4641,153.5982,153.2793,153.2902,120992.0
2026-04-30 13:30:00,153.2803,153.2902,152.9822,153.1014,103514.0
2026-04-30 13:35:00,153.0915,153.2803,153.0021,153.2356,115710.0
2026-04-30 13:40:00,153.2405,153.2902,153.1213,153.1511,98884.0
2026-04-30 13:45:00,153.1412,153.2306,153.0518,153.1213,79396.0
2026-04-30 13:50:00,153.1312,153.171,152.9822,153.0219,544212.0
2026-04-30 13:55:00,153.0319,153.0766,152.8729,152.8878,93385.0
2026-04-30 14:00:00,152.863,152.8728,152.6345,152.6444,116757.0
2026-04-30 14:05:00,152.6543,152.8133,152.6047,152.8133,117268.0
2026-04-30 14:10:00,152.8232,153.0021,152.8232,152.9723,216728.0
2026-04-30 14:15:00,152.9822,153.0518,152.8829,152.9922,111653.0
2026-04-30 14:20:00,153.012,153.2107,152.9524,153.1908,144285.0
2026-04-30 14:25:00,153.1908,153.2902,153.1412,153.2604,127145.0
2026-04-30 14:30:00,153.2704,153.5883,153.2704,153.4641,138804.0
2026-04-30 14:35:00,153.469,153.5088,153.3498,153.4492,78245.0
2026-04-30 14:40:00,153.4541,153.6181,153.4293,153.4988,98345.0
2026-04-30 14:45:00,153.5088,153.6528,153.4591,153.6528,125009.0
2026-04-30 14:50:00,153.6479,153.6975,153.491,153.491,131188.0
2026-04-30 14:55:00,153.5088,153.6578,153.4541,153.638,119802.0
2026-04-30 15:00:00,153.6479,153.7572,153.479,153.479,134107.0
2026-04-30 15:05:00,153.4889,153.5336,153.3697,153.3796,85952.0
2026-04-30 15:10:00,153.4094,153.6081,153.3597,153.4889,110830.0
2026-04-30 15:15:00,153.479,153.6081,153.479,153.5122,107417.0
2026-04-30 15:20:00,153.5286,153.7174,153.4591,153.6876,152230.0
2026-04-30 15:25:00,153.6777,153.767,153.6181,153.7174,105213.0
2026-04-30 15:30:00,153.7174,154.0055,153.6976,154.0055,210045.0
2026-04-30 15:35:00,154.0155,154.1943,153.9211,154.1844,144091.0
2026-04-30 15:40:00,154.1893,154.2836,154.0453,154.1446,194610.0
2026-04-30 15:45:00,154.1397,154.3731,154.1347,154.2738,344566.0
2026-04-30 15:50:00,154.2937,154.6811,154.2837,154.5818,501610.0
2026-04-30 15:55:00,154.5917,154.6513,153.3895,153.3895,2007799.0
